person,block,condition,trial,attempt,id,item_class,x,y
6,prac2_conj,conj_grid,1,1,1,targ_class2,-303.0,-343.0
6,prac2_conj,conj_grid,1,1,2,targ_class2,-221.0,-341.0
6,prac2_conj,conj_grid,1,1,3,targ_class2,-113.0,-328.0
6,prac2_conj,conj_grid,1,1,4,dist_class2,-4.0,-310.0
6,prac2_conj,conj_grid,1,1,5,targ_class2,116.0,-309.0
6,prac2_conj,conj_grid,1,1,6,targ_class1,193.0,-315.0
6,prac2_conj,conj_grid,1,1,7,dist_class1,320.0,-344.0
6,prac2_conj,conj_grid,1,1,8,dist_class1,-306.0,-212.0
6,prac2_conj,conj_grid,1,1,9,targ_class2,-216.0,-229.0
6,prac2_conj,conj_grid,1,1,10,dist_class2,-88.0,-215.0
6,prac2_conj,conj_grid,1,1,11,dist_class2,30.0,-214.0
6,prac2_conj,conj_grid,1,1,12,targ_class2,128.0,-220.0
6,prac2_conj,conj_grid,1,1,13,dist_class2,214.0,-231.0
6,prac2_conj,conj_grid,1,1,14,targ_class1,324.0,-240.0
6,prac2_conj,conj_grid,1,1,15,dist_class1,-320.0,-98.0
6,prac2_conj,conj_grid,1,1,16,targ_class2,-216.0,-110.0
6,prac2_conj,conj_grid,1,1,17,targ_class1,-118.0,-107.0
6,prac2_conj,conj_grid,1,1,18,dist_class2,-2.0,-112.0
6,prac2_conj,conj_grid,1,1,19,dist_class1,104.0,-98.0
6,prac2_conj,conj_grid,1,1,20,targ_class2,213.0,-120.0
6,prac2_conj,conj_grid,1,1,21,targ_class1,329.0,-112.0
6,prac2_conj,conj_grid,1,1,22,dist_class2,-325.0,-0.0
6,prac2_conj,conj_grid,1,1,23,targ_class1,-241.0,18.0
6,prac2_conj,conj_grid,1,1,24,dist_class1,-105.0,-6.0
6,prac2_conj,conj_grid,1,1,25,dist_class1,-3.0,11.0
6,prac2_conj,conj_grid,1,1,26,targ_class2,108.0,5.0
6,prac2_conj,conj_grid,1,1,27,dist_class2,219.0,6.0
6,prac2_conj,conj_grid,1,1,28,dist_class1,328.0,2.0
6,prac2_conj,conj_grid,1,1,29,targ_class2,-322.0,104.0
6,prac2_conj,conj_grid,1,1,30,dist_class1,-235.0,119.0
6,prac2_conj,conj_grid,1,1,31,dist_class2,-98.0,127.0
6,prac2_conj,conj_grid,1,1,32,dist_class2,2.0,112.0
6,prac2_conj,conj_grid,1,1,33,dist_class2,94.0,112.0
6,prac2_conj,conj_grid,1,1,34,dist_class2,204.0,114.0
6,prac2_conj,conj_grid,1,1,35,targ_class1,317.0,104.0
6,prac2_conj,conj_grid,1,1,36,targ_class1,-317.0,224.0
6,prac2_conj,conj_grid,1,1,37,dist_class1,-213.0,224.0
6,prac2_conj,conj_grid,1,1,38,targ_class1,-108.0,207.0
6,prac2_conj,conj_grid,1,1,39,targ_class2,-19.0,227.0
6,prac2_conj,conj_grid,1,1,40,dist_class2,90.0,224.0
6,prac2_conj,conj_grid,1,1,41,targ_class1,215.0,202.0
6,prac2_conj,conj_grid,1,1,42,targ_class2,327.0,217.0
6,prac2_conj,conj_grid,1,1,43,targ_class1,-327.0,336.0
6,prac2_conj,conj_grid,1,1,44,dist_class1,-244.0,324.0
6,prac2_conj,conj_grid,1,1,45,dist_class1,-102.0,319.0
6,prac2_conj,conj_grid,1,1,46,targ_class1,5.0,321.0
6,prac2_conj,conj_grid,1,1,47,dist_class1,90.0,328.0
6,prac2_conj,conj_grid,1,1,48,targ_class1,241.0,325.0
6,prac2_conj,conj_grid,1,1,49,dist_class2,325.0,311.0
6,prac2_conj,conj_grid,0,1,1,dist_class2,-326.0,-317.0
6,prac2_conj,conj_grid,0,1,2,targ_class1,-234.0,-330.0
6,prac2_conj,conj_grid,0,1,3,targ_class1,-106.0,-313.0
6,prac2_conj,conj_grid,0,1,4,dist_class1,-1.0,-320.0
6,prac2_conj,conj_grid,0,1,5,targ_class2,106.0,-308.0
6,prac2_conj,conj_grid,0,1,6,targ_class1,220.0,-320.0
6,prac2_conj,conj_grid,0,1,7,dist_class2,322.0,-311.0
6,prac2_conj,conj_grid,0,1,8,targ_class1,-317.0,-212.0
6,prac2_conj,conj_grid,0,1,9,dist_class1,-208.0,-230.0
6,prac2_conj,conj_grid,0,1,10,dist_class2,-124.0,-197.0
6,prac2_conj,conj_grid,0,1,11,targ_class2,7.0,-213.0
6,prac2_conj,conj_grid,0,1,12,targ_class2,117.0,-215.0
6,prac2_conj,conj_grid,0,1,13,targ_class2,217.0,-219.0
6,prac2_conj,conj_grid,0,1,14,dist_class2,322.0,-208.0
6,prac2_conj,conj_grid,0,1,15,targ_class1,-310.0,-114.0
6,prac2_conj,conj_grid,0,1,16,dist_class1,-207.0,-108.0
6,prac2_conj,conj_grid,0,1,17,dist_class2,-111.0,-107.0
6,prac2_conj,conj_grid,0,1,18,dist_class1,1.0,-109.0
6,prac2_conj,conj_grid,0,1,19,targ_class1,122.0,-99.0
6,prac2_conj,conj_grid,0,1,20,dist_class1,213.0,-113.0
6,prac2_conj,conj_grid,0,1,21,targ_class2,322.0,-121.0
6,prac2_conj,conj_grid,0,1,22,dist_class2,-327.0,19.0
6,prac2_conj,conj_grid,0,1,23,targ_class1,-227.0,10.0
6,prac2_conj,conj_grid,0,1,24,dist_class1,-104.0,10.0
6,prac2_conj,conj_grid,0,1,25,dist_class1,2.0,-8.0
6,prac2_conj,conj_grid,0,1,26,dist_class2,97.0,-14.0
6,prac2_conj,conj_grid,0,1,27,targ_class2,223.0,17.0
6,prac2_conj,conj_grid,0,1,28,targ_class2,329.0,4.0
6,prac2_conj,conj_grid,0,1,29,targ_class2,-322.0,115.0
6,prac2_conj,conj_grid,0,1,30,dist_class1,-219.0,114.0
6,prac2_conj,conj_grid,0,1,31,dist_class1,-90.0,109.0
6,prac2_conj,conj_grid,0,1,32,dist_class1,6.0,112.0
6,prac2_conj,conj_grid,0,1,33,dist_class1,109.0,110.0
6,prac2_conj,conj_grid,0,1,34,dist_class2,224.0,102.0
6,prac2_conj,conj_grid,0,1,35,targ_class1,318.0,110.0
6,prac2_conj,conj_grid,0,1,36,targ_class2,-336.0,194.0
6,prac2_conj,conj_grid,0,1,37,dist_class2,-219.0,211.0
6,prac2_conj,conj_grid,0,1,38,targ_class2,-99.0,215.0
6,prac2_conj,conj_grid,0,1,39,dist_class2,12.0,220.0
6,prac2_conj,conj_grid,0,1,40,dist_class2,110.0,197.0
6,prac2_conj,conj_grid,0,1,41,targ_class1,233.0,223.0
6,prac2_conj,conj_grid,0,1,42,targ_class1,322.0,214.0
6,prac2_conj,conj_grid,0,1,43,targ_class2,-328.0,332.0
6,prac2_conj,conj_grid,0,1,44,dist_class2,-208.0,310.0
6,prac2_conj,conj_grid,0,1,45,dist_class1,-114.0,322.0
6,prac2_conj,conj_grid,0,1,46,targ_class1,-3.0,323.0
6,prac2_conj,conj_grid,0,1,47,targ_class2,110.0,316.0
6,prac2_conj,conj_grid,0,1,48,dist_class2,224.0,322.0
6,prac2_conj,conj_grid,0,1,49,targ_class1,322.0,317.0
6,conjunction_blocks,conj_uni,0,1,1,dist_class2,-164.0,-177.0
6,conjunction_blocks,conj_uni,0,1,2,targ_class1,-219.0,-94.0
6,conjunction_blocks,conj_uni,0,1,3,targ_class2,255.0,292.0
6,conjunction_blocks,conj_uni,0,1,4,targ_class2,93.0,124.0
6,conjunction_blocks,conj_uni,0,1,5,dist_class1,-294.0,54.0
6,conjunction_blocks,conj_uni,0,1,6,targ_class2,-119.0,-142.0
6,conjunction_blocks,conj_uni,0,1,7,dist_class1,59.0,-38.0
6,conjunction_blocks,conj_uni,0,1,8,targ_class1,248.0,155.0
6,conjunction_blocks,conj_uni,0,1,9,dist_class2,-118.0,177.0
6,conjunction_blocks,conj_uni,0,1,10,dist_class2,-25.0,-16.0
6,conjunction_blocks,conj_uni,0,1,11,dist_class1,-292.0,-173.0
6,conjunction_blocks,conj_uni,0,1,12,dist_class2,105.0,28.0
6,conjunction_blocks,conj_uni,0,1,13,dist_class2,-179.0,87.0
6,conjunction_blocks,conj_uni,0,1,14,dist_class1,-238.0,49.0
6,conjunction_blocks,conj_uni,0,1,15,targ_class1,-342.0,191.0
6,conjunction_blocks,conj_uni,0,1,16,targ_class1,-61.0,237.0
6,conjunction_blocks,conj_uni,0,1,17,dist_class2,-54.0,158.0
6,conjunction_blocks,conj_uni,0,1,18,dist_class2,148.0,292.0
6,conjunction_blocks,conj_uni,0,1,19,dist_class2,269.0,-153.0
6,conjunction_blocks,conj_uni,0,1,20,targ_class1,-173.0,162.0
6,conjunction_blocks,conj_uni,0,1,21,targ_class2,316.0,-296.0
6,conjunction_blocks,conj_uni,0,1,22,dist_class2,-20.0,-296.0
6,conjunction_blocks,conj_uni,0,1,23,targ_class2,220.0,-305.0
6,conjunction_blocks,conj_uni,0,1,24,dist_class1,-226.0,120.0
6,conjunction_blocks,conj_uni,0,1,25,targ_class1,-348.0,41.0
6,conjunction_blocks,conj_uni,0,1,26,targ_class2,199.0,80.0
6,conjunction_blocks,conj_uni,0,1,27,dist_class1,291.0,120.0
6,conjunction_blocks,conj_uni,0,1,28,targ_class2,79.0,-91.0
6,conjunction_blocks,conj_uni,0,1,29,targ_class1,308.0,313.0
6,conjunction_blocks,conj_uni,0,1,30,dist_class1,22.0,250.0
6,conjunction_blocks,conj_uni,0,1,31,targ_class1,241.0,-59.0
6,conjunction_blocks,conj_uni,0,1,32,dist_class1,340.0,-196.0
6,conjunction_blocks,conj_uni,0,1,33,targ_class2,-213.0,216.0
6,conjunction_blocks,conj_uni,0,1,34,targ_class1,-136.0,280.0
6,conjunction_blocks,conj_uni,0,1,35,dist_class1,259.0,-209.0
6,conjunction_blocks,conj_uni,0,1,36,dist_class2,-268.0,-122.0
6,conjunction_blocks,conj_uni,0,1,37,dist_class2,37.0,131.0
6,conjunction_blocks,conj_uni,0,1,38,targ_class2,-4.0,53.0
6,conjunction_blocks,conj_uni,0,1,39,dist_class2,67.0,-181.0
6,conjunction_blocks,conj_uni,0,1,40,targ_class2,287.0,64.0
6,conjunction_blocks,conj_uni,0,1,41,targ_class2,-95.0,332.0
6,conjunction_blocks,conj_uni,0,1,42,targ_class2,-294.0,223.0
6,conjunction_blocks,conj_uni,0,1,43,dist_class1,135.0,-99.0
6,conjunction_blocks,conj_uni,0,1,44,dist_class2,-14.0,109.0
6,conjunction_blocks,conj_uni,0,1,45,targ_class1,-271.0,-31.0
6,conjunction_blocks,conj_uni,0,1,46,dist_class1,-352.0,261.0
6,conjunction_blocks,conj_uni,0,1,47,dist_class1,-82.0,109.0
6,conjunction_blocks,conj_uni,0,1,48,targ_class1,9.0,-61.0
6,conjunction_blocks,conj_uni,0,1,49,targ_class1,176.0,-342.0
6,conjunction_blocks,conj_uni,2,1,1,dist_class2,287.0,60.0
6,conjunction_blocks,conj_uni,2,1,2,targ_class1,-50.0,-77.0
6,conjunction_blocks,conj_uni,2,1,3,dist_class2,-356.0,261.0
6,conjunction_blocks,conj_uni,2,1,4,dist_class1,291.0,251.0
6,conjunction_blocks,conj_uni,2,1,5,targ_class2,-165.0,230.0
6,conjunction_blocks,conj_uni,2,1,6,targ_class2,-163.0,285.0
6,conjunction_blocks,conj_uni,2,1,7,dist_class1,-93.0,263.0
6,conjunction_blocks,conj_uni,2,1,8,dist_class2,-263.0,-201.0
6,conjunction_blocks,conj_uni,2,1,9,dist_class2,40.0,-193.0
6,conjunction_blocks,conj_uni,2,1,10,targ_class2,-329.0,-162.0
6,conjunction_blocks,conj_uni,2,1,11,dist_class1,59.0,-69.0
6,conjunction_blocks,conj_uni,2,1,12,dist_class2,156.0,8.0
6,conjunction_blocks,conj_uni,2,1,13,dist_class2,182.0,358.0
6,conjunction_blocks,conj_uni,2,1,14,dist_class1,-141.0,-129.0
6,conjunction_blocks,conj_uni,2,1,15,dist_class1,-236.0,-18.0
6,conjunction_blocks,conj_uni,2,1,16,targ_class2,90.0,-270.0
6,conjunction_blocks,conj_uni,2,1,17,targ_class2,262.0,-99.0
6,conjunction_blocks,conj_uni,2,1,18,targ_class1,183.0,-250.0
6,conjunction_blocks,conj_uni,2,1,19,dist_class2,162.0,-185.0
6,conjunction_blocks,conj_uni,2,1,20,dist_class1,99.0,-107.0
6,conjunction_blocks,conj_uni,2,1,21,dist_class2,-127.0,-184.0
6,conjunction_blocks,conj_uni,2,1,22,targ_class2,143.0,-290.0
6,conjunction_blocks,conj_uni,2,1,23,targ_class1,-166.0,-29.0
6,conjunction_blocks,conj_uni,2,1,24,dist_class2,346.0,-121.0
6,conjunction_blocks,conj_uni,2,1,25,targ_class2,314.0,-168.0
6,conjunction_blocks,conj_uni,2,1,26,targ_class2,-346.0,-251.0
6,conjunction_blocks,conj_uni,2,1,27,targ_class1,129.0,-231.0
6,conjunction_blocks,conj_uni,2,1,28,dist_class1,-139.0,336.0
6,conjunction_blocks,conj_uni,2,1,29,targ_class1,316.0,-307.0
6,conjunction_blocks,conj_uni,2,1,30,dist_class1,-87.0,-32.0
6,conjunction_blocks,conj_uni,2,1,31,targ_class2,-67.0,337.0
6,conjunction_blocks,conj_uni,2,1,32,targ_class1,-219.0,-348.0
6,conjunction_blocks,conj_uni,2,1,33,dist_class2,87.0,-162.0
6,conjunction_blocks,conj_uni,2,1,34,targ_class1,215.0,-204.0
6,conjunction_blocks,conj_uni,2,1,35,dist_class2,3.0,-60.0
6,conjunction_blocks,conj_uni,2,1,36,targ_class1,-3.0,26.0
6,conjunction_blocks,conj_uni,2,1,37,targ_class1,-79.0,185.0
6,conjunction_blocks,conj_uni,2,1,38,dist_class2,-34.0,-246.0
6,conjunction_blocks,conj_uni,2,1,39,dist_class2,213.0,165.0
6,conjunction_blocks,conj_uni,2,1,40,targ_class2,118.0,-349.0
6,conjunction_blocks,conj_uni,2,1,41,targ_class1,-335.0,121.0
6,conjunction_blocks,conj_uni,2,1,42,targ_class1,-310.0,-332.0
6,conjunction_blocks,conj_uni,2,1,43,targ_class1,84.0,205.0
6,conjunction_blocks,conj_uni,2,1,44,targ_class2,-119.0,-348.0
6,conjunction_blocks,conj_uni,2,1,45,dist_class1,-94.0,110.0
6,conjunction_blocks,conj_uni,2,1,46,dist_class1,84.0,111.0
6,conjunction_blocks,conj_uni,2,1,47,targ_class2,-58.0,-132.0
6,conjunction_blocks,conj_uni,2,1,48,dist_class1,-316.0,27.0
6,conjunction_blocks,conj_uni,2,1,49,dist_class1,-341.0,318.0
6,conjunction_blocks,conj_uni,4,1,1,dist_class2,281.0,277.0
6,conjunction_blocks,conj_uni,4,1,2,dist_class2,127.0,227.0
6,conjunction_blocks,conj_uni,4,1,3,dist_class2,-251.0,-349.0
6,conjunction_blocks,conj_uni,4,1,4,targ_class1,186.0,-61.0
6,conjunction_blocks,conj_uni,4,1,5,targ_class2,300.0,-115.0
6,conjunction_blocks,conj_uni,4,1,6,targ_class2,128.0,-263.0
6,conjunction_blocks,conj_uni,4,1,7,dist_class2,-210.0,25.0
6,conjunction_blocks,conj_uni,4,1,8,dist_class2,45.0,-140.0
6,conjunction_blocks,conj_uni,4,1,9,dist_class1,-350.0,6.0
6,conjunction_blocks,conj_uni,4,1,10,dist_class2,50.0,-84.0
6,conjunction_blocks,conj_uni,4,1,11,targ_class1,-156.0,12.0
6,conjunction_blocks,conj_uni,4,1,12,targ_class1,197.0,-115.0
6,conjunction_blocks,conj_uni,4,1,13,targ_class2,-135.0,64.0
6,conjunction_blocks,conj_uni,4,1,14,targ_class1,71.0,224.0
6,conjunction_blocks,conj_uni,4,1,15,dist_class1,-57.0,-296.0
6,conjunction_blocks,conj_uni,4,1,16,dist_class1,-297.0,238.0
6,conjunction_blocks,conj_uni,4,1,17,dist_class1,84.0,-318.0
6,conjunction_blocks,conj_uni,4,1,18,targ_class2,-337.0,282.0
6,conjunction_blocks,conj_uni,4,1,19,targ_class1,218.0,-15.0
6,conjunction_blocks,conj_uni,4,1,20,dist_class2,36.0,278.0
6,conjunction_blocks,conj_uni,4,1,21,dist_class1,-282.0,-141.0
6,conjunction_blocks,conj_uni,4,1,22,dist_class1,125.0,31.0
6,conjunction_blocks,conj_uni,4,1,23,targ_class1,292.0,-172.0
6,conjunction_blocks,conj_uni,4,1,24,dist_class1,92.0,-29.0
6,conjunction_blocks,conj_uni,4,1,25,dist_class1,241.0,35.0
6,conjunction_blocks,conj_uni,4,1,26,dist_class2,-86.0,193.0
6,conjunction_blocks,conj_uni,4,1,27,targ_class2,117.0,86.0
6,conjunction_blocks,conj_uni,4,1,28,dist_class1,-222.0,-36.0
6,conjunction_blocks,conj_uni,4,1,29,targ_class1,-23.0,-31.0
6,conjunction_blocks,conj_uni,4,1,30,targ_class1,51.0,73.0
6,conjunction_blocks,conj_uni,4,1,31,dist_class2,22.0,121.0
6,conjunction_blocks,conj_uni,4,1,32,dist_class1,316.0,-357.0
6,conjunction_blocks,conj_uni,4,1,33,dist_class1,-342.0,-249.0
6,conjunction_blocks,conj_uni,4,1,34,targ_class1,-267.0,32.0
6,conjunction_blocks,conj_uni,4,1,35,targ_class1,-102.0,-338.0
6,conjunction_blocks,conj_uni,4,1,36,targ_class2,-270.0,-246.0
6,conjunction_blocks,conj_uni,4,1,37,dist_class2,69.0,21.0
6,conjunction_blocks,conj_uni,4,1,38,targ_class2,147.0,-20.0
6,conjunction_blocks,conj_uni,4,1,39,dist_class2,-277.0,-24.0
6,conjunction_blocks,conj_uni,4,1,40,dist_class2,249.0,-137.0
6,conjunction_blocks,conj_uni,4,1,41,targ_class2,243.0,235.0
6,conjunction_blocks,conj_uni,4,1,42,targ_class2,-183.0,194.0
6,conjunction_blocks,conj_uni,4,1,43,targ_class2,-196.0,-321.0
6,conjunction_blocks,conj_uni,4,1,44,targ_class1,352.0,151.0
6,conjunction_blocks,conj_uni,4,1,45,targ_class1,-124.0,118.0
6,conjunction_blocks,conj_uni,4,1,46,dist_class1,230.0,357.0
6,conjunction_blocks,conj_uni,4,1,47,dist_class2,-355.0,228.0
6,conjunction_blocks,conj_uni,4,1,48,targ_class2,-335.0,62.0
6,conjunction_blocks,conj_uni,4,1,49,targ_class2,65.0,168.0
6,conjunction_blocks,conj_rot,1,1,1,dist_class2,-5.0,-457.0
6,conjunction_blocks,conj_rot,1,1,2,dist_class1,74.0,-396.0
6,conjunction_blocks,conj_rot,1,1,3,dist_class1,145.0,-301.0
6,conjunction_blocks,conj_rot,1,1,4,dist_class1,229.0,-249.0
6,conjunction_blocks,conj_rot,1,1,5,targ_class1,318.0,-131.0
6,conjunction_blocks,conj_rot,1,1,6,dist_class2,375.0,-75.0
6,conjunction_blocks,conj_rot,1,1,7,dist_class1,454.0,-0.0
6,conjunction_blocks,conj_rot,1,1,8,targ_class1,-74.0,-389.0
6,conjunction_blocks,conj_rot,1,1,9,targ_class1,32.0,-310.0
6,conjunction_blocks,conj_rot,1,1,10,dist_class2,93.0,-210.0
6,conjunction_blocks,conj_rot,1,1,11,dist_class2,155.0,-140.0
6,conjunction_blocks,conj_rot,1,1,12,targ_class1,214.0,-80.0
6,conjunction_blocks,conj_rot,1,1,13,dist_class1,309.0,9.0
6,conjunction_blocks,conj_rot,1,1,14,targ_class1,396.0,88.0
6,conjunction_blocks,conj_rot,1,1,15,targ_class1,-152.0,-293.0
6,conjunction_blocks,conj_rot,1,1,16,dist_class2,-66.0,-219.0
6,conjunction_blocks,conj_rot,1,1,17,targ_class2,-8.0,-155.0
6,conjunction_blocks,conj_rot,1,1,18,targ_class2,82.0,-91.0
6,conjunction_blocks,conj_rot,1,1,19,dist_class1,144.0,3.0
6,conjunction_blocks,conj_rot,1,1,20,targ_class1,228.0,70.0
6,conjunction_blocks,conj_rot,1,1,21,targ_class2,314.0,151.0
6,conjunction_blocks,conj_rot,1,1,22,targ_class2,-220.0,-227.0
6,conjunction_blocks,conj_rot,1,1,23,dist_class2,-152.0,-159.0
6,conjunction_blocks,conj_rot,1,1,24,dist_class1,-50.0,-85.0
6,conjunction_blocks,conj_rot,1,1,25,targ_class2,-10.0,-17.0
6,conjunction_blocks,conj_rot,1,1,26,targ_class2,83.0,77.0
6,conjunction_blocks,conj_rot,1,1,27,targ_class2,155.0,142.0
6,conjunction_blocks,conj_rot,1,1,28,targ_class2,242.0,202.0
6,conjunction_blocks,conj_rot,1,1,29,dist_class1,-302.0,-169.0
6,conjunction_blocks,conj_rot,1,1,30,targ_class1,-231.0,-76.0
6,conjunction_blocks,conj_rot,1,1,31,dist_class2,-153.0,-11.0
6,conjunction_blocks,conj_rot,1,1,32,dist_class2,-88.0,72.0
6,conjunction_blocks,conj_rot,1,1,33,dist_class2,-12.0,160.0
6,conjunction_blocks,conj_rot,1,1,34,dist_class1,62.0,242.0
6,conjunction_blocks,conj_rot,1,1,35,dist_class1,168.0,309.0
6,conjunction_blocks,conj_rot,1,1,36,targ_class1,-380.0,-88.0
6,conjunction_blocks,conj_rot,1,1,37,dist_class1,-303.0,3.0
6,conjunction_blocks,conj_rot,1,1,38,dist_class2,-235.0,79.0
6,conjunction_blocks,conj_rot,1,1,39,dist_class2,-161.0,166.0
6,conjunction_blocks,conj_rot,1,1,40,targ_class1,-83.0,226.0
6,conjunction_blocks,conj_rot,1,1,41,targ_class2,-8.0,313.0
6,conjunction_blocks,conj_rot,1,1,42,dist_class1,70.0,378.0
6,conjunction_blocks,conj_rot,1,1,43,dist_class2,-465.0,-7.0
6,conjunction_blocks,conj_rot,1,1,44,targ_class2,-363.0,71.0
6,conjunction_blocks,conj_rot,1,1,45,targ_class2,-296.0,150.0
6,conjunction_blocks,conj_rot,1,1,46,targ_class1,-215.0,220.0
6,conjunction_blocks,conj_rot,1,1,47,dist_class2,-139.0,320.0
6,conjunction_blocks,conj_rot,1,1,48,targ_class2,-98.0,380.0
6,conjunction_blocks,conj_rot,1,1,49,targ_class1,-6.0,461.0
6,conjunction_blocks,conj_grid,1,1,1,dist_class1,-340.0,-322.0
6,conjunction_blocks,conj_grid,1,1,2,dist_class1,-214.0,-327.0
6,conjunction_blocks,conj_grid,1,1,3,targ_class2,-110.0,-327.0
6,conjunction_blocks,conj_grid,1,1,4,targ_class2,7.0,-320.0
6,conjunction_blocks,conj_grid,1,1,5,targ_class2,125.0,-324.0
6,conjunction_blocks,conj_grid,1,1,6,targ_class2,213.0,-335.0
6,conjunction_blocks,conj_grid,1,1,7,targ_class2,308.0,-352.0
6,conjunction_blocks,conj_grid,1,1,8,targ_class2,-342.0,-211.0
6,conjunction_blocks,conj_grid,1,1,9,dist_class1,-201.0,-218.0
6,conjunction_blocks,conj_grid,1,1,10,dist_class1,-122.0,-225.0
6,conjunction_blocks,conj_grid,1,1,11,targ_class1,1.0,-224.0
6,conjunction_blocks,conj_grid,1,1,12,dist_class2,117.0,-213.0
6,conjunction_blocks,conj_grid,1,1,13,dist_class1,213.0,-208.0
6,conjunction_blocks,conj_grid,1,1,14,targ_class2,331.0,-212.0
6,conjunction_blocks,conj_grid,1,1,15,dist_class1,-339.0,-96.0
6,conjunction_blocks,conj_grid,1,1,16,dist_class2,-203.0,-104.0
6,conjunction_blocks,conj_grid,1,1,17,targ_class2,-117.0,-120.0
6,conjunction_blocks,conj_grid,1,1,18,dist_class2,17.0,-119.0
6,conjunction_blocks,conj_grid,1,1,19,targ_class2,121.0,-92.0
6,conjunction_blocks,conj_grid,1,1,20,targ_class1,226.0,-111.0
6,conjunction_blocks,conj_grid,1,1,21,targ_class1,327.0,-115.0
6,conjunction_blocks,conj_grid,1,1,22,dist_class1,-325.0,-10.0
6,conjunction_blocks,conj_grid,1,1,23,dist_class1,-211.0,18.0
6,conjunction_blocks,conj_grid,1,1,24,dist_class2,-109.0,-2.0
6,conjunction_blocks,conj_grid,1,1,25,dist_class1,-2.0,16.0
6,conjunction_blocks,conj_grid,1,1,26,targ_class1,102.0,-1.0
6,conjunction_blocks,conj_grid,1,1,27,targ_class1,197.0,-3.0
6,conjunction_blocks,conj_grid,1,1,28,targ_class1,321.0,5.0
6,conjunction_blocks,conj_grid,1,1,29,dist_class2,-317.0,129.0
6,conjunction_blocks,conj_grid,1,1,30,dist_class2,-206.0,106.0
6,conjunction_blocks,conj_grid,1,1,31,dist_class2,-107.0,103.0
6,conjunction_blocks,conj_grid,1,1,32,dist_class2,12.0,95.0
6,conjunction_blocks,conj_grid,1,1,33,targ_class1,85.0,107.0
6,conjunction_blocks,conj_grid,1,1,34,targ_class1,220.0,108.0
6,conjunction_blocks,conj_grid,1,1,35,dist_class1,336.0,116.0
6,conjunction_blocks,conj_grid,1,1,36,dist_class2,-319.0,223.0
6,conjunction_blocks,conj_grid,1,1,37,dist_class2,-211.0,212.0
6,conjunction_blocks,conj_grid,1,1,38,targ_class2,-102.0,230.0
6,conjunction_blocks,conj_grid,1,1,39,targ_class2,-3.0,223.0
6,conjunction_blocks,conj_grid,1,1,40,targ_class2,110.0,219.0
6,conjunction_blocks,conj_grid,1,1,41,targ_class1,202.0,217.0
6,conjunction_blocks,conj_grid,1,1,42,targ_class1,335.0,226.0
6,conjunction_blocks,conj_grid,1,1,43,dist_class1,-337.0,311.0
6,conjunction_blocks,conj_grid,1,1,44,dist_class2,-221.0,317.0
6,conjunction_blocks,conj_grid,1,1,45,targ_class1,-104.0,318.0
6,conjunction_blocks,conj_grid,1,1,46,dist_class1,13.0,330.0
6,conjunction_blocks,conj_grid,1,1,47,dist_class2,107.0,310.0
6,conjunction_blocks,conj_grid,1,1,48,targ_class1,208.0,311.0
6,conjunction_blocks,conj_grid,1,1,49,dist_class2,321.0,339.0
6,conjunction_blocks,conj_grid,3,1,1,dist_class1,-327.0,-328.0
6,conjunction_blocks,conj_grid,3,1,2,dist_class2,-225.0,-325.0
6,conjunction_blocks,conj_grid,3,1,3,targ_class1,-113.0,-333.0
6,conjunction_blocks,conj_grid,3,1,4,targ_class1,9.0,-313.0
6,conjunction_blocks,conj_grid,3,1,5,dist_class1,102.0,-325.0
6,conjunction_blocks,conj_grid,3,1,6,dist_class2,217.0,-328.0
6,conjunction_blocks,conj_grid,3,1,7,dist_class2,310.0,-332.0
6,conjunction_blocks,conj_grid,3,1,8,targ_class2,-313.0,-227.0
6,conjunction_blocks,conj_grid,3,1,9,dist_class2,-229.0,-225.0
6,conjunction_blocks,conj_grid,3,1,10,dist_class2,-117.0,-231.0
6,conjunction_blocks,conj_grid,3,1,11,targ_class2,12.0,-213.0
6,conjunction_blocks,conj_grid,3,1,12,dist_class1,108.0,-225.0
6,conjunction_blocks,conj_grid,3,1,13,dist_class2,202.0,-199.0
6,conjunction_blocks,conj_grid,3,1,14,dist_class2,312.0,-225.0
6,conjunction_blocks,conj_grid,3,1,15,dist_class2,-317.0,-104.0
6,conjunction_blocks,conj_grid,3,1,16,targ_class1,-203.0,-118.0
6,conjunction_blocks,conj_grid,3,1,17,dist_class1,-104.0,-120.0
6,conjunction_blocks,conj_grid,3,1,18,dist_class1,1.0,-119.0
6,conjunction_blocks,conj_grid,3,1,19,targ_class2,115.0,-106.0
6,conjunction_blocks,conj_grid,3,1,20,targ_class1,225.0,-128.0
6,conjunction_blocks,conj_grid,3,1,21,targ_class2,314.0,-85.0
6,conjunction_blocks,conj_grid,3,1,22,targ_class2,-315.0,3.0
6,conjunction_blocks,conj_grid,3,1,23,dist_class2,-201.0,4.0
6,conjunction_blocks,conj_grid,3,1,24,dist_class1,-102.0,-2.0
6,conjunction_blocks,conj_grid,3,1,25,dist_class2,-2.0,9.0
6,conjunction_blocks,conj_grid,3,1,26,dist_class1,88.0,-18.0
6,conjunction_blocks,conj_grid,3,1,27,targ_class2,221.0,-16.0
6,conjunction_blocks,conj_grid,3,1,28,targ_class1,316.0,1.0
6,conjunction_blocks,conj_grid,3,1,29,dist_class1,-330.0,113.0
6,conjunction_blocks,conj_grid,3,1,30,targ_class1,-223.0,106.0
6,conjunction_blocks,conj_grid,3,1,31,dist_class2,-103.0,119.0
6,conjunction_blocks,conj_grid,3,1,32,dist_class1,-6.0,123.0
6,conjunction_blocks,conj_grid,3,1,33,targ_class2,85.0,106.0
6,conjunction_blocks,conj_grid,3,1,34,targ_class2,229.0,127.0
6,conjunction_blocks,conj_grid,3,1,35,dist_class1,312.0,110.0
6,conjunction_blocks,conj_grid,3,1,36,targ_class2,-342.0,214.0
6,conjunction_blocks,conj_grid,3,1,37,targ_class1,-210.0,213.0
6,conjunction_blocks,conj_grid,3,1,38,dist_class1,-111.0,219.0
6,conjunction_blocks,conj_grid,3,1,39,targ_class1,6.0,215.0
6,conjunction_blocks,conj_grid,3,1,40,targ_class1,89.0,214.0
6,conjunction_blocks,conj_grid,3,1,41,dist_class2,220.0,213.0
6,conjunction_blocks,conj_grid,3,1,42,dist_class1,320.0,234.0
6,conjunction_blocks,conj_grid,3,1,43,targ_class1,-348.0,313.0
6,conjunction_blocks,conj_grid,3,1,44,targ_class1,-211.0,325.0
6,conjunction_blocks,conj_grid,3,1,45,targ_class1,-112.0,332.0
6,conjunction_blocks,conj_grid,3,1,46,dist_class2,10.0,316.0
6,conjunction_blocks,conj_grid,3,1,47,targ_class2,108.0,330.0
6,conjunction_blocks,conj_grid,3,1,48,targ_class2,207.0,324.0
6,conjunction_blocks,conj_grid,3,1,49,targ_class2,319.0,327.0
6,conjunction_blocks,conj_rot,3,1,1,targ_class2,-0.0,-454.0
6,conjunction_blocks,conj_rot,3,1,2,targ_class2,94.0,-374.0
6,conjunction_blocks,conj_rot,3,1,3,targ_class2,138.0,-313.0
6,conjunction_blocks,conj_rot,3,1,4,targ_class2,231.0,-211.0
6,conjunction_blocks,conj_rot,3,1,5,targ_class2,318.0,-159.0
6,conjunction_blocks,conj_rot,3,1,6,dist_class1,394.0,-81.0
6,conjunction_blocks,conj_rot,3,1,7,targ_class1,444.0,-13.0
6,conjunction_blocks,conj_rot,3,1,8,dist_class2,-90.0,-375.0
6,conjunction_blocks,conj_rot,3,1,9,targ_class1,-1.0,-307.0
6,conjunction_blocks,conj_rot,3,1,10,targ_class1,71.0,-246.0
6,conjunction_blocks,conj_rot,3,1,11,dist_class1,165.0,-168.0
6,conjunction_blocks,conj_rot,3,1,12,dist_class1,208.0,-78.0
6,conjunction_blocks,conj_rot,3,1,13,targ_class2,294.0,-13.0
6,conjunction_blocks,conj_rot,3,1,14,dist_class1,390.0,77.0
6,conjunction_blocks,conj_rot,3,1,15,targ_class1,-152.0,-304.0
6,conjunction_blocks,conj_rot,3,1,16,dist_class2,-80.0,-239.0
6,conjunction_blocks,conj_rot,3,1,17,targ_class1,15.0,-161.0
6,conjunction_blocks,conj_rot,3,1,18,targ_class1,75.0,-78.0
6,conjunction_blocks,conj_rot,3,1,19,targ_class1,144.0,2.0
6,conjunction_blocks,conj_rot,3,1,20,dist_class2,228.0,82.0
6,conjunction_blocks,conj_rot,3,1,21,dist_class1,308.0,160.0
6,conjunction_blocks,conj_rot,3,1,22,targ_class2,-230.0,-216.0
6,conjunction_blocks,conj_rot,3,1,23,targ_class2,-133.0,-152.0
6,conjunction_blocks,conj_rot,3,1,24,targ_class2,-78.0,-77.0
6,conjunction_blocks,conj_rot,3,1,25,dist_class2,-8.0,3.0
6,conjunction_blocks,conj_rot,3,1,26,dist_class2,74.0,82.0
6,conjunction_blocks,conj_rot,3,1,27,dist_class2,146.0,153.0
6,conjunction_blocks,conj_rot,3,1,28,dist_class2,227.0,233.0
6,conjunction_blocks,conj_rot,3,1,29,targ_class1,-303.0,-146.0
6,conjunction_blocks,conj_rot,3,1,30,dist_class1,-229.0,-80.0
6,conjunction_blocks,conj_rot,3,1,31,targ_class1,-153.0,-3.0
6,conjunction_blocks,conj_rot,3,1,32,dist_class2,-54.0,62.0
6,conjunction_blocks,conj_rot,3,1,33,targ_class2,6.0,148.0
6,conjunction_blocks,conj_rot,3,1,34,dist_class1,81.0,238.0
6,conjunction_blocks,conj_rot,3,1,35,dist_class2,151.0,303.0
6,conjunction_blocks,conj_rot,3,1,36,dist_class1,-385.0,-55.0
6,conjunction_blocks,conj_rot,3,1,37,dist_class2,-292.0,12.0
6,conjunction_blocks,conj_rot,3,1,38,targ_class1,-242.0,78.0
6,conjunction_blocks,conj_rot,3,1,39,dist_class2,-167.0,139.0
6,conjunction_blocks,conj_rot,3,1,40,dist_class1,-72.0,227.0
6,conjunction_blocks,conj_rot,3,1,41,targ_class2,4.0,316.0
6,conjunction_blocks,conj_rot,3,1,42,dist_class2,90.0,380.0
6,conjunction_blocks,conj_rot,3,1,43,targ_class1,-479.0,-3.0
6,conjunction_blocks,conj_rot,3,1,44,dist_class1,-378.0,90.0
6,conjunction_blocks,conj_rot,3,1,45,dist_class1,-313.0,152.0
6,conjunction_blocks,conj_rot,3,1,46,dist_class1,-220.0,232.0
6,conjunction_blocks,conj_rot,3,1,47,dist_class2,-165.0,313.0
6,conjunction_blocks,conj_rot,3,1,48,targ_class1,-81.0,385.0
6,conjunction_blocks,conj_rot,3,1,49,targ_class2,9.0,456.0
6,conjunction_blocks,conj_grid,4,1,1,targ_class1,-329.0,-313.0
6,conjunction_blocks,conj_grid,4,1,2,dist_class2,-206.0,-309.0
6,conjunction_blocks,conj_grid,4,1,3,dist_class1,-116.0,-341.0
6,conjunction_blocks,conj_grid,4,1,4,targ_class1,-7.0,-326.0
6,conjunction_blocks,conj_grid,4,1,5,targ_class2,105.0,-332.0
6,conjunction_blocks,conj_grid,4,1,6,dist_class1,213.0,-337.0
6,conjunction_blocks,conj_grid,4,1,7,dist_class1,319.0,-342.0
6,conjunction_blocks,conj_grid,4,1,8,dist_class1,-330.0,-204.0
6,conjunction_blocks,conj_grid,4,1,9,targ_class1,-228.0,-226.0
6,conjunction_blocks,conj_grid,4,1,10,dist_class1,-109.0,-218.0
6,conjunction_blocks,conj_grid,4,1,11,dist_class2,-1.0,-207.0
6,conjunction_blocks,conj_grid,4,1,12,dist_class2,96.0,-218.0
6,conjunction_blocks,conj_grid,4,1,13,dist_class2,224.0,-209.0
6,conjunction_blocks,conj_grid,4,1,14,targ_class2,326.0,-217.0
6,conjunction_blocks,conj_grid,4,1,15,targ_class2,-323.0,-125.0
6,conjunction_blocks,conj_grid,4,1,16,dist_class2,-214.0,-98.0
6,conjunction_blocks,conj_grid,4,1,17,targ_class2,-103.0,-111.0
6,conjunction_blocks,conj_grid,4,1,18,dist_class2,-15.0,-123.0
6,conjunction_blocks,conj_grid,4,1,19,targ_class2,110.0,-112.0
6,conjunction_blocks,conj_grid,4,1,20,targ_class1,207.0,-96.0
6,conjunction_blocks,conj_grid,4,1,21,targ_class2,320.0,-110.0
6,conjunction_blocks,conj_grid,4,1,22,dist_class2,-329.0,-1.0
6,conjunction_blocks,conj_grid,4,1,23,dist_class1,-206.0,-6.0
6,conjunction_blocks,conj_grid,4,1,24,dist_class2,-133.0,5.0
6,conjunction_blocks,conj_grid,4,1,25,targ_class1,4.0,19.0
6,conjunction_blocks,conj_grid,4,1,26,dist_class1,112.0,-21.0
6,conjunction_blocks,conj_grid,4,1,27,targ_class1,218.0,1.0
6,conjunction_blocks,conj_grid,4,1,28,targ_class2,338.0,0.0
6,conjunction_blocks,conj_grid,4,1,29,dist_class2,-327.0,113.0
6,conjunction_blocks,conj_grid,4,1,30,targ_class2,-215.0,106.0
6,conjunction_blocks,conj_grid,4,1,31,targ_class1,-105.0,110.0
6,conjunction_blocks,conj_grid,4,1,32,targ_class1,16.0,107.0
6,conjunction_blocks,conj_grid,4,1,33,dist_class1,114.0,105.0
6,conjunction_blocks,conj_grid,4,1,34,targ_class1,222.0,116.0
6,conjunction_blocks,conj_grid,4,1,35,targ_class1,326.0,97.0
6,conjunction_blocks,conj_grid,4,1,36,dist_class2,-322.0,205.0
6,conjunction_blocks,conj_grid,4,1,37,targ_class1,-223.0,221.0
6,conjunction_blocks,conj_grid,4,1,38,dist_class2,-89.0,215.0
6,conjunction_blocks,conj_grid,4,1,39,dist_class1,-10.0,213.0
6,conjunction_blocks,conj_grid,4,1,40,dist_class2,111.0,229.0
6,conjunction_blocks,conj_grid,4,1,41,dist_class2,207.0,217.0
6,conjunction_blocks,conj_grid,4,1,42,dist_class1,314.0,226.0
6,conjunction_blocks,conj_grid,4,1,43,dist_class1,-327.0,338.0
6,conjunction_blocks,conj_grid,4,1,44,targ_class2,-218.0,318.0
6,conjunction_blocks,conj_grid,4,1,45,targ_class2,-112.0,323.0
6,conjunction_blocks,conj_grid,4,1,46,targ_class2,22.0,329.0
6,conjunction_blocks,conj_grid,4,1,47,targ_class1,97.0,325.0
6,conjunction_blocks,conj_grid,4,1,48,targ_class2,240.0,325.0
6,conjunction_blocks,conj_grid,4,1,49,dist_class1,325.0,331.0
6,conjunction_blocks,conj_rot,0,1,1,targ_class2,-12.0,-467.0
6,conjunction_blocks,conj_rot,0,1,2,dist_class2,66.0,-371.0
6,conjunction_blocks,conj_rot,0,1,3,dist_class1,154.0,-292.0
6,conjunction_blocks,conj_rot,0,1,4,targ_class1,221.0,-237.0
6,conjunction_blocks,conj_rot,0,1,5,dist_class2,317.0,-142.0
6,conjunction_blocks,conj_rot,0,1,6,targ_class2,359.0,-74.0
6,conjunction_blocks,conj_rot,0,1,7,targ_class1,459.0,-10.0
6,conjunction_blocks,conj_rot,0,1,8,targ_class1,-89.0,-372.0
6,conjunction_blocks,conj_rot,0,1,9,dist_class1,-16.0,-301.0
6,conjunction_blocks,conj_rot,0,1,10,dist_class2,71.0,-253.0
6,conjunction_blocks,conj_rot,0,1,11,dist_class2,172.0,-169.0
6,conjunction_blocks,conj_rot,0,1,12,dist_class1,225.0,-55.0
6,conjunction_blocks,conj_rot,0,1,13,dist_class1,307.0,4.0
6,conjunction_blocks,conj_rot,0,1,14,targ_class2,377.0,74.0
6,conjunction_blocks,conj_rot,0,1,15,dist_class1,-153.0,-319.0
6,conjunction_blocks,conj_rot,0,1,16,targ_class2,-62.0,-216.0
6,conjunction_blocks,conj_rot,0,1,17,dist_class1,-1.0,-162.0
6,conjunction_blocks,conj_rot,0,1,18,dist_class2,91.0,-78.0
6,conjunction_blocks,conj_rot,0,1,19,dist_class2,158.0,-16.0
6,conjunction_blocks,conj_rot,0,1,20,targ_class2,221.0,83.0
6,conjunction_blocks,conj_rot,0,1,21,targ_class1,305.0,152.0
6,conjunction_blocks,conj_rot,0,1,22,targ_class2,-246.0,-233.0
6,conjunction_blocks,conj_rot,0,1,23,dist_class2,-166.0,-146.0
6,conjunction_blocks,conj_rot,0,1,24,dist_class2,-75.0,-70.0
6,conjunction_blocks,conj_rot,0,1,25,targ_class1,24.0,2.0
6,conjunction_blocks,conj_rot,0,1,26,targ_class1,71.0,76.0
6,conjunction_blocks,conj_rot,0,1,27,dist_class2,158.0,153.0
6,conjunction_blocks,conj_rot,0,1,28,dist_class2,244.0,220.0
6,conjunction_blocks,conj_rot,0,1,29,targ_class1,-303.0,-148.0
6,conjunction_blocks,conj_rot,0,1,30,targ_class2,-246.0,-76.0
6,conjunction_blocks,conj_rot,0,1,31,targ_class1,-152.0,-1.0
6,conjunction_blocks,conj_rot,0,1,32,dist_class1,-84.0,72.0
6,conjunction_blocks,conj_rot,0,1,33,dist_class1,10.0,149.0
6,conjunction_blocks,conj_rot,0,1,34,targ_class2,59.0,227.0
6,conjunction_blocks,conj_rot,0,1,35,targ_class2,168.0,303.0
6,conjunction_blocks,conj_rot,0,1,36,targ_class1,-361.0,-76.0
6,conjunction_blocks,conj_rot,0,1,37,dist_class1,-305.0,5.0
6,conjunction_blocks,conj_rot,0,1,38,dist_class2,-238.0,72.0
6,conjunction_blocks,conj_rot,0,1,39,targ_class2,-131.0,169.0
6,conjunction_blocks,conj_rot,0,1,40,dist_class1,-69.0,215.0
6,conjunction_blocks,conj_rot,0,1,41,dist_class1,3.0,321.0
6,conjunction_blocks,conj_rot,0,1,42,targ_class1,82.0,382.0
6,conjunction_blocks,conj_rot,0,1,43,targ_class2,-468.0,10.0
6,conjunction_blocks,conj_rot,0,1,44,dist_class1,-378.0,47.0
6,conjunction_blocks,conj_rot,0,1,45,targ_class1,-307.0,168.0
6,conjunction_blocks,conj_rot,0,1,46,dist_class2,-227.0,240.0
6,conjunction_blocks,conj_rot,0,1,47,dist_class2,-151.0,312.0
6,conjunction_blocks,conj_rot,0,1,48,targ_class1,-68.0,376.0
6,conjunction_blocks,conj_rot,0,1,49,targ_class2,-0.0,449.0
6,conjunction_blocks,conj_rot,2,1,1,dist_class2,-5.0,-477.0
6,conjunction_blocks,conj_rot,2,1,2,dist_class2,57.0,-403.0
6,conjunction_blocks,conj_rot,2,1,3,targ_class1,145.0,-306.0
6,conjunction_blocks,conj_rot,2,1,4,targ_class2,219.0,-227.0
6,conjunction_blocks,conj_rot,2,1,5,dist_class1,308.0,-152.0
6,conjunction_blocks,conj_rot,2,1,6,dist_class1,382.0,-70.0
6,conjunction_blocks,conj_rot,2,1,7,dist_class2,454.0,8.0
6,conjunction_blocks,conj_rot,2,1,8,targ_class1,-63.0,-385.0
6,conjunction_blocks,conj_rot,2,1,9,dist_class2,11.0,-320.0
6,conjunction_blocks,conj_rot,2,1,10,targ_class2,64.0,-261.0
6,conjunction_blocks,conj_rot,2,1,11,dist_class2,168.0,-136.0
6,conjunction_blocks,conj_rot,2,1,12,dist_class1,238.0,-68.0
6,conjunction_blocks,conj_rot,2,1,13,dist_class2,300.0,-13.0
6,conjunction_blocks,conj_rot,2,1,14,targ_class2,359.0,57.0
6,conjunction_blocks,conj_rot,2,1,15,targ_class1,-159.0,-307.0
6,conjunction_blocks,conj_rot,2,1,16,targ_class2,-64.0,-224.0
6,conjunction_blocks,conj_rot,2,1,17,targ_class2,-11.0,-165.0
6,conjunction_blocks,conj_rot,2,1,18,targ_class1,77.0,-90.0
6,conjunction_blocks,conj_rot,2,1,19,targ_class2,146.0,-11.0
6,conjunction_blocks,conj_rot,2,1,20,dist_class2,234.0,66.0
6,conjunction_blocks,conj_rot,2,1,21,dist_class2,311.0,132.0
6,conjunction_blocks,conj_rot,2,1,22,dist_class2,-216.0,-231.0
6,conjunction_blocks,conj_rot,2,1,23,targ_class2,-154.0,-152.0
6,conjunction_blocks,conj_rot,2,1,24,targ_class1,-62.0,-106.0
6,conjunction_blocks,conj_rot,2,1,25,dist_class1,5.0,0.0
6,conjunction_blocks,conj_rot,2,1,26,targ_class1,84.0,84.0
6,conjunction_blocks,conj_rot,2,1,27,dist_class1,152.0,174.0
6,conjunction_blocks,conj_rot,2,1,28,dist_class2,219.0,234.0
6,conjunction_blocks,conj_rot,2,1,29,dist_class1,-306.0,-150.0
6,conjunction_blocks,conj_rot,2,1,30,targ_class1,-229.0,-66.0
6,conjunction_blocks,conj_rot,2,1,31,targ_class1,-159.0,3.0
6,conjunction_blocks,conj_rot,2,1,32,targ_class2,-69.0,77.0
6,conjunction_blocks,conj_rot,2,1,33,dist_class1,14.0,151.0
6,conjunction_blocks,conj_rot,2,1,34,dist_class2,72.0,227.0
6,conjunction_blocks,conj_rot,2,1,35,targ_class2,165.0,314.0
6,conjunction_blocks,conj_rot,2,1,36,dist_class1,-385.0,-80.0
6,conjunction_blocks,conj_rot,2,1,37,dist_class2,-308.0,-16.0
6,conjunction_blocks,conj_rot,2,1,38,dist_class1,-216.0,79.0
6,conjunction_blocks,conj_rot,2,1,39,dist_class1,-151.0,155.0
6,conjunction_blocks,conj_rot,2,1,40,targ_class1,-76.0,243.0
6,conjunction_blocks,conj_rot,2,1,41,targ_class1,-1.0,323.0
6,conjunction_blocks,conj_rot,2,1,42,targ_class2,74.0,387.0
6,conjunction_blocks,conj_rot,2,1,43,dist_class1,-449.0,-23.0
6,conjunction_blocks,conj_rot,2,1,44,targ_class2,-386.0,103.0
6,conjunction_blocks,conj_rot,2,1,45,dist_class1,-302.0,165.0
6,conjunction_blocks,conj_rot,2,1,46,targ_class1,-232.0,237.0
6,conjunction_blocks,conj_rot,2,1,47,dist_class2,-149.0,319.0
6,conjunction_blocks,conj_rot,2,1,48,targ_class1,-63.0,385.0
6,conjunction_blocks,conj_rot,2,1,49,targ_class2,-18.0,451.0
6,conjunction_blocks,conj_rot,2,2,1,dist_class1,-9.0,-458.0
6,conjunction_blocks,conj_rot,2,2,2,targ_class2,80.0,-391.0
6,conjunction_blocks,conj_rot,2,2,3,dist_class2,156.0,-301.0
6,conjunction_blocks,conj_rot,2,2,4,dist_class1,223.0,-218.0
6,conjunction_blocks,conj_rot,2,2,5,dist_class1,323.0,-152.0
6,conjunction_blocks,conj_rot,2,2,6,dist_class1,386.0,-78.0
6,conjunction_blocks,conj_rot,2,2,7,targ_class1,460.0,-13.0
6,conjunction_blocks,conj_rot,2,2,8,dist_class2,-78.0,-369.0
6,conjunction_blocks,conj_rot,2,2,9,dist_class1,2.0,-305.0
6,conjunction_blocks,conj_rot,2,2,10,targ_class1,78.0,-227.0
6,conjunction_blocks,conj_rot,2,2,11,targ_class1,172.0,-150.0
6,conjunction_blocks,conj_rot,2,2,12,dist_class2,223.0,-76.0
6,conjunction_blocks,conj_rot,2,2,13,targ_class2,311.0,-15.0
6,conjunction_blocks,conj_rot,2,2,14,targ_class2,367.0,91.0
6,conjunction_blocks,conj_rot,2,2,15,dist_class2,-162.0,-310.0
6,conjunction_blocks,conj_rot,2,2,16,dist_class2,-57.0,-245.0
6,conjunction_blocks,conj_rot,2,2,17,dist_class1,-2.0,-144.0
6,conjunction_blocks,conj_rot,2,2,18,dist_class1,58.0,-85.0
6,conjunction_blocks,conj_rot,2,2,19,dist_class2,163.0,1.0
6,conjunction_blocks,conj_rot,2,2,20,dist_class2,221.0,78.0
6,conjunction_blocks,conj_rot,2,2,21,targ_class2,297.0,154.0
6,conjunction_blocks,conj_rot,2,2,22,dist_class2,-217.0,-196.0
6,conjunction_blocks,conj_rot,2,2,23,targ_class1,-158.0,-147.0
6,conjunction_blocks,conj_rot,2,2,24,dist_class1,-69.0,-69.0
6,conjunction_blocks,conj_rot,2,2,25,targ_class1,6.0,7.0
6,conjunction_blocks,conj_rot,2,2,26,dist_class1,76.0,83.0
6,conjunction_blocks,conj_rot,2,2,27,targ_class1,135.0,147.0
6,conjunction_blocks,conj_rot,2,2,28,dist_class1,246.0,232.0
6,conjunction_blocks,conj_rot,2,2,29,targ_class2,-316.0,-161.0
6,conjunction_blocks,conj_rot,2,2,30,targ_class1,-241.0,-92.0
6,conjunction_blocks,conj_rot,2,2,31,dist_class2,-136.0,6.0
6,conjunction_blocks,conj_rot,2,2,32,dist_class2,-84.0,90.0
6,conjunction_blocks,conj_rot,2,2,33,dist_class2,2.0,163.0
6,conjunction_blocks,conj_rot,2,2,34,dist_class1,81.0,237.0
6,conjunction_blocks,conj_rot,2,2,35,targ_class1,149.0,327.0
6,conjunction_blocks,conj_rot,2,2,36,targ_class2,-373.0,-70.0
6,conjunction_blocks,conj_rot,2,2,37,targ_class2,-314.0,2.0
6,conjunction_blocks,conj_rot,2,2,38,targ_class2,-228.0,77.0
6,conjunction_blocks,conj_rot,2,2,39,targ_class2,-171.0,165.0
6,conjunction_blocks,conj_rot,2,2,40,dist_class2,-75.0,231.0
6,conjunction_blocks,conj_rot,2,2,41,targ_class1,9.0,299.0
6,conjunction_blocks,conj_rot,2,2,42,targ_class2,94.0,387.0
6,conjunction_blocks,conj_rot,2,2,43,dist_class1,-450.0,-7.0
6,conjunction_blocks,conj_rot,2,2,44,targ_class1,-374.0,79.0
6,conjunction_blocks,conj_rot,2,2,45,targ_class1,-287.0,165.0
6,conjunction_blocks,conj_rot,2,2,46,targ_class2,-226.0,249.0
6,conjunction_blocks,conj_rot,2,2,47,dist_class2,-157.0,316.0
6,conjunction_blocks,conj_rot,2,2,48,targ_class1,-78.0,386.0
6,conjunction_blocks,conj_rot,2,2,49,targ_class2,-14.0,455.0
6,conjunction_blocks,conj_grid,0,1,1,dist_class1,-352.0,-333.0
6,conjunction_blocks,conj_grid,0,1,2,targ_class2,-218.0,-323.0
6,conjunction_blocks,conj_grid,0,1,3,targ_class1,-111.0,-320.0
6,conjunction_blocks,conj_grid,0,1,4,targ_class1,2.0,-327.0
6,conjunction_blocks,conj_grid,0,1,5,dist_class2,112.0,-321.0
6,conjunction_blocks,conj_grid,0,1,6,dist_class2,241.0,-338.0
6,conjunction_blocks,conj_grid,0,1,7,dist_class2,324.0,-327.0
6,conjunction_blocks,conj_grid,0,1,8,targ_class1,-333.0,-212.0
6,conjunction_blocks,conj_grid,0,1,9,targ_class2,-214.0,-216.0
6,conjunction_blocks,conj_grid,0,1,10,dist_class1,-102.0,-195.0
6,conjunction_blocks,conj_grid,0,1,11,dist_class2,-4.0,-220.0
6,conjunction_blocks,conj_grid,0,1,12,targ_class2,106.0,-203.0
6,conjunction_blocks,conj_grid,0,1,13,targ_class2,200.0,-215.0
6,conjunction_blocks,conj_grid,0,1,14,targ_class2,309.0,-227.0
6,conjunction_blocks,conj_grid,0,1,15,targ_class1,-311.0,-103.0
6,conjunction_blocks,conj_grid,0,1,16,targ_class1,-215.0,-107.0
6,conjunction_blocks,conj_grid,0,1,17,dist_class2,-106.0,-108.0
6,conjunction_blocks,conj_grid,0,1,18,dist_class2,2.0,-107.0
6,conjunction_blocks,conj_grid,0,1,19,dist_class2,108.0,-125.0
6,conjunction_blocks,conj_grid,0,1,20,dist_class2,220.0,-115.0
6,conjunction_blocks,conj_grid,0,1,21,targ_class2,320.0,-121.0
6,conjunction_blocks,conj_grid,0,1,22,targ_class2,-322.0,10.0
6,conjunction_blocks,conj_grid,0,1,23,targ_class1,-209.0,-3.0
6,conjunction_blocks,conj_grid,0,1,24,dist_class1,-110.0,11.0
6,conjunction_blocks,conj_grid,0,1,25,dist_class1,4.0,8.0
6,conjunction_blocks,conj_grid,0,1,26,targ_class1,109.0,-17.0
6,conjunction_blocks,conj_grid,0,1,27,targ_class2,249.0,7.0
6,conjunction_blocks,conj_grid,0,1,28,dist_class2,328.0,3.0
6,conjunction_blocks,conj_grid,0,1,29,targ_class1,-323.0,111.0
6,conjunction_blocks,conj_grid,0,1,30,dist_class1,-230.0,97.0
6,conjunction_blocks,conj_grid,0,1,31,targ_class1,-116.0,107.0
6,conjunction_blocks,conj_grid,0,1,32,targ_class1,3.0,96.0
6,conjunction_blocks,conj_grid,0,1,33,dist_class1,119.0,110.0
6,conjunction_blocks,conj_grid,0,1,34,dist_class2,225.0,99.0
6,conjunction_blocks,conj_grid,0,1,35,dist_class1,335.0,103.0
6,conjunction_blocks,conj_grid,0,1,36,dist_class1,-312.0,209.0
6,conjunction_blocks,conj_grid,0,1,37,targ_class2,-221.0,210.0
6,conjunction_blocks,conj_grid,0,1,38,dist_class1,-94.0,213.0
6,conjunction_blocks,conj_grid,0,1,39,targ_class2,7.0,216.0
6,conjunction_blocks,conj_grid,0,1,40,dist_class2,124.0,206.0
6,conjunction_blocks,conj_grid,0,1,41,dist_class2,224.0,208.0
6,conjunction_blocks,conj_grid,0,1,42,dist_class2,316.0,221.0
6,conjunction_blocks,conj_grid,0,1,43,dist_class1,-318.0,327.0
6,conjunction_blocks,conj_grid,0,1,44,targ_class2,-210.0,333.0
6,conjunction_blocks,conj_grid,0,1,45,targ_class1,-109.0,329.0
6,conjunction_blocks,conj_grid,0,1,46,targ_class2,13.0,326.0
6,conjunction_blocks,conj_grid,0,1,47,dist_class1,114.0,329.0
6,conjunction_blocks,conj_grid,0,1,48,dist_class1,209.0,320.0
6,conjunction_blocks,conj_grid,0,1,49,targ_class1,320.0,325.0
6,conjunction_blocks,conj_grid,2,1,1,dist_class2,-322.0,-312.0
6,conjunction_blocks,conj_grid,2,1,2,dist_class2,-230.0,-322.0
6,conjunction_blocks,conj_grid,2,1,3,targ_class1,-104.0,-320.0
6,conjunction_blocks,conj_grid,2,1,4,targ_class2,-1.0,-346.0
6,conjunction_blocks,conj_grid,2,1,5,targ_class2,131.0,-315.0
6,conjunction_blocks,conj_grid,2,1,6,targ_class2,229.0,-324.0
6,conjunction_blocks,conj_grid,2,1,7,targ_class2,324.0,-336.0
6,conjunction_blocks,conj_grid,2,1,8,dist_class2,-329.0,-214.0
6,conjunction_blocks,conj_grid,2,1,9,dist_class2,-205.0,-210.0
6,conjunction_blocks,conj_grid,2,1,10,dist_class2,-127.0,-233.0
6,conjunction_blocks,conj_grid,2,1,11,dist_class1,11.0,-200.0
6,conjunction_blocks,conj_grid,2,1,12,targ_class1,95.0,-204.0
6,conjunction_blocks,conj_grid,2,1,13,dist_class1,224.0,-226.0
6,conjunction_blocks,conj_grid,2,1,14,dist_class1,312.0,-225.0
6,conjunction_blocks,conj_grid,2,1,15,dist_class1,-314.0,-104.0
6,conjunction_blocks,conj_grid,2,1,16,dist_class2,-212.0,-101.0
6,conjunction_blocks,conj_grid,2,1,17,targ_class1,-126.0,-105.0
6,conjunction_blocks,conj_grid,2,1,18,dist_class1,1.0,-113.0
6,conjunction_blocks,conj_grid,2,1,19,targ_class1,112.0,-101.0
6,conjunction_blocks,conj_grid,2,1,20,dist_class2,220.0,-120.0
6,conjunction_blocks,conj_grid,2,1,21,dist_class1,311.0,-109.0
6,conjunction_blocks,conj_grid,2,1,22,dist_class2,-321.0,-12.0
6,conjunction_blocks,conj_grid,2,1,23,targ_class1,-201.0,9.0
6,conjunction_blocks,conj_grid,2,1,24,dist_class1,-125.0,-5.0
6,conjunction_blocks,conj_grid,2,1,25,dist_class1,-6.0,-10.0
6,conjunction_blocks,conj_grid,2,1,26,dist_class2,89.0,-4.0
6,conjunction_blocks,conj_grid,2,1,27,targ_class2,223.0,-5.0
6,conjunction_blocks,conj_grid,2,1,28,targ_class1,328.0,-15.0
6,conjunction_blocks,conj_grid,2,1,29,dist_class2,-323.0,117.0
6,conjunction_blocks,conj_grid,2,1,30,dist_class1,-214.0,102.0
6,conjunction_blocks,conj_grid,2,1,31,targ_class1,-116.0,118.0
6,conjunction_blocks,conj_grid,2,1,32,targ_class2,8.0,112.0
6,conjunction_blocks,conj_grid,2,1,33,targ_class2,109.0,114.0
6,conjunction_blocks,conj_grid,2,1,34,dist_class2,230.0,103.0
6,conjunction_blocks,conj_grid,2,1,35,targ_class1,329.0,106.0
6,conjunction_blocks,conj_grid,2,1,36,targ_class1,-307.0,227.0
6,conjunction_blocks,conj_grid,2,1,37,targ_class1,-195.0,200.0
6,conjunction_blocks,conj_grid,2,1,38,targ_class2,-129.0,211.0
6,conjunction_blocks,conj_grid,2,1,39,targ_class1,-14.0,213.0
6,conjunction_blocks,conj_grid,2,1,40,targ_class2,117.0,218.0
6,conjunction_blocks,conj_grid,2,1,41,dist_class2,208.0,223.0
6,conjunction_blocks,conj_grid,2,1,42,dist_class1,332.0,212.0
6,conjunction_blocks,conj_grid,2,1,43,dist_class2,-325.0,326.0
6,conjunction_blocks,conj_grid,2,1,44,dist_class1,-214.0,319.0
6,conjunction_blocks,conj_grid,2,1,45,targ_class2,-105.0,313.0
6,conjunction_blocks,conj_grid,2,1,46,targ_class1,-3.0,340.0
6,conjunction_blocks,conj_grid,2,1,47,targ_class2,111.0,331.0
6,conjunction_blocks,conj_grid,2,1,48,targ_class2,212.0,328.0
6,conjunction_blocks,conj_grid,2,1,49,dist_class1,341.0,316.0
6,conjunction_blocks,conj_uni,1,1,1,dist_class2,-261.0,-306.0
6,conjunction_blocks,conj_uni,1,1,2,targ_class2,-88.0,186.0
6,conjunction_blocks,conj_uni,1,1,3,targ_class2,344.0,-130.0
6,conjunction_blocks,conj_uni,1,1,4,dist_class2,44.0,-232.0
6,conjunction_blocks,conj_uni,1,1,5,targ_class2,-54.0,49.0
6,conjunction_blocks,conj_uni,1,1,6,targ_class2,364.0,-183.0
6,conjunction_blocks,conj_uni,1,1,7,dist_class2,-241.0,283.0
6,conjunction_blocks,conj_uni,1,1,8,targ_class1,-244.0,-119.0
6,conjunction_blocks,conj_uni,1,1,9,targ_class1,-249.0,176.0
6,conjunction_blocks,conj_uni,1,1,10,dist_class2,-174.0,222.0
6,conjunction_blocks,conj_uni,1,1,11,dist_class1,-264.0,35.0
6,conjunction_blocks,conj_uni,1,1,12,dist_class1,323.0,113.0
6,conjunction_blocks,conj_uni,1,1,13,targ_class1,-85.0,114.0
6,conjunction_blocks,conj_uni,1,1,14,dist_class2,-366.0,324.0
6,conjunction_blocks,conj_uni,1,1,15,dist_class1,308.0,-188.0
6,conjunction_blocks,conj_uni,1,1,16,targ_class1,-165.0,-225.0
6,conjunction_blocks,conj_uni,1,1,17,dist_class1,45.0,313.0
6,conjunction_blocks,conj_uni,1,1,18,targ_class2,-30.0,-166.0
6,conjunction_blocks,conj_uni,1,1,19,targ_class2,-172.0,-168.0
6,conjunction_blocks,conj_uni,1,1,20,dist_class1,-57.0,308.0
6,conjunction_blocks,conj_uni,1,1,21,targ_class1,-223.0,-67.0
6,conjunction_blocks,conj_uni,1,1,22,dist_class1,-229.0,228.0
6,conjunction_blocks,conj_uni,1,1,23,dist_class1,118.0,89.0
6,conjunction_blocks,conj_uni,1,1,24,targ_class1,-113.0,-253.0
6,conjunction_blocks,conj_uni,1,1,25,targ_class1,107.0,-319.0
6,conjunction_blocks,conj_uni,1,1,26,targ_class1,-188.0,-114.0
6,conjunction_blocks,conj_uni,1,1,27,dist_class1,282.0,26.0
6,conjunction_blocks,conj_uni,1,1,28,dist_class1,-211.0,18.0
6,conjunction_blocks,conj_uni,1,1,29,targ_class2,-128.0,-122.0
6,conjunction_blocks,conj_uni,1,1,30,targ_class2,328.0,-38.0
6,conjunction_blocks,conj_uni,1,1,31,targ_class1,-24.0,-231.0
6,conjunction_blocks,conj_uni,1,1,32,dist_class2,-11.0,354.0
6,conjunction_blocks,conj_uni,1,1,33,dist_class1,132.0,144.0
6,conjunction_blocks,conj_uni,1,1,34,dist_class2,-317.0,-195.0
6,conjunction_blocks,conj_uni,1,1,35,targ_class2,183.0,-185.0
6,conjunction_blocks,conj_uni,1,1,36,targ_class2,179.0,326.0
6,conjunction_blocks,conj_uni,1,1,37,dist_class2,-341.0,-120.0
6,conjunction_blocks,conj_uni,1,1,38,targ_class1,219.0,-353.0
6,conjunction_blocks,conj_uni,1,1,39,dist_class2,-120.0,-187.0
6,conjunction_blocks,conj_uni,1,1,40,targ_class1,-2.0,-331.0
6,conjunction_blocks,conj_uni,1,1,41,dist_class2,-312.0,338.0
6,conjunction_blocks,conj_uni,1,1,42,targ_class1,177.0,-271.0
6,conjunction_blocks,conj_uni,1,1,43,dist_class2,19.0,-45.0
6,conjunction_blocks,conj_uni,1,1,44,dist_class1,-153.0,335.0
6,conjunction_blocks,conj_uni,1,1,45,dist_class2,9.0,-277.0
6,conjunction_blocks,conj_uni,1,1,46,targ_class2,-292.0,-146.0
6,conjunction_blocks,conj_uni,1,1,47,dist_class1,253.0,-308.0
6,conjunction_blocks,conj_uni,1,1,48,dist_class2,163.0,-91.0
6,conjunction_blocks,conj_uni,1,1,49,targ_class2,228.0,268.0
6,conjunction_blocks,conj_rot,4,1,1,dist_class2,-14.0,-453.0
6,conjunction_blocks,conj_rot,4,1,2,dist_class1,73.0,-386.0
6,conjunction_blocks,conj_rot,4,1,3,targ_class1,153.0,-309.0
6,conjunction_blocks,conj_rot,4,1,4,dist_class2,234.0,-233.0
6,conjunction_blocks,conj_rot,4,1,5,dist_class1,314.0,-159.0
6,conjunction_blocks,conj_rot,4,1,6,targ_class2,380.0,-69.0
6,conjunction_blocks,conj_rot,4,1,7,dist_class2,453.0,8.0
6,conjunction_blocks,conj_rot,4,1,8,dist_class2,-58.0,-375.0
6,conjunction_blocks,conj_rot,4,1,9,dist_class1,7.0,-310.0
6,conjunction_blocks,conj_rot,4,1,10,dist_class2,82.0,-227.0
6,conjunction_blocks,conj_rot,4,1,11,targ_class2,161.0,-152.0
6,conjunction_blocks,conj_rot,4,1,12,dist_class1,232.0,-85.0
6,conjunction_blocks,conj_rot,4,1,13,targ_class2,297.0,-1.0
6,conjunction_blocks,conj_rot,4,1,14,targ_class1,391.0,82.0
6,conjunction_blocks,conj_rot,4,1,15,dist_class1,-160.0,-301.0
6,conjunction_blocks,conj_rot,4,1,16,targ_class1,-69.0,-244.0
6,conjunction_blocks,conj_rot,4,1,17,targ_class2,-11.0,-164.0
6,conjunction_blocks,conj_rot,4,1,18,targ_class2,77.0,-99.0
6,conjunction_blocks,conj_rot,4,1,19,dist_class2,148.0,0.0
6,conjunction_blocks,conj_rot,4,1,20,dist_class1,223.0,64.0
6,conjunction_blocks,conj_rot,4,1,21,targ_class1,307.0,146.0
6,conjunction_blocks,conj_rot,4,1,22,targ_class1,-228.0,-223.0
6,conjunction_blocks,conj_rot,4,1,23,targ_class2,-139.0,-157.0
6,conjunction_blocks,conj_rot,4,1,24,targ_class1,-68.0,-85.0
6,conjunction_blocks,conj_rot,4,1,25,targ_class2,-1.0,8.0
6,conjunction_blocks,conj_rot,4,1,26,dist_class1,82.0,84.0
6,conjunction_blocks,conj_rot,4,1,27,targ_class2,161.0,147.0
6,conjunction_blocks,conj_rot,4,1,28,dist_class2,217.0,232.0
6,conjunction_blocks,conj_rot,4,1,29,dist_class1,-319.0,-154.0
6,conjunction_blocks,conj_rot,4,1,30,targ_class2,-240.0,-77.0
6,conjunction_blocks,conj_rot,4,1,31,targ_class1,-157.0,-4.0
6,conjunction_blocks,conj_rot,4,1,32,targ_class1,-90.0,56.0
6,conjunction_blocks,conj_rot,4,1,33,targ_class1,-17.0,151.0
6,conjunction_blocks,conj_rot,4,1,34,dist_class2,76.0,244.0
6,conjunction_blocks,conj_rot,4,1,35,targ_class2,167.0,319.0
6,conjunction_blocks,conj_rot,4,1,36,dist_class2,-379.0,-68.0
6,conjunction_blocks,conj_rot,4,1,37,dist_class2,-295.0,-6.0
6,conjunction_blocks,conj_rot,4,1,38,targ_class1,-240.0,48.0
6,conjunction_blocks,conj_rot,4,1,39,dist_class2,-135.0,129.0
6,conjunction_blocks,conj_rot,4,1,40,dist_class1,-75.0,231.0
6,conjunction_blocks,conj_rot,4,1,41,dist_class2,-6.0,308.0
6,conjunction_blocks,conj_rot,4,1,42,targ_class1,86.0,358.0
6,conjunction_blocks,conj_rot,4,1,43,dist_class1,-460.0,4.0
6,conjunction_blocks,conj_rot,4,1,44,dist_class2,-375.0,61.0
6,conjunction_blocks,conj_rot,4,1,45,dist_class1,-301.0,139.0
6,conjunction_blocks,conj_rot,4,1,46,targ_class2,-235.0,236.0
6,conjunction_blocks,conj_rot,4,1,47,targ_class1,-164.0,298.0
6,conjunction_blocks,conj_rot,4,1,48,dist_class1,-79.0,408.0
6,conjunction_blocks,conj_rot,4,1,49,targ_class2,-11.0,444.0
6,conjunction_blocks,conj_uni,3,1,1,dist_class2,264.0,-199.0
6,conjunction_blocks,conj_uni,3,1,2,targ_class1,-245.0,154.0
6,conjunction_blocks,conj_uni,3,1,3,dist_class2,308.0,-154.0
6,conjunction_blocks,conj_uni,3,1,4,dist_class1,-325.0,330.0
6,conjunction_blocks,conj_uni,3,1,5,targ_class2,9.0,177.0
6,conjunction_blocks,conj_uni,3,1,6,targ_class2,-165.0,286.0
6,conjunction_blocks,conj_uni,3,1,7,targ_class1,-179.0,226.0
6,conjunction_blocks,conj_uni,3,1,8,dist_class1,-240.0,-99.0
6,conjunction_blocks,conj_uni,3,1,9,targ_class1,-245.0,-307.0
6,conjunction_blocks,conj_uni,3,1,10,targ_class2,292.0,210.0
6,conjunction_blocks,conj_uni,3,1,11,targ_class1,-69.0,-266.0
6,conjunction_blocks,conj_uni,3,1,12,dist_class1,199.0,-133.0
6,conjunction_blocks,conj_uni,3,1,13,targ_class2,47.0,-126.0
6,conjunction_blocks,conj_uni,3,1,14,dist_class1,-213.0,317.0
6,conjunction_blocks,conj_uni,3,1,15,dist_class1,4.0,335.0
6,conjunction_blocks,conj_uni,3,1,16,dist_class1,-3.0,-207.0
6,conjunction_blocks,conj_uni,3,1,17,dist_class2,-349.0,134.0
6,conjunction_blocks,conj_uni,3,1,18,targ_class1,-348.0,-265.0
6,conjunction_blocks,conj_uni,3,1,19,dist_class1,121.0,-312.0
6,conjunction_blocks,conj_uni,3,1,20,dist_class2,-84.0,176.0
6,conjunction_blocks,conj_uni,3,1,21,targ_class2,-256.0,352.0
6,conjunction_blocks,conj_uni,3,1,22,dist_class1,341.0,-89.0
6,conjunction_blocks,conj_uni,3,1,23,targ_class1,-274.0,236.0
6,conjunction_blocks,conj_uni,3,1,24,targ_class1,196.0,199.0
6,conjunction_blocks,conj_uni,3,1,25,dist_class2,95.0,-157.0
6,conjunction_blocks,conj_uni,3,1,26,dist_class2,-185.0,-82.0
6,conjunction_blocks,conj_uni,3,1,27,dist_class2,9.0,-278.0
6,conjunction_blocks,conj_uni,3,1,28,dist_class2,52.0,-196.0
6,conjunction_blocks,conj_uni,3,1,29,dist_class2,254.0,-143.0
6,conjunction_blocks,conj_uni,3,1,30,dist_class2,354.0,59.0
6,conjunction_blocks,conj_uni,3,1,31,dist_class1,128.0,114.0
6,conjunction_blocks,conj_uni,3,1,32,dist_class1,-189.0,-9.0
6,conjunction_blocks,conj_uni,3,1,33,targ_class2,-224.0,261.0
6,conjunction_blocks,conj_uni,3,1,34,targ_class1,21.0,-333.0
6,conjunction_blocks,conj_uni,3,1,35,dist_class1,77.0,-248.0
6,conjunction_blocks,conj_uni,3,1,36,targ_class1,159.0,12.0
6,conjunction_blocks,conj_uni,3,1,37,targ_class2,-26.0,-123.0
6,conjunction_blocks,conj_uni,3,1,38,dist_class2,128.0,-202.0
6,conjunction_blocks,conj_uni,3,1,39,targ_class1,-102.0,274.0
6,conjunction_blocks,conj_uni,3,1,40,targ_class2,-93.0,-154.0
6,conjunction_blocks,conj_uni,3,1,41,targ_class2,-135.0,-107.0
6,conjunction_blocks,conj_uni,3,1,42,targ_class2,-189.0,-297.0
6,conjunction_blocks,conj_uni,3,1,43,dist_class1,285.0,132.0
6,conjunction_blocks,conj_uni,3,1,44,targ_class2,311.0,264.0
6,conjunction_blocks,conj_uni,3,1,45,targ_class1,-194.0,-241.0
6,conjunction_blocks,conj_uni,3,1,46,dist_class2,343.0,-199.0
6,conjunction_blocks,conj_uni,3,1,47,targ_class2,-79.0,-100.0
6,conjunction_blocks,conj_uni,3,1,48,targ_class1,75.0,54.0
6,conjunction_blocks,conj_uni,3,1,49,dist_class2,-110.0,329.0
6,prac_feat,feat_grid,0,1,1,targ_class1,-313.0,-317.0
6,prac_feat,feat_grid,0,1,2,targ_class2,-203.0,-303.0
6,prac_feat,feat_grid,0,1,3,targ_class1,-102.0,-310.0
6,prac_feat,feat_grid,0,1,4,dist_class1,23.0,-328.0
6,prac_feat,feat_grid,0,1,5,dist_class2,111.0,-330.0
6,prac_feat,feat_grid,0,1,6,targ_class2,241.0,-322.0
6,prac_feat,feat_grid,0,1,7,dist_class2,344.0,-328.0
6,prac_feat,feat_grid,0,1,8,targ_class1,-338.0,-218.0
6,prac_feat,feat_grid,0,1,9,targ_class2,-238.0,-228.0
6,prac_feat,feat_grid,0,1,10,targ_class1,-103.0,-207.0
6,prac_feat,feat_grid,0,1,11,targ_class1,-8.0,-211.0
6,prac_feat,feat_grid,0,1,12,targ_class2,111.0,-221.0
6,prac_feat,feat_grid,0,1,13,dist_class2,220.0,-197.0
6,prac_feat,feat_grid,0,1,14,targ_class1,332.0,-215.0
6,prac_feat,feat_grid,0,1,15,dist_class2,-328.0,-118.0
6,prac_feat,feat_grid,0,1,16,dist_class2,-200.0,-109.0
6,prac_feat,feat_grid,0,1,17,dist_class1,-100.0,-90.0
6,prac_feat,feat_grid,0,1,18,dist_class2,-7.0,-109.0
6,prac_feat,feat_grid,0,1,19,dist_class2,113.0,-110.0
6,prac_feat,feat_grid,0,1,20,targ_class2,216.0,-116.0
6,prac_feat,feat_grid,0,1,21,dist_class1,303.0,-96.0
6,prac_feat,feat_grid,0,1,22,dist_class1,-324.0,2.0
6,prac_feat,feat_grid,0,1,23,dist_class2,-207.0,5.0
6,prac_feat,feat_grid,0,1,24,dist_class1,-117.0,-4.0
6,prac_feat,feat_grid,0,1,25,dist_class2,-0.0,-13.0
6,prac_feat,feat_grid,0,1,26,targ_class1,119.0,1.0
6,prac_feat,feat_grid,0,1,27,dist_class1,219.0,9.0
6,prac_feat,feat_grid,0,1,28,targ_class2,311.0,2.0
6,prac_feat,feat_grid,0,1,29,dist_class2,-336.0,101.0
6,prac_feat,feat_grid,0,1,30,dist_class1,-223.0,114.0
6,prac_feat,feat_grid,0,1,31,targ_class2,-109.0,117.0
6,prac_feat,feat_grid,0,1,32,targ_class2,16.0,104.0
6,prac_feat,feat_grid,0,1,33,targ_class2,127.0,92.0
6,prac_feat,feat_grid,0,1,34,dist_class1,207.0,103.0
6,prac_feat,feat_grid,0,1,35,targ_class1,313.0,123.0
6,prac_feat,feat_grid,0,1,36,targ_class1,-331.0,208.0
6,prac_feat,feat_grid,0,1,37,dist_class1,-226.0,225.0
6,prac_feat,feat_grid,0,1,38,dist_class2,-113.0,201.0
6,prac_feat,feat_grid,0,1,39,targ_class2,-1.0,217.0
6,prac_feat,feat_grid,0,1,40,dist_class1,107.0,212.0
6,prac_feat,feat_grid,0,1,41,targ_class1,238.0,191.0
6,prac_feat,feat_grid,0,1,42,targ_class1,317.0,222.0
6,prac_feat,feat_grid,0,1,43,targ_class2,-333.0,314.0
6,prac_feat,feat_grid,0,1,44,targ_class2,-220.0,342.0
6,prac_feat,feat_grid,0,1,45,targ_class1,-113.0,309.0
6,prac_feat,feat_grid,0,1,46,dist_class2,15.0,319.0
6,prac_feat,feat_grid,0,1,47,dist_class2,83.0,323.0
6,prac_feat,feat_grid,0,1,48,dist_class1,217.0,337.0
6,prac_feat,feat_grid,0,1,49,dist_class1,331.0,313.0
6,prac_feat,feat_grid,1,1,1,targ_class2,-332.0,-313.0
6,prac_feat,feat_grid,1,1,2,dist_class2,-206.0,-340.0
6,prac_feat,feat_grid,1,1,3,dist_class1,-112.0,-323.0
6,prac_feat,feat_grid,1,1,4,targ_class1,-6.0,-343.0
6,prac_feat,feat_grid,1,1,5,dist_class1,122.0,-326.0
6,prac_feat,feat_grid,1,1,6,dist_class2,203.0,-316.0
6,prac_feat,feat_grid,1,1,7,targ_class1,322.0,-314.0
6,prac_feat,feat_grid,1,1,8,targ_class2,-317.0,-228.0
6,prac_feat,feat_grid,1,1,9,dist_class2,-210.0,-225.0
6,prac_feat,feat_grid,1,1,10,targ_class2,-95.0,-205.0
6,prac_feat,feat_grid,1,1,11,dist_class2,-4.0,-218.0
6,prac_feat,feat_grid,1,1,12,dist_class1,94.0,-217.0
6,prac_feat,feat_grid,1,1,13,dist_class1,222.0,-222.0
6,prac_feat,feat_grid,1,1,14,dist_class1,317.0,-202.0
6,prac_feat,feat_grid,1,1,15,targ_class1,-350.0,-99.0
6,prac_feat,feat_grid,1,1,16,dist_class1,-234.0,-110.0
6,prac_feat,feat_grid,1,1,17,dist_class1,-116.0,-104.0
6,prac_feat,feat_grid,1,1,18,dist_class2,-8.0,-103.0
6,prac_feat,feat_grid,1,1,19,targ_class2,96.0,-109.0
6,prac_feat,feat_grid,1,1,20,dist_class1,206.0,-110.0
6,prac_feat,feat_grid,1,1,21,targ_class1,337.0,-97.0
6,prac_feat,feat_grid,1,1,22,dist_class1,-319.0,2.0
6,prac_feat,feat_grid,1,1,23,targ_class2,-199.0,-11.0
6,prac_feat,feat_grid,1,1,24,dist_class2,-123.0,-1.0
6,prac_feat,feat_grid,1,1,25,targ_class2,13.0,8.0
6,prac_feat,feat_grid,1,1,26,targ_class2,105.0,-4.0
6,prac_feat,feat_grid,1,1,27,targ_class2,225.0,-0.0
6,prac_feat,feat_grid,1,1,28,targ_class1,327.0,-10.0
6,prac_feat,feat_grid,1,1,29,dist_class1,-360.0,115.0
6,prac_feat,feat_grid,1,1,30,targ_class1,-231.0,100.0
6,prac_feat,feat_grid,1,1,31,targ_class1,-96.0,106.0
6,prac_feat,feat_grid,1,1,32,dist_class2,-11.0,102.0
6,prac_feat,feat_grid,1,1,33,targ_class2,113.0,113.0
6,prac_feat,feat_grid,1,1,34,targ_class1,201.0,108.0
6,prac_feat,feat_grid,1,1,35,dist_class2,329.0,114.0
6,prac_feat,feat_grid,1,1,36,dist_class2,-325.0,234.0
6,prac_feat,feat_grid,1,1,37,targ_class1,-203.0,210.0
6,prac_feat,feat_grid,1,1,38,targ_class1,-114.0,220.0
6,prac_feat,feat_grid,1,1,39,targ_class2,-22.0,193.0
6,prac_feat,feat_grid,1,1,40,dist_class1,107.0,225.0
6,prac_feat,feat_grid,1,1,41,dist_class1,208.0,224.0
6,prac_feat,feat_grid,1,1,42,dist_class2,334.0,222.0
6,prac_feat,feat_grid,1,1,43,targ_class1,-319.0,320.0
6,prac_feat,feat_grid,1,1,44,targ_class1,-210.0,317.0
6,prac_feat,feat_grid,1,1,45,dist_class2,-117.0,329.0
6,prac_feat,feat_grid,1,1,46,targ_class2,-4.0,327.0
6,prac_feat,feat_grid,1,1,47,dist_class2,115.0,342.0
6,prac_feat,feat_grid,1,1,48,dist_class2,228.0,323.0
6,prac_feat,feat_grid,1,1,49,targ_class2,329.0,329.0
6,feature_blocks,feat_rot,3,1,1,dist_class2,-10.0,-451.0
6,feature_blocks,feat_rot,3,1,2,dist_class1,73.0,-393.0
6,feature_blocks,feat_rot,3,1,3,targ_class2,141.0,-329.0
6,feature_blocks,feat_rot,3,1,4,dist_class2,216.0,-234.0
6,feature_blocks,feat_rot,3,1,5,targ_class2,293.0,-156.0
6,feature_blocks,feat_rot,3,1,6,dist_class2,388.0,-73.0
6,feature_blocks,feat_rot,3,1,7,targ_class2,451.0,14.0
6,feature_blocks,feat_rot,3,1,8,targ_class1,-72.0,-380.0
6,feature_blocks,feat_rot,3,1,9,targ_class2,12.0,-314.0
6,feature_blocks,feat_rot,3,1,10,targ_class2,69.0,-239.0
6,feature_blocks,feat_rot,3,1,11,dist_class1,145.0,-161.0
6,feature_blocks,feat_rot,3,1,12,dist_class1,224.0,-93.0
6,feature_blocks,feat_rot,3,1,13,targ_class1,322.0,-1.0
6,feature_blocks,feat_rot,3,1,14,dist_class1,384.0,67.0
6,feature_blocks,feat_rot,3,1,15,dist_class1,-138.0,-317.0
6,feature_blocks,feat_rot,3,1,16,dist_class1,-76.0,-219.0
6,feature_blocks,feat_rot,3,1,17,targ_class1,-3.0,-133.0
6,feature_blocks,feat_rot,3,1,18,dist_class2,84.0,-77.0
6,feature_blocks,feat_rot,3,1,19,dist_class1,151.0,10.0
6,feature_blocks,feat_rot,3,1,20,dist_class2,215.0,78.0
6,feature_blocks,feat_rot,3,1,21,dist_class1,290.0,175.0
6,feature_blocks,feat_rot,3,1,22,targ_class2,-232.0,-233.0
6,feature_blocks,feat_rot,3,1,23,targ_class1,-132.0,-162.0
6,feature_blocks,feat_rot,3,1,24,dist_class2,-66.0,-89.0
6,feature_blocks,feat_rot,3,1,25,dist_class2,-3.0,0.0
6,feature_blocks,feat_rot,3,1,26,dist_class2,79.0,60.0
6,feature_blocks,feat_rot,3,1,27,dist_class2,156.0,153.0
6,feature_blocks,feat_rot,3,1,28,targ_class1,247.0,230.0
6,feature_blocks,feat_rot,3,1,29,dist_class2,-319.0,-146.0
6,feature_blocks,feat_rot,3,1,30,targ_class1,-209.0,-89.0
6,feature_blocks,feat_rot,3,1,31,targ_class1,-152.0,7.0
6,feature_blocks,feat_rot,3,1,32,dist_class1,-70.0,95.0
6,feature_blocks,feat_rot,3,1,33,targ_class2,-0.0,153.0
6,feature_blocks,feat_rot,3,1,34,dist_class1,71.0,233.0
6,feature_blocks,feat_rot,3,1,35,targ_class1,144.0,310.0
6,feature_blocks,feat_rot,3,1,36,targ_class1,-392.0,-66.0
6,feature_blocks,feat_rot,3,1,37,dist_class2,-309.0,20.0
6,feature_blocks,feat_rot,3,1,38,targ_class2,-228.0,85.0
6,feature_blocks,feat_rot,3,1,39,targ_class1,-151.0,144.0
6,feature_blocks,feat_rot,3,1,40,dist_class2,-74.0,235.0
6,feature_blocks,feat_rot,3,1,41,targ_class1,8.0,286.0
6,feature_blocks,feat_rot,3,1,42,dist_class2,71.0,363.0
6,feature_blocks,feat_rot,3,1,43,targ_class2,-442.0,1.0
6,feature_blocks,feat_rot,3,1,44,dist_class1,-383.0,66.0
6,feature_blocks,feat_rot,3,1,45,targ_class2,-296.0,160.0
6,feature_blocks,feat_rot,3,1,46,targ_class2,-235.0,234.0
6,feature_blocks,feat_rot,3,1,47,dist_class1,-160.0,317.0
6,feature_blocks,feat_rot,3,1,48,targ_class2,-70.0,412.0
6,feature_blocks,feat_rot,3,1,49,targ_class1,20.0,455.0
6,feature_blocks,feat_rot,4,1,1,targ_class1,-27.0,-445.0
6,feature_blocks,feat_rot,4,1,2,dist_class2,75.0,-393.0
6,feature_blocks,feat_rot,4,1,3,dist_class1,169.0,-300.0
6,feature_blocks,feat_rot,4,1,4,dist_class2,229.0,-216.0
6,feature_blocks,feat_rot,4,1,5,targ_class1,280.0,-164.0
6,feature_blocks,feat_rot,4,1,6,dist_class1,390.0,-79.0
6,feature_blocks,feat_rot,4,1,7,dist_class1,454.0,20.0
6,feature_blocks,feat_rot,4,1,8,dist_class2,-88.0,-373.0
6,feature_blocks,feat_rot,4,1,9,dist_class1,1.0,-289.0
6,feature_blocks,feat_rot,4,1,10,dist_class2,74.0,-235.0
6,feature_blocks,feat_rot,4,1,11,targ_class2,161.0,-158.0
6,feature_blocks,feat_rot,4,1,12,targ_class1,246.0,-76.0
6,feature_blocks,feat_rot,4,1,13,targ_class2,312.0,9.0
6,feature_blocks,feat_rot,4,1,14,dist_class2,382.0,62.0
6,feature_blocks,feat_rot,4,1,15,dist_class2,-153.0,-294.0
6,feature_blocks,feat_rot,4,1,16,targ_class2,-64.0,-225.0
6,feature_blocks,feat_rot,4,1,17,dist_class2,1.0,-149.0
6,feature_blocks,feat_rot,4,1,18,dist_class2,64.0,-85.0
6,feature_blocks,feat_rot,4,1,19,targ_class2,153.0,15.0
6,feature_blocks,feat_rot,4,1,20,dist_class1,224.0,88.0
6,feature_blocks,feat_rot,4,1,21,dist_class2,300.0,157.0
6,feature_blocks,feat_rot,4,1,22,targ_class1,-228.0,-233.0
6,feature_blocks,feat_rot,4,1,23,targ_class2,-146.0,-148.0
6,feature_blocks,feat_rot,4,1,24,dist_class1,-75.0,-75.0
6,feature_blocks,feat_rot,4,1,25,dist_class2,-0.0,9.0
6,feature_blocks,feat_rot,4,1,26,targ_class1,80.0,82.0
6,feature_blocks,feat_rot,4,1,27,targ_class2,155.0,139.0
6,feature_blocks,feat_rot,4,1,28,targ_class2,230.0,233.0
6,feature_blocks,feat_rot,4,1,29,targ_class2,-284.0,-160.0
6,feature_blocks,feat_rot,4,1,30,dist_class1,-215.0,-70.0
6,feature_blocks,feat_rot,4,1,31,targ_class1,-153.0,-2.0
6,feature_blocks,feat_rot,4,1,32,targ_class1,-76.0,80.0
6,feature_blocks,feat_rot,4,1,33,targ_class2,4.0,152.0
6,feature_blocks,feat_rot,4,1,34,dist_class2,75.0,245.0
6,feature_blocks,feat_rot,4,1,35,targ_class1,155.0,312.0
6,feature_blocks,feat_rot,4,1,36,dist_class1,-381.0,-59.0
6,feature_blocks,feat_rot,4,1,37,dist_class2,-303.0,4.0
6,feature_blocks,feat_rot,4,1,38,targ_class1,-222.0,77.0
6,feature_blocks,feat_rot,4,1,39,targ_class2,-150.0,161.0
6,feature_blocks,feat_rot,4,1,40,dist_class1,-70.0,241.0
6,feature_blocks,feat_rot,4,1,41,dist_class1,2.0,307.0
6,feature_blocks,feat_rot,4,1,42,targ_class1,76.0,368.0
6,feature_blocks,feat_rot,4,1,43,targ_class2,-451.0,-3.0
6,feature_blocks,feat_rot,4,1,44,dist_class1,-404.0,69.0
6,feature_blocks,feat_rot,4,1,45,targ_class1,-299.0,163.0
6,feature_blocks,feat_rot,4,1,46,dist_class2,-235.0,232.0
6,feature_blocks,feat_rot,4,1,47,targ_class2,-151.0,303.0
6,feature_blocks,feat_rot,4,1,48,dist_class1,-62.0,374.0
6,feature_blocks,feat_rot,4,1,49,targ_class1,-10.0,462.0
6,feature_blocks,feat_rot,1,1,1,targ_class2,-1.0,-455.0
6,feature_blocks,feat_rot,1,1,2,dist_class2,75.0,-386.0
6,feature_blocks,feat_rot,1,1,3,dist_class1,165.0,-305.0
6,feature_blocks,feat_rot,1,1,4,targ_class1,218.0,-225.0
6,feature_blocks,feat_rot,1,1,5,targ_class2,301.0,-129.0
6,feature_blocks,feat_rot,1,1,6,dist_class1,401.0,-77.0
6,feature_blocks,feat_rot,1,1,7,targ_class2,452.0,-7.0
6,feature_blocks,feat_rot,1,1,8,targ_class1,-61.0,-383.0
6,feature_blocks,feat_rot,1,1,9,targ_class2,4.0,-309.0
6,feature_blocks,feat_rot,1,1,10,targ_class1,82.0,-235.0
6,feature_blocks,feat_rot,1,1,11,dist_class1,149.0,-149.0
6,feature_blocks,feat_rot,1,1,12,targ_class1,245.0,-77.0
6,feature_blocks,feat_rot,1,1,13,targ_class1,308.0,4.0
6,feature_blocks,feat_rot,1,1,14,dist_class2,393.0,65.0
6,feature_blocks,feat_rot,1,1,15,targ_class2,-136.0,-297.0
6,feature_blocks,feat_rot,1,1,16,targ_class2,-93.0,-225.0
6,feature_blocks,feat_rot,1,1,17,targ_class2,-3.0,-131.0
6,feature_blocks,feat_rot,1,1,18,dist_class2,60.0,-61.0
6,feature_blocks,feat_rot,1,1,19,targ_class1,151.0,4.0
6,feature_blocks,feat_rot,1,1,20,targ_class1,233.0,82.0
6,feature_blocks,feat_rot,1,1,21,targ_class1,305.0,154.0
6,feature_blocks,feat_rot,1,1,22,dist_class2,-238.0,-239.0
6,feature_blocks,feat_rot,1,1,23,targ_class2,-152.0,-145.0
6,feature_blocks,feat_rot,1,1,24,dist_class2,-84.0,-79.0
6,feature_blocks,feat_rot,1,1,25,dist_class2,-10.0,-10.0
6,feature_blocks,feat_rot,1,1,26,dist_class1,59.0,66.0
6,feature_blocks,feat_rot,1,1,27,targ_class1,148.0,138.0
6,feature_blocks,feat_rot,1,1,28,dist_class1,213.0,229.0
6,feature_blocks,feat_rot,1,1,29,targ_class2,-306.0,-142.0
6,feature_blocks,feat_rot,1,1,30,dist_class2,-233.0,-70.0
6,feature_blocks,feat_rot,1,1,31,dist_class2,-146.0,11.0
6,feature_blocks,feat_rot,1,1,32,dist_class2,-76.0,67.0
6,feature_blocks,feat_rot,1,1,33,targ_class1,6.0,143.0
6,feature_blocks,feat_rot,1,1,34,dist_class2,83.0,264.0
6,feature_blocks,feat_rot,1,1,35,dist_class2,154.0,298.0
6,feature_blocks,feat_rot,1,1,36,dist_class1,-375.0,-85.0
6,feature_blocks,feat_rot,1,1,37,dist_class1,-308.0,-19.0
6,feature_blocks,feat_rot,1,1,38,dist_class1,-259.0,55.0
6,feature_blocks,feat_rot,1,1,39,targ_class1,-151.0,153.0
6,feature_blocks,feat_rot,1,1,40,dist_class2,-59.0,230.0
6,feature_blocks,feat_rot,1,1,41,targ_class2,1.0,303.0
6,feature_blocks,feat_rot,1,1,42,dist_class1,65.0,401.0
6,feature_blocks,feat_rot,1,1,43,dist_class2,-474.0,-4.0
6,feature_blocks,feat_rot,1,1,44,dist_class1,-390.0,77.0
6,feature_blocks,feat_rot,1,1,45,dist_class1,-319.0,137.0
6,feature_blocks,feat_rot,1,1,46,dist_class1,-224.0,235.0
6,feature_blocks,feat_rot,1,1,47,targ_class2,-153.0,306.0
6,feature_blocks,feat_rot,1,1,48,targ_class2,-82.0,372.0
6,feature_blocks,feat_rot,1,1,49,targ_class1,6.0,453.0
6,feature_blocks,feat_uni,1,1,1,dist_class1,-71.0,275.0
6,feature_blocks,feat_uni,1,1,2,targ_class2,-208.0,-348.0
6,feature_blocks,feat_uni,1,1,3,dist_class2,-12.0,230.0
6,feature_blocks,feat_uni,1,1,4,targ_class1,117.0,-208.0
6,feature_blocks,feat_uni,1,1,5,targ_class1,-121.0,-77.0
6,feature_blocks,feat_uni,1,1,6,dist_class2,99.0,176.0
6,feature_blocks,feat_uni,1,1,7,dist_class2,-138.0,-304.0
6,feature_blocks,feat_uni,1,1,8,dist_class1,-250.0,-83.0
6,feature_blocks,feat_uni,1,1,9,dist_class1,126.0,304.0
6,feature_blocks,feat_uni,1,1,10,dist_class2,-236.0,44.0
6,feature_blocks,feat_uni,1,1,11,dist_class2,165.0,264.0
6,feature_blocks,feat_uni,1,1,12,dist_class2,157.0,178.0
6,feature_blocks,feat_uni,1,1,13,targ_class2,-66.0,-83.0
6,feature_blocks,feat_uni,1,1,14,dist_class1,-98.0,-151.0
6,feature_blocks,feat_uni,1,1,15,targ_class2,144.0,123.0
6,feature_blocks,feat_uni,1,1,16,targ_class1,61.0,-219.0
6,feature_blocks,feat_uni,1,1,17,targ_class1,91.0,-87.0
6,feature_blocks,feat_uni,1,1,18,targ_class1,-322.0,250.0
6,feature_blocks,feat_uni,1,1,19,dist_class1,318.0,327.0
6,feature_blocks,feat_uni,1,1,20,targ_class1,223.0,-302.0
6,feature_blocks,feat_uni,1,1,21,dist_class2,336.0,-296.0
6,feature_blocks,feat_uni,1,1,22,dist_class1,-341.0,65.0
6,feature_blocks,feat_uni,1,1,23,targ_class1,168.0,-289.0
6,feature_blocks,feat_uni,1,1,24,dist_class2,-162.0,-123.0
6,feature_blocks,feat_uni,1,1,25,targ_class2,-253.0,-190.0
6,feature_blocks,feat_uni,1,1,26,targ_class2,350.0,234.0
6,feature_blocks,feat_uni,1,1,27,targ_class2,-54.0,-359.0
6,feature_blocks,feat_uni,1,1,28,dist_class1,-165.0,310.0
6,feature_blocks,feat_uni,1,1,29,targ_class1,162.0,-78.0
6,feature_blocks,feat_uni,1,1,30,targ_class2,-308.0,111.0
6,feature_blocks,feat_uni,1,1,31,dist_class1,-292.0,-232.0
6,feature_blocks,feat_uni,1,1,32,dist_class2,292.0,-251.0
6,feature_blocks,feat_uni,1,1,33,dist_class1,101.0,251.0
6,feature_blocks,feat_uni,1,1,34,dist_class2,120.0,-135.0
6,feature_blocks,feat_uni,1,1,35,targ_class2,-194.0,-76.0
6,feature_blocks,feat_uni,1,1,36,dist_class1,-163.0,-216.0
6,feature_blocks,feat_uni,1,1,37,targ_class2,-25.0,-44.0
6,feature_blocks,feat_uni,1,1,38,dist_class2,-8.0,92.0
6,feature_blocks,feat_uni,1,1,39,dist_class2,-300.0,27.0
6,feature_blocks,feat_uni,1,1,40,targ_class2,-2.0,-178.0
6,feature_blocks,feat_uni,1,1,41,targ_class1,-273.0,285.0
6,feature_blocks,feat_uni,1,1,42,dist_class1,133.0,-30.0
6,feature_blocks,feat_uni,1,1,43,dist_class1,-45.0,-135.0
6,feature_blocks,feat_uni,1,1,44,targ_class2,-217.0,289.0
6,feature_blocks,feat_uni,1,1,45,targ_class1,268.0,229.0
6,feature_blocks,feat_uni,1,1,46,targ_class1,58.0,-330.0
6,feature_blocks,feat_uni,1,1,47,targ_class1,77.0,-27.0
6,feature_blocks,feat_uni,1,1,48,dist_class2,217.0,64.0
6,feature_blocks,feat_uni,1,1,49,targ_class2,-10.0,9.0
6,feature_blocks,feat_rot,2,1,1,dist_class1,4.0,-452.0
6,feature_blocks,feat_rot,2,1,2,targ_class1,67.0,-382.0
6,feature_blocks,feat_rot,2,1,3,dist_class2,169.0,-322.0
6,feature_blocks,feat_rot,2,1,4,dist_class2,240.0,-222.0
6,feature_blocks,feat_rot,2,1,5,dist_class1,304.0,-140.0
6,feature_blocks,feat_rot,2,1,6,targ_class1,378.0,-78.0
6,feature_blocks,feat_rot,2,1,7,dist_class2,457.0,-17.0
6,feature_blocks,feat_rot,2,1,8,dist_class1,-74.0,-380.0
6,feature_blocks,feat_rot,2,1,9,targ_class2,6.0,-315.0
6,feature_blocks,feat_rot,2,1,10,targ_class2,79.0,-242.0
6,feature_blocks,feat_rot,2,1,11,dist_class2,158.0,-160.0
6,feature_blocks,feat_rot,2,1,12,targ_class1,221.0,-73.0
6,feature_blocks,feat_rot,2,1,13,targ_class2,308.0,2.0
6,feature_blocks,feat_rot,2,1,14,dist_class2,384.0,57.0
6,feature_blocks,feat_rot,2,1,15,targ_class1,-171.0,-313.0
6,feature_blocks,feat_rot,2,1,16,targ_class2,-70.0,-249.0
6,feature_blocks,feat_rot,2,1,17,dist_class2,-12.0,-158.0
6,feature_blocks,feat_rot,2,1,18,dist_class1,77.0,-82.0
6,feature_blocks,feat_rot,2,1,19,dist_class1,151.0,6.0
6,feature_blocks,feat_rot,2,1,20,targ_class1,221.0,78.0
6,feature_blocks,feat_rot,2,1,21,dist_class2,300.0,161.0
6,feature_blocks,feat_rot,2,1,22,dist_class1,-223.0,-228.0
6,feature_blocks,feat_rot,2,1,23,targ_class2,-159.0,-154.0
6,feature_blocks,feat_rot,2,1,24,dist_class1,-87.0,-68.0
6,feature_blocks,feat_rot,2,1,25,dist_class1,-8.0,3.0
6,feature_blocks,feat_rot,2,1,26,targ_class2,87.0,85.0
6,feature_blocks,feat_rot,2,1,27,dist_class1,148.0,145.0
6,feature_blocks,feat_rot,2,1,28,dist_class1,243.0,245.0
6,feature_blocks,feat_rot,2,1,29,dist_class2,-300.0,-143.0
6,feature_blocks,feat_rot,2,1,30,targ_class1,-229.0,-67.0
6,feature_blocks,feat_rot,2,1,31,targ_class1,-161.0,2.0
6,feature_blocks,feat_rot,2,1,32,dist_class2,-69.0,70.0
6,feature_blocks,feat_rot,2,1,33,dist_class2,8.0,147.0
6,feature_blocks,feat_rot,2,1,34,targ_class1,78.0,241.0
6,feature_blocks,feat_rot,2,1,35,dist_class2,165.0,292.0
6,feature_blocks,feat_rot,2,1,36,dist_class1,-375.0,-92.0
6,feature_blocks,feat_rot,2,1,37,targ_class1,-301.0,-5.0
6,feature_blocks,feat_rot,2,1,38,targ_class2,-240.0,62.0
6,feature_blocks,feat_rot,2,1,39,targ_class2,-162.0,144.0
6,feature_blocks,feat_rot,2,1,40,targ_class2,-74.0,246.0
6,feature_blocks,feat_rot,2,1,41,targ_class2,-14.0,323.0
6,feature_blocks,feat_rot,2,1,42,dist_class2,79.0,370.0
6,feature_blocks,feat_rot,2,1,43,dist_class2,-466.0,-20.0
6,feature_blocks,feat_rot,2,1,44,targ_class1,-373.0,81.0
6,feature_blocks,feat_rot,2,1,45,targ_class2,-307.0,147.0
6,feature_blocks,feat_rot,2,1,46,dist_class1,-244.0,239.0
6,feature_blocks,feat_rot,2,1,47,targ_class2,-151.0,286.0
6,feature_blocks,feat_rot,2,1,48,targ_class1,-76.0,403.0
6,feature_blocks,feat_rot,2,1,49,targ_class1,-2.0,456.0
6,feature_blocks,feat_uni,2,1,1,targ_class1,-133.0,-193.0
6,feature_blocks,feat_uni,2,1,2,targ_class2,-39.0,314.0
6,feature_blocks,feat_uni,2,1,3,dist_class2,147.0,-313.0
6,feature_blocks,feat_uni,2,1,4,dist_class2,-318.0,138.0
6,feature_blocks,feat_uni,2,1,5,targ_class2,-208.0,-227.0
6,feature_blocks,feat_uni,2,1,6,targ_class1,41.0,126.0
6,feature_blocks,feat_uni,2,1,7,targ_class2,-209.0,182.0
6,feature_blocks,feat_uni,2,1,8,dist_class2,118.0,235.0
6,feature_blocks,feat_uni,2,1,9,targ_class1,-329.0,302.0
6,feature_blocks,feat_uni,2,1,10,dist_class2,-98.0,-108.0
6,feature_blocks,feat_uni,2,1,11,dist_class2,-3.0,16.0
6,feature_blocks,feat_uni,2,1,12,dist_class2,205.0,-50.0
6,feature_blocks,feat_uni,2,1,13,targ_class1,-314.0,-119.0
6,feature_blocks,feat_uni,2,1,14,targ_class1,228.0,105.0
6,feature_blocks,feat_uni,2,1,15,targ_class1,143.0,-71.0
6,feature_blocks,feat_uni,2,1,16,dist_class1,-72.0,222.0
6,feature_blocks,feat_uni,2,1,17,targ_class2,234.0,-243.0
6,feature_blocks,feat_uni,2,1,18,targ_class2,257.0,-31.0
6,feature_blocks,feat_uni,2,1,19,dist_class1,338.0,241.0
6,feature_blocks,feat_uni,2,1,20,dist_class1,-174.0,-19.0
6,feature_blocks,feat_uni,2,1,21,targ_class2,-213.0,-66.0
6,feature_blocks,feat_uni,2,1,22,targ_class2,-306.0,47.0
6,feature_blocks,feat_uni,2,1,23,dist_class2,337.0,73.0
6,feature_blocks,feat_uni,2,1,24,dist_class2,-360.0,33.0
6,feature_blocks,feat_uni,2,1,25,dist_class1,222.0,254.0
6,feature_blocks,feat_uni,2,1,26,dist_class2,-168.0,-276.0
6,feature_blocks,feat_uni,2,1,27,targ_class1,-64.0,98.0
6,feature_blocks,feat_uni,2,1,28,dist_class1,192.0,-105.0
6,feature_blocks,feat_uni,2,1,29,dist_class1,-272.0,305.0
6,feature_blocks,feat_uni,2,1,30,dist_class1,91.0,-350.0
6,feature_blocks,feat_uni,2,1,31,targ_class1,206.0,187.0
6,feature_blocks,feat_uni,2,1,32,targ_class2,202.0,-303.0
6,feature_blocks,feat_uni,2,1,33,dist_class2,-58.0,-186.0
6,feature_blocks,feat_uni,2,1,34,targ_class1,-8.0,-281.0
6,feature_blocks,feat_uni,2,1,35,targ_class2,-336.0,-332.0
6,feature_blocks,feat_uni,2,1,36,dist_class1,-238.0,117.0
6,feature_blocks,feat_uni,2,1,37,dist_class2,-18.0,257.0
6,feature_blocks,feat_uni,2,1,38,targ_class1,40.0,-251.0
6,feature_blocks,feat_uni,2,1,39,targ_class1,141.0,-129.0
6,feature_blocks,feat_uni,2,1,40,dist_class2,287.0,47.0
6,feature_blocks,feat_uni,2,1,41,dist_class1,-135.0,-61.0
6,feature_blocks,feat_uni,2,1,42,targ_class1,-121.0,287.0
6,feature_blocks,feat_uni,2,1,43,dist_class1,-159.0,-117.0
6,feature_blocks,feat_uni,2,1,44,targ_class2,-120.0,-0.0
6,feature_blocks,feat_uni,2,1,45,dist_class2,93.0,-293.0
6,feature_blocks,feat_uni,2,1,46,targ_class2,-112.0,-317.0
6,feature_blocks,feat_uni,2,1,47,targ_class2,144.0,145.0
6,feature_blocks,feat_uni,2,1,48,dist_class1,278.0,254.0
6,feature_blocks,feat_uni,2,1,49,dist_class1,-167.0,-334.0
6,feature_blocks,feat_uni,4,1,1,dist_class2,-31.0,-232.0
6,feature_blocks,feat_uni,4,1,2,dist_class2,-210.0,7.0
6,feature_blocks,feat_uni,4,1,3,targ_class1,273.0,354.0
6,feature_blocks,feat_uni,4,1,4,dist_class2,-310.0,23.0
6,feature_blocks,feat_uni,4,1,5,dist_class1,-235.0,-203.0
6,feature_blocks,feat_uni,4,1,6,targ_class1,-188.0,345.0
6,feature_blocks,feat_uni,4,1,7,dist_class1,-122.0,211.0
6,feature_blocks,feat_uni,4,1,8,dist_class2,-8.0,-171.0
6,feature_blocks,feat_uni,4,1,9,dist_class1,-337.0,339.0
6,feature_blocks,feat_uni,4,1,10,dist_class1,285.0,-151.0
6,feature_blocks,feat_uni,4,1,11,targ_class2,-111.0,43.0
6,feature_blocks,feat_uni,4,1,12,dist_class1,239.0,-31.0
6,feature_blocks,feat_uni,4,1,13,targ_class2,-239.0,-143.0
6,feature_blocks,feat_uni,4,1,14,targ_class2,-345.0,-215.0
6,feature_blocks,feat_uni,4,1,15,dist_class2,-149.0,-165.0
6,feature_blocks,feat_uni,4,1,16,targ_class1,-343.0,-305.0
6,feature_blocks,feat_uni,4,1,17,targ_class1,-43.0,186.0
6,feature_blocks,feat_uni,4,1,18,dist_class1,340.0,-139.0
6,feature_blocks,feat_uni,4,1,19,targ_class2,-11.0,-313.0
6,feature_blocks,feat_uni,4,1,20,dist_class2,161.0,-165.0
6,feature_blocks,feat_uni,4,1,21,dist_class2,-102.0,-69.0
6,feature_blocks,feat_uni,4,1,22,targ_class1,318.0,-15.0
6,feature_blocks,feat_uni,4,1,23,targ_class2,-215.0,-297.0
6,feature_blocks,feat_uni,4,1,24,targ_class1,-264.0,-9.0
6,feature_blocks,feat_uni,4,1,25,dist_class1,-331.0,227.0
6,feature_blocks,feat_uni,4,1,26,targ_class2,-84.0,100.0
6,feature_blocks,feat_uni,4,1,27,targ_class2,341.0,242.0
6,feature_blocks,feat_uni,4,1,28,targ_class1,216.0,276.0
6,feature_blocks,feat_uni,4,1,29,targ_class2,43.0,90.0
6,feature_blocks,feat_uni,4,1,30,dist_class1,115.0,93.0
6,feature_blocks,feat_uni,4,1,31,dist_class2,-258.0,184.0
6,feature_blocks,feat_uni,4,1,32,targ_class2,141.0,-19.0
6,feature_blocks,feat_uni,4,1,33,targ_class1,-319.0,79.0
6,feature_blocks,feat_uni,4,1,34,dist_class1,-163.0,269.0
6,feature_blocks,feat_uni,4,1,35,dist_class2,300.0,202.0
6,feature_blocks,feat_uni,4,1,36,targ_class1,-152.0,-3.0
6,feature_blocks,feat_uni,4,1,37,targ_class2,222.0,331.0
6,feature_blocks,feat_uni,4,1,38,targ_class2,59.0,-214.0
6,feature_blocks,feat_uni,4,1,39,targ_class1,165.0,-252.0
6,feature_blocks,feat_uni,4,1,40,targ_class2,-187.0,-243.0
6,feature_blocks,feat_uni,4,1,41,targ_class1,-108.0,287.0
6,feature_blocks,feat_uni,4,1,42,dist_class2,-156.0,-309.0
6,feature_blocks,feat_uni,4,1,43,dist_class2,128.0,-312.0
6,feature_blocks,feat_uni,4,1,44,dist_class2,91.0,-120.0
6,feature_blocks,feat_uni,4,1,45,dist_class1,73.0,332.0
6,feature_blocks,feat_uni,4,1,46,dist_class2,342.0,166.0
6,feature_blocks,feat_uni,4,1,47,dist_class1,318.0,-252.0
6,feature_blocks,feat_uni,4,1,48,targ_class1,-57.0,-281.0
6,feature_blocks,feat_uni,4,1,49,dist_class1,275.0,62.0
6,feature_blocks,feat_rot,0,1,1,targ_class2,4.0,-470.0
6,feature_blocks,feat_rot,0,1,2,dist_class2,82.0,-391.0
6,feature_blocks,feat_rot,0,1,3,targ_class1,154.0,-312.0
6,feature_blocks,feat_rot,0,1,4,dist_class2,247.0,-205.0
6,feature_blocks,feat_rot,0,1,5,targ_class1,320.0,-145.0
6,feature_blocks,feat_rot,0,1,6,targ_class2,391.0,-60.0
6,feature_blocks,feat_rot,0,1,7,dist_class1,468.0,4.0
6,feature_blocks,feat_rot,0,1,8,targ_class1,-71.0,-386.0
6,feature_blocks,feat_rot,0,1,9,dist_class1,-6.0,-320.0
6,feature_blocks,feat_rot,0,1,10,dist_class1,82.0,-237.0
6,feature_blocks,feat_rot,0,1,11,targ_class1,159.0,-137.0
6,feature_blocks,feat_rot,0,1,12,targ_class2,249.0,-71.0
6,feature_blocks,feat_rot,0,1,13,dist_class2,311.0,-5.0
6,feature_blocks,feat_rot,0,1,14,targ_class1,372.0,74.0
6,feature_blocks,feat_rot,0,1,15,dist_class2,-166.0,-301.0
6,feature_blocks,feat_rot,0,1,16,targ_class1,-61.0,-247.0
6,feature_blocks,feat_rot,0,1,17,targ_class2,3.0,-164.0
6,feature_blocks,feat_rot,0,1,18,targ_class1,79.0,-65.0
6,feature_blocks,feat_rot,0,1,19,targ_class1,156.0,5.0
6,feature_blocks,feat_rot,0,1,20,dist_class1,212.0,91.0
6,feature_blocks,feat_rot,0,1,21,targ_class1,319.0,150.0
6,feature_blocks,feat_rot,0,1,22,dist_class1,-213.0,-246.0
6,feature_blocks,feat_rot,0,1,23,dist_class2,-147.0,-145.0
6,feature_blocks,feat_rot,0,1,24,targ_class2,-75.0,-63.0
6,feature_blocks,feat_rot,0,1,25,dist_class1,-13.0,6.0
6,feature_blocks,feat_rot,0,1,26,dist_class2,70.0,88.0
6,feature_blocks,feat_rot,0,1,27,targ_class2,166.0,175.0
6,feature_blocks,feat_rot,0,1,28,dist_class2,232.0,238.0
6,feature_blocks,feat_rot,0,1,29,dist_class1,-300.0,-135.0
6,feature_blocks,feat_rot,0,1,30,targ_class2,-231.0,-55.0
6,feature_blocks,feat_rot,0,1,31,dist_class2,-161.0,4.0
6,feature_blocks,feat_rot,0,1,32,targ_class1,-80.0,62.0
6,feature_blocks,feat_rot,0,1,33,targ_class2,-9.0,174.0
6,feature_blocks,feat_rot,0,1,34,targ_class2,64.0,223.0
6,feature_blocks,feat_rot,0,1,35,targ_class2,153.0,298.0
6,feature_blocks,feat_rot,0,1,36,dist_class2,-378.0,-90.0
6,feature_blocks,feat_rot,0,1,37,targ_class2,-314.0,-12.0
6,feature_blocks,feat_rot,0,1,38,targ_class1,-235.0,66.0
6,feature_blocks,feat_rot,0,1,39,dist_class2,-149.0,137.0
6,feature_blocks,feat_rot,0,1,40,dist_class2,-67.0,236.0
6,feature_blocks,feat_rot,0,1,41,dist_class2,4.0,307.0
6,feature_blocks,feat_rot,0,1,42,dist_class1,69.0,394.0
6,feature_blocks,feat_rot,0,1,43,dist_class1,-458.0,-3.0
6,feature_blocks,feat_rot,0,1,44,dist_class1,-398.0,80.0
6,feature_blocks,feat_rot,0,1,45,dist_class1,-302.0,154.0
6,feature_blocks,feat_rot,0,1,46,dist_class2,-228.0,222.0
6,feature_blocks,feat_rot,0,1,47,targ_class2,-159.0,299.0
6,feature_blocks,feat_rot,0,1,48,dist_class1,-74.0,396.0
6,feature_blocks,feat_rot,0,1,49,targ_class1,-3.0,462.0
6,feature_blocks,feat_grid,2,1,1,targ_class2,-338.0,-328.0
6,feature_blocks,feat_grid,2,1,2,targ_class1,-214.0,-337.0
6,feature_blocks,feat_grid,2,1,3,dist_class2,-102.0,-345.0
6,feature_blocks,feat_grid,2,1,4,targ_class2,-6.0,-333.0
6,feature_blocks,feat_grid,2,1,5,dist_class2,98.0,-321.0
6,feature_blocks,feat_grid,2,1,6,dist_class1,209.0,-330.0
6,feature_blocks,feat_grid,2,1,7,targ_class2,316.0,-333.0
6,feature_blocks,feat_grid,2,1,8,dist_class1,-326.0,-224.0
6,feature_blocks,feat_grid,2,1,9,dist_class2,-223.0,-213.0
6,feature_blocks,feat_grid,2,1,10,targ_class1,-107.0,-201.0
6,feature_blocks,feat_grid,2,1,11,targ_class1,15.0,-236.0
6,feature_blocks,feat_grid,2,1,12,dist_class2,122.0,-219.0
6,feature_blocks,feat_grid,2,1,13,dist_class2,232.0,-220.0
6,feature_blocks,feat_grid,2,1,14,targ_class2,325.0,-223.0
6,feature_blocks,feat_grid,2,1,15,dist_class2,-308.0,-100.0
6,feature_blocks,feat_grid,2,1,16,dist_class2,-207.0,-104.0
6,feature_blocks,feat_grid,2,1,17,targ_class1,-108.0,-114.0
6,feature_blocks,feat_grid,2,1,18,targ_class1,-9.0,-109.0
6,feature_blocks,feat_grid,2,1,19,dist_class1,108.0,-99.0
6,feature_blocks,feat_grid,2,1,20,targ_class2,204.0,-99.0
6,feature_blocks,feat_grid,2,1,21,targ_class1,326.0,-114.0
6,feature_blocks,feat_grid,2,1,22,dist_class1,-333.0,-0.0
6,feature_blocks,feat_grid,2,1,23,dist_class2,-229.0,4.0
6,feature_blocks,feat_grid,2,1,24,targ_class2,-104.0,-2.0
6,feature_blocks,feat_grid,2,1,25,dist_class1,2.0,3.0
6,feature_blocks,feat_grid,2,1,26,dist_class2,97.0,-4.0
6,feature_blocks,feat_grid,2,1,27,targ_class2,232.0,15.0
6,feature_blocks,feat_grid,2,1,28,dist_class2,319.0,-1.0
6,feature_blocks,feat_grid,2,1,29,dist_class2,-327.0,92.0
6,feature_blocks,feat_grid,2,1,30,targ_class2,-218.0,88.0
6,feature_blocks,feat_grid,2,1,31,targ_class1,-105.0,103.0
6,feature_blocks,feat_grid,2,1,32,dist_class1,-15.0,119.0
6,feature_blocks,feat_grid,2,1,33,targ_class1,99.0,113.0
6,feature_blocks,feat_grid,2,1,34,targ_class1,214.0,108.0
6,feature_blocks,feat_grid,2,1,35,targ_class1,324.0,102.0
6,feature_blocks,feat_grid,2,1,36,dist_class1,-324.0,219.0
6,feature_blocks,feat_grid,2,1,37,targ_class2,-217.0,224.0
6,feature_blocks,feat_grid,2,1,38,dist_class1,-111.0,193.0
6,feature_blocks,feat_grid,2,1,39,targ_class2,-6.0,207.0
6,feature_blocks,feat_grid,2,1,40,targ_class2,112.0,209.0
6,feature_blocks,feat_grid,2,1,41,targ_class1,229.0,212.0
6,feature_blocks,feat_grid,2,1,42,dist_class1,331.0,235.0
6,feature_blocks,feat_grid,2,1,43,dist_class1,-319.0,344.0
6,feature_blocks,feat_grid,2,1,44,dist_class1,-221.0,317.0
6,feature_blocks,feat_grid,2,1,45,targ_class1,-102.0,331.0
6,feature_blocks,feat_grid,2,1,46,targ_class2,-5.0,320.0
6,feature_blocks,feat_grid,2,1,47,dist_class2,129.0,331.0
6,feature_blocks,feat_grid,2,1,48,dist_class1,214.0,326.0
6,feature_blocks,feat_grid,2,1,49,dist_class2,321.0,310.0
6,feature_blocks,feat_grid,3,1,1,targ_class1,-313.0,-336.0
6,feature_blocks,feat_grid,3,1,2,dist_class2,-210.0,-308.0
6,feature_blocks,feat_grid,3,1,3,targ_class2,-113.0,-315.0
6,feature_blocks,feat_grid,3,1,4,targ_class1,6.0,-319.0
6,feature_blocks,feat_grid,3,1,5,targ_class2,98.0,-323.0
6,feature_blocks,feat_grid,3,1,6,dist_class2,233.0,-332.0
6,feature_blocks,feat_grid,3,1,7,targ_class2,316.0,-343.0
6,feature_blocks,feat_grid,3,1,8,targ_class2,-338.0,-219.0
6,feature_blocks,feat_grid,3,1,9,targ_class2,-209.0,-224.0
6,feature_blocks,feat_grid,3,1,10,targ_class1,-113.0,-197.0
6,feature_blocks,feat_grid,3,1,11,targ_class1,3.0,-235.0
6,feature_blocks,feat_grid,3,1,12,targ_class2,112.0,-213.0
6,feature_blocks,feat_grid,3,1,13,dist_class1,214.0,-226.0
6,feature_blocks,feat_grid,3,1,14,dist_class2,320.0,-210.0
6,feature_blocks,feat_grid,3,1,15,targ_class1,-319.0,-115.0
6,feature_blocks,feat_grid,3,1,16,dist_class2,-199.0,-105.0
6,feature_blocks,feat_grid,3,1,17,dist_class2,-102.0,-92.0
6,feature_blocks,feat_grid,3,1,18,dist_class1,16.0,-103.0
6,feature_blocks,feat_grid,3,1,19,dist_class2,110.0,-101.0
6,feature_blocks,feat_grid,3,1,20,targ_class2,220.0,-117.0
6,feature_blocks,feat_grid,3,1,21,targ_class2,339.0,-104.0
6,feature_blocks,feat_grid,3,1,22,dist_class1,-321.0,-6.0
6,feature_blocks,feat_grid,3,1,23,targ_class1,-216.0,-3.0
6,feature_blocks,feat_grid,3,1,24,targ_class1,-104.0,1.0
6,feature_blocks,feat_grid,3,1,25,dist_class2,15.0,9.0
6,feature_blocks,feat_grid,3,1,26,dist_class2,104.0,14.0
6,feature_blocks,feat_grid,3,1,27,dist_class2,218.0,-11.0
6,feature_blocks,feat_grid,3,1,28,targ_class1,332.0,22.0
6,feature_blocks,feat_grid,3,1,29,targ_class1,-332.0,101.0
6,feature_blocks,feat_grid,3,1,30,dist_class1,-232.0,115.0
6,feature_blocks,feat_grid,3,1,31,dist_class1,-109.0,98.0
6,feature_blocks,feat_grid,3,1,32,dist_class1,-13.0,106.0
6,feature_blocks,feat_grid,3,1,33,dist_class1,122.0,118.0
6,feature_blocks,feat_grid,3,1,34,dist_class1,224.0,103.0
6,feature_blocks,feat_grid,3,1,35,targ_class1,325.0,90.0
6,feature_blocks,feat_grid,3,1,36,targ_class1,-321.0,215.0
6,feature_blocks,feat_grid,3,1,37,dist_class2,-207.0,212.0
6,feature_blocks,feat_grid,3,1,38,targ_class1,-112.0,213.0
6,feature_blocks,feat_grid,3,1,39,dist_class1,9.0,209.0
6,feature_blocks,feat_grid,3,1,40,targ_class2,98.0,221.0
6,feature_blocks,feat_grid,3,1,41,targ_class2,224.0,204.0
6,feature_blocks,feat_grid,3,1,42,targ_class2,316.0,209.0
6,feature_blocks,feat_grid,3,1,43,dist_class1,-300.0,338.0
6,feature_blocks,feat_grid,3,1,44,dist_class2,-223.0,330.0
6,feature_blocks,feat_grid,3,1,45,dist_class1,-119.0,296.0
6,feature_blocks,feat_grid,3,1,46,dist_class2,-5.0,321.0
6,feature_blocks,feat_grid,3,1,47,dist_class2,100.0,338.0
6,feature_blocks,feat_grid,3,1,48,dist_class1,205.0,314.0
6,feature_blocks,feat_grid,3,1,49,targ_class2,333.0,333.0
6,feature_blocks,feat_uni,0,1,1,targ_class2,-7.0,-116.0
6,feature_blocks,feat_uni,0,1,2,targ_class1,-124.0,54.0
6,feature_blocks,feat_uni,0,1,3,dist_class1,226.0,186.0
6,feature_blocks,feat_uni,0,1,4,targ_class2,309.0,-198.0
6,feature_blocks,feat_uni,0,1,5,targ_class2,24.0,290.0
6,feature_blocks,feat_uni,0,1,6,targ_class1,-328.0,-53.0
6,feature_blocks,feat_uni,0,1,7,dist_class1,-360.0,291.0
6,feature_blocks,feat_uni,0,1,8,targ_class1,-223.0,325.0
6,feature_blocks,feat_uni,0,1,9,dist_class1,-125.0,188.0
6,feature_blocks,feat_uni,0,1,10,targ_class2,323.0,-84.0
6,feature_blocks,feat_uni,0,1,11,dist_class1,172.0,53.0
6,feature_blocks,feat_uni,0,1,12,targ_class1,167.0,-219.0
6,feature_blocks,feat_uni,0,1,13,targ_class2,114.0,334.0
6,feature_blocks,feat_uni,0,1,14,dist_class2,-266.0,69.0
6,feature_blocks,feat_uni,0,1,15,dist_class2,302.0,-360.0
6,feature_blocks,feat_uni,0,1,16,dist_class2,83.0,-158.0
6,feature_blocks,feat_uni,0,1,17,targ_class2,215.0,-53.0
6,feature_blocks,feat_uni,0,1,18,dist_class1,-146.0,-70.0
6,feature_blocks,feat_uni,0,1,19,dist_class1,167.0,-26.0
6,feature_blocks,feat_uni,0,1,20,targ_class1,341.0,353.0
6,feature_blocks,feat_uni,0,1,21,dist_class2,-35.0,-355.0
6,feature_blocks,feat_uni,0,1,22,dist_class2,-14.0,-198.0
6,feature_blocks,feat_uni,0,1,23,dist_class1,318.0,-276.0
6,feature_blocks,feat_uni,0,1,24,dist_class2,38.0,235.0
6,feature_blocks,feat_uni,0,1,25,targ_class2,-43.0,174.0
6,feature_blocks,feat_uni,0,1,26,targ_class2,-73.0,294.0
6,feature_blocks,feat_uni,0,1,27,targ_class2,187.0,324.0
6,feature_blocks,feat_uni,0,1,28,targ_class1,210.0,10.0
6,feature_blocks,feat_uni,0,1,29,dist_class2,211.0,-256.0
6,feature_blocks,feat_uni,0,1,30,targ_class2,262.0,-167.0
6,feature_blocks,feat_uni,0,1,31,dist_class1,94.0,231.0
6,feature_blocks,feat_uni,0,1,32,targ_class1,-332.0,-125.0
6,feature_blocks,feat_uni,0,1,33,targ_class1,295.0,7.0
6,feature_blocks,feat_uni,0,1,34,dist_class2,267.0,-255.0
6,feature_blocks,feat_uni,0,1,35,dist_class2,193.0,232.0
6,feature_blocks,feat_uni,0,1,36,dist_class2,-132.0,308.0
6,feature_blocks,feat_uni,0,1,37,targ_class1,28.0,-160.0
6,feature_blocks,feat_uni,0,1,38,targ_class1,101.0,-211.0
6,feature_blocks,feat_uni,0,1,39,targ_class2,123.0,24.0
6,feature_blocks,feat_uni,0,1,40,dist_class1,-62.0,-168.0
6,feature_blocks,feat_uni,0,1,41,dist_class1,-196.0,-353.0
6,feature_blocks,feat_uni,0,1,42,dist_class1,-174.0,352.0
6,feature_blocks,feat_uni,0,1,43,targ_class2,72.0,45.0
6,feature_blocks,feat_uni,0,1,44,dist_class2,13.0,170.0
6,feature_blocks,feat_uni,0,1,45,targ_class1,-316.0,343.0
6,feature_blocks,feat_uni,0,1,46,targ_class1,268.0,-72.0
6,feature_blocks,feat_uni,0,1,47,dist_class2,292.0,63.0
6,feature_blocks,feat_uni,0,1,48,dist_class1,84.0,287.0
6,feature_blocks,feat_uni,0,1,49,dist_class2,-223.0,-169.0
6,feature_blocks,feat_grid,1,1,1,dist_class1,-330.0,-312.0
6,feature_blocks,feat_grid,1,1,2,dist_class1,-206.0,-341.0
6,feature_blocks,feat_grid,1,1,3,targ_class2,-106.0,-310.0
6,feature_blocks,feat_grid,1,1,4,targ_class1,-11.0,-333.0
6,feature_blocks,feat_grid,1,1,5,dist_class2,101.0,-325.0
6,feature_blocks,feat_grid,1,1,6,dist_class1,209.0,-322.0
6,feature_blocks,feat_grid,1,1,7,dist_class1,323.0,-311.0
6,feature_blocks,feat_grid,1,1,8,targ_class1,-326.0,-232.0
6,feature_blocks,feat_grid,1,1,9,dist_class1,-224.0,-206.0
6,feature_blocks,feat_grid,1,1,10,dist_class2,-98.0,-216.0
6,feature_blocks,feat_grid,1,1,11,dist_class2,-4.0,-195.0
6,feature_blocks,feat_grid,1,1,12,dist_class2,110.0,-220.0
6,feature_blocks,feat_grid,1,1,13,targ_class1,231.0,-208.0
6,feature_blocks,feat_grid,1,1,14,dist_class2,307.0,-229.0
6,feature_blocks,feat_grid,1,1,15,dist_class2,-340.0,-118.0
6,feature_blocks,feat_grid,1,1,16,dist_class1,-216.0,-121.0
6,feature_blocks,feat_grid,1,1,17,targ_class2,-118.0,-99.0
6,feature_blocks,feat_grid,1,1,18,dist_class2,-7.0,-124.0
6,feature_blocks,feat_grid,1,1,19,targ_class1,111.0,-99.0
6,feature_blocks,feat_grid,1,1,20,dist_class1,215.0,-107.0
6,feature_blocks,feat_grid,1,1,21,dist_class1,320.0,-86.0
6,feature_blocks,feat_grid,1,1,22,dist_class1,-335.0,7.0
6,feature_blocks,feat_grid,1,1,23,dist_class2,-223.0,12.0
6,feature_blocks,feat_grid,1,1,24,dist_class2,-111.0,-2.0
6,feature_blocks,feat_grid,1,1,25,targ_class2,12.0,-11.0
6,feature_blocks,feat_grid,1,1,26,dist_class1,106.0,-17.0
6,feature_blocks,feat_grid,1,1,27,dist_class1,208.0,13.0
6,feature_blocks,feat_grid,1,1,28,targ_class1,314.0,-4.0
6,feature_blocks,feat_grid,1,1,29,targ_class2,-323.0,92.0
6,feature_blocks,feat_grid,1,1,30,targ_class1,-197.0,109.0
6,feature_blocks,feat_grid,1,1,31,dist_class1,-97.0,112.0
6,feature_blocks,feat_grid,1,1,32,targ_class2,-6.0,95.0
6,feature_blocks,feat_grid,1,1,33,targ_class1,91.0,106.0
6,feature_blocks,feat_grid,1,1,34,dist_class2,217.0,113.0
6,feature_blocks,feat_grid,1,1,35,targ_class1,322.0,110.0
6,feature_blocks,feat_grid,1,1,36,targ_class2,-317.0,214.0
6,feature_blocks,feat_grid,1,1,37,dist_class2,-218.0,216.0
6,feature_blocks,feat_grid,1,1,38,dist_class2,-109.0,235.0
6,feature_blocks,feat_grid,1,1,39,dist_class2,-2.0,225.0
6,feature_blocks,feat_grid,1,1,40,targ_class2,94.0,218.0
6,feature_blocks,feat_grid,1,1,41,targ_class1,204.0,208.0
6,feature_blocks,feat_grid,1,1,42,targ_class1,332.0,211.0
6,feature_blocks,feat_grid,1,1,43,targ_class1,-330.0,315.0
6,feature_blocks,feat_grid,1,1,44,targ_class2,-221.0,321.0
6,feature_blocks,feat_grid,1,1,45,targ_class2,-101.0,331.0
6,feature_blocks,feat_grid,1,1,46,targ_class1,5.0,314.0
6,feature_blocks,feat_grid,1,1,47,targ_class2,104.0,313.0
6,feature_blocks,feat_grid,1,1,48,targ_class2,218.0,333.0
6,feature_blocks,feat_grid,1,1,49,targ_class2,320.0,311.0
6,feature_blocks,feat_grid,4,1,1,targ_class2,-318.0,-341.0
6,feature_blocks,feat_grid,4,1,2,dist_class2,-207.0,-349.0
6,feature_blocks,feat_grid,4,1,3,dist_class1,-122.0,-307.0
6,feature_blocks,feat_grid,4,1,4,targ_class1,4.0,-320.0
6,feature_blocks,feat_grid,4,1,5,dist_class2,107.0,-327.0
6,feature_blocks,feat_grid,4,1,6,targ_class2,219.0,-313.0
6,feature_blocks,feat_grid,4,1,7,dist_class2,312.0,-336.0
6,feature_blocks,feat_grid,4,1,8,dist_class2,-319.0,-219.0
6,feature_blocks,feat_grid,4,1,9,targ_class2,-236.0,-208.0
6,feature_blocks,feat_grid,4,1,10,targ_class2,-107.0,-216.0
6,feature_blocks,feat_grid,4,1,11,dist_class1,-18.0,-212.0
6,feature_blocks,feat_grid,4,1,12,dist_class1,103.0,-206.0
6,feature_blocks,feat_grid,4,1,13,dist_class2,224.0,-204.0
6,feature_blocks,feat_grid,4,1,14,targ_class1,317.0,-250.0
6,feature_blocks,feat_grid,4,1,15,dist_class1,-335.0,-101.0
6,feature_blocks,feat_grid,4,1,16,targ_class1,-221.0,-106.0
6,feature_blocks,feat_grid,4,1,17,targ_class1,-114.0,-106.0
6,feature_blocks,feat_grid,4,1,18,targ_class1,-15.0,-101.0
6,feature_blocks,feat_grid,4,1,19,targ_class1,92.0,-106.0
6,feature_blocks,feat_grid,4,1,20,targ_class1,186.0,-125.0
6,feature_blocks,feat_grid,4,1,21,dist_class1,327.0,-93.0
6,feature_blocks,feat_grid,4,1,22,targ_class1,-318.0,-6.0
6,feature_blocks,feat_grid,4,1,23,targ_class2,-218.0,-0.0
6,feature_blocks,feat_grid,4,1,24,dist_class1,-113.0,1.0
6,feature_blocks,feat_grid,4,1,25,targ_class1,-14.0,-13.0
6,feature_blocks,feat_grid,4,1,26,dist_class2,104.0,-2.0
6,feature_blocks,feat_grid,4,1,27,dist_class1,219.0,9.0
6,feature_blocks,feat_grid,4,1,28,targ_class2,302.0,-4.0
6,feature_blocks,feat_grid,4,1,29,dist_class1,-317.0,122.0
6,feature_blocks,feat_grid,4,1,30,targ_class2,-217.0,104.0
6,feature_blocks,feat_grid,4,1,31,dist_class2,-115.0,102.0
6,feature_blocks,feat_grid,4,1,32,targ_class2,6.0,116.0
6,feature_blocks,feat_grid,4,1,33,dist_class2,123.0,100.0
6,feature_blocks,feat_grid,4,1,34,targ_class2,202.0,111.0
6,feature_blocks,feat_grid,4,1,35,targ_class2,309.0,118.0
6,feature_blocks,feat_grid,4,1,36,targ_class1,-341.0,229.0
6,feature_blocks,feat_grid,4,1,37,dist_class1,-189.0,210.0
6,feature_blocks,feat_grid,4,1,38,dist_class1,-112.0,213.0
6,feature_blocks,feat_grid,4,1,39,targ_class2,-3.0,188.0
6,feature_blocks,feat_grid,4,1,40,dist_class2,104.0,221.0
6,feature_blocks,feat_grid,4,1,41,targ_class1,212.0,218.0
6,feature_blocks,feat_grid,4,1,42,dist_class1,311.0,229.0
6,feature_blocks,feat_grid,4,1,43,dist_class2,-322.0,338.0
6,feature_blocks,feat_grid,4,1,44,targ_class2,-201.0,329.0
6,feature_blocks,feat_grid,4,1,45,dist_class2,-121.0,312.0
6,feature_blocks,feat_grid,4,1,46,dist_class2,0.0,319.0
6,feature_blocks,feat_grid,4,1,47,dist_class2,114.0,325.0
6,feature_blocks,feat_grid,4,1,48,dist_class1,227.0,319.0
6,feature_blocks,feat_grid,4,1,49,targ_class1,330.0,344.0
6,feature_blocks,feat_grid,0,1,1,dist_class2,-323.0,-338.0
6,feature_blocks,feat_grid,0,1,2,targ_class1,-213.0,-313.0
6,feature_blocks,feat_grid,0,1,3,targ_class1,-125.0,-320.0
6,feature_blocks,feat_grid,0,1,4,dist_class2,-11.0,-323.0
6,feature_blocks,feat_grid,0,1,5,targ_class1,95.0,-336.0
6,feature_blocks,feat_grid,0,1,6,targ_class2,206.0,-309.0
6,feature_blocks,feat_grid,0,1,7,targ_class1,330.0,-335.0
6,feature_blocks,feat_grid,0,1,8,targ_class1,-326.0,-202.0
6,feature_blocks,feat_grid,0,1,9,dist_class1,-211.0,-223.0
6,feature_blocks,feat_grid,0,1,10,targ_class1,-113.0,-231.0
6,feature_blocks,feat_grid,0,1,11,dist_class2,-12.0,-217.0
6,feature_blocks,feat_grid,0,1,12,dist_class1,102.0,-218.0
6,feature_blocks,feat_grid,0,1,13,targ_class1,209.0,-221.0
6,feature_blocks,feat_grid,0,1,14,targ_class2,338.0,-208.0
6,feature_blocks,feat_grid,0,1,15,targ_class2,-326.0,-104.0
6,feature_blocks,feat_grid,0,1,16,dist_class2,-224.0,-110.0
6,feature_blocks,feat_grid,0,1,17,dist_class2,-113.0,-106.0
6,feature_blocks,feat_grid,0,1,18,targ_class2,-8.0,-83.0
6,feature_blocks,feat_grid,0,1,19,dist_class2,124.0,-86.0
6,feature_blocks,feat_grid,0,1,20,dist_class1,214.0,-121.0
6,feature_blocks,feat_grid,0,1,21,targ_class2,332.0,-92.0
6,feature_blocks,feat_grid,0,1,22,dist_class2,-318.0,-8.0
6,feature_blocks,feat_grid,0,1,23,targ_class2,-220.0,5.0
6,feature_blocks,feat_grid,0,1,24,targ_class1,-99.0,11.0
6,feature_blocks,feat_grid,0,1,25,dist_class1,2.0,-2.0
6,feature_blocks,feat_grid,0,1,26,dist_class1,116.0,-10.0
6,feature_blocks,feat_grid,0,1,27,dist_class2,217.0,-8.0
6,feature_blocks,feat_grid,0,1,28,targ_class2,310.0,-3.0
6,feature_blocks,feat_grid,0,1,29,targ_class1,-328.0,123.0
6,feature_blocks,feat_grid,0,1,30,targ_class2,-211.0,94.0
6,feature_blocks,feat_grid,0,1,31,targ_class2,-94.0,115.0
6,feature_blocks,feat_grid,0,1,32,dist_class1,-0.0,113.0
6,feature_blocks,feat_grid,0,1,33,dist_class1,121.0,112.0
6,feature_blocks,feat_grid,0,1,34,targ_class2,218.0,120.0
6,feature_blocks,feat_grid,0,1,35,dist_class2,322.0,102.0
6,feature_blocks,feat_grid,0,1,36,targ_class2,-309.0,203.0
6,feature_blocks,feat_grid,0,1,37,dist_class2,-224.0,216.0
6,feature_blocks,feat_grid,0,1,38,dist_class2,-109.0,221.0
6,feature_blocks,feat_grid,0,1,39,dist_class1,-3.0,224.0
6,feature_blocks,feat_grid,0,1,40,targ_class1,117.0,208.0
6,feature_blocks,feat_grid,0,1,41,targ_class1,218.0,223.0
6,feature_blocks,feat_grid,0,1,42,targ_class2,336.0,225.0
6,feature_blocks,feat_grid,0,1,43,dist_class1,-318.0,336.0
6,feature_blocks,feat_grid,0,1,44,dist_class2,-203.0,340.0
6,feature_blocks,feat_grid,0,1,45,dist_class1,-115.0,316.0
6,feature_blocks,feat_grid,0,1,46,dist_class1,13.0,316.0
6,feature_blocks,feat_grid,0,1,47,targ_class1,93.0,325.0
6,feature_blocks,feat_grid,0,1,48,dist_class1,215.0,337.0
6,feature_blocks,feat_grid,0,1,49,dist_class2,329.0,315.0
6,feature_blocks,feat_uni,3,1,1,dist_class1,103.0,138.0
6,feature_blocks,feat_uni,3,1,2,targ_class1,-84.0,267.0
6,feature_blocks,feat_uni,3,1,3,dist_class1,1.0,-130.0
6,feature_blocks,feat_uni,3,1,4,targ_class2,198.0,242.0
6,feature_blocks,feat_uni,3,1,5,targ_class1,251.0,214.0
6,feature_blocks,feat_uni,3,1,6,targ_class1,30.0,129.0
6,feature_blocks,feat_uni,3,1,7,targ_class1,145.0,223.0
6,feature_blocks,feat_uni,3,1,8,dist_class2,-154.0,-349.0
6,feature_blocks,feat_uni,3,1,9,dist_class2,-321.0,-346.0
6,feature_blocks,feat_uni,3,1,10,dist_class1,338.0,341.0
6,feature_blocks,feat_uni,3,1,11,dist_class1,343.0,166.0
6,feature_blocks,feat_uni,3,1,12,targ_class1,-128.0,306.0
6,feature_blocks,feat_uni,3,1,13,dist_class2,-299.0,173.0
6,feature_blocks,feat_uni,3,1,14,targ_class2,-282.0,-163.0
6,feature_blocks,feat_uni,3,1,15,targ_class2,15.0,-59.0
6,feature_blocks,feat_uni,3,1,16,targ_class2,-312.0,-290.0
6,feature_blocks,feat_uni,3,1,17,dist_class1,-221.0,275.0
6,feature_blocks,feat_uni,3,1,18,dist_class1,-267.0,47.0
6,feature_blocks,feat_uni,3,1,19,dist_class2,-216.0,-174.0
6,feature_blocks,feat_uni,3,1,20,targ_class2,337.0,285.0
6,feature_blocks,feat_uni,3,1,21,dist_class1,-219.0,17.0
6,feature_blocks,feat_uni,3,1,22,targ_class1,-100.0,91.0
6,feature_blocks,feat_uni,3,1,23,dist_class1,147.0,-273.0
6,feature_blocks,feat_uni,3,1,24,targ_class2,-241.0,223.0
6,feature_blocks,feat_uni,3,1,25,targ_class1,-134.0,239.0
6,feature_blocks,feat_uni,3,1,26,dist_class1,54.0,-166.0
6,feature_blocks,feat_uni,3,1,27,targ_class1,-162.0,100.0
6,feature_blocks,feat_uni,3,1,28,dist_class2,6.0,-219.0
6,feature_blocks,feat_uni,3,1,29,targ_class1,136.0,91.0
6,feature_blocks,feat_uni,3,1,30,dist_class2,71.0,-59.0
6,feature_blocks,feat_uni,3,1,31,targ_class1,320.0,-75.0
6,feature_blocks,feat_uni,3,1,32,dist_class2,90.0,215.0
6,feature_blocks,feat_uni,3,1,33,targ_class2,-148.0,-291.0
6,feature_blocks,feat_uni,3,1,34,targ_class2,258.0,-47.0
6,feature_blocks,feat_uni,3,1,35,dist_class2,226.0,-131.0
6,feature_blocks,feat_uni,3,1,36,dist_class2,299.0,56.0
6,feature_blocks,feat_uni,3,1,37,dist_class2,-243.0,-272.0
6,feature_blocks,feat_uni,3,1,38,dist_class2,-43.0,-247.0
6,feature_blocks,feat_uni,3,1,39,dist_class2,-210.0,-119.0
6,feature_blocks,feat_uni,3,1,40,dist_class2,-100.0,-247.0
6,feature_blocks,feat_uni,3,1,41,targ_class2,-205.0,-229.0
6,feature_blocks,feat_uni,3,1,42,dist_class1,-193.0,148.0
6,feature_blocks,feat_uni,3,1,43,targ_class2,67.0,358.0
6,feature_blocks,feat_uni,3,1,44,targ_class1,143.0,-73.0
6,feature_blocks,feat_uni,3,1,45,dist_class1,207.0,179.0
6,feature_blocks,feat_uni,3,1,46,dist_class1,325.0,-317.0
6,feature_blocks,feat_uni,3,1,47,targ_class2,-338.0,133.0
6,feature_blocks,feat_uni,3,1,48,targ_class2,-15.0,-319.0
6,feature_blocks,feat_uni,3,1,49,targ_class1,-135.0,-92.0
