person,block,condition,trial,attempt,id,item_class,x,y
11,prac_feat,feat_grid,0,1,1,dist_class2,-340.0,-321.0
11,prac_feat,feat_grid,0,1,2,dist_class1,-221.0,-331.0
11,prac_feat,feat_grid,0,1,3,dist_class2,-98.0,-354.0
11,prac_feat,feat_grid,0,1,4,targ_class2,-3.0,-302.0
11,prac_feat,feat_grid,0,1,5,dist_class1,102.0,-315.0
11,prac_feat,feat_grid,0,1,6,dist_class2,210.0,-320.0
11,prac_feat,feat_grid,0,1,7,targ_class2,339.0,-316.0
11,prac_feat,feat_grid,0,1,8,targ_class1,-332.0,-216.0
11,prac_feat,feat_grid,0,1,9,dist_class1,-218.0,-229.0
11,prac_feat,feat_grid,0,1,10,targ_class2,-98.0,-222.0
11,prac_feat,feat_grid,0,1,11,targ_class1,7.0,-216.0
11,prac_feat,feat_grid,0,1,12,dist_class1,109.0,-235.0
11,prac_feat,feat_grid,0,1,13,dist_class1,212.0,-205.0
11,prac_feat,feat_grid,0,1,14,targ_class2,310.0,-217.0
11,prac_feat,feat_grid,0,1,15,dist_class1,-317.0,-102.0
11,prac_feat,feat_grid,0,1,16,targ_class2,-220.0,-103.0
11,prac_feat,feat_grid,0,1,17,targ_class1,-111.0,-116.0
11,prac_feat,feat_grid,0,1,18,targ_class2,3.0,-107.0
11,prac_feat,feat_grid,0,1,19,targ_class1,124.0,-104.0
11,prac_feat,feat_grid,0,1,20,dist_class1,219.0,-100.0
11,prac_feat,feat_grid,0,1,21,targ_class1,312.0,-111.0
11,prac_feat,feat_grid,0,1,22,targ_class1,-319.0,-11.0
11,prac_feat,feat_grid,0,1,23,dist_class2,-211.0,5.0
11,prac_feat,feat_grid,0,1,24,dist_class2,-121.0,-12.0
11,prac_feat,feat_grid,0,1,25,targ_class2,-2.0,14.0
11,prac_feat,feat_grid,0,1,26,dist_class2,115.0,-5.0
11,prac_feat,feat_grid,0,1,27,dist_class1,238.0,-15.0
11,prac_feat,feat_grid,0,1,28,targ_class1,322.0,16.0
11,prac_feat,feat_grid,0,1,29,targ_class1,-322.0,123.0
11,prac_feat,feat_grid,0,1,30,dist_class1,-233.0,106.0
11,prac_feat,feat_grid,0,1,31,targ_class2,-93.0,103.0
11,prac_feat,feat_grid,0,1,32,targ_class2,8.0,107.0
11,prac_feat,feat_grid,0,1,33,dist_class2,102.0,113.0
11,prac_feat,feat_grid,0,1,34,targ_class1,213.0,87.0
11,prac_feat,feat_grid,0,1,35,dist_class2,327.0,86.0
11,prac_feat,feat_grid,0,1,36,dist_class2,-336.0,199.0
11,prac_feat,feat_grid,0,1,37,dist_class2,-208.0,226.0
11,prac_feat,feat_grid,0,1,38,dist_class1,-110.0,208.0
11,prac_feat,feat_grid,0,1,39,targ_class1,-3.0,202.0
11,prac_feat,feat_grid,0,1,40,dist_class2,121.0,196.0
11,prac_feat,feat_grid,0,1,41,dist_class2,210.0,208.0
11,prac_feat,feat_grid,0,1,42,dist_class2,334.0,220.0
11,prac_feat,feat_grid,0,1,43,targ_class1,-330.0,327.0
11,prac_feat,feat_grid,0,1,44,targ_class2,-213.0,322.0
11,prac_feat,feat_grid,0,1,45,dist_class1,-97.0,328.0
11,prac_feat,feat_grid,0,1,46,targ_class2,1.0,340.0
11,prac_feat,feat_grid,0,1,47,targ_class2,106.0,320.0
11,prac_feat,feat_grid,0,1,48,dist_class1,210.0,329.0
11,prac_feat,feat_grid,0,1,49,targ_class1,342.0,318.0
11,prac_feat,feat_grid,1,1,1,dist_class1,-322.0,-325.0
11,prac_feat,feat_grid,1,1,2,dist_class1,-232.0,-316.0
11,prac_feat,feat_grid,1,1,3,dist_class2,-104.0,-319.0
11,prac_feat,feat_grid,1,1,4,dist_class1,19.0,-314.0
11,prac_feat,feat_grid,1,1,5,dist_class1,119.0,-334.0
11,prac_feat,feat_grid,1,1,6,targ_class1,215.0,-319.0
11,prac_feat,feat_grid,1,1,7,dist_class1,333.0,-338.0
11,prac_feat,feat_grid,1,1,8,targ_class2,-306.0,-215.0
11,prac_feat,feat_grid,1,1,9,dist_class2,-212.0,-215.0
11,prac_feat,feat_grid,1,1,10,targ_class1,-118.0,-221.0
11,prac_feat,feat_grid,1,1,11,targ_class1,-6.0,-222.0
11,prac_feat,feat_grid,1,1,12,targ_class2,84.0,-216.0
11,prac_feat,feat_grid,1,1,13,dist_class1,214.0,-204.0
11,prac_feat,feat_grid,1,1,14,targ_class1,316.0,-208.0
11,prac_feat,feat_grid,1,1,15,dist_class2,-322.0,-108.0
11,prac_feat,feat_grid,1,1,16,targ_class2,-226.0,-123.0
11,prac_feat,feat_grid,1,1,17,targ_class1,-104.0,-116.0
11,prac_feat,feat_grid,1,1,18,targ_class2,2.0,-116.0
11,prac_feat,feat_grid,1,1,19,targ_class1,127.0,-105.0
11,prac_feat,feat_grid,1,1,20,targ_class2,204.0,-102.0
11,prac_feat,feat_grid,1,1,21,dist_class2,338.0,-102.0
11,prac_feat,feat_grid,1,1,22,targ_class1,-328.0,-11.0
11,prac_feat,feat_grid,1,1,23,dist_class2,-221.0,-5.0
11,prac_feat,feat_grid,1,1,24,targ_class2,-115.0,-31.0
11,prac_feat,feat_grid,1,1,25,targ_class2,-16.0,-6.0
11,prac_feat,feat_grid,1,1,26,dist_class2,103.0,17.0
11,prac_feat,feat_grid,1,1,27,dist_class2,220.0,5.0
11,prac_feat,feat_grid,1,1,28,targ_class2,315.0,-12.0
11,prac_feat,feat_grid,1,1,29,dist_class2,-319.0,115.0
11,prac_feat,feat_grid,1,1,30,targ_class1,-219.0,90.0
11,prac_feat,feat_grid,1,1,31,targ_class2,-114.0,120.0
11,prac_feat,feat_grid,1,1,32,dist_class2,-18.0,119.0
11,prac_feat,feat_grid,1,1,33,dist_class2,132.0,111.0
11,prac_feat,feat_grid,1,1,34,dist_class1,219.0,94.0
11,prac_feat,feat_grid,1,1,35,dist_class2,321.0,103.0
11,prac_feat,feat_grid,1,1,36,targ_class1,-324.0,225.0
11,prac_feat,feat_grid,1,1,37,dist_class2,-207.0,203.0
11,prac_feat,feat_grid,1,1,38,dist_class1,-94.0,215.0
11,prac_feat,feat_grid,1,1,39,dist_class1,0.0,221.0
11,prac_feat,feat_grid,1,1,40,targ_class2,88.0,217.0
11,prac_feat,feat_grid,1,1,41,dist_class1,219.0,232.0
11,prac_feat,feat_grid,1,1,42,targ_class1,322.0,198.0
11,prac_feat,feat_grid,1,1,43,targ_class1,-341.0,330.0
11,prac_feat,feat_grid,1,1,44,targ_class2,-222.0,323.0
11,prac_feat,feat_grid,1,1,45,targ_class1,-128.0,331.0
11,prac_feat,feat_grid,1,1,46,targ_class2,8.0,331.0
11,prac_feat,feat_grid,1,1,47,dist_class1,121.0,329.0
11,prac_feat,feat_grid,1,1,48,dist_class2,225.0,325.0
11,prac_feat,feat_grid,1,1,49,dist_class1,331.0,320.0
11,feature_blocks,feat_grid,1,1,1,targ_class1,-322.0,-308.0
11,feature_blocks,feat_grid,1,1,2,targ_class2,-221.0,-331.0
11,feature_blocks,feat_grid,1,1,3,dist_class2,-104.0,-334.0
11,feature_blocks,feat_grid,1,1,4,dist_class2,-18.0,-328.0
11,feature_blocks,feat_grid,1,1,5,targ_class2,104.0,-320.0
11,feature_blocks,feat_grid,1,1,6,dist_class2,225.0,-314.0
11,feature_blocks,feat_grid,1,1,7,dist_class1,332.0,-318.0
11,feature_blocks,feat_grid,1,1,8,targ_class1,-314.0,-223.0
11,feature_blocks,feat_grid,1,1,9,targ_class1,-217.0,-209.0
11,feature_blocks,feat_grid,1,1,10,dist_class2,-105.0,-212.0
11,feature_blocks,feat_grid,1,1,11,targ_class2,-3.0,-215.0
11,feature_blocks,feat_grid,1,1,12,dist_class2,126.0,-214.0
11,feature_blocks,feat_grid,1,1,13,dist_class1,220.0,-224.0
11,feature_blocks,feat_grid,1,1,14,dist_class2,323.0,-209.0
11,feature_blocks,feat_grid,1,1,15,dist_class1,-335.0,-110.0
11,feature_blocks,feat_grid,1,1,16,targ_class2,-211.0,-113.0
11,feature_blocks,feat_grid,1,1,17,dist_class1,-89.0,-95.0
11,feature_blocks,feat_grid,1,1,18,dist_class2,-9.0,-92.0
11,feature_blocks,feat_grid,1,1,19,dist_class2,102.0,-96.0
11,feature_blocks,feat_grid,1,1,20,dist_class1,210.0,-124.0
11,feature_blocks,feat_grid,1,1,21,targ_class2,326.0,-124.0
11,feature_blocks,feat_grid,1,1,22,targ_class1,-324.0,17.0
11,feature_blocks,feat_grid,1,1,23,dist_class2,-208.0,-15.0
11,feature_blocks,feat_grid,1,1,24,dist_class1,-119.0,-1.0
11,feature_blocks,feat_grid,1,1,25,dist_class2,-24.0,-8.0
11,feature_blocks,feat_grid,1,1,26,targ_class2,104.0,-3.0
11,feature_blocks,feat_grid,1,1,27,dist_class2,243.0,-7.0
11,feature_blocks,feat_grid,1,1,28,targ_class2,330.0,-11.0
11,feature_blocks,feat_grid,1,1,29,targ_class1,-309.0,120.0
11,feature_blocks,feat_grid,1,1,30,targ_class1,-222.0,111.0
11,feature_blocks,feat_grid,1,1,31,dist_class1,-101.0,120.0
11,feature_blocks,feat_grid,1,1,32,targ_class1,3.0,111.0
11,feature_blocks,feat_grid,1,1,33,dist_class1,102.0,127.0
11,feature_blocks,feat_grid,1,1,34,dist_class2,227.0,117.0
11,feature_blocks,feat_grid,1,1,35,targ_class1,342.0,106.0
11,feature_blocks,feat_grid,1,1,36,targ_class2,-329.0,195.0
11,feature_blocks,feat_grid,1,1,37,dist_class2,-236.0,213.0
11,feature_blocks,feat_grid,1,1,38,targ_class1,-100.0,210.0
11,feature_blocks,feat_grid,1,1,39,targ_class1,7.0,218.0
11,feature_blocks,feat_grid,1,1,40,dist_class1,91.0,212.0
11,feature_blocks,feat_grid,1,1,41,targ_class2,198.0,212.0
11,feature_blocks,feat_grid,1,1,42,targ_class2,318.0,243.0
11,feature_blocks,feat_grid,1,1,43,targ_class2,-319.0,323.0
11,feature_blocks,feat_grid,1,1,44,targ_class1,-224.0,343.0
11,feature_blocks,feat_grid,1,1,45,targ_class2,-117.0,328.0
11,feature_blocks,feat_grid,1,1,46,targ_class1,6.0,327.0
11,feature_blocks,feat_grid,1,1,47,dist_class1,110.0,337.0
11,feature_blocks,feat_grid,1,1,48,dist_class1,216.0,325.0
11,feature_blocks,feat_grid,1,1,49,dist_class1,327.0,351.0
11,feature_blocks,feat_uni,0,1,1,targ_class2,-165.0,314.0
11,feature_blocks,feat_uni,0,1,2,dist_class1,-185.0,79.0
11,feature_blocks,feat_uni,0,1,3,targ_class2,-20.0,-130.0
11,feature_blocks,feat_uni,0,1,4,dist_class1,-4.0,-76.0
11,feature_blocks,feat_uni,0,1,5,dist_class2,160.0,118.0
11,feature_blocks,feat_uni,0,1,6,targ_class2,64.0,198.0
11,feature_blocks,feat_uni,0,1,7,dist_class2,-77.0,150.0
11,feature_blocks,feat_uni,0,1,8,dist_class1,259.0,317.0
11,feature_blocks,feat_uni,0,1,9,dist_class1,-2.0,294.0
11,feature_blocks,feat_uni,0,1,10,dist_class2,-110.0,-91.0
11,feature_blocks,feat_uni,0,1,11,dist_class2,221.0,-275.0
11,feature_blocks,feat_uni,0,1,12,dist_class1,-93.0,-7.0
11,feature_blocks,feat_uni,0,1,13,targ_class1,-266.0,66.0
11,feature_blocks,feat_uni,0,1,14,targ_class1,105.0,345.0
11,feature_blocks,feat_uni,0,1,15,targ_class2,-39.0,-361.0
11,feature_blocks,feat_uni,0,1,16,targ_class1,235.0,157.0
11,feature_blocks,feat_uni,0,1,17,targ_class1,-79.0,351.0
11,feature_blocks,feat_uni,0,1,18,targ_class2,142.0,-35.0
11,feature_blocks,feat_uni,0,1,19,targ_class1,-177.0,-93.0
11,feature_blocks,feat_uni,0,1,20,dist_class1,-298.0,118.0
11,feature_blocks,feat_uni,0,1,21,dist_class1,-256.0,-163.0
11,feature_blocks,feat_uni,0,1,22,targ_class2,290.0,-242.0
11,feature_blocks,feat_uni,0,1,23,dist_class1,62.0,-106.0
11,feature_blocks,feat_uni,0,1,24,dist_class2,-263.0,161.0
11,feature_blocks,feat_uni,0,1,25,targ_class1,262.0,42.0
11,feature_blocks,feat_uni,0,1,26,targ_class2,233.0,-6.0
11,feature_blocks,feat_uni,0,1,27,dist_class2,-23.0,345.0
11,feature_blocks,feat_uni,0,1,28,targ_class2,71.0,23.0
11,feature_blocks,feat_uni,0,1,29,targ_class2,328.0,51.0
11,feature_blocks,feat_uni,0,1,30,dist_class2,84.0,88.0
11,feature_blocks,feat_uni,0,1,31,targ_class1,-322.0,67.0
11,feature_blocks,feat_uni,0,1,32,dist_class2,144.0,256.0
11,feature_blocks,feat_uni,0,1,33,dist_class2,-376.0,51.0
11,feature_blocks,feat_uni,0,1,34,targ_class1,-322.0,168.0
11,feature_blocks,feat_uni,0,1,35,targ_class1,14.0,-341.0
11,feature_blocks,feat_uni,0,1,36,dist_class2,-67.0,-236.0
11,feature_blocks,feat_uni,0,1,37,targ_class2,235.0,232.0
11,feature_blocks,feat_uni,0,1,38,dist_class1,160.0,202.0
11,feature_blocks,feat_uni,0,1,39,targ_class2,248.0,-206.0
11,feature_blocks,feat_uni,0,1,40,targ_class1,137.0,-231.0
11,feature_blocks,feat_uni,0,1,41,dist_class1,224.0,-333.0
11,feature_blocks,feat_uni,0,1,42,targ_class1,113.0,171.0
11,feature_blocks,feat_uni,0,1,43,targ_class1,166.0,-280.0
11,feature_blocks,feat_uni,0,1,44,dist_class2,56.0,141.0
11,feature_blocks,feat_uni,0,1,45,targ_class2,168.0,-335.0
11,feature_blocks,feat_uni,0,1,46,dist_class1,46.0,-51.0
11,feature_blocks,feat_uni,0,1,47,dist_class1,344.0,115.0
11,feature_blocks,feat_uni,0,1,48,dist_class2,123.0,46.0
11,feature_blocks,feat_uni,0,1,49,dist_class2,-29.0,246.0
11,feature_blocks,feat_grid,4,1,1,dist_class1,-320.0,-335.0
11,feature_blocks,feat_grid,4,1,2,dist_class2,-204.0,-318.0
11,feature_blocks,feat_grid,4,1,3,targ_class2,-95.0,-346.0
11,feature_blocks,feat_grid,4,1,4,dist_class2,-1.0,-317.0
11,feature_blocks,feat_grid,4,1,5,dist_class1,100.0,-333.0
11,feature_blocks,feat_grid,4,1,6,dist_class2,217.0,-325.0
11,feature_blocks,feat_grid,4,1,7,targ_class1,322.0,-331.0
11,feature_blocks,feat_grid,4,1,8,dist_class1,-307.0,-224.0
11,feature_blocks,feat_grid,4,1,9,targ_class2,-216.0,-209.0
11,feature_blocks,feat_grid,4,1,10,targ_class1,-127.0,-244.0
11,feature_blocks,feat_grid,4,1,11,dist_class2,-1.0,-221.0
11,feature_blocks,feat_grid,4,1,12,targ_class1,114.0,-210.0
11,feature_blocks,feat_grid,4,1,13,targ_class1,214.0,-210.0
11,feature_blocks,feat_grid,4,1,14,targ_class1,320.0,-211.0
11,feature_blocks,feat_grid,4,1,15,dist_class2,-332.0,-107.0
11,feature_blocks,feat_grid,4,1,16,targ_class1,-228.0,-122.0
11,feature_blocks,feat_grid,4,1,17,targ_class1,-110.0,-114.0
11,feature_blocks,feat_grid,4,1,18,dist_class1,-0.0,-118.0
11,feature_blocks,feat_grid,4,1,19,targ_class1,96.0,-112.0
11,feature_blocks,feat_grid,4,1,20,dist_class2,208.0,-106.0
11,feature_blocks,feat_grid,4,1,21,dist_class2,322.0,-116.0
11,feature_blocks,feat_grid,4,1,22,targ_class1,-337.0,2.0
11,feature_blocks,feat_grid,4,1,23,targ_class2,-224.0,2.0
11,feature_blocks,feat_grid,4,1,24,dist_class2,-116.0,-8.0
11,feature_blocks,feat_grid,4,1,25,targ_class2,10.0,5.0
11,feature_blocks,feat_grid,4,1,26,dist_class1,109.0,12.0
11,feature_blocks,feat_grid,4,1,27,targ_class2,202.0,-17.0
11,feature_blocks,feat_grid,4,1,28,targ_class2,345.0,8.0
11,feature_blocks,feat_grid,4,1,29,dist_class1,-304.0,109.0
11,feature_blocks,feat_grid,4,1,30,dist_class2,-213.0,101.0
11,feature_blocks,feat_grid,4,1,31,targ_class2,-115.0,116.0
11,feature_blocks,feat_grid,4,1,32,targ_class1,-11.0,115.0
11,feature_blocks,feat_grid,4,1,33,targ_class2,114.0,111.0
11,feature_blocks,feat_grid,4,1,34,targ_class1,205.0,116.0
11,feature_blocks,feat_grid,4,1,35,dist_class2,333.0,123.0
11,feature_blocks,feat_grid,4,1,36,dist_class1,-325.0,228.0
11,feature_blocks,feat_grid,4,1,37,targ_class2,-219.0,227.0
11,feature_blocks,feat_grid,4,1,38,dist_class1,-117.0,218.0
11,feature_blocks,feat_grid,4,1,39,dist_class2,2.0,225.0
11,feature_blocks,feat_grid,4,1,40,dist_class2,106.0,213.0
11,feature_blocks,feat_grid,4,1,41,targ_class2,213.0,224.0
11,feature_blocks,feat_grid,4,1,42,dist_class1,325.0,233.0
11,feature_blocks,feat_grid,4,1,43,targ_class2,-315.0,322.0
11,feature_blocks,feat_grid,4,1,44,targ_class1,-219.0,324.0
11,feature_blocks,feat_grid,4,1,45,dist_class2,-100.0,320.0
11,feature_blocks,feat_grid,4,1,46,dist_class1,-4.0,320.0
11,feature_blocks,feat_grid,4,1,47,dist_class1,121.0,322.0
11,feature_blocks,feat_grid,4,1,48,targ_class2,222.0,318.0
11,feature_blocks,feat_grid,4,1,49,dist_class1,289.0,308.0
11,feature_blocks,feat_uni,4,1,1,targ_class1,-272.0,210.0
11,feature_blocks,feat_uni,4,1,2,targ_class2,306.0,-182.0
11,feature_blocks,feat_uni,4,1,3,dist_class2,-82.0,-154.0
11,feature_blocks,feat_uni,4,1,4,dist_class2,102.0,215.0
11,feature_blocks,feat_uni,4,1,5,dist_class2,-266.0,-17.0
11,feature_blocks,feat_uni,4,1,6,targ_class1,-237.0,-109.0
11,feature_blocks,feat_uni,4,1,7,dist_class2,188.0,-258.0
11,feature_blocks,feat_uni,4,1,8,targ_class2,30.0,278.0
11,feature_blocks,feat_uni,4,1,9,dist_class1,51.0,7.0
11,feature_blocks,feat_uni,4,1,10,dist_class1,-259.0,153.0
11,feature_blocks,feat_uni,4,1,11,targ_class1,141.0,-184.0
11,feature_blocks,feat_uni,4,1,12,dist_class1,61.0,-310.0
11,feature_blocks,feat_uni,4,1,13,dist_class1,-185.0,277.0
11,feature_blocks,feat_uni,4,1,14,targ_class1,350.0,-346.0
11,feature_blocks,feat_uni,4,1,15,targ_class1,-95.0,-293.0
11,feature_blocks,feat_uni,4,1,16,dist_class2,-243.0,-277.0
11,feature_blocks,feat_uni,4,1,17,dist_class2,130.0,8.0
11,feature_blocks,feat_uni,4,1,18,targ_class1,67.0,-48.0
11,feature_blocks,feat_uni,4,1,19,targ_class2,272.0,180.0
11,feature_blocks,feat_uni,4,1,20,targ_class1,-83.0,-238.0
11,feature_blocks,feat_uni,4,1,21,dist_class2,265.0,237.0
11,feature_blocks,feat_uni,4,1,22,dist_class1,84.0,-260.0
11,feature_blocks,feat_uni,4,1,23,dist_class2,-216.0,8.0
11,feature_blocks,feat_uni,4,1,24,targ_class1,-295.0,-97.0
11,feature_blocks,feat_uni,4,1,25,targ_class2,-251.0,68.0
11,feature_blocks,feat_uni,4,1,26,dist_class1,50.0,109.0
11,feature_blocks,feat_uni,4,1,27,targ_class2,22.0,-128.0
11,feature_blocks,feat_uni,4,1,28,targ_class2,301.0,-310.0
11,feature_blocks,feat_uni,4,1,29,targ_class1,-171.0,110.0
11,feature_blocks,feat_uni,4,1,30,targ_class1,5.0,-265.0
11,feature_blocks,feat_uni,4,1,31,dist_class1,143.0,-314.0
11,feature_blocks,feat_uni,4,1,32,targ_class1,-26.0,-159.0
11,feature_blocks,feat_uni,4,1,33,targ_class2,255.0,-345.0
11,feature_blocks,feat_uni,4,1,34,targ_class2,219.0,205.0
11,feature_blocks,feat_uni,4,1,35,dist_class1,-326.0,-144.0
11,feature_blocks,feat_uni,4,1,36,dist_class2,-104.0,-53.0
11,feature_blocks,feat_uni,4,1,37,targ_class2,-32.0,-309.0
11,feature_blocks,feat_uni,4,1,38,targ_class1,-192.0,220.0
11,feature_blocks,feat_uni,4,1,39,targ_class2,304.0,278.0
11,feature_blocks,feat_uni,4,1,40,dist_class1,-251.0,-190.0
11,feature_blocks,feat_uni,4,1,41,dist_class2,212.0,-178.0
11,feature_blocks,feat_uni,4,1,42,dist_class2,-157.0,-307.0
11,feature_blocks,feat_uni,4,1,43,targ_class2,-60.0,11.0
11,feature_blocks,feat_uni,4,1,44,dist_class1,86.0,-203.0
11,feature_blocks,feat_uni,4,1,45,dist_class2,-157.0,-121.0
11,feature_blocks,feat_uni,4,1,46,targ_class2,257.0,-211.0
11,feature_blocks,feat_uni,4,1,47,dist_class1,136.0,-240.0
11,feature_blocks,feat_uni,4,1,48,dist_class2,164.0,215.0
11,feature_blocks,feat_uni,4,1,49,dist_class1,-130.0,261.0
11,feature_blocks,feat_rot,4,1,1,targ_class1,1.0,-461.0
11,feature_blocks,feat_rot,4,1,2,targ_class2,73.0,-379.0
11,feature_blocks,feat_rot,4,1,3,dist_class2,167.0,-314.0
11,feature_blocks,feat_rot,4,1,4,dist_class1,223.0,-225.0
11,feature_blocks,feat_rot,4,1,5,dist_class1,306.0,-167.0
11,feature_blocks,feat_rot,4,1,6,targ_class2,384.0,-69.0
11,feature_blocks,feat_rot,4,1,7,dist_class1,466.0,-0.0
11,feature_blocks,feat_rot,4,1,8,targ_class2,-81.0,-389.0
11,feature_blocks,feat_rot,4,1,9,targ_class1,5.0,-293.0
11,feature_blocks,feat_rot,4,1,10,dist_class2,67.0,-227.0
11,feature_blocks,feat_rot,4,1,11,dist_class2,152.0,-159.0
11,feature_blocks,feat_rot,4,1,12,targ_class2,234.0,-75.0
11,feature_blocks,feat_rot,4,1,13,targ_class2,318.0,11.0
11,feature_blocks,feat_rot,4,1,14,targ_class1,383.0,69.0
11,feature_blocks,feat_rot,4,1,15,dist_class2,-152.0,-292.0
11,feature_blocks,feat_rot,4,1,16,dist_class1,-80.0,-249.0
11,feature_blocks,feat_rot,4,1,17,targ_class2,1.0,-148.0
11,feature_blocks,feat_rot,4,1,18,dist_class1,77.0,-93.0
11,feature_blocks,feat_rot,4,1,19,targ_class2,154.0,-7.0
11,feature_blocks,feat_rot,4,1,20,targ_class1,234.0,70.0
11,feature_blocks,feat_rot,4,1,21,targ_class1,313.0,131.0
11,feature_blocks,feat_rot,4,1,22,dist_class2,-235.0,-219.0
11,feature_blocks,feat_rot,4,1,23,dist_class1,-142.0,-138.0
11,feature_blocks,feat_rot,4,1,24,targ_class1,-82.0,-61.0
11,feature_blocks,feat_rot,4,1,25,dist_class2,-4.0,6.0
11,feature_blocks,feat_rot,4,1,26,targ_class1,78.0,75.0
11,feature_blocks,feat_rot,4,1,27,targ_class1,149.0,147.0
11,feature_blocks,feat_rot,4,1,28,dist_class1,236.0,238.0
11,feature_blocks,feat_rot,4,1,29,targ_class2,-310.0,-160.0
11,feature_blocks,feat_rot,4,1,30,dist_class1,-224.0,-79.0
11,feature_blocks,feat_rot,4,1,31,dist_class2,-152.0,-1.0
11,feature_blocks,feat_rot,4,1,32,dist_class1,-64.0,77.0
11,feature_blocks,feat_rot,4,1,33,dist_class2,8.0,158.0
11,feature_blocks,feat_rot,4,1,34,dist_class1,74.0,233.0
11,feature_blocks,feat_rot,4,1,35,targ_class2,158.0,314.0
11,feature_blocks,feat_rot,4,1,36,targ_class1,-370.0,-66.0
11,feature_blocks,feat_rot,4,1,37,dist_class1,-299.0,15.0
11,feature_blocks,feat_rot,4,1,38,dist_class2,-236.0,70.0
11,feature_blocks,feat_rot,4,1,39,dist_class2,-163.0,134.0
11,feature_blocks,feat_rot,4,1,40,targ_class2,-72.0,232.0
11,feature_blocks,feat_rot,4,1,41,targ_class2,-19.0,281.0
11,feature_blocks,feat_rot,4,1,42,targ_class1,78.0,385.0
11,feature_blocks,feat_rot,4,1,43,targ_class1,-466.0,11.0
11,feature_blocks,feat_rot,4,1,44,dist_class2,-385.0,79.0
11,feature_blocks,feat_rot,4,1,45,targ_class2,-313.0,152.0
11,feature_blocks,feat_rot,4,1,46,dist_class1,-223.0,226.0
11,feature_blocks,feat_rot,4,1,47,dist_class2,-175.0,305.0
11,feature_blocks,feat_rot,4,1,48,targ_class1,-72.0,399.0
11,feature_blocks,feat_rot,4,1,49,dist_class2,-15.0,463.0
11,feature_blocks,feat_rot,1,1,1,targ_class2,-7.0,-447.0
11,feature_blocks,feat_rot,1,1,2,dist_class2,85.0,-373.0
11,feature_blocks,feat_rot,1,1,3,dist_class1,154.0,-299.0
11,feature_blocks,feat_rot,1,1,4,dist_class1,222.0,-252.0
11,feature_blocks,feat_rot,1,1,5,dist_class1,286.0,-144.0
11,feature_blocks,feat_rot,1,1,6,dist_class1,393.0,-103.0
11,feature_blocks,feat_rot,1,1,7,dist_class1,464.0,-13.0
11,feature_blocks,feat_rot,1,1,8,targ_class1,-52.0,-391.0
11,feature_blocks,feat_rot,1,1,9,targ_class2,-3.0,-310.0
11,feature_blocks,feat_rot,1,1,10,targ_class1,89.0,-236.0
11,feature_blocks,feat_rot,1,1,11,targ_class1,148.0,-143.0
11,feature_blocks,feat_rot,1,1,12,dist_class2,238.0,-81.0
11,feature_blocks,feat_rot,1,1,13,targ_class2,301.0,-5.0
11,feature_blocks,feat_rot,1,1,14,targ_class2,368.0,81.0
11,feature_blocks,feat_rot,1,1,15,dist_class1,-146.0,-291.0
11,feature_blocks,feat_rot,1,1,16,dist_class1,-72.0,-230.0
11,feature_blocks,feat_rot,1,1,17,dist_class2,7.0,-155.0
11,feature_blocks,feat_rot,1,1,18,targ_class1,75.0,-69.0
11,feature_blocks,feat_rot,1,1,19,targ_class2,149.0,4.0
11,feature_blocks,feat_rot,1,1,20,dist_class2,230.0,59.0
11,feature_blocks,feat_rot,1,1,21,dist_class1,311.0,154.0
11,feature_blocks,feat_rot,1,1,22,targ_class1,-215.0,-245.0
11,feature_blocks,feat_rot,1,1,23,dist_class2,-160.0,-163.0
11,feature_blocks,feat_rot,1,1,24,targ_class2,-82.0,-65.0
11,feature_blocks,feat_rot,1,1,25,dist_class2,1.0,5.0
11,feature_blocks,feat_rot,1,1,26,dist_class2,69.0,76.0
11,feature_blocks,feat_rot,1,1,27,targ_class2,158.0,162.0
11,feature_blocks,feat_rot,1,1,28,targ_class1,237.0,215.0
11,feature_blocks,feat_rot,1,1,29,targ_class2,-317.0,-167.0
11,feature_blocks,feat_rot,1,1,30,dist_class2,-229.0,-78.0
11,feature_blocks,feat_rot,1,1,31,targ_class2,-164.0,-2.0
11,feature_blocks,feat_rot,1,1,32,dist_class1,-92.0,85.0
11,feature_blocks,feat_rot,1,1,33,targ_class1,-15.0,149.0
11,feature_blocks,feat_rot,1,1,34,targ_class1,75.0,240.0
11,feature_blocks,feat_rot,1,1,35,targ_class1,129.0,298.0
11,feature_blocks,feat_rot,1,1,36,dist_class2,-382.0,-65.0
11,feature_blocks,feat_rot,1,1,37,dist_class2,-292.0,-12.0
11,feature_blocks,feat_rot,1,1,38,targ_class1,-245.0,80.0
11,feature_blocks,feat_rot,1,1,39,targ_class1,-152.0,152.0
11,feature_blocks,feat_rot,1,1,40,targ_class1,-57.0,231.0
11,feature_blocks,feat_rot,1,1,41,dist_class2,-11.0,297.0
11,feature_blocks,feat_rot,1,1,42,targ_class2,72.0,376.0
11,feature_blocks,feat_rot,1,1,43,dist_class1,-453.0,-10.0
11,feature_blocks,feat_rot,1,1,44,targ_class2,-377.0,72.0
11,feature_blocks,feat_rot,1,1,45,targ_class2,-292.0,146.0
11,feature_blocks,feat_rot,1,1,46,dist_class2,-238.0,209.0
11,feature_blocks,feat_rot,1,1,47,dist_class2,-156.0,303.0
11,feature_blocks,feat_rot,1,1,48,dist_class1,-91.0,375.0
11,feature_blocks,feat_rot,1,1,49,dist_class1,1.0,478.0
11,feature_blocks,feat_uni,1,1,1,dist_class1,58.0,161.0
11,feature_blocks,feat_uni,1,1,2,targ_class2,-223.0,97.0
11,feature_blocks,feat_uni,1,1,3,targ_class1,351.0,-183.0
11,feature_blocks,feat_uni,1,1,4,targ_class1,-339.0,33.0
11,feature_blocks,feat_uni,1,1,5,targ_class1,107.0,-229.0
11,feature_blocks,feat_uni,1,1,6,targ_class2,-179.0,249.0
11,feature_blocks,feat_uni,1,1,7,dist_class1,-90.0,102.0
11,feature_blocks,feat_uni,1,1,8,dist_class2,-228.0,-301.0
11,feature_blocks,feat_uni,1,1,9,targ_class2,101.0,-338.0
11,feature_blocks,feat_uni,1,1,10,targ_class2,47.0,276.0
11,feature_blocks,feat_uni,1,1,11,dist_class1,-156.0,-357.0
11,feature_blocks,feat_uni,1,1,12,dist_class1,-173.0,-304.0
11,feature_blocks,feat_uni,1,1,13,targ_class1,-355.0,304.0
11,feature_blocks,feat_uni,1,1,14,dist_class2,-134.0,-263.0
11,feature_blocks,feat_uni,1,1,15,dist_class1,-343.0,88.0
11,feature_blocks,feat_uni,1,1,16,targ_class2,331.0,5.0
11,feature_blocks,feat_uni,1,1,17,targ_class1,238.0,145.0
11,feature_blocks,feat_uni,1,1,18,dist_class2,-50.0,154.0
11,feature_blocks,feat_uni,1,1,19,dist_class2,186.0,88.0
11,feature_blocks,feat_uni,1,1,20,targ_class2,204.0,-32.0
11,feature_blocks,feat_uni,1,1,21,targ_class1,14.0,127.0
11,feature_blocks,feat_uni,1,1,22,targ_class2,-5.0,325.0
11,feature_blocks,feat_uni,1,1,23,targ_class2,170.0,-271.0
11,feature_blocks,feat_uni,1,1,24,dist_class1,-114.0,153.0
11,feature_blocks,feat_uni,1,1,25,targ_class2,96.0,-283.0
11,feature_blocks,feat_uni,1,1,26,targ_class1,19.0,201.0
11,feature_blocks,feat_uni,1,1,27,dist_class2,-219.0,-32.0
11,feature_blocks,feat_uni,1,1,28,dist_class1,-283.0,31.0
11,feature_blocks,feat_uni,1,1,29,dist_class2,-116.0,208.0
11,feature_blocks,feat_uni,1,1,30,targ_class2,-76.0,-81.0
11,feature_blocks,feat_uni,1,1,31,dist_class1,-109.0,-214.0
11,feature_blocks,feat_uni,1,1,32,dist_class1,-341.0,-282.0
11,feature_blocks,feat_uni,1,1,33,targ_class1,-310.0,134.0
11,feature_blocks,feat_uni,1,1,34,dist_class1,-274.0,248.0
11,feature_blocks,feat_uni,1,1,35,dist_class1,-166.0,89.0
11,feature_blocks,feat_uni,1,1,36,targ_class2,-151.0,-70.0
11,feature_blocks,feat_uni,1,1,37,targ_class1,-263.0,-125.0
11,feature_blocks,feat_uni,1,1,38,targ_class1,-114.0,306.0
11,feature_blocks,feat_uni,1,1,39,targ_class2,-75.0,5.0
11,feature_blocks,feat_uni,1,1,40,dist_class2,-82.0,-137.0
11,feature_blocks,feat_uni,1,1,41,targ_class1,82.0,-61.0
11,feature_blocks,feat_uni,1,1,42,dist_class2,28.0,-45.0
11,feature_blocks,feat_uni,1,1,43,dist_class2,142.0,-134.0
11,feature_blocks,feat_uni,1,1,44,dist_class2,115.0,167.0
11,feature_blocks,feat_uni,1,1,45,dist_class2,-35.0,98.0
11,feature_blocks,feat_uni,1,1,46,dist_class1,103.0,-173.0
11,feature_blocks,feat_uni,1,1,47,targ_class1,111.0,42.0
11,feature_blocks,feat_uni,1,1,48,dist_class2,-125.0,-21.0
11,feature_blocks,feat_uni,1,1,49,dist_class2,160.0,332.0
11,feature_blocks,feat_grid,0,1,1,targ_class2,-316.0,-337.0
11,feature_blocks,feat_grid,0,1,2,targ_class1,-218.0,-342.0
11,feature_blocks,feat_grid,0,1,3,targ_class1,-110.0,-330.0
11,feature_blocks,feat_grid,0,1,4,dist_class2,10.0,-316.0
11,feature_blocks,feat_grid,0,1,5,dist_class1,79.0,-330.0
11,feature_blocks,feat_grid,0,1,6,dist_class1,212.0,-314.0
11,feature_blocks,feat_grid,0,1,7,dist_class2,337.0,-326.0
11,feature_blocks,feat_grid,0,1,8,targ_class1,-322.0,-197.0
11,feature_blocks,feat_grid,0,1,9,targ_class1,-222.0,-214.0
11,feature_blocks,feat_grid,0,1,10,dist_class1,-115.0,-217.0
11,feature_blocks,feat_grid,0,1,11,targ_class1,0.0,-201.0
11,feature_blocks,feat_grid,0,1,12,dist_class1,101.0,-212.0
11,feature_blocks,feat_grid,0,1,13,targ_class2,215.0,-215.0
11,feature_blocks,feat_grid,0,1,14,targ_class2,311.0,-222.0
11,feature_blocks,feat_grid,0,1,15,dist_class2,-319.0,-104.0
11,feature_blocks,feat_grid,0,1,16,targ_class2,-199.0,-104.0
11,feature_blocks,feat_grid,0,1,17,dist_class1,-112.0,-118.0
11,feature_blocks,feat_grid,0,1,18,targ_class1,-9.0,-103.0
11,feature_blocks,feat_grid,0,1,19,dist_class1,94.0,-107.0
11,feature_blocks,feat_grid,0,1,20,dist_class2,232.0,-110.0
11,feature_blocks,feat_grid,0,1,21,dist_class2,337.0,-122.0
11,feature_blocks,feat_grid,0,1,22,dist_class1,-306.0,6.0
11,feature_blocks,feat_grid,0,1,23,targ_class1,-206.0,5.0
11,feature_blocks,feat_grid,0,1,24,dist_class2,-114.0,3.0
11,feature_blocks,feat_grid,0,1,25,targ_class2,4.0,5.0
11,feature_blocks,feat_grid,0,1,26,targ_class2,115.0,-4.0
11,feature_blocks,feat_grid,0,1,27,dist_class2,209.0,-14.0
11,feature_blocks,feat_grid,0,1,28,targ_class2,325.0,14.0
11,feature_blocks,feat_grid,0,1,29,dist_class2,-323.0,89.0
11,feature_blocks,feat_grid,0,1,30,targ_class2,-218.0,121.0
11,feature_blocks,feat_grid,0,1,31,dist_class1,-102.0,100.0
11,feature_blocks,feat_grid,0,1,32,dist_class1,4.0,106.0
11,feature_blocks,feat_grid,0,1,33,targ_class1,87.0,112.0
11,feature_blocks,feat_grid,0,1,34,targ_class1,216.0,126.0
11,feature_blocks,feat_grid,0,1,35,dist_class2,332.0,106.0
11,feature_blocks,feat_grid,0,1,36,dist_class1,-337.0,232.0
11,feature_blocks,feat_grid,0,1,37,dist_class2,-212.0,217.0
11,feature_blocks,feat_grid,0,1,38,targ_class2,-79.0,218.0
11,feature_blocks,feat_grid,0,1,39,dist_class1,4.0,231.0
11,feature_blocks,feat_grid,0,1,40,targ_class1,105.0,210.0
11,feature_blocks,feat_grid,0,1,41,targ_class2,229.0,229.0
11,feature_blocks,feat_grid,0,1,42,targ_class1,319.0,198.0
11,feature_blocks,feat_grid,0,1,43,dist_class2,-318.0,306.0
11,feature_blocks,feat_grid,0,1,44,dist_class2,-211.0,325.0
11,feature_blocks,feat_grid,0,1,45,dist_class2,-100.0,324.0
11,feature_blocks,feat_grid,0,1,46,dist_class1,-1.0,325.0
11,feature_blocks,feat_grid,0,1,47,targ_class2,118.0,329.0
11,feature_blocks,feat_grid,0,1,48,targ_class1,195.0,327.0
11,feature_blocks,feat_grid,0,1,49,targ_class2,314.0,322.0
11,feature_blocks,feat_grid,2,1,1,dist_class2,-321.0,-330.0
11,feature_blocks,feat_grid,2,1,2,dist_class1,-208.0,-316.0
11,feature_blocks,feat_grid,2,1,3,targ_class2,-92.0,-314.0
11,feature_blocks,feat_grid,2,1,4,targ_class2,2.0,-344.0
11,feature_blocks,feat_grid,2,1,5,dist_class1,130.0,-329.0
11,feature_blocks,feat_grid,2,1,6,dist_class2,211.0,-319.0
11,feature_blocks,feat_grid,2,1,7,targ_class1,315.0,-341.0
11,feature_blocks,feat_grid,2,1,8,dist_class1,-323.0,-211.0
11,feature_blocks,feat_grid,2,1,9,dist_class1,-231.0,-233.0
11,feature_blocks,feat_grid,2,1,10,dist_class2,-128.0,-226.0
11,feature_blocks,feat_grid,2,1,11,dist_class2,1.0,-211.0
11,feature_blocks,feat_grid,2,1,12,targ_class1,93.0,-191.0
11,feature_blocks,feat_grid,2,1,13,targ_class1,203.0,-213.0
11,feature_blocks,feat_grid,2,1,14,targ_class2,317.0,-227.0
11,feature_blocks,feat_grid,2,1,15,dist_class2,-333.0,-99.0
11,feature_blocks,feat_grid,2,1,16,dist_class2,-228.0,-114.0
11,feature_blocks,feat_grid,2,1,17,targ_class2,-104.0,-101.0
11,feature_blocks,feat_grid,2,1,18,targ_class1,-2.0,-114.0
11,feature_blocks,feat_grid,2,1,19,targ_class2,125.0,-107.0
11,feature_blocks,feat_grid,2,1,20,dist_class1,230.0,-96.0
11,feature_blocks,feat_grid,2,1,21,targ_class1,327.0,-97.0
11,feature_blocks,feat_grid,2,1,22,dist_class1,-335.0,9.0
11,feature_blocks,feat_grid,2,1,23,dist_class2,-208.0,1.0
11,feature_blocks,feat_grid,2,1,24,dist_class1,-132.0,9.0
11,feature_blocks,feat_grid,2,1,25,dist_class2,9.0,-17.0
11,feature_blocks,feat_grid,2,1,26,targ_class2,102.0,8.0
11,feature_blocks,feat_grid,2,1,27,dist_class2,215.0,-2.0
11,feature_blocks,feat_grid,2,1,28,targ_class2,314.0,5.0
11,feature_blocks,feat_grid,2,1,29,dist_class2,-313.0,130.0
11,feature_blocks,feat_grid,2,1,30,targ_class1,-214.0,112.0
11,feature_blocks,feat_grid,2,1,31,targ_class1,-94.0,109.0
11,feature_blocks,feat_grid,2,1,32,targ_class2,-5.0,92.0
11,feature_blocks,feat_grid,2,1,33,dist_class2,93.0,121.0
11,feature_blocks,feat_grid,2,1,34,dist_class2,223.0,103.0
11,feature_blocks,feat_grid,2,1,35,targ_class1,320.0,110.0
11,feature_blocks,feat_grid,2,1,36,targ_class1,-317.0,210.0
11,feature_blocks,feat_grid,2,1,37,targ_class1,-233.0,207.0
11,feature_blocks,feat_grid,2,1,38,dist_class1,-104.0,223.0
11,feature_blocks,feat_grid,2,1,39,targ_class1,-5.0,234.0
11,feature_blocks,feat_grid,2,1,40,targ_class2,116.0,213.0
11,feature_blocks,feat_grid,2,1,41,dist_class1,222.0,225.0
11,feature_blocks,feat_grid,2,1,42,dist_class2,319.0,228.0
11,feature_blocks,feat_grid,2,1,43,dist_class1,-328.0,327.0
11,feature_blocks,feat_grid,2,1,44,targ_class2,-213.0,327.0
11,feature_blocks,feat_grid,2,1,45,targ_class2,-109.0,310.0
11,feature_blocks,feat_grid,2,1,46,dist_class1,12.0,314.0
11,feature_blocks,feat_grid,2,1,47,targ_class1,98.0,318.0
11,feature_blocks,feat_grid,2,1,48,targ_class2,223.0,318.0
11,feature_blocks,feat_grid,2,1,49,dist_class1,341.0,317.0
11,feature_blocks,feat_uni,2,1,1,targ_class1,186.0,-114.0
11,feature_blocks,feat_uni,2,1,2,dist_class2,-26.0,273.0
11,feature_blocks,feat_uni,2,1,3,dist_class2,-182.0,196.0
11,feature_blocks,feat_uni,2,1,4,dist_class1,21.0,186.0
11,feature_blocks,feat_uni,2,1,5,targ_class1,63.0,-278.0
11,feature_blocks,feat_uni,2,1,6,dist_class1,-265.0,-32.0
11,feature_blocks,feat_uni,2,1,7,dist_class1,-247.0,-85.0
11,feature_blocks,feat_uni,2,1,8,dist_class2,-249.0,-325.0
11,feature_blocks,feat_uni,2,1,9,targ_class2,-285.0,299.0
11,feature_blocks,feat_uni,2,1,10,dist_class2,-225.0,6.0
11,feature_blocks,feat_uni,2,1,11,targ_class1,62.0,128.0
11,feature_blocks,feat_uni,2,1,12,targ_class2,88.0,-354.0
11,feature_blocks,feat_uni,2,1,13,dist_class2,-199.0,250.0
11,feature_blocks,feat_uni,2,1,14,dist_class1,-345.0,217.0
11,feature_blocks,feat_uni,2,1,15,targ_class2,-16.0,-1.0
11,feature_blocks,feat_uni,2,1,16,targ_class2,6.0,-178.0
11,feature_blocks,feat_uni,2,1,17,targ_class1,297.0,-78.0
11,feature_blocks,feat_uni,2,1,18,targ_class1,-345.0,99.0
11,feature_blocks,feat_uni,2,1,19,dist_class1,168.0,162.0
11,feature_blocks,feat_uni,2,1,20,targ_class1,-25.0,155.0
11,feature_blocks,feat_uni,2,1,21,targ_class2,-112.0,242.0
11,feature_blocks,feat_uni,2,1,22,dist_class1,147.0,17.0
11,feature_blocks,feat_uni,2,1,23,dist_class2,358.0,149.0
11,feature_blocks,feat_uni,2,1,24,targ_class2,323.0,-27.0
11,feature_blocks,feat_uni,2,1,25,dist_class2,-87.0,-113.0
11,feature_blocks,feat_uni,2,1,26,targ_class1,-36.0,-138.0
11,feature_blocks,feat_uni,2,1,27,targ_class1,16.0,-117.0
11,feature_blocks,feat_uni,2,1,28,dist_class2,-182.0,139.0
11,feature_blocks,feat_uni,2,1,29,targ_class2,-282.0,177.0
11,feature_blocks,feat_uni,2,1,30,dist_class2,-31.0,-315.0
11,feature_blocks,feat_uni,2,1,31,dist_class1,138.0,-255.0
11,feature_blocks,feat_uni,2,1,32,targ_class2,117.0,112.0
11,feature_blocks,feat_uni,2,1,33,dist_class2,-12.0,57.0
11,feature_blocks,feat_uni,2,1,34,targ_class2,355.0,207.0
11,feature_blocks,feat_uni,2,1,35,dist_class2,-294.0,-358.0
11,feature_blocks,feat_uni,2,1,36,dist_class1,-58.0,227.0
11,feature_blocks,feat_uni,2,1,37,dist_class1,-329.0,-250.0
11,feature_blocks,feat_uni,2,1,38,dist_class2,-153.0,282.0
11,feature_blocks,feat_uni,2,1,39,targ_class2,-29.0,-56.0
11,feature_blocks,feat_uni,2,1,40,dist_class1,-204.0,-358.0
11,feature_blocks,feat_uni,2,1,41,targ_class1,307.0,-138.0
11,feature_blocks,feat_uni,2,1,42,targ_class2,8.0,109.0
11,feature_blocks,feat_uni,2,1,43,targ_class1,-277.0,-271.0
11,feature_blocks,feat_uni,2,1,44,targ_class1,-139.0,-66.0
11,feature_blocks,feat_uni,2,1,45,dist_class1,67.0,-52.0
11,feature_blocks,feat_uni,2,1,46,dist_class1,-303.0,-74.0
11,feature_blocks,feat_uni,2,1,47,dist_class2,293.0,299.0
11,feature_blocks,feat_uni,2,1,48,targ_class2,-93.0,-332.0
11,feature_blocks,feat_uni,2,1,49,targ_class1,115.0,-305.0
11,feature_blocks,feat_rot,2,1,1,targ_class2,-9.0,-464.0
11,feature_blocks,feat_rot,2,1,2,dist_class2,88.0,-367.0
11,feature_blocks,feat_rot,2,1,3,targ_class1,160.0,-309.0
11,feature_blocks,feat_rot,2,1,4,dist_class2,228.0,-208.0
11,feature_blocks,feat_rot,2,1,5,targ_class1,311.0,-154.0
11,feature_blocks,feat_rot,2,1,6,dist_class1,387.0,-88.0
11,feature_blocks,feat_rot,2,1,7,targ_class1,480.0,15.0
11,feature_blocks,feat_rot,2,1,8,targ_class2,-70.0,-383.0
11,feature_blocks,feat_rot,2,1,9,dist_class2,-19.0,-316.0
11,feature_blocks,feat_rot,2,1,10,targ_class2,90.0,-245.0
11,feature_blocks,feat_rot,2,1,11,dist_class1,141.0,-167.0
11,feature_blocks,feat_rot,2,1,12,dist_class1,230.0,-67.0
11,feature_blocks,feat_rot,2,1,13,dist_class1,305.0,-2.0
11,feature_blocks,feat_rot,2,1,14,targ_class1,392.0,59.0
11,feature_blocks,feat_rot,2,1,15,dist_class2,-174.0,-284.0
11,feature_blocks,feat_rot,2,1,16,targ_class1,-63.0,-222.0
11,feature_blocks,feat_rot,2,1,17,dist_class2,5.0,-130.0
11,feature_blocks,feat_rot,2,1,18,targ_class2,88.0,-75.0
11,feature_blocks,feat_rot,2,1,19,targ_class1,157.0,-10.0
11,feature_blocks,feat_rot,2,1,20,targ_class2,238.0,79.0
11,feature_blocks,feat_rot,2,1,21,dist_class2,292.0,159.0
11,feature_blocks,feat_rot,2,1,22,dist_class1,-246.0,-219.0
11,feature_blocks,feat_rot,2,1,23,dist_class2,-157.0,-141.0
11,feature_blocks,feat_rot,2,1,24,dist_class1,-96.0,-82.0
11,feature_blocks,feat_rot,2,1,25,targ_class2,13.0,-6.0
11,feature_blocks,feat_rot,2,1,26,targ_class2,63.0,73.0
11,feature_blocks,feat_rot,2,1,27,targ_class2,145.0,157.0
11,feature_blocks,feat_rot,2,1,28,targ_class2,236.0,221.0
11,feature_blocks,feat_rot,2,1,29,targ_class1,-289.0,-148.0
11,feature_blocks,feat_rot,2,1,30,dist_class1,-227.0,-66.0
11,feature_blocks,feat_rot,2,1,31,targ_class1,-162.0,-21.0
11,feature_blocks,feat_rot,2,1,32,dist_class2,-85.0,82.0
11,feature_blocks,feat_rot,2,1,33,dist_class2,0.0,140.0
11,feature_blocks,feat_rot,2,1,34,targ_class2,65.0,213.0
11,feature_blocks,feat_rot,2,1,35,dist_class2,156.0,299.0
11,feature_blocks,feat_rot,2,1,36,dist_class1,-382.0,-79.0
11,feature_blocks,feat_rot,2,1,37,dist_class1,-312.0,-17.0
11,feature_blocks,feat_rot,2,1,38,dist_class1,-226.0,64.0
11,feature_blocks,feat_rot,2,1,39,dist_class1,-159.0,156.0
11,feature_blocks,feat_rot,2,1,40,targ_class1,-79.0,234.0
11,feature_blocks,feat_rot,2,1,41,dist_class2,1.0,310.0
11,feature_blocks,feat_rot,2,1,42,dist_class1,93.0,390.0
11,feature_blocks,feat_rot,2,1,43,targ_class1,-453.0,4.0
11,feature_blocks,feat_rot,2,1,44,dist_class2,-375.0,78.0
11,feature_blocks,feat_rot,2,1,45,dist_class2,-322.0,164.0
11,feature_blocks,feat_rot,2,1,46,targ_class1,-246.0,223.0
11,feature_blocks,feat_rot,2,1,47,targ_class2,-154.0,302.0
11,feature_blocks,feat_rot,2,1,48,targ_class2,-89.0,377.0
11,feature_blocks,feat_rot,2,1,49,targ_class1,-4.0,457.0
11,feature_blocks,feat_uni,3,1,1,dist_class1,42.0,354.0
11,feature_blocks,feat_uni,3,1,2,targ_class1,71.0,72.0
11,feature_blocks,feat_uni,3,1,3,targ_class2,-242.0,-28.0
11,feature_blocks,feat_uni,3,1,4,targ_class2,8.0,208.0
11,feature_blocks,feat_uni,3,1,5,targ_class1,-22.0,62.0
11,feature_blocks,feat_uni,3,1,6,targ_class1,241.0,225.0
11,feature_blocks,feat_uni,3,1,7,dist_class1,-83.0,-29.0
11,feature_blocks,feat_uni,3,1,8,targ_class1,275.0,100.0
11,feature_blocks,feat_uni,3,1,9,dist_class1,-104.0,25.0
11,feature_blocks,feat_uni,3,1,10,targ_class1,-88.0,152.0
11,feature_blocks,feat_uni,3,1,11,targ_class2,-203.0,-70.0
11,feature_blocks,feat_uni,3,1,12,dist_class1,-30.0,249.0
11,feature_blocks,feat_uni,3,1,13,targ_class2,248.0,-275.0
11,feature_blocks,feat_uni,3,1,14,dist_class2,-295.0,-211.0
11,feature_blocks,feat_uni,3,1,15,dist_class1,-134.0,-112.0
11,feature_blocks,feat_uni,3,1,16,targ_class2,191.0,-346.0
11,feature_blocks,feat_uni,3,1,17,dist_class2,-2.0,-27.0
11,feature_blocks,feat_uni,3,1,18,targ_class1,-262.0,177.0
11,feature_blocks,feat_uni,3,1,19,dist_class2,191.0,51.0
11,feature_blocks,feat_uni,3,1,20,targ_class2,-189.0,334.0
11,feature_blocks,feat_uni,3,1,21,dist_class2,153.0,-306.0
11,feature_blocks,feat_uni,3,1,22,dist_class2,-337.0,-158.0
11,feature_blocks,feat_uni,3,1,23,targ_class2,-295.0,-120.0
11,feature_blocks,feat_uni,3,1,24,dist_class2,-181.0,29.0
11,feature_blocks,feat_uni,3,1,25,targ_class1,69.0,-165.0
11,feature_blocks,feat_uni,3,1,26,targ_class2,44.0,252.0
11,feature_blocks,feat_uni,3,1,27,dist_class1,329.0,118.0
11,feature_blocks,feat_uni,3,1,28,targ_class1,51.0,-232.0
11,feature_blocks,feat_uni,3,1,29,targ_class2,258.0,-208.0
11,feature_blocks,feat_uni,3,1,30,targ_class2,-214.0,-134.0
11,feature_blocks,feat_uni,3,1,31,targ_class1,83.0,-278.0
11,feature_blocks,feat_uni,3,1,32,dist_class2,-263.0,108.0
11,feature_blocks,feat_uni,3,1,33,targ_class1,-308.0,143.0
11,feature_blocks,feat_uni,3,1,34,dist_class2,265.0,-359.0
11,feature_blocks,feat_uni,3,1,35,dist_class1,-353.0,-212.0
11,feature_blocks,feat_uni,3,1,36,targ_class1,238.0,331.0
11,feature_blocks,feat_uni,3,1,37,dist_class2,-244.0,333.0
11,feature_blocks,feat_uni,3,1,38,targ_class2,358.0,171.0
11,feature_blocks,feat_uni,3,1,39,dist_class2,327.0,-157.0
11,feature_blocks,feat_uni,3,1,40,dist_class1,2.0,-262.0
11,feature_blocks,feat_uni,3,1,41,dist_class2,-142.0,-15.0
11,feature_blocks,feat_uni,3,1,42,dist_class2,-203.0,-189.0
11,feature_blocks,feat_uni,3,1,43,dist_class1,110.0,-344.0
11,feature_blocks,feat_uni,3,1,44,dist_class1,-44.0,10.0
11,feature_blocks,feat_uni,3,1,45,dist_class1,-247.0,269.0
11,feature_blocks,feat_uni,3,1,46,targ_class1,322.0,-349.0
11,feature_blocks,feat_uni,3,1,47,targ_class2,-137.0,-171.0
11,feature_blocks,feat_uni,3,1,48,dist_class1,-132.0,341.0
11,feature_blocks,feat_uni,3,1,49,dist_class2,12.0,-157.0
11,feature_blocks,feat_rot,0,1,1,dist_class2,-13.0,-457.0
11,feature_blocks,feat_rot,0,1,2,targ_class1,65.0,-392.0
11,feature_blocks,feat_rot,0,1,3,targ_class1,156.0,-297.0
11,feature_blocks,feat_rot,0,1,4,dist_class1,240.0,-194.0
11,feature_blocks,feat_rot,0,1,5,dist_class1,292.0,-137.0
11,feature_blocks,feat_rot,0,1,6,dist_class1,388.0,-90.0
11,feature_blocks,feat_rot,0,1,7,dist_class1,451.0,-6.0
11,feature_blocks,feat_rot,0,1,8,dist_class1,-69.0,-373.0
11,feature_blocks,feat_rot,0,1,9,targ_class2,17.0,-288.0
11,feature_blocks,feat_rot,0,1,10,targ_class2,76.0,-224.0
11,feature_blocks,feat_rot,0,1,11,targ_class1,158.0,-152.0
11,feature_blocks,feat_rot,0,1,12,targ_class2,223.0,-81.0
11,feature_blocks,feat_rot,0,1,13,targ_class1,299.0,-5.0
11,feature_blocks,feat_rot,0,1,14,targ_class2,366.0,81.0
11,feature_blocks,feat_rot,0,1,15,dist_class1,-143.0,-298.0
11,feature_blocks,feat_rot,0,1,16,targ_class1,-67.0,-241.0
11,feature_blocks,feat_rot,0,1,17,targ_class2,-21.0,-156.0
11,feature_blocks,feat_rot,0,1,18,dist_class2,93.0,-76.0
11,feature_blocks,feat_rot,0,1,19,dist_class1,183.0,3.0
11,feature_blocks,feat_rot,0,1,20,dist_class2,231.0,67.0
11,feature_blocks,feat_rot,0,1,21,dist_class2,306.0,135.0
11,feature_blocks,feat_rot,0,1,22,dist_class2,-220.0,-232.0
11,feature_blocks,feat_rot,0,1,23,dist_class2,-154.0,-149.0
11,feature_blocks,feat_rot,0,1,24,dist_class2,-75.0,-76.0
11,feature_blocks,feat_rot,0,1,25,targ_class1,11.0,1.0
11,feature_blocks,feat_rot,0,1,26,dist_class1,79.0,66.0
11,feature_blocks,feat_rot,0,1,27,dist_class1,152.0,151.0
11,feature_blocks,feat_rot,0,1,28,targ_class2,235.0,237.0
11,feature_blocks,feat_rot,0,1,29,targ_class2,-295.0,-152.0
11,feature_blocks,feat_rot,0,1,30,dist_class2,-222.0,-86.0
11,feature_blocks,feat_rot,0,1,31,dist_class2,-158.0,1.0
11,feature_blocks,feat_rot,0,1,32,targ_class1,-71.0,77.0
11,feature_blocks,feat_rot,0,1,33,targ_class1,13.0,157.0
11,feature_blocks,feat_rot,0,1,34,dist_class2,92.0,225.0
11,feature_blocks,feat_rot,0,1,35,targ_class2,172.0,295.0
11,feature_blocks,feat_rot,0,1,36,targ_class2,-386.0,-69.0
11,feature_blocks,feat_rot,0,1,37,dist_class1,-307.0,-5.0
11,feature_blocks,feat_rot,0,1,38,dist_class2,-244.0,79.0
11,feature_blocks,feat_rot,0,1,39,targ_class1,-156.0,167.0
11,feature_blocks,feat_rot,0,1,40,dist_class1,-69.0,217.0
11,feature_blocks,feat_rot,0,1,41,dist_class2,1.0,292.0
11,feature_blocks,feat_rot,0,1,42,dist_class2,76.0,374.0
11,feature_blocks,feat_rot,0,1,43,targ_class1,-451.0,-15.0
11,feature_blocks,feat_rot,0,1,44,targ_class2,-403.0,78.0
11,feature_blocks,feat_rot,0,1,45,targ_class2,-301.0,147.0
11,feature_blocks,feat_rot,0,1,46,dist_class1,-214.0,224.0
11,feature_blocks,feat_rot,0,1,47,targ_class2,-161.0,301.0
11,feature_blocks,feat_rot,0,1,48,targ_class1,-86.0,371.0
11,feature_blocks,feat_rot,0,1,49,targ_class1,-14.0,444.0
11,feature_blocks,feat_grid,3,1,1,dist_class2,-324.0,-323.0
11,feature_blocks,feat_grid,3,1,2,dist_class1,-214.0,-322.0
11,feature_blocks,feat_grid,3,1,3,dist_class2,-100.0,-331.0
11,feature_blocks,feat_grid,3,1,4,dist_class1,1.0,-324.0
11,feature_blocks,feat_grid,3,1,5,dist_class1,117.0,-327.0
11,feature_blocks,feat_grid,3,1,6,targ_class1,204.0,-338.0
11,feature_blocks,feat_grid,3,1,7,dist_class1,314.0,-316.0
11,feature_blocks,feat_grid,3,1,8,dist_class2,-325.0,-233.0
11,feature_blocks,feat_grid,3,1,9,targ_class1,-210.0,-231.0
11,feature_blocks,feat_grid,3,1,10,targ_class1,-105.0,-207.0
11,feature_blocks,feat_grid,3,1,11,dist_class2,11.0,-217.0
11,feature_blocks,feat_grid,3,1,12,dist_class1,107.0,-206.0
11,feature_blocks,feat_grid,3,1,13,targ_class2,224.0,-213.0
11,feature_blocks,feat_grid,3,1,14,targ_class2,314.0,-199.0
11,feature_blocks,feat_grid,3,1,15,dist_class2,-342.0,-119.0
11,feature_blocks,feat_grid,3,1,16,dist_class1,-223.0,-105.0
11,feature_blocks,feat_grid,3,1,17,dist_class2,-110.0,-97.0
11,feature_blocks,feat_grid,3,1,18,dist_class1,8.0,-101.0
11,feature_blocks,feat_grid,3,1,19,dist_class2,98.0,-112.0
11,feature_blocks,feat_grid,3,1,20,targ_class1,191.0,-100.0
11,feature_blocks,feat_grid,3,1,21,dist_class1,318.0,-105.0
11,feature_blocks,feat_grid,3,1,22,targ_class2,-338.0,15.0
11,feature_blocks,feat_grid,3,1,23,targ_class2,-231.0,7.0
11,feature_blocks,feat_grid,3,1,24,targ_class1,-108.0,6.0
11,feature_blocks,feat_grid,3,1,25,targ_class1,3.0,-8.0
11,feature_blocks,feat_grid,3,1,26,dist_class2,103.0,-3.0
11,feature_blocks,feat_grid,3,1,27,dist_class2,204.0,14.0
11,feature_blocks,feat_grid,3,1,28,targ_class1,322.0,25.0
11,feature_blocks,feat_grid,3,1,29,targ_class2,-327.0,96.0
11,feature_blocks,feat_grid,3,1,30,targ_class1,-221.0,111.0
11,feature_blocks,feat_grid,3,1,31,dist_class2,-99.0,123.0
11,feature_blocks,feat_grid,3,1,32,targ_class2,-8.0,108.0
11,feature_blocks,feat_grid,3,1,33,dist_class2,96.0,123.0
11,feature_blocks,feat_grid,3,1,34,targ_class2,223.0,110.0
11,feature_blocks,feat_grid,3,1,35,dist_class2,329.0,99.0
11,feature_blocks,feat_grid,3,1,36,targ_class1,-332.0,210.0
11,feature_blocks,feat_grid,3,1,37,targ_class2,-205.0,211.0
11,feature_blocks,feat_grid,3,1,38,dist_class2,-97.0,209.0
11,feature_blocks,feat_grid,3,1,39,targ_class2,-7.0,206.0
11,feature_blocks,feat_grid,3,1,40,dist_class1,113.0,209.0
11,feature_blocks,feat_grid,3,1,41,targ_class2,224.0,219.0
11,feature_blocks,feat_grid,3,1,42,targ_class1,329.0,225.0
11,feature_blocks,feat_grid,3,1,43,targ_class1,-331.0,335.0
11,feature_blocks,feat_grid,3,1,44,targ_class2,-202.0,320.0
11,feature_blocks,feat_grid,3,1,45,targ_class1,-116.0,321.0
11,feature_blocks,feat_grid,3,1,46,targ_class2,-3.0,322.0
11,feature_blocks,feat_grid,3,1,47,dist_class1,100.0,333.0
11,feature_blocks,feat_grid,3,1,48,dist_class1,215.0,326.0
11,feature_blocks,feat_grid,3,1,49,dist_class1,332.0,324.0
11,feature_blocks,feat_rot,3,1,1,dist_class1,-3.0,-464.0
11,feature_blocks,feat_rot,3,1,2,dist_class2,76.0,-389.0
11,feature_blocks,feat_rot,3,1,3,targ_class1,142.0,-309.0
11,feature_blocks,feat_rot,3,1,4,targ_class2,238.0,-213.0
11,feature_blocks,feat_rot,3,1,5,targ_class2,324.0,-158.0
11,feature_blocks,feat_rot,3,1,6,dist_class1,372.0,-80.0
11,feature_blocks,feat_rot,3,1,7,targ_class2,460.0,-4.0
11,feature_blocks,feat_rot,3,1,8,dist_class1,-90.0,-372.0
11,feature_blocks,feat_rot,3,1,9,dist_class2,-2.0,-320.0
11,feature_blocks,feat_rot,3,1,10,targ_class2,61.0,-237.0
11,feature_blocks,feat_rot,3,1,11,dist_class1,155.0,-134.0
11,feature_blocks,feat_rot,3,1,12,targ_class1,235.0,-81.0
11,feature_blocks,feat_rot,3,1,13,targ_class2,311.0,-4.0
11,feature_blocks,feat_rot,3,1,14,dist_class2,378.0,81.0
11,feature_blocks,feat_rot,3,1,15,dist_class2,-166.0,-290.0
11,feature_blocks,feat_rot,3,1,16,targ_class2,-46.0,-229.0
11,feature_blocks,feat_rot,3,1,17,dist_class2,-16.0,-145.0
11,feature_blocks,feat_rot,3,1,18,dist_class2,78.0,-70.0
11,feature_blocks,feat_rot,3,1,19,dist_class1,155.0,6.0
11,feature_blocks,feat_rot,3,1,20,dist_class1,237.0,63.0
11,feature_blocks,feat_rot,3,1,21,targ_class2,298.0,150.0
11,feature_blocks,feat_rot,3,1,22,targ_class1,-220.0,-228.0
11,feature_blocks,feat_rot,3,1,23,targ_class1,-164.0,-164.0
11,feature_blocks,feat_rot,3,1,24,targ_class2,-91.0,-87.0
11,feature_blocks,feat_rot,3,1,25,targ_class1,19.0,8.0
11,feature_blocks,feat_rot,3,1,26,targ_class1,88.0,68.0
11,feature_blocks,feat_rot,3,1,27,dist_class2,159.0,161.0
11,feature_blocks,feat_rot,3,1,28,dist_class2,226.0,229.0
11,feature_blocks,feat_rot,3,1,29,targ_class1,-313.0,-157.0
11,feature_blocks,feat_rot,3,1,30,targ_class2,-240.0,-96.0
11,feature_blocks,feat_rot,3,1,31,targ_class1,-143.0,-9.0
11,feature_blocks,feat_rot,3,1,32,dist_class2,-76.0,64.0
11,feature_blocks,feat_rot,3,1,33,dist_class2,6.0,140.0
11,feature_blocks,feat_rot,3,1,34,targ_class1,77.0,215.0
11,feature_blocks,feat_rot,3,1,35,dist_class1,165.0,306.0
11,feature_blocks,feat_rot,3,1,36,dist_class1,-392.0,-76.0
11,feature_blocks,feat_rot,3,1,37,targ_class1,-301.0,-1.0
11,feature_blocks,feat_rot,3,1,38,dist_class2,-236.0,71.0
11,feature_blocks,feat_rot,3,1,39,targ_class2,-158.0,152.0
11,feature_blocks,feat_rot,3,1,40,targ_class2,-85.0,231.0
11,feature_blocks,feat_rot,3,1,41,targ_class2,-11.0,294.0
11,feature_blocks,feat_rot,3,1,42,targ_class1,89.0,389.0
11,feature_blocks,feat_rot,3,1,43,dist_class1,-466.0,-3.0
11,feature_blocks,feat_rot,3,1,44,dist_class2,-392.0,51.0
11,feature_blocks,feat_rot,3,1,45,dist_class1,-322.0,160.0
11,feature_blocks,feat_rot,3,1,46,dist_class2,-238.0,220.0
11,feature_blocks,feat_rot,3,1,47,dist_class1,-142.0,295.0
11,feature_blocks,feat_rot,3,1,48,targ_class1,-62.0,387.0
11,feature_blocks,feat_rot,3,1,49,dist_class1,16.0,449.0
11,prac2_conj,conj_grid,0,1,1,dist_class1,-321.0,-315.0
11,prac2_conj,conj_grid,0,1,2,targ_class1,-225.0,-314.0
11,prac2_conj,conj_grid,0,1,3,targ_class2,-104.0,-326.0
11,prac2_conj,conj_grid,0,1,4,dist_class1,12.0,-316.0
11,prac2_conj,conj_grid,0,1,5,dist_class2,104.0,-323.0
11,prac2_conj,conj_grid,0,1,6,dist_class1,203.0,-321.0
11,prac2_conj,conj_grid,0,1,7,dist_class1,333.0,-332.0
11,prac2_conj,conj_grid,0,1,8,dist_class1,-329.0,-228.0
11,prac2_conj,conj_grid,0,1,9,targ_class1,-210.0,-217.0
11,prac2_conj,conj_grid,0,1,10,targ_class2,-96.0,-221.0
11,prac2_conj,conj_grid,0,1,11,targ_class1,-15.0,-204.0
11,prac2_conj,conj_grid,0,1,12,dist_class2,107.0,-214.0
11,prac2_conj,conj_grid,0,1,13,dist_class2,204.0,-207.0
11,prac2_conj,conj_grid,0,1,14,dist_class2,310.0,-233.0
11,prac2_conj,conj_grid,0,1,15,targ_class1,-316.0,-96.0
11,prac2_conj,conj_grid,0,1,16,targ_class1,-228.0,-97.0
11,prac2_conj,conj_grid,0,1,17,dist_class2,-120.0,-85.0
11,prac2_conj,conj_grid,0,1,18,dist_class1,-7.0,-104.0
11,prac2_conj,conj_grid,0,1,19,dist_class2,97.0,-121.0
11,prac2_conj,conj_grid,0,1,20,targ_class2,212.0,-109.0
11,prac2_conj,conj_grid,0,1,21,dist_class1,315.0,-116.0
11,prac2_conj,conj_grid,0,1,22,dist_class2,-343.0,7.0
11,prac2_conj,conj_grid,0,1,23,targ_class2,-206.0,-11.0
11,prac2_conj,conj_grid,0,1,24,targ_class1,-98.0,-3.0
11,prac2_conj,conj_grid,0,1,25,dist_class2,7.0,7.0
11,prac2_conj,conj_grid,0,1,26,targ_class2,109.0,23.0
11,prac2_conj,conj_grid,0,1,27,targ_class2,226.0,15.0
11,prac2_conj,conj_grid,0,1,28,targ_class1,327.0,4.0
11,prac2_conj,conj_grid,0,1,29,dist_class1,-315.0,122.0
11,prac2_conj,conj_grid,0,1,30,targ_class1,-195.0,118.0
11,prac2_conj,conj_grid,0,1,31,targ_class1,-110.0,103.0
11,prac2_conj,conj_grid,0,1,32,dist_class1,-9.0,113.0
11,prac2_conj,conj_grid,0,1,33,dist_class2,106.0,112.0
11,prac2_conj,conj_grid,0,1,34,targ_class2,219.0,119.0
11,prac2_conj,conj_grid,0,1,35,dist_class2,328.0,116.0
11,prac2_conj,conj_grid,0,1,36,targ_class2,-307.0,242.0
11,prac2_conj,conj_grid,0,1,37,targ_class2,-236.0,218.0
11,prac2_conj,conj_grid,0,1,38,targ_class2,-107.0,206.0
11,prac2_conj,conj_grid,0,1,39,targ_class2,-5.0,216.0
11,prac2_conj,conj_grid,0,1,40,dist_class1,113.0,211.0
11,prac2_conj,conj_grid,0,1,41,targ_class1,219.0,209.0
11,prac2_conj,conj_grid,0,1,42,dist_class1,308.0,216.0
11,prac2_conj,conj_grid,0,1,43,dist_class2,-313.0,324.0
11,prac2_conj,conj_grid,0,1,44,dist_class2,-211.0,322.0
11,prac2_conj,conj_grid,0,1,45,targ_class1,-115.0,312.0
11,prac2_conj,conj_grid,0,1,46,dist_class2,7.0,342.0
11,prac2_conj,conj_grid,0,1,47,targ_class1,118.0,328.0
11,prac2_conj,conj_grid,0,1,48,dist_class1,223.0,331.0
11,prac2_conj,conj_grid,0,1,49,targ_class2,314.0,326.0
11,prac2_conj,conj_grid,1,1,1,dist_class2,-330.0,-327.0
11,prac2_conj,conj_grid,1,1,2,dist_class2,-211.0,-317.0
11,prac2_conj,conj_grid,1,1,3,targ_class2,-116.0,-346.0
11,prac2_conj,conj_grid,1,1,4,targ_class1,5.0,-330.0
11,prac2_conj,conj_grid,1,1,5,dist_class2,102.0,-325.0
11,prac2_conj,conj_grid,1,1,6,targ_class1,204.0,-310.0
11,prac2_conj,conj_grid,1,1,7,targ_class1,338.0,-319.0
11,prac2_conj,conj_grid,1,1,8,targ_class1,-322.0,-206.0
11,prac2_conj,conj_grid,1,1,9,dist_class1,-220.0,-210.0
11,prac2_conj,conj_grid,1,1,10,dist_class1,-99.0,-217.0
11,prac2_conj,conj_grid,1,1,11,targ_class1,-16.0,-208.0
11,prac2_conj,conj_grid,1,1,12,dist_class2,120.0,-229.0
11,prac2_conj,conj_grid,1,1,13,targ_class1,217.0,-221.0
11,prac2_conj,conj_grid,1,1,14,dist_class2,339.0,-211.0
11,prac2_conj,conj_grid,1,1,15,targ_class2,-326.0,-120.0
11,prac2_conj,conj_grid,1,1,16,targ_class2,-226.0,-90.0
11,prac2_conj,conj_grid,1,1,17,targ_class2,-111.0,-114.0
11,prac2_conj,conj_grid,1,1,18,dist_class1,4.0,-85.0
11,prac2_conj,conj_grid,1,1,19,dist_class1,106.0,-101.0
11,prac2_conj,conj_grid,1,1,20,dist_class1,221.0,-99.0
11,prac2_conj,conj_grid,1,1,21,dist_class1,326.0,-101.0
11,prac2_conj,conj_grid,1,1,22,dist_class2,-342.0,12.0
11,prac2_conj,conj_grid,1,1,23,targ_class1,-228.0,5.0
11,prac2_conj,conj_grid,1,1,24,targ_class1,-115.0,0.0
11,prac2_conj,conj_grid,1,1,25,dist_class1,4.0,-3.0
11,prac2_conj,conj_grid,1,1,26,dist_class1,102.0,-5.0
11,prac2_conj,conj_grid,1,1,27,targ_class2,205.0,0.0
11,prac2_conj,conj_grid,1,1,28,dist_class2,317.0,-21.0
11,prac2_conj,conj_grid,1,1,29,targ_class1,-323.0,127.0
11,prac2_conj,conj_grid,1,1,30,targ_class2,-217.0,117.0
11,prac2_conj,conj_grid,1,1,31,targ_class1,-106.0,112.0
11,prac2_conj,conj_grid,1,1,32,dist_class1,-1.0,95.0
11,prac2_conj,conj_grid,1,1,33,dist_class2,103.0,103.0
11,prac2_conj,conj_grid,1,1,34,targ_class1,212.0,115.0
11,prac2_conj,conj_grid,1,1,35,dist_class2,338.0,86.0
11,prac2_conj,conj_grid,1,1,36,targ_class2,-332.0,224.0
11,prac2_conj,conj_grid,1,1,37,targ_class2,-229.0,218.0
11,prac2_conj,conj_grid,1,1,38,targ_class2,-112.0,205.0
11,prac2_conj,conj_grid,1,1,39,targ_class2,12.0,209.0
11,prac2_conj,conj_grid,1,1,40,targ_class2,119.0,200.0
11,prac2_conj,conj_grid,1,1,41,targ_class1,226.0,220.0
11,prac2_conj,conj_grid,1,1,42,dist_class2,324.0,221.0
11,prac2_conj,conj_grid,1,1,43,dist_class2,-309.0,328.0
11,prac2_conj,conj_grid,1,1,44,dist_class2,-209.0,318.0
11,prac2_conj,conj_grid,1,1,45,dist_class1,-125.0,340.0
11,prac2_conj,conj_grid,1,1,46,dist_class2,-0.0,301.0
11,prac2_conj,conj_grid,1,1,47,dist_class1,117.0,337.0
11,prac2_conj,conj_grid,1,1,48,dist_class1,215.0,324.0
11,prac2_conj,conj_grid,1,1,49,targ_class2,326.0,297.0
11,conjunction_blocks,conj_rot,3,1,1,targ_class1,-9.0,-443.0
11,conjunction_blocks,conj_rot,3,1,2,targ_class1,66.0,-382.0
11,conjunction_blocks,conj_rot,3,1,3,dist_class2,147.0,-317.0
11,conjunction_blocks,conj_rot,3,1,4,targ_class1,243.0,-220.0
11,conjunction_blocks,conj_rot,3,1,5,targ_class1,301.0,-147.0
11,conjunction_blocks,conj_rot,3,1,6,dist_class1,392.0,-68.0
11,conjunction_blocks,conj_rot,3,1,7,targ_class1,436.0,1.0
11,conjunction_blocks,conj_rot,3,1,8,targ_class1,-66.0,-381.0
11,conjunction_blocks,conj_rot,3,1,9,targ_class2,6.0,-289.0
11,conjunction_blocks,conj_rot,3,1,10,targ_class2,63.0,-244.0
11,conjunction_blocks,conj_rot,3,1,11,dist_class1,137.0,-153.0
11,conjunction_blocks,conj_rot,3,1,12,dist_class1,227.0,-95.0
11,conjunction_blocks,conj_rot,3,1,13,dist_class1,321.0,0.0
11,conjunction_blocks,conj_rot,3,1,14,dist_class2,387.0,71.0
11,conjunction_blocks,conj_rot,3,1,15,dist_class2,-148.0,-309.0
11,conjunction_blocks,conj_rot,3,1,16,dist_class1,-47.0,-240.0
11,conjunction_blocks,conj_rot,3,1,17,targ_class2,4.0,-158.0
11,conjunction_blocks,conj_rot,3,1,18,dist_class2,94.0,-65.0
11,conjunction_blocks,conj_rot,3,1,19,dist_class1,166.0,-11.0
11,conjunction_blocks,conj_rot,3,1,20,targ_class1,227.0,70.0
11,conjunction_blocks,conj_rot,3,1,21,targ_class2,311.0,144.0
11,conjunction_blocks,conj_rot,3,1,22,dist_class2,-246.0,-225.0
11,conjunction_blocks,conj_rot,3,1,23,dist_class2,-150.0,-166.0
11,conjunction_blocks,conj_rot,3,1,24,targ_class2,-75.0,-80.0
11,conjunction_blocks,conj_rot,3,1,25,dist_class1,-4.0,1.0
11,conjunction_blocks,conj_rot,3,1,26,dist_class2,68.0,87.0
11,conjunction_blocks,conj_rot,3,1,27,targ_class2,166.0,163.0
11,conjunction_blocks,conj_rot,3,1,28,dist_class2,232.0,249.0
11,conjunction_blocks,conj_rot,3,1,29,dist_class1,-311.0,-144.0
11,conjunction_blocks,conj_rot,3,1,30,dist_class2,-209.0,-78.0
11,conjunction_blocks,conj_rot,3,1,31,targ_class2,-169.0,18.0
11,conjunction_blocks,conj_rot,3,1,32,targ_class1,-74.0,65.0
11,conjunction_blocks,conj_rot,3,1,33,targ_class2,11.0,158.0
11,conjunction_blocks,conj_rot,3,1,34,dist_class1,49.0,231.0
11,conjunction_blocks,conj_rot,3,1,35,dist_class2,162.0,308.0
11,conjunction_blocks,conj_rot,3,1,36,targ_class2,-383.0,-56.0
11,conjunction_blocks,conj_rot,3,1,37,targ_class2,-320.0,19.0
11,conjunction_blocks,conj_rot,3,1,38,targ_class1,-227.0,92.0
11,conjunction_blocks,conj_rot,3,1,39,dist_class1,-144.0,147.0
11,conjunction_blocks,conj_rot,3,1,40,dist_class2,-74.0,220.0
11,conjunction_blocks,conj_rot,3,1,41,targ_class1,5.0,299.0
11,conjunction_blocks,conj_rot,3,1,42,dist_class1,48.0,392.0
11,conjunction_blocks,conj_rot,3,1,43,targ_class2,-459.0,-0.0
11,conjunction_blocks,conj_rot,3,1,44,targ_class1,-386.0,74.0
11,conjunction_blocks,conj_rot,3,1,45,dist_class1,-307.0,149.0
11,conjunction_blocks,conj_rot,3,1,46,targ_class2,-223.0,239.0
11,conjunction_blocks,conj_rot,3,1,47,dist_class2,-139.0,298.0
11,conjunction_blocks,conj_rot,3,1,48,targ_class1,-65.0,395.0
11,conjunction_blocks,conj_rot,3,1,49,dist_class2,-6.0,470.0
11,conjunction_blocks,conj_rot,3,2,1,targ_class1,-12.0,-449.0
11,conjunction_blocks,conj_rot,3,2,2,dist_class1,93.0,-380.0
11,conjunction_blocks,conj_rot,3,2,3,dist_class2,166.0,-305.0
11,conjunction_blocks,conj_rot,3,2,4,targ_class1,252.0,-234.0
11,conjunction_blocks,conj_rot,3,2,5,targ_class2,299.0,-143.0
11,conjunction_blocks,conj_rot,3,2,6,dist_class1,384.0,-74.0
11,conjunction_blocks,conj_rot,3,2,7,dist_class1,468.0,-26.0
11,conjunction_blocks,conj_rot,3,2,8,targ_class2,-82.0,-379.0
11,conjunction_blocks,conj_rot,3,2,9,dist_class1,-16.0,-312.0
11,conjunction_blocks,conj_rot,3,2,10,targ_class2,83.0,-244.0
11,conjunction_blocks,conj_rot,3,2,11,targ_class1,152.0,-163.0
11,conjunction_blocks,conj_rot,3,2,12,targ_class2,220.0,-71.0
11,conjunction_blocks,conj_rot,3,2,13,targ_class1,298.0,-17.0
11,conjunction_blocks,conj_rot,3,2,14,dist_class2,390.0,80.0
11,conjunction_blocks,conj_rot,3,2,15,targ_class2,-160.0,-315.0
11,conjunction_blocks,conj_rot,3,2,16,dist_class2,-75.0,-224.0
11,conjunction_blocks,conj_rot,3,2,17,dist_class2,-9.0,-152.0
11,conjunction_blocks,conj_rot,3,2,18,dist_class1,66.0,-79.0
11,conjunction_blocks,conj_rot,3,2,19,dist_class1,168.0,15.0
11,conjunction_blocks,conj_rot,3,2,20,dist_class1,251.0,69.0
11,conjunction_blocks,conj_rot,3,2,21,targ_class2,306.0,160.0
11,conjunction_blocks,conj_rot,3,2,22,targ_class1,-237.0,-233.0
11,conjunction_blocks,conj_rot,3,2,23,dist_class2,-157.0,-148.0
11,conjunction_blocks,conj_rot,3,2,24,targ_class1,-81.0,-95.0
11,conjunction_blocks,conj_rot,3,2,25,dist_class1,-17.0,-14.0
11,conjunction_blocks,conj_rot,3,2,26,dist_class1,89.0,81.0
11,conjunction_blocks,conj_rot,3,2,27,targ_class1,169.0,167.0
11,conjunction_blocks,conj_rot,3,2,28,targ_class1,227.0,242.0
11,conjunction_blocks,conj_rot,3,2,29,targ_class2,-299.0,-160.0
11,conjunction_blocks,conj_rot,3,2,30,targ_class1,-211.0,-79.0
11,conjunction_blocks,conj_rot,3,2,31,targ_class2,-145.0,10.0
11,conjunction_blocks,conj_rot,3,2,32,dist_class2,-79.0,82.0
11,conjunction_blocks,conj_rot,3,2,33,targ_class1,8.0,146.0
11,conjunction_blocks,conj_rot,3,2,34,dist_class2,91.0,228.0
11,conjunction_blocks,conj_rot,3,2,35,dist_class1,145.0,303.0
11,conjunction_blocks,conj_rot,3,2,36,dist_class1,-398.0,-75.0
11,conjunction_blocks,conj_rot,3,2,37,targ_class2,-304.0,7.0
11,conjunction_blocks,conj_rot,3,2,38,targ_class1,-204.0,79.0
11,conjunction_blocks,conj_rot,3,2,39,targ_class2,-161.0,148.0
11,conjunction_blocks,conj_rot,3,2,40,dist_class2,-84.0,206.0
11,conjunction_blocks,conj_rot,3,2,41,dist_class2,-12.0,315.0
11,conjunction_blocks,conj_rot,3,2,42,targ_class2,78.0,400.0
11,conjunction_blocks,conj_rot,3,2,43,dist_class2,-469.0,3.0
11,conjunction_blocks,conj_rot,3,2,44,dist_class1,-386.0,86.0
11,conjunction_blocks,conj_rot,3,2,45,targ_class2,-301.0,166.0
11,conjunction_blocks,conj_rot,3,2,46,dist_class2,-227.0,224.0
11,conjunction_blocks,conj_rot,3,2,47,dist_class2,-155.0,309.0
11,conjunction_blocks,conj_rot,3,2,48,dist_class2,-86.0,401.0
11,conjunction_blocks,conj_rot,3,2,49,targ_class1,2.0,456.0
11,conjunction_blocks,conj_rot,1,1,1,dist_class2,-23.0,-484.0
11,conjunction_blocks,conj_rot,1,1,2,dist_class1,81.0,-386.0
11,conjunction_blocks,conj_rot,1,1,3,targ_class2,148.0,-303.0
11,conjunction_blocks,conj_rot,1,1,4,dist_class1,232.0,-242.0
11,conjunction_blocks,conj_rot,1,1,5,dist_class2,315.0,-157.0
11,conjunction_blocks,conj_rot,1,1,6,targ_class2,391.0,-91.0
11,conjunction_blocks,conj_rot,1,1,7,targ_class1,459.0,9.0
11,conjunction_blocks,conj_rot,1,1,8,dist_class1,-90.0,-379.0
11,conjunction_blocks,conj_rot,1,1,9,dist_class2,-0.0,-300.0
11,conjunction_blocks,conj_rot,1,1,10,targ_class2,69.0,-225.0
11,conjunction_blocks,conj_rot,1,1,11,dist_class1,148.0,-128.0
11,conjunction_blocks,conj_rot,1,1,12,targ_class2,225.0,-77.0
11,conjunction_blocks,conj_rot,1,1,13,targ_class2,322.0,21.0
11,conjunction_blocks,conj_rot,1,1,14,dist_class1,382.0,77.0
11,conjunction_blocks,conj_rot,1,1,15,dist_class1,-162.0,-333.0
11,conjunction_blocks,conj_rot,1,1,16,dist_class1,-70.0,-240.0
11,conjunction_blocks,conj_rot,1,1,17,targ_class1,-4.0,-149.0
11,conjunction_blocks,conj_rot,1,1,18,targ_class2,84.0,-74.0
11,conjunction_blocks,conj_rot,1,1,19,dist_class2,156.0,-3.0
11,conjunction_blocks,conj_rot,1,1,20,targ_class2,222.0,89.0
11,conjunction_blocks,conj_rot,1,1,21,targ_class2,310.0,153.0
11,conjunction_blocks,conj_rot,1,1,22,dist_class2,-236.0,-244.0
11,conjunction_blocks,conj_rot,1,1,23,targ_class2,-162.0,-152.0
11,conjunction_blocks,conj_rot,1,1,24,dist_class2,-64.0,-80.0
11,conjunction_blocks,conj_rot,1,1,25,dist_class1,-6.0,-6.0
11,conjunction_blocks,conj_rot,1,1,26,targ_class1,73.0,62.0
11,conjunction_blocks,conj_rot,1,1,27,dist_class2,167.0,150.0
11,conjunction_blocks,conj_rot,1,1,28,dist_class2,231.0,221.0
11,conjunction_blocks,conj_rot,1,1,29,targ_class1,-292.0,-141.0
11,conjunction_blocks,conj_rot,1,1,30,dist_class2,-229.0,-64.0
11,conjunction_blocks,conj_rot,1,1,31,dist_class2,-155.0,-8.0
11,conjunction_blocks,conj_rot,1,1,32,dist_class1,-78.0,54.0
11,conjunction_blocks,conj_rot,1,1,33,targ_class1,4.0,137.0
11,conjunction_blocks,conj_rot,1,1,34,targ_class1,64.0,251.0
11,conjunction_blocks,conj_rot,1,1,35,dist_class1,154.0,311.0
11,conjunction_blocks,conj_rot,1,1,36,targ_class2,-386.0,-92.0
11,conjunction_blocks,conj_rot,1,1,37,dist_class1,-315.0,16.0
11,conjunction_blocks,conj_rot,1,1,38,dist_class1,-230.0,88.0
11,conjunction_blocks,conj_rot,1,1,39,targ_class1,-152.0,156.0
11,conjunction_blocks,conj_rot,1,1,40,targ_class1,-87.0,241.0
11,conjunction_blocks,conj_rot,1,1,41,targ_class1,-2.0,316.0
11,conjunction_blocks,conj_rot,1,1,42,targ_class1,80.0,370.0
11,conjunction_blocks,conj_rot,1,1,43,dist_class2,-457.0,8.0
11,conjunction_blocks,conj_rot,1,1,44,targ_class2,-376.0,57.0
11,conjunction_blocks,conj_rot,1,1,45,targ_class1,-298.0,163.0
11,conjunction_blocks,conj_rot,1,1,46,targ_class1,-231.0,247.0
11,conjunction_blocks,conj_rot,1,1,47,targ_class2,-143.0,303.0
11,conjunction_blocks,conj_rot,1,1,48,dist_class2,-76.0,366.0
11,conjunction_blocks,conj_rot,1,1,49,dist_class2,1.0,445.0
11,conjunction_blocks,conj_grid,1,1,1,dist_class1,-316.0,-333.0
11,conjunction_blocks,conj_grid,1,1,2,dist_class2,-207.0,-316.0
11,conjunction_blocks,conj_grid,1,1,3,dist_class1,-112.0,-331.0
11,conjunction_blocks,conj_grid,1,1,4,dist_class2,-4.0,-325.0
11,conjunction_blocks,conj_grid,1,1,5,dist_class1,110.0,-351.0
11,conjunction_blocks,conj_grid,1,1,6,targ_class2,208.0,-314.0
11,conjunction_blocks,conj_grid,1,1,7,targ_class2,308.0,-324.0
11,conjunction_blocks,conj_grid,1,1,8,targ_class1,-315.0,-212.0
11,conjunction_blocks,conj_grid,1,1,9,dist_class1,-211.0,-226.0
11,conjunction_blocks,conj_grid,1,1,10,targ_class2,-110.0,-222.0
11,conjunction_blocks,conj_grid,1,1,11,targ_class2,-6.0,-211.0
11,conjunction_blocks,conj_grid,1,1,12,targ_class1,119.0,-228.0
11,conjunction_blocks,conj_grid,1,1,13,targ_class2,227.0,-221.0
11,conjunction_blocks,conj_grid,1,1,14,dist_class2,321.0,-211.0
11,conjunction_blocks,conj_grid,1,1,15,targ_class1,-332.0,-126.0
11,conjunction_blocks,conj_grid,1,1,16,dist_class2,-224.0,-85.0
11,conjunction_blocks,conj_grid,1,1,17,dist_class2,-109.0,-105.0
11,conjunction_blocks,conj_grid,1,1,18,targ_class1,26.0,-105.0
11,conjunction_blocks,conj_grid,1,1,19,dist_class1,109.0,-104.0
11,conjunction_blocks,conj_grid,1,1,20,dist_class1,225.0,-126.0
11,conjunction_blocks,conj_grid,1,1,21,dist_class1,333.0,-99.0
11,conjunction_blocks,conj_grid,1,1,22,targ_class2,-336.0,-1.0
11,conjunction_blocks,conj_grid,1,1,23,targ_class2,-200.0,7.0
11,conjunction_blocks,conj_grid,1,1,24,targ_class1,-121.0,5.0
11,conjunction_blocks,conj_grid,1,1,25,dist_class2,2.0,4.0
11,conjunction_blocks,conj_grid,1,1,26,dist_class1,104.0,4.0
11,conjunction_blocks,conj_grid,1,1,27,targ_class2,220.0,-7.0
11,conjunction_blocks,conj_grid,1,1,28,targ_class1,321.0,6.0
11,conjunction_blocks,conj_grid,1,1,29,targ_class2,-310.0,127.0
11,conjunction_blocks,conj_grid,1,1,30,targ_class2,-217.0,113.0
11,conjunction_blocks,conj_grid,1,1,31,dist_class2,-114.0,108.0
11,conjunction_blocks,conj_grid,1,1,32,dist_class1,5.0,82.0
11,conjunction_blocks,conj_grid,1,1,33,targ_class2,102.0,104.0
11,conjunction_blocks,conj_grid,1,1,34,targ_class2,233.0,111.0
11,conjunction_blocks,conj_grid,1,1,35,dist_class2,332.0,122.0
11,conjunction_blocks,conj_grid,1,1,36,dist_class1,-331.0,216.0
11,conjunction_blocks,conj_grid,1,1,37,targ_class1,-226.0,222.0
11,conjunction_blocks,conj_grid,1,1,38,targ_class1,-96.0,212.0
11,conjunction_blocks,conj_grid,1,1,39,dist_class2,18.0,212.0
11,conjunction_blocks,conj_grid,1,1,40,targ_class1,131.0,191.0
11,conjunction_blocks,conj_grid,1,1,41,dist_class1,203.0,210.0
11,conjunction_blocks,conj_grid,1,1,42,dist_class2,289.0,217.0
11,conjunction_blocks,conj_grid,1,1,43,dist_class2,-315.0,326.0
11,conjunction_blocks,conj_grid,1,1,44,dist_class2,-217.0,320.0
11,conjunction_blocks,conj_grid,1,1,45,targ_class1,-98.0,323.0
11,conjunction_blocks,conj_grid,1,1,46,dist_class2,5.0,315.0
11,conjunction_blocks,conj_grid,1,1,47,dist_class1,124.0,338.0
11,conjunction_blocks,conj_grid,1,1,48,targ_class1,226.0,328.0
11,conjunction_blocks,conj_grid,1,1,49,targ_class1,323.0,330.0
11,conjunction_blocks,conj_rot,4,1,1,targ_class2,-17.0,-453.0
11,conjunction_blocks,conj_rot,4,1,2,dist_class1,74.0,-373.0
11,conjunction_blocks,conj_rot,4,1,3,dist_class1,153.0,-302.0
11,conjunction_blocks,conj_rot,4,1,4,dist_class2,214.0,-235.0
11,conjunction_blocks,conj_rot,4,1,5,dist_class2,313.0,-160.0
11,conjunction_blocks,conj_rot,4,1,6,targ_class2,394.0,-75.0
11,conjunction_blocks,conj_rot,4,1,7,dist_class2,468.0,3.0
11,conjunction_blocks,conj_rot,4,1,8,dist_class2,-77.0,-386.0
11,conjunction_blocks,conj_rot,4,1,9,dist_class1,-2.0,-324.0
11,conjunction_blocks,conj_rot,4,1,10,targ_class2,75.0,-233.0
11,conjunction_blocks,conj_rot,4,1,11,targ_class2,158.0,-176.0
11,conjunction_blocks,conj_rot,4,1,12,dist_class1,233.0,-64.0
11,conjunction_blocks,conj_rot,4,1,13,targ_class2,304.0,2.0
11,conjunction_blocks,conj_rot,4,1,14,targ_class1,387.0,65.0
11,conjunction_blocks,conj_rot,4,1,15,targ_class1,-154.0,-304.0
11,conjunction_blocks,conj_rot,4,1,16,dist_class1,-74.0,-239.0
11,conjunction_blocks,conj_rot,4,1,17,dist_class2,-18.0,-160.0
11,conjunction_blocks,conj_rot,4,1,18,dist_class2,87.0,-75.0
11,conjunction_blocks,conj_rot,4,1,19,dist_class1,144.0,2.0
11,conjunction_blocks,conj_rot,4,1,20,targ_class1,211.0,74.0
11,conjunction_blocks,conj_rot,4,1,21,targ_class1,296.0,163.0
11,conjunction_blocks,conj_rot,4,1,22,dist_class1,-224.0,-241.0
11,conjunction_blocks,conj_rot,4,1,23,targ_class1,-150.0,-149.0
11,conjunction_blocks,conj_rot,4,1,24,dist_class2,-77.0,-74.0
11,conjunction_blocks,conj_rot,4,1,25,targ_class2,6.0,17.0
11,conjunction_blocks,conj_rot,4,1,26,targ_class1,73.0,68.0
11,conjunction_blocks,conj_rot,4,1,27,dist_class2,149.0,138.0
11,conjunction_blocks,conj_rot,4,1,28,targ_class1,226.0,224.0
11,conjunction_blocks,conj_rot,4,1,29,targ_class1,-295.0,-167.0
11,conjunction_blocks,conj_rot,4,1,30,targ_class1,-215.0,-78.0
11,conjunction_blocks,conj_rot,4,1,31,targ_class2,-130.0,-1.0
11,conjunction_blocks,conj_rot,4,1,32,dist_class1,-86.0,91.0
11,conjunction_blocks,conj_rot,4,1,33,targ_class1,-6.0,147.0
11,conjunction_blocks,conj_rot,4,1,34,targ_class1,63.0,218.0
11,conjunction_blocks,conj_rot,4,1,35,dist_class2,146.0,288.0
11,conjunction_blocks,conj_rot,4,1,36,dist_class2,-386.0,-86.0
11,conjunction_blocks,conj_rot,4,1,37,dist_class2,-293.0,-2.0
11,conjunction_blocks,conj_rot,4,1,38,targ_class2,-226.0,59.0
11,conjunction_blocks,conj_rot,4,1,39,dist_class2,-139.0,152.0
11,conjunction_blocks,conj_rot,4,1,40,targ_class1,-67.0,223.0
11,conjunction_blocks,conj_rot,4,1,41,targ_class2,-4.0,303.0
11,conjunction_blocks,conj_rot,4,1,42,targ_class2,82.0,366.0
11,conjunction_blocks,conj_rot,4,1,43,dist_class1,-468.0,20.0
11,conjunction_blocks,conj_rot,4,1,44,dist_class1,-378.0,72.0
11,conjunction_blocks,conj_rot,4,1,45,targ_class2,-314.0,145.0
11,conjunction_blocks,conj_rot,4,1,46,targ_class2,-233.0,213.0
11,conjunction_blocks,conj_rot,4,1,47,dist_class1,-155.0,316.0
11,conjunction_blocks,conj_rot,4,1,48,dist_class2,-74.0,397.0
11,conjunction_blocks,conj_rot,4,1,49,dist_class1,2.0,469.0
11,conjunction_blocks,conj_rot,4,2,1,dist_class1,-12.0,-456.0
11,conjunction_blocks,conj_rot,4,2,2,dist_class2,69.0,-399.0
11,conjunction_blocks,conj_rot,4,2,3,targ_class2,156.0,-308.0
11,conjunction_blocks,conj_rot,4,2,4,dist_class1,212.0,-215.0
11,conjunction_blocks,conj_rot,4,2,5,targ_class1,307.0,-158.0
11,conjunction_blocks,conj_rot,4,2,6,dist_class2,386.0,-64.0
11,conjunction_blocks,conj_rot,4,2,7,targ_class1,440.0,10.0
11,conjunction_blocks,conj_rot,4,2,8,targ_class2,-77.0,-379.0
11,conjunction_blocks,conj_rot,4,2,9,targ_class2,7.0,-307.0
11,conjunction_blocks,conj_rot,4,2,10,targ_class1,76.0,-230.0
11,conjunction_blocks,conj_rot,4,2,11,targ_class1,152.0,-157.0
11,conjunction_blocks,conj_rot,4,2,12,dist_class2,238.0,-59.0
11,conjunction_blocks,conj_rot,4,2,13,targ_class2,291.0,16.0
11,conjunction_blocks,conj_rot,4,2,14,targ_class2,407.0,78.0
11,conjunction_blocks,conj_rot,4,2,15,dist_class1,-158.0,-305.0
11,conjunction_blocks,conj_rot,4,2,16,targ_class2,-67.0,-224.0
11,conjunction_blocks,conj_rot,4,2,17,dist_class1,8.0,-155.0
11,conjunction_blocks,conj_rot,4,2,18,dist_class1,65.0,-91.0
11,conjunction_blocks,conj_rot,4,2,19,dist_class1,145.0,17.0
11,conjunction_blocks,conj_rot,4,2,20,targ_class2,232.0,69.0
11,conjunction_blocks,conj_rot,4,2,21,dist_class2,302.0,157.0
11,conjunction_blocks,conj_rot,4,2,22,dist_class2,-214.0,-232.0
11,conjunction_blocks,conj_rot,4,2,23,targ_class1,-142.0,-141.0
11,conjunction_blocks,conj_rot,4,2,24,dist_class1,-76.0,-81.0
11,conjunction_blocks,conj_rot,4,2,25,dist_class2,-20.0,-10.0
11,conjunction_blocks,conj_rot,4,2,26,dist_class2,80.0,81.0
11,conjunction_blocks,conj_rot,4,2,27,targ_class1,141.0,157.0
11,conjunction_blocks,conj_rot,4,2,28,dist_class1,243.0,230.0
11,conjunction_blocks,conj_rot,4,2,29,targ_class1,-333.0,-153.0
11,conjunction_blocks,conj_rot,4,2,30,targ_class2,-261.0,-80.0
11,conjunction_blocks,conj_rot,4,2,31,targ_class1,-152.0,11.0
11,conjunction_blocks,conj_rot,4,2,32,dist_class2,-62.0,71.0
11,conjunction_blocks,conj_rot,4,2,33,dist_class2,6.0,172.0
11,conjunction_blocks,conj_rot,4,2,34,targ_class2,86.0,226.0
11,conjunction_blocks,conj_rot,4,2,35,dist_class2,174.0,322.0
11,conjunction_blocks,conj_rot,4,2,36,dist_class1,-393.0,-64.0
11,conjunction_blocks,conj_rot,4,2,37,dist_class2,-305.0,14.0
11,conjunction_blocks,conj_rot,4,2,38,targ_class1,-248.0,82.0
11,conjunction_blocks,conj_rot,4,2,39,targ_class1,-181.0,136.0
11,conjunction_blocks,conj_rot,4,2,40,targ_class2,-89.0,230.0
11,conjunction_blocks,conj_rot,4,2,41,dist_class1,12.0,311.0
11,conjunction_blocks,conj_rot,4,2,42,targ_class2,74.0,385.0
11,conjunction_blocks,conj_rot,4,2,43,dist_class1,-455.0,-5.0
11,conjunction_blocks,conj_rot,4,2,44,dist_class1,-388.0,71.0
11,conjunction_blocks,conj_rot,4,2,45,targ_class1,-333.0,155.0
11,conjunction_blocks,conj_rot,4,2,46,dist_class2,-217.0,241.0
11,conjunction_blocks,conj_rot,4,2,47,dist_class2,-157.0,309.0
11,conjunction_blocks,conj_rot,4,2,48,targ_class1,-65.0,376.0
11,conjunction_blocks,conj_rot,4,2,49,targ_class2,8.0,458.0
11,conjunction_blocks,conj_rot,0,1,1,targ_class1,12.0,-467.0
11,conjunction_blocks,conj_rot,0,1,2,dist_class1,82.0,-395.0
11,conjunction_blocks,conj_rot,0,1,3,dist_class2,146.0,-312.0
11,conjunction_blocks,conj_rot,0,1,4,targ_class2,233.0,-242.0
11,conjunction_blocks,conj_rot,0,1,5,dist_class2,309.0,-168.0
11,conjunction_blocks,conj_rot,0,1,6,targ_class2,391.0,-91.0
11,conjunction_blocks,conj_rot,0,1,7,dist_class1,455.0,-6.0
11,conjunction_blocks,conj_rot,0,1,8,dist_class2,-93.0,-383.0
11,conjunction_blocks,conj_rot,0,1,9,targ_class1,3.0,-315.0
11,conjunction_blocks,conj_rot,0,1,10,dist_class1,89.0,-223.0
11,conjunction_blocks,conj_rot,0,1,11,targ_class2,159.0,-166.0
11,conjunction_blocks,conj_rot,0,1,12,targ_class1,222.0,-86.0
11,conjunction_blocks,conj_rot,0,1,13,dist_class1,303.0,-9.0
11,conjunction_blocks,conj_rot,0,1,14,dist_class1,395.0,73.0
11,conjunction_blocks,conj_rot,0,1,15,targ_class1,-154.0,-329.0
11,conjunction_blocks,conj_rot,0,1,16,dist_class2,-70.0,-233.0
11,conjunction_blocks,conj_rot,0,1,17,dist_class1,-9.0,-136.0
11,conjunction_blocks,conj_rot,0,1,18,targ_class1,80.0,-95.0
11,conjunction_blocks,conj_rot,0,1,19,dist_class2,164.0,7.0
11,conjunction_blocks,conj_rot,0,1,20,targ_class1,213.0,102.0
11,conjunction_blocks,conj_rot,0,1,21,dist_class1,289.0,166.0
11,conjunction_blocks,conj_rot,0,1,22,dist_class2,-221.0,-227.0
11,conjunction_blocks,conj_rot,0,1,23,targ_class2,-152.0,-160.0
11,conjunction_blocks,conj_rot,0,1,24,targ_class2,-62.0,-85.0
11,conjunction_blocks,conj_rot,0,1,25,targ_class2,-3.0,-4.0
11,conjunction_blocks,conj_rot,0,1,26,dist_class1,81.0,78.0
11,conjunction_blocks,conj_rot,0,1,27,targ_class1,143.0,159.0
11,conjunction_blocks,conj_rot,0,1,28,dist_class1,228.0,225.0
11,conjunction_blocks,conj_rot,0,1,29,dist_class2,-318.0,-137.0
11,conjunction_blocks,conj_rot,0,1,30,dist_class2,-228.0,-90.0
11,conjunction_blocks,conj_rot,0,1,31,dist_class1,-160.0,3.0
11,conjunction_blocks,conj_rot,0,1,32,targ_class1,-89.0,83.0
11,conjunction_blocks,conj_rot,0,1,33,dist_class2,15.0,174.0
11,conjunction_blocks,conj_rot,0,1,34,targ_class2,71.0,232.0
11,conjunction_blocks,conj_rot,0,1,35,dist_class2,146.0,306.0
11,conjunction_blocks,conj_rot,0,1,36,dist_class2,-407.0,-69.0
11,conjunction_blocks,conj_rot,0,1,37,targ_class2,-310.0,1.0
11,conjunction_blocks,conj_rot,0,1,38,targ_class1,-229.0,64.0
11,conjunction_blocks,conj_rot,0,1,39,dist_class2,-143.0,155.0
11,conjunction_blocks,conj_rot,0,1,40,dist_class1,-86.0,227.0
11,conjunction_blocks,conj_rot,0,1,41,targ_class2,-29.0,307.0
11,conjunction_blocks,conj_rot,0,1,42,targ_class2,75.0,388.0
11,conjunction_blocks,conj_rot,0,1,43,dist_class2,-451.0,-1.0
11,conjunction_blocks,conj_rot,0,1,44,targ_class2,-377.0,76.0
11,conjunction_blocks,conj_rot,0,1,45,targ_class1,-305.0,159.0
11,conjunction_blocks,conj_rot,0,1,46,targ_class2,-232.0,257.0
11,conjunction_blocks,conj_rot,0,1,47,targ_class1,-156.0,315.0
11,conjunction_blocks,conj_rot,0,1,48,dist_class1,-78.0,386.0
11,conjunction_blocks,conj_rot,0,1,49,targ_class1,-7.0,473.0
11,conjunction_blocks,conj_grid,2,1,1,dist_class1,-316.0,-321.0
11,conjunction_blocks,conj_grid,2,1,2,targ_class1,-216.0,-315.0
11,conjunction_blocks,conj_grid,2,1,3,dist_class2,-132.0,-338.0
11,conjunction_blocks,conj_grid,2,1,4,dist_class1,-12.0,-307.0
11,conjunction_blocks,conj_grid,2,1,5,dist_class1,107.0,-319.0
11,conjunction_blocks,conj_grid,2,1,6,dist_class2,205.0,-320.0
11,conjunction_blocks,conj_grid,2,1,7,targ_class1,330.0,-336.0
11,conjunction_blocks,conj_grid,2,1,8,dist_class2,-331.0,-219.0
11,conjunction_blocks,conj_grid,2,1,9,dist_class2,-222.0,-203.0
11,conjunction_blocks,conj_grid,2,1,10,targ_class1,-111.0,-216.0
11,conjunction_blocks,conj_grid,2,1,11,targ_class2,-8.0,-217.0
11,conjunction_blocks,conj_grid,2,1,12,targ_class2,100.0,-214.0
11,conjunction_blocks,conj_grid,2,1,13,dist_class2,214.0,-206.0
11,conjunction_blocks,conj_grid,2,1,14,targ_class1,323.0,-196.0
11,conjunction_blocks,conj_grid,2,1,15,targ_class2,-322.0,-101.0
11,conjunction_blocks,conj_grid,2,1,16,dist_class2,-229.0,-111.0
11,conjunction_blocks,conj_grid,2,1,17,dist_class1,-103.0,-105.0
11,conjunction_blocks,conj_grid,2,1,18,dist_class1,-3.0,-116.0
11,conjunction_blocks,conj_grid,2,1,19,dist_class1,93.0,-107.0
11,conjunction_blocks,conj_grid,2,1,20,dist_class1,225.0,-111.0
11,conjunction_blocks,conj_grid,2,1,21,targ_class2,361.0,-108.0
11,conjunction_blocks,conj_grid,2,1,22,targ_class2,-329.0,-16.0
11,conjunction_blocks,conj_grid,2,1,23,dist_class2,-217.0,3.0
11,conjunction_blocks,conj_grid,2,1,24,targ_class1,-102.0,3.0
11,conjunction_blocks,conj_grid,2,1,25,dist_class1,14.0,-13.0
11,conjunction_blocks,conj_grid,2,1,26,dist_class2,106.0,-0.0
11,conjunction_blocks,conj_grid,2,1,27,targ_class1,214.0,-12.0
11,conjunction_blocks,conj_grid,2,1,28,dist_class1,325.0,9.0
11,conjunction_blocks,conj_grid,2,1,29,targ_class1,-327.0,105.0
11,conjunction_blocks,conj_grid,2,1,30,targ_class2,-222.0,121.0
11,conjunction_blocks,conj_grid,2,1,31,targ_class2,-106.0,121.0
11,conjunction_blocks,conj_grid,2,1,32,targ_class1,-5.0,98.0
11,conjunction_blocks,conj_grid,2,1,33,targ_class2,113.0,94.0
11,conjunction_blocks,conj_grid,2,1,34,targ_class2,194.0,98.0
11,conjunction_blocks,conj_grid,2,1,35,dist_class2,329.0,135.0
11,conjunction_blocks,conj_grid,2,1,36,targ_class1,-315.0,216.0
11,conjunction_blocks,conj_grid,2,1,37,dist_class1,-199.0,211.0
11,conjunction_blocks,conj_grid,2,1,38,targ_class2,-82.0,205.0
11,conjunction_blocks,conj_grid,2,1,39,dist_class2,-9.0,216.0
11,conjunction_blocks,conj_grid,2,1,40,targ_class1,127.0,229.0
11,conjunction_blocks,conj_grid,2,1,41,dist_class2,201.0,227.0
11,conjunction_blocks,conj_grid,2,1,42,dist_class2,321.0,201.0
11,conjunction_blocks,conj_grid,2,1,43,dist_class2,-342.0,317.0
11,conjunction_blocks,conj_grid,2,1,44,dist_class1,-220.0,329.0
11,conjunction_blocks,conj_grid,2,1,45,targ_class1,-105.0,311.0
11,conjunction_blocks,conj_grid,2,1,46,targ_class1,4.0,325.0
11,conjunction_blocks,conj_grid,2,1,47,dist_class1,113.0,313.0
11,conjunction_blocks,conj_grid,2,1,48,targ_class2,217.0,335.0
11,conjunction_blocks,conj_grid,2,1,49,targ_class2,321.0,331.0
11,conjunction_blocks,conj_grid,0,1,1,targ_class1,-342.0,-324.0
11,conjunction_blocks,conj_grid,0,1,2,targ_class2,-206.0,-315.0
11,conjunction_blocks,conj_grid,0,1,3,targ_class1,-116.0,-311.0
11,conjunction_blocks,conj_grid,0,1,4,dist_class1,-11.0,-298.0
11,conjunction_blocks,conj_grid,0,1,5,targ_class1,103.0,-322.0
11,conjunction_blocks,conj_grid,0,1,6,targ_class2,220.0,-326.0
11,conjunction_blocks,conj_grid,0,1,7,targ_class2,321.0,-314.0
11,conjunction_blocks,conj_grid,0,1,8,dist_class2,-306.0,-210.0
11,conjunction_blocks,conj_grid,0,1,9,targ_class2,-203.0,-225.0
11,conjunction_blocks,conj_grid,0,1,10,targ_class2,-110.0,-203.0
11,conjunction_blocks,conj_grid,0,1,11,dist_class1,0.0,-203.0
11,conjunction_blocks,conj_grid,0,1,12,dist_class2,118.0,-207.0
11,conjunction_blocks,conj_grid,0,1,13,targ_class1,204.0,-210.0
11,conjunction_blocks,conj_grid,0,1,14,targ_class1,340.0,-209.0
11,conjunction_blocks,conj_grid,0,1,15,dist_class1,-310.0,-97.0
11,conjunction_blocks,conj_grid,0,1,16,dist_class2,-214.0,-99.0
11,conjunction_blocks,conj_grid,0,1,17,targ_class1,-100.0,-131.0
11,conjunction_blocks,conj_grid,0,1,18,dist_class1,3.0,-84.0
11,conjunction_blocks,conj_grid,0,1,19,targ_class1,98.0,-113.0
11,conjunction_blocks,conj_grid,0,1,20,targ_class1,226.0,-106.0
11,conjunction_blocks,conj_grid,0,1,21,dist_class1,336.0,-114.0
11,conjunction_blocks,conj_grid,0,1,22,dist_class2,-319.0,-4.0
11,conjunction_blocks,conj_grid,0,1,23,targ_class2,-212.0,4.0
11,conjunction_blocks,conj_grid,0,1,24,targ_class2,-103.0,7.0
11,conjunction_blocks,conj_grid,0,1,25,dist_class2,-6.0,-5.0
11,conjunction_blocks,conj_grid,0,1,26,dist_class1,82.0,-18.0
11,conjunction_blocks,conj_grid,0,1,27,dist_class2,218.0,4.0
11,conjunction_blocks,conj_grid,0,1,28,dist_class2,318.0,-12.0
11,conjunction_blocks,conj_grid,0,1,29,dist_class2,-325.0,108.0
11,conjunction_blocks,conj_grid,0,1,30,targ_class2,-221.0,121.0
11,conjunction_blocks,conj_grid,0,1,31,dist_class1,-110.0,111.0
11,conjunction_blocks,conj_grid,0,1,32,dist_class2,-9.0,108.0
11,conjunction_blocks,conj_grid,0,1,33,dist_class1,119.0,108.0
11,conjunction_blocks,conj_grid,0,1,34,targ_class1,221.0,90.0
11,conjunction_blocks,conj_grid,0,1,35,dist_class1,320.0,107.0
11,conjunction_blocks,conj_grid,0,1,36,targ_class2,-304.0,206.0
11,conjunction_blocks,conj_grid,0,1,37,dist_class1,-192.0,217.0
11,conjunction_blocks,conj_grid,0,1,38,dist_class1,-101.0,212.0
11,conjunction_blocks,conj_grid,0,1,39,dist_class2,-1.0,228.0
11,conjunction_blocks,conj_grid,0,1,40,targ_class2,115.0,220.0
11,conjunction_blocks,conj_grid,0,1,41,targ_class1,245.0,219.0
11,conjunction_blocks,conj_grid,0,1,42,targ_class2,324.0,231.0
11,conjunction_blocks,conj_grid,0,1,43,targ_class1,-307.0,326.0
11,conjunction_blocks,conj_grid,0,1,44,dist_class2,-225.0,319.0
11,conjunction_blocks,conj_grid,0,1,45,targ_class1,-99.0,347.0
11,conjunction_blocks,conj_grid,0,1,46,dist_class2,5.0,323.0
11,conjunction_blocks,conj_grid,0,1,47,dist_class1,122.0,327.0
11,conjunction_blocks,conj_grid,0,1,48,targ_class2,203.0,319.0
11,conjunction_blocks,conj_grid,0,1,49,dist_class2,317.0,325.0
11,conjunction_blocks,conj_grid,3,1,1,dist_class1,-348.0,-322.0
11,conjunction_blocks,conj_grid,3,1,2,dist_class1,-215.0,-326.0
11,conjunction_blocks,conj_grid,3,1,3,targ_class1,-110.0,-320.0
11,conjunction_blocks,conj_grid,3,1,4,targ_class1,3.0,-309.0
11,conjunction_blocks,conj_grid,3,1,5,targ_class1,100.0,-335.0
11,conjunction_blocks,conj_grid,3,1,6,dist_class1,189.0,-306.0
11,conjunction_blocks,conj_grid,3,1,7,targ_class2,346.0,-303.0
11,conjunction_blocks,conj_grid,3,1,8,dist_class1,-326.0,-232.0
11,conjunction_blocks,conj_grid,3,1,9,dist_class2,-231.0,-210.0
11,conjunction_blocks,conj_grid,3,1,10,targ_class2,-112.0,-216.0
11,conjunction_blocks,conj_grid,3,1,11,dist_class2,11.0,-228.0
11,conjunction_blocks,conj_grid,3,1,12,dist_class2,119.0,-232.0
11,conjunction_blocks,conj_grid,3,1,13,dist_class2,214.0,-213.0
11,conjunction_blocks,conj_grid,3,1,14,targ_class2,320.0,-221.0
11,conjunction_blocks,conj_grid,3,1,15,targ_class2,-332.0,-103.0
11,conjunction_blocks,conj_grid,3,1,16,targ_class1,-218.0,-118.0
11,conjunction_blocks,conj_grid,3,1,17,dist_class2,-95.0,-104.0
11,conjunction_blocks,conj_grid,3,1,18,targ_class2,-7.0,-105.0
11,conjunction_blocks,conj_grid,3,1,19,targ_class1,110.0,-130.0
11,conjunction_blocks,conj_grid,3,1,20,targ_class2,198.0,-102.0
11,conjunction_blocks,conj_grid,3,1,21,targ_class1,327.0,-108.0
11,conjunction_blocks,conj_grid,3,1,22,targ_class1,-323.0,-10.0
11,conjunction_blocks,conj_grid,3,1,23,targ_class1,-215.0,10.0
11,conjunction_blocks,conj_grid,3,1,24,dist_class1,-105.0,4.0
11,conjunction_blocks,conj_grid,3,1,25,targ_class2,-11.0,9.0
11,conjunction_blocks,conj_grid,3,1,26,dist_class2,88.0,23.0
11,conjunction_blocks,conj_grid,3,1,27,dist_class1,223.0,-1.0
11,conjunction_blocks,conj_grid,3,1,28,targ_class2,317.0,-16.0
11,conjunction_blocks,conj_grid,3,1,29,dist_class1,-334.0,110.0
11,conjunction_blocks,conj_grid,3,1,30,dist_class2,-221.0,108.0
11,conjunction_blocks,conj_grid,3,1,31,dist_class2,-109.0,100.0
11,conjunction_blocks,conj_grid,3,1,32,targ_class2,22.0,100.0
11,conjunction_blocks,conj_grid,3,1,33,targ_class1,117.0,120.0
11,conjunction_blocks,conj_grid,3,1,34,targ_class1,214.0,111.0
11,conjunction_blocks,conj_grid,3,1,35,targ_class1,326.0,115.0
11,conjunction_blocks,conj_grid,3,1,36,dist_class2,-334.0,212.0
11,conjunction_blocks,conj_grid,3,1,37,dist_class2,-218.0,213.0
11,conjunction_blocks,conj_grid,3,1,38,targ_class2,-115.0,218.0
11,conjunction_blocks,conj_grid,3,1,39,dist_class2,-2.0,233.0
11,conjunction_blocks,conj_grid,3,1,40,targ_class1,108.0,213.0
11,conjunction_blocks,conj_grid,3,1,41,dist_class1,220.0,228.0
11,conjunction_blocks,conj_grid,3,1,42,dist_class1,321.0,228.0
11,conjunction_blocks,conj_grid,3,1,43,dist_class1,-333.0,318.0
11,conjunction_blocks,conj_grid,3,1,44,dist_class1,-205.0,321.0
11,conjunction_blocks,conj_grid,3,1,45,dist_class2,-125.0,322.0
11,conjunction_blocks,conj_grid,3,1,46,dist_class2,-2.0,311.0
11,conjunction_blocks,conj_grid,3,1,47,dist_class1,89.0,326.0
11,conjunction_blocks,conj_grid,3,1,48,targ_class2,204.0,315.0
11,conjunction_blocks,conj_grid,3,1,49,targ_class2,336.0,318.0
11,conjunction_blocks,conj_grid,3,2,1,targ_class1,-326.0,-312.0
11,conjunction_blocks,conj_grid,3,2,2,dist_class2,-221.0,-347.0
11,conjunction_blocks,conj_grid,3,2,3,targ_class2,-102.0,-336.0
11,conjunction_blocks,conj_grid,3,2,4,dist_class2,-8.0,-331.0
11,conjunction_blocks,conj_grid,3,2,5,targ_class1,128.0,-326.0
11,conjunction_blocks,conj_grid,3,2,6,targ_class2,225.0,-320.0
11,conjunction_blocks,conj_grid,3,2,7,dist_class1,319.0,-333.0
11,conjunction_blocks,conj_grid,3,2,8,targ_class1,-328.0,-189.0
11,conjunction_blocks,conj_grid,3,2,9,targ_class1,-218.0,-216.0
11,conjunction_blocks,conj_grid,3,2,10,targ_class1,-105.0,-199.0
11,conjunction_blocks,conj_grid,3,2,11,targ_class1,11.0,-210.0
11,conjunction_blocks,conj_grid,3,2,12,targ_class1,99.0,-232.0
11,conjunction_blocks,conj_grid,3,2,13,dist_class2,210.0,-214.0
11,conjunction_blocks,conj_grid,3,2,14,dist_class2,320.0,-186.0
11,conjunction_blocks,conj_grid,3,2,15,dist_class1,-336.0,-113.0
11,conjunction_blocks,conj_grid,3,2,16,dist_class2,-221.0,-116.0
11,conjunction_blocks,conj_grid,3,2,17,targ_class2,-99.0,-108.0
11,conjunction_blocks,conj_grid,3,2,18,dist_class2,1.0,-99.0
11,conjunction_blocks,conj_grid,3,2,19,dist_class1,126.0,-90.0
11,conjunction_blocks,conj_grid,3,2,20,targ_class2,213.0,-102.0
11,conjunction_blocks,conj_grid,3,2,21,dist_class1,308.0,-122.0
11,conjunction_blocks,conj_grid,3,2,22,targ_class1,-326.0,2.0
11,conjunction_blocks,conj_grid,3,2,23,targ_class2,-236.0,-1.0
11,conjunction_blocks,conj_grid,3,2,24,dist_class2,-121.0,0.0
11,conjunction_blocks,conj_grid,3,2,25,dist_class2,-7.0,12.0
11,conjunction_blocks,conj_grid,3,2,26,targ_class1,109.0,-16.0
11,conjunction_blocks,conj_grid,3,2,27,targ_class2,210.0,5.0
11,conjunction_blocks,conj_grid,3,2,28,targ_class2,327.0,18.0
11,conjunction_blocks,conj_grid,3,2,29,dist_class1,-319.0,106.0
11,conjunction_blocks,conj_grid,3,2,30,targ_class1,-203.0,119.0
11,conjunction_blocks,conj_grid,3,2,31,dist_class1,-100.0,109.0
11,conjunction_blocks,conj_grid,3,2,32,targ_class2,-15.0,118.0
11,conjunction_blocks,conj_grid,3,2,33,dist_class1,135.0,99.0
11,conjunction_blocks,conj_grid,3,2,34,dist_class2,224.0,109.0
11,conjunction_blocks,conj_grid,3,2,35,targ_class2,329.0,103.0
11,conjunction_blocks,conj_grid,3,2,36,targ_class2,-336.0,211.0
11,conjunction_blocks,conj_grid,3,2,37,dist_class1,-242.0,221.0
11,conjunction_blocks,conj_grid,3,2,38,dist_class1,-109.0,190.0
11,conjunction_blocks,conj_grid,3,2,39,dist_class2,15.0,219.0
11,conjunction_blocks,conj_grid,3,2,40,targ_class2,105.0,211.0
11,conjunction_blocks,conj_grid,3,2,41,targ_class1,229.0,225.0
11,conjunction_blocks,conj_grid,3,2,42,targ_class1,319.0,219.0
11,conjunction_blocks,conj_grid,3,2,43,dist_class1,-327.0,328.0
11,conjunction_blocks,conj_grid,3,2,44,targ_class2,-201.0,318.0
11,conjunction_blocks,conj_grid,3,2,45,dist_class1,-109.0,332.0
11,conjunction_blocks,conj_grid,3,2,46,dist_class2,-9.0,321.0
11,conjunction_blocks,conj_grid,3,2,47,dist_class2,110.0,341.0
11,conjunction_blocks,conj_grid,3,2,48,dist_class1,211.0,324.0
11,conjunction_blocks,conj_grid,3,2,49,dist_class2,332.0,337.0
11,conjunction_blocks,conj_rot,2,1,1,targ_class1,-14.0,-447.0
11,conjunction_blocks,conj_rot,2,1,2,dist_class1,60.0,-377.0
11,conjunction_blocks,conj_rot,2,1,3,dist_class1,153.0,-310.0
11,conjunction_blocks,conj_rot,2,1,4,targ_class1,230.0,-212.0
11,conjunction_blocks,conj_rot,2,1,5,dist_class2,303.0,-151.0
11,conjunction_blocks,conj_rot,2,1,6,targ_class1,375.0,-81.0
11,conjunction_blocks,conj_rot,2,1,7,dist_class2,464.0,-1.0
11,conjunction_blocks,conj_rot,2,1,8,dist_class2,-84.0,-385.0
11,conjunction_blocks,conj_rot,2,1,9,dist_class1,-5.0,-304.0
11,conjunction_blocks,conj_rot,2,1,10,targ_class2,82.0,-229.0
11,conjunction_blocks,conj_rot,2,1,11,targ_class2,148.0,-160.0
11,conjunction_blocks,conj_rot,2,1,12,dist_class2,220.0,-82.0
11,conjunction_blocks,conj_rot,2,1,13,targ_class1,303.0,9.0
11,conjunction_blocks,conj_rot,2,1,14,dist_class2,364.0,73.0
11,conjunction_blocks,conj_rot,2,1,15,targ_class2,-167.0,-287.0
11,conjunction_blocks,conj_rot,2,1,16,targ_class2,-47.0,-235.0
11,conjunction_blocks,conj_rot,2,1,17,targ_class2,-21.0,-162.0
11,conjunction_blocks,conj_rot,2,1,18,targ_class1,59.0,-64.0
11,conjunction_blocks,conj_rot,2,1,19,dist_class1,147.0,-7.0
11,conjunction_blocks,conj_rot,2,1,20,dist_class2,232.0,79.0
11,conjunction_blocks,conj_rot,2,1,21,targ_class1,296.0,135.0
11,conjunction_blocks,conj_rot,2,1,22,dist_class1,-235.0,-235.0
11,conjunction_blocks,conj_rot,2,1,23,targ_class2,-138.0,-156.0
11,conjunction_blocks,conj_rot,2,1,24,targ_class1,-82.0,-89.0
11,conjunction_blocks,conj_rot,2,1,25,dist_class2,3.0,-3.0
11,conjunction_blocks,conj_rot,2,1,26,targ_class1,70.0,77.0
11,conjunction_blocks,conj_rot,2,1,27,dist_class1,161.0,167.0
11,conjunction_blocks,conj_rot,2,1,28,targ_class1,222.0,240.0
11,conjunction_blocks,conj_rot,2,1,29,dist_class2,-305.0,-151.0
11,conjunction_blocks,conj_rot,2,1,30,dist_class1,-214.0,-84.0
11,conjunction_blocks,conj_rot,2,1,31,dist_class2,-156.0,-6.0
11,conjunction_blocks,conj_rot,2,1,32,dist_class2,-82.0,70.0
11,conjunction_blocks,conj_rot,2,1,33,dist_class1,6.0,155.0
11,conjunction_blocks,conj_rot,2,1,34,targ_class2,67.0,236.0
11,conjunction_blocks,conj_rot,2,1,35,dist_class1,149.0,326.0
11,conjunction_blocks,conj_rot,2,1,36,dist_class1,-364.0,-84.0
11,conjunction_blocks,conj_rot,2,1,37,dist_class2,-299.0,-12.0
11,conjunction_blocks,conj_rot,2,1,38,targ_class1,-228.0,82.0
11,conjunction_blocks,conj_rot,2,1,39,targ_class2,-144.0,158.0
11,conjunction_blocks,conj_rot,2,1,40,dist_class2,-77.0,221.0
11,conjunction_blocks,conj_rot,2,1,41,targ_class2,8.0,302.0
11,conjunction_blocks,conj_rot,2,1,42,targ_class2,67.0,369.0
11,conjunction_blocks,conj_rot,2,1,43,targ_class2,-453.0,7.0
11,conjunction_blocks,conj_rot,2,1,44,dist_class1,-388.0,93.0
11,conjunction_blocks,conj_rot,2,1,45,targ_class1,-307.0,163.0
11,conjunction_blocks,conj_rot,2,1,46,dist_class2,-229.0,209.0
11,conjunction_blocks,conj_rot,2,1,47,targ_class1,-142.0,290.0
11,conjunction_blocks,conj_rot,2,1,48,targ_class2,-88.0,380.0
11,conjunction_blocks,conj_rot,2,1,49,dist_class1,11.0,487.0
11,conjunction_blocks,conj_uni,3,1,1,dist_class2,-245.0,228.0
11,conjunction_blocks,conj_uni,3,1,2,targ_class2,-170.0,134.0
11,conjunction_blocks,conj_uni,3,1,3,dist_class2,-343.0,-68.0
11,conjunction_blocks,conj_uni,3,1,4,dist_class2,-126.0,170.0
11,conjunction_blocks,conj_uni,3,1,5,targ_class1,64.0,-183.0
11,conjunction_blocks,conj_uni,3,1,6,targ_class1,199.0,208.0
11,conjunction_blocks,conj_uni,3,1,7,targ_class1,89.0,-348.0
11,conjunction_blocks,conj_uni,3,1,8,targ_class2,-33.0,274.0
11,conjunction_blocks,conj_uni,3,1,9,dist_class1,145.0,-114.0
11,conjunction_blocks,conj_uni,3,1,10,dist_class1,-171.0,-246.0
11,conjunction_blocks,conj_uni,3,1,11,targ_class2,268.0,-55.0
11,conjunction_blocks,conj_uni,3,1,12,targ_class1,154.0,-237.0
11,conjunction_blocks,conj_uni,3,1,13,dist_class1,-217.0,-90.0
11,conjunction_blocks,conj_uni,3,1,14,targ_class2,89.0,-99.0
11,conjunction_blocks,conj_uni,3,1,15,targ_class1,-302.0,229.0
11,conjunction_blocks,conj_uni,3,1,16,dist_class1,-98.0,340.0
11,conjunction_blocks,conj_uni,3,1,17,dist_class1,-39.0,-27.0
11,conjunction_blocks,conj_uni,3,1,18,targ_class2,13.0,241.0
11,conjunction_blocks,conj_uni,3,1,19,dist_class1,-368.0,-288.0
11,conjunction_blocks,conj_uni,3,1,20,dist_class2,-238.0,78.0
11,conjunction_blocks,conj_uni,3,1,21,targ_class2,267.0,168.0
11,conjunction_blocks,conj_uni,3,1,22,targ_class2,-356.0,243.0
11,conjunction_blocks,conj_uni,3,1,23,dist_class1,-179.0,-304.0
11,conjunction_blocks,conj_uni,3,1,24,dist_class2,52.0,184.0
11,conjunction_blocks,conj_uni,3,1,25,targ_class1,177.0,59.0
11,conjunction_blocks,conj_uni,3,1,26,targ_class2,-88.0,279.0
11,conjunction_blocks,conj_uni,3,1,27,dist_class2,116.0,184.0
11,conjunction_blocks,conj_uni,3,1,28,targ_class1,241.0,-278.0
11,conjunction_blocks,conj_uni,3,1,29,dist_class2,214.0,15.0
11,conjunction_blocks,conj_uni,3,1,30,dist_class1,253.0,223.0
11,conjunction_blocks,conj_uni,3,1,31,dist_class2,-271.0,-72.0
11,conjunction_blocks,conj_uni,3,1,32,targ_class2,-325.0,163.0
11,conjunction_blocks,conj_uni,3,1,33,targ_class2,5.0,316.0
11,conjunction_blocks,conj_uni,3,1,34,targ_class1,117.0,-165.0
11,conjunction_blocks,conj_uni,3,1,35,dist_class2,311.0,293.0
11,conjunction_blocks,conj_uni,3,1,36,dist_class2,253.0,55.0
11,conjunction_blocks,conj_uni,3,1,37,dist_class1,-74.0,189.0
11,conjunction_blocks,conj_uni,3,1,38,targ_class1,-16.0,-335.0
11,conjunction_blocks,conj_uni,3,1,39,targ_class1,122.0,60.0
11,conjunction_blocks,conj_uni,3,1,40,targ_class1,-281.0,-16.0
11,conjunction_blocks,conj_uni,3,1,41,dist_class1,-75.0,-218.0
11,conjunction_blocks,conj_uni,3,1,42,dist_class1,-315.0,-194.0
11,conjunction_blocks,conj_uni,3,1,43,dist_class2,307.0,68.0
11,conjunction_blocks,conj_uni,3,1,44,targ_class1,-330.0,-329.0
11,conjunction_blocks,conj_uni,3,1,45,targ_class2,186.0,-291.0
11,conjunction_blocks,conj_uni,3,1,46,dist_class2,29.0,-244.0
11,conjunction_blocks,conj_uni,3,1,47,dist_class2,104.0,-34.0
11,conjunction_blocks,conj_uni,3,1,48,targ_class2,-356.0,-233.0
11,conjunction_blocks,conj_uni,3,1,49,dist_class1,201.0,289.0
11,conjunction_blocks,conj_uni,4,1,1,dist_class1,-123.0,317.0
11,conjunction_blocks,conj_uni,4,1,2,dist_class1,360.0,296.0
11,conjunction_blocks,conj_uni,4,1,3,dist_class1,-73.0,231.0
11,conjunction_blocks,conj_uni,4,1,4,dist_class2,302.0,214.0
11,conjunction_blocks,conj_uni,4,1,5,targ_class2,89.0,-189.0
11,conjunction_blocks,conj_uni,4,1,6,targ_class2,34.0,-211.0
11,conjunction_blocks,conj_uni,4,1,7,dist_class1,-241.0,-349.0
11,conjunction_blocks,conj_uni,4,1,8,targ_class1,282.0,28.0
11,conjunction_blocks,conj_uni,4,1,9,dist_class2,-29.0,267.0
11,conjunction_blocks,conj_uni,4,1,10,targ_class1,355.0,97.0
11,conjunction_blocks,conj_uni,4,1,11,dist_class1,308.0,-139.0
11,conjunction_blocks,conj_uni,4,1,12,dist_class2,-5.0,91.0
11,conjunction_blocks,conj_uni,4,1,13,dist_class2,-201.0,38.0
11,conjunction_blocks,conj_uni,4,1,14,targ_class1,0.0,35.0
11,conjunction_blocks,conj_uni,4,1,15,targ_class1,-192.0,-286.0
11,conjunction_blocks,conj_uni,4,1,16,targ_class1,323.0,-289.0
11,conjunction_blocks,conj_uni,4,1,17,dist_class2,-73.0,342.0
11,conjunction_blocks,conj_uni,4,1,18,dist_class2,-265.0,287.0
11,conjunction_blocks,conj_uni,4,1,19,targ_class1,-104.0,90.0
11,conjunction_blocks,conj_uni,4,1,20,dist_class1,-55.0,61.0
11,conjunction_blocks,conj_uni,4,1,21,dist_class1,17.0,236.0
11,conjunction_blocks,conj_uni,4,1,22,targ_class2,-36.0,-8.0
11,conjunction_blocks,conj_uni,4,1,23,targ_class1,122.0,-129.0
11,conjunction_blocks,conj_uni,4,1,24,dist_class2,259.0,-164.0
11,conjunction_blocks,conj_uni,4,1,25,dist_class2,101.0,2.0
11,conjunction_blocks,conj_uni,4,1,26,targ_class2,50.0,102.0
11,conjunction_blocks,conj_uni,4,1,27,dist_class2,248.0,227.0
11,conjunction_blocks,conj_uni,4,1,28,dist_class2,240.0,-359.0
11,conjunction_blocks,conj_uni,4,1,29,targ_class2,353.0,-103.0
11,conjunction_blocks,conj_uni,4,1,30,dist_class1,337.0,42.0
11,conjunction_blocks,conj_uni,4,1,31,targ_class1,205.0,171.0
11,conjunction_blocks,conj_uni,4,1,32,dist_class1,-21.0,322.0
11,conjunction_blocks,conj_uni,4,1,33,dist_class2,-128.0,375.0
11,conjunction_blocks,conj_uni,4,1,34,dist_class1,-295.0,340.0
11,conjunction_blocks,conj_uni,4,1,35,targ_class2,160.0,-33.0
11,conjunction_blocks,conj_uni,4,1,36,targ_class1,-91.0,178.0
11,conjunction_blocks,conj_uni,4,1,37,targ_class2,154.0,24.0
11,conjunction_blocks,conj_uni,4,1,38,dist_class1,340.0,173.0
11,conjunction_blocks,conj_uni,4,1,39,targ_class1,123.0,-233.0
11,conjunction_blocks,conj_uni,4,1,40,targ_class1,-304.0,-275.0
11,conjunction_blocks,conj_uni,4,1,41,targ_class2,199.0,-286.0
11,conjunction_blocks,conj_uni,4,1,42,targ_class1,282.0,-251.0
11,conjunction_blocks,conj_uni,4,1,43,targ_class2,-170.0,-235.0
11,conjunction_blocks,conj_uni,4,1,44,dist_class2,-244.0,-39.0
11,conjunction_blocks,conj_uni,4,1,45,targ_class2,-321.0,279.0
11,conjunction_blocks,conj_uni,4,1,46,targ_class2,-221.0,128.0
11,conjunction_blocks,conj_uni,4,1,47,dist_class2,40.0,-155.0
11,conjunction_blocks,conj_uni,4,1,48,targ_class2,-154.0,239.0
11,conjunction_blocks,conj_uni,4,1,49,dist_class1,266.0,167.0
11,conjunction_blocks,conj_grid,4,1,1,dist_class1,-337.0,-318.0
11,conjunction_blocks,conj_grid,4,1,2,dist_class2,-219.0,-331.0
11,conjunction_blocks,conj_grid,4,1,3,dist_class1,-108.0,-322.0
11,conjunction_blocks,conj_grid,4,1,4,dist_class2,25.0,-323.0
11,conjunction_blocks,conj_grid,4,1,5,targ_class2,107.0,-313.0
11,conjunction_blocks,conj_grid,4,1,6,dist_class1,207.0,-340.0
11,conjunction_blocks,conj_grid,4,1,7,targ_class1,329.0,-321.0
11,conjunction_blocks,conj_grid,4,1,8,targ_class2,-317.0,-213.0
11,conjunction_blocks,conj_grid,4,1,9,dist_class2,-221.0,-198.0
11,conjunction_blocks,conj_grid,4,1,10,targ_class1,-101.0,-220.0
11,conjunction_blocks,conj_grid,4,1,11,dist_class2,-7.0,-207.0
11,conjunction_blocks,conj_grid,4,1,12,targ_class2,87.0,-217.0
11,conjunction_blocks,conj_grid,4,1,13,dist_class1,220.0,-198.0
11,conjunction_blocks,conj_grid,4,1,14,targ_class2,320.0,-218.0
11,conjunction_blocks,conj_grid,4,1,15,dist_class1,-335.0,-116.0
11,conjunction_blocks,conj_grid,4,1,16,targ_class1,-226.0,-129.0
11,conjunction_blocks,conj_grid,4,1,17,targ_class1,-96.0,-109.0
11,conjunction_blocks,conj_grid,4,1,18,targ_class1,-25.0,-107.0
11,conjunction_blocks,conj_grid,4,1,19,targ_class2,95.0,-93.0
11,conjunction_blocks,conj_grid,4,1,20,dist_class1,240.0,-101.0
11,conjunction_blocks,conj_grid,4,1,21,targ_class1,335.0,-99.0
11,conjunction_blocks,conj_grid,4,1,22,targ_class1,-327.0,-13.0
11,conjunction_blocks,conj_grid,4,1,23,dist_class1,-211.0,10.0
11,conjunction_blocks,conj_grid,4,1,24,targ_class2,-105.0,20.0
11,conjunction_blocks,conj_grid,4,1,25,dist_class1,-5.0,2.0
11,conjunction_blocks,conj_grid,4,1,26,targ_class2,110.0,-3.0
11,conjunction_blocks,conj_grid,4,1,27,dist_class2,215.0,7.0
11,conjunction_blocks,conj_grid,4,1,28,targ_class1,333.0,-8.0
11,conjunction_blocks,conj_grid,4,1,29,dist_class2,-333.0,107.0
11,conjunction_blocks,conj_grid,4,1,30,dist_class2,-221.0,98.0
11,conjunction_blocks,conj_grid,4,1,31,dist_class1,-104.0,105.0
11,conjunction_blocks,conj_grid,4,1,32,targ_class2,4.0,121.0
11,conjunction_blocks,conj_grid,4,1,33,targ_class2,104.0,105.0
11,conjunction_blocks,conj_grid,4,1,34,dist_class1,217.0,115.0
11,conjunction_blocks,conj_grid,4,1,35,dist_class2,336.0,104.0
11,conjunction_blocks,conj_grid,4,1,36,dist_class2,-298.0,223.0
11,conjunction_blocks,conj_grid,4,1,37,targ_class2,-214.0,227.0
11,conjunction_blocks,conj_grid,4,1,38,dist_class1,-114.0,217.0
11,conjunction_blocks,conj_grid,4,1,39,targ_class1,9.0,220.0
11,conjunction_blocks,conj_grid,4,1,40,targ_class2,101.0,214.0
11,conjunction_blocks,conj_grid,4,1,41,dist_class2,210.0,224.0
11,conjunction_blocks,conj_grid,4,1,42,dist_class2,310.0,222.0
11,conjunction_blocks,conj_grid,4,1,43,targ_class1,-318.0,332.0
11,conjunction_blocks,conj_grid,4,1,44,dist_class2,-213.0,309.0
11,conjunction_blocks,conj_grid,4,1,45,dist_class2,-118.0,320.0
11,conjunction_blocks,conj_grid,4,1,46,targ_class1,-6.0,338.0
11,conjunction_blocks,conj_grid,4,1,47,targ_class1,111.0,345.0
11,conjunction_blocks,conj_grid,4,1,48,dist_class1,220.0,331.0
11,conjunction_blocks,conj_grid,4,1,49,targ_class2,313.0,309.0
11,conjunction_blocks,conj_uni,1,1,1,targ_class1,-76.0,84.0
11,conjunction_blocks,conj_uni,1,1,2,targ_class2,-94.0,-154.0
11,conjunction_blocks,conj_uni,1,1,3,dist_class1,5.0,-244.0
11,conjunction_blocks,conj_uni,1,1,4,targ_class2,-157.0,1.0
11,conjunction_blocks,conj_uni,1,1,5,targ_class1,-121.0,-369.0
11,conjunction_blocks,conj_uni,1,1,6,targ_class2,227.0,332.0
11,conjunction_blocks,conj_uni,1,1,7,targ_class2,17.0,30.0
11,conjunction_blocks,conj_uni,1,1,8,targ_class1,-39.0,-140.0
11,conjunction_blocks,conj_uni,1,1,9,dist_class1,174.0,-183.0
11,conjunction_blocks,conj_uni,1,1,10,dist_class1,-244.0,-208.0
11,conjunction_blocks,conj_uni,1,1,11,targ_class1,132.0,15.0
11,conjunction_blocks,conj_uni,1,1,12,targ_class2,-126.0,-199.0
11,conjunction_blocks,conj_uni,1,1,13,targ_class1,166.0,210.0
11,conjunction_blocks,conj_uni,1,1,14,dist_class2,-262.0,360.0
11,conjunction_blocks,conj_uni,1,1,15,dist_class1,180.0,-111.0
11,conjunction_blocks,conj_uni,1,1,16,dist_class2,-157.0,-132.0
11,conjunction_blocks,conj_uni,1,1,17,dist_class1,231.0,-255.0
11,conjunction_blocks,conj_uni,1,1,18,targ_class2,-219.0,-152.0
11,conjunction_blocks,conj_uni,1,1,19,targ_class2,-246.0,265.0
11,conjunction_blocks,conj_uni,1,1,20,targ_class2,-116.0,133.0
11,conjunction_blocks,conj_uni,1,1,21,dist_class2,-230.0,142.0
11,conjunction_blocks,conj_uni,1,1,22,dist_class1,-277.0,103.0
11,conjunction_blocks,conj_uni,1,1,23,targ_class1,206.0,280.0
11,conjunction_blocks,conj_uni,1,1,24,dist_class2,-149.0,57.0
11,conjunction_blocks,conj_uni,1,1,25,targ_class1,-356.0,-318.0
11,conjunction_blocks,conj_uni,1,1,26,targ_class2,-13.0,-50.0
11,conjunction_blocks,conj_uni,1,1,27,dist_class1,0.0,-311.0
11,conjunction_blocks,conj_uni,1,1,28,dist_class2,338.0,-27.0
11,conjunction_blocks,conj_uni,1,1,29,dist_class1,244.0,-92.0
11,conjunction_blocks,conj_uni,1,1,30,dist_class2,315.0,328.0
11,conjunction_blocks,conj_uni,1,1,31,dist_class2,103.0,-201.0
11,conjunction_blocks,conj_uni,1,1,32,targ_class1,334.0,29.0
11,conjunction_blocks,conj_uni,1,1,33,targ_class2,-32.0,3.0
11,conjunction_blocks,conj_uni,1,1,34,targ_class1,-327.0,-271.0
11,conjunction_blocks,conj_uni,1,1,35,dist_class2,163.0,-289.0
11,conjunction_blocks,conj_uni,1,1,36,dist_class1,-318.0,-107.0
11,conjunction_blocks,conj_uni,1,1,37,dist_class1,-298.0,-173.0
11,conjunction_blocks,conj_uni,1,1,38,dist_class2,-93.0,-319.0
11,conjunction_blocks,conj_uni,1,1,39,dist_class2,-272.0,-280.0
11,conjunction_blocks,conj_uni,1,1,40,targ_class2,-91.0,18.0
11,conjunction_blocks,conj_uni,1,1,41,dist_class2,150.0,270.0
11,conjunction_blocks,conj_uni,1,1,42,targ_class1,276.0,289.0
11,conjunction_blocks,conj_uni,1,1,43,dist_class2,-73.0,-37.0
11,conjunction_blocks,conj_uni,1,1,44,targ_class2,-282.0,308.0
11,conjunction_blocks,conj_uni,1,1,45,dist_class2,149.0,-234.0
11,conjunction_blocks,conj_uni,1,1,46,targ_class1,-228.0,76.0
11,conjunction_blocks,conj_uni,1,1,47,targ_class1,108.0,-271.0
11,conjunction_blocks,conj_uni,1,1,48,dist_class1,-1.0,-181.0
11,conjunction_blocks,conj_uni,1,1,49,dist_class1,148.0,-343.0
11,conjunction_blocks,conj_uni,2,1,1,dist_class1,258.0,265.0
11,conjunction_blocks,conj_uni,2,1,2,dist_class1,-165.0,-272.0
11,conjunction_blocks,conj_uni,2,1,3,targ_class2,193.0,119.0
11,conjunction_blocks,conj_uni,2,1,4,dist_class2,-233.0,-233.0
11,conjunction_blocks,conj_uni,2,1,5,targ_class2,201.0,58.0
11,conjunction_blocks,conj_uni,2,1,6,targ_class1,264.0,-278.0
11,conjunction_blocks,conj_uni,2,1,7,dist_class1,147.0,219.0
11,conjunction_blocks,conj_uni,2,1,8,dist_class2,68.0,-219.0
11,conjunction_blocks,conj_uni,2,1,9,dist_class1,12.0,-254.0
11,conjunction_blocks,conj_uni,2,1,10,targ_class2,201.0,2.0
11,conjunction_blocks,conj_uni,2,1,11,dist_class2,-84.0,-19.0
11,conjunction_blocks,conj_uni,2,1,12,targ_class2,76.0,-142.0
11,conjunction_blocks,conj_uni,2,1,13,dist_class1,-297.0,266.0
11,conjunction_blocks,conj_uni,2,1,14,dist_class2,46.0,313.0
11,conjunction_blocks,conj_uni,2,1,15,dist_class1,123.0,-227.0
11,conjunction_blocks,conj_uni,2,1,16,targ_class1,-279.0,-267.0
11,conjunction_blocks,conj_uni,2,1,17,dist_class2,209.0,291.0
11,conjunction_blocks,conj_uni,2,1,18,targ_class1,114.0,-299.0
11,conjunction_blocks,conj_uni,2,1,19,dist_class2,-258.0,-121.0
11,conjunction_blocks,conj_uni,2,1,20,targ_class2,222.0,-73.0
11,conjunction_blocks,conj_uni,2,1,21,dist_class1,313.0,266.0
11,conjunction_blocks,conj_uni,2,1,22,dist_class2,140.0,59.0
11,conjunction_blocks,conj_uni,2,1,23,targ_class1,47.0,-53.0
11,conjunction_blocks,conj_uni,2,1,24,targ_class2,-60.0,-94.0
11,conjunction_blocks,conj_uni,2,1,25,targ_class1,167.0,-263.0
11,conjunction_blocks,conj_uni,2,1,26,targ_class1,-182.0,-10.0
11,conjunction_blocks,conj_uni,2,1,27,targ_class1,-11.0,-32.0
11,conjunction_blocks,conj_uni,2,1,28,dist_class1,-51.0,208.0
11,conjunction_blocks,conj_uni,2,1,29,targ_class2,77.0,-6.0
11,conjunction_blocks,conj_uni,2,1,30,dist_class1,-69.0,-202.0
11,conjunction_blocks,conj_uni,2,1,31,targ_class1,147.0,151.0
11,conjunction_blocks,conj_uni,2,1,32,dist_class2,91.0,-89.0
11,conjunction_blocks,conj_uni,2,1,33,targ_class1,-323.0,205.0
11,conjunction_blocks,conj_uni,2,1,34,targ_class1,-92.0,246.0
11,conjunction_blocks,conj_uni,2,1,35,dist_class2,276.0,48.0
11,conjunction_blocks,conj_uni,2,1,36,dist_class1,148.0,-113.0
11,conjunction_blocks,conj_uni,2,1,37,dist_class1,-149.0,246.0
11,conjunction_blocks,conj_uni,2,1,38,dist_class2,-130.0,140.0
11,conjunction_blocks,conj_uni,2,1,39,dist_class2,-104.0,55.0
11,conjunction_blocks,conj_uni,2,1,40,dist_class1,-314.0,-224.0
11,conjunction_blocks,conj_uni,2,1,41,targ_class2,4.0,197.0
11,conjunction_blocks,conj_uni,2,1,42,targ_class2,55.0,45.0
11,conjunction_blocks,conj_uni,2,1,43,dist_class2,-44.0,-265.0
11,conjunction_blocks,conj_uni,2,1,44,targ_class2,291.0,-7.0
11,conjunction_blocks,conj_uni,2,1,45,targ_class1,-355.0,104.0
11,conjunction_blocks,conj_uni,2,1,46,targ_class1,-70.0,297.0
11,conjunction_blocks,conj_uni,2,1,47,targ_class2,-38.0,154.0
11,conjunction_blocks,conj_uni,2,1,48,targ_class2,-363.0,-196.0
11,conjunction_blocks,conj_uni,2,1,49,dist_class2,75.0,238.0
11,conjunction_blocks,conj_uni,0,1,1,dist_class2,335.0,6.0
11,conjunction_blocks,conj_uni,0,1,2,targ_class2,-229.0,-31.0
11,conjunction_blocks,conj_uni,0,1,3,dist_class1,339.0,-159.0
11,conjunction_blocks,conj_uni,0,1,4,dist_class2,319.0,111.0
11,conjunction_blocks,conj_uni,0,1,5,targ_class1,-10.0,-277.0
11,conjunction_blocks,conj_uni,0,1,6,targ_class2,275.0,-313.0
11,conjunction_blocks,conj_uni,0,1,7,dist_class1,-301.0,39.0
11,conjunction_blocks,conj_uni,0,1,8,targ_class1,317.0,203.0
11,conjunction_blocks,conj_uni,0,1,9,targ_class2,-207.0,-94.0
11,conjunction_blocks,conj_uni,0,1,10,dist_class2,209.0,-81.0
11,conjunction_blocks,conj_uni,0,1,11,dist_class2,98.0,248.0
11,conjunction_blocks,conj_uni,0,1,12,targ_class2,176.0,-200.0
11,conjunction_blocks,conj_uni,0,1,13,targ_class2,-260.0,-78.0
11,conjunction_blocks,conj_uni,0,1,14,dist_class1,344.0,326.0
11,conjunction_blocks,conj_uni,0,1,15,dist_class2,209.0,232.0
11,conjunction_blocks,conj_uni,0,1,16,targ_class2,-49.0,-167.0
11,conjunction_blocks,conj_uni,0,1,17,dist_class1,137.0,209.0
11,conjunction_blocks,conj_uni,0,1,18,dist_class1,-192.0,149.0
11,conjunction_blocks,conj_uni,0,1,19,dist_class1,72.0,-232.0
11,conjunction_blocks,conj_uni,0,1,20,dist_class2,52.0,210.0
11,conjunction_blocks,conj_uni,0,1,21,targ_class1,-42.0,164.0
11,conjunction_blocks,conj_uni,0,1,22,dist_class2,270.0,12.0
11,conjunction_blocks,conj_uni,0,1,23,targ_class2,-15.0,235.0
11,conjunction_blocks,conj_uni,0,1,24,dist_class2,-87.0,-39.0
11,conjunction_blocks,conj_uni,0,1,25,targ_class1,140.0,52.0
11,conjunction_blocks,conj_uni,0,1,26,dist_class2,46.0,267.0
11,conjunction_blocks,conj_uni,0,1,27,targ_class1,-112.0,-359.0
11,conjunction_blocks,conj_uni,0,1,28,dist_class2,185.0,182.0
11,conjunction_blocks,conj_uni,0,1,29,targ_class1,71.0,-288.0
11,conjunction_blocks,conj_uni,0,1,30,targ_class2,272.0,79.0
11,conjunction_blocks,conj_uni,0,1,31,targ_class1,-37.0,107.0
11,conjunction_blocks,conj_uni,0,1,32,targ_class2,-239.0,87.0
11,conjunction_blocks,conj_uni,0,1,33,targ_class2,86.0,324.0
11,conjunction_blocks,conj_uni,0,1,34,targ_class2,-77.0,309.0
11,conjunction_blocks,conj_uni,0,1,35,dist_class1,-181.0,39.0
11,conjunction_blocks,conj_uni,0,1,36,dist_class1,-27.0,-354.0
11,conjunction_blocks,conj_uni,0,1,37,targ_class1,94.0,-147.0
11,conjunction_blocks,conj_uni,0,1,38,dist_class1,-351.0,-203.0
11,conjunction_blocks,conj_uni,0,1,39,dist_class2,-285.0,187.0
11,conjunction_blocks,conj_uni,0,1,40,dist_class2,-89.0,87.0
11,conjunction_blocks,conj_uni,0,1,41,targ_class1,250.0,-126.0
11,conjunction_blocks,conj_uni,0,1,42,dist_class1,-172.0,-35.0
11,conjunction_blocks,conj_uni,0,1,43,targ_class2,-47.0,358.0
11,conjunction_blocks,conj_uni,0,1,44,dist_class1,374.0,203.0
11,conjunction_blocks,conj_uni,0,1,45,targ_class1,325.0,-105.0
11,conjunction_blocks,conj_uni,0,1,46,dist_class1,-127.0,25.0
11,conjunction_blocks,conj_uni,0,1,47,targ_class1,-140.0,197.0
11,conjunction_blocks,conj_uni,0,1,48,targ_class1,-182.0,94.0
11,conjunction_blocks,conj_uni,0,1,49,dist_class2,133.0,125.0
