person,block,condition,trial,attempt,id,item_class,x,y
p12,prac_feat,feat_grid,0,1,1,targ_class1,-327.0,-329.0
p12,prac_feat,feat_grid,0,1,2,targ_class2,-196.0,-314.0
p12,prac_feat,feat_grid,0,1,3,targ_class1,-94.0,-338.0
p12,prac_feat,feat_grid,0,1,4,targ_class1,9.0,-326.0
p12,prac_feat,feat_grid,0,1,5,dist_class1,102.0,-308.0
p12,prac_feat,feat_grid,0,1,6,dist_class1,229.0,-334.0
p12,prac_feat,feat_grid,0,1,7,targ_class2,335.0,-319.0
p12,prac_feat,feat_grid,0,1,8,dist_class2,-336.0,-206.0
p12,prac_feat,feat_grid,0,1,9,dist_class1,-219.0,-218.0
p12,prac_feat,feat_grid,0,1,10,dist_class2,-107.0,-212.0
p12,prac_feat,feat_grid,0,1,11,dist_class1,7.0,-215.0
p12,prac_feat,feat_grid,0,1,12,targ_class1,111.0,-207.0
p12,prac_feat,feat_grid,0,1,13,dist_class2,226.0,-221.0
p12,prac_feat,feat_grid,0,1,14,targ_class2,336.0,-200.0
p12,prac_feat,feat_grid,0,1,15,targ_class1,-325.0,-123.0
p12,prac_feat,feat_grid,0,1,16,targ_class2,-224.0,-119.0
p12,prac_feat,feat_grid,0,1,17,targ_class2,-105.0,-120.0
p12,prac_feat,feat_grid,0,1,18,targ_class1,1.0,-118.0
p12,prac_feat,feat_grid,0,1,19,dist_class2,119.0,-116.0
p12,prac_feat,feat_grid,0,1,20,targ_class1,203.0,-117.0
p12,prac_feat,feat_grid,0,1,21,dist_class2,335.0,-110.0
p12,prac_feat,feat_grid,0,1,22,dist_class1,-331.0,-7.0
p12,prac_feat,feat_grid,0,1,23,dist_class1,-217.0,16.0
p12,prac_feat,feat_grid,0,1,24,targ_class2,-110.0,-18.0
p12,prac_feat,feat_grid,0,1,25,dist_class1,-4.0,-5.0
p12,prac_feat,feat_grid,0,1,26,dist_class2,97.0,-10.0
p12,prac_feat,feat_grid,0,1,27,dist_class1,221.0,3.0
p12,prac_feat,feat_grid,0,1,28,targ_class2,321.0,20.0
p12,prac_feat,feat_grid,0,1,29,targ_class2,-329.0,108.0
p12,prac_feat,feat_grid,0,1,30,dist_class2,-221.0,103.0
p12,prac_feat,feat_grid,0,1,31,targ_class1,-100.0,114.0
p12,prac_feat,feat_grid,0,1,32,dist_class1,7.0,98.0
p12,prac_feat,feat_grid,0,1,33,dist_class1,103.0,106.0
p12,prac_feat,feat_grid,0,1,34,targ_class2,226.0,121.0
p12,prac_feat,feat_grid,0,1,35,targ_class2,307.0,122.0
p12,prac_feat,feat_grid,0,1,36,dist_class2,-333.0,221.0
p12,prac_feat,feat_grid,0,1,37,dist_class2,-223.0,211.0
p12,prac_feat,feat_grid,0,1,38,dist_class2,-109.0,208.0
p12,prac_feat,feat_grid,0,1,39,dist_class2,16.0,213.0
p12,prac_feat,feat_grid,0,1,40,targ_class1,107.0,213.0
p12,prac_feat,feat_grid,0,1,41,targ_class2,205.0,226.0
p12,prac_feat,feat_grid,0,1,42,dist_class2,323.0,210.0
p12,prac_feat,feat_grid,0,1,43,targ_class1,-335.0,318.0
p12,prac_feat,feat_grid,0,1,44,targ_class1,-215.0,328.0
p12,prac_feat,feat_grid,0,1,45,dist_class2,-112.0,341.0
p12,prac_feat,feat_grid,0,1,46,targ_class2,-3.0,307.0
p12,prac_feat,feat_grid,0,1,47,dist_class1,109.0,330.0
p12,prac_feat,feat_grid,0,1,48,targ_class1,215.0,323.0
p12,prac_feat,feat_grid,0,1,49,dist_class1,345.0,305.0
p12,prac_feat,feat_grid,1,1,1,targ_class1,-315.0,-328.0
p12,prac_feat,feat_grid,1,1,2,dist_class2,-205.0,-310.0
p12,prac_feat,feat_grid,1,1,3,dist_class1,-98.0,-334.0
p12,prac_feat,feat_grid,1,1,4,dist_class2,3.0,-319.0
p12,prac_feat,feat_grid,1,1,5,dist_class1,122.0,-339.0
p12,prac_feat,feat_grid,1,1,6,dist_class1,207.0,-320.0
p12,prac_feat,feat_grid,1,1,7,targ_class1,329.0,-332.0
p12,prac_feat,feat_grid,1,1,8,dist_class1,-323.0,-231.0
p12,prac_feat,feat_grid,1,1,9,targ_class1,-207.0,-221.0
p12,prac_feat,feat_grid,1,1,10,targ_class2,-102.0,-223.0
p12,prac_feat,feat_grid,1,1,11,dist_class2,-13.0,-207.0
p12,prac_feat,feat_grid,1,1,12,dist_class2,125.0,-212.0
p12,prac_feat,feat_grid,1,1,13,targ_class1,221.0,-206.0
p12,prac_feat,feat_grid,1,1,14,dist_class2,327.0,-213.0
p12,prac_feat,feat_grid,1,1,15,dist_class1,-323.0,-112.0
p12,prac_feat,feat_grid,1,1,16,targ_class1,-218.0,-112.0
p12,prac_feat,feat_grid,1,1,17,targ_class1,-111.0,-106.0
p12,prac_feat,feat_grid,1,1,18,dist_class2,-8.0,-110.0
p12,prac_feat,feat_grid,1,1,19,targ_class1,102.0,-106.0
p12,prac_feat,feat_grid,1,1,20,targ_class1,214.0,-107.0
p12,prac_feat,feat_grid,1,1,21,dist_class1,344.0,-100.0
p12,prac_feat,feat_grid,1,1,22,targ_class2,-330.0,2.0
p12,prac_feat,feat_grid,1,1,23,targ_class2,-213.0,0.0
p12,prac_feat,feat_grid,1,1,24,dist_class2,-107.0,-5.0
p12,prac_feat,feat_grid,1,1,25,dist_class1,-3.0,-1.0
p12,prac_feat,feat_grid,1,1,26,targ_class1,105.0,-4.0
p12,prac_feat,feat_grid,1,1,27,targ_class2,231.0,2.0
p12,prac_feat,feat_grid,1,1,28,targ_class2,329.0,11.0
p12,prac_feat,feat_grid,1,1,29,targ_class2,-309.0,115.0
p12,prac_feat,feat_grid,1,1,30,dist_class1,-218.0,99.0
p12,prac_feat,feat_grid,1,1,31,dist_class1,-105.0,99.0
p12,prac_feat,feat_grid,1,1,32,targ_class1,-1.0,84.0
p12,prac_feat,feat_grid,1,1,33,dist_class1,104.0,105.0
p12,prac_feat,feat_grid,1,1,34,targ_class1,229.0,117.0
p12,prac_feat,feat_grid,1,1,35,dist_class2,327.0,105.0
p12,prac_feat,feat_grid,1,1,36,targ_class2,-307.0,217.0
p12,prac_feat,feat_grid,1,1,37,dist_class2,-206.0,222.0
p12,prac_feat,feat_grid,1,1,38,dist_class1,-103.0,210.0
p12,prac_feat,feat_grid,1,1,39,dist_class1,-3.0,205.0
p12,prac_feat,feat_grid,1,1,40,targ_class2,107.0,220.0
p12,prac_feat,feat_grid,1,1,41,targ_class2,216.0,200.0
p12,prac_feat,feat_grid,1,1,42,targ_class2,325.0,227.0
p12,prac_feat,feat_grid,1,1,43,targ_class1,-324.0,325.0
p12,prac_feat,feat_grid,1,1,44,dist_class2,-214.0,320.0
p12,prac_feat,feat_grid,1,1,45,dist_class2,-87.0,314.0
p12,prac_feat,feat_grid,1,1,46,targ_class2,17.0,310.0
p12,prac_feat,feat_grid,1,1,47,dist_class2,98.0,329.0
p12,prac_feat,feat_grid,1,1,48,targ_class2,208.0,335.0
p12,prac_feat,feat_grid,1,1,49,dist_class2,313.0,327.0
p12,feature_blocks,feat_rot,0,1,1,targ_class1,17.0,-470.0
p12,feature_blocks,feat_rot,0,1,2,dist_class1,67.0,-379.0
p12,feature_blocks,feat_rot,0,1,3,targ_class2,146.0,-307.0
p12,feature_blocks,feat_rot,0,1,4,dist_class1,230.0,-225.0
p12,feature_blocks,feat_rot,0,1,5,targ_class2,314.0,-151.0
p12,feature_blocks,feat_rot,0,1,6,dist_class1,360.0,-95.0
p12,feature_blocks,feat_rot,0,1,7,targ_class2,474.0,0.0
p12,feature_blocks,feat_rot,0,1,8,dist_class2,-64.0,-375.0
p12,feature_blocks,feat_rot,0,1,9,dist_class2,-16.0,-304.0
p12,feature_blocks,feat_rot,0,1,10,targ_class1,66.0,-238.0
p12,feature_blocks,feat_rot,0,1,11,dist_class1,156.0,-157.0
p12,feature_blocks,feat_rot,0,1,12,targ_class2,245.0,-75.0
p12,feature_blocks,feat_rot,0,1,13,dist_class1,302.0,15.0
p12,feature_blocks,feat_rot,0,1,14,targ_class2,374.0,66.0
p12,feature_blocks,feat_rot,0,1,15,targ_class2,-162.0,-308.0
p12,feature_blocks,feat_rot,0,1,16,targ_class1,-61.0,-241.0
p12,feature_blocks,feat_rot,0,1,17,targ_class1,10.0,-163.0
p12,feature_blocks,feat_rot,0,1,18,targ_class1,91.0,-76.0
p12,feature_blocks,feat_rot,0,1,19,dist_class1,130.0,-2.0
p12,feature_blocks,feat_rot,0,1,20,dist_class2,235.0,84.0
p12,feature_blocks,feat_rot,0,1,21,targ_class2,306.0,164.0
p12,feature_blocks,feat_rot,0,1,22,targ_class2,-237.0,-243.0
p12,feature_blocks,feat_rot,0,1,23,dist_class2,-166.0,-157.0
p12,feature_blocks,feat_rot,0,1,24,targ_class1,-77.0,-79.0
p12,feature_blocks,feat_rot,0,1,25,targ_class1,-13.0,-8.0
p12,feature_blocks,feat_rot,0,1,26,targ_class2,71.0,71.0
p12,feature_blocks,feat_rot,0,1,27,targ_class1,156.0,170.0
p12,feature_blocks,feat_rot,0,1,28,targ_class1,224.0,245.0
p12,feature_blocks,feat_rot,0,1,29,targ_class1,-311.0,-164.0
p12,feature_blocks,feat_rot,0,1,30,dist_class2,-233.0,-69.0
p12,feature_blocks,feat_rot,0,1,31,dist_class2,-150.0,-8.0
p12,feature_blocks,feat_rot,0,1,32,dist_class1,-86.0,65.0
p12,feature_blocks,feat_rot,0,1,33,dist_class1,-19.0,156.0
p12,feature_blocks,feat_rot,0,1,34,dist_class2,80.0,208.0
p12,feature_blocks,feat_rot,0,1,35,dist_class2,158.0,295.0
p12,feature_blocks,feat_rot,0,1,36,dist_class1,-392.0,-72.0
p12,feature_blocks,feat_rot,0,1,37,dist_class1,-313.0,9.0
p12,feature_blocks,feat_rot,0,1,38,dist_class2,-223.0,72.0
p12,feature_blocks,feat_rot,0,1,39,dist_class2,-149.0,158.0
p12,feature_blocks,feat_rot,0,1,40,targ_class2,-85.0,213.0
p12,feature_blocks,feat_rot,0,1,41,targ_class2,17.0,292.0
p12,feature_blocks,feat_rot,0,1,42,dist_class1,94.0,380.0
p12,feature_blocks,feat_rot,0,1,43,targ_class1,-455.0,1.0
p12,feature_blocks,feat_rot,0,1,44,targ_class1,-392.0,62.0
p12,feature_blocks,feat_rot,0,1,45,dist_class2,-321.0,154.0
p12,feature_blocks,feat_rot,0,1,46,dist_class2,-226.0,235.0
p12,feature_blocks,feat_rot,0,1,47,dist_class1,-145.0,296.0
p12,feature_blocks,feat_rot,0,1,48,targ_class2,-73.0,384.0
p12,feature_blocks,feat_rot,0,1,49,dist_class2,-9.0,465.0
p12,feature_blocks,feat_grid,0,1,1,dist_class2,-320.0,-326.0
p12,feature_blocks,feat_grid,0,1,2,dist_class1,-192.0,-328.0
p12,feature_blocks,feat_grid,0,1,3,dist_class2,-131.0,-336.0
p12,feature_blocks,feat_grid,0,1,4,targ_class2,7.0,-318.0
p12,feature_blocks,feat_grid,0,1,5,dist_class2,103.0,-311.0
p12,feature_blocks,feat_grid,0,1,6,targ_class1,207.0,-345.0
p12,feature_blocks,feat_grid,0,1,7,targ_class1,316.0,-313.0
p12,feature_blocks,feat_grid,0,1,8,dist_class2,-339.0,-220.0
p12,feature_blocks,feat_grid,0,1,9,targ_class1,-220.0,-223.0
p12,feature_blocks,feat_grid,0,1,10,targ_class1,-94.0,-237.0
p12,feature_blocks,feat_grid,0,1,11,targ_class1,29.0,-216.0
p12,feature_blocks,feat_grid,0,1,12,targ_class2,111.0,-210.0
p12,feature_blocks,feat_grid,0,1,13,targ_class2,209.0,-217.0
p12,feature_blocks,feat_grid,0,1,14,dist_class1,336.0,-216.0
p12,feature_blocks,feat_grid,0,1,15,dist_class1,-336.0,-95.0
p12,feature_blocks,feat_grid,0,1,16,dist_class2,-214.0,-111.0
p12,feature_blocks,feat_grid,0,1,17,targ_class2,-104.0,-103.0
p12,feature_blocks,feat_grid,0,1,18,targ_class1,-15.0,-111.0
p12,feature_blocks,feat_grid,0,1,19,targ_class2,98.0,-118.0
p12,feature_blocks,feat_grid,0,1,20,dist_class1,215.0,-131.0
p12,feature_blocks,feat_grid,0,1,21,dist_class1,345.0,-107.0
p12,feature_blocks,feat_grid,0,1,22,dist_class2,-317.0,-13.0
p12,feature_blocks,feat_grid,0,1,23,targ_class1,-212.0,11.0
p12,feature_blocks,feat_grid,0,1,24,dist_class2,-110.0,7.0
p12,feature_blocks,feat_grid,0,1,25,targ_class1,10.0,2.0
p12,feature_blocks,feat_grid,0,1,26,dist_class1,110.0,8.0
p12,feature_blocks,feat_grid,0,1,27,dist_class2,208.0,-5.0
p12,feature_blocks,feat_grid,0,1,28,dist_class2,337.0,-15.0
p12,feature_blocks,feat_grid,0,1,29,dist_class1,-319.0,118.0
p12,feature_blocks,feat_grid,0,1,30,targ_class2,-224.0,106.0
p12,feature_blocks,feat_grid,0,1,31,targ_class1,-107.0,110.0
p12,feature_blocks,feat_grid,0,1,32,targ_class2,-6.0,86.0
p12,feature_blocks,feat_grid,0,1,33,targ_class2,120.0,112.0
p12,feature_blocks,feat_grid,0,1,34,dist_class1,236.0,100.0
p12,feature_blocks,feat_grid,0,1,35,targ_class2,325.0,114.0
p12,feature_blocks,feat_grid,0,1,36,dist_class1,-337.0,226.0
p12,feature_blocks,feat_grid,0,1,37,dist_class2,-234.0,212.0
p12,feature_blocks,feat_grid,0,1,38,targ_class1,-99.0,226.0
p12,feature_blocks,feat_grid,0,1,39,dist_class2,10.0,218.0
p12,feature_blocks,feat_grid,0,1,40,targ_class1,111.0,223.0
p12,feature_blocks,feat_grid,0,1,41,dist_class1,215.0,209.0
p12,feature_blocks,feat_grid,0,1,42,targ_class2,328.0,217.0
p12,feature_blocks,feat_grid,0,1,43,dist_class2,-322.0,329.0
p12,feature_blocks,feat_grid,0,1,44,targ_class1,-210.0,341.0
p12,feature_blocks,feat_grid,0,1,45,targ_class2,-112.0,333.0
p12,feature_blocks,feat_grid,0,1,46,dist_class1,12.0,318.0
p12,feature_blocks,feat_grid,0,1,47,targ_class2,97.0,320.0
p12,feature_blocks,feat_grid,0,1,48,dist_class2,215.0,320.0
p12,feature_blocks,feat_grid,0,1,49,dist_class1,328.0,322.0
p12,feature_blocks,feat_uni,3,1,1,dist_class1,274.0,-2.0
p12,feature_blocks,feat_uni,3,1,2,dist_class1,248.0,-203.0
p12,feature_blocks,feat_uni,3,1,3,targ_class1,-239.0,-371.0
p12,feature_blocks,feat_uni,3,1,4,dist_class1,-348.0,-350.0
p12,feature_blocks,feat_uni,3,1,5,dist_class2,-180.0,201.0
p12,feature_blocks,feat_uni,3,1,6,targ_class1,-302.0,-188.0
p12,feature_blocks,feat_uni,3,1,7,targ_class2,-105.0,-366.0
p12,feature_blocks,feat_uni,3,1,8,dist_class2,-270.0,237.0
p12,feature_blocks,feat_uni,3,1,9,dist_class2,6.0,78.0
p12,feature_blocks,feat_uni,3,1,10,dist_class2,187.0,86.0
p12,feature_blocks,feat_uni,3,1,11,dist_class1,-88.0,120.0
p12,feature_blocks,feat_uni,3,1,12,dist_class2,259.0,-258.0
p12,feature_blocks,feat_uni,3,1,13,targ_class2,110.0,105.0
p12,feature_blocks,feat_uni,3,1,14,targ_class1,-357.0,50.0
p12,feature_blocks,feat_uni,3,1,15,dist_class2,-277.0,-59.0
p12,feature_blocks,feat_uni,3,1,16,dist_class1,274.0,125.0
p12,feature_blocks,feat_uni,3,1,17,dist_class2,-40.0,-280.0
p12,feature_blocks,feat_uni,3,1,18,targ_class2,-70.0,67.0
p12,feature_blocks,feat_uni,3,1,19,dist_class2,52.0,306.0
p12,feature_blocks,feat_uni,3,1,20,targ_class2,-114.0,-31.0
p12,feature_blocks,feat_uni,3,1,21,dist_class2,-194.0,-191.0
p12,feature_blocks,feat_uni,3,1,22,targ_class1,-264.0,293.0
p12,feature_blocks,feat_uni,3,1,23,dist_class1,-254.0,-316.0
p12,feature_blocks,feat_uni,3,1,24,dist_class1,-139.0,-247.0
p12,feature_blocks,feat_uni,3,1,25,dist_class1,-197.0,-318.0
p12,feature_blocks,feat_uni,3,1,26,dist_class1,-20.0,127.0
p12,feature_blocks,feat_uni,3,1,27,targ_class1,250.0,212.0
p12,feature_blocks,feat_uni,3,1,28,targ_class1,-329.0,265.0
p12,feature_blocks,feat_uni,3,1,29,targ_class2,-262.0,-4.0
p12,feature_blocks,feat_uni,3,1,30,targ_class2,248.0,-312.0
p12,feature_blocks,feat_uni,3,1,31,dist_class2,-126.0,220.0
p12,feature_blocks,feat_uni,3,1,32,targ_class1,200.0,-23.0
p12,feature_blocks,feat_uni,3,1,33,targ_class2,-67.0,263.0
p12,feature_blocks,feat_uni,3,1,34,dist_class1,-59.0,-333.0
p12,feature_blocks,feat_uni,3,1,35,dist_class1,70.0,-37.0
p12,feature_blocks,feat_uni,3,1,36,dist_class2,149.0,331.0
p12,feature_blocks,feat_uni,3,1,37,targ_class1,-196.0,-246.0
p12,feature_blocks,feat_uni,3,1,38,targ_class2,-130.0,83.0
p12,feature_blocks,feat_uni,3,1,39,targ_class2,54.0,123.0
p12,feature_blocks,feat_uni,3,1,40,dist_class2,337.0,-221.0
p12,feature_blocks,feat_uni,3,1,41,targ_class2,118.0,-188.0
p12,feature_blocks,feat_uni,3,1,42,targ_class1,342.0,-57.0
p12,feature_blocks,feat_uni,3,1,43,dist_class1,142.0,-67.0
p12,feature_blocks,feat_uni,3,1,44,targ_class1,103.0,184.0
p12,feature_blocks,feat_uni,3,1,45,dist_class2,62.0,-92.0
p12,feature_blocks,feat_uni,3,1,46,targ_class1,-291.0,-243.0
p12,feature_blocks,feat_uni,3,1,47,targ_class2,36.0,-141.0
p12,feature_blocks,feat_uni,3,1,48,targ_class1,93.0,-238.0
p12,feature_blocks,feat_uni,3,1,49,targ_class2,-13.0,246.0
p12,feature_blocks,feat_grid,3,1,1,targ_class1,-322.0,-326.0
p12,feature_blocks,feat_grid,3,1,2,dist_class1,-230.0,-322.0
p12,feature_blocks,feat_grid,3,1,3,dist_class2,-113.0,-332.0
p12,feature_blocks,feat_grid,3,1,4,targ_class2,3.0,-330.0
p12,feature_blocks,feat_grid,3,1,5,dist_class2,113.0,-299.0
p12,feature_blocks,feat_grid,3,1,6,dist_class1,205.0,-314.0
p12,feature_blocks,feat_grid,3,1,7,targ_class2,309.0,-319.0
p12,feature_blocks,feat_grid,3,1,8,targ_class2,-334.0,-218.0
p12,feature_blocks,feat_grid,3,1,9,dist_class1,-224.0,-222.0
p12,feature_blocks,feat_grid,3,1,10,targ_class2,-106.0,-222.0
p12,feature_blocks,feat_grid,3,1,11,targ_class2,-5.0,-205.0
p12,feature_blocks,feat_grid,3,1,12,dist_class2,101.0,-223.0
p12,feature_blocks,feat_grid,3,1,13,dist_class1,202.0,-194.0
p12,feature_blocks,feat_grid,3,1,14,dist_class1,315.0,-218.0
p12,feature_blocks,feat_grid,3,1,15,targ_class1,-315.0,-96.0
p12,feature_blocks,feat_grid,3,1,16,targ_class2,-226.0,-111.0
p12,feature_blocks,feat_grid,3,1,17,targ_class1,-107.0,-109.0
p12,feature_blocks,feat_grid,3,1,18,dist_class1,1.0,-108.0
p12,feature_blocks,feat_grid,3,1,19,dist_class1,98.0,-106.0
p12,feature_blocks,feat_grid,3,1,20,dist_class2,227.0,-95.0
p12,feature_blocks,feat_grid,3,1,21,targ_class1,335.0,-87.0
p12,feature_blocks,feat_grid,3,1,22,targ_class2,-333.0,3.0
p12,feature_blocks,feat_grid,3,1,23,targ_class1,-219.0,-2.0
p12,feature_blocks,feat_grid,3,1,24,dist_class2,-103.0,-11.0
p12,feature_blocks,feat_grid,3,1,25,dist_class1,-1.0,-12.0
p12,feature_blocks,feat_grid,3,1,26,targ_class1,104.0,-3.0
p12,feature_blocks,feat_grid,3,1,27,targ_class1,211.0,-7.0
p12,feature_blocks,feat_grid,3,1,28,targ_class1,311.0,1.0
p12,feature_blocks,feat_grid,3,1,29,dist_class2,-336.0,111.0
p12,feature_blocks,feat_grid,3,1,30,targ_class2,-214.0,100.0
p12,feature_blocks,feat_grid,3,1,31,targ_class1,-109.0,119.0
p12,feature_blocks,feat_grid,3,1,32,dist_class2,1.0,96.0
p12,feature_blocks,feat_grid,3,1,33,dist_class1,105.0,115.0
p12,feature_blocks,feat_grid,3,1,34,targ_class1,208.0,116.0
p12,feature_blocks,feat_grid,3,1,35,dist_class1,320.0,108.0
p12,feature_blocks,feat_grid,3,1,36,dist_class2,-311.0,218.0
p12,feature_blocks,feat_grid,3,1,37,dist_class1,-231.0,205.0
p12,feature_blocks,feat_grid,3,1,38,targ_class2,-88.0,240.0
p12,feature_blocks,feat_grid,3,1,39,dist_class2,1.0,223.0
p12,feature_blocks,feat_grid,3,1,40,targ_class1,122.0,206.0
p12,feature_blocks,feat_grid,3,1,41,dist_class2,224.0,214.0
p12,feature_blocks,feat_grid,3,1,42,targ_class1,333.0,232.0
p12,feature_blocks,feat_grid,3,1,43,targ_class2,-325.0,328.0
p12,feature_blocks,feat_grid,3,1,44,dist_class2,-204.0,316.0
p12,feature_blocks,feat_grid,3,1,45,dist_class2,-106.0,319.0
p12,feature_blocks,feat_grid,3,1,46,dist_class2,-2.0,326.0
p12,feature_blocks,feat_grid,3,1,47,dist_class1,107.0,323.0
p12,feature_blocks,feat_grid,3,1,48,targ_class2,229.0,306.0
p12,feature_blocks,feat_grid,3,1,49,targ_class2,337.0,333.0
p12,feature_blocks,feat_rot,3,1,1,targ_class1,6.0,-454.0
p12,feature_blocks,feat_rot,3,1,2,targ_class2,75.0,-382.0
p12,feature_blocks,feat_rot,3,1,3,targ_class2,126.0,-316.0
p12,feature_blocks,feat_rot,3,1,4,targ_class1,236.0,-239.0
p12,feature_blocks,feat_rot,3,1,5,dist_class1,306.0,-148.0
p12,feature_blocks,feat_rot,3,1,6,dist_class2,388.0,-66.0
p12,feature_blocks,feat_rot,3,1,7,dist_class2,452.0,9.0
p12,feature_blocks,feat_rot,3,1,8,targ_class1,-61.0,-383.0
p12,feature_blocks,feat_rot,3,1,9,dist_class1,6.0,-303.0
p12,feature_blocks,feat_rot,3,1,10,dist_class1,66.0,-215.0
p12,feature_blocks,feat_rot,3,1,11,targ_class2,159.0,-174.0
p12,feature_blocks,feat_rot,3,1,12,targ_class2,243.0,-85.0
p12,feature_blocks,feat_rot,3,1,13,targ_class1,298.0,1.0
p12,feature_blocks,feat_rot,3,1,14,dist_class2,375.0,80.0
p12,feature_blocks,feat_rot,3,1,15,targ_class2,-156.0,-299.0
p12,feature_blocks,feat_rot,3,1,16,dist_class1,-71.0,-230.0
p12,feature_blocks,feat_rot,3,1,17,targ_class2,11.0,-153.0
p12,feature_blocks,feat_rot,3,1,18,targ_class2,52.0,-94.0
p12,feature_blocks,feat_rot,3,1,19,targ_class2,161.0,-0.0
p12,feature_blocks,feat_rot,3,1,20,dist_class1,223.0,74.0
p12,feature_blocks,feat_rot,3,1,21,targ_class1,316.0,151.0
p12,feature_blocks,feat_rot,3,1,22,dist_class1,-225.0,-225.0
p12,feature_blocks,feat_rot,3,1,23,targ_class1,-144.0,-163.0
p12,feature_blocks,feat_rot,3,1,24,dist_class1,-71.0,-78.0
p12,feature_blocks,feat_rot,3,1,25,dist_class1,-8.0,-1.0
p12,feature_blocks,feat_rot,3,1,26,dist_class1,92.0,86.0
p12,feature_blocks,feat_rot,3,1,27,targ_class1,160.0,150.0
p12,feature_blocks,feat_rot,3,1,28,targ_class2,232.0,250.0
p12,feature_blocks,feat_rot,3,1,29,dist_class2,-306.0,-167.0
p12,feature_blocks,feat_rot,3,1,30,dist_class2,-238.0,-80.0
p12,feature_blocks,feat_rot,3,1,31,targ_class1,-165.0,8.0
p12,feature_blocks,feat_rot,3,1,32,dist_class2,-76.0,64.0
p12,feature_blocks,feat_rot,3,1,33,dist_class2,4.0,156.0
p12,feature_blocks,feat_rot,3,1,34,dist_class2,75.0,218.0
p12,feature_blocks,feat_rot,3,1,35,targ_class1,164.0,299.0
p12,feature_blocks,feat_rot,3,1,36,targ_class2,-374.0,-78.0
p12,feature_blocks,feat_rot,3,1,37,targ_class2,-305.0,-17.0
p12,feature_blocks,feat_rot,3,1,38,dist_class1,-231.0,85.0
p12,feature_blocks,feat_rot,3,1,39,targ_class1,-162.0,176.0
p12,feature_blocks,feat_rot,3,1,40,dist_class2,-73.0,233.0
p12,feature_blocks,feat_rot,3,1,41,dist_class1,-11.0,316.0
p12,feature_blocks,feat_rot,3,1,42,dist_class1,76.0,386.0
p12,feature_blocks,feat_rot,3,1,43,targ_class1,-458.0,14.0
p12,feature_blocks,feat_rot,3,1,44,dist_class2,-376.0,66.0
p12,feature_blocks,feat_rot,3,1,45,dist_class2,-290.0,135.0
p12,feature_blocks,feat_rot,3,1,46,dist_class2,-234.0,229.0
p12,feature_blocks,feat_rot,3,1,47,targ_class1,-150.0,302.0
p12,feature_blocks,feat_rot,3,1,48,dist_class2,-80.0,386.0
p12,feature_blocks,feat_rot,3,1,49,targ_class2,1.0,472.0
p12,feature_blocks,feat_rot,2,1,1,targ_class2,-2.0,-460.0
p12,feature_blocks,feat_rot,2,1,2,targ_class1,68.0,-386.0
p12,feature_blocks,feat_rot,2,1,3,targ_class2,143.0,-315.0
p12,feature_blocks,feat_rot,2,1,4,dist_class2,245.0,-220.0
p12,feature_blocks,feat_rot,2,1,5,targ_class2,301.0,-160.0
p12,feature_blocks,feat_rot,2,1,6,targ_class2,377.0,-72.0
p12,feature_blocks,feat_rot,2,1,7,dist_class1,465.0,2.0
p12,feature_blocks,feat_rot,2,1,8,dist_class2,-72.0,-393.0
p12,feature_blocks,feat_rot,2,1,9,dist_class2,3.0,-322.0
p12,feature_blocks,feat_rot,2,1,10,dist_class2,87.0,-212.0
p12,feature_blocks,feat_rot,2,1,11,targ_class2,138.0,-140.0
p12,feature_blocks,feat_rot,2,1,12,targ_class1,244.0,-80.0
p12,feature_blocks,feat_rot,2,1,13,dist_class1,283.0,-15.0
p12,feature_blocks,feat_rot,2,1,14,targ_class1,400.0,72.0
p12,feature_blocks,feat_rot,2,1,15,targ_class1,-160.0,-313.0
p12,feature_blocks,feat_rot,2,1,16,dist_class1,-82.0,-241.0
p12,feature_blocks,feat_rot,2,1,17,targ_class1,-0.0,-141.0
p12,feature_blocks,feat_rot,2,1,18,dist_class1,89.0,-84.0
p12,feature_blocks,feat_rot,2,1,19,dist_class1,145.0,-20.0
p12,feature_blocks,feat_rot,2,1,20,targ_class1,240.0,91.0
p12,feature_blocks,feat_rot,2,1,21,targ_class2,297.0,151.0
p12,feature_blocks,feat_rot,2,1,22,dist_class2,-214.0,-219.0
p12,feature_blocks,feat_rot,2,1,23,targ_class1,-151.0,-165.0
p12,feature_blocks,feat_rot,2,1,24,targ_class2,-78.0,-66.0
p12,feature_blocks,feat_rot,2,1,25,dist_class1,0.0,-11.0
p12,feature_blocks,feat_rot,2,1,26,dist_class2,58.0,71.0
p12,feature_blocks,feat_rot,2,1,27,dist_class1,154.0,144.0
p12,feature_blocks,feat_rot,2,1,28,dist_class2,240.0,212.0
p12,feature_blocks,feat_rot,2,1,29,targ_class2,-301.0,-161.0
p12,feature_blocks,feat_rot,2,1,30,targ_class1,-230.0,-83.0
p12,feature_blocks,feat_rot,2,1,31,targ_class2,-126.0,-7.0
p12,feature_blocks,feat_rot,2,1,32,dist_class2,-85.0,68.0
p12,feature_blocks,feat_rot,2,1,33,targ_class1,-6.0,161.0
p12,feature_blocks,feat_rot,2,1,34,dist_class2,90.0,226.0
p12,feature_blocks,feat_rot,2,1,35,targ_class2,171.0,304.0
p12,feature_blocks,feat_rot,2,1,36,dist_class2,-383.0,-68.0
p12,feature_blocks,feat_rot,2,1,37,targ_class1,-310.0,9.0
p12,feature_blocks,feat_rot,2,1,38,dist_class2,-218.0,88.0
p12,feature_blocks,feat_rot,2,1,39,dist_class1,-140.0,148.0
p12,feature_blocks,feat_rot,2,1,40,dist_class1,-84.0,227.0
p12,feature_blocks,feat_rot,2,1,41,dist_class1,-14.0,316.0
p12,feature_blocks,feat_rot,2,1,42,targ_class2,72.0,372.0
p12,feature_blocks,feat_rot,2,1,43,dist_class1,-455.0,-14.0
p12,feature_blocks,feat_rot,2,1,44,dist_class2,-374.0,79.0
p12,feature_blocks,feat_rot,2,1,45,dist_class2,-298.0,145.0
p12,feature_blocks,feat_rot,2,1,46,targ_class1,-236.0,236.0
p12,feature_blocks,feat_rot,2,1,47,targ_class2,-151.0,307.0
p12,feature_blocks,feat_rot,2,1,48,targ_class1,-82.0,389.0
p12,feature_blocks,feat_rot,2,1,49,dist_class1,19.0,458.0
p12,feature_blocks,feat_rot,1,1,1,targ_class2,-6.0,-455.0
p12,feature_blocks,feat_rot,1,1,2,targ_class1,84.0,-382.0
p12,feature_blocks,feat_rot,1,1,3,dist_class1,173.0,-294.0
p12,feature_blocks,feat_rot,1,1,4,dist_class2,224.0,-231.0
p12,feature_blocks,feat_rot,1,1,5,dist_class1,300.0,-151.0
p12,feature_blocks,feat_rot,1,1,6,dist_class2,377.0,-60.0
p12,feature_blocks,feat_rot,1,1,7,targ_class1,449.0,-1.0
p12,feature_blocks,feat_rot,1,1,8,targ_class1,-83.0,-377.0
p12,feature_blocks,feat_rot,1,1,9,targ_class1,4.0,-314.0
p12,feature_blocks,feat_rot,1,1,10,dist_class1,72.0,-240.0
p12,feature_blocks,feat_rot,1,1,11,dist_class2,154.0,-172.0
p12,feature_blocks,feat_rot,1,1,12,targ_class1,222.0,-62.0
p12,feature_blocks,feat_rot,1,1,13,dist_class1,302.0,4.0
p12,feature_blocks,feat_rot,1,1,14,targ_class2,383.0,90.0
p12,feature_blocks,feat_rot,1,1,15,dist_class2,-161.0,-311.0
p12,feature_blocks,feat_rot,1,1,16,dist_class2,-86.0,-230.0
p12,feature_blocks,feat_rot,1,1,17,targ_class2,-11.0,-148.0
p12,feature_blocks,feat_rot,1,1,18,targ_class1,83.0,-78.0
p12,feature_blocks,feat_rot,1,1,19,targ_class2,163.0,4.0
p12,feature_blocks,feat_rot,1,1,20,targ_class2,229.0,74.0
p12,feature_blocks,feat_rot,1,1,21,dist_class1,295.0,160.0
p12,feature_blocks,feat_rot,1,1,22,targ_class1,-226.0,-233.0
p12,feature_blocks,feat_rot,1,1,23,targ_class2,-154.0,-148.0
p12,feature_blocks,feat_rot,1,1,24,dist_class1,-71.0,-87.0
p12,feature_blocks,feat_rot,1,1,25,dist_class2,-10.0,11.0
p12,feature_blocks,feat_rot,1,1,26,targ_class1,76.0,70.0
p12,feature_blocks,feat_rot,1,1,27,dist_class2,166.0,164.0
p12,feature_blocks,feat_rot,1,1,28,dist_class2,228.0,244.0
p12,feature_blocks,feat_rot,1,1,29,dist_class1,-307.0,-159.0
p12,feature_blocks,feat_rot,1,1,30,dist_class1,-228.0,-76.0
p12,feature_blocks,feat_rot,1,1,31,targ_class1,-164.0,2.0
p12,feature_blocks,feat_rot,1,1,32,targ_class1,-57.0,68.0
p12,feature_blocks,feat_rot,1,1,33,targ_class1,-13.0,149.0
p12,feature_blocks,feat_rot,1,1,34,dist_class1,90.0,243.0
p12,feature_blocks,feat_rot,1,1,35,targ_class2,134.0,306.0
p12,feature_blocks,feat_rot,1,1,36,dist_class2,-393.0,-84.0
p12,feature_blocks,feat_rot,1,1,37,targ_class2,-296.0,1.0
p12,feature_blocks,feat_rot,1,1,38,dist_class1,-249.0,84.0
p12,feature_blocks,feat_rot,1,1,39,dist_class2,-138.0,164.0
p12,feature_blocks,feat_rot,1,1,40,dist_class2,-76.0,217.0
p12,feature_blocks,feat_rot,1,1,41,dist_class2,7.0,307.0
p12,feature_blocks,feat_rot,1,1,42,targ_class2,86.0,406.0
p12,feature_blocks,feat_rot,1,1,43,dist_class1,-461.0,24.0
p12,feature_blocks,feat_rot,1,1,44,dist_class2,-396.0,63.0
p12,feature_blocks,feat_rot,1,1,45,targ_class2,-300.0,150.0
p12,feature_blocks,feat_rot,1,1,46,targ_class2,-232.0,240.0
p12,feature_blocks,feat_rot,1,1,47,dist_class1,-157.0,290.0
p12,feature_blocks,feat_rot,1,1,48,targ_class2,-76.0,392.0
p12,feature_blocks,feat_rot,1,1,49,targ_class1,6.0,456.0
p12,feature_blocks,feat_rot,4,1,1,targ_class1,13.0,-466.0
p12,feature_blocks,feat_rot,4,1,2,dist_class2,76.0,-389.0
p12,feature_blocks,feat_rot,4,1,3,dist_class2,159.0,-304.0
p12,feature_blocks,feat_rot,4,1,4,targ_class1,222.0,-215.0
p12,feature_blocks,feat_rot,4,1,5,targ_class2,286.0,-149.0
p12,feature_blocks,feat_rot,4,1,6,targ_class1,404.0,-79.0
p12,feature_blocks,feat_rot,4,1,7,dist_class1,464.0,-2.0
p12,feature_blocks,feat_rot,4,1,8,dist_class1,-87.0,-388.0
p12,feature_blocks,feat_rot,4,1,9,targ_class2,-9.0,-303.0
p12,feature_blocks,feat_rot,4,1,10,targ_class2,70.0,-231.0
p12,feature_blocks,feat_rot,4,1,11,targ_class1,149.0,-152.0
p12,feature_blocks,feat_rot,4,1,12,dist_class2,220.0,-73.0
p12,feature_blocks,feat_rot,4,1,13,targ_class1,307.0,-12.0
p12,feature_blocks,feat_rot,4,1,14,dist_class1,377.0,95.0
p12,feature_blocks,feat_rot,4,1,15,targ_class2,-163.0,-299.0
p12,feature_blocks,feat_rot,4,1,16,dist_class2,-71.0,-243.0
p12,feature_blocks,feat_rot,4,1,17,targ_class1,3.0,-150.0
p12,feature_blocks,feat_rot,4,1,18,dist_class2,66.0,-70.0
p12,feature_blocks,feat_rot,4,1,19,targ_class2,143.0,-9.0
p12,feature_blocks,feat_rot,4,1,20,dist_class1,229.0,75.0
p12,feature_blocks,feat_rot,4,1,21,dist_class2,300.0,152.0
p12,feature_blocks,feat_rot,4,1,22,targ_class2,-232.0,-222.0
p12,feature_blocks,feat_rot,4,1,23,targ_class1,-133.0,-141.0
p12,feature_blocks,feat_rot,4,1,24,targ_class1,-71.0,-66.0
p12,feature_blocks,feat_rot,4,1,25,dist_class1,15.0,3.0
p12,feature_blocks,feat_rot,4,1,26,dist_class1,63.0,73.0
p12,feature_blocks,feat_rot,4,1,27,dist_class1,166.0,155.0
p12,feature_blocks,feat_rot,4,1,28,dist_class1,232.0,218.0
p12,feature_blocks,feat_rot,4,1,29,targ_class2,-304.0,-170.0
p12,feature_blocks,feat_rot,4,1,30,targ_class2,-232.0,-68.0
p12,feature_blocks,feat_rot,4,1,31,targ_class2,-142.0,9.0
p12,feature_blocks,feat_rot,4,1,32,dist_class1,-84.0,82.0
p12,feature_blocks,feat_rot,4,1,33,targ_class1,3.0,155.0
p12,feature_blocks,feat_rot,4,1,34,dist_class2,77.0,238.0
p12,feature_blocks,feat_rot,4,1,35,targ_class1,157.0,312.0
p12,feature_blocks,feat_rot,4,1,36,targ_class1,-393.0,-66.0
p12,feature_blocks,feat_rot,4,1,37,dist_class2,-312.0,7.0
p12,feature_blocks,feat_rot,4,1,38,dist_class2,-218.0,79.0
p12,feature_blocks,feat_rot,4,1,39,targ_class2,-163.0,149.0
p12,feature_blocks,feat_rot,4,1,40,dist_class2,-79.0,221.0
p12,feature_blocks,feat_rot,4,1,41,dist_class2,2.0,308.0
p12,feature_blocks,feat_rot,4,1,42,targ_class1,59.0,380.0
p12,feature_blocks,feat_rot,4,1,43,dist_class1,-457.0,4.0
p12,feature_blocks,feat_rot,4,1,44,dist_class1,-384.0,76.0
p12,feature_blocks,feat_rot,4,1,45,targ_class2,-296.0,158.0
p12,feature_blocks,feat_rot,4,1,46,dist_class2,-243.0,237.0
p12,feature_blocks,feat_rot,4,1,47,dist_class2,-171.0,299.0
p12,feature_blocks,feat_rot,4,1,48,targ_class2,-93.0,381.0
p12,feature_blocks,feat_rot,4,1,49,dist_class1,-15.0,472.0
p12,feature_blocks,feat_uni,1,1,1,targ_class1,-325.0,-168.0
p12,feature_blocks,feat_uni,1,1,2,dist_class2,-229.0,-134.0
p12,feature_blocks,feat_uni,1,1,3,targ_class2,-72.0,-229.0
p12,feature_blocks,feat_uni,1,1,4,dist_class2,133.0,65.0
p12,feature_blocks,feat_uni,1,1,5,dist_class2,-5.0,178.0
p12,feature_blocks,feat_uni,1,1,6,dist_class2,-60.0,252.0
p12,feature_blocks,feat_uni,1,1,7,targ_class1,32.0,108.0
p12,feature_blocks,feat_uni,1,1,8,dist_class2,-260.0,-329.0
p12,feature_blocks,feat_uni,1,1,9,targ_class2,93.0,8.0
p12,feature_blocks,feat_uni,1,1,10,targ_class1,126.0,267.0
p12,feature_blocks,feat_uni,1,1,11,targ_class1,-193.0,119.0
p12,feature_blocks,feat_uni,1,1,12,dist_class1,-114.0,46.0
p12,feature_blocks,feat_uni,1,1,13,targ_class1,-5.0,-274.0
p12,feature_blocks,feat_uni,1,1,14,targ_class1,-273.0,-186.0
p12,feature_blocks,feat_uni,1,1,15,targ_class2,-194.0,-90.0
p12,feature_blocks,feat_uni,1,1,16,dist_class1,263.0,161.0
p12,feature_blocks,feat_uni,1,1,17,dist_class1,-236.0,81.0
p12,feature_blocks,feat_uni,1,1,18,dist_class1,311.0,-349.0
p12,feature_blocks,feat_uni,1,1,19,targ_class1,-108.0,156.0
p12,feature_blocks,feat_uni,1,1,20,dist_class2,157.0,-209.0
p12,feature_blocks,feat_uni,1,1,21,dist_class2,187.0,306.0
p12,feature_blocks,feat_uni,1,1,22,targ_class2,-17.0,320.0
p12,feature_blocks,feat_uni,1,1,23,dist_class1,-280.0,284.0
p12,feature_blocks,feat_uni,1,1,24,targ_class2,-277.0,-241.0
p12,feature_blocks,feat_uni,1,1,25,dist_class2,-125.0,-143.0
p12,feature_blocks,feat_uni,1,1,26,dist_class2,190.0,-255.0
p12,feature_blocks,feat_uni,1,1,27,targ_class1,320.0,-231.0
p12,feature_blocks,feat_uni,1,1,28,targ_class2,-49.0,24.0
p12,feature_blocks,feat_uni,1,1,29,dist_class1,243.0,109.0
p12,feature_blocks,feat_uni,1,1,30,dist_class1,-284.0,-131.0
p12,feature_blocks,feat_uni,1,1,31,targ_class1,-273.0,228.0
p12,feature_blocks,feat_uni,1,1,32,dist_class2,-250.0,-78.0
p12,feature_blocks,feat_uni,1,1,33,dist_class2,-323.0,-273.0
p12,feature_blocks,feat_uni,1,1,34,dist_class1,-218.0,-197.0
p12,feature_blocks,feat_uni,1,1,35,targ_class2,244.0,53.0
p12,feature_blocks,feat_uni,1,1,36,dist_class2,-347.0,123.0
p12,feature_blocks,feat_uni,1,1,37,dist_class1,-178.0,-159.0
p12,feature_blocks,feat_uni,1,1,38,targ_class2,-320.0,324.0
p12,feature_blocks,feat_uni,1,1,39,targ_class1,-67.0,-149.0
p12,feature_blocks,feat_uni,1,1,40,dist_class1,257.0,246.0
p12,feature_blocks,feat_uni,1,1,41,targ_class1,-91.0,-97.0
p12,feature_blocks,feat_uni,1,1,42,targ_class1,-8.0,67.0
p12,feature_blocks,feat_uni,1,1,43,dist_class2,278.0,-129.0
p12,feature_blocks,feat_uni,1,1,44,dist_class1,326.0,-69.0
p12,feature_blocks,feat_uni,1,1,45,targ_class2,-95.0,-10.0
p12,feature_blocks,feat_uni,1,1,46,targ_class2,297.0,205.0
p12,feature_blocks,feat_uni,1,1,47,dist_class1,74.0,-264.0
p12,feature_blocks,feat_uni,1,1,48,targ_class2,267.0,-23.0
p12,feature_blocks,feat_uni,1,1,49,targ_class2,-192.0,175.0
p12,feature_blocks,feat_grid,1,1,1,dist_class2,-329.0,-329.0
p12,feature_blocks,feat_grid,1,1,2,dist_class2,-221.0,-318.0
p12,feature_blocks,feat_grid,1,1,3,targ_class1,-100.0,-338.0
p12,feature_blocks,feat_grid,1,1,4,dist_class2,20.0,-302.0
p12,feature_blocks,feat_grid,1,1,5,targ_class1,106.0,-323.0
p12,feature_blocks,feat_grid,1,1,6,dist_class1,232.0,-334.0
p12,feature_blocks,feat_grid,1,1,7,targ_class2,320.0,-329.0
p12,feature_blocks,feat_grid,1,1,8,dist_class2,-318.0,-220.0
p12,feature_blocks,feat_grid,1,1,9,targ_class2,-214.0,-216.0
p12,feature_blocks,feat_grid,1,1,10,targ_class2,-117.0,-221.0
p12,feature_blocks,feat_grid,1,1,11,targ_class1,3.0,-232.0
p12,feature_blocks,feat_grid,1,1,12,targ_class1,107.0,-224.0
p12,feature_blocks,feat_grid,1,1,13,dist_class2,225.0,-210.0
p12,feature_blocks,feat_grid,1,1,14,targ_class1,319.0,-217.0
p12,feature_blocks,feat_grid,1,1,15,dist_class1,-319.0,-103.0
p12,feature_blocks,feat_grid,1,1,16,dist_class1,-210.0,-102.0
p12,feature_blocks,feat_grid,1,1,17,targ_class2,-101.0,-122.0
p12,feature_blocks,feat_grid,1,1,18,targ_class2,-3.0,-113.0
p12,feature_blocks,feat_grid,1,1,19,dist_class1,127.0,-112.0
p12,feature_blocks,feat_grid,1,1,20,dist_class2,207.0,-110.0
p12,feature_blocks,feat_grid,1,1,21,targ_class1,334.0,-105.0
p12,feature_blocks,feat_grid,1,1,22,dist_class2,-301.0,7.0
p12,feature_blocks,feat_grid,1,1,23,dist_class1,-209.0,-2.0
p12,feature_blocks,feat_grid,1,1,24,targ_class2,-103.0,-20.0
p12,feature_blocks,feat_grid,1,1,25,targ_class1,-1.0,-4.0
p12,feature_blocks,feat_grid,1,1,26,dist_class2,92.0,1.0
p12,feature_blocks,feat_grid,1,1,27,targ_class1,214.0,3.0
p12,feature_blocks,feat_grid,1,1,28,targ_class1,309.0,-16.0
p12,feature_blocks,feat_grid,1,1,29,dist_class1,-311.0,128.0
p12,feature_blocks,feat_grid,1,1,30,targ_class1,-214.0,123.0
p12,feature_blocks,feat_grid,1,1,31,dist_class2,-122.0,116.0
p12,feature_blocks,feat_grid,1,1,32,targ_class2,-6.0,103.0
p12,feature_blocks,feat_grid,1,1,33,dist_class2,90.0,94.0
p12,feature_blocks,feat_grid,1,1,34,targ_class2,217.0,95.0
p12,feature_blocks,feat_grid,1,1,35,targ_class2,330.0,81.0
p12,feature_blocks,feat_grid,1,1,36,targ_class2,-331.0,213.0
p12,feature_blocks,feat_grid,1,1,37,dist_class2,-214.0,208.0
p12,feature_blocks,feat_grid,1,1,38,dist_class2,-93.0,206.0
p12,feature_blocks,feat_grid,1,1,39,dist_class1,2.0,203.0
p12,feature_blocks,feat_grid,1,1,40,dist_class2,90.0,226.0
p12,feature_blocks,feat_grid,1,1,41,targ_class2,231.0,229.0
p12,feature_blocks,feat_grid,1,1,42,targ_class1,309.0,208.0
p12,feature_blocks,feat_grid,1,1,43,dist_class1,-326.0,316.0
p12,feature_blocks,feat_grid,1,1,44,dist_class1,-229.0,328.0
p12,feature_blocks,feat_grid,1,1,45,targ_class1,-108.0,323.0
p12,feature_blocks,feat_grid,1,1,46,dist_class1,17.0,323.0
p12,feature_blocks,feat_grid,1,1,47,dist_class1,117.0,324.0
p12,feature_blocks,feat_grid,1,1,48,targ_class2,210.0,308.0
p12,feature_blocks,feat_grid,1,1,49,dist_class1,318.0,325.0
p12,feature_blocks,feat_uni,0,1,1,targ_class1,275.0,-110.0
p12,feature_blocks,feat_uni,0,1,2,targ_class2,65.0,343.0
p12,feature_blocks,feat_uni,0,1,3,targ_class1,107.0,305.0
p12,feature_blocks,feat_uni,0,1,4,targ_class2,-233.0,-156.0
p12,feature_blocks,feat_uni,0,1,5,targ_class1,293.0,176.0
p12,feature_blocks,feat_uni,0,1,6,dist_class1,285.0,233.0
p12,feature_blocks,feat_uni,0,1,7,targ_class1,197.0,173.0
p12,feature_blocks,feat_uni,0,1,8,targ_class1,357.0,-134.0
p12,feature_blocks,feat_uni,0,1,9,dist_class2,246.0,273.0
p12,feature_blocks,feat_uni,0,1,10,dist_class1,-80.0,-300.0
p12,feature_blocks,feat_uni,0,1,11,dist_class2,-207.0,-332.0
p12,feature_blocks,feat_uni,0,1,12,targ_class2,104.0,104.0
p12,feature_blocks,feat_uni,0,1,13,dist_class2,20.0,-152.0
p12,feature_blocks,feat_uni,0,1,14,dist_class1,-255.0,-262.0
p12,feature_blocks,feat_uni,0,1,15,targ_class1,50.0,85.0
p12,feature_blocks,feat_uni,0,1,16,targ_class1,4.0,316.0
p12,feature_blocks,feat_uni,0,1,17,dist_class1,213.0,-215.0
p12,feature_blocks,feat_uni,0,1,18,targ_class2,216.0,-71.0
p12,feature_blocks,feat_uni,0,1,19,targ_class1,159.0,-27.0
p12,feature_blocks,feat_uni,0,1,20,dist_class2,-342.0,-32.0
p12,feature_blocks,feat_uni,0,1,21,targ_class1,-152.0,-234.0
p12,feature_blocks,feat_uni,0,1,22,targ_class1,-191.0,261.0
p12,feature_blocks,feat_uni,0,1,23,dist_class1,-231.0,301.0
p12,feature_blocks,feat_uni,0,1,24,targ_class2,-76.0,305.0
p12,feature_blocks,feat_uni,0,1,25,targ_class2,-270.0,-208.0
p12,feature_blocks,feat_uni,0,1,26,targ_class2,151.0,211.0
p12,feature_blocks,feat_uni,0,1,27,dist_class2,92.0,246.0
p12,feature_blocks,feat_uni,0,1,28,dist_class1,-103.0,248.0
p12,feature_blocks,feat_uni,0,1,29,targ_class2,60.0,146.0
p12,feature_blocks,feat_uni,0,1,30,dist_class1,350.0,262.0
p12,feature_blocks,feat_uni,0,1,31,dist_class1,197.0,302.0
p12,feature_blocks,feat_uni,0,1,32,targ_class1,-323.0,-148.0
p12,feature_blocks,feat_uni,0,1,33,targ_class2,252.0,-290.0
p12,feature_blocks,feat_uni,0,1,34,dist_class2,117.0,-63.0
p12,feature_blocks,feat_uni,0,1,35,dist_class1,-178.0,-284.0
p12,feature_blocks,feat_uni,0,1,36,dist_class1,-283.0,227.0
p12,feature_blocks,feat_uni,0,1,37,dist_class2,-133.0,-317.0
p12,feature_blocks,feat_uni,0,1,38,dist_class2,-97.0,63.0
p12,feature_blocks,feat_uni,0,1,39,targ_class2,-89.0,-5.0
p12,feature_blocks,feat_uni,0,1,40,targ_class2,-41.0,-198.0
p12,feature_blocks,feat_uni,0,1,41,dist_class1,195.0,245.0
p12,feature_blocks,feat_uni,0,1,42,dist_class2,-128.0,-157.0
p12,feature_blocks,feat_uni,0,1,43,dist_class2,100.0,-133.0
p12,feature_blocks,feat_uni,0,1,44,targ_class1,153.0,336.0
p12,feature_blocks,feat_uni,0,1,45,targ_class2,54.0,287.0
p12,feature_blocks,feat_uni,0,1,46,dist_class2,-52.0,-48.0
p12,feature_blocks,feat_uni,0,1,47,dist_class1,19.0,-218.0
p12,feature_blocks,feat_uni,0,1,48,dist_class2,174.0,121.0
p12,feature_blocks,feat_uni,0,1,49,dist_class2,233.0,99.0
p12,feature_blocks,feat_grid,2,1,1,dist_class1,-315.0,-308.0
p12,feature_blocks,feat_grid,2,1,2,dist_class1,-215.0,-335.0
p12,feature_blocks,feat_grid,2,1,3,targ_class2,-126.0,-343.0
p12,feature_blocks,feat_grid,2,1,4,dist_class1,-4.0,-322.0
p12,feature_blocks,feat_grid,2,1,5,targ_class1,112.0,-336.0
p12,feature_blocks,feat_grid,2,1,6,dist_class2,225.0,-306.0
p12,feature_blocks,feat_grid,2,1,7,targ_class2,322.0,-331.0
p12,feature_blocks,feat_grid,2,1,8,targ_class1,-311.0,-231.0
p12,feature_blocks,feat_grid,2,1,9,dist_class1,-214.0,-222.0
p12,feature_blocks,feat_grid,2,1,10,dist_class1,-124.0,-216.0
p12,feature_blocks,feat_grid,2,1,11,targ_class2,0.0,-219.0
p12,feature_blocks,feat_grid,2,1,12,targ_class2,124.0,-208.0
p12,feature_blocks,feat_grid,2,1,13,targ_class2,206.0,-216.0
p12,feature_blocks,feat_grid,2,1,14,dist_class2,308.0,-216.0
p12,feature_blocks,feat_grid,2,1,15,targ_class2,-313.0,-107.0
p12,feature_blocks,feat_grid,2,1,16,targ_class2,-223.0,-100.0
p12,feature_blocks,feat_grid,2,1,17,targ_class1,-104.0,-102.0
p12,feature_blocks,feat_grid,2,1,18,targ_class2,6.0,-116.0
p12,feature_blocks,feat_grid,2,1,19,dist_class1,100.0,-132.0
p12,feature_blocks,feat_grid,2,1,20,dist_class2,212.0,-119.0
p12,feature_blocks,feat_grid,2,1,21,dist_class2,336.0,-132.0
p12,feature_blocks,feat_grid,2,1,22,dist_class2,-318.0,1.0
p12,feature_blocks,feat_grid,2,1,23,targ_class1,-223.0,3.0
p12,feature_blocks,feat_grid,2,1,24,targ_class2,-115.0,-12.0
p12,feature_blocks,feat_grid,2,1,25,dist_class2,4.0,-1.0
p12,feature_blocks,feat_grid,2,1,26,targ_class2,112.0,-5.0
p12,feature_blocks,feat_grid,2,1,27,targ_class1,238.0,12.0
p12,feature_blocks,feat_grid,2,1,28,dist_class1,308.0,6.0
p12,feature_blocks,feat_grid,2,1,29,targ_class1,-285.0,110.0
p12,feature_blocks,feat_grid,2,1,30,targ_class1,-193.0,105.0
p12,feature_blocks,feat_grid,2,1,31,targ_class1,-113.0,101.0
p12,feature_blocks,feat_grid,2,1,32,targ_class1,-27.0,113.0
p12,feature_blocks,feat_grid,2,1,33,dist_class2,102.0,103.0
p12,feature_blocks,feat_grid,2,1,34,targ_class2,203.0,91.0
p12,feature_blocks,feat_grid,2,1,35,targ_class1,326.0,109.0
p12,feature_blocks,feat_grid,2,1,36,dist_class1,-328.0,215.0
p12,feature_blocks,feat_grid,2,1,37,dist_class2,-226.0,233.0
p12,feature_blocks,feat_grid,2,1,38,dist_class2,-114.0,234.0
p12,feature_blocks,feat_grid,2,1,39,dist_class1,-11.0,210.0
p12,feature_blocks,feat_grid,2,1,40,targ_class1,99.0,219.0
p12,feature_blocks,feat_grid,2,1,41,targ_class1,217.0,210.0
p12,feature_blocks,feat_grid,2,1,42,dist_class2,335.0,214.0
p12,feature_blocks,feat_grid,2,1,43,dist_class2,-329.0,317.0
p12,feature_blocks,feat_grid,2,1,44,dist_class1,-233.0,324.0
p12,feature_blocks,feat_grid,2,1,45,dist_class1,-110.0,325.0
p12,feature_blocks,feat_grid,2,1,46,dist_class2,16.0,351.0
p12,feature_blocks,feat_grid,2,1,47,dist_class2,101.0,324.0
p12,feature_blocks,feat_grid,2,1,48,targ_class2,220.0,328.0
p12,feature_blocks,feat_grid,2,1,49,dist_class1,327.0,313.0
p12,feature_blocks,feat_uni,2,1,1,targ_class2,341.0,-222.0
p12,feature_blocks,feat_uni,2,1,2,dist_class2,-252.0,-283.0
p12,feature_blocks,feat_uni,2,1,3,dist_class2,-45.0,-337.0
p12,feature_blocks,feat_uni,2,1,4,dist_class2,-143.0,-65.0
p12,feature_blocks,feat_uni,2,1,5,dist_class2,-183.0,-273.0
p12,feature_blocks,feat_uni,2,1,6,targ_class1,-333.0,-35.0
p12,feature_blocks,feat_uni,2,1,7,dist_class2,-252.0,-227.0
p12,feature_blocks,feat_uni,2,1,8,targ_class1,-316.0,-316.0
p12,feature_blocks,feat_uni,2,1,9,targ_class1,259.0,348.0
p12,feature_blocks,feat_uni,2,1,10,targ_class1,96.0,165.0
p12,feature_blocks,feat_uni,2,1,11,targ_class1,190.0,160.0
p12,feature_blocks,feat_uni,2,1,12,targ_class2,-171.0,276.0
p12,feature_blocks,feat_uni,2,1,13,targ_class1,155.0,287.0
p12,feature_blocks,feat_uni,2,1,14,dist_class2,-215.0,361.0
p12,feature_blocks,feat_uni,2,1,15,dist_class1,-127.0,-241.0
p12,feature_blocks,feat_uni,2,1,16,dist_class1,-316.0,306.0
p12,feature_blocks,feat_uni,2,1,17,dist_class1,211.0,282.0
p12,feature_blocks,feat_uni,2,1,18,dist_class2,-167.0,331.0
p12,feature_blocks,feat_uni,2,1,19,dist_class1,-66.0,194.0
p12,feature_blocks,feat_uni,2,1,20,dist_class2,-20.0,-264.0
p12,feature_blocks,feat_uni,2,1,21,dist_class1,-128.0,-124.0
p12,feature_blocks,feat_uni,2,1,22,targ_class1,158.0,-241.0
p12,feature_blocks,feat_uni,2,1,23,targ_class1,11.0,352.0
p12,feature_blocks,feat_uni,2,1,24,targ_class2,-153.0,81.0
p12,feature_blocks,feat_uni,2,1,25,targ_class2,-105.0,-339.0
p12,feature_blocks,feat_uni,2,1,26,targ_class2,-263.0,-350.0
p12,feature_blocks,feat_uni,2,1,27,targ_class2,-102.0,106.0
p12,feature_blocks,feat_uni,2,1,28,targ_class1,-49.0,125.0
p12,feature_blocks,feat_uni,2,1,29,dist_class2,-158.0,-354.0
p12,feature_blocks,feat_uni,2,1,30,dist_class1,56.0,57.0
p12,feature_blocks,feat_uni,2,1,31,dist_class2,-282.0,78.0
p12,feature_blocks,feat_uni,2,1,32,dist_class2,75.0,314.0
p12,feature_blocks,feat_uni,2,1,33,dist_class2,103.0,266.0
p12,feature_blocks,feat_uni,2,1,34,targ_class1,290.0,57.0
p12,feature_blocks,feat_uni,2,1,35,targ_class2,-293.0,202.0
p12,feature_blocks,feat_uni,2,1,36,dist_class1,-201.0,132.0
p12,feature_blocks,feat_uni,2,1,37,dist_class1,-152.0,223.0
p12,feature_blocks,feat_uni,2,1,38,targ_class1,-321.0,-373.0
p12,feature_blocks,feat_uni,2,1,39,dist_class1,-275.0,-140.0
p12,feature_blocks,feat_uni,2,1,40,dist_class1,184.0,217.0
p12,feature_blocks,feat_uni,2,1,41,targ_class2,-262.0,-20.0
p12,feature_blocks,feat_uni,2,1,42,targ_class2,185.0,335.0
p12,feature_blocks,feat_uni,2,1,43,targ_class1,-77.0,-290.0
p12,feature_blocks,feat_uni,2,1,44,dist_class1,-288.0,135.0
p12,feature_blocks,feat_uni,2,1,45,dist_class1,283.0,165.0
p12,feature_blocks,feat_uni,2,1,46,targ_class2,319.0,-158.0
p12,feature_blocks,feat_uni,2,1,47,dist_class2,-350.0,351.0
p12,feature_blocks,feat_uni,2,1,48,targ_class2,251.0,-163.0
p12,feature_blocks,feat_uni,2,1,49,targ_class2,-346.0,258.0
p12,feature_blocks,feat_grid,4,1,1,dist_class2,-327.0,-321.0
p12,feature_blocks,feat_grid,4,1,2,targ_class2,-224.0,-314.0
p12,feature_blocks,feat_grid,4,1,3,targ_class2,-113.0,-315.0
p12,feature_blocks,feat_grid,4,1,4,targ_class1,0.0,-321.0
p12,feature_blocks,feat_grid,4,1,5,targ_class1,93.0,-313.0
p12,feature_blocks,feat_grid,4,1,6,targ_class2,231.0,-345.0
p12,feature_blocks,feat_grid,4,1,7,dist_class2,310.0,-331.0
p12,feature_blocks,feat_grid,4,1,8,targ_class2,-315.0,-239.0
p12,feature_blocks,feat_grid,4,1,9,targ_class1,-215.0,-221.0
p12,feature_blocks,feat_grid,4,1,10,dist_class2,-113.0,-209.0
p12,feature_blocks,feat_grid,4,1,11,dist_class2,20.0,-215.0
p12,feature_blocks,feat_grid,4,1,12,dist_class2,102.0,-218.0
p12,feature_blocks,feat_grid,4,1,13,dist_class1,199.0,-211.0
p12,feature_blocks,feat_grid,4,1,14,targ_class1,329.0,-209.0
p12,feature_blocks,feat_grid,4,1,15,targ_class2,-315.0,-98.0
p12,feature_blocks,feat_grid,4,1,16,targ_class2,-224.0,-112.0
p12,feature_blocks,feat_grid,4,1,17,targ_class1,-109.0,-85.0
p12,feature_blocks,feat_grid,4,1,18,dist_class1,-9.0,-99.0
p12,feature_blocks,feat_grid,4,1,19,targ_class1,105.0,-105.0
p12,feature_blocks,feat_grid,4,1,20,targ_class1,218.0,-104.0
p12,feature_blocks,feat_grid,4,1,21,dist_class2,324.0,-96.0
p12,feature_blocks,feat_grid,4,1,22,targ_class1,-322.0,12.0
p12,feature_blocks,feat_grid,4,1,23,dist_class1,-216.0,5.0
p12,feature_blocks,feat_grid,4,1,24,dist_class1,-118.0,-8.0
p12,feature_blocks,feat_grid,4,1,25,targ_class1,8.0,13.0
p12,feature_blocks,feat_grid,4,1,26,targ_class2,103.0,-8.0
p12,feature_blocks,feat_grid,4,1,27,dist_class2,211.0,2.0
p12,feature_blocks,feat_grid,4,1,28,dist_class1,326.0,18.0
p12,feature_blocks,feat_grid,4,1,29,dist_class1,-333.0,115.0
p12,feature_blocks,feat_grid,4,1,30,dist_class2,-213.0,110.0
p12,feature_blocks,feat_grid,4,1,31,dist_class2,-111.0,110.0
p12,feature_blocks,feat_grid,4,1,32,targ_class2,-18.0,90.0
p12,feature_blocks,feat_grid,4,1,33,dist_class1,98.0,115.0
p12,feature_blocks,feat_grid,4,1,34,dist_class1,218.0,105.0
p12,feature_blocks,feat_grid,4,1,35,targ_class1,337.0,118.0
p12,feature_blocks,feat_grid,4,1,36,targ_class2,-328.0,211.0
p12,feature_blocks,feat_grid,4,1,37,dist_class1,-220.0,202.0
p12,feature_blocks,feat_grid,4,1,38,dist_class2,-110.0,212.0
p12,feature_blocks,feat_grid,4,1,39,dist_class2,-5.0,217.0
p12,feature_blocks,feat_grid,4,1,40,targ_class2,103.0,219.0
p12,feature_blocks,feat_grid,4,1,41,targ_class1,205.0,232.0
p12,feature_blocks,feat_grid,4,1,42,targ_class2,328.0,207.0
p12,feature_blocks,feat_grid,4,1,43,targ_class2,-321.0,330.0
p12,feature_blocks,feat_grid,4,1,44,dist_class2,-211.0,333.0
p12,feature_blocks,feat_grid,4,1,45,dist_class2,-100.0,314.0
p12,feature_blocks,feat_grid,4,1,46,dist_class1,7.0,327.0
p12,feature_blocks,feat_grid,4,1,47,dist_class1,127.0,343.0
p12,feature_blocks,feat_grid,4,1,48,dist_class1,234.0,326.0
p12,feature_blocks,feat_grid,4,1,49,targ_class1,329.0,320.0
p12,feature_blocks,feat_uni,4,1,1,dist_class1,259.0,230.0
p12,feature_blocks,feat_uni,4,1,2,dist_class2,-23.0,224.0
p12,feature_blocks,feat_uni,4,1,3,targ_class1,283.0,282.0
p12,feature_blocks,feat_uni,4,1,4,targ_class1,-186.0,248.0
p12,feature_blocks,feat_uni,4,1,5,targ_class2,152.0,3.0
p12,feature_blocks,feat_uni,4,1,6,targ_class2,-139.0,165.0
p12,feature_blocks,feat_uni,4,1,7,targ_class1,-236.0,356.0
p12,feature_blocks,feat_uni,4,1,8,dist_class2,61.0,-74.0
p12,feature_blocks,feat_uni,4,1,9,targ_class2,264.0,78.0
p12,feature_blocks,feat_uni,4,1,10,targ_class1,279.0,25.0
p12,feature_blocks,feat_uni,4,1,11,targ_class2,190.0,-102.0
p12,feature_blocks,feat_uni,4,1,12,dist_class1,-353.0,-61.0
p12,feature_blocks,feat_uni,4,1,13,dist_class2,186.0,-159.0
p12,feature_blocks,feat_uni,4,1,14,dist_class1,-221.0,292.0
p12,feature_blocks,feat_uni,4,1,15,dist_class1,-116.0,41.0
p12,feature_blocks,feat_uni,4,1,16,targ_class2,6.0,-314.0
p12,feature_blocks,feat_uni,4,1,17,targ_class1,-297.0,182.0
p12,feature_blocks,feat_uni,4,1,18,targ_class1,-285.0,-4.0
p12,feature_blocks,feat_uni,4,1,19,dist_class2,-210.0,197.0
p12,feature_blocks,feat_uni,4,1,20,targ_class1,-349.0,-341.0
p12,feature_blocks,feat_uni,4,1,21,dist_class2,nan,nan
p12,feature_blocks,feat_uni,4,1,22,targ_class1,-341.0,-7.0
p12,feature_blocks,feat_uni,4,1,23,targ_class1,334.0,-269.0
p12,feature_blocks,feat_uni,4,1,24,targ_class2,118.0,272.0
p12,feature_blocks,feat_uni,4,1,25,targ_class2,301.0,-359.0
p12,feature_blocks,feat_uni,4,1,26,dist_class2,-336.0,67.0
p12,feature_blocks,feat_uni,4,1,27,targ_class1,-65.0,-18.0
p12,feature_blocks,feat_uni,4,1,28,dist_class1,208.0,73.0
p12,feature_blocks,feat_uni,4,1,29,targ_class2,-326.0,-170.0
p12,feature_blocks,feat_uni,4,1,30,dist_class2,-23.0,60.0
p12,feature_blocks,feat_uni,4,1,31,dist_class1,-130.0,337.0
p12,feature_blocks,feat_uni,4,1,32,dist_class1,230.0,299.0
p12,feature_blocks,feat_uni,4,1,33,targ_class2,343.0,52.0
p12,feature_blocks,feat_uni,4,1,34,targ_class2,145.0,-299.0
p12,feature_blocks,feat_uni,4,1,35,dist_class1,312.0,156.0
p12,feature_blocks,feat_uni,4,1,36,targ_class2,173.0,313.0
p12,feature_blocks,feat_uni,4,1,37,dist_class2,-131.0,110.0
p12,feature_blocks,feat_uni,4,1,38,dist_class2,-69.0,-274.0
p12,feature_blocks,feat_uni,4,1,39,targ_class1,13.0,181.0
p12,feature_blocks,feat_uni,4,1,40,dist_class1,-120.0,-27.0
p12,feature_blocks,feat_uni,4,1,41,dist_class2,252.0,-181.0
p12,feature_blocks,feat_uni,4,1,42,targ_class2,-100.0,-173.0
p12,feature_blocks,feat_uni,4,1,43,targ_class1,nan,nan
p12,feature_blocks,feat_uni,4,1,44,dist_class2,-251.0,-99.0
p12,feature_blocks,feat_uni,4,1,45,dist_class1,-282.0,-295.0
p12,feature_blocks,feat_uni,4,1,46,dist_class1,-49.0,109.0
p12,feature_blocks,feat_uni,4,1,47,dist_class2,315.0,101.0
p12,feature_blocks,feat_uni,4,1,48,dist_class1,104.0,-338.0
p12,feature_blocks,feat_uni,4,1,49,dist_class2,-279.0,-351.0
p12,feature_blocks,feat_uni,4,2,1,targ_class2,-2.0,271.0
p12,feature_blocks,feat_uni,4,2,2,targ_class1,264.0,-188.0
p12,feature_blocks,feat_uni,4,2,3,dist_class1,279.0,316.0
p12,feature_blocks,feat_uni,4,2,4,targ_class2,186.0,330.0
p12,feature_blocks,feat_uni,4,2,5,dist_class1,302.0,-243.0
p12,feature_blocks,feat_uni,4,2,6,targ_class2,214.0,-133.0
p12,feature_blocks,feat_uni,4,2,7,dist_class2,-212.0,35.0
p12,feature_blocks,feat_uni,4,2,8,targ_class1,315.0,-94.0
p12,feature_blocks,feat_uni,4,2,9,targ_class2,-67.0,194.0
p12,feature_blocks,feat_uni,4,2,10,dist_class2,162.0,-154.0
p12,feature_blocks,feat_uni,4,2,11,targ_class2,118.0,-357.0
p12,feature_blocks,feat_uni,4,2,12,targ_class2,91.0,-309.0
p12,feature_blocks,feat_uni,4,2,13,dist_class2,-13.0,-130.0
p12,feature_blocks,feat_uni,4,2,14,targ_class2,270.0,-127.0
p12,feature_blocks,feat_uni,4,2,15,dist_class1,-339.0,340.0
p12,feature_blocks,feat_uni,4,2,16,dist_class2,60.0,-205.0
p12,feature_blocks,feat_uni,4,2,17,dist_class2,-221.0,224.0
p12,feature_blocks,feat_uni,4,2,18,targ_class1,-63.0,-207.0
p12,feature_blocks,feat_uni,4,2,19,dist_class1,-224.0,-325.0
p12,feature_blocks,feat_uni,4,2,20,dist_class1,90.0,298.0
p12,feature_blocks,feat_uni,4,2,21,targ_class1,98.0,-58.0
p12,feature_blocks,feat_uni,4,2,22,targ_class1,154.0,-83.0
p12,feature_blocks,feat_uni,4,2,23,targ_class1,-270.0,-15.0
p12,feature_blocks,feat_uni,4,2,24,targ_class1,136.0,-16.0
p12,feature_blocks,feat_uni,4,2,25,targ_class1,191.0,20.0
p12,feature_blocks,feat_uni,4,2,26,targ_class2,-212.0,155.0
p12,feature_blocks,feat_uni,4,2,27,dist_class1,334.0,307.0
p12,feature_blocks,feat_uni,4,2,28,dist_class1,180.0,217.0
p12,feature_blocks,feat_uni,4,2,29,targ_class1,-55.0,-92.0
p12,feature_blocks,feat_uni,4,2,30,dist_class2,76.0,185.0
p12,feature_blocks,feat_uni,4,2,31,dist_class2,195.0,96.0
p12,feature_blocks,feat_uni,4,2,32,targ_class1,-349.0,47.0
p12,feature_blocks,feat_uni,4,2,33,targ_class2,280.0,138.0
p12,feature_blocks,feat_uni,4,2,34,dist_class2,332.0,-148.0
p12,feature_blocks,feat_uni,4,2,35,dist_class1,-239.0,106.0
p12,feature_blocks,feat_uni,4,2,36,dist_class2,-54.0,249.0
p12,feature_blocks,feat_uni,4,2,37,dist_class2,20.0,182.0
p12,feature_blocks,feat_uni,4,2,38,dist_class2,-121.0,340.0
p12,feature_blocks,feat_uni,4,2,39,dist_class1,63.0,-260.0
p12,feature_blocks,feat_uni,4,2,40,targ_class2,-328.0,-215.0
p12,feature_blocks,feat_uni,4,2,41,dist_class1,241.0,-22.0
p12,feature_blocks,feat_uni,4,2,42,dist_class2,58.0,252.0
p12,feature_blocks,feat_uni,4,2,43,targ_class2,-72.0,-311.0
p12,feature_blocks,feat_uni,4,2,44,dist_class1,171.0,-339.0
p12,feature_blocks,feat_uni,4,2,45,targ_class1,188.0,-37.0
p12,feature_blocks,feat_uni,4,2,46,dist_class2,-28.0,155.0
p12,feature_blocks,feat_uni,4,2,47,dist_class1,0.0,87.0
p12,feature_blocks,feat_uni,4,2,48,targ_class1,-325.0,-116.0
p12,feature_blocks,feat_uni,4,2,49,targ_class2,206.0,268.0
p12,prac2_conj,conj_grid,0,1,1,targ_class1,-325.0,-312.0
p12,prac2_conj,conj_grid,0,1,2,targ_class1,-221.0,-338.0
p12,prac2_conj,conj_grid,0,1,3,targ_class1,-122.0,-330.0
p12,prac2_conj,conj_grid,0,1,4,dist_class2,-2.0,-322.0
p12,prac2_conj,conj_grid,0,1,5,dist_class2,97.0,-321.0
p12,prac2_conj,conj_grid,0,1,6,dist_class2,211.0,-325.0
p12,prac2_conj,conj_grid,0,1,7,targ_class1,336.0,-313.0
p12,prac2_conj,conj_grid,0,1,8,dist_class1,-314.0,-235.0
p12,prac2_conj,conj_grid,0,1,9,targ_class2,-197.0,-229.0
p12,prac2_conj,conj_grid,0,1,10,dist_class2,-121.0,-192.0
p12,prac2_conj,conj_grid,0,1,11,targ_class1,-5.0,-216.0
p12,prac2_conj,conj_grid,0,1,12,targ_class2,119.0,-221.0
p12,prac2_conj,conj_grid,0,1,13,dist_class1,216.0,-203.0
p12,prac2_conj,conj_grid,0,1,14,dist_class1,329.0,-207.0
p12,prac2_conj,conj_grid,0,1,15,targ_class2,-327.0,-113.0
p12,prac2_conj,conj_grid,0,1,16,targ_class1,-216.0,-116.0
p12,prac2_conj,conj_grid,0,1,17,targ_class1,-105.0,-117.0
p12,prac2_conj,conj_grid,0,1,18,dist_class1,0.0,-108.0
p12,prac2_conj,conj_grid,0,1,19,dist_class2,99.0,-96.0
p12,prac2_conj,conj_grid,0,1,20,dist_class2,198.0,-104.0
p12,prac2_conj,conj_grid,0,1,21,targ_class2,335.0,-100.0
p12,prac2_conj,conj_grid,0,1,22,dist_class1,-328.0,9.0
p12,prac2_conj,conj_grid,0,1,23,dist_class1,-221.0,-7.0
p12,prac2_conj,conj_grid,0,1,24,dist_class2,-102.0,-5.0
p12,prac2_conj,conj_grid,0,1,25,dist_class2,-5.0,0.0
p12,prac2_conj,conj_grid,0,1,26,targ_class1,118.0,9.0
p12,prac2_conj,conj_grid,0,1,27,dist_class1,214.0,11.0
p12,prac2_conj,conj_grid,0,1,28,targ_class2,325.0,-4.0
p12,prac2_conj,conj_grid,0,1,29,targ_class2,-311.0,115.0
p12,prac2_conj,conj_grid,0,1,30,targ_class1,-215.0,106.0
p12,prac2_conj,conj_grid,0,1,31,dist_class1,-103.0,105.0
p12,prac2_conj,conj_grid,0,1,32,targ_class1,-0.0,118.0
p12,prac2_conj,conj_grid,0,1,33,targ_class1,101.0,120.0
p12,prac2_conj,conj_grid,0,1,34,targ_class1,206.0,121.0
p12,prac2_conj,conj_grid,0,1,35,targ_class2,325.0,109.0
p12,prac2_conj,conj_grid,0,1,36,targ_class2,-302.0,214.0
p12,prac2_conj,conj_grid,0,1,37,dist_class1,-217.0,210.0
p12,prac2_conj,conj_grid,0,1,38,targ_class2,-111.0,214.0
p12,prac2_conj,conj_grid,0,1,39,targ_class2,-4.0,226.0
p12,prac2_conj,conj_grid,0,1,40,dist_class1,115.0,203.0
p12,prac2_conj,conj_grid,0,1,41,dist_class2,221.0,218.0
p12,prac2_conj,conj_grid,0,1,42,dist_class1,317.0,231.0
p12,prac2_conj,conj_grid,0,1,43,targ_class2,-317.0,339.0
p12,prac2_conj,conj_grid,0,1,44,dist_class2,-207.0,318.0
p12,prac2_conj,conj_grid,0,1,45,dist_class1,-103.0,325.0
p12,prac2_conj,conj_grid,0,1,46,targ_class2,8.0,327.0
p12,prac2_conj,conj_grid,0,1,47,dist_class2,122.0,323.0
p12,prac2_conj,conj_grid,0,1,48,dist_class2,219.0,331.0
p12,prac2_conj,conj_grid,0,1,49,dist_class2,318.0,316.0
p12,prac2_conj,conj_grid,1,1,1,targ_class1,-311.0,-323.0
p12,prac2_conj,conj_grid,1,1,2,dist_class1,-220.0,-328.0
p12,prac2_conj,conj_grid,1,1,3,dist_class2,-118.0,-340.0
p12,prac2_conj,conj_grid,1,1,4,targ_class2,0.0,-318.0
p12,prac2_conj,conj_grid,1,1,5,dist_class1,104.0,-309.0
p12,prac2_conj,conj_grid,1,1,6,targ_class1,203.0,-326.0
p12,prac2_conj,conj_grid,1,1,7,targ_class2,343.0,-331.0
p12,prac2_conj,conj_grid,1,1,8,targ_class1,-308.0,-225.0
p12,prac2_conj,conj_grid,1,1,9,dist_class2,-208.0,-212.0
p12,prac2_conj,conj_grid,1,1,10,dist_class2,-99.0,-221.0
p12,prac2_conj,conj_grid,1,1,11,targ_class1,-10.0,-207.0
p12,prac2_conj,conj_grid,1,1,12,targ_class2,90.0,-231.0
p12,prac2_conj,conj_grid,1,1,13,dist_class1,238.0,-213.0
p12,prac2_conj,conj_grid,1,1,14,dist_class2,314.0,-206.0
p12,prac2_conj,conj_grid,1,1,15,dist_class2,-334.0,-110.0
p12,prac2_conj,conj_grid,1,1,16,dist_class2,-236.0,-112.0
p12,prac2_conj,conj_grid,1,1,17,dist_class1,-120.0,-133.0
p12,prac2_conj,conj_grid,1,1,18,targ_class1,6.0,-104.0
p12,prac2_conj,conj_grid,1,1,19,targ_class1,102.0,-124.0
p12,prac2_conj,conj_grid,1,1,20,dist_class2,215.0,-124.0
p12,prac2_conj,conj_grid,1,1,21,dist_class2,326.0,-108.0
p12,prac2_conj,conj_grid,1,1,22,dist_class1,-330.0,-8.0
p12,prac2_conj,conj_grid,1,1,23,dist_class2,-211.0,3.0
p12,prac2_conj,conj_grid,1,1,24,dist_class1,-102.0,10.0
p12,prac2_conj,conj_grid,1,1,25,targ_class2,-13.0,15.0
p12,prac2_conj,conj_grid,1,1,26,dist_class2,110.0,8.0
p12,prac2_conj,conj_grid,1,1,27,dist_class1,224.0,2.0
p12,prac2_conj,conj_grid,1,1,28,targ_class1,335.0,-15.0
p12,prac2_conj,conj_grid,1,1,29,targ_class1,-331.0,104.0
p12,prac2_conj,conj_grid,1,1,30,dist_class1,-216.0,105.0
p12,prac2_conj,conj_grid,1,1,31,dist_class1,-99.0,125.0
p12,prac2_conj,conj_grid,1,1,32,targ_class2,15.0,112.0
p12,prac2_conj,conj_grid,1,1,33,targ_class2,116.0,98.0
p12,prac2_conj,conj_grid,1,1,34,dist_class1,218.0,94.0
p12,prac2_conj,conj_grid,1,1,35,targ_class2,330.0,118.0
p12,prac2_conj,conj_grid,1,1,36,dist_class1,-326.0,238.0
p12,prac2_conj,conj_grid,1,1,37,targ_class2,-221.0,222.0
p12,prac2_conj,conj_grid,1,1,38,targ_class1,-124.0,208.0
p12,prac2_conj,conj_grid,1,1,39,targ_class2,-10.0,212.0
p12,prac2_conj,conj_grid,1,1,40,dist_class2,106.0,215.0
p12,prac2_conj,conj_grid,1,1,41,targ_class2,207.0,210.0
p12,prac2_conj,conj_grid,1,1,42,targ_class1,313.0,220.0
p12,prac2_conj,conj_grid,1,1,43,targ_class2,-344.0,314.0
p12,prac2_conj,conj_grid,1,1,44,targ_class1,-220.0,318.0
p12,prac2_conj,conj_grid,1,1,45,targ_class2,-113.0,320.0
p12,prac2_conj,conj_grid,1,1,46,dist_class2,23.0,321.0
p12,prac2_conj,conj_grid,1,1,47,dist_class2,123.0,345.0
p12,prac2_conj,conj_grid,1,1,48,targ_class1,219.0,322.0
p12,prac2_conj,conj_grid,1,1,49,dist_class1,315.0,318.0
p12,conjunction_blocks,conj_rot,2,1,1,dist_class2,-7.0,-462.0
p12,conjunction_blocks,conj_rot,2,1,2,dist_class1,90.0,-373.0
p12,conjunction_blocks,conj_rot,2,1,3,dist_class2,140.0,-291.0
p12,conjunction_blocks,conj_rot,2,1,4,targ_class1,236.0,-236.0
p12,conjunction_blocks,conj_rot,2,1,5,targ_class1,317.0,-164.0
p12,conjunction_blocks,conj_rot,2,1,6,targ_class1,389.0,-81.0
p12,conjunction_blocks,conj_rot,2,1,7,targ_class1,480.0,7.0
p12,conjunction_blocks,conj_rot,2,1,8,targ_class1,-67.0,-403.0
p12,conjunction_blocks,conj_rot,2,1,9,dist_class2,-16.0,-304.0
p12,conjunction_blocks,conj_rot,2,1,10,targ_class2,74.0,-225.0
p12,conjunction_blocks,conj_rot,2,1,11,targ_class2,155.0,-164.0
p12,conjunction_blocks,conj_rot,2,1,12,dist_class1,234.0,-75.0
p12,conjunction_blocks,conj_rot,2,1,13,dist_class2,282.0,-2.0
p12,conjunction_blocks,conj_rot,2,1,14,dist_class2,372.0,86.0
p12,conjunction_blocks,conj_rot,2,1,15,targ_class2,-168.0,-284.0
p12,conjunction_blocks,conj_rot,2,1,16,dist_class1,-60.0,-255.0
p12,conjunction_blocks,conj_rot,2,1,17,targ_class2,12.0,-156.0
p12,conjunction_blocks,conj_rot,2,1,18,targ_class1,69.0,-71.0
p12,conjunction_blocks,conj_rot,2,1,19,dist_class1,158.0,-14.0
p12,conjunction_blocks,conj_rot,2,1,20,dist_class1,250.0,75.0
p12,conjunction_blocks,conj_rot,2,1,21,dist_class2,314.0,153.0
p12,conjunction_blocks,conj_rot,2,1,22,targ_class2,-233.0,-227.0
p12,conjunction_blocks,conj_rot,2,1,23,targ_class2,-142.0,-171.0
p12,conjunction_blocks,conj_rot,2,1,24,targ_class2,-75.0,-80.0
p12,conjunction_blocks,conj_rot,2,1,25,dist_class1,6.0,-24.0
p12,conjunction_blocks,conj_rot,2,1,26,targ_class2,87.0,79.0
p12,conjunction_blocks,conj_rot,2,1,27,targ_class2,147.0,168.0
p12,conjunction_blocks,conj_rot,2,1,28,dist_class1,228.0,226.0
p12,conjunction_blocks,conj_rot,2,1,29,targ_class1,-315.0,-166.0
p12,conjunction_blocks,conj_rot,2,1,30,dist_class2,-220.0,-84.0
p12,conjunction_blocks,conj_rot,2,1,31,dist_class2,-146.0,-3.0
p12,conjunction_blocks,conj_rot,2,1,32,targ_class1,-74.0,79.0
p12,conjunction_blocks,conj_rot,2,1,33,targ_class1,-13.0,138.0
p12,conjunction_blocks,conj_rot,2,1,34,dist_class1,73.0,220.0
p12,conjunction_blocks,conj_rot,2,1,35,targ_class2,133.0,321.0
p12,conjunction_blocks,conj_rot,2,1,36,dist_class1,-384.0,-78.0
p12,conjunction_blocks,conj_rot,2,1,37,dist_class2,-302.0,4.0
p12,conjunction_blocks,conj_rot,2,1,38,targ_class1,-216.0,83.0
p12,conjunction_blocks,conj_rot,2,1,39,dist_class1,-141.0,152.0
p12,conjunction_blocks,conj_rot,2,1,40,dist_class1,-72.0,236.0
p12,conjunction_blocks,conj_rot,2,1,41,targ_class1,3.0,302.0
p12,conjunction_blocks,conj_rot,2,1,42,dist_class2,83.0,371.0
p12,conjunction_blocks,conj_rot,2,1,43,dist_class1,-465.0,9.0
p12,conjunction_blocks,conj_rot,2,1,44,dist_class2,-386.0,69.0
p12,conjunction_blocks,conj_rot,2,1,45,targ_class2,-303.0,154.0
p12,conjunction_blocks,conj_rot,2,1,46,dist_class2,-196.0,262.0
p12,conjunction_blocks,conj_rot,2,1,47,dist_class2,-161.0,317.0
p12,conjunction_blocks,conj_rot,2,1,48,targ_class2,-94.0,406.0
p12,conjunction_blocks,conj_rot,2,1,49,targ_class1,2.0,462.0
p12,conjunction_blocks,conj_rot,4,1,1,targ_class2,-1.0,-447.0
p12,conjunction_blocks,conj_rot,4,1,2,targ_class2,85.0,-389.0
p12,conjunction_blocks,conj_rot,4,1,3,dist_class2,155.0,-305.0
p12,conjunction_blocks,conj_rot,4,1,4,dist_class1,216.0,-235.0
p12,conjunction_blocks,conj_rot,4,1,5,targ_class1,302.0,-152.0
p12,conjunction_blocks,conj_rot,4,1,6,targ_class2,388.0,-66.0
p12,conjunction_blocks,conj_rot,4,1,7,targ_class1,462.0,6.0
p12,conjunction_blocks,conj_rot,4,1,8,dist_class2,-77.0,-376.0
p12,conjunction_blocks,conj_rot,4,1,9,targ_class2,1.0,-289.0
p12,conjunction_blocks,conj_rot,4,1,10,targ_class1,74.0,-221.0
p12,conjunction_blocks,conj_rot,4,1,11,dist_class1,154.0,-169.0
p12,conjunction_blocks,conj_rot,4,1,12,dist_class2,232.0,-83.0
p12,conjunction_blocks,conj_rot,4,1,13,dist_class2,326.0,15.0
p12,conjunction_blocks,conj_rot,4,1,14,targ_class1,392.0,86.0
p12,conjunction_blocks,conj_rot,4,1,15,targ_class1,-140.0,-300.0
p12,conjunction_blocks,conj_rot,4,1,16,dist_class2,-95.0,-234.0
p12,conjunction_blocks,conj_rot,4,1,17,targ_class2,-0.0,-143.0
p12,conjunction_blocks,conj_rot,4,1,18,targ_class1,73.0,-82.0
p12,conjunction_blocks,conj_rot,4,1,19,targ_class2,159.0,-15.0
p12,conjunction_blocks,conj_rot,4,1,20,targ_class2,223.0,67.0
p12,conjunction_blocks,conj_rot,4,1,21,dist_class2,306.0,149.0
p12,conjunction_blocks,conj_rot,4,1,22,dist_class1,-224.0,-237.0
p12,conjunction_blocks,conj_rot,4,1,23,dist_class2,-157.0,-163.0
p12,conjunction_blocks,conj_rot,4,1,24,targ_class1,-93.0,-78.0
p12,conjunction_blocks,conj_rot,4,1,25,targ_class1,-0.0,-10.0
p12,conjunction_blocks,conj_rot,4,1,26,dist_class1,78.0,75.0
p12,conjunction_blocks,conj_rot,4,1,27,dist_class2,158.0,149.0
p12,conjunction_blocks,conj_rot,4,1,28,targ_class2,219.0,226.0
p12,conjunction_blocks,conj_rot,4,1,29,dist_class2,-300.0,-167.0
p12,conjunction_blocks,conj_rot,4,1,30,dist_class2,-245.0,-71.0
p12,conjunction_blocks,conj_rot,4,1,31,dist_class1,-161.0,13.0
p12,conjunction_blocks,conj_rot,4,1,32,dist_class1,-78.0,64.0
p12,conjunction_blocks,conj_rot,4,1,33,targ_class1,15.0,154.0
p12,conjunction_blocks,conj_rot,4,1,34,dist_class1,62.0,212.0
p12,conjunction_blocks,conj_rot,4,1,35,dist_class2,146.0,316.0
p12,conjunction_blocks,conj_rot,4,1,36,dist_class1,-395.0,-65.0
p12,conjunction_blocks,conj_rot,4,1,37,dist_class2,-311.0,-0.0
p12,conjunction_blocks,conj_rot,4,1,38,dist_class2,-218.0,85.0
p12,conjunction_blocks,conj_rot,4,1,39,dist_class1,-156.0,159.0
p12,conjunction_blocks,conj_rot,4,1,40,targ_class1,-79.0,211.0
p12,conjunction_blocks,conj_rot,4,1,41,targ_class2,9.0,306.0
p12,conjunction_blocks,conj_rot,4,1,42,targ_class1,97.0,368.0
p12,conjunction_blocks,conj_rot,4,1,43,dist_class1,-476.0,6.0
p12,conjunction_blocks,conj_rot,4,1,44,targ_class2,-370.0,88.0
p12,conjunction_blocks,conj_rot,4,1,45,targ_class2,-324.0,149.0
p12,conjunction_blocks,conj_rot,4,1,46,targ_class1,-232.0,233.0
p12,conjunction_blocks,conj_rot,4,1,47,dist_class1,-157.0,308.0
p12,conjunction_blocks,conj_rot,4,1,48,targ_class2,-97.0,393.0
p12,conjunction_blocks,conj_rot,4,1,49,dist_class1,-21.0,454.0
p12,conjunction_blocks,conj_rot,3,1,1,dist_class1,-3.0,-473.0
p12,conjunction_blocks,conj_rot,3,1,2,dist_class1,67.0,-386.0
p12,conjunction_blocks,conj_rot,3,1,3,targ_class1,150.0,-304.0
p12,conjunction_blocks,conj_rot,3,1,4,dist_class1,236.0,-231.0
p12,conjunction_blocks,conj_rot,3,1,5,targ_class1,304.0,-143.0
p12,conjunction_blocks,conj_rot,3,1,6,dist_class1,401.0,-88.0
p12,conjunction_blocks,conj_rot,3,1,7,targ_class1,456.0,-11.0
p12,conjunction_blocks,conj_rot,3,1,8,dist_class2,-90.0,-392.0
p12,conjunction_blocks,conj_rot,3,1,9,targ_class2,-2.0,-310.0
p12,conjunction_blocks,conj_rot,3,1,10,dist_class2,73.0,-223.0
p12,conjunction_blocks,conj_rot,3,1,11,dist_class2,157.0,-158.0
p12,conjunction_blocks,conj_rot,3,1,12,dist_class1,230.0,-81.0
p12,conjunction_blocks,conj_rot,3,1,13,targ_class2,314.0,5.0
p12,conjunction_blocks,conj_rot,3,1,14,targ_class2,385.0,71.0
p12,conjunction_blocks,conj_rot,3,1,15,dist_class1,-147.0,-331.0
p12,conjunction_blocks,conj_rot,3,1,16,targ_class2,-75.0,-237.0
p12,conjunction_blocks,conj_rot,3,1,17,dist_class1,-17.0,-158.0
p12,conjunction_blocks,conj_rot,3,1,18,dist_class2,67.0,-75.0
p12,conjunction_blocks,conj_rot,3,1,19,dist_class2,141.0,14.0
p12,conjunction_blocks,conj_rot,3,1,20,dist_class1,244.0,71.0
p12,conjunction_blocks,conj_rot,3,1,21,targ_class2,305.0,150.0
p12,conjunction_blocks,conj_rot,3,1,22,dist_class1,-210.0,-242.0
p12,conjunction_blocks,conj_rot,3,1,23,dist_class2,-160.0,-139.0
p12,conjunction_blocks,conj_rot,3,1,24,targ_class1,-73.0,-76.0
p12,conjunction_blocks,conj_rot,3,1,25,dist_class1,0.0,1.0
p12,conjunction_blocks,conj_rot,3,1,26,targ_class2,85.0,69.0
p12,conjunction_blocks,conj_rot,3,1,27,dist_class2,151.0,168.0
p12,conjunction_blocks,conj_rot,3,1,28,targ_class1,230.0,227.0
p12,conjunction_blocks,conj_rot,3,1,29,dist_class2,-300.0,-149.0
p12,conjunction_blocks,conj_rot,3,1,30,targ_class2,-226.0,-64.0
p12,conjunction_blocks,conj_rot,3,1,31,targ_class1,-149.0,16.0
p12,conjunction_blocks,conj_rot,3,1,32,dist_class2,-67.0,84.0
p12,conjunction_blocks,conj_rot,3,1,33,targ_class2,-6.0,161.0
p12,conjunction_blocks,conj_rot,3,1,34,targ_class2,81.0,236.0
p12,conjunction_blocks,conj_rot,3,1,35,targ_class1,140.0,324.0
p12,conjunction_blocks,conj_rot,3,1,36,dist_class2,-361.0,-78.0
p12,conjunction_blocks,conj_rot,3,1,37,targ_class2,-296.0,-8.0
p12,conjunction_blocks,conj_rot,3,1,38,targ_class1,-228.0,75.0
p12,conjunction_blocks,conj_rot,3,1,39,dist_class1,-148.0,163.0
p12,conjunction_blocks,conj_rot,3,1,40,targ_class1,-85.0,234.0
p12,conjunction_blocks,conj_rot,3,1,41,targ_class2,2.0,300.0
p12,conjunction_blocks,conj_rot,3,1,42,targ_class1,94.0,379.0
p12,conjunction_blocks,conj_rot,3,1,43,dist_class2,-450.0,-1.0
p12,conjunction_blocks,conj_rot,3,1,44,targ_class2,-400.0,70.0
p12,conjunction_blocks,conj_rot,3,1,45,dist_class2,-298.0,142.0
p12,conjunction_blocks,conj_rot,3,1,46,dist_class2,-241.0,218.0
p12,conjunction_blocks,conj_rot,3,1,47,dist_class1,-144.0,316.0
p12,conjunction_blocks,conj_rot,3,1,48,targ_class1,-84.0,382.0
p12,conjunction_blocks,conj_rot,3,1,49,targ_class1,3.0,467.0
p12,conjunction_blocks,conj_grid,0,1,1,dist_class1,-337.0,-320.0
p12,conjunction_blocks,conj_grid,0,1,2,dist_class2,-226.0,-335.0
p12,conjunction_blocks,conj_grid,0,1,3,targ_class2,-109.0,-316.0
p12,conjunction_blocks,conj_grid,0,1,4,dist_class2,-5.0,-310.0
p12,conjunction_blocks,conj_grid,0,1,5,targ_class2,111.0,-326.0
p12,conjunction_blocks,conj_grid,0,1,6,dist_class1,209.0,-322.0
p12,conjunction_blocks,conj_grid,0,1,7,dist_class1,297.0,-326.0
p12,conjunction_blocks,conj_grid,0,1,8,targ_class1,-341.0,-223.0
p12,conjunction_blocks,conj_grid,0,1,9,targ_class2,-220.0,-198.0
p12,conjunction_blocks,conj_grid,0,1,10,targ_class2,-100.0,-231.0
p12,conjunction_blocks,conj_grid,0,1,11,dist_class1,5.0,-212.0
p12,conjunction_blocks,conj_grid,0,1,12,targ_class2,105.0,-209.0
p12,conjunction_blocks,conj_grid,0,1,13,targ_class1,222.0,-222.0
p12,conjunction_blocks,conj_grid,0,1,14,targ_class1,324.0,-214.0
p12,conjunction_blocks,conj_grid,0,1,15,dist_class1,-320.0,-115.0
p12,conjunction_blocks,conj_grid,0,1,16,targ_class1,-206.0,-112.0
p12,conjunction_blocks,conj_grid,0,1,17,dist_class2,-113.0,-85.0
p12,conjunction_blocks,conj_grid,0,1,18,targ_class2,2.0,-113.0
p12,conjunction_blocks,conj_grid,0,1,19,dist_class2,110.0,-102.0
p12,conjunction_blocks,conj_grid,0,1,20,dist_class1,236.0,-99.0
p12,conjunction_blocks,conj_grid,0,1,21,dist_class1,320.0,-113.0
p12,conjunction_blocks,conj_grid,0,1,22,dist_class1,-354.0,2.0
p12,conjunction_blocks,conj_grid,0,1,23,dist_class1,-221.0,5.0
p12,conjunction_blocks,conj_grid,0,1,24,dist_class2,-121.0,4.0
p12,conjunction_blocks,conj_grid,0,1,25,dist_class2,12.0,9.0
p12,conjunction_blocks,conj_grid,0,1,26,targ_class2,94.0,-5.0
p12,conjunction_blocks,conj_grid,0,1,27,dist_class1,222.0,-8.0
p12,conjunction_blocks,conj_grid,0,1,28,dist_class2,323.0,6.0
p12,conjunction_blocks,conj_grid,0,1,29,targ_class1,-316.0,113.0
p12,conjunction_blocks,conj_grid,0,1,30,dist_class2,-218.0,111.0
p12,conjunction_blocks,conj_grid,0,1,31,dist_class2,-97.0,98.0
p12,conjunction_blocks,conj_grid,0,1,32,targ_class2,-10.0,112.0
p12,conjunction_blocks,conj_grid,0,1,33,targ_class1,102.0,119.0
p12,conjunction_blocks,conj_grid,0,1,34,dist_class1,218.0,107.0
p12,conjunction_blocks,conj_grid,0,1,35,targ_class1,339.0,114.0
p12,conjunction_blocks,conj_grid,0,1,36,targ_class2,-326.0,219.0
p12,conjunction_blocks,conj_grid,0,1,37,targ_class2,-207.0,207.0
p12,conjunction_blocks,conj_grid,0,1,38,dist_class1,-87.0,218.0
p12,conjunction_blocks,conj_grid,0,1,39,targ_class1,11.0,228.0
p12,conjunction_blocks,conj_grid,0,1,40,dist_class2,131.0,204.0
p12,conjunction_blocks,conj_grid,0,1,41,dist_class2,211.0,214.0
p12,conjunction_blocks,conj_grid,0,1,42,dist_class2,336.0,219.0
p12,conjunction_blocks,conj_grid,0,1,43,targ_class1,-314.0,332.0
p12,conjunction_blocks,conj_grid,0,1,44,dist_class2,-208.0,300.0
p12,conjunction_blocks,conj_grid,0,1,45,targ_class1,-107.0,326.0
p12,conjunction_blocks,conj_grid,0,1,46,targ_class1,18.0,314.0
p12,conjunction_blocks,conj_grid,0,1,47,targ_class2,113.0,326.0
p12,conjunction_blocks,conj_grid,0,1,48,targ_class1,214.0,315.0
p12,conjunction_blocks,conj_grid,0,1,49,targ_class2,315.0,321.0
p12,conjunction_blocks,conj_uni,0,1,1,targ_class2,251.0,-177.0
p12,conjunction_blocks,conj_uni,0,1,2,targ_class2,-201.0,39.0
p12,conjunction_blocks,conj_uni,0,1,3,dist_class2,-84.0,-136.0
p12,conjunction_blocks,conj_uni,0,1,4,dist_class2,-33.0,-297.0
p12,conjunction_blocks,conj_uni,0,1,5,targ_class2,106.0,-60.0
p12,conjunction_blocks,conj_uni,0,1,6,dist_class2,118.0,161.0
p12,conjunction_blocks,conj_uni,0,1,7,dist_class1,-85.0,259.0
p12,conjunction_blocks,conj_uni,0,1,8,dist_class1,-205.0,236.0
p12,conjunction_blocks,conj_uni,0,1,9,dist_class2,-216.0,-20.0
p12,conjunction_blocks,conj_uni,0,1,10,dist_class1,-204.0,332.0
p12,conjunction_blocks,conj_uni,0,1,11,dist_class1,77.0,65.0
p12,conjunction_blocks,conj_uni,0,1,12,targ_class1,-262.0,-102.0
p12,conjunction_blocks,conj_uni,0,1,13,targ_class2,-55.0,-185.0
p12,conjunction_blocks,conj_uni,0,1,14,targ_class1,129.0,-191.0
p12,conjunction_blocks,conj_uni,0,1,15,dist_class2,-167.0,-108.0
p12,conjunction_blocks,conj_uni,0,1,16,targ_class1,118.0,105.0
p12,conjunction_blocks,conj_uni,0,1,17,dist_class1,266.0,-328.0
p12,conjunction_blocks,conj_uni,0,1,18,dist_class2,249.0,-83.0
p12,conjunction_blocks,conj_uni,0,1,19,dist_class1,-312.0,194.0
p12,conjunction_blocks,conj_uni,0,1,20,dist_class1,119.0,28.0
p12,conjunction_blocks,conj_uni,0,1,21,dist_class2,80.0,-344.0
p12,conjunction_blocks,conj_uni,0,1,22,dist_class2,-137.0,-155.0
p12,conjunction_blocks,conj_uni,0,1,23,targ_class1,-216.0,-135.0
p12,conjunction_blocks,conj_uni,0,1,24,targ_class1,11.0,173.0
p12,conjunction_blocks,conj_uni,0,1,25,targ_class2,146.0,-305.0
p12,conjunction_blocks,conj_uni,0,1,26,targ_class1,87.0,279.0
p12,conjunction_blocks,conj_uni,0,1,27,targ_class1,-286.0,-283.0
p12,conjunction_blocks,conj_uni,0,1,28,targ_class1,314.0,-116.0
p12,conjunction_blocks,conj_uni,0,1,29,targ_class2,31.0,331.0
p12,conjunction_blocks,conj_uni,0,1,30,dist_class2,235.0,-7.0
p12,conjunction_blocks,conj_uni,0,1,31,targ_class2,294.0,211.0
p12,conjunction_blocks,conj_uni,0,1,32,targ_class1,13.0,-80.0
p12,conjunction_blocks,conj_uni,0,1,33,dist_class2,-119.0,175.0
p12,conjunction_blocks,conj_uni,0,1,34,dist_class1,186.0,19.0
p12,conjunction_blocks,conj_uni,0,1,35,dist_class1,-108.0,-203.0
p12,conjunction_blocks,conj_uni,0,1,36,targ_class2,115.0,-245.0
p12,conjunction_blocks,conj_uni,0,1,37,dist_class2,98.0,-144.0
p12,conjunction_blocks,conj_uni,0,1,38,targ_class1,-205.0,179.0
p12,conjunction_blocks,conj_uni,0,1,39,dist_class1,171.0,-250.0
p12,conjunction_blocks,conj_uni,0,1,40,dist_class2,219.0,-130.0
p12,conjunction_blocks,conj_uni,0,1,41,targ_class2,5.0,274.0
p12,conjunction_blocks,conj_uni,0,1,42,targ_class2,145.0,-21.0
p12,conjunction_blocks,conj_uni,0,1,43,targ_class1,322.0,-316.0
p12,conjunction_blocks,conj_uni,0,1,44,targ_class1,198.0,-58.0
p12,conjunction_blocks,conj_uni,0,1,45,targ_class2,-19.0,-23.0
p12,conjunction_blocks,conj_uni,0,1,46,dist_class1,39.0,-157.0
p12,conjunction_blocks,conj_uni,0,1,47,dist_class1,66.0,-98.0
p12,conjunction_blocks,conj_uni,0,1,48,dist_class2,71.0,-203.0
p12,conjunction_blocks,conj_uni,0,1,49,targ_class2,164.0,-131.0
p12,conjunction_blocks,conj_rot,0,1,1,dist_class2,-2.0,-450.0
p12,conjunction_blocks,conj_rot,0,1,2,dist_class1,78.0,-383.0
p12,conjunction_blocks,conj_rot,0,1,3,dist_class1,138.0,-307.0
p12,conjunction_blocks,conj_rot,0,1,4,targ_class2,235.0,-227.0
p12,conjunction_blocks,conj_rot,0,1,5,dist_class1,300.0,-146.0
p12,conjunction_blocks,conj_rot,0,1,6,dist_class1,371.0,-69.0
p12,conjunction_blocks,conj_rot,0,1,7,dist_class2,463.0,-2.0
p12,conjunction_blocks,conj_rot,0,1,8,dist_class2,-67.0,-370.0
p12,conjunction_blocks,conj_rot,0,1,9,dist_class1,-6.0,-289.0
p12,conjunction_blocks,conj_rot,0,1,10,targ_class1,71.0,-230.0
p12,conjunction_blocks,conj_rot,0,1,11,dist_class2,158.0,-154.0
p12,conjunction_blocks,conj_rot,0,1,12,targ_class1,252.0,-69.0
p12,conjunction_blocks,conj_rot,0,1,13,targ_class1,299.0,0.0
p12,conjunction_blocks,conj_rot,0,1,14,dist_class1,384.0,61.0
p12,conjunction_blocks,conj_rot,0,1,15,targ_class1,-150.0,-312.0
p12,conjunction_blocks,conj_rot,0,1,16,targ_class2,-70.0,-221.0
p12,conjunction_blocks,conj_rot,0,1,17,targ_class1,-16.0,-169.0
p12,conjunction_blocks,conj_rot,0,1,18,dist_class2,59.0,-69.0
p12,conjunction_blocks,conj_rot,0,1,19,targ_class2,170.0,6.0
p12,conjunction_blocks,conj_rot,0,1,20,targ_class2,238.0,69.0
p12,conjunction_blocks,conj_rot,0,1,21,targ_class1,317.0,135.0
p12,conjunction_blocks,conj_rot,0,1,22,dist_class1,-228.0,-230.0
p12,conjunction_blocks,conj_rot,0,1,23,dist_class1,-137.0,-143.0
p12,conjunction_blocks,conj_rot,0,1,24,dist_class2,-82.0,-68.0
p12,conjunction_blocks,conj_rot,0,1,25,targ_class2,4.0,-8.0
p12,conjunction_blocks,conj_rot,0,1,26,dist_class1,63.0,75.0
p12,conjunction_blocks,conj_rot,0,1,27,dist_class2,151.0,158.0
p12,conjunction_blocks,conj_rot,0,1,28,dist_class2,239.0,252.0
p12,conjunction_blocks,conj_rot,0,1,29,targ_class2,-289.0,-160.0
p12,conjunction_blocks,conj_rot,0,1,30,targ_class1,-252.0,-70.0
p12,conjunction_blocks,conj_rot,0,1,31,targ_class2,-152.0,4.0
p12,conjunction_blocks,conj_rot,0,1,32,dist_class2,-71.0,80.0
p12,conjunction_blocks,conj_rot,0,1,33,dist_class2,-7.0,133.0
p12,conjunction_blocks,conj_rot,0,1,34,dist_class1,76.0,220.0
p12,conjunction_blocks,conj_rot,0,1,35,dist_class1,160.0,302.0
p12,conjunction_blocks,conj_rot,0,1,36,dist_class2,-368.0,-65.0
p12,conjunction_blocks,conj_rot,0,1,37,targ_class2,-303.0,2.0
p12,conjunction_blocks,conj_rot,0,1,38,targ_class2,-214.0,75.0
p12,conjunction_blocks,conj_rot,0,1,39,targ_class2,-156.0,151.0
p12,conjunction_blocks,conj_rot,0,1,40,targ_class1,-80.0,215.0
p12,conjunction_blocks,conj_rot,0,1,41,targ_class2,19.0,302.0
p12,conjunction_blocks,conj_rot,0,1,42,dist_class1,69.0,378.0
p12,conjunction_blocks,conj_rot,0,1,43,dist_class2,-444.0,7.0
p12,conjunction_blocks,conj_rot,0,1,44,dist_class2,-395.0,91.0
p12,conjunction_blocks,conj_rot,0,1,45,targ_class2,-321.0,144.0
p12,conjunction_blocks,conj_rot,0,1,46,targ_class1,-227.0,230.0
p12,conjunction_blocks,conj_rot,0,1,47,targ_class1,-135.0,302.0
p12,conjunction_blocks,conj_rot,0,1,48,targ_class1,-71.0,371.0
p12,conjunction_blocks,conj_rot,0,1,49,targ_class1,-0.0,475.0
p12,conjunction_blocks,conj_rot,1,1,1,dist_class1,-14.0,-447.0
p12,conjunction_blocks,conj_rot,1,1,2,dist_class1,73.0,-384.0
p12,conjunction_blocks,conj_rot,1,1,3,targ_class2,157.0,-308.0
p12,conjunction_blocks,conj_rot,1,1,4,targ_class2,225.0,-233.0
p12,conjunction_blocks,conj_rot,1,1,5,targ_class2,311.0,-149.0
p12,conjunction_blocks,conj_rot,1,1,6,targ_class1,389.0,-85.0
p12,conjunction_blocks,conj_rot,1,1,7,dist_class2,460.0,10.0
p12,conjunction_blocks,conj_rot,1,1,8,targ_class1,-80.0,-383.0
p12,conjunction_blocks,conj_rot,1,1,9,dist_class1,-6.0,-288.0
p12,conjunction_blocks,conj_rot,1,1,10,dist_class2,51.0,-221.0
p12,conjunction_blocks,conj_rot,1,1,11,dist_class1,157.0,-149.0
p12,conjunction_blocks,conj_rot,1,1,12,targ_class2,230.0,-46.0
p12,conjunction_blocks,conj_rot,1,1,13,dist_class2,301.0,2.0
p12,conjunction_blocks,conj_rot,1,1,14,dist_class2,397.0,67.0
p12,conjunction_blocks,conj_rot,1,1,15,targ_class1,-157.0,-304.0
p12,conjunction_blocks,conj_rot,1,1,16,dist_class1,-62.0,-243.0
p12,conjunction_blocks,conj_rot,1,1,17,dist_class2,3.0,-156.0
p12,conjunction_blocks,conj_rot,1,1,18,dist_class1,75.0,-91.0
p12,conjunction_blocks,conj_rot,1,1,19,dist_class1,150.0,-0.0
p12,conjunction_blocks,conj_rot,1,1,20,targ_class2,235.0,71.0
p12,conjunction_blocks,conj_rot,1,1,21,dist_class2,320.0,149.0
p12,conjunction_blocks,conj_rot,1,1,22,targ_class2,-202.0,-241.0
p12,conjunction_blocks,conj_rot,1,1,23,dist_class1,-144.0,-152.0
p12,conjunction_blocks,conj_rot,1,1,24,targ_class1,-72.0,-81.0
p12,conjunction_blocks,conj_rot,1,1,25,targ_class1,6.0,-12.0
p12,conjunction_blocks,conj_rot,1,1,26,dist_class1,84.0,82.0
p12,conjunction_blocks,conj_rot,1,1,27,dist_class2,157.0,150.0
p12,conjunction_blocks,conj_rot,1,1,28,targ_class2,223.0,245.0
p12,conjunction_blocks,conj_rot,1,1,29,targ_class2,-311.0,-148.0
p12,conjunction_blocks,conj_rot,1,1,30,targ_class2,-229.0,-64.0
p12,conjunction_blocks,conj_rot,1,1,31,dist_class2,-133.0,7.0
p12,conjunction_blocks,conj_rot,1,1,32,dist_class1,-96.0,79.0
p12,conjunction_blocks,conj_rot,1,1,33,dist_class1,17.0,144.0
p12,conjunction_blocks,conj_rot,1,1,34,dist_class2,69.0,220.0
p12,conjunction_blocks,conj_rot,1,1,35,targ_class1,152.0,305.0
p12,conjunction_blocks,conj_rot,1,1,36,targ_class1,-390.0,-76.0
p12,conjunction_blocks,conj_rot,1,1,37,targ_class2,-296.0,-23.0
p12,conjunction_blocks,conj_rot,1,1,38,targ_class1,-246.0,74.0
p12,conjunction_blocks,conj_rot,1,1,39,targ_class2,-152.0,157.0
p12,conjunction_blocks,conj_rot,1,1,40,targ_class1,-65.0,235.0
p12,conjunction_blocks,conj_rot,1,1,41,dist_class2,-3.0,287.0
p12,conjunction_blocks,conj_rot,1,1,42,dist_class1,81.0,379.0
p12,conjunction_blocks,conj_rot,1,1,43,dist_class2,-443.0,-18.0
p12,conjunction_blocks,conj_rot,1,1,44,dist_class2,-378.0,78.0
p12,conjunction_blocks,conj_rot,1,1,45,targ_class1,-320.0,160.0
p12,conjunction_blocks,conj_rot,1,1,46,targ_class2,-240.0,216.0
p12,conjunction_blocks,conj_rot,1,1,47,targ_class1,-157.0,306.0
p12,conjunction_blocks,conj_rot,1,1,48,dist_class2,-70.0,388.0
p12,conjunction_blocks,conj_rot,1,1,49,targ_class1,-7.0,471.0
p12,conjunction_blocks,conj_grid,2,1,1,dist_class1,-316.0,-340.0
p12,conjunction_blocks,conj_grid,2,1,2,dist_class2,-211.0,-327.0
p12,conjunction_blocks,conj_grid,2,1,3,dist_class2,-113.0,-304.0
p12,conjunction_blocks,conj_grid,2,1,4,dist_class2,9.0,-331.0
p12,conjunction_blocks,conj_grid,2,1,5,dist_class1,98.0,-330.0
p12,conjunction_blocks,conj_grid,2,1,6,targ_class2,217.0,-310.0
p12,conjunction_blocks,conj_grid,2,1,7,targ_class2,332.0,-310.0
p12,conjunction_blocks,conj_grid,2,1,8,dist_class2,-319.0,-222.0
p12,conjunction_blocks,conj_grid,2,1,9,targ_class1,-216.0,-223.0
p12,conjunction_blocks,conj_grid,2,1,10,dist_class2,-99.0,-205.0
p12,conjunction_blocks,conj_grid,2,1,11,dist_class2,10.0,-221.0
p12,conjunction_blocks,conj_grid,2,1,12,targ_class2,118.0,-213.0
p12,conjunction_blocks,conj_grid,2,1,13,targ_class1,212.0,-237.0
p12,conjunction_blocks,conj_grid,2,1,14,targ_class2,320.0,-209.0
p12,conjunction_blocks,conj_grid,2,1,15,dist_class2,-316.0,-108.0
p12,conjunction_blocks,conj_grid,2,1,16,targ_class2,-221.0,-102.0
p12,conjunction_blocks,conj_grid,2,1,17,dist_class1,-93.0,-103.0
p12,conjunction_blocks,conj_grid,2,1,18,targ_class1,8.0,-107.0
p12,conjunction_blocks,conj_grid,2,1,19,targ_class2,109.0,-98.0
p12,conjunction_blocks,conj_grid,2,1,20,targ_class1,230.0,-114.0
p12,conjunction_blocks,conj_grid,2,1,21,targ_class2,326.0,-112.0
p12,conjunction_blocks,conj_grid,2,1,22,targ_class2,-335.0,-10.0
p12,conjunction_blocks,conj_grid,2,1,23,dist_class1,-229.0,11.0
p12,conjunction_blocks,conj_grid,2,1,24,targ_class1,-103.0,5.0
p12,conjunction_blocks,conj_grid,2,1,25,targ_class1,12.0,-0.0
p12,conjunction_blocks,conj_grid,2,1,26,targ_class2,109.0,3.0
p12,conjunction_blocks,conj_grid,2,1,27,targ_class1,196.0,-2.0
p12,conjunction_blocks,conj_grid,2,1,28,dist_class2,325.0,2.0
p12,conjunction_blocks,conj_grid,2,1,29,dist_class1,-342.0,107.0
p12,conjunction_blocks,conj_grid,2,1,30,dist_class1,-205.0,102.0
p12,conjunction_blocks,conj_grid,2,1,31,targ_class1,-105.0,98.0
p12,conjunction_blocks,conj_grid,2,1,32,dist_class1,1.0,110.0
p12,conjunction_blocks,conj_grid,2,1,33,targ_class1,100.0,106.0
p12,conjunction_blocks,conj_grid,2,1,34,dist_class2,203.0,106.0
p12,conjunction_blocks,conj_grid,2,1,35,dist_class1,329.0,106.0
p12,conjunction_blocks,conj_grid,2,1,36,dist_class2,-329.0,233.0
p12,conjunction_blocks,conj_grid,2,1,37,dist_class2,-231.0,209.0
p12,conjunction_blocks,conj_grid,2,1,38,dist_class2,-113.0,208.0
p12,conjunction_blocks,conj_grid,2,1,39,targ_class2,5.0,225.0
p12,conjunction_blocks,conj_grid,2,1,40,dist_class2,98.0,228.0
p12,conjunction_blocks,conj_grid,2,1,41,dist_class1,217.0,204.0
p12,conjunction_blocks,conj_grid,2,1,42,dist_class1,311.0,215.0
p12,conjunction_blocks,conj_grid,2,1,43,dist_class1,-322.0,319.0
p12,conjunction_blocks,conj_grid,2,1,44,targ_class1,-206.0,328.0
p12,conjunction_blocks,conj_grid,2,1,45,targ_class2,-113.0,341.0
p12,conjunction_blocks,conj_grid,2,1,46,dist_class1,7.0,312.0
p12,conjunction_blocks,conj_grid,2,1,47,targ_class2,103.0,337.0
p12,conjunction_blocks,conj_grid,2,1,48,targ_class1,219.0,319.0
p12,conjunction_blocks,conj_grid,2,1,49,targ_class1,330.0,340.0
p12,conjunction_blocks,conj_grid,1,1,1,targ_class1,-334.0,-321.0
p12,conjunction_blocks,conj_grid,1,1,2,targ_class2,-194.0,-314.0
p12,conjunction_blocks,conj_grid,1,1,3,dist_class2,-115.0,-329.0
p12,conjunction_blocks,conj_grid,1,1,4,targ_class2,3.0,-333.0
p12,conjunction_blocks,conj_grid,1,1,5,targ_class1,91.0,-326.0
p12,conjunction_blocks,conj_grid,1,1,6,targ_class1,217.0,-309.0
p12,conjunction_blocks,conj_grid,1,1,7,dist_class1,322.0,-333.0
p12,conjunction_blocks,conj_grid,1,1,8,dist_class2,-327.0,-234.0
p12,conjunction_blocks,conj_grid,1,1,9,dist_class2,-201.0,-216.0
p12,conjunction_blocks,conj_grid,1,1,10,targ_class2,-114.0,-217.0
p12,conjunction_blocks,conj_grid,1,1,11,targ_class1,1.0,-213.0
p12,conjunction_blocks,conj_grid,1,1,12,dist_class1,91.0,-212.0
p12,conjunction_blocks,conj_grid,1,1,13,dist_class1,198.0,-235.0
p12,conjunction_blocks,conj_grid,1,1,14,dist_class2,320.0,-229.0
p12,conjunction_blocks,conj_grid,1,1,15,targ_class1,-322.0,-104.0
p12,conjunction_blocks,conj_grid,1,1,16,dist_class2,-219.0,-106.0
p12,conjunction_blocks,conj_grid,1,1,17,targ_class1,-99.0,-114.0
p12,conjunction_blocks,conj_grid,1,1,18,dist_class2,13.0,-114.0
p12,conjunction_blocks,conj_grid,1,1,19,targ_class2,115.0,-104.0
p12,conjunction_blocks,conj_grid,1,1,20,dist_class2,210.0,-114.0
p12,conjunction_blocks,conj_grid,1,1,21,targ_class2,305.0,-114.0
p12,conjunction_blocks,conj_grid,1,1,22,dist_class1,-318.0,9.0
p12,conjunction_blocks,conj_grid,1,1,23,targ_class2,-213.0,7.0
p12,conjunction_blocks,conj_grid,1,1,24,targ_class1,-114.0,-4.0
p12,conjunction_blocks,conj_grid,1,1,25,dist_class1,9.0,-7.0
p12,conjunction_blocks,conj_grid,1,1,26,dist_class1,106.0,4.0
p12,conjunction_blocks,conj_grid,1,1,27,dist_class1,227.0,7.0
p12,conjunction_blocks,conj_grid,1,1,28,dist_class2,340.0,14.0
p12,conjunction_blocks,conj_grid,1,1,29,dist_class1,-330.0,117.0
p12,conjunction_blocks,conj_grid,1,1,30,dist_class2,-224.0,87.0
p12,conjunction_blocks,conj_grid,1,1,31,dist_class1,-86.0,104.0
p12,conjunction_blocks,conj_grid,1,1,32,targ_class1,8.0,122.0
p12,conjunction_blocks,conj_grid,1,1,33,dist_class2,108.0,102.0
p12,conjunction_blocks,conj_grid,1,1,34,dist_class2,223.0,94.0
p12,conjunction_blocks,conj_grid,1,1,35,targ_class1,326.0,102.0
p12,conjunction_blocks,conj_grid,1,1,36,targ_class2,-319.0,184.0
p12,conjunction_blocks,conj_grid,1,1,37,dist_class1,-226.0,209.0
p12,conjunction_blocks,conj_grid,1,1,38,targ_class2,-104.0,225.0
p12,conjunction_blocks,conj_grid,1,1,39,targ_class2,15.0,217.0
p12,conjunction_blocks,conj_grid,1,1,40,targ_class2,113.0,214.0
p12,conjunction_blocks,conj_grid,1,1,41,targ_class1,216.0,215.0
p12,conjunction_blocks,conj_grid,1,1,42,dist_class2,334.0,227.0
p12,conjunction_blocks,conj_grid,1,1,43,dist_class1,-340.0,312.0
p12,conjunction_blocks,conj_grid,1,1,44,targ_class2,-215.0,338.0
p12,conjunction_blocks,conj_grid,1,1,45,targ_class2,-111.0,338.0
p12,conjunction_blocks,conj_grid,1,1,46,targ_class1,10.0,329.0
p12,conjunction_blocks,conj_grid,1,1,47,targ_class1,133.0,316.0
p12,conjunction_blocks,conj_grid,1,1,48,dist_class1,227.0,342.0
p12,conjunction_blocks,conj_grid,1,1,49,dist_class2,319.0,338.0
p12,conjunction_blocks,conj_grid,1,2,1,dist_class1,-309.0,-316.0
p12,conjunction_blocks,conj_grid,1,2,2,targ_class1,-211.0,-317.0
p12,conjunction_blocks,conj_grid,1,2,3,targ_class1,-115.0,-322.0
p12,conjunction_blocks,conj_grid,1,2,4,targ_class2,-6.0,-317.0
p12,conjunction_blocks,conj_grid,1,2,5,dist_class1,101.0,-335.0
p12,conjunction_blocks,conj_grid,1,2,6,targ_class2,215.0,-322.0
p12,conjunction_blocks,conj_grid,1,2,7,dist_class1,313.0,-329.0
p12,conjunction_blocks,conj_grid,1,2,8,dist_class2,-329.0,-202.0
p12,conjunction_blocks,conj_grid,1,2,9,dist_class1,-209.0,-223.0
p12,conjunction_blocks,conj_grid,1,2,10,dist_class1,-113.0,-205.0
p12,conjunction_blocks,conj_grid,1,2,11,dist_class2,-6.0,-236.0
p12,conjunction_blocks,conj_grid,1,2,12,targ_class2,104.0,-216.0
p12,conjunction_blocks,conj_grid,1,2,13,dist_class2,216.0,-212.0
p12,conjunction_blocks,conj_grid,1,2,14,targ_class1,318.0,-221.0
p12,conjunction_blocks,conj_grid,1,2,15,targ_class2,-318.0,-110.0
p12,conjunction_blocks,conj_grid,1,2,16,dist_class2,-221.0,-104.0
p12,conjunction_blocks,conj_grid,1,2,17,dist_class2,-97.0,-101.0
p12,conjunction_blocks,conj_grid,1,2,18,targ_class1,-1.0,-87.0
p12,conjunction_blocks,conj_grid,1,2,19,targ_class2,107.0,-88.0
p12,conjunction_blocks,conj_grid,1,2,20,targ_class1,209.0,-104.0
p12,conjunction_blocks,conj_grid,1,2,21,dist_class1,329.0,-117.0
p12,conjunction_blocks,conj_grid,1,2,22,targ_class2,-326.0,1.0
p12,conjunction_blocks,conj_grid,1,2,23,dist_class1,-216.0,5.0
p12,conjunction_blocks,conj_grid,1,2,24,targ_class1,-114.0,-0.0
p12,conjunction_blocks,conj_grid,1,2,25,targ_class2,-22.0,-1.0
p12,conjunction_blocks,conj_grid,1,2,26,targ_class2,115.0,-7.0
p12,conjunction_blocks,conj_grid,1,2,27,targ_class1,203.0,-18.0
p12,conjunction_blocks,conj_grid,1,2,28,targ_class1,337.0,-2.0
p12,conjunction_blocks,conj_grid,1,2,29,dist_class2,-326.0,121.0
p12,conjunction_blocks,conj_grid,1,2,30,targ_class2,-222.0,111.0
p12,conjunction_blocks,conj_grid,1,2,31,targ_class2,-114.0,108.0
p12,conjunction_blocks,conj_grid,1,2,32,dist_class2,-9.0,115.0
p12,conjunction_blocks,conj_grid,1,2,33,targ_class2,111.0,84.0
p12,conjunction_blocks,conj_grid,1,2,34,targ_class1,224.0,107.0
p12,conjunction_blocks,conj_grid,1,2,35,targ_class1,343.0,112.0
p12,conjunction_blocks,conj_grid,1,2,36,dist_class2,-308.0,201.0
p12,conjunction_blocks,conj_grid,1,2,37,dist_class2,-229.0,221.0
p12,conjunction_blocks,conj_grid,1,2,38,dist_class1,-102.0,210.0
p12,conjunction_blocks,conj_grid,1,2,39,dist_class1,-13.0,207.0
p12,conjunction_blocks,conj_grid,1,2,40,dist_class1,106.0,212.0
p12,conjunction_blocks,conj_grid,1,2,41,targ_class1,213.0,223.0
p12,conjunction_blocks,conj_grid,1,2,42,dist_class2,321.0,215.0
p12,conjunction_blocks,conj_grid,1,2,43,dist_class2,-323.0,321.0
p12,conjunction_blocks,conj_grid,1,2,44,dist_class1,-224.0,338.0
p12,conjunction_blocks,conj_grid,1,2,45,dist_class2,-118.0,326.0
p12,conjunction_blocks,conj_grid,1,2,46,targ_class2,8.0,330.0
p12,conjunction_blocks,conj_grid,1,2,47,targ_class1,105.0,320.0
p12,conjunction_blocks,conj_grid,1,2,48,dist_class2,217.0,331.0
p12,conjunction_blocks,conj_grid,1,2,49,dist_class1,320.0,329.0
p12,conjunction_blocks,conj_uni,1,1,1,targ_class1,-206.0,-358.0
p12,conjunction_blocks,conj_uni,1,1,2,targ_class2,306.0,223.0
p12,conjunction_blocks,conj_uni,1,1,3,dist_class2,-104.0,188.0
p12,conjunction_blocks,conj_uni,1,1,4,dist_class1,48.0,-344.0
p12,conjunction_blocks,conj_uni,1,1,5,dist_class1,-110.0,-15.0
p12,conjunction_blocks,conj_uni,1,1,6,targ_class2,245.0,227.0
p12,conjunction_blocks,conj_uni,1,1,7,targ_class1,176.0,-124.0
p12,conjunction_blocks,conj_uni,1,1,8,dist_class2,-368.0,295.0
p12,conjunction_blocks,conj_uni,1,1,9,targ_class2,-39.0,158.0
p12,conjunction_blocks,conj_uni,1,1,10,targ_class2,-242.0,131.0
p12,conjunction_blocks,conj_uni,1,1,11,dist_class1,336.0,-267.0
p12,conjunction_blocks,conj_uni,1,1,12,dist_class1,207.0,179.0
p12,conjunction_blocks,conj_uni,1,1,13,dist_class2,32.0,227.0
p12,conjunction_blocks,conj_uni,1,1,14,targ_class1,195.0,250.0
p12,conjunction_blocks,conj_uni,1,1,15,dist_class1,-118.0,-238.0
p12,conjunction_blocks,conj_uni,1,1,16,dist_class1,42.0,312.0
p12,conjunction_blocks,conj_uni,1,1,17,targ_class1,175.0,-253.0
p12,conjunction_blocks,conj_uni,1,1,18,targ_class2,232.0,-104.0
p12,conjunction_blocks,conj_uni,1,1,19,targ_class2,46.0,106.0
p12,conjunction_blocks,conj_uni,1,1,20,dist_class2,30.0,-131.0
p12,conjunction_blocks,conj_uni,1,1,21,targ_class1,-262.0,-293.0
p12,conjunction_blocks,conj_uni,1,1,22,dist_class1,-218.0,-217.0
p12,conjunction_blocks,conj_uni,1,1,23,targ_class2,-359.0,-326.0
p12,conjunction_blocks,conj_uni,1,1,24,targ_class1,-317.0,318.0
p12,conjunction_blocks,conj_uni,1,1,25,dist_class1,-160.0,190.0
p12,conjunction_blocks,conj_uni,1,1,26,targ_class2,300.0,-178.0
p12,conjunction_blocks,conj_uni,1,1,27,targ_class2,136.0,140.0
p12,conjunction_blocks,conj_uni,1,1,28,targ_class2,-50.0,304.0
p12,conjunction_blocks,conj_uni,1,1,29,targ_class1,-137.0,-114.0
p12,conjunction_blocks,conj_uni,1,1,30,targ_class1,61.0,2.0
p12,conjunction_blocks,conj_uni,1,1,31,targ_class1,-165.0,-38.0
p12,conjunction_blocks,conj_uni,1,1,32,dist_class2,-163.0,-205.0
p12,conjunction_blocks,conj_uni,1,1,33,dist_class2,-248.0,21.0
p12,conjunction_blocks,conj_uni,1,1,34,dist_class2,-97.0,-185.0
p12,conjunction_blocks,conj_uni,1,1,35,dist_class2,-285.0,222.0
p12,conjunction_blocks,conj_uni,1,1,36,targ_class1,82.0,-51.0
p12,conjunction_blocks,conj_uni,1,1,37,dist_class2,-24.0,223.0
p12,conjunction_blocks,conj_uni,1,1,38,dist_class1,319.0,148.0
p12,conjunction_blocks,conj_uni,1,1,39,dist_class1,272.0,177.0
p12,conjunction_blocks,conj_uni,1,1,40,targ_class2,323.0,89.0
p12,conjunction_blocks,conj_uni,1,1,41,dist_class2,-298.0,140.0
p12,conjunction_blocks,conj_uni,1,1,42,dist_class1,258.0,-220.0
p12,conjunction_blocks,conj_uni,1,1,43,dist_class2,260.0,-55.0
p12,conjunction_blocks,conj_uni,1,1,44,targ_class1,245.0,353.0
p12,conjunction_blocks,conj_uni,1,1,45,dist_class2,124.0,-228.0
p12,conjunction_blocks,conj_uni,1,1,46,targ_class1,-49.0,-46.0
p12,conjunction_blocks,conj_uni,1,1,47,targ_class2,352.0,256.0
p12,conjunction_blocks,conj_uni,1,1,48,dist_class1,46.0,162.0
p12,conjunction_blocks,conj_uni,1,1,49,dist_class2,-71.0,252.0
p12,conjunction_blocks,conj_grid,4,1,1,targ_class2,-316.0,-319.0
p12,conjunction_blocks,conj_grid,4,1,2,dist_class1,-208.0,-307.0
p12,conjunction_blocks,conj_grid,4,1,3,dist_class1,-112.0,-326.0
p12,conjunction_blocks,conj_grid,4,1,4,targ_class1,-9.0,-327.0
p12,conjunction_blocks,conj_grid,4,1,5,dist_class2,110.0,-314.0
p12,conjunction_blocks,conj_grid,4,1,6,targ_class1,227.0,-319.0
p12,conjunction_blocks,conj_grid,4,1,7,dist_class1,328.0,-330.0
p12,conjunction_blocks,conj_grid,4,1,8,targ_class1,-336.0,-212.0
p12,conjunction_blocks,conj_grid,4,1,9,dist_class1,-222.0,-205.0
p12,conjunction_blocks,conj_grid,4,1,10,targ_class2,-98.0,-221.0
p12,conjunction_blocks,conj_grid,4,1,11,targ_class2,2.0,-213.0
p12,conjunction_blocks,conj_grid,4,1,12,targ_class2,105.0,-217.0
p12,conjunction_blocks,conj_grid,4,1,13,targ_class2,206.0,-237.0
p12,conjunction_blocks,conj_grid,4,1,14,dist_class1,327.0,-199.0
p12,conjunction_blocks,conj_grid,4,1,15,dist_class1,-331.0,-105.0
p12,conjunction_blocks,conj_grid,4,1,16,dist_class2,-236.0,-107.0
p12,conjunction_blocks,conj_grid,4,1,17,targ_class2,-125.0,-90.0
p12,conjunction_blocks,conj_grid,4,1,18,dist_class1,-6.0,-103.0
p12,conjunction_blocks,conj_grid,4,1,19,dist_class2,124.0,-102.0
p12,conjunction_blocks,conj_grid,4,1,20,dist_class2,204.0,-133.0
p12,conjunction_blocks,conj_grid,4,1,21,targ_class2,325.0,-107.0
p12,conjunction_blocks,conj_grid,4,1,22,dist_class1,-305.0,-0.0
p12,conjunction_blocks,conj_grid,4,1,23,dist_class1,-208.0,-8.0
p12,conjunction_blocks,conj_grid,4,1,24,dist_class2,-111.0,-19.0
p12,conjunction_blocks,conj_grid,4,1,25,targ_class2,1.0,8.0
p12,conjunction_blocks,conj_grid,4,1,26,targ_class2,98.0,3.0
p12,conjunction_blocks,conj_grid,4,1,27,targ_class1,211.0,-23.0
p12,conjunction_blocks,conj_grid,4,1,28,dist_class2,307.0,1.0
p12,conjunction_blocks,conj_grid,4,1,29,dist_class2,-320.0,98.0
p12,conjunction_blocks,conj_grid,4,1,30,targ_class1,-202.0,110.0
p12,conjunction_blocks,conj_grid,4,1,31,dist_class1,-110.0,111.0
p12,conjunction_blocks,conj_grid,4,1,32,targ_class1,-7.0,92.0
p12,conjunction_blocks,conj_grid,4,1,33,targ_class1,78.0,97.0
p12,conjunction_blocks,conj_grid,4,1,34,dist_class2,230.0,112.0
p12,conjunction_blocks,conj_grid,4,1,35,dist_class2,316.0,114.0
p12,conjunction_blocks,conj_grid,4,1,36,dist_class2,-328.0,212.0
p12,conjunction_blocks,conj_grid,4,1,37,targ_class1,-222.0,217.0
p12,conjunction_blocks,conj_grid,4,1,38,targ_class1,-100.0,198.0
p12,conjunction_blocks,conj_grid,4,1,39,targ_class2,-16.0,224.0
p12,conjunction_blocks,conj_grid,4,1,40,dist_class1,90.0,212.0
p12,conjunction_blocks,conj_grid,4,1,41,dist_class2,207.0,215.0
p12,conjunction_blocks,conj_grid,4,1,42,targ_class1,338.0,209.0
p12,conjunction_blocks,conj_grid,4,1,43,dist_class1,-313.0,317.0
p12,conjunction_blocks,conj_grid,4,1,44,targ_class1,-216.0,312.0
p12,conjunction_blocks,conj_grid,4,1,45,targ_class2,-110.0,298.0
p12,conjunction_blocks,conj_grid,4,1,46,targ_class2,3.0,324.0
p12,conjunction_blocks,conj_grid,4,1,47,dist_class2,106.0,332.0
p12,conjunction_blocks,conj_grid,4,1,48,dist_class2,224.0,323.0
p12,conjunction_blocks,conj_grid,4,1,49,targ_class1,326.0,318.0
p12,conjunction_blocks,conj_uni,2,1,1,targ_class2,352.0,108.0
p12,conjunction_blocks,conj_uni,2,1,2,dist_class1,16.0,94.0
p12,conjunction_blocks,conj_uni,2,1,3,dist_class2,-87.0,296.0
p12,conjunction_blocks,conj_uni,2,1,4,targ_class1,260.0,-103.0
p12,conjunction_blocks,conj_uni,2,1,5,dist_class2,-312.0,112.0
p12,conjunction_blocks,conj_uni,2,1,6,targ_class2,224.0,238.0
p12,conjunction_blocks,conj_uni,2,1,7,dist_class2,-267.0,-215.0
p12,conjunction_blocks,conj_uni,2,1,8,dist_class1,118.0,-75.0
p12,conjunction_blocks,conj_uni,2,1,9,dist_class1,-128.0,-134.0
p12,conjunction_blocks,conj_uni,2,1,10,dist_class2,-13.0,-114.0
p12,conjunction_blocks,conj_uni,2,1,11,dist_class2,-352.0,72.0
p12,conjunction_blocks,conj_uni,2,1,12,targ_class2,146.0,-199.0
p12,conjunction_blocks,conj_uni,2,1,13,dist_class2,26.0,157.0
p12,conjunction_blocks,conj_uni,2,1,14,dist_class1,22.0,273.0
p12,conjunction_blocks,conj_uni,2,1,15,targ_class1,231.0,-253.0
p12,conjunction_blocks,conj_uni,2,1,16,targ_class1,304.0,-368.0
p12,conjunction_blocks,conj_uni,2,1,17,targ_class2,189.0,-5.0
p12,conjunction_blocks,conj_uni,2,1,18,dist_class2,329.0,-258.0
p12,conjunction_blocks,conj_uni,2,1,19,targ_class1,-81.0,-166.0
p12,conjunction_blocks,conj_uni,2,1,20,targ_class2,197.0,-323.0
p12,conjunction_blocks,conj_uni,2,1,21,dist_class2,137.0,-23.0
p12,conjunction_blocks,conj_uni,2,1,22,targ_class2,-63.0,206.0
p12,conjunction_blocks,conj_uni,2,1,23,dist_class1,-90.0,352.0
p12,conjunction_blocks,conj_uni,2,1,24,dist_class2,353.0,282.0
p12,conjunction_blocks,conj_uni,2,1,25,targ_class1,34.0,-82.0
p12,conjunction_blocks,conj_uni,2,1,26,targ_class2,306.0,-313.0
p12,conjunction_blocks,conj_uni,2,1,27,targ_class1,216.0,-185.0
p12,conjunction_blocks,conj_uni,2,1,28,targ_class2,285.0,-219.0
p12,conjunction_blocks,conj_uni,2,1,29,targ_class2,-165.0,-347.0
p12,conjunction_blocks,conj_uni,2,1,30,dist_class1,68.0,-6.0
p12,conjunction_blocks,conj_uni,2,1,31,dist_class1,-140.0,-297.0
p12,conjunction_blocks,conj_uni,2,1,32,dist_class1,-43.0,34.0
p12,conjunction_blocks,conj_uni,2,1,33,dist_class2,-281.0,267.0
p12,conjunction_blocks,conj_uni,2,1,34,dist_class2,7.0,8.0
p12,conjunction_blocks,conj_uni,2,1,35,dist_class1,251.0,-306.0
p12,conjunction_blocks,conj_uni,2,1,36,targ_class1,-254.0,316.0
p12,conjunction_blocks,conj_uni,2,1,37,dist_class2,114.0,28.0
p12,conjunction_blocks,conj_uni,2,1,38,dist_class2,174.0,-147.0
p12,conjunction_blocks,conj_uni,2,1,39,targ_class2,-182.0,-71.0
p12,conjunction_blocks,conj_uni,2,1,40,dist_class1,174.0,128.0
p12,conjunction_blocks,conj_uni,2,1,41,targ_class1,74.0,-361.0
p12,conjunction_blocks,conj_uni,2,1,42,targ_class1,98.0,-310.0
p12,conjunction_blocks,conj_uni,2,1,43,targ_class1,71.0,301.0
p12,conjunction_blocks,conj_uni,2,1,44,targ_class1,121.0,-131.0
p12,conjunction_blocks,conj_uni,2,1,45,targ_class2,102.0,254.0
p12,conjunction_blocks,conj_uni,2,1,46,dist_class1,-296.0,-121.0
p12,conjunction_blocks,conj_uni,2,1,47,dist_class1,-161.0,-18.0
p12,conjunction_blocks,conj_uni,2,1,48,targ_class1,362.0,-307.0
p12,conjunction_blocks,conj_uni,2,1,49,targ_class2,-142.0,197.0
p12,conjunction_blocks,conj_uni,4,1,1,targ_class1,153.0,271.0
p12,conjunction_blocks,conj_uni,4,1,2,dist_class2,-99.0,-170.0
p12,conjunction_blocks,conj_uni,4,1,3,targ_class2,357.0,96.0
p12,conjunction_blocks,conj_uni,4,1,4,targ_class2,-267.0,-318.0
p12,conjunction_blocks,conj_uni,4,1,5,dist_class2,220.0,-321.0
p12,conjunction_blocks,conj_uni,4,1,6,dist_class1,-157.0,207.0
p12,conjunction_blocks,conj_uni,4,1,7,dist_class1,-175.0,-120.0
p12,conjunction_blocks,conj_uni,4,1,8,targ_class1,-200.0,-247.0
p12,conjunction_blocks,conj_uni,4,1,9,targ_class2,-155.0,-172.0
p12,conjunction_blocks,conj_uni,4,1,10,targ_class2,-353.0,-83.0
p12,conjunction_blocks,conj_uni,4,1,11,targ_class1,143.0,-280.0
p12,conjunction_blocks,conj_uni,4,1,12,targ_class2,195.0,-35.0
p12,conjunction_blocks,conj_uni,4,1,13,dist_class1,-154.0,264.0
p12,conjunction_blocks,conj_uni,4,1,14,targ_class1,269.0,179.0
p12,conjunction_blocks,conj_uni,4,1,15,dist_class1,-289.0,-81.0
p12,conjunction_blocks,conj_uni,4,1,16,dist_class2,-366.0,53.0
p12,conjunction_blocks,conj_uni,4,1,17,targ_class1,138.0,128.0
p12,conjunction_blocks,conj_uni,4,1,18,targ_class1,84.0,285.0
p12,conjunction_blocks,conj_uni,4,1,19,targ_class2,-327.0,190.0
p12,conjunction_blocks,conj_uni,4,1,20,targ_class2,276.0,-332.0
p12,conjunction_blocks,conj_uni,4,1,21,dist_class2,16.0,169.0
p12,conjunction_blocks,conj_uni,4,1,22,dist_class2,188.0,-245.0
p12,conjunction_blocks,conj_uni,4,1,23,targ_class1,38.0,-97.0
p12,conjunction_blocks,conj_uni,4,1,24,dist_class2,-320.0,86.0
p12,conjunction_blocks,conj_uni,4,1,25,dist_class1,206.0,359.0
p12,conjunction_blocks,conj_uni,4,1,26,targ_class1,198.0,304.0
p12,conjunction_blocks,conj_uni,4,1,27,dist_class1,189.0,71.0
p12,conjunction_blocks,conj_uni,4,1,28,dist_class1,-243.0,-212.0
p12,conjunction_blocks,conj_uni,4,1,29,targ_class1,-273.0,294.0
p12,conjunction_blocks,conj_uni,4,1,30,dist_class2,20.0,-151.0
p12,conjunction_blocks,conj_uni,4,1,31,dist_class1,-266.0,-158.0
p12,conjunction_blocks,conj_uni,4,1,32,targ_class1,225.0,144.0
p12,conjunction_blocks,conj_uni,4,1,33,dist_class2,360.0,-94.0
p12,conjunction_blocks,conj_uni,4,1,34,dist_class2,327.0,-213.0
p12,conjunction_blocks,conj_uni,4,1,35,targ_class1,-285.0,28.0
p12,conjunction_blocks,conj_uni,4,1,36,dist_class1,319.0,212.0
p12,conjunction_blocks,conj_uni,4,1,37,dist_class1,-102.0,-26.0
p12,conjunction_blocks,conj_uni,4,1,38,targ_class2,-220.0,-88.0
p12,conjunction_blocks,conj_uni,4,1,39,targ_class2,94.0,-252.0
p12,conjunction_blocks,conj_uni,4,1,40,targ_class2,-148.0,-228.0
p12,conjunction_blocks,conj_uni,4,1,41,dist_class1,293.0,17.0
p12,conjunction_blocks,conj_uni,4,1,42,dist_class2,-208.0,112.0
p12,conjunction_blocks,conj_uni,4,1,43,targ_class2,-48.0,105.0
p12,conjunction_blocks,conj_uni,4,1,44,dist_class2,-111.0,-100.0
p12,conjunction_blocks,conj_uni,4,1,45,targ_class2,357.0,254.0
p12,conjunction_blocks,conj_uni,4,1,46,targ_class1,-211.0,-165.0
p12,conjunction_blocks,conj_uni,4,1,47,dist_class1,-37.0,-288.0
p12,conjunction_blocks,conj_uni,4,1,48,dist_class2,111.0,235.0
p12,conjunction_blocks,conj_uni,4,1,49,dist_class2,149.0,-177.0
p12,conjunction_blocks,conj_grid,3,1,1,targ_class2,-323.0,-313.0
p12,conjunction_blocks,conj_grid,3,1,2,targ_class1,-221.0,-327.0
p12,conjunction_blocks,conj_grid,3,1,3,dist_class2,-102.0,-313.0
p12,conjunction_blocks,conj_grid,3,1,4,dist_class1,4.0,-342.0
p12,conjunction_blocks,conj_grid,3,1,5,dist_class2,122.0,-328.0
p12,conjunction_blocks,conj_grid,3,1,6,targ_class2,215.0,-328.0
p12,conjunction_blocks,conj_grid,3,1,7,targ_class2,349.0,-322.0
p12,conjunction_blocks,conj_grid,3,1,8,dist_class2,-326.0,-208.0
p12,conjunction_blocks,conj_grid,3,1,9,dist_class1,-206.0,-217.0
p12,conjunction_blocks,conj_grid,3,1,10,dist_class1,-110.0,-223.0
p12,conjunction_blocks,conj_grid,3,1,11,targ_class1,-2.0,-210.0
p12,conjunction_blocks,conj_grid,3,1,12,dist_class2,103.0,-224.0
p12,conjunction_blocks,conj_grid,3,1,13,targ_class1,201.0,-199.0
p12,conjunction_blocks,conj_grid,3,1,14,targ_class2,322.0,-210.0
p12,conjunction_blocks,conj_grid,3,1,15,dist_class2,-327.0,-92.0
p12,conjunction_blocks,conj_grid,3,1,16,dist_class1,-218.0,-93.0
p12,conjunction_blocks,conj_grid,3,1,17,targ_class2,-88.0,-102.0
p12,conjunction_blocks,conj_grid,3,1,18,targ_class2,-2.0,-112.0
p12,conjunction_blocks,conj_grid,3,1,19,dist_class1,115.0,-106.0
p12,conjunction_blocks,conj_grid,3,1,20,dist_class1,222.0,-110.0
p12,conjunction_blocks,conj_grid,3,1,21,targ_class1,310.0,-104.0
p12,conjunction_blocks,conj_grid,3,1,22,dist_class2,-331.0,-10.0
p12,conjunction_blocks,conj_grid,3,1,23,dist_class2,-208.0,-8.0
p12,conjunction_blocks,conj_grid,3,1,24,dist_class2,-124.0,-1.0
p12,conjunction_blocks,conj_grid,3,1,25,targ_class1,-5.0,10.0
p12,conjunction_blocks,conj_grid,3,1,26,targ_class1,101.0,-1.0
p12,conjunction_blocks,conj_grid,3,1,27,targ_class2,213.0,19.0
p12,conjunction_blocks,conj_grid,3,1,28,dist_class2,316.0,16.0
p12,conjunction_blocks,conj_grid,3,1,29,dist_class2,-338.0,99.0
p12,conjunction_blocks,conj_grid,3,1,30,dist_class2,-206.0,108.0
p12,conjunction_blocks,conj_grid,3,1,31,targ_class1,-105.0,100.0
p12,conjunction_blocks,conj_grid,3,1,32,targ_class1,-2.0,95.0
p12,conjunction_blocks,conj_grid,3,1,33,targ_class2,95.0,102.0
p12,conjunction_blocks,conj_grid,3,1,34,dist_class1,218.0,124.0
p12,conjunction_blocks,conj_grid,3,1,35,dist_class1,311.0,98.0
p12,conjunction_blocks,conj_grid,3,1,36,dist_class1,-332.0,222.0
p12,conjunction_blocks,conj_grid,3,1,37,dist_class1,-207.0,215.0
p12,conjunction_blocks,conj_grid,3,1,38,targ_class1,-119.0,220.0
p12,conjunction_blocks,conj_grid,3,1,39,targ_class2,-5.0,225.0
p12,conjunction_blocks,conj_grid,3,1,40,dist_class2,105.0,233.0
p12,conjunction_blocks,conj_grid,3,1,41,targ_class1,221.0,212.0
p12,conjunction_blocks,conj_grid,3,1,42,targ_class1,329.0,228.0
p12,conjunction_blocks,conj_grid,3,1,43,targ_class1,-327.0,323.0
p12,conjunction_blocks,conj_grid,3,1,44,targ_class2,-213.0,329.0
p12,conjunction_blocks,conj_grid,3,1,45,dist_class1,-106.0,323.0
p12,conjunction_blocks,conj_grid,3,1,46,targ_class2,9.0,321.0
p12,conjunction_blocks,conj_grid,3,1,47,dist_class1,114.0,347.0
p12,conjunction_blocks,conj_grid,3,1,48,targ_class2,212.0,308.0
p12,conjunction_blocks,conj_grid,3,1,49,dist_class2,311.0,322.0
p12,conjunction_blocks,conj_uni,3,1,1,targ_class2,-102.0,-234.0
p12,conjunction_blocks,conj_uni,3,1,2,dist_class1,301.0,145.0
p12,conjunction_blocks,conj_uni,3,1,3,targ_class1,-221.0,-134.0
p12,conjunction_blocks,conj_uni,3,1,4,dist_class2,257.0,245.0
p12,conjunction_blocks,conj_uni,3,1,5,dist_class1,295.0,348.0
p12,conjunction_blocks,conj_uni,3,1,6,dist_class1,123.0,-209.0
p12,conjunction_blocks,conj_uni,3,1,7,targ_class2,224.0,-104.0
p12,conjunction_blocks,conj_uni,3,1,8,dist_class2,160.0,-357.0
p12,conjunction_blocks,conj_uni,3,1,9,targ_class1,-230.0,178.0
p12,conjunction_blocks,conj_uni,3,1,10,dist_class1,-332.0,-338.0
p12,conjunction_blocks,conj_uni,3,1,11,dist_class2,-116.0,-161.0
p12,conjunction_blocks,conj_uni,3,1,12,targ_class1,-257.0,110.0
p12,conjunction_blocks,conj_uni,3,1,13,targ_class2,-9.0,-86.0
p12,conjunction_blocks,conj_uni,3,1,14,targ_class2,21.0,-292.0
p12,conjunction_blocks,conj_uni,3,1,15,targ_class2,238.0,3.0
p12,conjunction_blocks,conj_uni,3,1,16,targ_class2,207.0,-158.0
p12,conjunction_blocks,conj_uni,3,1,17,targ_class1,-34.0,-275.0
p12,conjunction_blocks,conj_uni,3,1,18,targ_class1,-203.0,-281.0
p12,conjunction_blocks,conj_uni,3,1,19,dist_class1,348.0,332.0
p12,conjunction_blocks,conj_uni,3,1,20,targ_class1,-181.0,313.0
p12,conjunction_blocks,conj_uni,3,1,21,dist_class1,-305.0,-203.0
p12,conjunction_blocks,conj_uni,3,1,22,dist_class1,-190.0,-22.0
p12,conjunction_blocks,conj_uni,3,1,23,dist_class1,-265.0,-243.0
p12,conjunction_blocks,conj_uni,3,1,24,targ_class2,328.0,-240.0
p12,conjunction_blocks,conj_uni,3,1,25,dist_class2,-54.0,59.0
p12,conjunction_blocks,conj_uni,3,1,26,targ_class2,112.0,-327.0
p12,conjunction_blocks,conj_uni,3,1,27,dist_class1,262.0,-167.0
p12,conjunction_blocks,conj_uni,3,1,28,dist_class1,-229.0,274.0
p12,conjunction_blocks,conj_uni,3,1,29,dist_class1,-291.0,156.0
p12,conjunction_blocks,conj_uni,3,1,30,dist_class2,-80.0,-117.0
p12,conjunction_blocks,conj_uni,3,1,31,targ_class1,-318.0,98.0
p12,conjunction_blocks,conj_uni,3,1,32,targ_class1,-275.0,-145.0
p12,conjunction_blocks,conj_uni,3,1,33,targ_class2,21.0,274.0
p12,conjunction_blocks,conj_uni,3,1,34,dist_class2,243.0,114.0
p12,conjunction_blocks,conj_uni,3,1,35,dist_class2,370.0,-188.0
p12,conjunction_blocks,conj_uni,3,1,36,targ_class1,-123.0,337.0
p12,conjunction_blocks,conj_uni,3,1,37,dist_class2,6.0,97.0
p12,conjunction_blocks,conj_uni,3,1,38,dist_class2,315.0,-186.0
p12,conjunction_blocks,conj_uni,3,1,39,targ_class2,-167.0,235.0
p12,conjunction_blocks,conj_uni,3,1,40,targ_class1,234.0,58.0
p12,conjunction_blocks,conj_uni,3,1,41,dist_class1,-182.0,-221.0
p12,conjunction_blocks,conj_uni,3,1,42,dist_class2,-304.0,-96.0
p12,conjunction_blocks,conj_uni,3,1,43,targ_class2,225.0,-300.0
p12,conjunction_blocks,conj_uni,3,1,44,targ_class2,175.0,-275.0
p12,conjunction_blocks,conj_uni,3,1,45,targ_class1,-317.0,306.0
p12,conjunction_blocks,conj_uni,3,1,46,dist_class2,-372.0,319.0
p12,conjunction_blocks,conj_uni,3,1,47,dist_class2,242.0,-52.0
p12,conjunction_blocks,conj_uni,3,1,48,dist_class2,221.0,325.0
p12,conjunction_blocks,conj_uni,3,1,49,targ_class1,-148.0,-266.0
