person,block,condition,trial,attempt,id,item_class,x,y
10,prac2_conj,conj_grid,0,1,1,dist_class1,-326.0,-321.0
10,prac2_conj,conj_grid,0,1,2,dist_class1,-231.0,-315.0
10,prac2_conj,conj_grid,0,1,3,dist_class1,-118.0,-331.0
10,prac2_conj,conj_grid,0,1,4,dist_class1,-11.0,-314.0
10,prac2_conj,conj_grid,0,1,5,targ_class2,108.0,-342.0
10,prac2_conj,conj_grid,0,1,6,targ_class1,215.0,-321.0
10,prac2_conj,conj_grid,0,1,7,targ_class2,325.0,-347.0
10,prac2_conj,conj_grid,0,1,8,dist_class1,-307.0,-204.0
10,prac2_conj,conj_grid,0,1,9,targ_class1,-233.0,-209.0
10,prac2_conj,conj_grid,0,1,10,targ_class1,-110.0,-219.0
10,prac2_conj,conj_grid,0,1,11,dist_class2,-14.0,-210.0
10,prac2_conj,conj_grid,0,1,12,dist_class2,94.0,-203.0
10,prac2_conj,conj_grid,0,1,13,dist_class2,206.0,-221.0
10,prac2_conj,conj_grid,0,1,14,dist_class2,345.0,-221.0
10,prac2_conj,conj_grid,0,1,15,targ_class2,-315.0,-83.0
10,prac2_conj,conj_grid,0,1,16,targ_class1,-220.0,-108.0
10,prac2_conj,conj_grid,0,1,17,dist_class2,-102.0,-103.0
10,prac2_conj,conj_grid,0,1,18,dist_class1,8.0,-118.0
10,prac2_conj,conj_grid,0,1,19,targ_class1,103.0,-97.0
10,prac2_conj,conj_grid,0,1,20,dist_class1,204.0,-117.0
10,prac2_conj,conj_grid,0,1,21,dist_class1,299.0,-109.0
10,prac2_conj,conj_grid,0,1,22,targ_class2,-337.0,-3.0
10,prac2_conj,conj_grid,0,1,23,targ_class1,-217.0,-4.0
10,prac2_conj,conj_grid,0,1,24,targ_class1,-107.0,-7.0
10,prac2_conj,conj_grid,0,1,25,targ_class1,13.0,-1.0
10,prac2_conj,conj_grid,0,1,26,targ_class2,101.0,-1.0
10,prac2_conj,conj_grid,0,1,27,dist_class2,228.0,-12.0
10,prac2_conj,conj_grid,0,1,28,dist_class2,318.0,20.0
10,prac2_conj,conj_grid,0,1,29,targ_class2,-315.0,91.0
10,prac2_conj,conj_grid,0,1,30,dist_class1,-208.0,107.0
10,prac2_conj,conj_grid,0,1,31,dist_class2,-107.0,101.0
10,prac2_conj,conj_grid,0,1,32,targ_class1,5.0,92.0
10,prac2_conj,conj_grid,0,1,33,targ_class1,116.0,122.0
10,prac2_conj,conj_grid,0,1,34,targ_class1,209.0,117.0
10,prac2_conj,conj_grid,0,1,35,dist_class2,327.0,108.0
10,prac2_conj,conj_grid,0,1,36,dist_class1,-320.0,208.0
10,prac2_conj,conj_grid,0,1,37,dist_class2,-209.0,233.0
10,prac2_conj,conj_grid,0,1,38,dist_class2,-110.0,217.0
10,prac2_conj,conj_grid,0,1,39,dist_class2,-6.0,209.0
10,prac2_conj,conj_grid,0,1,40,dist_class1,117.0,214.0
10,prac2_conj,conj_grid,0,1,41,targ_class2,241.0,231.0
10,prac2_conj,conj_grid,0,1,42,targ_class2,332.0,227.0
10,prac2_conj,conj_grid,0,1,43,targ_class2,-330.0,325.0
10,prac2_conj,conj_grid,0,1,44,targ_class2,-219.0,337.0
10,prac2_conj,conj_grid,0,1,45,targ_class1,-117.0,318.0
10,prac2_conj,conj_grid,0,1,46,targ_class2,9.0,329.0
10,prac2_conj,conj_grid,0,1,47,dist_class2,97.0,316.0
10,prac2_conj,conj_grid,0,1,48,targ_class2,214.0,314.0
10,prac2_conj,conj_grid,0,1,49,dist_class1,342.0,321.0
10,prac2_conj,conj_grid,0,2,1,dist_class1,-333.0,-312.0
10,prac2_conj,conj_grid,0,2,2,dist_class2,-209.0,-324.0
10,prac2_conj,conj_grid,0,2,3,dist_class2,-135.0,-336.0
10,prac2_conj,conj_grid,0,2,4,dist_class1,-10.0,-313.0
10,prac2_conj,conj_grid,0,2,5,targ_class2,97.0,-333.0
10,prac2_conj,conj_grid,0,2,6,targ_class2,227.0,-336.0
10,prac2_conj,conj_grid,0,2,7,dist_class2,314.0,-329.0
10,prac2_conj,conj_grid,0,2,8,targ_class1,-338.0,-196.0
10,prac2_conj,conj_grid,0,2,9,dist_class2,-201.0,-228.0
10,prac2_conj,conj_grid,0,2,10,dist_class1,-127.0,-222.0
10,prac2_conj,conj_grid,0,2,11,targ_class1,3.0,-219.0
10,prac2_conj,conj_grid,0,2,12,targ_class1,109.0,-223.0
10,prac2_conj,conj_grid,0,2,13,targ_class1,207.0,-205.0
10,prac2_conj,conj_grid,0,2,14,dist_class2,342.0,-211.0
10,prac2_conj,conj_grid,0,2,15,targ_class2,-324.0,-98.0
10,prac2_conj,conj_grid,0,2,16,dist_class2,-226.0,-101.0
10,prac2_conj,conj_grid,0,2,17,targ_class1,-107.0,-110.0
10,prac2_conj,conj_grid,0,2,18,dist_class2,-19.0,-105.0
10,prac2_conj,conj_grid,0,2,19,targ_class2,111.0,-94.0
10,prac2_conj,conj_grid,0,2,20,targ_class2,203.0,-111.0
10,prac2_conj,conj_grid,0,2,21,targ_class1,321.0,-134.0
10,prac2_conj,conj_grid,0,2,22,dist_class2,-318.0,4.0
10,prac2_conj,conj_grid,0,2,23,targ_class1,-218.0,22.0
10,prac2_conj,conj_grid,0,2,24,targ_class2,-100.0,2.0
10,prac2_conj,conj_grid,0,2,25,targ_class1,5.0,25.0
10,prac2_conj,conj_grid,0,2,26,targ_class1,115.0,-8.0
10,prac2_conj,conj_grid,0,2,27,dist_class2,206.0,-7.0
10,prac2_conj,conj_grid,0,2,28,targ_class2,328.0,11.0
10,prac2_conj,conj_grid,0,2,29,dist_class1,-326.0,111.0
10,prac2_conj,conj_grid,0,2,30,dist_class1,-210.0,98.0
10,prac2_conj,conj_grid,0,2,31,targ_class2,-96.0,114.0
10,prac2_conj,conj_grid,0,2,32,dist_class2,-3.0,113.0
10,prac2_conj,conj_grid,0,2,33,targ_class1,113.0,103.0
10,prac2_conj,conj_grid,0,2,34,targ_class2,214.0,87.0
10,prac2_conj,conj_grid,0,2,35,dist_class2,338.0,107.0
10,prac2_conj,conj_grid,0,2,36,dist_class1,-322.0,216.0
10,prac2_conj,conj_grid,0,2,37,dist_class1,-200.0,213.0
10,prac2_conj,conj_grid,0,2,38,targ_class1,-115.0,218.0
10,prac2_conj,conj_grid,0,2,39,targ_class1,-10.0,218.0
10,prac2_conj,conj_grid,0,2,40,targ_class2,114.0,227.0
10,prac2_conj,conj_grid,0,2,41,dist_class1,209.0,209.0
10,prac2_conj,conj_grid,0,2,42,dist_class2,331.0,224.0
10,prac2_conj,conj_grid,0,2,43,dist_class1,-320.0,324.0
10,prac2_conj,conj_grid,0,2,44,dist_class1,-229.0,310.0
10,prac2_conj,conj_grid,0,2,45,targ_class2,-95.0,338.0
10,prac2_conj,conj_grid,0,2,46,dist_class1,1.0,319.0
10,prac2_conj,conj_grid,0,2,47,dist_class2,130.0,313.0
10,prac2_conj,conj_grid,0,2,48,dist_class1,225.0,318.0
10,prac2_conj,conj_grid,0,2,49,targ_class2,326.0,335.0
10,prac2_conj,conj_grid,0,3,1,dist_class2,-329.0,-318.0
10,prac2_conj,conj_grid,0,3,2,dist_class1,-231.0,-310.0
10,prac2_conj,conj_grid,0,3,3,dist_class1,-95.0,-320.0
10,prac2_conj,conj_grid,0,3,4,targ_class1,0.0,-343.0
10,prac2_conj,conj_grid,0,3,5,targ_class1,130.0,-327.0
10,prac2_conj,conj_grid,0,3,6,dist_class2,205.0,-325.0
10,prac2_conj,conj_grid,0,3,7,dist_class1,320.0,-320.0
10,prac2_conj,conj_grid,0,3,8,dist_class1,-330.0,-218.0
10,prac2_conj,conj_grid,0,3,9,dist_class2,-229.0,-205.0
10,prac2_conj,conj_grid,0,3,10,targ_class2,-94.0,-210.0
10,prac2_conj,conj_grid,0,3,11,targ_class1,8.0,-219.0
10,prac2_conj,conj_grid,0,3,12,targ_class2,122.0,-209.0
10,prac2_conj,conj_grid,0,3,13,dist_class2,239.0,-214.0
10,prac2_conj,conj_grid,0,3,14,dist_class2,310.0,-227.0
10,prac2_conj,conj_grid,0,3,15,targ_class2,-335.0,-113.0
10,prac2_conj,conj_grid,0,3,16,dist_class1,-204.0,-109.0
10,prac2_conj,conj_grid,0,3,17,dist_class2,-101.0,-101.0
10,prac2_conj,conj_grid,0,3,18,targ_class2,-8.0,-101.0
10,prac2_conj,conj_grid,0,3,19,targ_class1,119.0,-119.0
10,prac2_conj,conj_grid,0,3,20,dist_class2,211.0,-103.0
10,prac2_conj,conj_grid,0,3,21,dist_class2,334.0,-120.0
10,prac2_conj,conj_grid,0,3,22,targ_class1,-314.0,1.0
10,prac2_conj,conj_grid,0,3,23,targ_class2,-208.0,11.0
10,prac2_conj,conj_grid,0,3,24,dist_class1,-114.0,-3.0
10,prac2_conj,conj_grid,0,3,25,dist_class2,-3.0,1.0
10,prac2_conj,conj_grid,0,3,26,dist_class1,112.0,0.0
10,prac2_conj,conj_grid,0,3,27,targ_class2,229.0,17.0
10,prac2_conj,conj_grid,0,3,28,dist_class1,316.0,-4.0
10,prac2_conj,conj_grid,0,3,29,dist_class1,-319.0,120.0
10,prac2_conj,conj_grid,0,3,30,dist_class1,-196.0,107.0
10,prac2_conj,conj_grid,0,3,31,targ_class1,-106.0,108.0
10,prac2_conj,conj_grid,0,3,32,targ_class2,-4.0,126.0
10,prac2_conj,conj_grid,0,3,33,targ_class1,105.0,108.0
10,prac2_conj,conj_grid,0,3,34,dist_class1,208.0,101.0
10,prac2_conj,conj_grid,0,3,35,targ_class1,327.0,96.0
10,prac2_conj,conj_grid,0,3,36,targ_class2,-321.0,225.0
10,prac2_conj,conj_grid,0,3,37,dist_class2,-216.0,222.0
10,prac2_conj,conj_grid,0,3,38,dist_class2,-106.0,204.0
10,prac2_conj,conj_grid,0,3,39,targ_class1,18.0,219.0
10,prac2_conj,conj_grid,0,3,40,dist_class2,101.0,218.0
10,prac2_conj,conj_grid,0,3,41,targ_class1,218.0,204.0
10,prac2_conj,conj_grid,0,3,42,targ_class2,325.0,220.0
10,prac2_conj,conj_grid,0,3,43,targ_class1,-313.0,332.0
10,prac2_conj,conj_grid,0,3,44,targ_class1,-211.0,308.0
10,prac2_conj,conj_grid,0,3,45,targ_class2,-87.0,326.0
10,prac2_conj,conj_grid,0,3,46,targ_class2,19.0,334.0
10,prac2_conj,conj_grid,0,3,47,dist_class1,106.0,317.0
10,prac2_conj,conj_grid,0,3,48,targ_class2,217.0,309.0
10,prac2_conj,conj_grid,0,3,49,dist_class2,312.0,331.0
10,prac2_conj,conj_grid,1,1,1,dist_class1,-325.0,-321.0
10,prac2_conj,conj_grid,1,1,2,dist_class1,-212.0,-325.0
10,prac2_conj,conj_grid,1,1,3,targ_class2,-109.0,-324.0
10,prac2_conj,conj_grid,1,1,4,dist_class1,3.0,-317.0
10,prac2_conj,conj_grid,1,1,5,dist_class1,112.0,-312.0
10,prac2_conj,conj_grid,1,1,6,dist_class1,215.0,-328.0
10,prac2_conj,conj_grid,1,1,7,dist_class2,322.0,-322.0
10,prac2_conj,conj_grid,1,1,8,dist_class2,-330.0,-230.0
10,prac2_conj,conj_grid,1,1,9,targ_class1,-219.0,-203.0
10,prac2_conj,conj_grid,1,1,10,dist_class2,-106.0,-205.0
10,prac2_conj,conj_grid,1,1,11,dist_class1,5.0,-201.0
10,prac2_conj,conj_grid,1,1,12,targ_class2,111.0,-200.0
10,prac2_conj,conj_grid,1,1,13,targ_class2,209.0,-220.0
10,prac2_conj,conj_grid,1,1,14,targ_class2,334.0,-231.0
10,prac2_conj,conj_grid,1,1,15,dist_class1,-325.0,-121.0
10,prac2_conj,conj_grid,1,1,16,dist_class2,-202.0,-91.0
10,prac2_conj,conj_grid,1,1,17,targ_class1,-111.0,-111.0
10,prac2_conj,conj_grid,1,1,18,dist_class2,2.0,-106.0
10,prac2_conj,conj_grid,1,1,19,targ_class2,116.0,-106.0
10,prac2_conj,conj_grid,1,1,20,targ_class2,214.0,-97.0
10,prac2_conj,conj_grid,1,1,21,dist_class1,317.0,-109.0
10,prac2_conj,conj_grid,1,1,22,targ_class1,-312.0,-4.0
10,prac2_conj,conj_grid,1,1,23,targ_class1,-220.0,18.0
10,prac2_conj,conj_grid,1,1,24,dist_class2,-111.0,10.0
10,prac2_conj,conj_grid,1,1,25,targ_class1,5.0,1.0
10,prac2_conj,conj_grid,1,1,26,dist_class2,119.0,-7.0
10,prac2_conj,conj_grid,1,1,27,targ_class1,220.0,-6.0
10,prac2_conj,conj_grid,1,1,28,targ_class1,342.0,16.0
10,prac2_conj,conj_grid,1,1,29,targ_class2,-346.0,102.0
10,prac2_conj,conj_grid,1,1,30,dist_class1,-239.0,105.0
10,prac2_conj,conj_grid,1,1,31,targ_class2,-112.0,112.0
10,prac2_conj,conj_grid,1,1,32,dist_class1,-8.0,110.0
10,prac2_conj,conj_grid,1,1,33,targ_class1,112.0,124.0
10,prac2_conj,conj_grid,1,1,34,dist_class2,203.0,108.0
10,prac2_conj,conj_grid,1,1,35,targ_class1,325.0,125.0
10,prac2_conj,conj_grid,1,1,36,targ_class2,-291.0,232.0
10,prac2_conj,conj_grid,1,1,37,targ_class2,-214.0,208.0
10,prac2_conj,conj_grid,1,1,38,dist_class1,-89.0,217.0
10,prac2_conj,conj_grid,1,1,39,dist_class2,3.0,215.0
10,prac2_conj,conj_grid,1,1,40,dist_class1,94.0,225.0
10,prac2_conj,conj_grid,1,1,41,targ_class2,222.0,197.0
10,prac2_conj,conj_grid,1,1,42,targ_class1,328.0,210.0
10,prac2_conj,conj_grid,1,1,43,dist_class2,-309.0,314.0
10,prac2_conj,conj_grid,1,1,44,targ_class1,-198.0,322.0
10,prac2_conj,conj_grid,1,1,45,targ_class1,-118.0,329.0
10,prac2_conj,conj_grid,1,1,46,dist_class2,-27.0,332.0
10,prac2_conj,conj_grid,1,1,47,dist_class2,98.0,321.0
10,prac2_conj,conj_grid,1,1,48,dist_class2,215.0,310.0
10,prac2_conj,conj_grid,1,1,49,targ_class2,322.0,327.0
10,conjunction_blocks,conj_grid,0,1,1,dist_class1,-339.0,-319.0
10,conjunction_blocks,conj_grid,0,1,2,dist_class1,-204.0,-323.0
10,conjunction_blocks,conj_grid,0,1,3,dist_class2,-122.0,-330.0
10,conjunction_blocks,conj_grid,0,1,4,dist_class2,1.0,-318.0
10,conjunction_blocks,conj_grid,0,1,5,dist_class1,133.0,-344.0
10,conjunction_blocks,conj_grid,0,1,6,dist_class1,217.0,-292.0
10,conjunction_blocks,conj_grid,0,1,7,targ_class1,342.0,-321.0
10,conjunction_blocks,conj_grid,0,1,8,targ_class1,-309.0,-220.0
10,conjunction_blocks,conj_grid,0,1,9,targ_class1,-220.0,-216.0
10,conjunction_blocks,conj_grid,0,1,10,targ_class2,-120.0,-221.0
10,conjunction_blocks,conj_grid,0,1,11,targ_class2,10.0,-217.0
10,conjunction_blocks,conj_grid,0,1,12,dist_class1,124.0,-223.0
10,conjunction_blocks,conj_grid,0,1,13,targ_class2,212.0,-200.0
10,conjunction_blocks,conj_grid,0,1,14,dist_class1,320.0,-204.0
10,conjunction_blocks,conj_grid,0,1,15,targ_class2,-324.0,-97.0
10,conjunction_blocks,conj_grid,0,1,16,dist_class2,-235.0,-111.0
10,conjunction_blocks,conj_grid,0,1,17,dist_class2,-107.0,-111.0
10,conjunction_blocks,conj_grid,0,1,18,dist_class2,7.0,-102.0
10,conjunction_blocks,conj_grid,0,1,19,dist_class1,121.0,-92.0
10,conjunction_blocks,conj_grid,0,1,20,targ_class1,216.0,-109.0
10,conjunction_blocks,conj_grid,0,1,21,dist_class2,321.0,-112.0
10,conjunction_blocks,conj_grid,0,1,22,dist_class1,-332.0,-9.0
10,conjunction_blocks,conj_grid,0,1,23,dist_class2,-214.0,15.0
10,conjunction_blocks,conj_grid,0,1,24,dist_class2,-105.0,9.0
10,conjunction_blocks,conj_grid,0,1,25,targ_class2,5.0,-10.0
10,conjunction_blocks,conj_grid,0,1,26,targ_class2,106.0,-2.0
10,conjunction_blocks,conj_grid,0,1,27,dist_class1,209.0,-14.0
10,conjunction_blocks,conj_grid,0,1,28,dist_class2,333.0,-6.0
10,conjunction_blocks,conj_grid,0,1,29,targ_class1,-326.0,103.0
10,conjunction_blocks,conj_grid,0,1,30,dist_class2,-214.0,104.0
10,conjunction_blocks,conj_grid,0,1,31,targ_class1,-107.0,108.0
10,conjunction_blocks,conj_grid,0,1,32,targ_class2,-12.0,104.0
10,conjunction_blocks,conj_grid,0,1,33,dist_class2,120.0,112.0
10,conjunction_blocks,conj_grid,0,1,34,targ_class2,216.0,111.0
10,conjunction_blocks,conj_grid,0,1,35,dist_class2,336.0,100.0
10,conjunction_blocks,conj_grid,0,1,36,targ_class2,-335.0,210.0
10,conjunction_blocks,conj_grid,0,1,37,dist_class1,-219.0,216.0
10,conjunction_blocks,conj_grid,0,1,38,targ_class1,-92.0,216.0
10,conjunction_blocks,conj_grid,0,1,39,targ_class1,-5.0,207.0
10,conjunction_blocks,conj_grid,0,1,40,dist_class1,102.0,203.0
10,conjunction_blocks,conj_grid,0,1,41,targ_class2,200.0,215.0
10,conjunction_blocks,conj_grid,0,1,42,targ_class2,343.0,211.0
10,conjunction_blocks,conj_grid,0,1,43,dist_class2,-330.0,331.0
10,conjunction_blocks,conj_grid,0,1,44,targ_class2,-209.0,341.0
10,conjunction_blocks,conj_grid,0,1,45,targ_class1,-107.0,326.0
10,conjunction_blocks,conj_grid,0,1,46,targ_class1,-4.0,333.0
10,conjunction_blocks,conj_grid,0,1,47,targ_class1,105.0,328.0
10,conjunction_blocks,conj_grid,0,1,48,targ_class1,212.0,333.0
10,conjunction_blocks,conj_grid,0,1,49,dist_class1,341.0,320.0
10,conjunction_blocks,conj_rot,0,1,1,dist_class2,5.0,-430.0
10,conjunction_blocks,conj_rot,0,1,2,dist_class2,71.0,-382.0
10,conjunction_blocks,conj_rot,0,1,3,targ_class1,145.0,-304.0
10,conjunction_blocks,conj_rot,0,1,4,targ_class2,223.0,-226.0
10,conjunction_blocks,conj_rot,0,1,5,targ_class2,290.0,-141.0
10,conjunction_blocks,conj_rot,0,1,6,dist_class1,375.0,-97.0
10,conjunction_blocks,conj_rot,0,1,7,targ_class2,449.0,3.0
10,conjunction_blocks,conj_rot,0,1,8,dist_class2,-81.0,-395.0
10,conjunction_blocks,conj_rot,0,1,9,dist_class1,2.0,-316.0
10,conjunction_blocks,conj_rot,0,1,10,targ_class2,88.0,-225.0
10,conjunction_blocks,conj_rot,0,1,11,dist_class2,166.0,-168.0
10,conjunction_blocks,conj_rot,0,1,12,targ_class2,243.0,-91.0
10,conjunction_blocks,conj_rot,0,1,13,dist_class2,310.0,-13.0
10,conjunction_blocks,conj_rot,0,1,14,dist_class2,378.0,57.0
10,conjunction_blocks,conj_rot,0,1,15,targ_class2,-155.0,-314.0
10,conjunction_blocks,conj_rot,0,1,16,targ_class2,-55.0,-231.0
10,conjunction_blocks,conj_rot,0,1,17,targ_class1,-9.0,-138.0
10,conjunction_blocks,conj_rot,0,1,18,dist_class2,72.0,-75.0
10,conjunction_blocks,conj_rot,0,1,19,dist_class1,163.0,11.0
10,conjunction_blocks,conj_rot,0,1,20,dist_class2,220.0,69.0
10,conjunction_blocks,conj_rot,0,1,21,targ_class1,295.0,154.0
10,conjunction_blocks,conj_rot,0,1,22,targ_class1,-242.0,-213.0
10,conjunction_blocks,conj_rot,0,1,23,targ_class2,-148.0,-159.0
10,conjunction_blocks,conj_rot,0,1,24,targ_class2,-96.0,-96.0
10,conjunction_blocks,conj_rot,0,1,25,targ_class2,-19.0,-18.0
10,conjunction_blocks,conj_rot,0,1,26,dist_class2,64.0,84.0
10,conjunction_blocks,conj_rot,0,1,27,dist_class1,155.0,152.0
10,conjunction_blocks,conj_rot,0,1,28,targ_class1,236.0,223.0
10,conjunction_blocks,conj_rot,0,1,29,dist_class1,-299.0,-150.0
10,conjunction_blocks,conj_rot,0,1,30,targ_class1,-221.0,-73.0
10,conjunction_blocks,conj_rot,0,1,31,targ_class2,-145.0,-3.0
10,conjunction_blocks,conj_rot,0,1,32,targ_class1,-76.0,79.0
10,conjunction_blocks,conj_rot,0,1,33,targ_class2,1.0,160.0
10,conjunction_blocks,conj_rot,0,1,34,dist_class2,79.0,217.0
10,conjunction_blocks,conj_rot,0,1,35,dist_class1,150.0,292.0
10,conjunction_blocks,conj_rot,0,1,36,dist_class1,-382.0,-72.0
10,conjunction_blocks,conj_rot,0,1,37,dist_class1,-306.0,0.0
10,conjunction_blocks,conj_rot,0,1,38,targ_class1,-217.0,71.0
10,conjunction_blocks,conj_rot,0,1,39,dist_class1,-138.0,154.0
10,conjunction_blocks,conj_rot,0,1,40,dist_class2,-63.0,230.0
10,conjunction_blocks,conj_rot,0,1,41,dist_class1,-10.0,306.0
10,conjunction_blocks,conj_rot,0,1,42,targ_class1,65.0,367.0
10,conjunction_blocks,conj_rot,0,1,43,dist_class2,-462.0,-0.0
10,conjunction_blocks,conj_rot,0,1,44,dist_class2,-387.0,80.0
10,conjunction_blocks,conj_rot,0,1,45,dist_class1,-298.0,171.0
10,conjunction_blocks,conj_rot,0,1,46,dist_class1,-233.0,252.0
10,conjunction_blocks,conj_rot,0,1,47,targ_class1,-151.0,295.0
10,conjunction_blocks,conj_rot,0,1,48,targ_class1,-85.0,359.0
10,conjunction_blocks,conj_rot,0,1,49,targ_class1,19.0,468.0
10,conjunction_blocks,conj_uni,4,1,1,dist_class1,-115.0,155.0
10,conjunction_blocks,conj_uni,4,1,2,dist_class2,371.0,316.0
10,conjunction_blocks,conj_uni,4,1,3,targ_class2,-188.0,-186.0
10,conjunction_blocks,conj_uni,4,1,4,dist_class1,-185.0,-22.0
10,conjunction_blocks,conj_uni,4,1,5,dist_class1,3.0,326.0
10,conjunction_blocks,conj_uni,4,1,6,targ_class2,289.0,17.0
10,conjunction_blocks,conj_uni,4,1,7,targ_class2,37.0,-65.0
10,conjunction_blocks,conj_uni,4,1,8,dist_class2,-272.0,165.0
10,conjunction_blocks,conj_uni,4,1,9,targ_class1,-250.0,113.0
10,conjunction_blocks,conj_uni,4,1,10,dist_class1,40.0,11.0
10,conjunction_blocks,conj_uni,4,1,11,targ_class2,-300.0,213.0
10,conjunction_blocks,conj_uni,4,1,12,targ_class2,-158.0,-347.0
10,conjunction_blocks,conj_uni,4,1,13,dist_class2,-229.0,288.0
10,conjunction_blocks,conj_uni,4,1,14,targ_class2,219.0,63.0
10,conjunction_blocks,conj_uni,4,1,15,targ_class1,-53.0,327.0
10,conjunction_blocks,conj_uni,4,1,16,dist_class1,-140.0,104.0
10,conjunction_blocks,conj_uni,4,1,17,targ_class1,113.0,-329.0
10,conjunction_blocks,conj_uni,4,1,18,targ_class1,233.0,-299.0
10,conjunction_blocks,conj_uni,4,1,19,targ_class1,-132.0,-185.0
10,conjunction_blocks,conj_uni,4,1,20,targ_class2,-210.0,153.0
10,conjunction_blocks,conj_uni,4,1,21,dist_class2,268.0,129.0
10,conjunction_blocks,conj_uni,4,1,22,dist_class1,-62.0,131.0
10,conjunction_blocks,conj_uni,4,1,23,targ_class1,88.0,-229.0
10,conjunction_blocks,conj_uni,4,1,24,dist_class1,255.0,228.0
10,conjunction_blocks,conj_uni,4,1,25,targ_class1,80.0,-284.0
10,conjunction_blocks,conj_uni,4,1,26,targ_class2,274.0,72.0
10,conjunction_blocks,conj_uni,4,1,27,dist_class2,218.0,-354.0
10,conjunction_blocks,conj_uni,4,1,28,dist_class2,334.0,245.0
10,conjunction_blocks,conj_uni,4,1,29,dist_class1,-10.0,155.0
10,conjunction_blocks,conj_uni,4,1,30,dist_class2,277.0,344.0
10,conjunction_blocks,conj_uni,4,1,31,dist_class1,-329.0,-155.0
10,conjunction_blocks,conj_uni,4,1,32,dist_class2,-312.0,116.0
10,conjunction_blocks,conj_uni,4,1,33,targ_class1,-107.0,-118.0
10,conjunction_blocks,conj_uni,4,1,34,dist_class2,152.0,-12.0
10,conjunction_blocks,conj_uni,4,1,35,targ_class2,329.0,65.0
10,conjunction_blocks,conj_uni,4,1,36,dist_class1,202.0,-216.0
10,conjunction_blocks,conj_uni,4,1,37,dist_class2,-10.0,211.0
10,conjunction_blocks,conj_uni,4,1,38,dist_class2,346.0,-219.0
10,conjunction_blocks,conj_uni,4,1,39,targ_class2,317.0,298.0
10,conjunction_blocks,conj_uni,4,1,40,dist_class1,211.0,120.0
10,conjunction_blocks,conj_uni,4,1,41,targ_class2,191.0,287.0
10,conjunction_blocks,conj_uni,4,1,42,targ_class1,267.0,-77.0
10,conjunction_blocks,conj_uni,4,1,43,dist_class2,-68.0,187.0
10,conjunction_blocks,conj_uni,4,1,44,targ_class1,222.0,334.0
10,conjunction_blocks,conj_uni,4,1,45,dist_class2,-313.0,-263.0
10,conjunction_blocks,conj_uni,4,1,46,targ_class1,12.0,-299.0
10,conjunction_blocks,conj_uni,4,1,47,targ_class2,-29.0,-182.0
10,conjunction_blocks,conj_uni,4,1,48,dist_class1,138.0,-378.0
10,conjunction_blocks,conj_uni,4,1,49,targ_class1,26.0,-207.0
10,conjunction_blocks,conj_uni,4,2,1,targ_class1,313.0,-99.0
10,conjunction_blocks,conj_uni,4,2,2,targ_class1,-269.0,-148.0
10,conjunction_blocks,conj_uni,4,2,3,targ_class2,-89.0,264.0
10,conjunction_blocks,conj_uni,4,2,4,dist_class2,-180.0,-7.0
10,conjunction_blocks,conj_uni,4,2,5,dist_class2,171.0,-22.0
10,conjunction_blocks,conj_uni,4,2,6,targ_class1,227.0,-27.0
10,conjunction_blocks,conj_uni,4,2,7,dist_class1,-151.0,316.0
10,conjunction_blocks,conj_uni,4,2,8,dist_class2,37.0,-248.0
10,conjunction_blocks,conj_uni,4,2,9,dist_class2,84.0,-155.0
10,conjunction_blocks,conj_uni,4,2,10,dist_class2,-76.0,-45.0
10,conjunction_blocks,conj_uni,4,2,11,dist_class1,320.0,-169.0
10,conjunction_blocks,conj_uni,4,2,12,dist_class1,-244.0,358.0
10,conjunction_blocks,conj_uni,4,2,13,dist_class1,-186.0,-344.0
10,conjunction_blocks,conj_uni,4,2,14,targ_class2,73.0,-2.0
10,conjunction_blocks,conj_uni,4,2,15,targ_class1,241.0,-258.0
10,conjunction_blocks,conj_uni,4,2,16,targ_class1,-342.0,325.0
10,conjunction_blocks,conj_uni,4,2,17,dist_class1,133.0,-182.0
10,conjunction_blocks,conj_uni,4,2,18,dist_class2,293.0,350.0
10,conjunction_blocks,conj_uni,4,2,19,targ_class2,172.0,-124.0
10,conjunction_blocks,conj_uni,4,2,20,targ_class2,85.0,112.0
10,conjunction_blocks,conj_uni,4,2,21,targ_class1,231.0,146.0
10,conjunction_blocks,conj_uni,4,2,22,targ_class2,-276.0,278.0
10,conjunction_blocks,conj_uni,4,2,23,targ_class1,258.0,237.0
10,conjunction_blocks,conj_uni,4,2,24,dist_class2,134.0,237.0
10,conjunction_blocks,conj_uni,4,2,25,dist_class2,-18.0,-321.0
10,conjunction_blocks,conj_uni,4,2,26,targ_class2,320.0,219.0
10,conjunction_blocks,conj_uni,4,2,27,dist_class1,29.0,265.0
10,conjunction_blocks,conj_uni,4,2,28,targ_class2,194.0,-72.0
10,conjunction_blocks,conj_uni,4,2,29,dist_class2,-309.0,-204.0
10,conjunction_blocks,conj_uni,4,2,30,targ_class1,-252.0,-204.0
10,conjunction_blocks,conj_uni,4,2,31,dist_class1,237.0,-109.0
10,conjunction_blocks,conj_uni,4,2,32,targ_class2,118.0,-38.0
10,conjunction_blocks,conj_uni,4,2,33,targ_class2,-70.0,-187.0
10,conjunction_blocks,conj_uni,4,2,34,dist_class1,195.0,93.0
10,conjunction_blocks,conj_uni,4,2,35,dist_class1,149.0,162.0
10,conjunction_blocks,conj_uni,4,2,36,targ_class1,-341.0,270.0
10,conjunction_blocks,conj_uni,4,2,37,targ_class1,130.0,52.0
10,conjunction_blocks,conj_uni,4,2,38,dist_class1,140.0,107.0
10,conjunction_blocks,conj_uni,4,2,39,targ_class2,-39.0,12.0
10,conjunction_blocks,conj_uni,4,2,40,targ_class1,-139.0,-176.0
10,conjunction_blocks,conj_uni,4,2,41,targ_class2,-337.0,-41.0
10,conjunction_blocks,conj_uni,4,2,42,dist_class2,45.0,46.0
10,conjunction_blocks,conj_uni,4,2,43,dist_class1,-90.0,-291.0
10,conjunction_blocks,conj_uni,4,2,44,dist_class2,-323.0,378.0
10,conjunction_blocks,conj_uni,4,2,45,dist_class2,-132.0,149.0
10,conjunction_blocks,conj_uni,4,2,46,targ_class1,77.0,237.0
10,conjunction_blocks,conj_uni,4,2,47,dist_class2,-61.0,-100.0
10,conjunction_blocks,conj_uni,4,2,48,targ_class2,313.0,295.0
10,conjunction_blocks,conj_uni,4,2,49,dist_class1,276.0,-2.0
10,conjunction_blocks,conj_uni,2,1,1,targ_class2,270.0,-35.0
10,conjunction_blocks,conj_uni,2,1,2,dist_class1,-293.0,-124.0
10,conjunction_blocks,conj_uni,2,1,3,dist_class2,265.0,-172.0
10,conjunction_blocks,conj_uni,2,1,4,targ_class2,24.0,101.0
10,conjunction_blocks,conj_uni,2,1,5,dist_class2,278.0,-117.0
10,conjunction_blocks,conj_uni,2,1,6,dist_class1,-188.0,-26.0
10,conjunction_blocks,conj_uni,2,1,7,dist_class2,-326.0,143.0
10,conjunction_blocks,conj_uni,2,1,8,dist_class1,97.0,-58.0
10,conjunction_blocks,conj_uni,2,1,9,dist_class2,-4.0,206.0
10,conjunction_blocks,conj_uni,2,1,10,dist_class2,138.0,37.0
10,conjunction_blocks,conj_uni,2,1,11,targ_class2,-289.0,52.0
10,conjunction_blocks,conj_uni,2,1,12,targ_class1,-307.0,-69.0
10,conjunction_blocks,conj_uni,2,1,13,dist_class2,-27.0,-216.0
10,conjunction_blocks,conj_uni,2,1,14,targ_class1,-260.0,369.0
10,conjunction_blocks,conj_uni,2,1,15,targ_class2,348.0,51.0
10,conjunction_blocks,conj_uni,2,1,16,dist_class1,-34.0,158.0
10,conjunction_blocks,conj_uni,2,1,17,dist_class1,-94.0,54.0
10,conjunction_blocks,conj_uni,2,1,18,dist_class1,334.0,-110.0
10,conjunction_blocks,conj_uni,2,1,19,dist_class1,-340.0,-156.0
10,conjunction_blocks,conj_uni,2,1,20,targ_class1,-185.0,-193.0
10,conjunction_blocks,conj_uni,2,1,21,targ_class1,224.0,33.0
10,conjunction_blocks,conj_uni,2,1,22,targ_class1,69.0,-254.0
10,conjunction_blocks,conj_uni,2,1,23,targ_class2,322.0,-55.0
10,conjunction_blocks,conj_uni,2,1,24,dist_class2,31.0,-119.0
10,conjunction_blocks,conj_uni,2,1,25,targ_class2,-236.0,37.0
10,conjunction_blocks,conj_uni,2,1,26,dist_class1,-134.0,-272.0
10,conjunction_blocks,conj_uni,2,1,27,dist_class2,52.0,203.0
10,conjunction_blocks,conj_uni,2,1,28,dist_class1,177.0,-103.0
10,conjunction_blocks,conj_uni,2,1,29,dist_class2,115.0,344.0
10,conjunction_blocks,conj_uni,2,1,30,targ_class1,311.0,154.0
10,conjunction_blocks,conj_uni,2,1,31,targ_class1,-269.0,237.0
10,conjunction_blocks,conj_uni,2,1,32,dist_class2,123.0,-323.0
10,conjunction_blocks,conj_uni,2,1,33,targ_class2,-23.0,318.0
10,conjunction_blocks,conj_uni,2,1,34,dist_class1,-342.0,34.0
10,conjunction_blocks,conj_uni,2,1,35,targ_class2,-121.0,-87.0
10,conjunction_blocks,conj_uni,2,1,36,targ_class1,97.0,-115.0
10,conjunction_blocks,conj_uni,2,1,37,dist_class2,-15.0,-87.0
10,conjunction_blocks,conj_uni,2,1,38,targ_class1,-131.0,-32.0
10,conjunction_blocks,conj_uni,2,1,39,dist_class1,-274.0,315.0
10,conjunction_blocks,conj_uni,2,1,40,targ_class1,267.0,70.0
10,conjunction_blocks,conj_uni,2,1,41,dist_class1,-221.0,-138.0
10,conjunction_blocks,conj_uni,2,1,42,targ_class2,133.0,222.0
10,conjunction_blocks,conj_uni,2,1,43,targ_class1,101.0,176.0
10,conjunction_blocks,conj_uni,2,1,44,targ_class2,32.0,-296.0
10,conjunction_blocks,conj_uni,2,1,45,targ_class2,-335.0,-21.0
10,conjunction_blocks,conj_uni,2,1,46,targ_class2,-4.0,-32.0
10,conjunction_blocks,conj_uni,2,1,47,dist_class2,-265.0,-174.0
10,conjunction_blocks,conj_uni,2,1,48,dist_class2,365.0,171.0
10,conjunction_blocks,conj_uni,2,1,49,targ_class1,-59.0,-17.0
10,conjunction_blocks,conj_uni,0,1,1,targ_class1,128.0,-336.0
10,conjunction_blocks,conj_uni,0,1,2,dist_class1,344.0,-163.0
10,conjunction_blocks,conj_uni,0,1,3,targ_class1,-82.0,228.0
10,conjunction_blocks,conj_uni,0,1,4,dist_class1,-153.0,-303.0
10,conjunction_blocks,conj_uni,0,1,5,dist_class1,83.0,138.0
10,conjunction_blocks,conj_uni,0,1,6,dist_class2,123.0,21.0
10,conjunction_blocks,conj_uni,0,1,7,dist_class1,-156.0,-153.0
10,conjunction_blocks,conj_uni,0,1,8,dist_class2,-196.0,-4.0
10,conjunction_blocks,conj_uni,0,1,9,targ_class2,-75.0,131.0
10,conjunction_blocks,conj_uni,0,1,10,targ_class1,57.0,-163.0
10,conjunction_blocks,conj_uni,0,1,11,targ_class1,289.0,-122.0
10,conjunction_blocks,conj_uni,0,1,12,targ_class1,-8.0,-166.0
10,conjunction_blocks,conj_uni,0,1,13,targ_class1,11.0,-49.0
10,conjunction_blocks,conj_uni,0,1,14,targ_class1,-108.0,296.0
10,conjunction_blocks,conj_uni,0,1,15,targ_class1,93.0,278.0
10,conjunction_blocks,conj_uni,0,1,16,dist_class2,298.0,-195.0
10,conjunction_blocks,conj_uni,0,1,17,dist_class2,233.0,-17.0
10,conjunction_blocks,conj_uni,0,1,18,targ_class2,-308.0,-257.0
10,conjunction_blocks,conj_uni,0,1,19,targ_class1,88.0,-108.0
10,conjunction_blocks,conj_uni,0,1,20,dist_class1,20.0,-118.0
10,conjunction_blocks,conj_uni,0,1,21,dist_class2,5.0,215.0
10,conjunction_blocks,conj_uni,0,1,22,dist_class2,224.0,-303.0
10,conjunction_blocks,conj_uni,0,1,23,targ_class2,-32.0,-220.0
10,conjunction_blocks,conj_uni,0,1,24,targ_class1,-223.0,-282.0
10,conjunction_blocks,conj_uni,0,1,25,dist_class2,184.0,64.0
10,conjunction_blocks,conj_uni,0,1,26,targ_class2,46.0,94.0
10,conjunction_blocks,conj_uni,0,1,27,dist_class2,-214.0,-173.0
10,conjunction_blocks,conj_uni,0,1,28,dist_class1,44.0,-285.0
10,conjunction_blocks,conj_uni,0,1,29,targ_class2,210.0,113.0
10,conjunction_blocks,conj_uni,0,1,30,dist_class2,57.0,235.0
10,conjunction_blocks,conj_uni,0,1,31,targ_class2,-317.0,-79.0
10,conjunction_blocks,conj_uni,0,1,32,dist_class2,233.0,203.0
10,conjunction_blocks,conj_uni,0,1,33,dist_class2,175.0,207.0
10,conjunction_blocks,conj_uni,0,1,34,dist_class1,-217.0,159.0
10,conjunction_blocks,conj_uni,0,1,35,dist_class2,-20.0,145.0
10,conjunction_blocks,conj_uni,0,1,36,targ_class1,337.0,151.0
10,conjunction_blocks,conj_uni,0,1,37,targ_class1,117.0,82.0
10,conjunction_blocks,conj_uni,0,1,38,dist_class1,173.0,-115.0
10,conjunction_blocks,conj_uni,0,1,39,dist_class1,183.0,8.0
10,conjunction_blocks,conj_uni,0,1,40,targ_class2,-276.0,209.0
10,conjunction_blocks,conj_uni,0,1,41,dist_class1,105.0,208.0
10,conjunction_blocks,conj_uni,0,1,42,targ_class2,-34.0,23.0
10,conjunction_blocks,conj_uni,0,1,43,dist_class1,-126.0,-253.0
10,conjunction_blocks,conj_uni,0,1,44,dist_class1,155.0,-40.0
10,conjunction_blocks,conj_uni,0,1,45,targ_class2,-43.0,-32.0
10,conjunction_blocks,conj_uni,0,1,46,targ_class2,-296.0,26.0
10,conjunction_blocks,conj_uni,0,1,47,targ_class2,-30.0,-91.0
10,conjunction_blocks,conj_uni,0,1,48,dist_class2,343.0,-108.0
10,conjunction_blocks,conj_uni,0,1,49,targ_class2,100.0,-241.0
10,conjunction_blocks,conj_rot,4,1,1,targ_class1,11.0,-463.0
10,conjunction_blocks,conj_rot,4,1,2,targ_class2,67.0,-390.0
10,conjunction_blocks,conj_rot,4,1,3,targ_class2,162.0,-309.0
10,conjunction_blocks,conj_rot,4,1,4,dist_class2,240.0,-202.0
10,conjunction_blocks,conj_rot,4,1,5,dist_class2,298.0,-157.0
10,conjunction_blocks,conj_rot,4,1,6,targ_class1,373.0,-73.0
10,conjunction_blocks,conj_rot,4,1,7,dist_class2,454.0,-19.0
10,conjunction_blocks,conj_rot,4,1,8,targ_class1,-83.0,-393.0
10,conjunction_blocks,conj_rot,4,1,9,targ_class1,-3.0,-303.0
10,conjunction_blocks,conj_rot,4,1,10,targ_class1,53.0,-226.0
10,conjunction_blocks,conj_rot,4,1,11,dist_class2,160.0,-155.0
10,conjunction_blocks,conj_rot,4,1,12,dist_class1,230.0,-79.0
10,conjunction_blocks,conj_rot,4,1,13,targ_class2,300.0,2.0
10,conjunction_blocks,conj_rot,4,1,14,targ_class1,406.0,61.0
10,conjunction_blocks,conj_rot,4,1,15,dist_class1,-150.0,-311.0
10,conjunction_blocks,conj_rot,4,1,16,dist_class2,-78.0,-219.0
10,conjunction_blocks,conj_rot,4,1,17,dist_class2,-6.0,-172.0
10,conjunction_blocks,conj_rot,4,1,18,targ_class1,77.0,-78.0
10,conjunction_blocks,conj_rot,4,1,19,targ_class2,151.0,-19.0
10,conjunction_blocks,conj_rot,4,1,20,targ_class1,216.0,72.0
10,conjunction_blocks,conj_rot,4,1,21,dist_class1,312.0,163.0
10,conjunction_blocks,conj_rot,4,1,22,targ_class2,-239.0,-236.0
10,conjunction_blocks,conj_rot,4,1,23,dist_class2,-134.0,-164.0
10,conjunction_blocks,conj_rot,4,1,24,dist_class1,-82.0,-84.0
10,conjunction_blocks,conj_rot,4,1,25,targ_class2,0.0,7.0
10,conjunction_blocks,conj_rot,4,1,26,targ_class1,82.0,68.0
10,conjunction_blocks,conj_rot,4,1,27,targ_class2,157.0,179.0
10,conjunction_blocks,conj_rot,4,1,28,targ_class1,210.0,232.0
10,conjunction_blocks,conj_rot,4,1,29,dist_class1,-291.0,-140.0
10,conjunction_blocks,conj_rot,4,1,30,targ_class2,-226.0,-86.0
10,conjunction_blocks,conj_rot,4,1,31,targ_class1,-146.0,-12.0
10,conjunction_blocks,conj_rot,4,1,32,targ_class1,-100.0,70.0
10,conjunction_blocks,conj_rot,4,1,33,dist_class2,5.0,138.0
10,conjunction_blocks,conj_rot,4,1,34,targ_class2,71.0,217.0
10,conjunction_blocks,conj_rot,4,1,35,targ_class2,150.0,302.0
10,conjunction_blocks,conj_rot,4,1,36,targ_class2,-372.0,-72.0
10,conjunction_blocks,conj_rot,4,1,37,dist_class1,-298.0,2.0
10,conjunction_blocks,conj_rot,4,1,38,dist_class2,-244.0,76.0
10,conjunction_blocks,conj_rot,4,1,39,dist_class1,-154.0,152.0
10,conjunction_blocks,conj_rot,4,1,40,dist_class2,-87.0,209.0
10,conjunction_blocks,conj_rot,4,1,41,dist_class2,0.0,307.0
10,conjunction_blocks,conj_rot,4,1,42,targ_class2,71.0,379.0
10,conjunction_blocks,conj_rot,4,1,43,dist_class1,-460.0,9.0
10,conjunction_blocks,conj_rot,4,1,44,dist_class1,-393.0,78.0
10,conjunction_blocks,conj_rot,4,1,45,dist_class1,-303.0,162.0
10,conjunction_blocks,conj_rot,4,1,46,dist_class1,-213.0,235.0
10,conjunction_blocks,conj_rot,4,1,47,dist_class1,-142.0,300.0
10,conjunction_blocks,conj_rot,4,1,48,dist_class2,-65.0,379.0
10,conjunction_blocks,conj_rot,4,1,49,dist_class2,-1.0,443.0
10,conjunction_blocks,conj_rot,4,2,1,dist_class2,5.0,-458.0
10,conjunction_blocks,conj_rot,4,2,2,targ_class1,81.0,-381.0
10,conjunction_blocks,conj_rot,4,2,3,dist_class2,164.0,-313.0
10,conjunction_blocks,conj_rot,4,2,4,targ_class2,230.0,-234.0
10,conjunction_blocks,conj_rot,4,2,5,dist_class1,304.0,-161.0
10,conjunction_blocks,conj_rot,4,2,6,targ_class1,383.0,-78.0
10,conjunction_blocks,conj_rot,4,2,7,targ_class2,462.0,-5.0
10,conjunction_blocks,conj_rot,4,2,8,dist_class1,-82.0,-383.0
10,conjunction_blocks,conj_rot,4,2,9,targ_class1,1.0,-308.0
10,conjunction_blocks,conj_rot,4,2,10,targ_class2,81.0,-222.0
10,conjunction_blocks,conj_rot,4,2,11,dist_class1,154.0,-134.0
10,conjunction_blocks,conj_rot,4,2,12,dist_class1,226.0,-55.0
10,conjunction_blocks,conj_rot,4,2,13,targ_class1,309.0,-20.0
10,conjunction_blocks,conj_rot,4,2,14,dist_class2,362.0,75.0
10,conjunction_blocks,conj_rot,4,2,15,targ_class1,-162.0,-304.0
10,conjunction_blocks,conj_rot,4,2,16,targ_class2,-84.0,-229.0
10,conjunction_blocks,conj_rot,4,2,17,dist_class1,-3.0,-147.0
10,conjunction_blocks,conj_rot,4,2,18,targ_class2,69.0,-89.0
10,conjunction_blocks,conj_rot,4,2,19,dist_class2,140.0,9.0
10,conjunction_blocks,conj_rot,4,2,20,targ_class2,232.0,65.0
10,conjunction_blocks,conj_rot,4,2,21,targ_class1,296.0,165.0
10,conjunction_blocks,conj_rot,4,2,22,dist_class2,-237.0,-227.0
10,conjunction_blocks,conj_rot,4,2,23,dist_class1,-144.0,-153.0
10,conjunction_blocks,conj_rot,4,2,24,dist_class1,-77.0,-71.0
10,conjunction_blocks,conj_rot,4,2,25,targ_class2,-8.0,-4.0
10,conjunction_blocks,conj_rot,4,2,26,targ_class2,45.0,70.0
10,conjunction_blocks,conj_rot,4,2,27,targ_class1,163.0,144.0
10,conjunction_blocks,conj_rot,4,2,28,targ_class2,213.0,228.0
10,conjunction_blocks,conj_rot,4,2,29,targ_class1,-294.0,-133.0
10,conjunction_blocks,conj_rot,4,2,30,dist_class2,-215.0,-65.0
10,conjunction_blocks,conj_rot,4,2,31,dist_class1,-155.0,-2.0
10,conjunction_blocks,conj_rot,4,2,32,dist_class2,-77.0,78.0
10,conjunction_blocks,conj_rot,4,2,33,targ_class1,5.0,141.0
10,conjunction_blocks,conj_rot,4,2,34,dist_class1,82.0,247.0
10,conjunction_blocks,conj_rot,4,2,35,targ_class2,162.0,319.0
10,conjunction_blocks,conj_rot,4,2,36,dist_class2,-383.0,-83.0
10,conjunction_blocks,conj_rot,4,2,37,dist_class2,-304.0,-9.0
10,conjunction_blocks,conj_rot,4,2,38,dist_class2,-218.0,77.0
10,conjunction_blocks,conj_rot,4,2,39,dist_class1,-161.0,141.0
10,conjunction_blocks,conj_rot,4,2,40,dist_class2,-78.0,212.0
10,conjunction_blocks,conj_rot,4,2,41,targ_class1,10.0,317.0
10,conjunction_blocks,conj_rot,4,2,42,dist_class1,91.0,384.0
10,conjunction_blocks,conj_rot,4,2,43,targ_class2,-444.0,10.0
10,conjunction_blocks,conj_rot,4,2,44,targ_class1,-366.0,76.0
10,conjunction_blocks,conj_rot,4,2,45,dist_class2,-301.0,166.0
10,conjunction_blocks,conj_rot,4,2,46,targ_class1,-224.0,245.0
10,conjunction_blocks,conj_rot,4,2,47,dist_class2,-162.0,315.0
10,conjunction_blocks,conj_rot,4,2,48,dist_class1,-61.0,372.0
10,conjunction_blocks,conj_rot,4,2,49,targ_class2,-15.0,460.0
10,conjunction_blocks,conj_grid,4,1,1,targ_class2,-315.0,-320.0
10,conjunction_blocks,conj_grid,4,1,2,targ_class2,-211.0,-310.0
10,conjunction_blocks,conj_grid,4,1,3,dist_class2,-93.0,-326.0
10,conjunction_blocks,conj_grid,4,1,4,targ_class1,-15.0,-336.0
10,conjunction_blocks,conj_grid,4,1,5,targ_class2,112.0,-342.0
10,conjunction_blocks,conj_grid,4,1,6,targ_class2,220.0,-329.0
10,conjunction_blocks,conj_grid,4,1,7,targ_class2,331.0,-340.0
10,conjunction_blocks,conj_grid,4,1,8,targ_class1,-313.0,-235.0
10,conjunction_blocks,conj_grid,4,1,9,dist_class1,-205.0,-237.0
10,conjunction_blocks,conj_grid,4,1,10,dist_class1,-102.0,-214.0
10,conjunction_blocks,conj_grid,4,1,11,dist_class2,-4.0,-213.0
10,conjunction_blocks,conj_grid,4,1,12,targ_class1,107.0,-213.0
10,conjunction_blocks,conj_grid,4,1,13,targ_class1,219.0,-229.0
10,conjunction_blocks,conj_grid,4,1,14,targ_class2,328.0,-220.0
10,conjunction_blocks,conj_grid,4,1,15,dist_class1,-332.0,-96.0
10,conjunction_blocks,conj_grid,4,1,16,targ_class1,-228.0,-106.0
10,conjunction_blocks,conj_grid,4,1,17,dist_class2,-91.0,-100.0
10,conjunction_blocks,conj_grid,4,1,18,dist_class2,3.0,-113.0
10,conjunction_blocks,conj_grid,4,1,19,targ_class1,131.0,-96.0
10,conjunction_blocks,conj_grid,4,1,20,dist_class2,203.0,-127.0
10,conjunction_blocks,conj_grid,4,1,21,dist_class1,315.0,-140.0
10,conjunction_blocks,conj_grid,4,1,22,dist_class1,-341.0,-1.0
10,conjunction_blocks,conj_grid,4,1,23,dist_class2,-208.0,-29.0
10,conjunction_blocks,conj_grid,4,1,24,dist_class2,-116.0,5.0
10,conjunction_blocks,conj_grid,4,1,25,targ_class2,22.0,8.0
10,conjunction_blocks,conj_grid,4,1,26,dist_class2,108.0,-0.0
10,conjunction_blocks,conj_grid,4,1,27,targ_class2,214.0,-10.0
10,conjunction_blocks,conj_grid,4,1,28,targ_class2,333.0,-13.0
10,conjunction_blocks,conj_grid,4,1,29,dist_class1,-333.0,122.0
10,conjunction_blocks,conj_grid,4,1,30,targ_class1,-218.0,107.0
10,conjunction_blocks,conj_grid,4,1,31,dist_class2,-112.0,109.0
10,conjunction_blocks,conj_grid,4,1,32,dist_class1,1.0,86.0
10,conjunction_blocks,conj_grid,4,1,33,dist_class2,116.0,114.0
10,conjunction_blocks,conj_grid,4,1,34,targ_class2,225.0,108.0
10,conjunction_blocks,conj_grid,4,1,35,targ_class2,339.0,106.0
10,conjunction_blocks,conj_grid,4,1,36,dist_class1,-342.0,219.0
10,conjunction_blocks,conj_grid,4,1,37,targ_class2,-211.0,206.0
10,conjunction_blocks,conj_grid,4,1,38,targ_class1,-101.0,232.0
10,conjunction_blocks,conj_grid,4,1,39,dist_class1,-18.0,212.0
10,conjunction_blocks,conj_grid,4,1,40,dist_class1,95.0,224.0
10,conjunction_blocks,conj_grid,4,1,41,targ_class1,206.0,234.0
10,conjunction_blocks,conj_grid,4,1,42,dist_class2,321.0,211.0
10,conjunction_blocks,conj_grid,4,1,43,targ_class1,-326.0,311.0
10,conjunction_blocks,conj_grid,4,1,44,dist_class1,-220.0,329.0
10,conjunction_blocks,conj_grid,4,1,45,dist_class2,-97.0,326.0
10,conjunction_blocks,conj_grid,4,1,46,targ_class1,-11.0,309.0
10,conjunction_blocks,conj_grid,4,1,47,targ_class1,101.0,325.0
10,conjunction_blocks,conj_grid,4,1,48,dist_class2,220.0,324.0
10,conjunction_blocks,conj_grid,4,1,49,dist_class1,326.0,311.0
10,conjunction_blocks,conj_rot,2,1,1,dist_class2,1.0,-451.0
10,conjunction_blocks,conj_rot,2,1,2,dist_class1,74.0,-369.0
10,conjunction_blocks,conj_rot,2,1,3,targ_class1,136.0,-316.0
10,conjunction_blocks,conj_rot,2,1,4,targ_class1,228.0,-233.0
10,conjunction_blocks,conj_rot,2,1,5,dist_class1,316.0,-156.0
10,conjunction_blocks,conj_rot,2,1,6,dist_class2,397.0,-66.0
10,conjunction_blocks,conj_rot,2,1,7,targ_class1,444.0,16.0
10,conjunction_blocks,conj_rot,2,1,8,dist_class2,-95.0,-390.0
10,conjunction_blocks,conj_rot,2,1,9,dist_class1,8.0,-317.0
10,conjunction_blocks,conj_rot,2,1,10,targ_class2,64.0,-227.0
10,conjunction_blocks,conj_rot,2,1,11,targ_class1,163.0,-155.0
10,conjunction_blocks,conj_rot,2,1,12,dist_class1,222.0,-76.0
10,conjunction_blocks,conj_rot,2,1,13,dist_class2,316.0,3.0
10,conjunction_blocks,conj_rot,2,1,14,targ_class1,391.0,40.0
10,conjunction_blocks,conj_rot,2,1,15,targ_class2,-145.0,-292.0
10,conjunction_blocks,conj_rot,2,1,16,dist_class2,-72.0,-236.0
10,conjunction_blocks,conj_rot,2,1,17,dist_class2,3.0,-150.0
10,conjunction_blocks,conj_rot,2,1,18,dist_class2,79.0,-78.0
10,conjunction_blocks,conj_rot,2,1,19,targ_class2,140.0,-4.0
10,conjunction_blocks,conj_rot,2,1,20,dist_class1,224.0,65.0
10,conjunction_blocks,conj_rot,2,1,21,targ_class2,305.0,169.0
10,conjunction_blocks,conj_rot,2,1,22,targ_class2,-208.0,-223.0
10,conjunction_blocks,conj_rot,2,1,23,targ_class1,-140.0,-153.0
10,conjunction_blocks,conj_rot,2,1,24,dist_class1,-83.0,-77.0
10,conjunction_blocks,conj_rot,2,1,25,dist_class2,16.0,8.0
10,conjunction_blocks,conj_rot,2,1,26,dist_class1,100.0,73.0
10,conjunction_blocks,conj_rot,2,1,27,targ_class1,159.0,143.0
10,conjunction_blocks,conj_rot,2,1,28,targ_class1,217.0,212.0
10,conjunction_blocks,conj_rot,2,1,29,dist_class2,-300.0,-140.0
10,conjunction_blocks,conj_rot,2,1,30,targ_class1,-229.0,-92.0
10,conjunction_blocks,conj_rot,2,1,31,dist_class2,-123.0,-6.0
10,conjunction_blocks,conj_rot,2,1,32,dist_class1,-63.0,77.0
10,conjunction_blocks,conj_rot,2,1,33,targ_class2,7.0,173.0
10,conjunction_blocks,conj_rot,2,1,34,targ_class1,83.0,249.0
10,conjunction_blocks,conj_rot,2,1,35,dist_class2,175.0,312.0
10,conjunction_blocks,conj_rot,2,1,36,targ_class2,-373.0,-87.0
10,conjunction_blocks,conj_rot,2,1,37,dist_class1,-307.0,0.0
10,conjunction_blocks,conj_rot,2,1,38,targ_class1,-226.0,74.0
10,conjunction_blocks,conj_rot,2,1,39,dist_class1,-160.0,135.0
10,conjunction_blocks,conj_rot,2,1,40,targ_class1,-85.0,233.0
10,conjunction_blocks,conj_rot,2,1,41,targ_class2,-4.0,281.0
10,conjunction_blocks,conj_rot,2,1,42,dist_class2,80.0,376.0
10,conjunction_blocks,conj_rot,2,1,43,targ_class2,-471.0,-17.0
10,conjunction_blocks,conj_rot,2,1,44,dist_class1,-372.0,71.0
10,conjunction_blocks,conj_rot,2,1,45,dist_class2,-306.0,154.0
10,conjunction_blocks,conj_rot,2,1,46,targ_class2,-238.0,227.0
10,conjunction_blocks,conj_rot,2,1,47,targ_class2,-156.0,309.0
10,conjunction_blocks,conj_rot,2,1,48,targ_class2,-73.0,377.0
10,conjunction_blocks,conj_rot,2,1,49,dist_class1,7.0,457.0
10,conjunction_blocks,conj_uni,1,1,1,targ_class1,-153.0,-275.0
10,conjunction_blocks,conj_uni,1,1,2,targ_class1,-355.0,338.0
10,conjunction_blocks,conj_uni,1,1,3,dist_class1,-1.0,-75.0
10,conjunction_blocks,conj_uni,1,1,4,targ_class2,302.0,163.0
10,conjunction_blocks,conj_uni,1,1,5,targ_class1,-348.0,283.0
10,conjunction_blocks,conj_uni,1,1,6,targ_class1,331.0,-211.0
10,conjunction_blocks,conj_uni,1,1,7,dist_class2,-111.0,236.0
10,conjunction_blocks,conj_uni,1,1,8,dist_class1,211.0,243.0
10,conjunction_blocks,conj_uni,1,1,9,dist_class2,-178.0,97.0
10,conjunction_blocks,conj_uni,1,1,10,targ_class2,348.0,195.0
10,conjunction_blocks,conj_uni,1,1,11,dist_class1,340.0,-317.0
10,conjunction_blocks,conj_uni,1,1,12,dist_class2,-386.0,-300.0
10,conjunction_blocks,conj_uni,1,1,13,dist_class1,98.0,42.0
10,conjunction_blocks,conj_uni,1,1,14,dist_class2,236.0,-40.0
10,conjunction_blocks,conj_uni,1,1,15,dist_class1,-319.0,-346.0
10,conjunction_blocks,conj_uni,1,1,16,dist_class1,324.0,-105.0
10,conjunction_blocks,conj_uni,1,1,17,targ_class2,-330.0,-290.0
10,conjunction_blocks,conj_uni,1,1,18,dist_class1,-281.0,-40.0
10,conjunction_blocks,conj_uni,1,1,19,targ_class2,-20.0,30.0
10,conjunction_blocks,conj_uni,1,1,20,dist_class2,101.0,98.0
10,conjunction_blocks,conj_uni,1,1,21,targ_class2,-164.0,22.0
10,conjunction_blocks,conj_uni,1,1,22,targ_class1,-163.0,274.0
10,conjunction_blocks,conj_uni,1,1,23,targ_class2,297.0,-1.0
10,conjunction_blocks,conj_uni,1,1,24,dist_class2,-19.0,-158.0
10,conjunction_blocks,conj_uni,1,1,25,targ_class1,-156.0,-212.0
10,conjunction_blocks,conj_uni,1,1,26,dist_class2,288.0,331.0
10,conjunction_blocks,conj_uni,1,1,27,targ_class2,52.0,9.0
10,conjunction_blocks,conj_uni,1,1,28,targ_class1,-339.0,170.0
10,conjunction_blocks,conj_uni,1,1,29,targ_class2,-56.0,218.0
10,conjunction_blocks,conj_uni,1,1,30,dist_class1,36.0,286.0
10,conjunction_blocks,conj_uni,1,1,31,dist_class2,-275.0,-286.0
10,conjunction_blocks,conj_uni,1,1,32,targ_class1,132.0,146.0
10,conjunction_blocks,conj_uni,1,1,33,dist_class1,231.0,17.0
10,conjunction_blocks,conj_uni,1,1,34,dist_class1,-203.0,-245.0
10,conjunction_blocks,conj_uni,1,1,35,targ_class2,317.0,280.0
10,conjunction_blocks,conj_uni,1,1,36,dist_class1,92.0,295.0
10,conjunction_blocks,conj_uni,1,1,37,targ_class1,-221.0,-301.0
10,conjunction_blocks,conj_uni,1,1,38,dist_class2,260.0,-116.0
10,conjunction_blocks,conj_uni,1,1,39,targ_class1,285.0,-65.0
10,conjunction_blocks,conj_uni,1,1,40,dist_class1,117.0,245.0
10,conjunction_blocks,conj_uni,1,1,41,dist_class2,-61.0,-20.0
10,conjunction_blocks,conj_uni,1,1,42,targ_class1,40.0,185.0
10,conjunction_blocks,conj_uni,1,1,43,targ_class1,5.0,-20.0
10,conjunction_blocks,conj_uni,1,1,44,targ_class2,158.0,96.0
10,conjunction_blocks,conj_uni,1,1,45,targ_class2,-89.0,98.0
10,conjunction_blocks,conj_uni,1,1,46,dist_class2,-282.0,-231.0
10,conjunction_blocks,conj_uni,1,1,47,dist_class2,-318.0,3.0
10,conjunction_blocks,conj_uni,1,1,48,targ_class2,-58.0,-301.0
10,conjunction_blocks,conj_uni,1,1,49,dist_class2,-262.0,-341.0
10,conjunction_blocks,conj_grid,2,1,1,dist_class2,-320.0,-321.0
10,conjunction_blocks,conj_grid,2,1,2,targ_class1,-212.0,-330.0
10,conjunction_blocks,conj_grid,2,1,3,targ_class1,-118.0,-314.0
10,conjunction_blocks,conj_grid,2,1,4,dist_class1,-12.0,-307.0
10,conjunction_blocks,conj_grid,2,1,5,targ_class2,121.0,-318.0
10,conjunction_blocks,conj_grid,2,1,6,dist_class1,209.0,-317.0
10,conjunction_blocks,conj_grid,2,1,7,targ_class1,334.0,-327.0
10,conjunction_blocks,conj_grid,2,1,8,dist_class2,-336.0,-208.0
10,conjunction_blocks,conj_grid,2,1,9,targ_class1,-209.0,-203.0
10,conjunction_blocks,conj_grid,2,1,10,targ_class1,-116.0,-217.0
10,conjunction_blocks,conj_grid,2,1,11,dist_class2,-4.0,-217.0
10,conjunction_blocks,conj_grid,2,1,12,targ_class2,106.0,-214.0
10,conjunction_blocks,conj_grid,2,1,13,dist_class2,219.0,-231.0
10,conjunction_blocks,conj_grid,2,1,14,dist_class2,313.0,-221.0
10,conjunction_blocks,conj_grid,2,1,15,targ_class2,-323.0,-107.0
10,conjunction_blocks,conj_grid,2,1,16,dist_class1,-221.0,-131.0
10,conjunction_blocks,conj_grid,2,1,17,dist_class1,-115.0,-114.0
10,conjunction_blocks,conj_grid,2,1,18,targ_class1,-12.0,-99.0
10,conjunction_blocks,conj_grid,2,1,19,targ_class2,98.0,-107.0
10,conjunction_blocks,conj_grid,2,1,20,targ_class2,210.0,-123.0
10,conjunction_blocks,conj_grid,2,1,21,dist_class1,338.0,-117.0
10,conjunction_blocks,conj_grid,2,1,22,dist_class2,-334.0,-5.0
10,conjunction_blocks,conj_grid,2,1,23,dist_class2,-215.0,-3.0
10,conjunction_blocks,conj_grid,2,1,24,targ_class2,-102.0,14.0
10,conjunction_blocks,conj_grid,2,1,25,dist_class2,-7.0,-8.0
10,conjunction_blocks,conj_grid,2,1,26,targ_class1,103.0,-16.0
10,conjunction_blocks,conj_grid,2,1,27,dist_class2,199.0,-5.0
10,conjunction_blocks,conj_grid,2,1,28,targ_class2,329.0,-1.0
10,conjunction_blocks,conj_grid,2,1,29,targ_class1,-320.0,114.0
10,conjunction_blocks,conj_grid,2,1,30,dist_class1,-215.0,108.0
10,conjunction_blocks,conj_grid,2,1,31,dist_class1,-113.0,108.0
10,conjunction_blocks,conj_grid,2,1,32,dist_class1,-8.0,95.0
10,conjunction_blocks,conj_grid,2,1,33,dist_class2,102.0,108.0
10,conjunction_blocks,conj_grid,2,1,34,dist_class2,230.0,88.0
10,conjunction_blocks,conj_grid,2,1,35,dist_class1,319.0,123.0
10,conjunction_blocks,conj_grid,2,1,36,targ_class2,-324.0,205.0
10,conjunction_blocks,conj_grid,2,1,37,dist_class2,-208.0,217.0
10,conjunction_blocks,conj_grid,2,1,38,dist_class2,-84.0,223.0
10,conjunction_blocks,conj_grid,2,1,39,targ_class2,-7.0,201.0
10,conjunction_blocks,conj_grid,2,1,40,targ_class1,105.0,201.0
10,conjunction_blocks,conj_grid,2,1,41,targ_class1,223.0,221.0
10,conjunction_blocks,conj_grid,2,1,42,targ_class2,325.0,203.0
10,conjunction_blocks,conj_grid,2,1,43,dist_class1,-322.0,321.0
10,conjunction_blocks,conj_grid,2,1,44,targ_class1,-226.0,335.0
10,conjunction_blocks,conj_grid,2,1,45,dist_class1,-110.0,317.0
10,conjunction_blocks,conj_grid,2,1,46,dist_class1,15.0,325.0
10,conjunction_blocks,conj_grid,2,1,47,targ_class2,125.0,330.0
10,conjunction_blocks,conj_grid,2,1,48,targ_class1,211.0,326.0
10,conjunction_blocks,conj_grid,2,1,49,targ_class2,307.0,319.0
10,conjunction_blocks,conj_grid,1,1,1,targ_class2,-323.0,-316.0
10,conjunction_blocks,conj_grid,1,1,2,dist_class2,-219.0,-325.0
10,conjunction_blocks,conj_grid,1,1,3,targ_class2,-112.0,-323.0
10,conjunction_blocks,conj_grid,1,1,4,dist_class2,-0.0,-314.0
10,conjunction_blocks,conj_grid,1,1,5,dist_class2,103.0,-312.0
10,conjunction_blocks,conj_grid,1,1,6,dist_class2,197.0,-325.0
10,conjunction_blocks,conj_grid,1,1,7,targ_class1,324.0,-329.0
10,conjunction_blocks,conj_grid,1,1,8,targ_class1,-321.0,-224.0
10,conjunction_blocks,conj_grid,1,1,9,targ_class1,-227.0,-227.0
10,conjunction_blocks,conj_grid,1,1,10,targ_class1,-111.0,-214.0
10,conjunction_blocks,conj_grid,1,1,11,targ_class1,-22.0,-206.0
10,conjunction_blocks,conj_grid,1,1,12,dist_class1,112.0,-199.0
10,conjunction_blocks,conj_grid,1,1,13,targ_class1,219.0,-219.0
10,conjunction_blocks,conj_grid,1,1,14,dist_class1,326.0,-210.0
10,conjunction_blocks,conj_grid,1,1,15,targ_class2,-314.0,-109.0
10,conjunction_blocks,conj_grid,1,1,16,targ_class2,-200.0,-99.0
10,conjunction_blocks,conj_grid,1,1,17,dist_class1,-101.0,-106.0
10,conjunction_blocks,conj_grid,1,1,18,targ_class2,-0.0,-116.0
10,conjunction_blocks,conj_grid,1,1,19,dist_class2,102.0,-113.0
10,conjunction_blocks,conj_grid,1,1,20,targ_class1,212.0,-119.0
10,conjunction_blocks,conj_grid,1,1,21,dist_class1,331.0,-104.0
10,conjunction_blocks,conj_grid,1,1,22,targ_class1,-330.0,-8.0
10,conjunction_blocks,conj_grid,1,1,23,dist_class1,-210.0,1.0
10,conjunction_blocks,conj_grid,1,1,24,dist_class2,-123.0,-14.0
10,conjunction_blocks,conj_grid,1,1,25,dist_class2,-8.0,5.0
10,conjunction_blocks,conj_grid,1,1,26,targ_class2,117.0,14.0
10,conjunction_blocks,conj_grid,1,1,27,dist_class2,210.0,-10.0
10,conjunction_blocks,conj_grid,1,1,28,targ_class2,328.0,-2.0
10,conjunction_blocks,conj_grid,1,1,29,targ_class2,-331.0,103.0
10,conjunction_blocks,conj_grid,1,1,30,dist_class2,-225.0,104.0
10,conjunction_blocks,conj_grid,1,1,31,targ_class2,-100.0,91.0
10,conjunction_blocks,conj_grid,1,1,32,dist_class2,-10.0,122.0
10,conjunction_blocks,conj_grid,1,1,33,dist_class2,97.0,100.0
10,conjunction_blocks,conj_grid,1,1,34,dist_class2,215.0,111.0
10,conjunction_blocks,conj_grid,1,1,35,targ_class2,333.0,108.0
10,conjunction_blocks,conj_grid,1,1,36,dist_class2,-343.0,217.0
10,conjunction_blocks,conj_grid,1,1,37,dist_class1,-224.0,221.0
10,conjunction_blocks,conj_grid,1,1,38,dist_class1,-123.0,226.0
10,conjunction_blocks,conj_grid,1,1,39,dist_class1,-7.0,222.0
10,conjunction_blocks,conj_grid,1,1,40,targ_class2,104.0,215.0
10,conjunction_blocks,conj_grid,1,1,41,targ_class1,229.0,212.0
10,conjunction_blocks,conj_grid,1,1,42,targ_class2,318.0,206.0
10,conjunction_blocks,conj_grid,1,1,43,targ_class1,-347.0,320.0
10,conjunction_blocks,conj_grid,1,1,44,dist_class1,-221.0,337.0
10,conjunction_blocks,conj_grid,1,1,45,targ_class1,-125.0,332.0
10,conjunction_blocks,conj_grid,1,1,46,targ_class1,-9.0,332.0
10,conjunction_blocks,conj_grid,1,1,47,dist_class1,97.0,313.0
10,conjunction_blocks,conj_grid,1,1,48,dist_class1,216.0,336.0
10,conjunction_blocks,conj_grid,1,1,49,dist_class1,333.0,321.0
10,conjunction_blocks,conj_rot,1,1,1,dist_class2,2.0,-442.0
10,conjunction_blocks,conj_rot,1,1,2,targ_class1,79.0,-381.0
10,conjunction_blocks,conj_rot,1,1,3,targ_class2,162.0,-303.0
10,conjunction_blocks,conj_rot,1,1,4,targ_class2,240.0,-237.0
10,conjunction_blocks,conj_rot,1,1,5,dist_class2,302.0,-171.0
10,conjunction_blocks,conj_rot,1,1,6,dist_class1,377.0,-68.0
10,conjunction_blocks,conj_rot,1,1,7,targ_class2,467.0,5.0
10,conjunction_blocks,conj_rot,1,1,8,targ_class1,-72.0,-397.0
10,conjunction_blocks,conj_rot,1,1,9,targ_class2,-5.0,-328.0
10,conjunction_blocks,conj_rot,1,1,10,dist_class2,74.0,-211.0
10,conjunction_blocks,conj_rot,1,1,11,targ_class2,166.0,-142.0
10,conjunction_blocks,conj_rot,1,1,12,dist_class2,223.0,-74.0
10,conjunction_blocks,conj_rot,1,1,13,targ_class1,305.0,1.0
10,conjunction_blocks,conj_rot,1,1,14,dist_class1,366.0,70.0
10,conjunction_blocks,conj_rot,1,1,15,dist_class2,-164.0,-315.0
10,conjunction_blocks,conj_rot,1,1,16,dist_class1,-69.0,-228.0
10,conjunction_blocks,conj_rot,1,1,17,targ_class1,-1.0,-144.0
10,conjunction_blocks,conj_rot,1,1,18,dist_class2,98.0,-86.0
10,conjunction_blocks,conj_rot,1,1,19,targ_class2,156.0,-9.0
10,conjunction_blocks,conj_rot,1,1,20,targ_class2,209.0,89.0
10,conjunction_blocks,conj_rot,1,1,21,dist_class2,306.0,148.0
10,conjunction_blocks,conj_rot,1,1,22,dist_class2,-233.0,-227.0
10,conjunction_blocks,conj_rot,1,1,23,targ_class2,-160.0,-181.0
10,conjunction_blocks,conj_rot,1,1,24,dist_class1,-81.0,-72.0
10,conjunction_blocks,conj_rot,1,1,25,targ_class1,-2.0,12.0
10,conjunction_blocks,conj_rot,1,1,26,dist_class2,89.0,77.0
10,conjunction_blocks,conj_rot,1,1,27,dist_class1,159.0,142.0
10,conjunction_blocks,conj_rot,1,1,28,targ_class1,230.0,220.0
10,conjunction_blocks,conj_rot,1,1,29,targ_class1,-317.0,-146.0
10,conjunction_blocks,conj_rot,1,1,30,dist_class1,-234.0,-98.0
10,conjunction_blocks,conj_rot,1,1,31,dist_class1,-146.0,-2.0
10,conjunction_blocks,conj_rot,1,1,32,dist_class2,-84.0,76.0
10,conjunction_blocks,conj_rot,1,1,33,dist_class1,0.0,146.0
10,conjunction_blocks,conj_rot,1,1,34,targ_class1,71.0,233.0
10,conjunction_blocks,conj_rot,1,1,35,dist_class1,167.0,303.0
10,conjunction_blocks,conj_rot,1,1,36,targ_class2,-371.0,-67.0
10,conjunction_blocks,conj_rot,1,1,37,dist_class2,-296.0,14.0
10,conjunction_blocks,conj_rot,1,1,38,targ_class1,-223.0,64.0
10,conjunction_blocks,conj_rot,1,1,39,targ_class2,-148.0,153.0
10,conjunction_blocks,conj_rot,1,1,40,targ_class1,-74.0,216.0
10,conjunction_blocks,conj_rot,1,1,41,targ_class2,1.0,293.0
10,conjunction_blocks,conj_rot,1,1,42,dist_class1,60.0,386.0
10,conjunction_blocks,conj_rot,1,1,43,targ_class1,-463.0,-16.0
10,conjunction_blocks,conj_rot,1,1,44,targ_class1,-397.0,71.0
10,conjunction_blocks,conj_rot,1,1,45,dist_class1,-311.0,156.0
10,conjunction_blocks,conj_rot,1,1,46,targ_class2,-231.0,235.0
10,conjunction_blocks,conj_rot,1,1,47,dist_class1,-151.0,296.0
10,conjunction_blocks,conj_rot,1,1,48,dist_class2,-70.0,386.0
10,conjunction_blocks,conj_rot,1,1,49,dist_class2,8.0,450.0
10,conjunction_blocks,conj_rot,3,1,1,targ_class2,-8.0,-468.0
10,conjunction_blocks,conj_rot,3,1,2,dist_class2,100.0,-381.0
10,conjunction_blocks,conj_rot,3,1,3,dist_class1,164.0,-310.0
10,conjunction_blocks,conj_rot,3,1,4,dist_class1,236.0,-234.0
10,conjunction_blocks,conj_rot,3,1,5,targ_class1,302.0,-143.0
10,conjunction_blocks,conj_rot,3,1,6,targ_class2,384.0,-57.0
10,conjunction_blocks,conj_rot,3,1,7,dist_class1,467.0,20.0
10,conjunction_blocks,conj_rot,3,1,8,targ_class2,-73.0,-386.0
10,conjunction_blocks,conj_rot,3,1,9,dist_class2,-2.0,-313.0
10,conjunction_blocks,conj_rot,3,1,10,targ_class1,66.0,-219.0
10,conjunction_blocks,conj_rot,3,1,11,targ_class2,151.0,-159.0
10,conjunction_blocks,conj_rot,3,1,12,dist_class1,222.0,-69.0
10,conjunction_blocks,conj_rot,3,1,13,targ_class1,298.0,-1.0
10,conjunction_blocks,conj_rot,3,1,14,dist_class2,389.0,68.0
10,conjunction_blocks,conj_rot,3,1,15,dist_class2,-145.0,-298.0
10,conjunction_blocks,conj_rot,3,1,16,dist_class2,-75.0,-245.0
10,conjunction_blocks,conj_rot,3,1,17,dist_class2,5.0,-175.0
10,conjunction_blocks,conj_rot,3,1,18,dist_class2,57.0,-84.0
10,conjunction_blocks,conj_rot,3,1,19,dist_class1,154.0,-0.0
10,conjunction_blocks,conj_rot,3,1,20,dist_class1,228.0,53.0
10,conjunction_blocks,conj_rot,3,1,21,targ_class2,307.0,172.0
10,conjunction_blocks,conj_rot,3,1,22,dist_class2,-221.0,-229.0
10,conjunction_blocks,conj_rot,3,1,23,targ_class2,-150.0,-166.0
10,conjunction_blocks,conj_rot,3,1,24,targ_class1,-63.0,-66.0
10,conjunction_blocks,conj_rot,3,1,25,targ_class2,19.0,-1.0
10,conjunction_blocks,conj_rot,3,1,26,dist_class2,79.0,81.0
10,conjunction_blocks,conj_rot,3,1,27,dist_class1,145.0,142.0
10,conjunction_blocks,conj_rot,3,1,28,targ_class2,233.0,235.0
10,conjunction_blocks,conj_rot,3,1,29,dist_class2,-300.0,-155.0
10,conjunction_blocks,conj_rot,3,1,30,dist_class2,-219.0,-71.0
10,conjunction_blocks,conj_rot,3,1,31,targ_class1,-152.0,-14.0
10,conjunction_blocks,conj_rot,3,1,32,targ_class1,-72.0,79.0
10,conjunction_blocks,conj_rot,3,1,33,targ_class1,9.0,152.0
10,conjunction_blocks,conj_rot,3,1,34,targ_class1,74.0,249.0
10,conjunction_blocks,conj_rot,3,1,35,targ_class2,137.0,310.0
10,conjunction_blocks,conj_rot,3,1,36,targ_class2,-385.0,-77.0
10,conjunction_blocks,conj_rot,3,1,37,dist_class1,-320.0,1.0
10,conjunction_blocks,conj_rot,3,1,38,dist_class2,-239.0,95.0
10,conjunction_blocks,conj_rot,3,1,39,targ_class1,-142.0,149.0
10,conjunction_blocks,conj_rot,3,1,40,dist_class1,-88.0,227.0
10,conjunction_blocks,conj_rot,3,1,41,dist_class1,-4.0,311.0
10,conjunction_blocks,conj_rot,3,1,42,targ_class1,78.0,376.0
10,conjunction_blocks,conj_rot,3,1,43,targ_class1,-447.0,-10.0
10,conjunction_blocks,conj_rot,3,1,44,targ_class1,-380.0,66.0
10,conjunction_blocks,conj_rot,3,1,45,dist_class2,-308.0,156.0
10,conjunction_blocks,conj_rot,3,1,46,targ_class2,-237.0,226.0
10,conjunction_blocks,conj_rot,3,1,47,targ_class2,-181.0,298.0
10,conjunction_blocks,conj_rot,3,1,48,dist_class1,-82.0,384.0
10,conjunction_blocks,conj_rot,3,1,49,dist_class1,-10.0,458.0
10,conjunction_blocks,conj_grid,3,1,1,targ_class2,-303.0,-317.0
10,conjunction_blocks,conj_grid,3,1,2,dist_class1,-206.0,-326.0
10,conjunction_blocks,conj_grid,3,1,3,dist_class1,-113.0,-324.0
10,conjunction_blocks,conj_grid,3,1,4,targ_class1,-2.0,-333.0
10,conjunction_blocks,conj_grid,3,1,5,dist_class1,110.0,-331.0
10,conjunction_blocks,conj_grid,3,1,6,dist_class2,224.0,-336.0
10,conjunction_blocks,conj_grid,3,1,7,targ_class2,330.0,-324.0
10,conjunction_blocks,conj_grid,3,1,8,targ_class2,-343.0,-209.0
10,conjunction_blocks,conj_grid,3,1,9,targ_class2,-230.0,-215.0
10,conjunction_blocks,conj_grid,3,1,10,dist_class2,-122.0,-200.0
10,conjunction_blocks,conj_grid,3,1,11,dist_class2,3.0,-209.0
10,conjunction_blocks,conj_grid,3,1,12,dist_class1,120.0,-204.0
10,conjunction_blocks,conj_grid,3,1,13,targ_class2,229.0,-211.0
10,conjunction_blocks,conj_grid,3,1,14,dist_class1,320.0,-219.0
10,conjunction_blocks,conj_grid,3,1,15,targ_class2,-318.0,-100.0
10,conjunction_blocks,conj_grid,3,1,16,dist_class2,-220.0,-101.0
10,conjunction_blocks,conj_grid,3,1,17,targ_class1,-121.0,-97.0
10,conjunction_blocks,conj_grid,3,1,18,targ_class2,1.0,-96.0
10,conjunction_blocks,conj_grid,3,1,19,dist_class2,122.0,-102.0
10,conjunction_blocks,conj_grid,3,1,20,targ_class1,205.0,-102.0
10,conjunction_blocks,conj_grid,3,1,21,targ_class2,330.0,-92.0
10,conjunction_blocks,conj_grid,3,1,22,targ_class2,-335.0,17.0
10,conjunction_blocks,conj_grid,3,1,23,targ_class1,-210.0,10.0
10,conjunction_blocks,conj_grid,3,1,24,dist_class2,-102.0,11.0
10,conjunction_blocks,conj_grid,3,1,25,targ_class2,-1.0,-3.0
10,conjunction_blocks,conj_grid,3,1,26,targ_class2,88.0,0.0
10,conjunction_blocks,conj_grid,3,1,27,targ_class1,214.0,6.0
10,conjunction_blocks,conj_grid,3,1,28,dist_class1,325.0,3.0
10,conjunction_blocks,conj_grid,3,1,29,targ_class1,-329.0,106.0
10,conjunction_blocks,conj_grid,3,1,30,targ_class1,-223.0,123.0
10,conjunction_blocks,conj_grid,3,1,31,dist_class1,-123.0,94.0
10,conjunction_blocks,conj_grid,3,1,32,dist_class1,9.0,94.0
10,conjunction_blocks,conj_grid,3,1,33,dist_class2,113.0,109.0
10,conjunction_blocks,conj_grid,3,1,34,dist_class2,220.0,92.0
10,conjunction_blocks,conj_grid,3,1,35,dist_class2,316.0,110.0
10,conjunction_blocks,conj_grid,3,1,36,targ_class2,-330.0,205.0
10,conjunction_blocks,conj_grid,3,1,37,dist_class2,-227.0,212.0
10,conjunction_blocks,conj_grid,3,1,38,dist_class2,-87.0,227.0
10,conjunction_blocks,conj_grid,3,1,39,targ_class1,-15.0,225.0
10,conjunction_blocks,conj_grid,3,1,40,dist_class2,113.0,213.0
10,conjunction_blocks,conj_grid,3,1,41,dist_class1,220.0,211.0
10,conjunction_blocks,conj_grid,3,1,42,dist_class2,314.0,205.0
10,conjunction_blocks,conj_grid,3,1,43,targ_class1,-328.0,325.0
10,conjunction_blocks,conj_grid,3,1,44,targ_class1,-213.0,327.0
10,conjunction_blocks,conj_grid,3,1,45,targ_class1,-91.0,321.0
10,conjunction_blocks,conj_grid,3,1,46,dist_class1,11.0,323.0
10,conjunction_blocks,conj_grid,3,1,47,dist_class1,107.0,338.0
10,conjunction_blocks,conj_grid,3,1,48,dist_class1,208.0,311.0
10,conjunction_blocks,conj_grid,3,1,49,targ_class1,319.0,337.0
10,conjunction_blocks,conj_uni,3,1,1,dist_class2,24.0,-296.0
10,conjunction_blocks,conj_uni,3,1,2,targ_class2,-35.0,-113.0
10,conjunction_blocks,conj_uni,3,1,3,targ_class1,35.0,-352.0
10,conjunction_blocks,conj_uni,3,1,4,targ_class2,302.0,-200.0
10,conjunction_blocks,conj_uni,3,1,5,dist_class1,322.0,316.0
10,conjunction_blocks,conj_uni,3,1,6,targ_class1,-104.0,-236.0
10,conjunction_blocks,conj_uni,3,1,7,targ_class2,-354.0,-158.0
10,conjunction_blocks,conj_uni,3,1,8,dist_class2,9.0,170.0
10,conjunction_blocks,conj_uni,3,1,9,targ_class2,-37.0,-57.0
10,conjunction_blocks,conj_uni,3,1,10,dist_class2,90.0,93.0
10,conjunction_blocks,conj_uni,3,1,11,targ_class1,74.0,181.0
10,conjunction_blocks,conj_uni,3,1,12,targ_class1,-231.0,260.0
10,conjunction_blocks,conj_uni,3,1,13,targ_class2,-314.0,140.0
10,conjunction_blocks,conj_uni,3,1,14,targ_class2,343.0,94.0
10,conjunction_blocks,conj_uni,3,1,15,targ_class1,310.0,-63.0
10,conjunction_blocks,conj_uni,3,1,16,targ_class1,-94.0,347.0
10,conjunction_blocks,conj_uni,3,1,17,dist_class2,-91.0,-103.0
10,conjunction_blocks,conj_uni,3,1,18,dist_class1,-30.0,94.0
10,conjunction_blocks,conj_uni,3,1,19,dist_class2,-270.0,-315.0
10,conjunction_blocks,conj_uni,3,1,20,targ_class2,136.0,186.0
10,conjunction_blocks,conj_uni,3,1,21,targ_class1,346.0,-20.0
10,conjunction_blocks,conj_uni,3,1,22,targ_class1,98.0,38.0
10,conjunction_blocks,conj_uni,3,1,23,dist_class1,-47.0,184.0
10,conjunction_blocks,conj_uni,3,1,24,targ_class2,198.0,8.0
10,conjunction_blocks,conj_uni,3,1,25,dist_class1,-218.0,194.0
10,conjunction_blocks,conj_uni,3,1,26,dist_class2,-200.0,-332.0
10,conjunction_blocks,conj_uni,3,1,27,targ_class2,136.0,-18.0
10,conjunction_blocks,conj_uni,3,1,28,targ_class2,299.0,252.0
10,conjunction_blocks,conj_uni,3,1,29,targ_class2,37.0,223.0
10,conjunction_blocks,conj_uni,3,1,30,dist_class1,200.0,232.0
10,conjunction_blocks,conj_uni,3,1,31,dist_class1,336.0,-307.0
10,conjunction_blocks,conj_uni,3,1,32,dist_class1,-90.0,-39.0
10,conjunction_blocks,conj_uni,3,1,33,dist_class1,192.0,-48.0
10,conjunction_blocks,conj_uni,3,1,34,dist_class2,247.0,-91.0
10,conjunction_blocks,conj_uni,3,1,35,dist_class2,15.0,5.0
10,conjunction_blocks,conj_uni,3,1,36,targ_class2,60.0,-155.0
10,conjunction_blocks,conj_uni,3,1,37,dist_class1,-171.0,-200.0
10,conjunction_blocks,conj_uni,3,1,38,targ_class1,-356.0,41.0
10,conjunction_blocks,conj_uni,3,1,39,dist_class2,6.0,-168.0
10,conjunction_blocks,conj_uni,3,1,40,dist_class2,254.0,-35.0
10,conjunction_blocks,conj_uni,3,1,41,dist_class2,69.0,-10.0
10,conjunction_blocks,conj_uni,3,1,42,dist_class2,82.0,-207.0
10,conjunction_blocks,conj_uni,3,1,43,targ_class1,-302.0,226.0
10,conjunction_blocks,conj_uni,3,1,44,targ_class1,-153.0,166.0
10,conjunction_blocks,conj_uni,3,1,45,dist_class1,-345.0,-18.0
10,conjunction_blocks,conj_uni,3,1,46,dist_class1,-108.0,133.0
10,conjunction_blocks,conj_uni,3,1,47,dist_class2,171.0,281.0
10,conjunction_blocks,conj_uni,3,1,48,targ_class1,-298.0,-199.0
10,conjunction_blocks,conj_uni,3,1,49,dist_class1,209.0,323.0
10,conjunction_blocks,conj_uni,3,2,1,targ_class1,-356.0,45.0
10,conjunction_blocks,conj_uni,3,2,2,targ_class2,233.0,335.0
10,conjunction_blocks,conj_uni,3,2,3,targ_class2,257.0,95.0
10,conjunction_blocks,conj_uni,3,2,4,targ_class2,-244.0,146.0
10,conjunction_blocks,conj_uni,3,2,5,targ_class2,-304.0,-9.0
10,conjunction_blocks,conj_uni,3,2,6,targ_class2,332.0,-283.0
10,conjunction_blocks,conj_uni,3,2,7,targ_class2,-243.0,-260.0
10,conjunction_blocks,conj_uni,3,2,8,dist_class2,38.0,-210.0
10,conjunction_blocks,conj_uni,3,2,9,dist_class1,123.0,77.0
10,conjunction_blocks,conj_uni,3,2,10,dist_class2,126.0,333.0
10,conjunction_blocks,conj_uni,3,2,11,targ_class1,-142.0,-47.0
10,conjunction_blocks,conj_uni,3,2,12,dist_class2,202.0,-187.0
10,conjunction_blocks,conj_uni,3,2,13,dist_class1,-249.0,-6.0
10,conjunction_blocks,conj_uni,3,2,14,dist_class1,189.0,300.0
10,conjunction_blocks,conj_uni,3,2,15,dist_class1,192.0,193.0
10,conjunction_blocks,conj_uni,3,2,16,dist_class2,-204.0,-72.0
10,conjunction_blocks,conj_uni,3,2,17,dist_class2,-226.0,287.0
10,conjunction_blocks,conj_uni,3,2,18,dist_class2,289.0,-178.0
10,conjunction_blocks,conj_uni,3,2,19,dist_class1,-160.0,29.0
10,conjunction_blocks,conj_uni,3,2,20,dist_class1,38.0,28.0
10,conjunction_blocks,conj_uni,3,2,21,dist_class1,280.0,-234.0
10,conjunction_blocks,conj_uni,3,2,22,targ_class2,-44.0,-215.0
10,conjunction_blocks,conj_uni,3,2,23,dist_class1,7.0,-30.0
10,conjunction_blocks,conj_uni,3,2,24,targ_class1,-316.0,85.0
10,conjunction_blocks,conj_uni,3,2,25,dist_class2,59.0,79.0
10,conjunction_blocks,conj_uni,3,2,26,targ_class2,-122.0,-240.0
10,conjunction_blocks,conj_uni,3,2,27,dist_class1,-277.0,-215.0
10,conjunction_blocks,conj_uni,3,2,28,targ_class2,137.0,278.0
10,conjunction_blocks,conj_uni,3,2,29,dist_class2,110.0,-182.0
10,conjunction_blocks,conj_uni,3,2,30,dist_class2,69.0,284.0
10,conjunction_blocks,conj_uni,3,2,31,targ_class1,96.0,127.0
10,conjunction_blocks,conj_uni,3,2,32,dist_class2,164.0,-52.0
10,conjunction_blocks,conj_uni,3,2,33,targ_class1,-69.0,188.0
10,conjunction_blocks,conj_uni,3,2,34,targ_class2,111.0,-336.0
10,conjunction_blocks,conj_uni,3,2,35,targ_class2,-314.0,-99.0
10,conjunction_blocks,conj_uni,3,2,36,targ_class1,-20.0,120.0
10,conjunction_blocks,conj_uni,3,2,37,targ_class1,-372.0,-94.0
10,conjunction_blocks,conj_uni,3,2,38,targ_class1,-170.0,-161.0
10,conjunction_blocks,conj_uni,3,2,39,dist_class2,154.0,-293.0
10,conjunction_blocks,conj_uni,3,2,40,targ_class1,74.0,-254.0
10,conjunction_blocks,conj_uni,3,2,41,dist_class2,245.0,-340.0
10,conjunction_blocks,conj_uni,3,2,42,dist_class1,-283.0,290.0
10,conjunction_blocks,conj_uni,3,2,43,dist_class2,-347.0,-144.0
10,conjunction_blocks,conj_uni,3,2,44,dist_class1,255.0,-88.0
10,conjunction_blocks,conj_uni,3,2,45,targ_class2,-193.0,-17.0
10,conjunction_blocks,conj_uni,3,2,46,targ_class1,259.0,208.0
10,conjunction_blocks,conj_uni,3,2,47,targ_class1,79.0,-76.0
10,conjunction_blocks,conj_uni,3,2,48,targ_class1,63.0,-23.0
10,conjunction_blocks,conj_uni,3,2,49,dist_class1,-49.0,-290.0
10,conjunction_blocks,conj_uni,3,3,1,targ_class1,-110.0,-108.0
10,conjunction_blocks,conj_uni,3,3,2,dist_class2,208.0,323.0
10,conjunction_blocks,conj_uni,3,3,3,dist_class2,88.0,-131.0
10,conjunction_blocks,conj_uni,3,3,4,dist_class2,296.0,100.0
10,conjunction_blocks,conj_uni,3,3,5,dist_class1,-117.0,17.0
10,conjunction_blocks,conj_uni,3,3,6,targ_class2,-70.0,290.0
10,conjunction_blocks,conj_uni,3,3,7,dist_class1,137.0,-161.0
10,conjunction_blocks,conj_uni,3,3,8,dist_class1,-105.0,78.0
10,conjunction_blocks,conj_uni,3,3,9,targ_class2,339.0,303.0
10,conjunction_blocks,conj_uni,3,3,10,targ_class1,-140.0,355.0
10,conjunction_blocks,conj_uni,3,3,11,dist_class2,48.0,-291.0
10,conjunction_blocks,conj_uni,3,3,12,targ_class1,-329.0,-27.0
10,conjunction_blocks,conj_uni,3,3,13,dist_class1,205.0,223.0
10,conjunction_blocks,conj_uni,3,3,14,dist_class2,-27.0,68.0
10,conjunction_blocks,conj_uni,3,3,15,dist_class1,-84.0,345.0
10,conjunction_blocks,conj_uni,3,3,16,targ_class1,279.0,-195.0
10,conjunction_blocks,conj_uni,3,3,17,targ_class2,347.0,247.0
10,conjunction_blocks,conj_uni,3,3,18,dist_class2,-209.0,-314.0
10,conjunction_blocks,conj_uni,3,3,19,dist_class1,-238.0,269.0
10,conjunction_blocks,conj_uni,3,3,20,dist_class1,-156.0,-202.0
10,conjunction_blocks,conj_uni,3,3,21,targ_class1,284.0,312.0
10,conjunction_blocks,conj_uni,3,3,22,targ_class1,244.0,-134.0
10,conjunction_blocks,conj_uni,3,3,23,targ_class1,232.0,-48.0
10,conjunction_blocks,conj_uni,3,3,24,dist_class2,-73.0,181.0
10,conjunction_blocks,conj_uni,3,3,25,targ_class1,-351.0,-321.0
10,conjunction_blocks,conj_uni,3,3,26,targ_class2,164.0,127.0
10,conjunction_blocks,conj_uni,3,3,27,targ_class1,-13.0,-312.0
10,conjunction_blocks,conj_uni,3,3,28,dist_class1,-29.0,334.0
10,conjunction_blocks,conj_uni,3,3,29,dist_class1,-7.0,-368.0
10,conjunction_blocks,conj_uni,3,3,30,dist_class2,88.0,73.0
10,conjunction_blocks,conj_uni,3,3,31,targ_class1,165.0,-51.0
10,conjunction_blocks,conj_uni,3,3,32,dist_class1,158.0,-108.0
10,conjunction_blocks,conj_uni,3,3,33,dist_class2,-175.0,-269.0
10,conjunction_blocks,conj_uni,3,3,34,targ_class2,93.0,130.0
10,conjunction_blocks,conj_uni,3,3,35,dist_class1,-235.0,25.0
10,conjunction_blocks,conj_uni,3,3,36,targ_class2,63.0,-193.0
10,conjunction_blocks,conj_uni,3,3,37,dist_class2,-60.0,114.0
10,conjunction_blocks,conj_uni,3,3,38,dist_class2,-309.0,30.0
10,conjunction_blocks,conj_uni,3,3,39,dist_class2,-183.0,-92.0
10,conjunction_blocks,conj_uni,3,3,40,targ_class2,177.0,39.0
10,conjunction_blocks,conj_uni,3,3,41,targ_class2,286.0,-66.0
10,conjunction_blocks,conj_uni,3,3,42,targ_class2,-275.0,-14.0
10,conjunction_blocks,conj_uni,3,3,43,dist_class1,226.0,-343.0
10,conjunction_blocks,conj_uni,3,3,44,targ_class1,-160.0,116.0
10,conjunction_blocks,conj_uni,3,3,45,targ_class2,-319.0,296.0
10,conjunction_blocks,conj_uni,3,3,46,dist_class2,111.0,-77.0
10,conjunction_blocks,conj_uni,3,3,47,targ_class2,268.0,242.0
10,conjunction_blocks,conj_uni,3,3,48,targ_class2,-197.0,73.0
10,conjunction_blocks,conj_uni,3,3,49,targ_class1,-300.0,-75.0
10,prac_feat,feat_grid,0,1,1,dist_class2,-326.0,-319.0
10,prac_feat,feat_grid,0,1,2,dist_class1,-216.0,-322.0
10,prac_feat,feat_grid,0,1,3,targ_class1,-105.0,-312.0
10,prac_feat,feat_grid,0,1,4,targ_class2,7.0,-313.0
10,prac_feat,feat_grid,0,1,5,dist_class1,92.0,-338.0
10,prac_feat,feat_grid,0,1,6,dist_class2,245.0,-329.0
10,prac_feat,feat_grid,0,1,7,dist_class2,321.0,-347.0
10,prac_feat,feat_grid,0,1,8,targ_class2,-343.0,-219.0
10,prac_feat,feat_grid,0,1,9,targ_class2,-213.0,-224.0
10,prac_feat,feat_grid,0,1,10,targ_class2,-106.0,-201.0
10,prac_feat,feat_grid,0,1,11,targ_class1,16.0,-199.0
10,prac_feat,feat_grid,0,1,12,targ_class1,114.0,-220.0
10,prac_feat,feat_grid,0,1,13,dist_class2,226.0,-210.0
10,prac_feat,feat_grid,0,1,14,targ_class1,323.0,-216.0
10,prac_feat,feat_grid,0,1,15,targ_class2,-319.0,-111.0
10,prac_feat,feat_grid,0,1,16,targ_class2,-209.0,-103.0
10,prac_feat,feat_grid,0,1,17,dist_class2,-112.0,-112.0
10,prac_feat,feat_grid,0,1,18,targ_class2,4.0,-112.0
10,prac_feat,feat_grid,0,1,19,dist_class2,102.0,-104.0
10,prac_feat,feat_grid,0,1,20,dist_class1,215.0,-115.0
10,prac_feat,feat_grid,0,1,21,dist_class1,311.0,-111.0
10,prac_feat,feat_grid,0,1,22,dist_class1,-332.0,7.0
10,prac_feat,feat_grid,0,1,23,targ_class2,-215.0,16.0
10,prac_feat,feat_grid,0,1,24,targ_class2,-109.0,-1.0
10,prac_feat,feat_grid,0,1,25,dist_class1,21.0,-7.0
10,prac_feat,feat_grid,0,1,26,targ_class2,107.0,18.0
10,prac_feat,feat_grid,0,1,27,targ_class2,221.0,-2.0
10,prac_feat,feat_grid,0,1,28,dist_class2,331.0,1.0
10,prac_feat,feat_grid,0,1,29,targ_class1,-327.0,99.0
10,prac_feat,feat_grid,0,1,30,dist_class1,-225.0,129.0
10,prac_feat,feat_grid,0,1,31,dist_class2,-97.0,114.0
10,prac_feat,feat_grid,0,1,32,targ_class1,8.0,111.0
10,prac_feat,feat_grid,0,1,33,dist_class1,112.0,110.0
10,prac_feat,feat_grid,0,1,34,dist_class1,197.0,85.0
10,prac_feat,feat_grid,0,1,35,targ_class1,325.0,117.0
10,prac_feat,feat_grid,0,1,36,targ_class1,-311.0,208.0
10,prac_feat,feat_grid,0,1,37,dist_class2,-202.0,205.0
10,prac_feat,feat_grid,0,1,38,dist_class1,-95.0,214.0
10,prac_feat,feat_grid,0,1,39,dist_class2,-2.0,219.0
10,prac_feat,feat_grid,0,1,40,targ_class1,89.0,215.0
10,prac_feat,feat_grid,0,1,41,dist_class2,202.0,210.0
10,prac_feat,feat_grid,0,1,42,targ_class1,321.0,215.0
10,prac_feat,feat_grid,0,1,43,targ_class1,-340.0,325.0
10,prac_feat,feat_grid,0,1,44,targ_class2,-220.0,323.0
10,prac_feat,feat_grid,0,1,45,targ_class1,-115.0,319.0
10,prac_feat,feat_grid,0,1,46,dist_class1,-15.0,341.0
10,prac_feat,feat_grid,0,1,47,dist_class1,97.0,338.0
10,prac_feat,feat_grid,0,1,48,dist_class2,205.0,324.0
10,prac_feat,feat_grid,0,1,49,dist_class2,332.0,331.0
10,prac_feat,feat_grid,1,1,1,targ_class2,-317.0,-319.0
10,prac_feat,feat_grid,1,1,2,dist_class2,-236.0,-321.0
10,prac_feat,feat_grid,1,1,3,dist_class2,-112.0,-316.0
10,prac_feat,feat_grid,1,1,4,targ_class2,19.0,-327.0
10,prac_feat,feat_grid,1,1,5,dist_class2,125.0,-347.0
10,prac_feat,feat_grid,1,1,6,targ_class1,202.0,-327.0
10,prac_feat,feat_grid,1,1,7,targ_class2,332.0,-326.0
10,prac_feat,feat_grid,1,1,8,dist_class2,-334.0,-201.0
10,prac_feat,feat_grid,1,1,9,targ_class1,-210.0,-228.0
10,prac_feat,feat_grid,1,1,10,targ_class2,-103.0,-201.0
10,prac_feat,feat_grid,1,1,11,targ_class2,6.0,-200.0
10,prac_feat,feat_grid,1,1,12,targ_class1,122.0,-201.0
10,prac_feat,feat_grid,1,1,13,dist_class1,198.0,-217.0
10,prac_feat,feat_grid,1,1,14,dist_class2,328.0,-226.0
10,prac_feat,feat_grid,1,1,15,targ_class2,-323.0,-87.0
10,prac_feat,feat_grid,1,1,16,dist_class1,-225.0,-112.0
10,prac_feat,feat_grid,1,1,17,targ_class1,-99.0,-97.0
10,prac_feat,feat_grid,1,1,18,targ_class2,-26.0,-95.0
10,prac_feat,feat_grid,1,1,19,dist_class1,119.0,-93.0
10,prac_feat,feat_grid,1,1,20,targ_class2,219.0,-117.0
10,prac_feat,feat_grid,1,1,21,dist_class2,340.0,-111.0
10,prac_feat,feat_grid,1,1,22,targ_class1,-313.0,2.0
10,prac_feat,feat_grid,1,1,23,targ_class1,-210.0,-5.0
10,prac_feat,feat_grid,1,1,24,dist_class2,-129.0,-4.0
10,prac_feat,feat_grid,1,1,25,dist_class2,11.0,-13.0
10,prac_feat,feat_grid,1,1,26,dist_class1,103.0,-1.0
10,prac_feat,feat_grid,1,1,27,targ_class1,217.0,-5.0
10,prac_feat,feat_grid,1,1,28,dist_class1,322.0,3.0
10,prac_feat,feat_grid,1,1,29,targ_class1,-325.0,97.0
10,prac_feat,feat_grid,1,1,30,targ_class1,-220.0,122.0
10,prac_feat,feat_grid,1,1,31,dist_class1,-97.0,108.0
10,prac_feat,feat_grid,1,1,32,dist_class1,-2.0,93.0
10,prac_feat,feat_grid,1,1,33,targ_class2,109.0,124.0
10,prac_feat,feat_grid,1,1,34,targ_class2,216.0,100.0
10,prac_feat,feat_grid,1,1,35,targ_class2,327.0,117.0
10,prac_feat,feat_grid,1,1,36,dist_class1,-303.0,208.0
10,prac_feat,feat_grid,1,1,37,targ_class2,-207.0,231.0
10,prac_feat,feat_grid,1,1,38,targ_class1,-92.0,211.0
10,prac_feat,feat_grid,1,1,39,dist_class2,7.0,222.0
10,prac_feat,feat_grid,1,1,40,dist_class1,101.0,202.0
10,prac_feat,feat_grid,1,1,41,targ_class1,214.0,211.0
10,prac_feat,feat_grid,1,1,42,dist_class2,318.0,209.0
10,prac_feat,feat_grid,1,1,43,dist_class1,-351.0,318.0
10,prac_feat,feat_grid,1,1,44,dist_class2,-207.0,329.0
10,prac_feat,feat_grid,1,1,45,dist_class2,-108.0,324.0
10,prac_feat,feat_grid,1,1,46,targ_class1,-7.0,310.0
10,prac_feat,feat_grid,1,1,47,dist_class1,130.0,324.0
10,prac_feat,feat_grid,1,1,48,dist_class2,224.0,313.0
10,prac_feat,feat_grid,1,1,49,dist_class1,324.0,327.0
10,feature_blocks,feat_uni,1,1,1,targ_class1,-27.0,7.0
10,feature_blocks,feat_uni,1,1,2,dist_class1,307.0,-268.0
10,feature_blocks,feat_uni,1,1,3,dist_class1,220.0,-336.0
10,feature_blocks,feat_uni,1,1,4,targ_class2,123.0,358.0
10,feature_blocks,feat_uni,1,1,5,dist_class2,-19.0,338.0
10,feature_blocks,feat_uni,1,1,6,targ_class2,-304.0,-62.0
10,feature_blocks,feat_uni,1,1,7,dist_class1,-280.0,357.0
10,feature_blocks,feat_uni,1,1,8,targ_class1,-105.0,148.0
10,feature_blocks,feat_uni,1,1,9,dist_class1,53.0,-359.0
10,feature_blocks,feat_uni,1,1,10,targ_class1,191.0,-264.0
10,feature_blocks,feat_uni,1,1,11,dist_class2,-30.0,-181.0
10,feature_blocks,feat_uni,1,1,12,dist_class1,-334.0,-183.0
10,feature_blocks,feat_uni,1,1,13,targ_class1,28.0,90.0
10,feature_blocks,feat_uni,1,1,14,dist_class2,20.0,213.0
10,feature_blocks,feat_uni,1,1,15,targ_class2,-218.0,-7.0
10,feature_blocks,feat_uni,1,1,16,targ_class1,362.0,-88.0
10,feature_blocks,feat_uni,1,1,17,targ_class2,259.0,-55.0
10,feature_blocks,feat_uni,1,1,18,dist_class2,-21.0,-49.0
10,feature_blocks,feat_uni,1,1,19,dist_class2,278.0,42.0
10,feature_blocks,feat_uni,1,1,20,dist_class1,-316.0,242.0
10,feature_blocks,feat_uni,1,1,21,targ_class2,261.0,349.0
10,feature_blocks,feat_uni,1,1,22,targ_class2,-204.0,-343.0
10,feature_blocks,feat_uni,1,1,23,dist_class1,13.0,144.0
10,feature_blocks,feat_uni,1,1,24,targ_class2,101.0,290.0
10,feature_blocks,feat_uni,1,1,25,dist_class2,347.0,-316.0
10,feature_blocks,feat_uni,1,1,26,targ_class2,89.0,-315.0
10,feature_blocks,feat_uni,1,1,27,targ_class1,83.0,82.0
10,feature_blocks,feat_uni,1,1,28,dist_class2,267.0,97.0
10,feature_blocks,feat_uni,1,1,29,targ_class1,-278.0,-184.0
10,feature_blocks,feat_uni,1,1,30,dist_class2,340.0,43.0
10,feature_blocks,feat_uni,1,1,31,dist_class2,-365.0,-230.0
10,feature_blocks,feat_uni,1,1,32,dist_class2,-345.0,290.0
10,feature_blocks,feat_uni,1,1,33,dist_class2,156.0,275.0
10,feature_blocks,feat_uni,1,1,34,targ_class1,247.0,-275.0
10,feature_blocks,feat_uni,1,1,35,dist_class2,292.0,241.0
10,feature_blocks,feat_uni,1,1,36,targ_class1,-120.0,-74.0
10,feature_blocks,feat_uni,1,1,37,dist_class1,-182.0,-273.0
10,feature_blocks,feat_uni,1,1,38,dist_class1,211.0,281.0
10,feature_blocks,feat_uni,1,1,39,dist_class1,336.0,111.0
10,feature_blocks,feat_uni,1,1,40,dist_class1,-260.0,239.0
10,feature_blocks,feat_uni,1,1,41,dist_class1,293.0,147.0
10,feature_blocks,feat_uni,1,1,42,targ_class2,317.0,-54.0
10,feature_blocks,feat_uni,1,1,43,targ_class2,-109.0,279.0
10,feature_blocks,feat_uni,1,1,44,dist_class2,232.0,-5.0
10,feature_blocks,feat_uni,1,1,45,targ_class2,-148.0,-25.0
10,feature_blocks,feat_uni,1,1,46,targ_class1,322.0,194.0
10,feature_blocks,feat_uni,1,1,47,targ_class2,12.0,-143.0
10,feature_blocks,feat_uni,1,1,48,targ_class1,226.0,135.0
10,feature_blocks,feat_uni,1,1,49,targ_class1,281.0,296.0
10,feature_blocks,feat_rot,4,1,1,dist_class1,-9.0,-447.0
10,feature_blocks,feat_rot,4,1,2,targ_class2,58.0,-391.0
10,feature_blocks,feat_rot,4,1,3,dist_class1,155.0,-306.0
10,feature_blocks,feat_rot,4,1,4,targ_class2,237.0,-236.0
10,feature_blocks,feat_rot,4,1,5,targ_class1,308.0,-152.0
10,feature_blocks,feat_rot,4,1,6,dist_class1,363.0,-82.0
10,feature_blocks,feat_rot,4,1,7,targ_class1,449.0,8.0
10,feature_blocks,feat_rot,4,1,8,targ_class1,-85.0,-380.0
10,feature_blocks,feat_rot,4,1,9,targ_class1,-17.0,-326.0
10,feature_blocks,feat_rot,4,1,10,targ_class2,77.0,-204.0
10,feature_blocks,feat_rot,4,1,11,dist_class1,146.0,-129.0
10,feature_blocks,feat_rot,4,1,12,targ_class2,225.0,-63.0
10,feature_blocks,feat_rot,4,1,13,targ_class2,317.0,-3.0
10,feature_blocks,feat_rot,4,1,14,targ_class1,378.0,68.0
10,feature_blocks,feat_rot,4,1,15,dist_class2,-163.0,-297.0
10,feature_blocks,feat_rot,4,1,16,dist_class1,-63.0,-238.0
10,feature_blocks,feat_rot,4,1,17,dist_class1,-5.0,-157.0
10,feature_blocks,feat_rot,4,1,18,dist_class2,48.0,-87.0
10,feature_blocks,feat_rot,4,1,19,targ_class1,157.0,-7.0
10,feature_blocks,feat_rot,4,1,20,dist_class1,237.0,96.0
10,feature_blocks,feat_rot,4,1,21,dist_class2,304.0,169.0
10,feature_blocks,feat_rot,4,1,22,targ_class2,-229.0,-223.0
10,feature_blocks,feat_rot,4,1,23,dist_class1,-136.0,-146.0
10,feature_blocks,feat_rot,4,1,24,targ_class2,-84.0,-65.0
10,feature_blocks,feat_rot,4,1,25,dist_class2,4.0,10.0
10,feature_blocks,feat_rot,4,1,26,dist_class2,76.0,90.0
10,feature_blocks,feat_rot,4,1,27,dist_class2,160.0,140.0
10,feature_blocks,feat_rot,4,1,28,dist_class1,209.0,231.0
10,feature_blocks,feat_rot,4,1,29,dist_class2,-315.0,-152.0
10,feature_blocks,feat_rot,4,1,30,dist_class2,-233.0,-61.0
10,feature_blocks,feat_rot,4,1,31,targ_class2,-154.0,-3.0
10,feature_blocks,feat_rot,4,1,32,targ_class2,-66.0,67.0
10,feature_blocks,feat_rot,4,1,33,targ_class2,-5.0,146.0
10,feature_blocks,feat_rot,4,1,34,targ_class1,93.0,223.0
10,feature_blocks,feat_rot,4,1,35,targ_class1,159.0,321.0
10,feature_blocks,feat_rot,4,1,36,dist_class2,-368.0,-89.0
10,feature_blocks,feat_rot,4,1,37,dist_class1,-306.0,20.0
10,feature_blocks,feat_rot,4,1,38,dist_class2,-232.0,72.0
10,feature_blocks,feat_rot,4,1,39,dist_class1,-148.0,149.0
10,feature_blocks,feat_rot,4,1,40,targ_class2,-64.0,237.0
10,feature_blocks,feat_rot,4,1,41,targ_class1,4.0,301.0
10,feature_blocks,feat_rot,4,1,42,dist_class1,69.0,384.0
10,feature_blocks,feat_rot,4,1,43,dist_class2,-447.0,-13.0
10,feature_blocks,feat_rot,4,1,44,dist_class2,-382.0,88.0
10,feature_blocks,feat_rot,4,1,45,targ_class1,-308.0,159.0
10,feature_blocks,feat_rot,4,1,46,targ_class1,-244.0,222.0
10,feature_blocks,feat_rot,4,1,47,targ_class1,-165.0,295.0
10,feature_blocks,feat_rot,4,1,48,targ_class2,-62.0,411.0
10,feature_blocks,feat_rot,4,1,49,dist_class2,-4.0,458.0
10,feature_blocks,feat_uni,0,1,1,dist_class1,-190.0,-147.0
10,feature_blocks,feat_uni,0,1,2,targ_class1,245.0,27.0
10,feature_blocks,feat_uni,0,1,3,dist_class1,-303.0,-286.0
10,feature_blocks,feat_uni,0,1,4,dist_class1,298.0,344.0
10,feature_blocks,feat_uni,0,1,5,dist_class2,170.0,257.0
10,feature_blocks,feat_uni,0,1,6,targ_class1,127.0,220.0
10,feature_blocks,feat_uni,0,1,7,targ_class2,-70.0,-214.0
10,feature_blocks,feat_uni,0,1,8,dist_class1,181.0,-318.0
10,feature_blocks,feat_uni,0,1,9,dist_class1,-247.0,-350.0
10,feature_blocks,feat_uni,0,1,10,dist_class2,142.0,-167.0
10,feature_blocks,feat_uni,0,1,11,dist_class1,-182.0,114.0
10,feature_blocks,feat_uni,0,1,12,dist_class2,294.0,-100.0
10,feature_blocks,feat_uni,0,1,13,targ_class2,-256.0,-24.0
10,feature_blocks,feat_uni,0,1,14,targ_class1,227.0,-87.0
10,feature_blocks,feat_uni,0,1,15,dist_class2,35.0,57.0
10,feature_blocks,feat_uni,0,1,16,dist_class1,-225.0,151.0
10,feature_blocks,feat_uni,0,1,17,dist_class2,306.0,-313.0
10,feature_blocks,feat_uni,0,1,18,targ_class2,-106.0,115.0
10,feature_blocks,feat_uni,0,1,19,targ_class2,323.0,-5.0
10,feature_blocks,feat_uni,0,1,20,dist_class1,229.0,215.0
10,feature_blocks,feat_uni,0,1,21,targ_class1,284.0,289.0
10,feature_blocks,feat_uni,0,1,22,targ_class1,-13.0,25.0
10,feature_blocks,feat_uni,0,1,23,targ_class2,262.0,169.0
10,feature_blocks,feat_uni,0,1,24,dist_class1,-58.0,-136.0
10,feature_blocks,feat_uni,0,1,25,targ_class1,336.0,71.0
10,feature_blocks,feat_uni,0,1,26,targ_class2,-294.0,347.0
10,feature_blocks,feat_uni,0,1,27,dist_class1,175.0,342.0
10,feature_blocks,feat_uni,0,1,28,targ_class2,-140.0,-186.0
10,feature_blocks,feat_uni,0,1,29,targ_class1,268.0,-222.0
10,feature_blocks,feat_uni,0,1,30,targ_class2,-257.0,-91.0
10,feature_blocks,feat_uni,0,1,31,dist_class2,-51.0,130.0
10,feature_blocks,feat_uni,0,1,32,dist_class1,-197.0,224.0
10,feature_blocks,feat_uni,0,1,33,targ_class1,88.0,180.0
10,feature_blocks,feat_uni,0,1,34,targ_class2,146.0,135.0
10,feature_blocks,feat_uni,0,1,35,dist_class2,-153.0,-353.0
10,feature_blocks,feat_uni,0,1,36,dist_class2,-166.0,8.0
10,feature_blocks,feat_uni,0,1,37,dist_class2,-15.0,-87.0
10,feature_blocks,feat_uni,0,1,38,dist_class2,-143.0,156.0
10,feature_blocks,feat_uni,0,1,39,dist_class1,-44.0,-275.0
10,feature_blocks,feat_uni,0,1,40,dist_class2,352.0,-175.0
10,feature_blocks,feat_uni,0,1,41,targ_class2,-143.0,73.0
10,feature_blocks,feat_uni,0,1,42,targ_class1,-31.0,77.0
10,feature_blocks,feat_uni,0,1,43,targ_class2,250.0,-35.0
10,feature_blocks,feat_uni,0,1,44,targ_class2,-216.0,35.0
10,feature_blocks,feat_uni,0,1,45,targ_class1,-247.0,-165.0
10,feature_blocks,feat_uni,0,1,46,targ_class1,-135.0,-129.0
10,feature_blocks,feat_uni,0,1,47,dist_class2,14.0,186.0
10,feature_blocks,feat_uni,0,1,48,dist_class2,-279.0,135.0
10,feature_blocks,feat_uni,0,1,49,targ_class1,204.0,-144.0
10,feature_blocks,feat_grid,4,1,1,targ_class1,-319.0,-324.0
10,feature_blocks,feat_grid,4,1,2,targ_class1,-218.0,-322.0
10,feature_blocks,feat_grid,4,1,3,targ_class1,-114.0,-315.0
10,feature_blocks,feat_grid,4,1,4,dist_class1,-13.0,-327.0
10,feature_blocks,feat_grid,4,1,5,dist_class1,107.0,-361.0
10,feature_blocks,feat_grid,4,1,6,dist_class1,210.0,-325.0
10,feature_blocks,feat_grid,4,1,7,targ_class1,327.0,-329.0
10,feature_blocks,feat_grid,4,1,8,targ_class2,-321.0,-206.0
10,feature_blocks,feat_grid,4,1,9,dist_class1,-209.0,-194.0
10,feature_blocks,feat_grid,4,1,10,targ_class2,-103.0,-209.0
10,feature_blocks,feat_grid,4,1,11,dist_class2,3.0,-221.0
10,feature_blocks,feat_grid,4,1,12,dist_class1,100.0,-208.0
10,feature_blocks,feat_grid,4,1,13,dist_class2,211.0,-220.0
10,feature_blocks,feat_grid,4,1,14,dist_class1,322.0,-219.0
10,feature_blocks,feat_grid,4,1,15,dist_class2,-322.0,-131.0
10,feature_blocks,feat_grid,4,1,16,targ_class2,-207.0,-114.0
10,feature_blocks,feat_grid,4,1,17,targ_class2,-95.0,-109.0
10,feature_blocks,feat_grid,4,1,18,targ_class2,-0.0,-105.0
10,feature_blocks,feat_grid,4,1,19,dist_class2,91.0,-103.0
10,feature_blocks,feat_grid,4,1,20,dist_class2,214.0,-122.0
10,feature_blocks,feat_grid,4,1,21,targ_class2,317.0,-100.0
10,feature_blocks,feat_grid,4,1,22,targ_class1,-339.0,10.0
10,feature_blocks,feat_grid,4,1,23,targ_class1,-211.0,-4.0
10,feature_blocks,feat_grid,4,1,24,dist_class1,-118.0,7.0
10,feature_blocks,feat_grid,4,1,25,targ_class2,-9.0,7.0
10,feature_blocks,feat_grid,4,1,26,targ_class2,140.0,4.0
10,feature_blocks,feat_grid,4,1,27,dist_class2,217.0,-5.0
10,feature_blocks,feat_grid,4,1,28,dist_class2,350.0,-2.0
10,feature_blocks,feat_grid,4,1,29,targ_class2,-301.0,99.0
10,feature_blocks,feat_grid,4,1,30,dist_class1,-210.0,113.0
10,feature_blocks,feat_grid,4,1,31,dist_class1,-110.0,115.0
10,feature_blocks,feat_grid,4,1,32,dist_class1,3.0,99.0
10,feature_blocks,feat_grid,4,1,33,targ_class1,110.0,122.0
10,feature_blocks,feat_grid,4,1,34,dist_class2,215.0,114.0
10,feature_blocks,feat_grid,4,1,35,targ_class1,312.0,97.0
10,feature_blocks,feat_grid,4,1,36,targ_class1,-309.0,221.0
10,feature_blocks,feat_grid,4,1,37,targ_class2,-209.0,206.0
10,feature_blocks,feat_grid,4,1,38,targ_class1,-117.0,225.0
10,feature_blocks,feat_grid,4,1,39,targ_class2,15.0,215.0
10,feature_blocks,feat_grid,4,1,40,targ_class2,106.0,205.0
10,feature_blocks,feat_grid,4,1,41,dist_class1,217.0,217.0
10,feature_blocks,feat_grid,4,1,42,targ_class1,318.0,208.0
10,feature_blocks,feat_grid,4,1,43,dist_class2,-322.0,342.0
10,feature_blocks,feat_grid,4,1,44,dist_class2,-214.0,314.0
10,feature_blocks,feat_grid,4,1,45,dist_class2,-94.0,327.0
10,feature_blocks,feat_grid,4,1,46,dist_class2,3.0,321.0
10,feature_blocks,feat_grid,4,1,47,targ_class1,104.0,325.0
10,feature_blocks,feat_grid,4,1,48,dist_class2,224.0,321.0
10,feature_blocks,feat_grid,4,1,49,dist_class1,326.0,330.0
10,feature_blocks,feat_grid,0,1,1,dist_class1,-289.0,-316.0
10,feature_blocks,feat_grid,0,1,2,dist_class1,-223.0,-316.0
10,feature_blocks,feat_grid,0,1,3,dist_class1,-107.0,-311.0
10,feature_blocks,feat_grid,0,1,4,targ_class1,-11.0,-334.0
10,feature_blocks,feat_grid,0,1,5,targ_class1,104.0,-323.0
10,feature_blocks,feat_grid,0,1,6,dist_class2,225.0,-308.0
10,feature_blocks,feat_grid,0,1,7,targ_class2,309.0,-330.0
10,feature_blocks,feat_grid,0,1,8,targ_class2,-333.0,-222.0
10,feature_blocks,feat_grid,0,1,9,dist_class1,-201.0,-223.0
10,feature_blocks,feat_grid,0,1,10,targ_class2,-112.0,-202.0
10,feature_blocks,feat_grid,0,1,11,dist_class2,-6.0,-212.0
10,feature_blocks,feat_grid,0,1,12,dist_class2,122.0,-219.0
10,feature_blocks,feat_grid,0,1,13,targ_class1,209.0,-221.0
10,feature_blocks,feat_grid,0,1,14,targ_class1,328.0,-202.0
10,feature_blocks,feat_grid,0,1,15,targ_class1,-339.0,-101.0
10,feature_blocks,feat_grid,0,1,16,targ_class2,-209.0,-102.0
10,feature_blocks,feat_grid,0,1,17,dist_class2,-108.0,-117.0
10,feature_blocks,feat_grid,0,1,18,dist_class2,-3.0,-125.0
10,feature_blocks,feat_grid,0,1,19,dist_class1,108.0,-113.0
10,feature_blocks,feat_grid,0,1,20,dist_class2,218.0,-109.0
10,feature_blocks,feat_grid,0,1,21,dist_class1,338.0,-121.0
10,feature_blocks,feat_grid,0,1,22,targ_class1,-327.0,7.0
10,feature_blocks,feat_grid,0,1,23,targ_class2,-207.0,3.0
10,feature_blocks,feat_grid,0,1,24,targ_class1,-104.0,-1.0
10,feature_blocks,feat_grid,0,1,25,dist_class2,8.0,17.0
10,feature_blocks,feat_grid,0,1,26,targ_class2,104.0,3.0
10,feature_blocks,feat_grid,0,1,27,targ_class2,201.0,6.0
10,feature_blocks,feat_grid,0,1,28,targ_class2,322.0,-4.0
10,feature_blocks,feat_grid,0,1,29,targ_class2,-318.0,120.0
10,feature_blocks,feat_grid,0,1,30,dist_class1,-205.0,104.0
10,feature_blocks,feat_grid,0,1,31,targ_class2,-105.0,110.0
10,feature_blocks,feat_grid,0,1,32,dist_class2,-0.0,110.0
10,feature_blocks,feat_grid,0,1,33,dist_class2,120.0,124.0
10,feature_blocks,feat_grid,0,1,34,dist_class1,231.0,104.0
10,feature_blocks,feat_grid,0,1,35,dist_class2,339.0,109.0
10,feature_blocks,feat_grid,0,1,36,dist_class1,-310.0,218.0
10,feature_blocks,feat_grid,0,1,37,targ_class2,-216.0,213.0
10,feature_blocks,feat_grid,0,1,38,targ_class1,-117.0,218.0
10,feature_blocks,feat_grid,0,1,39,dist_class2,-1.0,209.0
10,feature_blocks,feat_grid,0,1,40,targ_class1,92.0,213.0
10,feature_blocks,feat_grid,0,1,41,targ_class1,211.0,219.0
10,feature_blocks,feat_grid,0,1,42,dist_class2,336.0,210.0
10,feature_blocks,feat_grid,0,1,43,dist_class1,-335.0,325.0
10,feature_blocks,feat_grid,0,1,44,dist_class1,-225.0,326.0
10,feature_blocks,feat_grid,0,1,45,dist_class1,-106.0,333.0
10,feature_blocks,feat_grid,0,1,46,targ_class1,4.0,336.0
10,feature_blocks,feat_grid,0,1,47,dist_class2,115.0,335.0
10,feature_blocks,feat_grid,0,1,48,targ_class1,214.0,323.0
10,feature_blocks,feat_grid,0,1,49,targ_class2,331.0,320.0
10,feature_blocks,feat_uni,2,1,1,targ_class1,-124.0,-59.0
10,feature_blocks,feat_uni,2,1,2,targ_class1,-305.0,-218.0
10,feature_blocks,feat_uni,2,1,3,targ_class2,-315.0,259.0
10,feature_blocks,feat_uni,2,1,4,targ_class2,-256.0,352.0
10,feature_blocks,feat_uni,2,1,5,dist_class2,135.0,222.0
10,feature_blocks,feat_uni,2,1,6,targ_class1,-36.0,182.0
10,feature_blocks,feat_uni,2,1,7,dist_class2,213.0,313.0
10,feature_blocks,feat_uni,2,1,8,dist_class1,-109.0,59.0
10,feature_blocks,feat_uni,2,1,9,dist_class2,64.0,310.0
10,feature_blocks,feat_uni,2,1,10,targ_class1,-26.0,-122.0
10,feature_blocks,feat_uni,2,1,11,targ_class1,-304.0,205.0
10,feature_blocks,feat_uni,2,1,12,dist_class1,112.0,-332.0
10,feature_blocks,feat_uni,2,1,13,dist_class1,-258.0,152.0
10,feature_blocks,feat_uni,2,1,14,targ_class1,228.0,8.0
10,feature_blocks,feat_uni,2,1,15,targ_class2,194.0,106.0
10,feature_blocks,feat_uni,2,1,16,dist_class2,-227.0,-95.0
10,feature_blocks,feat_uni,2,1,17,dist_class1,-183.0,-153.0
10,feature_blocks,feat_uni,2,1,18,targ_class2,-177.0,-234.0
10,feature_blocks,feat_uni,2,1,19,targ_class2,-309.0,130.0
10,feature_blocks,feat_uni,2,1,20,targ_class2,-302.0,4.0
10,feature_blocks,feat_uni,2,1,21,targ_class1,-310.0,-75.0
10,feature_blocks,feat_uni,2,1,22,dist_class2,-358.0,-237.0
10,feature_blocks,feat_uni,2,1,23,dist_class2,89.0,-19.0
10,feature_blocks,feat_uni,2,1,24,targ_class2,-244.0,207.0
10,feature_blocks,feat_uni,2,1,25,dist_class1,-177.0,-27.0
10,feature_blocks,feat_uni,2,1,26,dist_class1,-138.0,-195.0
10,feature_blocks,feat_uni,2,1,27,dist_class2,-265.0,-307.0
10,feature_blocks,feat_uni,2,1,28,dist_class1,55.0,-332.0
10,feature_blocks,feat_uni,2,1,29,targ_class1,-303.0,320.0
10,feature_blocks,feat_uni,2,1,30,targ_class2,145.0,329.0
10,feature_blocks,feat_uni,2,1,31,targ_class1,-334.0,-154.0
10,feature_blocks,feat_uni,2,1,32,dist_class2,-154.0,242.0
10,feature_blocks,feat_uni,2,1,33,dist_class1,-317.0,58.0
10,feature_blocks,feat_uni,2,1,34,dist_class2,-87.0,-16.0
10,feature_blocks,feat_uni,2,1,35,dist_class1,-319.0,-290.0
10,feature_blocks,feat_uni,2,1,36,dist_class1,196.0,-53.0
10,feature_blocks,feat_uni,2,1,37,targ_class1,327.0,-80.0
10,feature_blocks,feat_uni,2,1,38,targ_class2,-25.0,68.0
10,feature_blocks,feat_uni,2,1,39,targ_class2,232.0,64.0
10,feature_blocks,feat_uni,2,1,40,targ_class2,-136.0,11.0
10,feature_blocks,feat_uni,2,1,41,targ_class1,-76.0,243.0
10,feature_blocks,feat_uni,2,1,42,targ_class2,80.0,207.0
10,feature_blocks,feat_uni,2,1,43,dist_class2,-271.0,-362.0
10,feature_blocks,feat_uni,2,1,44,dist_class2,186.0,-355.0
10,feature_blocks,feat_uni,2,1,45,dist_class2,-91.0,299.0
10,feature_blocks,feat_uni,2,1,46,dist_class1,-196.0,-342.0
10,feature_blocks,feat_uni,2,1,47,targ_class1,-375.0,-290.0
10,feature_blocks,feat_uni,2,1,48,dist_class1,-256.0,-190.0
10,feature_blocks,feat_uni,2,1,49,dist_class2,95.0,356.0
10,feature_blocks,feat_rot,1,1,1,dist_class2,-12.0,-443.0
10,feature_blocks,feat_rot,1,1,2,targ_class1,66.0,-376.0
10,feature_blocks,feat_rot,1,1,3,targ_class2,160.0,-302.0
10,feature_blocks,feat_rot,1,1,4,targ_class1,252.0,-223.0
10,feature_blocks,feat_rot,1,1,5,targ_class2,321.0,-181.0
10,feature_blocks,feat_rot,1,1,6,targ_class2,390.0,-78.0
10,feature_blocks,feat_rot,1,1,7,dist_class1,449.0,6.0
10,feature_blocks,feat_rot,1,1,8,dist_class2,-84.0,-385.0
10,feature_blocks,feat_rot,1,1,9,targ_class1,15.0,-307.0
10,feature_blocks,feat_rot,1,1,10,targ_class1,65.0,-223.0
10,feature_blocks,feat_rot,1,1,11,dist_class1,154.0,-140.0
10,feature_blocks,feat_rot,1,1,12,dist_class2,219.0,-72.0
10,feature_blocks,feat_rot,1,1,13,dist_class2,306.0,1.0
10,feature_blocks,feat_rot,1,1,14,dist_class2,373.0,80.0
10,feature_blocks,feat_rot,1,1,15,dist_class1,-143.0,-303.0
10,feature_blocks,feat_rot,1,1,16,targ_class2,-77.0,-225.0
10,feature_blocks,feat_rot,1,1,17,targ_class2,-22.0,-139.0
10,feature_blocks,feat_rot,1,1,18,dist_class1,72.0,-73.0
10,feature_blocks,feat_rot,1,1,19,targ_class1,152.0,2.0
10,feature_blocks,feat_rot,1,1,20,dist_class1,244.0,82.0
10,feature_blocks,feat_rot,1,1,21,targ_class2,313.0,158.0
10,feature_blocks,feat_rot,1,1,22,dist_class2,-212.0,-240.0
10,feature_blocks,feat_rot,1,1,23,targ_class1,-150.0,-146.0
10,feature_blocks,feat_rot,1,1,24,targ_class1,-77.0,-83.0
10,feature_blocks,feat_rot,1,1,25,targ_class1,1.0,7.0
10,feature_blocks,feat_rot,1,1,26,dist_class2,59.0,68.0
10,feature_blocks,feat_rot,1,1,27,dist_class2,155.0,143.0
10,feature_blocks,feat_rot,1,1,28,targ_class1,234.0,230.0
10,feature_blocks,feat_rot,1,1,29,targ_class2,-303.0,-135.0
10,feature_blocks,feat_rot,1,1,30,targ_class1,-241.0,-71.0
10,feature_blocks,feat_rot,1,1,31,dist_class2,-152.0,-8.0
10,feature_blocks,feat_rot,1,1,32,targ_class2,-72.0,71.0
10,feature_blocks,feat_rot,1,1,33,dist_class2,8.0,148.0
10,feature_blocks,feat_rot,1,1,34,dist_class1,76.0,223.0
10,feature_blocks,feat_rot,1,1,35,targ_class2,155.0,312.0
10,feature_blocks,feat_rot,1,1,36,dist_class1,-394.0,-97.0
10,feature_blocks,feat_rot,1,1,37,dist_class1,-310.0,-7.0
10,feature_blocks,feat_rot,1,1,38,targ_class1,-229.0,77.0
10,feature_blocks,feat_rot,1,1,39,dist_class1,-135.0,162.0
10,feature_blocks,feat_rot,1,1,40,dist_class2,-63.0,204.0
10,feature_blocks,feat_rot,1,1,41,targ_class2,21.0,307.0
10,feature_blocks,feat_rot,1,1,42,dist_class2,82.0,404.0
10,feature_blocks,feat_rot,1,1,43,dist_class1,-468.0,-13.0
10,feature_blocks,feat_rot,1,1,44,targ_class2,-377.0,67.0
10,feature_blocks,feat_rot,1,1,45,dist_class2,-292.0,155.0
10,feature_blocks,feat_rot,1,1,46,dist_class1,-244.0,240.0
10,feature_blocks,feat_rot,1,1,47,dist_class1,-171.0,296.0
10,feature_blocks,feat_rot,1,1,48,targ_class2,-66.0,379.0
10,feature_blocks,feat_rot,1,1,49,targ_class1,-3.0,477.0
10,feature_blocks,feat_grid,1,1,1,targ_class1,-325.0,-335.0
10,feature_blocks,feat_grid,1,1,2,targ_class1,-219.0,-319.0
10,feature_blocks,feat_grid,1,1,3,targ_class1,-107.0,-338.0
10,feature_blocks,feat_grid,1,1,4,targ_class2,-5.0,-325.0
10,feature_blocks,feat_grid,1,1,5,targ_class2,112.0,-309.0
10,feature_blocks,feat_grid,1,1,6,targ_class2,217.0,-329.0
10,feature_blocks,feat_grid,1,1,7,targ_class2,321.0,-314.0
10,feature_blocks,feat_grid,1,1,8,targ_class1,-322.0,-226.0
10,feature_blocks,feat_grid,1,1,9,dist_class2,-211.0,-217.0
10,feature_blocks,feat_grid,1,1,10,dist_class2,-108.0,-234.0
10,feature_blocks,feat_grid,1,1,11,targ_class1,-2.0,-214.0
10,feature_blocks,feat_grid,1,1,12,targ_class2,113.0,-210.0
10,feature_blocks,feat_grid,1,1,13,targ_class2,203.0,-212.0
10,feature_blocks,feat_grid,1,1,14,targ_class1,324.0,-182.0
10,feature_blocks,feat_grid,1,1,15,dist_class2,-324.0,-105.0
10,feature_blocks,feat_grid,1,1,16,targ_class1,-207.0,-98.0
10,feature_blocks,feat_grid,1,1,17,dist_class1,-100.0,-99.0
10,feature_blocks,feat_grid,1,1,18,targ_class2,-17.0,-116.0
10,feature_blocks,feat_grid,1,1,19,dist_class1,99.0,-117.0
10,feature_blocks,feat_grid,1,1,20,targ_class1,239.0,-107.0
10,feature_blocks,feat_grid,1,1,21,dist_class2,329.0,-101.0
10,feature_blocks,feat_grid,1,1,22,dist_class2,-336.0,5.0
10,feature_blocks,feat_grid,1,1,23,targ_class2,-230.0,-1.0
10,feature_blocks,feat_grid,1,1,24,dist_class1,-106.0,-16.0
10,feature_blocks,feat_grid,1,1,25,dist_class2,18.0,-2.0
10,feature_blocks,feat_grid,1,1,26,dist_class1,122.0,-10.0
10,feature_blocks,feat_grid,1,1,27,targ_class2,217.0,20.0
10,feature_blocks,feat_grid,1,1,28,dist_class2,328.0,-8.0
10,feature_blocks,feat_grid,1,1,29,dist_class2,-324.0,90.0
10,feature_blocks,feat_grid,1,1,30,dist_class2,-200.0,113.0
10,feature_blocks,feat_grid,1,1,31,dist_class1,-116.0,95.0
10,feature_blocks,feat_grid,1,1,32,targ_class1,-13.0,97.0
10,feature_blocks,feat_grid,1,1,33,targ_class2,113.0,127.0
10,feature_blocks,feat_grid,1,1,34,dist_class1,213.0,111.0
10,feature_blocks,feat_grid,1,1,35,dist_class1,335.0,100.0
10,feature_blocks,feat_grid,1,1,36,dist_class2,-327.0,210.0
10,feature_blocks,feat_grid,1,1,37,targ_class1,-214.0,208.0
10,feature_blocks,feat_grid,1,1,38,dist_class2,-120.0,208.0
10,feature_blocks,feat_grid,1,1,39,targ_class1,11.0,202.0
10,feature_blocks,feat_grid,1,1,40,dist_class1,123.0,222.0
10,feature_blocks,feat_grid,1,1,41,dist_class2,202.0,219.0
10,feature_blocks,feat_grid,1,1,42,targ_class2,325.0,211.0
10,feature_blocks,feat_grid,1,1,43,dist_class1,-325.0,320.0
10,feature_blocks,feat_grid,1,1,44,dist_class1,-219.0,298.0
10,feature_blocks,feat_grid,1,1,45,targ_class1,-103.0,331.0
10,feature_blocks,feat_grid,1,1,46,targ_class2,-18.0,328.0
10,feature_blocks,feat_grid,1,1,47,dist_class1,110.0,337.0
10,feature_blocks,feat_grid,1,1,48,dist_class1,214.0,320.0
10,feature_blocks,feat_grid,1,1,49,dist_class2,315.0,308.0
10,feature_blocks,feat_uni,3,1,1,targ_class2,-9.0,133.0
10,feature_blocks,feat_uni,3,1,2,dist_class1,-131.0,-87.0
10,feature_blocks,feat_uni,3,1,3,targ_class2,-242.0,326.0
10,feature_blocks,feat_uni,3,1,4,dist_class1,-271.0,-235.0
10,feature_blocks,feat_uni,3,1,5,targ_class2,-74.0,-110.0
10,feature_blocks,feat_uni,3,1,6,targ_class1,-86.0,21.0
10,feature_blocks,feat_uni,3,1,7,targ_class1,-339.0,151.0
10,feature_blocks,feat_uni,3,1,8,targ_class2,-180.0,-300.0
10,feature_blocks,feat_uni,3,1,9,dist_class1,208.0,-168.0
10,feature_blocks,feat_uni,3,1,10,targ_class2,-64.0,153.0
10,feature_blocks,feat_uni,3,1,11,dist_class1,17.0,183.0
10,feature_blocks,feat_uni,3,1,12,dist_class2,-201.0,365.0
10,feature_blocks,feat_uni,3,1,13,targ_class1,-71.0,-239.0
10,feature_blocks,feat_uni,3,1,14,targ_class2,152.0,-334.0
10,feature_blocks,feat_uni,3,1,15,dist_class2,325.0,194.0
10,feature_blocks,feat_uni,3,1,16,dist_class2,64.0,279.0
10,feature_blocks,feat_uni,3,1,17,dist_class1,-69.0,350.0
10,feature_blocks,feat_uni,3,1,18,targ_class2,-322.0,-108.0
10,feature_blocks,feat_uni,3,1,19,targ_class1,-59.0,209.0
10,feature_blocks,feat_uni,3,1,20,dist_class1,84.0,-350.0
10,feature_blocks,feat_uni,3,1,21,dist_class2,-353.0,-61.0
10,feature_blocks,feat_uni,3,1,22,targ_class1,125.0,23.0
10,feature_blocks,feat_uni,3,1,23,dist_class2,113.0,-125.0
10,feature_blocks,feat_uni,3,1,24,targ_class1,-13.0,242.0
10,feature_blocks,feat_uni,3,1,25,dist_class2,2.0,-192.0
10,feature_blocks,feat_uni,3,1,26,dist_class1,348.0,112.0
10,feature_blocks,feat_uni,3,1,27,targ_class2,-214.0,101.0
10,feature_blocks,feat_uni,3,1,28,dist_class2,-283.0,162.0
10,feature_blocks,feat_uni,3,1,29,dist_class1,-296.0,340.0
10,feature_blocks,feat_uni,3,1,30,targ_class2,-252.0,-182.0
10,feature_blocks,feat_uni,3,1,31,targ_class2,79.0,122.0
10,feature_blocks,feat_uni,3,1,32,dist_class1,314.0,254.0
10,feature_blocks,feat_uni,3,1,33,dist_class2,-351.0,21.0
10,feature_blocks,feat_uni,3,1,34,targ_class1,36.0,31.0
10,feature_blocks,feat_uni,3,1,35,dist_class2,-124.0,-297.0
10,feature_blocks,feat_uni,3,1,36,dist_class2,-143.0,241.0
10,feature_blocks,feat_uni,3,1,37,targ_class1,-244.0,-10.0
10,feature_blocks,feat_uni,3,1,38,dist_class1,-45.0,-163.0
10,feature_blocks,feat_uni,3,1,39,dist_class2,204.0,-228.0
10,feature_blocks,feat_uni,3,1,40,dist_class1,-113.0,193.0
10,feature_blocks,feat_uni,3,1,41,targ_class1,290.0,134.0
10,feature_blocks,feat_uni,3,1,42,dist_class2,337.0,-208.0
10,feature_blocks,feat_uni,3,1,43,targ_class2,-357.0,348.0
10,feature_blocks,feat_uni,3,1,44,targ_class1,-271.0,106.0
10,feature_blocks,feat_uni,3,1,45,targ_class2,337.0,-7.0
10,feature_blocks,feat_uni,3,1,46,targ_class1,-153.0,-179.0
10,feature_blocks,feat_uni,3,1,47,targ_class1,144.0,-219.0
10,feature_blocks,feat_uni,3,1,48,dist_class1,246.0,76.0
10,feature_blocks,feat_uni,3,1,49,dist_class2,35.0,-26.0
10,feature_blocks,feat_rot,0,1,1,targ_class2,-0.0,-430.0
10,feature_blocks,feat_rot,0,1,2,dist_class2,75.0,-392.0
10,feature_blocks,feat_rot,0,1,3,targ_class2,161.0,-300.0
10,feature_blocks,feat_rot,0,1,4,targ_class1,226.0,-235.0
10,feature_blocks,feat_rot,0,1,5,dist_class2,305.0,-158.0
10,feature_blocks,feat_rot,0,1,6,targ_class2,384.0,-88.0
10,feature_blocks,feat_rot,0,1,7,dist_class2,470.0,4.0
10,feature_blocks,feat_rot,0,1,8,targ_class1,-67.0,-383.0
10,feature_blocks,feat_rot,0,1,9,targ_class2,-1.0,-307.0
10,feature_blocks,feat_rot,0,1,10,dist_class1,72.0,-229.0
10,feature_blocks,feat_rot,0,1,11,targ_class1,150.0,-150.0
10,feature_blocks,feat_rot,0,1,12,targ_class2,236.0,-65.0
10,feature_blocks,feat_rot,0,1,13,dist_class1,308.0,-2.0
10,feature_blocks,feat_rot,0,1,14,dist_class2,395.0,67.0
10,feature_blocks,feat_rot,0,1,15,dist_class2,-152.0,-313.0
10,feature_blocks,feat_rot,0,1,16,dist_class1,-74.0,-223.0
10,feature_blocks,feat_rot,0,1,17,targ_class1,1.0,-151.0
10,feature_blocks,feat_rot,0,1,18,targ_class2,82.0,-75.0
10,feature_blocks,feat_rot,0,1,19,dist_class1,154.0,3.0
10,feature_blocks,feat_rot,0,1,20,dist_class1,221.0,76.0
10,feature_blocks,feat_rot,0,1,21,targ_class1,305.0,149.0
10,feature_blocks,feat_rot,0,1,22,targ_class2,-220.0,-238.0
10,feature_blocks,feat_rot,0,1,23,dist_class1,-151.0,-149.0
10,feature_blocks,feat_rot,0,1,24,targ_class1,-64.0,-79.0
10,feature_blocks,feat_rot,0,1,25,dist_class1,-10.0,9.0
10,feature_blocks,feat_rot,0,1,26,targ_class1,76.0,91.0
10,feature_blocks,feat_rot,0,1,27,targ_class1,145.0,148.0
10,feature_blocks,feat_rot,0,1,28,targ_class1,227.0,233.0
10,feature_blocks,feat_rot,0,1,29,dist_class2,-303.0,-146.0
10,feature_blocks,feat_rot,0,1,30,dist_class1,-221.0,-70.0
10,feature_blocks,feat_rot,0,1,31,dist_class1,-141.0,2.0
10,feature_blocks,feat_rot,0,1,32,dist_class1,-63.0,79.0
10,feature_blocks,feat_rot,0,1,33,dist_class2,1.0,149.0
10,feature_blocks,feat_rot,0,1,34,targ_class2,81.0,227.0
10,feature_blocks,feat_rot,0,1,35,targ_class2,137.0,314.0
10,feature_blocks,feat_rot,0,1,36,targ_class1,-394.0,-65.0
10,feature_blocks,feat_rot,0,1,37,targ_class1,-305.0,1.0
10,feature_blocks,feat_rot,0,1,38,targ_class1,-229.0,69.0
10,feature_blocks,feat_rot,0,1,39,dist_class2,-158.0,160.0
10,feature_blocks,feat_rot,0,1,40,targ_class2,-78.0,251.0
10,feature_blocks,feat_rot,0,1,41,dist_class1,-2.0,290.0
10,feature_blocks,feat_rot,0,1,42,dist_class2,72.0,380.0
10,feature_blocks,feat_rot,0,1,43,targ_class2,-443.0,1.0
10,feature_blocks,feat_rot,0,1,44,targ_class2,-385.0,61.0
10,feature_blocks,feat_rot,0,1,45,dist_class2,-298.0,149.0
10,feature_blocks,feat_rot,0,1,46,dist_class2,-222.0,241.0
10,feature_blocks,feat_rot,0,1,47,dist_class2,-151.0,320.0
10,feature_blocks,feat_rot,0,1,48,dist_class1,-76.0,397.0
10,feature_blocks,feat_rot,0,1,49,dist_class2,-24.0,459.0
10,feature_blocks,feat_grid,3,1,1,dist_class2,-328.0,-337.0
10,feature_blocks,feat_grid,3,1,2,dist_class1,-215.0,-335.0
10,feature_blocks,feat_grid,3,1,3,targ_class2,-111.0,-315.0
10,feature_blocks,feat_grid,3,1,4,dist_class2,3.0,-305.0
10,feature_blocks,feat_grid,3,1,5,dist_class1,121.0,-316.0
10,feature_blocks,feat_grid,3,1,6,targ_class1,210.0,-328.0
10,feature_blocks,feat_grid,3,1,7,targ_class2,326.0,-316.0
10,feature_blocks,feat_grid,3,1,8,dist_class1,-313.0,-217.0
10,feature_blocks,feat_grid,3,1,9,targ_class1,-213.0,-226.0
10,feature_blocks,feat_grid,3,1,10,dist_class2,-97.0,-208.0
10,feature_blocks,feat_grid,3,1,11,dist_class1,-20.0,-201.0
10,feature_blocks,feat_grid,3,1,12,targ_class2,105.0,-208.0
10,feature_blocks,feat_grid,3,1,13,dist_class1,229.0,-213.0
10,feature_blocks,feat_grid,3,1,14,targ_class2,322.0,-208.0
10,feature_blocks,feat_grid,3,1,15,dist_class2,-341.0,-98.0
10,feature_blocks,feat_grid,3,1,16,dist_class2,-225.0,-109.0
10,feature_blocks,feat_grid,3,1,17,dist_class2,-96.0,-101.0
10,feature_blocks,feat_grid,3,1,18,targ_class2,11.0,-114.0
10,feature_blocks,feat_grid,3,1,19,dist_class1,112.0,-106.0
10,feature_blocks,feat_grid,3,1,20,targ_class1,216.0,-114.0
10,feature_blocks,feat_grid,3,1,21,targ_class1,321.0,-111.0
10,feature_blocks,feat_grid,3,1,22,targ_class2,-322.0,14.0
10,feature_blocks,feat_grid,3,1,23,dist_class1,-199.0,-12.0
10,feature_blocks,feat_grid,3,1,24,targ_class2,-96.0,17.0
10,feature_blocks,feat_grid,3,1,25,targ_class2,-17.0,-19.0
10,feature_blocks,feat_grid,3,1,26,targ_class1,114.0,11.0
10,feature_blocks,feat_grid,3,1,27,targ_class2,229.0,5.0
10,feature_blocks,feat_grid,3,1,28,targ_class1,329.0,21.0
10,feature_blocks,feat_grid,3,1,29,targ_class1,-335.0,100.0
10,feature_blocks,feat_grid,3,1,30,targ_class1,-242.0,116.0
10,feature_blocks,feat_grid,3,1,31,dist_class2,-99.0,87.0
10,feature_blocks,feat_grid,3,1,32,dist_class2,-7.0,108.0
10,feature_blocks,feat_grid,3,1,33,dist_class2,118.0,105.0
10,feature_blocks,feat_grid,3,1,34,dist_class2,211.0,101.0
10,feature_blocks,feat_grid,3,1,35,targ_class2,317.0,98.0
10,feature_blocks,feat_grid,3,1,36,dist_class2,-331.0,210.0
10,feature_blocks,feat_grid,3,1,37,dist_class1,-201.0,202.0
10,feature_blocks,feat_grid,3,1,38,targ_class2,-101.0,222.0
10,feature_blocks,feat_grid,3,1,39,dist_class1,13.0,229.0
10,feature_blocks,feat_grid,3,1,40,dist_class1,115.0,206.0
10,feature_blocks,feat_grid,3,1,41,targ_class1,217.0,212.0
10,feature_blocks,feat_grid,3,1,42,dist_class2,336.0,192.0
10,feature_blocks,feat_grid,3,1,43,dist_class1,-328.0,330.0
10,feature_blocks,feat_grid,3,1,44,targ_class1,-207.0,325.0
10,feature_blocks,feat_grid,3,1,45,targ_class1,-91.0,332.0
10,feature_blocks,feat_grid,3,1,46,targ_class1,0.0,324.0
10,feature_blocks,feat_grid,3,1,47,targ_class2,107.0,314.0
10,feature_blocks,feat_grid,3,1,48,dist_class2,207.0,324.0
10,feature_blocks,feat_grid,3,1,49,dist_class1,310.0,324.0
10,feature_blocks,feat_rot,2,1,1,dist_class2,-6.0,-444.0
10,feature_blocks,feat_rot,2,1,2,dist_class1,69.0,-382.0
10,feature_blocks,feat_rot,2,1,3,targ_class2,161.0,-302.0
10,feature_blocks,feat_rot,2,1,4,targ_class2,238.0,-227.0
10,feature_blocks,feat_rot,2,1,5,dist_class1,309.0,-141.0
10,feature_blocks,feat_rot,2,1,6,targ_class2,378.0,-79.0
10,feature_blocks,feat_rot,2,1,7,targ_class1,449.0,-7.0
10,feature_blocks,feat_rot,2,1,8,dist_class2,-73.0,-386.0
10,feature_blocks,feat_rot,2,1,9,dist_class2,15.0,-317.0
10,feature_blocks,feat_rot,2,1,10,targ_class2,71.0,-234.0
10,feature_blocks,feat_rot,2,1,11,dist_class2,150.0,-150.0
10,feature_blocks,feat_rot,2,1,12,targ_class2,228.0,-86.0
10,feature_blocks,feat_rot,2,1,13,dist_class2,310.0,6.0
10,feature_blocks,feat_rot,2,1,14,targ_class2,386.0,72.0
10,feature_blocks,feat_rot,2,1,15,targ_class2,-178.0,-298.0
10,feature_blocks,feat_rot,2,1,16,targ_class1,-78.0,-228.0
10,feature_blocks,feat_rot,2,1,17,dist_class2,6.0,-166.0
10,feature_blocks,feat_rot,2,1,18,dist_class1,87.0,-102.0
10,feature_blocks,feat_rot,2,1,19,dist_class1,154.0,-3.0
10,feature_blocks,feat_rot,2,1,20,dist_class2,230.0,72.0
10,feature_blocks,feat_rot,2,1,21,dist_class1,310.0,133.0
10,feature_blocks,feat_rot,2,1,22,dist_class1,-214.0,-229.0
10,feature_blocks,feat_rot,2,1,23,dist_class1,-159.0,-142.0
10,feature_blocks,feat_rot,2,1,24,dist_class1,-65.0,-88.0
10,feature_blocks,feat_rot,2,1,25,targ_class1,11.0,-6.0
10,feature_blocks,feat_rot,2,1,26,dist_class2,64.0,90.0
10,feature_blocks,feat_rot,2,1,27,dist_class2,156.0,146.0
10,feature_blocks,feat_rot,2,1,28,dist_class2,231.0,235.0
10,feature_blocks,feat_rot,2,1,29,targ_class2,-299.0,-149.0
10,feature_blocks,feat_rot,2,1,30,targ_class1,-227.0,-81.0
10,feature_blocks,feat_rot,2,1,31,targ_class2,-155.0,-10.0
10,feature_blocks,feat_rot,2,1,32,dist_class1,-89.0,78.0
10,feature_blocks,feat_rot,2,1,33,targ_class1,9.0,162.0
10,feature_blocks,feat_rot,2,1,34,targ_class1,103.0,237.0
10,feature_blocks,feat_rot,2,1,35,dist_class1,166.0,311.0
10,feature_blocks,feat_rot,2,1,36,targ_class1,-376.0,-62.0
10,feature_blocks,feat_rot,2,1,37,dist_class1,-297.0,-21.0
10,feature_blocks,feat_rot,2,1,38,dist_class2,-209.0,66.0
10,feature_blocks,feat_rot,2,1,39,targ_class1,-139.0,138.0
10,feature_blocks,feat_rot,2,1,40,targ_class2,-63.0,221.0
10,feature_blocks,feat_rot,2,1,41,targ_class1,-14.0,295.0
10,feature_blocks,feat_rot,2,1,42,targ_class2,65.0,376.0
10,feature_blocks,feat_rot,2,1,43,dist_class1,-454.0,-5.0
10,feature_blocks,feat_rot,2,1,44,dist_class2,-397.0,79.0
10,feature_blocks,feat_rot,2,1,45,dist_class2,-319.0,143.0
10,feature_blocks,feat_rot,2,1,46,targ_class1,-234.0,216.0
10,feature_blocks,feat_rot,2,1,47,targ_class1,-174.0,285.0
10,feature_blocks,feat_rot,2,1,48,targ_class2,-91.0,364.0
10,feature_blocks,feat_rot,2,1,49,targ_class1,-1.0,460.0
10,feature_blocks,feat_grid,2,1,1,dist_class1,-344.0,-320.0
10,feature_blocks,feat_grid,2,1,2,targ_class1,-210.0,-316.0
10,feature_blocks,feat_grid,2,1,3,dist_class2,-114.0,-321.0
10,feature_blocks,feat_grid,2,1,4,targ_class2,-10.0,-317.0
10,feature_blocks,feat_grid,2,1,5,targ_class2,124.0,-313.0
10,feature_blocks,feat_grid,2,1,6,dist_class2,217.0,-328.0
10,feature_blocks,feat_grid,2,1,7,targ_class1,308.0,-312.0
10,feature_blocks,feat_grid,2,1,8,dist_class1,-317.0,-227.0
10,feature_blocks,feat_grid,2,1,9,targ_class2,-210.0,-204.0
10,feature_blocks,feat_grid,2,1,10,targ_class1,-107.0,-211.0
10,feature_blocks,feat_grid,2,1,11,targ_class1,6.0,-219.0
10,feature_blocks,feat_grid,2,1,12,dist_class1,94.0,-212.0
10,feature_blocks,feat_grid,2,1,13,targ_class1,215.0,-223.0
10,feature_blocks,feat_grid,2,1,14,dist_class1,316.0,-231.0
10,feature_blocks,feat_grid,2,1,15,dist_class2,-319.0,-107.0
10,feature_blocks,feat_grid,2,1,16,targ_class2,-202.0,-86.0
10,feature_blocks,feat_grid,2,1,17,dist_class1,-102.0,-93.0
10,feature_blocks,feat_grid,2,1,18,targ_class1,-2.0,-120.0
10,feature_blocks,feat_grid,2,1,19,targ_class2,121.0,-109.0
10,feature_blocks,feat_grid,2,1,20,dist_class2,226.0,-101.0
10,feature_blocks,feat_grid,2,1,21,dist_class2,320.0,-120.0
10,feature_blocks,feat_grid,2,1,22,targ_class1,-316.0,-3.0
10,feature_blocks,feat_grid,2,1,23,dist_class1,-224.0,-9.0
10,feature_blocks,feat_grid,2,1,24,targ_class1,-106.0,19.0
10,feature_blocks,feat_grid,2,1,25,targ_class2,-12.0,6.0
10,feature_blocks,feat_grid,2,1,26,targ_class2,120.0,-2.0
10,feature_blocks,feat_grid,2,1,27,dist_class2,213.0,21.0
10,feature_blocks,feat_grid,2,1,28,targ_class1,311.0,5.0
10,feature_blocks,feat_grid,2,1,29,targ_class2,-318.0,96.0
10,feature_blocks,feat_grid,2,1,30,dist_class2,-197.0,100.0
10,feature_blocks,feat_grid,2,1,31,dist_class2,-127.0,108.0
10,feature_blocks,feat_grid,2,1,32,targ_class2,-8.0,114.0
10,feature_blocks,feat_grid,2,1,33,dist_class2,112.0,114.0
10,feature_blocks,feat_grid,2,1,34,dist_class2,220.0,94.0
10,feature_blocks,feat_grid,2,1,35,dist_class2,328.0,102.0
10,feature_blocks,feat_grid,2,1,36,dist_class2,-322.0,202.0
10,feature_blocks,feat_grid,2,1,37,dist_class1,-203.0,221.0
10,feature_blocks,feat_grid,2,1,38,targ_class1,-100.0,206.0
10,feature_blocks,feat_grid,2,1,39,dist_class1,8.0,222.0
10,feature_blocks,feat_grid,2,1,40,targ_class2,112.0,224.0
10,feature_blocks,feat_grid,2,1,41,dist_class2,232.0,210.0
10,feature_blocks,feat_grid,2,1,42,dist_class1,334.0,206.0
10,feature_blocks,feat_grid,2,1,43,targ_class2,-347.0,335.0
10,feature_blocks,feat_grid,2,1,44,targ_class1,-204.0,306.0
10,feature_blocks,feat_grid,2,1,45,targ_class1,-111.0,320.0
10,feature_blocks,feat_grid,2,1,46,dist_class1,-5.0,317.0
10,feature_blocks,feat_grid,2,1,47,targ_class2,100.0,332.0
10,feature_blocks,feat_grid,2,1,48,dist_class1,233.0,327.0
10,feature_blocks,feat_grid,2,1,49,dist_class1,321.0,308.0
10,feature_blocks,feat_rot,3,1,1,targ_class1,18.0,-454.0
10,feature_blocks,feat_rot,3,1,2,targ_class1,64.0,-378.0
10,feature_blocks,feat_rot,3,1,3,dist_class1,180.0,-318.0
10,feature_blocks,feat_rot,3,1,4,dist_class2,217.0,-222.0
10,feature_blocks,feat_rot,3,1,5,targ_class1,317.0,-149.0
10,feature_blocks,feat_rot,3,1,6,dist_class2,381.0,-78.0
10,feature_blocks,feat_rot,3,1,7,dist_class1,448.0,10.0
10,feature_blocks,feat_rot,3,1,8,targ_class2,-74.0,-405.0
10,feature_blocks,feat_rot,3,1,9,dist_class1,13.0,-307.0
10,feature_blocks,feat_rot,3,1,10,targ_class2,72.0,-234.0
10,feature_blocks,feat_rot,3,1,11,targ_class1,154.0,-152.0
10,feature_blocks,feat_rot,3,1,12,dist_class1,227.0,-65.0
10,feature_blocks,feat_rot,3,1,13,targ_class1,307.0,-2.0
10,feature_blocks,feat_rot,3,1,14,dist_class1,391.0,79.0
10,feature_blocks,feat_rot,3,1,15,dist_class2,-148.0,-298.0
10,feature_blocks,feat_rot,3,1,16,targ_class1,-82.0,-236.0
10,feature_blocks,feat_rot,3,1,17,targ_class1,4.0,-152.0
10,feature_blocks,feat_rot,3,1,18,dist_class1,72.0,-80.0
10,feature_blocks,feat_rot,3,1,19,targ_class1,150.0,18.0
10,feature_blocks,feat_rot,3,1,20,dist_class1,243.0,63.0
10,feature_blocks,feat_rot,3,1,21,targ_class2,310.0,163.0
10,feature_blocks,feat_rot,3,1,22,dist_class2,-230.0,-217.0
10,feature_blocks,feat_rot,3,1,23,targ_class1,-167.0,-172.0
10,feature_blocks,feat_rot,3,1,24,targ_class2,-72.0,-81.0
10,feature_blocks,feat_rot,3,1,25,dist_class2,5.0,-8.0
10,feature_blocks,feat_rot,3,1,26,targ_class2,73.0,85.0
10,feature_blocks,feat_rot,3,1,27,dist_class1,169.0,146.0
10,feature_blocks,feat_rot,3,1,28,dist_class2,234.0,246.0
10,feature_blocks,feat_rot,3,1,29,dist_class2,-318.0,-173.0
10,feature_blocks,feat_rot,3,1,30,dist_class1,-245.0,-71.0
10,feature_blocks,feat_rot,3,1,31,dist_class2,-157.0,-3.0
10,feature_blocks,feat_rot,3,1,32,targ_class1,-78.0,59.0
10,feature_blocks,feat_rot,3,1,33,dist_class1,9.0,135.0
10,feature_blocks,feat_rot,3,1,34,dist_class2,63.0,236.0
10,feature_blocks,feat_rot,3,1,35,targ_class2,149.0,300.0
10,feature_blocks,feat_rot,3,1,36,targ_class2,-372.0,-61.0
10,feature_blocks,feat_rot,3,1,37,targ_class1,-315.0,10.0
10,feature_blocks,feat_rot,3,1,38,dist_class1,-239.0,98.0
10,feature_blocks,feat_rot,3,1,39,dist_class2,-164.0,153.0
10,feature_blocks,feat_rot,3,1,40,targ_class2,-84.0,225.0
10,feature_blocks,feat_rot,3,1,41,dist_class2,-3.0,297.0
10,feature_blocks,feat_rot,3,1,42,dist_class2,70.0,387.0
10,feature_blocks,feat_rot,3,1,43,targ_class2,-468.0,8.0
10,feature_blocks,feat_rot,3,1,44,targ_class2,-376.0,62.0
10,feature_blocks,feat_rot,3,1,45,targ_class2,-311.0,143.0
10,feature_blocks,feat_rot,3,1,46,dist_class1,-242.0,236.0
10,feature_blocks,feat_rot,3,1,47,dist_class2,-171.0,289.0
10,feature_blocks,feat_rot,3,1,48,targ_class2,-70.0,391.0
10,feature_blocks,feat_rot,3,1,49,targ_class1,-2.0,472.0
10,feature_blocks,feat_uni,4,1,1,targ_class1,151.0,-255.0
10,feature_blocks,feat_uni,4,1,2,dist_class1,78.0,-354.0
10,feature_blocks,feat_uni,4,1,3,targ_class2,-274.0,-123.0
10,feature_blocks,feat_uni,4,1,4,targ_class2,276.0,89.0
10,feature_blocks,feat_uni,4,1,5,dist_class1,34.0,73.0
10,feature_blocks,feat_uni,4,1,6,dist_class1,-333.0,-227.0
10,feature_blocks,feat_uni,4,1,7,targ_class1,-111.0,123.0
10,feature_blocks,feat_uni,4,1,8,targ_class1,-91.0,-259.0
10,feature_blocks,feat_uni,4,1,9,dist_class2,100.0,42.0
10,feature_blocks,feat_uni,4,1,10,dist_class2,108.0,214.0
10,feature_blocks,feat_uni,4,1,11,dist_class1,10.0,126.0
10,feature_blocks,feat_uni,4,1,12,targ_class2,161.0,-42.0
10,feature_blocks,feat_uni,4,1,13,targ_class2,-366.0,-274.0
10,feature_blocks,feat_uni,4,1,14,dist_class1,180.0,285.0
10,feature_blocks,feat_uni,4,1,15,targ_class2,-288.0,168.0
10,feature_blocks,feat_uni,4,1,16,dist_class2,352.0,-13.0
10,feature_blocks,feat_uni,4,1,17,dist_class1,-126.0,-155.0
10,feature_blocks,feat_uni,4,1,18,targ_class1,26.0,-104.0
10,feature_blocks,feat_uni,4,1,19,dist_class1,-335.0,136.0
10,feature_blocks,feat_uni,4,1,20,dist_class2,-60.0,146.0
10,feature_blocks,feat_uni,4,1,21,targ_class2,22.0,-350.0
10,feature_blocks,feat_uni,4,1,22,targ_class2,-49.0,202.0
10,feature_blocks,feat_uni,4,1,23,targ_class1,169.0,-201.0
10,feature_blocks,feat_uni,4,1,24,targ_class1,22.0,-294.0
10,feature_blocks,feat_uni,4,1,25,dist_class1,267.0,245.0
10,feature_blocks,feat_uni,4,1,26,targ_class2,277.0,6.0
10,feature_blocks,feat_uni,4,1,27,targ_class1,-349.0,-87.0
10,feature_blocks,feat_uni,4,1,28,dist_class1,-201.0,-70.0
10,feature_blocks,feat_uni,4,1,29,dist_class2,255.0,-348.0
10,feature_blocks,feat_uni,4,1,30,targ_class2,358.0,-309.0
10,feature_blocks,feat_uni,4,1,31,dist_class2,-297.0,310.0
10,feature_blocks,feat_uni,4,1,32,targ_class1,-333.0,-319.0
10,feature_blocks,feat_uni,4,1,33,dist_class2,219.0,-45.0
10,feature_blocks,feat_uni,4,1,34,dist_class2,326.0,64.0
10,feature_blocks,feat_uni,4,1,35,targ_class2,-106.0,246.0
10,feature_blocks,feat_uni,4,1,36,dist_class2,-137.0,173.0
10,feature_blocks,feat_uni,4,1,37,dist_class2,-215.0,174.0
10,feature_blocks,feat_uni,4,1,38,dist_class2,-144.0,-280.0
10,feature_blocks,feat_uni,4,1,39,dist_class2,-1.0,-46.0
10,feature_blocks,feat_uni,4,1,40,targ_class1,-273.0,-247.0
10,feature_blocks,feat_uni,4,1,41,dist_class2,95.0,-252.0
10,feature_blocks,feat_uni,4,1,42,targ_class2,-341.0,275.0
10,feature_blocks,feat_uni,4,1,43,dist_class1,162.0,162.0
10,feature_blocks,feat_uni,4,1,44,dist_class1,-162.0,331.0
10,feature_blocks,feat_uni,4,1,45,targ_class1,-43.0,-120.0
10,feature_blocks,feat_uni,4,1,46,dist_class1,-233.0,227.0
10,feature_blocks,feat_uni,4,1,47,targ_class1,69.0,316.0
10,feature_blocks,feat_uni,4,1,48,targ_class1,-31.0,346.0
10,feature_blocks,feat_uni,4,1,49,targ_class2,-98.0,-107.0
