person,block,condition,trial,attempt,id,item_class,x,y
18,prac2_conj,conj_grid,0,1,1,dist_class2,-330.0,-337.0
18,prac2_conj,conj_grid,0,1,2,dist_class1,-215.0,-321.0
18,prac2_conj,conj_grid,0,1,3,targ_class1,-101.0,-344.0
18,prac2_conj,conj_grid,0,1,4,dist_class2,0.0,-331.0
18,prac2_conj,conj_grid,0,1,5,targ_class1,105.0,-317.0
18,prac2_conj,conj_grid,0,1,6,targ_class2,222.0,-333.0
18,prac2_conj,conj_grid,0,1,7,targ_class1,314.0,-325.0
18,prac2_conj,conj_grid,0,1,8,dist_class2,-333.0,-219.0
18,prac2_conj,conj_grid,0,1,9,dist_class2,-247.0,-202.0
18,prac2_conj,conj_grid,0,1,10,targ_class1,-126.0,-212.0
18,prac2_conj,conj_grid,0,1,11,targ_class1,-19.0,-213.0
18,prac2_conj,conj_grid,0,1,12,dist_class1,113.0,-222.0
18,prac2_conj,conj_grid,0,1,13,targ_class2,214.0,-212.0
18,prac2_conj,conj_grid,0,1,14,targ_class1,322.0,-211.0
18,prac2_conj,conj_grid,0,1,15,dist_class1,-354.0,-100.0
18,prac2_conj,conj_grid,0,1,16,targ_class2,-219.0,-116.0
18,prac2_conj,conj_grid,0,1,17,dist_class2,-95.0,-123.0
18,prac2_conj,conj_grid,0,1,18,dist_class1,14.0,-91.0
18,prac2_conj,conj_grid,0,1,19,dist_class1,113.0,-109.0
18,prac2_conj,conj_grid,0,1,20,targ_class1,214.0,-115.0
18,prac2_conj,conj_grid,0,1,21,dist_class2,326.0,-101.0
18,prac2_conj,conj_grid,0,1,22,targ_class1,-341.0,20.0
18,prac2_conj,conj_grid,0,1,23,dist_class1,-224.0,-10.0
18,prac2_conj,conj_grid,0,1,24,targ_class1,-107.0,2.0
18,prac2_conj,conj_grid,0,1,25,targ_class2,9.0,15.0
18,prac2_conj,conj_grid,0,1,26,targ_class2,87.0,-3.0
18,prac2_conj,conj_grid,0,1,27,targ_class2,196.0,13.0
18,prac2_conj,conj_grid,0,1,28,targ_class2,334.0,15.0
18,prac2_conj,conj_grid,0,1,29,dist_class1,-338.0,119.0
18,prac2_conj,conj_grid,0,1,30,targ_class1,-227.0,104.0
18,prac2_conj,conj_grid,0,1,31,targ_class1,-120.0,114.0
18,prac2_conj,conj_grid,0,1,32,dist_class1,-12.0,98.0
18,prac2_conj,conj_grid,0,1,33,targ_class1,107.0,97.0
18,prac2_conj,conj_grid,0,1,34,dist_class2,207.0,103.0
18,prac2_conj,conj_grid,0,1,35,dist_class2,328.0,113.0
18,prac2_conj,conj_grid,0,1,36,dist_class1,-341.0,219.0
18,prac2_conj,conj_grid,0,1,37,dist_class1,-207.0,214.0
18,prac2_conj,conj_grid,0,1,38,dist_class2,-110.0,232.0
18,prac2_conj,conj_grid,0,1,39,dist_class2,-3.0,230.0
18,prac2_conj,conj_grid,0,1,40,dist_class2,123.0,207.0
18,prac2_conj,conj_grid,0,1,41,dist_class1,226.0,228.0
18,prac2_conj,conj_grid,0,1,42,targ_class2,328.0,214.0
18,prac2_conj,conj_grid,0,1,43,targ_class2,-335.0,331.0
18,prac2_conj,conj_grid,0,1,44,dist_class1,-214.0,321.0
18,prac2_conj,conj_grid,0,1,45,dist_class2,-105.0,315.0
18,prac2_conj,conj_grid,0,1,46,dist_class2,-12.0,334.0
18,prac2_conj,conj_grid,0,1,47,targ_class2,89.0,317.0
18,prac2_conj,conj_grid,0,1,48,targ_class2,223.0,329.0
18,prac2_conj,conj_grid,0,1,49,targ_class2,329.0,331.0
18,prac2_conj,conj_grid,0,2,1,dist_class2,-319.0,-332.0
18,prac2_conj,conj_grid,0,2,2,targ_class1,-218.0,-319.0
18,prac2_conj,conj_grid,0,2,3,dist_class1,-110.0,-321.0
18,prac2_conj,conj_grid,0,2,4,targ_class1,-7.0,-333.0
18,prac2_conj,conj_grid,0,2,5,targ_class1,124.0,-324.0
18,prac2_conj,conj_grid,0,2,6,dist_class1,235.0,-341.0
18,prac2_conj,conj_grid,0,2,7,dist_class2,326.0,-325.0
18,prac2_conj,conj_grid,0,2,8,dist_class1,-315.0,-226.0
18,prac2_conj,conj_grid,0,2,9,targ_class2,-228.0,-225.0
18,prac2_conj,conj_grid,0,2,10,dist_class1,-113.0,-212.0
18,prac2_conj,conj_grid,0,2,11,dist_class2,27.0,-225.0
18,prac2_conj,conj_grid,0,2,12,targ_class2,117.0,-208.0
18,prac2_conj,conj_grid,0,2,13,dist_class1,206.0,-217.0
18,prac2_conj,conj_grid,0,2,14,targ_class1,319.0,-206.0
18,prac2_conj,conj_grid,0,2,15,targ_class2,-328.0,-103.0
18,prac2_conj,conj_grid,0,2,16,dist_class1,-217.0,-114.0
18,prac2_conj,conj_grid,0,2,17,targ_class1,-94.0,-117.0
18,prac2_conj,conj_grid,0,2,18,dist_class2,-6.0,-122.0
18,prac2_conj,conj_grid,0,2,19,dist_class2,119.0,-111.0
18,prac2_conj,conj_grid,0,2,20,dist_class1,199.0,-124.0
18,prac2_conj,conj_grid,0,2,21,targ_class2,334.0,-108.0
18,prac2_conj,conj_grid,0,2,22,dist_class1,-326.0,0.0
18,prac2_conj,conj_grid,0,2,23,targ_class2,-201.0,-17.0
18,prac2_conj,conj_grid,0,2,24,targ_class1,-100.0,6.0
18,prac2_conj,conj_grid,0,2,25,dist_class2,1.0,-8.0
18,prac2_conj,conj_grid,0,2,26,targ_class2,111.0,0.0
18,prac2_conj,conj_grid,0,2,27,targ_class2,233.0,10.0
18,prac2_conj,conj_grid,0,2,28,dist_class2,356.0,-13.0
18,prac2_conj,conj_grid,0,2,29,targ_class1,-317.0,115.0
18,prac2_conj,conj_grid,0,2,30,targ_class1,-219.0,108.0
18,prac2_conj,conj_grid,0,2,31,dist_class1,-118.0,83.0
18,prac2_conj,conj_grid,0,2,32,dist_class2,3.0,119.0
18,prac2_conj,conj_grid,0,2,33,targ_class2,104.0,113.0
18,prac2_conj,conj_grid,0,2,34,dist_class1,216.0,114.0
18,prac2_conj,conj_grid,0,2,35,dist_class2,332.0,114.0
18,prac2_conj,conj_grid,0,2,36,targ_class1,-315.0,219.0
18,prac2_conj,conj_grid,0,2,37,targ_class2,-224.0,233.0
18,prac2_conj,conj_grid,0,2,38,dist_class1,-91.0,216.0
18,prac2_conj,conj_grid,0,2,39,targ_class2,-1.0,230.0
18,prac2_conj,conj_grid,0,2,40,targ_class2,114.0,225.0
18,prac2_conj,conj_grid,0,2,41,dist_class2,208.0,228.0
18,prac2_conj,conj_grid,0,2,42,targ_class1,314.0,210.0
18,prac2_conj,conj_grid,0,2,43,dist_class1,-329.0,340.0
18,prac2_conj,conj_grid,0,2,44,targ_class2,-213.0,311.0
18,prac2_conj,conj_grid,0,2,45,dist_class2,-100.0,328.0
18,prac2_conj,conj_grid,0,2,46,targ_class1,-21.0,331.0
18,prac2_conj,conj_grid,0,2,47,targ_class1,114.0,331.0
18,prac2_conj,conj_grid,0,2,48,dist_class2,212.0,339.0
18,prac2_conj,conj_grid,0,2,49,dist_class2,322.0,326.0
18,prac2_conj,conj_grid,1,1,1,dist_class2,-322.0,-324.0
18,prac2_conj,conj_grid,1,1,2,targ_class2,-240.0,-329.0
18,prac2_conj,conj_grid,1,1,3,targ_class1,-123.0,-328.0
18,prac2_conj,conj_grid,1,1,4,dist_class2,-12.0,-331.0
18,prac2_conj,conj_grid,1,1,5,dist_class2,112.0,-329.0
18,prac2_conj,conj_grid,1,1,6,targ_class1,208.0,-315.0
18,prac2_conj,conj_grid,1,1,7,dist_class2,317.0,-341.0
18,prac2_conj,conj_grid,1,1,8,targ_class2,-336.0,-218.0
18,prac2_conj,conj_grid,1,1,9,dist_class2,-210.0,-230.0
18,prac2_conj,conj_grid,1,1,10,dist_class1,-116.0,-218.0
18,prac2_conj,conj_grid,1,1,11,targ_class2,-7.0,-217.0
18,prac2_conj,conj_grid,1,1,12,targ_class2,95.0,-202.0
18,prac2_conj,conj_grid,1,1,13,dist_class2,219.0,-215.0
18,prac2_conj,conj_grid,1,1,14,dist_class1,327.0,-212.0
18,prac2_conj,conj_grid,1,1,15,targ_class1,-333.0,-112.0
18,prac2_conj,conj_grid,1,1,16,targ_class2,-222.0,-100.0
18,prac2_conj,conj_grid,1,1,17,targ_class1,-116.0,-116.0
18,prac2_conj,conj_grid,1,1,18,dist_class1,-0.0,-102.0
18,prac2_conj,conj_grid,1,1,19,dist_class1,119.0,-121.0
18,prac2_conj,conj_grid,1,1,20,dist_class1,217.0,-96.0
18,prac2_conj,conj_grid,1,1,21,targ_class1,329.0,-94.0
18,prac2_conj,conj_grid,1,1,22,targ_class2,-303.0,-8.0
18,prac2_conj,conj_grid,1,1,23,targ_class1,-221.0,-12.0
18,prac2_conj,conj_grid,1,1,24,dist_class2,-117.0,12.0
18,prac2_conj,conj_grid,1,1,25,dist_class2,1.0,-2.0
18,prac2_conj,conj_grid,1,1,26,dist_class2,115.0,-14.0
18,prac2_conj,conj_grid,1,1,27,dist_class1,222.0,-18.0
18,prac2_conj,conj_grid,1,1,28,targ_class1,312.0,-13.0
18,prac2_conj,conj_grid,1,1,29,dist_class1,-327.0,109.0
18,prac2_conj,conj_grid,1,1,30,dist_class1,-219.0,96.0
18,prac2_conj,conj_grid,1,1,31,targ_class2,-99.0,106.0
18,prac2_conj,conj_grid,1,1,32,dist_class1,-6.0,94.0
18,prac2_conj,conj_grid,1,1,33,dist_class1,88.0,105.0
18,prac2_conj,conj_grid,1,1,34,dist_class1,226.0,102.0
18,prac2_conj,conj_grid,1,1,35,dist_class2,329.0,108.0
18,prac2_conj,conj_grid,1,1,36,targ_class2,-325.0,215.0
18,prac2_conj,conj_grid,1,1,37,targ_class2,-226.0,225.0
18,prac2_conj,conj_grid,1,1,38,targ_class1,-98.0,224.0
18,prac2_conj,conj_grid,1,1,39,targ_class2,-10.0,224.0
18,prac2_conj,conj_grid,1,1,40,targ_class1,132.0,219.0
18,prac2_conj,conj_grid,1,1,41,dist_class2,230.0,201.0
18,prac2_conj,conj_grid,1,1,42,targ_class1,330.0,208.0
18,prac2_conj,conj_grid,1,1,43,targ_class1,-318.0,310.0
18,prac2_conj,conj_grid,1,1,44,targ_class2,-218.0,325.0
18,prac2_conj,conj_grid,1,1,45,dist_class2,-112.0,338.0
18,prac2_conj,conj_grid,1,1,46,targ_class1,24.0,322.0
18,prac2_conj,conj_grid,1,1,47,dist_class2,112.0,324.0
18,prac2_conj,conj_grid,1,1,48,dist_class1,221.0,345.0
18,prac2_conj,conj_grid,1,1,49,targ_class2,325.0,316.0
18,conjunction_blocks,conj_grid,2,1,1,dist_class1,-328.0,-323.0
18,conjunction_blocks,conj_grid,2,1,2,targ_class1,-213.0,-321.0
18,conjunction_blocks,conj_grid,2,1,3,targ_class2,-97.0,-328.0
18,conjunction_blocks,conj_grid,2,1,4,dist_class1,-4.0,-329.0
18,conjunction_blocks,conj_grid,2,1,5,targ_class1,101.0,-326.0
18,conjunction_blocks,conj_grid,2,1,6,dist_class1,213.0,-327.0
18,conjunction_blocks,conj_grid,2,1,7,dist_class1,340.0,-305.0
18,conjunction_blocks,conj_grid,2,1,8,targ_class2,-333.0,-207.0
18,conjunction_blocks,conj_grid,2,1,9,dist_class2,-218.0,-206.0
18,conjunction_blocks,conj_grid,2,1,10,dist_class2,-105.0,-211.0
18,conjunction_blocks,conj_grid,2,1,11,dist_class1,-2.0,-227.0
18,conjunction_blocks,conj_grid,2,1,12,dist_class2,97.0,-225.0
18,conjunction_blocks,conj_grid,2,1,13,targ_class2,206.0,-221.0
18,conjunction_blocks,conj_grid,2,1,14,targ_class1,336.0,-222.0
18,conjunction_blocks,conj_grid,2,1,15,targ_class1,-323.0,-110.0
18,conjunction_blocks,conj_grid,2,1,16,dist_class1,-213.0,-110.0
18,conjunction_blocks,conj_grid,2,1,17,targ_class1,-103.0,-122.0
18,conjunction_blocks,conj_grid,2,1,18,dist_class2,11.0,-116.0
18,conjunction_blocks,conj_grid,2,1,19,targ_class1,116.0,-108.0
18,conjunction_blocks,conj_grid,2,1,20,targ_class2,200.0,-119.0
18,conjunction_blocks,conj_grid,2,1,21,targ_class1,333.0,-100.0
18,conjunction_blocks,conj_grid,2,1,22,targ_class1,-327.0,24.0
18,conjunction_blocks,conj_grid,2,1,23,dist_class1,-209.0,4.0
18,conjunction_blocks,conj_grid,2,1,24,targ_class2,-114.0,7.0
18,conjunction_blocks,conj_grid,2,1,25,dist_class2,-2.0,-1.0
18,conjunction_blocks,conj_grid,2,1,26,targ_class1,108.0,-13.0
18,conjunction_blocks,conj_grid,2,1,27,targ_class2,202.0,12.0
18,conjunction_blocks,conj_grid,2,1,28,dist_class1,321.0,-2.0
18,conjunction_blocks,conj_grid,2,1,29,dist_class2,-321.0,107.0
18,conjunction_blocks,conj_grid,2,1,30,targ_class2,-216.0,107.0
18,conjunction_blocks,conj_grid,2,1,31,dist_class1,-123.0,109.0
18,conjunction_blocks,conj_grid,2,1,32,targ_class1,8.0,117.0
18,conjunction_blocks,conj_grid,2,1,33,dist_class1,131.0,85.0
18,conjunction_blocks,conj_grid,2,1,34,dist_class2,207.0,76.0
18,conjunction_blocks,conj_grid,2,1,35,targ_class2,318.0,100.0
18,conjunction_blocks,conj_grid,2,1,36,targ_class2,-327.0,224.0
18,conjunction_blocks,conj_grid,2,1,37,targ_class2,-214.0,203.0
18,conjunction_blocks,conj_grid,2,1,38,targ_class1,-88.0,221.0
18,conjunction_blocks,conj_grid,2,1,39,dist_class1,-12.0,218.0
18,conjunction_blocks,conj_grid,2,1,40,targ_class1,104.0,216.0
18,conjunction_blocks,conj_grid,2,1,41,targ_class2,215.0,205.0
18,conjunction_blocks,conj_grid,2,1,42,dist_class2,324.0,210.0
18,conjunction_blocks,conj_grid,2,1,43,dist_class1,-326.0,334.0
18,conjunction_blocks,conj_grid,2,1,44,dist_class2,-221.0,315.0
18,conjunction_blocks,conj_grid,2,1,45,targ_class2,-122.0,331.0
18,conjunction_blocks,conj_grid,2,1,46,dist_class2,1.0,321.0
18,conjunction_blocks,conj_grid,2,1,47,dist_class2,139.0,332.0
18,conjunction_blocks,conj_grid,2,1,48,dist_class2,216.0,317.0
18,conjunction_blocks,conj_grid,2,1,49,dist_class2,333.0,333.0
18,conjunction_blocks,conj_grid,3,1,1,dist_class1,-336.0,-319.0
18,conjunction_blocks,conj_grid,3,1,2,targ_class2,-218.0,-313.0
18,conjunction_blocks,conj_grid,3,1,3,dist_class2,-98.0,-320.0
18,conjunction_blocks,conj_grid,3,1,4,targ_class1,-12.0,-320.0
18,conjunction_blocks,conj_grid,3,1,5,targ_class2,95.0,-324.0
18,conjunction_blocks,conj_grid,3,1,6,targ_class2,208.0,-330.0
18,conjunction_blocks,conj_grid,3,1,7,targ_class1,320.0,-312.0
18,conjunction_blocks,conj_grid,3,1,8,targ_class2,-315.0,-235.0
18,conjunction_blocks,conj_grid,3,1,9,dist_class1,-225.0,-222.0
18,conjunction_blocks,conj_grid,3,1,10,targ_class2,-110.0,-220.0
18,conjunction_blocks,conj_grid,3,1,11,dist_class1,-5.0,-210.0
18,conjunction_blocks,conj_grid,3,1,12,dist_class1,102.0,-212.0
18,conjunction_blocks,conj_grid,3,1,13,dist_class1,225.0,-226.0
18,conjunction_blocks,conj_grid,3,1,14,dist_class2,331.0,-203.0
18,conjunction_blocks,conj_grid,3,1,15,dist_class2,-315.0,-107.0
18,conjunction_blocks,conj_grid,3,1,16,dist_class1,-220.0,-121.0
18,conjunction_blocks,conj_grid,3,1,17,dist_class2,-114.0,-95.0
18,conjunction_blocks,conj_grid,3,1,18,dist_class2,-20.0,-122.0
18,conjunction_blocks,conj_grid,3,1,19,dist_class2,96.0,-123.0
18,conjunction_blocks,conj_grid,3,1,20,dist_class2,206.0,-86.0
18,conjunction_blocks,conj_grid,3,1,21,targ_class1,339.0,-100.0
18,conjunction_blocks,conj_grid,3,1,22,targ_class2,-331.0,-14.0
18,conjunction_blocks,conj_grid,3,1,23,dist_class2,-216.0,4.0
18,conjunction_blocks,conj_grid,3,1,24,targ_class1,-93.0,18.0
18,conjunction_blocks,conj_grid,3,1,25,targ_class1,6.0,-0.0
18,conjunction_blocks,conj_grid,3,1,26,targ_class2,104.0,3.0
18,conjunction_blocks,conj_grid,3,1,27,targ_class2,222.0,24.0
18,conjunction_blocks,conj_grid,3,1,28,targ_class2,330.0,3.0
18,conjunction_blocks,conj_grid,3,1,29,dist_class1,-324.0,101.0
18,conjunction_blocks,conj_grid,3,1,30,dist_class1,-225.0,100.0
18,conjunction_blocks,conj_grid,3,1,31,dist_class1,-124.0,118.0
18,conjunction_blocks,conj_grid,3,1,32,dist_class1,-18.0,109.0
18,conjunction_blocks,conj_grid,3,1,33,targ_class1,124.0,101.0
18,conjunction_blocks,conj_grid,3,1,34,targ_class1,217.0,88.0
18,conjunction_blocks,conj_grid,3,1,35,targ_class1,324.0,113.0
18,conjunction_blocks,conj_grid,3,1,36,targ_class2,-321.0,216.0
18,conjunction_blocks,conj_grid,3,1,37,dist_class2,-205.0,207.0
18,conjunction_blocks,conj_grid,3,1,38,targ_class1,-106.0,210.0
18,conjunction_blocks,conj_grid,3,1,39,dist_class1,3.0,230.0
18,conjunction_blocks,conj_grid,3,1,40,targ_class1,95.0,231.0
18,conjunction_blocks,conj_grid,3,1,41,dist_class2,220.0,209.0
18,conjunction_blocks,conj_grid,3,1,42,targ_class1,349.0,222.0
18,conjunction_blocks,conj_grid,3,1,43,targ_class1,-332.0,324.0
18,conjunction_blocks,conj_grid,3,1,44,dist_class2,-219.0,310.0
18,conjunction_blocks,conj_grid,3,1,45,dist_class2,-88.0,317.0
18,conjunction_blocks,conj_grid,3,1,46,targ_class2,-6.0,348.0
18,conjunction_blocks,conj_grid,3,1,47,dist_class1,95.0,300.0
18,conjunction_blocks,conj_grid,3,1,48,targ_class2,216.0,326.0
18,conjunction_blocks,conj_grid,3,1,49,dist_class2,323.0,325.0
18,conjunction_blocks,conj_rot,4,1,1,targ_class2,3.0,-468.0
18,conjunction_blocks,conj_rot,4,1,2,dist_class1,68.0,-397.0
18,conjunction_blocks,conj_rot,4,1,3,dist_class1,152.0,-298.0
18,conjunction_blocks,conj_rot,4,1,4,dist_class2,233.0,-229.0
18,conjunction_blocks,conj_rot,4,1,5,targ_class1,302.0,-142.0
18,conjunction_blocks,conj_rot,4,1,6,dist_class2,374.0,-80.0
18,conjunction_blocks,conj_rot,4,1,7,targ_class1,445.0,-7.0
18,conjunction_blocks,conj_rot,4,1,8,dist_class2,-97.0,-372.0
18,conjunction_blocks,conj_rot,4,1,9,dist_class2,-3.0,-300.0
18,conjunction_blocks,conj_rot,4,1,10,targ_class1,83.0,-227.0
18,conjunction_blocks,conj_rot,4,1,11,dist_class2,145.0,-155.0
18,conjunction_blocks,conj_rot,4,1,12,dist_class1,220.0,-81.0
18,conjunction_blocks,conj_rot,4,1,13,dist_class1,290.0,-23.0
18,conjunction_blocks,conj_rot,4,1,14,targ_class2,383.0,85.0
18,conjunction_blocks,conj_rot,4,1,15,targ_class1,-159.0,-310.0
18,conjunction_blocks,conj_rot,4,1,16,targ_class2,-75.0,-219.0
18,conjunction_blocks,conj_rot,4,1,17,targ_class2,17.0,-163.0
18,conjunction_blocks,conj_rot,4,1,18,targ_class2,91.0,-68.0
18,conjunction_blocks,conj_rot,4,1,19,dist_class1,141.0,-11.0
18,conjunction_blocks,conj_rot,4,1,20,dist_class1,238.0,72.0
18,conjunction_blocks,conj_rot,4,1,21,targ_class1,304.0,136.0
18,conjunction_blocks,conj_rot,4,1,22,dist_class2,-218.0,-232.0
18,conjunction_blocks,conj_rot,4,1,23,dist_class2,-151.0,-162.0
18,conjunction_blocks,conj_rot,4,1,24,dist_class2,-83.0,-73.0
18,conjunction_blocks,conj_rot,4,1,25,targ_class2,-2.0,-8.0
18,conjunction_blocks,conj_rot,4,1,26,dist_class2,61.0,72.0
18,conjunction_blocks,conj_rot,4,1,27,targ_class1,148.0,160.0
18,conjunction_blocks,conj_rot,4,1,28,dist_class1,210.0,216.0
18,conjunction_blocks,conj_rot,4,1,29,dist_class2,-316.0,-157.0
18,conjunction_blocks,conj_rot,4,1,30,dist_class1,-232.0,-63.0
18,conjunction_blocks,conj_rot,4,1,31,targ_class2,-152.0,-13.0
18,conjunction_blocks,conj_rot,4,1,32,targ_class2,-75.0,79.0
18,conjunction_blocks,conj_rot,4,1,33,targ_class2,6.0,164.0
18,conjunction_blocks,conj_rot,4,1,34,targ_class2,90.0,213.0
18,conjunction_blocks,conj_rot,4,1,35,targ_class1,152.0,304.0
18,conjunction_blocks,conj_rot,4,1,36,targ_class2,-378.0,-58.0
18,conjunction_blocks,conj_rot,4,1,37,targ_class1,-317.0,-13.0
18,conjunction_blocks,conj_rot,4,1,38,dist_class1,-220.0,79.0
18,conjunction_blocks,conj_rot,4,1,39,targ_class1,-159.0,161.0
18,conjunction_blocks,conj_rot,4,1,40,targ_class1,-57.0,231.0
18,conjunction_blocks,conj_rot,4,1,41,dist_class1,-1.0,290.0
18,conjunction_blocks,conj_rot,4,1,42,dist_class2,71.0,384.0
18,conjunction_blocks,conj_rot,4,1,43,targ_class1,-465.0,7.0
18,conjunction_blocks,conj_rot,4,1,44,dist_class1,-391.0,74.0
18,conjunction_blocks,conj_rot,4,1,45,dist_class2,-292.0,154.0
18,conjunction_blocks,conj_rot,4,1,46,targ_class1,-229.0,236.0
18,conjunction_blocks,conj_rot,4,1,47,targ_class2,-157.0,314.0
18,conjunction_blocks,conj_rot,4,1,48,dist_class2,-77.0,371.0
18,conjunction_blocks,conj_rot,4,1,49,dist_class1,-3.0,460.0
18,conjunction_blocks,conj_uni,0,1,1,dist_class1,-49.0,147.0
18,conjunction_blocks,conj_uni,0,1,2,targ_class2,-164.0,-174.0
18,conjunction_blocks,conj_uni,0,1,3,dist_class1,240.0,-28.0
18,conjunction_blocks,conj_uni,0,1,4,targ_class2,-23.0,35.0
18,conjunction_blocks,conj_uni,0,1,5,dist_class1,228.0,-248.0
18,conjunction_blocks,conj_uni,0,1,6,dist_class1,250.0,144.0
18,conjunction_blocks,conj_uni,0,1,7,targ_class2,-249.0,59.0
18,conjunction_blocks,conj_uni,0,1,8,dist_class1,-131.0,-342.0
18,conjunction_blocks,conj_uni,0,1,9,targ_class1,263.0,-99.0
18,conjunction_blocks,conj_uni,0,1,10,targ_class2,172.0,-253.0
18,conjunction_blocks,conj_uni,0,1,11,dist_class2,47.0,105.0
18,conjunction_blocks,conj_uni,0,1,12,targ_class1,-157.0,182.0
18,conjunction_blocks,conj_uni,0,1,13,dist_class2,336.0,30.0
18,conjunction_blocks,conj_uni,0,1,14,targ_class2,211.0,-78.0
18,conjunction_blocks,conj_uni,0,1,15,dist_class1,255.0,-297.0
18,conjunction_blocks,conj_uni,0,1,16,dist_class2,-232.0,-98.0
18,conjunction_blocks,conj_uni,0,1,17,dist_class2,319.0,-167.0
18,conjunction_blocks,conj_uni,0,1,18,targ_class1,-141.0,112.0
18,conjunction_blocks,conj_uni,0,1,19,targ_class1,-77.0,50.0
18,conjunction_blocks,conj_uni,0,1,20,targ_class1,-15.0,-101.0
18,conjunction_blocks,conj_uni,0,1,21,dist_class1,-232.0,-331.0
18,conjunction_blocks,conj_uni,0,1,22,dist_class2,-21.0,-39.0
18,conjunction_blocks,conj_uni,0,1,23,targ_class2,-295.0,-168.0
18,conjunction_blocks,conj_uni,0,1,24,dist_class2,55.0,261.0
18,conjunction_blocks,conj_uni,0,1,25,targ_class1,300.0,116.0
18,conjunction_blocks,conj_uni,0,1,26,dist_class2,-212.0,-279.0
18,conjunction_blocks,conj_uni,0,1,27,dist_class1,-64.0,-196.0
18,conjunction_blocks,conj_uni,0,1,28,dist_class2,179.0,247.0
18,conjunction_blocks,conj_uni,0,1,29,dist_class1,30.0,51.0
18,conjunction_blocks,conj_uni,0,1,30,dist_class2,-238.0,-229.0
18,conjunction_blocks,conj_uni,0,1,31,targ_class1,116.0,82.0
18,conjunction_blocks,conj_uni,0,1,32,dist_class1,-272.0,-58.0
18,conjunction_blocks,conj_uni,0,1,33,targ_class2,-48.0,322.0
18,conjunction_blocks,conj_uni,0,1,34,targ_class1,32.0,-59.0
18,conjunction_blocks,conj_uni,0,1,35,targ_class1,-184.0,-359.0
18,conjunction_blocks,conj_uni,0,1,36,targ_class2,-248.0,152.0
18,conjunction_blocks,conj_uni,0,1,37,targ_class2,-62.0,225.0
18,conjunction_blocks,conj_uni,0,1,38,targ_class2,186.0,-12.0
18,conjunction_blocks,conj_uni,0,1,39,targ_class1,346.0,239.0
18,conjunction_blocks,conj_uni,0,1,40,dist_class2,186.0,95.0
18,conjunction_blocks,conj_uni,0,1,41,dist_class2,-299.0,-112.0
18,conjunction_blocks,conj_uni,0,1,42,dist_class2,170.0,-196.0
18,conjunction_blocks,conj_uni,0,1,43,dist_class1,187.0,181.0
18,conjunction_blocks,conj_uni,0,1,44,targ_class2,-4.0,-207.0
18,conjunction_blocks,conj_uni,0,1,45,dist_class2,48.0,-226.0
18,conjunction_blocks,conj_uni,0,1,46,targ_class2,50.0,180.0
18,conjunction_blocks,conj_uni,0,1,47,targ_class1,294.0,-53.0
18,conjunction_blocks,conj_uni,0,1,48,dist_class1,242.0,89.0
18,conjunction_blocks,conj_uni,0,1,49,targ_class1,291.0,340.0
18,conjunction_blocks,conj_uni,3,1,1,targ_class2,8.0,-52.0
18,conjunction_blocks,conj_uni,3,1,2,dist_class2,-171.0,-111.0
18,conjunction_blocks,conj_uni,3,1,3,dist_class1,-86.0,211.0
18,conjunction_blocks,conj_uni,3,1,4,targ_class1,-118.0,-128.0
18,conjunction_blocks,conj_uni,3,1,5,targ_class1,148.0,-327.0
18,conjunction_blocks,conj_uni,3,1,6,dist_class1,225.0,-348.0
18,conjunction_blocks,conj_uni,3,1,7,targ_class2,331.0,55.0
18,conjunction_blocks,conj_uni,3,1,8,targ_class2,-210.0,-61.0
18,conjunction_blocks,conj_uni,3,1,9,dist_class2,-157.0,38.0
18,conjunction_blocks,conj_uni,3,1,10,targ_class1,-18.0,182.0
18,conjunction_blocks,conj_uni,3,1,11,dist_class2,143.0,31.0
18,conjunction_blocks,conj_uni,3,1,12,dist_class2,7.0,-158.0
18,conjunction_blocks,conj_uni,3,1,13,dist_class1,-31.0,-99.0
18,conjunction_blocks,conj_uni,3,1,14,dist_class2,144.0,-36.0
18,conjunction_blocks,conj_uni,3,1,15,dist_class2,154.0,98.0
18,conjunction_blocks,conj_uni,3,1,16,targ_class1,227.0,13.0
18,conjunction_blocks,conj_uni,3,1,17,dist_class2,-104.0,13.0
18,conjunction_blocks,conj_uni,3,1,18,targ_class2,280.0,-339.0
18,conjunction_blocks,conj_uni,3,1,19,dist_class1,-195.0,-164.0
18,conjunction_blocks,conj_uni,3,1,20,targ_class2,352.0,-234.0
18,conjunction_blocks,conj_uni,3,1,21,dist_class1,8.0,-213.0
18,conjunction_blocks,conj_uni,3,1,22,targ_class1,-227.0,95.0
18,conjunction_blocks,conj_uni,3,1,23,targ_class1,-271.0,-108.0
18,conjunction_blocks,conj_uni,3,1,24,targ_class1,224.0,222.0
18,conjunction_blocks,conj_uni,3,1,25,targ_class2,101.0,119.0
18,conjunction_blocks,conj_uni,3,1,26,targ_class1,339.0,159.0
18,conjunction_blocks,conj_uni,3,1,27,dist_class1,-342.0,176.0
18,conjunction_blocks,conj_uni,3,1,28,dist_class2,-334.0,-107.0
18,conjunction_blocks,conj_uni,3,1,29,dist_class1,-354.0,-337.0
18,conjunction_blocks,conj_uni,3,1,30,dist_class1,89.0,177.0
18,conjunction_blocks,conj_uni,3,1,31,dist_class1,137.0,-102.0
18,conjunction_blocks,conj_uni,3,1,32,dist_class1,276.0,159.0
18,conjunction_blocks,conj_uni,3,1,33,dist_class2,41.0,-260.0
18,conjunction_blocks,conj_uni,3,1,34,dist_class1,118.0,233.0
18,conjunction_blocks,conj_uni,3,1,35,targ_class1,227.0,-274.0
18,conjunction_blocks,conj_uni,3,1,36,dist_class1,-39.0,-243.0
18,conjunction_blocks,conj_uni,3,1,37,targ_class1,170.0,-275.0
18,conjunction_blocks,conj_uni,3,1,38,targ_class2,109.0,-239.0
18,conjunction_blocks,conj_uni,3,1,39,targ_class2,-320.0,244.0
18,conjunction_blocks,conj_uni,3,1,40,dist_class2,-96.0,282.0
18,conjunction_blocks,conj_uni,3,1,41,targ_class1,-77.0,-168.0
18,conjunction_blocks,conj_uni,3,1,42,targ_class1,145.0,185.0
18,conjunction_blocks,conj_uni,3,1,43,targ_class2,296.0,-238.0
18,conjunction_blocks,conj_uni,3,1,44,dist_class2,26.0,-105.0
18,conjunction_blocks,conj_uni,3,1,45,dist_class2,-11.0,-294.0
18,conjunction_blocks,conj_uni,3,1,46,targ_class2,-166.0,136.0
18,conjunction_blocks,conj_uni,3,1,47,dist_class2,51.0,-356.0
18,conjunction_blocks,conj_uni,3,1,48,targ_class2,-194.0,270.0
18,conjunction_blocks,conj_uni,3,1,49,targ_class2,-225.0,-229.0
18,conjunction_blocks,conj_rot,3,1,1,dist_class1,-6.0,-458.0
18,conjunction_blocks,conj_rot,3,1,2,targ_class2,83.0,-393.0
18,conjunction_blocks,conj_rot,3,1,3,dist_class1,148.0,-305.0
18,conjunction_blocks,conj_rot,3,1,4,targ_class2,223.0,-219.0
18,conjunction_blocks,conj_rot,3,1,5,targ_class1,316.0,-166.0
18,conjunction_blocks,conj_rot,3,1,6,dist_class2,384.0,-65.0
18,conjunction_blocks,conj_rot,3,1,7,targ_class1,441.0,-4.0
18,conjunction_blocks,conj_rot,3,1,8,targ_class2,-80.0,-370.0
18,conjunction_blocks,conj_rot,3,1,9,dist_class2,-4.0,-313.0
18,conjunction_blocks,conj_rot,3,1,10,dist_class2,63.0,-228.0
18,conjunction_blocks,conj_rot,3,1,11,dist_class1,166.0,-144.0
18,conjunction_blocks,conj_rot,3,1,12,targ_class1,226.0,-80.0
18,conjunction_blocks,conj_rot,3,1,13,dist_class1,322.0,-4.0
18,conjunction_blocks,conj_rot,3,1,14,targ_class2,409.0,79.0
18,conjunction_blocks,conj_rot,3,1,15,targ_class1,-146.0,-303.0
18,conjunction_blocks,conj_rot,3,1,16,dist_class2,-89.0,-228.0
18,conjunction_blocks,conj_rot,3,1,17,dist_class2,13.0,-153.0
18,conjunction_blocks,conj_rot,3,1,18,dist_class1,92.0,-84.0
18,conjunction_blocks,conj_rot,3,1,19,dist_class1,148.0,2.0
18,conjunction_blocks,conj_rot,3,1,20,targ_class1,209.0,68.0
18,conjunction_blocks,conj_rot,3,1,21,dist_class1,312.0,153.0
18,conjunction_blocks,conj_rot,3,1,22,targ_class1,-231.0,-207.0
18,conjunction_blocks,conj_rot,3,1,23,targ_class1,-141.0,-144.0
18,conjunction_blocks,conj_rot,3,1,24,dist_class1,-77.0,-82.0
18,conjunction_blocks,conj_rot,3,1,25,dist_class1,15.0,-5.0
18,conjunction_blocks,conj_rot,3,1,26,targ_class1,78.0,72.0
18,conjunction_blocks,conj_rot,3,1,27,targ_class1,134.0,143.0
18,conjunction_blocks,conj_rot,3,1,28,dist_class1,223.0,241.0
18,conjunction_blocks,conj_rot,3,1,29,dist_class2,-301.0,-146.0
18,conjunction_blocks,conj_rot,3,1,30,dist_class2,-250.0,-84.0
18,conjunction_blocks,conj_rot,3,1,31,dist_class2,-152.0,-11.0
18,conjunction_blocks,conj_rot,3,1,32,targ_class2,-85.0,78.0
18,conjunction_blocks,conj_rot,3,1,33,targ_class1,13.0,144.0
18,conjunction_blocks,conj_rot,3,1,34,targ_class2,63.0,226.0
18,conjunction_blocks,conj_rot,3,1,35,dist_class2,156.0,305.0
18,conjunction_blocks,conj_rot,3,1,36,targ_class2,-383.0,-87.0
18,conjunction_blocks,conj_rot,3,1,37,targ_class2,-301.0,-11.0
18,conjunction_blocks,conj_rot,3,1,38,dist_class1,-238.0,81.0
18,conjunction_blocks,conj_rot,3,1,39,targ_class2,-168.0,146.0
18,conjunction_blocks,conj_rot,3,1,40,targ_class2,-84.0,229.0
18,conjunction_blocks,conj_rot,3,1,41,dist_class2,-5.0,312.0
18,conjunction_blocks,conj_rot,3,1,42,dist_class2,86.0,378.0
18,conjunction_blocks,conj_rot,3,1,43,targ_class1,-452.0,-1.0
18,conjunction_blocks,conj_rot,3,1,44,dist_class1,-383.0,57.0
18,conjunction_blocks,conj_rot,3,1,45,targ_class1,-304.0,159.0
18,conjunction_blocks,conj_rot,3,1,46,targ_class2,-230.0,236.0
18,conjunction_blocks,conj_rot,3,1,47,dist_class2,-167.0,313.0
18,conjunction_blocks,conj_rot,3,1,48,dist_class2,-67.0,389.0
18,conjunction_blocks,conj_rot,3,1,49,targ_class2,-5.0,469.0
18,conjunction_blocks,conj_rot,0,1,1,dist_class1,2.0,-469.0
18,conjunction_blocks,conj_rot,0,1,2,targ_class2,92.0,-377.0
18,conjunction_blocks,conj_rot,0,1,3,targ_class1,153.0,-286.0
18,conjunction_blocks,conj_rot,0,1,4,dist_class1,213.0,-229.0
18,conjunction_blocks,conj_rot,0,1,5,targ_class1,310.0,-140.0
18,conjunction_blocks,conj_rot,0,1,6,targ_class1,391.0,-77.0
18,conjunction_blocks,conj_rot,0,1,7,dist_class1,459.0,-7.0
18,conjunction_blocks,conj_rot,0,1,8,dist_class2,-82.0,-397.0
18,conjunction_blocks,conj_rot,0,1,9,dist_class2,16.0,-295.0
18,conjunction_blocks,conj_rot,0,1,10,dist_class2,79.0,-218.0
18,conjunction_blocks,conj_rot,0,1,11,dist_class2,164.0,-150.0
18,conjunction_blocks,conj_rot,0,1,12,dist_class2,225.0,-66.0
18,conjunction_blocks,conj_rot,0,1,13,dist_class2,298.0,12.0
18,conjunction_blocks,conj_rot,0,1,14,targ_class1,373.0,82.0
18,conjunction_blocks,conj_rot,0,1,15,dist_class1,-164.0,-309.0
18,conjunction_blocks,conj_rot,0,1,16,dist_class1,-79.0,-233.0
18,conjunction_blocks,conj_rot,0,1,17,dist_class1,8.0,-150.0
18,conjunction_blocks,conj_rot,0,1,18,targ_class1,74.0,-74.0
18,conjunction_blocks,conj_rot,0,1,19,dist_class2,150.0,-16.0
18,conjunction_blocks,conj_rot,0,1,20,dist_class1,242.0,60.0
18,conjunction_blocks,conj_rot,0,1,21,targ_class1,284.0,161.0
18,conjunction_blocks,conj_rot,0,1,22,dist_class1,-234.0,-242.0
18,conjunction_blocks,conj_rot,0,1,23,dist_class1,-156.0,-140.0
18,conjunction_blocks,conj_rot,0,1,24,targ_class2,-78.0,-83.0
18,conjunction_blocks,conj_rot,0,1,25,targ_class1,3.0,0.0
18,conjunction_blocks,conj_rot,0,1,26,dist_class2,88.0,67.0
18,conjunction_blocks,conj_rot,0,1,27,dist_class2,154.0,152.0
18,conjunction_blocks,conj_rot,0,1,28,targ_class2,229.0,224.0
18,conjunction_blocks,conj_rot,0,1,29,dist_class2,-298.0,-162.0
18,conjunction_blocks,conj_rot,0,1,30,targ_class2,-212.0,-80.0
18,conjunction_blocks,conj_rot,0,1,31,targ_class2,-164.0,7.0
18,conjunction_blocks,conj_rot,0,1,32,dist_class2,-73.0,92.0
18,conjunction_blocks,conj_rot,0,1,33,targ_class2,-3.0,133.0
18,conjunction_blocks,conj_rot,0,1,34,targ_class1,82.0,217.0
18,conjunction_blocks,conj_rot,0,1,35,targ_class2,168.0,317.0
18,conjunction_blocks,conj_rot,0,1,36,targ_class2,-371.0,-88.0
18,conjunction_blocks,conj_rot,0,1,37,targ_class1,-300.0,-6.0
18,conjunction_blocks,conj_rot,0,1,38,dist_class1,-217.0,88.0
18,conjunction_blocks,conj_rot,0,1,39,targ_class2,-138.0,157.0
18,conjunction_blocks,conj_rot,0,1,40,dist_class1,-89.0,236.0
18,conjunction_blocks,conj_rot,0,1,41,targ_class1,-6.0,292.0
18,conjunction_blocks,conj_rot,0,1,42,targ_class1,78.0,388.0
18,conjunction_blocks,conj_rot,0,1,43,dist_class1,-475.0,-3.0
18,conjunction_blocks,conj_rot,0,1,44,targ_class2,-372.0,94.0
18,conjunction_blocks,conj_rot,0,1,45,targ_class1,-291.0,144.0
18,conjunction_blocks,conj_rot,0,1,46,dist_class2,-236.0,214.0
18,conjunction_blocks,conj_rot,0,1,47,targ_class2,-133.0,295.0
18,conjunction_blocks,conj_rot,0,1,48,dist_class2,-78.0,385.0
18,conjunction_blocks,conj_rot,0,1,49,targ_class2,-7.0,463.0
18,conjunction_blocks,conj_uni,4,1,1,dist_class2,219.0,-26.0
18,conjunction_blocks,conj_uni,4,1,2,targ_class1,-260.0,108.0
18,conjunction_blocks,conj_uni,4,1,3,targ_class1,316.0,-63.0
18,conjunction_blocks,conj_uni,4,1,4,targ_class2,360.0,289.0
18,conjunction_blocks,conj_uni,4,1,5,dist_class1,-53.0,32.0
18,conjunction_blocks,conj_uni,4,1,6,targ_class2,316.0,-275.0
18,conjunction_blocks,conj_uni,4,1,7,targ_class1,-45.0,-37.0
18,conjunction_blocks,conj_uni,4,1,8,dist_class2,-259.0,-46.0
18,conjunction_blocks,conj_uni,4,1,9,dist_class2,-209.0,-327.0
18,conjunction_blocks,conj_uni,4,1,10,targ_class2,253.0,153.0
18,conjunction_blocks,conj_uni,4,1,11,dist_class1,303.0,-219.0
18,conjunction_blocks,conj_uni,4,1,12,targ_class1,-121.0,241.0
18,conjunction_blocks,conj_uni,4,1,13,targ_class1,51.0,-325.0
18,conjunction_blocks,conj_uni,4,1,14,dist_class1,31.0,-272.0
18,conjunction_blocks,conj_uni,4,1,15,targ_class2,178.0,-168.0
18,conjunction_blocks,conj_uni,4,1,16,dist_class1,269.0,87.0
18,conjunction_blocks,conj_uni,4,1,17,dist_class2,-194.0,-172.0
18,conjunction_blocks,conj_uni,4,1,18,targ_class1,-268.0,-224.0
18,conjunction_blocks,conj_uni,4,1,19,dist_class1,-27.0,-101.0
18,conjunction_blocks,conj_uni,4,1,20,targ_class1,-149.0,15.0
18,conjunction_blocks,conj_uni,4,1,21,targ_class1,79.0,54.0
18,conjunction_blocks,conj_uni,4,1,22,targ_class2,-212.0,-106.0
18,conjunction_blocks,conj_uni,4,1,23,dist_class2,-309.0,338.0
18,conjunction_blocks,conj_uni,4,1,24,targ_class1,-137.0,187.0
18,conjunction_blocks,conj_uni,4,1,25,targ_class2,-250.0,-171.0
18,conjunction_blocks,conj_uni,4,1,26,targ_class1,-204.0,100.0
18,conjunction_blocks,conj_uni,4,1,27,dist_class2,194.0,95.0
18,conjunction_blocks,conj_uni,4,1,28,dist_class2,-241.0,167.0
18,conjunction_blocks,conj_uni,4,1,29,dist_class1,186.0,150.0
18,conjunction_blocks,conj_uni,4,1,30,dist_class1,-128.0,-104.0
18,conjunction_blocks,conj_uni,4,1,31,dist_class1,115.0,-192.0
18,conjunction_blocks,conj_uni,4,1,32,dist_class2,-354.0,-27.0
18,conjunction_blocks,conj_uni,4,1,33,dist_class2,-138.0,-168.0
18,conjunction_blocks,conj_uni,4,1,34,targ_class2,-359.0,279.0
18,conjunction_blocks,conj_uni,4,1,35,dist_class1,-173.0,-38.0
18,conjunction_blocks,conj_uni,4,1,36,targ_class2,338.0,-115.0
18,conjunction_blocks,conj_uni,4,1,37,dist_class2,9.0,-58.0
18,conjunction_blocks,conj_uni,4,1,38,targ_class2,-91.0,125.0
18,conjunction_blocks,conj_uni,4,1,39,targ_class2,-176.0,148.0
18,conjunction_blocks,conj_uni,4,1,40,dist_class1,159.0,14.0
18,conjunction_blocks,conj_uni,4,1,41,dist_class2,-175.0,256.0
18,conjunction_blocks,conj_uni,4,1,42,dist_class1,-140.0,-240.0
18,conjunction_blocks,conj_uni,4,1,43,targ_class2,-220.0,-6.0
18,conjunction_blocks,conj_uni,4,1,44,dist_class1,-320.0,17.0
18,conjunction_blocks,conj_uni,4,1,45,dist_class2,-82.0,182.0
18,conjunction_blocks,conj_uni,4,1,46,targ_class1,-193.0,202.0
18,conjunction_blocks,conj_uni,4,1,47,dist_class2,185.0,-224.0
18,conjunction_blocks,conj_uni,4,1,48,targ_class2,-197.0,45.0
18,conjunction_blocks,conj_uni,4,1,49,targ_class1,114.0,-275.0
18,conjunction_blocks,conj_grid,4,1,1,targ_class1,-319.0,-319.0
18,conjunction_blocks,conj_grid,4,1,2,dist_class1,-220.0,-311.0
18,conjunction_blocks,conj_grid,4,1,3,targ_class1,-104.0,-316.0
18,conjunction_blocks,conj_grid,4,1,4,dist_class2,9.0,-330.0
18,conjunction_blocks,conj_grid,4,1,5,targ_class1,107.0,-332.0
18,conjunction_blocks,conj_grid,4,1,6,targ_class1,228.0,-338.0
18,conjunction_blocks,conj_grid,4,1,7,targ_class1,325.0,-321.0
18,conjunction_blocks,conj_grid,4,1,8,targ_class1,-309.0,-218.0
18,conjunction_blocks,conj_grid,4,1,9,dist_class1,-214.0,-223.0
18,conjunction_blocks,conj_grid,4,1,10,dist_class1,-96.0,-213.0
18,conjunction_blocks,conj_grid,4,1,11,targ_class2,16.0,-227.0
18,conjunction_blocks,conj_grid,4,1,12,dist_class1,107.0,-208.0
18,conjunction_blocks,conj_grid,4,1,13,dist_class2,219.0,-218.0
18,conjunction_blocks,conj_grid,4,1,14,dist_class1,311.0,-209.0
18,conjunction_blocks,conj_grid,4,1,15,targ_class2,-321.0,-112.0
18,conjunction_blocks,conj_grid,4,1,16,targ_class2,-215.0,-95.0
18,conjunction_blocks,conj_grid,4,1,17,dist_class2,-103.0,-113.0
18,conjunction_blocks,conj_grid,4,1,18,dist_class1,-10.0,-115.0
18,conjunction_blocks,conj_grid,4,1,19,dist_class2,135.0,-96.0
18,conjunction_blocks,conj_grid,4,1,20,dist_class1,218.0,-108.0
18,conjunction_blocks,conj_grid,4,1,21,targ_class1,313.0,-110.0
18,conjunction_blocks,conj_grid,4,1,22,dist_class2,-308.0,-7.0
18,conjunction_blocks,conj_grid,4,1,23,targ_class2,-228.0,2.0
18,conjunction_blocks,conj_grid,4,1,24,dist_class2,-112.0,4.0
18,conjunction_blocks,conj_grid,4,1,25,targ_class2,16.0,-12.0
18,conjunction_blocks,conj_grid,4,1,26,dist_class2,111.0,-5.0
18,conjunction_blocks,conj_grid,4,1,27,dist_class1,222.0,3.0
18,conjunction_blocks,conj_grid,4,1,28,targ_class1,317.0,5.0
18,conjunction_blocks,conj_grid,4,1,29,targ_class2,-331.0,108.0
18,conjunction_blocks,conj_grid,4,1,30,targ_class2,-215.0,107.0
18,conjunction_blocks,conj_grid,4,1,31,dist_class2,-105.0,101.0
18,conjunction_blocks,conj_grid,4,1,32,dist_class1,1.0,116.0
18,conjunction_blocks,conj_grid,4,1,33,targ_class2,91.0,101.0
18,conjunction_blocks,conj_grid,4,1,34,dist_class1,228.0,94.0
18,conjunction_blocks,conj_grid,4,1,35,targ_class2,311.0,94.0
18,conjunction_blocks,conj_grid,4,1,36,targ_class1,-363.0,213.0
18,conjunction_blocks,conj_grid,4,1,37,dist_class2,-228.0,233.0
18,conjunction_blocks,conj_grid,4,1,38,dist_class2,-106.0,230.0
18,conjunction_blocks,conj_grid,4,1,39,dist_class1,5.0,221.0
18,conjunction_blocks,conj_grid,4,1,40,targ_class1,112.0,213.0
18,conjunction_blocks,conj_grid,4,1,41,targ_class2,204.0,214.0
18,conjunction_blocks,conj_grid,4,1,42,targ_class2,323.0,219.0
18,conjunction_blocks,conj_grid,4,1,43,dist_class2,-311.0,336.0
18,conjunction_blocks,conj_grid,4,1,44,dist_class2,-209.0,323.0
18,conjunction_blocks,conj_grid,4,1,45,targ_class1,-110.0,331.0
18,conjunction_blocks,conj_grid,4,1,46,targ_class2,0.0,306.0
18,conjunction_blocks,conj_grid,4,1,47,dist_class1,121.0,323.0
18,conjunction_blocks,conj_grid,4,1,48,dist_class2,225.0,315.0
18,conjunction_blocks,conj_grid,4,1,49,targ_class1,317.0,316.0
18,conjunction_blocks,conj_rot,2,1,1,dist_class1,-4.0,-440.0
18,conjunction_blocks,conj_rot,2,1,2,targ_class2,67.0,-387.0
18,conjunction_blocks,conj_rot,2,1,3,targ_class2,158.0,-311.0
18,conjunction_blocks,conj_rot,2,1,4,dist_class1,228.0,-219.0
18,conjunction_blocks,conj_rot,2,1,5,targ_class1,310.0,-163.0
18,conjunction_blocks,conj_rot,2,1,6,dist_class2,364.0,-85.0
18,conjunction_blocks,conj_rot,2,1,7,dist_class1,457.0,5.0
18,conjunction_blocks,conj_rot,2,1,8,targ_class2,-61.0,-372.0
18,conjunction_blocks,conj_rot,2,1,9,dist_class2,-1.0,-326.0
18,conjunction_blocks,conj_rot,2,1,10,dist_class1,62.0,-231.0
18,conjunction_blocks,conj_rot,2,1,11,dist_class2,144.0,-156.0
18,conjunction_blocks,conj_rot,2,1,12,targ_class2,230.0,-76.0
18,conjunction_blocks,conj_rot,2,1,13,targ_class2,295.0,-0.0
18,conjunction_blocks,conj_rot,2,1,14,dist_class2,389.0,80.0
18,conjunction_blocks,conj_rot,2,1,15,targ_class2,-158.0,-302.0
18,conjunction_blocks,conj_rot,2,1,16,targ_class2,-56.0,-216.0
18,conjunction_blocks,conj_rot,2,1,17,targ_class2,-3.0,-158.0
18,conjunction_blocks,conj_rot,2,1,18,targ_class2,67.0,-81.0
18,conjunction_blocks,conj_rot,2,1,19,targ_class1,138.0,-10.0
18,conjunction_blocks,conj_rot,2,1,20,dist_class1,223.0,102.0
18,conjunction_blocks,conj_rot,2,1,21,dist_class2,311.0,166.0
18,conjunction_blocks,conj_rot,2,1,22,dist_class2,-241.0,-229.0
18,conjunction_blocks,conj_rot,2,1,23,targ_class1,-143.0,-172.0
18,conjunction_blocks,conj_rot,2,1,24,targ_class1,-82.0,-75.0
18,conjunction_blocks,conj_rot,2,1,25,targ_class2,-9.0,5.0
18,conjunction_blocks,conj_rot,2,1,26,dist_class1,70.0,68.0
18,conjunction_blocks,conj_rot,2,1,27,dist_class2,157.0,153.0
18,conjunction_blocks,conj_rot,2,1,28,targ_class1,246.0,234.0
18,conjunction_blocks,conj_rot,2,1,29,targ_class1,-306.0,-137.0
18,conjunction_blocks,conj_rot,2,1,30,targ_class1,-230.0,-68.0
18,conjunction_blocks,conj_rot,2,1,31,targ_class1,-150.0,-9.0
18,conjunction_blocks,conj_rot,2,1,32,dist_class2,-78.0,75.0
18,conjunction_blocks,conj_rot,2,1,33,targ_class1,9.0,138.0
18,conjunction_blocks,conj_rot,2,1,34,dist_class2,85.0,227.0
18,conjunction_blocks,conj_rot,2,1,35,dist_class2,157.0,309.0
18,conjunction_blocks,conj_rot,2,1,36,targ_class2,-380.0,-87.0
18,conjunction_blocks,conj_rot,2,1,37,targ_class1,-301.0,11.0
18,conjunction_blocks,conj_rot,2,1,38,targ_class1,-213.0,78.0
18,conjunction_blocks,conj_rot,2,1,39,dist_class2,-140.0,171.0
18,conjunction_blocks,conj_rot,2,1,40,dist_class1,-82.0,231.0
18,conjunction_blocks,conj_rot,2,1,41,dist_class1,1.0,319.0
18,conjunction_blocks,conj_rot,2,1,42,dist_class1,61.0,393.0
18,conjunction_blocks,conj_rot,2,1,43,dist_class2,-455.0,-7.0
18,conjunction_blocks,conj_rot,2,1,44,dist_class1,-388.0,77.0
18,conjunction_blocks,conj_rot,2,1,45,dist_class2,-285.0,156.0
18,conjunction_blocks,conj_rot,2,1,46,dist_class1,-220.0,234.0
18,conjunction_blocks,conj_rot,2,1,47,targ_class1,-162.0,312.0
18,conjunction_blocks,conj_rot,2,1,48,targ_class2,-79.0,390.0
18,conjunction_blocks,conj_rot,2,1,49,dist_class1,6.0,469.0
18,conjunction_blocks,conj_grid,0,1,1,dist_class1,-319.0,-326.0
18,conjunction_blocks,conj_grid,0,1,2,targ_class2,-217.0,-301.0
18,conjunction_blocks,conj_grid,0,1,3,targ_class1,-108.0,-319.0
18,conjunction_blocks,conj_grid,0,1,4,dist_class2,6.0,-320.0
18,conjunction_blocks,conj_grid,0,1,5,dist_class1,115.0,-316.0
18,conjunction_blocks,conj_grid,0,1,6,targ_class1,209.0,-322.0
18,conjunction_blocks,conj_grid,0,1,7,targ_class2,324.0,-337.0
18,conjunction_blocks,conj_grid,0,1,8,dist_class2,-325.0,-215.0
18,conjunction_blocks,conj_grid,0,1,9,targ_class1,-218.0,-210.0
18,conjunction_blocks,conj_grid,0,1,10,dist_class2,-105.0,-235.0
18,conjunction_blocks,conj_grid,0,1,11,targ_class1,-10.0,-217.0
18,conjunction_blocks,conj_grid,0,1,12,dist_class1,116.0,-205.0
18,conjunction_blocks,conj_grid,0,1,13,dist_class2,212.0,-220.0
18,conjunction_blocks,conj_grid,0,1,14,dist_class1,326.0,-229.0
18,conjunction_blocks,conj_grid,0,1,15,dist_class1,-331.0,-114.0
18,conjunction_blocks,conj_grid,0,1,16,targ_class2,-209.0,-90.0
18,conjunction_blocks,conj_grid,0,1,17,targ_class2,-97.0,-82.0
18,conjunction_blocks,conj_grid,0,1,18,dist_class2,-22.0,-115.0
18,conjunction_blocks,conj_grid,0,1,19,targ_class1,118.0,-119.0
18,conjunction_blocks,conj_grid,0,1,20,dist_class2,217.0,-99.0
18,conjunction_blocks,conj_grid,0,1,21,dist_class1,322.0,-102.0
18,conjunction_blocks,conj_grid,0,1,22,targ_class1,-330.0,-9.0
18,conjunction_blocks,conj_grid,0,1,23,targ_class1,-201.0,21.0
18,conjunction_blocks,conj_grid,0,1,24,targ_class1,-115.0,8.0
18,conjunction_blocks,conj_grid,0,1,25,targ_class2,3.0,-10.0
18,conjunction_blocks,conj_grid,0,1,26,targ_class2,123.0,7.0
18,conjunction_blocks,conj_grid,0,1,27,dist_class1,226.0,-4.0
18,conjunction_blocks,conj_grid,0,1,28,targ_class1,333.0,-15.0
18,conjunction_blocks,conj_grid,0,1,29,dist_class2,-335.0,117.0
18,conjunction_blocks,conj_grid,0,1,30,targ_class2,-220.0,104.0
18,conjunction_blocks,conj_grid,0,1,31,targ_class2,-111.0,119.0
18,conjunction_blocks,conj_grid,0,1,32,dist_class1,12.0,111.0
18,conjunction_blocks,conj_grid,0,1,33,targ_class2,100.0,124.0
18,conjunction_blocks,conj_grid,0,1,34,dist_class2,221.0,124.0
18,conjunction_blocks,conj_grid,0,1,35,targ_class1,327.0,124.0
18,conjunction_blocks,conj_grid,0,1,36,dist_class2,-331.0,234.0
18,conjunction_blocks,conj_grid,0,1,37,dist_class2,-220.0,216.0
18,conjunction_blocks,conj_grid,0,1,38,targ_class1,-110.0,210.0
18,conjunction_blocks,conj_grid,0,1,39,dist_class1,-13.0,217.0
18,conjunction_blocks,conj_grid,0,1,40,targ_class2,125.0,223.0
18,conjunction_blocks,conj_grid,0,1,41,targ_class2,216.0,216.0
18,conjunction_blocks,conj_grid,0,1,42,dist_class2,331.0,211.0
18,conjunction_blocks,conj_grid,0,1,43,dist_class1,-317.0,315.0
18,conjunction_blocks,conj_grid,0,1,44,dist_class2,-228.0,324.0
18,conjunction_blocks,conj_grid,0,1,45,dist_class1,-120.0,335.0
18,conjunction_blocks,conj_grid,0,1,46,targ_class1,4.0,332.0
18,conjunction_blocks,conj_grid,0,1,47,dist_class1,102.0,331.0
18,conjunction_blocks,conj_grid,0,1,48,targ_class2,206.0,332.0
18,conjunction_blocks,conj_grid,0,1,49,dist_class2,323.0,324.0
18,conjunction_blocks,conj_grid,1,1,1,dist_class2,-313.0,-330.0
18,conjunction_blocks,conj_grid,1,1,2,dist_class2,-221.0,-332.0
18,conjunction_blocks,conj_grid,1,1,3,dist_class1,-105.0,-311.0
18,conjunction_blocks,conj_grid,1,1,4,targ_class1,-8.0,-309.0
18,conjunction_blocks,conj_grid,1,1,5,dist_class1,133.0,-353.0
18,conjunction_blocks,conj_grid,1,1,6,targ_class2,218.0,-314.0
18,conjunction_blocks,conj_grid,1,1,7,dist_class2,304.0,-346.0
18,conjunction_blocks,conj_grid,1,1,8,targ_class2,-327.0,-207.0
18,conjunction_blocks,conj_grid,1,1,9,targ_class2,-219.0,-225.0
18,conjunction_blocks,conj_grid,1,1,10,targ_class2,-106.0,-209.0
18,conjunction_blocks,conj_grid,1,1,11,dist_class2,10.0,-211.0
18,conjunction_blocks,conj_grid,1,1,12,targ_class2,105.0,-204.0
18,conjunction_blocks,conj_grid,1,1,13,dist_class2,202.0,-217.0
18,conjunction_blocks,conj_grid,1,1,14,targ_class2,335.0,-220.0
18,conjunction_blocks,conj_grid,1,1,15,targ_class2,-332.0,-104.0
18,conjunction_blocks,conj_grid,1,1,16,dist_class1,-217.0,-115.0
18,conjunction_blocks,conj_grid,1,1,17,targ_class1,-118.0,-98.0
18,conjunction_blocks,conj_grid,1,1,18,dist_class2,-5.0,-92.0
18,conjunction_blocks,conj_grid,1,1,19,targ_class2,98.0,-121.0
18,conjunction_blocks,conj_grid,1,1,20,targ_class2,232.0,-119.0
18,conjunction_blocks,conj_grid,1,1,21,dist_class1,330.0,-109.0
18,conjunction_blocks,conj_grid,1,1,22,dist_class1,-314.0,8.0
18,conjunction_blocks,conj_grid,1,1,23,dist_class1,-202.0,-6.0
18,conjunction_blocks,conj_grid,1,1,24,targ_class1,-104.0,7.0
18,conjunction_blocks,conj_grid,1,1,25,dist_class1,4.0,-3.0
18,conjunction_blocks,conj_grid,1,1,26,dist_class1,98.0,-6.0
18,conjunction_blocks,conj_grid,1,1,27,dist_class2,209.0,-9.0
18,conjunction_blocks,conj_grid,1,1,28,targ_class1,331.0,-8.0
18,conjunction_blocks,conj_grid,1,1,29,dist_class2,-338.0,116.0
18,conjunction_blocks,conj_grid,1,1,30,dist_class2,-227.0,109.0
18,conjunction_blocks,conj_grid,1,1,31,dist_class1,-114.0,110.0
18,conjunction_blocks,conj_grid,1,1,32,targ_class1,-15.0,114.0
18,conjunction_blocks,conj_grid,1,1,33,dist_class1,121.0,113.0
18,conjunction_blocks,conj_grid,1,1,34,targ_class1,213.0,110.0
18,conjunction_blocks,conj_grid,1,1,35,dist_class2,332.0,120.0
18,conjunction_blocks,conj_grid,1,1,36,targ_class2,-313.0,210.0
18,conjunction_blocks,conj_grid,1,1,37,targ_class1,-210.0,229.0
18,conjunction_blocks,conj_grid,1,1,38,targ_class1,-79.0,216.0
18,conjunction_blocks,conj_grid,1,1,39,dist_class2,-7.0,225.0
18,conjunction_blocks,conj_grid,1,1,40,targ_class1,108.0,198.0
18,conjunction_blocks,conj_grid,1,1,41,targ_class1,234.0,218.0
18,conjunction_blocks,conj_grid,1,1,42,targ_class2,305.0,212.0
18,conjunction_blocks,conj_grid,1,1,43,targ_class1,-324.0,325.0
18,conjunction_blocks,conj_grid,1,1,44,dist_class2,-216.0,330.0
18,conjunction_blocks,conj_grid,1,1,45,targ_class2,-119.0,309.0
18,conjunction_blocks,conj_grid,1,1,46,dist_class1,4.0,340.0
18,conjunction_blocks,conj_grid,1,1,47,targ_class1,120.0,317.0
18,conjunction_blocks,conj_grid,1,1,48,dist_class2,214.0,331.0
18,conjunction_blocks,conj_grid,1,1,49,dist_class1,325.0,310.0
18,conjunction_blocks,conj_uni,2,1,1,dist_class1,-223.0,-253.0
18,conjunction_blocks,conj_uni,2,1,2,dist_class2,-33.0,185.0
18,conjunction_blocks,conj_uni,2,1,3,dist_class2,-195.0,-302.0
18,conjunction_blocks,conj_uni,2,1,4,targ_class2,76.0,194.0
18,conjunction_blocks,conj_uni,2,1,5,targ_class2,-188.0,-357.0
18,conjunction_blocks,conj_uni,2,1,6,targ_class2,313.0,-211.0
18,conjunction_blocks,conj_uni,2,1,7,targ_class1,-297.0,-25.0
18,conjunction_blocks,conj_uni,2,1,8,dist_class2,-299.0,81.0
18,conjunction_blocks,conj_uni,2,1,9,dist_class1,-352.0,255.0
18,conjunction_blocks,conj_uni,2,1,10,targ_class2,221.0,-19.0
18,conjunction_blocks,conj_uni,2,1,11,targ_class2,356.0,168.0
18,conjunction_blocks,conj_uni,2,1,12,targ_class2,-119.0,296.0
18,conjunction_blocks,conj_uni,2,1,13,dist_class2,-71.0,36.0
18,conjunction_blocks,conj_uni,2,1,14,dist_class1,-213.0,156.0
18,conjunction_blocks,conj_uni,2,1,15,targ_class1,-80.0,215.0
18,conjunction_blocks,conj_uni,2,1,16,targ_class1,-4.0,232.0
18,conjunction_blocks,conj_uni,2,1,17,dist_class2,155.0,234.0
18,conjunction_blocks,conj_uni,2,1,18,dist_class1,257.0,-210.0
18,conjunction_blocks,conj_uni,2,1,19,targ_class1,-291.0,311.0
18,conjunction_blocks,conj_uni,2,1,20,dist_class2,95.0,-62.0
18,conjunction_blocks,conj_uni,2,1,21,dist_class1,295.0,-97.0
18,conjunction_blocks,conj_uni,2,1,22,targ_class1,-12.0,338.0
18,conjunction_blocks,conj_uni,2,1,23,dist_class1,-25.0,-45.0
18,conjunction_blocks,conj_uni,2,1,24,targ_class1,265.0,332.0
18,conjunction_blocks,conj_uni,2,1,25,dist_class2,7.0,-0.0
18,conjunction_blocks,conj_uni,2,1,26,dist_class2,106.0,-267.0
18,conjunction_blocks,conj_uni,2,1,27,targ_class1,-327.0,134.0
18,conjunction_blocks,conj_uni,2,1,28,targ_class2,93.0,-323.0
18,conjunction_blocks,conj_uni,2,1,29,dist_class1,201.0,-191.0
18,conjunction_blocks,conj_uni,2,1,30,targ_class1,168.0,179.0
18,conjunction_blocks,conj_uni,2,1,31,targ_class2,-25.0,69.0
18,conjunction_blocks,conj_uni,2,1,32,targ_class2,343.0,-67.0
18,conjunction_blocks,conj_uni,2,1,33,targ_class2,306.0,-152.0
18,conjunction_blocks,conj_uni,2,1,34,targ_class1,-355.0,-152.0
18,conjunction_blocks,conj_uni,2,1,35,dist_class2,-291.0,-129.0
18,conjunction_blocks,conj_uni,2,1,36,dist_class1,-272.0,-75.0
18,conjunction_blocks,conj_uni,2,1,37,dist_class1,-73.0,99.0
18,conjunction_blocks,conj_uni,2,1,38,dist_class2,68.0,327.0
18,conjunction_blocks,conj_uni,2,1,39,targ_class1,-252.0,-195.0
18,conjunction_blocks,conj_uni,2,1,40,targ_class1,369.0,-211.0
18,conjunction_blocks,conj_uni,2,1,41,dist_class1,19.0,105.0
18,conjunction_blocks,conj_uni,2,1,42,dist_class2,-130.0,-332.0
18,conjunction_blocks,conj_uni,2,1,43,targ_class2,34.0,50.0
18,conjunction_blocks,conj_uni,2,1,44,dist_class1,72.0,121.0
18,conjunction_blocks,conj_uni,2,1,45,dist_class2,37.0,-67.0
18,conjunction_blocks,conj_uni,2,1,46,targ_class2,-197.0,-203.0
18,conjunction_blocks,conj_uni,2,1,47,dist_class2,246.0,52.0
18,conjunction_blocks,conj_uni,2,1,48,dist_class1,27.0,280.0
18,conjunction_blocks,conj_uni,2,1,49,targ_class1,173.0,-97.0
18,conjunction_blocks,conj_uni,2,2,1,dist_class2,203.0,176.0
18,conjunction_blocks,conj_uni,2,2,2,dist_class1,252.0,203.0
18,conjunction_blocks,conj_uni,2,2,3,dist_class2,-48.0,58.0
18,conjunction_blocks,conj_uni,2,2,4,dist_class2,345.0,-222.0
18,conjunction_blocks,conj_uni,2,2,5,targ_class1,111.0,87.0
18,conjunction_blocks,conj_uni,2,2,6,targ_class2,-134.0,304.0
18,conjunction_blocks,conj_uni,2,2,7,targ_class2,-20.0,-348.0
18,conjunction_blocks,conj_uni,2,2,8,dist_class1,-130.0,-232.0
18,conjunction_blocks,conj_uni,2,2,9,dist_class2,-330.0,-20.0
18,conjunction_blocks,conj_uni,2,2,10,dist_class2,24.0,204.0
18,conjunction_blocks,conj_uni,2,2,11,targ_class2,213.0,-259.0
18,conjunction_blocks,conj_uni,2,2,12,targ_class1,-225.0,-64.0
18,conjunction_blocks,conj_uni,2,2,13,dist_class2,255.0,258.0
18,conjunction_blocks,conj_uni,2,2,14,dist_class1,-59.0,258.0
18,conjunction_blocks,conj_uni,2,2,15,targ_class1,118.0,167.0
18,conjunction_blocks,conj_uni,2,2,16,targ_class2,-271.0,75.0
18,conjunction_blocks,conj_uni,2,2,17,targ_class1,-364.0,44.0
18,conjunction_blocks,conj_uni,2,2,18,targ_class2,-12.0,-252.0
18,conjunction_blocks,conj_uni,2,2,19,dist_class1,315.0,119.0
18,conjunction_blocks,conj_uni,2,2,20,dist_class1,293.0,301.0
18,conjunction_blocks,conj_uni,2,2,21,targ_class2,-226.0,-7.0
18,conjunction_blocks,conj_uni,2,2,22,dist_class2,-249.0,-246.0
18,conjunction_blocks,conj_uni,2,2,23,dist_class1,-89.0,-271.0
18,conjunction_blocks,conj_uni,2,2,24,dist_class1,346.0,-165.0
18,conjunction_blocks,conj_uni,2,2,25,targ_class1,-84.0,-52.0
18,conjunction_blocks,conj_uni,2,2,26,dist_class2,-71.0,117.0
18,conjunction_blocks,conj_uni,2,2,27,targ_class2,-295.0,-280.0
18,conjunction_blocks,conj_uni,2,2,28,targ_class1,216.0,-72.0
18,conjunction_blocks,conj_uni,2,2,29,targ_class1,121.0,-321.0
18,conjunction_blocks,conj_uni,2,2,30,dist_class1,154.0,123.0
18,conjunction_blocks,conj_uni,2,2,31,dist_class2,156.0,-259.0
18,conjunction_blocks,conj_uni,2,2,32,targ_class1,334.0,65.0
18,conjunction_blocks,conj_uni,2,2,33,dist_class2,-307.0,30.0
18,conjunction_blocks,conj_uni,2,2,34,dist_class1,-326.0,85.0
18,conjunction_blocks,conj_uni,2,2,35,dist_class1,185.0,305.0
18,conjunction_blocks,conj_uni,2,2,36,targ_class2,-59.0,314.0
18,conjunction_blocks,conj_uni,2,2,37,targ_class1,-296.0,349.0
18,conjunction_blocks,conj_uni,2,2,38,targ_class1,185.0,-202.0
18,conjunction_blocks,conj_uni,2,2,39,targ_class1,201.0,245.0
18,conjunction_blocks,conj_uni,2,2,40,targ_class1,-37.0,162.0
18,conjunction_blocks,conj_uni,2,2,41,dist_class2,-220.0,145.0
18,conjunction_blocks,conj_uni,2,2,42,dist_class1,157.0,22.0
18,conjunction_blocks,conj_uni,2,2,43,targ_class2,-239.0,346.0
18,conjunction_blocks,conj_uni,2,2,44,dist_class2,34.0,259.0
18,conjunction_blocks,conj_uni,2,2,45,targ_class2,78.0,-286.0
18,conjunction_blocks,conj_uni,2,2,46,dist_class1,-243.0,-191.0
18,conjunction_blocks,conj_uni,2,2,47,targ_class2,101.0,31.0
18,conjunction_blocks,conj_uni,2,2,48,targ_class2,167.0,-46.0
18,conjunction_blocks,conj_uni,2,2,49,dist_class2,-151.0,-345.0
18,conjunction_blocks,conj_uni,1,1,1,dist_class2,-63.0,359.0
18,conjunction_blocks,conj_uni,1,1,2,targ_class1,348.0,271.0
18,conjunction_blocks,conj_uni,1,1,3,targ_class1,90.0,253.0
18,conjunction_blocks,conj_uni,1,1,4,dist_class2,-86.0,-151.0
18,conjunction_blocks,conj_uni,1,1,5,dist_class1,-210.0,-152.0
18,conjunction_blocks,conj_uni,1,1,6,dist_class1,-308.0,217.0
18,conjunction_blocks,conj_uni,1,1,7,dist_class1,-189.0,-203.0
18,conjunction_blocks,conj_uni,1,1,8,dist_class2,-27.0,220.0
18,conjunction_blocks,conj_uni,1,1,9,targ_class2,-117.0,344.0
18,conjunction_blocks,conj_uni,1,1,10,dist_class2,94.0,317.0
18,conjunction_blocks,conj_uni,1,1,11,targ_class2,17.0,255.0
18,conjunction_blocks,conj_uni,1,1,12,dist_class2,-164.0,-32.0
18,conjunction_blocks,conj_uni,1,1,13,dist_class1,-198.0,217.0
18,conjunction_blocks,conj_uni,1,1,14,targ_class1,-296.0,-107.0
18,conjunction_blocks,conj_uni,1,1,15,targ_class1,-130.0,235.0
18,conjunction_blocks,conj_uni,1,1,16,dist_class2,128.0,-296.0
18,conjunction_blocks,conj_uni,1,1,17,targ_class2,287.0,122.0
18,conjunction_blocks,conj_uni,1,1,18,targ_class1,131.0,-65.0
18,conjunction_blocks,conj_uni,1,1,19,targ_class2,-204.0,7.0
18,conjunction_blocks,conj_uni,1,1,20,dist_class2,-12.0,-207.0
18,conjunction_blocks,conj_uni,1,1,21,targ_class2,-193.0,-336.0
18,conjunction_blocks,conj_uni,1,1,22,targ_class2,-67.0,182.0
18,conjunction_blocks,conj_uni,1,1,23,dist_class1,303.0,-87.0
18,conjunction_blocks,conj_uni,1,1,24,dist_class2,103.0,-14.0
18,conjunction_blocks,conj_uni,1,1,25,targ_class1,-74.0,-241.0
18,conjunction_blocks,conj_uni,1,1,26,dist_class1,-140.0,-232.0
18,conjunction_blocks,conj_uni,1,1,27,targ_class1,-292.0,44.0
18,conjunction_blocks,conj_uni,1,1,28,dist_class1,-137.0,292.0
18,conjunction_blocks,conj_uni,1,1,29,targ_class2,81.0,-243.0
18,conjunction_blocks,conj_uni,1,1,30,dist_class1,-357.0,-149.0
18,conjunction_blocks,conj_uni,1,1,31,targ_class2,-177.0,-107.0
18,conjunction_blocks,conj_uni,1,1,32,targ_class1,362.0,-62.0
18,conjunction_blocks,conj_uni,1,1,33,targ_class1,-273.0,-197.0
18,conjunction_blocks,conj_uni,1,1,34,dist_class1,-121.0,-106.0
18,conjunction_blocks,conj_uni,1,1,35,targ_class2,325.0,-333.0
18,conjunction_blocks,conj_uni,1,1,36,targ_class2,3.0,172.0
18,conjunction_blocks,conj_uni,1,1,37,targ_class1,188.0,61.0
18,conjunction_blocks,conj_uni,1,1,38,dist_class1,258.0,-23.0
18,conjunction_blocks,conj_uni,1,1,39,dist_class1,175.0,-145.0
18,conjunction_blocks,conj_uni,1,1,40,dist_class2,28.0,-348.0
18,conjunction_blocks,conj_uni,1,1,41,dist_class2,-66.0,-97.0
18,conjunction_blocks,conj_uni,1,1,42,targ_class2,-269.0,276.0
18,conjunction_blocks,conj_uni,1,1,43,dist_class2,351.0,-118.0
18,conjunction_blocks,conj_uni,1,1,44,targ_class1,331.0,157.0
18,conjunction_blocks,conj_uni,1,1,45,targ_class2,171.0,-26.0
18,conjunction_blocks,conj_uni,1,1,46,targ_class1,196.0,263.0
18,conjunction_blocks,conj_uni,1,1,47,dist_class2,-141.0,-161.0
18,conjunction_blocks,conj_uni,1,1,48,dist_class2,328.0,-15.0
18,conjunction_blocks,conj_uni,1,1,49,dist_class1,-290.0,-33.0
18,conjunction_blocks,conj_rot,1,1,1,targ_class1,24.0,-469.0
18,conjunction_blocks,conj_rot,1,1,2,targ_class2,72.0,-397.0
18,conjunction_blocks,conj_rot,1,1,3,targ_class2,170.0,-304.0
18,conjunction_blocks,conj_rot,1,1,4,targ_class2,241.0,-244.0
18,conjunction_blocks,conj_rot,1,1,5,dist_class2,296.0,-151.0
18,conjunction_blocks,conj_rot,1,1,6,dist_class1,376.0,-83.0
18,conjunction_blocks,conj_rot,1,1,7,dist_class1,463.0,-9.0
18,conjunction_blocks,conj_rot,1,1,8,dist_class1,-87.0,-372.0
18,conjunction_blocks,conj_rot,1,1,9,targ_class1,7.0,-318.0
18,conjunction_blocks,conj_rot,1,1,10,targ_class2,65.0,-226.0
18,conjunction_blocks,conj_rot,1,1,11,targ_class1,143.0,-162.0
18,conjunction_blocks,conj_rot,1,1,12,dist_class1,240.0,-74.0
18,conjunction_blocks,conj_rot,1,1,13,dist_class1,316.0,14.0
18,conjunction_blocks,conj_rot,1,1,14,dist_class1,387.0,72.0
18,conjunction_blocks,conj_rot,1,1,15,targ_class2,-151.0,-305.0
18,conjunction_blocks,conj_rot,1,1,16,dist_class1,-65.0,-236.0
18,conjunction_blocks,conj_rot,1,1,17,dist_class1,7.0,-148.0
18,conjunction_blocks,conj_rot,1,1,18,dist_class2,67.0,-75.0
18,conjunction_blocks,conj_rot,1,1,19,targ_class1,139.0,-8.0
18,conjunction_blocks,conj_rot,1,1,20,targ_class2,225.0,69.0
18,conjunction_blocks,conj_rot,1,1,21,targ_class2,311.0,147.0
18,conjunction_blocks,conj_rot,1,1,22,targ_class1,-215.0,-216.0
18,conjunction_blocks,conj_rot,1,1,23,dist_class1,-153.0,-165.0
18,conjunction_blocks,conj_rot,1,1,24,targ_class2,-62.0,-80.0
18,conjunction_blocks,conj_rot,1,1,25,dist_class1,16.0,-15.0
18,conjunction_blocks,conj_rot,1,1,26,targ_class1,74.0,83.0
18,conjunction_blocks,conj_rot,1,1,27,targ_class2,154.0,144.0
18,conjunction_blocks,conj_rot,1,1,28,dist_class2,232.0,223.0
18,conjunction_blocks,conj_rot,1,1,29,dist_class2,-275.0,-155.0
18,conjunction_blocks,conj_rot,1,1,30,targ_class1,-222.0,-65.0
18,conjunction_blocks,conj_rot,1,1,31,dist_class2,-153.0,19.0
18,conjunction_blocks,conj_rot,1,1,32,dist_class1,-90.0,57.0
18,conjunction_blocks,conj_rot,1,1,33,targ_class2,-18.0,162.0
18,conjunction_blocks,conj_rot,1,1,34,dist_class2,83.0,236.0
18,conjunction_blocks,conj_rot,1,1,35,dist_class2,158.0,278.0
18,conjunction_blocks,conj_rot,1,1,36,dist_class2,-399.0,-60.0
18,conjunction_blocks,conj_rot,1,1,37,targ_class1,-314.0,-5.0
18,conjunction_blocks,conj_rot,1,1,38,dist_class2,-236.0,85.0
18,conjunction_blocks,conj_rot,1,1,39,dist_class1,-144.0,141.0
18,conjunction_blocks,conj_rot,1,1,40,targ_class2,-79.0,242.0
18,conjunction_blocks,conj_rot,1,1,41,targ_class2,-18.0,306.0
18,conjunction_blocks,conj_rot,1,1,42,targ_class1,59.0,375.0
18,conjunction_blocks,conj_rot,1,1,43,dist_class2,-478.0,1.0
18,conjunction_blocks,conj_rot,1,1,44,dist_class2,-366.0,78.0
18,conjunction_blocks,conj_rot,1,1,45,targ_class1,-290.0,152.0
18,conjunction_blocks,conj_rot,1,1,46,targ_class1,-236.0,228.0
18,conjunction_blocks,conj_rot,1,1,47,targ_class1,-157.0,317.0
18,conjunction_blocks,conj_rot,1,1,48,dist_class2,-74.0,390.0
18,conjunction_blocks,conj_rot,1,1,49,dist_class2,-29.0,476.0
18,prac_feat,feat_grid,0,1,1,dist_class2,-326.0,-333.0
18,prac_feat,feat_grid,0,1,2,dist_class2,-231.0,-327.0
18,prac_feat,feat_grid,0,1,3,targ_class2,-120.0,-311.0
18,prac_feat,feat_grid,0,1,4,targ_class2,2.0,-322.0
18,prac_feat,feat_grid,0,1,5,targ_class2,115.0,-329.0
18,prac_feat,feat_grid,0,1,6,dist_class1,217.0,-338.0
18,prac_feat,feat_grid,0,1,7,dist_class2,317.0,-313.0
18,prac_feat,feat_grid,0,1,8,targ_class1,-316.0,-202.0
18,prac_feat,feat_grid,0,1,9,dist_class1,-201.0,-226.0
18,prac_feat,feat_grid,0,1,10,targ_class2,-116.0,-230.0
18,prac_feat,feat_grid,0,1,11,targ_class1,14.0,-206.0
18,prac_feat,feat_grid,0,1,12,dist_class1,109.0,-222.0
18,prac_feat,feat_grid,0,1,13,targ_class2,219.0,-210.0
18,prac_feat,feat_grid,0,1,14,dist_class2,337.0,-218.0
18,prac_feat,feat_grid,0,1,15,dist_class1,-338.0,-103.0
18,prac_feat,feat_grid,0,1,16,targ_class1,-195.0,-117.0
18,prac_feat,feat_grid,0,1,17,dist_class2,-100.0,-96.0
18,prac_feat,feat_grid,0,1,18,targ_class2,-10.0,-104.0
18,prac_feat,feat_grid,0,1,19,dist_class1,113.0,-110.0
18,prac_feat,feat_grid,0,1,20,dist_class1,224.0,-107.0
18,prac_feat,feat_grid,0,1,21,targ_class1,304.0,-113.0
18,prac_feat,feat_grid,0,1,22,targ_class1,-315.0,-3.0
18,prac_feat,feat_grid,0,1,23,targ_class1,-230.0,22.0
18,prac_feat,feat_grid,0,1,24,dist_class2,-102.0,-23.0
18,prac_feat,feat_grid,0,1,25,dist_class2,-13.0,4.0
18,prac_feat,feat_grid,0,1,26,targ_class2,118.0,-5.0
18,prac_feat,feat_grid,0,1,27,dist_class2,226.0,-21.0
18,prac_feat,feat_grid,0,1,28,dist_class1,316.0,2.0
18,prac_feat,feat_grid,0,1,29,targ_class1,-320.0,96.0
18,prac_feat,feat_grid,0,1,30,dist_class1,-224.0,99.0
18,prac_feat,feat_grid,0,1,31,dist_class2,-107.0,104.0
18,prac_feat,feat_grid,0,1,32,targ_class2,17.0,112.0
18,prac_feat,feat_grid,0,1,33,dist_class1,100.0,120.0
18,prac_feat,feat_grid,0,1,34,dist_class1,221.0,110.0
18,prac_feat,feat_grid,0,1,35,targ_class1,323.0,96.0
18,prac_feat,feat_grid,0,1,36,targ_class1,-321.0,197.0
18,prac_feat,feat_grid,0,1,37,dist_class2,-203.0,218.0
18,prac_feat,feat_grid,0,1,38,targ_class2,-125.0,210.0
18,prac_feat,feat_grid,0,1,39,targ_class1,-4.0,212.0
18,prac_feat,feat_grid,0,1,40,dist_class1,113.0,217.0
18,prac_feat,feat_grid,0,1,41,dist_class2,222.0,220.0
18,prac_feat,feat_grid,0,1,42,targ_class1,330.0,207.0
18,prac_feat,feat_grid,0,1,43,targ_class2,-321.0,332.0
18,prac_feat,feat_grid,0,1,44,targ_class2,-213.0,336.0
18,prac_feat,feat_grid,0,1,45,dist_class2,-100.0,313.0
18,prac_feat,feat_grid,0,1,46,targ_class2,6.0,324.0
18,prac_feat,feat_grid,0,1,47,dist_class1,114.0,322.0
18,prac_feat,feat_grid,0,1,48,dist_class2,214.0,321.0
18,prac_feat,feat_grid,0,1,49,targ_class1,320.0,339.0
18,prac_feat,feat_grid,1,1,1,dist_class2,-304.0,-320.0
18,prac_feat,feat_grid,1,1,2,targ_class1,-224.0,-327.0
18,prac_feat,feat_grid,1,1,3,dist_class2,-107.0,-323.0
18,prac_feat,feat_grid,1,1,4,dist_class2,2.0,-334.0
18,prac_feat,feat_grid,1,1,5,targ_class1,121.0,-322.0
18,prac_feat,feat_grid,1,1,6,targ_class1,217.0,-331.0
18,prac_feat,feat_grid,1,1,7,targ_class2,334.0,-311.0
18,prac_feat,feat_grid,1,1,8,dist_class2,-328.0,-213.0
18,prac_feat,feat_grid,1,1,9,dist_class1,-204.0,-232.0
18,prac_feat,feat_grid,1,1,10,dist_class1,-102.0,-187.0
18,prac_feat,feat_grid,1,1,11,dist_class1,-14.0,-217.0
18,prac_feat,feat_grid,1,1,12,targ_class1,110.0,-221.0
18,prac_feat,feat_grid,1,1,13,dist_class1,219.0,-230.0
18,prac_feat,feat_grid,1,1,14,targ_class2,338.0,-208.0
18,prac_feat,feat_grid,1,1,15,targ_class1,-329.0,-100.0
18,prac_feat,feat_grid,1,1,16,dist_class1,-208.0,-105.0
18,prac_feat,feat_grid,1,1,17,dist_class2,-107.0,-111.0
18,prac_feat,feat_grid,1,1,18,targ_class1,4.0,-115.0
18,prac_feat,feat_grid,1,1,19,dist_class2,114.0,-117.0
18,prac_feat,feat_grid,1,1,20,dist_class1,232.0,-110.0
18,prac_feat,feat_grid,1,1,21,targ_class1,324.0,-98.0
18,prac_feat,feat_grid,1,1,22,targ_class2,-323.0,-9.0
18,prac_feat,feat_grid,1,1,23,dist_class1,-217.0,-13.0
18,prac_feat,feat_grid,1,1,24,targ_class2,-121.0,3.0
18,prac_feat,feat_grid,1,1,25,targ_class2,-2.0,23.0
18,prac_feat,feat_grid,1,1,26,targ_class1,122.0,15.0
18,prac_feat,feat_grid,1,1,27,targ_class1,222.0,5.0
18,prac_feat,feat_grid,1,1,28,targ_class2,328.0,3.0
18,prac_feat,feat_grid,1,1,29,dist_class2,-322.0,102.0
18,prac_feat,feat_grid,1,1,30,dist_class2,-207.0,116.0
18,prac_feat,feat_grid,1,1,31,targ_class2,-101.0,104.0
18,prac_feat,feat_grid,1,1,32,targ_class2,-14.0,116.0
18,prac_feat,feat_grid,1,1,33,dist_class2,112.0,93.0
18,prac_feat,feat_grid,1,1,34,dist_class1,199.0,107.0
18,prac_feat,feat_grid,1,1,35,targ_class1,332.0,96.0
18,prac_feat,feat_grid,1,1,36,targ_class2,-337.0,214.0
18,prac_feat,feat_grid,1,1,37,dist_class2,-221.0,203.0
18,prac_feat,feat_grid,1,1,38,targ_class1,-101.0,224.0
18,prac_feat,feat_grid,1,1,39,targ_class2,22.0,219.0
18,prac_feat,feat_grid,1,1,40,targ_class2,104.0,211.0
18,prac_feat,feat_grid,1,1,41,targ_class2,221.0,213.0
18,prac_feat,feat_grid,1,1,42,dist_class1,316.0,216.0
18,prac_feat,feat_grid,1,1,43,dist_class1,-340.0,335.0
18,prac_feat,feat_grid,1,1,44,dist_class1,-212.0,321.0
18,prac_feat,feat_grid,1,1,45,dist_class1,-92.0,326.0
18,prac_feat,feat_grid,1,1,46,dist_class2,-10.0,324.0
18,prac_feat,feat_grid,1,1,47,targ_class1,103.0,320.0
18,prac_feat,feat_grid,1,1,48,dist_class2,221.0,315.0
18,prac_feat,feat_grid,1,1,49,dist_class2,328.0,328.0
18,feature_blocks,feat_rot,1,1,1,dist_class2,2.0,-435.0
18,feature_blocks,feat_rot,1,1,2,targ_class1,86.0,-355.0
18,feature_blocks,feat_rot,1,1,3,targ_class2,155.0,-321.0
18,feature_blocks,feat_rot,1,1,4,targ_class1,229.0,-236.0
18,feature_blocks,feat_rot,1,1,5,dist_class2,301.0,-151.0
18,feature_blocks,feat_rot,1,1,6,dist_class1,387.0,-72.0
18,feature_blocks,feat_rot,1,1,7,dist_class2,461.0,-11.0
18,feature_blocks,feat_rot,1,1,8,dist_class1,-42.0,-379.0
18,feature_blocks,feat_rot,1,1,9,targ_class2,2.0,-292.0
18,feature_blocks,feat_rot,1,1,10,targ_class1,72.0,-227.0
18,feature_blocks,feat_rot,1,1,11,targ_class2,151.0,-148.0
18,feature_blocks,feat_rot,1,1,12,targ_class2,220.0,-68.0
18,feature_blocks,feat_rot,1,1,13,targ_class2,299.0,9.0
18,feature_blocks,feat_rot,1,1,14,dist_class2,360.0,80.0
18,feature_blocks,feat_rot,1,1,15,dist_class2,-166.0,-318.0
18,feature_blocks,feat_rot,1,1,16,dist_class2,-70.0,-230.0
18,feature_blocks,feat_rot,1,1,17,dist_class1,12.0,-156.0
18,feature_blocks,feat_rot,1,1,18,dist_class1,83.0,-80.0
18,feature_blocks,feat_rot,1,1,19,dist_class1,153.0,-1.0
18,feature_blocks,feat_rot,1,1,20,dist_class1,241.0,65.0
18,feature_blocks,feat_rot,1,1,21,dist_class1,314.0,154.0
18,feature_blocks,feat_rot,1,1,22,targ_class2,-224.0,-228.0
18,feature_blocks,feat_rot,1,1,23,dist_class1,-165.0,-153.0
18,feature_blocks,feat_rot,1,1,24,dist_class1,-62.0,-81.0
18,feature_blocks,feat_rot,1,1,25,targ_class1,8.0,-1.0
18,feature_blocks,feat_rot,1,1,26,dist_class2,85.0,70.0
18,feature_blocks,feat_rot,1,1,27,targ_class2,147.0,153.0
18,feature_blocks,feat_rot,1,1,28,targ_class1,228.0,234.0
18,feature_blocks,feat_rot,1,1,29,targ_class2,-288.0,-144.0
18,feature_blocks,feat_rot,1,1,30,targ_class2,-221.0,-74.0
18,feature_blocks,feat_rot,1,1,31,targ_class2,-163.0,5.0
18,feature_blocks,feat_rot,1,1,32,targ_class1,-62.0,78.0
18,feature_blocks,feat_rot,1,1,33,dist_class1,-29.0,158.0
18,feature_blocks,feat_rot,1,1,34,targ_class2,72.0,231.0
18,feature_blocks,feat_rot,1,1,35,dist_class2,166.0,318.0
18,feature_blocks,feat_rot,1,1,36,dist_class2,-373.0,-64.0
18,feature_blocks,feat_rot,1,1,37,targ_class1,-311.0,22.0
18,feature_blocks,feat_rot,1,1,38,targ_class1,-246.0,80.0
18,feature_blocks,feat_rot,1,1,39,targ_class1,-159.0,148.0
18,feature_blocks,feat_rot,1,1,40,targ_class2,-78.0,214.0
18,feature_blocks,feat_rot,1,1,41,dist_class1,-3.0,304.0
18,feature_blocks,feat_rot,1,1,42,dist_class1,80.0,379.0
18,feature_blocks,feat_rot,1,1,43,targ_class1,-463.0,3.0
18,feature_blocks,feat_rot,1,1,44,dist_class2,-378.0,84.0
18,feature_blocks,feat_rot,1,1,45,dist_class2,-293.0,156.0
18,feature_blocks,feat_rot,1,1,46,dist_class2,-221.0,215.0
18,feature_blocks,feat_rot,1,1,47,targ_class1,-146.0,297.0
18,feature_blocks,feat_rot,1,1,48,dist_class2,-93.0,402.0
18,feature_blocks,feat_rot,1,1,49,targ_class1,-4.0,473.0
18,feature_blocks,feat_rot,4,1,1,targ_class1,3.0,-442.0
18,feature_blocks,feat_rot,4,1,2,dist_class1,97.0,-382.0
18,feature_blocks,feat_rot,4,1,3,dist_class1,137.0,-298.0
18,feature_blocks,feat_rot,4,1,4,dist_class1,237.0,-219.0
18,feature_blocks,feat_rot,4,1,5,targ_class2,291.0,-176.0
18,feature_blocks,feat_rot,4,1,6,targ_class2,381.0,-70.0
18,feature_blocks,feat_rot,4,1,7,dist_class2,452.0,9.0
18,feature_blocks,feat_rot,4,1,8,dist_class2,-75.0,-376.0
18,feature_blocks,feat_rot,4,1,9,targ_class1,-11.0,-331.0
18,feature_blocks,feat_rot,4,1,10,targ_class1,72.0,-207.0
18,feature_blocks,feat_rot,4,1,11,targ_class1,163.0,-152.0
18,feature_blocks,feat_rot,4,1,12,dist_class2,235.0,-95.0
18,feature_blocks,feat_rot,4,1,13,dist_class2,297.0,7.0
18,feature_blocks,feat_rot,4,1,14,targ_class1,377.0,82.0
18,feature_blocks,feat_rot,4,1,15,targ_class2,-157.0,-280.0
18,feature_blocks,feat_rot,4,1,16,dist_class1,-96.0,-216.0
18,feature_blocks,feat_rot,4,1,17,targ_class1,2.0,-166.0
18,feature_blocks,feat_rot,4,1,18,dist_class2,82.0,-63.0
18,feature_blocks,feat_rot,4,1,19,dist_class1,163.0,14.0
18,feature_blocks,feat_rot,4,1,20,targ_class2,235.0,73.0
18,feature_blocks,feat_rot,4,1,21,dist_class1,307.0,147.0
18,feature_blocks,feat_rot,4,1,22,targ_class2,-233.0,-228.0
18,feature_blocks,feat_rot,4,1,23,targ_class2,-150.0,-161.0
18,feature_blocks,feat_rot,4,1,24,dist_class1,-73.0,-87.0
18,feature_blocks,feat_rot,4,1,25,dist_class1,-2.0,14.0
18,feature_blocks,feat_rot,4,1,26,dist_class2,89.0,63.0
18,feature_blocks,feat_rot,4,1,27,targ_class2,147.0,152.0
18,feature_blocks,feat_rot,4,1,28,dist_class1,234.0,229.0
18,feature_blocks,feat_rot,4,1,29,targ_class1,-300.0,-147.0
18,feature_blocks,feat_rot,4,1,30,targ_class1,-243.0,-74.0
18,feature_blocks,feat_rot,4,1,31,targ_class2,-173.0,-10.0
18,feature_blocks,feat_rot,4,1,32,dist_class2,-79.0,84.0
18,feature_blocks,feat_rot,4,1,33,targ_class1,-6.0,165.0
18,feature_blocks,feat_rot,4,1,34,dist_class1,78.0,224.0
18,feature_blocks,feat_rot,4,1,35,targ_class2,143.0,301.0
18,feature_blocks,feat_rot,4,1,36,dist_class1,-387.0,-71.0
18,feature_blocks,feat_rot,4,1,37,targ_class1,-313.0,19.0
18,feature_blocks,feat_rot,4,1,38,dist_class2,-225.0,78.0
18,feature_blocks,feat_rot,4,1,39,targ_class2,-156.0,148.0
18,feature_blocks,feat_rot,4,1,40,dist_class2,-80.0,241.0
18,feature_blocks,feat_rot,4,1,41,dist_class1,-12.0,308.0
18,feature_blocks,feat_rot,4,1,42,dist_class2,94.0,379.0
18,feature_blocks,feat_rot,4,1,43,dist_class2,-454.0,-19.0
18,feature_blocks,feat_rot,4,1,44,targ_class1,-394.0,83.0
18,feature_blocks,feat_rot,4,1,45,dist_class2,-305.0,153.0
18,feature_blocks,feat_rot,4,1,46,targ_class2,-221.0,246.0
18,feature_blocks,feat_rot,4,1,47,targ_class2,-159.0,285.0
18,feature_blocks,feat_rot,4,1,48,targ_class1,-84.0,380.0
18,feature_blocks,feat_rot,4,1,49,dist_class2,1.0,472.0
18,feature_blocks,feat_rot,3,1,1,dist_class2,16.0,-457.0
18,feature_blocks,feat_rot,3,1,2,dist_class1,79.0,-388.0
18,feature_blocks,feat_rot,3,1,3,dist_class2,168.0,-305.0
18,feature_blocks,feat_rot,3,1,4,dist_class2,231.0,-237.0
18,feature_blocks,feat_rot,3,1,5,targ_class2,316.0,-150.0
18,feature_blocks,feat_rot,3,1,6,dist_class1,368.0,-88.0
18,feature_blocks,feat_rot,3,1,7,dist_class2,452.0,2.0
18,feature_blocks,feat_rot,3,1,8,targ_class1,-79.0,-376.0
18,feature_blocks,feat_rot,3,1,9,dist_class2,-17.0,-304.0
18,feature_blocks,feat_rot,3,1,10,targ_class1,79.0,-226.0
18,feature_blocks,feat_rot,3,1,11,targ_class1,151.0,-155.0
18,feature_blocks,feat_rot,3,1,12,targ_class2,237.0,-87.0
18,feature_blocks,feat_rot,3,1,13,dist_class2,308.0,-4.0
18,feature_blocks,feat_rot,3,1,14,dist_class1,407.0,77.0
18,feature_blocks,feat_rot,3,1,15,targ_class2,-151.0,-306.0
18,feature_blocks,feat_rot,3,1,16,dist_class2,-77.0,-223.0
18,feature_blocks,feat_rot,3,1,17,dist_class1,18.0,-151.0
18,feature_blocks,feat_rot,3,1,18,dist_class1,70.0,-75.0
18,feature_blocks,feat_rot,3,1,19,targ_class2,149.0,22.0
18,feature_blocks,feat_rot,3,1,20,targ_class1,240.0,69.0
18,feature_blocks,feat_rot,3,1,21,targ_class2,316.0,141.0
18,feature_blocks,feat_rot,3,1,22,targ_class1,-220.0,-226.0
18,feature_blocks,feat_rot,3,1,23,dist_class2,-146.0,-161.0
18,feature_blocks,feat_rot,3,1,24,dist_class1,-88.0,-87.0
18,feature_blocks,feat_rot,3,1,25,targ_class1,2.0,1.0
18,feature_blocks,feat_rot,3,1,26,targ_class1,74.0,87.0
18,feature_blocks,feat_rot,3,1,27,dist_class1,146.0,154.0
18,feature_blocks,feat_rot,3,1,28,targ_class2,235.0,242.0
18,feature_blocks,feat_rot,3,1,29,targ_class1,-302.0,-156.0
18,feature_blocks,feat_rot,3,1,30,dist_class2,-228.0,-65.0
18,feature_blocks,feat_rot,3,1,31,targ_class2,-145.0,5.0
18,feature_blocks,feat_rot,3,1,32,targ_class2,-78.0,72.0
18,feature_blocks,feat_rot,3,1,33,targ_class1,-12.0,156.0
18,feature_blocks,feat_rot,3,1,34,dist_class1,75.0,260.0
18,feature_blocks,feat_rot,3,1,35,dist_class1,150.0,292.0
18,feature_blocks,feat_rot,3,1,36,targ_class2,-392.0,-68.0
18,feature_blocks,feat_rot,3,1,37,dist_class2,-310.0,-3.0
18,feature_blocks,feat_rot,3,1,38,targ_class1,-235.0,93.0
18,feature_blocks,feat_rot,3,1,39,dist_class1,-156.0,149.0
18,feature_blocks,feat_rot,3,1,40,dist_class2,-73.0,244.0
18,feature_blocks,feat_rot,3,1,41,targ_class1,4.0,317.0
18,feature_blocks,feat_rot,3,1,42,targ_class2,67.0,381.0
18,feature_blocks,feat_rot,3,1,43,targ_class2,-460.0,3.0
18,feature_blocks,feat_rot,3,1,44,dist_class2,-388.0,89.0
18,feature_blocks,feat_rot,3,1,45,targ_class2,-307.0,147.0
18,feature_blocks,feat_rot,3,1,46,dist_class2,-231.0,237.0
18,feature_blocks,feat_rot,3,1,47,dist_class1,-180.0,315.0
18,feature_blocks,feat_rot,3,1,48,targ_class1,-82.0,383.0
18,feature_blocks,feat_rot,3,1,49,dist_class1,-2.0,444.0
18,feature_blocks,feat_grid,1,1,1,dist_class1,-323.0,-323.0
18,feature_blocks,feat_grid,1,1,2,dist_class2,-214.0,-327.0
18,feature_blocks,feat_grid,1,1,3,dist_class1,-135.0,-317.0
18,feature_blocks,feat_grid,1,1,4,targ_class2,-8.0,-315.0
18,feature_blocks,feat_grid,1,1,5,dist_class2,114.0,-310.0
18,feature_blocks,feat_grid,1,1,6,dist_class2,209.0,-348.0
18,feature_blocks,feat_grid,1,1,7,targ_class1,339.0,-316.0
18,feature_blocks,feat_grid,1,1,8,targ_class1,-313.0,-217.0
18,feature_blocks,feat_grid,1,1,9,dist_class2,-218.0,-220.0
18,feature_blocks,feat_grid,1,1,10,targ_class2,-100.0,-230.0
18,feature_blocks,feat_grid,1,1,11,dist_class2,5.0,-229.0
18,feature_blocks,feat_grid,1,1,12,targ_class2,106.0,-225.0
18,feature_blocks,feat_grid,1,1,13,targ_class2,226.0,-205.0
18,feature_blocks,feat_grid,1,1,14,targ_class2,309.0,-217.0
18,feature_blocks,feat_grid,1,1,15,dist_class2,-311.0,-89.0
18,feature_blocks,feat_grid,1,1,16,targ_class2,-206.0,-104.0
18,feature_blocks,feat_grid,1,1,17,dist_class1,-113.0,-117.0
18,feature_blocks,feat_grid,1,1,18,dist_class1,-10.0,-118.0
18,feature_blocks,feat_grid,1,1,19,dist_class2,103.0,-128.0
18,feature_blocks,feat_grid,1,1,20,dist_class1,214.0,-93.0
18,feature_blocks,feat_grid,1,1,21,targ_class1,329.0,-117.0
18,feature_blocks,feat_grid,1,1,22,targ_class1,-336.0,-9.0
18,feature_blocks,feat_grid,1,1,23,targ_class2,-214.0,-8.0
18,feature_blocks,feat_grid,1,1,24,dist_class1,-103.0,-33.0
18,feature_blocks,feat_grid,1,1,25,dist_class1,1.0,9.0
18,feature_blocks,feat_grid,1,1,26,targ_class2,96.0,-5.0
18,feature_blocks,feat_grid,1,1,27,targ_class1,227.0,11.0
18,feature_blocks,feat_grid,1,1,28,dist_class2,329.0,9.0
18,feature_blocks,feat_grid,1,1,29,targ_class2,-312.0,110.0
18,feature_blocks,feat_grid,1,1,30,dist_class1,-199.0,84.0
18,feature_blocks,feat_grid,1,1,31,targ_class2,-90.0,103.0
18,feature_blocks,feat_grid,1,1,32,dist_class1,2.0,104.0
18,feature_blocks,feat_grid,1,1,33,targ_class1,103.0,84.0
18,feature_blocks,feat_grid,1,1,34,dist_class1,228.0,101.0
18,feature_blocks,feat_grid,1,1,35,dist_class2,340.0,94.0
18,feature_blocks,feat_grid,1,1,36,targ_class1,-321.0,212.0
18,feature_blocks,feat_grid,1,1,37,targ_class1,-220.0,231.0
18,feature_blocks,feat_grid,1,1,38,dist_class2,-106.0,209.0
18,feature_blocks,feat_grid,1,1,39,targ_class1,-17.0,222.0
18,feature_blocks,feat_grid,1,1,40,targ_class1,97.0,224.0
18,feature_blocks,feat_grid,1,1,41,dist_class2,228.0,224.0
18,feature_blocks,feat_grid,1,1,42,targ_class1,331.0,213.0
18,feature_blocks,feat_grid,1,1,43,targ_class2,-317.0,321.0
18,feature_blocks,feat_grid,1,1,44,dist_class2,-235.0,311.0
18,feature_blocks,feat_grid,1,1,45,targ_class2,-115.0,338.0
18,feature_blocks,feat_grid,1,1,46,dist_class2,-2.0,328.0
18,feature_blocks,feat_grid,1,1,47,dist_class1,127.0,330.0
18,feature_blocks,feat_grid,1,1,48,dist_class1,238.0,320.0
18,feature_blocks,feat_grid,1,1,49,targ_class1,332.0,313.0
18,feature_blocks,feat_uni,3,1,1,targ_class2,103.0,-167.0
18,feature_blocks,feat_uni,3,1,2,dist_class2,94.0,123.0
18,feature_blocks,feat_uni,3,1,3,dist_class1,-293.0,198.0
18,feature_blocks,feat_uni,3,1,4,dist_class1,-360.0,88.0
18,feature_blocks,feat_uni,3,1,5,dist_class2,-268.0,88.0
18,feature_blocks,feat_uni,3,1,6,dist_class2,-59.0,267.0
18,feature_blocks,feat_uni,3,1,7,targ_class1,238.0,-193.0
18,feature_blocks,feat_uni,3,1,8,dist_class1,226.0,137.0
18,feature_blocks,feat_uni,3,1,9,targ_class1,325.0,252.0
18,feature_blocks,feat_uni,3,1,10,dist_class2,-306.0,130.0
18,feature_blocks,feat_uni,3,1,11,dist_class1,291.0,-100.0
18,feature_blocks,feat_uni,3,1,12,targ_class1,95.0,197.0
18,feature_blocks,feat_uni,3,1,13,dist_class2,-258.0,243.0
18,feature_blocks,feat_uni,3,1,14,targ_class1,-282.0,-4.0
18,feature_blocks,feat_uni,3,1,15,targ_class2,41.0,104.0
18,feature_blocks,feat_uni,3,1,16,dist_class2,183.0,-195.0
18,feature_blocks,feat_uni,3,1,17,dist_class2,-282.0,304.0
18,feature_blocks,feat_uni,3,1,18,dist_class1,233.0,28.0
18,feature_blocks,feat_uni,3,1,19,dist_class1,78.0,-339.0
18,feature_blocks,feat_uni,3,1,20,dist_class2,-149.0,216.0
18,feature_blocks,feat_uni,3,1,21,targ_class2,218.0,304.0
18,feature_blocks,feat_uni,3,1,22,dist_class1,254.0,86.0
18,feature_blocks,feat_uni,3,1,23,targ_class1,182.0,4.0
18,feature_blocks,feat_uni,3,1,24,targ_class2,37.0,26.0
18,feature_blocks,feat_uni,3,1,25,dist_class1,-344.0,-249.0
18,feature_blocks,feat_uni,3,1,26,targ_class1,-114.0,261.0
18,feature_blocks,feat_uni,3,1,27,targ_class1,-168.0,69.0
18,feature_blocks,feat_uni,3,1,28,targ_class2,270.0,-296.0
18,feature_blocks,feat_uni,3,1,29,dist_class1,-153.0,154.0
18,feature_blocks,feat_uni,3,1,30,targ_class1,190.0,-140.0
18,feature_blocks,feat_uni,3,1,31,dist_class2,295.0,-193.0
18,feature_blocks,feat_uni,3,1,32,targ_class2,-351.0,-27.0
18,feature_blocks,feat_uni,3,1,33,dist_class1,93.0,35.0
18,feature_blocks,feat_uni,3,1,34,targ_class2,355.0,204.0
18,feature_blocks,feat_uni,3,1,35,targ_class2,131.0,-216.0
18,feature_blocks,feat_uni,3,1,36,dist_class1,-208.0,-327.0
18,feature_blocks,feat_uni,3,1,37,dist_class2,-185.0,-252.0
18,feature_blocks,feat_uni,3,1,38,targ_class2,-325.0,-303.0
18,feature_blocks,feat_uni,3,1,39,targ_class2,-11.0,304.0
18,feature_blocks,feat_uni,3,1,40,targ_class1,66.0,-125.0
18,feature_blocks,feat_uni,3,1,41,dist_class1,-238.0,-38.0
18,feature_blocks,feat_uni,3,1,42,dist_class2,-77.0,8.0
18,feature_blocks,feat_uni,3,1,43,targ_class1,-184.0,-137.0
18,feature_blocks,feat_uni,3,1,44,targ_class1,199.0,78.0
18,feature_blocks,feat_uni,3,1,45,dist_class2,-134.0,-228.0
18,feature_blocks,feat_uni,3,1,46,targ_class2,218.0,-92.0
18,feature_blocks,feat_uni,3,1,47,targ_class2,49.0,163.0
18,feature_blocks,feat_uni,3,1,48,dist_class2,342.0,-57.0
18,feature_blocks,feat_uni,3,1,49,targ_class1,-231.0,-170.0
18,feature_blocks,feat_uni,1,1,1,targ_class2,-70.0,120.0
18,feature_blocks,feat_uni,1,1,2,targ_class1,304.0,13.0
18,feature_blocks,feat_uni,1,1,3,dist_class1,-39.0,343.0
18,feature_blocks,feat_uni,1,1,4,targ_class2,-113.0,-65.0
18,feature_blocks,feat_uni,1,1,5,targ_class1,280.0,-161.0
18,feature_blocks,feat_uni,1,1,6,dist_class2,-129.0,148.0
18,feature_blocks,feat_uni,1,1,7,targ_class1,164.0,-106.0
18,feature_blocks,feat_uni,1,1,8,dist_class1,-192.0,-260.0
18,feature_blocks,feat_uni,1,1,9,targ_class1,73.0,309.0
18,feature_blocks,feat_uni,1,1,10,dist_class1,-249.0,-56.0
18,feature_blocks,feat_uni,1,1,11,dist_class2,-301.0,16.0
18,feature_blocks,feat_uni,1,1,12,targ_class2,-84.0,-279.0
18,feature_blocks,feat_uni,1,1,13,targ_class1,103.0,-175.0
18,feature_blocks,feat_uni,1,1,14,targ_class1,230.0,320.0
18,feature_blocks,feat_uni,1,1,15,dist_class2,44.0,-189.0
18,feature_blocks,feat_uni,1,1,16,targ_class1,177.0,-307.0
18,feature_blocks,feat_uni,1,1,17,dist_class2,-332.0,-251.0
18,feature_blocks,feat_uni,1,1,18,targ_class2,-161.0,101.0
18,feature_blocks,feat_uni,1,1,19,dist_class2,-135.0,-14.0
18,feature_blocks,feat_uni,1,1,20,dist_class2,-17.0,52.0
18,feature_blocks,feat_uni,1,1,21,dist_class1,126.0,-329.0
18,feature_blocks,feat_uni,1,1,22,dist_class2,199.0,-22.0
18,feature_blocks,feat_uni,1,1,23,targ_class2,176.0,252.0
18,feature_blocks,feat_uni,1,1,24,dist_class1,114.0,70.0
18,feature_blocks,feat_uni,1,1,25,dist_class2,131.0,164.0
18,feature_blocks,feat_uni,1,1,26,targ_class2,85.0,195.0
18,feature_blocks,feat_uni,1,1,27,targ_class2,-41.0,-314.0
18,feature_blocks,feat_uni,1,1,28,targ_class1,-185.0,-71.0
18,feature_blocks,feat_uni,1,1,29,dist_class1,121.0,279.0
18,feature_blocks,feat_uni,1,1,30,targ_class2,-222.0,-308.0
18,feature_blocks,feat_uni,1,1,31,targ_class2,132.0,-21.0
18,feature_blocks,feat_uni,1,1,32,targ_class1,198.0,62.0
18,feature_blocks,feat_uni,1,1,33,dist_class1,355.0,-15.0
18,feature_blocks,feat_uni,1,1,34,dist_class2,159.0,102.0
18,feature_blocks,feat_uni,1,1,35,dist_class1,325.0,-336.0
18,feature_blocks,feat_uni,1,1,36,targ_class2,340.0,-163.0
18,feature_blocks,feat_uni,1,1,37,targ_class1,60.0,-136.0
18,feature_blocks,feat_uni,1,1,38,dist_class1,200.0,-257.0
18,feature_blocks,feat_uni,1,1,39,dist_class2,-18.0,-173.0
18,feature_blocks,feat_uni,1,1,40,dist_class1,252.0,47.0
18,feature_blocks,feat_uni,1,1,41,dist_class1,213.0,-202.0
18,feature_blocks,feat_uni,1,1,42,targ_class1,327.0,334.0
18,feature_blocks,feat_uni,1,1,43,targ_class1,-194.0,322.0
18,feature_blocks,feat_uni,1,1,44,targ_class2,245.0,-323.0
18,feature_blocks,feat_uni,1,1,45,dist_class2,-299.0,-205.0
18,feature_blocks,feat_uni,1,1,46,targ_class2,253.0,-9.0
18,feature_blocks,feat_uni,1,1,47,dist_class2,62.0,50.0
18,feature_blocks,feat_uni,1,1,48,dist_class1,292.0,-290.0
18,feature_blocks,feat_uni,1,1,49,dist_class2,290.0,-51.0
18,feature_blocks,feat_grid,0,1,1,targ_class2,-331.0,-322.0
18,feature_blocks,feat_grid,0,1,2,targ_class2,-209.0,-317.0
18,feature_blocks,feat_grid,0,1,3,dist_class1,-125.0,-335.0
18,feature_blocks,feat_grid,0,1,4,targ_class2,-10.0,-303.0
18,feature_blocks,feat_grid,0,1,5,targ_class1,108.0,-327.0
18,feature_blocks,feat_grid,0,1,6,targ_class1,206.0,-339.0
18,feature_blocks,feat_grid,0,1,7,dist_class1,308.0,-312.0
18,feature_blocks,feat_grid,0,1,8,dist_class2,-330.0,-208.0
18,feature_blocks,feat_grid,0,1,9,dist_class2,-217.0,-208.0
18,feature_blocks,feat_grid,0,1,10,targ_class1,-118.0,-225.0
18,feature_blocks,feat_grid,0,1,11,targ_class1,-9.0,-218.0
18,feature_blocks,feat_grid,0,1,12,dist_class2,99.0,-224.0
18,feature_blocks,feat_grid,0,1,13,targ_class1,220.0,-213.0
18,feature_blocks,feat_grid,0,1,14,dist_class2,321.0,-220.0
18,feature_blocks,feat_grid,0,1,15,dist_class1,-332.0,-98.0
18,feature_blocks,feat_grid,0,1,16,dist_class1,-211.0,-118.0
18,feature_blocks,feat_grid,0,1,17,dist_class2,-126.0,-97.0
18,feature_blocks,feat_grid,0,1,18,targ_class2,-12.0,-110.0
18,feature_blocks,feat_grid,0,1,19,dist_class1,110.0,-110.0
18,feature_blocks,feat_grid,0,1,20,targ_class1,229.0,-126.0
18,feature_blocks,feat_grid,0,1,21,targ_class2,322.0,-105.0
18,feature_blocks,feat_grid,0,1,22,targ_class2,-342.0,-1.0
18,feature_blocks,feat_grid,0,1,23,targ_class2,-209.0,2.0
18,feature_blocks,feat_grid,0,1,24,targ_class2,-103.0,3.0
18,feature_blocks,feat_grid,0,1,25,targ_class2,-4.0,3.0
18,feature_blocks,feat_grid,0,1,26,targ_class1,101.0,-10.0
18,feature_blocks,feat_grid,0,1,27,dist_class2,236.0,-5.0
18,feature_blocks,feat_grid,0,1,28,targ_class2,340.0,-2.0
18,feature_blocks,feat_grid,0,1,29,dist_class2,-331.0,105.0
18,feature_blocks,feat_grid,0,1,30,dist_class1,-224.0,102.0
18,feature_blocks,feat_grid,0,1,31,targ_class2,-93.0,92.0
18,feature_blocks,feat_grid,0,1,32,dist_class1,-9.0,108.0
18,feature_blocks,feat_grid,0,1,33,dist_class1,99.0,120.0
18,feature_blocks,feat_grid,0,1,34,targ_class1,234.0,96.0
18,feature_blocks,feat_grid,0,1,35,dist_class1,321.0,108.0
18,feature_blocks,feat_grid,0,1,36,dist_class2,-333.0,229.0
18,feature_blocks,feat_grid,0,1,37,targ_class2,-226.0,208.0
18,feature_blocks,feat_grid,0,1,38,dist_class2,-116.0,216.0
18,feature_blocks,feat_grid,0,1,39,targ_class1,-4.0,207.0
18,feature_blocks,feat_grid,0,1,40,dist_class2,109.0,220.0
18,feature_blocks,feat_grid,0,1,41,dist_class2,225.0,229.0
18,feature_blocks,feat_grid,0,1,42,targ_class1,332.0,205.0
18,feature_blocks,feat_grid,0,1,43,dist_class1,-327.0,311.0
18,feature_blocks,feat_grid,0,1,44,dist_class2,-206.0,325.0
18,feature_blocks,feat_grid,0,1,45,targ_class1,-105.0,309.0
18,feature_blocks,feat_grid,0,1,46,targ_class1,5.0,315.0
18,feature_blocks,feat_grid,0,1,47,dist_class2,95.0,322.0
18,feature_blocks,feat_grid,0,1,48,dist_class1,209.0,326.0
18,feature_blocks,feat_grid,0,1,49,dist_class1,321.0,328.0
18,feature_blocks,feat_uni,0,1,1,dist_class1,-328.0,113.0
18,feature_blocks,feat_uni,0,1,2,targ_class2,151.0,126.0
18,feature_blocks,feat_uni,0,1,3,targ_class1,-349.0,274.0
18,feature_blocks,feat_uni,0,1,4,dist_class1,76.0,230.0
18,feature_blocks,feat_uni,0,1,5,targ_class2,-265.0,-35.0
18,feature_blocks,feat_uni,0,1,6,dist_class1,-289.0,73.0
18,feature_blocks,feat_uni,0,1,7,dist_class2,352.0,-138.0
18,feature_blocks,feat_uni,0,1,8,targ_class1,253.0,207.0
18,feature_blocks,feat_uni,0,1,9,dist_class1,90.0,-276.0
18,feature_blocks,feat_uni,0,1,10,targ_class2,63.0,288.0
18,feature_blocks,feat_uni,0,1,11,targ_class2,-119.0,56.0
18,feature_blocks,feat_uni,0,1,12,targ_class1,64.0,347.0
18,feature_blocks,feat_uni,0,1,13,targ_class1,-26.0,-160.0
18,feature_blocks,feat_uni,0,1,14,dist_class2,207.0,-121.0
18,feature_blocks,feat_uni,0,1,15,dist_class2,-66.0,72.0
18,feature_blocks,feat_uni,0,1,16,dist_class1,105.0,-151.0
18,feature_blocks,feat_uni,0,1,17,targ_class2,115.0,-32.0
18,feature_blocks,feat_uni,0,1,18,targ_class2,54.0,-233.0
18,feature_blocks,feat_uni,0,1,19,dist_class2,112.0,-90.0
18,feature_blocks,feat_uni,0,1,20,dist_class2,-320.0,-100.0
18,feature_blocks,feat_uni,0,1,21,targ_class1,-265.0,305.0
18,feature_blocks,feat_uni,0,1,22,dist_class1,-150.0,170.0
18,feature_blocks,feat_uni,0,1,23,dist_class1,-188.0,-97.0
18,feature_blocks,feat_uni,0,1,24,targ_class1,9.0,273.0
18,feature_blocks,feat_uni,0,1,25,dist_class2,-122.0,250.0
18,feature_blocks,feat_uni,0,1,26,dist_class2,144.0,-262.0
18,feature_blocks,feat_uni,0,1,27,dist_class1,154.0,70.0
18,feature_blocks,feat_uni,0,1,28,targ_class2,99.0,76.0
18,feature_blocks,feat_uni,0,1,29,targ_class2,167.0,-83.0
18,feature_blocks,feat_uni,0,1,30,targ_class1,-50.0,-108.0
18,feature_blocks,feat_uni,0,1,31,targ_class2,-319.0,322.0
18,feature_blocks,feat_uni,0,1,32,dist_class2,-205.0,-11.0
18,feature_blocks,feat_uni,0,1,33,targ_class2,190.0,-220.0
18,feature_blocks,feat_uni,0,1,34,dist_class1,316.0,-53.0
18,feature_blocks,feat_uni,0,1,35,dist_class2,-93.0,-315.0
18,feature_blocks,feat_uni,0,1,36,targ_class1,53.0,43.0
18,feature_blocks,feat_uni,0,1,37,targ_class2,-51.0,-51.0
18,feature_blocks,feat_uni,0,1,38,targ_class2,133.0,-355.0
18,feature_blocks,feat_uni,0,1,39,targ_class1,305.0,185.0
18,feature_blocks,feat_uni,0,1,40,dist_class2,64.0,-11.0
18,feature_blocks,feat_uni,0,1,41,dist_class1,-284.0,18.0
18,feature_blocks,feat_uni,0,1,42,dist_class2,248.0,-198.0
18,feature_blocks,feat_uni,0,1,43,targ_class1,-333.0,-171.0
18,feature_blocks,feat_uni,0,1,44,dist_class2,230.0,100.0
18,feature_blocks,feat_uni,0,1,45,targ_class1,-224.0,221.0
18,feature_blocks,feat_uni,0,1,46,dist_class1,288.0,130.0
18,feature_blocks,feat_uni,0,1,47,dist_class1,-231.0,-247.0
18,feature_blocks,feat_uni,0,1,48,targ_class1,343.0,-219.0
18,feature_blocks,feat_uni,0,1,49,dist_class2,166.0,-161.0
18,feature_blocks,feat_grid,2,1,1,targ_class2,-326.0,-315.0
18,feature_blocks,feat_grid,2,1,2,targ_class1,-226.0,-312.0
18,feature_blocks,feat_grid,2,1,3,targ_class1,-120.0,-333.0
18,feature_blocks,feat_grid,2,1,4,targ_class2,6.0,-314.0
18,feature_blocks,feat_grid,2,1,5,dist_class1,110.0,-304.0
18,feature_blocks,feat_grid,2,1,6,targ_class2,214.0,-311.0
18,feature_blocks,feat_grid,2,1,7,targ_class1,336.0,-315.0
18,feature_blocks,feat_grid,2,1,8,dist_class2,-318.0,-222.0
18,feature_blocks,feat_grid,2,1,9,dist_class2,-214.0,-222.0
18,feature_blocks,feat_grid,2,1,10,targ_class2,-103.0,-215.0
18,feature_blocks,feat_grid,2,1,11,targ_class2,-1.0,-226.0
18,feature_blocks,feat_grid,2,1,12,dist_class1,111.0,-224.0
18,feature_blocks,feat_grid,2,1,13,dist_class2,230.0,-236.0
18,feature_blocks,feat_grid,2,1,14,targ_class1,340.0,-212.0
18,feature_blocks,feat_grid,2,1,15,dist_class2,-321.0,-109.0
18,feature_blocks,feat_grid,2,1,16,dist_class1,-214.0,-102.0
18,feature_blocks,feat_grid,2,1,17,dist_class2,-107.0,-115.0
18,feature_blocks,feat_grid,2,1,18,targ_class1,-10.0,-117.0
18,feature_blocks,feat_grid,2,1,19,targ_class2,112.0,-100.0
18,feature_blocks,feat_grid,2,1,20,dist_class1,226.0,-87.0
18,feature_blocks,feat_grid,2,1,21,dist_class1,341.0,-123.0
18,feature_blocks,feat_grid,2,1,22,targ_class1,-328.0,-7.0
18,feature_blocks,feat_grid,2,1,23,dist_class2,-218.0,-4.0
18,feature_blocks,feat_grid,2,1,24,targ_class2,-115.0,5.0
18,feature_blocks,feat_grid,2,1,25,targ_class1,1.0,10.0
18,feature_blocks,feat_grid,2,1,26,dist_class2,127.0,12.0
18,feature_blocks,feat_grid,2,1,27,dist_class2,226.0,9.0
18,feature_blocks,feat_grid,2,1,28,targ_class1,323.0,8.0
18,feature_blocks,feat_grid,2,1,29,dist_class1,-330.0,104.0
18,feature_blocks,feat_grid,2,1,30,dist_class2,-225.0,123.0
18,feature_blocks,feat_grid,2,1,31,dist_class2,-126.0,113.0
18,feature_blocks,feat_grid,2,1,32,targ_class1,6.0,121.0
18,feature_blocks,feat_grid,2,1,33,dist_class1,94.0,95.0
18,feature_blocks,feat_grid,2,1,34,dist_class1,224.0,112.0
18,feature_blocks,feat_grid,2,1,35,targ_class2,328.0,98.0
18,feature_blocks,feat_grid,2,1,36,targ_class2,-335.0,218.0
18,feature_blocks,feat_grid,2,1,37,dist_class2,-218.0,213.0
18,feature_blocks,feat_grid,2,1,38,dist_class1,-95.0,211.0
18,feature_blocks,feat_grid,2,1,39,dist_class2,-14.0,218.0
18,feature_blocks,feat_grid,2,1,40,dist_class1,94.0,210.0
18,feature_blocks,feat_grid,2,1,41,targ_class1,218.0,203.0
18,feature_blocks,feat_grid,2,1,42,targ_class1,335.0,199.0
18,feature_blocks,feat_grid,2,1,43,targ_class2,-329.0,336.0
18,feature_blocks,feat_grid,2,1,44,targ_class2,-205.0,307.0
18,feature_blocks,feat_grid,2,1,45,dist_class1,-104.0,315.0
18,feature_blocks,feat_grid,2,1,46,targ_class1,6.0,334.0
18,feature_blocks,feat_grid,2,1,47,dist_class2,94.0,319.0
18,feature_blocks,feat_grid,2,1,48,targ_class2,222.0,324.0
18,feature_blocks,feat_grid,2,1,49,dist_class1,322.0,312.0
18,feature_blocks,feat_grid,4,1,1,targ_class2,-310.0,-326.0
18,feature_blocks,feat_grid,4,1,2,targ_class1,-206.0,-322.0
18,feature_blocks,feat_grid,4,1,3,dist_class2,-129.0,-339.0
18,feature_blocks,feat_grid,4,1,4,dist_class2,1.0,-318.0
18,feature_blocks,feat_grid,4,1,5,dist_class2,104.0,-330.0
18,feature_blocks,feat_grid,4,1,6,dist_class1,227.0,-323.0
18,feature_blocks,feat_grid,4,1,7,targ_class2,311.0,-319.0
18,feature_blocks,feat_grid,4,1,8,dist_class1,-341.0,-236.0
18,feature_blocks,feat_grid,4,1,9,dist_class1,-208.0,-216.0
18,feature_blocks,feat_grid,4,1,10,targ_class2,-115.0,-221.0
18,feature_blocks,feat_grid,4,1,11,targ_class2,15.0,-216.0
18,feature_blocks,feat_grid,4,1,12,targ_class1,114.0,-225.0
18,feature_blocks,feat_grid,4,1,13,dist_class1,235.0,-231.0
18,feature_blocks,feat_grid,4,1,14,dist_class2,332.0,-213.0
18,feature_blocks,feat_grid,4,1,15,targ_class2,-322.0,-93.0
18,feature_blocks,feat_grid,4,1,16,targ_class2,-228.0,-102.0
18,feature_blocks,feat_grid,4,1,17,dist_class1,-98.0,-120.0
18,feature_blocks,feat_grid,4,1,18,targ_class1,-17.0,-102.0
18,feature_blocks,feat_grid,4,1,19,targ_class2,101.0,-86.0
18,feature_blocks,feat_grid,4,1,20,dist_class2,216.0,-102.0
18,feature_blocks,feat_grid,4,1,21,targ_class1,329.0,-106.0
18,feature_blocks,feat_grid,4,1,22,dist_class1,-348.0,-10.0
18,feature_blocks,feat_grid,4,1,23,targ_class1,-222.0,5.0
18,feature_blocks,feat_grid,4,1,24,dist_class2,-109.0,-1.0
18,feature_blocks,feat_grid,4,1,25,dist_class1,18.0,2.0
18,feature_blocks,feat_grid,4,1,26,dist_class2,102.0,8.0
18,feature_blocks,feat_grid,4,1,27,dist_class2,222.0,9.0
18,feature_blocks,feat_grid,4,1,28,targ_class1,314.0,9.0
18,feature_blocks,feat_grid,4,1,29,dist_class1,-315.0,113.0
18,feature_blocks,feat_grid,4,1,30,dist_class2,-194.0,110.0
18,feature_blocks,feat_grid,4,1,31,targ_class1,-113.0,108.0
18,feature_blocks,feat_grid,4,1,32,targ_class1,7.0,107.0
18,feature_blocks,feat_grid,4,1,33,dist_class1,108.0,116.0
18,feature_blocks,feat_grid,4,1,34,dist_class2,225.0,97.0
18,feature_blocks,feat_grid,4,1,35,targ_class2,308.0,89.0
18,feature_blocks,feat_grid,4,1,36,dist_class1,-323.0,217.0
18,feature_blocks,feat_grid,4,1,37,targ_class1,-237.0,235.0
18,feature_blocks,feat_grid,4,1,38,dist_class1,-121.0,213.0
18,feature_blocks,feat_grid,4,1,39,dist_class2,1.0,216.0
18,feature_blocks,feat_grid,4,1,40,dist_class2,125.0,227.0
18,feature_blocks,feat_grid,4,1,41,targ_class1,217.0,218.0
18,feature_blocks,feat_grid,4,1,42,dist_class1,315.0,209.0
18,feature_blocks,feat_grid,4,1,43,targ_class2,-319.0,307.0
18,feature_blocks,feat_grid,4,1,44,targ_class2,-218.0,320.0
18,feature_blocks,feat_grid,4,1,45,targ_class1,-107.0,323.0
18,feature_blocks,feat_grid,4,1,46,targ_class2,-7.0,329.0
18,feature_blocks,feat_grid,4,1,47,targ_class1,115.0,337.0
18,feature_blocks,feat_grid,4,1,48,targ_class2,199.0,322.0
18,feature_blocks,feat_grid,4,1,49,dist_class2,335.0,311.0
18,feature_blocks,feat_uni,4,1,1,targ_class2,46.0,-176.0
18,feature_blocks,feat_uni,4,1,2,dist_class2,-30.0,-120.0
18,feature_blocks,feat_uni,4,1,3,dist_class1,346.0,42.0
18,feature_blocks,feat_uni,4,1,4,dist_class2,-15.0,236.0
18,feature_blocks,feat_uni,4,1,5,targ_class2,38.0,-48.0
18,feature_blocks,feat_uni,4,1,6,targ_class1,-115.0,306.0
18,feature_blocks,feat_uni,4,1,7,targ_class1,-96.0,-191.0
18,feature_blocks,feat_uni,4,1,8,targ_class2,28.0,284.0
18,feature_blocks,feat_uni,4,1,9,dist_class2,53.0,88.0
18,feature_blocks,feat_uni,4,1,10,targ_class1,-143.0,-152.0
18,feature_blocks,feat_uni,4,1,11,targ_class1,126.0,139.0
18,feature_blocks,feat_uni,4,1,12,dist_class2,-167.0,284.0
18,feature_blocks,feat_uni,4,1,13,dist_class1,112.0,-179.0
18,feature_blocks,feat_uni,4,1,14,targ_class1,-126.0,146.0
18,feature_blocks,feat_uni,4,1,15,targ_class2,186.0,297.0
18,feature_blocks,feat_uni,4,1,16,targ_class2,339.0,301.0
18,feature_blocks,feat_uni,4,1,17,dist_class1,-44.0,-306.0
18,feature_blocks,feat_uni,4,1,18,targ_class2,49.0,-233.0
18,feature_blocks,feat_uni,4,1,19,dist_class2,139.0,330.0
18,feature_blocks,feat_uni,4,1,20,dist_class2,41.0,-322.0
18,feature_blocks,feat_uni,4,1,21,dist_class2,265.0,-1.0
18,feature_blocks,feat_uni,4,1,22,targ_class2,-210.0,23.0
18,feature_blocks,feat_uni,4,1,23,dist_class1,-96.0,358.0
18,feature_blocks,feat_uni,4,1,24,dist_class1,-98.0,-14.0
18,feature_blocks,feat_uni,4,1,25,dist_class1,80.0,264.0
18,feature_blocks,feat_uni,4,1,26,targ_class1,-287.0,57.0
18,feature_blocks,feat_uni,4,1,27,dist_class2,-81.0,180.0
18,feature_blocks,feat_uni,4,1,28,dist_class1,-169.0,183.0
18,feature_blocks,feat_uni,4,1,29,targ_class2,-289.0,-4.0
18,feature_blocks,feat_uni,4,1,30,dist_class1,-260.0,-159.0
18,feature_blocks,feat_uni,4,1,31,dist_class1,-226.0,-254.0
18,feature_blocks,feat_uni,4,1,32,dist_class2,-337.0,32.0
18,feature_blocks,feat_uni,4,1,33,dist_class1,273.0,335.0
18,feature_blocks,feat_uni,4,1,34,targ_class2,34.0,210.0
18,feature_blocks,feat_uni,4,1,35,targ_class2,107.0,192.0
18,feature_blocks,feat_uni,4,1,36,dist_class2,-154.0,-18.0
18,feature_blocks,feat_uni,4,1,37,targ_class1,106.0,70.0
18,feature_blocks,feat_uni,4,1,38,targ_class1,306.0,171.0
18,feature_blocks,feat_uni,4,1,39,dist_class2,351.0,132.0
18,feature_blocks,feat_uni,4,1,40,targ_class2,282.0,-296.0
18,feature_blocks,feat_uni,4,1,41,dist_class2,148.0,254.0
18,feature_blocks,feat_uni,4,1,42,targ_class1,-217.0,-65.0
18,feature_blocks,feat_uni,4,1,43,dist_class2,339.0,-50.0
18,feature_blocks,feat_uni,4,1,44,targ_class1,300.0,108.0
18,feature_blocks,feat_uni,4,1,45,targ_class2,265.0,-349.0
18,feature_blocks,feat_uni,4,1,46,dist_class1,185.0,213.0
18,feature_blocks,feat_uni,4,1,47,targ_class1,338.0,-291.0
18,feature_blocks,feat_uni,4,1,48,targ_class1,285.0,222.0
18,feature_blocks,feat_uni,4,1,49,dist_class1,-213.0,120.0
18,feature_blocks,feat_rot,2,1,1,dist_class1,1.0,-458.0
18,feature_blocks,feat_rot,2,1,2,dist_class1,71.0,-391.0
18,feature_blocks,feat_rot,2,1,3,targ_class1,153.0,-299.0
18,feature_blocks,feat_rot,2,1,4,dist_class1,225.0,-244.0
18,feature_blocks,feat_rot,2,1,5,dist_class2,305.0,-156.0
18,feature_blocks,feat_rot,2,1,6,dist_class2,396.0,-50.0
18,feature_blocks,feat_rot,2,1,7,dist_class1,479.0,9.0
18,feature_blocks,feat_rot,2,1,8,targ_class1,-70.0,-381.0
18,feature_blocks,feat_rot,2,1,9,dist_class2,-19.0,-304.0
18,feature_blocks,feat_rot,2,1,10,targ_class1,68.0,-245.0
18,feature_blocks,feat_rot,2,1,11,targ_class2,154.0,-150.0
18,feature_blocks,feat_rot,2,1,12,dist_class1,224.0,-74.0
18,feature_blocks,feat_rot,2,1,13,targ_class1,318.0,-3.0
18,feature_blocks,feat_rot,2,1,14,targ_class1,374.0,82.0
18,feature_blocks,feat_rot,2,1,15,dist_class2,-136.0,-300.0
18,feature_blocks,feat_rot,2,1,16,dist_class2,-84.0,-233.0
18,feature_blocks,feat_rot,2,1,17,targ_class2,-15.0,-143.0
18,feature_blocks,feat_rot,2,1,18,dist_class2,56.0,-76.0
18,feature_blocks,feat_rot,2,1,19,dist_class2,159.0,-12.0
18,feature_blocks,feat_rot,2,1,20,dist_class1,230.0,89.0
18,feature_blocks,feat_rot,2,1,21,dist_class2,301.0,150.0
18,feature_blocks,feat_rot,2,1,22,dist_class1,-224.0,-226.0
18,feature_blocks,feat_rot,2,1,23,dist_class2,-137.0,-159.0
18,feature_blocks,feat_rot,2,1,24,dist_class1,-90.0,-73.0
18,feature_blocks,feat_rot,2,1,25,targ_class2,-13.0,-7.0
18,feature_blocks,feat_rot,2,1,26,targ_class1,63.0,65.0
18,feature_blocks,feat_rot,2,1,27,targ_class2,151.0,151.0
18,feature_blocks,feat_rot,2,1,28,dist_class2,243.0,226.0
18,feature_blocks,feat_rot,2,1,29,targ_class1,-307.0,-151.0
18,feature_blocks,feat_rot,2,1,30,targ_class1,-224.0,-85.0
18,feature_blocks,feat_rot,2,1,31,dist_class1,-173.0,2.0
18,feature_blocks,feat_rot,2,1,32,targ_class2,-86.0,63.0
18,feature_blocks,feat_rot,2,1,33,targ_class1,9.0,130.0
18,feature_blocks,feat_rot,2,1,34,targ_class2,91.0,240.0
18,feature_blocks,feat_rot,2,1,35,targ_class2,159.0,320.0
18,feature_blocks,feat_rot,2,1,36,dist_class1,-383.0,-76.0
18,feature_blocks,feat_rot,2,1,37,dist_class1,-307.0,-16.0
18,feature_blocks,feat_rot,2,1,38,dist_class2,-244.0,87.0
18,feature_blocks,feat_rot,2,1,39,targ_class2,-145.0,155.0
18,feature_blocks,feat_rot,2,1,40,targ_class1,-70.0,215.0
18,feature_blocks,feat_rot,2,1,41,dist_class1,-7.0,299.0
18,feature_blocks,feat_rot,2,1,42,targ_class2,50.0,392.0
18,feature_blocks,feat_rot,2,1,43,targ_class1,-463.0,-16.0
18,feature_blocks,feat_rot,2,1,44,targ_class1,-371.0,68.0
18,feature_blocks,feat_rot,2,1,45,targ_class2,-309.0,173.0
18,feature_blocks,feat_rot,2,1,46,targ_class2,-235.0,238.0
18,feature_blocks,feat_rot,2,1,47,dist_class2,-149.0,307.0
18,feature_blocks,feat_rot,2,1,48,targ_class2,-80.0,379.0
18,feature_blocks,feat_rot,2,1,49,dist_class2,-8.0,462.0
18,feature_blocks,feat_rot,0,1,1,dist_class2,-5.0,-448.0
18,feature_blocks,feat_rot,0,1,2,dist_class2,69.0,-397.0
18,feature_blocks,feat_rot,0,1,3,targ_class1,160.0,-296.0
18,feature_blocks,feat_rot,0,1,4,dist_class1,229.0,-220.0
18,feature_blocks,feat_rot,0,1,5,targ_class1,306.0,-154.0
18,feature_blocks,feat_rot,0,1,6,dist_class1,375.0,-82.0
18,feature_blocks,feat_rot,0,1,7,dist_class2,449.0,14.0
18,feature_blocks,feat_rot,0,1,8,targ_class2,-87.0,-389.0
18,feature_blocks,feat_rot,0,1,9,dist_class1,-2.0,-305.0
18,feature_blocks,feat_rot,0,1,10,targ_class1,63.0,-221.0
18,feature_blocks,feat_rot,0,1,11,dist_class1,144.0,-161.0
18,feature_blocks,feat_rot,0,1,12,dist_class1,238.0,-67.0
18,feature_blocks,feat_rot,0,1,13,targ_class2,302.0,16.0
18,feature_blocks,feat_rot,0,1,14,targ_class1,394.0,86.0
18,feature_blocks,feat_rot,0,1,15,targ_class2,-133.0,-293.0
18,feature_blocks,feat_rot,0,1,16,targ_class1,-77.0,-218.0
18,feature_blocks,feat_rot,0,1,17,dist_class2,-8.0,-161.0
18,feature_blocks,feat_rot,0,1,18,targ_class2,72.0,-76.0
18,feature_blocks,feat_rot,0,1,19,targ_class2,157.0,12.0
18,feature_blocks,feat_rot,0,1,20,dist_class2,219.0,85.0
18,feature_blocks,feat_rot,0,1,21,targ_class2,302.0,142.0
18,feature_blocks,feat_rot,0,1,22,dist_class1,-230.0,-232.0
18,feature_blocks,feat_rot,0,1,23,dist_class2,-174.0,-157.0
18,feature_blocks,feat_rot,0,1,24,targ_class2,-84.0,-85.0
18,feature_blocks,feat_rot,0,1,25,dist_class2,-0.0,9.0
18,feature_blocks,feat_rot,0,1,26,dist_class1,77.0,82.0
18,feature_blocks,feat_rot,0,1,27,dist_class2,169.0,148.0
18,feature_blocks,feat_rot,0,1,28,targ_class1,209.0,242.0
18,feature_blocks,feat_rot,0,1,29,dist_class1,-297.0,-156.0
18,feature_blocks,feat_rot,0,1,30,dist_class1,-234.0,-63.0
18,feature_blocks,feat_rot,0,1,31,targ_class1,-145.0,9.0
18,feature_blocks,feat_rot,0,1,32,dist_class2,-88.0,59.0
18,feature_blocks,feat_rot,0,1,33,dist_class2,-12.0,145.0
18,feature_blocks,feat_rot,0,1,34,targ_class2,71.0,230.0
18,feature_blocks,feat_rot,0,1,35,targ_class2,163.0,304.0
18,feature_blocks,feat_rot,0,1,36,targ_class1,-385.0,-82.0
18,feature_blocks,feat_rot,0,1,37,targ_class1,-304.0,-12.0
18,feature_blocks,feat_rot,0,1,38,dist_class1,-214.0,76.0
18,feature_blocks,feat_rot,0,1,39,targ_class1,-147.0,145.0
18,feature_blocks,feat_rot,0,1,40,dist_class2,-92.0,223.0
18,feature_blocks,feat_rot,0,1,41,targ_class2,0.0,316.0
18,feature_blocks,feat_rot,0,1,42,dist_class2,90.0,405.0
18,feature_blocks,feat_rot,0,1,43,targ_class1,-463.0,5.0
18,feature_blocks,feat_rot,0,1,44,targ_class1,-372.0,80.0
18,feature_blocks,feat_rot,0,1,45,targ_class2,-304.0,147.0
18,feature_blocks,feat_rot,0,1,46,targ_class2,-226.0,240.0
18,feature_blocks,feat_rot,0,1,47,dist_class1,-145.0,300.0
18,feature_blocks,feat_rot,0,1,48,dist_class1,-78.0,389.0
18,feature_blocks,feat_rot,0,1,49,dist_class2,6.0,458.0
18,feature_blocks,feat_grid,3,1,1,targ_class2,-323.0,-319.0
18,feature_blocks,feat_grid,3,1,2,dist_class2,-238.0,-338.0
18,feature_blocks,feat_grid,3,1,3,targ_class2,-119.0,-320.0
18,feature_blocks,feat_grid,3,1,4,dist_class2,2.0,-313.0
18,feature_blocks,feat_grid,3,1,5,targ_class2,110.0,-330.0
18,feature_blocks,feat_grid,3,1,6,dist_class1,212.0,-317.0
18,feature_blocks,feat_grid,3,1,7,dist_class2,314.0,-330.0
18,feature_blocks,feat_grid,3,1,8,targ_class2,-330.0,-220.0
18,feature_blocks,feat_grid,3,1,9,dist_class1,-199.0,-224.0
18,feature_blocks,feat_grid,3,1,10,dist_class2,-118.0,-210.0
18,feature_blocks,feat_grid,3,1,11,targ_class2,-7.0,-225.0
18,feature_blocks,feat_grid,3,1,12,targ_class1,106.0,-223.0
18,feature_blocks,feat_grid,3,1,13,targ_class1,216.0,-226.0
18,feature_blocks,feat_grid,3,1,14,targ_class2,314.0,-222.0
18,feature_blocks,feat_grid,3,1,15,targ_class1,-341.0,-124.0
18,feature_blocks,feat_grid,3,1,16,dist_class1,-228.0,-122.0
18,feature_blocks,feat_grid,3,1,17,dist_class2,-113.0,-97.0
18,feature_blocks,feat_grid,3,1,18,dist_class1,11.0,-123.0
18,feature_blocks,feat_grid,3,1,19,dist_class1,114.0,-120.0
18,feature_blocks,feat_grid,3,1,20,dist_class1,220.0,-110.0
18,feature_blocks,feat_grid,3,1,21,dist_class1,327.0,-92.0
18,feature_blocks,feat_grid,3,1,22,dist_class2,-300.0,-12.0
18,feature_blocks,feat_grid,3,1,23,targ_class2,-218.0,22.0
18,feature_blocks,feat_grid,3,1,24,dist_class1,-111.0,-1.0
18,feature_blocks,feat_grid,3,1,25,targ_class1,6.0,-6.0
18,feature_blocks,feat_grid,3,1,26,targ_class2,124.0,22.0
18,feature_blocks,feat_grid,3,1,27,dist_class2,229.0,-2.0
18,feature_blocks,feat_grid,3,1,28,dist_class2,336.0,15.0
18,feature_blocks,feat_grid,3,1,29,dist_class2,-334.0,112.0
18,feature_blocks,feat_grid,3,1,30,targ_class1,-227.0,97.0
18,feature_blocks,feat_grid,3,1,31,dist_class2,-111.0,111.0
18,feature_blocks,feat_grid,3,1,32,dist_class1,13.0,109.0
18,feature_blocks,feat_grid,3,1,33,dist_class1,107.0,96.0
18,feature_blocks,feat_grid,3,1,34,dist_class1,221.0,114.0
18,feature_blocks,feat_grid,3,1,35,targ_class2,327.0,114.0
18,feature_blocks,feat_grid,3,1,36,targ_class1,-329.0,215.0
18,feature_blocks,feat_grid,3,1,37,targ_class2,-212.0,209.0
18,feature_blocks,feat_grid,3,1,38,targ_class2,-93.0,228.0
18,feature_blocks,feat_grid,3,1,39,targ_class1,-1.0,206.0
18,feature_blocks,feat_grid,3,1,40,dist_class2,91.0,205.0
18,feature_blocks,feat_grid,3,1,41,targ_class1,218.0,209.0
18,feature_blocks,feat_grid,3,1,42,targ_class1,329.0,225.0
18,feature_blocks,feat_grid,3,1,43,dist_class1,-325.0,327.0
18,feature_blocks,feat_grid,3,1,44,dist_class2,-212.0,329.0
18,feature_blocks,feat_grid,3,1,45,targ_class1,-112.0,327.0
18,feature_blocks,feat_grid,3,1,46,targ_class2,2.0,330.0
18,feature_blocks,feat_grid,3,1,47,dist_class2,90.0,323.0
18,feature_blocks,feat_grid,3,1,48,targ_class1,204.0,304.0
18,feature_blocks,feat_grid,3,1,49,targ_class1,334.0,326.0
18,feature_blocks,feat_uni,2,1,1,targ_class1,210.0,-196.0
18,feature_blocks,feat_uni,2,1,2,targ_class1,-180.0,325.0
18,feature_blocks,feat_uni,2,1,3,targ_class1,-184.0,122.0
18,feature_blocks,feat_uni,2,1,4,targ_class1,-10.0,1.0
18,feature_blocks,feat_uni,2,1,5,dist_class1,-9.0,-73.0
18,feature_blocks,feat_uni,2,1,6,targ_class2,-282.0,-354.0
18,feature_blocks,feat_uni,2,1,7,dist_class1,264.0,49.0
18,feature_blocks,feat_uni,2,1,8,targ_class1,-203.0,274.0
18,feature_blocks,feat_uni,2,1,9,targ_class1,-32.0,-307.0
18,feature_blocks,feat_uni,2,1,10,targ_class2,-308.0,178.0
18,feature_blocks,feat_uni,2,1,11,targ_class2,184.0,296.0
18,feature_blocks,feat_uni,2,1,12,dist_class1,166.0,211.0
18,feature_blocks,feat_uni,2,1,13,dist_class1,286.0,148.0
18,feature_blocks,feat_uni,2,1,14,dist_class1,324.0,302.0
18,feature_blocks,feat_uni,2,1,15,dist_class1,12.0,310.0
18,feature_blocks,feat_uni,2,1,16,targ_class1,-168.0,-300.0
18,feature_blocks,feat_uni,2,1,17,targ_class1,28.0,205.0
18,feature_blocks,feat_uni,2,1,18,dist_class2,-193.0,-173.0
18,feature_blocks,feat_uni,2,1,19,targ_class2,270.0,-47.0
18,feature_blocks,feat_uni,2,1,20,dist_class1,-115.0,-31.0
18,feature_blocks,feat_uni,2,1,21,targ_class2,111.0,209.0
18,feature_blocks,feat_uni,2,1,22,dist_class1,-52.0,233.0
18,feature_blocks,feat_uni,2,1,23,targ_class1,36.0,260.0
18,feature_blocks,feat_uni,2,1,24,dist_class2,-101.0,172.0
18,feature_blocks,feat_uni,2,1,25,dist_class2,30.0,362.0
18,feature_blocks,feat_uni,2,1,26,dist_class1,23.0,-146.0
18,feature_blocks,feat_uni,2,1,27,targ_class2,187.0,29.0
18,feature_blocks,feat_uni,2,1,28,targ_class2,258.0,328.0
18,feature_blocks,feat_uni,2,1,29,dist_class2,353.0,34.0
18,feature_blocks,feat_uni,2,1,30,targ_class1,-113.0,-289.0
18,feature_blocks,feat_uni,2,1,31,dist_class2,-240.0,-142.0
18,feature_blocks,feat_uni,2,1,32,dist_class2,-341.0,325.0
18,feature_blocks,feat_uni,2,1,33,targ_class2,-197.0,52.0
18,feature_blocks,feat_uni,2,1,34,dist_class2,314.0,-83.0
18,feature_blocks,feat_uni,2,1,35,targ_class2,-24.0,179.0
18,feature_blocks,feat_uni,2,1,36,dist_class1,297.0,94.0
18,feature_blocks,feat_uni,2,1,37,targ_class2,92.0,261.0
18,feature_blocks,feat_uni,2,1,38,dist_class2,231.0,226.0
18,feature_blocks,feat_uni,2,1,39,dist_class2,33.0,-35.0
18,feature_blocks,feat_uni,2,1,40,dist_class2,37.0,-322.0
18,feature_blocks,feat_uni,2,1,41,targ_class2,349.0,116.0
18,feature_blocks,feat_uni,2,1,42,targ_class1,163.0,348.0
18,feature_blocks,feat_uni,2,1,43,dist_class1,-330.0,268.0
18,feature_blocks,feat_uni,2,1,44,targ_class1,166.0,-70.0
18,feature_blocks,feat_uni,2,1,45,dist_class2,-59.0,-191.0
18,feature_blocks,feat_uni,2,1,46,targ_class2,-82.0,23.0
18,feature_blocks,feat_uni,2,1,47,dist_class1,202.0,-251.0
18,feature_blocks,feat_uni,2,1,48,dist_class2,100.0,-277.0
18,feature_blocks,feat_uni,2,1,49,dist_class2,-192.0,-351.0
