person,condition,trial,id,found,item_class,x,y,trial_p
1,ycup,1,49,1,2,0.196,0.253,1
1,ycup,1,53,2,2,0.142,0.267,1
1,ycup,1,54,3,2,0.142,0.322,1
1,ycup,1,52,4,2,0.162,0.308,1
1,ycup,1,51,5,2,0.196,0.287,1
1,ycup,1,50,6,2,0.196,0.318,1
1,ycup,1,58,7,2,0.198,0.095,1
1,ycup,1,55,8,2,0.144,0.02,1
1,ycup,1,57,9,2,0.164,0.085,1
1,ycup,1,59,10,2,0.178,0.105,1
1,ycup,1,60,11,2,0.184,0.045,1
1,ycup,1,56,12,2,0.144,0.045,1
1,ycup,1,31,13,2,0.069,0.17,1
1,ycup,1,34,14,2,0.049,0.211,1
1,ycup,1,35,15,2,0,0.17,1
1,ycup,1,32,16,2,0.055,0.15,1
1,ycup,1,33,17,2,0.069,0.2,1
1,ycup,1,36,18,2,0.014,0.126,1
1,ycup,1,87,19,2,0.336,0,1
1,ycup,1,90,20,2,0.322,0.045,1
1,ycup,1,89,21,2,0.336,0.079,1
1,ycup,1,88,22,2,0.356,0.045,1
1,ycup,1,86,23,2,0.356,0.065,1
1,ycup,1,85,24,2,0.37,0.085,1
1,ycup,1,114,25,2,0.455,0.136,1
1,ycup,2,49,1,2,0.269,0.281,2
1,ycup,2,53,2,2,0.215,0.296,2
1,ycup,2,54,3,2,0.215,0.35,2
1,ycup,2,52,4,2,0.235,0.336,2
1,ycup,2,51,5,2,0.269,0.316,2
1,ycup,2,50,6,2,0.269,0.346,2
1,ycup,2,21,7,2,0.02,0.415,2
1,ycup,2,24,8,2,0.034,0.435,2
1,ycup,2,23,9,2,0.055,0.395,2
1,ycup,2,22,10,2,0,0.374,2
1,ycup,2,19,11,2,0.02,0.36,2
1,ycup,2,20,12,2,0.055,0.36,2
1,ycup,2,33,13,2,0.142,0.198,2
1,ycup,2,36,14,2,0.121,0.239,2
1,ycup,2,34,15,2,0.073,0.198,2
1,ycup,2,31,16,2,0.128,0.178,2
1,ycup,2,35,17,2,0.142,0.229,2
1,ycup,2,32,18,2,0.087,0.154,2
1,ycup,2,27,19,2,0.071,0.014,2
1,ycup,2,30,20,2,0.051,0,2
1,ycup,2,28,21,2,0.051,0.055,2
1,ycup,2,26,22,2,0.016,0.034,2
1,ycup,2,25,23,2,0.085,0.034,2
1,ycup,2,29,24,2,0.051,0.034,2
1,ycup,3,114,1,2,0.225,0.366,3
1,ycup,3,113,2,2,0.225,0.401,3
1,ycup,3,111,3,2,0.204,0.356,3
1,ycup,3,109,4,2,0.259,0.431,3
1,ycup,3,110,5,2,0.204,0.381,3
1,ycup,3,112,6,2,0.19,0.401,3
1,ycup,3,90,7,2,0.105,0.231,3
1,ycup,3,87,8,2,0.091,0.275,3
1,ycup,3,89,9,2,0.105,0.31,3
1,ycup,3,88,10,2,0.126,0.275,3
1,ycup,3,86,11,2,0.126,0.296,3
1,ycup,3,85,12,2,0.14,0.316,3
1,ycup,3,78,13,2,0.055,0.14,3
1,ycup,3,74,14,2,0.055,0.17,3
1,ycup,3,73,15,2,0.055,0.105,3
1,ycup,3,77,16,2,0,0.119,3
1,ycup,3,75,17,2,0.04,0.119,3
1,ycup,3,76,18,2,0.034,0.18,3
1,ycup,3,100,19,2,0.196,0.085,3
1,ycup,3,97,20,2,0.217,0.01,3
1,ycup,3,101,21,2,0.162,0,3
1,ycup,3,102,22,2,0.162,0.079,3
1,ycup,3,98,23,2,0.217,0.045,3
1,ycup,3,99,24,2,0.202,0.024,3
1,ycup,4,49,1,2,0.354,0.281,4
1,ycup,4,53,2,2,0.3,0.296,4
1,ycup,4,54,3,2,0.32,0.336,4
1,ycup,4,52,4,2,0.354,0.316,4
1,ycup,4,51,5,2,0.354,0.346,4
1,ycup,4,50,6,2,0.32,0.316,4
1,ycup,4,35,7,2,0.227,0.198,4
1,ycup,4,31,8,2,0.206,0.239,4
1,ycup,4,34,9,2,0.158,0.198,4
1,ycup,4,32,10,2,0.213,0.178,4
1,ycup,4,33,11,2,0.227,0.229,4
1,ycup,4,36,12,2,0.172,0.154,4
1,ycup,4,24,13,2,0.105,0.415,4
1,ycup,4,23,14,2,0.119,0.435,4
1,ycup,4,22,15,2,0.14,0.395,4
1,ycup,4,19,16,2,0.085,0.374,4
1,ycup,4,20,17,2,0.105,0.36,4
1,ycup,4,21,18,2,0.14,0.36,4
1,ycup,4,1,19,2,0.055,0.196,4
1,ycup,4,4,20,2,0.02,0.217,4
1,ycup,4,3,21,2,0.02,0.162,4
1,ycup,4,5,22,2,0.04,0.176,4
1,ycup,4,2,23,2,0,0.152,4
1,ycup,4,6,24,2,0,0.231,4
1,ycup,4,29,25,2,0.156,0.014,4
1,ycup,4,27,26,2,0.136,0,4
1,ycup,5,95,1,2,0.524,0.065,5
1,ycup,5,93,2,2,0.504,0.075,5
1,ycup,5,91,3,2,0.524,0.034,5
1,ycup,5,94,4,2,0.49,0.055,5
1,ycup,5,92,5,2,0.524,0,5
1,ycup,5,96,6,2,0.47,0.069,5
1,ycup,5,65,7,2,0.356,0.144,5
1,ycup,5,61,8,2,0.391,0.204,5
1,ycup,5,64,9,2,0.411,0.164,5
1,ycup,5,66,10,2,0.342,0.164,5
1,ycup,5,63,11,2,0.356,0.119,5
1,ycup,5,62,12,2,0.377,0.164,5
1,ycup,5,47,13,2,0.237,0.221,5
1,ycup,5,43,14,2,0.196,0.196,5
1,ycup,5,44,15,2,0.182,0.241,5
1,ycup,5,46,16,2,0.196,0.221,5
1,ycup,5,45,17,2,0.196,0.275,5
1,ycup,5,48,18,2,0.217,0.241,5
1,ycup,5,16,19,2,0,0.316,5
1,ycup,5,14,20,2,0.04,0.261,5
1,ycup,5,18,21,2,0.02,0.281,5
1,ycup,5,15,22,2,0.055,0.281,5
1,ycup,5,17,23,2,0.02,0.302,5
1,ycup,5,13,24,2,0,0.237,5
1,ycup,5,19,25,2,0.075,0.115,5
1,ycup,5,20,26,2,0.089,0.136,5
1,ycup,5,21,27,2,0.109,0.095,5
1,ycup,5,24,28,2,0.055,0.075,5
1,ycup,5,23,29,2,0.075,0.061,5
1,ycup,5,22,30,2,0.109,0.061,5
1,ycup,6,95,1,2,0.055,0.567,6
1,ycup,6,93,2,2,0.034,0.577,6
1,ycup,6,91,3,2,0.02,0.557,6
1,ycup,6,92,4,2,0.055,0.502,6
1,ycup,6,94,5,2,0,0.571,6
1,ycup,6,96,6,2,0.02,0.536,6
1,ycup,6,112,7,2,0.113,0.366,6
1,ycup,6,110,8,2,0.113,0.401,6
1,ycup,6,114,9,2,0.093,0.356,6
1,ycup,6,113,10,2,0.148,0.431,6
1,ycup,6,111,11,2,0.093,0.381,6
1,ycup,6,109,12,2,0.079,0.401,6
1,ycup,6,126,13,2,0.213,0.166,6
1,ycup,6,122,14,2,0.178,0.2,6
1,ycup,6,125,15,2,0.233,0.18,6
1,ycup,6,124,16,2,0.192,0.156,6
1,ycup,6,121,17,2,0.192,0.18,6
1,ycup,6,123,18,2,0.192,0.235,6
1,ycup,6,97,19,2,0.085,0.085,6
1,ycup,6,100,20,2,0.105,0.01,6
1,ycup,6,101,21,2,0.051,0,6
1,ycup,6,102,22,2,0.051,0.079,6
1,ycup,6,98,23,2,0.105,0.045,6
1,ycup,6,99,24,2,0.091,0.024,6
1,ycup,7,49,1,2,0.142,0,7
1,ycup,7,53,2,2,0.087,0.014,7
1,ycup,7,54,3,2,0.087,0.069,7
1,ycup,7,52,4,2,0.107,0.055,7
1,ycup,7,50,5,2,0.142,0.034,7
1,ycup,7,51,6,2,0.142,0.065,7
1,ycup,7,65,7,2,0.174,0.162,7
1,ycup,7,61,8,2,0.209,0.223,7
1,ycup,7,64,9,2,0.229,0.182,7
1,ycup,7,63,10,2,0.16,0.182,7
1,ycup,7,66,11,2,0.174,0.138,7
1,ycup,7,62,12,2,0.194,0.182,7
1,ycup,7,81,13,2,0.211,0.411,7
1,ycup,7,83,14,2,0.176,0.405,7
1,ycup,7,82,15,2,0.196,0.336,7
1,ycup,7,84,16,2,0.231,0.37,7
1,ycup,7,79,17,2,0.176,0.326,7
1,ycup,7,80,18,2,0.231,0.401,7
1,ycup,7,43,19,2,0.055,0.239,7
1,ycup,7,48,20,2,0.014,0.215,7
1,ycup,7,45,21,2,0,0.259,7
1,ycup,8,49,1,2,0.334,0.128,8
1,ycup,8,53,2,2,0.279,0.142,8
1,ycup,8,54,3,2,0.279,0.196,8
1,ycup,8,52,4,2,0.3,0.182,8
1,ycup,8,51,5,2,0.334,0.162,8
1,ycup,8,50,6,2,0.334,0.192,8
1,ycup,8,35,7,2,0.206,0.045,8
1,ycup,8,32,8,2,0.186,0.085,8
1,ycup,8,31,9,2,0.138,0.045,8
1,ycup,8,34,10,2,0.192,0.024,8
1,ycup,8,36,11,2,0.206,0.075,8
1,ycup,8,33,12,2,0.152,0,8
1,ycup,8,24,13,2,0.085,0.261,8
1,ycup,8,21,14,2,0.099,0.281,8
1,ycup,8,23,15,2,0.119,0.241,8
1,ycup,8,22,16,2,0.065,0.221,8
1,ycup,8,19,17,2,0.085,0.206,8
1,ycup,8,20,18,2,0.119,0.206,8
1,ycup,8,16,19,2,0.01,0.462,8
1,ycup,8,14,20,2,0.051,0.407,8
1,ycup,8,15,21,2,0.03,0.427,8
1,ycup,8,17,22,2,0.065,0.427,8
1,ycup,8,13,23,2,0.03,0.447,8
1,ycup,8,18,24,2,0.01,0.383,8
1,ycup,8,6,25,2,0.034,0.043,8
1,ycup,8,3,26,2,0,0.063,8
1,ycup,8,1,27,2,0,0.008,8
1,ycup,9,65,1,2,0.387,0.443,9
1,ycup,9,61,2,2,0.421,0.504,9
1,ycup,9,64,3,2,0.441,0.464,9
1,ycup,9,66,4,2,0.372,0.464,9
1,ycup,9,63,5,2,0.387,0.419,9
1,ycup,9,62,6,2,0.407,0.464,9
1,ycup,9,47,7,2,0.267,0.52,9
1,ycup,9,43,8,2,0.227,0.496,9
1,ycup,9,44,9,2,0.213,0.54,9
1,ycup,9,46,10,2,0.227,0.52,9
1,ycup,9,45,11,2,0.281,0.506,9
1,ycup,9,48,12,2,0.227,0.575,9
1,ycup,9,21,13,2,0.105,0.415,9
1,ycup,9,20,14,2,0.119,0.435,9
1,ycup,9,19,15,2,0.14,0.395,9
1,ycup,9,24,16,2,0.085,0.374,9
1,ycup,9,23,17,2,0.105,0.36,9
1,ycup,9,22,18,2,0.14,0.36,9
1,ycup,9,6,19,2,0.055,0.196,9
1,ycup,9,2,20,2,0.02,0.217,9
1,ycup,9,1,21,2,0.02,0.162,9
1,ycup,9,4,22,2,0.04,0.176,9
1,ycup,9,3,23,2,0,0.152,9
1,ycup,9,5,24,2,0,0.231,9
1,ycup,9,29,25,2,0.156,0.014,9
1,ycup,9,27,26,2,0.136,0,9
1,ycup,10,86,1,2,0.119,0.332,10
1,ycup,10,87,2,2,0.105,0.377,10
1,ycup,10,89,3,2,0.119,0.411,10
1,ycup,10,88,4,2,0.14,0.377,10
1,ycup,10,90,5,2,0.14,0.397,10
1,ycup,10,85,6,2,0.154,0.417,10
1,ycup,10,78,7,2,0.069,0.241,10
1,ycup,10,74,8,2,0.069,0.271,10
1,ycup,10,73,9,2,0.069,0.206,10
1,ycup,10,77,10,2,0.014,0.221,10
1,ycup,10,75,11,2,0.055,0.221,10
1,ycup,10,76,12,2,0.049,0.281,10
1,ycup,10,100,13,2,0.211,0.186,10
1,ycup,10,97,14,2,0.231,0.111,10
1,ycup,10,101,15,2,0.176,0.101,10
1,ycup,10,102,16,2,0.176,0.18,10
1,ycup,10,98,17,2,0.231,0.146,10
1,ycup,10,99,18,2,0.217,0.126,10
1,ycup,10,70,19,2,0.034,0.055,10
1,ycup,10,72,20,2,0,0.034,10
1,ycup,10,67,21,2,0.034,0,10
1,ycup,10,71,22,2,0.069,0.065,10
1,ycup,10,68,23,2,0.034,0.034,10
1,ycup,10,69,24,2,0.069,0.034,10
2,ycup,11,50,1,2,0.304,0.559,1
2,ycup,11,52,2,2,0.338,0.504,1
2,ycup,11,51,3,2,0.304,0.504,1
2,ycup,11,53,4,2,0.324,0.518,1
2,ycup,11,54,5,2,0.283,0.494,1
2,ycup,11,49,6,2,0.304,0.538,1
2,ycup,11,32,7,2,0.19,0.462,1
2,ycup,11,34,8,2,0.196,0.401,1
2,ycup,11,33,9,2,0.156,0.401,1
2,ycup,11,36,10,2,0.176,0.387,1
2,ycup,11,35,11,2,0.176,0.441,1
2,ycup,11,31,12,2,0.142,0.421,1
2,ycup,11,28,13,2,0.14,0.237,1
2,ycup,11,30,14,2,0.154,0.223,1
2,ycup,11,25,15,2,0.134,0.298,1
2,ycup,11,27,16,2,0.099,0.213,1
2,ycup,11,29,17,2,0.119,0.223,1
2,ycup,11,10,18,2,0.014,0.014,1
2,ycup,11,12,19,2,0.034,0,1
2,ycup,11,11,20,2,0,0.034,1
2,ycup,12,51,1,2,0.02,0.065,2
2,ycup,12,52,2,2,0.055,0.01,2
2,ycup,12,53,3,2,0.02,0.01,2
2,ycup,12,54,4,2,0.04,0.024,2
2,ycup,12,49,5,2,0,0,2
2,ycup,12,66,6,2,0.142,0.192,2
2,ycup,12,64,7,2,0.142,0.158,2
2,ycup,12,83,8,2,0.109,0.401,2
2,ycup,12,84,9,2,0.109,0.346,2
2,ycup,12,79,10,2,0.089,0.336,2
2,ycup,12,81,11,2,0.089,0.415,2
2,ycup,12,105,12,2,0.291,0.259,2
2,ycup,12,106,13,2,0.306,0.31,2
2,ycup,12,104,14,2,0.237,0.279,2
2,ycup,12,107,15,2,0.285,0.32,2
2,ycup,12,108,16,2,0.251,0.259,2
2,ycup,12,103,17,2,0.251,0.235,2
2,ycup,12,94,18,2,0.2,0.097,2
2,ycup,12,92,19,2,0.255,0.093,2
2,ycup,13,50,1,2,0.304,0.64,3
2,ycup,13,51,2,2,0.338,0.585,3
2,ycup,13,53,3,2,0.304,0.585,3
2,ycup,13,52,4,2,0.324,0.599,3
2,ycup,13,49,5,2,0.283,0.575,3
2,ycup,13,54,6,2,0.283,0.654,3
2,ycup,13,31,7,2,0.19,0.543,3
2,ycup,13,35,8,2,0.196,0.482,3
2,ycup,13,36,9,2,0.156,0.482,3
2,ycup,13,33,10,2,0.176,0.468,3
2,ycup,13,34,11,2,0.176,0.522,3
2,ycup,13,32,12,2,0.142,0.502,3
2,ycup,13,27,13,2,0.14,0.318,3
2,ycup,13,30,14,2,0.154,0.304,3
2,ycup,13,25,15,2,0.134,0.379,3
2,ycup,13,26,16,2,0.099,0.294,3
2,ycup,13,29,17,2,0.119,0.304,3
2,ycup,13,28,18,2,0.119,0.358,3
2,ycup,13,37,19,2,0.211,0.19,3
2,ycup,13,40,20,2,0.231,0.121,3
2,ycup,13,41,21,2,0.211,0.111,3
2,ycup,13,42,22,2,0.265,0.186,3
2,ycup,13,39,23,2,0.265,0.156,3
2,ycup,13,38,24,2,0.211,0.136,3
2,ycup,13,10,25,2,0.014,0.095,3
2,ycup,13,12,26,2,0.034,0.081,3
2,ycup,13,11,27,2,0,0.115,3
2,ycup,13,8,28,2,0.069,0.146,3
2,ycup,13,7,29,2,0.069,0.081,3
2,ycup,13,9,30,2,0.069,0.115,3
2,ycup,13,72,31,2,0.427,0,3
2,ycup,13,68,32,2,0.393,0,3
2,ycup,13,67,33,2,0.393,0.055,3
2,ycup,13,70,34,2,0.393,0.034,3
2,ycup,13,69,35,2,0.393,0.034,3
2,ycup,13,71,36,2,0.393,0.034,3
2,ycup,13,76,37,2,0.427,0.271,3
2,ycup,13,77,38,2,0.372,0.221,3
2,ycup,13,73,39,2,0.358,0.241,3
2,ycup,13,78,40,2,0.393,0.206,3
2,ycup,13,74,41,2,0.413,0.221,3
2,ycup,13,75,42,2,0.393,0.261,3
2,ycup,13,99,43,2,0.555,0.146,3
2,ycup,13,100,44,2,0.589,0.146,3
2,ycup,13,97,45,2,0.534,0.126,3
2,ycup,13,102,46,2,0.575,0.126,3
2,ycup,13,101,47,2,0.569,0.186,3
2,ycup,14,50,1,2,0.32,0.64,4
2,ycup,14,52,2,2,0.354,0.585,4
2,ycup,14,51,3,2,0.32,0.585,4
2,ycup,14,53,4,2,0.34,0.599,4
2,ycup,14,49,5,2,0.3,0.575,4
2,ycup,14,54,6,2,0.3,0.654,4
2,ycup,14,31,7,2,0.206,0.543,4
2,ycup,14,35,8,2,0.213,0.482,4
2,ycup,14,36,9,2,0.172,0.482,4
2,ycup,14,33,10,2,0.192,0.468,4
2,ycup,14,34,11,2,0.192,0.522,4
2,ycup,14,32,12,2,0.158,0.502,4
2,ycup,14,27,13,2,0.156,0.318,4
2,ycup,14,30,14,2,0.17,0.304,4
2,ycup,14,25,15,2,0.15,0.379,4
2,ycup,14,26,16,2,0.115,0.294,4
2,ycup,14,29,17,2,0.136,0.304,4
2,ycup,14,28,18,2,0.136,0.358,4
2,ycup,14,3,19,2,0.02,0.466,4
2,ycup,14,6,20,2,0.02,0.52,4
2,ycup,14,2,21,2,0.055,0.5,4
2,ycup,14,5,22,2,0,0.48,4
2,ycup,14,4,23,2,0,0.534,4
2,ycup,14,1,24,2,0.055,0.53,4
2,ycup,14,37,25,2,0.227,0.19,4
2,ycup,14,40,26,2,0.247,0.121,4
2,ycup,14,41,27,2,0.227,0.111,4
2,ycup,14,38,28,2,0.281,0.186,4
2,ycup,14,42,29,2,0.281,0.156,4
2,ycup,14,39,30,2,0.227,0.136,4
2,ycup,14,10,31,2,0.03,0.095,4
2,ycup,14,12,32,2,0.051,0.081,4
2,ycup,14,11,33,2,0.016,0.115,4
2,ycup,14,8,34,2,0.085,0.146,4
2,ycup,14,7,35,2,0.085,0.081,4
2,ycup,14,9,36,2,0.085,0.115,4
2,ycup,14,75,37,2,0.443,0.271,4
2,ycup,14,74,38,2,0.389,0.221,4
2,ycup,14,76,39,2,0.374,0.241,4
2,ycup,14,77,40,2,0.409,0.206,4
2,ycup,14,78,41,2,0.429,0.221,4
2,ycup,14,73,42,2,0.409,0.261,4
2,ycup,14,69,43,2,0.443,0,4
2,ycup,14,71,44,2,0.409,0,4
2,ycup,14,70,45,2,0.409,0.055,4
2,ycup,14,72,46,2,0.409,0.034,4
2,ycup,14,68,47,2,0.443,0.065,4
2,ycup,14,67,48,2,0.389,0.014,4
2,ycup,14,99,49,2,0.571,0.146,4
2,ycup,14,97,50,2,0.605,0.146,4
2,ycup,14,102,51,2,0.551,0.126,4
2,ycup,14,101,52,2,0.591,0.126,4
2,ycup,14,98,53,2,0.585,0.186,4
2,ycup,14,100,54,2,0.571,0.166,4
2,ycup,14,124,55,2,0.713,0.302,4
2,ycup,14,121,56,2,0.733,0.281,4
2,ycup,14,126,57,2,0.747,0.302,4
2,ycup,14,123,58,2,0.713,0.267,4
2,ycup,14,122,59,2,0.747,0.267,4
2,ycup,14,125,60,2,0.692,0.336,4
2,ycup,14,130,61,2,0.741,0.089,4
2,ycup,15,51,1,2,0.289,0.368,5
2,ycup,15,53,2,2,0.324,0.314,5
2,ycup,15,52,3,2,0.289,0.314,5
2,ycup,15,50,4,2,0.31,0.328,5
2,ycup,15,49,5,2,0.269,0.304,5
2,ycup,15,54,6,2,0.269,0.383,5
2,ycup,15,63,7,2,0.411,0.496,5
2,ycup,15,65,8,2,0.411,0.462,5
2,ycup,15,62,9,2,0.377,0.462,5
2,ycup,15,61,10,2,0.391,0.536,5
2,ycup,15,64,11,2,0.356,0.476,5
2,ycup,15,66,12,2,0.377,0.516,5
2,ycup,15,48,13,2,0.231,0.613,5
2,ycup,15,45,14,2,0.182,0.573,5
2,ycup,15,44,15,2,0.196,0.553,5
2,ycup,15,46,16,2,0.217,0.593,5
2,ycup,15,43,17,2,0.251,0.603,5
2,ycup,15,47,18,2,0.251,0.538,5
2,ycup,15,16,19,2,0.04,0.593,5
2,ycup,15,13,20,2,0.034,0.654,5
2,ycup,15,17,21,2,0,0.569,5
2,ycup,15,15,22,2,0.055,0.613,5
2,ycup,15,18,23,2,0.02,0.613,5
2,ycup,15,14,24,2,0,0.648,5
2,ycup,15,83,25,2,0.379,0.704,5
2,ycup,15,82,26,2,0.413,0.715,5
2,ycup,15,81,27,2,0.379,0.65,5
2,ycup,15,84,28,2,0.358,0.64,5
2,ycup,15,80,29,2,0.358,0.719,5
2,ycup,15,79,30,2,0.399,0.664,5
2,ycup,15,107,31,2,0.561,0.563,5
2,ycup,15,105,32,2,0.575,0.613,5
2,ycup,15,108,33,2,0.506,0.583,5
2,ycup,15,104,34,2,0.555,0.623,5
2,ycup,15,106,35,2,0.52,0.563,5
2,ycup,15,103,36,2,0.52,0.538,5
2,ycup,15,93,37,2,0.47,0.401,5
2,ycup,15,92,38,2,0.524,0.397,5
2,ycup,15,94,39,2,0.504,0.407,5
2,ycup,15,95,40,2,0.524,0.366,5
2,ycup,15,91,41,2,0.49,0.366,5
2,ycup,15,96,42,2,0.49,0.332,5
2,ycup,15,116,43,2,0.702,0.407,5
2,ycup,15,118,44,2,0.648,0.427,5
2,ycup,15,115,45,2,0.682,0.447,5
2,ycup,15,120,46,2,0.662,0.407,5
2,ycup,15,119,47,2,0.696,0.468,5
2,ycup,15,117,48,2,0.717,0.427,5
2,ycup,15,111,49,2,0.583,0.196,5
2,ycup,15,112,50,2,0.563,0.211,5
2,ycup,15,113,51,2,0.617,0.261,5
2,ycup,15,109,52,2,0.603,0.211,5
2,ycup,15,110,53,2,0.617,0.196,5
2,ycup,15,114,54,2,0.549,0.231,5
2,ycup,15,86,55,2,0.518,0.136,5
2,ycup,15,85,56,2,0.498,0.146,5
2,ycup,15,88,57,2,0.504,0.085,5
2,ycup,15,87,58,2,0.484,0.105,5
2,ycup,15,89,59,2,0.518,0.071,5
2,ycup,15,90,60,2,0.449,0.105,5
2,ycup,15,57,61,2,0.326,0.156,5
2,ycup,15,55,62,2,0.271,0.16,5
2,ycup,15,59,63,2,0.312,0.105,5
2,ycup,15,58,64,2,0.291,0.146,5
2,ycup,15,56,65,2,0.306,0.166,5
2,ycup,15,60,66,2,0.271,0.081,5
2,ycup,15,75,67,2,0.413,0,5
2,ycup,16,114,1,2,0.613,0.387,6
2,ycup,16,110,2,2,0.593,0.401,6
2,ycup,16,109,3,2,0.648,0.451,6
2,ycup,16,113,4,2,0.634,0.401,6
2,ycup,16,112,5,2,0.648,0.387,6
2,ycup,16,111,6,2,0.579,0.421,6
2,ycup,16,94,7,2,0.5,0.591,6
2,ycup,16,95,8,2,0.555,0.587,6
2,ycup,16,96,9,2,0.534,0.597,6
2,ycup,16,91,10,2,0.555,0.557,6
2,ycup,16,93,11,2,0.52,0.557,6
2,ycup,16,92,12,2,0.52,0.522,6
2,ycup,16,63,13,2,0.441,0.686,6
2,ycup,16,62,14,2,0.441,0.652,6
2,ycup,16,61,15,2,0.407,0.652,6
2,ycup,16,64,16,2,0.421,0.727,6
2,ycup,16,66,17,2,0.387,0.666,6
2,ycup,16,65,18,2,0.407,0.706,6
2,ycup,16,48,19,2,0.261,0.804,6
2,ycup,16,45,20,2,0.213,0.763,6
2,ycup,16,44,21,2,0.227,0.743,6
2,ycup,16,46,22,2,0.247,0.783,6
2,ycup,16,43,23,2,0.281,0.794,6
2,ycup,16,47,24,2,0.281,0.729,6
2,ycup,16,16,25,2,0.071,0.783,6
2,ycup,16,13,26,2,0.065,0.844,6
2,ycup,16,17,27,2,0.03,0.759,6
2,ycup,16,14,28,2,0.085,0.804,6
2,ycup,16,18,29,2,0.051,0.804,6
2,ycup,16,15,30,2,0.03,0.838,6
2,ycup,16,21,31,2,0.119,0.658,6
2,ycup,16,23,32,2,0.105,0.583,6
2,ycup,16,20,33,2,0.071,0.617,6
2,ycup,16,24,34,2,0.14,0.648,6
2,ycup,16,22,35,2,0.085,0.597,6
2,ycup,16,19,36,2,0.14,0.617,6
2,ycup,16,31,37,2,0.206,0.462,6
2,ycup,16,35,38,2,0.213,0.401,6
2,ycup,16,32,39,2,0.172,0.401,6
2,ycup,16,34,40,2,0.192,0.387,6
2,ycup,16,33,41,2,0.192,0.441,6
2,ycup,16,36,42,2,0.158,0.421,6
2,ycup,16,6,43,2,0.02,0.385,6
2,ycup,16,3,44,2,0.02,0.439,6
2,ycup,16,2,45,2,0.055,0.419,6
2,ycup,16,5,46,2,0,0.399,6
2,ycup,16,4,47,2,0,0.453,6
2,ycup,16,1,48,2,0.055,0.449,6
2,ycup,16,27,49,2,0.156,0.237,6
2,ycup,16,30,50,2,0.17,0.223,6
2,ycup,16,25,51,2,0.15,0.298,6
2,ycup,16,26,52,2,0.115,0.213,6
2,ycup,16,28,53,2,0.136,0.223,6
2,ycup,16,29,54,2,0.136,0.277,6
2,ycup,16,10,55,2,0.03,0.014,6
2,ycup,16,12,56,2,0.051,0,6
2,ycup,16,11,57,2,0.016,0.034,6
2,ycup,16,7,58,2,0.085,0.065,6
2,ycup,16,8,59,2,0.085,0,6
2,ycup,16,9,60,2,0.085,0.034,6
2,ycup,16,39,61,2,0.227,0.109,6
2,ycup,16,42,62,2,0.247,0.04,6
2,ycup,16,38,63,2,0.227,0.03,6
2,ycup,16,41,64,2,0.281,0.105,6
2,ycup,16,40,65,2,0.281,0.075,6
2,ycup,16,37,66,2,0.227,0.055,6
2,ycup,16,75,67,2,0.443,0.19,6
2,ycup,16,74,68,2,0.389,0.14,6
2,ycup,16,76,69,2,0.374,0.16,6
2,ycup,16,77,70,2,0.409,0.126,6
2,ycup,16,78,71,2,0.429,0.14,6
2,ycup,16,73,72,2,0.409,0.18,6
2,ycup,16,90,73,2,0.549,0.326,6
2,ycup,16,89,74,2,0.528,0.336,6
2,ycup,16,87,75,2,0.534,0.275,6
2,ycup,17,50,1,2,0.32,0.559,7
2,ycup,17,52,2,2,0.354,0.504,7
2,ycup,17,53,3,2,0.32,0.504,7
2,ycup,17,51,4,2,0.34,0.518,7
2,ycup,17,49,5,2,0.3,0.494,7
2,ycup,17,54,6,2,0.3,0.573,7
2,ycup,17,31,7,2,0.206,0.462,7
2,ycup,17,35,8,2,0.213,0.401,7
2,ycup,17,36,9,2,0.172,0.401,7
2,ycup,17,34,10,2,0.192,0.387,7
2,ycup,17,33,11,2,0.192,0.441,7
2,ycup,17,27,12,2,0.156,0.237,7
2,ycup,17,30,13,2,0.17,0.223,7
2,ycup,17,25,14,2,0.15,0.298,7
2,ycup,17,26,15,2,0.136,0.223,7
2,ycup,17,29,16,2,0.136,0.277,7
2,ycup,17,28,17,2,0.136,0.257,7
2,ycup,17,10,18,2,0.03,0.014,7
2,ycup,17,12,19,2,0.051,0,7
2,ycup,17,11,20,2,0.016,0.034,7
2,ycup,17,8,21,2,0.085,0.065,7
2,ycup,17,7,22,2,0.085,0,7
2,ycup,17,9,23,2,0.085,0.034,7
2,ycup,17,1,24,2,0.02,0.385,7
2,ycup,17,4,25,2,0.02,0.439,7
2,ycup,17,3,26,2,0.055,0.419,7
2,ycup,17,6,27,2,0,0.399,7
2,ycup,17,2,28,2,0,0.453,7
2,ycup,17,5,29,2,0.055,0.449,7
2,ycup,17,20,30,2,0.119,0.658,7
2,ycup,17,23,31,2,0.105,0.583,7
2,ycup,17,21,32,2,0.071,0.617,7
2,ycup,17,19,33,2,0.14,0.648,7
2,ycup,17,22,34,2,0.085,0.597,7
2,ycup,17,24,35,2,0.14,0.617,7
2,ycup,17,48,36,2,0.261,0.804,7
2,ycup,17,45,37,2,0.213,0.763,7
2,ycup,17,44,38,2,0.227,0.743,7
2,ycup,17,46,39,2,0.247,0.783,7
2,ycup,17,43,40,2,0.281,0.794,7
2,ycup,17,47,41,2,0.281,0.729,7
2,ycup,17,16,42,2,0.071,0.783,7
2,ycup,17,13,43,2,0.065,0.844,7
2,ycup,17,17,44,2,0.085,0.804,7
2,ycup,17,15,45,2,0.051,0.804,7
2,ycup,17,14,46,2,0.03,0.838,7
2,ycup,17,18,47,2,0.051,0.804,7
2,ycup,17,65,48,2,0.441,0.686,7
2,ycup,17,63,49,2,0.441,0.652,7
2,ycup,17,62,50,2,0.407,0.652,7
2,ycup,17,61,51,2,0.421,0.727,7
2,ycup,17,66,52,2,0.387,0.666,7
2,ycup,17,64,53,2,0.407,0.706,7
2,ycup,17,82,54,2,0.409,0.895,7
2,ycup,17,81,55,2,0.443,0.905,7
2,ycup,17,84,56,2,0.409,0.84,7
2,ycup,17,79,57,2,0.389,0.83,7
2,ycup,17,83,58,2,0.389,0.909,7
2,ycup,17,80,59,2,0.429,0.854,7
2,ycup,17,105,60,2,0.591,0.753,7
2,ycup,17,107,61,2,0.605,0.804,7
2,ycup,17,108,62,2,0.536,0.773,7
2,ycup,18,90,1,2,0.549,0.113,8
2,ycup,18,88,2,2,0.528,0.123,8
2,ycup,18,87,3,2,0.534,0.063,8
2,ycup,18,89,4,2,0.514,0.083,8
2,ycup,18,85,5,2,0.549,0.049,8
2,ycup,18,86,6,2,0.48,0.083,8
2,ycup,18,110,7,2,0.613,0.174,8
2,ycup,18,114,8,2,0.593,0.188,8
2,ycup,18,109,9,2,0.648,0.239,8
2,ycup,18,113,10,2,0.634,0.188,8
2,ycup,18,112,11,2,0.648,0.174,8
2,ycup,18,111,12,2,0.579,0.209,8
2,ycup,18,118,13,2,0.733,0.385,8
2,ycup,18,116,14,2,0.678,0.405,8
2,ycup,18,117,15,2,0.713,0.425,8
2,ycup,18,115,16,2,0.692,0.385,8
2,ycup,18,120,17,2,0.727,0.445,8
2,ycup,18,119,18,2,0.747,0.405,8
2,ycup,18,138,19,2,0.796,0.597,8
2,ycup,18,134,20,2,0.761,0.563,8
2,ycup,18,135,21,2,0.781,0.577,8
2,ycup,18,133,22,2,0.761,0.617,8
2,ycup,18,137,23,2,0.761,0.597,8
2,ycup,18,136,24,2,0.741,0.553,8
2,ycup,18,104,25,2,0.591,0.54,8
2,ycup,18,106,26,2,0.605,0.591,8
2,ycup,18,103,27,2,0.536,0.561,8
2,ycup,18,108,28,2,0.585,0.601,8
2,ycup,18,107,29,2,0.551,0.54,8
2,ycup,18,105,30,2,0.551,0.516,8
2,ycup,18,61,31,2,0.441,0.474,8
2,ycup,18,62,32,2,0.441,0.439,8
2,ycup,18,63,33,2,0.407,0.439,8
2,ycup,18,65,34,2,0.421,0.514,8
2,ycup,18,66,35,2,0.387,0.453,8
2,ycup,18,64,36,2,0.407,0.494,8
2,ycup,18,81,37,2,0.409,0.682,8
2,ycup,18,82,38,2,0.443,0.692,8
2,ycup,18,84,39,2,0.409,0.628,8
2,ycup,18,80,40,2,0.389,0.617,8
2,ycup,18,79,41,2,0.389,0.696,8
2,ycup,18,83,42,2,0.429,0.642,8
2,ycup,18,47,43,2,0.261,0.591,8
2,ycup,18,43,44,2,0.213,0.551,8
2,ycup,18,46,45,2,0.227,0.53,8
2,ycup,18,48,46,2,0.247,0.571,8
2,ycup,18,45,47,2,0.281,0.581,8
2,ycup,18,44,48,2,0.281,0.516,8
2,ycup,18,14,49,2,0.071,0.571,8
2,ycup,18,16,50,2,0.065,0.632,8
2,ycup,18,18,51,2,0.03,0.547,8
2,ycup,18,17,52,2,0.085,0.591,8
2,ycup,18,13,53,2,0.051,0.591,8
2,ycup,18,15,54,2,0.03,0.626,8
2,ycup,18,19,55,2,0.119,0.445,8
2,ycup,18,22,56,2,0.105,0.37,8
2,ycup,18,24,57,2,0.071,0.405,8
2,ycup,18,21,58,2,0.14,0.435,8
2,ycup,18,23,59,2,0.085,0.385,8
2,ycup,18,54,60,2,0.32,0.346,8
2,ycup,18,49,61,2,0.354,0.291,8
2,ycup,18,52,62,2,0.32,0.291,8
2,ycup,18,50,63,2,0.34,0.306,8
2,ycup,18,51,64,2,0.3,0.281,8
2,ycup,18,53,65,2,0.3,0.36,8
2,ycup,18,31,66,2,0.206,0.249,8
2,ycup,18,35,67,2,0.213,0.188,8
2,ycup,18,36,68,2,0.172,0.188,8
2,ycup,18,34,69,2,0.192,0.174,8
2,ycup,18,33,70,2,0.192,0.229,8
2,ycup,18,6,71,2,0.02,0.172,8
2,ycup,18,3,72,2,0.02,0.227,8
2,ycup,18,2,73,2,0.055,0.206,8
2,ycup,18,5,74,2,0,0.186,8
2,ycup,18,4,75,2,0,0.241,8
2,ycup,18,1,76,2,0.055,0.237,8
2,ycup,18,27,77,2,0.156,0.024,8
2,ycup,18,30,78,2,0.17,0.01,8
2,ycup,18,25,79,2,0.15,0.085,8
2,ycup,18,26,80,2,0.115,0,8
2,ycup,18,28,81,2,0.136,0.01,8
2,ycup,18,29,82,2,0.136,0.065,8
2,ycup,19,96,1,2,0.47,0.206,9
2,ycup,19,95,2,2,0.524,0.202,9
2,ycup,19,91,3,2,0.504,0.213,9
2,ycup,19,93,4,2,0.524,0.172,9
2,ycup,19,92,5,2,0.49,0.172,9
2,ycup,19,94,6,2,0.49,0.138,9
2,ycup,19,62,7,2,0.411,0.302,9
2,ycup,19,61,8,2,0.411,0.267,9
2,ycup,19,63,9,2,0.377,0.267,9
2,ycup,19,65,10,2,0.391,0.342,9
2,ycup,19,64,11,2,0.356,0.281,9
2,ycup,19,66,12,2,0.377,0.322,9
2,ycup,19,49,13,2,0.289,0.174,9
2,ycup,19,54,14,2,0.324,0.119,9
2,ycup,19,52,15,2,0.289,0.119,9
2,ycup,19,50,16,2,0.31,0.134,9
2,ycup,19,51,17,2,0.269,0.109,9
2,ycup,19,53,18,2,0.269,0.188,9
2,ycup,19,32,19,2,0.176,0.077,9
2,ycup,19,34,20,2,0.182,0.016,9
2,ycup,19,33,21,2,0.142,0.016,9
2,ycup,19,36,22,2,0.162,0.002,9
2,ycup,19,35,23,2,0.162,0.057,9
2,ycup,19,31,24,2,0.128,0.036,9
2,ycup,19,24,25,2,0.089,0.273,9
2,ycup,19,22,26,2,0.075,0.198,9
2,ycup,19,19,27,2,0.04,0.233,9
2,ycup,19,21,28,2,0.109,0.263,9
2,ycup,19,23,29,2,0.055,0.213,9
2,ycup,19,20,30,2,0.109,0.233,9
2,ycup,19,16,31,2,0.04,0.399,9
2,ycup,19,13,32,2,0.034,0.46,9
2,ycup,19,17,33,2,0,0.374,9
2,ycup,19,15,34,2,0.055,0.419,9
2,ycup,19,14,35,2,0.02,0.419,9
2,ycup,19,18,36,2,0,0.453,9
2,ycup,19,44,37,2,0.231,0.419,9
2,ycup,19,45,38,2,0.182,0.379,9
2,ycup,19,48,39,2,0.196,0.358,9
2,ycup,19,46,40,2,0.217,0.399,9
2,ycup,19,43,41,2,0.251,0.409,9
2,ycup,19,47,42,2,0.251,0.344,9
2,ycup,19,82,43,2,0.379,0.51,9
2,ycup,19,81,44,2,0.413,0.52,9
2,ycup,19,84,45,2,0.379,0.455,9
2,ycup,19,80,46,2,0.358,0.445,9
2,ycup,19,79,47,2,0.358,0.524,9
2,ycup,19,83,48,2,0.399,0.47,9
2,ycup,19,105,49,2,0.561,0.368,9
2,ycup,19,107,50,2,0.575,0.419,9
2,ycup,19,108,51,2,0.506,0.389,9
2,ycup,19,103,52,2,0.555,0.429,9
2,ycup,19,106,53,2,0.52,0.368,9
2,ycup,19,104,54,2,0.52,0.344,9
2,ycup,19,117,55,2,0.702,0.213,9
2,ycup,19,119,56,2,0.648,0.233,9
2,ycup,19,118,57,2,0.682,0.253,9
2,ycup,19,115,58,2,0.662,0.213,9
2,ycup,19,120,59,2,0.696,0.273,9
2,ycup,19,138,60,2,0.765,0.425,9
2,ycup,19,135,61,2,0.731,0.391,9
2,ycup,19,136,62,2,0.751,0.405,9
2,ycup,19,133,63,2,0.731,0.445,9
2,ycup,19,137,64,2,0.731,0.425,9
2,ycup,19,111,65,2,0.583,0.002,9
2,ycup,19,112,66,2,0.563,0.016,9
2,ycup,19,113,67,2,0.617,0.067,9
2,ycup,19,109,68,2,0.603,0.016,9
2,ycup,19,110,69,2,0.617,0.002,9
2,ycup,19,114,70,2,0.549,0.036,9
2,ycup,19,140,71,2,0.802,0,9
2,ycup,19,142,72,2,0.767,0.055,9
2,ycup,19,144,73,2,0.767,0.034,9
2,ycup,20,59,1,2,0.326,0.075,10
2,ycup,20,55,2,2,0.271,0.079,10
2,ycup,20,56,3,2,0.312,0.024,10
2,ycup,20,58,4,2,0.291,0.065,10
2,ycup,20,57,5,2,0.306,0.085,10
2,ycup,20,60,6,2,0.271,0,10
2,ycup,20,32,7,2,0.176,0.19,10
2,ycup,20,34,8,2,0.182,0.13,10
2,ycup,20,33,9,2,0.142,0.13,10
2,ycup,20,36,10,2,0.162,0.115,10
2,ycup,20,35,11,2,0.162,0.17,10
2,ycup,20,31,12,2,0.128,0.15,10
2,ycup,20,53,13,2,0.289,0.287,10
2,ycup,20,51,14,2,0.324,0.233,10
2,ycup,20,52,15,2,0.289,0.233,10
2,ycup,20,50,16,2,0.31,0.247,10
2,ycup,20,49,17,2,0.269,0.223,10
2,ycup,20,54,18,2,0.269,0.302,10
2,ycup,20,20,19,2,0.089,0.387,10
2,ycup,20,24,20,2,0.075,0.312,10
2,ycup,20,22,21,2,0.04,0.346,10
2,ycup,20,19,22,2,0.055,0.326,10
2,ycup,20,21,23,2,0.109,0.346,10
2,ycup,20,23,24,2,0.075,0.346,10
2,ycup,20,48,25,2,0.231,0.532,10
2,ycup,20,45,26,2,0.182,0.492,10
2,ycup,20,44,27,2,0.196,0.472,10
2,ycup,20,46,28,2,0.217,0.512,10
2,ycup,20,47,29,2,0.251,0.522,10
2,ycup,20,43,30,2,0.251,0.457,10
2,ycup,20,16,31,2,0.04,0.512,10
2,ycup,20,13,32,2,0.034,0.573,10
2,ycup,20,17,33,2,0,0.488,10
2,ycup,20,14,34,2,0.055,0.532,10
2,ycup,20,18,35,2,0.02,0.532,10
2,ycup,20,15,36,2,0,0.567,10
2,ycup,20,65,37,2,0.411,0.415,10
2,ycup,20,63,38,2,0.411,0.381,10
2,ycup,20,62,39,2,0.377,0.381,10
2,ycup,20,61,40,2,0.391,0.455,10
2,ycup,20,66,41,2,0.356,0.395,10
2,ycup,20,64,42,2,0.377,0.435,10
2,ycup,20,82,43,2,0.379,0.623,10
2,ycup,20,81,44,2,0.413,0.634,10
2,ycup,20,84,45,2,0.379,0.569,10
2,ycup,20,79,46,2,0.358,0.559,10
2,ycup,20,83,47,2,0.358,0.638,10
2,ycup,20,80,48,2,0.399,0.583,10
2,ycup,20,105,49,2,0.561,0.482,10
2,ycup,20,107,50,2,0.575,0.532,10
2,ycup,20,108,51,2,0.506,0.502,10
2,ycup,20,103,52,2,0.555,0.543,10
2,ycup,20,104,53,2,0.52,0.482,10
2,ycup,20,106,54,2,0.54,0.502,10
2,ycup,20,136,55,2,0.765,0.538,10
2,ycup,20,137,56,2,0.731,0.504,10
2,ycup,20,133,57,2,0.751,0.518,10
2,ycup,20,135,58,2,0.731,0.559,10
2,ycup,20,134,59,2,0.731,0.538,10
2,ycup,20,138,60,2,0.711,0.494,10
2,ycup,20,119,61,2,0.702,0.326,10
2,ycup,20,117,62,2,0.648,0.346,10
2,ycup,20,116,63,2,0.682,0.366,10
2,ycup,20,118,64,2,0.662,0.326,10
2,ycup,20,115,65,2,0.696,0.387,10
2,ycup,20,120,66,2,0.717,0.346,10
2,ycup,20,95,67,2,0.47,0.32,10
2,ycup,20,93,68,2,0.524,0.316,10
2,ycup,20,96,69,2,0.504,0.326,10
2,ycup,20,91,70,2,0.524,0.285,10
3,ycup,21,51,1,2,0.128,0.302,1
3,ycup,21,50,2,2,0.182,0.298,1
3,ycup,21,52,3,2,0.182,0.233,1
3,ycup,21,53,4,2,0.162,0.308,1
3,ycup,21,54,5,2,0.148,0.267,1
3,ycup,21,49,6,2,0.128,0.247,1
3,ycup,21,92,7,2,0.383,0.285,1
3,ycup,21,93,8,2,0.328,0.241,1
3,ycup,21,96,9,2,0.348,0.251,1
3,ycup,21,91,10,2,0.314,0.285,1
3,ycup,21,95,11,2,0.383,0.316,1
3,ycup,21,94,12,2,0.368,0.265,1
3,ycup,21,112,13,2,0.476,0.18,1
3,ycup,21,111,14,2,0.462,0.13,1
3,ycup,21,110,15,2,0.421,0.105,1
3,ycup,21,114,16,2,0.407,0.15,1
3,ycup,21,109,17,2,0.455,0.19,1
3,ycup,21,113,18,2,0.476,0.15,1
3,ycup,21,86,19,2,0.377,0.055,1
3,ycup,21,85,20,2,0.356,0.065,1
3,ycup,21,87,21,2,0.377,0.024,1
3,ycup,21,88,22,2,0.362,0.004,1
3,ycup,21,89,23,2,0.342,0.024,1
3,ycup,21,90,24,2,0.322,0.004,1
3,ycup,21,56,25,2,0.13,0.024,1
3,ycup,21,59,26,2,0.164,0.085,1
3,ycup,21,60,27,2,0.13,0,1
3,ycup,21,58,28,2,0.184,0.045,1
3,ycup,21,55,29,2,0.15,0.065,1
3,ycup,21,57,30,2,0.15,0.045,1
3,ycup,21,36,31,2,0.02,0.115,1
3,ycup,21,34,32,2,0,0.105,1
3,ycup,21,31,33,2,0.04,0.13,1
3,ycup,22,51,1,2,0,0.298,2
3,ycup,22,53,2,2,0.055,0.294,2
3,ycup,22,54,3,2,0.055,0.229,2
3,ycup,22,49,4,2,0.034,0.304,2
3,ycup,22,52,5,2,0.02,0.263,2
3,ycup,22,50,6,2,0,0.243,2
3,ycup,22,63,7,2,0.142,0.377,2
3,ycup,22,61,8,2,0.087,0.391,2
3,ycup,22,66,9,2,0.107,0.377,2
3,ycup,22,62,10,2,0.107,0.431,2
3,ycup,22,64,11,2,0.121,0.451,2
3,ycup,22,65,12,2,0.142,0.411,2
3,ycup,22,95,13,2,0.255,0.281,2
3,ycup,22,91,14,2,0.2,0.237,2
3,ycup,22,96,15,2,0.221,0.247,2
3,ycup,22,93,16,2,0.186,0.281,2
3,ycup,22,92,17,2,0.255,0.312,2
3,ycup,22,94,18,2,0.241,0.261,2
3,ycup,22,106,19,2,0.271,0.518,2
3,ycup,22,108,20,2,0.285,0.538,2
3,ycup,22,104,21,2,0.251,0.453,2
3,ycup,22,107,22,2,0.271,0.498,2
3,ycup,22,103,23,2,0.271,0.464,2
3,ycup,22,105,24,2,0.271,0.498,2
3,ycup,22,83,25,2,0.109,0.619,2
3,ycup,22,82,26,2,0.144,0.599,2
3,ycup,22,84,27,2,0.089,0.634,2
3,ycup,22,80,28,2,0.089,0.555,2
3,ycup,22,79,29,2,0.109,0.565,2
3,ycup,22,81,30,2,0.144,0.565,2
3,ycup,22,86,31,2,0.249,0.051,2
3,ycup,22,85,32,2,0.229,0.061,2
3,ycup,22,87,33,2,0.249,0.02,2
3,ycup,22,88,34,2,0.235,0,2
3,ycup,22,89,35,2,0.215,0.02,2
3,ycup,22,90,36,2,0.194,0,2
3,ycup,22,112,37,2,0.348,0.176,2
3,ycup,22,113,38,2,0.334,0.126,2
3,ycup,22,109,39,2,0.294,0.101,2
3,ycup,22,114,40,2,0.279,0.146,2
3,ycup,22,110,41,2,0.328,0.186,2
3,ycup,22,111,42,2,0.348,0.146,2
3,ycup,23,51,1,2,0.184,0.664,3
3,ycup,23,53,2,2,0.239,0.66,3
3,ycup,23,54,3,2,0.239,0.595,3
3,ycup,23,49,4,2,0.219,0.67,3
3,ycup,23,52,5,2,0.204,0.63,3
3,ycup,23,50,6,2,0.184,0.609,3
3,ycup,23,34,7,2,0.077,0.478,3
3,ycup,23,35,8,2,0.057,0.468,3
3,ycup,23,36,9,2,0.097,0.492,3
3,ycup,23,33,10,2,0.111,0.543,3
3,ycup,23,31,11,2,0.057,0.547,3
3,ycup,23,32,12,2,0.077,0.512,3
3,ycup,23,25,13,2,0.055,0.379,3
3,ycup,23,27,14,2,0.04,0.328,3
3,ycup,23,28,15,2,0.034,0.389,3
3,ycup,23,26,16,2,0.02,0.348,3
3,ycup,23,29,17,2,0.055,0.348,3
3,ycup,23,30,18,2,0,0.304,3
3,ycup,23,57,19,2,0.186,0.387,3
3,ycup,23,55,20,2,0.221,0.447,3
3,ycup,23,60,21,2,0.186,0.362,3
3,ycup,23,59,22,2,0.241,0.407,3
3,ycup,23,56,23,2,0.206,0.427,3
3,ycup,23,58,24,2,0.206,0.407,3
3,ycup,23,42,25,2,0.111,0.146,3
3,ycup,23,41,26,2,0.097,0.166,3
3,ycup,23,39,27,2,0.166,0.196,3
3,ycup,23,38,28,2,0.132,0.132,3
3,ycup,23,37,29,2,0.146,0.206,3
3,ycup,23,40,30,2,0.132,0.166,3
3,ycup,23,75,31,2,0.328,0.217,3
3,ycup,23,77,32,2,0.294,0.251,3
3,ycup,23,78,33,2,0.273,0.231,3
3,ycup,23,74,34,2,0.328,0.281,3
3,ycup,23,73,35,2,0.273,0.206,3
3,ycup,23,76,36,2,0.314,0.231,3
3,ycup,23,70,37,2,0.294,0.065,3
3,ycup,23,69,38,2,0.273,0,3
3,ycup,23,67,39,2,0.308,0.085,3
3,ycup,23,71,40,2,0.273,0.079,3
3,ycup,23,68,41,2,0.273,0.024,3
3,ycup,23,72,42,2,0.294,0.01,3
3,ycup,23,102,43,2,0.49,0.186,3
3,ycup,23,99,44,2,0.435,0.19,3
3,ycup,23,100,45,2,0.47,0.196,3
3,ycup,23,101,46,2,0.435,0.136,3
3,ycup,23,97,47,2,0.455,0.156,3
3,ycup,23,121,48,2,0.577,0.267,3
3,ycup,23,125,49,2,0.597,0.277,3
3,ycup,23,123,50,2,0.577,0.291,3
3,ycup,23,126,51,2,0.617,0.291,3
3,ycup,24,51,1,2,0.087,0.397,4
3,ycup,24,53,2,2,0.142,0.393,4
3,ycup,24,54,3,2,0.142,0.328,4
3,ycup,24,49,4,2,0.121,0.403,4
3,ycup,24,52,5,2,0.107,0.362,4
3,ycup,24,50,6,2,0.087,0.342,4
3,ycup,24,94,7,2,0.342,0.381,4
3,ycup,24,92,8,2,0.287,0.336,4
3,ycup,24,93,9,2,0.308,0.346,4
3,ycup,24,96,10,2,0.273,0.381,4
3,ycup,24,91,11,2,0.342,0.411,4
3,ycup,24,95,12,2,0.328,0.36,4
3,ycup,24,112,13,2,0.435,0.275,4
3,ycup,24,111,14,2,0.421,0.225,4
3,ycup,24,110,15,2,0.381,0.2,4
3,ycup,24,114,16,2,0.366,0.245,4
3,ycup,24,109,17,2,0.415,0.285,4
3,ycup,24,113,18,2,0.435,0.245,4
3,ycup,24,87,19,2,0.336,0.15,4
3,ycup,24,88,20,2,0.316,0.16,4
3,ycup,24,89,21,2,0.336,0.119,4
3,ycup,24,90,22,2,0.322,0.099,4
3,ycup,24,86,23,2,0.302,0.119,4
3,ycup,24,85,24,2,0.281,0.099,4
3,ycup,24,126,25,2,0.48,0,4
3,ycup,24,125,26,2,0.5,0.01,4
3,ycup,24,124,27,2,0.48,0.024,4
3,ycup,24,122,28,2,0.52,0.024,4
3,ycup,24,123,29,2,0.5,0.065,4
3,ycup,24,121,30,2,0.514,0.085,4
3,ycup,24,140,31,2,0.605,0.223,4
3,ycup,24,141,32,2,0.551,0.243,4
3,ycup,24,139,33,2,0.585,0.263,4
3,ycup,24,143,34,2,0.599,0.283,4
3,ycup,24,144,35,2,0.619,0.209,4
3,ycup,24,142,36,2,0.619,0.273,4
3,ycup,24,120,37,2,0.534,0.441,4
3,ycup,24,116,38,2,0.48,0.421,4
3,ycup,24,119,39,2,0.52,0.421,4
3,ycup,24,117,40,2,0.48,0.476,4
3,ycup,24,115,41,2,0.466,0.441,4
3,ycup,24,118,42,2,0.48,0.397,4
3,ycup,24,106,43,2,0.358,0.617,4
3,ycup,24,108,44,2,0.338,0.577,4
3,ycup,24,104,45,2,0.372,0.638,4
3,ycup,24,107,46,2,0.338,0.553,4
3,ycup,24,103,47,2,0.358,0.597,4
3,ycup,24,105,48,2,0.358,0.563,4
3,ycup,24,135,49,2,0.549,0.634,4
3,ycup,24,136,50,2,0.583,0.599,4
3,ycup,24,133,51,2,0.514,0.634,4
3,ycup,24,137,52,2,0.528,0.668,4
3,ycup,24,138,53,2,0.569,0.613,4
3,ycup,24,134,54,2,0.549,0.599,4
3,ycup,24,84,55,2,0.196,0.719,4
3,ycup,24,80,56,2,0.231,0.698,4
3,ycup,24,79,57,2,0.176,0.733,4
3,ycup,24,83,58,2,0.176,0.654,4
3,ycup,24,82,59,2,0.196,0.664,4
3,ycup,24,81,60,2,0.231,0.664,4
3,ycup,24,46,61,2,0,0.587,4
3,ycup,24,48,62,2,0.049,0.628,4
3,ycup,24,45,63,2,0.034,0.587,4
3,ycup,24,44,64,2,0.069,0.553,4
3,ycup,24,43,65,2,0.014,0.543,4
3,ycup,24,47,66,2,0.055,0.567,4
3,ycup,25,51,1,2,0.3,0.583,5
3,ycup,25,53,2,2,0.354,0.579,5
3,ycup,25,54,3,2,0.354,0.514,5
3,ycup,25,49,4,2,0.334,0.589,5
3,ycup,25,52,5,2,0.32,0.549,5
3,ycup,25,50,6,2,0.3,0.528,5
3,ycup,25,94,7,2,0.555,0.567,5
3,ycup,25,92,8,2,0.5,0.522,5
3,ycup,25,93,9,2,0.52,0.532,5
3,ycup,25,96,10,2,0.486,0.567,5
3,ycup,25,91,11,2,0.54,0.547,5
3,ycup,25,95,12,2,0.52,0.567,5
3,ycup,25,61,13,2,0.441,0.662,5
3,ycup,25,63,14,2,0.387,0.676,5
3,ycup,25,62,15,2,0.407,0.662,5
3,ycup,25,66,16,2,0.407,0.717,5
3,ycup,25,64,17,2,0.421,0.737,5
3,ycup,25,65,18,2,0.441,0.696,5
3,ycup,25,46,19,2,0.213,0.773,5
3,ycup,25,48,20,2,0.247,0.773,5
3,ycup,25,45,21,2,0.281,0.739,5
3,ycup,25,47,22,2,0.227,0.729,5
3,ycup,25,43,23,2,0.267,0.753,5
3,ycup,25,44,24,2,0.247,0.773,5
3,ycup,25,20,25,2,0.105,0.593,5
3,ycup,25,24,26,2,0.14,0.658,5
3,ycup,25,23,27,2,0.085,0.607,5
3,ycup,25,21,28,2,0.14,0.593,5
3,ycup,25,19,29,2,0.105,0.628,5
3,ycup,25,22,30,2,0.105,0.648,5
3,ycup,25,14,31,2,0.051,0.814,5
3,ycup,25,18,32,2,0.085,0.779,5
3,ycup,25,16,33,2,0.016,0.814,5
3,ycup,25,13,34,2,0.071,0.794,5
3,ycup,25,15,35,2,0.03,0.769,5
3,ycup,25,17,36,2,0.085,0.814,5
3,ycup,25,5,37,2,0.055,0.429,5
3,ycup,25,1,38,2,0.055,0.395,5
3,ycup,25,4,39,2,0.02,0.395,5
3,ycup,25,6,40,2,0.02,0.429,5
3,ycup,25,3,41,2,0.055,0.46,5
3,ycup,25,2,42,2,0,0.409,5
3,ycup,25,35,43,2,0.192,0.397,5
3,ycup,25,34,44,2,0.172,0.387,5
3,ycup,25,36,45,2,0.213,0.411,5
3,ycup,25,33,46,2,0.227,0.462,5
3,ycup,25,31,47,2,0.172,0.466,5
3,ycup,25,32,48,2,0.192,0.431,5
3,ycup,25,27,49,2,0.17,0.298,5
3,ycup,25,25,50,2,0.156,0.247,5
3,ycup,25,29,51,2,0.15,0.308,5
3,ycup,25,26,52,2,0.136,0.267,5
3,ycup,25,28,53,2,0.17,0.267,5
3,ycup,25,30,54,2,0.115,0.223,5
3,ycup,25,7,55,2,0.03,0.079,5
3,ycup,25,10,56,2,0.051,0.01,5
3,ycup,25,12,57,2,0.03,0,5
3,ycup,25,8,58,2,0.016,0.045,5
3,ycup,25,9,59,2,0.051,0.065,5
3,ycup,25,11,60,2,0.051,0.045,5
3,ycup,25,39,61,2,0.227,0.065,5
3,ycup,25,37,62,2,0.213,0.085,5
3,ycup,25,40,63,2,0.281,0.115,5
3,ycup,25,41,64,2,0.247,0.051,5
3,ycup,25,42,65,2,0.247,0.105,5
3,ycup,25,77,66,2,0.443,0.136,5
3,ycup,25,76,67,2,0.409,0.17,5
3,ycup,25,75,68,2,0.389,0.15,5
3,ycup,25,78,69,2,0.443,0.2,5
3,ycup,25,73,70,2,0.389,0.126,5
3,ycup,26,51,1,2,0.283,0.196,6
3,ycup,26,53,2,2,0.338,0.192,6
3,ycup,26,54,3,2,0.338,0.128,6
3,ycup,26,49,4,2,0.318,0.202,6
3,ycup,26,52,5,2,0.304,0.162,6
3,ycup,26,50,6,2,0.283,0.142,6
3,ycup,26,92,7,2,0.538,0.18,6
3,ycup,26,93,8,2,0.484,0.136,6
3,ycup,26,96,9,2,0.504,0.146,6
3,ycup,26,91,10,2,0.47,0.18,6
3,ycup,26,95,11,2,0.538,0.211,6
3,ycup,26,94,12,2,0.524,0.16,6
3,ycup,26,61,13,2,0.425,0.275,6
3,ycup,26,63,14,2,0.37,0.289,6
3,ycup,26,62,15,2,0.391,0.275,6
3,ycup,26,66,16,2,0.391,0.33,6
3,ycup,26,64,17,2,0.405,0.35,6
3,ycup,26,65,18,2,0.425,0.31,6
3,ycup,26,106,19,2,0.555,0.417,6
3,ycup,26,108,20,2,0.534,0.377,6
3,ycup,26,104,21,2,0.569,0.437,6
3,ycup,26,107,22,2,0.534,0.352,6
3,ycup,26,103,23,2,0.555,0.397,6
3,ycup,26,105,24,2,0.555,0.362,6
3,ycup,26,84,25,2,0.393,0.518,6
3,ycup,26,80,26,2,0.427,0.498,6
3,ycup,26,83,27,2,0.372,0.532,6
3,ycup,26,82,28,2,0.372,0.453,6
3,ycup,26,79,29,2,0.393,0.464,6
3,ycup,26,81,30,2,0.427,0.464,6
3,ycup,26,46,31,2,0.196,0.387,6
3,ycup,26,48,32,2,0.245,0.427,6
3,ycup,26,45,33,2,0.231,0.387,6
3,ycup,26,44,34,2,0.265,0.352,6
3,ycup,26,43,35,2,0.211,0.342,6
3,ycup,26,47,36,2,0.251,0.366,6
3,ycup,26,20,37,2,0.089,0.206,6
3,ycup,26,24,38,2,0.123,0.271,6
3,ycup,26,23,39,2,0.069,0.221,6
3,ycup,26,21,40,2,0.123,0.206,6
3,ycup,26,19,41,2,0.089,0.241,6
3,ycup,26,22,42,2,0.089,0.261,6
3,ycup,26,14,43,2,0.034,0.427,6
3,ycup,26,18,44,2,0.069,0.393,6
3,ycup,26,16,45,2,0,0.427,6
3,ycup,26,13,46,2,0.055,0.407,6
3,ycup,26,15,47,2,0.014,0.383,6
3,ycup,26,17,48,2,0.069,0.427,6
3,ycup,26,35,49,2,0.176,0.01,6
3,ycup,26,36,50,2,0.156,0,6
3,ycup,26,32,51,2,0.196,0.024,6
3,ycup,26,31,52,2,0.211,0.075,6
3,ycup,26,33,53,2,0.156,0.079,6
3,ycup,26,34,54,2,0.176,0.045,6
3,ycup,26,5,55,2,0.038,0.043,6
3,ycup,26,1,56,2,0.038,0.008,6
3,ycup,26,4,57,2,0.004,0.008,6
3,ycup,26,6,58,2,0.004,0.043,6
3,ycup,26,3,59,2,0.038,0.073,6
3,ycup,27,86,1,2,0.336,0.417,7
3,ycup,27,85,2,2,0.316,0.427,7
3,ycup,27,87,3,2,0.336,0.387,7
3,ycup,27,89,4,2,0.322,0.366,7
3,ycup,27,88,5,2,0.302,0.387,7
3,ycup,27,90,6,2,0.281,0.366,7
3,ycup,27,55,7,2,0.089,0.387,7
3,ycup,27,59,8,2,0.123,0.447,7
3,ycup,27,60,9,2,0.089,0.362,7
3,ycup,27,58,10,2,0.144,0.407,7
3,ycup,27,57,11,2,0.109,0.427,7
3,ycup,27,76,12,2,0.231,0.217,7
3,ycup,27,78,13,2,0.196,0.251,7
3,ycup,27,42,14,2,0.014,0.146,7
3,ycup,27,39,15,2,0,0.166,7
3,ycup,27,41,16,2,0.069,0.196,7
3,ycup,27,38,17,2,0.034,0.132,7
3,ycup,27,37,18,2,0.034,0.186,7
3,ycup,27,40,19,2,0.049,0.206,7
3,ycup,27,77,20,2,0.176,0.231,7
3,ycup,27,73,21,2,0.231,0.281,7
3,ycup,27,74,22,2,0.217,0.231,7
3,ycup,27,75,23,2,0.196,0.251,7
3,ycup,27,70,24,2,0.196,0.065,7
3,ycup,27,67,25,2,0.176,0,7
3,ycup,27,69,26,2,0.211,0.085,7
3,ycup,27,71,27,2,0.176,0.079,7
3,ycup,27,68,28,2,0.176,0.024,7
3,ycup,27,72,29,2,0.196,0.01,7
3,ycup,27,98,30,2,0.393,0.186,7
3,ycup,27,100,31,2,0.338,0.19,7
3,ycup,27,101,32,2,0.393,0.121,7
3,ycup,27,97,33,2,0.358,0.176,7
3,ycup,27,99,34,2,0.372,0.196,7
3,ycup,27,102,35,2,0.338,0.136,7
3,ycup,27,130,36,2,0.549,0.085,7
3,ycup,27,127,37,2,0.583,0.119,7
3,ycup,27,129,38,2,0.583,0.085,7
3,ycup,27,128,39,2,0.528,0.075,7
3,ycup,27,131,40,2,0.514,0.119,7
3,ycup,27,132,41,2,0.528,0.154,7
3,ycup,28,34,1,2,0.176,0.478,8
3,ycup,28,35,2,2,0.156,0.468,8
3,ycup,28,36,3,2,0.196,0.492,8
3,ycup,28,33,4,2,0.211,0.543,8
3,ycup,28,31,5,2,0.156,0.547,8
3,ycup,28,32,6,2,0.176,0.512,8
3,ycup,28,25,7,2,0.154,0.379,8
3,ycup,28,27,8,2,0.14,0.328,8
3,ycup,28,28,9,2,0.134,0.389,8
3,ycup,28,29,10,2,0.119,0.348,8
3,ycup,28,26,11,2,0.154,0.348,8
3,ycup,28,30,12,2,0.099,0.304,8
3,ycup,28,55,13,2,0.285,0.387,8
3,ycup,28,57,14,2,0.32,0.447,8
3,ycup,28,60,15,2,0.285,0.362,8
3,ycup,28,59,16,2,0.306,0.427,8
3,ycup,28,56,17,2,0.306,0.407,8
3,ycup,28,58,18,2,0.306,0.407,8
3,ycup,28,42,19,2,0.211,0.146,8
3,ycup,28,41,20,2,0.196,0.166,8
3,ycup,28,39,21,2,0.265,0.196,8
3,ycup,28,37,22,2,0.231,0.132,8
3,ycup,28,40,23,2,0.231,0.186,8
3,ycup,28,38,24,2,0.245,0.206,8
3,ycup,28,12,25,2,0.014,0.16,8
3,ycup,28,7,26,2,0.034,0.091,8
3,ycup,28,10,27,2,0.014,0.081,8
3,ycup,28,8,28,2,0,0.126,8
3,ycup,28,9,29,2,0.069,0.091,8
3,ycup,28,11,30,2,0.034,0.146,8
3,ycup,28,71,31,2,0.393,0.065,8
3,ycup,28,68,32,2,0.372,0,8
3,ycup,28,72,33,2,0.407,0.085,8
3,ycup,28,67,34,2,0.372,0.079,8
3,ycup,28,70,35,2,0.372,0.024,8
3,ycup,28,69,36,2,0.393,0.01,8
3,ycup,28,102,37,2,0.589,0.186,8
3,ycup,28,100,38,2,0.534,0.19,8
3,ycup,28,98,39,2,0.589,0.121,8
3,ycup,28,101,40,2,0.555,0.176,8
3,ycup,28,97,41,2,0.569,0.196,8
3,ycup,28,99,42,2,0.534,0.136,8
3,ycup,28,121,43,2,0.676,0.267,8
3,ycup,28,122,44,2,0.696,0.277,8
3,ycup,28,123,45,2,0.676,0.291,8
3,ycup,28,125,46,2,0.717,0.291,8
3,ycup,28,124,47,2,0.696,0.332,8
3,ycup,28,126,48,2,0.711,0.352,8
3,ycup,28,131,49,2,0.745,0.085,8
3,ycup,28,130,50,2,0.779,0.119,8
3,ycup,28,127,51,2,0.779,0.085,8
3,ycup,28,129,52,2,0.725,0.075,8
3,ycup,28,128,53,2,0.711,0.119,8
3,ycup,28,132,54,2,0.725,0.154,8
3,ycup,28,143,55,2,0.802,0.49,8
3,ycup,28,139,56,2,0.747,0.51,8
3,ycup,28,144,57,2,0.781,0.53,8
3,ycup,28,142,58,2,0.796,0.551,8
3,ycup,28,141,59,2,0.816,0.476,8
3,ycup,28,140,60,2,0.816,0.54,8
3,ycup,28,110,61,2,0.632,0.543,8
3,ycup,28,114,62,2,0.617,0.492,8
3,ycup,28,109,63,2,0.577,0.468,8
3,ycup,28,113,64,2,0.563,0.512,8
3,ycup,28,112,65,2,0.611,0.553,8
3,ycup,28,111,66,2,0.632,0.512,8
3,ycup,28,85,67,2,0.532,0.417,8
3,ycup,28,86,68,2,0.512,0.427,8
3,ycup,28,87,69,2,0.532,0.387,8
3,ycup,28,88,70,2,0.518,0.366,8
3,ycup,28,89,71,2,0.498,0.387,8
3,ycup,28,90,72,2,0.478,0.366,8
3,ycup,28,76,73,2,0.427,0.217,8
3,ycup,28,74,74,2,0.393,0.251,8
3,ycup,28,78,75,2,0.372,0.231,8
3,ycup,28,73,76,2,0.427,0.281,8
3,ycup,28,75,77,2,0.372,0.206,8
3,ycup,28,77,78,2,0.413,0.231,8
3,ycup,29,51,1,2,0,0.664,9
3,ycup,29,53,2,2,0.055,0.66,9
3,ycup,29,54,3,2,0.055,0.595,9
3,ycup,29,49,4,2,0.034,0.67,9
3,ycup,29,52,5,2,0.02,0.63,9
3,ycup,29,50,6,2,0,0.609,9
3,ycup,29,63,7,2,0.142,0.743,9
3,ycup,29,61,8,2,0.087,0.757,9
3,ycup,29,66,9,2,0.107,0.743,9
3,ycup,29,62,10,2,0.107,0.798,9
3,ycup,29,64,11,2,0.121,0.818,9
3,ycup,29,65,12,2,0.142,0.777,9
3,ycup,29,106,13,2,0.271,0.885,9
3,ycup,29,105,14,2,0.285,0.905,9
3,ycup,29,108,15,2,0.251,0.82,9
3,ycup,29,107,16,2,0.271,0.864,9
3,ycup,29,103,17,2,0.271,0.83,9
3,ycup,29,135,18,2,0.462,0.901,9
3,ycup,29,133,19,2,0.496,0.866,9
3,ycup,29,137,20,2,0.427,0.901,9
3,ycup,29,134,21,2,0.441,0.935,9
3,ycup,29,138,22,2,0.482,0.881,9
3,ycup,29,136,23,2,0.462,0.866,9
3,ycup,29,118,24,2,0.447,0.709,9
3,ycup,29,119,25,2,0.393,0.688,9
3,ycup,29,116,26,2,0.433,0.688,9
3,ycup,29,120,27,2,0.379,0.709,9
3,ycup,29,117,28,2,0.393,0.664,9
3,ycup,29,115,29,2,0.413,0.709,9
3,ycup,29,142,30,2,0.518,0.49,9
3,ycup,29,144,31,2,0.464,0.51,9
3,ycup,29,141,32,2,0.498,0.53,9
3,ycup,29,140,33,2,0.512,0.551,9
3,ycup,29,139,34,2,0.532,0.476,9
3,ycup,29,143,35,2,0.532,0.54,9
3,ycup,29,109,36,2,0.348,0.543,9
3,ycup,29,113,37,2,0.334,0.492,9
3,ycup,29,114,38,2,0.294,0.468,9
3,ycup,29,110,39,2,0.279,0.512,9
3,ycup,29,112,40,2,0.328,0.553,9
3,ycup,29,111,41,2,0.348,0.512,9
3,ycup,29,126,42,2,0.393,0.267,9
3,ycup,29,125,43,2,0.413,0.277,9
3,ycup,29,124,44,2,0.393,0.291,9
3,ycup,29,123,45,2,0.433,0.291,9
3,ycup,29,122,46,2,0.413,0.332,9
3,ycup,29,121,47,2,0.413,0.312,9
3,ycup,29,87,48,2,0.249,0.417,9
3,ycup,29,88,49,2,0.229,0.427,9
3,ycup,29,89,50,2,0.249,0.387,9
3,ycup,29,85,51,2,0.235,0.366,9
3,ycup,29,86,52,2,0.215,0.387,9
3,ycup,29,90,53,2,0.194,0.366,9
3,ycup,29,76,54,2,0.144,0.217,9
3,ycup,29,74,55,2,0.109,0.251,9
3,ycup,29,78,56,2,0.089,0.231,9
3,ycup,29,73,57,2,0.144,0.281,9
3,ycup,29,75,58,2,0.089,0.206,9
3,ycup,29,77,59,2,0.13,0.231,9
3,ycup,29,102,60,2,0.306,0.186,9
3,ycup,29,98,61,2,0.251,0.19,9
3,ycup,29,100,62,2,0.306,0.121,9
3,ycup,29,101,63,2,0.271,0.176,9
3,ycup,29,97,64,2,0.285,0.196,9
3,ycup,29,99,65,2,0.251,0.136,9
3,ycup,29,132,66,2,0.462,0.085,9
3,ycup,29,131,67,2,0.496,0.119,9
3,ycup,29,130,68,2,0.496,0.085,9
3,ycup,29,127,69,2,0.441,0.075,9
3,ycup,29,129,70,2,0.427,0.119,9
3,ycup,29,128,71,2,0.441,0.154,9
3,ycup,29,70,72,2,0.109,0.065,9
3,ycup,29,67,73,2,0.089,0,9
3,ycup,30,56,1,2,0.302,0.083,10
3,ycup,30,59,2,2,0.336,0.144,10
3,ycup,30,60,3,2,0.302,0.059,10
3,ycup,30,55,4,2,0.356,0.103,10
3,ycup,30,57,5,2,0.322,0.123,10
3,ycup,30,58,6,2,0.322,0.103,10
3,ycup,30,34,7,2,0.192,0.174,10
3,ycup,30,36,8,2,0.213,0.188,10
3,ycup,30,35,9,2,0.227,0.239,10
3,ycup,30,31,10,2,0.172,0.243,10
3,ycup,30,33,11,2,0.192,0.209,10
3,ycup,30,32,12,2,0.192,0.209,10
3,ycup,30,27,13,2,0.17,0.075,10
3,ycup,30,25,14,2,0.156,0.024,10
3,ycup,30,29,15,2,0.15,0.085,10
3,ycup,30,28,16,2,0.136,0.045,10
3,ycup,30,26,17,2,0.17,0.045,10
3,ycup,30,30,18,2,0.115,0,10
3,ycup,30,2,19,2,0.055,0.206,10
3,ycup,30,1,20,2,0.055,0.172,10
3,ycup,30,5,21,2,0.02,0.172,10
3,ycup,30,3,22,2,0.02,0.206,10
3,ycup,30,6,23,2,0.055,0.237,10
3,ycup,30,4,24,2,0,0.186,10
3,ycup,30,22,25,2,0.105,0.37,10
3,ycup,30,19,26,2,0.14,0.435,10
3,ycup,30,21,27,2,0.085,0.385,10
3,ycup,30,23,28,2,0.14,0.37,10
3,ycup,30,24,29,2,0.105,0.405,10
3,ycup,30,20,30,2,0.105,0.425,10
3,ycup,30,14,31,2,0.051,0.591,10
3,ycup,30,16,32,2,0.085,0.557,10
3,ycup,30,18,33,2,0.016,0.591,10
3,ycup,30,13,34,2,0.071,0.571,10
3,ycup,30,15,35,2,0.03,0.547,10
3,ycup,30,17,36,2,0.085,0.591,10
3,ycup,30,43,37,2,0.213,0.551,10
3,ycup,30,45,38,2,0.261,0.591,10
3,ycup,30,44,39,2,0.247,0.551,10
3,ycup,30,48,40,2,0.281,0.516,10
3,ycup,30,47,41,2,0.227,0.506,10
3,ycup,30,46,42,2,0.267,0.53,10
3,ycup,30,82,43,2,0.409,0.682,10
3,ycup,30,83,44,2,0.443,0.662,10
3,ycup,30,84,45,2,0.389,0.696,10
3,ycup,30,80,46,2,0.389,0.617,10
3,ycup,30,79,47,2,0.409,0.628,10
3,ycup,30,81,48,2,0.443,0.628,10
3,ycup,30,64,49,2,0.441,0.439,10
3,ycup,30,62,50,2,0.387,0.453,10
3,ycup,30,63,51,2,0.407,0.439,10
3,ycup,30,66,52,2,0.407,0.494,10
3,ycup,30,65,53,2,0.421,0.514,10
3,ycup,30,104,54,2,0.571,0.581,10
3,ycup,30,106,55,2,0.551,0.54,10
3,ycup,30,108,56,2,0.585,0.601,10
3,ycup,30,107,57,2,0.551,0.516,10
3,ycup,30,105,58,2,0.571,0.526,10
3,ycup,30,103,59,2,0.571,0.561,10
3,ycup,30,118,60,2,0.747,0.405,10
3,ycup,30,119,61,2,0.692,0.385,10
3,ycup,30,116,62,2,0.733,0.385,10
3,ycup,30,120,63,2,0.692,0.439,10
3,ycup,30,117,64,2,0.678,0.405,10
3,ycup,30,115,65,2,0.692,0.36,10
4,ycup,31,51,1,2,0.02,0.182,1
4,ycup,31,50,2,2,0,0.117,1
4,ycup,31,54,3,2,0.02,0.128,1
4,ycup,31,52,4,2,0.055,0.162,1
4,ycup,31,49,5,2,0.055,0.192,1
4,ycup,31,53,6,2,0.02,0.162,1
4,ycup,31,95,7,2,0.221,0.18,1
4,ycup,31,91,8,2,0.221,0.2,1
4,ycup,31,92,9,2,0.235,0.221,1
4,ycup,31,96,10,2,0.255,0.211,1
4,ycup,31,94,11,2,0.2,0.136,1
4,ycup,31,93,12,2,0.221,0.18,1
4,ycup,31,64,13,2,0.107,0.31,1
4,ycup,31,62,14,2,0.087,0.265,1
4,ycup,31,65,15,2,0.107,0.33,1
4,ycup,31,61,16,2,0.142,0.275,1
4,ycup,31,66,17,2,0.087,0.344,1
4,ycup,31,63,18,2,0.111,0.31,1
4,ycup,31,112,19,2,0.294,0.024,1
4,ycup,31,109,20,2,0.348,0.045,1
4,ycup,31,111,21,2,0.294,0,1
4,ycup,31,114,22,2,0.294,0.079,1
4,ycup,31,113,23,2,0.348,0.01,1
4,ycup,31,110,24,2,0.314,0.01,1
4,ycup,32,52,1,2,0.162,0.504,2
4,ycup,32,53,2,2,0.142,0.439,2
4,ycup,32,49,3,2,0.162,0.449,2
4,ycup,32,54,4,2,0.196,0.484,2
4,ycup,32,51,5,2,0.196,0.514,2
4,ycup,32,50,6,2,0.162,0.484,2
4,ycup,32,36,7,2,0,0.366,2
4,ycup,32,35,8,2,0.014,0.346,2
4,ycup,32,31,9,2,0.014,0.401,2
4,ycup,32,32,10,2,0.034,0.332,2
4,ycup,32,34,11,2,0.034,0.387,2
4,ycup,32,33,12,2,0.069,0.397,2
4,ycup,32,58,13,2,0.144,0.217,2
4,ycup,32,56,14,2,0.13,0.261,2
4,ycup,32,55,15,2,0.198,0.261,2
4,ycup,32,60,16,2,0.144,0.296,2
4,ycup,32,59,17,2,0.184,0.241,2
4,ycup,32,57,18,2,0.164,0.227,2
4,ycup,32,90,19,2,0.336,0.196,2
4,ycup,32,89,20,2,0.391,0.271,2
4,ycup,32,85,21,2,0.377,0.221,2
4,ycup,32,87,22,2,0.391,0.241,2
4,ycup,32,88,23,2,0.336,0.275,2
4,ycup,32,86,24,2,0.322,0.241,2
4,ycup,32,78,25,2,0.271,0.085,2
4,ycup,32,77,26,2,0.251,0.071,2
4,ycup,32,73,27,2,0.231,0.061,2
4,ycup,32,76,28,2,0.285,0.071,2
4,ycup,32,74,29,2,0.285,0.105,2
4,ycup,32,75,30,2,0.251,0.105,2
4,ycup,32,38,31,2,0.109,0,2
4,ycup,32,41,32,2,0.123,0.051,2
4,ycup,32,42,33,2,0.089,0.02,2
4,ycup,33,52,1,2,0.204,0.626,3
4,ycup,33,53,2,2,0.184,0.561,3
4,ycup,33,54,3,2,0.204,0.571,3
4,ycup,33,49,4,2,0.239,0.605,3
4,ycup,33,51,5,2,0.239,0.636,3
4,ycup,33,50,6,2,0.204,0.605,3
4,ycup,33,36,7,2,0.043,0.488,3
4,ycup,33,35,8,2,0.057,0.468,3
4,ycup,33,33,9,2,0.057,0.522,3
4,ycup,33,31,10,2,0.077,0.453,3
4,ycup,33,32,11,2,0.077,0.508,3
4,ycup,33,34,12,2,0.111,0.518,3
4,ycup,33,30,13,2,0,0.358,3
4,ycup,33,28,14,2,0.055,0.289,3
4,ycup,33,25,15,2,0.055,0.324,3
4,ycup,33,27,16,2,0.02,0.344,3
4,ycup,33,26,17,2,0,0.304,3
4,ycup,33,29,18,2,0.034,0.364,3
4,ycup,33,55,19,2,0.186,0.338,3
4,ycup,33,60,20,2,0.172,0.383,3
4,ycup,33,59,21,2,0.241,0.383,3
4,ycup,33,57,22,2,0.186,0.417,3
4,ycup,33,58,23,2,0.227,0.362,3
4,ycup,33,56,24,2,0.206,0.348,3
4,ycup,33,41,25,2,0.152,0.121,3
4,ycup,33,42,26,2,0.166,0.172,3
4,ycup,33,39,27,2,0.132,0.142,3
4,ycup,33,37,28,2,0.146,0.182,3
4,ycup,33,40,29,2,0.111,0.176,3
4,ycup,33,38,30,2,0.132,0.162,3
4,ycup,33,75,31,2,0.314,0.206,3
4,ycup,33,74,32,2,0.294,0.192,3
4,ycup,33,73,33,2,0.273,0.182,3
4,ycup,33,76,34,2,0.328,0.192,3
4,ycup,33,77,35,2,0.328,0.227,3
4,ycup,33,78,36,2,0.294,0.227,3
4,ycup,33,71,37,2,0.273,0,3
4,ycup,33,69,38,2,0.328,0.02,3
4,ycup,33,67,39,2,0.308,0.061,3
4,ycup,33,97,40,2,0.435,0.087,3
4,ycup,33,100,41,2,0.476,0.111,3
4,ycup,33,98,42,2,0.49,0.132,3
4,ycup,33,99,43,2,0.455,0.097,3
4,ycup,33,101,44,2,0.455,0.152,3
4,ycup,33,102,45,2,0.435,0.166,3
4,ycup,34,52,1,2,0.304,0.065,4
4,ycup,34,53,2,2,0.283,0,4
4,ycup,34,49,3,2,0.304,0.01,4
4,ycup,34,54,4,2,0.338,0.045,4
4,ycup,34,51,5,2,0.338,0.075,4
4,ycup,34,50,6,2,0.304,0.045,4
4,ycup,34,62,7,2,0.391,0.192,4
4,ycup,34,64,8,2,0.37,0.148,4
4,ycup,34,61,9,2,0.391,0.213,4
4,ycup,34,63,10,2,0.425,0.158,4
4,ycup,34,66,11,2,0.356,0.192,4
4,ycup,34,65,12,2,0.37,0.227,4
4,ycup,34,46,13,2,0.245,0.31,4
4,ycup,34,47,14,2,0.196,0.269,4
4,ycup,34,44,15,2,0.231,0.289,4
4,ycup,34,45,16,2,0.265,0.235,4
4,ycup,34,43,17,2,0.211,0.249,4
4,ycup,34,48,18,2,0.211,0.304,4
4,ycup,34,24,19,2,0.089,0.123,4
4,ycup,34,23,20,2,0.089,0.144,4
4,ycup,34,20,21,2,0.055,0.123,4
4,ycup,34,19,22,2,0.069,0.079,4
4,ycup,34,21,23,2,0.103,0.164,4
4,ycup,34,22,24,2,0.123,0.154,4
4,ycup,34,14,25,2,0,0.31,4
4,ycup,34,17,26,2,0.034,0.275,4
4,ycup,34,13,27,2,0.049,0.35,4
4,ycup,34,18,28,2,0.069,0.34,4
4,ycup,34,15,29,2,0.014,0.289,4
4,ycup,34,16,30,2,0.034,0.31,4
4,ycup,34,84,31,2,0.372,0.415,4
4,ycup,34,82,32,2,0.427,0.381,4
4,ycup,34,79,33,2,0.393,0.401,4
4,ycup,34,81,34,2,0.372,0.36,4
4,ycup,34,83,35,2,0.407,0.421,4
4,ycup,34,105,36,2,0.534,0.314,4
4,ycup,34,108,37,2,0.555,0.279,4
4,ycup,34,103,38,2,0.52,0.279,4
4,ycup,34,104,39,2,0.589,0.279,4
4,ycup,34,107,40,2,0.575,0.259,4
4,ycup,34,106,41,2,0.534,0.259,4
4,ycup,34,117,42,2,0.731,0.123,4
4,ycup,34,120,43,2,0.731,0.154,4
4,ycup,34,119,44,2,0.676,0.103,4
4,ycup,35,51,1,2,0.02,0.538,5
4,ycup,35,50,2,2,0,0.474,5
4,ycup,35,54,3,2,0.02,0.484,5
4,ycup,35,52,4,2,0.055,0.518,5
4,ycup,35,53,5,2,0.055,0.549,5
4,ycup,35,49,6,2,0.02,0.518,5
4,ycup,35,96,7,2,0.221,0.536,5
4,ycup,35,91,8,2,0.221,0.557,5
4,ycup,35,93,9,2,0.235,0.577,5
4,ycup,35,95,10,2,0.255,0.567,5
4,ycup,35,94,11,2,0.2,0.492,5
4,ycup,35,112,12,2,0.294,0.381,5
4,ycup,35,109,13,2,0.348,0.401,5
4,ycup,35,111,14,2,0.294,0.356,5
4,ycup,35,114,15,2,0.294,0.435,5
4,ycup,35,113,16,2,0.348,0.366,5
4,ycup,35,110,17,2,0.314,0.366,5
4,ycup,35,142,18,2,0.478,0.379,5
4,ycup,35,139,19,2,0.498,0.419,5
4,ycup,35,143,20,2,0.532,0.399,5
4,ycup,35,144,21,2,0.464,0.399,5
4,ycup,35,140,22,2,0.498,0.399,5
4,ycup,35,141,23,2,0.498,0.399,5
4,ycup,35,87,24,2,0.194,0.231,5
4,ycup,35,90,25,2,0.249,0.306,5
4,ycup,35,85,26,2,0.235,0.255,5
4,ycup,35,77,27,2,0.13,0.119,5
4,ycup,35,74,28,2,0.109,0.105,5
4,ycup,35,102,29,2,0.251,0,5
4,ycup,35,101,30,2,0.291,0.024,5
4,ycup,35,99,31,2,0.306,0.045,5
4,ycup,36,52,1,2,0.204,0.308,6
4,ycup,36,53,2,2,0.184,0.243,6
4,ycup,36,49,3,2,0.204,0.253,6
4,ycup,36,54,4,2,0.239,0.287,6
4,ycup,36,51,5,2,0.239,0.318,6
4,ycup,36,50,6,2,0.204,0.287,6
4,ycup,36,62,7,2,0.291,0.435,6
4,ycup,36,65,8,2,0.271,0.391,6
4,ycup,36,66,9,2,0.291,0.455,6
4,ycup,36,63,10,2,0.326,0.401,6
4,ycup,36,61,11,2,0.257,0.435,6
4,ycup,36,64,12,2,0.271,0.47,6
4,ycup,36,93,13,2,0.405,0.306,6
4,ycup,36,94,14,2,0.405,0.326,6
4,ycup,36,95,15,2,0.419,0.346,6
4,ycup,36,91,16,2,0.439,0.336,6
4,ycup,36,96,17,2,0.385,0.261,6
4,ycup,36,113,18,2,0.478,0.15,6
4,ycup,36,111,19,2,0.532,0.17,6
4,ycup,36,114,20,2,0.478,0.126,6
4,ycup,36,112,21,2,0.478,0.204,6
4,ycup,36,109,22,2,0.532,0.136,6
4,ycup,36,86,23,2,0.379,0,6
4,ycup,36,89,24,2,0.433,0.075,6
4,ycup,36,90,25,2,0.419,0.024,6
4,ycup,36,85,26,2,0.433,0.045,6
4,ycup,36,87,27,2,0.379,0.079,6
4,ycup,36,88,28,2,0.364,0.045,6
4,ycup,36,58,29,2,0.186,0.02,6
4,ycup,36,60,30,2,0.172,0.065,6
4,ycup,36,55,31,2,0.241,0.065,6
4,ycup,36,57,32,2,0.227,0.045,6
4,ycup,36,59,33,2,0.206,0.03,6
4,ycup,36,36,34,2,0.043,0.17,6
4,ycup,36,31,35,2,0.057,0.15,6
4,ycup,36,30,36,2,0,0.04,6
4,ycup,37,95,1,2,0.405,0.502,7
4,ycup,37,52,2,2,0.204,0.504,7
4,ycup,37,53,3,2,0.184,0.439,7
4,ycup,37,54,4,2,0.204,0.449,7
4,ycup,37,51,5,2,0.239,0.514,7
4,ycup,37,36,6,2,0.043,0.366,7
4,ycup,37,60,7,2,0.186,0.217,7
4,ycup,37,56,8,2,0.172,0.261,7
4,ycup,37,58,9,2,0.241,0.261,7
4,ycup,37,77,10,2,0.314,0.085,7
4,ycup,37,78,11,2,0.294,0.071,7
4,ycup,37,73,12,2,0.273,0.061,7
4,ycup,37,76,13,2,0.328,0.071,7
4,ycup,37,74,14,2,0.328,0.105,7
4,ycup,37,75,15,2,0.294,0.105,7
4,ycup,37,38,16,2,0.152,0,7
4,ycup,37,42,17,2,0.166,0.051,7
4,ycup,37,40,18,2,0.132,0.02,7
4,ycup,37,41,19,2,0.146,0.061,7
4,ycup,37,26,20,2,0,0.237,7
4,ycup,37,28,21,2,0.055,0.168,7
4,ycup,38,95,1,2,0.504,0.18,8
4,ycup,38,113,2,2,0.577,0.024,8
4,ycup,38,109,3,2,0.632,0.045,8
4,ycup,38,112,4,2,0.577,0,8
4,ycup,38,114,5,2,0.597,0.01,8
4,ycup,38,111,6,2,0.597,0.045,8
4,ycup,38,120,7,2,0.731,0.241,8
4,ycup,38,118,8,2,0.731,0.271,8
4,ycup,38,119,9,2,0.676,0.221,8
4,ycup,38,115,10,2,0.717,0.221,8
4,ycup,38,117,11,2,0.696,0.206,8
4,ycup,38,108,12,2,0.534,0.431,8
4,ycup,38,107,13,2,0.555,0.397,8
4,ycup,38,105,14,2,0.52,0.397,8
4,ycup,38,106,15,2,0.589,0.397,8
4,ycup,38,103,16,2,0.575,0.377,8
4,ycup,38,66,17,2,0.391,0.31,8
4,ycup,38,65,18,2,0.37,0.265,8
4,ycup,38,62,19,2,0.391,0.33,8
4,ycup,38,47,20,2,0.245,0.427,8
4,ycup,38,43,21,2,0.231,0.407,8
4,ycup,38,48,22,2,0.265,0.352,8
4,ycup,38,45,23,2,0.211,0.366,8
4,ycup,38,18,24,2,0,0.427,8
4,ycup,38,15,25,2,0.034,0.393,8
4,ycup,38,13,26,2,0.049,0.468,8
4,ycup,39,95,1,2,0.362,0.306,9
4,ycup,39,96,2,2,0.362,0.326,9
4,ycup,39,91,3,2,0.377,0.346,9
4,ycup,39,93,4,2,0.342,0.261,9
4,ycup,39,94,5,2,0.383,0.285,9
4,ycup,39,112,6,2,0.435,0.15,9
4,ycup,39,109,7,2,0.49,0.17,9
4,ycup,39,111,8,2,0.435,0.126,9
4,ycup,39,114,9,2,0.435,0.204,9
4,ycup,39,113,10,2,0.49,0.136,9
4,ycup,39,110,11,2,0.455,0.136,9
4,ycup,39,87,12,2,0.336,0,9
4,ycup,39,90,13,2,0.391,0.075,9
4,ycup,39,89,14,2,0.377,0.024,9
4,ycup,39,88,15,2,0.391,0.045,9
4,ycup,39,85,16,2,0.336,0.079,9
4,ycup,39,58,17,2,0.144,0.02,9
4,ycup,39,56,18,2,0.13,0.065,9
4,ycup,39,60,19,2,0.198,0.065,9
4,ycup,39,36,20,2,0,0.17,9
4,ycup,39,34,21,2,0.014,0.15,9
4,ycup,39,31,22,2,0.014,0.204,9
4,ycup,39,33,23,2,0.034,0.136,9
4,ycup,39,35,24,2,0.034,0.19,9
4,ycup,39,51,25,2,0.162,0.308,9
4,ycup,39,52,26,2,0.142,0.243,9
4,ycup,39,54,27,2,0.162,0.253,9
4,ycup,39,49,28,2,0.196,0.287,9
4,ycup,39,53,29,2,0.196,0.318,9
4,ycup,39,62,30,2,0.249,0.435,9
4,ycup,39,64,31,2,0.229,0.391,9
4,ycup,39,61,32,2,0.249,0.455,9
4,ycup,39,65,33,2,0.283,0.401,9
4,ycup,39,63,34,2,0.215,0.435,9
4,ycup,39,66,35,2,0.229,0.47,9
4,ycup,39,105,36,2,0.393,0.557,9
4,ycup,39,108,37,2,0.413,0.522,9
4,ycup,39,103,38,2,0.379,0.522,9
4,ycup,40,54,1,2,0.304,0.559,10
4,ycup,40,36,2,2,0.142,0.421,10
4,ycup,40,35,3,2,0.156,0.401,10
4,ycup,40,33,4,2,0.156,0.455,10
4,ycup,40,31,5,2,0.176,0.387,10
4,ycup,40,34,6,2,0.176,0.441,10
4,ycup,40,60,7,2,0.285,0.271,10
4,ycup,40,57,8,2,0.271,0.316,10
4,ycup,40,55,9,2,0.34,0.316,10
4,ycup,40,59,10,2,0.285,0.35,10
4,ycup,40,90,11,2,0.478,0.251,10
4,ycup,40,89,12,2,0.532,0.326,10
4,ycup,40,87,13,2,0.518,0.275,10
4,ycup,40,88,14,2,0.532,0.296,10
4,ycup,40,86,15,2,0.478,0.33,10
4,ycup,40,73,16,2,0.413,0.14,10
4,ycup,40,78,17,2,0.393,0.126,10
4,ycup,40,76,18,2,0.372,0.115,10
4,ycup,40,41,19,2,0.251,0.055,10
4,ycup,40,38,20,2,0.265,0.105,10
4,ycup,40,27,21,2,0.099,0.291,10
4,ycup,40,29,22,2,0.154,0.223,10
4,ycup,40,30,23,2,0.154,0.257,10
4,ycup,40,25,24,2,0.119,0.277,10
4,ycup,40,12,25,2,0.034,0,10
4,ycup,40,8,26,2,0.055,0.014,10
4,ycup,40,10,27,2,0,0.034,10
4,ycup,40,97,28,2,0.534,0.02,10
4,ycup,40,100,29,2,0.575,0.045,10
4,ycup,40,99,30,2,0.589,0.065,10
4,ycup,40,101,31,2,0.555,0.03,10
4,ycup,40,102,32,2,0.555,0.085,10
5,ycup,41,49,1,2,0.354,0.267,1
5,ycup,41,50,2,2,0.354,0.302,1
5,ycup,41,51,3,2,0.354,0.332,1
5,ycup,41,53,4,2,0.3,0.336,1
5,ycup,41,54,5,2,0.334,0.342,1
5,ycup,41,52,6,2,0.32,0.302,1
5,ycup,41,34,7,2,0.213,0.164,1
5,ycup,41,31,8,2,0.158,0.184,1
5,ycup,41,33,9,2,0.227,0.15,1
5,ycup,41,35,10,2,0.227,0.184,1
5,ycup,41,36,11,2,0.192,0.15,1
5,ycup,41,32,12,2,0.172,0.14,1
5,ycup,41,26,13,2,0.115,0.055,1
5,ycup,41,29,14,2,0.17,0.051,1
5,ycup,41,25,15,2,0.136,0.02,1
5,ycup,41,27,16,2,0.101,0.02,1
5,ycup,41,30,17,2,0.15,0.061,1
5,ycup,41,28,18,2,0.115,0,1
5,ycup,41,1,19,2,0.055,0.148,1
5,ycup,41,6,20,2,0,0.217,1
5,ycup,41,5,21,2,0.02,0.182,1
5,ycup,41,3,22,2,0.055,0.213,1
5,ycup,41,4,23,2,0.04,0.162,1
5,ycup,41,2,24,2,0.02,0.182,1
5,ycup,41,23,25,2,0.14,0.381,1
5,ycup,41,21,26,2,0.126,0.36,1
5,ycup,41,20,27,2,0.14,0.346,1
5,ycup,41,19,28,2,0.085,0.415,1
5,ycup,41,24,29,2,0.085,0.336,1
5,ycup,41,22,30,2,0.105,0.401,1
5,ycup,42,96,1,2,0.287,0,2
5,ycup,42,92,2,2,0.287,0.024,2
5,ycup,42,91,3,2,0.308,0.045,2
5,ycup,42,93,4,2,0.287,0.079,2
5,ycup,42,94,5,2,0.273,0.045,2
5,ycup,42,95,6,2,0.308,0.045,2
5,ycup,42,61,7,2,0.229,0.14,2
5,ycup,42,62,8,2,0.215,0.154,2
5,ycup,42,64,9,2,0.209,0.215,2
5,ycup,42,65,10,2,0.194,0.14,2
5,ycup,42,66,11,2,0.174,0.13,2
5,ycup,42,63,12,2,0.229,0.174,2
5,ycup,42,44,13,2,0.034,0.217,2
5,ycup,42,43,14,2,0.069,0.217,2
5,ycup,42,47,15,2,0,0.251,2
5,ycup,42,46,16,2,0.069,0.281,2
5,ycup,42,48,17,2,0.055,0.231,2
5,ycup,42,45,18,2,0.034,0.271,2
5,ycup,42,83,19,2,0.231,0.328,2
5,ycup,42,79,20,2,0.176,0.342,2
5,ycup,42,80,21,2,0.162,0.362,2
5,ycup,42,81,22,2,0.176,0.397,2
5,ycup,42,82,23,2,0.196,0.328,2
5,ycup,42,84,24,2,0.231,0.393,2
5,ycup,42,103,25,2,0.324,0.261,2
5,ycup,42,108,26,2,0.338,0.217,2
5,ycup,42,104,27,2,0.358,0.227,2
5,ycup,42,105,28,2,0.393,0.227,2
5,ycup,42,106,29,2,0.338,0.296,2
5,ycup,42,107,30,2,0.338,0.241,2
5,ycup,42,115,31,2,0.48,0.14,2
5,ycup,42,118,32,2,0.534,0.136,2
5,ycup,43,115,1,2,0.156,0.451,3
5,ycup,43,117,2,2,0.211,0.447,3
5,ycup,43,120,3,2,0.156,0.372,3
5,ycup,43,119,4,2,0.211,0.417,3
5,ycup,43,118,5,2,0.211,0.383,3
5,ycup,43,116,6,2,0.196,0.397,3
5,ycup,43,106,7,2,0,0.573,3
5,ycup,43,105,8,2,0.014,0.528,3
5,ycup,43,104,9,2,0.034,0.538,3
5,ycup,43,108,10,2,0.069,0.538,3
5,ycup,43,103,11,2,0.014,0.607,3
5,ycup,43,107,12,2,0.014,0.553,3
5,ycup,43,135,13,2,0.259,0.575,3
5,ycup,43,137,14,2,0.225,0.609,3
5,ycup,43,134,15,2,0.19,0.609,3
5,ycup,43,136,16,2,0.225,0.63,3
5,ycup,43,138,17,2,0.204,0.644,3
5,ycup,43,133,18,2,0.259,0.64,3
5,ycup,43,113,19,2,0.077,0.221,3
5,ycup,43,112,20,2,0.111,0.221,3
5,ycup,43,111,21,2,0.077,0.241,3
5,ycup,43,109,22,2,0.057,0.255,3
5,ycup,43,110,23,2,0.091,0.261,3
5,ycup,43,114,24,2,0.077,0.186,3
5,ycup,43,141,25,2,0.296,0.219,3
5,ycup,43,140,26,2,0.261,0.239,3
5,ycup,43,143,27,2,0.241,0.253,3
5,ycup,43,144,28,2,0.296,0.184,3
5,ycup,43,142,29,2,0.261,0.219,3
5,ycup,43,139,30,2,0.241,0.174,3
5,ycup,43,125,31,2,0.142,0.02,3
5,ycup,43,126,32,2,0.156,0,3
5,ycup,44,90,1,2,0.02,0.302,4
5,ycup,44,88,2,2,0.055,0.302,4
5,ycup,44,89,3,2,0,0.281,4
5,ycup,44,85,4,2,0.055,0.332,4
5,ycup,44,87,5,2,0.02,0.322,4
5,ycup,44,86,6,2,0.034,0.342,4
5,ycup,44,124,7,2,0.184,0.227,4
5,ycup,44,122,8,2,0.198,0.206,4
5,ycup,44,121,9,2,0.253,0.257,4
5,ycup,44,125,10,2,0.198,0.182,4
5,ycup,44,126,11,2,0.198,0.261,4
5,ycup,44,123,12,2,0.233,0.267,4
5,ycup,44,132,13,2,0.267,0,4
5,ycup,44,131,14,2,0.302,0,4
5,ycup,44,130,15,2,0.267,0.034,4
5,ycup,44,129,16,2,0.267,0.055,4
5,ycup,44,127,17,2,0.247,0.069,4
5,ycup,44,128,18,2,0.267,0.034,4
5,ycup,44,98,19,2,0.097,0.051,4
5,ycup,44,97,20,2,0.111,0.036,4
5,ycup,44,100,21,2,0.057,0.026,4
5,ycup,44,102,22,2,0.077,0.071,4
5,ycup,44,101,23,2,0.057,0.105,4
5,ycup,44,99,24,2,0.077,0.071,4
5,ycup,45,75,1,2,0.358,0.206,5
5,ycup,45,74,2,2,0.358,0.285,5
5,ycup,45,87,3,2,0.484,0.387,5
5,ycup,45,85,4,2,0.518,0.387,5
5,ycup,45,89,5,2,0.464,0.366,5
5,ycup,45,90,6,2,0.518,0.417,5
5,ycup,45,88,7,2,0.484,0.407,5
5,ycup,45,86,8,2,0.498,0.427,5
5,ycup,45,77,9,2,0.344,0.251,5
5,ycup,45,76,10,2,0.413,0.217,5
5,ycup,45,78,11,2,0.379,0.251,5
5,ycup,45,73,12,2,0.379,0.251,5
5,ycup,45,102,13,2,0.561,0.136,5
5,ycup,45,101,14,2,0.575,0.121,5
5,ycup,45,100,15,2,0.52,0.111,5
5,ycup,45,97,16,2,0.54,0.156,5
5,ycup,45,98,17,2,0.506,0.156,5
5,ycup,45,99,18,2,0.52,0.19,5
5,ycup,45,72,19,2,0.344,0.045,5
5,ycup,45,71,20,2,0.358,0,5
5,ycup,45,69,21,2,0.379,0.045,5
5,ycup,45,67,22,2,0.358,0.024,5
5,ycup,45,70,23,2,0.413,0.045,5
5,ycup,45,68,24,2,0.413,0.075,5
5,ycup,45,41,25,2,0.217,0.166,5
5,ycup,45,39,26,2,0.196,0.121,5
5,ycup,45,40,27,2,0.251,0.196,5
5,ycup,45,42,28,2,0.251,0.166,5
5,ycup,45,37,29,2,0.237,0.146,5
5,ycup,45,38,30,2,0.217,0.166,5
5,ycup,45,12,31,2,0.02,0.146,5
5,ycup,45,11,32,2,0.034,0.166,5
5,ycup,45,7,33,2,0,0.081,5
5,ycup,45,9,34,2,0.02,0.126,5
5,ycup,45,10,35,2,0.055,0.126,5
5,ycup,46,8,1,2,0.02,0.146,6
5,ycup,46,7,2,2,0.034,0.166,6
5,ycup,46,10,3,2,0,0.081,6
5,ycup,46,11,4,2,0.02,0.126,6
5,ycup,46,12,5,2,0.055,0.126,6
5,ycup,46,9,6,2,0.055,0.091,6
5,ycup,46,37,7,2,0.217,0.166,6
5,ycup,46,38,8,2,0.196,0.121,6
5,ycup,46,42,9,2,0.251,0.196,6
5,ycup,46,41,10,2,0.231,0.206,6
5,ycup,46,39,11,2,0.251,0.166,6
5,ycup,46,40,12,2,0.237,0.146,6
5,ycup,46,67,13,2,0.344,0.045,6
5,ycup,46,70,14,2,0.358,0,6
5,ycup,46,69,15,2,0.379,0.045,6
5,ycup,46,71,16,2,0.358,0.024,6
5,ycup,46,72,17,2,0.413,0.045,6
5,ycup,46,68,18,2,0.413,0.075,6
5,ycup,46,73,19,2,0.358,0.206,6
5,ycup,46,77,20,2,0.358,0.285,6
5,ycup,46,76,21,2,0.393,0.291,6
5,ycup,46,78,22,2,0.399,0.231,6
5,ycup,46,74,23,2,0.344,0.251,6
5,ycup,46,75,24,2,0.413,0.217,6
5,ycup,46,59,25,2,0.271,0.387,6
5,ycup,46,56,26,2,0.291,0.372,6
5,ycup,46,57,27,2,0.291,0.427,6
5,ycup,46,55,28,2,0.326,0.372,6
5,ycup,46,60,29,2,0.312,0.387,6
5,ycup,46,58,30,2,0.291,0.407,6
5,ycup,46,26,31,2,0.085,0.383,6
5,ycup,46,29,32,2,0.14,0.379,6
5,ycup,46,25,33,2,0.105,0.348,6
5,ycup,46,27,34,2,0.071,0.348,6
5,ycup,46,30,35,2,0.119,0.389,6
5,ycup,46,28,36,2,0.085,0.328,6
5,ycup,46,33,37,2,0.182,0.492,6
5,ycup,46,31,38,2,0.128,0.512,6
5,ycup,46,34,39,2,0.196,0.478,6
5,ycup,46,35,40,2,0.196,0.512,6
5,ycup,46,36,41,2,0.162,0.478,6
5,ycup,47,34,1,2,0.213,0.164,7
5,ycup,47,31,2,2,0.158,0.184,7
5,ycup,47,33,3,2,0.227,0.15,7
5,ycup,47,35,4,2,0.227,0.184,7
5,ycup,47,36,5,2,0.192,0.15,7
5,ycup,47,32,6,2,0.172,0.14,7
5,ycup,47,4,7,2,0.055,0.148,7
5,ycup,47,2,8,2,0,0.217,7
5,ycup,47,3,9,2,0.02,0.182,7
5,ycup,47,6,10,2,0.055,0.213,7
5,ycup,47,5,11,2,0.04,0.162,7
5,ycup,47,1,12,2,0.02,0.182,7
5,ycup,47,25,13,2,0.115,0.055,7
5,ycup,47,29,14,2,0.17,0.051,7
5,ycup,47,26,15,2,0.136,0.02,7
5,ycup,47,27,16,2,0.101,0.02,7
5,ycup,47,30,17,2,0.15,0.061,7
5,ycup,47,28,18,2,0.115,0,7
5,ycup,47,55,19,2,0.302,0.059,7
5,ycup,47,57,20,2,0.322,0.045,7
5,ycup,47,56,21,2,0.302,0.034,7
5,ycup,47,60,22,2,0.322,0.099,7
5,ycup,47,59,23,2,0.356,0.045,7
5,ycup,47,58,24,2,0.342,0.059,7
5,ycup,47,49,25,2,0.354,0.267,7
5,ycup,47,50,26,2,0.354,0.302,7
5,ycup,47,51,27,2,0.354,0.332,7
5,ycup,47,53,28,2,0.3,0.336,7
5,ycup,47,52,29,2,0.334,0.342,7
5,ycup,47,54,30,2,0.32,0.302,7
5,ycup,47,21,31,2,0.14,0.381,7
5,ycup,47,19,32,2,0.126,0.36,7
5,ycup,47,20,33,2,0.14,0.346,7
5,ycup,47,23,34,2,0.085,0.415,7
5,ycup,47,24,35,2,0.085,0.336,7
5,ycup,47,22,36,2,0.105,0.401,7
5,ycup,47,43,37,2,0.247,0.492,7
5,ycup,47,44,38,2,0.281,0.492,7
5,ycup,47,47,39,2,0.213,0.526,7
5,ycup,47,48,40,2,0.281,0.557,7
5,ycup,47,45,41,2,0.267,0.506,7
5,ycup,47,46,42,2,0.247,0.547,7
5,ycup,47,16,43,2,0.03,0.522,7
5,ycup,47,18,44,2,0.051,0.567,7
5,ycup,47,13,45,2,0.016,0.567,7
5,ycup,47,14,46,2,0.085,0.532,7
5,ycup,47,17,47,2,0.085,0.597,7
5,ycup,47,15,48,2,0.051,0.532,7
5,ycup,48,91,1,2,0.287,0.138,8
5,ycup,48,92,2,2,0.287,0.162,8
5,ycup,48,96,3,2,0.308,0.182,8
5,ycup,48,93,4,2,0.287,0.217,8
5,ycup,48,94,5,2,0.342,0.213,8
5,ycup,48,95,6,2,0.273,0.182,8
5,ycup,48,61,7,2,0.229,0.277,8
5,ycup,48,62,8,2,0.215,0.291,8
5,ycup,48,66,9,2,0.209,0.352,8
5,ycup,48,63,10,2,0.194,0.277,8
5,ycup,48,64,11,2,0.174,0.267,8
5,ycup,48,65,12,2,0.198,0.312,8
5,ycup,48,104,13,2,0.324,0.399,8
5,ycup,48,105,14,2,0.393,0.364,8
5,ycup,48,106,15,2,0.338,0.433,8
5,ycup,48,108,16,2,0.338,0.379,8
5,ycup,48,103,17,2,0.358,0.399,8
5,ycup,48,107,18,2,0.358,0.399,8
5,ycup,48,79,19,2,0.231,0.466,8
5,ycup,48,83,20,2,0.176,0.48,8
5,ycup,48,80,21,2,0.162,0.5,8
5,ycup,48,81,22,2,0.176,0.534,8
5,ycup,48,82,23,2,0.196,0.466,8
5,ycup,48,84,24,2,0.231,0.53,8
5,ycup,48,46,25,2,0.034,0.354,8
5,ycup,48,48,26,2,0.069,0.354,8
5,ycup,48,45,27,2,0,0.389,8
5,ycup,48,43,28,2,0.069,0.419,8
5,ycup,48,44,29,2,0.055,0.368,8
5,ycup,48,47,30,2,0.034,0.409,8
5,ycup,48,117,31,2,0.48,0.277,8
5,ycup,48,120,32,2,0.534,0.273,8
5,ycup,48,119,33,2,0.48,0.198,8
5,ycup,48,118,34,2,0.534,0.243,8
5,ycup,48,116,35,2,0.534,0.209,8
5,ycup,48,115,36,2,0.52,0.223,8
5,ycup,48,133,37,2,0.583,0.401,8
5,ycup,48,134,38,2,0.549,0.435,8
5,ycup,48,135,39,2,0.514,0.435,8
5,ycup,48,137,40,2,0.549,0.455,8
5,ycup,48,136,41,2,0.528,0.47,8
5,ycup,48,138,42,2,0.583,0.466,8
5,ycup,48,112,43,2,0.401,0.047,8
5,ycup,48,113,44,2,0.435,0.047,8
5,ycup,48,111,45,2,0.401,0.067,8
5,ycup,48,109,46,2,0.381,0.081,8
5,ycup,48,110,47,2,0.415,0.087,8
5,ycup,48,114,48,2,0.401,0.012,8
5,ycup,48,141,49,2,0.619,0.045,8
5,ycup,48,140,50,2,0.585,0.065,8
5,ycup,48,143,51,2,0.565,0.079,8
5,ycup,48,139,52,2,0.619,0.01,8
5,ycup,48,142,53,2,0.585,0.045,8
5,ycup,48,144,54,2,0.565,0,8
5,ycup,49,90,1,2,0.484,0.387,9
5,ycup,49,88,2,2,0.518,0.387,9
5,ycup,49,85,3,2,0.464,0.366,9
5,ycup,49,89,4,2,0.518,0.417,9
5,ycup,49,87,5,2,0.484,0.407,9
5,ycup,49,86,6,2,0.498,0.427,9
5,ycup,49,114,7,2,0.583,0.512,9
5,ycup,49,109,8,2,0.617,0.512,9
5,ycup,49,112,9,2,0.583,0.532,9
5,ycup,49,111,10,2,0.563,0.547,9
5,ycup,49,113,11,2,0.597,0.553,9
5,ycup,49,110,12,2,0.583,0.478,9
5,ycup,49,125,13,2,0.648,0.312,9
5,ycup,49,126,14,2,0.662,0.291,9
5,ycup,49,123,15,2,0.717,0.342,9
5,ycup,49,121,16,2,0.662,0.267,9
5,ycup,49,122,17,2,0.662,0.346,9
5,ycup,49,124,18,2,0.696,0.352,9
5,ycup,49,144,19,2,0.802,0.51,9
5,ycup,49,142,20,2,0.767,0.53,9
5,ycup,49,139,21,2,0.747,0.545,9
5,ycup,49,140,22,2,0.802,0.476,9
5,ycup,49,141,23,2,0.767,0.51,9
5,ycup,49,143,24,2,0.767,0.51,9
5,ycup,49,132,25,2,0.731,0.085,9
5,ycup,49,131,26,2,0.765,0.085,9
5,ycup,49,130,27,2,0.731,0.119,9
5,ycup,49,129,28,2,0.731,0.14,9
5,ycup,49,127,29,2,0.711,0.154,9
5,ycup,49,128,30,2,0.731,0.119,9
5,ycup,49,97,31,2,0.561,0.136,9
5,ycup,49,98,32,2,0.575,0.121,9
5,ycup,49,100,33,2,0.52,0.111,9
5,ycup,49,102,34,2,0.54,0.156,9
5,ycup,49,101,35,2,0.506,0.156,9
5,ycup,49,99,36,2,0.52,0.19,9
5,ycup,49,78,37,2,0.358,0.206,9
5,ycup,49,76,38,2,0.358,0.285,9
5,ycup,49,75,39,2,0.393,0.291,9
5,ycup,49,74,40,2,0.399,0.231,9
5,ycup,49,77,41,2,0.344,0.251,9
5,ycup,49,73,42,2,0.413,0.217,9
5,ycup,49,72,43,2,0.344,0.045,9
5,ycup,49,71,44,2,0.358,0,9
5,ycup,49,69,45,2,0.379,0.045,9
5,ycup,49,67,46,2,0.358,0.024,9
5,ycup,49,70,47,2,0.413,0.045,9
5,ycup,49,68,48,2,0.413,0.075,9
5,ycup,49,41,49,2,0.217,0.166,9
5,ycup,49,39,50,2,0.196,0.121,9
5,ycup,49,40,51,2,0.251,0.196,9
5,ycup,49,42,52,2,0.231,0.206,9
5,ycup,49,37,53,2,0.251,0.166,9
5,ycup,49,38,54,2,0.237,0.146,9
5,ycup,49,12,55,2,0.02,0.146,9
5,ycup,49,11,56,2,0.034,0.166,9
5,ycup,49,10,57,2,0,0.081,9
5,ycup,49,7,58,2,0.02,0.126,9
5,ycup,49,8,59,2,0.055,0.126,9
5,ycup,49,9,60,2,0.055,0.091,9
5,ycup,49,30,61,2,0.085,0.383,9
5,ycup,49,27,62,2,0.14,0.379,9
5,ycup,49,28,63,2,0.105,0.348,9
5,ycup,49,25,64,2,0.071,0.348,9
5,ycup,49,29,65,2,0.119,0.389,9
5,ycup,49,26,66,2,0.085,0.328,9
5,ycup,49,58,67,2,0.271,0.387,9
5,ycup,49,56,68,2,0.291,0.372,9
5,ycup,50,49,1,2,0.354,0.595,10
5,ycup,50,50,2,2,0.354,0.63,10
5,ycup,50,51,3,2,0.354,0.66,10
5,ycup,50,53,4,2,0.3,0.664,10
5,ycup,50,52,5,2,0.334,0.67,10
5,ycup,50,54,6,2,0.32,0.63,10
5,ycup,50,34,7,2,0.213,0.492,10
5,ycup,50,33,8,2,0.158,0.512,10
5,ycup,50,31,9,2,0.227,0.478,10
5,ycup,50,35,10,2,0.227,0.512,10
5,ycup,50,36,11,2,0.192,0.478,10
5,ycup,50,32,12,2,0.172,0.468,10
5,ycup,50,21,13,2,0.14,0.709,10
5,ycup,50,20,14,2,0.085,0.743,10
5,ycup,50,19,15,2,0.085,0.664,10
5,ycup,50,24,16,2,0.105,0.729,10
5,ycup,50,22,17,2,0.105,0.709,10
5,ycup,50,23,18,2,0.105,0.709,10
5,ycup,50,2,19,2,0.055,0.476,10
5,ycup,50,4,20,2,0,0.545,10
5,ycup,50,3,21,2,0.02,0.51,10
5,ycup,50,6,22,2,0.055,0.54,10
5,ycup,50,1,23,2,0.02,0.476,10
5,ycup,50,5,24,2,0.04,0.49,10
5,ycup,50,25,25,2,0.115,0.383,10
5,ycup,50,29,26,2,0.17,0.379,10
5,ycup,50,26,27,2,0.136,0.348,10
5,ycup,50,27,28,2,0.101,0.348,10
5,ycup,50,28,29,2,0.15,0.389,10
5,ycup,50,30,30,2,0.115,0.328,10
5,ycup,50,8,31,2,0.051,0.146,10
5,ycup,50,7,32,2,0.03,0.081,10
5,ycup,50,10,33,2,0.051,0.126,10
5,ycup,50,11,34,2,0.085,0.126,10
5,ycup,50,12,35,2,0.085,0.091,10
5,ycup,50,9,36,2,0.051,0.126,10
5,ycup,50,37,37,2,0.247,0.166,10
5,ycup,50,40,38,2,0.227,0.121,10
5,ycup,50,39,39,2,0.281,0.196,10
5,ycup,50,41,40,2,0.261,0.206,10
5,ycup,50,42,41,2,0.281,0.166,10
5,ycup,50,38,42,2,0.267,0.146,10
5,ycup,50,67,43,2,0.374,0.045,10
5,ycup,50,70,44,2,0.389,0,10
5,ycup,50,68,45,2,0.409,0.045,10
5,ycup,50,69,46,2,0.389,0.024,10
5,ycup,50,71,47,2,0.443,0.045,10
5,ycup,50,72,48,2,0.443,0.075,10
5,ycup,50,101,49,2,0.591,0.136,10
5,ycup,50,102,50,2,0.605,0.121,10
5,ycup,50,78,51,2,0.389,0.206,10
5,ycup,50,76,52,2,0.389,0.285,10
5,ycup,50,73,53,2,0.423,0.291,10
5,ycup,50,77,54,2,0.429,0.231,10
5,ycup,50,74,55,2,0.374,0.251,10
5,ycup,50,75,56,2,0.443,0.217,10
5,ycup,50,100,57,2,0.551,0.111,10
5,ycup,50,97,58,2,0.571,0.156,10
5,ycup,50,98,59,2,0.536,0.156,10
5,ycup,50,99,60,2,0.551,0.19,10
5,ycup,50,130,61,2,0.761,0.085,10
5,ycup,50,127,62,2,0.796,0.085,10
6,bcup,51,50,1,1,0.304,0.379,1
6,bcup,51,52,2,1,0.289,0.338,1
6,bcup,51,54,3,1,0.324,0.368,1
6,bcup,51,53,4,1,0.289,0.358,1
6,bcup,51,49,5,1,0.255,0.338,1
6,bcup,51,51,6,1,0.269,0.372,1
6,bcup,51,66,7,1,0.377,0.506,1
6,bcup,51,61,8,1,0.411,0.516,1
6,bcup,51,63,9,1,0.342,0.486,1
6,bcup,51,65,10,1,0.391,0.526,1
6,bcup,51,64,11,1,0.356,0.52,1
6,bcup,51,62,12,1,0.411,0.451,1
6,bcup,51,46,13,1,0.237,0.543,1
6,bcup,51,43,14,1,0.182,0.563,1
6,bcup,51,48,15,1,0.217,0.583,1
6,bcup,51,44,16,1,0.251,0.563,1
6,bcup,51,45,17,1,0.231,0.603,1
6,bcup,51,47,18,1,0.196,0.543,1
6,bcup,51,24,19,1,0.075,0.383,1
6,bcup,51,21,20,1,0.04,0.417,1
6,bcup,51,22,21,1,0.075,0.417,1
6,bcup,51,19,22,1,0.055,0.451,1
6,bcup,51,20,23,1,0.109,0.447,1
6,bcup,51,23,24,1,0.075,0.417,1
6,bcup,51,16,25,1,0,0.638,1
6,bcup,51,14,26,1,0.02,0.569,1
6,bcup,51,17,27,1,0.034,0.644,1
6,bcup,51,15,28,1,0.055,0.569,1
6,bcup,51,18,29,1,0.055,0.634,1
6,bcup,51,13,30,1,0.02,0.623,1
6,bcup,51,80,31,1,0.413,0.674,1
6,bcup,51,82,32,1,0.379,0.64,1
6,bcup,51,83,33,1,0.358,0.709,1
6,bcup,51,79,34,1,0.399,0.654,1
6,bcup,51,84,35,1,0.379,0.674,1
6,bcup,51,81,36,1,0.393,0.715,1
6,bcup,51,105,37,1,0.52,0.528,1
6,bcup,51,103,38,1,0.575,0.603,1
6,bcup,51,107,39,1,0.506,0.573,1
6,bcup,51,106,40,1,0.54,0.573,1
6,bcup,51,108,41,1,0.54,0.538,1
6,bcup,51,104,42,1,0.561,0.553,1
6,bcup,51,136,43,1,0.696,0.609,1
6,bcup,51,133,44,1,0.765,0.609,1
6,bcup,51,135,45,1,0.731,0.63,1
6,bcup,51,134,46,1,0.711,0.589,1
6,bcup,51,138,47,1,0.731,0.575,1
6,bcup,51,137,48,1,0.751,0.589,1
6,bcup,51,119,49,1,0.717,0.447,1
6,bcup,51,116,50,1,0.682,0.417,1
6,bcup,51,117,51,1,0.702,0.397,1
6,bcup,51,115,52,1,0.682,0.383,1
6,bcup,51,120,53,1,0.682,0.437,1
6,bcup,51,118,54,1,0.662,0.372,1
6,bcup,51,110,55,1,0.617,0.186,1
6,bcup,51,111,56,1,0.563,0.255,1
6,bcup,51,114,57,1,0.583,0.241,1
6,bcup,51,112,58,1,0.603,0.2,1
6,bcup,51,109,59,1,0.563,0.2,1
6,bcup,51,113,60,1,0.617,0.251,1
6,bcup,51,141,61,1,0.787,0.198,1
6,bcup,51,142,62,1,0.767,0.239,1
6,bcup,51,140,63,1,0.733,0.219,1
6,bcup,51,144,64,1,0.767,0.219,1
6,bcup,51,143,65,1,0.781,0.259,1
6,bcup,51,139,66,1,0.767,0.219,1
6,bcup,51,123,67,1,0.702,0,1
6,bcup,51,126,68,1,0.696,0.061,1
6,bcup,51,125,69,1,0.682,0.02,1
6,bcup,51,124,70,1,0.717,0.051,1
6,bcup,52,60,1,1,0.316,0.377,2
6,bcup,52,56,2,1,0.356,0.377,2
6,bcup,52,57,3,1,0.336,0.397,2
6,bcup,52,59,4,1,0.302,0.397,2
6,bcup,52,55,5,1,0.37,0.362,2
6,bcup,52,58,6,1,0.37,0.427,2
6,bcup,52,35,7,1,0.206,0.468,2
6,bcup,52,31,8,1,0.186,0.457,2
6,bcup,52,32,9,1,0.206,0.522,2
6,bcup,52,34,10,1,0.186,0.482,2
6,bcup,52,33,11,1,0.241,0.468,2
6,bcup,52,36,12,1,0.241,0.532,2
6,bcup,52,5,13,1,0.049,0.54,2
6,bcup,52,1,14,1,0,0.5,2
6,bcup,52,6,15,1,0.069,0.466,2
6,bcup,52,3,16,1,0.014,0.48,2
6,bcup,52,4,17,1,0.069,0.53,2
6,bcup,52,2,18,1,0.034,0.466,2
6,bcup,52,25,19,1,0.13,0.372,2
6,bcup,52,29,20,1,0.13,0.318,2
6,bcup,52,28,21,1,0.115,0.338,2
6,bcup,52,30,22,1,0.15,0.358,2
6,bcup,52,27,23,1,0.164,0.379,2
6,bcup,52,26,24,1,0.15,0.338,2
6,bcup,52,76,25,1,0.423,0.261,2
6,bcup,52,73,26,1,0.403,0.221,2
6,bcup,52,78,27,1,0.403,0.275,2
6,bcup,52,74,28,1,0.389,0.241,2
6,bcup,52,77,29,1,0.423,0.241,2
6,bcup,52,75,30,1,0.423,0.241,2
6,bcup,52,41,31,1,0.227,0.156,2
6,bcup,52,38,32,1,0.296,0.156,2
6,bcup,52,39,33,1,0.261,0.121,2
6,bcup,52,40,34,1,0.241,0.111,2
6,bcup,52,37,35,1,0.296,0.186,2
6,bcup,52,42,36,1,0.241,0.19,2
6,bcup,52,12,37,1,0.03,0.115,2
6,bcup,52,8,38,1,0.099,0.081,2
6,bcup,52,9,39,1,0.065,0.081,2
6,bcup,52,11,40,1,0.045,0.15,2
6,bcup,52,7,41,1,0.045,0.095,2
6,bcup,52,10,42,1,0.099,0.115,2
6,bcup,52,85,43,1,0.508,0.332,2
6,bcup,52,90,44,1,0.508,0.411,2
6,bcup,52,88,45,1,0.563,0.342,2
6,bcup,52,86,46,1,0.494,0.377,2
6,bcup,52,89,47,1,0.563,0.407,2
6,bcup,52,87,48,1,0.508,0.356,2
6,bcup,52,125,49,1,0.747,0.281,2
6,bcup,52,122,50,1,0.741,0.342,2
6,bcup,52,123,51,1,0.727,0.302,2
6,bcup,52,124,52,1,0.727,0.322,2
6,bcup,52,121,53,1,0.761,0.332,2
6,bcup,52,126,54,1,0.761,0.267,2
6,bcup,52,98,55,1,0.565,0.126,2
6,bcup,52,102,56,1,0.599,0.186,2
6,bcup,52,100,57,1,0.565,0.101,2
6,bcup,52,97,58,1,0.585,0.166,2
6,bcup,52,99,59,1,0.605,0.126,2
6,bcup,52,101,60,1,0.565,0.18,2
6,bcup,52,132,61,1,0.775,0.109,2
6,bcup,52,131,62,1,0.775,0.075,2
6,bcup,52,127,63,1,0.81,0.14,2
6,bcup,52,128,64,1,0.81,0.109,2
6,bcup,52,130,65,1,0.741,0.109,2
6,bcup,52,129,66,1,0.755,0.144,2
6,bcup,52,72,67,1,0.423,0,2
6,bcup,52,68,68,1,0.403,0.069,2
6,bcup,52,70,69,1,0.457,0.034,2
6,bcup,52,69,70,1,0.457,0.065,2
6,bcup,52,71,71,1,0.443,0.014,2
6,bcup,53,51,1,1,0.304,0.559,3
6,bcup,53,49,2,1,0.289,0.518,3
6,bcup,53,52,3,1,0.324,0.549,3
6,bcup,53,50,4,1,0.289,0.538,3
6,bcup,53,54,5,1,0.255,0.518,3
6,bcup,53,53,6,1,0.269,0.553,3
6,bcup,53,24,7,1,0.075,0.563,3
6,bcup,53,21,8,1,0.04,0.597,3
6,bcup,53,22,9,1,0.075,0.617,3
6,bcup,53,19,10,1,0.075,0.597,3
6,bcup,53,20,11,1,0.055,0.632,3
6,bcup,53,23,12,1,0.109,0.628,3
6,bcup,53,16,13,1,0,0.818,3
6,bcup,53,14,14,1,0.02,0.749,3
6,bcup,53,18,15,1,0.034,0.824,3
6,bcup,53,15,16,1,0.055,0.749,3
6,bcup,53,17,17,1,0.055,0.814,3
6,bcup,53,13,18,1,0.02,0.804,3
6,bcup,53,44,19,1,0.237,0.723,3
6,bcup,53,48,20,1,0.182,0.743,3
6,bcup,53,43,21,1,0.217,0.763,3
6,bcup,53,45,22,1,0.251,0.743,3
6,bcup,53,47,23,1,0.231,0.783,3
6,bcup,53,46,24,1,0.196,0.723,3
6,bcup,53,81,25,1,0.413,0.854,3
6,bcup,53,84,26,1,0.379,0.82,3
6,bcup,53,83,27,1,0.358,0.889,3
6,bcup,53,82,28,1,0.399,0.834,3
6,bcup,53,80,29,1,0.379,0.854,3
6,bcup,53,79,30,1,0.393,0.895,3
6,bcup,53,65,31,1,0.377,0.686,3
6,bcup,53,63,32,1,0.411,0.696,3
6,bcup,53,61,33,1,0.342,0.666,3
6,bcup,53,64,34,1,0.391,0.706,3
6,bcup,53,62,35,1,0.356,0.7,3
6,bcup,53,66,36,1,0.411,0.632,3
6,bcup,53,105,37,1,0.52,0.709,3
6,bcup,53,106,38,1,0.575,0.783,3
6,bcup,53,108,39,1,0.506,0.753,3
6,bcup,53,107,40,1,0.54,0.753,3
6,bcup,53,103,41,1,0.54,0.719,3
6,bcup,53,104,42,1,0.561,0.733,3
6,bcup,53,133,43,1,0.696,0.789,3
6,bcup,53,136,44,1,0.765,0.789,3
6,bcup,53,135,45,1,0.731,0.81,3
6,bcup,53,134,46,1,0.711,0.769,3
6,bcup,53,138,47,1,0.731,0.755,3
6,bcup,53,137,48,1,0.751,0.769,3
6,bcup,53,119,49,1,0.717,0.628,3
6,bcup,53,116,50,1,0.682,0.597,3
6,bcup,53,115,51,1,0.702,0.577,3
6,bcup,53,117,52,1,0.682,0.563,3
6,bcup,53,118,53,1,0.682,0.617,3
6,bcup,53,120,54,1,0.662,0.553,3
6,bcup,53,110,55,1,0.617,0.366,3
6,bcup,53,111,56,1,0.563,0.435,3
6,bcup,53,114,57,1,0.583,0.421,3
6,bcup,53,112,58,1,0.603,0.381,3
6,bcup,53,109,59,1,0.563,0.381,3
6,bcup,53,113,60,1,0.617,0.431,3
6,bcup,53,141,61,1,0.787,0.379,3
6,bcup,53,142,62,1,0.767,0.419,3
6,bcup,53,139,63,1,0.733,0.399,3
6,bcup,53,140,64,1,0.767,0.399,3
6,bcup,53,144,65,1,0.802,0.429,3
6,bcup,53,143,66,1,0.781,0.439,3
6,bcup,53,122,67,1,0.702,0.18,3
6,bcup,53,125,68,1,0.696,0.241,3
6,bcup,53,124,69,1,0.682,0.2,3
6,bcup,53,123,70,1,0.682,0.221,3
6,bcup,53,121,71,1,0.717,0.231,3
6,bcup,53,126,72,1,0.717,0.166,3
6,bcup,53,89,73,1,0.464,0.231,3
6,bcup,53,86,74,1,0.464,0.31,3
6,bcup,53,88,75,1,0.518,0.241,3
6,bcup,53,90,76,1,0.449,0.275,3
6,bcup,53,85,77,1,0.518,0.306,3
6,bcup,53,87,78,1,0.464,0.255,3
6,bcup,53,99,79,1,0.52,0.024,3
6,bcup,53,102,80,1,0.555,0.085,3
6,bcup,53,100,81,1,0.52,0,3
6,bcup,53,101,82,1,0.54,0.065,3
6,bcup,53,98,83,1,0.561,0.024,3
6,bcup,54,50,1,1,0.348,0.579,4
6,bcup,54,52,2,1,0.334,0.538,4
6,bcup,54,53,3,1,0.368,0.569,4
6,bcup,54,54,4,1,0.334,0.559,4
6,bcup,54,49,5,1,0.3,0.538,4
6,bcup,54,51,6,1,0.314,0.573,4
6,bcup,54,36,7,1,0.206,0.387,4
6,bcup,54,33,8,1,0.186,0.377,4
6,bcup,54,34,9,1,0.206,0.441,4
6,bcup,54,31,10,1,0.186,0.401,4
6,bcup,54,32,11,1,0.241,0.387,4
6,bcup,54,35,12,1,0.241,0.451,4
6,bcup,54,96,13,1,0.534,0.557,4
6,bcup,54,95,14,1,0.569,0.587,4
6,bcup,54,91,15,1,0.549,0.597,4
6,bcup,54,93,16,1,0.514,0.591,4
6,bcup,54,92,17,1,0.514,0.536,4
6,bcup,54,94,18,1,0.514,0.512,4
6,bcup,54,113,19,1,0.662,0.387,4
6,bcup,54,112,20,1,0.607,0.455,4
6,bcup,54,109,21,1,0.628,0.441,4
6,bcup,54,114,22,1,0.648,0.401,4
6,bcup,54,111,23,1,0.607,0.401,4
6,bcup,54,110,24,1,0.662,0.451,4
6,bcup,54,86,25,1,0.508,0.251,4
6,bcup,54,88,26,1,0.508,0.33,4
6,bcup,54,90,27,1,0.563,0.261,4
6,bcup,54,85,28,1,0.494,0.296,4
6,bcup,54,87,29,1,0.563,0.326,4
6,bcup,54,89,30,1,0.508,0.275,4
6,bcup,54,60,31,1,0.316,0.296,4
6,bcup,54,57,32,1,0.356,0.296,4
6,bcup,54,56,33,1,0.336,0.316,4
6,bcup,54,59,34,1,0.302,0.316,4
6,bcup,54,55,35,1,0.37,0.281,4
6,bcup,54,58,36,1,0.37,0.346,4
6,bcup,54,29,37,1,0.13,0.291,4
6,bcup,54,28,38,1,0.13,0.237,4
6,bcup,54,30,39,1,0.115,0.257,4
6,bcup,54,26,40,1,0.15,0.277,4
6,bcup,54,27,41,1,0.164,0.298,4
6,bcup,54,25,42,1,0.15,0.257,4
6,bcup,54,10,43,1,0.03,0.034,4
6,bcup,54,7,44,1,0.099,0,4
6,bcup,54,11,45,1,0.065,0,4
6,bcup,54,9,46,1,0.045,0.069,4
6,bcup,54,8,47,1,0.045,0.014,4
6,bcup,54,12,48,1,0.099,0.034,4
6,bcup,54,3,49,1,0.049,0.46,4
6,bcup,54,6,50,1,0,0.419,4
6,bcup,54,4,51,1,0.069,0.385,4
6,bcup,54,2,52,1,0.014,0.399,4
6,bcup,54,5,53,1,0.069,0.449,4
6,bcup,54,1,54,1,0.034,0.385,4
6,bcup,54,19,55,1,0.119,0.583,4
6,bcup,54,22,56,1,0.085,0.617,4
6,bcup,54,21,57,1,0.119,0.638,4
6,bcup,54,23,58,1,0.119,0.617,4
6,bcup,54,20,59,1,0.099,0.652,4
6,bcup,54,24,60,1,0.154,0.648,4
6,bcup,54,16,61,1,0.045,0.838,4
6,bcup,54,14,62,1,0.065,0.769,4
6,bcup,54,18,63,1,0.079,0.844,4
6,bcup,54,13,64,1,0.099,0.769,4
6,bcup,54,15,65,1,0.099,0.834,4
6,bcup,54,17,66,1,0.065,0.824,4
6,bcup,54,44,67,1,0.281,0.743,4
6,bcup,54,48,68,1,0.227,0.763,4
6,bcup,54,43,69,1,0.261,0.783,4
6,bcup,54,46,70,1,0.296,0.763,4
6,bcup,54,47,71,1,0.275,0.804,4
6,bcup,54,45,72,1,0.241,0.743,4
6,bcup,54,63,73,1,0.421,0.706,4
6,bcup,54,65,74,1,0.455,0.717,4
6,bcup,54,61,75,1,0.387,0.686,4
6,bcup,54,64,76,1,0.435,0.727,4
6,bcup,54,62,77,1,0.401,0.721,4
6,bcup,54,66,78,1,0.455,0.652,4
6,bcup,54,80,79,1,0.457,0.874,4
6,bcup,54,82,80,1,0.423,0.84,4
6,bcup,54,79,81,1,0.403,0.909,4
6,bcup,54,83,82,1,0.443,0.854,4
6,bcup,54,81,83,1,0.423,0.874,4
6,bcup,54,84,84,1,0.437,0.915,4
6,bcup,54,105,85,1,0.565,0.729,4
6,bcup,54,104,86,1,0.619,0.804,4
6,bcup,54,107,87,1,0.551,0.773,4
6,bcup,54,108,88,1,0.585,0.773,4
6,bcup,54,106,89,1,0.585,0.739,4
6,bcup,55,86,1,1,0.322,0.332,5
6,bcup,55,88,2,1,0.322,0.411,5
6,bcup,55,90,3,1,0.377,0.342,5
6,bcup,55,85,4,1,0.308,0.377,5
6,bcup,55,87,5,1,0.377,0.407,5
6,bcup,55,89,6,1,0.322,0.356,5
6,bcup,55,56,7,1,0.13,0.377,5
6,bcup,55,59,8,1,0.17,0.377,5
6,bcup,55,57,9,1,0.15,0.397,5
6,bcup,55,55,10,1,0.115,0.397,5
6,bcup,55,58,11,1,0.184,0.362,5
6,bcup,55,60,12,1,0.184,0.427,5
6,bcup,55,35,13,1,0.02,0.468,5
6,bcup,55,31,14,1,0,0.457,5
6,bcup,55,32,15,1,0.02,0.522,5
6,bcup,55,34,16,1,0,0.482,5
6,bcup,55,33,17,1,0.055,0.468,5
6,bcup,55,36,18,1,0.055,0.532,5
6,bcup,55,50,19,1,0.162,0.66,5
6,bcup,55,53,20,1,0.148,0.619,5
6,bcup,55,54,21,1,0.182,0.65,5
6,bcup,55,52,22,1,0.148,0.64,5
6,bcup,55,49,23,1,0.113,0.619,5
6,bcup,55,51,24,1,0.128,0.654,5
6,bcup,55,96,25,1,0.348,0.638,5
6,bcup,55,95,26,1,0.383,0.668,5
6,bcup,55,91,27,1,0.362,0.678,5
6,bcup,55,94,28,1,0.328,0.672,5
6,bcup,55,93,29,1,0.328,0.617,5
6,bcup,55,92,30,1,0.328,0.593,5
6,bcup,55,110,31,1,0.476,0.468,5
6,bcup,55,111,32,1,0.421,0.536,5
6,bcup,55,114,33,1,0.441,0.522,5
6,bcup,55,112,34,1,0.462,0.482,5
6,bcup,55,109,35,1,0.421,0.482,5
6,bcup,55,113,36,1,0.476,0.532,5
6,bcup,55,125,37,1,0.561,0.281,5
6,bcup,55,122,38,1,0.555,0.342,5
6,bcup,55,123,39,1,0.54,0.302,5
6,bcup,55,124,40,1,0.54,0.322,5
6,bcup,55,121,41,1,0.575,0.332,5
6,bcup,55,126,42,1,0.575,0.267,5
6,bcup,55,141,43,1,0.646,0.48,5
6,bcup,55,142,44,1,0.626,0.52,5
6,bcup,55,140,45,1,0.591,0.5,5
6,bcup,55,144,46,1,0.626,0.5,5
6,bcup,55,143,47,1,0.66,0.53,5
6,bcup,55,139,48,1,0.64,0.54,5
6,bcup,55,132,49,1,0.589,0.109,5
6,bcup,55,131,50,1,0.589,0.075,5
6,bcup,55,127,51,1,0.623,0.14,5
6,bcup,55,128,52,1,0.623,0.109,5
6,bcup,55,130,53,1,0.555,0.109,5
6,bcup,55,129,54,1,0.569,0.144,5
6,bcup,55,98,55,1,0.379,0.126,5
6,bcup,55,102,56,1,0.413,0.186,5
6,bcup,55,100,57,1,0.379,0.101,5
6,bcup,55,97,58,1,0.399,0.166,5
6,bcup,55,99,59,1,0.419,0.126,5
6,bcup,55,101,60,1,0.379,0.18,5
6,bcup,55,78,61,1,0.237,0.261,5
6,bcup,55,73,62,1,0.217,0.221,5
6,bcup,55,76,63,1,0.237,0.206,5
6,bcup,55,77,64,1,0.217,0.275,5
6,bcup,55,74,65,1,0.202,0.241,5
6,bcup,55,75,66,1,0.237,0.241,5
6,bcup,55,68,67,1,0.237,0,5
6,bcup,55,72,68,1,0.217,0.069,5
6,bcup,55,70,69,1,0.271,0.034,5
6,bcup,55,69,70,1,0.271,0.065,5
6,bcup,55,71,71,1,0.257,0.014,5
6,bcup,55,67,72,1,0.251,0.075,5
6,bcup,55,38,73,1,0.04,0.156,5
6,bcup,55,41,74,1,0.109,0.156,5
6,bcup,55,42,75,1,0.075,0.121,5
6,bcup,55,37,76,1,0.055,0.111,5
6,bcup,55,39,77,1,0.109,0.186,5
6,bcup,55,40,78,1,0.055,0.19,5
6,bcup,56,60,1,1,0.316,0.377,6
6,bcup,56,57,2,1,0.356,0.377,6
6,bcup,56,56,3,1,0.336,0.397,6
6,bcup,56,59,4,1,0.302,0.397,6
6,bcup,56,55,5,1,0.37,0.362,6
6,bcup,56,58,6,1,0.37,0.427,6
6,bcup,56,50,7,1,0.348,0.66,6
6,bcup,56,53,8,1,0.334,0.619,6
6,bcup,56,54,9,1,0.368,0.65,6
6,bcup,56,52,10,1,0.334,0.64,6
6,bcup,56,49,11,1,0.3,0.619,6
6,bcup,56,51,12,1,0.314,0.654,6
6,bcup,56,96,13,1,0.534,0.638,6
6,bcup,56,95,14,1,0.569,0.668,6
6,bcup,56,91,15,1,0.549,0.678,6
6,bcup,56,92,16,1,0.514,0.672,6
6,bcup,56,93,17,1,0.514,0.617,6
6,bcup,56,94,18,1,0.514,0.593,6
6,bcup,56,110,19,1,0.662,0.468,6
6,bcup,56,111,20,1,0.607,0.536,6
6,bcup,56,114,21,1,0.628,0.522,6
6,bcup,56,112,22,1,0.648,0.482,6
6,bcup,56,109,23,1,0.607,0.482,6
6,bcup,56,113,24,1,0.662,0.532,6
6,bcup,56,89,25,1,0.508,0.332,6
6,bcup,56,86,26,1,0.508,0.411,6
6,bcup,56,88,27,1,0.563,0.342,6
6,bcup,56,90,28,1,0.494,0.377,6
6,bcup,56,85,29,1,0.563,0.407,6
6,bcup,56,87,30,1,0.508,0.356,6
6,bcup,56,76,31,1,0.423,0.261,6
6,bcup,56,73,32,1,0.403,0.221,6
6,bcup,56,78,33,1,0.423,0.206,6
6,bcup,56,77,34,1,0.403,0.275,6
6,bcup,56,74,35,1,0.389,0.241,6
6,bcup,56,75,36,1,0.423,0.241,6
6,bcup,56,102,37,1,0.565,0.126,6
6,bcup,56,100,38,1,0.599,0.186,6
6,bcup,56,98,39,1,0.565,0.101,6
6,bcup,56,101,40,1,0.585,0.166,6
6,bcup,56,97,41,1,0.605,0.126,6
6,bcup,56,99,42,1,0.565,0.18,6
6,bcup,56,132,43,1,0.775,0.109,6
6,bcup,56,131,44,1,0.775,0.075,6
6,bcup,56,127,45,1,0.81,0.14,6
6,bcup,56,128,46,1,0.81,0.109,6
6,bcup,56,130,47,1,0.741,0.109,6
6,bcup,56,129,48,1,0.755,0.144,6
6,bcup,56,126,49,1,0.747,0.281,6
6,bcup,56,121,50,1,0.741,0.342,6
6,bcup,56,123,51,1,0.727,0.302,6
6,bcup,56,124,52,1,0.727,0.322,6
6,bcup,56,122,53,1,0.761,0.332,6
6,bcup,56,125,54,1,0.761,0.267,6
6,bcup,56,72,55,1,0.423,0,6
6,bcup,56,68,56,1,0.403,0.069,6
6,bcup,56,70,57,1,0.457,0.034,6
6,bcup,56,69,58,1,0.457,0.065,6
6,bcup,56,71,59,1,0.443,0.014,6
6,bcup,56,67,60,1,0.437,0.075,6
6,bcup,56,38,61,1,0.227,0.156,6
6,bcup,56,41,62,1,0.296,0.156,6
6,bcup,56,42,63,1,0.261,0.121,6
6,bcup,56,37,64,1,0.241,0.111,6
6,bcup,56,39,65,1,0.296,0.186,6
6,bcup,56,40,66,1,0.241,0.19,6
6,bcup,56,12,67,1,0.03,0.115,6
6,bcup,56,8,68,1,0.099,0.081,6
6,bcup,56,9,69,1,0.065,0.081,6
6,bcup,56,11,70,1,0.045,0.15,6
6,bcup,56,7,71,1,0.045,0.095,6
6,bcup,56,10,72,1,0.099,0.115,6
6,bcup,56,26,73,1,0.13,0.372,6
6,bcup,56,30,74,1,0.13,0.318,6
6,bcup,56,28,75,1,0.115,0.338,6
6,bcup,56,29,76,1,0.15,0.358,6
6,bcup,56,25,77,1,0.164,0.379,6
6,bcup,56,27,78,1,0.15,0.338,6
6,bcup,56,6,79,1,0.049,0.54,6
6,bcup,56,3,80,1,0,0.5,6
6,bcup,56,4,81,1,0.069,0.466,6
6,bcup,56,2,82,1,0.014,0.48,6
6,bcup,56,1,83,1,0.069,0.53,6
6,bcup,56,5,84,1,0.034,0.466,6
6,bcup,56,33,85,1,0.206,0.468,6
6,bcup,56,36,86,1,0.186,0.457,6
6,bcup,56,35,87,1,0.206,0.522,6
6,bcup,56,31,88,1,0.186,0.482,6
6,bcup,56,32,89,1,0.241,0.468,6
6,bcup,56,34,90,1,0.241,0.532,6
6,bcup,56,23,91,1,0.119,0.664,6
6,bcup,56,24,92,1,0.085,0.698,6
6,bcup,57,86,1,1,0.121,0.332,7
6,bcup,57,88,2,1,0.121,0.411,7
6,bcup,57,90,3,1,0.176,0.342,7
6,bcup,57,85,4,1,0.107,0.377,7
6,bcup,57,87,5,1,0.176,0.407,7
6,bcup,57,89,6,1,0.121,0.356,7
6,bcup,57,113,7,1,0.275,0.468,7
6,bcup,57,112,8,1,0.221,0.536,7
6,bcup,57,109,9,1,0.241,0.522,7
6,bcup,57,111,10,1,0.261,0.482,7
6,bcup,57,114,11,1,0.221,0.482,7
6,bcup,57,110,12,1,0.275,0.532,7
6,bcup,57,96,13,1,0.148,0.638,7
6,bcup,57,95,14,1,0.182,0.668,7
6,bcup,57,91,15,1,0.162,0.678,7
6,bcup,57,92,16,1,0.128,0.672,7
6,bcup,57,93,17,1,0.128,0.617,7
6,bcup,57,94,18,1,0.128,0.593,7
6,bcup,57,120,19,1,0.374,0.729,7
6,bcup,57,118,20,1,0.34,0.698,7
6,bcup,57,117,21,1,0.36,0.678,7
6,bcup,57,119,22,1,0.34,0.664,7
6,bcup,57,116,23,1,0.34,0.719,7
6,bcup,57,115,24,1,0.32,0.654,7
6,bcup,57,103,25,1,0.178,0.81,7
6,bcup,57,107,26,1,0.233,0.885,7
6,bcup,57,108,27,1,0.164,0.854,7
6,bcup,57,106,28,1,0.198,0.854,7
6,bcup,57,105,29,1,0.198,0.82,7
6,bcup,57,104,30,1,0.219,0.834,7
6,bcup,57,62,31,1,0.034,0.787,7
6,bcup,57,64,32,1,0.069,0.798,7
6,bcup,57,61,33,1,0,0.767,7
6,bcup,57,65,34,1,0.049,0.808,7
6,bcup,57,63,35,1,0.014,0.802,7
6,bcup,57,66,36,1,0.069,0.733,7
6,bcup,57,80,37,1,0.071,0.955,7
6,bcup,57,82,38,1,0.036,0.921,7
6,bcup,57,79,39,1,0.016,0.99,7
6,bcup,57,83,40,1,0.057,0.935,7
6,bcup,57,84,41,1,0.036,0.955,7
6,bcup,57,81,42,1,0.051,0.996,7
6,bcup,57,133,43,1,0.354,0.891,7
6,bcup,57,136,44,1,0.423,0.891,7
6,bcup,57,135,45,1,0.389,0.911,7
6,bcup,57,134,46,1,0.368,0.87,7
6,bcup,57,138,47,1,0.389,0.856,7
6,bcup,57,137,48,1,0.409,0.87,7
6,bcup,57,141,49,1,0.445,0.48,7
6,bcup,57,140,50,1,0.425,0.52,7
6,bcup,57,142,51,1,0.425,0.5,7
6,bcup,57,139,52,1,0.46,0.53,7
6,bcup,57,143,53,1,0.439,0.54,7
6,bcup,57,144,54,1,0.425,0.5,7
6,bcup,57,122,55,1,0.36,0.281,7
6,bcup,57,125,56,1,0.354,0.342,7
6,bcup,57,123,57,1,0.34,0.302,7
6,bcup,57,124,58,1,0.34,0.322,7
6,bcup,57,121,59,1,0.374,0.332,7
6,bcup,57,126,60,1,0.374,0.267,7
6,bcup,57,98,61,1,0.178,0.126,7
6,bcup,57,102,62,1,0.213,0.186,7
6,bcup,57,100,63,1,0.178,0.101,7
6,bcup,57,97,64,1,0.198,0.166,7
6,bcup,57,99,65,1,0.219,0.126,7
6,bcup,57,101,66,1,0.178,0.18,7
6,bcup,57,132,67,1,0.389,0.109,7
6,bcup,57,131,68,1,0.389,0.075,7
6,bcup,57,127,69,1,0.423,0.14,7
6,bcup,57,128,70,1,0.423,0.109,7
6,bcup,57,130,71,1,0.354,0.109,7
6,bcup,57,129,72,1,0.368,0.144,7
6,bcup,57,72,73,1,0.036,0,7
6,bcup,57,70,74,1,0.016,0.069,7
6,bcup,57,69,75,1,0.071,0.034,7
6,bcup,57,71,76,1,0.071,0.065,7
6,bcup,57,68,77,1,0.057,0.014,7
6,bcup,58,50,1,1,0.304,0.393,8
6,bcup,58,52,2,1,0.289,0.352,8
6,bcup,58,54,3,1,0.324,0.383,8
6,bcup,58,53,4,1,0.289,0.372,8
6,bcup,58,49,5,1,0.255,0.352,8
6,bcup,58,51,6,1,0.269,0.387,8
6,bcup,58,66,7,1,0.377,0.52,8
6,bcup,58,63,8,1,0.411,0.53,8
6,bcup,58,61,9,1,0.342,0.5,8
6,bcup,58,65,10,1,0.391,0.54,8
6,bcup,58,64,11,1,0.356,0.534,8
6,bcup,58,62,12,1,0.411,0.466,8
6,bcup,58,46,13,1,0.237,0.557,8
6,bcup,58,43,14,1,0.182,0.577,8
6,bcup,58,45,15,1,0.217,0.597,8
6,bcup,58,47,16,1,0.251,0.577,8
6,bcup,58,48,17,1,0.231,0.617,8
6,bcup,58,44,18,1,0.196,0.557,8
6,bcup,58,24,19,1,0.075,0.397,8
6,bcup,58,22,20,1,0.04,0.431,8
6,bcup,58,23,21,1,0.075,0.451,8
6,bcup,58,20,22,1,0.075,0.431,8
6,bcup,58,21,23,1,0.055,0.466,8
6,bcup,58,16,24,1,0,0.652,8
6,bcup,58,14,25,1,0.02,0.583,8
6,bcup,58,18,26,1,0.034,0.658,8
6,bcup,58,13,27,1,0.055,0.583,8
6,bcup,58,15,28,1,0.055,0.648,8
6,bcup,58,17,29,1,0.02,0.638,8
6,bcup,58,80,30,1,0.413,0.688,8
6,bcup,58,82,31,1,0.379,0.654,8
6,bcup,58,83,32,1,0.358,0.723,8
6,bcup,58,79,33,1,0.399,0.668,8
6,bcup,58,84,34,1,0.379,0.688,8
6,bcup,58,81,35,1,0.393,0.729,8
6,bcup,58,105,36,1,0.52,0.543,8
6,bcup,58,106,37,1,0.575,0.617,8
6,bcup,58,104,38,1,0.506,0.587,8
6,bcup,58,108,39,1,0.54,0.587,8
6,bcup,58,107,40,1,0.54,0.553,8
6,bcup,58,103,41,1,0.561,0.567,8
6,bcup,58,133,42,1,0.696,0.623,8
6,bcup,58,136,43,1,0.765,0.623,8
6,bcup,58,135,44,1,0.731,0.644,8
6,bcup,58,134,45,1,0.711,0.603,8
6,bcup,58,138,46,1,0.731,0.589,8
6,bcup,58,137,47,1,0.751,0.603,8
6,bcup,58,119,48,1,0.717,0.462,8
6,bcup,58,115,49,1,0.682,0.431,8
6,bcup,58,116,50,1,0.702,0.411,8
6,bcup,58,117,51,1,0.682,0.397,8
6,bcup,58,120,52,1,0.682,0.451,8
6,bcup,58,118,53,1,0.662,0.387,8
6,bcup,58,110,54,1,0.617,0.2,8
6,bcup,58,111,55,1,0.563,0.269,8
6,bcup,58,113,56,1,0.583,0.255,8
6,bcup,58,112,57,1,0.603,0.215,8
6,bcup,58,109,58,1,0.563,0.215,8
6,bcup,58,114,59,1,0.617,0.265,8
6,bcup,58,141,60,1,0.787,0.213,8
6,bcup,58,142,61,1,0.767,0.253,8
6,bcup,58,140,62,1,0.767,0.233,8
6,bcup,58,144,63,1,0.802,0.263,8
6,bcup,58,143,64,1,0.781,0.273,8
6,bcup,58,139,65,1,0.767,0.233,8
6,bcup,58,122,66,1,0.702,0.014,8
6,bcup,58,125,67,1,0.696,0.075,8
6,bcup,58,124,68,1,0.682,0.034,8
6,bcup,58,123,69,1,0.682,0.055,8
6,bcup,58,121,70,1,0.717,0.065,8
6,bcup,58,126,71,1,0.717,0,8
6,bcup,59,10,1,1,0.03,0.115,9
6,bcup,59,7,2,1,0.099,0.081,9
6,bcup,59,11,3,1,0.065,0.081,9
6,bcup,59,9,4,1,0.045,0.15,9
6,bcup,59,8,5,1,0.045,0.095,9
6,bcup,59,12,6,1,0.099,0.115,9
6,bcup,59,37,7,1,0.227,0.156,9
6,bcup,59,40,8,1,0.296,0.156,9
6,bcup,59,39,9,1,0.261,0.121,9
6,bcup,59,38,10,1,0.241,0.111,9
6,bcup,59,41,11,1,0.296,0.186,9
6,bcup,59,42,12,1,0.241,0.19,9
6,bcup,59,68,13,1,0.423,0,9
6,bcup,59,72,14,1,0.403,0.069,9
6,bcup,59,70,15,1,0.457,0.034,9
6,bcup,59,69,16,1,0.457,0.065,9
6,bcup,59,71,17,1,0.443,0.014,9
6,bcup,59,67,18,1,0.437,0.075,9
6,bcup,59,97,19,1,0.565,0.126,9
6,bcup,59,99,20,1,0.599,0.186,9
6,bcup,59,101,21,1,0.565,0.101,9
6,bcup,59,100,22,1,0.585,0.166,9
6,bcup,59,102,23,1,0.605,0.126,9
6,bcup,59,98,24,1,0.565,0.18,9
6,bcup,59,131,25,1,0.775,0.109,9
6,bcup,59,132,26,1,0.775,0.075,9
6,bcup,59,127,27,1,0.81,0.14,9
6,bcup,59,130,28,1,0.81,0.109,9
6,bcup,59,129,29,1,0.741,0.109,9
6,bcup,59,128,30,1,0.755,0.144,9
6,bcup,59,126,31,1,0.747,0.281,9
6,bcup,59,121,32,1,0.741,0.342,9
6,bcup,59,123,33,1,0.727,0.302,9
6,bcup,59,124,34,1,0.727,0.322,9
6,bcup,59,122,35,1,0.761,0.332,9
6,bcup,59,125,36,1,0.761,0.267,9
6,bcup,59,87,37,1,0.508,0.332,9
6,bcup,59,85,38,1,0.508,0.411,9
6,bcup,59,90,39,1,0.563,0.342,9
6,bcup,59,88,40,1,0.494,0.377,9
6,bcup,59,86,41,1,0.563,0.407,9
6,bcup,59,89,42,1,0.508,0.356,9
6,bcup,59,59,43,1,0.316,0.377,9
6,bcup,59,56,44,1,0.356,0.377,9
6,bcup,59,57,45,1,0.336,0.397,9
6,bcup,59,55,46,1,0.302,0.397,9
6,bcup,59,58,47,1,0.37,0.362,9
6,bcup,59,60,48,1,0.37,0.427,9
6,bcup,59,30,49,1,0.13,0.372,9
6,bcup,59,26,50,1,0.13,0.318,9
6,bcup,59,27,51,1,0.115,0.338,9
6,bcup,59,25,52,1,0.15,0.358,9
6,bcup,59,28,53,1,0.164,0.379,9
6,bcup,59,29,54,1,0.15,0.338,9
6,bcup,59,3,55,1,0.049,0.54,9
6,bcup,59,6,56,1,0,0.5,9
6,bcup,59,4,57,1,0.069,0.466,9
6,bcup,59,2,58,1,0.014,0.48,9
6,bcup,59,1,59,1,0.069,0.53,9
6,bcup,59,5,60,1,0.034,0.466,9
6,bcup,59,34,61,1,0.206,0.468,9
6,bcup,59,32,62,1,0.186,0.457,9
6,bcup,59,31,63,1,0.206,0.522,9
6,bcup,59,35,64,1,0.186,0.482,9
6,bcup,59,36,65,1,0.241,0.468,9
6,bcup,59,33,66,1,0.241,0.532,9
6,bcup,59,113,67,1,0.662,0.468,9
6,bcup,59,110,68,1,0.607,0.536,9
6,bcup,59,111,69,1,0.628,0.522,9
6,bcup,59,114,70,1,0.648,0.482,9
6,bcup,59,112,71,1,0.607,0.482,9
6,bcup,59,109,72,1,0.662,0.532,9
6,bcup,59,141,73,1,0.832,0.48,9
6,bcup,59,142,74,1,0.812,0.52,9
6,bcup,59,139,75,1,0.777,0.5,9
6,bcup,59,140,76,1,0.812,0.5,9
6,bcup,59,144,77,1,0.846,0.53,9
6,bcup,59,143,78,1,0.826,0.54,9
6,bcup,59,120,79,1,0.761,0.729,9
6,bcup,59,118,80,1,0.727,0.698,9
6,bcup,59,117,81,1,0.747,0.678,9
6,bcup,59,119,82,1,0.727,0.664,9
6,bcup,59,116,83,1,0.727,0.719,9
6,bcup,59,115,84,1,0.706,0.654,9
6,bcup,59,92,85,1,0.534,0.638,9
6,bcup,59,93,86,1,0.569,0.668,9
6,bcup,59,91,87,1,0.549,0.678,9
6,bcup,59,95,88,1,0.514,0.672,9
6,bcup,59,96,89,1,0.514,0.617,9
6,bcup,59,94,90,1,0.514,0.593,9
6,bcup,59,51,91,1,0.348,0.66,9
6,bcup,59,49,92,1,0.334,0.619,9
6,bcup,59,52,93,1,0.368,0.65,9
6,bcup,59,50,94,1,0.334,0.64,9
6,bcup,59,53,95,1,0.3,0.619,9
6,bcup,59,54,96,1,0.314,0.654,9
6,bcup,59,20,97,1,0.119,0.664,9
6,bcup,59,23,98,1,0.085,0.698,9
6,bcup,59,22,99,1,0.119,0.719,9
6,bcup,59,24,100,1,0.119,0.698,9
6,bcup,59,21,101,1,0.099,0.733,9
6,bcup,60,16,1,1,0,0.844,10
6,bcup,60,14,2,1,0.02,0.775,10
6,bcup,60,18,3,1,0.034,0.85,10
6,bcup,60,13,4,1,0.055,0.775,10
6,bcup,60,15,5,1,0.055,0.84,10
6,bcup,60,17,6,1,0.02,0.83,10
6,bcup,60,44,7,1,0.237,0.749,10
6,bcup,60,48,8,1,0.182,0.769,10
6,bcup,60,45,9,1,0.217,0.789,10
6,bcup,60,47,10,1,0.251,0.769,10
6,bcup,60,46,11,1,0.231,0.81,10
6,bcup,60,43,12,1,0.196,0.749,10
6,bcup,60,64,13,1,0.377,0.713,10
6,bcup,60,66,14,1,0.411,0.723,10
6,bcup,60,62,15,1,0.342,0.692,10
6,bcup,60,65,16,1,0.391,0.733,10
6,bcup,60,63,17,1,0.356,0.727,10
6,bcup,60,80,18,1,0.413,0.881,10
6,bcup,60,82,19,1,0.379,0.846,10
6,bcup,60,79,20,1,0.358,0.915,10
6,bcup,60,81,21,1,0.399,0.86,10
6,bcup,60,83,22,1,0.379,0.881,10
6,bcup,60,84,23,1,0.393,0.921,10
6,bcup,60,105,24,1,0.52,0.735,10
6,bcup,60,106,25,1,0.575,0.81,10
6,bcup,60,108,26,1,0.506,0.779,10
6,bcup,60,107,27,1,0.54,0.779,10
6,bcup,60,103,28,1,0.54,0.745,10
6,bcup,60,104,29,1,0.561,0.759,10
6,bcup,60,133,30,1,0.696,0.816,10
6,bcup,60,136,31,1,0.765,0.816,10
6,bcup,60,135,32,1,0.731,0.836,10
6,bcup,60,134,33,1,0.711,0.796,10
6,bcup,60,138,34,1,0.731,0.781,10
6,bcup,60,137,35,1,0.751,0.796,10
6,bcup,60,119,36,1,0.717,0.654,10
6,bcup,60,116,37,1,0.682,0.623,10
6,bcup,60,117,38,1,0.702,0.603,10
6,bcup,60,118,39,1,0.682,0.589,10
6,bcup,60,120,40,1,0.682,0.644,10
6,bcup,60,115,41,1,0.662,0.579,10
6,bcup,60,92,42,1,0.49,0.563,10
6,bcup,60,93,43,1,0.504,0.603,10
6,bcup,60,94,44,1,0.47,0.597,10
6,bcup,60,91,45,1,0.47,0.543,10
6,bcup,60,95,46,1,0.47,0.518,10
6,bcup,60,96,47,1,0.49,0.563,10
6,bcup,60,110,48,1,0.617,0.393,10
6,bcup,60,111,49,1,0.563,0.462,10
6,bcup,60,114,50,1,0.583,0.447,10
6,bcup,60,112,51,1,0.603,0.407,10
6,bcup,60,109,52,1,0.563,0.407,10
6,bcup,60,113,53,1,0.617,0.457,10
6,bcup,60,141,54,1,0.787,0.405,10
6,bcup,60,142,55,1,0.767,0.445,10
6,bcup,60,140,56,1,0.767,0.425,10
6,bcup,60,144,57,1,0.802,0.455,10
6,bcup,60,143,58,1,0.781,0.466,10
6,bcup,60,139,59,1,0.767,0.425,10
6,bcup,60,122,60,1,0.702,0.206,10
6,bcup,60,125,61,1,0.696,0.267,10
6,bcup,60,124,62,1,0.682,0.227,10
6,bcup,60,123,63,1,0.682,0.247,10
6,bcup,60,121,64,1,0.717,0.257,10
6,bcup,60,126,65,1,0.717,0.192,10
6,bcup,60,87,66,1,0.464,0.257,10
6,bcup,60,90,67,1,0.464,0.336,10
6,bcup,60,85,68,1,0.518,0.267,10
6,bcup,60,88,69,1,0.449,0.302,10
6,bcup,60,86,70,1,0.518,0.332,10
6,bcup,60,89,71,1,0.464,0.281,10
6,bcup,60,98,72,1,0.52,0.051,10
6,bcup,60,100,73,1,0.555,0.111,10
6,bcup,60,102,74,1,0.52,0.026,10
6,bcup,60,97,75,1,0.54,0.091,10
6,bcup,60,101,76,1,0.561,0.051,10
6,bcup,60,99,77,1,0.52,0.105,10
6,bcup,60,132,78,1,0.731,0.034,10
6,bcup,60,131,79,1,0.731,0,10
6,bcup,60,127,80,1,0.765,0.065,10
6,bcup,60,128,81,1,0.765,0.034,10
6,bcup,60,130,82,1,0.696,0.034,10
6,bcup,60,129,83,1,0.711,0.069,10
6,bcup,60,75,84,1,0.379,0.186,10
6,bcup,60,78,85,1,0.358,0.146,10
6,bcup,60,77,86,1,0.379,0.132,10
6,bcup,60,76,87,1,0.358,0.2,10
7,bcup,61,91,1,1,0.113,0.182,1
7,bcup,61,96,2,1,0.128,0.138,1
7,bcup,61,92,3,1,0.182,0.148,1
7,bcup,61,93,4,1,0.128,0.217,1
7,bcup,61,94,5,1,0.162,0.223,1
7,bcup,61,95,6,1,0.128,0.162,1
7,bcup,61,62,7,1,0.034,0.332,1
7,bcup,61,66,8,1,0.069,0.277,1
7,bcup,61,65,9,1,0,0.312,1
7,bcup,61,61,10,1,0.014,0.346,1
7,bcup,61,64,11,1,0.049,0.352,1
7,bcup,61,63,12,1,0.034,0.277,1
7,bcup,61,82,13,1,0.036,0.466,1
7,bcup,61,79,14,1,0.051,0.54,1
7,bcup,61,84,15,1,0.002,0.5,1
7,bcup,61,81,16,1,0.057,0.48,1
7,bcup,61,83,17,1,0.036,0.52,1
7,bcup,61,80,18,1,0.071,0.466,1
7,bcup,61,103,19,1,0.178,0.354,1
7,bcup,61,108,20,1,0.198,0.419,1
7,bcup,61,105,21,1,0.233,0.399,1
7,bcup,61,106,22,1,0.198,0.399,1
7,bcup,61,104,23,1,0.213,0.439,1
7,bcup,61,107,24,1,0.198,0.399,1
7,bcup,61,137,25,1,0.389,0.435,1
7,bcup,61,134,26,1,0.368,0.415,1
7,bcup,61,133,27,1,0.368,0.47,1
7,bcup,61,138,28,1,0.423,0.466,1
7,bcup,61,136,29,1,0.354,0.435,1
7,bcup,61,135,30,1,0.423,0.435,1
7,bcup,61,118,31,1,0.374,0.243,1
7,bcup,61,119,32,1,0.34,0.209,1
7,bcup,61,115,33,1,0.354,0.283,1
7,bcup,61,120,34,1,0.34,0.263,1
7,bcup,61,116,35,1,0.36,0.223,1
7,bcup,61,117,36,1,0.34,0.243,1
7,bcup,61,142,37,1,0.46,0.075,1
7,bcup,61,143,38,1,0.405,0,1
7,bcup,61,144,39,1,0.425,0.065,1
7,bcup,61,140,40,1,0.439,0.085,1
7,bcup,61,141,41,1,0.46,0.045,1
7,bcup,61,139,42,1,0.405,0.024,1
7,bcup,61,112,43,1,0.261,0.026,1
7,bcup,61,109,44,1,0.206,0.047,1
7,bcup,61,113,45,1,0.221,0.026,1
7,bcup,61,114,46,1,0.275,0.047,1
7,bcup,61,111,47,1,0.275,0.012,1
7,bcup,61,110,48,1,0.241,0.012,1
7,bcup,62,53,1,1,0.368,0.569,2
7,bcup,62,49,2,1,0.3,0.538,2
7,bcup,62,51,3,1,0.334,0.538,2
7,bcup,62,54,4,1,0.314,0.573,2
7,bcup,62,50,5,1,0.368,0.504,2
7,bcup,62,52,6,1,0.314,0.518,2
7,bcup,62,45,7,1,0.296,0.763,2
7,bcup,62,46,8,1,0.241,0.798,2
7,bcup,62,43,9,1,0.261,0.729,2
7,bcup,62,48,10,1,0.296,0.729,2
7,bcup,62,47,11,1,0.261,0.763,2
7,bcup,62,44,12,1,0.296,0.794,2
7,bcup,62,15,13,1,0.085,0.783,2
7,bcup,62,13,14,1,0.045,0.759,2
7,bcup,62,17,15,1,0.099,0.769,2
7,bcup,62,14,16,1,0.045,0.783,2
7,bcup,62,18,17,1,0.065,0.769,2
7,bcup,62,16,18,1,0.03,0.804,2
7,bcup,62,24,19,1,0.119,0.638,2
7,bcup,62,21,20,1,0.14,0.597,2
7,bcup,62,20,21,1,0.119,0.583,2
7,bcup,62,22,22,1,0.154,0.617,2
7,bcup,62,19,23,1,0.134,0.658,2
7,bcup,62,23,24,1,0.099,0.573,2
7,bcup,62,1,25,1,0.014,0.453,2
7,bcup,62,4,26,1,0.069,0.419,2
7,bcup,62,6,27,1,0.069,0.449,2
7,bcup,62,5,28,1,0,0.419,2
7,bcup,62,3,29,1,0.049,0.46,2
7,bcup,62,2,30,1,0.014,0.399,2
7,bcup,62,28,31,1,0.184,0.287,2
7,bcup,62,29,32,1,0.184,0.223,2
7,bcup,62,27,33,1,0.164,0.298,2
7,bcup,62,25,34,1,0.115,0.257,2
7,bcup,62,30,35,1,0.15,0.277,2
7,bcup,62,26,36,1,0.184,0.257,2
7,bcup,62,12,37,1,0.099,0,2
7,bcup,62,8,38,1,0.045,0.014,2
7,bcup,62,10,39,1,0.065,0.034,2
7,bcup,62,9,40,1,0.065,0,2
7,bcup,62,11,41,1,0.099,0.034,2
7,bcup,62,7,42,1,0.045,0.069,2
7,bcup,62,41,43,1,0.227,0.075,2
7,bcup,62,40,44,1,0.241,0.03,2
7,bcup,62,42,45,1,0.296,0.105,2
7,bcup,63,92,1,1,0.113,0.296,3
7,bcup,63,91,2,1,0.128,0.251,3
7,bcup,63,94,3,1,0.182,0.261,3
7,bcup,63,96,4,1,0.128,0.33,3
7,bcup,63,93,5,1,0.162,0.336,3
7,bcup,63,95,6,1,0.128,0.275,3
7,bcup,63,62,7,1,0.034,0.445,3
7,bcup,63,66,8,1,0.069,0.391,3
7,bcup,63,63,9,1,0,0.425,3
7,bcup,63,64,10,1,0.014,0.46,3
7,bcup,63,61,11,1,0.049,0.466,3
7,bcup,63,65,12,1,0.034,0.391,3
7,bcup,63,84,13,1,0.036,0.579,3
7,bcup,63,82,14,1,0.051,0.654,3
7,bcup,63,79,15,1,0.002,0.613,3
7,bcup,63,81,16,1,0.057,0.593,3
7,bcup,63,83,17,1,0.036,0.634,3
7,bcup,63,80,18,1,0.071,0.579,3
7,bcup,63,103,19,1,0.178,0.468,3
7,bcup,63,104,20,1,0.198,0.532,3
7,bcup,63,105,21,1,0.233,0.512,3
7,bcup,63,107,22,1,0.198,0.512,3
7,bcup,63,106,23,1,0.213,0.553,3
7,bcup,63,108,24,1,0.233,0.478,3
7,bcup,63,134,25,1,0.389,0.549,3
7,bcup,63,137,26,1,0.368,0.528,3
7,bcup,63,135,27,1,0.368,0.583,3
7,bcup,63,133,28,1,0.423,0.579,3
7,bcup,63,138,29,1,0.354,0.549,3
7,bcup,63,136,30,1,0.423,0.549,3
7,bcup,63,118,31,1,0.374,0.356,3
7,bcup,63,119,32,1,0.374,0.322,3
7,bcup,63,115,33,1,0.34,0.322,3
7,bcup,63,116,34,1,0.354,0.397,3
7,bcup,63,120,35,1,0.34,0.377,3
7,bcup,63,117,36,1,0.36,0.336,3
7,bcup,63,142,37,1,0.46,0.188,3
7,bcup,63,143,38,1,0.405,0.113,3
7,bcup,63,139,39,1,0.425,0.178,3
7,bcup,63,141,40,1,0.439,0.198,3
7,bcup,63,144,41,1,0.46,0.158,3
7,bcup,63,140,42,1,0.405,0.138,3
7,bcup,63,126,43,1,0.354,0,3
7,bcup,64,53,1,1,0.182,0.66,4
7,bcup,64,49,2,1,0.113,0.63,4
7,bcup,64,51,3,1,0.148,0.63,4
7,bcup,64,50,4,1,0.128,0.664,4
7,bcup,64,52,5,1,0.182,0.595,4
7,bcup,64,54,6,1,0.128,0.609,4
7,bcup,64,34,7,1,0.02,0.512,4
7,bcup,64,33,8,1,0.02,0.478,4
7,bcup,64,31,9,1,0.02,0.532,4
7,bcup,64,35,10,1,0.055,0.512,4
7,bcup,64,32,11,1,0,0.547,4
7,bcup,64,36,12,1,0.055,0.478,4
7,bcup,64,59,13,1,0.13,0.362,4
7,bcup,64,57,14,1,0.184,0.437,4
7,bcup,64,56,15,1,0.164,0.447,4
7,bcup,64,60,16,1,0.15,0.372,4
7,bcup,64,58,17,1,0.15,0.427,4
7,bcup,64,55,18,1,0.184,0.407,4
7,bcup,64,110,19,1,0.462,0.492,4
7,bcup,64,111,20,1,0.407,0.512,4
7,bcup,64,114,21,1,0.421,0.492,4
7,bcup,64,113,22,1,0.476,0.512,4
7,bcup,64,109,23,1,0.476,0.478,4
7,bcup,64,112,24,1,0.441,0.478,4
7,bcup,64,88,25,1,0.356,0.427,4
7,bcup,64,90,26,1,0.377,0.352,4
7,bcup,64,89,27,1,0.362,0.366,4
7,bcup,64,75,28,1,0.217,0.231,4
7,bcup,64,76,29,1,0.271,0.281,4
7,bcup,64,77,30,1,0.251,0.291,4
7,bcup,64,74,31,1,0.237,0.271,4
7,bcup,64,78,32,1,0.237,0.251,4
7,bcup,64,71,33,1,0.271,0.01,4
7,bcup,64,67,34,1,0.237,0.01,4
7,bcup,64,70,35,1,0.237,0.045,4
7,bcup,64,69,36,1,0.257,0.024,4
7,bcup,64,68,37,1,0.271,0.045,4
7,bcup,64,72,38,1,0.217,0,4
7,bcup,64,102,39,1,0.433,0.186,4
7,bcup,65,92,1,1,0.5,0.17,5
7,bcup,65,96,2,1,0.514,0.126,5
7,bcup,65,91,3,1,0.569,0.136,5
7,bcup,65,94,4,1,0.514,0.204,5
7,bcup,65,95,5,1,0.549,0.211,5
7,bcup,65,93,6,1,0.514,0.15,5
7,bcup,65,49,7,1,0.368,0.182,5
7,bcup,65,52,8,1,0.3,0.152,5
7,bcup,65,50,9,1,0.334,0.152,5
7,bcup,65,51,10,1,0.314,0.186,5
7,bcup,65,54,11,1,0.368,0.117,5
7,bcup,65,53,12,1,0.314,0.132,5
7,bcup,65,62,13,1,0.421,0.32,5
7,bcup,65,66,14,1,0.455,0.265,5
7,bcup,65,61,15,1,0.387,0.3,5
7,bcup,65,65,16,1,0.401,0.334,5
7,bcup,65,64,17,1,0.435,0.34,5
7,bcup,65,63,18,1,0.421,0.265,5
7,bcup,65,46,19,1,0.296,0.377,5
7,bcup,65,43,20,1,0.241,0.411,5
7,bcup,65,48,21,1,0.261,0.342,5
7,bcup,65,47,22,1,0.296,0.342,5
7,bcup,65,45,23,1,0.261,0.377,5
7,bcup,65,44,24,1,0.296,0.407,5
7,bcup,65,15,25,1,0.085,0.397,5
7,bcup,65,13,26,1,0.045,0.372,5
7,bcup,65,14,27,1,0.099,0.383,5
7,bcup,65,16,28,1,0.045,0.397,5
7,bcup,65,18,29,1,0.065,0.383,5
7,bcup,65,17,30,1,0.03,0.417,5
7,bcup,65,24,31,1,0.119,0.251,5
7,bcup,65,22,32,1,0.14,0.211,5
7,bcup,65,19,33,1,0.119,0.196,5
7,bcup,65,23,34,1,0.154,0.231,5
7,bcup,65,20,35,1,0.099,0.186,5
7,bcup,65,21,36,1,0.119,0.231,5
7,bcup,65,1,37,1,0.014,0.067,5
7,bcup,65,4,38,1,0.069,0.032,5
7,bcup,65,6,39,1,0.069,0.063,5
7,bcup,65,5,40,1,0,0.032,5
7,bcup,65,3,41,1,0.049,0.073,5
7,bcup,65,2,42,1,0.014,0.012,5
7,bcup,65,36,43,1,0.206,0.034,5
7,bcup,65,34,44,1,0.206,0,5
7,bcup,65,35,45,1,0.206,0.055,5
7,bcup,66,85,1,1,0.498,0.427,6
7,bcup,66,90,2,1,0.518,0.352,6
7,bcup,66,89,3,1,0.504,0.366,6
7,bcup,66,88,4,1,0.464,0.342,6
7,bcup,66,86,5,1,0.464,0.366,6
7,bcup,66,87,6,1,0.484,0.407,6
7,bcup,66,125,7,1,0.696,0.352,6
7,bcup,66,126,8,1,0.717,0.312,6
7,bcup,66,123,9,1,0.662,0.291,6
7,bcup,66,122,10,1,0.702,0.291,6
7,bcup,66,121,11,1,0.662,0.346,6
7,bcup,66,124,12,1,0.682,0.312,6
7,bcup,66,129,13,1,0.765,0.15,6
7,bcup,66,131,14,1,0.711,0.075,6
7,bcup,66,132,15,1,0.745,0.16,6
7,bcup,66,128,16,1,0.696,0.119,6
7,bcup,66,130,17,1,0.751,0.099,6
7,bcup,66,127,18,1,0.731,0.119,6
7,bcup,66,97,19,1,0.575,0.186,6
7,bcup,66,102,20,1,0.54,0.156,6
7,bcup,66,98,21,1,0.52,0.136,6
7,bcup,66,101,22,1,0.561,0.136,6
7,bcup,66,100,23,1,0.575,0.121,6
7,bcup,66,99,24,1,0.52,0.19,6
7,bcup,66,71,25,1,0.413,0.01,6
7,bcup,66,67,26,1,0.379,0.01,6
7,bcup,66,70,27,1,0.379,0.045,6
7,bcup,66,69,28,1,0.399,0.024,6
7,bcup,66,72,29,1,0.358,0,6
7,bcup,66,68,30,1,0.379,0.045,6
7,bcup,66,78,31,1,0.358,0.231,6
7,bcup,66,73,32,1,0.413,0.281,6
7,bcup,66,77,33,1,0.393,0.291,6
7,bcup,66,76,34,1,0.379,0.271,6
7,bcup,66,74,35,1,0.379,0.251,6
7,bcup,66,75,36,1,0.379,0.217,6
7,bcup,66,39,37,1,0.182,0.166,6
7,bcup,66,41,38,1,0.196,0.121,6
7,bcup,66,40,39,1,0.251,0.196,6
7,bcup,66,42,40,1,0.231,0.206,6
7,bcup,66,37,41,1,0.251,0.166,6
7,bcup,66,38,42,1,0.217,0.186,6
7,bcup,66,11,43,1,0.055,0.091,6
7,bcup,66,7,44,1,0,0.105,6
7,bcup,66,9,45,1,0.02,0.126,6
7,bcup,66,8,46,1,0.02,0.091,6
7,bcup,66,10,47,1,0.055,0.126,6
7,bcup,66,12,48,1,0,0.16,6
7,bcup,67,53,1,1,0.368,0.66,7
7,bcup,67,49,2,1,0.3,0.63,7
7,bcup,67,51,3,1,0.334,0.63,7
7,bcup,67,52,4,1,0.314,0.664,7
7,bcup,67,50,5,1,0.368,0.595,7
7,bcup,67,54,6,1,0.314,0.609,7
7,bcup,67,34,7,1,0.206,0.512,7
7,bcup,67,36,8,1,0.206,0.478,7
7,bcup,67,33,9,1,0.206,0.532,7
7,bcup,67,31,10,1,0.241,0.512,7
7,bcup,67,35,11,1,0.186,0.547,7
7,bcup,67,32,12,1,0.241,0.478,7
7,bcup,67,25,13,1,0.184,0.379,7
7,bcup,67,27,14,1,0.184,0.314,7
7,bcup,67,29,15,1,0.164,0.389,7
7,bcup,67,28,16,1,0.115,0.348,7
7,bcup,67,30,17,1,0.15,0.368,7
7,bcup,67,26,18,1,0.184,0.348,7
7,bcup,67,2,19,1,0.014,0.545,7
7,bcup,67,3,20,1,0.069,0.51,7
7,bcup,67,5,21,1,0.069,0.54,7
7,bcup,67,1,22,1,0,0.51,7
7,bcup,67,4,23,1,0.049,0.551,7
7,bcup,67,6,24,1,0.014,0.49,7
7,bcup,67,12,25,1,0.099,0.091,7
7,bcup,67,9,26,1,0.045,0.105,7
7,bcup,67,8,27,1,0.065,0.126,7
7,bcup,67,10,28,1,0.065,0.091,7
7,bcup,67,7,29,1,0.099,0.126,7
7,bcup,67,11,30,1,0.045,0.16,7
7,bcup,67,37,31,1,0.227,0.166,7
7,bcup,67,38,32,1,0.241,0.121,7
7,bcup,67,42,33,1,0.296,0.196,7
7,bcup,67,40,34,1,0.275,0.206,7
7,bcup,67,41,35,1,0.296,0.166,7
7,bcup,67,39,36,1,0.261,0.186,7
7,bcup,67,72,37,1,0.457,0.01,7
7,bcup,67,68,38,1,0.423,0.01,7
7,bcup,67,70,39,1,0.423,0.045,7
7,bcup,67,67,40,1,0.443,0.024,7
7,bcup,67,71,41,1,0.457,0.045,7
7,bcup,67,69,42,1,0.403,0,7
7,bcup,67,99,43,1,0.619,0.186,7
7,bcup,67,98,44,1,0.585,0.156,7
7,bcup,67,102,45,1,0.565,0.136,7
7,bcup,67,100,46,1,0.605,0.136,7
7,bcup,67,101,47,1,0.619,0.121,7
7,bcup,67,97,48,1,0.565,0.19,7
7,bcup,67,128,49,1,0.81,0.15,7
7,bcup,67,130,50,1,0.755,0.075,7
7,bcup,67,131,51,1,0.789,0.16,7
7,bcup,67,132,52,1,0.741,0.119,7
7,bcup,67,127,53,1,0.796,0.099,7
7,bcup,67,129,54,1,0.81,0.085,7
7,bcup,67,124,55,1,0.741,0.352,7
7,bcup,67,126,56,1,0.761,0.312,7
7,bcup,67,123,57,1,0.706,0.291,7
7,bcup,67,122,58,1,0.747,0.291,7
7,bcup,67,121,59,1,0.706,0.346,7
7,bcup,67,125,60,1,0.727,0.312,7
7,bcup,67,86,61,1,0.543,0.427,7
7,bcup,67,87,62,1,0.563,0.352,7
7,bcup,67,90,63,1,0.549,0.366,7
7,bcup,67,85,64,1,0.508,0.342,7
7,bcup,67,89,65,1,0.508,0.366,7
7,bcup,67,88,66,1,0.528,0.407,7
7,bcup,67,114,67,1,0.648,0.492,7
7,bcup,67,113,68,1,0.593,0.512,7
7,bcup,67,110,69,1,0.607,0.492,7
7,bcup,67,112,70,1,0.662,0.512,7
7,bcup,67,111,71,1,0.662,0.478,7
7,bcup,68,53,1,1,0.368,0.66,8
7,bcup,68,49,2,1,0.3,0.63,8
7,bcup,68,51,3,1,0.334,0.63,8
7,bcup,68,52,4,1,0.314,0.664,8
7,bcup,68,50,5,1,0.368,0.595,8
7,bcup,68,54,6,1,0.314,0.609,8
7,bcup,68,34,7,1,0.206,0.512,8
7,bcup,68,36,8,1,0.206,0.478,8
7,bcup,68,32,9,1,0.206,0.532,8
7,bcup,68,33,10,1,0.241,0.512,8
7,bcup,68,31,11,1,0.186,0.547,8
7,bcup,68,35,12,1,0.241,0.478,8
7,bcup,68,59,13,1,0.316,0.362,8
7,bcup,68,57,14,1,0.37,0.437,8
7,bcup,68,56,15,1,0.35,0.447,8
7,bcup,68,60,16,1,0.336,0.372,8
7,bcup,68,58,17,1,0.336,0.427,8
7,bcup,68,55,18,1,0.37,0.407,8
7,bcup,68,25,19,1,0.184,0.379,8
7,bcup,68,27,20,1,0.164,0.389,8
7,bcup,68,29,21,1,0.115,0.348,8
7,bcup,68,30,22,1,0.15,0.368,8
7,bcup,68,26,23,1,0.184,0.348,8
7,bcup,68,28,24,1,0.15,0.348,8
7,bcup,68,2,25,1,0.014,0.545,8
7,bcup,68,3,26,1,0.069,0.51,8
7,bcup,68,5,27,1,0.069,0.54,8
7,bcup,68,1,28,1,0,0.51,8
7,bcup,68,4,29,1,0.049,0.551,8
7,bcup,68,6,30,1,0.014,0.49,8
7,bcup,68,12,31,1,0.099,0.091,8
7,bcup,68,8,32,1,0.045,0.105,8
7,bcup,68,9,33,1,0.065,0.126,8
7,bcup,68,10,34,1,0.065,0.091,8
7,bcup,68,7,35,1,0.099,0.126,8
7,bcup,68,11,36,1,0.045,0.16,8
7,bcup,68,37,37,1,0.227,0.166,8
7,bcup,68,38,38,1,0.241,0.121,8
7,bcup,68,39,39,1,0.296,0.196,8
7,bcup,68,41,40,1,0.275,0.206,8
7,bcup,68,40,41,1,0.296,0.166,8
7,bcup,68,42,42,1,0.261,0.186,8
7,bcup,68,69,43,1,0.457,0.01,8
7,bcup,68,72,44,1,0.423,0.01,8
7,bcup,68,68,45,1,0.443,0.024,8
7,bcup,68,70,46,1,0.457,0.045,8
7,bcup,68,67,47,1,0.403,0,8
7,bcup,68,71,48,1,0.423,0.045,8
7,bcup,68,78,49,1,0.403,0.231,8
7,bcup,68,73,50,1,0.457,0.281,8
7,bcup,68,77,51,1,0.437,0.291,8
7,bcup,68,76,52,1,0.423,0.271,8
7,bcup,68,75,53,1,0.423,0.251,8
7,bcup,68,74,54,1,0.423,0.217,8
7,bcup,69,92,1,1,0.259,0.356,9
7,bcup,69,96,2,1,0.273,0.312,9
7,bcup,69,91,3,1,0.328,0.322,9
7,bcup,69,94,4,1,0.273,0.391,9
7,bcup,69,95,5,1,0.308,0.397,9
7,bcup,69,93,6,1,0.273,0.336,9
7,bcup,69,110,7,1,0.407,0.2,9
7,bcup,69,111,8,1,0.352,0.221,9
7,bcup,69,114,9,1,0.366,0.2,9
7,bcup,69,113,10,1,0.421,0.186,9
7,bcup,69,109,11,1,0.387,0.186,9
7,bcup,69,112,12,1,0.387,0.221,9
7,bcup,69,125,13,1,0.5,0.061,9
7,bcup,69,121,14,1,0.52,0.02,9
7,bcup,69,126,15,1,0.466,0,9
7,bcup,69,123,16,1,0.506,0,9
7,bcup,69,124,17,1,0.466,0.055,9
7,bcup,69,122,18,1,0.486,0.02,9
7,bcup,69,140,19,1,0.605,0.249,9
7,bcup,69,141,20,1,0.551,0.174,9
7,bcup,69,139,21,1,0.571,0.239,9
7,bcup,69,143,22,1,0.585,0.259,9
7,bcup,69,142,23,1,0.605,0.219,9
7,bcup,69,144,24,1,0.571,0.219,9
7,bcup,69,116,25,1,0.52,0.417,9
7,bcup,69,120,26,1,0.52,0.383,9
7,bcup,69,115,27,1,0.486,0.383,9
7,bcup,69,119,28,1,0.5,0.457,9
7,bcup,69,118,29,1,0.486,0.437,9
7,bcup,69,117,30,1,0.506,0.397,9
7,bcup,69,138,31,1,0.534,0.609,9
7,bcup,69,136,32,1,0.514,0.589,9
7,bcup,69,133,33,1,0.514,0.644,9
7,bcup,69,134,34,1,0.569,0.64,9
7,bcup,69,137,35,1,0.5,0.609,9
7,bcup,69,135,36,1,0.569,0.609,9
7,bcup,69,105,37,1,0.324,0.528,9
7,bcup,69,104,38,1,0.344,0.593,9
7,bcup,69,107,39,1,0.379,0.573,9
7,bcup,69,106,40,1,0.344,0.573,9
7,bcup,69,108,41,1,0.358,0.613,9
7,bcup,69,103,42,1,0.379,0.538,9
7,bcup,69,62,43,1,0.18,0.506,9
7,bcup,69,66,44,1,0.215,0.451,9
7,bcup,69,65,45,1,0.146,0.486,9
7,bcup,69,64,46,1,0.16,0.52,9
7,bcup,69,61,47,1,0.194,0.526,9
7,bcup,69,63,48,1,0.18,0.451,9
7,bcup,69,84,49,1,0.182,0.64,9
7,bcup,69,82,50,1,0.196,0.715,9
7,bcup,69,83,51,1,0.148,0.674,9
7,bcup,69,81,52,1,0.202,0.654,9
7,bcup,69,80,53,1,0.182,0.694,9
7,bcup,69,79,54,1,0.217,0.64,9
7,bcup,69,48,55,1,0.055,0.563,9
7,bcup,69,47,56,1,0,0.597,9
7,bcup,70,57,1,1,0,0.146,10
7,bcup,70,56,2,1,0.055,0.221,10
7,bcup,70,59,3,1,0.034,0.231,10
7,bcup,70,60,4,1,0.02,0.156,10
7,bcup,70,58,5,1,0.02,0.211,10
7,bcup,70,55,6,1,0.055,0.19,10
7,bcup,70,75,7,1,0.087,0.014,10
7,bcup,70,74,8,1,0.142,0.065,10
7,bcup,70,76,9,1,0.121,0.075,10
7,bcup,70,77,10,1,0.107,0.055,10
7,bcup,70,73,11,1,0.107,0.034,10
7,bcup,70,78,12,1,0.107,0,10
7,bcup,70,88,13,1,0.227,0.211,10
7,bcup,70,86,14,1,0.247,0.136,10
7,bcup,70,87,15,1,0.233,0.15,10
7,bcup,70,89,16,1,0.192,0.126,10
7,bcup,70,90,17,1,0.192,0.15,10
7,bcup,70,85,18,1,0.213,0.19,10
7,bcup,70,110,19,1,0.332,0.275,10
7,bcup,70,111,20,1,0.291,0.275,10
7,bcup,70,114,21,1,0.346,0.296,10
7,bcup,70,113,22,1,0.346,0.261,10
7,bcup,70,109,23,1,0.312,0.261,10
7,bcup,70,112,24,1,0.312,0.296,10
7,bcup,70,125,25,1,0.425,0.136,10
7,bcup,70,126,26,1,0.445,0.095,10
7,bcup,70,123,27,1,0.391,0.075,10
7,bcup,70,124,28,1,0.431,0.075,10
7,bcup,70,122,29,1,0.391,0.13,10
7,bcup,70,121,30,1,0.411,0.095,10
7,bcup,70,140,31,1,0.53,0.324,10
7,bcup,70,144,32,1,0.476,0.249,10
7,bcup,70,143,33,1,0.496,0.314,10
7,bcup,70,141,34,1,0.51,0.334,10
7,bcup,70,142,35,1,0.53,0.294,10
7,bcup,70,139,36,1,0.496,0.294,10
7,bcup,70,116,37,1,0.445,0.492,10
7,bcup,70,120,38,1,0.445,0.457,10
7,bcup,70,115,39,1,0.411,0.457,10
7,bcup,70,117,40,1,0.425,0.532,10
7,bcup,70,119,41,1,0.411,0.512,10
7,bcup,70,118,42,1,0.431,0.472,10
7,bcup,70,95,43,1,0.184,0.431,10
7,bcup,70,94,44,1,0.198,0.387,10
7,bcup,70,91,45,1,0.253,0.397,10
7,bcup,70,96,46,1,0.198,0.466,10
7,bcup,70,92,47,1,0.233,0.472,10
7,bcup,70,93,48,1,0.198,0.411,10
7,bcup,70,103,49,1,0.249,0.603,10
7,bcup,70,108,50,1,0.269,0.668,10
7,bcup,70,105,51,1,0.304,0.648,10
7,bcup,70,106,52,1,0.269,0.648,10
7,bcup,70,104,53,1,0.283,0.688,10
7,bcup,70,107,54,1,0.304,0.613,10
7,bcup,70,65,55,1,0.105,0.581,10
7,bcup,70,64,56,1,0.14,0.526,10
7,bcup,70,63,57,1,0.071,0.561,10
7,bcup,70,62,58,1,0.085,0.595,10
7,bcup,70,66,59,1,0.119,0.601,10
7,bcup,70,61,60,1,0.105,0.526,10
8,bcup,71,85,1,1,0.508,0.13,1
8,bcup,71,87,2,1,0.563,0.095,1
8,bcup,71,88,3,1,0.494,0.095,1
8,bcup,71,89,4,1,0.508,0.051,1
8,bcup,71,86,5,1,0.549,0.075,1
8,bcup,71,90,6,1,0.563,0.126,1
8,bcup,71,110,7,1,0.662,0.221,1
8,bcup,71,111,8,1,0.607,0.2,1
8,bcup,71,114,9,1,0.628,0.221,1
8,bcup,71,113,10,1,0.662,0.186,1
8,bcup,71,109,11,1,0.662,0.251,1
8,bcup,71,112,12,1,0.628,0.241,1
8,bcup,71,122,13,1,0.692,0.02,1
8,bcup,71,123,14,1,0.706,0,1
8,bcup,71,126,15,1,0.761,0.02,1
8,bcup,71,124,16,1,0.747,0,1
8,bcup,71,125,17,1,0.741,0.061,1
8,bcup,71,143,18,1,0.826,0.259,1
8,bcup,71,140,19,1,0.812,0.184,1
8,bcup,71,141,20,1,0.832,0.198,1
8,bcup,71,144,21,1,0.791,0.253,1
8,bcup,71,139,22,1,0.791,0.174,1
8,bcup,71,142,23,1,0.846,0.219,1
8,bcup,71,120,24,1,0.727,0.383,1
8,bcup,71,119,25,1,0.706,0.372,1
8,bcup,71,115,26,1,0.741,0.457,1
8,bcup,71,116,27,1,0.727,0.417,1
8,bcup,71,118,28,1,0.747,0.397,1
8,bcup,71,117,29,1,0.761,0.383,1
8,bcup,71,108,30,1,0.619,0.603,1
8,bcup,71,106,31,1,0.619,0.573,1
8,bcup,71,105,32,1,0.565,0.607,1
8,bcup,71,107,33,1,0.565,0.553,1
8,bcup,71,103,34,1,0.599,0.613,1
8,bcup,71,104,35,1,0.585,0.538,1
8,bcup,71,133,36,1,0.755,0.565,1
8,bcup,71,138,37,1,0.81,0.64,1
8,bcup,71,136,38,1,0.81,0.609,1
8,bcup,71,134,39,1,0.775,0.63,1
8,bcup,71,135,40,1,0.81,0.575,1
8,bcup,71,137,41,1,0.775,0.609,1
8,bcup,71,63,42,1,0.401,0.441,1
8,bcup,71,66,43,1,0.401,0.52,1
8,bcup,71,61,44,1,0.455,0.451,1
8,bcup,71,62,45,1,0.435,0.526,1
8,bcup,71,64,46,1,0.455,0.516,1
8,bcup,71,65,47,1,0.401,0.466,1
8,bcup,71,79,48,1,0.457,0.64,1
8,bcup,71,80,49,1,0.443,0.654,1
8,bcup,71,81,50,1,0.457,0.674,1
8,bcup,71,84,51,1,0.403,0.654,1
8,bcup,71,83,52,1,0.403,0.709,1
8,bcup,71,82,53,1,0.423,0.674,1
8,bcup,71,47,54,1,0.227,0.563,1
8,bcup,71,48,55,1,0.241,0.518,1
8,bcup,71,45,56,1,0.296,0.528,1
8,bcup,71,46,57,1,0.261,0.563,1
8,bcup,71,44,58,1,0.296,0.563,1
8,bcup,71,43,59,1,0.281,0.543,1
8,bcup,71,23,60,1,0.119,0.417,1
8,bcup,71,19,61,1,0.14,0.397,1
8,bcup,71,20,62,1,0.085,0.417,1
8,bcup,71,22,63,1,0.099,0.372,1
8,bcup,71,21,64,1,0.154,0.447,1
8,bcup,71,24,65,1,0.099,0.451,1
8,bcup,71,18,66,1,0.085,0.583,1
8,bcup,71,13,67,1,0.099,0.603,1
8,bcup,71,14,68,1,0.065,0.569,1
8,bcup,71,16,69,1,0.065,0.623,1
8,bcup,71,17,70,1,0.03,0.603,1
8,bcup,71,15,71,1,0.099,0.569,1
8,bcup,71,53,72,1,0.314,0.294,1
8,bcup,71,50,73,1,0.314,0.318,1
8,bcup,71,49,74,1,0.314,0.372,1
8,bcup,71,52,75,1,0.368,0.368,1
8,bcup,71,54,76,1,0.3,0.338,1
8,bcup,71,51,77,1,0.348,0.379,1
8,bcup,71,33,78,1,0.186,0.176,1
8,bcup,71,32,79,1,0.172,0.221,1
8,bcup,71,36,80,1,0.206,0.241,1
8,bcup,71,31,81,1,0.227,0.2,1
8,bcup,71,35,82,1,0.206,0.186,1
8,bcup,71,34,83,1,0.186,0.2,1
8,bcup,71,5,84,1,0,0.219,1
8,bcup,71,2,85,1,0.014,0.174,1
8,bcup,71,6,86,1,0.034,0.184,1
8,bcup,71,3,87,1,0.049,0.259,1
8,bcup,71,4,88,1,0.014,0.198,1
8,bcup,72,85,1,1,0.508,0.421,2
8,bcup,72,90,2,1,0.563,0.387,2
8,bcup,72,86,3,1,0.494,0.387,2
8,bcup,72,89,4,1,0.508,0.342,2
8,bcup,72,87,5,1,0.549,0.366,2
8,bcup,72,88,6,1,0.563,0.417,2
8,bcup,72,74,7,1,0.423,0.251,2
8,bcup,72,78,8,1,0.457,0.281,2
8,bcup,72,73,9,1,0.423,0.217,2
8,bcup,72,75,10,1,0.389,0.251,2
8,bcup,72,77,11,1,0.403,0.231,2
8,bcup,72,76,12,1,0.443,0.231,2
8,bcup,72,98,13,1,0.565,0.111,2
8,bcup,72,99,14,1,0.551,0.156,2
8,bcup,72,97,15,1,0.565,0.136,2
8,bcup,72,101,16,1,0.619,0.186,2
8,bcup,72,102,17,1,0.619,0.121,2
8,bcup,72,100,18,1,0.619,0.156,2
8,bcup,72,69,19,1,0.389,0.045,2
8,bcup,72,72,20,1,0.443,0.024,2
8,bcup,72,67,21,1,0.457,0.075,2
8,bcup,72,70,22,1,0.403,0,2
8,bcup,72,71,23,1,0.423,0.01,2
8,bcup,72,68,24,1,0.403,0.079,2
8,bcup,72,37,25,1,0.296,0.132,2
8,bcup,72,40,26,1,0.241,0.2,2
8,bcup,72,42,27,1,0.241,0.146,2
8,bcup,72,41,28,1,0.296,0.166,2
8,bcup,72,39,29,1,0.261,0.186,2
8,bcup,72,38,30,1,0.296,0.196,2
8,bcup,72,8,31,1,0.065,0.126,2
8,bcup,72,12,32,1,0.085,0.105,2
8,bcup,72,10,33,1,0.03,0.126,2
8,bcup,72,9,34,1,0.045,0.081,2
8,bcup,72,11,35,1,0.065,0.146,2
8,bcup,72,7,36,1,0.065,0.126,2
8,bcup,72,27,37,1,0.15,0.314,2
8,bcup,72,26,38,1,0.13,0.304,2
8,bcup,72,29,39,1,0.17,0.328,2
8,bcup,72,28,40,1,0.13,0.328,2
8,bcup,72,30,41,1,0.164,0.389,2
8,bcup,72,3,42,1,0,0.51,2
8,bcup,72,2,43,1,0.014,0.466,2
8,bcup,72,6,44,1,0.034,0.476,2
8,bcup,72,5,45,1,0.049,0.551,2
8,bcup,72,1,46,1,0.014,0.49,2
8,bcup,72,4,47,1,0.055,0.49,2
8,bcup,72,32,48,1,0.186,0.468,2
8,bcup,72,36,49,1,0.172,0.512,2
8,bcup,72,33,50,1,0.206,0.532,2
8,bcup,72,35,51,1,0.227,0.492,2
8,bcup,72,34,52,1,0.206,0.478,2
8,bcup,72,56,53,1,0.356,0.387,2
8,bcup,72,57,54,1,0.302,0.407,2
8,bcup,72,59,55,1,0.336,0.407,2
8,bcup,72,55,56,1,0.37,0.407,2
8,bcup,72,58,57,1,0.336,0.372,2
8,bcup,72,60,58,1,0.37,0.437,2
8,bcup,72,49,59,1,0.314,0.585,2
8,bcup,72,50,60,1,0.314,0.609,2
8,bcup,72,53,61,1,0.314,0.664,2
8,bcup,72,51,62,1,0.368,0.66,2
8,bcup,72,54,63,1,0.3,0.63,2
8,bcup,72,52,64,1,0.348,0.67,2
8,bcup,72,61,65,1,0.401,0.733,2
8,bcup,72,66,66,1,0.401,0.812,2
8,bcup,72,62,67,1,0.455,0.743,2
8,bcup,72,64,68,1,0.435,0.818,2
8,bcup,72,65,69,1,0.455,0.808,2
8,bcup,72,63,70,1,0.401,0.757,2
8,bcup,72,95,71,1,0.534,0.648,2
8,bcup,72,96,72,1,0.555,0.628,2
8,bcup,72,93,73,1,0.569,0.678,2
8,bcup,72,94,74,1,0.569,0.648,2
8,bcup,72,92,75,1,0.514,0.682,2
8,bcup,72,91,76,1,0.549,0.688,2
8,bcup,72,108,77,1,0.619,0.895,2
8,bcup,72,106,78,1,0.619,0.864,2
8,bcup,72,105,79,1,0.565,0.899,2
8,bcup,72,107,80,1,0.565,0.844,2
8,bcup,72,103,81,1,0.599,0.905,2
8,bcup,72,104,82,1,0.585,0.83,2
8,bcup,72,82,83,1,0.457,0.931,2
8,bcup,72,83,84,1,0.443,0.945,2
8,bcup,72,84,85,1,0.457,0.966,2
8,bcup,73,85,1,1,0.478,0.079,3
8,bcup,73,87,2,1,0.532,0.045,3
8,bcup,73,89,3,1,0.464,0.045,3
8,bcup,73,88,4,1,0.478,0,3
8,bcup,73,86,5,1,0.518,0.024,3
8,bcup,73,90,6,1,0.532,0.075,3
8,bcup,73,110,7,1,0.632,0.17,3
8,bcup,73,111,8,1,0.577,0.15,3
8,bcup,73,113,9,1,0.632,0.136,3
8,bcup,73,114,10,1,0.632,0.2,3
8,bcup,73,109,11,1,0.597,0.19,3
8,bcup,73,112,12,1,0.597,0.17,3
8,bcup,73,143,13,1,0.796,0.209,3
8,bcup,73,140,14,1,0.781,0.134,3
8,bcup,73,141,15,1,0.802,0.148,3
8,bcup,73,144,16,1,0.761,0.202,3
8,bcup,73,139,17,1,0.761,0.123,3
8,bcup,73,142,18,1,0.816,0.168,3
8,bcup,73,116,19,1,0.696,0.332,3
8,bcup,73,119,20,1,0.676,0.322,3
8,bcup,73,120,21,1,0.711,0.407,3
8,bcup,73,118,22,1,0.696,0.366,3
8,bcup,73,117,23,1,0.717,0.346,3
8,bcup,73,93,24,1,0.504,0.306,3
8,bcup,73,94,25,1,0.524,0.285,3
8,bcup,73,92,26,1,0.538,0.336,3
8,bcup,73,91,27,1,0.538,0.306,3
8,bcup,73,95,28,1,0.484,0.34,3
8,bcup,73,96,29,1,0.518,0.346,3
8,bcup,73,108,30,1,0.589,0.553,3
8,bcup,73,106,31,1,0.589,0.522,3
8,bcup,73,105,32,1,0.534,0.557,3
8,bcup,73,107,33,1,0.534,0.502,3
8,bcup,73,103,34,1,0.569,0.563,3
8,bcup,73,104,35,1,0.555,0.488,3
8,bcup,73,133,36,1,0.725,0.514,3
8,bcup,73,137,37,1,0.779,0.589,3
8,bcup,73,135,38,1,0.779,0.559,3
8,bcup,73,136,39,1,0.745,0.579,3
8,bcup,73,138,40,1,0.779,0.524,3
8,bcup,73,134,41,1,0.745,0.559,3
8,bcup,73,81,42,1,0.427,0.589,3
8,bcup,73,80,43,1,0.413,0.603,3
8,bcup,73,84,44,1,0.427,0.623,3
8,bcup,73,83,45,1,0.372,0.603,3
8,bcup,73,82,46,1,0.372,0.658,3
8,bcup,73,64,47,1,0.37,0.391,3
8,bcup,73,65,48,1,0.37,0.47,3
8,bcup,73,62,49,1,0.425,0.401,3
8,bcup,73,66,50,1,0.405,0.476,3
8,bcup,73,61,51,1,0.425,0.466,3
8,bcup,73,63,52,1,0.37,0.415,3
8,bcup,73,47,53,1,0.196,0.512,3
8,bcup,73,45,54,1,0.211,0.468,3
8,bcup,73,48,55,1,0.265,0.478,3
8,bcup,73,46,56,1,0.231,0.512,3
8,bcup,73,43,57,1,0.265,0.512,3
8,bcup,73,44,58,1,0.251,0.492,3
8,bcup,73,23,59,1,0.089,0.366,3
8,bcup,73,20,60,1,0.109,0.346,3
8,bcup,73,24,61,1,0.055,0.366,3
8,bcup,73,21,62,1,0.069,0.322,3
8,bcup,73,22,63,1,0.123,0.397,3
8,bcup,73,19,64,1,0.069,0.401,3
8,bcup,73,18,65,1,0.055,0.532,3
8,bcup,73,13,66,1,0.069,0.553,3
8,bcup,73,14,67,1,0.034,0.518,3
8,bcup,73,16,68,1,0.034,0.573,3
8,bcup,73,15,69,1,0,0.553,3
8,bcup,73,17,70,1,0.069,0.518,3
8,bcup,74,60,1,1,0.326,0.387,4
8,bcup,74,58,2,1,0.271,0.407,4
8,bcup,74,55,3,1,0.306,0.407,4
8,bcup,74,57,4,1,0.34,0.407,4
8,bcup,74,59,5,1,0.306,0.372,4
8,bcup,74,56,6,1,0.34,0.437,4
8,bcup,74,74,7,1,0.393,0.251,4
8,bcup,74,73,8,1,0.427,0.281,4
8,bcup,74,78,9,1,0.393,0.217,4
8,bcup,74,75,10,1,0.358,0.251,4
8,bcup,74,77,11,1,0.372,0.231,4
8,bcup,74,76,12,1,0.413,0.231,4
8,bcup,74,30,13,1,0.119,0.314,4
8,bcup,74,27,14,1,0.099,0.304,4
8,bcup,74,25,15,1,0.14,0.328,4
8,bcup,74,26,16,1,0.099,0.328,4
8,bcup,74,28,17,1,0.134,0.389,4
8,bcup,74,29,18,1,0.154,0.314,4
8,bcup,74,38,19,1,0.265,0.132,4
8,bcup,74,41,20,1,0.211,0.2,4
8,bcup,74,42,21,1,0.211,0.146,4
8,bcup,74,40,22,1,0.265,0.166,4
8,bcup,74,37,23,1,0.231,0.186,4
8,bcup,74,39,24,1,0.265,0.196,4
8,bcup,74,10,25,1,0.034,0.126,4
8,bcup,74,12,26,1,0.055,0.105,4
8,bcup,74,7,27,1,0,0.126,4
8,bcup,74,9,28,1,0.014,0.16,4
8,bcup,74,8,29,1,0.014,0.081,4
8,bcup,74,11,30,1,0.034,0.146,4
8,bcup,74,67,31,1,0.358,0.045,4
8,bcup,74,72,32,1,0.413,0.024,4
8,bcup,74,69,33,1,0.427,0.075,4
8,bcup,74,68,34,1,0.372,0,4
8,bcup,74,71,35,1,0.393,0.01,4
8,bcup,74,70,36,1,0.372,0.079,4
8,bcup,74,98,37,1,0.534,0.111,4
8,bcup,74,99,38,1,0.52,0.156,4
8,bcup,74,97,39,1,0.534,0.136,4
8,bcup,74,101,40,1,0.589,0.121,4
8,bcup,74,102,41,1,0.589,0.156,4
8,bcup,74,100,42,1,0.555,0.156,4
8,bcup,74,89,43,1,0.478,0.421,4
8,bcup,74,86,44,1,0.532,0.387,4
8,bcup,74,90,45,1,0.464,0.387,4
8,bcup,74,85,46,1,0.478,0.342,4
8,bcup,74,87,47,1,0.518,0.366,4
8,bcup,74,88,48,1,0.532,0.417,4
8,bcup,74,121,49,1,0.662,0.312,4
8,bcup,74,122,50,1,0.676,0.291,4
8,bcup,74,126,51,1,0.731,0.312,4
8,bcup,74,124,52,1,0.717,0.291,4
8,bcup,74,123,53,1,0.711,0.352,4
8,bcup,74,125,54,1,0.676,0.267,4
8,bcup,74,132,55,1,0.779,0.15,4
8,bcup,74,129,56,1,0.765,0.099,4
8,bcup,74,128,57,1,0.725,0.075,4
8,bcup,74,127,58,1,0.759,0.16,4
8,bcup,74,130,59,1,0.745,0.14,4
8,bcup,74,131,60,1,0.711,0.119,4
8,bcup,74,112,61,1,0.632,0.512,4
8,bcup,74,110,62,1,0.577,0.492,4
8,bcup,74,114,63,1,0.597,0.512,4
8,bcup,74,111,64,1,0.632,0.478,4
8,bcup,74,109,65,1,0.632,0.543,4
8,bcup,74,113,66,1,0.597,0.532,4
8,bcup,74,144,67,1,0.796,0.551,4
8,bcup,74,142,68,1,0.781,0.476,4
8,bcup,74,143,69,1,0.802,0.49,4
8,bcup,75,49,1,1,0.283,0.51,5
8,bcup,75,50,2,1,0.283,0.534,5
8,bcup,75,53,3,1,0.283,0.589,5
8,bcup,75,51,4,1,0.338,0.585,5
8,bcup,75,54,5,1,0.269,0.555,5
8,bcup,75,52,6,1,0.318,0.595,5
8,bcup,75,33,7,1,0.156,0.393,5
8,bcup,75,32,8,1,0.142,0.437,5
8,bcup,75,36,9,1,0.176,0.457,5
8,bcup,75,31,10,1,0.196,0.417,5
8,bcup,75,35,11,1,0.176,0.403,5
8,bcup,75,34,12,1,0.156,0.417,5
8,bcup,75,23,13,1,0.089,0.634,5
8,bcup,75,24,14,1,0.109,0.613,5
8,bcup,75,19,15,1,0.055,0.634,5
8,bcup,75,21,16,1,0.069,0.589,5
8,bcup,75,22,17,1,0.123,0.664,5
8,bcup,75,20,18,1,0.069,0.668,5
8,bcup,75,45,19,1,0.196,0.779,5
8,bcup,75,48,20,1,0.211,0.735,5
8,bcup,75,47,21,1,0.265,0.745,5
8,bcup,75,46,22,1,0.231,0.779,5
8,bcup,75,43,23,1,0.265,0.779,5
8,bcup,75,44,24,1,0.251,0.759,5
8,bcup,75,18,25,1,0.055,0.8,5
8,bcup,75,13,26,1,0.069,0.82,5
8,bcup,75,15,27,1,0.034,0.785,5
8,bcup,75,17,28,1,0.034,0.84,5
8,bcup,75,16,29,1,0,0.82,5
8,bcup,75,14,30,1,0.069,0.785,5
8,bcup,75,62,31,1,0.37,0.658,5
8,bcup,75,64,32,1,0.37,0.737,5
8,bcup,75,65,33,1,0.425,0.668,5
8,bcup,75,63,34,1,0.405,0.743,5
8,bcup,75,66,35,1,0.425,0.733,5
8,bcup,75,61,36,1,0.37,0.682,5
8,bcup,75,82,37,1,0.427,0.856,5
8,bcup,75,84,38,1,0.413,0.87,5
8,bcup,75,83,39,1,0.427,0.891,5
8,bcup,75,81,40,1,0.372,0.87,5
8,bcup,75,80,41,1,0.372,0.925,5
8,bcup,75,79,42,1,0.393,0.891,5
8,bcup,75,106,43,1,0.589,0.82,5
8,bcup,75,108,44,1,0.589,0.789,5
8,bcup,75,105,45,1,0.534,0.824,5
8,bcup,75,107,46,1,0.534,0.769,5
8,bcup,75,103,47,1,0.569,0.83,5
8,bcup,75,104,48,1,0.555,0.755,5
8,bcup,75,134,49,1,0.725,0.781,5
8,bcup,75,138,50,1,0.779,0.856,5
8,bcup,75,136,51,1,0.779,0.826,5
8,bcup,75,137,52,1,0.745,0.846,5
8,bcup,75,135,53,1,0.779,0.791,5
8,bcup,75,117,54,1,0.696,0.599,5
8,bcup,75,118,55,1,0.676,0.589,5
8,bcup,75,119,56,1,0.711,0.674,5
8,bcup,75,120,57,1,0.696,0.634,5
8,bcup,75,115,58,1,0.717,0.613,5
8,bcup,75,116,59,1,0.731,0.599,5
8,bcup,75,142,60,1,0.796,0.476,5
8,bcup,75,139,61,1,0.781,0.401,5
8,bcup,75,144,62,1,0.802,0.415,5
8,bcup,75,141,63,1,0.761,0.47,5
8,bcup,75,140,64,1,0.761,0.391,5
8,bcup,75,143,65,1,0.816,0.435,5
8,bcup,75,125,66,1,0.662,0.237,5
8,bcup,75,123,67,1,0.676,0.217,5
8,bcup,75,124,68,1,0.731,0.237,5
8,bcup,75,121,69,1,0.717,0.217,5
8,bcup,75,122,70,1,0.711,0.277,5
8,bcup,75,126,71,1,0.676,0.192,5
8,bcup,75,132,72,1,0.779,0.075,5
8,bcup,75,130,73,1,0.765,0.024,5
8,bcup,75,131,74,1,0.725,0,5
8,bcup,75,127,75,1,0.759,0.085,5
8,bcup,75,128,76,1,0.745,0.065,5
8,bcup,75,129,77,1,0.711,0.045,5
8,bcup,75,101,78,1,0.534,0.036,5
8,bcup,75,102,79,1,0.52,0.081,5
8,bcup,76,52,1,1,0.314,0.504,6
8,bcup,76,54,2,1,0.314,0.528,6
8,bcup,76,49,3,1,0.314,0.583,6
8,bcup,76,50,4,1,0.368,0.579,6
8,bcup,76,53,5,1,0.3,0.549,6
8,bcup,76,51,6,1,0.348,0.589,6
8,bcup,76,61,7,1,0.401,0.652,6
8,bcup,76,66,8,1,0.401,0.731,6
8,bcup,76,63,9,1,0.455,0.662,6
8,bcup,76,65,10,1,0.435,0.737,6
8,bcup,76,64,11,1,0.455,0.727,6
8,bcup,76,62,12,1,0.401,0.676,6
8,bcup,76,106,13,1,0.619,0.814,6
8,bcup,76,108,14,1,0.619,0.783,6
8,bcup,76,104,15,1,0.565,0.818,6
8,bcup,76,103,16,1,0.565,0.763,6
8,bcup,76,107,17,1,0.585,0.749,6
8,bcup,76,105,18,1,0.585,0.783,6
8,bcup,76,133,19,1,0.755,0.775,6
8,bcup,76,138,20,1,0.81,0.85,6
8,bcup,76,137,21,1,0.81,0.82,6
8,bcup,76,135,22,1,0.775,0.84,6
8,bcup,76,134,23,1,0.81,0.785,6
8,bcup,76,136,24,1,0.775,0.82,6
8,bcup,76,81,25,1,0.457,0.85,6
8,bcup,76,79,26,1,0.443,0.864,6
8,bcup,76,80,27,1,0.403,0.864,6
8,bcup,76,84,28,1,0.403,0.919,6
8,bcup,76,82,29,1,0.423,0.885,6
8,bcup,76,83,30,1,0.423,0.885,6
8,bcup,76,47,31,1,0.227,0.773,6
8,bcup,76,45,32,1,0.241,0.729,6
8,bcup,76,48,33,1,0.296,0.739,6
8,bcup,76,46,34,1,0.261,0.773,6
8,bcup,76,43,35,1,0.296,0.773,6
8,bcup,76,44,36,1,0.281,0.753,6
8,bcup,76,18,37,1,0.085,0.794,6
8,bcup,76,13,38,1,0.099,0.814,6
8,bcup,76,14,39,1,0.065,0.779,6
8,bcup,76,15,40,1,0.065,0.834,6
8,bcup,76,16,41,1,0.03,0.814,6
8,bcup,76,17,42,1,0.099,0.779,6
8,bcup,76,24,43,1,0.119,0.628,6
8,bcup,76,23,44,1,0.14,0.607,6
8,bcup,76,19,45,1,0.085,0.628,6
8,bcup,76,21,46,1,0.099,0.583,6
8,bcup,76,20,47,1,0.154,0.658,6
8,bcup,76,22,48,1,0.099,0.662,6
8,bcup,76,4,49,1,0,0.429,6
8,bcup,76,1,50,1,0.014,0.385,6
8,bcup,76,5,51,1,0.034,0.395,6
8,bcup,76,2,52,1,0.049,0.47,6
8,bcup,76,3,53,1,0.014,0.409,6
8,bcup,76,6,54,1,0.055,0.409,6
8,bcup,76,29,55,1,0.15,0.233,6
8,bcup,76,28,56,1,0.13,0.223,6
8,bcup,76,26,57,1,0.17,0.247,6
8,bcup,76,25,58,1,0.164,0.308,6
8,bcup,76,27,59,1,0.184,0.233,6
8,bcup,76,30,60,1,0.15,0.267,6
8,bcup,76,10,61,1,0.065,0.045,6
8,bcup,76,12,62,1,0.085,0.024,6
8,bcup,76,7,63,1,0.03,0.045,6
8,bcup,76,9,64,1,0.045,0.079,6
8,bcup,76,8,65,1,0.045,0,6
8,bcup,76,11,66,1,0.065,0.065,6
8,bcup,76,41,67,1,0.296,0.051,6
8,bcup,76,40,68,1,0.241,0.119,6
8,bcup,76,42,69,1,0.241,0.065,6
8,bcup,77,92,1,1,0.504,0.567,7
8,bcup,77,91,2,1,0.524,0.547,7
8,bcup,77,95,3,1,0.538,0.597,7
8,bcup,77,96,4,1,0.538,0.567,7
8,bcup,77,93,5,1,0.484,0.601,7
8,bcup,77,94,6,1,0.518,0.607,7
8,bcup,77,116,7,1,0.696,0.593,7
8,bcup,77,115,8,1,0.676,0.583,7
8,bcup,77,119,9,1,0.711,0.668,7
8,bcup,77,120,10,1,0.696,0.628,7
8,bcup,77,118,11,1,0.717,0.607,7
8,bcup,77,117,12,1,0.731,0.593,7
8,bcup,77,108,13,1,0.589,0.814,7
8,bcup,77,106,14,1,0.589,0.783,7
8,bcup,77,105,15,1,0.534,0.818,7
8,bcup,77,107,16,1,0.534,0.763,7
8,bcup,77,103,17,1,0.569,0.824,7
8,bcup,77,104,18,1,0.555,0.749,7
8,bcup,77,133,19,1,0.725,0.775,7
8,bcup,77,137,20,1,0.779,0.85,7
8,bcup,77,135,21,1,0.779,0.82,7
8,bcup,77,138,22,1,0.745,0.84,7
8,bcup,77,136,23,1,0.779,0.785,7
8,bcup,77,134,24,1,0.745,0.82,7
8,bcup,77,65,25,1,0.37,0.652,7
8,bcup,77,64,26,1,0.37,0.731,7
8,bcup,77,62,27,1,0.425,0.662,7
8,bcup,77,66,28,1,0.405,0.737,7
8,bcup,77,61,29,1,0.425,0.727,7
8,bcup,77,63,30,1,0.37,0.676,7
8,bcup,77,52,31,1,0.283,0.504,7
8,bcup,77,54,32,1,0.283,0.528,7
8,bcup,77,51,33,1,0.283,0.583,7
8,bcup,77,53,34,1,0.338,0.579,7
8,bcup,77,50,35,1,0.269,0.549,7
8,bcup,77,49,36,1,0.318,0.589,7
8,bcup,77,34,37,1,0.156,0.387,7
8,bcup,77,33,38,1,0.142,0.431,7
8,bcup,77,36,39,1,0.176,0.451,7
8,bcup,77,32,40,1,0.196,0.411,7
8,bcup,77,35,41,1,0.156,0.411,7
8,bcup,77,29,42,1,0.119,0.233,7
8,bcup,77,27,43,1,0.099,0.223,7
8,bcup,77,30,44,1,0.14,0.247,7
8,bcup,77,26,45,1,0.099,0.247,7
8,bcup,77,25,46,1,0.134,0.308,7
8,bcup,77,28,47,1,0.154,0.233,7
8,bcup,77,10,48,1,0.034,0.045,7
8,bcup,77,12,49,1,0.055,0.024,7
8,bcup,77,9,50,1,0,0.045,7
8,bcup,77,7,51,1,0.014,0.079,7
8,bcup,77,8,52,1,0.014,0,7
8,bcup,77,11,53,1,0.034,0.065,7
8,bcup,77,39,54,1,0.265,0.051,7
8,bcup,77,40,55,1,0.211,0.119,7
8,bcup,77,38,56,1,0.211,0.065,7
8,bcup,77,41,57,1,0.265,0.085,7
8,bcup,77,42,58,1,0.231,0.105,7
8,bcup,77,76,59,1,0.393,0.17,7
8,bcup,77,77,60,1,0.427,0.2,7
8,bcup,77,74,61,1,0.393,0.136,7
8,bcup,77,75,62,1,0.358,0.17,7
8,bcup,77,78,63,1,0.372,0.15,7
8,bcup,77,88,64,1,0.478,0.34,7
8,bcup,77,87,65,1,0.532,0.306,7
8,bcup,77,89,66,1,0.464,0.306,7
8,bcup,77,86,67,1,0.478,0.261,7
8,bcup,77,90,68,1,0.518,0.285,7
8,bcup,77,85,69,1,0.532,0.336,7
8,bcup,77,110,70,1,0.632,0.431,7
8,bcup,77,111,71,1,0.577,0.411,7
8,bcup,77,114,72,1,0.597,0.431,7
8,bcup,77,109,73,1,0.632,0.397,7
8,bcup,77,112,74,1,0.632,0.462,7
8,bcup,77,113,75,1,0.597,0.451,7
8,bcup,77,143,76,1,0.796,0.47,7
8,bcup,77,140,77,1,0.781,0.395,7
8,bcup,77,141,78,1,0.802,0.409,7
8,bcup,77,144,79,1,0.761,0.464,7
8,bcup,77,139,80,1,0.761,0.385,7
8,bcup,77,142,81,1,0.816,0.429,7
8,bcup,78,60,1,1,0.356,0.387,8
8,bcup,78,58,2,1,0.302,0.407,8
8,bcup,78,55,3,1,0.336,0.407,8
8,bcup,78,59,4,1,0.37,0.407,8
8,bcup,78,57,5,1,0.336,0.372,8
8,bcup,78,56,6,1,0.37,0.437,8
8,bcup,78,76,7,1,0.423,0.251,8
8,bcup,78,77,8,1,0.457,0.281,8
8,bcup,78,73,9,1,0.423,0.217,8
8,bcup,78,75,10,1,0.389,0.251,8
8,bcup,78,78,11,1,0.403,0.231,8
8,bcup,78,74,12,1,0.443,0.231,8
8,bcup,78,72,13,1,0.389,0.045,8
8,bcup,78,68,14,1,0.443,0.024,8
8,bcup,78,71,15,1,0.457,0.075,8
8,bcup,78,69,16,1,0.403,0,8
8,bcup,78,70,17,1,0.423,0.01,8
8,bcup,78,40,18,1,0.296,0.132,8
8,bcup,78,37,19,1,0.241,0.2,8
8,bcup,78,42,20,1,0.241,0.146,8
8,bcup,78,41,21,1,0.296,0.166,8
8,bcup,78,38,22,1,0.261,0.186,8
8,bcup,78,39,23,1,0.296,0.196,8
8,bcup,78,7,24,1,0.065,0.126,8
8,bcup,78,12,25,1,0.085,0.105,8
8,bcup,78,10,26,1,0.03,0.126,8
8,bcup,78,9,27,1,0.045,0.16,8
8,bcup,78,8,28,1,0.045,0.081,8
8,bcup,78,11,29,1,0.065,0.146,8
8,bcup,78,27,30,1,0.15,0.314,8
8,bcup,78,29,31,1,0.13,0.304,8
8,bcup,78,26,32,1,0.17,0.328,8
8,bcup,78,30,33,1,0.13,0.328,8
8,bcup,78,28,34,1,0.164,0.389,8
8,bcup,78,3,35,1,0,0.51,8
8,bcup,78,5,36,1,0.014,0.466,8
8,bcup,78,2,37,1,0.034,0.476,8
8,bcup,78,6,38,1,0.049,0.551,8
8,bcup,78,4,39,1,0.014,0.49,8
8,bcup,78,31,40,1,0.186,0.468,8
8,bcup,78,36,41,1,0.172,0.512,8
8,bcup,78,32,42,1,0.206,0.532,8
8,bcup,78,35,43,1,0.227,0.492,8
8,bcup,78,34,44,1,0.206,0.478,8
8,bcup,78,33,45,1,0.186,0.492,8
8,bcup,78,22,46,1,0.119,0.709,8
8,bcup,78,20,47,1,0.14,0.688,8
8,bcup,78,21,48,1,0.085,0.709,8
8,bcup,78,24,49,1,0.099,0.664,8
8,bcup,78,19,50,1,0.154,0.739,8
8,bcup,78,23,51,1,0.099,0.743,8
8,bcup,78,53,52,1,0.314,0.585,8
8,bcup,78,50,53,1,0.314,0.609,8
8,bcup,78,49,54,1,0.314,0.664,8
8,bcup,78,51,55,1,0.368,0.66,8
8,bcup,78,54,56,1,0.3,0.63,8
8,bcup,78,52,57,1,0.348,0.67,8
8,bcup,78,45,58,1,0.227,0.854,8
8,bcup,78,48,59,1,0.241,0.81,8
8,bcup,78,47,60,1,0.296,0.82,8
8,bcup,78,46,61,1,0.261,0.854,8
8,bcup,78,43,62,1,0.296,0.854,8
8,bcup,78,44,63,1,0.281,0.834,8
8,bcup,78,61,64,1,0.401,0.733,8
8,bcup,78,66,65,1,0.401,0.812,8
8,bcup,78,62,66,1,0.455,0.743,8
8,bcup,78,64,67,1,0.435,0.818,8
8,bcup,78,65,68,1,0.455,0.808,8
8,bcup,78,63,69,1,0.401,0.757,8
8,bcup,78,106,70,1,0.619,0.895,8
8,bcup,78,108,71,1,0.619,0.864,8
8,bcup,78,104,72,1,0.565,0.899,8
8,bcup,78,103,73,1,0.565,0.844,8
8,bcup,78,107,74,1,0.599,0.905,8
8,bcup,78,105,75,1,0.585,0.83,8
8,bcup,78,96,76,1,0.534,0.648,8
8,bcup,78,94,77,1,0.555,0.628,8
8,bcup,78,95,78,1,0.569,0.678,8
8,bcup,78,93,79,1,0.569,0.648,8
8,bcup,79,85,1,1,0.508,0.346,9
8,bcup,79,87,2,1,0.563,0.312,9
8,bcup,79,88,3,1,0.494,0.312,9
8,bcup,79,89,4,1,0.508,0.267,9
8,bcup,79,86,5,1,0.549,0.291,9
8,bcup,79,90,6,1,0.563,0.342,9
8,bcup,79,110,7,1,0.662,0.437,9
8,bcup,79,111,8,1,0.607,0.417,9
8,bcup,79,114,9,1,0.628,0.437,9
8,bcup,79,113,10,1,0.662,0.403,9
8,bcup,79,109,11,1,0.662,0.468,9
8,bcup,79,112,12,1,0.628,0.457,9
8,bcup,79,121,13,1,0.692,0.237,9
8,bcup,79,122,14,1,0.706,0.217,9
8,bcup,79,126,15,1,0.761,0.237,9
8,bcup,79,124,16,1,0.747,0.217,9
8,bcup,79,123,17,1,0.741,0.277,9
8,bcup,79,125,18,1,0.706,0.192,9
8,bcup,79,100,19,1,0.565,0.036,9
8,bcup,79,102,20,1,0.551,0.081,9
8,bcup,79,101,21,1,0.565,0.061,9
8,bcup,79,97,22,1,0.619,0.111,9
8,bcup,79,99,23,1,0.619,0.047,9
8,bcup,79,98,24,1,0.619,0.081,9
8,bcup,79,132,25,1,0.81,0.075,9
8,bcup,79,129,26,1,0.796,0.024,9
8,bcup,79,128,27,1,0.755,0,9
8,bcup,79,131,28,1,0.789,0.085,9
8,bcup,79,130,29,1,0.775,0.065,9
8,bcup,79,127,30,1,0.741,0.045,9
8,bcup,79,78,31,1,0.423,0.176,9
8,bcup,79,75,32,1,0.457,0.206,9
8,bcup,79,77,33,1,0.423,0.142,9
8,bcup,79,76,34,1,0.389,0.176,9
8,bcup,79,42,35,1,0.296,0.057,9
8,bcup,79,40,36,1,0.241,0.126,9
8,bcup,79,41,37,1,0.241,0.071,9
8,bcup,79,38,38,1,0.296,0.091,9
8,bcup,79,39,39,1,0.261,0.111,9
8,bcup,79,10,40,1,0.065,0.051,9
8,bcup,79,12,41,1,0.085,0.03,9
8,bcup,79,7,42,1,0.03,0.051,9
8,bcup,79,9,43,1,0.045,0.085,9
8,bcup,79,8,44,1,0.045,0.006,9
8,bcup,79,11,45,1,0.065,0.071,9
8,bcup,79,29,46,1,0.15,0.239,9
8,bcup,79,27,47,1,0.13,0.229,9
8,bcup,79,28,48,1,0.17,0.253,9
8,bcup,79,30,49,1,0.13,0.253,9
8,bcup,79,4,50,1,0,0.435,9
8,bcup,79,5,51,1,0.014,0.391,9
8,bcup,79,3,52,1,0.034,0.401,9
8,bcup,79,6,53,1,0.049,0.476,9
8,bcup,79,32,54,1,0.186,0.393,9
8,bcup,79,36,55,1,0.172,0.437,9
8,bcup,79,31,56,1,0.206,0.457,9
8,bcup,79,35,57,1,0.227,0.417,9
8,bcup,79,34,58,1,0.206,0.403,9
8,bcup,79,33,59,1,0.186,0.417,9
8,bcup,79,22,60,1,0.119,0.634,9
8,bcup,79,21,61,1,0.14,0.613,9
8,bcup,79,20,62,1,0.085,0.634,9
8,bcup,79,23,63,1,0.099,0.589,9
8,bcup,79,24,64,1,0.154,0.664,9
8,bcup,79,54,65,1,0.314,0.51,9
8,bcup,79,52,66,1,0.314,0.534,9
8,bcup,79,53,67,1,0.314,0.589,9
8,bcup,79,47,68,1,0.227,0.779,9
8,bcup,79,48,69,1,0.241,0.735,9
8,bcup,79,64,70,1,0.401,0.658,9
8,bcup,79,65,71,1,0.401,0.737,9
8,bcup,79,66,72,1,0.455,0.668,9
8,bcup,79,83,73,1,0.457,0.856,9
8,bcup,79,84,74,1,0.443,0.87,9
8,bcup,79,107,75,1,0.619,0.82,9
8,bcup,79,108,76,1,0.619,0.789,9
8,bcup,79,105,77,1,0.565,0.824,9
8,bcup,79,106,78,1,0.565,0.769,9
8,bcup,79,138,79,1,0.755,0.781,9
8,bcup,79,120,80,1,0.727,0.599,9
8,bcup,80,60,1,1,0.356,0.362,10
8,bcup,80,59,2,1,0.302,0.383,10
8,bcup,80,57,3,1,0.336,0.383,10
8,bcup,80,90,4,1,0.508,0.397,10
8,bcup,80,89,5,1,0.563,0.362,10
8,bcup,80,78,6,1,0.423,0.227,10
8,bcup,80,42,7,1,0.296,0.107,10
8,bcup,80,39,8,1,0.241,0.176,10
8,bcup,80,72,9,1,0.389,0.02,10
8,bcup,80,71,10,1,0.443,0,10
8,bcup,80,100,11,1,0.565,0.087,10
8,bcup,80,101,12,1,0.551,0.132,10
8,bcup,80,102,13,1,0.565,0.111,10
8,bcup,80,126,14,1,0.692,0.287,10
8,bcup,80,123,15,1,0.706,0.267,10
8,bcup,80,125,16,1,0.761,0.287,10
8,bcup,80,124,17,1,0.747,0.267,10
8,bcup,80,143,18,1,0.826,0.526,10
8,bcup,80,141,19,1,0.812,0.451,10
8,bcup,80,142,20,1,0.832,0.466,10
8,bcup,80,144,21,1,0.791,0.52,10
8,bcup,80,140,22,1,0.791,0.441,10
8,bcup,80,116,23,1,0.727,0.65,10
8,bcup,80,120,24,1,0.706,0.64,10
8,bcup,80,119,25,1,0.727,0.684,10
8,bcup,80,118,26,1,0.747,0.664,10
8,bcup,80,117,27,1,0.761,0.65,10
8,bcup,80,137,28,1,0.755,0.832,10
8,bcup,80,138,29,1,0.81,0.907,10
8,bcup,80,104,30,1,0.619,0.87,10
8,bcup,80,103,31,1,0.619,0.84,10
8,bcup,80,107,32,1,0.565,0.874,10
8,bcup,80,105,33,1,0.565,0.82,10
8,bcup,80,106,34,1,0.599,0.881,10
8,bcup,80,108,35,1,0.585,0.806,10
8,bcup,80,66,36,1,0.401,0.709,10
8,bcup,80,65,37,1,0.401,0.787,10
8,bcup,80,64,38,1,0.455,0.719,10
8,bcup,80,79,39,1,0.457,0.907,10
8,bcup,80,80,40,1,0.443,0.921,10
8,bcup,80,81,41,1,0.457,0.941,10
8,bcup,80,84,42,1,0.403,0.921,10
8,bcup,80,82,43,1,0.403,0.976,10
8,bcup,80,83,44,1,0.423,0.941,10
8,bcup,80,48,45,1,0.227,0.83,10
8,bcup,80,47,46,1,0.241,0.785,10
8,bcup,80,46,47,1,0.296,0.796,10
8,bcup,80,53,48,1,0.314,0.561,10
8,bcup,80,54,49,1,0.314,0.585,10
8,bcup,80,52,50,1,0.314,0.64,10
8,bcup,80,51,51,1,0.368,0.636,10
8,bcup,80,33,52,1,0.186,0.443,10
8,bcup,80,34,53,1,0.172,0.488,10
8,bcup,80,35,54,1,0.206,0.508,10
8,bcup,80,58,55,1,0.37,0.383,10
8,bcup,80,40,56,1,0.241,0.121,10
8,bcup,80,41,57,1,0.296,0.142,10
8,bcup,80,11,58,1,0.065,0.101,10
8,bcup,80,12,59,1,0.085,0.081,10
8,bcup,80,30,60,1,0.15,0.289,10
8,bcup,80,29,61,1,0.13,0.279,10
8,bcup,80,6,62,1,0,0.486,10
8,bcup,80,5,63,1,0.014,0.441,10
8,bcup,80,36,64,1,0.227,0.468,10
9,bcup,81,54,1,1,0.334,0.281,1
9,bcup,81,52,2,1,0.314,0.296,1
9,bcup,81,53,3,1,0.334,0.316,1
9,bcup,81,65,4,1,0.421,0.484,1
9,bcup,81,64,5,1,0.401,0.498,1
9,bcup,81,63,6,1,0.455,0.429,1
9,bcup,81,61,7,1,0.421,0.429,1
9,bcup,81,62,8,1,0.401,0.419,1
9,bcup,81,66,9,1,0.421,0.464,1
9,bcup,81,106,10,1,0.619,0.516,1
9,bcup,81,108,11,1,0.599,0.591,1
9,bcup,81,105,12,1,0.605,0.53,1
9,bcup,81,103,13,1,0.585,0.516,1
9,bcup,81,107,14,1,0.619,0.581,1
9,bcup,81,104,15,1,0.565,0.53,1
9,bcup,81,84,16,1,0.443,0.632,1
9,bcup,81,80,17,1,0.423,0.617,1
9,bcup,81,79,18,1,0.457,0.682,1
9,bcup,81,82,19,1,0.423,0.672,1
9,bcup,81,83,20,1,0.437,0.692,1
9,bcup,81,81,21,1,0.457,0.617,1
9,bcup,81,44,22,1,0.261,0.561,1
9,bcup,81,46,23,1,0.296,0.571,1
9,bcup,81,43,24,1,0.241,0.52,1
9,bcup,81,48,25,1,0.296,0.506,1
9,bcup,81,45,26,1,0.241,0.496,1
9,bcup,81,47,27,1,0.261,0.506,1
9,bcup,81,24,28,1,0.14,0.374,1
9,bcup,81,19,29,1,0.099,0.35,1
9,bcup,81,22,30,1,0.119,0.36,1
9,bcup,81,23,31,1,0.119,0.395,1
9,bcup,81,21,32,1,0.119,0.415,1
9,bcup,81,20,33,1,0.154,0.425,1
9,bcup,81,18,34,1,0.099,0.611,1
9,bcup,81,15,35,1,0.085,0.561,1
9,bcup,81,14,36,1,0.045,0.536,1
9,bcup,81,17,37,1,0.03,0.581,1
9,bcup,81,16,38,1,0.099,0.547,1
9,bcup,81,2,39,1,0.014,0.152,1
9,bcup,81,4,40,1,0.069,0.196,1
9,bcup,81,6,41,1,0,0.196,1
9,bcup,81,1,42,1,0.055,0.176,1
9,bcup,81,5,43,1,0.014,0.176,1
9,bcup,81,3,44,1,0.034,0.162,1
9,bcup,81,34,45,1,0.186,0.154,1
9,bcup,81,35,46,1,0.172,0.198,1
9,bcup,81,36,47,1,0.206,0.219,1
9,bcup,81,27,48,1,0.184,0,1
9,bcup,81,29,49,1,0.13,0.069,1
9,bcup,81,30,50,1,0.17,0.014,1
9,bcup,81,28,51,1,0.164,0.075,1
9,bcup,82,112,1,1,0.603,0.468,2
9,bcup,82,114,2,1,0.583,0.488,2
9,bcup,82,111,3,1,0.563,0.443,2
9,bcup,82,113,4,1,0.597,0.528,2
9,bcup,82,142,5,1,0.767,0.506,2
9,bcup,82,144,6,1,0.802,0.486,2
9,bcup,82,141,7,1,0.747,0.52,2
9,bcup,82,143,8,1,0.802,0.516,2
9,bcup,82,122,9,1,0.717,0.318,2
9,bcup,82,124,10,1,0.662,0.243,2
9,bcup,82,125,11,1,0.717,0.253,2
9,bcup,82,123,12,1,0.682,0.308,2
9,bcup,82,126,13,1,0.717,0.287,2
9,bcup,82,130,14,1,0.765,0.061,2
9,bcup,82,132,15,1,0.731,0.095,2
9,bcup,82,131,16,1,0.731,0.115,2
9,bcup,82,129,17,1,0.751,0.075,2
9,bcup,82,98,18,1,0.52,0.166,2
9,bcup,82,102,19,1,0.575,0.132,2
9,bcup,82,97,20,1,0.506,0.132,2
9,bcup,82,99,21,1,0.52,0.111,2
9,bcup,82,100,22,1,0.54,0.097,2
9,bcup,82,101,23,1,0.555,0.172,2
9,bcup,82,74,24,1,0.379,0.247,2
9,bcup,82,77,25,1,0.413,0.227,2
9,bcup,82,73,26,1,0.399,0.206,2
9,bcup,82,78,27,1,0.344,0.227,2
9,bcup,82,76,28,1,0.413,0.257,2
9,bcup,82,75,29,1,0.358,0.261,2
9,bcup,82,67,30,1,0.393,0.061,2
9,bcup,82,71,31,1,0.344,0.02,2
9,bcup,82,68,32,1,0.413,0.02,2
9,bcup,82,70,33,1,0.379,0.02,2
9,bcup,82,72,34,1,0.358,0.055,2
9,bcup,82,69,35,1,0.399,0,2
9,bcup,82,40,36,1,0.251,0.172,2
9,bcup,82,37,37,1,0.196,0.097,2
9,bcup,82,42,38,1,0.217,0.142,2
9,bcup,82,41,39,1,0.251,0.142,2
9,bcup,82,38,40,1,0.237,0.121,2
9,bcup,82,39,41,1,0.196,0.176,2
9,bcup,82,28,42,1,0.14,0.289,2
9,bcup,82,30,43,1,0.085,0.358,2
9,bcup,82,29,44,1,0.126,0.304,2
9,bcup,82,11,45,1,0.02,0.067,2
9,bcup,82,12,46,1,0,0.136,2
9,bcup,83,95,1,1,0.534,0.3,3
9,bcup,83,96,2,1,0.514,0.314,3
9,bcup,83,107,3,1,0.619,0.516,3
9,bcup,83,105,4,1,0.599,0.591,3
9,bcup,83,108,5,1,0.605,0.53,3
9,bcup,83,106,6,1,0.585,0.516,3
9,bcup,83,120,7,1,0.761,0.36,3
9,bcup,83,119,8,1,0.747,0.374,3
9,bcup,83,118,9,1,0.727,0.415,3
9,bcup,83,138,10,1,0.796,0.567,3
9,bcup,83,135,11,1,0.81,0.617,3
9,bcup,83,137,12,1,0.741,0.587,3
9,bcup,83,133,13,1,0.755,0.621,3
9,bcup,83,134,14,1,0.775,0.553,3
9,bcup,83,136,15,1,0.755,0.567,3
9,bcup,83,84,16,1,0.443,0.632,3
9,bcup,83,79,17,1,0.423,0.617,3
9,bcup,83,80,18,1,0.457,0.682,3
9,bcup,83,81,19,1,0.423,0.672,3
9,bcup,83,83,20,1,0.437,0.692,3
9,bcup,83,82,21,1,0.457,0.617,3
9,bcup,83,44,22,1,0.261,0.561,3
9,bcup,83,43,23,1,0.296,0.571,3
9,bcup,83,46,24,1,0.241,0.52,3
9,bcup,83,48,25,1,0.296,0.506,3
9,bcup,83,45,26,1,0.241,0.496,3
9,bcup,83,47,27,1,0.261,0.506,3
9,bcup,83,24,28,1,0.14,0.374,3
9,bcup,83,23,29,1,0.099,0.35,3
9,bcup,83,22,30,1,0.119,0.36,3
9,bcup,83,19,31,1,0.119,0.395,3
9,bcup,83,21,32,1,0.119,0.415,3
9,bcup,83,20,33,1,0.154,0.425,3
9,bcup,83,17,34,1,0.099,0.611,3
9,bcup,83,18,35,1,0.085,0.561,3
9,bcup,83,14,36,1,0.045,0.536,3
9,bcup,83,16,37,1,0.03,0.581,3
9,bcup,83,15,38,1,0.099,0.547,3
9,bcup,83,2,39,1,0.014,0.152,3
9,bcup,83,4,40,1,0.069,0.196,3
9,bcup,83,6,41,1,0,0.196,3
9,bcup,83,1,42,1,0.055,0.176,3
9,bcup,83,5,43,1,0.014,0.176,3
9,bcup,83,3,44,1,0.034,0.162,3
9,bcup,83,26,45,1,0.184,0,3
9,bcup,83,28,46,1,0.13,0.069,3
9,bcup,83,30,47,1,0.17,0.014,3
9,bcup,83,27,48,1,0.164,0.075,3
9,bcup,83,29,49,1,0.15,0,3
9,bcup,83,25,50,1,0.184,0.034,3
9,bcup,84,93,1,1,0.294,0.589,4
9,bcup,84,94,2,1,0.273,0.603,4
9,bcup,84,95,3,1,0.294,0.623,4
9,bcup,84,96,4,1,0.259,0.623,4
9,bcup,84,107,5,1,0.379,0.806,4
9,bcup,84,106,6,1,0.358,0.881,4
9,bcup,84,104,7,1,0.364,0.82,4
9,bcup,84,108,8,1,0.344,0.806,4
9,bcup,84,105,9,1,0.379,0.87,4
9,bcup,84,118,10,1,0.52,0.65,4
9,bcup,84,120,11,1,0.506,0.664,4
9,bcup,84,116,12,1,0.486,0.704,4
9,bcup,84,115,13,1,0.451,0.684,4
9,bcup,84,117,14,1,0.5,0.725,4
9,bcup,84,119,15,1,0.466,0.664,4
9,bcup,84,138,16,1,0.555,0.856,4
9,bcup,84,135,17,1,0.569,0.907,4
9,bcup,84,136,18,1,0.5,0.877,4
9,bcup,84,137,19,1,0.514,0.911,4
9,bcup,84,133,20,1,0.534,0.842,4
9,bcup,84,134,21,1,0.514,0.856,4
9,bcup,84,141,22,1,0.571,0.506,4
9,bcup,84,143,23,1,0.605,0.486,4
9,bcup,84,140,24,1,0.551,0.52,4
9,bcup,84,142,25,1,0.605,0.516,4
9,bcup,84,144,26,1,0.571,0.486,4
9,bcup,84,122,27,1,0.52,0.318,4
9,bcup,84,125,28,1,0.466,0.243,4
9,bcup,84,124,29,1,0.52,0.253,4
9,bcup,84,123,30,1,0.486,0.308,4
9,bcup,84,126,31,1,0.52,0.287,4
9,bcup,84,102,32,1,0.324,0.166,4
9,bcup,84,97,33,1,0.379,0.132,4
9,bcup,84,99,34,1,0.31,0.132,4
9,bcup,84,100,35,1,0.324,0.111,4
9,bcup,84,101,36,1,0.344,0.097,4
9,bcup,84,98,37,1,0.358,0.172,4
9,bcup,84,128,38,1,0.569,0.061,4
9,bcup,84,129,39,1,0.534,0.095,4
9,bcup,84,131,40,1,0.534,0.115,4
9,bcup,84,130,41,1,0.555,0.075,4
9,bcup,84,127,42,1,0.569,0.126,4
9,bcup,84,132,43,1,0.514,0.051,4
9,bcup,84,69,44,1,0.196,0.061,4
9,bcup,84,67,45,1,0.148,0.02,4
9,bcup,84,72,46,1,0.217,0.02,4
9,bcup,84,70,47,1,0.182,0.02,4
9,bcup,84,68,48,1,0.162,0.055,4
9,bcup,84,71,49,1,0.202,0,4
9,bcup,84,40,50,1,0.055,0.172,4
9,bcup,84,41,51,1,0,0.097,4
9,bcup,84,38,52,1,0.02,0.142,4
9,bcup,84,39,53,1,0.055,0.142,4
9,bcup,84,42,54,1,0.04,0.121,4
9,bcup,84,37,55,1,0,0.176,4
9,bcup,85,54,1,1,0.334,0.281,5
9,bcup,85,49,2,1,0.314,0.296,5
9,bcup,85,50,3,1,0.334,0.316,5
9,bcup,85,51,4,1,0.314,0.271,5
9,bcup,85,52,5,1,0.348,0.356,5
9,bcup,85,53,6,1,0.368,0.281,5
9,bcup,85,65,7,1,0.421,0.484,5
9,bcup,85,64,8,1,0.401,0.498,5
9,bcup,85,63,9,1,0.455,0.429,5
9,bcup,85,66,10,1,0.421,0.429,5
9,bcup,85,61,11,1,0.401,0.419,5
9,bcup,85,62,12,1,0.421,0.464,5
9,bcup,85,46,13,1,0.261,0.561,5
9,bcup,85,48,14,1,0.296,0.571,5
9,bcup,85,47,15,1,0.241,0.52,5
9,bcup,85,45,16,1,0.296,0.506,5
9,bcup,85,43,17,1,0.241,0.496,5
9,bcup,85,44,18,1,0.261,0.506,5
9,bcup,85,24,19,1,0.14,0.374,5
9,bcup,85,23,20,1,0.099,0.35,5
9,bcup,85,19,21,1,0.119,0.36,5
9,bcup,85,21,22,1,0.119,0.395,5
9,bcup,85,20,23,1,0.119,0.415,5
9,bcup,85,22,24,1,0.154,0.425,5
9,bcup,85,17,25,1,0.099,0.611,5
9,bcup,85,14,26,1,0.085,0.561,5
9,bcup,85,18,27,1,0.045,0.536,5
9,bcup,85,13,28,1,0.03,0.581,5
9,bcup,85,16,29,1,0.099,0.547,5
9,bcup,85,15,30,1,0.099,0.581,5
9,bcup,85,36,31,1,0.186,0.154,5
9,bcup,85,33,32,1,0.172,0.198,5
9,bcup,85,34,33,1,0.206,0.219,5
9,bcup,85,35,34,1,0.241,0.229,5
9,bcup,85,32,35,1,0.241,0.164,5
9,bcup,85,31,36,1,0.221,0.239,5
9,bcup,85,2,37,1,0.014,0.152,5
9,bcup,85,4,38,1,0.069,0.196,5
9,bcup,85,6,39,1,0,0.196,5
9,bcup,85,5,40,1,0.055,0.176,5
9,bcup,85,3,41,1,0.014,0.176,5
9,bcup,85,1,42,1,0.034,0.162,5
9,bcup,85,26,43,1,0.184,0,5
9,bcup,85,28,44,1,0.13,0.069,5
9,bcup,85,30,45,1,0.17,0.014,5
9,bcup,85,27,46,1,0.164,0.075,5
9,bcup,85,29,47,1,0.15,0,5
9,bcup,85,25,48,1,0.184,0.034,5
9,bcup,85,57,49,1,0.37,0.123,5
9,bcup,85,58,50,1,0.35,0.134,5
9,bcup,85,60,51,1,0.302,0.093,5
9,bcup,85,55,52,1,0.316,0.073,5
9,bcup,85,56,53,1,0.356,0.073,5
9,bcup,85,59,54,1,0.316,0.049,5
9,bcup,85,90,55,1,0.543,0.113,5
9,bcup,85,88,56,1,0.528,0.093,5
9,bcup,85,89,57,1,0.563,0.038,5
9,bcup,85,85,58,1,0.508,0.053,5
9,bcup,85,86,59,1,0.528,0.073,5
9,bcup,85,87,60,1,0.494,0.073,5
9,bcup,85,111,61,1,0.648,0.178,5
9,bcup,85,110,62,1,0.628,0.198,5
9,bcup,85,114,63,1,0.607,0.154,5
9,bcup,85,112,64,1,0.642,0.239,5
9,bcup,85,109,65,1,0.662,0.164,5
9,bcup,85,113,66,1,0.607,0.233,5
9,bcup,85,91,67,1,0.534,0.3,5
9,bcup,85,96,68,1,0.514,0.314,5
9,bcup,85,93,69,1,0.534,0.334,5
9,bcup,85,92,70,1,0.5,0.334,5
9,bcup,85,94,71,1,0.549,0.374,5
9,bcup,85,95,72,1,0.555,0.314,5
9,bcup,85,120,73,1,0.761,0.36,5
9,bcup,85,119,74,1,0.747,0.374,5
9,bcup,86,55,1,1,0.326,0.413,6
9,bcup,86,56,2,1,0.306,0.423,6
9,bcup,86,58,3,1,0.257,0.383,6
9,bcup,86,59,4,1,0.271,0.362,6
9,bcup,86,57,5,1,0.312,0.362,6
9,bcup,86,60,6,1,0.271,0.338,6
9,bcup,86,78,7,1,0.379,0.247,6
9,bcup,86,73,8,1,0.413,0.227,6
9,bcup,86,76,9,1,0.399,0.206,6
9,bcup,86,77,10,1,0.344,0.227,6
9,bcup,86,74,11,1,0.413,0.257,6
9,bcup,86,75,12,1,0.358,0.261,6
9,bcup,86,30,13,1,0.14,0.289,6
9,bcup,86,25,14,1,0.085,0.358,6
9,bcup,86,27,15,1,0.126,0.304,6
9,bcup,86,29,16,1,0.119,0.364,6
9,bcup,86,28,17,1,0.105,0.289,6
9,bcup,86,26,18,1,0.14,0.324,6
9,bcup,86,42,19,1,0.251,0.172,6
9,bcup,86,40,20,1,0.196,0.097,6
9,bcup,86,37,21,1,0.217,0.142,6
9,bcup,86,39,22,1,0.251,0.142,6
9,bcup,86,41,23,1,0.237,0.121,6
9,bcup,86,38,24,1,0.196,0.176,6
9,bcup,86,10,25,1,0.02,0.067,6
9,bcup,86,12,26,1,0,0.136,6
9,bcup,86,8,27,1,0,0.081,6
9,bcup,86,11,28,1,0.055,0.132,6
9,bcup,86,9,29,1,0.02,0.101,6
9,bcup,86,7,30,1,0.02,0.121,6
9,bcup,86,68,31,1,0.393,0.061,6
9,bcup,86,71,32,1,0.344,0.02,6
9,bcup,86,70,33,1,0.413,0.02,6
9,bcup,86,69,34,1,0.379,0.02,6
9,bcup,86,72,35,1,0.358,0.055,6
9,bcup,86,67,36,1,0.399,0,6
9,bcup,86,99,37,1,0.52,0.166,6
9,bcup,86,100,38,1,0.575,0.132,6
9,bcup,86,101,39,1,0.506,0.132,6
9,bcup,86,97,40,1,0.52,0.111,6
9,bcup,86,102,41,1,0.54,0.097,6
9,bcup,86,98,42,1,0.555,0.172,6
9,bcup,86,132,43,1,0.765,0.061,6
9,bcup,86,128,44,1,0.731,0.095,6
9,bcup,86,130,45,1,0.731,0.115,6
9,bcup,86,127,46,1,0.751,0.075,6
9,bcup,86,131,47,1,0.765,0.126,6
9,bcup,86,129,48,1,0.711,0.051,6
9,bcup,86,122,49,1,0.717,0.318,6
9,bcup,86,126,50,1,0.662,0.243,6
9,bcup,86,124,51,1,0.717,0.253,6
9,bcup,86,121,52,1,0.682,0.308,6
9,bcup,86,125,53,1,0.717,0.287,6
9,bcup,86,123,54,1,0.648,0.287,6
9,bcup,86,111,55,1,0.603,0.468,6
9,bcup,86,113,56,1,0.583,0.488,6
9,bcup,86,109,57,1,0.563,0.443,6
9,bcup,86,110,58,1,0.597,0.528,6
9,bcup,86,112,59,1,0.617,0.453,6
9,bcup,86,114,60,1,0.563,0.522,6
9,bcup,86,144,61,1,0.767,0.506,6
9,bcup,86,143,62,1,0.802,0.486,6
9,bcup,86,141,63,1,0.747,0.52,6
9,bcup,86,139,64,1,0.802,0.516,6
9,bcup,86,142,65,1,0.767,0.486,6
9,bcup,86,140,66,1,0.747,0.441,6
9,bcup,86,115,67,1,0.717,0.65,6
9,bcup,86,116,68,1,0.702,0.664,6
9,bcup,86,120,69,1,0.682,0.704,6
9,bcup,86,118,70,1,0.648,0.684,6
9,bcup,86,117,71,1,0.696,0.725,6
9,bcup,86,119,72,1,0.662,0.664,6
9,bcup,86,96,73,1,0.49,0.589,6
9,bcup,86,93,74,1,0.47,0.603,6
9,bcup,86,91,75,1,0.49,0.623,6
9,bcup,86,92,76,1,0.455,0.623,6
9,bcup,86,94,77,1,0.504,0.664,6
9,bcup,86,95,78,1,0.51,0.603,6
9,bcup,86,108,79,1,0.575,0.806,6
9,bcup,87,34,1,1,0.186,0.154,7
9,bcup,87,35,2,1,0.172,0.198,7
9,bcup,87,36,3,1,0.206,0.219,7
9,bcup,87,33,4,1,0.241,0.229,7
9,bcup,87,32,5,1,0.241,0.164,7
9,bcup,87,31,6,1,0.221,0.239,7
9,bcup,87,28,7,1,0.184,0,7
9,bcup,87,30,8,1,0.13,0.069,7
9,bcup,87,26,9,1,0.17,0.014,7
9,bcup,87,27,10,1,0.164,0.075,7
9,bcup,87,29,11,1,0.15,0,7
9,bcup,87,25,12,1,0.184,0.034,7
9,bcup,87,2,13,1,0.014,0.152,7
9,bcup,87,6,14,1,0.069,0.196,7
9,bcup,87,4,15,1,0,0.196,7
9,bcup,87,5,16,1,0.055,0.176,7
9,bcup,87,3,17,1,0.014,0.176,7
9,bcup,87,1,18,1,0.034,0.162,7
9,bcup,87,22,19,1,0.14,0.374,7
9,bcup,87,21,20,1,0.099,0.35,7
9,bcup,87,23,21,1,0.119,0.36,7
9,bcup,87,24,22,1,0.119,0.395,7
9,bcup,87,47,23,1,0.261,0.561,7
9,bcup,87,45,24,1,0.296,0.571,7
9,bcup,87,48,25,1,0.241,0.52,7
9,bcup,87,46,26,1,0.296,0.506,7
9,bcup,87,43,27,1,0.241,0.496,7
9,bcup,87,44,28,1,0.261,0.506,7
9,bcup,87,17,29,1,0.099,0.611,7
9,bcup,87,14,30,1,0.085,0.561,7
9,bcup,87,18,31,1,0.045,0.536,7
9,bcup,87,16,32,1,0.03,0.581,7
9,bcup,87,15,33,1,0.099,0.547,7
9,bcup,87,13,34,1,0.099,0.581,7
9,bcup,87,79,35,1,0.443,0.632,7
9,bcup,87,80,36,1,0.423,0.617,7
9,bcup,87,84,37,1,0.457,0.682,7
9,bcup,87,82,38,1,0.423,0.672,7
9,bcup,87,83,39,1,0.437,0.692,7
9,bcup,87,81,40,1,0.457,0.617,7
9,bcup,87,62,41,1,0.421,0.484,7
9,bcup,87,61,42,1,0.401,0.498,7
9,bcup,87,66,43,1,0.455,0.429,7
9,bcup,87,64,44,1,0.421,0.429,7
9,bcup,87,65,45,1,0.401,0.419,7
9,bcup,87,63,46,1,0.421,0.464,7
9,bcup,87,108,47,1,0.619,0.516,7
9,bcup,87,106,48,1,0.599,0.591,7
9,bcup,87,105,49,1,0.605,0.53,7
9,bcup,87,103,50,1,0.585,0.516,7
9,bcup,87,107,51,1,0.619,0.581,7
9,bcup,87,104,52,1,0.565,0.53,7
9,bcup,87,138,53,1,0.796,0.567,7
9,bcup,87,134,54,1,0.81,0.617,7
9,bcup,87,137,55,1,0.741,0.587,7
9,bcup,87,135,56,1,0.755,0.621,7
9,bcup,87,136,57,1,0.775,0.553,7
9,bcup,87,119,58,1,0.761,0.36,7
9,bcup,87,117,59,1,0.747,0.374,7
9,bcup,87,118,60,1,0.727,0.415,7
9,bcup,87,120,61,1,0.692,0.395,7
9,bcup,87,116,62,1,0.741,0.435,7
9,bcup,87,115,63,1,0.706,0.374,7
9,bcup,87,96,64,1,0.534,0.3,7
9,bcup,88,55,1,1,0.37,0.413,8
9,bcup,88,56,2,1,0.35,0.423,8
9,bcup,88,57,3,1,0.302,0.383,8
9,bcup,88,58,4,1,0.316,0.362,8
9,bcup,88,59,5,1,0.356,0.362,8
9,bcup,88,60,6,1,0.316,0.338,8
9,bcup,88,78,7,1,0.423,0.247,8
9,bcup,88,73,8,1,0.457,0.227,8
9,bcup,88,76,9,1,0.443,0.206,8
9,bcup,88,77,10,1,0.389,0.227,8
9,bcup,88,74,11,1,0.457,0.257,8
9,bcup,88,75,12,1,0.403,0.261,8
9,bcup,88,37,13,1,0.296,0.172,8
9,bcup,88,42,14,1,0.241,0.097,8
9,bcup,88,40,15,1,0.261,0.142,8
9,bcup,88,39,16,1,0.296,0.142,8
9,bcup,88,41,17,1,0.281,0.121,8
9,bcup,88,38,18,1,0.241,0.176,8
9,bcup,88,71,19,1,0.437,0.061,8
9,bcup,88,68,20,1,0.389,0.02,8
9,bcup,88,70,21,1,0.457,0.02,8
9,bcup,88,72,22,1,0.423,0.02,8
9,bcup,88,69,23,1,0.403,0.055,8
9,bcup,88,67,24,1,0.443,0,8
9,bcup,88,10,25,1,0.065,0.067,8
9,bcup,88,11,26,1,0.045,0.136,8
9,bcup,88,9,27,1,0.045,0.081,8
9,bcup,88,7,28,1,0.099,0.132,8
9,bcup,88,8,29,1,0.065,0.101,8
9,bcup,88,12,30,1,0.065,0.101,8
9,bcup,88,29,31,1,0.184,0.289,8
9,bcup,88,28,32,1,0.13,0.358,8
9,bcup,88,26,33,1,0.17,0.304,8
9,bcup,88,30,34,1,0.164,0.364,8
9,bcup,88,27,35,1,0.15,0.289,8
9,bcup,88,6,36,1,0.014,0.441,8
9,bcup,88,5,37,1,0.069,0.486,8
9,bcup,88,4,38,1,0,0.486,8
9,bcup,88,2,39,1,0.055,0.466,8
9,bcup,88,3,40,1,0.014,0.466,8
9,bcup,88,32,41,1,0.186,0.443,8
9,bcup,88,35,42,1,0.172,0.488,8
9,bcup,88,36,43,1,0.206,0.508,8
9,bcup,88,34,44,1,0.241,0.518,8
9,bcup,88,33,45,1,0.241,0.453,8
9,bcup,88,22,46,1,0.14,0.664,8
9,bcup,88,23,47,1,0.099,0.64,8
9,bcup,88,21,48,1,0.119,0.65,8
9,bcup,88,24,49,1,0.119,0.684,8
9,bcup,88,15,50,1,0.099,0.901,8
9,bcup,88,17,51,1,0.085,0.85,8
9,bcup,88,18,52,1,0.045,0.826,8
9,bcup,88,13,53,1,0.03,0.87,8
9,bcup,88,16,54,1,0.099,0.836,8
9,bcup,88,14,55,1,0.099,0.87,8
9,bcup,88,45,56,1,0.261,0.85,8
9,bcup,88,47,57,1,0.296,0.86,8
9,bcup,88,48,58,1,0.241,0.81,8
9,bcup,88,46,59,1,0.296,0.796,8
9,bcup,88,44,60,1,0.241,0.785,8
9,bcup,89,86,1,1,0.543,0.383,9
9,bcup,89,89,2,1,0.528,0.362,9
9,bcup,89,90,3,1,0.563,0.308,9
9,bcup,89,88,4,1,0.508,0.322,9
9,bcup,89,87,5,1,0.528,0.342,9
9,bcup,89,126,6,1,0.761,0.298,9
9,bcup,89,125,7,1,0.706,0.223,9
9,bcup,89,124,8,1,0.761,0.233,9
9,bcup,89,123,9,1,0.727,0.287,9
9,bcup,89,102,10,1,0.565,0.146,9
9,bcup,89,97,11,1,0.619,0.111,9
9,bcup,89,99,12,1,0.551,0.111,9
9,bcup,89,100,13,1,0.565,0.091,9
9,bcup,89,101,14,1,0.585,0.077,9
9,bcup,89,98,15,1,0.599,0.152,9
9,bcup,89,129,16,1,0.81,0.04,9
9,bcup,89,131,17,1,0.775,0.075,9
9,bcup,89,128,18,1,0.775,0.095,9
9,bcup,89,130,19,1,0.796,0.055,9
9,bcup,89,127,20,1,0.81,0.105,9
9,bcup,89,132,21,1,0.755,0.03,9
9,bcup,89,70,22,1,0.437,0.04,9
9,bcup,89,72,23,1,0.389,0,9
9,bcup,89,69,24,1,0.457,0,9
9,bcup,89,71,25,1,0.423,0,9
9,bcup,89,68,26,1,0.403,0.034,9
9,bcup,89,74,27,1,0.423,0.227,9
9,bcup,89,77,28,1,0.457,0.206,9
9,bcup,89,78,29,1,0.443,0.186,9
9,bcup,89,73,30,1,0.389,0.206,9
9,bcup,89,76,31,1,0.457,0.237,9
9,bcup,89,75,32,1,0.403,0.241,9
9,bcup,89,40,33,1,0.296,0.152,9
9,bcup,89,41,34,1,0.241,0.077,9
9,bcup,89,39,35,1,0.261,0.121,9
9,bcup,89,38,36,1,0.296,0.121,9
9,bcup,89,42,37,1,0.281,0.101,9
9,bcup,89,25,38,1,0.184,0.269,9
9,bcup,89,30,39,1,0.13,0.338,9
9,bcup,89,27,40,1,0.17,0.283,9
9,bcup,89,29,41,1,0.164,0.344,9
9,bcup,89,28,42,1,0.15,0.269,9
9,bcup,89,26,43,1,0.184,0.304,9
9,bcup,89,10,44,1,0.065,0.047,9
9,bcup,89,12,45,1,0.045,0.115,9
9,bcup,89,8,46,1,0.045,0.061,9
9,bcup,89,9,47,1,0.099,0.111,9
9,bcup,89,11,48,1,0.065,0.101,9
9,bcup,89,7,49,1,0.065,0.081,9
9,bcup,89,6,50,1,0.014,0.421,9
9,bcup,89,1,51,1,0.069,0.466,9
9,bcup,89,5,52,1,0,0.466,9
9,bcup,89,3,53,1,0.055,0.445,9
9,bcup,89,4,54,1,0.014,0.445,9
9,bcup,89,2,55,1,0.034,0.431,9
9,bcup,89,32,56,1,0.186,0.423,9
9,bcup,89,31,57,1,0.172,0.468,9
9,bcup,89,35,58,1,0.206,0.488,9
9,bcup,89,33,59,1,0.241,0.498,9
9,bcup,89,36,60,1,0.241,0.433,9
9,bcup,89,34,61,1,0.221,0.508,9
9,bcup,89,24,62,1,0.14,0.644,9
9,bcup,90,114,1,1,0.648,0.178,10
9,bcup,90,110,2,1,0.628,0.198,10
9,bcup,90,112,3,1,0.607,0.154,10
9,bcup,90,109,4,1,0.642,0.239,10
9,bcup,90,113,5,1,0.662,0.164,10
9,bcup,90,111,6,1,0.607,0.233,10
9,bcup,90,141,7,1,0.812,0.217,10
9,bcup,90,140,8,1,0.846,0.196,10
9,bcup,90,142,9,1,0.791,0.231,10
9,bcup,90,139,10,1,0.846,0.227,10
9,bcup,90,143,11,1,0.812,0.196,10
9,bcup,90,144,12,1,0.791,0.152,10
9,bcup,90,115,13,1,0.761,0.36,10
9,bcup,90,116,14,1,0.747,0.374,10
9,bcup,90,117,15,1,0.727,0.415,10
9,bcup,90,120,16,1,0.692,0.395,10
9,bcup,90,118,17,1,0.741,0.435,10
9,bcup,90,119,18,1,0.706,0.374,10
9,bcup,90,96,19,1,0.534,0.3,10
9,bcup,90,91,20,1,0.514,0.314,10
9,bcup,90,92,21,1,0.534,0.334,10
9,bcup,90,93,22,1,0.5,0.334,10
9,bcup,90,94,23,1,0.549,0.374,10
9,bcup,90,95,24,1,0.555,0.314,10
9,bcup,90,103,25,1,0.619,0.516,10
9,bcup,90,105,26,1,0.599,0.591,10
9,bcup,90,106,27,1,0.605,0.53,10
9,bcup,90,108,28,1,0.585,0.516,10
9,bcup,90,107,29,1,0.619,0.581,10
9,bcup,90,104,30,1,0.565,0.53,10
9,bcup,90,138,31,1,0.796,0.567,10
9,bcup,90,135,32,1,0.81,0.617,10
9,bcup,90,136,33,1,0.741,0.587,10
9,bcup,90,137,34,1,0.755,0.621,10
9,bcup,90,133,35,1,0.775,0.553,10
9,bcup,90,134,36,1,0.755,0.567,10
9,bcup,90,81,37,1,0.443,0.632,10
9,bcup,90,83,38,1,0.423,0.617,10
9,bcup,90,82,39,1,0.457,0.682,10
9,bcup,90,79,40,1,0.423,0.672,10
9,bcup,90,84,41,1,0.437,0.692,10
9,bcup,90,80,42,1,0.457,0.617,10
9,bcup,90,45,43,1,0.261,0.561,10
9,bcup,90,44,44,1,0.296,0.571,10
9,bcup,90,47,45,1,0.241,0.52,10
9,bcup,90,48,46,1,0.296,0.506,10
9,bcup,90,46,47,1,0.241,0.496,10
9,bcup,90,18,48,1,0.099,0.611,10
9,bcup,90,17,49,1,0.085,0.561,10
9,bcup,90,13,50,1,0.045,0.536,10
9,bcup,90,14,51,1,0.03,0.581,10
9,bcup,90,16,52,1,0.099,0.547,10
9,bcup,90,15,53,1,0.099,0.581,10
9,bcup,90,22,54,1,0.14,0.374,10
9,bcup,90,23,55,1,0.099,0.35,10
9,bcup,90,24,56,1,0.119,0.36,10
9,bcup,90,19,57,1,0.119,0.395,10
9,bcup,90,21,58,1,0.119,0.415,10
9,bcup,90,20,59,1,0.154,0.425,10
9,bcup,90,32,60,1,0.186,0.154,10
9,bcup,90,33,61,1,0.172,0.198,10
9,bcup,90,36,62,1,0.206,0.219,10
9,bcup,90,34,63,1,0.241,0.229,10
9,bcup,90,35,64,1,0.241,0.164,10
9,bcup,90,31,65,1,0.221,0.239,10
9,bcup,90,2,66,1,0.014,0.152,10
9,bcup,90,4,67,1,0.069,0.196,10
9,bcup,90,6,68,1,0,0.196,10
9,bcup,90,1,69,1,0.055,0.176,10
9,bcup,90,5,70,1,0.014,0.176,10
9,bcup,90,3,71,1,0.034,0.162,10
9,bcup,90,29,72,1,0.184,0,10
9,bcup,90,30,73,1,0.13,0.069,10
10,bcup,91,96,1,1,0.328,0.01,1
10,bcup,91,92,2,1,0.294,0.01,1
10,bcup,91,91,3,1,0.259,0.045,1
10,bcup,91,94,4,1,0.273,0.079,1
10,bcup,91,93,5,1,0.308,0.085,1
10,bcup,91,95,6,1,0.273,0,1
10,bcup,91,64,7,1,0.18,0.174,1
10,bcup,91,62,8,1,0.2,0.154,1
10,bcup,91,66,9,1,0.215,0.14,1
10,bcup,91,65,10,1,0.215,0.204,1
10,bcup,91,63,11,1,0.18,0.14,1
10,bcup,91,46,12,1,0.055,0.217,1
10,bcup,91,48,13,1,0.02,0.251,1
10,bcup,91,47,14,1,0,0.206,1
10,bcup,91,80,15,1,0.182,0.328,1
10,bcup,91,79,16,1,0.162,0.318,1
10,bcup,91,84,17,1,0.162,0.397,1
10,bcup,91,83,18,1,0.202,0.342,1
10,bcup,91,82,19,1,0.182,0.362,1
10,bcup,91,81,20,1,0.217,0.328,1
10,bcup,91,108,21,1,0.344,0.227,1
10,bcup,91,103,22,1,0.379,0.227,1
10,bcup,91,104,23,1,0.344,0.261,1
10,bcup,91,106,24,1,0.379,0.261,1
10,bcup,91,105,25,1,0.358,0.302,1
10,bcup,91,107,26,1,0.324,0.217,1
10,bcup,91,136,27,1,0.549,0.338,1
10,bcup,91,137,28,1,0.569,0.263,1
10,bcup,91,138,29,1,0.569,0.328,1
10,bcup,92,59,1,1,0.285,0.342,2
10,bcup,92,60,2,1,0.32,0.403,2
10,bcup,92,57,3,1,0.34,0.393,2
10,bcup,92,58,4,1,0.34,0.362,2
10,bcup,92,35,5,1,0.156,0.423,2
10,bcup,92,34,6,1,0.156,0.447,2
10,bcup,92,36,7,1,0.176,0.468,2
10,bcup,92,33,8,1,0.211,0.498,2
10,bcup,92,25,9,1,0.154,0.334,2
10,bcup,92,30,10,1,0.085,0.304,2
10,bcup,92,26,11,1,0.154,0.269,2
10,bcup,92,29,12,1,0.14,0.283,2
10,bcup,92,27,13,1,0.099,0.259,2
10,bcup,92,28,14,1,0.134,0.344,2
10,bcup,92,8,15,1,0.049,0.121,2
10,bcup,92,9,16,1,0,0.081,2
10,bcup,92,10,17,1,0.014,0.036,2
10,bcup,92,11,18,1,0.055,0.061,2
10,bcup,92,12,19,1,0.069,0.047,2
10,bcup,92,42,20,1,0.265,0.121,2
10,bcup,92,38,21,1,0.265,0.087,2
10,bcup,92,37,22,1,0.265,0.152,2
10,bcup,92,39,23,1,0.245,0.162,2
10,bcup,92,40,24,1,0.231,0.087,2
10,bcup,92,41,25,1,0.211,0.077,2
10,bcup,92,72,26,1,0.427,0,2
10,bcup,92,71,27,1,0.427,0.03,2
10,bcup,93,23,1,1,0.089,0.209,3
10,bcup,93,22,2,1,0.103,0.283,3
10,bcup,93,20,3,1,0.109,0.223,3
10,bcup,93,24,4,1,0.069,0.277,3
10,bcup,93,19,5,1,0.123,0.209,3
10,bcup,93,21,6,1,0.069,0.198,3
10,bcup,93,45,7,1,0.265,0.354,3
10,bcup,93,46,8,1,0.231,0.389,3
10,bcup,93,43,9,1,0.211,0.344,3
10,bcup,93,44,10,1,0.231,0.354,3
10,bcup,93,47,11,1,0.231,0.409,3
10,bcup,93,48,12,1,0.265,0.389,3
10,bcup,93,15,13,1,0.014,0.409,3
10,bcup,93,17,14,1,0.014,0.385,3
10,bcup,93,16,15,1,0.034,0.395,3
10,bcup,93,18,16,1,0,0.429,3
10,bcup,93,13,17,1,0.034,0.429,3
10,bcup,93,14,18,1,0.069,0.46,3
10,bcup,93,81,19,1,0.393,0.466,3
10,bcup,93,80,20,1,0.372,0.455,3
10,bcup,93,79,21,1,0.372,0.534,3
10,bcup,93,83,22,1,0.413,0.48,3
10,bcup,93,82,23,1,0.393,0.5,3
10,bcup,93,84,24,1,0.427,0.466,3
10,bcup,93,142,25,1,0.781,0.065,3
10,bcup,93,144,26,1,0.796,0.085,3
10,bcup,93,141,27,1,0.761,0,3
10,bcup,93,140,28,1,0.747,0.045,3
10,bcup,93,143,29,1,0.816,0.01,3
10,bcup,94,75,1,1,0.168,0.186,4
10,bcup,94,77,2,1,0.182,0.172,4
10,bcup,94,76,3,1,0.162,0.247,4
10,bcup,94,74,4,1,0.182,0.237,4
10,bcup,94,73,5,1,0.182,0.206,4
10,bcup,94,78,6,1,0.148,0.172,4
10,bcup,94,102,7,1,0.33,0.091,4
10,bcup,94,101,8,1,0.289,0.067,4
10,bcup,94,98,9,1,0.344,0.077,4
10,bcup,94,99,10,1,0.324,0.152,4
10,bcup,94,100,11,1,0.275,0.111,4
10,bcup,94,126,12,1,0.451,0.287,4
10,bcup,94,125,13,1,0.486,0.298,4
10,bcup,94,124,14,1,0.472,0.247,4
10,bcup,94,123,15,1,0.486,0.233,4
10,bcup,94,122,16,1,0.451,0.233,4
10,bcup,94,127,17,1,0.48,0.109,4
10,bcup,94,128,18,1,0.5,0.095,4
10,bcup,94,131,19,1,0.534,0.04,4
10,bcup,94,130,20,1,0.48,0.03,4
10,bcup,94,132,21,1,0.48,0.055,4
10,bcup,94,129,22,1,0.52,0.055,4
10,bcup,94,70,23,1,0.182,0,4
10,bcup,94,68,24,1,0.182,0.03,4
10,bcup,94,72,25,1,0.148,0,4
10,bcup,94,69,26,1,0.162,0.04,4
10,bcup,94,71,27,1,0.113,0,4
10,bcup,94,39,28,1,0.02,0.121,4
10,bcup,94,40,29,1,0.02,0.087,4
10,bcup,94,41,30,1,0.02,0.152,4
10,bcup,94,42,31,1,0,0.162,4
10,bcup,95,35,1,1,0.186,0.457,5
10,bcup,95,34,2,1,0.186,0.482,5
10,bcup,95,33,3,1,0.206,0.502,5
10,bcup,95,36,4,1,0.241,0.532,5
10,bcup,95,32,5,1,0.241,0.468,5
10,bcup,95,26,6,1,0.184,0.368,5
10,bcup,95,29,7,1,0.115,0.338,5
10,bcup,95,28,8,1,0.184,0.304,5
10,bcup,95,27,9,1,0.17,0.318,5
10,bcup,95,30,10,1,0.13,0.294,5
10,bcup,95,3,11,1,0,0.5,5
10,bcup,95,4,12,1,0.034,0.52,5
10,bcup,95,2,13,1,0.069,0.466,5
10,bcup,95,6,14,1,0.034,0.5,5
10,bcup,95,1,15,1,0.014,0.48,5
10,bcup,95,5,16,1,0.014,0.534,5
10,bcup,95,7,17,1,0.079,0.156,5
10,bcup,95,8,18,1,0.03,0.115,5
10,bcup,95,9,19,1,0.045,0.071,5
10,bcup,95,10,20,1,0.085,0.095,5
10,bcup,95,11,21,1,0.099,0.081,5
10,bcup,95,12,22,1,0.065,0.136,5
10,bcup,95,42,23,1,0.296,0.156,5
10,bcup,95,41,24,1,0.296,0.121,5
10,bcup,95,38,25,1,0.296,0.186,5
10,bcup,95,37,26,1,0.275,0.196,5
10,bcup,95,39,27,1,0.261,0.121,5
10,bcup,95,40,28,1,0.241,0.111,5
10,bcup,95,71,29,1,0.457,0.034,5
10,bcup,95,70,30,1,0.457,0.065,5
10,bcup,95,68,31,1,0.423,0.034,5
10,bcup,95,67,32,1,0.437,0.075,5
10,bcup,95,69,33,1,0.389,0.034,5
10,bcup,95,72,34,1,0.457,0,5
10,bcup,95,101,35,1,0.605,0.126,5
10,bcup,95,102,36,1,0.565,0.101,5
10,bcup,95,100,37,1,0.619,0.111,5
10,bcup,95,99,38,1,0.599,0.186,5
10,bcup,96,66,1,1,0.421,0.31,6
10,bcup,96,65,2,1,0.441,0.289,6
10,bcup,96,43,3,1,0.296,0.352,6
10,bcup,96,46,4,1,0.261,0.387,6
10,bcup,96,48,5,1,0.241,0.342,6
10,bcup,96,45,6,1,0.261,0.352,6
10,bcup,96,44,7,1,0.261,0.407,6
10,bcup,96,47,8,1,0.296,0.387,6
10,bcup,96,15,9,1,0.045,0.407,6
10,bcup,96,14,10,1,0.045,0.383,6
10,bcup,96,13,11,1,0.065,0.393,6
10,bcup,96,16,12,1,0.03,0.427,6
10,bcup,96,17,13,1,0.065,0.427,6
10,bcup,96,18,14,1,0.099,0.457,6
10,bcup,96,22,15,1,0.119,0.206,6
10,bcup,96,20,16,1,0.134,0.281,6
10,bcup,96,21,17,1,0.099,0.275,6
10,bcup,96,23,18,1,0.154,0.206,6
10,bcup,96,19,19,1,0.099,0.196,6
10,bcup,96,24,20,1,0.119,0.241,6
10,bcup,96,6,21,1,0,0.043,6
10,bcup,96,3,22,1,0.034,0.063,6
10,bcup,96,4,23,1,0.069,0.008,6
10,bcup,96,5,24,1,0.034,0.043,6
10,bcup,96,36,25,1,0.186,0,6
10,bcup,96,33,26,1,0.186,0.024,6
10,bcup,96,32,27,1,0.206,0.045,6
10,bcup,96,34,28,1,0.241,0.075,6
10,bcup,96,35,29,1,0.241,0.01,6
10,bcup,97,110,1,1,0.083,0.381,7
10,bcup,97,112,2,1,0.043,0.381,7
10,bcup,97,111,3,1,0.063,0.366,7
10,bcup,97,109,4,1,0.043,0.435,7
10,bcup,97,114,5,1,0.097,0.401,7
10,bcup,97,113,6,1,0.097,0.366,7
10,bcup,97,118,7,1,0.142,0.577,7
10,bcup,97,116,8,1,0.142,0.632,7
10,bcup,97,120,9,1,0.128,0.597,7
10,bcup,97,119,10,1,0.142,0.553,7
10,bcup,97,117,11,1,0.196,0.563,7
10,bcup,97,115,12,1,0.162,0.597,7
10,bcup,97,142,13,1,0.247,0.419,7
10,bcup,97,144,14,1,0.261,0.439,7
10,bcup,97,141,15,1,0.227,0.354,7
10,bcup,97,139,16,1,0.213,0.399,7
10,bcup,97,143,17,1,0.227,0.379,7
10,bcup,97,140,18,1,0.247,0.399,7
10,bcup,97,126,19,1,0.162,0.221,7
10,bcup,97,125,20,1,0.196,0.231,7
10,bcup,97,123,21,1,0.182,0.18,7
10,bcup,97,124,22,1,0.196,0.166,7
10,bcup,97,122,23,1,0.162,0.166,7
10,bcup,97,121,24,1,0.142,0.18,7
10,bcup,97,101,25,1,0.04,0.024,7
10,bcup,97,102,26,1,0,0,7
10,bcup,98,96,1,1,0.182,0.083,8
10,bcup,98,92,2,1,0.148,0.083,8
10,bcup,98,93,3,1,0.113,0.117,8
10,bcup,98,91,4,1,0.128,0.152,8
10,bcup,98,95,5,1,0.162,0.158,8
10,bcup,98,94,6,1,0.128,0.073,8
10,bcup,98,63,7,1,0.034,0.247,8
10,bcup,98,62,8,1,0.055,0.227,8
10,bcup,98,65,9,1,0.069,0.213,8
10,bcup,98,61,10,1,0.069,0.277,8
10,bcup,98,66,11,1,0.034,0.213,8
10,bcup,98,64,12,1,0,0.247,8
10,bcup,98,108,13,1,0.198,0.3,8
10,bcup,98,104,14,1,0.233,0.3,8
10,bcup,98,105,15,1,0.198,0.334,8
10,bcup,98,106,16,1,0.233,0.334,8
10,bcup,98,107,17,1,0.213,0.374,8
10,bcup,98,135,18,1,0.403,0.411,8
10,bcup,98,137,19,1,0.423,0.336,8
10,bcup,98,136,20,1,0.423,0.401,8
10,bcup,98,134,21,1,0.423,0.37,8
10,bcup,98,138,22,1,0.389,0.37,8
10,bcup,98,118,23,1,0.32,0.158,8
10,bcup,98,119,24,1,0.32,0.213,8
10,bcup,98,120,25,1,0.306,0.178,8
10,bcup,98,144,26,1,0.425,0,8
10,bcup,99,57,1,1,0.316,0.306,9
10,bcup,99,58,2,1,0.35,0.366,9
10,bcup,99,60,3,1,0.37,0.356,9
10,bcup,99,59,4,1,0.37,0.326,9
10,bcup,99,56,5,1,0.316,0.36,9
10,bcup,99,75,6,1,0.443,0.15,9
10,bcup,99,76,7,1,0.457,0.136,9
10,bcup,99,77,8,1,0.437,0.211,9
10,bcup,99,73,9,1,0.457,0.2,9
10,bcup,99,74,10,1,0.457,0.17,9
10,bcup,99,78,11,1,0.423,0.136,9
10,bcup,99,40,12,1,0.296,0.085,9
10,bcup,99,39,13,1,0.296,0.051,9
10,bcup,99,37,14,1,0.296,0.115,9
10,bcup,99,38,15,1,0.275,0.126,9
10,bcup,99,41,16,1,0.261,0.051,9
10,bcup,99,42,17,1,0.241,0.04,9
10,bcup,99,7,18,1,0.079,0.085,9
10,bcup,99,12,19,1,0.03,0.045,9
10,bcup,99,11,20,1,0.045,0,9
10,bcup,99,10,21,1,0.085,0.024,9
10,bcup,99,8,22,1,0.099,0.01,9
10,bcup,99,9,23,1,0.065,0.065,9
10,bcup,99,30,24,1,0.184,0.298,9
10,bcup,99,29,25,1,0.115,0.267,9
10,bcup,99,28,26,1,0.184,0.233,9
10,bcup,99,3,27,1,0,0.429,9
10,bcup,99,5,28,1,0.034,0.449,9
10,bcup,99,1,29,1,0.069,0.395,9
10,bcup,99,4,30,1,0.034,0.429,9
10,bcup,99,2,31,1,0.014,0.409,9
10,bcup,99,6,32,1,0.014,0.464,9
10,bcup,99,31,33,1,0.186,0.387,9
10,bcup,99,32,34,1,0.186,0.411,9
10,bcup,99,36,35,1,0.206,0.431,9
10,bcup,99,33,36,1,0.241,0.462,9
10,bcup,99,35,37,1,0.241,0.397,9
10,bcup,99,34,38,1,0.172,0.431,9
10,bcup,100,50,1,1,0.304,0.085,10
10,bcup,100,53,2,1,0.324,0.01,10
10,bcup,100,49,3,1,0.289,0.065,10
10,bcup,100,51,4,1,0.269,0.024,10
10,bcup,100,52,5,1,0.324,0.075,10
10,bcup,100,54,6,1,0.269,0,10
10,bcup,100,64,7,1,0.377,0.192,10
10,bcup,100,63,8,1,0.397,0.172,10
10,bcup,100,62,9,1,0.411,0.158,10
10,bcup,100,66,10,1,0.411,0.223,10
10,bcup,100,65,11,1,0.377,0.158,10
10,bcup,100,45,12,1,0.251,0.235,10
10,bcup,100,46,13,1,0.217,0.269,10
10,bcup,100,48,14,1,0.196,0.225,10
10,bcup,100,47,15,1,0.217,0.235,10
10,bcup,100,22,16,1,0.075,0.089,10
10,bcup,100,24,17,1,0.089,0.164,10
10,bcup,100,21,18,1,0.095,0.103,10
10,bcup,100,23,19,1,0.055,0.158,10
10,bcup,100,18,20,1,0,0.289,10
10,bcup,100,17,21,1,0,0.265,10
10,bcup,100,84,22,1,0.379,0.346,10
10,bcup,100,108,23,1,0.54,0.245,10
10,bcup,100,103,24,1,0.575,0.245,10
10,bcup,100,104,25,1,0.54,0.279,10
10,bcup,100,106,26,1,0.575,0.279,10
10,bcup,100,105,27,1,0.555,0.32,10
10,bcup,100,107,28,1,0.52,0.235,10
11,bcup,101,51,1,1,0.354,0.117,1
11,bcup,101,53,2,1,0.354,0.148,1
11,bcup,101,52,3,1,0.3,0.152,1
11,bcup,101,54,4,1,0.3,0.097,1
11,bcup,101,24,5,1,0.105,0.217,1
11,bcup,101,22,6,1,0.085,0.152,1
11,bcup,101,23,7,1,0.119,0.237,1
11,bcup,101,5,8,1,0.02,0.018,1
11,bcup,101,6,9,1,0,0.032,1
11,bcup,101,35,10,1,0.227,0,1
11,bcup,101,36,11,1,0.172,0.034,1
11,bcup,102,60,1,1,0.302,0.362,2
11,bcup,102,59,2,1,0.302,0.338,2
11,bcup,102,88,3,1,0.494,0.318,2
11,bcup,102,89,4,1,0.48,0.362,2
11,bcup,102,90,5,1,0.514,0.328,2
11,bcup,102,102,6,1,0.605,0.132,2
11,bcup,102,100,7,1,0.605,0.097,2
11,bcup,102,101,8,1,0.585,0.172,2
11,bcup,102,71,9,1,0.389,0,2
11,bcup,102,70,10,1,0.443,0.02,2
11,bcup,102,72,11,1,0.423,0.061,2
11,bcup,102,69,12,1,0.443,0.051,2
11,bcup,102,77,13,1,0.409,0.227,2
11,bcup,102,74,14,1,0.443,0.192,2
11,bcup,102,78,15,1,0.389,0.261,2
11,bcup,102,76,16,1,0.423,0.267,2
11,bcup,102,75,17,1,0.389,0.182,2
11,bcup,102,39,18,1,0.281,0.172,2
11,bcup,102,41,19,1,0.267,0.121,2
11,bcup,102,40,20,1,0.247,0.162,2
11,bcup,102,42,21,1,0.247,0.142,2
11,bcup,102,27,22,1,0.17,0.289,2
11,bcup,102,28,23,1,0.136,0.324,2
11,bcup,102,30,24,1,0.115,0.304,2
11,bcup,102,29,25,1,0.115,0.358,2
11,bcup,102,11,26,1,0.051,0.101,2
11,bcup,102,9,27,1,0.085,0.101,2
11,bcup,102,10,28,1,0.085,0.067,2
11,bcup,102,12,29,1,0.03,0.057,2
11,bcup,102,6,30,1,0.02,0.506,2
11,bcup,102,5,31,1,0,0.52,2
11,bcup,103,96,1,1,0.455,0.034,3
11,bcup,103,94,2,1,0.49,0,3
11,bcup,103,95,3,1,0.47,0.014,3
11,bcup,103,117,4,1,0.662,0.075,3
11,bcup,103,118,5,1,0.662,0.051,3
11,bcup,103,120,6,1,0.682,0.115,3
11,bcup,103,119,7,1,0.717,0.061,3
11,bcup,103,107,8,1,0.52,0.285,3
11,bcup,103,106,9,1,0.52,0.231,3
11,bcup,103,108,10,1,0.561,0.231,3
11,bcup,103,105,11,1,0.555,0.291,3
11,bcup,103,138,12,1,0.731,0.287,3
11,bcup,103,137,13,1,0.765,0.253,3
11,bcup,103,136,14,1,0.745,0.328,3
11,bcup,103,82,15,1,0.413,0.352,3
11,bcup,103,84,16,1,0.393,0.393,3
11,bcup,103,83,17,1,0.358,0.308,3
11,bcup,103,66,18,1,0.377,0.164,3
11,bcup,103,65,19,1,0.356,0.144,3
11,bcup,103,64,20,1,0.377,0.13,3
11,bcup,103,48,21,1,0.217,0.241,3
11,bcup,103,46,22,1,0.217,0.206,3
11,bcup,103,44,23,1,0.231,0.281,3
11,bcup,103,47,24,1,0.182,0.241,3
11,bcup,103,45,25,1,0.251,0.241,3
11,bcup,103,16,26,1,0.04,0.261,3
11,bcup,103,15,27,1,0.034,0.322,3
11,bcup,103,17,28,1,0.02,0.281,3
11,bcup,103,18,29,1,0,0.261,3
11,bcup,104,34,1,1,0.227,0.488,4
11,bcup,104,36,2,1,0.172,0.522,4
11,bcup,104,35,3,1,0.227,0.453,4
11,bcup,104,6,4,1,0.02,0.506,4
11,bcup,104,4,5,1,0,0.52,4
11,bcup,104,5,6,1,0,0.466,4
11,bcup,104,29,7,1,0.17,0.289,4
11,bcup,104,28,8,1,0.136,0.324,4
11,bcup,104,30,9,1,0.115,0.304,4
11,bcup,104,27,10,1,0.115,0.358,4
11,bcup,104,10,11,1,0.051,0.101,4
11,bcup,104,12,12,1,0.085,0.101,4
11,bcup,104,11,13,1,0.085,0.067,4
11,bcup,104,42,14,1,0.281,0.172,4
11,bcup,104,41,15,1,0.267,0.121,4
11,bcup,104,39,16,1,0.247,0.162,4
11,bcup,104,40,17,1,0.247,0.142,4
11,bcup,104,69,18,1,0.389,0,4
11,bcup,104,71,19,1,0.443,0.02,4
11,bcup,104,72,20,1,0.423,0.061,4
11,bcup,104,70,21,1,0.443,0.051,4
11,bcup,104,77,22,1,0.409,0.227,4
11,bcup,104,75,23,1,0.443,0.192,4
11,bcup,104,78,24,1,0.389,0.261,4
11,bcup,104,76,25,1,0.423,0.267,4
11,bcup,104,102,26,1,0.605,0.132,4
11,bcup,104,101,27,1,0.605,0.097,4
11,bcup,104,99,28,1,0.585,0.172,4
11,bcup,104,100,29,1,0.551,0.111,4
11,bcup,104,132,30,1,0.761,0.061,4
11,bcup,105,96,1,1,0.097,0.623,5
11,bcup,105,95,2,1,0.132,0.589,5
11,bcup,105,94,3,1,0.111,0.603,5
11,bcup,105,93,4,1,0.152,0.603,5
11,bcup,105,111,5,1,0.19,0.488,5
11,bcup,105,113,6,1,0.245,0.468,5
11,bcup,105,112,7,1,0.239,0.528,5
11,bcup,105,114,8,1,0.204,0.443,5
11,bcup,105,90,9,1,0.105,0.318,5
11,bcup,105,88,10,1,0.091,0.362,5
11,bcup,105,87,11,1,0.126,0.328,5
11,bcup,105,85,12,1,0.16,0.328,5
11,bcup,105,89,13,1,0.105,0.342,5
11,bcup,105,86,14,1,0.16,0.362,5
11,bcup,105,124,15,1,0.338,0.328,5
11,bcup,105,122,16,1,0.358,0.253,5
11,bcup,105,126,17,1,0.304,0.322,5
11,bcup,105,123,18,1,0.324,0.308,5
11,bcup,105,125,19,1,0.304,0.243,5
11,bcup,105,140,20,1,0.389,0.466,5
11,bcup,105,141,21,1,0.409,0.486,5
11,bcup,105,144,22,1,0.443,0.451,5
11,bcup,105,142,23,1,0.389,0.52,5
11,bcup,105,143,24,1,0.423,0.526,5
11,bcup,105,99,25,1,0.217,0.132,5
11,bcup,105,98,26,1,0.217,0.097,5
11,bcup,105,101,27,1,0.196,0.172,5
11,bcup,105,100,28,1,0.162,0.111,5
11,bcup,105,102,29,1,0.162,0.087,5
11,bcup,105,131,30,1,0.372,0.061,5
11,bcup,105,132,31,1,0.407,0.126,5
11,bcup,105,127,32,1,0.407,0.095,5
11,bcup,105,129,33,1,0.372,0.095,5
11,bcup,105,128,34,1,0.352,0.13,5
11,bcup,105,130,35,1,0.372,0.115,5
11,bcup,105,75,36,1,0.02,0.227,5
11,bcup,105,74,37,1,0.055,0.192,5
11,bcup,105,77,38,1,0,0.261,5
11,bcup,105,76,39,1,0.034,0.267,5
11,bcup,105,78,40,1,0,0.182,5
11,bcup,105,71,41,1,0,0,5
11,bcup,105,70,42,1,0.055,0.02,5
11,bcup,105,72,43,1,0.034,0.061,5
11,bcup,106,51,1,1,0.368,0.152,6
11,bcup,106,52,2,1,0.368,0.182,6
11,bcup,106,54,3,1,0.314,0.186,6
11,bcup,106,53,4,1,0.314,0.132,6
11,bcup,106,34,5,1,0.241,0.034,6
11,bcup,106,36,6,1,0.186,0.069,6
11,bcup,106,35,7,1,0.241,0,6
11,bcup,106,24,8,1,0.119,0.251,6
11,bcup,106,23,9,1,0.099,0.186,6
11,bcup,106,20,10,1,0.134,0.271,6
11,bcup,106,21,11,1,0.14,0.211,6
11,bcup,106,6,12,1,0.034,0.053,6
11,bcup,106,3,13,1,0.014,0.067,6
11,bcup,106,5,14,1,0.014,0.012,6
11,bcup,106,4,15,1,0,0.032,6
11,bcup,106,2,16,1,0.049,0.073,6
11,bcup,106,44,17,1,0.261,0.377,6
11,bcup,106,48,18,1,0.261,0.342,6
11,bcup,106,47,19,1,0.275,0.417,6
11,bcup,106,43,20,1,0.227,0.377,6
11,bcup,106,45,21,1,0.296,0.377,6
11,bcup,106,46,22,1,0.296,0.342,6
11,bcup,106,15,23,1,0.085,0.397,6
11,bcup,106,17,24,1,0.079,0.457,6
11,bcup,106,18,25,1,0.065,0.417,6
11,bcup,106,16,26,1,0.045,0.397,6
11,bcup,106,22,27,1,0.099,0.211,6
11,bcup,106,65,28,1,0.421,0.3,6
11,bcup,106,66,29,1,0.401,0.279,6
11,bcup,107,87,1,1,0.494,0.318,7
11,bcup,107,86,2,1,0.48,0.362,7
11,bcup,107,88,3,1,0.514,0.328,7
11,bcup,107,89,4,1,0.549,0.328,7
11,bcup,107,90,5,1,0.494,0.342,7
11,bcup,107,74,6,1,0.409,0.227,7
11,bcup,107,73,7,1,0.443,0.192,7
11,bcup,107,78,8,1,0.389,0.261,7
11,bcup,107,76,9,1,0.423,0.267,7
11,bcup,107,75,10,1,0.389,0.182,7
11,bcup,107,77,11,1,0.409,0.247,7
11,bcup,107,70,12,1,0.389,0,7
11,bcup,107,69,13,1,0.443,0.02,7
11,bcup,107,72,14,1,0.423,0.061,7
11,bcup,107,71,15,1,0.443,0.051,7
11,bcup,107,68,16,1,0.409,0.02,7
11,bcup,107,37,17,1,0.281,0.172,7
11,bcup,107,39,18,1,0.267,0.121,7
11,bcup,107,40,19,1,0.247,0.162,7
11,bcup,107,38,20,1,0.247,0.142,7
11,bcup,107,41,21,1,0.281,0.107,7
11,bcup,107,42,22,1,0.213,0.142,7
11,bcup,107,9,23,1,0.051,0.101,7
11,bcup,107,10,24,1,0.085,0.101,7
11,bcup,107,12,25,1,0.085,0.067,7
11,bcup,107,8,26,1,0.03,0.057,7
11,bcup,107,11,27,1,0.051,0.067,7
11,bcup,107,29,28,1,0.17,0.289,7
11,bcup,107,28,29,1,0.136,0.324,7
11,bcup,107,30,30,1,0.115,0.304,7
11,bcup,107,6,31,1,0.02,0.506,7
11,bcup,107,5,32,1,0,0.52,7
11,bcup,108,110,1,1,0.093,0.427,8
11,bcup,108,112,2,1,0.148,0.407,8
11,bcup,108,111,3,1,0.142,0.468,8
11,bcup,108,94,4,1,0,0.563,8
11,bcup,108,93,5,1,0.034,0.528,8
11,bcup,108,96,6,1,0.014,0.543,8
11,bcup,108,95,7,1,0.055,0.543,8
11,bcup,108,120,8,1,0.206,0.603,8
11,bcup,108,114,9,1,0.107,0.383,8
11,bcup,108,113,10,1,0.162,0.427,8
11,bcup,108,142,11,1,0.291,0.405,8
11,bcup,108,140,12,1,0.312,0.425,8
11,bcup,108,139,13,1,0.346,0.391,8
11,bcup,108,143,14,1,0.291,0.46,8
11,bcup,108,144,15,1,0.326,0.466,8
11,bcup,108,141,16,1,0.346,0.425,8
11,bcup,108,124,17,1,0.241,0.267,8
11,bcup,108,126,18,1,0.261,0.192,8
11,bcup,108,125,19,1,0.206,0.261,8
11,bcup,108,131,20,1,0.275,0,8
11,bcup,108,132,21,1,0.31,0.065,8
11,bcup,108,130,22,1,0.31,0.034,8
11,bcup,108,99,23,1,0.119,0.071,8
11,bcup,108,100,24,1,0.119,0.036,8
11,bcup,108,101,25,1,0.099,0.111,8
11,bcup,108,102,26,1,0.065,0.051,8
11,bcup,109,60,1,1,0.251,0.362,9
11,bcup,109,59,2,1,0.251,0.338,9
11,bcup,109,58,3,1,0.271,0.383,9
11,bcup,109,57,4,1,0.237,0.383,9
11,bcup,109,30,5,1,0.119,0.289,9
11,bcup,109,29,6,1,0.085,0.324,9
11,bcup,109,28,7,1,0.065,0.304,9
11,bcup,109,42,8,1,0.231,0.172,9
11,bcup,109,41,9,1,0.217,0.121,9
11,bcup,109,11,10,1,0,0.101,9
11,bcup,109,12,11,1,0.034,0.101,9
11,bcup,109,10,12,1,0.034,0.067,9
11,bcup,109,72,13,1,0.338,0,9
11,bcup,109,71,14,1,0.393,0.02,9
11,bcup,109,102,15,1,0.555,0.132,9
11,bcup,109,100,16,1,0.555,0.097,9
11,bcup,109,99,17,1,0.534,0.172,9
11,bcup,109,101,18,1,0.5,0.111,9
11,bcup,109,131,19,1,0.711,0.061,9
11,bcup,109,132,20,1,0.745,0.126,9
11,bcup,109,130,21,1,0.745,0.095,9
11,bcup,109,125,22,1,0.676,0.328,9
11,bcup,109,126,23,1,0.696,0.253,9
11,bcup,110,52,1,1,0.142,0.138,10
11,bcup,110,53,2,1,0.142,0.168,10
11,bcup,110,54,3,1,0.087,0.172,10
11,bcup,110,65,4,1,0.194,0.285,10
11,bcup,110,64,5,1,0.174,0.265,10
11,bcup,110,66,6,1,0.194,0.251,10
11,bcup,110,48,7,1,0.034,0.362,10
11,bcup,110,47,8,1,0.034,0.328,10
11,bcup,110,44,9,1,0.049,0.403,10
11,bcup,110,45,10,1,0,0.362,10
11,bcup,110,46,11,1,0.069,0.362,10
11,bcup,110,82,12,1,0.231,0.474,10
11,bcup,110,83,13,1,0.211,0.514,10
11,bcup,110,84,14,1,0.176,0.429,10
11,bcup,110,81,15,1,0.162,0.474,10
11,bcup,110,106,16,1,0.338,0.407,10
11,bcup,110,107,17,1,0.338,0.352,10
11,bcup,110,108,18,1,0.379,0.352,10
11,bcup,110,138,19,1,0.549,0.409,10
11,bcup,110,136,20,1,0.583,0.374,10
11,bcup,110,137,21,1,0.563,0.449,10
11,bcup,110,120,22,1,0.48,0.196,10
11,bcup,110,119,23,1,0.48,0.172,10
11,bcup,110,118,24,1,0.5,0.237,10
11,bcup,110,113,25,1,0.366,0.02,10
11,bcup,110,112,26,1,0.421,0,10
11,bcup,110,114,27,1,0.415,0.061,10
12,bcup,111,54,1,1,0.32,0.514,1
12,bcup,111,50,2,1,0.32,0.569,1
12,bcup,111,52,3,1,0.32,0.549,1
12,bcup,111,51,4,1,0.354,0.514,1
12,bcup,111,53,5,1,0.354,0.579,1
12,bcup,111,49,6,1,0.32,0.549,1
12,bcup,111,92,7,1,0.52,0.567,1
12,bcup,111,95,8,1,0.5,0.522,1
12,bcup,111,91,9,1,0.534,0.607,1
12,bcup,111,94,10,1,0.5,0.601,1
12,bcup,111,93,11,1,0.555,0.532,1
12,bcup,111,96,12,1,0.555,0.597,1
12,bcup,111,66,13,1,0.427,0.676,1
12,bcup,111,61,14,1,0.387,0.676,1
12,bcup,111,65,15,1,0.387,0.731,1
12,bcup,111,62,16,1,0.372,0.696,1
12,bcup,111,64,17,1,0.441,0.696,1
12,bcup,111,63,18,1,0.407,0.662,1
12,bcup,111,43,19,1,0.281,0.773,1
12,bcup,111,46,20,1,0.247,0.773,1
12,bcup,111,44,21,1,0.213,0.773,1
12,bcup,111,48,22,1,0.267,0.753,1
12,bcup,111,47,23,1,0.227,0.808,1
12,bcup,111,45,24,1,0.247,0.794,1
12,bcup,111,18,25,1,0.085,0.844,1
12,bcup,111,14,26,1,0.051,0.779,1
12,bcup,111,17,27,1,0.051,0.834,1
12,bcup,111,15,28,1,0.051,0.814,1
12,bcup,111,16,29,1,0.03,0.769,1
12,bcup,111,13,30,1,0.085,0.779,1
12,bcup,111,24,31,1,0.105,0.593,1
12,bcup,111,23,32,1,0.119,0.668,1
12,bcup,111,21,33,1,0.14,0.658,1
12,bcup,111,22,34,1,0.105,0.648,1
12,bcup,111,31,35,1,0.172,0.466,1
12,bcup,111,33,36,1,0.213,0.411,1
12,bcup,111,34,37,1,0.192,0.431,1
12,bcup,111,32,38,1,0.227,0.431,1
12,bcup,111,35,39,1,0.227,0.397,1
12,bcup,111,36,40,1,0.172,0.387,1
12,bcup,111,4,41,1,0,0.385,1
12,bcup,111,5,42,1,0.02,0.395,1
12,bcup,111,6,43,1,0,0.464,1
12,bcup,111,3,44,1,0.055,0.46,1
12,bcup,111,2,45,1,0.034,0.47,1
12,bcup,111,1,46,1,0.02,0.449,1
12,bcup,111,30,47,1,0.17,0.267,1
12,bcup,111,29,48,1,0.136,0.267,1
12,bcup,111,25,49,1,0.115,0.223,1
12,bcup,111,28,50,1,0.156,0.247,1
12,bcup,111,26,51,1,0.17,0.298,1
12,bcup,111,27,52,1,0.15,0.308,1
12,bcup,111,12,53,1,0.051,0.045,1
12,bcup,111,9,54,1,0.085,0.075,1
12,bcup,111,8,55,1,0.085,0.045,1
12,bcup,111,11,56,1,0.03,0,1
12,bcup,111,10,57,1,0.03,0.024,1
12,bcup,111,41,58,1,0.281,0.115,1
12,bcup,111,42,59,1,0.247,0.051,1
12,bcup,111,40,60,1,0.247,0.105,1
12,bcup,112,92,1,1,0.52,0.648,2
12,bcup,112,95,2,1,0.5,0.603,2
12,bcup,112,91,3,1,0.534,0.688,2
12,bcup,112,94,4,1,0.5,0.682,2
12,bcup,112,93,5,1,0.555,0.613,2
12,bcup,112,96,6,1,0.555,0.678,2
12,bcup,112,113,7,1,0.613,0.512,2
12,bcup,112,109,8,1,0.593,0.468,2
12,bcup,112,114,9,1,0.628,0.553,2
12,bcup,112,111,10,1,0.648,0.543,2
12,bcup,112,112,11,1,0.579,0.512,2
12,bcup,112,110,12,1,0.613,0.512,2
12,bcup,112,119,13,1,0.733,0.688,2
12,bcup,112,120,14,1,0.747,0.674,2
12,bcup,112,115,15,1,0.747,0.739,2
12,bcup,112,116,16,1,0.692,0.743,2
12,bcup,112,117,17,1,0.692,0.688,2
12,bcup,112,118,18,1,0.713,0.674,2
12,bcup,112,105,19,1,0.571,0.83,2
12,bcup,112,108,20,1,0.605,0.864,2
12,bcup,112,103,21,1,0.605,0.83,2
12,bcup,112,107,22,1,0.551,0.899,2
12,bcup,112,104,23,1,0.551,0.82,2
12,bcup,112,106,24,1,0.591,0.844,2
12,bcup,112,136,25,1,0.775,0.941,2
12,bcup,112,135,26,1,0.796,0.931,2
12,bcup,112,134,27,1,0.796,0.866,2
12,bcup,112,133,28,1,0.761,0.866,2
12,bcup,112,138,29,1,0.741,0.935,2
12,bcup,112,137,30,1,0.761,0.921,2
12,bcup,112,83,31,1,0.389,1,2
12,bcup,112,81,32,1,0.374,0.966,2
12,bcup,112,79,33,1,0.409,0.986,2
12,bcup,112,80,34,1,0.389,0.921,2
12,bcup,112,84,35,1,0.429,0.945,2
12,bcup,112,82,36,1,0.389,0.945,2
12,bcup,112,43,37,1,0.281,0.854,2
12,bcup,112,46,38,1,0.247,0.854,2
12,bcup,112,44,39,1,0.213,0.854,2
12,bcup,112,48,40,1,0.267,0.834,2
12,bcup,112,47,41,1,0.227,0.889,2
12,bcup,112,45,42,1,0.247,0.874,2
12,bcup,112,13,43,1,0.085,0.925,2
12,bcup,112,15,44,1,0.051,0.86,2
12,bcup,112,16,45,1,0.051,0.915,2
12,bcup,112,14,46,1,0.051,0.895,2
12,bcup,112,17,47,1,0.03,0.85,2
12,bcup,112,18,48,1,0.085,0.86,2
12,bcup,112,20,49,1,0.105,0.674,2
12,bcup,112,21,50,1,0.119,0.749,2
12,bcup,112,22,51,1,0.14,0.739,2
12,bcup,112,23,52,1,0.105,0.729,2
12,bcup,112,19,53,1,0.085,0.743,2
12,bcup,112,24,54,1,0.085,0.664,2
12,bcup,112,3,55,1,0,0.466,2
12,bcup,112,5,56,1,0.02,0.476,2
12,bcup,112,4,57,1,0,0.545,2
12,bcup,112,6,58,1,0.055,0.54,2
12,bcup,112,2,59,1,0.034,0.551,2
12,bcup,112,1,60,1,0.02,0.53,2
12,bcup,112,30,61,1,0.17,0.348,2
12,bcup,112,29,62,1,0.136,0.348,2
12,bcup,112,25,63,1,0.115,0.304,2
12,bcup,112,28,64,1,0.156,0.328,2
12,bcup,112,26,65,1,0.17,0.379,2
12,bcup,112,27,66,1,0.15,0.389,2
12,bcup,112,12,67,1,0.051,0.126,2
12,bcup,112,8,68,1,0.085,0.156,2
12,bcup,112,9,69,1,0.085,0.126,2
12,bcup,112,7,70,1,0.03,0.081,2
12,bcup,112,11,71,1,0.03,0.105,2
12,bcup,112,10,72,1,0.065,0.166,2
12,bcup,112,40,73,1,0.281,0.196,2
12,bcup,112,41,74,1,0.247,0.132,2
12,bcup,112,42,75,1,0.247,0.186,2
12,bcup,112,39,76,1,0.213,0.166,2
12,bcup,112,38,77,1,0.227,0.146,2
12,bcup,112,37,78,1,0.247,0.166,2
12,bcup,112,67,79,1,0.374,0.045,2
12,bcup,112,72,80,1,0.429,0.024,2
12,bcup,112,70,81,1,0.443,0.075,2
12,bcup,112,71,82,1,0.389,0,2
12,bcup,112,68,83,1,0.409,0.01,2
12,bcup,112,69,84,1,0.389,0.079,2
12,bcup,112,102,85,1,0.591,0.136,2
12,bcup,112,100,86,1,0.585,0.196,2
12,bcup,112,99,87,1,0.551,0.19,2
12,bcup,112,101,88,1,0.605,0.156,2
12,bcup,112,98,89,1,0.551,0.136,2
12,bcup,113,51,1,1,0.269,0.595,3
12,bcup,113,53,2,1,0.269,0.65,3
12,bcup,113,49,3,1,0.289,0.609,3
12,bcup,113,52,4,1,0.269,0.63,3
12,bcup,113,50,5,1,0.304,0.595,3
12,bcup,113,54,6,1,0.304,0.66,3
12,bcup,113,66,7,1,0.377,0.757,3
12,bcup,113,61,8,1,0.336,0.757,3
12,bcup,113,65,9,1,0.336,0.812,3
12,bcup,113,62,10,1,0.322,0.777,3
12,bcup,113,64,11,1,0.391,0.777,3
12,bcup,113,63,12,1,0.356,0.743,3
12,bcup,113,82,13,1,0.338,1,3
12,bcup,113,84,14,1,0.324,0.966,3
12,bcup,113,80,15,1,0.358,0.986,3
12,bcup,113,79,16,1,0.338,0.921,3
12,bcup,113,81,17,1,0.379,0.945,3
12,bcup,113,83,18,1,0.338,0.945,3
12,bcup,113,106,19,1,0.52,0.83,3
12,bcup,113,107,20,1,0.555,0.864,3
12,bcup,113,103,21,1,0.555,0.83,3
12,bcup,113,108,22,1,0.5,0.899,3
12,bcup,113,105,23,1,0.5,0.82,3
12,bcup,113,104,24,1,0.54,0.844,3
12,bcup,113,137,25,1,0.725,0.941,3
12,bcup,113,138,26,1,0.745,0.931,3
12,bcup,113,133,27,1,0.745,0.866,3
12,bcup,113,134,28,1,0.711,0.866,3
12,bcup,113,135,29,1,0.69,0.935,3
12,bcup,113,136,30,1,0.711,0.921,3
12,bcup,113,117,31,1,0.682,0.688,3
12,bcup,113,118,32,1,0.696,0.674,3
12,bcup,113,119,33,1,0.696,0.739,3
12,bcup,113,120,34,1,0.642,0.743,3
12,bcup,113,115,35,1,0.642,0.688,3
12,bcup,113,116,36,1,0.662,0.674,3
12,bcup,113,140,37,1,0.781,0.54,3
12,bcup,113,139,38,1,0.727,0.545,3
12,bcup,113,142,39,1,0.727,0.49,3
12,bcup,113,143,40,1,0.747,0.53,3
12,bcup,113,144,41,1,0.781,0.51,3
12,bcup,113,141,42,1,0.767,0.49,3
12,bcup,113,122,43,1,0.696,0.342,3
12,bcup,113,121,44,1,0.642,0.346,3
12,bcup,113,124,45,1,0.662,0.277,3
12,bcup,113,126,46,1,0.662,0.312,3
12,bcup,113,125,47,1,0.696,0.277,3
12,bcup,113,123,48,1,0.696,0.312,3
12,bcup,113,131,49,1,0.745,0.085,3
12,bcup,113,129,50,1,0.676,0.119,3
12,bcup,113,132,51,1,0.745,0.15,3
12,bcup,113,128,52,1,0.69,0.099,3
12,bcup,113,130,53,1,0.725,0.16,3
12,bcup,113,101,54,1,0.54,0.136,3
12,bcup,113,99,55,1,0.534,0.196,3
12,bcup,113,98,56,1,0.5,0.19,3
12,bcup,113,100,57,1,0.555,0.156,3
12,bcup,113,97,58,1,0.5,0.136,3
12,bcup,113,102,59,1,0.555,0.121,3
12,bcup,113,69,60,1,0.324,0.045,3
12,bcup,113,68,61,1,0.379,0.024,3
12,bcup,113,71,62,1,0.393,0.075,3
12,bcup,113,70,63,1,0.338,0,3
12,bcup,113,67,64,1,0.358,0.01,3
12,bcup,113,72,65,1,0.338,0.079,3
12,bcup,113,74,66,1,0.379,0.231,3
12,bcup,113,75,67,1,0.358,0.217,3
12,bcup,113,73,68,1,0.393,0.217,3
12,bcup,113,77,69,1,0.338,0.206,3
12,bcup,113,76,70,1,0.324,0.251,3
12,bcup,113,78,71,1,0.358,0.251,3
12,bcup,113,37,72,1,0.231,0.196,3
12,bcup,113,39,73,1,0.196,0.132,3
12,bcup,113,42,74,1,0.162,0.166,3
12,bcup,113,41,75,1,0.176,0.146,3
12,bcup,113,38,76,1,0.196,0.166,3
12,bcup,113,40,77,1,0.196,0.166,3
12,bcup,113,11,78,1,0,0.126,3
12,bcup,113,10,79,1,0.034,0.156,3
12,bcup,113,12,80,1,0.034,0.126,3
12,bcup,114,85,1,1,0.528,0.427,4
12,bcup,114,88,2,1,0.514,0.352,4
12,bcup,114,89,3,1,0.549,0.387,4
12,bcup,114,86,4,1,0.514,0.407,4
12,bcup,114,90,5,1,0.48,0.387,4
12,bcup,114,87,6,1,0.549,0.352,4
12,bcup,114,110,7,1,0.613,0.512,4
12,bcup,114,113,8,1,0.593,0.468,4
12,bcup,114,109,9,1,0.628,0.553,4
12,bcup,114,114,10,1,0.579,0.512,4
12,bcup,114,111,11,1,0.613,0.532,4
12,bcup,114,112,12,1,0.613,0.512,4
12,bcup,114,119,13,1,0.733,0.688,4
12,bcup,114,120,14,1,0.747,0.674,4
12,bcup,114,115,15,1,0.747,0.739,4
12,bcup,114,116,16,1,0.692,0.743,4
12,bcup,114,117,17,1,0.692,0.688,4
12,bcup,114,118,18,1,0.713,0.674,4
12,bcup,114,105,19,1,0.571,0.83,4
12,bcup,114,108,20,1,0.605,0.864,4
12,bcup,114,104,21,1,0.605,0.83,4
12,bcup,114,103,22,1,0.551,0.899,4
12,bcup,114,107,23,1,0.551,0.82,4
12,bcup,114,106,24,1,0.591,0.844,4
12,bcup,114,137,25,1,0.775,0.941,4
12,bcup,114,138,26,1,0.796,0.931,4
12,bcup,114,133,27,1,0.796,0.866,4
12,bcup,114,134,28,1,0.761,0.866,4
12,bcup,114,135,29,1,0.741,0.935,4
12,bcup,114,136,30,1,0.761,0.921,4
12,bcup,114,82,31,1,0.389,1,4
12,bcup,114,83,32,1,0.374,0.966,4
12,bcup,114,84,33,1,0.409,0.986,4
12,bcup,114,80,34,1,0.389,0.921,4
12,bcup,114,81,35,1,0.429,0.945,4
12,bcup,114,79,36,1,0.389,0.945,4
12,bcup,114,43,37,1,0.281,0.854,4
12,bcup,114,46,38,1,0.247,0.854,4
12,bcup,114,44,39,1,0.213,0.854,4
12,bcup,114,48,40,1,0.267,0.834,4
12,bcup,114,47,41,1,0.227,0.889,4
12,bcup,114,45,42,1,0.247,0.874,4
12,bcup,114,13,43,1,0.085,0.925,4
12,bcup,114,15,44,1,0.051,0.86,4
12,bcup,114,16,45,1,0.051,0.915,4
12,bcup,114,18,46,1,0.051,0.895,4
12,bcup,114,14,47,1,0.03,0.85,4
12,bcup,114,17,48,1,0.085,0.86,4
12,bcup,114,20,49,1,0.105,0.674,4
12,bcup,114,21,50,1,0.119,0.749,4
12,bcup,114,22,51,1,0.14,0.739,4
12,bcup,114,23,52,1,0.105,0.729,4
12,bcup,114,19,53,1,0.085,0.743,4
12,bcup,114,24,54,1,0.085,0.664,4
12,bcup,114,4,55,1,0,0.466,4
12,bcup,114,5,56,1,0.02,0.476,4
12,bcup,114,6,57,1,0,0.545,4
12,bcup,114,3,58,1,0.055,0.54,4
12,bcup,114,2,59,1,0.034,0.551,4
12,bcup,114,1,60,1,0.02,0.53,4
12,bcup,114,30,61,1,0.17,0.348,4
12,bcup,114,29,62,1,0.136,0.348,4
12,bcup,114,25,63,1,0.115,0.304,4
12,bcup,114,26,64,1,0.156,0.328,4
12,bcup,114,28,65,1,0.17,0.379,4
12,bcup,114,27,66,1,0.15,0.389,4
12,bcup,114,12,67,1,0.051,0.126,4
12,bcup,114,8,68,1,0.085,0.156,4
12,bcup,114,9,69,1,0.085,0.126,4
12,bcup,114,7,70,1,0.03,0.081,4
12,bcup,114,11,71,1,0.03,0.105,4
12,bcup,114,10,72,1,0.065,0.166,4
12,bcup,114,40,73,1,0.281,0.196,4
12,bcup,114,41,74,1,0.247,0.132,4
12,bcup,114,42,75,1,0.247,0.186,4
12,bcup,114,39,76,1,0.213,0.166,4
12,bcup,114,37,77,1,0.227,0.146,4
12,bcup,114,38,78,1,0.247,0.166,4
12,bcup,114,67,79,1,0.374,0.045,4
12,bcup,114,70,80,1,0.429,0.024,4
12,bcup,114,71,81,1,0.443,0.075,4
12,bcup,114,68,82,1,0.389,0,4
12,bcup,114,69,83,1,0.409,0.01,4
12,bcup,114,72,84,1,0.389,0.079,4
12,bcup,114,101,85,1,0.591,0.136,4
12,bcup,114,99,86,1,0.585,0.196,4
12,bcup,114,97,87,1,0.551,0.19,4
12,bcup,114,102,88,1,0.605,0.156,4
12,bcup,114,100,89,1,0.551,0.136,4
12,bcup,114,98,90,1,0.605,0.121,4
12,bcup,114,123,91,1,0.747,0.342,4
12,bcup,114,124,92,1,0.692,0.346,4
12,bcup,114,126,93,1,0.713,0.277,4
12,bcup,114,121,94,1,0.713,0.312,4
12,bcup,114,122,95,1,0.747,0.277,4
12,bcup,114,125,96,1,0.747,0.312,4
12,bcup,114,131,97,1,0.796,0.085,4
12,bcup,114,129,98,1,0.727,0.119,4
12,bcup,114,132,99,1,0.796,0.15,4
12,bcup,114,128,100,1,0.741,0.099,4
12,bcup,114,130,101,1,0.775,0.16,4
12,bcup,114,127,102,1,0.761,0.119,4
12,bcup,115,53,1,1,0.32,0.585,5
12,bcup,115,51,2,1,0.32,0.64,5
12,bcup,115,49,3,1,0.34,0.599,5
12,bcup,115,52,4,1,0.32,0.619,5
12,bcup,115,50,5,1,0.354,0.65,5
12,bcup,115,54,6,1,0.32,0.619,5
12,bcup,115,66,7,1,0.427,0.747,5
12,bcup,115,61,8,1,0.387,0.747,5
12,bcup,115,62,9,1,0.387,0.802,5
12,bcup,115,65,10,1,0.372,0.767,5
12,bcup,115,64,11,1,0.441,0.767,5
12,bcup,115,63,12,1,0.407,0.733,5
12,bcup,115,43,13,1,0.281,0.844,5
12,bcup,115,46,14,1,0.247,0.844,5
12,bcup,115,44,15,1,0.213,0.844,5
12,bcup,115,48,16,1,0.267,0.824,5
12,bcup,115,47,17,1,0.227,0.879,5
12,bcup,115,45,18,1,0.247,0.864,5
12,bcup,115,18,19,1,0.085,0.915,5
12,bcup,115,14,20,1,0.051,0.85,5
12,bcup,115,17,21,1,0.051,0.905,5
12,bcup,115,15,22,1,0.051,0.885,5
12,bcup,115,16,23,1,0.03,0.84,5
12,bcup,115,13,24,1,0.085,0.85,5
12,bcup,115,21,25,1,0.105,0.664,5
12,bcup,115,20,26,1,0.119,0.739,5
12,bcup,115,23,27,1,0.14,0.729,5
12,bcup,115,22,28,1,0.105,0.719,5
12,bcup,115,19,29,1,0.085,0.733,5
12,bcup,115,24,30,1,0.105,0.698,5
12,bcup,115,5,31,1,0,0.455,5
12,bcup,115,4,32,1,0.02,0.466,5
12,bcup,115,3,33,1,0,0.534,5
12,bcup,115,6,34,1,0.055,0.53,5
12,bcup,115,2,35,1,0.034,0.54,5
12,bcup,115,1,36,1,0.02,0.52,5
12,bcup,115,30,37,1,0.17,0.338,5
12,bcup,115,29,38,1,0.136,0.338,5
12,bcup,115,25,39,1,0.115,0.294,5
12,bcup,115,26,40,1,0.156,0.318,5
12,bcup,115,28,41,1,0.17,0.368,5
12,bcup,115,27,42,1,0.15,0.379,5
12,bcup,115,12,43,1,0.051,0.115,5
12,bcup,115,8,44,1,0.085,0.146,5
12,bcup,115,9,45,1,0.085,0.115,5
12,bcup,115,7,46,1,0.03,0.071,5
12,bcup,115,11,47,1,0.03,0.095,5
12,bcup,115,10,48,1,0.065,0.156,5
12,bcup,115,40,49,1,0.281,0.186,5
12,bcup,115,41,50,1,0.247,0.121,5
12,bcup,115,42,51,1,0.247,0.176,5
12,bcup,115,39,52,1,0.227,0.136,5
12,bcup,115,37,53,1,0.247,0.156,5
12,bcup,115,38,54,1,0.247,0.156,5
12,bcup,115,78,55,1,0.429,0.221,5
12,bcup,115,77,56,1,0.409,0.206,5
12,bcup,115,74,57,1,0.443,0.206,5
12,bcup,115,73,58,1,0.443,0.271,5
12,bcup,115,75,59,1,0.389,0.196,5
12,bcup,115,76,60,1,0.374,0.241,5
12,bcup,115,72,61,1,0.374,0.034,5
12,bcup,115,67,62,1,0.429,0.014,5
12,bcup,115,70,63,1,0.443,0.065,5
12,bcup,115,71,64,1,0.409,0,5
12,bcup,115,68,65,1,0.389,0.069,5
12,bcup,115,69,66,1,0.409,0.034,5
12,bcup,115,99,67,1,0.591,0.126,5
12,bcup,115,98,68,1,0.585,0.186,5
12,bcup,115,100,69,1,0.551,0.18,5
12,bcup,115,97,70,1,0.605,0.146,5
12,bcup,115,102,71,1,0.551,0.126,5
12,bcup,115,101,72,1,0.605,0.111,5
12,bcup,115,128,73,1,0.796,0.075,5
12,bcup,115,130,74,1,0.727,0.109,5
12,bcup,115,132,75,1,0.796,0.14,5
12,bcup,115,131,76,1,0.741,0.089,5
12,bcup,115,129,77,1,0.775,0.15,5
12,bcup,115,127,78,1,0.761,0.109,5
12,bcup,115,123,79,1,0.747,0.332,5
12,bcup,115,124,80,1,0.692,0.336,5
12,bcup,115,125,81,1,0.713,0.267,5
12,bcup,115,126,82,1,0.713,0.302,5
12,bcup,115,121,83,1,0.747,0.267,5
12,bcup,115,122,84,1,0.747,0.302,5
12,bcup,115,111,85,1,0.613,0.502,5
12,bcup,115,113,86,1,0.593,0.457,5
12,bcup,115,110,87,1,0.628,0.543,5
12,bcup,115,114,88,1,0.648,0.532,5
12,bcup,115,112,89,1,0.579,0.502,5
12,bcup,116,53,1,1,0.32,0.595,6
12,bcup,116,51,2,1,0.32,0.65,6
12,bcup,116,49,3,1,0.32,0.63,6
12,bcup,116,52,4,1,0.354,0.595,6
12,bcup,116,50,5,1,0.354,0.66,6
12,bcup,116,54,6,1,0.32,0.63,6
12,bcup,116,66,7,1,0.427,0.757,6
12,bcup,116,61,8,1,0.387,0.757,6
12,bcup,116,62,9,1,0.387,0.812,6
12,bcup,116,64,10,1,0.372,0.777,6
12,bcup,116,63,11,1,0.441,0.777,6
12,bcup,116,65,12,1,0.407,0.743,6
12,bcup,116,43,13,1,0.281,0.854,6
12,bcup,116,46,14,1,0.247,0.854,6
12,bcup,116,44,15,1,0.213,0.854,6
12,bcup,116,48,16,1,0.267,0.834,6
12,bcup,116,47,17,1,0.227,0.889,6
12,bcup,116,45,18,1,0.247,0.874,6
12,bcup,116,18,19,1,0.085,0.925,6
12,bcup,116,14,20,1,0.051,0.86,6
12,bcup,116,17,21,1,0.051,0.915,6
12,bcup,116,16,22,1,0.051,0.895,6
12,bcup,116,15,23,1,0.03,0.85,6
12,bcup,116,13,24,1,0.085,0.86,6
12,bcup,116,23,25,1,0.105,0.674,6
12,bcup,116,20,26,1,0.119,0.749,6
12,bcup,116,21,27,1,0.14,0.739,6
12,bcup,116,22,28,1,0.105,0.729,6
12,bcup,116,19,29,1,0.085,0.743,6
12,bcup,116,24,30,1,0.085,0.664,6
12,bcup,116,31,31,1,0.172,0.547,6
12,bcup,116,33,32,1,0.213,0.492,6
12,bcup,116,34,33,1,0.192,0.512,6
12,bcup,116,32,34,1,0.227,0.512,6
12,bcup,116,35,35,1,0.227,0.478,6
12,bcup,116,36,36,1,0.172,0.468,6
12,bcup,116,4,37,1,0,0.466,6
12,bcup,116,5,38,1,0.02,0.476,6
12,bcup,116,6,39,1,0,0.545,6
12,bcup,116,3,40,1,0.055,0.54,6
12,bcup,116,2,41,1,0.034,0.551,6
12,bcup,116,1,42,1,0.02,0.53,6
12,bcup,116,30,43,1,0.17,0.348,6
12,bcup,116,29,44,1,0.136,0.348,6
12,bcup,116,25,45,1,0.115,0.304,6
12,bcup,116,28,46,1,0.156,0.328,6
12,bcup,116,26,47,1,0.17,0.379,6
12,bcup,116,27,48,1,0.15,0.389,6
12,bcup,116,12,49,1,0.051,0.126,6
12,bcup,116,8,50,1,0.085,0.156,6
12,bcup,116,9,51,1,0.085,0.126,6
12,bcup,116,7,52,1,0.03,0.081,6
12,bcup,116,11,53,1,0.03,0.105,6
12,bcup,116,10,54,1,0.065,0.166,6
12,bcup,116,40,55,1,0.281,0.196,6
12,bcup,116,41,56,1,0.247,0.132,6
12,bcup,116,38,57,1,0.247,0.186,6
12,bcup,116,42,58,1,0.213,0.166,6
12,bcup,116,39,59,1,0.227,0.146,6
12,bcup,116,37,60,1,0.247,0.166,6
12,bcup,116,78,61,1,0.429,0.231,6
12,bcup,116,77,62,1,0.409,0.217,6
12,bcup,116,74,63,1,0.443,0.217,6
12,bcup,116,73,64,1,0.443,0.281,6
12,bcup,116,75,65,1,0.389,0.206,6
12,bcup,116,76,66,1,0.374,0.251,6
12,bcup,116,72,67,1,0.374,0.045,6
12,bcup,116,67,68,1,0.429,0.024,6
12,bcup,116,70,69,1,0.443,0.075,6
12,bcup,116,71,70,1,0.389,0,6
12,bcup,116,68,71,1,0.409,0.01,6
12,bcup,116,69,72,1,0.389,0.079,6
12,bcup,116,101,73,1,0.591,0.136,6
12,bcup,116,97,74,1,0.585,0.196,6
12,bcup,116,102,75,1,0.551,0.19,6
12,bcup,116,100,76,1,0.605,0.156,6
12,bcup,116,99,77,1,0.551,0.136,6
12,bcup,116,98,78,1,0.605,0.121,6
12,bcup,116,124,79,1,0.747,0.342,6
12,bcup,116,123,80,1,0.692,0.346,6
12,bcup,116,125,81,1,0.713,0.277,6
12,bcup,116,121,82,1,0.713,0.312,6
12,bcup,116,126,83,1,0.747,0.277,6
12,bcup,116,122,84,1,0.747,0.312,6
12,bcup,116,131,85,1,0.796,0.085,6
12,bcup,116,132,86,1,0.796,0.15,6
12,bcup,116,130,87,1,0.741,0.099,6
12,bcup,116,128,88,1,0.775,0.16,6
12,bcup,116,127,89,1,0.761,0.119,6
12,bcup,116,129,90,1,0.761,0.119,6
12,bcup,116,144,91,1,0.832,0.54,6
12,bcup,116,143,92,1,0.777,0.545,6
12,bcup,116,141,93,1,0.777,0.49,6
12,bcup,116,142,94,1,0.798,0.53,6
12,bcup,117,53,1,1,0.32,0.514,7
12,bcup,117,51,2,1,0.32,0.569,7
12,bcup,117,49,3,1,0.34,0.528,7
12,bcup,117,52,4,1,0.32,0.549,7
12,bcup,117,50,5,1,0.354,0.514,7
12,bcup,117,54,6,1,0.354,0.579,7
12,bcup,117,66,7,1,0.427,0.676,7
12,bcup,117,61,8,1,0.387,0.676,7
12,bcup,117,65,9,1,0.387,0.731,7
12,bcup,117,62,10,1,0.372,0.696,7
12,bcup,117,64,11,1,0.441,0.696,7
12,bcup,117,63,12,1,0.407,0.662,7
12,bcup,117,107,13,1,0.571,0.749,7
12,bcup,117,103,14,1,0.605,0.783,7
12,bcup,117,108,15,1,0.605,0.749,7
12,bcup,117,105,16,1,0.551,0.818,7
12,bcup,117,104,17,1,0.551,0.739,7
12,bcup,117,106,18,1,0.591,0.763,7
12,bcup,117,83,19,1,0.389,0.919,7
12,bcup,117,84,20,1,0.374,0.885,7
12,bcup,117,82,21,1,0.409,0.905,7
12,bcup,117,80,22,1,0.389,0.84,7
12,bcup,117,81,23,1,0.429,0.864,7
12,bcup,117,79,24,1,0.389,0.864,7
12,bcup,117,43,25,1,0.281,0.773,7
12,bcup,117,46,26,1,0.247,0.773,7
12,bcup,117,44,27,1,0.213,0.773,7
12,bcup,117,48,28,1,0.267,0.753,7
12,bcup,117,47,29,1,0.227,0.808,7
12,bcup,117,45,30,1,0.247,0.794,7
12,bcup,117,13,31,1,0.085,0.844,7
12,bcup,117,15,32,1,0.051,0.779,7
12,bcup,117,14,33,1,0.051,0.814,7
12,bcup,117,17,34,1,0.03,0.769,7
12,bcup,117,18,35,1,0.085,0.779,7
12,bcup,117,16,36,1,0.051,0.814,7
12,bcup,117,20,37,1,0.105,0.593,7
12,bcup,117,21,38,1,0.119,0.668,7
12,bcup,117,22,39,1,0.14,0.658,7
12,bcup,117,23,40,1,0.105,0.648,7
12,bcup,117,19,41,1,0.085,0.662,7
12,bcup,117,24,42,1,0.085,0.583,7
12,bcup,117,5,43,1,0,0.385,7
12,bcup,117,4,44,1,0.02,0.395,7
12,bcup,117,6,45,1,0,0.464,7
12,bcup,117,3,46,1,0.055,0.46,7
12,bcup,117,2,47,1,0.034,0.47,7
12,bcup,117,1,48,1,0.02,0.449,7
12,bcup,117,31,49,1,0.172,0.466,7
12,bcup,117,33,50,1,0.213,0.411,7
12,bcup,117,34,51,1,0.192,0.431,7
12,bcup,117,32,52,1,0.227,0.431,7
12,bcup,117,35,53,1,0.227,0.397,7
12,bcup,117,36,54,1,0.172,0.387,7
12,bcup,117,30,55,1,0.17,0.267,7
12,bcup,117,29,56,1,0.136,0.267,7
12,bcup,117,25,57,1,0.115,0.223,7
12,bcup,117,26,58,1,0.156,0.247,7
12,bcup,117,28,59,1,0.17,0.298,7
12,bcup,117,27,60,1,0.15,0.308,7
12,bcup,117,12,61,1,0.051,0.045,7
12,bcup,117,8,62,1,0.085,0.075,7
12,bcup,117,9,63,1,0.085,0.045,7
12,bcup,117,7,64,1,0.03,0,7
12,bcup,117,11,65,1,0.03,0.024,7
12,bcup,117,10,66,1,0.065,0.085,7
12,bcup,117,40,67,1,0.281,0.115,7
12,bcup,117,41,68,1,0.247,0.051,7
12,bcup,117,42,69,1,0.247,0.105,7
12,bcup,117,39,70,1,0.213,0.085,7
12,bcup,117,37,71,1,0.227,0.065,7
12,bcup,117,38,72,1,0.247,0.085,7
12,bcup,117,78,73,1,0.429,0.15,7
12,bcup,117,77,74,1,0.409,0.136,7
12,bcup,117,74,75,1,0.443,0.136,7
12,bcup,117,73,76,1,0.443,0.2,7
12,bcup,117,75,77,1,0.389,0.126,7
12,bcup,117,76,78,1,0.374,0.17,7
12,bcup,117,89,79,1,0.528,0.346,7
12,bcup,117,88,80,1,0.514,0.271,7
12,bcup,117,85,81,1,0.549,0.306,7
12,bcup,117,87,82,1,0.514,0.326,7
12,bcup,117,90,83,1,0.48,0.306,7
12,bcup,117,86,84,1,0.549,0.271,7
12,bcup,117,99,85,1,0.591,0.055,7
12,bcup,117,98,86,1,0.585,0.115,7
12,bcup,117,100,87,1,0.551,0.109,7
12,bcup,117,97,88,1,0.605,0.075,7
12,bcup,117,102,89,1,0.551,0.055,7
12,bcup,117,101,90,1,0.605,0.04,7
12,bcup,117,128,91,1,0.796,0.004,7
12,bcup,117,130,92,1,0.727,0.038,7
12,bcup,117,132,93,1,0.796,0.069,7
12,bcup,117,131,94,1,0.741,0.018,7
12,bcup,117,129,95,1,0.775,0.079,7
12,bcup,118,49,1,1,0.32,0.595,8
12,bcup,118,53,2,1,0.32,0.65,8
12,bcup,118,51,3,1,0.34,0.609,8
12,bcup,118,52,4,1,0.32,0.63,8
12,bcup,118,50,5,1,0.354,0.595,8
12,bcup,118,54,6,1,0.354,0.66,8
12,bcup,118,66,7,1,0.427,0.757,8
12,bcup,118,61,8,1,0.387,0.757,8
12,bcup,118,62,9,1,0.387,0.812,8
12,bcup,118,64,10,1,0.372,0.777,8
12,bcup,118,63,11,1,0.441,0.777,8
12,bcup,118,65,12,1,0.407,0.743,8
12,bcup,118,43,13,1,0.281,0.854,8
12,bcup,118,46,14,1,0.247,0.854,8
12,bcup,118,44,15,1,0.213,0.854,8
12,bcup,118,48,16,1,0.267,0.834,8
12,bcup,118,47,17,1,0.227,0.889,8
12,bcup,118,45,18,1,0.247,0.874,8
12,bcup,118,82,19,1,0.389,1,8
12,bcup,118,84,20,1,0.374,0.966,8
12,bcup,118,80,21,1,0.409,0.986,8
12,bcup,118,79,22,1,0.389,0.921,8
12,bcup,118,81,23,1,0.429,0.945,8
12,bcup,118,83,24,1,0.389,0.945,8
12,bcup,118,106,25,1,0.571,0.83,8
12,bcup,118,107,26,1,0.605,0.864,8
12,bcup,118,104,27,1,0.605,0.83,8
12,bcup,118,108,28,1,0.551,0.899,8
12,bcup,118,105,29,1,0.551,0.82,8
12,bcup,118,137,30,1,0.775,0.941,8
12,bcup,118,133,31,1,0.796,0.931,8
12,bcup,118,134,32,1,0.796,0.866,8
12,bcup,118,135,33,1,0.761,0.866,8
12,bcup,118,136,34,1,0.741,0.935,8
12,bcup,118,138,35,1,0.761,0.921,8
12,bcup,118,118,36,1,0.733,0.688,8
12,bcup,118,117,37,1,0.747,0.674,8
12,bcup,118,119,38,1,0.747,0.739,8
12,bcup,118,120,39,1,0.692,0.743,8
12,bcup,118,115,40,1,0.692,0.688,8
12,bcup,118,116,41,1,0.713,0.674,8
12,bcup,118,140,42,1,0.832,0.54,8
12,bcup,118,142,43,1,0.777,0.545,8
12,bcup,118,139,44,1,0.777,0.49,8
12,bcup,118,143,45,1,0.798,0.53,8
12,bcup,118,144,46,1,0.832,0.51,8
12,bcup,118,141,47,1,0.818,0.49,8
12,bcup,118,121,48,1,0.747,0.342,8
12,bcup,118,122,49,1,0.692,0.346,8
12,bcup,118,124,50,1,0.713,0.277,8
12,bcup,118,126,51,1,0.713,0.312,8
12,bcup,118,125,52,1,0.747,0.277,8
12,bcup,118,123,53,1,0.747,0.312,8
12,bcup,118,131,54,1,0.796,0.085,8
12,bcup,118,129,55,1,0.727,0.119,8
12,bcup,118,132,56,1,0.796,0.15,8
12,bcup,118,128,57,1,0.741,0.099,8
12,bcup,118,130,58,1,0.775,0.16,8
12,bcup,118,127,59,1,0.761,0.119,8
12,bcup,118,102,60,1,0.591,0.136,8
12,bcup,118,97,61,1,0.585,0.196,8
12,bcup,118,100,62,1,0.551,0.19,8
12,bcup,118,98,63,1,0.605,0.156,8
12,bcup,118,99,64,1,0.551,0.136,8
12,bcup,118,101,65,1,0.605,0.121,8
12,bcup,118,69,66,1,0.374,0.045,8
12,bcup,118,68,67,1,0.429,0.024,8
12,bcup,118,71,68,1,0.443,0.075,8
12,bcup,118,70,69,1,0.389,0,8
12,bcup,118,67,70,1,0.409,0.01,8
12,bcup,118,72,71,1,0.389,0.079,8
12,bcup,118,37,72,1,0.281,0.196,8
12,bcup,118,42,73,1,0.247,0.132,8
12,bcup,118,39,74,1,0.247,0.186,8
12,bcup,118,40,75,1,0.213,0.166,8
12,bcup,118,41,76,1,0.227,0.146,8
12,bcup,118,38,77,1,0.247,0.166,8
12,bcup,118,9,78,1,0.051,0.126,8
12,bcup,118,8,79,1,0.085,0.156,8
12,bcup,118,7,80,1,0.085,0.126,8
12,bcup,118,10,81,1,0.03,0.081,8
12,bcup,118,11,82,1,0.03,0.105,8
12,bcup,118,12,83,1,0.065,0.166,8
12,bcup,118,27,84,1,0.17,0.348,8
12,bcup,118,28,85,1,0.136,0.348,8
12,bcup,118,26,86,1,0.115,0.304,8
12,bcup,118,25,87,1,0.156,0.328,8
12,bcup,118,29,88,1,0.17,0.379,8
12,bcup,118,30,89,1,0.15,0.389,8
12,bcup,118,2,90,1,0,0.466,8
12,bcup,118,1,91,1,0.02,0.476,8
12,bcup,118,6,92,1,0,0.545,8
12,bcup,118,3,93,1,0.055,0.54,8
12,bcup,118,5,94,1,0.034,0.551,8
12,bcup,118,4,95,1,0.02,0.53,8
12,bcup,118,31,96,1,0.172,0.547,8
12,bcup,118,33,97,1,0.213,0.492,8
12,bcup,118,34,98,1,0.192,0.512,8
12,bcup,118,32,99,1,0.227,0.512,8
12,bcup,118,35,100,1,0.227,0.478,8
12,bcup,118,36,101,1,0.172,0.468,8
12,bcup,119,88,1,1,0.528,0.427,9
12,bcup,119,85,2,1,0.514,0.352,9
12,bcup,119,87,3,1,0.549,0.387,9
12,bcup,119,89,4,1,0.514,0.407,9
12,bcup,119,86,5,1,0.48,0.387,9
12,bcup,119,90,6,1,0.549,0.352,9
12,bcup,119,110,7,1,0.613,0.512,9
12,bcup,119,113,8,1,0.593,0.468,9
12,bcup,119,109,9,1,0.628,0.553,9
12,bcup,119,114,10,1,0.648,0.543,9
12,bcup,119,111,11,1,0.579,0.512,9
12,bcup,119,112,12,1,0.613,0.532,9
12,bcup,119,141,13,1,0.832,0.54,9
12,bcup,119,142,14,1,0.777,0.545,9
12,bcup,119,140,15,1,0.777,0.49,9
12,bcup,119,139,16,1,0.798,0.53,9
12,bcup,119,143,17,1,0.832,0.51,9
12,bcup,119,144,18,1,0.818,0.49,9
12,bcup,119,121,19,1,0.747,0.342,9
12,bcup,119,126,20,1,0.692,0.346,9
12,bcup,119,124,21,1,0.713,0.277,9
12,bcup,119,125,22,1,0.713,0.312,9
12,bcup,119,123,23,1,0.747,0.277,9
12,bcup,119,122,24,1,0.747,0.312,9
12,bcup,119,131,25,1,0.796,0.085,9
12,bcup,119,129,26,1,0.727,0.119,9
12,bcup,119,132,27,1,0.796,0.15,9
12,bcup,119,127,28,1,0.741,0.099,9
12,bcup,119,130,29,1,0.775,0.16,9
12,bcup,119,128,30,1,0.761,0.119,9
12,bcup,119,100,31,1,0.591,0.136,9
12,bcup,119,97,32,1,0.585,0.196,9
12,bcup,119,102,33,1,0.551,0.19,9
12,bcup,119,101,34,1,0.605,0.156,9
12,bcup,119,99,35,1,0.551,0.136,9
12,bcup,119,98,36,1,0.605,0.121,9
12,bcup,119,69,37,1,0.374,0.045,9
12,bcup,119,68,38,1,0.429,0.024,9
12,bcup,119,70,39,1,0.443,0.075,9
12,bcup,119,71,40,1,0.389,0,9
12,bcup,119,67,41,1,0.409,0.01,9
12,bcup,119,72,42,1,0.389,0.079,9
12,bcup,119,74,43,1,0.429,0.231,9
12,bcup,119,77,44,1,0.409,0.217,9
12,bcup,119,73,45,1,0.443,0.217,9
12,bcup,119,75,46,1,0.443,0.281,9
12,bcup,119,76,47,1,0.389,0.206,9
12,bcup,119,78,48,1,0.374,0.251,9
12,bcup,119,37,49,1,0.281,0.196,9
12,bcup,119,39,50,1,0.247,0.132,9
12,bcup,119,42,51,1,0.247,0.186,9
12,bcup,119,38,52,1,0.213,0.166,9
12,bcup,119,41,53,1,0.227,0.146,9
12,bcup,119,40,54,1,0.247,0.166,9
12,bcup,119,9,55,1,0.051,0.126,9
12,bcup,119,8,56,1,0.085,0.156,9
12,bcup,119,12,57,1,0.085,0.126,9
12,bcup,119,7,58,1,0.03,0.081,9
12,bcup,119,11,59,1,0.03,0.105,9
12,bcup,119,10,60,1,0.065,0.166,9
12,bcup,119,28,61,1,0.17,0.348,9
12,bcup,119,26,62,1,0.136,0.348,9
12,bcup,119,27,63,1,0.115,0.304,9
12,bcup,119,25,64,1,0.156,0.328,9
12,bcup,119,29,65,1,0.17,0.379,9
12,bcup,119,30,66,1,0.15,0.389,9
12,bcup,119,2,67,1,0,0.466,9
12,bcup,119,1,68,1,0.02,0.476,9
12,bcup,119,6,69,1,0,0.545,9
12,bcup,119,3,70,1,0.055,0.54,9
12,bcup,119,5,71,1,0.034,0.551,9
12,bcup,119,4,72,1,0.02,0.53,9
12,bcup,119,36,73,1,0.172,0.547,9
12,bcup,119,35,74,1,0.213,0.492,9
12,bcup,119,32,75,1,0.192,0.512,9
12,bcup,119,33,76,1,0.227,0.512,9
12,bcup,119,34,77,1,0.227,0.478,9
12,bcup,119,31,78,1,0.172,0.468,9
12,bcup,119,19,79,1,0.105,0.674,9
12,bcup,119,24,80,1,0.119,0.749,9
12,bcup,119,22,81,1,0.14,0.739,9
12,bcup,119,23,82,1,0.105,0.729,9
12,bcup,119,20,83,1,0.085,0.743,9
12,bcup,119,21,84,1,0.085,0.664,9
12,bcup,119,18,85,1,0.085,0.925,9
12,bcup,119,14,86,1,0.051,0.86,9
12,bcup,119,17,87,1,0.051,0.915,9
12,bcup,119,16,88,1,0.051,0.895,9
12,bcup,119,13,89,1,0.03,0.85,9
12,bcup,119,15,90,1,0.085,0.86,9
12,bcup,119,46,91,1,0.281,0.854,9
12,bcup,119,45,92,1,0.247,0.854,9
12,bcup,119,48,93,1,0.213,0.854,9
12,bcup,119,47,94,1,0.267,0.834,9
12,bcup,119,44,95,1,0.227,0.889,9
12,bcup,119,63,96,1,0.427,0.757,9
12,bcup,119,64,97,1,0.387,0.757,9
12,bcup,119,62,98,1,0.387,0.812,9
12,bcup,119,66,99,1,0.372,0.777,9
12,bcup,119,61,100,1,0.441,0.777,9
12,bcup,119,65,101,1,0.407,0.743,9
12,bcup,119,83,102,1,0.389,1,9
12,bcup,119,84,103,1,0.374,0.966,9
12,bcup,119,80,104,1,0.409,0.986,9
12,bcup,119,81,105,1,0.389,0.921,9
12,bcup,119,79,106,1,0.429,0.945,9
12,bcup,119,82,107,1,0.389,0.945,9
12,bcup,119,106,108,1,0.571,0.83,9
12,bcup,119,107,109,1,0.605,0.864,9
12,bcup,119,103,110,1,0.605,0.83,9
12,bcup,119,108,111,1,0.551,0.899,9
12,bcup,119,105,112,1,0.551,0.82,9
12,bcup,119,104,113,1,0.591,0.844,9
12,bcup,119,136,114,1,0.775,0.941,9
12,bcup,119,135,115,1,0.796,0.931,9
12,bcup,119,134,116,1,0.796,0.866,9
12,bcup,119,133,117,1,0.761,0.866,9
12,bcup,119,138,118,1,0.741,0.935,9
12,bcup,119,137,119,1,0.761,0.921,9
12,bcup,119,118,120,1,0.733,0.688,9
12,bcup,119,120,121,1,0.747,0.674,9
12,bcup,119,119,122,1,0.747,0.739,9
12,bcup,119,115,123,1,0.692,0.743,9
12,bcup,119,116,124,1,0.692,0.688,9
12,bcup,119,117,125,1,0.713,0.674,9
12,bcup,119,96,126,1,0.52,0.648,9
12,bcup,119,93,127,1,0.5,0.603,9
12,bcup,119,94,128,1,0.534,0.688,9
12,bcup,119,91,129,1,0.5,0.682,9
12,bcup,119,92,130,1,0.555,0.613,9
12,bcup,119,95,131,1,0.555,0.678,9
12,bcup,120,53,1,1,0.32,0.595,10
12,bcup,120,51,2,1,0.32,0.65,10
12,bcup,120,49,3,1,0.34,0.609,10
12,bcup,120,50,4,1,0.32,0.63,10
12,bcup,120,52,5,1,0.354,0.595,10
12,bcup,120,54,6,1,0.354,0.66,10
12,bcup,120,66,7,1,0.427,0.757,10
12,bcup,120,62,8,1,0.387,0.757,10
12,bcup,120,65,9,1,0.387,0.812,10
12,bcup,120,64,10,1,0.372,0.777,10
12,bcup,120,63,11,1,0.441,0.777,10
12,bcup,120,43,12,1,0.281,0.854,10
12,bcup,120,46,13,1,0.247,0.854,10
12,bcup,120,44,14,1,0.213,0.854,10
12,bcup,120,48,15,1,0.267,0.834,10
12,bcup,120,47,16,1,0.227,0.889,10
12,bcup,120,45,17,1,0.247,0.874,10
12,bcup,120,82,18,1,0.389,1,10
12,bcup,120,84,19,1,0.374,0.966,10
12,bcup,120,80,20,1,0.409,0.986,10
12,bcup,120,79,21,1,0.389,0.921,10
12,bcup,120,83,22,1,0.429,0.945,10
12,bcup,120,81,23,1,0.389,0.945,10
12,bcup,120,13,24,1,0.085,0.925,10
12,bcup,120,15,25,1,0.051,0.86,10
12,bcup,120,16,26,1,0.051,0.915,10
12,bcup,120,18,27,1,0.051,0.895,10
12,bcup,120,14,28,1,0.03,0.85,10
12,bcup,120,17,29,1,0.085,0.86,10
12,bcup,120,20,30,1,0.105,0.674,10
12,bcup,120,22,31,1,0.119,0.749,10
12,bcup,120,21,32,1,0.14,0.739,10
12,bcup,120,23,33,1,0.105,0.729,10
12,bcup,120,19,34,1,0.085,0.743,10
12,bcup,120,24,35,1,0.085,0.664,10
12,bcup,120,32,36,1,0.172,0.547,10
12,bcup,120,33,37,1,0.213,0.492,10
12,bcup,120,34,38,1,0.192,0.512,10
12,bcup,120,35,39,1,0.227,0.512,10
12,bcup,120,36,40,1,0.227,0.478,10
12,bcup,120,4,41,1,0,0.466,10
12,bcup,120,5,42,1,0.02,0.476,10
12,bcup,120,6,43,1,0,0.545,10
12,bcup,120,3,44,1,0.055,0.54,10
12,bcup,120,2,45,1,0.034,0.551,10
12,bcup,120,1,46,1,0.02,0.53,10
12,bcup,120,26,47,1,0.17,0.348,10
12,bcup,120,30,48,1,0.136,0.348,10
12,bcup,120,29,49,1,0.115,0.304,10
12,bcup,120,25,50,1,0.156,0.328,10
12,bcup,120,28,51,1,0.17,0.379,10
12,bcup,120,27,52,1,0.15,0.389,10
12,bcup,120,12,53,1,0.051,0.126,10
12,bcup,120,8,54,1,0.085,0.156,10
12,bcup,120,9,55,1,0.085,0.126,10
12,bcup,120,7,56,1,0.03,0.081,10
12,bcup,120,10,57,1,0.03,0.105,10
12,bcup,120,11,58,1,0.065,0.166,10
12,bcup,120,40,59,1,0.281,0.196,10
12,bcup,120,41,60,1,0.247,0.132,10
12,bcup,120,42,61,1,0.247,0.186,10
12,bcup,120,37,62,1,0.227,0.146,10
12,bcup,120,38,63,1,0.247,0.166,10
12,bcup,120,39,64,1,0.247,0.166,10
12,bcup,120,78,65,1,0.429,0.231,10
12,bcup,120,77,66,1,0.409,0.217,10
12,bcup,120,73,67,1,0.443,0.217,10
12,bcup,120,75,68,1,0.443,0.281,10
12,bcup,120,74,69,1,0.389,0.206,10
12,bcup,120,76,70,1,0.374,0.251,10
12,bcup,120,72,71,1,0.374,0.045,10
12,bcup,120,67,72,1,0.429,0.024,10
12,bcup,120,68,73,1,0.443,0.075,10
12,bcup,120,71,74,1,0.389,0,10
12,bcup,120,70,75,1,0.409,0.01,10
12,bcup,120,69,76,1,0.389,0.079,10
12,bcup,120,101,77,1,0.591,0.136,10
12,bcup,120,97,78,1,0.585,0.196,10
12,bcup,120,102,79,1,0.551,0.19,10
12,bcup,120,100,80,1,0.605,0.156,10
12,bcup,120,98,81,1,0.551,0.136,10
12,bcup,120,99,82,1,0.605,0.121,10
12,bcup,120,122,83,1,0.747,0.342,10
12,bcup,120,124,84,1,0.692,0.346,10
12,bcup,120,121,85,1,0.713,0.277,10
12,bcup,120,126,86,1,0.713,0.312,10
12,bcup,120,125,87,1,0.747,0.277,10
12,bcup,120,123,88,1,0.747,0.312,10
12,bcup,120,131,89,1,0.796,0.085,10
12,bcup,120,129,90,1,0.727,0.119,10
12,bcup,120,132,91,1,0.796,0.15,10
12,bcup,120,128,92,1,0.741,0.099,10
12,bcup,120,130,93,1,0.775,0.16,10
12,bcup,120,127,94,1,0.761,0.119,10
12,bcup,120,141,95,1,0.832,0.54,10
12,bcup,120,144,96,1,0.777,0.545,10
12,bcup,120,143,97,1,0.777,0.49,10
12,bcup,120,142,98,1,0.798,0.53,10
12,bcup,120,139,99,1,0.832,0.51,10
12,bcup,120,140,100,1,0.818,0.49,10
12,bcup,120,120,101,1,0.733,0.688,10
12,bcup,120,115,102,1,0.747,0.674,10
12,bcup,120,116,103,1,0.747,0.739,10
12,bcup,120,119,104,1,0.692,0.743,10
12,bcup,120,117,105,1,0.692,0.688,10
12,bcup,120,118,106,1,0.713,0.674,10
12,bcup,120,136,107,1,0.775,0.941,10
12,bcup,120,135,108,1,0.796,0.931,10
12,bcup,120,134,109,1,0.796,0.866,10
12,bcup,120,133,110,1,0.761,0.866,10
12,bcup,120,138,111,1,0.741,0.935,10
12,bcup,120,137,112,1,0.761,0.921,10
12,bcup,120,104,113,1,0.571,0.83,10
12,bcup,120,108,114,1,0.605,0.864,10
12,bcup,120,105,115,1,0.605,0.83,10
12,bcup,120,103,116,1,0.551,0.899,10
12,bcup,120,107,117,1,0.551,0.82,10
12,bcup,120,106,118,1,0.591,0.844,10
12,bcup,120,95,119,1,0.52,0.648,10
12,bcup,120,96,120,1,0.5,0.603,10
12,bcup,120,94,121,1,0.534,0.688,10
13,bcup,121,58,1,1,0.326,0.397,1
13,bcup,121,55,2,1,0.291,0.362,1
13,bcup,121,57,3,1,0.291,0.417,1
13,bcup,121,56,4,1,0.271,0.352,1
13,bcup,121,59,5,1,0.271,0.377,1
13,bcup,121,60,6,1,0.291,0.397,1
13,bcup,121,78,7,1,0.413,0.241,1
13,bcup,121,75,8,1,0.379,0.261,1
13,bcup,121,73,9,1,0.413,0.206,1
13,bcup,121,74,10,1,0.358,0.221,1
13,bcup,121,76,11,1,0.358,0.275,1
13,bcup,121,77,12,1,0.379,0.241,1
13,bcup,121,37,13,1,0.231,0.196,1
13,bcup,121,38,14,1,0.196,0.19,1
13,bcup,121,42,15,1,0.196,0.136,1
13,bcup,121,40,16,1,0.251,0.156,1
13,bcup,121,41,17,1,0.237,0.136,1
13,bcup,121,39,18,1,0.251,0.186,1
13,bcup,121,27,19,1,0.14,0.368,1
13,bcup,121,25,20,1,0.119,0.379,1
13,bcup,121,26,21,1,0.14,0.338,1
13,bcup,121,28,22,1,0.105,0.338,1
13,bcup,121,29,23,1,0.071,0.338,1
13,bcup,121,30,24,1,0.105,0.304,1
13,bcup,121,12,25,1,0.055,0.115,1
13,bcup,121,11,26,1,0.02,0.136,1
13,bcup,121,8,27,1,0.055,0.081,1
13,bcup,121,7,28,1,0,0.071,1
13,bcup,121,9,29,1,0,0.15,1
13,bcup,121,10,30,1,0.055,0.146,1
13,bcup,121,71,31,1,0.379,0.055,1
13,bcup,121,72,32,1,0.413,0.034,1
13,bcup,121,68,33,1,0.393,0.075,1
13,bcup,121,67,34,1,0.413,0.065,1
13,bcup,121,69,35,1,0.379,0,1
13,bcup,121,70,36,1,0.413,0,1
13,bcup,121,98,37,1,0.575,0.176,1
13,bcup,121,100,38,1,0.54,0.111,1
13,bcup,121,102,39,1,0.555,0.186,1
13,bcup,121,101,40,1,0.575,0.111,1
13,bcup,121,99,41,1,0.54,0.146,1
13,bcup,121,97,42,1,0.561,0.126,1
13,bcup,122,50,1,1,0.354,0.528,2
13,bcup,122,49,2,1,0.368,0.549,2
13,bcup,122,54,3,1,0.3,0.549,2
13,bcup,122,53,4,1,0.314,0.504,2
13,bcup,122,51,5,1,0.348,0.589,2
13,bcup,122,52,6,1,0.334,0.549,2
13,bcup,122,91,7,1,0.5,0.567,2
13,bcup,122,96,8,1,0.569,0.532,2
13,bcup,122,94,9,1,0.569,0.567,2
13,bcup,122,92,10,1,0.555,0.547,2
13,bcup,122,93,11,1,0.569,0.597,2
13,bcup,122,95,12,1,0.534,0.567,2
13,bcup,122,63,13,1,0.421,0.696,2
13,bcup,122,62,14,1,0.401,0.676,2
13,bcup,122,61,15,1,0.421,0.662,2
13,bcup,122,64,16,1,0.455,0.696,2
13,bcup,122,65,17,1,0.455,0.727,2
13,bcup,122,66,18,1,0.435,0.737,2
13,bcup,122,45,19,1,0.241,0.753,2
13,bcup,122,48,20,1,0.275,0.814,2
13,bcup,122,46,21,1,0.261,0.739,2
13,bcup,122,47,22,1,0.261,0.773,2
13,bcup,122,44,23,1,0.261,0.794,2
13,bcup,122,43,24,1,0.281,0.753,2
13,bcup,122,15,25,1,0.099,0.844,2
13,bcup,122,13,26,1,0.079,0.854,2
13,bcup,122,14,27,1,0.099,0.814,2
13,bcup,122,16,28,1,0.065,0.834,2
13,bcup,122,18,29,1,0.03,0.814,2
13,bcup,122,17,30,1,0.045,0.848,2
13,bcup,122,21,31,1,0.119,0.628,2
13,bcup,122,19,32,1,0.099,0.607,2
13,bcup,122,20,33,1,0.119,0.648,2
13,bcup,122,24,34,1,0.119,0.593,2
13,bcup,122,22,35,1,0.14,0.607,2
13,bcup,122,23,36,1,0.099,0.583,2
13,bcup,122,3,37,1,0.055,0.409,2
13,bcup,122,1,38,1,0.034,0.395,2
13,bcup,122,6,39,1,0.034,0.429,2
13,bcup,122,2,40,1,0.069,0.395,2
13,bcup,122,4,41,1,0,0.429,2
13,bcup,122,5,42,1,0.069,0.429,2
13,bcup,122,33,43,1,0.206,0.431,2
13,bcup,122,31,44,1,0.241,0.431,2
13,bcup,122,36,45,1,0.172,0.431,2
13,bcup,122,32,46,1,0.206,0.397,2
13,bcup,122,35,47,1,0.241,0.397,2
13,bcup,122,34,48,1,0.221,0.472,2
13,bcup,122,26,49,1,0.184,0.298,2
13,bcup,122,25,50,1,0.164,0.308,2
13,bcup,122,27,51,1,0.184,0.267,2
13,bcup,122,28,52,1,0.15,0.267,2
13,bcup,122,29,53,1,0.115,0.267,2
13,bcup,122,30,54,1,0.15,0.233,2
13,bcup,122,11,55,1,0.099,0.045,2
13,bcup,122,8,56,1,0.065,0.065,2
13,bcup,122,12,57,1,0.099,0.01,2
13,bcup,122,7,58,1,0.045,0,2
13,bcup,122,9,59,1,0.045,0.079,2
13,bcup,122,10,60,1,0.099,0.075,2
13,bcup,122,38,61,1,0.275,0.126,2
13,bcup,122,37,62,1,0.241,0.119,2
13,bcup,122,42,63,1,0.241,0.065,2
13,bcup,122,40,64,1,0.296,0.085,2
13,bcup,122,41,65,1,0.281,0.065,2
13,bcup,122,39,66,1,0.296,0.115,2
13,bcup,122,78,67,1,0.457,0.17,2
13,bcup,123,92,1,1,0.2,0.603,3
13,bcup,123,94,2,1,0.269,0.569,3
13,bcup,123,96,3,1,0.269,0.603,3
13,bcup,123,91,4,1,0.255,0.583,3
13,bcup,123,93,5,1,0.269,0.634,3
13,bcup,123,95,6,1,0.235,0.603,3
13,bcup,123,50,7,1,0.055,0.565,3
13,bcup,123,49,8,1,0.069,0.585,3
13,bcup,123,52,9,1,0,0.585,3
13,bcup,123,54,10,1,0.014,0.54,3
13,bcup,123,51,11,1,0.049,0.626,3
13,bcup,123,53,12,1,0.034,0.585,3
13,bcup,123,63,13,1,0.121,0.733,3
13,bcup,123,62,14,1,0.101,0.713,3
13,bcup,123,61,15,1,0.121,0.698,3
13,bcup,123,64,16,1,0.156,0.733,3
13,bcup,123,65,17,1,0.156,0.763,3
13,bcup,123,66,18,1,0.136,0.773,3
13,bcup,123,83,19,1,0.103,0.955,3
13,bcup,123,84,20,1,0.123,0.921,3
13,bcup,123,80,21,1,0.158,0.951,3
13,bcup,123,82,22,1,0.123,0.941,3
13,bcup,123,79,23,1,0.144,0.901,3
13,bcup,123,81,24,1,0.103,0.877,3
13,bcup,123,104,25,1,0.285,0.785,3
13,bcup,123,105,26,1,0.265,0.8,3
13,bcup,123,103,27,1,0.265,0.775,3
13,bcup,123,107,28,1,0.32,0.82,3
13,bcup,123,108,29,1,0.265,0.854,3
13,bcup,123,106,30,1,0.32,0.85,3
13,bcup,123,135,31,1,0.476,0.877,3
13,bcup,123,137,32,1,0.496,0.836,3
13,bcup,123,133,33,1,0.441,0.856,3
13,bcup,123,138,34,1,0.51,0.856,3
13,bcup,123,134,35,1,0.455,0.891,3
13,bcup,123,136,36,1,0.476,0.856,3
13,bcup,123,115,37,1,0.407,0.698,3
13,bcup,123,118,38,1,0.427,0.63,3
13,bcup,123,120,39,1,0.407,0.644,3
13,bcup,123,119,40,1,0.462,0.694,3
13,bcup,123,116,41,1,0.462,0.63,3
13,bcup,123,117,42,1,0.462,0.664,3
13,bcup,123,112,43,1,0.308,0.447,3
13,bcup,123,111,44,1,0.308,0.423,3
13,bcup,123,109,45,1,0.294,0.468,3
13,bcup,123,110,46,1,0.308,0.502,3
13,bcup,123,113,47,1,0.328,0.433,3
13,bcup,123,114,48,1,0.362,0.433,3
13,bcup,123,144,49,1,0.492,0.421,3
13,bcup,123,139,50,1,0.512,0.466,3
13,bcup,123,140,51,1,0.547,0.466,3
13,bcup,123,142,52,1,0.547,0.431,3
13,bcup,123,141,53,1,0.547,0.496,3
13,bcup,123,143,54,1,0.478,0.466,3
13,bcup,123,122,55,1,0.407,0.247,3
13,bcup,123,126,56,1,0.407,0.302,3
13,bcup,123,125,57,1,0.462,0.233,3
13,bcup,123,123,58,1,0.407,0.223,3
13,bcup,123,121,59,1,0.447,0.247,3
13,bcup,123,124,60,1,0.441,0.308,3
13,bcup,123,90,61,1,0.229,0.342,3
13,bcup,123,87,62,1,0.209,0.298,3
13,bcup,123,85,63,1,0.263,0.308,3
13,bcup,123,89,64,1,0.194,0.342,3
13,bcup,123,88,65,1,0.229,0.362,3
13,bcup,123,86,66,1,0.263,0.342,3
13,bcup,123,99,67,1,0.32,0.142,3
13,bcup,123,97,68,1,0.3,0.152,3
13,bcup,123,101,69,1,0.32,0.077,3
13,bcup,123,102,70,1,0.285,0.111,3
13,bcup,123,100,71,1,0.306,0.091,3
13,bcup,123,98,72,1,0.285,0.111,3
13,bcup,123,128,73,1,0.476,0.075,3
13,bcup,123,127,74,1,0.441,0.075,3
13,bcup,123,130,75,1,0.455,0.055,3
13,bcup,123,131,76,1,0.496,0.055,3
13,bcup,123,129,77,1,0.476,0.04,3
13,bcup,123,132,78,1,0.455,0.03,3
13,bcup,123,72,79,1,0.123,0.02,3
13,bcup,123,71,80,1,0.158,0,3
13,bcup,123,69,81,1,0.138,0.04,3
13,bcup,123,70,82,1,0.158,0.03,3
13,bcup,124,50,1,1,0.055,0.534,4
13,bcup,124,49,2,1,0.069,0.555,4
13,bcup,124,54,3,1,0,0.555,4
13,bcup,124,52,4,1,0.014,0.51,4
13,bcup,124,51,5,1,0.049,0.595,4
13,bcup,124,53,6,1,0.034,0.555,4
13,bcup,124,91,7,1,0.2,0.573,4
13,bcup,124,96,8,1,0.269,0.538,4
13,bcup,124,94,9,1,0.269,0.573,4
13,bcup,124,92,10,1,0.255,0.553,4
13,bcup,124,93,11,1,0.269,0.603,4
13,bcup,124,95,12,1,0.235,0.573,4
13,bcup,124,64,13,1,0.121,0.702,4
13,bcup,124,65,14,1,0.101,0.682,4
13,bcup,124,66,15,1,0.121,0.668,4
13,bcup,124,61,16,1,0.156,0.702,4
13,bcup,124,62,17,1,0.156,0.733,4
13,bcup,124,63,18,1,0.136,0.743,4
13,bcup,124,105,19,1,0.285,0.755,4
13,bcup,124,103,20,1,0.265,0.769,4
13,bcup,124,104,21,1,0.265,0.745,4
13,bcup,124,107,22,1,0.32,0.789,4
13,bcup,124,108,23,1,0.265,0.824,4
13,bcup,124,106,24,1,0.32,0.82,4
13,bcup,124,115,25,1,0.407,0.668,4
13,bcup,124,118,26,1,0.427,0.599,4
13,bcup,124,120,27,1,0.407,0.613,4
13,bcup,124,119,28,1,0.462,0.664,4
13,bcup,124,116,29,1,0.462,0.599,4
13,bcup,124,117,30,1,0.462,0.634,4
13,bcup,124,134,31,1,0.476,0.846,4
13,bcup,124,136,32,1,0.496,0.806,4
13,bcup,124,138,33,1,0.441,0.826,4
13,bcup,124,133,34,1,0.51,0.826,4
13,bcup,124,137,35,1,0.455,0.86,4
13,bcup,124,135,36,1,0.476,0.826,4
13,bcup,124,143,37,1,0.492,0.391,4
13,bcup,124,141,38,1,0.512,0.435,4
13,bcup,124,142,39,1,0.547,0.435,4
13,bcup,124,139,40,1,0.547,0.401,4
13,bcup,124,144,41,1,0.547,0.466,4
13,bcup,124,140,42,1,0.478,0.435,4
13,bcup,124,114,43,1,0.308,0.417,4
13,bcup,124,113,44,1,0.308,0.393,4
13,bcup,124,110,45,1,0.294,0.437,4
13,bcup,124,109,46,1,0.308,0.472,4
13,bcup,124,111,47,1,0.328,0.403,4
13,bcup,124,112,48,1,0.362,0.403,4
13,bcup,124,122,49,1,0.407,0.217,4
13,bcup,124,126,50,1,0.407,0.271,4
13,bcup,124,121,51,1,0.462,0.202,4
13,bcup,124,124,52,1,0.407,0.192,4
13,bcup,124,125,53,1,0.447,0.217,4
13,bcup,124,123,54,1,0.441,0.277,4
13,bcup,124,128,55,1,0.476,0.045,4
13,bcup,124,132,56,1,0.441,0.045,4
13,bcup,124,129,57,1,0.455,0.024,4
13,bcup,124,131,58,1,0.496,0.024,4
13,bcup,124,130,59,1,0.476,0.01,4
13,bcup,124,127,60,1,0.455,0,4
13,bcup,124,97,61,1,0.32,0.111,4
13,bcup,124,99,62,1,0.285,0.047,4
13,bcup,124,101,63,1,0.3,0.121,4
13,bcup,124,102,64,1,0.32,0.047,4
13,bcup,124,98,65,1,0.285,0.081,4
13,bcup,124,100,66,1,0.306,0.061,4
13,bcup,124,73,67,1,0.158,0.176,4
13,bcup,124,76,68,1,0.144,0.156,4
13,bcup,124,74,69,1,0.123,0.196,4
13,bcup,124,75,70,1,0.158,0.142,4
13,bcup,124,78,71,1,0.103,0.156,4
13,bcup,124,77,72,1,0.103,0.211,4
13,bcup,125,50,1,1,0.31,0.599,5
13,bcup,125,49,2,1,0.324,0.619,5
13,bcup,125,54,3,1,0.255,0.619,5
13,bcup,125,53,4,1,0.269,0.575,5
13,bcup,125,51,5,1,0.304,0.66,5
13,bcup,125,52,6,1,0.289,0.619,5
13,bcup,125,32,7,1,0.162,0.502,5
13,bcup,125,35,8,1,0.196,0.502,5
13,bcup,125,36,9,1,0.128,0.502,5
13,bcup,125,31,10,1,0.162,0.468,5
13,bcup,125,33,11,1,0.196,0.468,5
13,bcup,125,34,12,1,0.176,0.543,5
13,bcup,125,57,13,1,0.326,0.397,5
13,bcup,125,58,14,1,0.291,0.362,5
13,bcup,125,55,15,1,0.291,0.417,5
13,bcup,125,60,16,1,0.326,0.427,5
13,bcup,125,59,17,1,0.271,0.352,5
13,bcup,125,56,18,1,0.271,0.377,5
13,bcup,125,25,19,1,0.14,0.368,5
13,bcup,125,26,20,1,0.119,0.379,5
13,bcup,125,27,21,1,0.14,0.338,5
13,bcup,125,28,22,1,0.105,0.338,5
13,bcup,125,29,23,1,0.071,0.338,5
13,bcup,125,30,24,1,0.105,0.304,5
13,bcup,125,12,25,1,0.055,0.115,5
13,bcup,125,7,26,1,0.02,0.136,5
13,bcup,125,9,27,1,0.055,0.081,5
13,bcup,125,10,28,1,0,0.071,5
13,bcup,125,8,29,1,0,0.15,5
13,bcup,125,11,30,1,0.055,0.146,5
13,bcup,125,39,31,1,0.231,0.196,5
13,bcup,125,41,32,1,0.196,0.19,5
13,bcup,125,40,33,1,0.196,0.136,5
13,bcup,125,42,34,1,0.251,0.156,5
13,bcup,125,37,35,1,0.237,0.136,5
13,bcup,125,38,36,1,0.251,0.186,5
13,bcup,125,77,37,1,0.413,0.241,5
13,bcup,125,75,38,1,0.399,0.221,5
13,bcup,125,78,39,1,0.379,0.261,5
13,bcup,125,73,40,1,0.413,0.206,5
13,bcup,125,74,41,1,0.358,0.221,5
13,bcup,125,76,42,1,0.358,0.275,5
13,bcup,125,69,43,1,0.379,0.055,5
13,bcup,125,70,44,1,0.413,0.034,5
13,bcup,125,67,45,1,0.393,0.075,5
13,bcup,125,72,46,1,0.413,0.065,5
13,bcup,125,68,47,1,0.379,0,5
13,bcup,125,71,48,1,0.413,0,5
13,bcup,125,98,49,1,0.575,0.176,5
13,bcup,125,100,50,1,0.54,0.111,5
13,bcup,125,102,51,1,0.555,0.186,5
13,bcup,125,101,52,1,0.575,0.111,5
13,bcup,125,97,53,1,0.54,0.146,5
13,bcup,125,99,54,1,0.561,0.126,5
13,bcup,125,87,55,1,0.484,0.377,5
13,bcup,125,86,56,1,0.464,0.332,5
13,bcup,125,85,57,1,0.518,0.342,5
13,bcup,125,88,58,1,0.449,0.377,5
13,bcup,125,89,59,1,0.484,0.397,5
13,bcup,125,90,60,1,0.518,0.377,5
13,bcup,125,124,61,1,0.662,0.281,5
13,bcup,125,121,62,1,0.662,0.336,5
13,bcup,125,125,63,1,0.717,0.267,5
13,bcup,125,123,64,1,0.662,0.257,5
13,bcup,125,126,65,1,0.702,0.281,5
13,bcup,125,122,66,1,0.696,0.342,5
13,bcup,125,128,67,1,0.731,0.109,5
13,bcup,125,129,68,1,0.696,0.109,5
13,bcup,125,132,69,1,0.711,0.089,5
13,bcup,125,131,70,1,0.751,0.089,5
13,bcup,125,130,71,1,0.731,0.075,5
13,bcup,125,127,72,1,0.711,0.065,5
13,bcup,125,142,73,1,0.747,0.455,5
13,bcup,125,141,74,1,0.767,0.5,5
13,bcup,125,143,75,1,0.802,0.5,5
13,bcup,125,139,76,1,0.802,0.466,5
13,bcup,125,140,77,1,0.802,0.53,5
13,bcup,125,144,78,1,0.733,0.5,5
13,bcup,125,114,79,1,0.563,0.482,5
13,bcup,125,113,80,1,0.563,0.457,5
13,bcup,125,110,81,1,0.549,0.502,5
13,bcup,125,109,82,1,0.563,0.536,5
13,bcup,125,111,83,1,0.583,0.468,5
13,bcup,125,112,84,1,0.617,0.468,5
13,bcup,126,50,1,1,0.324,0.342,6
13,bcup,126,49,2,1,0.338,0.362,6
13,bcup,126,54,3,1,0.269,0.362,6
13,bcup,126,52,4,1,0.283,0.318,6
13,bcup,126,51,5,1,0.318,0.403,6
13,bcup,126,53,6,1,0.304,0.362,6
13,bcup,126,32,7,1,0.176,0.245,6
13,bcup,126,35,8,1,0.211,0.245,6
13,bcup,126,36,9,1,0.142,0.245,6
13,bcup,126,31,10,1,0.176,0.211,6
13,bcup,126,34,11,1,0.211,0.211,6
13,bcup,126,33,12,1,0.19,0.285,6
13,bcup,126,23,13,1,0.089,0.441,6
13,bcup,126,24,14,1,0.069,0.421,6
13,bcup,126,21,15,1,0.089,0.462,6
13,bcup,126,20,16,1,0.089,0.407,6
13,bcup,126,22,17,1,0.109,0.421,6
13,bcup,126,15,18,1,0.069,0.658,6
13,bcup,126,13,19,1,0.049,0.668,6
13,bcup,126,14,20,1,0.069,0.628,6
13,bcup,126,16,21,1,0.034,0.648,6
13,bcup,126,18,22,1,0,0.628,6
13,bcup,126,17,23,1,0.014,0.662,6
13,bcup,126,43,24,1,0.211,0.567,6
13,bcup,126,45,25,1,0.245,0.628,6
13,bcup,126,48,26,1,0.231,0.553,6
13,bcup,126,46,27,1,0.231,0.587,6
13,bcup,126,47,28,1,0.231,0.607,6
13,bcup,126,44,29,1,0.251,0.567,6
13,bcup,126,62,30,1,0.391,0.51,6
13,bcup,126,63,31,1,0.37,0.49,6
13,bcup,126,61,32,1,0.391,0.476,6
13,bcup,126,64,33,1,0.425,0.51,6
13,bcup,126,65,34,1,0.425,0.54,6
13,bcup,126,66,35,1,0.405,0.551,6
13,bcup,126,84,36,1,0.372,0.733,6
13,bcup,126,83,37,1,0.393,0.698,6
13,bcup,126,80,38,1,0.427,0.729,6
13,bcup,126,82,39,1,0.393,0.719,6
13,bcup,126,79,40,1,0.413,0.678,6
13,bcup,126,81,41,1,0.372,0.654,6
13,bcup,126,104,42,1,0.555,0.563,6
13,bcup,126,105,43,1,0.534,0.577,6
13,bcup,126,103,44,1,0.534,0.553,6
13,bcup,126,106,45,1,0.589,0.597,6
13,bcup,126,108,46,1,0.534,0.632,6
13,bcup,126,107,47,1,0.589,0.628,6
13,bcup,126,135,48,1,0.745,0.654,6
13,bcup,126,137,49,1,0.765,0.613,6
13,bcup,126,133,50,1,0.711,0.634,6
13,bcup,126,138,51,1,0.779,0.634,6
13,bcup,126,134,52,1,0.725,0.668,6
13,bcup,126,136,53,1,0.745,0.634,6
13,bcup,126,115,54,1,0.676,0.476,6
13,bcup,126,117,55,1,0.696,0.407,6
13,bcup,126,116,56,1,0.676,0.421,6
13,bcup,126,119,57,1,0.731,0.472,6
13,bcup,126,120,58,1,0.731,0.407,6
13,bcup,126,118,59,1,0.731,0.441,6
13,bcup,126,143,60,1,0.761,0.198,6
13,bcup,126,141,61,1,0.781,0.243,6
13,bcup,126,142,62,1,0.816,0.243,6
13,bcup,126,140,63,1,0.816,0.209,6
13,bcup,126,144,64,1,0.816,0.273,6
13,bcup,126,139,65,1,0.747,0.243,6
13,bcup,126,112,66,1,0.577,0.225,6
13,bcup,126,111,67,1,0.577,0.2,6
13,bcup,126,110,68,1,0.563,0.245,6
13,bcup,126,109,69,1,0.577,0.279,6
13,bcup,126,113,70,1,0.597,0.211,6
13,bcup,126,114,71,1,0.632,0.211,6
13,bcup,126,122,72,1,0.676,0.024,6
13,bcup,126,126,73,1,0.676,0.079,6
13,bcup,126,124,74,1,0.731,0.01,6
13,bcup,126,121,75,1,0.676,0,6
13,bcup,126,123,76,1,0.717,0.024,6
13,bcup,126,125,77,1,0.711,0.085,6
13,bcup,127,91,1,1,0.5,0.638,7
13,bcup,127,96,2,1,0.569,0.603,7
13,bcup,127,94,3,1,0.569,0.638,7
13,bcup,127,92,4,1,0.555,0.617,7
13,bcup,127,93,5,1,0.569,0.668,7
13,bcup,127,95,6,1,0.534,0.638,7
13,bcup,127,50,7,1,0.354,0.599,7
13,bcup,127,49,8,1,0.368,0.619,7
13,bcup,127,53,9,1,0.3,0.619,7
13,bcup,127,54,10,1,0.314,0.575,7
13,bcup,127,51,11,1,0.348,0.66,7
13,bcup,127,52,12,1,0.334,0.619,7
13,bcup,127,63,13,1,0.421,0.767,7
13,bcup,127,62,14,1,0.401,0.747,7
13,bcup,127,61,15,1,0.421,0.733,7
13,bcup,127,64,16,1,0.455,0.767,7
13,bcup,127,66,17,1,0.455,0.798,7
13,bcup,127,65,18,1,0.435,0.808,7
13,bcup,127,105,19,1,0.585,0.82,7
13,bcup,127,103,20,1,0.565,0.834,7
13,bcup,127,104,21,1,0.565,0.81,7
13,bcup,127,106,22,1,0.619,0.854,7
13,bcup,127,108,23,1,0.565,0.889,7
13,bcup,127,107,24,1,0.619,0.885,7
13,bcup,127,83,25,1,0.403,0.99,7
13,bcup,127,80,26,1,0.423,0.955,7
13,bcup,127,82,27,1,0.457,0.986,7
13,bcup,127,79,28,1,0.423,0.976,7
13,bcup,127,81,29,1,0.443,0.935,7
13,bcup,127,84,30,1,0.403,0.911,7
13,bcup,127,44,31,1,0.241,0.824,7
13,bcup,127,47,32,1,0.275,0.885,7
13,bcup,127,46,33,1,0.261,0.81,7
13,bcup,127,43,34,1,0.261,0.844,7
13,bcup,127,45,35,1,0.261,0.864,7
13,bcup,127,48,36,1,0.281,0.824,7
13,bcup,127,13,37,1,0.099,0.915,7
13,bcup,127,15,38,1,0.079,0.925,7
13,bcup,127,14,39,1,0.099,0.885,7
13,bcup,127,16,40,1,0.065,0.905,7
13,bcup,127,18,41,1,0.03,0.885,7
13,bcup,127,17,42,1,0.045,0.919,7
13,bcup,127,21,43,1,0.119,0.698,7
13,bcup,127,19,44,1,0.099,0.678,7
13,bcup,127,23,45,1,0.119,0.719,7
13,bcup,127,22,46,1,0.119,0.664,7
13,bcup,127,20,47,1,0.14,0.678,7
13,bcup,127,24,48,1,0.099,0.654,7
13,bcup,127,36,49,1,0.206,0.502,7
13,bcup,127,33,50,1,0.241,0.502,7
13,bcup,127,31,51,1,0.172,0.502,7
13,bcup,127,32,52,1,0.206,0.468,7
13,bcup,127,35,53,1,0.241,0.468,7
13,bcup,127,34,54,1,0.221,0.543,7
13,bcup,127,6,55,1,0.055,0.48,7
13,bcup,127,5,56,1,0.034,0.466,7
13,bcup,127,3,57,1,0.034,0.5,7
13,bcup,127,1,58,1,0.069,0.466,7
13,bcup,127,2,59,1,0,0.5,7
13,bcup,127,4,60,1,0.069,0.5,7
13,bcup,127,29,61,1,0.184,0.368,7
13,bcup,127,28,62,1,0.164,0.379,7
13,bcup,127,30,63,1,0.184,0.338,7
13,bcup,127,27,64,1,0.15,0.338,7
13,bcup,127,25,65,1,0.115,0.338,7
13,bcup,127,26,66,1,0.15,0.304,7
13,bcup,127,11,67,1,0.099,0.115,7
13,bcup,127,8,68,1,0.065,0.136,7
13,bcup,127,10,69,1,0.099,0.081,7
13,bcup,127,9,70,1,0.045,0.071,7
13,bcup,127,7,71,1,0.045,0.15,7
13,bcup,127,12,72,1,0.099,0.146,7
13,bcup,127,38,73,1,0.275,0.196,7
13,bcup,127,37,74,1,0.241,0.19,7
13,bcup,127,42,75,1,0.241,0.136,7
13,bcup,127,40,76,1,0.296,0.156,7
13,bcup,127,41,77,1,0.281,0.136,7
13,bcup,127,39,78,1,0.296,0.186,7
13,bcup,127,71,79,1,0.423,0.055,7
13,bcup,127,72,80,1,0.457,0.034,7
13,bcup,127,68,81,1,0.437,0.075,7
13,bcup,127,70,82,1,0.457,0.065,7
13,bcup,127,69,83,1,0.423,0,7
13,bcup,127,67,84,1,0.457,0,7
13,bcup,127,78,85,1,0.457,0.241,7
13,bcup,128,50,1,1,0.354,0.599,8
13,bcup,128,49,2,1,0.368,0.619,8
13,bcup,128,52,3,1,0.3,0.619,8
13,bcup,128,54,4,1,0.314,0.575,8
13,bcup,128,51,5,1,0.348,0.66,8
13,bcup,128,53,6,1,0.334,0.619,8
13,bcup,128,63,7,1,0.421,0.767,8
13,bcup,128,62,8,1,0.401,0.747,8
13,bcup,128,61,9,1,0.421,0.733,8
13,bcup,128,64,10,1,0.455,0.767,8
13,bcup,128,65,11,1,0.455,0.798,8
13,bcup,128,66,12,1,0.435,0.808,8
13,bcup,128,45,13,1,0.241,0.824,8
13,bcup,128,48,14,1,0.275,0.885,8
13,bcup,128,43,15,1,0.261,0.81,8
13,bcup,128,46,16,1,0.261,0.844,8
13,bcup,128,47,17,1,0.261,0.864,8
13,bcup,128,44,18,1,0.281,0.824,8
13,bcup,128,15,19,1,0.099,0.915,8
13,bcup,128,13,20,1,0.079,0.925,8
13,bcup,128,14,21,1,0.099,0.885,8
13,bcup,128,16,22,1,0.065,0.905,8
13,bcup,128,18,23,1,0.03,0.885,8
13,bcup,128,17,24,1,0.045,0.919,8
13,bcup,128,21,25,1,0.119,0.698,8
13,bcup,128,19,26,1,0.099,0.678,8
13,bcup,128,20,27,1,0.119,0.719,8
13,bcup,128,24,28,1,0.119,0.664,8
13,bcup,128,22,29,1,0.14,0.678,8
13,bcup,128,23,30,1,0.099,0.654,8
13,bcup,128,36,31,1,0.206,0.502,8
13,bcup,128,32,32,1,0.241,0.502,8
13,bcup,128,31,33,1,0.172,0.502,8
13,bcup,128,33,34,1,0.206,0.468,8
13,bcup,128,34,35,1,0.241,0.468,8
13,bcup,128,35,36,1,0.221,0.543,8
13,bcup,128,6,37,1,0.055,0.48,8
13,bcup,128,1,38,1,0.034,0.466,8
13,bcup,128,2,39,1,0.034,0.5,8
13,bcup,128,4,40,1,0.069,0.466,8
13,bcup,128,3,41,1,0,0.5,8
13,bcup,128,5,42,1,0.069,0.5,8
13,bcup,128,26,43,1,0.184,0.368,8
13,bcup,128,25,44,1,0.164,0.379,8
13,bcup,128,27,45,1,0.184,0.338,8
13,bcup,128,30,46,1,0.15,0.338,8
13,bcup,128,28,47,1,0.115,0.338,8
13,bcup,128,29,48,1,0.15,0.304,8
13,bcup,128,11,49,1,0.099,0.115,8
13,bcup,128,8,50,1,0.065,0.136,8
13,bcup,128,7,51,1,0.099,0.081,8
13,bcup,128,12,52,1,0.045,0.071,8
13,bcup,128,9,53,1,0.045,0.15,8
13,bcup,128,10,54,1,0.099,0.146,8
13,bcup,128,39,55,1,0.275,0.196,8
13,bcup,128,41,56,1,0.241,0.19,8
13,bcup,128,40,57,1,0.241,0.136,8
13,bcup,128,42,58,1,0.296,0.156,8
13,bcup,128,37,59,1,0.281,0.136,8
13,bcup,128,38,60,1,0.296,0.186,8
13,bcup,128,71,61,1,0.423,0.055,8
13,bcup,128,72,62,1,0.457,0.034,8
13,bcup,128,70,63,1,0.437,0.075,8
13,bcup,128,68,64,1,0.457,0.065,8
13,bcup,128,69,65,1,0.423,0,8
13,bcup,128,67,66,1,0.457,0,8
13,bcup,128,76,67,1,0.457,0.241,8
13,bcup,128,74,68,1,0.443,0.221,8
13,bcup,128,73,69,1,0.423,0.261,8
13,bcup,128,75,70,1,0.457,0.206,8
13,bcup,128,78,71,1,0.403,0.221,8
13,bcup,128,77,72,1,0.403,0.275,8
13,bcup,128,98,73,1,0.619,0.176,8
13,bcup,128,100,74,1,0.585,0.111,8
13,bcup,128,102,75,1,0.599,0.186,8
13,bcup,128,101,76,1,0.619,0.111,8
13,bcup,128,99,77,1,0.585,0.146,8
13,bcup,128,97,78,1,0.605,0.126,8
13,bcup,128,87,79,1,0.528,0.377,8
13,bcup,128,90,80,1,0.508,0.332,8
13,bcup,128,85,81,1,0.563,0.342,8
13,bcup,128,89,82,1,0.494,0.377,8
13,bcup,128,88,83,1,0.528,0.397,8
13,bcup,128,86,84,1,0.563,0.377,8
13,bcup,128,124,85,1,0.706,0.281,8
13,bcup,128,121,86,1,0.706,0.336,8
13,bcup,128,125,87,1,0.761,0.267,8
13,bcup,128,123,88,1,0.706,0.257,8
13,bcup,128,126,89,1,0.747,0.281,8
13,bcup,128,122,90,1,0.741,0.342,8
13,bcup,129,50,1,1,0.324,0.534,9
13,bcup,129,49,2,1,0.338,0.555,9
13,bcup,129,54,3,1,0.269,0.555,9
13,bcup,129,53,4,1,0.283,0.51,9
13,bcup,129,51,5,1,0.318,0.595,9
13,bcup,129,52,6,1,0.304,0.555,9
13,bcup,129,32,7,1,0.176,0.437,9
13,bcup,129,35,8,1,0.211,0.437,9
13,bcup,129,31,9,1,0.142,0.437,9
13,bcup,129,36,10,1,0.176,0.403,9
13,bcup,129,33,11,1,0.211,0.403,9
13,bcup,129,34,12,1,0.19,0.478,9
13,bcup,129,23,13,1,0.089,0.634,9
13,bcup,129,21,14,1,0.069,0.613,9
13,bcup,129,19,15,1,0.089,0.654,9
13,bcup,129,20,16,1,0.089,0.599,9
13,bcup,129,22,17,1,0.109,0.613,9
13,bcup,129,24,18,1,0.069,0.589,9
13,bcup,129,15,19,1,0.069,0.85,9
13,bcup,129,13,20,1,0.049,0.86,9
13,bcup,129,14,21,1,0.069,0.82,9
13,bcup,129,16,22,1,0.034,0.84,9
13,bcup,129,17,23,1,0,0.82,9
13,bcup,129,18,24,1,0.014,0.854,9
13,bcup,129,43,25,1,0.211,0.759,9
13,bcup,129,45,26,1,0.245,0.82,9
13,bcup,129,48,27,1,0.231,0.745,9
13,bcup,129,46,28,1,0.231,0.779,9
13,bcup,129,47,29,1,0.231,0.8,9
13,bcup,129,44,30,1,0.251,0.759,9
13,bcup,129,84,31,1,0.372,0.925,9
13,bcup,129,79,32,1,0.393,0.891,9
13,bcup,129,81,33,1,0.427,0.921,9
13,bcup,129,82,34,1,0.393,0.911,9
13,bcup,129,83,35,1,0.413,0.87,9
13,bcup,129,80,36,1,0.372,0.846,9
13,bcup,129,62,37,1,0.391,0.702,9
13,bcup,129,61,38,1,0.37,0.682,9
13,bcup,129,63,39,1,0.391,0.668,9
13,bcup,129,64,40,1,0.425,0.702,9
13,bcup,129,65,41,1,0.425,0.733,9
13,bcup,129,66,42,1,0.405,0.743,9
13,bcup,129,104,43,1,0.555,0.755,9
13,bcup,129,105,44,1,0.534,0.769,9
13,bcup,129,103,45,1,0.534,0.745,9
13,bcup,129,107,46,1,0.589,0.789,9
13,bcup,129,108,47,1,0.534,0.824,9
13,bcup,129,106,48,1,0.589,0.82,9
13,bcup,129,91,49,1,0.47,0.573,9
13,bcup,129,96,50,1,0.538,0.538,9
13,bcup,129,94,51,1,0.538,0.573,9
13,bcup,129,92,52,1,0.524,0.553,9
13,bcup,129,93,53,1,0.538,0.603,9
13,bcup,129,95,54,1,0.504,0.573,9
13,bcup,129,58,55,1,0.34,0.332,9
13,bcup,129,55,56,1,0.306,0.298,9
13,bcup,129,57,57,1,0.306,0.352,9
13,bcup,129,60,58,1,0.34,0.362,9
13,bcup,129,59,59,1,0.285,0.287,9
13,bcup,129,56,60,1,0.285,0.312,9
13,bcup,129,88,61,1,0.498,0.312,9
13,bcup,129,89,62,1,0.478,0.267,9
13,bcup,129,85,63,1,0.532,0.277,9
13,bcup,129,86,64,1,0.464,0.312,9
13,bcup,129,87,65,1,0.498,0.332,9
13,bcup,129,90,66,1,0.532,0.312,9
13,bcup,129,78,67,1,0.427,0.176,9
13,bcup,129,75,68,1,0.413,0.156,9
13,bcup,129,77,69,1,0.393,0.196,9
13,bcup,129,73,70,1,0.427,0.142,9
13,bcup,129,74,71,1,0.372,0.156,9
13,bcup,129,76,72,1,0.372,0.211,9
13,bcup,129,99,73,1,0.589,0.111,9
13,bcup,129,97,74,1,0.555,0.047,9
13,bcup,129,101,75,1,0.569,0.121,9
13,bcup,129,98,76,1,0.589,0.047,9
13,bcup,129,102,77,1,0.555,0.081,9
13,bcup,129,100,78,1,0.575,0.061,9
13,bcup,129,128,79,1,0.745,0.045,9
13,bcup,129,132,80,1,0.711,0.045,9
13,bcup,129,129,81,1,0.725,0.024,9
13,bcup,129,131,82,1,0.745,0.01,9
13,bcup,129,130,83,1,0.725,0,9
13,bcup,129,127,84,1,0.745,0.045,9
13,bcup,129,126,85,1,0.676,0.217,9
13,bcup,130,50,1,1,0.354,0.599,10
13,bcup,130,49,2,1,0.368,0.619,10
13,bcup,130,54,3,1,0.3,0.619,10
13,bcup,130,53,4,1,0.314,0.575,10
13,bcup,130,51,5,1,0.348,0.66,10
13,bcup,130,52,6,1,0.334,0.619,10
13,bcup,130,32,7,1,0.206,0.502,10
13,bcup,130,36,8,1,0.241,0.502,10
13,bcup,130,31,9,1,0.172,0.502,10
13,bcup,130,33,10,1,0.206,0.468,10
13,bcup,130,34,11,1,0.241,0.468,10
13,bcup,130,35,12,1,0.221,0.543,10
13,bcup,130,23,13,1,0.119,0.698,10
13,bcup,130,19,14,1,0.099,0.678,10
13,bcup,130,21,15,1,0.119,0.719,10
13,bcup,130,20,16,1,0.119,0.664,10
13,bcup,130,22,17,1,0.14,0.678,10
13,bcup,130,24,18,1,0.099,0.654,10
13,bcup,130,6,19,1,0.055,0.48,10
13,bcup,130,3,20,1,0.034,0.466,10
13,bcup,130,1,21,1,0.034,0.5,10
13,bcup,130,2,22,1,0.069,0.466,10
13,bcup,130,4,23,1,0,0.5,10
13,bcup,130,5,24,1,0.069,0.5,10
13,bcup,130,26,25,1,0.184,0.368,10
13,bcup,130,25,26,1,0.164,0.379,10
13,bcup,130,29,27,1,0.184,0.338,10
13,bcup,130,28,28,1,0.15,0.338,10
13,bcup,130,27,29,1,0.115,0.338,10
13,bcup,130,30,30,1,0.15,0.304,10
13,bcup,130,38,31,1,0.275,0.196,10
13,bcup,130,37,32,1,0.241,0.19,10
13,bcup,130,42,33,1,0.241,0.136,10
13,bcup,130,40,34,1,0.296,0.156,10
13,bcup,130,41,35,1,0.281,0.136,10
13,bcup,130,39,36,1,0.296,0.186,10
13,bcup,130,12,37,1,0.099,0.115,10
13,bcup,130,7,38,1,0.065,0.136,10
13,bcup,130,9,39,1,0.099,0.081,10
13,bcup,130,8,40,1,0.045,0.071,10
13,bcup,130,11,41,1,0.045,0.15,10
13,bcup,130,10,42,1,0.099,0.146,10
13,bcup,130,71,43,1,0.423,0.055,10
13,bcup,130,72,44,1,0.457,0.034,10
13,bcup,130,68,45,1,0.437,0.075,10
13,bcup,130,70,46,1,0.457,0.065,10
13,bcup,130,69,47,1,0.423,0,10
13,bcup,130,67,48,1,0.457,0,10
13,bcup,130,76,49,1,0.457,0.241,10
13,bcup,130,74,50,1,0.443,0.221,10
13,bcup,130,73,51,1,0.423,0.261,10
13,bcup,130,77,52,1,0.457,0.206,10
13,bcup,130,75,53,1,0.403,0.221,10
13,bcup,130,78,54,1,0.403,0.275,10
13,bcup,130,98,55,1,0.619,0.176,10
13,bcup,130,100,56,1,0.585,0.111,10
13,bcup,130,102,57,1,0.599,0.186,10
13,bcup,130,101,58,1,0.619,0.111,10
13,bcup,130,97,59,1,0.585,0.146,10
13,bcup,130,99,60,1,0.605,0.126,10
13,bcup,130,87,61,1,0.528,0.377,10
13,bcup,130,90,62,1,0.508,0.332,10
13,bcup,130,89,63,1,0.563,0.342,10
13,bcup,130,85,64,1,0.494,0.377,10
13,bcup,130,88,65,1,0.528,0.397,10
13,bcup,130,86,66,1,0.563,0.377,10
13,bcup,130,121,67,1,0.706,0.281,10
13,bcup,130,124,68,1,0.706,0.336,10
13,bcup,130,123,69,1,0.761,0.267,10
13,bcup,130,125,70,1,0.706,0.257,10
13,bcup,130,126,71,1,0.747,0.281,10
13,bcup,130,122,72,1,0.741,0.342,10
13,bcup,130,128,73,1,0.775,0.109,10
13,bcup,130,132,74,1,0.741,0.109,10
13,bcup,130,129,75,1,0.755,0.089,10
13,bcup,130,131,76,1,0.796,0.089,10
13,bcup,130,130,77,1,0.775,0.075,10
13,bcup,130,127,78,1,0.755,0.065,10
13,bcup,130,114,79,1,0.607,0.482,10
13,bcup,130,113,80,1,0.607,0.457,10
13,bcup,130,110,81,1,0.593,0.502,10
13,bcup,130,109,82,1,0.607,0.536,10
13,bcup,130,111,83,1,0.628,0.468,10
13,bcup,130,112,84,1,0.662,0.468,10
13,bcup,130,143,85,1,0.791,0.455,10
13,bcup,130,144,86,1,0.812,0.5,10
14,bcup,131,53,1,1,0.2,0.152,1
14,bcup,131,50,2,1,0.215,0.132,1
14,bcup,131,49,3,1,0.249,0.192,1
14,bcup,131,52,4,1,0.235,0.152,1
14,bcup,131,54,5,1,0.269,0.117,1
14,bcup,131,51,6,1,0.235,0.172,1
14,bcup,131,63,7,1,0.322,0.32,1
14,bcup,131,62,8,1,0.302,0.279,1
14,bcup,131,64,9,1,0.302,0.255,1
14,bcup,131,66,10,1,0.356,0.265,1
14,bcup,131,61,11,1,0.336,0.34,1
14,bcup,131,65,12,1,0.356,0.3,1
14,bcup,131,48,13,1,0.196,0.377,1
14,bcup,131,44,14,1,0.162,0.342,1
14,bcup,131,45,15,1,0.142,0.356,1
14,bcup,131,47,16,1,0.142,0.411,1
14,bcup,131,46,17,1,0.128,0.377,1
14,bcup,131,43,18,1,0.196,0.342,1
14,bcup,131,20,19,1,0,0.265,1
14,bcup,131,24,20,1,0.055,0.261,1
14,bcup,131,22,21,1,0.02,0.231,1
14,bcup,131,21,22,1,0.04,0.211,1
14,bcup,131,23,23,1,0,0.186,1
14,bcup,131,19,24,1,0.055,0.231,1
14,bcup,131,34,25,1,0.142,0.065,1
14,bcup,131,31,26,1,0.073,0.034,1
14,bcup,131,33,27,1,0.142,0.034,1
14,bcup,131,36,28,1,0.121,0.075,1
14,bcup,131,35,29,1,0.107,0,1
14,bcup,131,32,30,1,0.128,0.014,1
14,bcup,132,53,1,1,0.128,0.63,2
14,bcup,132,52,2,1,0.142,0.609,2
14,bcup,132,49,3,1,0.176,0.67,2
14,bcup,132,50,4,1,0.162,0.63,2
14,bcup,132,54,5,1,0.196,0.595,2
14,bcup,132,51,6,1,0.162,0.65,2
14,bcup,132,33,7,1,0.069,0.543,2
14,bcup,132,36,8,1,0,0.512,2
14,bcup,132,35,9,1,0.069,0.512,2
14,bcup,132,32,10,1,0.049,0.553,2
14,bcup,132,34,11,1,0.034,0.478,2
14,bcup,132,31,12,1,0.034,0.512,2
14,bcup,132,59,13,1,0.164,0.407,2
14,bcup,132,56,14,1,0.164,0.427,2
14,bcup,132,55,15,1,0.144,0.387,2
14,bcup,132,57,16,1,0.144,0.362,2
14,bcup,132,58,17,1,0.144,0.441,2
14,bcup,132,60,18,1,0.184,0.387,2
14,bcup,132,89,19,1,0.391,0.352,2
14,bcup,132,86,20,1,0.336,0.366,2
14,bcup,132,87,21,1,0.336,0.342,2
14,bcup,132,88,22,1,0.377,0.366,2
14,bcup,132,85,23,1,0.322,0.387,2
14,bcup,132,90,24,1,0.391,0.417,2
14,bcup,132,73,25,1,0.265,0.291,2
14,bcup,132,77,26,1,0.251,0.251,2
14,bcup,132,78,27,1,0.231,0.206,2
14,bcup,132,74,28,1,0.217,0.251,2
14,bcup,132,76,29,1,0.285,0.281,2
14,bcup,132,75,30,1,0.285,0.251,2
14,bcup,132,38,31,1,0.055,0.166,2
14,bcup,132,39,32,1,0.103,0.206,2
14,bcup,132,37,33,1,0.089,0.186,2
14,bcup,132,41,34,1,0.123,0.166,2
14,bcup,132,40,35,1,0.069,0.121,2
14,bcup,132,42,36,1,0.123,0.196,2
14,bcup,132,71,37,1,0.251,0.01,2
14,bcup,132,72,38,1,0.231,0,2
14,bcup,132,70,39,1,0.231,0.024,2
14,bcup,132,101,40,1,0.413,0.176,2
14,bcup,132,102,41,1,0.413,0.121,2
14,bcup,133,53,1,1,0,0.423,3
14,bcup,133,51,2,1,0.014,0.403,3
14,bcup,133,54,3,1,0.049,0.464,3
14,bcup,133,52,4,1,0.034,0.423,3
14,bcup,133,49,5,1,0.069,0.389,3
14,bcup,133,50,6,1,0.034,0.443,3
14,bcup,133,63,7,1,0.121,0.591,3
14,bcup,133,62,8,1,0.101,0.551,3
14,bcup,133,65,9,1,0.101,0.526,3
14,bcup,133,61,10,1,0.156,0.536,3
14,bcup,133,66,11,1,0.136,0.611,3
14,bcup,133,64,12,1,0.156,0.571,3
14,bcup,133,96,13,1,0.215,0.476,3
14,bcup,133,91,14,1,0.269,0.407,3
14,bcup,133,93,15,1,0.249,0.482,3
14,bcup,133,92,16,1,0.235,0.407,3
14,bcup,133,94,17,1,0.215,0.397,3
14,bcup,133,95,18,1,0.2,0.441,3
14,bcup,133,113,19,1,0.328,0.306,3
14,bcup,133,112,20,1,0.308,0.34,3
14,bcup,133,109,21,1,0.362,0.271,3
14,bcup,133,114,22,1,0.308,0.285,3
14,bcup,133,111,23,1,0.294,0.306,3
14,bcup,133,110,24,1,0.348,0.285,3
14,bcup,133,89,25,1,0.263,0.146,3
14,bcup,133,86,26,1,0.209,0.16,3
14,bcup,133,87,27,1,0.209,0.136,3
14,bcup,133,88,28,1,0.249,0.16,3
14,bcup,133,85,29,1,0.194,0.18,3
14,bcup,133,90,30,1,0.263,0.211,3
14,bcup,133,56,31,1,0.036,0.2,3
14,bcup,133,55,32,1,0.036,0.221,3
14,bcup,133,59,33,1,0.016,0.18,3
14,bcup,133,57,34,1,0.016,0.156,3
14,bcup,133,58,35,1,0.016,0.235,3
14,bcup,133,60,36,1,0.057,0.18,3
14,bcup,133,73,37,1,0.138,0.085,3
14,bcup,133,77,38,1,0.123,0.045,3
14,bcup,133,78,39,1,0.103,0,3
14,bcup,133,74,40,1,0.089,0.045,3
14,bcup,133,76,41,1,0.158,0.075,3
14,bcup,133,75,42,1,0.158,0.045,3
14,bcup,134,50,1,1,0.3,0.152,4
14,bcup,134,49,2,1,0.314,0.132,4
14,bcup,134,54,3,1,0.348,0.192,4
14,bcup,134,52,4,1,0.334,0.152,4
14,bcup,134,51,5,1,0.368,0.117,4
14,bcup,134,53,6,1,0.334,0.172,4
14,bcup,134,94,7,1,0.514,0.204,4
14,bcup,134,95,8,1,0.569,0.136,4
14,bcup,134,92,9,1,0.549,0.211,4
14,bcup,134,96,10,1,0.534,0.136,4
14,bcup,134,91,11,1,0.514,0.126,4
14,bcup,134,93,12,1,0.5,0.17,4
14,bcup,134,64,13,1,0.421,0.32,4
14,bcup,134,66,14,1,0.401,0.279,4
14,bcup,134,63,15,1,0.401,0.255,4
14,bcup,134,62,16,1,0.455,0.265,4
14,bcup,134,65,17,1,0.435,0.34,4
14,bcup,134,61,18,1,0.455,0.3,4
14,bcup,134,48,19,1,0.296,0.377,4
14,bcup,134,43,20,1,0.261,0.342,4
14,bcup,134,44,21,1,0.241,0.356,4
14,bcup,134,45,22,1,0.241,0.411,4
14,bcup,134,47,23,1,0.227,0.377,4
14,bcup,134,46,24,1,0.296,0.342,4
14,bcup,134,20,25,1,0.099,0.265,4
14,bcup,134,24,26,1,0.154,0.261,4
14,bcup,134,22,27,1,0.119,0.231,4
14,bcup,134,21,28,1,0.14,0.211,4
14,bcup,134,23,29,1,0.099,0.186,4
14,bcup,134,19,30,1,0.154,0.231,4
14,bcup,134,15,31,1,0.065,0.437,4
14,bcup,134,16,32,1,0.045,0.372,4
14,bcup,134,14,33,1,0.085,0.397,4
14,bcup,134,17,34,1,0.065,0.383,4
14,bcup,134,13,35,1,0.065,0.417,4
14,bcup,134,18,36,1,0.03,0.417,4
14,bcup,134,34,37,1,0.241,0.065,4
14,bcup,134,31,38,1,0.172,0.034,4
14,bcup,134,33,39,1,0.241,0.034,4
14,bcup,134,36,40,1,0.221,0.075,4
14,bcup,134,35,41,1,0.206,0,4
14,bcup,134,32,42,1,0.227,0.014,4
14,bcup,134,5,43,1,0.034,0.032,4
14,bcup,134,4,44,1,0,0.032,4
14,bcup,134,6,45,1,0.049,0.073,4
14,bcup,134,3,46,1,0.069,0.063,4
14,bcup,135,57,1,1,0.02,0.296,5
14,bcup,135,59,2,1,0.02,0.316,5
14,bcup,135,56,3,1,0,0.275,5
14,bcup,135,60,4,1,0,0.251,5
14,bcup,135,58,5,1,0,0.33,5
14,bcup,135,89,6,1,0.247,0.241,5
14,bcup,135,86,7,1,0.192,0.255,5
14,bcup,135,87,8,1,0.192,0.231,5
14,bcup,135,88,9,1,0.233,0.255,5
14,bcup,135,85,10,1,0.178,0.275,5
14,bcup,135,90,11,1,0.247,0.306,5
14,bcup,135,113,12,1,0.312,0.401,5
14,bcup,135,112,13,1,0.291,0.435,5
14,bcup,135,109,14,1,0.346,0.366,5
14,bcup,135,110,15,1,0.291,0.381,5
14,bcup,135,111,16,1,0.277,0.401,5
14,bcup,135,114,17,1,0.332,0.381,5
14,bcup,135,93,18,1,0.198,0.571,5
14,bcup,135,95,19,1,0.253,0.502,5
14,bcup,135,96,20,1,0.219,0.502,5
14,bcup,135,92,21,1,0.198,0.492,5
14,bcup,135,94,22,1,0.184,0.536,5
14,bcup,135,73,23,1,0.121,0.18,5
14,bcup,135,77,24,1,0.107,0.14,5
14,bcup,135,78,25,1,0.087,0.095,5
14,bcup,135,74,26,1,0.073,0.14,5
14,bcup,135,75,27,1,0.142,0.17,5
14,bcup,135,76,28,1,0.142,0.14,5
14,bcup,135,97,29,1,0.269,0.065,5
14,bcup,135,101,30,1,0.269,0.01,5
14,bcup,135,99,31,1,0.304,0.01,5
14,bcup,135,98,32,1,0.249,0,5
14,bcup,135,102,33,1,0.304,0.045,5
14,bcup,135,100,34,1,0.249,0.024,5
14,bcup,135,121,35,1,0.391,0.156,5
14,bcup,135,125,36,1,0.445,0.166,5
14,bcup,135,122,37,1,0.425,0.241,5
14,bcup,135,126,38,1,0.391,0.235,5
14,bcup,135,123,39,1,0.411,0.166,5
14,bcup,135,124,40,1,0.445,0.2,5
14,bcup,136,59,1,1,0.221,0.285,6
14,bcup,136,56,2,1,0.221,0.306,6
14,bcup,136,55,3,1,0.2,0.265,6
14,bcup,136,57,4,1,0.2,0.241,6
14,bcup,136,58,5,1,0.2,0.32,6
14,bcup,136,60,6,1,0.241,0.265,6
14,bcup,136,34,7,1,0.126,0.421,6
14,bcup,136,31,8,1,0.057,0.391,6
14,bcup,136,33,9,1,0.126,0.391,6
14,bcup,136,36,10,1,0.105,0.431,6
14,bcup,136,35,11,1,0.091,0.356,6
14,bcup,136,32,12,1,0.111,0.37,6
14,bcup,136,27,13,1,0.034,0.227,6
14,bcup,136,25,14,1,0.034,0.247,6
14,bcup,136,26,15,1,0.069,0.257,6
14,bcup,136,28,16,1,0,0.227,6
14,bcup,136,30,17,1,0.055,0.206,6
14,bcup,136,29,18,1,0.014,0.182,6
14,bcup,136,38,19,1,0.111,0.045,6
14,bcup,136,39,20,1,0.16,0.085,6
14,bcup,136,42,21,1,0.146,0.065,6
14,bcup,136,40,22,1,0.18,0.045,6
14,bcup,136,41,23,1,0.126,0,6
14,bcup,136,37,24,1,0.18,0.075,6
14,bcup,136,76,25,1,0.322,0.17,6
14,bcup,136,75,26,1,0.308,0.13,6
14,bcup,136,74,27,1,0.287,0.085,6
14,bcup,136,78,28,1,0.273,0.13,6
14,bcup,136,77,29,1,0.342,0.16,6
14,bcup,136,73,30,1,0.342,0.13,6
14,bcup,136,87,31,1,0.447,0.231,6
14,bcup,136,90,32,1,0.393,0.245,6
14,bcup,136,88,33,1,0.393,0.221,6
14,bcup,136,86,34,1,0.433,0.245,6
14,bcup,136,89,35,1,0.379,0.265,6
14,bcup,136,96,36,1,0.399,0.561,6
14,bcup,136,94,37,1,0.453,0.492,6
14,bcup,136,95,38,1,0.433,0.567,6
14,bcup,136,92,39,1,0.419,0.492,6
14,bcup,136,93,40,1,0.399,0.482,6
14,bcup,136,91,41,1,0.385,0.526,6
14,bcup,136,64,42,1,0.306,0.676,6
14,bcup,136,66,43,1,0.285,0.636,6
14,bcup,136,65,44,1,0.285,0.611,6
14,bcup,137,59,1,1,0.306,0.045,7
14,bcup,137,56,2,1,0.306,0.065,7
14,bcup,137,55,3,1,0.285,0.024,7
14,bcup,137,57,4,1,0.285,0,7
14,bcup,137,58,5,1,0.285,0.079,7
14,bcup,137,60,6,1,0.326,0.024,7
14,bcup,137,33,7,1,0.211,0.18,7
14,bcup,137,34,8,1,0.142,0.15,7
14,bcup,137,31,9,1,0.211,0.15,7
14,bcup,137,36,10,1,0.19,0.19,7
14,bcup,137,35,11,1,0.176,0.115,7
14,bcup,137,32,12,1,0.196,0.13,7
14,bcup,137,51,13,1,0.269,0.267,7
14,bcup,137,50,14,1,0.283,0.247,7
14,bcup,137,54,15,1,0.318,0.308,7
14,bcup,137,52,16,1,0.338,0.233,7
14,bcup,137,53,17,1,0.304,0.287,7
14,bcup,137,94,18,1,0.484,0.32,7
14,bcup,137,95,19,1,0.538,0.251,7
14,bcup,137,92,20,1,0.518,0.326,7
14,bcup,137,96,21,1,0.504,0.251,7
14,bcup,137,91,22,1,0.484,0.241,7
14,bcup,137,93,23,1,0.47,0.285,7
14,bcup,137,64,24,1,0.391,0.435,7
14,bcup,137,66,25,1,0.37,0.395,7
14,bcup,137,65,26,1,0.37,0.37,7
14,bcup,137,62,27,1,0.425,0.381,7
14,bcup,137,63,28,1,0.405,0.455,7
14,bcup,137,48,29,1,0.265,0.492,7
14,bcup,137,43,30,1,0.231,0.457,7
14,bcup,137,44,31,1,0.211,0.472,7
14,bcup,137,45,32,1,0.211,0.526,7
14,bcup,137,47,33,1,0.196,0.492,7
14,bcup,137,46,34,1,0.265,0.457,7
14,bcup,137,20,35,1,0.069,0.381,7
14,bcup,137,24,36,1,0.123,0.377,7
14,bcup,137,22,37,1,0.089,0.346,7
14,bcup,137,21,38,1,0.109,0.326,7
14,bcup,137,23,39,1,0.069,0.302,7
14,bcup,137,19,40,1,0.123,0.346,7
14,bcup,137,15,41,1,0.034,0.553,7
14,bcup,137,16,42,1,0.014,0.488,7
14,bcup,137,14,43,1,0.055,0.512,7
14,bcup,137,13,44,1,0.034,0.498,7
14,bcup,137,17,45,1,0.034,0.532,7
14,bcup,137,18,46,1,0,0.532,7
14,bcup,138,56,1,1,0.221,0.241,8
14,bcup,138,59,2,1,0.221,0.261,8
14,bcup,138,55,3,1,0.2,0.221,8
14,bcup,138,57,4,1,0.2,0.196,8
14,bcup,138,58,5,1,0.2,0.275,8
14,bcup,138,60,6,1,0.241,0.221,8
14,bcup,138,89,7,1,0.447,0.186,8
14,bcup,138,86,8,1,0.393,0.2,8
14,bcup,138,87,9,1,0.393,0.176,8
14,bcup,138,88,10,1,0.433,0.2,8
14,bcup,138,85,11,1,0.379,0.221,8
14,bcup,138,90,12,1,0.447,0.251,8
14,bcup,138,113,13,1,0.512,0.346,8
14,bcup,138,112,14,1,0.492,0.381,8
14,bcup,138,109,15,1,0.547,0.312,8
14,bcup,138,114,16,1,0.492,0.326,8
14,bcup,138,111,17,1,0.478,0.346,8
14,bcup,138,110,18,1,0.532,0.326,8
14,bcup,138,93,19,1,0.399,0.516,8
14,bcup,138,95,20,1,0.453,0.447,8
14,bcup,138,96,21,1,0.433,0.522,8
14,bcup,138,92,22,1,0.419,0.447,8
14,bcup,138,94,23,1,0.399,0.437,8
14,bcup,138,53,24,1,0.184,0.464,8
14,bcup,138,52,25,1,0.198,0.443,8
14,bcup,138,54,26,1,0.233,0.504,8
14,bcup,138,51,27,1,0.219,0.464,8
14,bcup,138,49,28,1,0.253,0.429,8
14,bcup,138,50,29,1,0.219,0.484,8
14,bcup,138,34,30,1,0.126,0.377,8
14,bcup,138,36,31,1,0.057,0.346,8
14,bcup,138,32,32,1,0.126,0.346,8
14,bcup,138,35,33,1,0.105,0.387,8
14,bcup,138,33,34,1,0.091,0.312,8
14,bcup,138,27,35,1,0.034,0.182,8
14,bcup,138,26,36,1,0.034,0.202,8
14,bcup,138,25,37,1,0.069,0.213,8
14,bcup,138,29,38,1,0,0.182,8
14,bcup,138,30,39,1,0.055,0.162,8
14,bcup,138,28,40,1,0.014,0.138,8
14,bcup,138,42,41,1,0.111,0,8
14,bcup,139,53,1,1,0.3,0.326,9
14,bcup,139,52,2,1,0.314,0.306,9
14,bcup,139,50,3,1,0.348,0.366,9
14,bcup,139,49,4,1,0.334,0.326,9
14,bcup,139,54,5,1,0.368,0.291,9
14,bcup,139,51,6,1,0.334,0.346,9
14,bcup,139,64,7,1,0.421,0.494,9
14,bcup,139,63,8,1,0.401,0.453,9
14,bcup,139,62,9,1,0.401,0.429,9
14,bcup,139,66,10,1,0.455,0.439,9
14,bcup,139,65,11,1,0.435,0.514,9
14,bcup,139,48,12,1,0.296,0.551,9
14,bcup,139,44,13,1,0.261,0.516,9
14,bcup,139,45,14,1,0.241,0.53,9
14,bcup,139,47,15,1,0.241,0.585,9
14,bcup,139,46,16,1,0.227,0.551,9
14,bcup,139,43,17,1,0.296,0.516,9
14,bcup,139,24,18,1,0.099,0.439,9
14,bcup,139,20,19,1,0.154,0.435,9
14,bcup,139,22,20,1,0.119,0.405,9
14,bcup,139,21,21,1,0.14,0.385,9
14,bcup,139,23,22,1,0.099,0.36,9
14,bcup,139,19,23,1,0.154,0.405,9
14,bcup,139,34,24,1,0.241,0.239,9
14,bcup,139,31,25,1,0.172,0.209,9
14,bcup,139,33,26,1,0.241,0.209,9
14,bcup,139,36,27,1,0.221,0.249,9
14,bcup,139,35,28,1,0.206,0.174,9
14,bcup,139,32,29,1,0.227,0.188,9
14,bcup,139,4,30,1,0.034,0.206,9
14,bcup,139,3,31,1,0,0.206,9
14,bcup,139,1,32,1,0.049,0.247,9
14,bcup,139,5,33,1,0.069,0.237,9
14,bcup,139,2,34,1,0.055,0.186,9
14,bcup,139,6,35,1,0.014,0.162,9
14,bcup,139,28,36,1,0.15,0.045,9
14,bcup,139,26,37,1,0.15,0.065,9
14,bcup,139,30,38,1,0.115,0.045,9
14,bcup,139,27,39,1,0.17,0.024,9
14,bcup,139,29,40,1,0.13,0,9
14,bcup,140,53,1,1,0.073,0.464,10
14,bcup,140,54,2,1,0.087,0.443,10
14,bcup,140,52,3,1,0.107,0.464,10
14,bcup,140,50,4,1,0.142,0.429,10
14,bcup,140,49,5,1,0.107,0.484,10
14,bcup,140,51,6,1,0.107,0.464,10
14,bcup,140,96,7,1,0.287,0.516,10
14,bcup,140,95,8,1,0.342,0.447,10
14,bcup,140,93,9,1,0.322,0.522,10
14,bcup,140,92,10,1,0.308,0.447,10
14,bcup,140,94,11,1,0.287,0.437,10
14,bcup,140,113,12,1,0.401,0.346,10
14,bcup,140,110,13,1,0.381,0.381,10
14,bcup,140,112,14,1,0.435,0.312,10
14,bcup,140,109,15,1,0.381,0.326,10
14,bcup,140,114,16,1,0.366,0.346,10
14,bcup,140,111,17,1,0.421,0.326,10
14,bcup,140,90,18,1,0.336,0.186,10
14,bcup,140,88,19,1,0.281,0.2,10
14,bcup,140,85,20,1,0.281,0.176,10
14,bcup,140,86,21,1,0.322,0.2,10
14,bcup,140,87,22,1,0.267,0.221,10
14,bcup,140,89,23,1,0.336,0.251,10
14,bcup,140,60,24,1,0.109,0.241,10
14,bcup,140,55,25,1,0.109,0.261,10
14,bcup,140,59,26,1,0.089,0.221,10
14,bcup,140,58,27,1,0.089,0.196,10
14,bcup,140,57,28,1,0.089,0.275,10
14,bcup,140,56,29,1,0.109,0.241,10
14,bcup,140,74,30,1,0.211,0.126,10
14,bcup,140,77,31,1,0.196,0.085,10
14,bcup,140,78,32,1,0.176,0.04,10
14,bcup,140,75,33,1,0.162,0.085,10
14,bcup,140,76,34,1,0.231,0.115,10
14,bcup,140,42,35,1,0,0,10
15,bcup,141,50,1,1,0.184,0.599,1
15,bcup,141,51,2,1,0.239,0.585,1
15,bcup,141,52,3,1,0.204,0.619,1
15,bcup,141,53,4,1,0.17,0.619,1
15,bcup,141,49,5,1,0.204,0.585,1
15,bcup,141,54,6,1,0.204,0.619,1
15,bcup,141,31,7,1,0.111,0.532,1
15,bcup,141,35,8,1,0.057,0.457,1
15,bcup,141,36,9,1,0.111,0.468,1
15,bcup,141,34,10,1,0.043,0.502,1
15,bcup,141,32,11,1,0.091,0.543,1
15,bcup,141,33,12,1,0.077,0.502,1
15,bcup,141,58,13,1,0.241,0.362,1
15,bcup,141,60,14,1,0.241,0.427,1
15,bcup,141,56,15,1,0.186,0.352,1
15,bcup,141,59,16,1,0.206,0.417,1
15,bcup,141,57,17,1,0.227,0.377,1
15,bcup,141,55,18,1,0.221,0.437,1
15,bcup,141,78,19,1,0.273,0.196,1
15,bcup,141,74,20,1,0.294,0.241,1
15,bcup,141,76,21,1,0.294,0.206,1
15,bcup,141,75,22,1,0.328,0.271,1
15,bcup,141,73,23,1,0.328,0.206,1
15,bcup,141,77,24,1,0.294,0.261,1
15,bcup,141,102,25,1,0.455,0.166,1
15,bcup,141,97,26,1,0.435,0.126,1
15,bcup,141,100,27,1,0.49,0.111,1
15,bcup,141,98,28,1,0.455,0.146,1
15,bcup,141,101,29,1,0.476,0.126,1
15,bcup,141,99,30,1,0.47,0.186,1
15,bcup,141,129,31,1,0.66,0.15,1
15,bcup,141,128,32,1,0.626,0.089,1
15,bcup,141,131,33,1,0.646,0.13,1
15,bcup,141,130,34,1,0.68,0.075,1
15,bcup,141,132,35,1,0.646,0.075,1
15,bcup,141,127,36,1,0.68,0.14,1
15,bcup,141,72,37,1,0.294,0.055,1
15,bcup,141,67,38,1,0.328,0.034,1
15,bcup,141,69,39,1,0.294,0.034,1
15,bcup,141,68,40,1,0.294,0,1
15,bcup,141,71,41,1,0.314,0.014,1
15,bcup,141,70,42,1,0.308,0.075,1
15,bcup,141,39,43,1,0.097,0.156,1
15,bcup,141,38,44,1,0.152,0.136,1
15,bcup,141,41,45,1,0.166,0.156,1
15,bcup,141,40,46,1,0.111,0.136,1
15,bcup,141,37,47,1,0.132,0.121,1
15,bcup,141,42,48,1,0.146,0.196,1
15,bcup,141,30,49,1,0,0.318,1
15,bcup,141,26,50,1,0.055,0.368,1
15,bcup,141,27,51,1,0.034,0.379,1
15,bcup,141,28,52,1,0.02,0.358,1
15,bcup,141,29,53,1,0.02,0.338,1
15,bcup,142,60,1,1,0.326,0.166,2
15,bcup,142,58,2,1,0.326,0.231,2
15,bcup,142,56,3,1,0.271,0.156,2
15,bcup,142,59,4,1,0.291,0.221,2
15,bcup,142,57,5,1,0.312,0.18,2
15,bcup,142,55,6,1,0.306,0.241,2
15,bcup,142,78,7,1,0.358,0,2
15,bcup,142,74,8,1,0.379,0.045,2
15,bcup,142,73,9,1,0.379,0.01,2
15,bcup,142,75,10,1,0.413,0.075,2
15,bcup,142,77,11,1,0.413,0.01,2
15,bcup,142,76,12,1,0.379,0.065,2
15,bcup,142,87,13,1,0.518,0.146,2
15,bcup,142,89,14,1,0.484,0.146,2
15,bcup,142,86,15,1,0.464,0.136,2
15,bcup,142,90,16,1,0.518,0.18,2
15,bcup,142,88,17,1,0.464,0.16,2
15,bcup,142,85,18,1,0.464,0.215,2
15,bcup,142,110,19,1,0.597,0.346,2
15,bcup,142,111,20,1,0.583,0.271,2
15,bcup,142,112,21,1,0.583,0.306,2
15,bcup,142,114,22,1,0.603,0.285,2
15,bcup,142,109,23,1,0.563,0.34,2
15,bcup,142,113,24,1,0.617,0.306,2
15,bcup,142,94,25,1,0.47,0.397,2
15,bcup,142,93,26,1,0.47,0.476,2
15,bcup,142,91,27,1,0.51,0.421,2
15,bcup,142,96,28,1,0.524,0.472,2
15,bcup,142,92,29,1,0.455,0.441,2
15,bcup,142,95,30,1,0.49,0.441,2
15,bcup,142,64,31,1,0.342,0.571,2
15,bcup,142,66,32,1,0.377,0.591,2
15,bcup,142,63,33,1,0.377,0.536,2
15,bcup,142,65,34,1,0.397,0.551,2
15,bcup,142,62,35,1,0.356,0.526,2
15,bcup,142,48,36,1,0.237,0.628,2
15,bcup,142,43,37,1,0.196,0.628,2
15,bcup,142,47,38,1,0.251,0.678,2
15,bcup,142,45,39,1,0.231,0.688,2
15,bcup,142,46,40,1,0.251,0.648,2
15,bcup,142,44,41,1,0.251,0.613,2
15,bcup,142,20,42,1,0.095,0.482,2
15,bcup,142,19,43,1,0.109,0.502,2
15,bcup,142,22,44,1,0.075,0.522,2
15,bcup,142,24,45,1,0.055,0.482,2
15,bcup,142,21,46,1,0.04,0.502,2
15,bcup,142,23,47,1,0.075,0.502,2
15,bcup,142,18,48,1,0.055,0.719,2
15,bcup,142,16,49,1,0.02,0.709,2
15,bcup,142,14,50,1,0,0.723,2
15,bcup,142,15,51,1,0,0.644,2
15,bcup,142,17,52,1,0.034,0.729,2
15,bcup,142,13,53,1,0.055,0.654,2
15,bcup,142,84,54,1,0.399,0.739,2
15,bcup,142,83,55,1,0.379,0.779,2
15,bcup,142,81,56,1,0.393,0.8,2
15,bcup,142,82,57,1,0.379,0.759,2
15,bcup,142,80,58,1,0.358,0.794,2
15,bcup,142,105,59,1,0.575,0.688,2
15,bcup,142,108,60,1,0.54,0.678,2
15,bcup,142,104,61,1,0.52,0.638,2
15,bcup,142,103,62,1,0.52,0.692,2
15,bcup,142,107,63,1,0.555,0.698,2
15,bcup,142,106,64,1,0.54,0.658,2
15,bcup,142,118,65,1,0.717,0.468,2
15,bcup,142,119,66,1,0.662,0.457,2
15,bcup,142,120,67,1,0.702,0.482,2
15,bcup,143,50,1,1,0.314,0.443,3
15,bcup,143,54,2,1,0.368,0.429,3
15,bcup,143,52,3,1,0.334,0.484,3
15,bcup,143,51,4,1,0.334,0.464,3
15,bcup,143,49,5,1,0.3,0.464,3
15,bcup,143,53,6,1,0.334,0.429,3
15,bcup,143,65,7,1,0.387,0.611,3
15,bcup,143,63,8,1,0.421,0.632,3
15,bcup,143,64,9,1,0.421,0.577,3
15,bcup,143,66,10,1,0.441,0.591,3
15,bcup,143,62,11,1,0.401,0.567,3
15,bcup,143,61,12,1,0.421,0.611,3
15,bcup,143,105,13,1,0.619,0.729,3
15,bcup,143,108,14,1,0.585,0.719,3
15,bcup,143,104,15,1,0.565,0.678,3
15,bcup,143,107,16,1,0.565,0.733,3
15,bcup,143,103,17,1,0.599,0.739,3
15,bcup,143,106,18,1,0.585,0.698,3
15,bcup,143,81,19,1,0.443,0.779,3
15,bcup,143,83,20,1,0.423,0.82,3
15,bcup,143,80,21,1,0.437,0.84,3
15,bcup,143,82,22,1,0.423,0.8,3
15,bcup,143,84,23,1,0.403,0.834,3
15,bcup,143,79,24,1,0.389,0.8,3
15,bcup,143,45,25,1,0.281,0.668,3
15,bcup,143,46,26,1,0.241,0.668,3
15,bcup,143,47,27,1,0.296,0.719,3
15,bcup,143,43,28,1,0.275,0.729,3
15,bcup,143,48,29,1,0.296,0.688,3
15,bcup,143,44,30,1,0.296,0.654,3
15,bcup,143,18,31,1,0.099,0.759,3
15,bcup,143,13,32,1,0.065,0.749,3
15,bcup,143,17,33,1,0.045,0.763,3
15,bcup,143,15,34,1,0.045,0.684,3
15,bcup,143,14,35,1,0.079,0.769,3
15,bcup,143,16,36,1,0.099,0.694,3
15,bcup,143,23,37,1,0.14,0.522,3
15,bcup,143,22,38,1,0.154,0.543,3
15,bcup,143,24,39,1,0.119,0.563,3
15,bcup,143,21,40,1,0.099,0.522,3
15,bcup,143,20,41,1,0.085,0.543,3
15,bcup,143,19,42,1,0.119,0.543,3
15,bcup,143,2,43,1,0.014,0.379,3
15,bcup,143,5,44,1,0.069,0.374,3
15,bcup,143,1,45,1,0.069,0.344,3
15,bcup,143,4,46,1,0,0.344,3
15,bcup,143,6,47,1,0.049,0.385,3
15,bcup,143,3,48,1,0.034,0.31,3
15,bcup,143,34,49,1,0.241,0.377,3
15,bcup,143,32,50,1,0.186,0.302,3
15,bcup,143,36,51,1,0.241,0.312,3
15,bcup,143,35,52,1,0.172,0.346,3
15,bcup,143,31,53,1,0.221,0.387,3
15,bcup,143,33,54,1,0.206,0.346,3
15,bcup,143,60,55,1,0.37,0.206,3
15,bcup,143,58,56,1,0.37,0.271,3
15,bcup,143,56,57,1,0.316,0.196,3
15,bcup,143,55,58,1,0.336,0.261,3
15,bcup,143,59,59,1,0.356,0.221,3
15,bcup,143,57,60,1,0.35,0.281,3
15,bcup,143,90,61,1,0.563,0.186,3
15,bcup,143,88,62,1,0.528,0.186,3
15,bcup,143,85,63,1,0.508,0.176,3
15,bcup,143,86,64,1,0.563,0.221,3
15,bcup,143,89,65,1,0.508,0.2,3
15,bcup,143,87,66,1,0.508,0.255,3
15,bcup,143,77,67,1,0.403,0.04,3
15,bcup,143,78,68,1,0.423,0.085,3
15,bcup,143,76,69,1,0.423,0.051,3
15,bcup,143,75,70,1,0.457,0.115,3
15,bcup,143,74,71,1,0.423,0.105,3
15,bcup,143,42,72,1,0.227,0,3
15,bcup,144,91,1,1,0.514,0.512,4
15,bcup,144,93,2,1,0.514,0.591,4
15,bcup,144,94,3,1,0.534,0.522,4
15,bcup,144,96,4,1,0.555,0.536,4
15,bcup,144,92,5,1,0.569,0.587,4
15,bcup,144,95,6,1,0.5,0.557,4
15,bcup,144,63,7,1,0.387,0.686,4
15,bcup,144,65,8,1,0.421,0.706,4
15,bcup,144,64,9,1,0.421,0.652,4
15,bcup,144,66,10,1,0.441,0.666,4
15,bcup,144,62,11,1,0.401,0.642,4
15,bcup,144,61,12,1,0.421,0.686,4
15,bcup,144,105,13,1,0.619,0.804,4
15,bcup,144,108,14,1,0.585,0.794,4
15,bcup,144,104,15,1,0.565,0.753,4
15,bcup,144,107,16,1,0.565,0.808,4
15,bcup,144,103,17,1,0.599,0.814,4
15,bcup,144,106,18,1,0.585,0.773,4
15,bcup,144,81,19,1,0.443,0.854,4
15,bcup,144,83,20,1,0.423,0.895,4
15,bcup,144,80,21,1,0.437,0.915,4
15,bcup,144,82,22,1,0.423,0.874,4
15,bcup,144,79,23,1,0.403,0.909,4
15,bcup,144,84,24,1,0.389,0.874,4
15,bcup,144,46,25,1,0.281,0.743,4
15,bcup,144,45,26,1,0.241,0.743,4
15,bcup,144,47,27,1,0.296,0.794,4
15,bcup,144,48,28,1,0.275,0.804,4
15,bcup,144,43,29,1,0.296,0.763,4
15,bcup,144,44,30,1,0.296,0.729,4
15,bcup,144,17,31,1,0.099,0.834,4
15,bcup,144,13,32,1,0.065,0.824,4
15,bcup,144,15,33,1,0.045,0.838,4
15,bcup,144,14,34,1,0.045,0.759,4
15,bcup,144,16,35,1,0.079,0.844,4
15,bcup,144,18,36,1,0.099,0.769,4
15,bcup,144,23,37,1,0.14,0.597,4
15,bcup,144,22,38,1,0.154,0.617,4
15,bcup,144,24,39,1,0.119,0.638,4
15,bcup,144,21,40,1,0.099,0.597,4
15,bcup,144,20,41,1,0.085,0.617,4
15,bcup,144,31,42,1,0.241,0.451,4
15,bcup,144,35,43,1,0.186,0.377,4
15,bcup,144,36,44,1,0.241,0.387,4
15,bcup,144,33,45,1,0.172,0.421,4
15,bcup,144,32,46,1,0.221,0.462,4
15,bcup,144,34,47,1,0.206,0.421,4
15,bcup,144,3,48,1,0.014,0.453,4
15,bcup,144,2,49,1,0.069,0.449,4
15,bcup,144,5,50,1,0.069,0.419,4
15,bcup,144,1,51,1,0,0.419,4
15,bcup,144,4,52,1,0.049,0.46,4
15,bcup,144,6,53,1,0.034,0.385,4
15,bcup,144,27,54,1,0.13,0.237,4
15,bcup,144,26,55,1,0.184,0.287,4
15,bcup,144,30,56,1,0.164,0.298,4
15,bcup,144,28,57,1,0.15,0.277,4
15,bcup,144,29,58,1,0.15,0.257,4
15,bcup,144,25,59,1,0.184,0.257,4
15,bcup,144,11,60,1,0.045,0.014,4
15,bcup,144,8,61,1,0.079,0.075,4
15,bcup,144,12,62,1,0.065,0,4
15,bcup,144,10,63,1,0.085,0.014,4
15,bcup,144,9,64,1,0.045,0.069,4
15,bcup,144,7,65,1,0.099,0.065,4
15,bcup,144,41,66,1,0.227,0.075,4
15,bcup,144,40,67,1,0.281,0.055,4
15,bcup,144,37,68,1,0.296,0.075,4
15,bcup,144,38,69,1,0.241,0.055,4
15,bcup,144,39,70,1,0.261,0.04,4
15,bcup,144,42,71,1,0.275,0.115,4
15,bcup,144,78,72,1,0.403,0.115,4
15,bcup,145,116,1,1,0.761,0.583,5
15,bcup,145,118,2,1,0.706,0.573,5
15,bcup,145,115,3,1,0.747,0.597,5
15,bcup,145,117,4,1,0.727,0.583,5
15,bcup,145,119,5,1,0.727,0.617,5
15,bcup,145,120,6,1,0.761,0.648,5
15,bcup,145,136,7,1,0.796,0.789,5
15,bcup,145,133,8,1,0.741,0.81,5
15,bcup,145,135,9,1,0.81,0.775,5
15,bcup,145,137,10,1,0.755,0.765,5
15,bcup,145,138,11,1,0.789,0.85,5
15,bcup,145,134,12,1,0.755,0.844,5
15,bcup,145,103,13,1,0.619,0.804,5
15,bcup,145,107,14,1,0.585,0.794,5
15,bcup,145,106,15,1,0.565,0.808,5
15,bcup,145,104,16,1,0.599,0.814,5
15,bcup,145,108,17,1,0.585,0.773,5
15,bcup,145,105,18,1,0.585,0.773,5
15,bcup,145,93,19,1,0.514,0.512,5
15,bcup,145,96,20,1,0.514,0.591,5
15,bcup,145,92,21,1,0.534,0.522,5
15,bcup,145,94,22,1,0.555,0.536,5
15,bcup,145,95,23,1,0.569,0.587,5
15,bcup,145,64,24,1,0.387,0.686,5
15,bcup,145,63,25,1,0.421,0.706,5
15,bcup,145,65,26,1,0.421,0.652,5
15,bcup,145,66,27,1,0.441,0.666,5
15,bcup,145,62,28,1,0.401,0.642,5
15,bcup,145,61,29,1,0.421,0.686,5
15,bcup,145,47,30,1,0.281,0.743,5
15,bcup,145,45,31,1,0.241,0.743,5
15,bcup,145,46,32,1,0.296,0.794,5
15,bcup,145,43,33,1,0.275,0.804,5
15,bcup,145,48,34,1,0.296,0.763,5
15,bcup,145,44,35,1,0.296,0.729,5
15,bcup,145,18,36,1,0.099,0.834,5
15,bcup,145,13,37,1,0.065,0.824,5
15,bcup,145,17,38,1,0.045,0.838,5
15,bcup,145,14,39,1,0.045,0.759,5
15,bcup,145,15,40,1,0.079,0.844,5
15,bcup,145,16,41,1,0.099,0.769,5
15,bcup,145,23,42,1,0.14,0.597,5
15,bcup,145,22,43,1,0.154,0.617,5
15,bcup,145,24,44,1,0.119,0.638,5
15,bcup,145,21,45,1,0.099,0.597,5
15,bcup,145,19,46,1,0.085,0.617,5
15,bcup,145,20,47,1,0.119,0.617,5
15,bcup,145,53,48,1,0.314,0.518,5
15,bcup,145,49,49,1,0.368,0.504,5
15,bcup,145,52,50,1,0.334,0.559,5
15,bcup,145,51,51,1,0.334,0.538,5
15,bcup,145,50,52,1,0.3,0.538,5
15,bcup,145,54,53,1,0.334,0.504,5
15,bcup,145,35,54,1,0.241,0.451,5
15,bcup,145,31,55,1,0.186,0.377,5
15,bcup,145,33,56,1,0.241,0.387,5
15,bcup,145,36,57,1,0.172,0.421,5
15,bcup,145,32,58,1,0.221,0.462,5
15,bcup,145,34,59,1,0.206,0.421,5
15,bcup,145,2,60,1,0.014,0.453,5
15,bcup,145,5,61,1,0.069,0.449,5
15,bcup,145,1,62,1,0.069,0.419,5
15,bcup,145,4,63,1,0,0.419,5
15,bcup,145,6,64,1,0.049,0.46,5
15,bcup,145,3,65,1,0.034,0.385,5
15,bcup,145,27,66,1,0.13,0.237,5
15,bcup,145,26,67,1,0.184,0.287,5
15,bcup,145,30,68,1,0.164,0.298,5
15,bcup,145,28,69,1,0.15,0.277,5
15,bcup,145,29,70,1,0.15,0.257,5
15,bcup,145,11,71,1,0.045,0.014,5
15,bcup,145,7,72,1,0.079,0.075,5
15,bcup,145,9,73,1,0.065,0,5
15,bcup,145,10,74,1,0.085,0.014,5
15,bcup,145,8,75,1,0.045,0.069,5
15,bcup,145,12,76,1,0.099,0.065,5
15,bcup,145,41,77,1,0.227,0.075,5
15,bcup,145,40,78,1,0.281,0.055,5
15,bcup,145,37,79,1,0.296,0.075,5
15,bcup,145,38,80,1,0.241,0.055,5
15,bcup,145,39,81,1,0.261,0.04,5
15,bcup,145,42,82,1,0.275,0.115,5
15,bcup,145,73,83,1,0.403,0.115,5
15,bcup,145,75,84,1,0.423,0.16,5
15,bcup,145,77,85,1,0.423,0.126,5
15,bcup,145,74,86,1,0.457,0.19,5
15,bcup,145,78,87,1,0.457,0.126,5
15,bcup,145,76,88,1,0.423,0.18,5
15,bcup,145,87,89,1,0.563,0.261,5
15,bcup,145,89,90,1,0.528,0.261,5
15,bcup,145,90,91,1,0.508,0.251,5
15,bcup,145,88,92,1,0.563,0.296,5
15,bcup,145,85,93,1,0.508,0.275,5
15,bcup,145,86,94,1,0.508,0.33,5
15,bcup,145,102,95,1,0.585,0.085,5
15,bcup,145,101,96,1,0.565,0.045,5
15,bcup,146,110,1,1,0.642,0.407,6
15,bcup,146,112,2,1,0.628,0.332,6
15,bcup,146,114,3,1,0.628,0.366,6
15,bcup,146,111,4,1,0.648,0.346,6
15,bcup,146,109,5,1,0.607,0.401,6
15,bcup,146,113,6,1,0.662,0.366,6
15,bcup,146,93,7,1,0.514,0.457,6
15,bcup,146,91,8,1,0.514,0.536,6
15,bcup,146,96,9,1,0.534,0.468,6
15,bcup,146,94,10,1,0.555,0.482,6
15,bcup,146,92,11,1,0.569,0.532,6
15,bcup,146,95,12,1,0.5,0.502,6
15,bcup,146,117,13,1,0.761,0.528,6
15,bcup,146,118,14,1,0.706,0.518,6
15,bcup,146,116,15,1,0.747,0.543,6
15,bcup,146,119,16,1,0.727,0.563,6
15,bcup,146,120,17,1,0.761,0.593,6
15,bcup,146,136,18,1,0.796,0.735,6
15,bcup,146,133,19,1,0.741,0.755,6
15,bcup,146,135,20,1,0.81,0.721,6
15,bcup,146,137,21,1,0.755,0.711,6
15,bcup,146,138,22,1,0.789,0.796,6
15,bcup,146,134,23,1,0.755,0.789,6
15,bcup,146,103,24,1,0.619,0.749,6
15,bcup,146,107,25,1,0.585,0.739,6
15,bcup,146,104,26,1,0.565,0.698,6
15,bcup,146,106,27,1,0.565,0.753,6
15,bcup,146,108,28,1,0.599,0.759,6
15,bcup,146,105,29,1,0.585,0.719,6
15,bcup,146,64,30,1,0.387,0.632,6
15,bcup,146,66,31,1,0.421,0.652,6
15,bcup,146,62,32,1,0.421,0.597,6
15,bcup,146,61,33,1,0.441,0.611,6
15,bcup,146,65,34,1,0.401,0.587,6
15,bcup,146,63,35,1,0.421,0.632,6
15,bcup,146,79,36,1,0.443,0.8,6
15,bcup,146,82,37,1,0.423,0.84,6
15,bcup,146,80,38,1,0.437,0.86,6
15,bcup,146,81,39,1,0.423,0.82,6
15,bcup,146,83,40,1,0.403,0.854,6
15,bcup,146,84,41,1,0.389,0.82,6
15,bcup,146,47,42,1,0.281,0.688,6
15,bcup,146,45,43,1,0.296,0.739,6
15,bcup,146,48,44,1,0.275,0.749,6
15,bcup,146,46,45,1,0.296,0.709,6
15,bcup,146,13,46,1,0.099,0.779,6
15,bcup,146,17,47,1,0.065,0.769,6
15,bcup,146,15,48,1,0.045,0.783,6
15,bcup,146,14,49,1,0.045,0.704,6
15,bcup,146,18,50,1,0.079,0.789,6
15,bcup,146,16,51,1,0.099,0.715,6
15,bcup,146,21,52,1,0.14,0.543,6
15,bcup,146,24,53,1,0.154,0.563,6
15,bcup,146,20,54,1,0.119,0.583,6
15,bcup,146,19,55,1,0.099,0.543,6
15,bcup,146,22,56,1,0.085,0.563,6
15,bcup,146,23,57,1,0.119,0.563,6
15,bcup,146,1,58,1,0.014,0.399,6
15,bcup,146,4,59,1,0.069,0.395,6
15,bcup,146,6,60,1,0.069,0.364,6
15,bcup,146,3,61,1,0,0.364,6
15,bcup,146,2,62,1,0.049,0.405,6
15,bcup,146,5,63,1,0.034,0.33,6
15,bcup,146,35,64,1,0.241,0.397,6
15,bcup,146,34,65,1,0.186,0.322,6
15,bcup,146,36,66,1,0.241,0.332,6
15,bcup,146,33,67,1,0.172,0.366,6
15,bcup,146,53,68,1,0.314,0.464,6
15,bcup,146,51,69,1,0.368,0.449,6
15,bcup,146,52,70,1,0.334,0.504,6
15,bcup,146,49,71,1,0.334,0.484,6
15,bcup,146,50,72,1,0.3,0.484,6
15,bcup,146,54,73,1,0.334,0.449,6
15,bcup,146,56,74,1,0.37,0.227,6
15,bcup,146,60,75,1,0.37,0.291,6
15,bcup,146,58,76,1,0.316,0.217,6
15,bcup,146,59,77,1,0.336,0.281,6
15,bcup,146,57,78,1,0.356,0.241,6
15,bcup,146,55,79,1,0.35,0.302,6
15,bcup,146,90,80,1,0.563,0.206,6
15,bcup,146,89,81,1,0.528,0.206,6
15,bcup,146,86,82,1,0.508,0.196,6
15,bcup,146,87,83,1,0.563,0.241,6
15,bcup,146,88,84,1,0.508,0.221,6
15,bcup,146,76,85,1,0.403,0.061,6
15,bcup,146,74,86,1,0.423,0.105,6
15,bcup,146,78,87,1,0.423,0.071,6
15,bcup,146,75,88,1,0.457,0.136,6
15,bcup,146,73,89,1,0.457,0.071,6
15,bcup,146,77,90,1,0.423,0.126,6
15,bcup,146,42,91,1,0.227,0.02,6
15,bcup,146,39,92,1,0.281,0,6
15,bcup,146,40,93,1,0.296,0.02,6
15,bcup,146,41,94,1,0.241,0,6
15,bcup,147,91,1,1,0.514,0.512,7
15,bcup,147,93,2,1,0.514,0.591,7
15,bcup,147,94,3,1,0.534,0.522,7
15,bcup,147,95,4,1,0.555,0.536,7
15,bcup,147,92,5,1,0.569,0.587,7
15,bcup,147,96,6,1,0.5,0.557,7
15,bcup,147,113,7,1,0.642,0.462,7
15,bcup,147,109,8,1,0.628,0.387,7
15,bcup,147,114,9,1,0.628,0.421,7
15,bcup,147,112,10,1,0.648,0.401,7
15,bcup,147,111,11,1,0.607,0.455,7
15,bcup,147,110,12,1,0.662,0.421,7
15,bcup,147,65,13,1,0.387,0.686,7
15,bcup,147,63,14,1,0.421,0.706,7
15,bcup,147,61,15,1,0.421,0.652,7
15,bcup,147,66,16,1,0.441,0.666,7
15,bcup,147,62,17,1,0.401,0.642,7
15,bcup,147,64,18,1,0.421,0.686,7
15,bcup,147,105,19,1,0.619,0.804,7
15,bcup,147,108,20,1,0.585,0.794,7
15,bcup,147,104,21,1,0.565,0.753,7
15,bcup,147,103,22,1,0.565,0.808,7
15,bcup,147,107,23,1,0.599,0.814,7
15,bcup,147,106,24,1,0.585,0.773,7
15,bcup,147,81,25,1,0.443,0.854,7
15,bcup,147,84,26,1,0.423,0.895,7
15,bcup,147,82,27,1,0.423,0.874,7
15,bcup,147,83,28,1,0.403,0.909,7
15,bcup,147,45,29,1,0.281,0.743,7
15,bcup,147,46,30,1,0.241,0.743,7
15,bcup,147,47,31,1,0.296,0.794,7
15,bcup,147,43,32,1,0.275,0.804,7
15,bcup,147,48,33,1,0.296,0.763,7
15,bcup,147,44,34,1,0.296,0.729,7
15,bcup,147,18,35,1,0.099,0.834,7
15,bcup,147,13,36,1,0.065,0.824,7
15,bcup,147,17,37,1,0.045,0.838,7
15,bcup,147,14,38,1,0.045,0.759,7
15,bcup,147,15,39,1,0.079,0.844,7
15,bcup,147,16,40,1,0.099,0.769,7
15,bcup,147,23,41,1,0.14,0.597,7
15,bcup,147,22,42,1,0.154,0.617,7
15,bcup,147,21,43,1,0.119,0.638,7
15,bcup,147,24,44,1,0.099,0.597,7
15,bcup,147,19,45,1,0.085,0.617,7
15,bcup,147,20,46,1,0.119,0.617,7
15,bcup,147,35,47,1,0.241,0.451,7
15,bcup,147,31,48,1,0.186,0.377,7
15,bcup,147,33,49,1,0.241,0.387,7
15,bcup,147,36,50,1,0.172,0.421,7
15,bcup,147,32,51,1,0.221,0.462,7
15,bcup,147,34,52,1,0.206,0.421,7
15,bcup,147,3,53,1,0.014,0.453,7
15,bcup,147,4,54,1,0.069,0.449,7
15,bcup,147,6,55,1,0.069,0.419,7
15,bcup,147,2,56,1,0,0.419,7
15,bcup,147,5,57,1,0.049,0.46,7
15,bcup,147,27,58,1,0.13,0.237,7
15,bcup,147,26,59,1,0.184,0.287,7
15,bcup,147,28,60,1,0.164,0.298,7
15,bcup,147,29,61,1,0.15,0.277,7
15,bcup,147,30,62,1,0.15,0.257,7
15,bcup,147,25,63,1,0.184,0.257,7
15,bcup,147,11,64,1,0.045,0.014,7
15,bcup,147,7,65,1,0.079,0.075,7
15,bcup,147,9,66,1,0.065,0,7
15,bcup,147,10,67,1,0.085,0.014,7
15,bcup,147,12,68,1,0.045,0.069,7
15,bcup,147,8,69,1,0.099,0.065,7
15,bcup,147,37,70,1,0.227,0.075,7
15,bcup,147,40,71,1,0.281,0.055,7
15,bcup,147,41,72,1,0.296,0.075,7
15,bcup,147,38,73,1,0.241,0.055,7
15,bcup,147,39,74,1,0.275,0.115,7
15,bcup,147,42,75,1,0.261,0.075,7
15,bcup,147,73,76,1,0.403,0.115,7
15,bcup,147,75,77,1,0.423,0.16,7
15,bcup,147,77,78,1,0.423,0.126,7
15,bcup,147,74,79,1,0.457,0.19,7
15,bcup,147,78,80,1,0.457,0.126,7
15,bcup,147,76,81,1,0.423,0.18,7
15,bcup,147,89,82,1,0.563,0.261,7
15,bcup,147,87,83,1,0.528,0.261,7
15,bcup,147,86,84,1,0.508,0.251,7
15,bcup,147,85,85,1,0.563,0.296,7
15,bcup,147,88,86,1,0.508,0.275,7
15,bcup,147,90,87,1,0.508,0.33,7
15,bcup,148,91,1,1,0.514,0.593,8
15,bcup,148,93,2,1,0.514,0.672,8
15,bcup,148,94,3,1,0.534,0.603,8
15,bcup,148,95,4,1,0.555,0.617,8
15,bcup,148,92,5,1,0.569,0.668,8
15,bcup,148,96,6,1,0.5,0.638,8
15,bcup,148,63,7,1,0.387,0.767,8
15,bcup,148,65,8,1,0.421,0.787,8
15,bcup,148,64,9,1,0.421,0.733,8
15,bcup,148,62,10,1,0.441,0.747,8
15,bcup,148,66,11,1,0.401,0.723,8
15,bcup,148,61,12,1,0.421,0.767,8
15,bcup,148,52,13,1,0.314,0.599,8
15,bcup,148,53,14,1,0.368,0.585,8
15,bcup,148,51,15,1,0.334,0.64,8
15,bcup,148,54,16,1,0.334,0.619,8
15,bcup,148,50,17,1,0.3,0.619,8
15,bcup,148,31,18,1,0.241,0.532,8
15,bcup,148,35,19,1,0.186,0.457,8
15,bcup,148,36,20,1,0.241,0.468,8
15,bcup,148,34,21,1,0.172,0.502,8
15,bcup,148,33,22,1,0.221,0.543,8
15,bcup,148,32,23,1,0.206,0.502,8
15,bcup,148,27,24,1,0.13,0.318,8
15,bcup,148,26,25,1,0.184,0.368,8
15,bcup,148,28,26,1,0.164,0.379,8
15,bcup,148,30,27,1,0.15,0.358,8
15,bcup,148,29,28,1,0.15,0.338,8
15,bcup,148,25,29,1,0.184,0.338,8
15,bcup,148,42,30,1,0.227,0.156,8
15,bcup,148,39,31,1,0.281,0.136,8
15,bcup,148,38,32,1,0.296,0.156,8
15,bcup,148,41,33,1,0.241,0.136,8
15,bcup,148,40,34,1,0.261,0.121,8
15,bcup,148,71,35,1,0.423,0.055,8
15,bcup,148,69,36,1,0.457,0.034,8
15,bcup,148,70,37,1,0.423,0.034,8
15,bcup,148,72,38,1,0.423,0,8
15,bcup,148,12,39,1,0.045,0.095,8
15,bcup,148,8,40,1,0.079,0.156,8
15,bcup,148,11,41,1,0.065,0.081,8
15,bcup,148,7,42,1,0.085,0.095,8
15,bcup,148,9,43,1,0.045,0.15,8
15,bcup,148,10,44,1,0.099,0.146,8
15,bcup,148,6,45,1,0.014,0.534,8
15,bcup,148,4,46,1,0.069,0.53,8
15,bcup,148,2,47,1,0.069,0.5,8
15,bcup,148,5,48,1,0,0.5,8
15,bcup,148,3,49,1,0.049,0.54,8
15,bcup,148,20,50,1,0.14,0.678,8
15,bcup,148,21,51,1,0.154,0.698,8
15,bcup,148,22,52,1,0.119,0.719,8
15,bcup,148,24,53,1,0.099,0.678,8
15,bcup,148,23,54,1,0.085,0.698,8
15,bcup,148,18,55,1,0.099,0.915,8
15,bcup,148,16,56,1,0.065,0.905,8
15,bcup,148,14,57,1,0.045,0.919,8
15,bcup,148,15,58,1,0.045,0.84,8
15,bcup,148,17,59,1,0.079,0.925,8
15,bcup,148,13,60,1,0.099,0.85,8
15,bcup,148,46,61,1,0.281,0.824,8
15,bcup,148,45,62,1,0.241,0.824,8
15,bcup,148,48,63,1,0.296,0.874,8
15,bcup,148,47,64,1,0.275,0.885,8
15,bcup,149,90,1,1,0.563,0.231,9
15,bcup,149,88,2,1,0.528,0.231,9
15,bcup,149,85,3,1,0.508,0.221,9
15,bcup,149,86,4,1,0.563,0.265,9
15,bcup,149,87,5,1,0.508,0.245,9
15,bcup,149,89,6,1,0.508,0.3,9
15,bcup,149,110,7,1,0.642,0.431,9
15,bcup,149,112,8,1,0.628,0.356,9
15,bcup,149,114,9,1,0.628,0.391,9
15,bcup,149,111,10,1,0.648,0.37,9
15,bcup,149,113,11,1,0.607,0.425,9
15,bcup,149,109,12,1,0.662,0.391,9
15,bcup,149,94,13,1,0.514,0.482,9
15,bcup,149,93,14,1,0.514,0.561,9
15,bcup,149,91,15,1,0.534,0.492,9
15,bcup,149,96,16,1,0.555,0.506,9
15,bcup,149,92,17,1,0.569,0.557,9
15,bcup,149,95,18,1,0.5,0.526,9
15,bcup,149,64,19,1,0.387,0.656,9
15,bcup,149,63,20,1,0.421,0.676,9
15,bcup,149,65,21,1,0.421,0.621,9
15,bcup,149,66,22,1,0.441,0.636,9
15,bcup,149,62,23,1,0.401,0.611,9
15,bcup,149,61,24,1,0.421,0.656,9
15,bcup,149,43,25,1,0.281,0.713,9
15,bcup,149,48,26,1,0.241,0.713,9
15,bcup,149,44,27,1,0.296,0.763,9
15,bcup,149,47,28,1,0.275,0.773,9
15,bcup,149,45,29,1,0.296,0.733,9
15,bcup,149,46,30,1,0.296,0.698,9
15,bcup,149,18,31,1,0.099,0.804,9
15,bcup,149,16,32,1,0.065,0.794,9
15,bcup,149,15,33,1,0.045,0.808,9
15,bcup,149,14,34,1,0.045,0.729,9
15,bcup,149,17,35,1,0.079,0.814,9
15,bcup,149,13,36,1,0.099,0.739,9
15,bcup,149,23,37,1,0.14,0.567,9
15,bcup,149,22,38,1,0.154,0.587,9
15,bcup,149,24,39,1,0.119,0.607,9
15,bcup,149,21,40,1,0.099,0.567,9
15,bcup,149,20,41,1,0.085,0.587,9
15,bcup,149,19,42,1,0.119,0.587,9
15,bcup,149,31,43,1,0.241,0.421,9
15,bcup,149,35,44,1,0.186,0.346,9
15,bcup,149,34,45,1,0.241,0.356,9
15,bcup,149,36,46,1,0.172,0.391,9
15,bcup,149,32,47,1,0.221,0.431,9
15,bcup,149,33,48,1,0.206,0.391,9
15,bcup,149,5,49,1,0.014,0.423,9
15,bcup,149,1,50,1,0.069,0.419,9
15,bcup,149,2,51,1,0.069,0.389,9
15,bcup,149,3,52,1,0,0.389,9
15,bcup,149,4,53,1,0.049,0.429,9
15,bcup,149,6,54,1,0.034,0.354,9
15,bcup,149,26,55,1,0.13,0.206,9
15,bcup,149,29,56,1,0.184,0.257,9
15,bcup,149,28,57,1,0.15,0.247,9
15,bcup,149,27,58,1,0.15,0.227,9
15,bcup,149,30,59,1,0.184,0.227,9
15,bcup,149,37,60,1,0.227,0.045,9
15,bcup,149,40,61,1,0.281,0.024,9
15,bcup,149,41,62,1,0.296,0.045,9
15,bcup,149,38,63,1,0.241,0.024,9
15,bcup,149,39,64,1,0.261,0.01,9
15,bcup,149,42,65,1,0.275,0.085,9
15,bcup,149,74,66,1,0.403,0.085,9
15,bcup,149,76,67,1,0.423,0.13,9
15,bcup,149,75,68,1,0.423,0.095,9
15,bcup,149,78,69,1,0.457,0.095,9
15,bcup,149,77,70,1,0.423,0.15,9
15,bcup,149,102,71,1,0.585,0.055,9
15,bcup,149,98,72,1,0.565,0.014,9
15,bcup,149,100,73,1,0.619,0,9
15,bcup,149,101,74,1,0.585,0.034,9
15,bcup,149,99,75,1,0.605,0.014,9
15,bcup,150,110,1,1,0.642,0.085,10
15,bcup,150,112,2,1,0.628,0.01,10
15,bcup,150,114,3,1,0.628,0.045,10
15,bcup,150,109,4,1,0.648,0.024,10
15,bcup,150,111,5,1,0.607,0.079,10
15,bcup,150,113,6,1,0.662,0.045,10
15,bcup,150,93,7,1,0.514,0.136,10
15,bcup,150,91,8,1,0.514,0.215,10
15,bcup,150,96,9,1,0.534,0.146,10
15,bcup,150,92,10,1,0.555,0.16,10
15,bcup,150,94,11,1,0.569,0.211,10
15,bcup,150,95,12,1,0.5,0.18,10
15,bcup,150,116,13,1,0.761,0.206,10
15,bcup,150,118,14,1,0.706,0.196,10
15,bcup,150,117,15,1,0.747,0.221,10
15,bcup,150,115,16,1,0.727,0.206,10
15,bcup,150,119,17,1,0.727,0.241,10
15,bcup,150,120,18,1,0.761,0.271,10
15,bcup,150,135,19,1,0.796,0.413,10
15,bcup,150,133,20,1,0.741,0.433,10
15,bcup,150,136,21,1,0.81,0.399,10
15,bcup,150,134,22,1,0.755,0.389,10
15,bcup,150,138,23,1,0.789,0.474,10
15,bcup,150,137,24,1,0.755,0.468,10
15,bcup,150,104,25,1,0.619,0.427,10
15,bcup,150,108,26,1,0.585,0.417,10
15,bcup,150,105,27,1,0.565,0.377,10
15,bcup,150,106,28,1,0.585,0.397,10
15,bcup,150,107,29,1,0.585,0.397,10
15,bcup,150,64,30,1,0.387,0.31,10
15,bcup,150,63,31,1,0.421,0.33,10
15,bcup,150,65,32,1,0.421,0.275,10
15,bcup,150,66,33,1,0.441,0.289,10
15,bcup,150,61,34,1,0.401,0.265,10
15,bcup,150,62,35,1,0.421,0.31,10
15,bcup,150,79,36,1,0.443,0.478,10
15,bcup,150,82,37,1,0.423,0.518,10
15,bcup,150,80,38,1,0.437,0.538,10
15,bcup,150,81,39,1,0.423,0.498,10
15,bcup,150,83,40,1,0.403,0.532,10
15,bcup,150,84,41,1,0.389,0.498,10
15,bcup,150,46,42,1,0.281,0.366,10
15,bcup,150,45,43,1,0.296,0.417,10
15,bcup,150,47,44,1,0.275,0.427,10
15,bcup,150,43,45,1,0.296,0.387,10
15,bcup,150,48,46,1,0.296,0.352,10
15,bcup,150,44,47,1,0.261,0.387,10
15,bcup,150,18,48,1,0.099,0.457,10
15,bcup,150,16,49,1,0.065,0.447,10
15,bcup,150,14,50,1,0.045,0.462,10
15,bcup,150,15,51,1,0.045,0.383,10
15,bcup,150,17,52,1,0.079,0.468,10
15,bcup,150,13,53,1,0.099,0.393,10
15,bcup,150,23,54,1,0.14,0.221,10
15,bcup,150,24,55,1,0.154,0.241,10
15,bcup,150,21,56,1,0.119,0.261,10
15,bcup,150,20,57,1,0.099,0.221,10
15,bcup,150,22,58,1,0.085,0.241,10
15,bcup,150,5,59,1,0.014,0.077,10
15,bcup,150,2,60,1,0.069,0.073,10
15,bcup,150,3,61,1,0.069,0.043,10
15,bcup,150,6,62,1,0,0.043,10
15,bcup,150,4,63,1,0.049,0.083,10
15,bcup,150,1,64,1,0.034,0.008,10
15,bcup,150,34,65,1,0.241,0.075,10
15,bcup,150,32,66,1,0.186,0,10
15,bcup,150,36,67,1,0.241,0.01,10
15,bcup,150,35,68,1,0.172,0.045,10
15,bcup,150,31,69,1,0.221,0.085,10
15,bcup,150,33,70,1,0.206,0.045,10
15,bcup,150,53,71,1,0.314,0.142,10
15,bcup,150,50,72,1,0.368,0.128,10
15,bcup,150,51,73,1,0.334,0.182,10
15,bcup,150,52,74,1,0.334,0.162,10
15,bcup,150,54,75,1,0.3,0.162,10
16,ycup,151,50,1,2,0.348,0.66,1
16,ycup,151,51,2,2,0.368,0.585,1
16,ycup,151,53,3,2,0.354,0.599,1
16,ycup,151,54,4,2,0.334,0.64,1
16,ycup,151,52,5,2,0.314,0.575,1
16,ycup,151,49,6,2,0.314,0.599,1
16,ycup,151,62,7,2,0.435,0.808,1
16,ycup,151,63,8,2,0.401,0.723,1
16,ycup,151,64,9,2,0.401,0.747,1
16,ycup,151,66,10,2,0.441,0.747,1
16,ycup,151,61,11,2,0.421,0.787,1
16,ycup,151,65,12,2,0.455,0.798,1
16,ycup,151,45,13,2,0.241,0.879,1
16,ycup,151,48,14,2,0.296,0.874,1
16,ycup,151,46,15,2,0.261,0.81,1
16,ycup,151,43,16,2,0.227,0.844,1
16,ycup,151,47,17,2,0.261,0.864,1
16,ycup,151,44,18,2,0.241,0.8,1
16,ycup,151,20,19,2,0.099,0.678,1
16,ycup,151,23,20,2,0.154,0.729,1
16,ycup,151,24,21,2,0.14,0.678,1
16,ycup,151,19,22,2,0.154,0.664,1
16,ycup,151,21,23,2,0.134,0.739,1
16,ycup,151,22,24,2,0.119,0.698,1
16,ycup,151,18,25,2,0.085,0.864,1
16,ycup,151,14,26,2,0.099,0.885,1
16,ycup,151,13,27,2,0.045,0.919,1
16,ycup,151,16,28,2,0.03,0.885,1
16,ycup,151,15,29,2,0.045,0.84,1
16,ycup,151,17,30,2,0.099,0.85,1
16,ycup,151,5,31,2,0.014,0.48,1
16,ycup,151,2,32,2,0.069,0.53,1
16,ycup,151,4,33,2,0.034,0.466,1
16,ycup,151,1,34,2,0,0.5,1
16,ycup,151,3,35,2,0.049,0.54,1
16,ycup,151,6,36,2,0.069,0.466,1
16,ycup,151,32,37,2,0.206,0.502,1
16,ycup,151,34,38,2,0.172,0.502,1
16,ycup,151,35,39,2,0.241,0.532,1
16,ycup,151,31,40,2,0.186,0.536,1
16,ycup,151,36,41,2,0.206,0.522,1
16,ycup,151,33,42,2,0.206,0.468,1
16,ycup,151,25,43,2,0.13,0.372,1
16,ycup,151,30,44,2,0.13,0.294,1
16,ycup,151,27,45,2,0.13,0.318,1
16,ycup,151,26,46,2,0.184,0.338,1
16,ycup,151,29,47,2,0.17,0.318,1
16,ycup,151,28,48,2,0.15,0.358,1
16,ycup,151,11,49,2,0.03,0.115,1
16,ycup,151,7,50,2,0.065,0.136,1
16,ycup,151,10,51,2,0.099,0.146,1
16,ycup,151,8,52,2,0.065,0.115,1
16,ycup,151,12,53,2,0.045,0.15,1
16,ycup,151,9,54,2,0.079,0.156,1
16,ycup,151,42,55,2,0.275,0.196,1
16,ycup,151,40,56,2,0.241,0.111,1
16,ycup,151,41,57,2,0.296,0.156,1
16,ycup,151,39,58,2,0.261,0.156,1
16,ycup,151,37,59,2,0.281,0.136,1
16,ycup,151,38,60,2,0.227,0.156,1
16,ycup,151,70,61,2,0.423,0.055,1
16,ycup,151,69,62,2,0.423,0.034,1
16,ycup,151,71,63,2,0.423,0,1
16,ycup,151,68,64,2,0.389,0.034,1
16,ycup,151,67,65,2,0.457,0,1
16,ycup,151,72,66,2,0.437,0.075,1
16,ycup,151,99,67,2,0.619,0.146,1
16,ycup,151,102,68,2,0.585,0.111,1
16,ycup,151,97,69,2,0.551,0.146,1
16,ycup,151,98,70,2,0.599,0.186,1
16,ycup,151,101,71,2,0.565,0.18,1
16,ycup,151,100,72,2,0.585,0.146,1
16,ycup,151,128,73,2,0.796,0.089,1
16,ycup,151,131,74,2,0.755,0.144,1
16,ycup,151,132,75,2,0.81,0.075,1
16,ycup,152,95,1,2,0.549,0.567,2
16,ycup,152,92,2,2,0.514,0.506,2
16,ycup,152,94,3,2,0.555,0.506,2
16,ycup,152,93,4,2,0.5,0.526,2
16,ycup,152,91,5,2,0.514,0.482,2
16,ycup,152,96,6,2,0.534,0.547,2
16,ycup,152,119,7,2,0.692,0.587,2
16,ycup,152,116,8,2,0.706,0.567,2
16,ycup,152,115,9,2,0.761,0.617,2
16,ycup,152,120,10,2,0.727,0.607,2
16,ycup,152,118,11,2,0.706,0.543,2
16,ycup,152,117,12,2,0.761,0.553,2
16,ycup,152,134,13,2,0.775,0.8,2
16,ycup,152,135,14,2,0.81,0.745,2
16,ycup,152,133,15,2,0.775,0.745,2
16,ycup,152,137,16,2,0.755,0.759,2
16,ycup,152,138,17,2,0.755,0.814,2
16,ycup,152,136,18,2,0.741,0.779,2
16,ycup,152,107,19,2,0.585,0.743,2
16,ycup,152,103,20,2,0.619,0.709,2
16,ycup,152,106,21,2,0.619,0.743,2
16,ycup,152,105,22,2,0.585,0.763,2
16,ycup,152,104,23,2,0.599,0.783,2
16,ycup,152,108,24,2,0.565,0.698,2
16,ycup,152,84,25,2,0.403,0.879,2
16,ycup,152,82,26,2,0.457,0.81,2
16,ycup,152,81,27,2,0.437,0.885,2
16,ycup,152,79,28,2,0.457,0.874,2
16,ycup,152,83,29,2,0.423,0.844,2
16,ycup,152,80,30,2,0.457,0.844,2
16,ycup,152,61,31,2,0.435,0.696,2
16,ycup,152,65,32,2,0.401,0.611,2
16,ycup,152,63,33,2,0.401,0.636,2
16,ycup,152,62,34,2,0.441,0.636,2
16,ycup,152,64,35,2,0.421,0.676,2
16,ycup,152,66,36,2,0.455,0.686,2
16,ycup,152,44,37,2,0.241,0.767,2
16,ycup,152,47,38,2,0.296,0.763,2
16,ycup,152,43,39,2,0.261,0.698,2
16,ycup,152,46,40,2,0.227,0.733,2
16,ycup,152,45,41,2,0.261,0.753,2
16,ycup,152,48,42,2,0.241,0.688,2
16,ycup,152,14,43,2,0.085,0.753,2
16,ycup,152,13,44,2,0.099,0.773,2
16,ycup,152,18,45,2,0.045,0.808,2
16,ycup,152,16,46,2,0.03,0.773,2
16,ycup,152,15,47,2,0.045,0.729,2
16,ycup,152,17,48,2,0.099,0.739,2
16,ycup,152,23,49,2,0.099,0.567,2
16,ycup,152,20,50,2,0.154,0.617,2
16,ycup,152,24,51,2,0.14,0.567,2
16,ycup,152,19,52,2,0.154,0.553,2
16,ycup,152,21,53,2,0.134,0.628,2
16,ycup,152,22,54,2,0.119,0.587,2
16,ycup,152,34,55,2,0.206,0.391,2
16,ycup,152,35,56,2,0.172,0.391,2
16,ycup,152,31,57,2,0.241,0.421,2
16,ycup,152,36,58,2,0.186,0.425,2
16,ycup,152,32,59,2,0.206,0.411,2
16,ycup,152,33,60,2,0.206,0.356,2
16,ycup,152,2,61,2,0.014,0.368,2
16,ycup,152,5,62,2,0.069,0.419,2
16,ycup,152,4,63,2,0.034,0.354,2
16,ycup,152,1,64,2,0,0.389,2
16,ycup,152,3,65,2,0.049,0.429,2
16,ycup,152,6,66,2,0.069,0.354,2
16,ycup,152,25,67,2,0.13,0.261,2
16,ycup,152,30,68,2,0.13,0.182,2
16,ycup,152,27,69,2,0.13,0.206,2
16,ycup,152,26,70,2,0.184,0.227,2
16,ycup,152,29,71,2,0.17,0.206,2
16,ycup,152,28,72,2,0.15,0.247,2
16,ycup,152,11,73,2,0.03,0.004,2
16,ycup,152,7,74,2,0.065,0.024,2
16,ycup,152,10,75,2,0.099,0.034,2
16,ycup,152,8,76,2,0.065,0.004,2
16,ycup,152,12,77,2,0.045,0.038,2
16,ycup,152,9,78,2,0.079,0.045,2
16,ycup,152,42,79,2,0.275,0.085,2
16,ycup,152,38,80,2,0.241,0,2
16,ycup,152,40,81,2,0.296,0.045,2
16,ycup,152,41,82,2,0.261,0.045,2
16,ycup,152,39,83,2,0.281,0.024,2
16,ycup,153,95,1,2,0.549,0.678,3
16,ycup,153,92,2,2,0.514,0.617,3
16,ycup,153,94,3,2,0.555,0.617,3
16,ycup,153,93,4,2,0.5,0.638,3
16,ycup,153,96,5,2,0.514,0.593,3
16,ycup,153,91,6,2,0.534,0.658,3
16,ycup,153,115,7,2,0.692,0.698,3
16,ycup,153,116,8,2,0.706,0.678,3
16,ycup,153,119,9,2,0.761,0.729,3
16,ycup,153,120,10,2,0.727,0.719,3
16,ycup,153,118,11,2,0.706,0.654,3
16,ycup,153,117,12,2,0.761,0.664,3
16,ycup,153,135,13,2,0.775,0.911,3
16,ycup,153,134,14,2,0.81,0.856,3
16,ycup,153,136,15,2,0.775,0.856,3
16,ycup,153,133,16,2,0.755,0.87,3
16,ycup,153,137,17,2,0.755,0.925,3
16,ycup,153,138,18,2,0.741,0.891,3
16,ycup,153,107,19,2,0.585,0.854,3
16,ycup,153,106,20,2,0.619,0.82,3
16,ycup,153,103,21,2,0.619,0.854,3
16,ycup,153,105,22,2,0.585,0.874,3
16,ycup,153,104,23,2,0.599,0.895,3
16,ycup,153,108,24,2,0.565,0.81,3
16,ycup,153,84,25,2,0.403,0.99,3
16,ycup,153,82,26,2,0.457,0.921,3
16,ycup,153,81,27,2,0.437,0.996,3
16,ycup,153,79,28,2,0.457,0.986,3
16,ycup,153,83,29,2,0.423,0.955,3
16,ycup,153,80,30,2,0.457,0.955,3
16,ycup,153,44,31,2,0.241,0.879,3
16,ycup,153,47,32,2,0.296,0.874,3
16,ycup,153,43,33,2,0.261,0.81,3
16,ycup,153,46,34,2,0.227,0.844,3
16,ycup,153,45,35,2,0.261,0.864,3
16,ycup,153,48,36,2,0.241,0.8,3
16,ycup,153,14,37,2,0.085,0.864,3
16,ycup,153,13,38,2,0.099,0.885,3
16,ycup,153,18,39,2,0.045,0.919,3
16,ycup,153,17,40,2,0.03,0.885,3
16,ycup,153,16,41,2,0.045,0.84,3
16,ycup,153,15,42,2,0.099,0.85,3
16,ycup,153,23,43,2,0.099,0.678,3
16,ycup,153,20,44,2,0.154,0.729,3
16,ycup,153,24,45,2,0.14,0.678,3
16,ycup,153,19,46,2,0.154,0.664,3
16,ycup,153,21,47,2,0.134,0.739,3
16,ycup,153,22,48,2,0.119,0.698,3
16,ycup,153,5,49,2,0.014,0.48,3
16,ycup,153,2,50,2,0.069,0.53,3
16,ycup,153,4,51,2,0.034,0.466,3
16,ycup,153,1,52,2,0,0.5,3
16,ycup,153,3,53,2,0.049,0.54,3
16,ycup,153,6,54,2,0.069,0.466,3
16,ycup,153,32,55,2,0.206,0.502,3
16,ycup,153,35,56,2,0.172,0.502,3
16,ycup,153,31,57,2,0.241,0.532,3
16,ycup,153,36,58,2,0.186,0.536,3
16,ycup,153,34,59,2,0.206,0.522,3
16,ycup,153,33,60,2,0.206,0.468,3
16,ycup,153,25,61,2,0.13,0.372,3
16,ycup,153,30,62,2,0.13,0.294,3
16,ycup,153,27,63,2,0.13,0.318,3
16,ycup,153,26,64,2,0.184,0.338,3
16,ycup,153,29,65,2,0.17,0.318,3
16,ycup,153,28,66,2,0.15,0.358,3
16,ycup,153,12,67,2,0.03,0.115,3
16,ycup,153,8,68,2,0.065,0.136,3
16,ycup,153,10,69,2,0.099,0.146,3
16,ycup,153,7,70,2,0.065,0.115,3
16,ycup,153,11,71,2,0.045,0.15,3
16,ycup,153,42,72,2,0.275,0.196,3
16,ycup,153,9,73,2,0.079,0.156,3
16,ycup,153,38,74,2,0.241,0.111,3
16,ycup,153,41,75,2,0.296,0.156,3
16,ycup,153,39,76,2,0.261,0.156,3
16,ycup,153,40,77,2,0.281,0.136,3
16,ycup,153,37,78,2,0.227,0.156,3
16,ycup,153,70,79,2,0.423,0.055,3
16,ycup,153,68,80,2,0.423,0.034,3
16,ycup,153,69,81,2,0.423,0,3
16,ycup,153,71,82,2,0.389,0.034,3
16,ycup,153,67,83,2,0.437,0.075,3
16,ycup,153,72,84,2,0.423,0.034,3
16,ycup,153,99,85,2,0.619,0.146,3
16,ycup,154,111,1,2,0.628,0.468,4
16,ycup,154,109,2,2,0.628,0.522,4
16,ycup,154,113,3,2,0.593,0.502,4
16,ycup,154,110,4,2,0.607,0.536,4
16,ycup,154,112,5,2,0.648,0.482,4
16,ycup,154,114,6,2,0.662,0.532,4
16,ycup,154,141,7,2,0.846,0.466,4
16,ycup,154,140,8,2,0.832,0.48,4
16,ycup,154,139,9,2,0.812,0.5,4
16,ycup,154,142,10,2,0.846,0.5,4
16,ycup,154,143,11,2,0.846,0.53,4
16,ycup,154,144,12,2,0.826,0.54,4
16,ycup,154,123,13,2,0.761,0.267,4
16,ycup,154,125,14,2,0.706,0.257,4
16,ycup,154,124,15,2,0.727,0.322,4
16,ycup,154,122,16,2,0.706,0.281,4
16,ycup,154,126,17,2,0.727,0.302,4
16,ycup,154,121,18,2,0.747,0.281,4
16,ycup,154,88,19,2,0.494,0.377,4
16,ycup,154,89,20,2,0.543,0.417,4
16,ycup,154,87,21,2,0.508,0.356,4
16,ycup,154,85,22,2,0.563,0.342,4
16,ycup,154,86,23,2,0.549,0.356,4
16,ycup,154,90,24,2,0.563,0.407,4
16,ycup,154,100,25,2,0.619,0.146,4
16,ycup,154,101,26,2,0.585,0.111,4
16,ycup,154,99,27,2,0.551,0.146,4
16,ycup,154,102,28,2,0.599,0.186,4
16,ycup,154,98,29,2,0.565,0.18,4
16,ycup,154,97,30,2,0.585,0.146,4
16,ycup,154,128,31,2,0.796,0.089,4
16,ycup,154,130,32,2,0.755,0.144,4
16,ycup,154,131,33,2,0.81,0.075,4
16,ycup,154,132,34,2,0.789,0.15,4
16,ycup,154,127,35,2,0.81,0.14,4
16,ycup,154,129,36,2,0.81,0.109,4
16,ycup,154,75,37,2,0.403,0.196,4
16,ycup,154,78,38,2,0.423,0.261,4
16,ycup,154,74,39,2,0.457,0.241,4
16,ycup,154,77,40,2,0.403,0.221,4
16,ycup,154,76,41,2,0.443,0.221,4
16,ycup,154,73,42,2,0.457,0.271,4
16,ycup,154,72,43,2,0.423,0.055,4
16,ycup,154,67,44,2,0.423,0.034,4
16,ycup,154,68,45,2,0.423,0,4
16,ycup,154,69,46,2,0.389,0.034,4
16,ycup,154,71,47,2,0.457,0,4
16,ycup,154,70,48,2,0.437,0.075,4
16,ycup,154,39,49,2,0.275,0.196,4
16,ycup,154,41,50,2,0.241,0.111,4
16,ycup,154,40,51,2,0.296,0.156,4
16,ycup,154,37,52,2,0.261,0.156,4
16,ycup,154,42,53,2,0.281,0.136,4
16,ycup,154,38,54,2,0.227,0.156,4
16,ycup,154,9,55,2,0.03,0.115,4
16,ycup,154,12,56,2,0.065,0.136,4
16,ycup,154,11,57,2,0.099,0.146,4
16,ycup,154,7,58,2,0.065,0.115,4
16,ycup,154,8,59,2,0.045,0.15,4
16,ycup,154,10,60,2,0.079,0.156,4
16,ycup,154,26,61,2,0.13,0.372,4
16,ycup,154,27,62,2,0.13,0.294,4
16,ycup,154,29,63,2,0.13,0.318,4
16,ycup,154,28,64,2,0.184,0.338,4
16,ycup,154,30,65,2,0.17,0.318,4
16,ycup,154,25,66,2,0.15,0.358,4
16,ycup,154,58,67,2,0.302,0.397,4
16,ycup,154,55,68,2,0.336,0.417,4
16,ycup,154,59,69,2,0.37,0.397,4
16,ycup,154,56,70,2,0.316,0.377,4
16,ycup,154,60,71,2,0.336,0.397,4
16,ycup,154,57,72,2,0.356,0.377,4
16,ycup,154,36,73,2,0.206,0.502,4
16,ycup,154,31,74,2,0.172,0.502,4
16,ycup,154,35,75,2,0.241,0.532,4
16,ycup,154,34,76,2,0.186,0.536,4
16,ycup,154,32,77,2,0.206,0.522,4
16,ycup,154,33,78,2,0.206,0.468,4
16,ycup,154,6,79,2,0.014,0.48,4
16,ycup,154,3,80,2,0.069,0.53,4
16,ycup,154,1,81,2,0.034,0.466,4
16,ycup,154,4,82,2,0,0.5,4
16,ycup,154,2,83,2,0.049,0.54,4
16,ycup,154,5,84,2,0.069,0.466,4
16,ycup,154,19,85,2,0.099,0.678,4
16,ycup,154,24,86,2,0.154,0.729,4
16,ycup,154,22,87,2,0.14,0.678,4
16,ycup,154,23,88,2,0.154,0.664,4
16,ycup,155,95,1,2,0.549,0.567,5
16,ycup,155,92,2,2,0.514,0.506,5
16,ycup,155,94,3,2,0.555,0.506,5
16,ycup,155,96,4,2,0.5,0.526,5
16,ycup,155,91,5,2,0.514,0.482,5
16,ycup,155,93,6,2,0.534,0.547,5
16,ycup,155,119,7,2,0.692,0.587,5
16,ycup,155,116,8,2,0.706,0.567,5
16,ycup,155,115,9,2,0.761,0.617,5
16,ycup,155,120,10,2,0.727,0.607,5
16,ycup,155,118,11,2,0.706,0.543,5
16,ycup,155,117,12,2,0.761,0.553,5
16,ycup,155,135,13,2,0.775,0.8,5
16,ycup,155,134,14,2,0.81,0.745,5
16,ycup,155,136,15,2,0.775,0.745,5
16,ycup,155,133,16,2,0.755,0.759,5
16,ycup,155,137,17,2,0.755,0.814,5
16,ycup,155,138,18,2,0.741,0.779,5
16,ycup,155,107,19,2,0.585,0.743,5
16,ycup,155,106,20,2,0.619,0.709,5
16,ycup,155,103,21,2,0.619,0.743,5
16,ycup,155,105,22,2,0.585,0.763,5
16,ycup,155,104,23,2,0.599,0.783,5
16,ycup,155,108,24,2,0.565,0.698,5
16,ycup,155,84,25,2,0.403,0.879,5
16,ycup,155,82,26,2,0.457,0.81,5
16,ycup,155,81,27,2,0.437,0.885,5
16,ycup,155,79,28,2,0.457,0.874,5
16,ycup,155,83,29,2,0.423,0.844,5
16,ycup,155,80,30,2,0.457,0.844,5
16,ycup,155,44,31,2,0.241,0.767,5
16,ycup,155,47,32,2,0.296,0.763,5
16,ycup,155,43,33,2,0.261,0.698,5
16,ycup,155,46,34,2,0.227,0.733,5
16,ycup,155,48,35,2,0.261,0.753,5
16,ycup,155,45,36,2,0.241,0.688,5
16,ycup,155,18,37,2,0.085,0.753,5
16,ycup,155,13,38,2,0.099,0.773,5
16,ycup,155,14,39,2,0.045,0.808,5
16,ycup,155,15,40,2,0.03,0.773,5
16,ycup,155,16,41,2,0.045,0.729,5
16,ycup,155,17,42,2,0.099,0.739,5
16,ycup,155,23,43,2,0.099,0.567,5
16,ycup,155,20,44,2,0.154,0.617,5
16,ycup,155,24,45,2,0.14,0.567,5
16,ycup,155,19,46,2,0.154,0.553,5
16,ycup,155,21,47,2,0.134,0.628,5
16,ycup,155,22,48,2,0.119,0.587,5
16,ycup,155,49,49,2,0.348,0.549,5
16,ycup,155,52,50,2,0.368,0.474,5
16,ycup,155,51,51,2,0.354,0.488,5
16,ycup,155,50,52,2,0.334,0.528,5
16,ycup,155,54,53,2,0.314,0.464,5
16,ycup,155,53,54,2,0.314,0.488,5
16,ycup,155,33,55,2,0.206,0.391,5
16,ycup,155,35,56,2,0.172,0.391,5
16,ycup,155,31,57,2,0.241,0.421,5
16,ycup,155,34,58,2,0.186,0.425,5
16,ycup,155,32,59,2,0.206,0.411,5
16,ycup,155,36,60,2,0.206,0.356,5
16,ycup,155,6,61,2,0.014,0.368,5
16,ycup,155,2,62,2,0.069,0.419,5
16,ycup,155,5,63,2,0.034,0.354,5
16,ycup,155,4,64,2,0,0.389,5
16,ycup,155,1,65,2,0.049,0.429,5
16,ycup,155,3,66,2,0.069,0.354,5
16,ycup,155,25,67,2,0.13,0.261,5
16,ycup,155,30,68,2,0.13,0.182,5
16,ycup,155,27,69,2,0.13,0.206,5
16,ycup,155,26,70,2,0.184,0.227,5
16,ycup,155,29,71,2,0.17,0.206,5
16,ycup,155,28,72,2,0.15,0.247,5
16,ycup,155,12,73,2,0.03,0.004,5
16,ycup,155,9,74,2,0.065,0.024,5
16,ycup,155,8,75,2,0.099,0.034,5
16,ycup,155,10,76,2,0.065,0.004,5
16,ycup,155,7,77,2,0.045,0.038,5
16,ycup,155,11,78,2,0.079,0.045,5
16,ycup,155,42,79,2,0.275,0.085,5
16,ycup,155,38,80,2,0.241,0,5
16,ycup,155,40,81,2,0.296,0.045,5
16,ycup,155,41,82,2,0.261,0.045,5
16,ycup,155,39,83,2,0.281,0.024,5
16,ycup,155,37,84,2,0.227,0.045,5
16,ycup,156,95,1,2,0.549,0.567,6
16,ycup,156,92,2,2,0.514,0.506,6
16,ycup,156,94,3,2,0.555,0.506,6
16,ycup,156,96,4,2,0.5,0.526,6
16,ycup,156,91,5,2,0.514,0.482,6
16,ycup,156,93,6,2,0.534,0.547,6
16,ycup,156,111,7,2,0.628,0.356,6
16,ycup,156,112,8,2,0.628,0.411,6
16,ycup,156,110,9,2,0.593,0.391,6
16,ycup,156,114,10,2,0.607,0.425,6
16,ycup,156,113,11,2,0.648,0.37,6
16,ycup,156,109,12,2,0.662,0.421,6
16,ycup,156,141,13,2,0.846,0.354,6
16,ycup,156,140,14,2,0.832,0.368,6
16,ycup,156,139,15,2,0.812,0.389,6
16,ycup,156,142,16,2,0.846,0.389,6
16,ycup,156,143,17,2,0.846,0.419,6
16,ycup,156,144,18,2,0.826,0.429,6
16,ycup,156,120,19,2,0.692,0.587,6
16,ycup,156,119,20,2,0.706,0.567,6
16,ycup,156,116,21,2,0.761,0.617,6
16,ycup,156,115,22,2,0.727,0.607,6
16,ycup,156,118,23,2,0.706,0.543,6
16,ycup,156,117,24,2,0.761,0.553,6
16,ycup,156,135,25,2,0.775,0.8,6
16,ycup,156,134,26,2,0.81,0.745,6
16,ycup,156,136,27,2,0.775,0.745,6
16,ycup,156,138,28,2,0.755,0.759,6
16,ycup,156,137,29,2,0.755,0.814,6
16,ycup,156,133,30,2,0.741,0.779,6
16,ycup,156,105,31,2,0.585,0.743,6
16,ycup,156,106,32,2,0.619,0.709,6
16,ycup,156,107,33,2,0.619,0.743,6
16,ycup,156,103,34,2,0.585,0.763,6
16,ycup,156,104,35,2,0.599,0.783,6
16,ycup,156,108,36,2,0.565,0.698,6
16,ycup,156,66,37,2,0.435,0.696,6
16,ycup,156,61,38,2,0.401,0.611,6
16,ycup,156,65,39,2,0.401,0.636,6
16,ycup,156,63,40,2,0.441,0.636,6
16,ycup,156,62,41,2,0.421,0.676,6
16,ycup,156,64,42,2,0.455,0.686,6
16,ycup,156,83,43,2,0.403,0.879,6
16,ycup,156,80,44,2,0.457,0.81,6
16,ycup,156,84,45,2,0.437,0.885,6
16,ycup,156,82,46,2,0.457,0.874,6
16,ycup,156,81,47,2,0.423,0.844,6
16,ycup,156,79,48,2,0.457,0.844,6
16,ycup,156,44,49,2,0.241,0.767,6
16,ycup,156,47,50,2,0.296,0.763,6
16,ycup,156,43,51,2,0.261,0.698,6
16,ycup,156,46,52,2,0.227,0.733,6
16,ycup,156,45,53,2,0.261,0.753,6
16,ycup,156,48,54,2,0.241,0.688,6
16,ycup,156,14,55,2,0.085,0.753,6
16,ycup,156,13,56,2,0.099,0.773,6
16,ycup,156,18,57,2,0.045,0.808,6
16,ycup,156,16,58,2,0.03,0.773,6
16,ycup,156,15,59,2,0.045,0.729,6
16,ycup,156,17,60,2,0.099,0.739,6
16,ycup,156,23,61,2,0.099,0.567,6
16,ycup,156,20,62,2,0.154,0.617,6
16,ycup,156,24,63,2,0.14,0.567,6
16,ycup,156,19,64,2,0.154,0.553,6
16,ycup,156,21,65,2,0.134,0.628,6
16,ycup,156,22,66,2,0.119,0.587,6
16,ycup,156,5,67,2,0.014,0.368,6
16,ycup,156,2,68,2,0.069,0.419,6
16,ycup,156,4,69,2,0.034,0.354,6
16,ycup,156,1,70,2,0,0.389,6
16,ycup,156,3,71,2,0.049,0.429,6
16,ycup,156,6,72,2,0.069,0.354,6
16,ycup,156,32,73,2,0.206,0.391,6
16,ycup,156,36,74,2,0.172,0.391,6
16,ycup,156,35,75,2,0.241,0.421,6
16,ycup,156,31,76,2,0.186,0.425,6
16,ycup,156,34,77,2,0.206,0.411,6
16,ycup,156,33,78,2,0.206,0.356,6
16,ycup,156,25,79,2,0.13,0.261,6
16,ycup,156,30,80,2,0.13,0.182,6
16,ycup,156,27,81,2,0.13,0.206,6
16,ycup,156,26,82,2,0.184,0.227,6
16,ycup,156,29,83,2,0.17,0.206,6
16,ycup,156,28,84,2,0.15,0.247,6
16,ycup,156,12,85,2,0.03,0.004,6
16,ycup,156,8,86,2,0.065,0.024,6
16,ycup,156,11,87,2,0.099,0.034,6
16,ycup,156,7,88,2,0.065,0.004,6
16,ycup,156,10,89,2,0.045,0.038,6
16,ycup,156,9,90,2,0.079,0.045,6
16,ycup,156,42,91,2,0.275,0.085,6
16,ycup,156,38,92,2,0.241,0,6
16,ycup,157,95,1,2,0.549,0.678,7
16,ycup,157,92,2,2,0.514,0.617,7
16,ycup,157,94,3,2,0.555,0.617,7
16,ycup,157,93,4,2,0.5,0.638,7
16,ycup,157,96,5,2,0.514,0.593,7
16,ycup,157,91,6,2,0.534,0.658,7
16,ycup,157,115,7,2,0.692,0.698,7
16,ycup,157,116,8,2,0.706,0.678,7
16,ycup,157,119,9,2,0.761,0.729,7
16,ycup,157,120,10,2,0.727,0.719,7
16,ycup,157,118,11,2,0.706,0.654,7
16,ycup,157,117,12,2,0.761,0.664,7
16,ycup,157,135,13,2,0.775,0.911,7
16,ycup,157,134,14,2,0.81,0.856,7
16,ycup,157,136,15,2,0.775,0.856,7
16,ycup,157,133,16,2,0.755,0.87,7
16,ycup,157,137,17,2,0.755,0.925,7
16,ycup,157,138,18,2,0.741,0.891,7
16,ycup,157,107,19,2,0.585,0.854,7
16,ycup,157,103,20,2,0.619,0.82,7
16,ycup,157,106,21,2,0.619,0.854,7
16,ycup,157,105,22,2,0.585,0.874,7
16,ycup,157,104,23,2,0.599,0.895,7
16,ycup,157,108,24,2,0.565,0.81,7
16,ycup,157,66,25,2,0.435,0.808,7
16,ycup,157,61,26,2,0.401,0.723,7
16,ycup,157,65,27,2,0.401,0.747,7
16,ycup,157,64,28,2,0.441,0.747,7
16,ycup,157,63,29,2,0.421,0.787,7
16,ycup,157,62,30,2,0.455,0.798,7
16,ycup,157,80,31,2,0.403,0.99,7
16,ycup,157,84,32,2,0.457,0.921,7
16,ycup,157,82,33,2,0.437,0.996,7
16,ycup,157,81,34,2,0.457,0.986,7
16,ycup,157,79,35,2,0.423,0.955,7
16,ycup,157,83,36,2,0.457,0.955,7
16,ycup,157,44,37,2,0.241,0.879,7
16,ycup,157,47,38,2,0.296,0.874,7
16,ycup,157,43,39,2,0.261,0.81,7
16,ycup,157,46,40,2,0.227,0.844,7
16,ycup,157,45,41,2,0.261,0.864,7
16,ycup,157,48,42,2,0.241,0.8,7
16,ycup,157,20,43,2,0.099,0.678,7
16,ycup,157,23,44,2,0.154,0.729,7
16,ycup,157,18,45,2,0.085,0.864,7
16,ycup,157,14,46,2,0.099,0.885,7
16,ycup,157,13,47,2,0.045,0.919,7
16,ycup,157,15,48,2,0.03,0.885,7
16,ycup,157,16,49,2,0.045,0.84,7
16,ycup,157,17,50,2,0.099,0.85,7
16,ycup,157,24,51,2,0.14,0.678,7
16,ycup,157,19,52,2,0.154,0.664,7
16,ycup,157,21,53,2,0.134,0.739,7
16,ycup,157,22,54,2,0.119,0.698,7
16,ycup,157,5,55,2,0.014,0.48,7
16,ycup,157,2,56,2,0.069,0.53,7
16,ycup,157,32,57,2,0.206,0.502,7
16,ycup,157,34,58,2,0.172,0.502,7
16,ycup,157,35,59,2,0.241,0.532,7
16,ycup,157,31,60,2,0.186,0.536,7
16,ycup,157,36,61,2,0.206,0.522,7
16,ycup,157,33,62,2,0.206,0.468,7
16,ycup,157,1,63,2,0.034,0.466,7
16,ycup,157,4,64,2,0,0.5,7
16,ycup,157,3,65,2,0.049,0.54,7
16,ycup,157,6,66,2,0.069,0.466,7
16,ycup,157,25,67,2,0.13,0.372,7
16,ycup,157,30,68,2,0.13,0.294,7
16,ycup,157,27,69,2,0.13,0.318,7
16,ycup,157,26,70,2,0.184,0.338,7
16,ycup,157,29,71,2,0.17,0.318,7
16,ycup,157,28,72,2,0.15,0.358,7
16,ycup,157,12,73,2,0.03,0.115,7
16,ycup,157,11,74,2,0.065,0.136,7
16,ycup,157,7,75,2,0.099,0.146,7
16,ycup,157,10,76,2,0.065,0.115,7
16,ycup,157,8,77,2,0.045,0.15,7
16,ycup,157,9,78,2,0.079,0.156,7
16,ycup,157,38,79,2,0.275,0.196,7
16,ycup,157,42,80,2,0.241,0.111,7
16,ycup,157,40,81,2,0.296,0.156,7
16,ycup,157,41,82,2,0.261,0.156,7
16,ycup,157,39,83,2,0.281,0.136,7
16,ycup,157,37,84,2,0.227,0.156,7
16,ycup,157,70,85,2,0.423,0.055,7
16,ycup,157,68,86,2,0.423,0.034,7
16,ycup,157,67,87,2,0.423,0,7
16,ycup,157,69,88,2,0.389,0.034,7
16,ycup,157,71,89,2,0.457,0,7
16,ycup,157,72,90,2,0.437,0.075,7
16,ycup,157,100,91,2,0.619,0.146,7
16,ycup,157,99,92,2,0.585,0.111,7
16,ycup,157,102,93,2,0.551,0.146,7
16,ycup,157,97,94,2,0.599,0.186,7
16,ycup,157,101,95,2,0.565,0.18,7
16,ycup,158,86,1,2,0.494,0.377,8
16,ycup,158,90,2,2,0.543,0.417,8
16,ycup,158,89,3,2,0.508,0.356,8
16,ycup,158,88,4,2,0.563,0.342,8
16,ycup,158,87,5,2,0.549,0.356,8
16,ycup,158,85,6,2,0.563,0.407,8
16,ycup,158,126,7,2,0.761,0.267,8
16,ycup,158,125,8,2,0.706,0.257,8
16,ycup,158,123,9,2,0.727,0.322,8
16,ycup,158,121,10,2,0.706,0.281,8
16,ycup,158,124,11,2,0.727,0.302,8
16,ycup,158,130,12,2,0.796,0.089,8
16,ycup,158,131,13,2,0.755,0.144,8
16,ycup,158,132,14,2,0.81,0.075,8
16,ycup,158,127,15,2,0.789,0.15,8
16,ycup,158,129,16,2,0.81,0.14,8
16,ycup,158,128,17,2,0.81,0.109,8
16,ycup,158,97,18,2,0.619,0.146,8
16,ycup,158,102,19,2,0.585,0.111,8
16,ycup,158,99,20,2,0.551,0.146,8
16,ycup,158,98,21,2,0.599,0.186,8
16,ycup,158,101,22,2,0.565,0.18,8
16,ycup,158,100,23,2,0.585,0.146,8
16,ycup,158,71,24,2,0.423,0.055,8
16,ycup,158,69,25,2,0.423,0.034,8
16,ycup,158,68,26,2,0.423,0,8
16,ycup,158,67,27,2,0.389,0.034,8
16,ycup,158,72,28,2,0.457,0,8
16,ycup,158,70,29,2,0.437,0.075,8
16,ycup,158,77,30,2,0.403,0.196,8
16,ycup,158,75,31,2,0.423,0.261,8
16,ycup,158,78,32,2,0.457,0.241,8
16,ycup,158,74,33,2,0.403,0.221,8
16,ycup,158,76,34,2,0.443,0.221,8
16,ycup,158,73,35,2,0.457,0.271,8
16,ycup,158,39,36,2,0.275,0.196,8
16,ycup,158,41,37,2,0.241,0.111,8
16,ycup,158,40,38,2,0.296,0.156,8
16,ycup,158,42,39,2,0.261,0.156,8
16,ycup,158,38,40,2,0.281,0.136,8
16,ycup,158,37,41,2,0.227,0.156,8
16,ycup,158,28,42,2,0.13,0.372,8
16,ycup,158,29,43,2,0.13,0.294,8
16,ycup,158,27,44,2,0.13,0.318,8
16,ycup,158,26,45,2,0.184,0.338,8
16,ycup,158,12,46,2,0.03,0.115,8
16,ycup,158,8,47,2,0.065,0.136,8
16,ycup,158,10,48,2,0.099,0.146,8
16,ycup,158,7,49,2,0.065,0.115,8
16,ycup,158,11,50,2,0.045,0.15,8
16,ycup,158,9,51,2,0.079,0.156,8
16,ycup,158,30,52,2,0.17,0.318,8
16,ycup,158,25,53,2,0.15,0.358,8
16,ycup,158,6,54,2,0.014,0.48,8
16,ycup,158,3,55,2,0.069,0.53,8
16,ycup,158,1,56,2,0.034,0.466,8
16,ycup,158,4,57,2,0,0.5,8
16,ycup,158,5,58,2,0.049,0.54,8
16,ycup,158,2,59,2,0.069,0.466,8
16,ycup,158,35,60,2,0.206,0.502,8
16,ycup,158,31,61,2,0.172,0.502,8
16,ycup,158,36,62,2,0.241,0.532,8
16,ycup,158,32,63,2,0.186,0.536,8
16,ycup,158,34,64,2,0.206,0.522,8
16,ycup,158,33,65,2,0.206,0.468,8
16,ycup,158,54,66,2,0.348,0.66,8
16,ycup,158,53,67,2,0.368,0.585,8
16,ycup,158,51,68,2,0.354,0.599,8
16,ycup,158,50,69,2,0.334,0.64,8
16,ycup,158,52,70,2,0.314,0.575,8
16,ycup,158,49,71,2,0.314,0.599,8
16,ycup,158,62,72,2,0.435,0.808,8
16,ycup,158,63,73,2,0.401,0.723,8
16,ycup,158,64,74,2,0.401,0.747,8
16,ycup,158,45,75,2,0.241,0.879,8
16,ycup,158,48,76,2,0.296,0.874,8
16,ycup,158,46,77,2,0.261,0.81,8
16,ycup,158,18,78,2,0.085,0.864,8
16,ycup,158,13,79,2,0.099,0.885,8
16,ycup,158,14,80,2,0.045,0.919,8
16,ycup,158,17,81,2,0.03,0.885,8
16,ycup,158,16,82,2,0.045,0.84,8
16,ycup,158,15,83,2,0.099,0.85,8
16,ycup,158,43,84,2,0.227,0.844,8
16,ycup,158,47,85,2,0.261,0.864,8
16,ycup,158,44,86,2,0.241,0.8,8
16,ycup,158,83,87,2,0.403,0.99,8
16,ycup,158,84,88,2,0.457,0.921,8
16,ycup,158,82,89,2,0.437,0.996,8
16,ycup,158,81,90,2,0.457,0.986,8
16,ycup,158,79,91,2,0.423,0.955,8
16,ycup,158,80,92,2,0.457,0.955,8
16,ycup,158,61,93,2,0.441,0.747,8
16,ycup,158,65,94,2,0.421,0.787,8
16,ycup,158,66,95,2,0.455,0.798,8
16,ycup,159,95,1,2,0.549,0.678,9
16,ycup,159,92,2,2,0.514,0.617,9
16,ycup,159,94,3,2,0.555,0.617,9
16,ycup,159,96,4,2,0.5,0.638,9
16,ycup,159,91,5,2,0.514,0.593,9
16,ycup,159,93,6,2,0.534,0.658,9
16,ycup,159,104,7,2,0.585,0.854,9
16,ycup,159,108,8,2,0.619,0.82,9
16,ycup,159,103,9,2,0.619,0.854,9
16,ycup,159,106,10,2,0.599,0.895,9
16,ycup,159,107,11,2,0.565,0.81,9
16,ycup,159,105,12,2,0.585,0.854,9
16,ycup,159,136,13,2,0.775,0.911,9
16,ycup,159,135,14,2,0.81,0.856,9
16,ycup,159,134,15,2,0.775,0.856,9
16,ycup,159,133,16,2,0.755,0.87,9
16,ycup,159,137,17,2,0.755,0.925,9
16,ycup,159,138,18,2,0.741,0.891,9
16,ycup,159,117,19,2,0.692,0.698,9
16,ycup,159,118,20,2,0.706,0.678,9
16,ycup,159,115,21,2,0.761,0.729,9
16,ycup,159,116,22,2,0.727,0.719,9
16,ycup,159,119,23,2,0.706,0.654,9
16,ycup,159,120,24,2,0.761,0.664,9
16,ycup,159,144,25,2,0.846,0.466,9
16,ycup,159,143,26,2,0.832,0.48,9
16,ycup,159,142,27,2,0.812,0.5,9
16,ycup,159,139,28,2,0.846,0.5,9
16,ycup,159,140,29,2,0.846,0.53,9
16,ycup,159,141,30,2,0.826,0.54,9
16,ycup,159,113,31,2,0.628,0.468,9
16,ycup,159,109,32,2,0.628,0.522,9
16,ycup,159,110,33,2,0.593,0.502,9
16,ycup,159,114,34,2,0.607,0.536,9
16,ycup,159,112,35,2,0.648,0.482,9
16,ycup,159,111,36,2,0.662,0.532,9
16,ycup,159,123,37,2,0.761,0.267,9
16,ycup,159,125,38,2,0.706,0.257,9
16,ycup,159,124,39,2,0.727,0.322,9
16,ycup,159,122,40,2,0.706,0.281,9
16,ycup,159,126,41,2,0.727,0.302,9
16,ycup,159,121,42,2,0.747,0.281,9
16,ycup,159,130,43,2,0.796,0.089,9
16,ycup,159,131,44,2,0.755,0.144,9
16,ycup,159,132,45,2,0.81,0.075,9
16,ycup,159,127,46,2,0.789,0.15,9
16,ycup,159,129,47,2,0.81,0.14,9
16,ycup,159,128,48,2,0.81,0.109,9
16,ycup,159,97,49,2,0.619,0.146,9
16,ycup,159,102,50,2,0.585,0.111,9
16,ycup,159,98,51,2,0.551,0.146,9
16,ycup,159,99,52,2,0.599,0.186,9
16,ycup,159,101,53,2,0.565,0.18,9
16,ycup,159,100,54,2,0.585,0.146,9
16,ycup,159,78,55,2,0.403,0.196,9
16,ycup,159,75,56,2,0.423,0.261,9
16,ycup,159,77,57,2,0.457,0.241,9
16,ycup,159,74,58,2,0.403,0.221,9
16,ycup,159,76,59,2,0.443,0.221,9
16,ycup,159,73,60,2,0.457,0.271,9
16,ycup,159,72,61,2,0.423,0.055,9
16,ycup,159,67,62,2,0.423,0.034,9
16,ycup,159,68,63,2,0.423,0,9
16,ycup,159,69,64,2,0.389,0.034,9
16,ycup,159,71,65,2,0.457,0,9
16,ycup,159,70,66,2,0.437,0.075,9
16,ycup,159,39,67,2,0.275,0.196,9
16,ycup,159,41,68,2,0.241,0.111,9
16,ycup,159,40,69,2,0.296,0.156,9
16,ycup,159,37,70,2,0.261,0.156,9
16,ycup,159,42,71,2,0.281,0.136,9
16,ycup,159,38,72,2,0.227,0.156,9
16,ycup,159,9,73,2,0.03,0.115,9
16,ycup,159,12,74,2,0.065,0.136,9
16,ycup,159,11,75,2,0.099,0.146,9
16,ycup,159,8,76,2,0.065,0.115,9
16,ycup,159,10,77,2,0.045,0.15,9
16,ycup,159,7,78,2,0.079,0.156,9
16,ycup,159,26,79,2,0.13,0.372,9
16,ycup,159,27,80,2,0.13,0.294,9
16,ycup,159,29,81,2,0.13,0.318,9
16,ycup,159,28,82,2,0.184,0.338,9
16,ycup,159,30,83,2,0.17,0.318,9
16,ycup,159,25,84,2,0.15,0.358,9
16,ycup,159,6,85,2,0.014,0.48,9
16,ycup,159,3,86,2,0.069,0.53,9
16,ycup,159,1,87,2,0.034,0.466,9
16,ycup,159,4,88,2,0,0.5,9
16,ycup,159,5,89,2,0.049,0.54,9
16,ycup,159,2,90,2,0.069,0.466,9
16,ycup,159,33,91,2,0.206,0.502,9
16,ycup,159,31,92,2,0.172,0.502,9
16,ycup,159,36,93,2,0.241,0.532,9
16,ycup,159,34,94,2,0.186,0.536,9
16,ycup,159,35,95,2,0.206,0.522,9
16,ycup,160,95,1,2,0.549,0.482,10
16,ycup,160,92,2,2,0.514,0.421,10
16,ycup,160,94,3,2,0.555,0.421,10
16,ycup,160,96,4,2,0.5,0.441,10
16,ycup,160,93,5,2,0.514,0.397,10
16,ycup,160,91,6,2,0.534,0.462,10
16,ycup,160,108,7,2,0.585,0.658,10
16,ycup,160,104,8,2,0.619,0.623,10
16,ycup,160,105,9,2,0.619,0.658,10
16,ycup,160,107,10,2,0.585,0.678,10
16,ycup,160,106,11,2,0.599,0.698,10
16,ycup,160,103,12,2,0.585,0.658,10
16,ycup,160,138,13,2,0.775,0.715,10
16,ycup,160,136,14,2,0.81,0.66,10
16,ycup,160,135,15,2,0.775,0.66,10
16,ycup,160,134,16,2,0.755,0.674,10
16,ycup,160,133,17,2,0.755,0.729,10
16,ycup,160,137,18,2,0.741,0.694,10
16,ycup,160,117,19,2,0.692,0.502,10
16,ycup,160,118,20,2,0.706,0.482,10
16,ycup,160,115,21,2,0.761,0.532,10
16,ycup,160,116,22,2,0.727,0.522,10
16,ycup,160,119,23,2,0.706,0.457,10
16,ycup,160,120,24,2,0.761,0.468,10
16,ycup,160,144,25,2,0.846,0.269,10
16,ycup,160,143,26,2,0.832,0.283,10
16,ycup,160,142,27,2,0.812,0.304,10
16,ycup,160,139,28,2,0.846,0.304,10
16,ycup,160,140,29,2,0.846,0.334,10
16,ycup,160,141,30,2,0.826,0.344,10
16,ycup,160,114,31,2,0.628,0.271,10
16,ycup,160,110,32,2,0.628,0.326,10
16,ycup,160,112,33,2,0.593,0.306,10
16,ycup,160,111,34,2,0.607,0.34,10
16,ycup,160,113,35,2,0.648,0.285,10
16,ycup,160,109,36,2,0.662,0.336,10
16,ycup,160,90,37,2,0.494,0.18,10
16,ycup,160,86,38,2,0.543,0.221,10
16,ycup,160,89,39,2,0.508,0.16,10
16,ycup,160,88,40,2,0.563,0.146,10
16,ycup,160,87,41,2,0.549,0.16,10
16,ycup,160,85,42,2,0.563,0.211,10
16,ycup,160,78,43,2,0.403,0,10
16,ycup,160,74,44,2,0.423,0.065,10
16,ycup,160,75,45,2,0.457,0.045,10
16,ycup,160,77,46,2,0.403,0.024,10
16,ycup,160,76,47,2,0.443,0.024,10
16,ycup,160,73,48,2,0.457,0.075,10
16,ycup,160,60,49,2,0.302,0.2,10
16,ycup,160,57,50,2,0.336,0.221,10
16,ycup,160,59,51,2,0.37,0.2,10
16,ycup,160,56,52,2,0.316,0.18,10
16,ycup,160,58,53,2,0.336,0.2,10
16,ycup,160,55,54,2,0.356,0.18,10
16,ycup,160,28,55,2,0.13,0.176,10
16,ycup,160,30,56,2,0.13,0.097,10
16,ycup,160,25,57,2,0.13,0.121,10
16,ycup,160,27,58,2,0.184,0.142,10
16,ycup,160,26,59,2,0.17,0.121,10
16,ycup,160,29,60,2,0.15,0.162,10
16,ycup,160,36,61,2,0.206,0.306,10
16,ycup,160,31,62,2,0.172,0.306,10
16,ycup,160,35,63,2,0.241,0.336,10
16,ycup,160,34,64,2,0.186,0.34,10
16,ycup,160,32,65,2,0.206,0.326,10
16,ycup,160,33,66,2,0.206,0.271,10
16,ycup,160,2,67,2,0.014,0.283,10
16,ycup,160,5,68,2,0.069,0.334,10
16,ycup,160,4,69,2,0.034,0.269,10
16,ycup,160,1,70,2,0,0.304,10
16,ycup,160,3,71,2,0.049,0.344,10
16,ycup,160,6,72,2,0.069,0.269,10
16,ycup,160,22,73,2,0.099,0.482,10
16,ycup,160,21,74,2,0.154,0.532,10
16,ycup,160,24,75,2,0.14,0.482,10
16,ycup,160,19,76,2,0.154,0.468,10
16,ycup,160,20,77,2,0.134,0.543,10
16,ycup,160,23,78,2,0.119,0.502,10
16,ycup,160,17,79,2,0.085,0.668,10
16,ycup,160,18,80,2,0.099,0.688,10
16,ycup,160,13,81,2,0.045,0.723,10
16,ycup,160,14,82,2,0.03,0.688,10
16,ycup,160,16,83,2,0.045,0.644,10
16,ycup,160,15,84,2,0.099,0.654,10
16,ycup,160,46,85,2,0.241,0.682,10
16,ycup,160,48,86,2,0.296,0.678,10
16,ycup,160,45,87,2,0.261,0.613,10
16,ycup,160,47,88,2,0.227,0.648,10
16,ycup,160,43,89,2,0.261,0.668,10
16,ycup,160,44,90,2,0.241,0.603,10
16,ycup,160,64,91,2,0.435,0.611,10
16,ycup,160,62,92,2,0.401,0.526,10
16,ycup,160,66,93,2,0.401,0.551,10
17,ycup,161,51,1,2,0.354,0.65,1
17,ycup,161,52,2,2,0.285,0.619,1
17,ycup,161,50,3,2,0.354,0.585,1
17,ycup,161,53,4,2,0.32,0.619,1
17,ycup,161,54,5,2,0.32,0.64,1
17,ycup,161,49,6,2,0.3,0.654,1
17,ycup,161,61,7,2,0.407,0.733,1
17,ycup,161,64,8,2,0.407,0.767,1
17,ycup,161,63,9,2,0.441,0.733,1
17,ycup,161,65,10,2,0.387,0.747,1
17,ycup,161,66,11,2,0.387,0.802,1
17,ycup,161,93,12,2,0.52,0.603,1
17,ycup,161,95,13,2,0.534,0.678,1
17,ycup,161,92,14,2,0.5,0.672,1
17,ycup,161,96,15,2,0.5,0.593,1
17,ycup,161,91,16,2,0.52,0.658,1
17,ycup,161,94,17,2,0.555,0.668,1
17,ycup,161,114,18,2,0.628,0.543,1
17,ycup,161,110,19,2,0.593,0.482,1
17,ycup,161,113,20,2,0.613,0.502,1
17,ycup,161,111,21,2,0.648,0.502,1
17,ycup,161,112,22,2,0.593,0.457,1
17,ycup,161,109,23,2,0.579,0.502,1
17,ycup,161,87,24,2,0.549,0.342,1
17,ycup,161,90,25,2,0.514,0.377,1
17,ycup,161,86,26,2,0.528,0.417,1
17,ycup,161,88,27,2,0.549,0.377,1
17,ycup,161,89,28,2,0.494,0.332,1
17,ycup,161,85,29,2,0.494,0.411,1
17,ycup,161,74,30,2,0.443,0.206,1
17,ycup,161,77,31,2,0.443,0.271,1
17,ycup,161,75,32,2,0.374,0.241,1
17,ycup,161,76,33,2,0.409,0.261,1
17,ycup,161,78,34,2,0.389,0.275,1
17,ycup,161,73,35,2,0.429,0.221,1
17,ycup,161,100,36,2,0.571,0.146,1
17,ycup,161,97,37,2,0.551,0.101,1
17,ycup,161,101,38,2,0.571,0.111,1
17,ycup,161,102,39,2,0.571,0.166,1
17,ycup,161,99,40,2,0.605,0.146,1
17,ycup,161,125,41,2,0.747,0.302,1
17,ycup,161,126,42,2,0.747,0.332,1
17,ycup,161,124,43,2,0.747,0.267,1
17,ycup,161,122,44,2,0.727,0.342,1
17,ycup,161,121,45,2,0.692,0.257,1
17,ycup,161,123,46,2,0.713,0.322,1
17,ycup,161,130,47,2,0.761,0.075,1
17,ycup,161,132,48,2,0.796,0.075,1
17,ycup,161,131,49,2,0.741,0.144,1
17,ycup,161,129,50,2,0.781,0.089,1
17,ycup,161,127,51,2,0.775,0.15,1
17,ycup,161,68,52,2,0.389,0.014,1
17,ycup,161,70,53,2,0.423,0.075,1
17,ycup,161,71,54,2,0.409,0.034,1
17,ycup,161,72,55,2,0.443,0.065,1
17,ycup,161,67,56,2,0.443,0,1
17,ycup,161,69,57,2,0.409,0,1
17,ycup,161,38,58,2,0.227,0.19,1
17,ycup,161,40,59,2,0.281,0.121,1
17,ycup,161,41,60,2,0.213,0.156,1
17,ycup,161,42,61,2,0.247,0.121,1
17,ycup,161,37,62,2,0.247,0.156,1
17,ycup,161,39,63,2,0.247,0.176,1
17,ycup,161,8,64,2,0.03,0.071,1
17,ycup,161,9,65,2,0.085,0.115,1
17,ycup,161,7,66,2,0.051,0.081,1
17,ycup,161,10,67,2,0.051,0.136,1
17,ycup,161,11,68,2,0.016,0.115,1
17,ycup,161,12,69,2,0.03,0.15,1
17,ycup,161,26,70,2,0.15,0.379,1
17,ycup,161,27,71,2,0.136,0.338,1
17,ycup,161,28,72,2,0.101,0.338,1
17,ycup,161,29,73,2,0.115,0.372,1
17,ycup,161,25,74,2,0.136,0.358,1
17,ycup,161,30,75,2,0.156,0.318,1
17,ycup,161,2,76,2,0.034,0.54,1
17,ycup,161,5,77,2,0,0.455,1
17,ycup,161,3,78,2,0,0.48,1
17,ycup,161,4,79,2,0.04,0.48,1
17,ycup,161,6,80,2,0.02,0.466,1
17,ycup,161,1,81,2,0.055,0.53,1
17,ycup,161,24,82,2,0.14,0.698,1
17,ycup,161,22,83,2,0.105,0.719,1
17,ycup,161,19,84,2,0.105,0.698,1
17,ycup,161,21,85,2,0.14,0.664,1
17,ycup,161,20,86,2,0.119,0.739,1
17,ycup,161,23,87,2,0.105,0.664,1
17,ycup,161,18,88,2,0.085,0.85,1
17,ycup,161,17,89,2,0.03,0.864,1
17,ycup,161,14,90,2,0.071,0.864,1
17,ycup,162,51,1,2,0.354,0.443,2
17,ycup,162,52,2,2,0.285,0.413,2
17,ycup,162,50,3,2,0.354,0.379,2
17,ycup,162,53,4,2,0.32,0.413,2
17,ycup,162,54,5,2,0.32,0.433,2
17,ycup,162,49,6,2,0.3,0.447,2
17,ycup,162,61,7,2,0.407,0.526,2
17,ycup,162,64,8,2,0.407,0.561,2
17,ycup,162,62,9,2,0.441,0.526,2
17,ycup,162,65,10,2,0.387,0.54,2
17,ycup,162,66,11,2,0.387,0.595,2
17,ycup,162,63,12,2,0.421,0.601,2
17,ycup,162,93,13,2,0.52,0.397,2
17,ycup,162,95,14,2,0.534,0.472,2
17,ycup,162,92,15,2,0.5,0.466,2
17,ycup,162,96,16,2,0.5,0.387,2
17,ycup,162,91,17,2,0.52,0.451,2
17,ycup,162,94,18,2,0.52,0.431,2
17,ycup,162,114,19,2,0.628,0.336,2
17,ycup,162,109,20,2,0.593,0.275,2
17,ycup,162,112,21,2,0.613,0.296,2
17,ycup,162,111,22,2,0.648,0.296,2
17,ycup,162,110,23,2,0.593,0.251,2
17,ycup,162,113,24,2,0.579,0.296,2
17,ycup,162,87,25,2,0.549,0.136,2
17,ycup,162,90,26,2,0.514,0.17,2
17,ycup,162,86,27,2,0.528,0.211,2
17,ycup,162,88,28,2,0.549,0.17,2
17,ycup,162,85,29,2,0.494,0.126,2
17,ycup,162,89,30,2,0.494,0.204,2
17,ycup,162,74,31,2,0.443,0,2
17,ycup,162,73,32,2,0.443,0.065,2
17,ycup,162,78,33,2,0.374,0.034,2
17,ycup,162,76,34,2,0.409,0.055,2
17,ycup,162,77,35,2,0.389,0.069,2
17,ycup,162,75,36,2,0.429,0.014,2
17,ycup,162,58,37,2,0.336,0.231,2
17,ycup,162,59,38,2,0.356,0.221,2
17,ycup,162,56,39,2,0.302,0.225,2
17,ycup,162,55,40,2,0.322,0.156,2
17,ycup,162,57,41,2,0.322,0.19,2
17,ycup,162,60,42,2,0.287,0.19,2
17,ycup,162,31,43,2,0.227,0.261,2
17,ycup,162,35,44,2,0.192,0.261,2
17,ycup,162,32,45,2,0.172,0.275,2
17,ycup,162,36,46,2,0.158,0.296,2
17,ycup,162,34,47,2,0.227,0.326,2
17,ycup,162,33,48,2,0.172,0.251,2
17,ycup,162,26,49,2,0.15,0.172,2
17,ycup,162,29,50,2,0.136,0.132,2
17,ycup,162,25,51,2,0.101,0.132,2
17,ycup,162,28,52,2,0.115,0.166,2
17,ycup,162,27,53,2,0.136,0.152,2
17,ycup,162,30,54,2,0.156,0.111,2
17,ycup,162,2,55,2,0.034,0.334,2
17,ycup,162,3,56,2,0,0.273,2
17,ycup,162,5,57,2,0.04,0.273,2
17,ycup,162,4,58,2,0.02,0.259,2
17,ycup,162,6,59,2,0.055,0.324,2
17,ycup,162,24,60,2,0.14,0.492,2
17,ycup,162,21,61,2,0.105,0.512,2
17,ycup,162,22,62,2,0.105,0.492,2
17,ycup,162,19,63,2,0.14,0.457,2
17,ycup,162,20,64,2,0.119,0.532,2
17,ycup,162,23,65,2,0.105,0.457,2
17,ycup,162,17,66,2,0.085,0.644,2
17,ycup,162,18,67,2,0.03,0.658,2
17,ycup,162,14,68,2,0.071,0.658,2
17,ycup,162,16,69,2,0.03,0.713,2
17,ycup,162,15,70,2,0.051,0.644,2
17,ycup,162,13,71,2,0.03,0.634,2
17,ycup,162,43,72,2,0.213,0.638,2
17,ycup,162,48,73,2,0.281,0.638,2
17,ycup,162,47,74,2,0.267,0.617,2
17,ycup,162,45,75,2,0.261,0.678,2
17,ycup,162,46,76,2,0.227,0.672,2
17,ycup,162,81,77,2,0.443,0.779,2
17,ycup,162,83,78,2,0.374,0.749,2
17,ycup,162,79,79,2,0.409,0.715,2
17,ycup,162,82,80,2,0.389,0.729,2
17,ycup,162,84,81,2,0.409,0.749,2
17,ycup,162,103,82,2,0.536,0.648,2
17,ycup,162,107,83,2,0.605,0.678,2
17,ycup,162,106,84,2,0.605,0.613,2
17,ycup,162,105,85,2,0.591,0.628,2
17,ycup,162,108,86,2,0.551,0.628,2
17,ycup,162,104,87,2,0.551,0.603,2
17,ycup,162,137,88,2,0.781,0.664,2
17,ycup,162,134,89,2,0.741,0.719,2
17,ycup,162,138,90,2,0.761,0.65,2
17,ycup,162,133,91,2,0.741,0.64,2
17,ycup,162,135,92,2,0.727,0.684,2
17,ycup,162,136,93,2,0.796,0.684,2
17,ycup,163,51,1,2,0.354,0.528,3
17,ycup,163,52,2,2,0.285,0.498,3
17,ycup,163,50,3,2,0.354,0.464,3
17,ycup,163,53,4,2,0.32,0.498,3
17,ycup,163,54,5,2,0.32,0.518,3
17,ycup,163,49,6,2,0.3,0.532,3
17,ycup,163,61,7,2,0.407,0.611,3
17,ycup,163,64,8,2,0.407,0.646,3
17,ycup,163,62,9,2,0.441,0.611,3
17,ycup,163,65,10,2,0.387,0.626,3
17,ycup,163,66,11,2,0.387,0.68,3
17,ycup,163,63,12,2,0.421,0.686,3
17,ycup,163,93,13,2,0.52,0.482,3
17,ycup,163,95,14,2,0.534,0.557,3
17,ycup,163,92,15,2,0.5,0.551,3
17,ycup,163,96,16,2,0.5,0.472,3
17,ycup,163,91,17,2,0.52,0.536,3
17,ycup,163,94,18,2,0.555,0.547,3
17,ycup,163,114,19,2,0.628,0.421,3
17,ycup,163,110,20,2,0.593,0.36,3
17,ycup,163,113,21,2,0.613,0.381,3
17,ycup,163,111,22,2,0.648,0.381,3
17,ycup,163,109,23,2,0.593,0.336,3
17,ycup,163,112,24,2,0.579,0.381,3
17,ycup,163,87,25,2,0.549,0.221,3
17,ycup,163,90,26,2,0.514,0.255,3
17,ycup,163,86,27,2,0.528,0.296,3
17,ycup,163,88,28,2,0.549,0.255,3
17,ycup,163,85,29,2,0.494,0.211,3
17,ycup,163,89,30,2,0.494,0.289,3
17,ycup,163,74,31,2,0.443,0.085,3
17,ycup,163,77,32,2,0.443,0.15,3
17,ycup,163,76,33,2,0.374,0.119,3
17,ycup,163,75,34,2,0.409,0.14,3
17,ycup,163,78,35,2,0.389,0.154,3
17,ycup,163,73,36,2,0.429,0.099,3
17,ycup,163,41,37,2,0.227,0.069,3
17,ycup,163,42,38,2,0.281,0,3
17,ycup,163,38,39,2,0.213,0.034,3
17,ycup,163,40,40,2,0.247,0,3
17,ycup,163,39,41,2,0.247,0.034,3
17,ycup,163,37,42,2,0.247,0.055,3
17,ycup,163,30,43,2,0.15,0.257,3
17,ycup,163,26,44,2,0.136,0.217,3
17,ycup,163,29,45,2,0.115,0.251,3
17,ycup,163,25,46,2,0.136,0.237,3
17,ycup,163,28,47,2,0.156,0.196,3
17,ycup,163,27,48,2,0.136,0.217,3
17,ycup,163,34,49,2,0.227,0.346,3
17,ycup,163,35,50,2,0.192,0.346,3
17,ycup,163,36,51,2,0.172,0.36,3
17,ycup,163,31,52,2,0.158,0.381,3
17,ycup,163,32,53,2,0.227,0.411,3
17,ycup,163,33,54,2,0.172,0.336,3
17,ycup,163,5,55,2,0.034,0.419,3
17,ycup,163,2,56,2,0,0.334,3
17,ycup,163,3,57,2,0,0.358,3
17,ycup,163,4,58,2,0.04,0.358,3
17,ycup,163,1,59,2,0.02,0.344,3
17,ycup,163,6,60,2,0.055,0.409,3
17,ycup,163,24,61,2,0.14,0.577,3
17,ycup,163,23,62,2,0.105,0.597,3
17,ycup,163,19,63,2,0.105,0.577,3
17,ycup,163,22,64,2,0.14,0.543,3
17,ycup,163,21,65,2,0.119,0.617,3
17,ycup,163,13,66,2,0.085,0.729,3
17,ycup,163,17,67,2,0.03,0.743,3
17,ycup,163,18,68,2,0.071,0.743,3
17,ycup,163,15,69,2,0.051,0.729,3
17,ycup,163,14,70,2,0.03,0.719,3
17,ycup,163,16,71,2,0.051,0.763,3
17,ycup,163,47,72,2,0.213,0.723,3
17,ycup,163,43,73,2,0.281,0.723,3
17,ycup,163,48,74,2,0.267,0.702,3
17,ycup,163,45,75,2,0.261,0.763,3
17,ycup,163,44,76,2,0.227,0.757,3
17,ycup,163,46,77,2,0.247,0.688,3
17,ycup,163,80,78,2,0.443,0.864,3
17,ycup,163,82,79,2,0.374,0.834,3
17,ycup,163,83,80,2,0.409,0.8,3
17,ycup,163,79,81,2,0.389,0.814,3
17,ycup,163,81,82,2,0.409,0.834,3
17,ycup,163,84,83,2,0.443,0.8,3
17,ycup,163,103,84,2,0.536,0.733,3
17,ycup,163,107,85,2,0.605,0.763,3
17,ycup,163,108,86,2,0.605,0.698,3
17,ycup,164,51,1,2,0.354,0.443,4
17,ycup,164,52,2,2,0.285,0.413,4
17,ycup,164,50,3,2,0.354,0.379,4
17,ycup,164,53,4,2,0.32,0.413,4
17,ycup,164,49,5,2,0.32,0.433,4
17,ycup,164,54,6,2,0.3,0.447,4
17,ycup,164,61,7,2,0.407,0.526,4
17,ycup,164,64,8,2,0.407,0.561,4
17,ycup,164,62,9,2,0.441,0.526,4
17,ycup,164,65,10,2,0.387,0.54,4
17,ycup,164,66,11,2,0.387,0.595,4
17,ycup,164,63,12,2,0.421,0.601,4
17,ycup,164,93,13,2,0.52,0.397,4
17,ycup,164,95,14,2,0.534,0.472,4
17,ycup,164,92,15,2,0.5,0.466,4
17,ycup,164,96,16,2,0.5,0.387,4
17,ycup,164,94,17,2,0.52,0.451,4
17,ycup,164,91,18,2,0.555,0.462,4
17,ycup,164,109,19,2,0.628,0.336,4
17,ycup,164,112,20,2,0.593,0.275,4
17,ycup,164,111,21,2,0.613,0.296,4
17,ycup,164,114,22,2,0.648,0.296,4
17,ycup,164,110,23,2,0.593,0.251,4
17,ycup,164,113,24,2,0.579,0.296,4
17,ycup,164,87,25,2,0.549,0.136,4
17,ycup,164,88,26,2,0.514,0.17,4
17,ycup,164,85,27,2,0.528,0.211,4
17,ycup,164,89,28,2,0.549,0.17,4
17,ycup,164,86,29,2,0.494,0.126,4
17,ycup,164,90,30,2,0.494,0.204,4
17,ycup,164,74,31,2,0.443,0,4
17,ycup,164,76,32,2,0.443,0.065,4
17,ycup,164,77,33,2,0.374,0.034,4
17,ycup,164,75,34,2,0.409,0.055,4
17,ycup,164,78,35,2,0.389,0.069,4
17,ycup,164,73,36,2,0.429,0.014,4
17,ycup,164,58,37,2,0.336,0.231,4
17,ycup,164,59,38,2,0.356,0.221,4
17,ycup,164,60,39,2,0.302,0.225,4
17,ycup,164,57,40,2,0.322,0.156,4
17,ycup,164,55,41,2,0.322,0.19,4
17,ycup,164,25,42,2,0.15,0.172,4
17,ycup,164,26,43,2,0.136,0.132,4
17,ycup,164,29,44,2,0.101,0.132,4
17,ycup,164,28,45,2,0.115,0.166,4
17,ycup,164,27,46,2,0.136,0.152,4
17,ycup,164,30,47,2,0.156,0.111,4
17,ycup,164,36,48,2,0.227,0.261,4
17,ycup,164,33,49,2,0.192,0.261,4
17,ycup,164,31,50,2,0.172,0.275,4
17,ycup,164,35,51,2,0.158,0.296,4
17,ycup,164,34,52,2,0.227,0.326,4
17,ycup,164,5,53,2,0.034,0.334,4
17,ycup,164,2,54,2,0,0.249,4
17,ycup,164,3,55,2,0,0.273,4
17,ycup,164,4,56,2,0.04,0.273,4
17,ycup,164,1,57,2,0.02,0.259,4
17,ycup,164,6,58,2,0.055,0.324,4
17,ycup,164,24,59,2,0.14,0.492,4
17,ycup,164,22,60,2,0.105,0.512,4
17,ycup,164,19,61,2,0.105,0.492,4
17,ycup,164,21,62,2,0.14,0.457,4
17,ycup,164,20,63,2,0.119,0.532,4
17,ycup,164,23,64,2,0.105,0.457,4
17,ycup,164,17,65,2,0.085,0.644,4
17,ycup,164,18,66,2,0.03,0.658,4
17,ycup,164,14,67,2,0.071,0.658,4
17,ycup,164,15,68,2,0.03,0.713,4
17,ycup,164,13,69,2,0.051,0.644,4
17,ycup,164,16,70,2,0.03,0.634,4
17,ycup,164,47,71,2,0.213,0.638,4
17,ycup,164,43,72,2,0.281,0.638,4
17,ycup,164,48,73,2,0.267,0.617,4
17,ycup,164,45,74,2,0.261,0.678,4
17,ycup,164,44,75,2,0.227,0.672,4
17,ycup,164,46,76,2,0.247,0.603,4
17,ycup,164,80,77,2,0.443,0.779,4
17,ycup,164,82,78,2,0.374,0.749,4
17,ycup,164,81,79,2,0.409,0.715,4
17,ycup,164,83,80,2,0.389,0.729,4
17,ycup,164,84,81,2,0.409,0.749,4
17,ycup,164,79,82,2,0.443,0.715,4
17,ycup,164,103,83,2,0.536,0.648,4
17,ycup,164,107,84,2,0.605,0.678,4
17,ycup,164,108,85,2,0.605,0.613,4
17,ycup,164,105,86,2,0.591,0.628,4
17,ycup,164,106,87,2,0.551,0.628,4
17,ycup,164,104,88,2,0.551,0.603,4
17,ycup,164,137,89,2,0.781,0.664,4
17,ycup,164,134,90,2,0.741,0.719,4
17,ycup,164,138,91,2,0.761,0.65,4
17,ycup,164,133,92,2,0.741,0.64,4
17,ycup,164,135,93,2,0.727,0.684,4
17,ycup,164,136,94,2,0.796,0.684,4
17,ycup,164,115,95,2,0.747,0.522,4
17,ycup,164,119,96,2,0.733,0.472,4
17,ycup,165,51,1,2,0.354,0.528,5
17,ycup,165,52,2,2,0.285,0.498,5
17,ycup,165,50,3,2,0.354,0.464,5
17,ycup,165,53,4,2,0.32,0.498,5
17,ycup,165,54,5,2,0.32,0.518,5
17,ycup,165,49,6,2,0.3,0.532,5
17,ycup,165,61,7,2,0.407,0.611,5
17,ycup,165,64,8,2,0.407,0.646,5
17,ycup,165,62,9,2,0.441,0.611,5
17,ycup,165,65,10,2,0.387,0.626,5
17,ycup,165,66,11,2,0.387,0.68,5
17,ycup,165,63,12,2,0.421,0.686,5
17,ycup,165,93,13,2,0.52,0.482,5
17,ycup,165,95,14,2,0.534,0.557,5
17,ycup,165,92,15,2,0.5,0.551,5
17,ycup,165,96,16,2,0.5,0.472,5
17,ycup,165,91,17,2,0.52,0.536,5
17,ycup,165,94,18,2,0.555,0.547,5
17,ycup,165,109,19,2,0.628,0.421,5
17,ycup,165,112,20,2,0.593,0.36,5
17,ycup,165,111,21,2,0.613,0.381,5
17,ycup,165,110,22,2,0.648,0.381,5
17,ycup,165,113,23,2,0.593,0.336,5
17,ycup,165,114,24,2,0.579,0.381,5
17,ycup,165,87,25,2,0.549,0.221,5
17,ycup,165,88,26,2,0.514,0.255,5
17,ycup,165,85,27,2,0.528,0.296,5
17,ycup,165,86,28,2,0.549,0.255,5
17,ycup,165,89,29,2,0.494,0.211,5
17,ycup,165,90,30,2,0.494,0.289,5
17,ycup,165,74,31,2,0.443,0.085,5
17,ycup,165,76,32,2,0.443,0.15,5
17,ycup,165,78,33,2,0.374,0.119,5
17,ycup,165,73,34,2,0.409,0.14,5
17,ycup,165,75,35,2,0.389,0.154,5
17,ycup,165,77,36,2,0.429,0.099,5
17,ycup,165,38,37,2,0.227,0.069,5
17,ycup,165,40,38,2,0.281,0,5
17,ycup,165,41,39,2,0.213,0.034,5
17,ycup,165,42,40,2,0.247,0,5
17,ycup,165,37,41,2,0.247,0.034,5
17,ycup,165,39,42,2,0.247,0.055,5
17,ycup,165,30,43,2,0.15,0.257,5
17,ycup,165,26,44,2,0.136,0.217,5
17,ycup,165,29,45,2,0.101,0.217,5
17,ycup,165,27,46,2,0.115,0.251,5
17,ycup,165,28,47,2,0.136,0.237,5
17,ycup,165,25,48,2,0.156,0.196,5
17,ycup,165,35,49,2,0.227,0.346,5
17,ycup,165,34,50,2,0.192,0.346,5
17,ycup,165,33,51,2,0.172,0.36,5
17,ycup,165,36,52,2,0.158,0.381,5
17,ycup,165,31,53,2,0.227,0.411,5
17,ycup,165,4,54,2,0.034,0.419,5
17,ycup,165,2,55,2,0,0.334,5
17,ycup,165,3,56,2,0,0.358,5
17,ycup,165,5,57,2,0.04,0.358,5
17,ycup,165,6,58,2,0.055,0.409,5
17,ycup,165,1,59,2,0.02,0.379,5
17,ycup,165,24,60,2,0.14,0.577,5
17,ycup,165,22,61,2,0.105,0.597,5
17,ycup,165,19,62,2,0.105,0.577,5
17,ycup,165,21,63,2,0.14,0.543,5
17,ycup,165,23,64,2,0.105,0.543,5
17,ycup,165,13,65,2,0.085,0.729,5
17,ycup,165,16,66,2,0.03,0.743,5
17,ycup,165,17,67,2,0.071,0.743,5
17,ycup,165,15,68,2,0.03,0.798,5
17,ycup,165,18,69,2,0.051,0.729,5
17,ycup,165,47,70,2,0.213,0.723,5
17,ycup,165,43,71,2,0.281,0.723,5
17,ycup,165,46,72,2,0.267,0.702,5
17,ycup,165,44,73,2,0.261,0.763,5
17,ycup,165,45,74,2,0.227,0.757,5
17,ycup,165,48,75,2,0.247,0.688,5
17,ycup,165,80,76,2,0.443,0.864,5
17,ycup,165,82,77,2,0.374,0.834,5
17,ycup,165,83,78,2,0.409,0.8,5
17,ycup,165,79,79,2,0.389,0.814,5
17,ycup,165,81,80,2,0.409,0.834,5
17,ycup,165,84,81,2,0.443,0.8,5
17,ycup,165,103,82,2,0.536,0.733,5
17,ycup,165,107,83,2,0.605,0.763,5
17,ycup,165,108,84,2,0.605,0.698,5
17,ycup,165,105,85,2,0.591,0.713,5
17,ycup,165,106,86,2,0.551,0.713,5
17,ycup,165,104,87,2,0.551,0.688,5
17,ycup,165,137,88,2,0.781,0.749,5
17,ycup,165,134,89,2,0.741,0.804,5
17,ycup,165,133,90,2,0.761,0.735,5
17,ycup,165,138,91,2,0.741,0.725,5
17,ycup,165,135,92,2,0.727,0.769,5
17,ycup,165,136,93,2,0.796,0.769,5
17,ycup,165,115,94,2,0.747,0.607,5
17,ycup,165,119,95,2,0.733,0.557,5
17,ycup,165,118,96,2,0.692,0.557,5
17,ycup,165,116,97,2,0.713,0.577,5
17,ycup,165,117,98,2,0.692,0.611,5
17,ycup,165,120,99,2,0.692,0.532,5
17,ycup,165,139,100,2,0.777,0.413,5
17,ycup,165,144,101,2,0.832,0.379,5
17,ycup,165,140,102,2,0.777,0.358,5
17,ycup,165,142,103,2,0.832,0.344,5
17,ycup,165,143,104,2,0.818,0.358,5
17,ycup,165,141,105,2,0.812,0.419,5
17,ycup,165,125,106,2,0.747,0.18,5
17,ycup,165,122,107,2,0.747,0.211,5
17,ycup,166,51,1,2,0.354,0.575,6
17,ycup,166,50,2,2,0.285,0.545,6
17,ycup,166,52,3,2,0.354,0.51,6
17,ycup,166,53,4,2,0.32,0.545,6
17,ycup,166,54,5,2,0.32,0.565,6
17,ycup,166,61,6,2,0.407,0.658,6
17,ycup,166,64,7,2,0.407,0.692,6
17,ycup,166,63,8,2,0.441,0.658,6
17,ycup,166,65,9,2,0.387,0.672,6
17,ycup,166,66,10,2,0.387,0.727,6
17,ycup,166,93,11,2,0.52,0.528,6
17,ycup,166,95,12,2,0.534,0.603,6
17,ycup,166,92,13,2,0.5,0.597,6
17,ycup,166,96,14,2,0.5,0.518,6
17,ycup,166,91,15,2,0.52,0.583,6
17,ycup,166,94,16,2,0.555,0.593,6
17,ycup,166,109,17,2,0.628,0.468,6
17,ycup,166,112,18,2,0.593,0.407,6
17,ycup,166,111,19,2,0.613,0.427,6
17,ycup,166,114,20,2,0.648,0.427,6
17,ycup,166,110,21,2,0.593,0.383,6
17,ycup,166,113,22,2,0.579,0.427,6
17,ycup,166,88,23,2,0.549,0.267,6
17,ycup,166,89,24,2,0.514,0.302,6
17,ycup,166,87,25,2,0.528,0.342,6
17,ycup,166,90,26,2,0.549,0.302,6
17,ycup,166,85,27,2,0.494,0.257,6
17,ycup,166,74,28,2,0.443,0.132,6
17,ycup,166,76,29,2,0.443,0.196,6
17,ycup,166,78,30,2,0.374,0.166,6
17,ycup,166,73,31,2,0.409,0.186,6
17,ycup,166,75,32,2,0.389,0.2,6
17,ycup,166,77,33,2,0.429,0.146,6
17,ycup,166,58,34,2,0.336,0.362,6
17,ycup,166,59,35,2,0.356,0.352,6
17,ycup,166,56,36,2,0.302,0.356,6
17,ycup,166,55,37,2,0.322,0.287,6
17,ycup,166,57,38,2,0.322,0.322,6
17,ycup,166,60,39,2,0.287,0.322,6
17,ycup,166,30,40,2,0.15,0.304,6
17,ycup,166,29,41,2,0.136,0.263,6
17,ycup,166,27,42,2,0.101,0.263,6
17,ycup,166,26,43,2,0.115,0.298,6
17,ycup,166,28,44,2,0.136,0.283,6
17,ycup,166,25,45,2,0.156,0.243,6
17,ycup,166,36,46,2,0.227,0.393,6
17,ycup,166,33,47,2,0.192,0.393,6
17,ycup,166,34,48,2,0.172,0.407,6
17,ycup,166,32,49,2,0.158,0.427,6
17,ycup,166,31,50,2,0.227,0.457,6
17,ycup,166,35,51,2,0.172,0.383,6
17,ycup,166,4,52,2,0.034,0.466,6
17,ycup,166,5,53,2,0,0.381,6
17,ycup,166,2,54,2,0,0.405,6
17,ycup,166,3,55,2,0.04,0.405,6
17,ycup,166,1,56,2,0.02,0.391,6
17,ycup,166,6,57,2,0.055,0.455,6
17,ycup,166,24,58,2,0.14,0.623,6
17,ycup,166,22,59,2,0.105,0.644,6
17,ycup,166,21,60,2,0.105,0.623,6
17,ycup,166,19,61,2,0.14,0.589,6
17,ycup,166,20,62,2,0.105,0.589,6
17,ycup,166,23,63,2,0.105,0.623,6
17,ycup,166,13,64,2,0.085,0.775,6
17,ycup,166,17,65,2,0.03,0.789,6
17,ycup,166,18,66,2,0.03,0.844,6
17,ycup,166,15,67,2,0.051,0.775,6
17,ycup,166,16,68,2,0.03,0.765,6
17,ycup,166,47,69,2,0.213,0.769,6
17,ycup,166,43,70,2,0.281,0.769,6
17,ycup,166,48,71,2,0.267,0.749,6
17,ycup,166,45,72,2,0.261,0.81,6
17,ycup,166,44,73,2,0.227,0.804,6
17,ycup,166,46,74,2,0.247,0.735,6
17,ycup,166,80,75,2,0.443,0.911,6
17,ycup,166,82,76,2,0.374,0.881,6
17,ycup,166,83,77,2,0.409,0.846,6
17,ycup,166,81,78,2,0.389,0.86,6
17,ycup,166,79,79,2,0.409,0.881,6
17,ycup,166,84,80,2,0.443,0.846,6
17,ycup,166,103,81,2,0.536,0.779,6
17,ycup,166,107,82,2,0.605,0.81,6
17,ycup,166,106,83,2,0.605,0.745,6
17,ycup,166,108,84,2,0.591,0.759,6
17,ycup,166,105,85,2,0.551,0.759,6
17,ycup,166,104,86,2,0.551,0.735,6
17,ycup,166,137,87,2,0.781,0.796,6
17,ycup,166,134,88,2,0.741,0.85,6
17,ycup,166,138,89,2,0.761,0.781,6
17,ycup,166,133,90,2,0.741,0.771,6
17,ycup,166,135,91,2,0.727,0.816,6
17,ycup,166,136,92,2,0.796,0.816,6
17,ycup,166,119,93,2,0.747,0.654,6
17,ycup,166,115,94,2,0.733,0.603,6
17,ycup,166,117,95,2,0.692,0.603,6
17,ycup,166,118,96,2,0.713,0.623,6
17,ycup,166,120,97,2,0.692,0.658,6
17,ycup,166,116,98,2,0.692,0.579,6
17,ycup,166,139,99,2,0.777,0.46,6
17,ycup,166,144,100,2,0.832,0.425,6
17,ycup,166,141,101,2,0.777,0.405,6
17,ycup,166,143,102,2,0.832,0.391,6
17,ycup,166,142,103,2,0.818,0.405,6
17,ycup,166,122,104,2,0.747,0.227,6
17,ycup,166,124,105,2,0.747,0.257,6
17,ycup,166,126,106,2,0.747,0.192,6
17,ycup,166,121,107,2,0.727,0.267,6
17,ycup,166,123,108,2,0.692,0.182,6
17,ycup,166,125,109,2,0.713,0.247,6
17,ycup,166,130,110,2,0.761,0,6
17,ycup,166,132,111,2,0.796,0,6
17,ycup,166,131,112,2,0.741,0.069,6
17,ycup,166,128,113,2,0.781,0.014,6
17,ycup,167,51,1,2,0.354,0.575,7
17,ycup,167,52,2,2,0.285,0.545,7
17,ycup,167,50,3,2,0.354,0.51,7
17,ycup,167,53,4,2,0.32,0.545,7
17,ycup,167,54,5,2,0.32,0.565,7
17,ycup,167,61,6,2,0.407,0.658,7
17,ycup,167,64,7,2,0.407,0.692,7
17,ycup,167,63,8,2,0.441,0.658,7
17,ycup,167,65,9,2,0.387,0.672,7
17,ycup,167,66,10,2,0.387,0.727,7
17,ycup,167,93,11,2,0.52,0.528,7
17,ycup,167,95,12,2,0.534,0.603,7
17,ycup,167,92,13,2,0.5,0.597,7
17,ycup,167,96,14,2,0.5,0.518,7
17,ycup,167,91,15,2,0.52,0.583,7
17,ycup,167,94,16,2,0.555,0.593,7
17,ycup,167,109,17,2,0.628,0.468,7
17,ycup,167,112,18,2,0.593,0.407,7
17,ycup,167,111,19,2,0.613,0.427,7
17,ycup,167,114,20,2,0.648,0.427,7
17,ycup,167,110,21,2,0.593,0.383,7
17,ycup,167,113,22,2,0.579,0.427,7
17,ycup,167,87,23,2,0.549,0.267,7
17,ycup,167,88,24,2,0.514,0.302,7
17,ycup,167,86,25,2,0.528,0.342,7
17,ycup,167,90,26,2,0.549,0.302,7
17,ycup,167,85,27,2,0.494,0.257,7
17,ycup,167,89,28,2,0.494,0.336,7
17,ycup,167,74,29,2,0.443,0.132,7
17,ycup,167,76,30,2,0.443,0.196,7
17,ycup,167,77,31,2,0.374,0.166,7
17,ycup,167,75,32,2,0.409,0.186,7
17,ycup,167,78,33,2,0.389,0.2,7
17,ycup,167,73,34,2,0.429,0.146,7
17,ycup,167,39,35,2,0.227,0.115,7
17,ycup,167,40,36,2,0.281,0.047,7
17,ycup,167,41,37,2,0.213,0.081,7
17,ycup,167,42,38,2,0.247,0.081,7
17,ycup,167,37,39,2,0.247,0.101,7
17,ycup,167,30,40,2,0.15,0.304,7
17,ycup,167,26,41,2,0.136,0.263,7
17,ycup,167,29,42,2,0.101,0.263,7
17,ycup,167,27,43,2,0.115,0.298,7
17,ycup,167,28,44,2,0.136,0.283,7
17,ycup,167,25,45,2,0.156,0.243,7
17,ycup,167,60,46,2,0.336,0.362,7
17,ycup,167,57,47,2,0.356,0.352,7
17,ycup,167,59,48,2,0.302,0.356,7
17,ycup,167,55,49,2,0.322,0.287,7
17,ycup,167,56,50,2,0.322,0.322,7
17,ycup,167,58,51,2,0.287,0.322,7
17,ycup,167,31,52,2,0.227,0.393,7
17,ycup,167,32,53,2,0.192,0.393,7
17,ycup,167,36,54,2,0.172,0.407,7
17,ycup,167,34,55,2,0.158,0.427,7
17,ycup,167,33,56,2,0.227,0.457,7
17,ycup,167,35,57,2,0.172,0.383,7
17,ycup,167,4,58,2,0.034,0.466,7
17,ycup,167,5,59,2,0,0.381,7
17,ycup,167,2,60,2,0,0.405,7
17,ycup,167,3,61,2,0.04,0.405,7
17,ycup,167,6,62,2,0.02,0.391,7
17,ycup,167,24,63,2,0.14,0.623,7
17,ycup,167,23,64,2,0.105,0.644,7
17,ycup,167,22,65,2,0.105,0.623,7
17,ycup,167,19,66,2,0.14,0.589,7
17,ycup,167,21,67,2,0.119,0.664,7
17,ycup,167,17,68,2,0.085,0.775,7
17,ycup,167,18,69,2,0.03,0.789,7
17,ycup,167,14,70,2,0.071,0.789,7
17,ycup,167,16,71,2,0.03,0.844,7
17,ycup,167,15,72,2,0.051,0.775,7
17,ycup,167,13,73,2,0.03,0.765,7
17,ycup,167,47,74,2,0.213,0.769,7
17,ycup,167,43,75,2,0.281,0.769,7
17,ycup,167,48,76,2,0.267,0.749,7
17,ycup,167,45,77,2,0.261,0.81,7
17,ycup,167,44,78,2,0.227,0.804,7
17,ycup,167,46,79,2,0.247,0.735,7
17,ycup,167,80,80,2,0.443,0.911,7
17,ycup,167,82,81,2,0.374,0.881,7
17,ycup,167,81,82,2,0.409,0.846,7
17,ycup,167,83,83,2,0.389,0.86,7
17,ycup,167,79,84,2,0.409,0.881,7
17,ycup,167,84,85,2,0.443,0.846,7
17,ycup,167,103,86,2,0.536,0.779,7
17,ycup,167,108,87,2,0.605,0.81,7
17,ycup,167,107,88,2,0.605,0.745,7
17,ycup,167,106,89,2,0.591,0.759,7
17,ycup,167,105,90,2,0.551,0.759,7
17,ycup,167,137,91,2,0.781,0.796,7
17,ycup,167,134,92,2,0.741,0.85,7
17,ycup,167,138,93,2,0.761,0.781,7
17,ycup,167,133,94,2,0.741,0.771,7
17,ycup,167,135,95,2,0.727,0.816,7
17,ycup,167,136,96,2,0.796,0.816,7
17,ycup,167,119,97,2,0.747,0.654,7
17,ycup,167,115,98,2,0.733,0.603,7
17,ycup,167,118,99,2,0.692,0.603,7
17,ycup,167,117,100,2,0.713,0.623,7
17,ycup,167,120,101,2,0.692,0.658,7
17,ycup,167,116,102,2,0.692,0.579,7
17,ycup,167,139,103,2,0.777,0.46,7
17,ycup,167,144,104,2,0.832,0.425,7
17,ycup,167,140,105,2,0.777,0.405,7
17,ycup,167,143,106,2,0.832,0.391,7
17,ycup,167,142,107,2,0.818,0.405,7
17,ycup,167,141,108,2,0.812,0.466,7
17,ycup,167,124,109,2,0.747,0.227,7
17,ycup,167,122,110,2,0.747,0.257,7
17,ycup,167,126,111,2,0.747,0.192,7
17,ycup,167,121,112,2,0.727,0.267,7
17,ycup,167,123,113,2,0.692,0.182,7
17,ycup,167,125,114,2,0.713,0.247,7
17,ycup,167,131,115,2,0.761,0,7
17,ycup,168,51,1,2,0.354,0.528,8
17,ycup,168,52,2,2,0.285,0.498,8
17,ycup,168,50,3,2,0.354,0.464,8
17,ycup,168,53,4,2,0.32,0.498,8
17,ycup,168,54,5,2,0.32,0.518,8
17,ycup,168,61,6,2,0.407,0.611,8
17,ycup,168,64,7,2,0.407,0.646,8
17,ycup,168,62,8,2,0.441,0.611,8
17,ycup,168,65,9,2,0.387,0.626,8
17,ycup,168,66,10,2,0.387,0.68,8
17,ycup,168,63,11,2,0.421,0.686,8
17,ycup,168,95,12,2,0.52,0.482,8
17,ycup,168,93,13,2,0.534,0.557,8
17,ycup,168,92,14,2,0.5,0.551,8
17,ycup,168,96,15,2,0.5,0.472,8
17,ycup,168,91,16,2,0.52,0.536,8
17,ycup,168,94,17,2,0.52,0.516,8
17,ycup,168,114,18,2,0.628,0.421,8
17,ycup,168,111,19,2,0.593,0.36,8
17,ycup,168,112,20,2,0.613,0.381,8
17,ycup,168,113,21,2,0.648,0.381,8
17,ycup,168,109,22,2,0.593,0.336,8
17,ycup,168,124,23,2,0.747,0.18,8
17,ycup,168,122,24,2,0.747,0.211,8
17,ycup,168,121,25,2,0.747,0.146,8
17,ycup,168,126,26,2,0.727,0.221,8
17,ycup,168,123,27,2,0.692,0.136,8
17,ycup,168,125,28,2,0.713,0.2,8
17,ycup,168,85,29,2,0.549,0.221,8
17,ycup,168,89,30,2,0.514,0.255,8
17,ycup,168,87,31,2,0.528,0.296,8
17,ycup,168,88,32,2,0.549,0.255,8
17,ycup,168,90,33,2,0.494,0.211,8
17,ycup,168,74,34,2,0.443,0.085,8
17,ycup,168,73,35,2,0.443,0.15,8
17,ycup,168,78,36,2,0.374,0.119,8
17,ycup,168,76,37,2,0.409,0.14,8
17,ycup,168,77,38,2,0.389,0.154,8
17,ycup,168,75,39,2,0.429,0.099,8
17,ycup,168,38,40,2,0.227,0.069,8
17,ycup,168,40,41,2,0.281,0,8
17,ycup,168,41,42,2,0.213,0.034,8
17,ycup,168,42,43,2,0.247,0,8
17,ycup,168,37,44,2,0.247,0.034,8
17,ycup,168,39,45,2,0.247,0.055,8
17,ycup,168,60,46,2,0.336,0.316,8
17,ycup,168,59,47,2,0.356,0.306,8
17,ycup,168,57,48,2,0.302,0.31,8
17,ycup,168,55,49,2,0.322,0.241,8
17,ycup,168,56,50,2,0.322,0.275,8
17,ycup,168,58,51,2,0.287,0.275,8
17,ycup,168,26,52,2,0.15,0.257,8
17,ycup,168,30,53,2,0.101,0.217,8
17,ycup,168,29,54,2,0.115,0.251,8
17,ycup,168,27,55,2,0.136,0.237,8
17,ycup,168,28,56,2,0.156,0.196,8
17,ycup,168,25,57,2,0.136,0.217,8
17,ycup,168,36,58,2,0.227,0.346,8
17,ycup,168,32,59,2,0.192,0.346,8
17,ycup,168,33,60,2,0.172,0.36,8
17,ycup,168,34,61,2,0.158,0.381,8
17,ycup,168,35,62,2,0.227,0.411,8
17,ycup,168,31,63,2,0.172,0.336,8
17,ycup,168,4,64,2,0.034,0.419,8
17,ycup,168,5,65,2,0,0.334,8
17,ycup,168,2,66,2,0,0.358,8
17,ycup,168,3,67,2,0.04,0.358,8
17,ycup,168,1,68,2,0.02,0.344,8
17,ycup,168,6,69,2,0.055,0.409,8
17,ycup,168,24,70,2,0.14,0.577,8
17,ycup,168,22,71,2,0.105,0.597,8
17,ycup,168,19,72,2,0.105,0.577,8
17,ycup,168,21,73,2,0.14,0.543,8
17,ycup,168,23,74,2,0.119,0.617,8
17,ycup,168,18,75,2,0.085,0.729,8
17,ycup,168,17,76,2,0.03,0.743,8
17,ycup,168,15,77,2,0.071,0.743,8
17,ycup,168,13,78,2,0.03,0.798,8
17,ycup,168,14,79,2,0.051,0.729,8
17,ycup,168,16,80,2,0.03,0.719,8
17,ycup,168,43,81,2,0.213,0.723,8
17,ycup,168,47,82,2,0.281,0.723,8
17,ycup,168,46,83,2,0.267,0.702,8
17,ycup,168,44,84,2,0.261,0.763,8
17,ycup,168,45,85,2,0.227,0.757,8
17,ycup,168,48,86,2,0.247,0.688,8
17,ycup,168,81,87,2,0.443,0.864,8
17,ycup,168,84,88,2,0.374,0.834,8
17,ycup,168,79,89,2,0.409,0.8,8
17,ycup,168,83,90,2,0.389,0.814,8
17,ycup,168,103,91,2,0.536,0.733,8
17,ycup,168,108,92,2,0.605,0.763,8
17,ycup,168,107,93,2,0.605,0.698,8
17,ycup,168,105,94,2,0.591,0.713,8
17,ycup,168,137,95,2,0.781,0.749,8
17,ycup,168,134,96,2,0.741,0.804,8
17,ycup,168,138,97,2,0.761,0.735,8
17,ycup,168,133,98,2,0.741,0.725,8
17,ycup,168,135,99,2,0.727,0.769,8
17,ycup,168,136,100,2,0.796,0.769,8
17,ycup,168,115,101,2,0.747,0.607,8
17,ycup,168,118,102,2,0.733,0.557,8
17,ycup,168,116,103,2,0.692,0.557,8
17,ycup,168,117,104,2,0.713,0.577,8
17,ycup,168,120,105,2,0.692,0.611,8
17,ycup,168,119,106,2,0.692,0.532,8
17,ycup,168,139,107,2,0.777,0.413,8
17,ycup,168,144,108,2,0.832,0.379,8
17,ycup,168,141,109,2,0.777,0.358,8
17,ycup,169,51,1,2,0.354,0.579,9
17,ycup,169,52,2,2,0.285,0.549,9
17,ycup,169,50,3,2,0.354,0.514,9
17,ycup,169,53,4,2,0.32,0.549,9
17,ycup,169,54,5,2,0.32,0.569,9
17,ycup,169,49,6,2,0.3,0.583,9
17,ycup,169,64,7,2,0.407,0.662,9
17,ycup,169,62,8,2,0.407,0.696,9
17,ycup,169,61,9,2,0.441,0.662,9
17,ycup,169,65,10,2,0.387,0.676,9
17,ycup,169,66,11,2,0.387,0.731,9
17,ycup,169,63,12,2,0.421,0.737,9
17,ycup,169,93,13,2,0.52,0.532,9
17,ycup,169,92,14,2,0.534,0.607,9
17,ycup,169,95,15,2,0.5,0.601,9
17,ycup,169,96,16,2,0.5,0.522,9
17,ycup,169,94,17,2,0.52,0.587,9
17,ycup,169,91,18,2,0.555,0.597,9
17,ycup,169,109,19,2,0.628,0.472,9
17,ycup,169,112,20,2,0.593,0.411,9
17,ycup,169,111,21,2,0.613,0.431,9
17,ycup,169,110,22,2,0.648,0.431,9
17,ycup,169,113,23,2,0.593,0.387,9
17,ycup,169,114,24,2,0.579,0.431,9
17,ycup,169,87,25,2,0.549,0.271,9
17,ycup,169,90,26,2,0.514,0.306,9
17,ycup,169,88,27,2,0.528,0.346,9
17,ycup,169,86,28,2,0.549,0.306,9
17,ycup,169,85,29,2,0.494,0.261,9
17,ycup,169,89,30,2,0.494,0.34,9
17,ycup,169,74,31,2,0.443,0.136,9
17,ycup,169,77,32,2,0.443,0.2,9
17,ycup,169,76,33,2,0.374,0.17,9
17,ycup,169,75,34,2,0.409,0.19,9
17,ycup,169,78,35,2,0.389,0.204,9
17,ycup,169,73,36,2,0.429,0.15,9
17,ycup,169,58,37,2,0.336,0.366,9
17,ycup,169,59,38,2,0.356,0.356,9
17,ycup,169,60,39,2,0.302,0.36,9
17,ycup,169,57,40,2,0.322,0.291,9
17,ycup,169,55,41,2,0.322,0.326,9
17,ycup,169,56,42,2,0.287,0.326,9
17,ycup,169,42,43,2,0.227,0.119,9
17,ycup,169,41,44,2,0.281,0.051,9
17,ycup,169,38,45,2,0.213,0.085,9
17,ycup,169,40,46,2,0.247,0.051,9
17,ycup,169,39,47,2,0.247,0.085,9
17,ycup,169,37,48,2,0.247,0.105,9
17,ycup,169,9,49,2,0.03,0,9
17,ycup,169,7,50,2,0.085,0.045,9
17,ycup,169,12,51,2,0.051,0.01,9
17,ycup,169,27,52,2,0.15,0.308,9
17,ycup,169,26,53,2,0.136,0.267,9
17,ycup,169,30,54,2,0.101,0.267,9
17,ycup,169,29,55,2,0.115,0.302,9
17,ycup,169,25,56,2,0.136,0.287,9
17,ycup,169,28,57,2,0.156,0.247,9
17,ycup,169,36,58,2,0.227,0.397,9
17,ycup,169,34,59,2,0.192,0.397,9
17,ycup,169,35,60,2,0.172,0.411,9
17,ycup,169,33,61,2,0.158,0.431,9
17,ycup,169,31,62,2,0.227,0.462,9
17,ycup,169,4,63,2,0.034,0.47,9
17,ycup,169,5,64,2,0,0.385,9
17,ycup,169,2,65,2,0,0.409,9
17,ycup,169,3,66,2,0.04,0.409,9
17,ycup,169,1,67,2,0.02,0.395,9
17,ycup,169,6,68,2,0.055,0.46,9
17,ycup,169,24,69,2,0.14,0.628,9
17,ycup,169,22,70,2,0.105,0.648,9
17,ycup,169,21,71,2,0.105,0.628,9
17,ycup,169,19,72,2,0.14,0.593,9
17,ycup,169,20,73,2,0.119,0.668,9
17,ycup,169,23,74,2,0.105,0.593,9
17,ycup,169,13,75,2,0.085,0.779,9
17,ycup,169,17,76,2,0.03,0.794,9
17,ycup,169,18,77,2,0.071,0.794,9
17,ycup,169,14,78,2,0.03,0.848,9
17,ycup,169,15,79,2,0.051,0.779,9
17,ycup,169,16,80,2,0.03,0.769,9
17,ycup,169,47,81,2,0.213,0.773,9
17,ycup,169,43,82,2,0.281,0.773,9
17,ycup,169,48,83,2,0.267,0.753,9
17,ycup,169,45,84,2,0.261,0.814,9
17,ycup,169,44,85,2,0.227,0.808,9
17,ycup,169,46,86,2,0.247,0.739,9
17,ycup,169,80,87,2,0.443,0.915,9
17,ycup,169,82,88,2,0.374,0.885,9
17,ycup,169,81,89,2,0.409,0.85,9
17,ycup,169,83,90,2,0.389,0.864,9
17,ycup,169,79,91,2,0.409,0.885,9
17,ycup,169,84,92,2,0.443,0.85,9
17,ycup,169,103,93,2,0.536,0.783,9
17,ycup,169,107,94,2,0.605,0.814,9
17,ycup,169,108,95,2,0.605,0.749,9
17,ycup,169,105,96,2,0.591,0.763,9
17,ycup,169,106,97,2,0.551,0.763,9
17,ycup,169,104,98,2,0.551,0.739,9
17,ycup,169,137,99,2,0.781,0.8,9
17,ycup,169,134,100,2,0.741,0.854,9
17,ycup,169,138,101,2,0.761,0.785,9
17,ycup,169,133,102,2,0.741,0.775,9
17,ycup,169,135,103,2,0.727,0.82,9
17,ycup,169,136,104,2,0.796,0.82,9
17,ycup,169,115,105,2,0.747,0.658,9
17,ycup,169,118,106,2,0.733,0.607,9
17,ycup,169,116,107,2,0.692,0.607,9
17,ycup,169,117,108,2,0.713,0.628,9
17,ycup,169,120,109,2,0.692,0.662,9
17,ycup,169,119,110,2,0.692,0.583,9
17,ycup,169,139,111,2,0.777,0.464,9
17,ycup,169,144,112,2,0.832,0.429,9
17,ycup,169,140,113,2,0.777,0.409,9
17,ycup,169,143,114,2,0.832,0.395,9
17,ycup,169,142,115,2,0.818,0.409,9
17,ycup,169,141,116,2,0.812,0.47,9
17,ycup,169,124,117,2,0.747,0.231,9
17,ycup,169,122,118,2,0.747,0.261,9
17,ycup,169,126,119,2,0.747,0.196,9
17,ycup,169,121,120,2,0.727,0.271,9
17,ycup,169,123,121,2,0.692,0.186,9
17,ycup,169,125,122,2,0.713,0.251,9
17,ycup,169,102,123,2,0.571,0.075,9
17,ycup,169,99,124,2,0.551,0.03,9
17,ycup,170,51,1,2,0.354,0.528,10
17,ycup,170,50,2,2,0.285,0.498,10
17,ycup,170,52,3,2,0.354,0.464,10
17,ycup,170,53,4,2,0.32,0.498,10
17,ycup,170,54,5,2,0.32,0.518,10
17,ycup,170,49,6,2,0.3,0.532,10
17,ycup,170,64,7,2,0.407,0.611,10
17,ycup,170,61,8,2,0.407,0.646,10
17,ycup,170,62,9,2,0.441,0.611,10
17,ycup,170,65,10,2,0.387,0.626,10
17,ycup,170,66,11,2,0.387,0.68,10
17,ycup,170,63,12,2,0.421,0.686,10
17,ycup,170,93,13,2,0.52,0.482,10
17,ycup,170,95,14,2,0.534,0.557,10
17,ycup,170,92,15,2,0.5,0.551,10
17,ycup,170,96,16,2,0.5,0.472,10
17,ycup,170,91,17,2,0.52,0.536,10
17,ycup,170,94,18,2,0.555,0.547,10
17,ycup,170,114,19,2,0.628,0.421,10
17,ycup,170,110,20,2,0.593,0.36,10
17,ycup,170,111,21,2,0.613,0.381,10
17,ycup,170,113,22,2,0.648,0.381,10
17,ycup,170,112,23,2,0.593,0.336,10
17,ycup,170,109,24,2,0.579,0.381,10
17,ycup,170,88,25,2,0.549,0.221,10
17,ycup,170,87,26,2,0.514,0.255,10
17,ycup,170,86,27,2,0.528,0.296,10
17,ycup,170,90,28,2,0.549,0.255,10
17,ycup,170,89,29,2,0.494,0.211,10
17,ycup,170,85,30,2,0.494,0.289,10
17,ycup,170,75,31,2,0.443,0.085,10
17,ycup,170,77,32,2,0.443,0.15,10
17,ycup,170,76,33,2,0.374,0.119,10
17,ycup,170,78,34,2,0.409,0.14,10
17,ycup,170,73,35,2,0.389,0.154,10
17,ycup,170,58,36,2,0.336,0.316,10
17,ycup,170,59,37,2,0.356,0.306,10
17,ycup,170,60,38,2,0.302,0.31,10
17,ycup,170,57,39,2,0.322,0.241,10
17,ycup,170,55,40,2,0.322,0.275,10
17,ycup,170,56,41,2,0.287,0.275,10
17,ycup,170,37,42,2,0.227,0.069,10
17,ycup,170,41,43,2,0.281,0,10
17,ycup,170,39,44,2,0.213,0.034,10
17,ycup,170,40,45,2,0.247,0,10
17,ycup,170,38,46,2,0.247,0.034,10
17,ycup,170,42,47,2,0.247,0.055,10
17,ycup,170,30,48,2,0.15,0.257,10
17,ycup,170,26,49,2,0.136,0.217,10
17,ycup,170,29,50,2,0.101,0.217,10
17,ycup,170,25,51,2,0.115,0.251,10
17,ycup,170,28,52,2,0.136,0.237,10
17,ycup,170,27,53,2,0.156,0.196,10
17,ycup,170,33,54,2,0.227,0.346,10
17,ycup,170,34,55,2,0.192,0.346,10
17,ycup,170,36,56,2,0.172,0.36,10
17,ycup,170,32,57,2,0.158,0.381,10
17,ycup,170,31,58,2,0.227,0.411,10
17,ycup,170,35,59,2,0.172,0.336,10
17,ycup,170,4,60,2,0.034,0.419,10
17,ycup,170,5,61,2,0,0.334,10
17,ycup,170,2,62,2,0,0.358,10
17,ycup,170,3,63,2,0.04,0.358,10
17,ycup,170,1,64,2,0.02,0.344,10
17,ycup,170,6,65,2,0.055,0.409,10
17,ycup,170,24,66,2,0.14,0.577,10
17,ycup,170,22,67,2,0.105,0.597,10
17,ycup,170,19,68,2,0.105,0.577,10
17,ycup,170,21,69,2,0.14,0.543,10
17,ycup,170,20,70,2,0.119,0.617,10
17,ycup,170,23,71,2,0.105,0.543,10
17,ycup,170,17,72,2,0.085,0.729,10
17,ycup,170,18,73,2,0.03,0.743,10
17,ycup,170,15,74,2,0.071,0.743,10
17,ycup,170,13,75,2,0.03,0.798,10
17,ycup,170,16,76,2,0.051,0.729,10
17,ycup,170,43,77,2,0.213,0.723,10
17,ycup,170,47,78,2,0.281,0.723,10
17,ycup,170,48,79,2,0.267,0.702,10
17,ycup,170,45,80,2,0.261,0.763,10
17,ycup,170,44,81,2,0.227,0.757,10
17,ycup,170,46,82,2,0.247,0.688,10
17,ycup,170,81,83,2,0.443,0.864,10
17,ycup,170,82,84,2,0.374,0.834,10
17,ycup,170,83,85,2,0.409,0.8,10
17,ycup,170,80,86,2,0.389,0.814,10
17,ycup,170,79,87,2,0.409,0.834,10
17,ycup,170,84,88,2,0.443,0.8,10
17,ycup,170,103,89,2,0.536,0.733,10
17,ycup,170,107,90,2,0.605,0.763,10
17,ycup,170,108,91,2,0.605,0.698,10
17,ycup,170,105,92,2,0.591,0.713,10
17,ycup,170,106,93,2,0.551,0.713,10
17,ycup,170,137,94,2,0.781,0.749,10
17,ycup,170,134,95,2,0.741,0.804,10
17,ycup,170,136,96,2,0.761,0.735,10
17,ycup,170,135,97,2,0.741,0.725,10
17,ycup,170,133,98,2,0.727,0.769,10
17,ycup,170,138,99,2,0.796,0.769,10
17,ycup,170,115,100,2,0.747,0.607,10
17,ycup,170,118,101,2,0.733,0.557,10
17,ycup,170,116,102,2,0.692,0.557,10
17,ycup,170,117,103,2,0.713,0.577,10
17,ycup,170,119,104,2,0.692,0.611,10
17,ycup,170,120,105,2,0.692,0.532,10
17,ycup,170,139,106,2,0.777,0.413,10
17,ycup,170,144,107,2,0.832,0.379,10
17,ycup,170,141,108,2,0.777,0.358,10
17,ycup,170,143,109,2,0.832,0.344,10
17,ycup,170,125,110,2,0.747,0.18,10
17,ycup,170,122,111,2,0.747,0.211,10
18,ycup,171,51,1,2,0.255,0.034,1
18,ycup,171,53,2,2,0.31,0.014,1
18,ycup,171,52,3,2,0.324,0.034,1
18,ycup,171,49,4,2,0.289,0,1
18,ycup,171,54,5,2,0.324,0.065,1
18,ycup,171,63,6,2,0.377,0.202,1
18,ycup,171,62,7,2,0.377,0.182,1
18,ycup,171,64,8,2,0.356,0.217,1
18,ycup,171,65,9,2,0.411,0.148,1
18,ycup,171,61,10,2,0.411,0.182,1
18,ycup,171,66,11,2,0.411,0.213,1
18,ycup,171,84,12,2,0.358,0.405,1
18,ycup,171,80,13,2,0.393,0.411,1
18,ycup,171,79,14,2,0.358,0.326,1
18,ycup,171,82,15,2,0.344,0.37,1
18,ycup,171,81,16,2,0.358,0.35,1
18,ycup,171,83,17,2,0.413,0.37,1
18,ycup,171,43,18,2,0.251,0.259,1
18,ycup,171,44,19,2,0.251,0.225,1
18,ycup,171,48,20,2,0.196,0.294,1
18,ycup,171,47,21,2,0.217,0.259,1
18,ycup,171,46,22,2,0.217,0.225,1
18,ycup,171,45,23,2,0.237,0.239,1
18,ycup,171,15,24,2,0.02,0.265,1
18,ycup,171,14,25,2,0.034,0.34,1
18,ycup,171,17,26,2,0.055,0.33,1
18,ycup,171,13,27,2,0,0.255,1
18,ycup,171,16,28,2,0.055,0.265,1
18,ycup,171,18,29,2,0,0.279,1
18,ycup,172,114,1,2,0.239,0.522,2
18,ycup,172,110,2,2,0.239,0.502,2
18,ycup,172,109,3,2,0.219,0.536,2
18,ycup,172,111,4,2,0.273,0.502,2
18,ycup,172,113,5,2,0.259,0.482,2
18,ycup,172,112,6,2,0.219,0.482,2
18,ycup,172,141,7,2,0.457,0.5,2
18,ycup,172,144,8,2,0.423,0.5,2
18,ycup,172,142,9,2,0.403,0.455,2
18,ycup,172,140,10,2,0.423,0.52,2
18,ycup,172,139,11,2,0.457,0.466,2
18,ycup,172,143,12,2,0.403,0.534,2
18,ycup,172,121,13,2,0.338,0.322,2
18,ycup,172,122,14,2,0.372,0.332,2
18,ycup,172,126,15,2,0.372,0.267,2
18,ycup,172,124,16,2,0.358,0.281,2
18,ycup,172,123,17,2,0.338,0.267,2
18,ycup,172,125,18,2,0.338,0.302,2
18,ycup,172,131,19,2,0.421,0.109,2
18,ycup,172,129,20,2,0.421,0.075,2
18,ycup,172,130,21,2,0.352,0.109,2
18,ycup,172,127,22,2,0.387,0.109,2
18,ycup,172,128,23,2,0.366,0.144,2
18,ycup,172,132,24,2,0.387,0.075,2
18,ycup,172,102,25,2,0.176,0.101,2
18,ycup,172,99,26,2,0.211,0.186,2
18,ycup,172,97,27,2,0.196,0.111,2
18,ycup,172,101,28,2,0.176,0.18,2
18,ycup,172,100,29,2,0.162,0.146,2
18,ycup,172,98,30,2,0.217,0.126,2
18,ycup,172,72,31,2,0.034,0.034,2
18,ycup,172,71,32,2,0.055,0.014,2
18,ycup,172,67,33,2,0.069,0,2
18,ycup,172,70,34,2,0,0.034,2
18,ycup,172,69,35,2,0.014,0.069,2
18,ycup,173,64,1,2,0.421,0.787,3
18,ycup,173,65,2,2,0.421,0.767,3
18,ycup,173,66,3,2,0.401,0.802,3
18,ycup,173,61,4,2,0.455,0.733,3
18,ycup,173,62,5,2,0.455,0.767,3
18,ycup,173,63,6,2,0.455,0.798,3
18,ycup,173,44,7,2,0.296,0.844,3
18,ycup,173,43,8,2,0.296,0.81,3
18,ycup,173,48,9,2,0.241,0.879,3
18,ycup,173,47,10,2,0.261,0.844,3
18,ycup,173,46,11,2,0.261,0.81,3
18,ycup,173,45,12,2,0.281,0.824,3
18,ycup,173,17,13,2,0.065,0.85,3
18,ycup,173,13,14,2,0.079,0.925,3
18,ycup,173,16,15,2,0.099,0.915,3
18,ycup,173,18,16,2,0.045,0.84,3
18,ycup,173,14,17,2,0.099,0.85,3
18,ycup,173,15,18,2,0.045,0.864,3
18,ycup,173,21,19,2,0.099,0.678,3
18,ycup,173,19,20,2,0.14,0.678,3
18,ycup,173,24,21,2,0.085,0.698,3
18,ycup,173,23,22,2,0.154,0.729,3
18,ycup,173,20,23,2,0.099,0.654,3
18,ycup,173,22,24,2,0.119,0.698,3
18,ycup,173,5,25,2,0.014,0.455,3
18,ycup,173,2,26,2,0,0.5,3
18,ycup,173,3,27,2,0.014,0.48,3
18,ycup,173,1,28,2,0.034,0.466,3
18,ycup,173,4,29,2,0.014,0.534,3
18,ycup,173,6,30,2,0.069,0.5,3
18,ycup,173,29,31,2,0.15,0.358,3
18,ycup,173,26,32,2,0.184,0.368,3
18,ycup,173,25,33,2,0.17,0.318,3
18,ycup,173,30,34,2,0.13,0.318,3
18,ycup,173,28,35,2,0.164,0.379,3
18,ycup,173,27,36,2,0.15,0.338,3
18,ycup,173,9,37,2,0.079,0.156,3
18,ycup,173,7,38,2,0.045,0.095,3
18,ycup,173,10,39,2,0.045,0.15,3
18,ycup,173,8,40,2,0.065,0.136,3
18,ycup,173,12,41,2,0.065,0.115,3
18,ycup,173,11,42,2,0.03,0.115,3
18,ycup,173,42,43,2,0.261,0.176,3
18,ycup,173,40,44,2,0.275,0.196,3
18,ycup,173,37,45,2,0.281,0.136,3
18,ycup,173,38,46,2,0.241,0.19,3
18,ycup,173,41,47,2,0.296,0.186,3
18,ycup,173,39,48,2,0.227,0.156,3
18,ycup,173,71,49,2,0.423,0.034,3
18,ycup,173,70,50,2,0.443,0.014,3
18,ycup,173,72,51,2,0.457,0,3
18,ycup,174,91,1,2,0.287,0.617,4
18,ycup,174,95,2,2,0.342,0.638,4
18,ycup,174,94,3,2,0.322,0.678,4
18,ycup,174,93,4,2,0.308,0.658,4
18,ycup,174,96,5,2,0.308,0.638,4
18,ycup,174,92,6,2,0.342,0.668,4
18,ycup,174,117,7,2,0.534,0.698,4
18,ycup,174,120,8,2,0.514,0.739,4
18,ycup,174,118,9,2,0.466,0.698,4
18,ycup,174,119,10,2,0.5,0.698,4
18,ycup,174,116,11,2,0.48,0.733,4
18,ycup,174,115,12,2,0.48,0.654,4
18,ycup,174,144,13,2,0.619,0.5,4
18,ycup,174,142,14,2,0.585,0.5,4
18,ycup,174,140,15,2,0.585,0.52,4
18,ycup,174,139,16,2,0.619,0.466,4
18,ycup,174,143,17,2,0.565,0.534,4
18,ycup,174,141,18,2,0.585,0.5,4
18,ycup,174,122,19,2,0.5,0.322,4
18,ycup,174,121,20,2,0.534,0.332,4
18,ycup,174,126,21,2,0.534,0.267,4
18,ycup,174,124,22,2,0.52,0.281,4
18,ycup,174,123,23,2,0.5,0.267,4
18,ycup,174,125,24,2,0.5,0.302,4
18,ycup,174,131,25,2,0.583,0.109,4
18,ycup,174,129,26,2,0.583,0.075,4
18,ycup,174,130,27,2,0.514,0.109,4
18,ycup,174,132,28,2,0.549,0.109,4
18,ycup,174,128,29,2,0.528,0.144,4
18,ycup,174,127,30,2,0.549,0.075,4
18,ycup,174,102,31,2,0.338,0.101,4
18,ycup,174,99,32,2,0.372,0.186,4
18,ycup,174,97,33,2,0.358,0.111,4
18,ycup,174,101,34,2,0.338,0.18,4
18,ycup,174,100,35,2,0.324,0.146,4
18,ycup,174,98,36,2,0.379,0.126,4
18,ycup,174,76,37,2,0.196,0.261,4
18,ycup,174,75,38,2,0.162,0.241,4
18,ycup,174,73,39,2,0.196,0.241,4
18,ycup,174,77,40,2,0.196,0.206,4
18,ycup,174,74,41,2,0.211,0.281,4
18,ycup,174,78,42,2,0.176,0.221,4
18,ycup,174,41,43,2,0.034,0.176,4
18,ycup,174,38,44,2,0.049,0.196,4
18,ycup,174,37,45,2,0.055,0.136,4
18,ycup,174,40,46,2,0.014,0.19,4
18,ycup,174,42,47,2,0.069,0.186,4
18,ycup,174,39,48,2,0,0.156,4
18,ycup,174,71,49,2,0.196,0.034,4
18,ycup,174,72,50,2,0.217,0.014,4
18,ycup,174,67,51,2,0.231,0,4
18,ycup,175,51,1,2,0.3,0.302,5
18,ycup,175,53,2,2,0.354,0.281,5
18,ycup,175,50,3,2,0.368,0.302,5
18,ycup,175,52,4,2,0.334,0.267,5
18,ycup,175,54,5,2,0.368,0.332,5
18,ycup,175,49,6,2,0.314,0.281,5
18,ycup,175,64,7,2,0.421,0.47,5
18,ycup,175,65,8,2,0.421,0.449,5
18,ycup,175,66,9,2,0.401,0.484,5
18,ycup,175,61,10,2,0.455,0.415,5
18,ycup,175,62,11,2,0.455,0.449,5
18,ycup,175,63,12,2,0.455,0.48,5
18,ycup,175,44,13,2,0.296,0.526,5
18,ycup,175,43,14,2,0.296,0.492,5
18,ycup,175,48,15,2,0.241,0.561,5
18,ycup,175,47,16,2,0.261,0.526,5
18,ycup,175,46,17,2,0.261,0.492,5
18,ycup,175,45,18,2,0.281,0.506,5
18,ycup,175,81,19,2,0.403,0.672,5
18,ycup,175,83,20,2,0.437,0.678,5
18,ycup,175,82,21,2,0.403,0.593,5
18,ycup,175,79,22,2,0.389,0.638,5
18,ycup,175,80,23,2,0.403,0.617,5
18,ycup,175,84,24,2,0.457,0.638,5
18,ycup,175,15,25,2,0.065,0.532,5
18,ycup,175,14,26,2,0.079,0.607,5
18,ycup,175,17,27,2,0.099,0.597,5
18,ycup,175,16,28,2,0.045,0.522,5
18,ycup,175,13,29,2,0.099,0.532,5
18,ycup,175,18,30,2,0.045,0.547,5
18,ycup,175,21,31,2,0.099,0.36,5
18,ycup,175,19,32,2,0.14,0.36,5
18,ycup,175,24,33,2,0.085,0.381,5
18,ycup,175,23,34,2,0.154,0.411,5
18,ycup,175,20,35,2,0.119,0.381,5
18,ycup,175,22,36,2,0.099,0.336,5
18,ycup,175,5,37,2,0.014,0.138,5
18,ycup,175,2,38,2,0,0.182,5
18,ycup,175,3,39,2,0.014,0.162,5
18,ycup,175,1,40,2,0.034,0.148,5
18,ycup,175,4,41,2,0.014,0.217,5
18,ycup,175,6,42,2,0.069,0.182,5
18,ycup,175,32,43,2,0.186,0.14,5
18,ycup,175,35,44,2,0.186,0.219,5
18,ycup,175,31,45,2,0.241,0.184,5
18,ycup,175,36,46,2,0.241,0.215,5
18,ycup,175,33,47,2,0.206,0.15,5
18,ycup,175,34,48,2,0.206,0.184,5
18,ycup,175,29,49,2,0.15,0.04,5
18,ycup,175,26,50,2,0.184,0.051,5
18,ycup,175,25,51,2,0.17,0,5
18,ycup,175,30,52,2,0.13,0,5
18,ycup,175,28,53,2,0.164,0.061,5
18,ycup,175,27,54,2,0.15,0.02,5
18,ycup,176,91,1,2,0.273,0.628,6
18,ycup,176,95,2,2,0.328,0.648,6
18,ycup,176,94,3,2,0.308,0.688,6
18,ycup,176,93,4,2,0.294,0.668,6
18,ycup,176,96,5,2,0.294,0.648,6
18,ycup,176,92,6,2,0.328,0.678,6
18,ycup,176,120,7,2,0.52,0.709,6
18,ycup,176,117,8,2,0.5,0.749,6
18,ycup,176,118,9,2,0.451,0.709,6
18,ycup,176,119,10,2,0.486,0.709,6
18,ycup,176,116,11,2,0.466,0.743,6
18,ycup,176,115,12,2,0.466,0.664,6
18,ycup,176,144,13,2,0.605,0.51,6
18,ycup,176,140,14,2,0.571,0.51,6
18,ycup,176,142,15,2,0.551,0.466,6
18,ycup,176,139,16,2,0.571,0.53,6
18,ycup,176,143,17,2,0.605,0.476,6
18,ycup,176,141,18,2,0.551,0.545,6
18,ycup,176,121,19,2,0.486,0.332,6
18,ycup,176,126,20,2,0.52,0.342,6
18,ycup,176,125,21,2,0.52,0.277,6
18,ycup,176,124,22,2,0.506,0.291,6
18,ycup,176,123,23,2,0.486,0.277,6
18,ycup,176,122,24,2,0.486,0.312,6
18,ycup,176,131,25,2,0.569,0.119,6
18,ycup,176,129,26,2,0.569,0.085,6
18,ycup,176,130,27,2,0.5,0.119,6
18,ycup,176,127,28,2,0.534,0.119,6
18,ycup,176,128,29,2,0.514,0.154,6
18,ycup,176,132,30,2,0.534,0.085,6
18,ycup,176,102,31,2,0.324,0.111,6
18,ycup,176,99,32,2,0.358,0.196,6
18,ycup,176,97,33,2,0.344,0.121,6
18,ycup,176,101,34,2,0.324,0.19,6
18,ycup,176,100,35,2,0.31,0.156,6
18,ycup,176,98,36,2,0.364,0.136,6
18,ycup,176,69,37,2,0.182,0.045,6
18,ycup,176,68,38,2,0.202,0.024,6
18,ycup,176,67,39,2,0.217,0.01,6
18,ycup,176,72,40,2,0.148,0.045,6
18,ycup,176,70,41,2,0.162,0.079,6
18,ycup,176,71,42,2,0.162,0,6
18,ycup,176,76,43,2,0.182,0.271,6
18,ycup,176,78,44,2,0.148,0.251,6
18,ycup,176,74,45,2,0.182,0.251,6
18,ycup,176,75,46,2,0.182,0.217,6
18,ycup,176,73,47,2,0.196,0.291,6
18,ycup,176,77,48,2,0.162,0.231,6
18,ycup,176,41,49,2,0.02,0.186,6
18,ycup,176,39,50,2,0.034,0.206,6
18,ycup,176,40,51,2,0.04,0.146,6
18,ycup,176,37,52,2,0,0.2,6
18,ycup,176,42,53,2,0.055,0.196,6
18,ycup,177,51,1,2,0.3,0.164,7
18,ycup,177,53,2,2,0.354,0.144,7
18,ycup,177,50,3,2,0.368,0.164,7
18,ycup,177,52,4,2,0.334,0.13,7
18,ycup,177,54,5,2,0.368,0.194,7
18,ycup,177,49,6,2,0.314,0.144,7
18,ycup,177,34,7,2,0.186,0.002,7
18,ycup,177,33,8,2,0.186,0.081,7
18,ycup,177,32,9,2,0.241,0.047,7
18,ycup,177,35,10,2,0.241,0.077,7
18,ycup,177,36,11,2,0.186,0.026,7
18,ycup,177,31,12,2,0.206,0.012,7
18,ycup,177,6,13,2,0.014,0,7
18,ycup,177,1,14,2,0,0.045,7
18,ycup,177,4,15,2,0.014,0.024,7
18,ycup,177,3,16,2,0.034,0.01,7
18,ycup,177,2,17,2,0.014,0.079,7
18,ycup,177,5,18,2,0.069,0.045,7
18,ycup,177,24,19,2,0.099,0.223,7
18,ycup,177,20,20,2,0.14,0.223,7
18,ycup,177,21,21,2,0.085,0.243,7
18,ycup,177,19,22,2,0.154,0.273,7
18,ycup,177,23,23,2,0.119,0.243,7
18,ycup,177,22,24,2,0.099,0.198,7
18,ycup,177,17,25,2,0.065,0.395,7
18,ycup,177,13,26,2,0.079,0.47,7
18,ycup,177,16,27,2,0.099,0.46,7
18,ycup,177,18,28,2,0.045,0.385,7
18,ycup,177,15,29,2,0.099,0.395,7
18,ycup,177,14,30,2,0.045,0.409,7
18,ycup,177,45,31,2,0.296,0.389,7
18,ycup,177,46,32,2,0.296,0.354,7
18,ycup,177,47,33,2,0.241,0.423,7
18,ycup,177,48,34,2,0.261,0.389,7
18,ycup,177,44,35,2,0.261,0.354,7
18,ycup,177,43,36,2,0.281,0.368,7
18,ycup,177,81,37,2,0.403,0.534,7
18,ycup,177,83,38,2,0.437,0.54,7
18,ycup,177,82,39,2,0.403,0.455,7
18,ycup,177,79,40,2,0.389,0.5,7
18,ycup,177,80,41,2,0.403,0.48,7
18,ycup,177,84,42,2,0.457,0.5,7
18,ycup,177,66,43,2,0.421,0.332,7
18,ycup,178,59,1,2,0.034,0.287,8
18,ycup,178,58,2,2,0,0.322,8
18,ycup,178,56,3,2,0.014,0.302,8
18,ycup,178,60,4,2,0.014,0.356,8
18,ycup,178,57,5,2,0.049,0.362,8
18,ycup,178,55,6,2,0.034,0.322,8
18,ycup,178,74,7,2,0.121,0.186,8
18,ycup,178,78,8,2,0.087,0.166,8
18,ycup,178,76,9,2,0.121,0.166,8
18,ycup,178,75,10,2,0.121,0.132,8
18,ycup,178,73,11,2,0.136,0.206,8
18,ycup,178,77,12,2,0.101,0.146,8
18,ycup,178,87,13,2,0.261,0.332,8
18,ycup,178,89,14,2,0.206,0.336,8
18,ycup,178,88,15,2,0.206,0.281,8
18,ycup,178,85,16,2,0.261,0.267,8
18,ycup,178,90,17,2,0.227,0.267,8
18,ycup,178,86,18,2,0.227,0.322,8
18,ycup,178,121,19,2,0.425,0.247,8
18,ycup,178,126,20,2,0.46,0.257,8
18,ycup,178,125,21,2,0.46,0.192,8
18,ycup,178,124,22,2,0.445,0.206,8
18,ycup,178,123,23,2,0.425,0.192,8
18,ycup,178,122,24,2,0.425,0.227,8
18,ycup,178,131,25,2,0.508,0.034,8
18,ycup,178,129,26,2,0.508,0,8
18,ycup,178,130,27,2,0.439,0.034,8
18,ycup,178,132,28,2,0.474,0.034,8
18,ycup,178,128,29,2,0.453,0.069,8
18,ycup,178,127,30,2,0.474,0,8
18,ycup,178,143,31,2,0.545,0.425,8
18,ycup,178,141,32,2,0.51,0.425,8
18,ycup,178,140,33,2,0.49,0.381,8
18,ycup,178,142,34,2,0.545,0.391,8
18,ycup,178,144,35,2,0.49,0.46,8
18,ycup,178,139,36,2,0.51,0.425,8
18,ycup,178,120,37,2,0.46,0.623,8
18,ycup,178,118,38,2,0.439,0.664,8
18,ycup,178,117,39,2,0.391,0.623,8
18,ycup,178,119,40,2,0.425,0.623,8
18,ycup,178,116,41,2,0.405,0.658,8
18,ycup,178,115,42,2,0.405,0.579,8
18,ycup,178,135,43,2,0.494,0.796,8
18,ycup,178,133,44,2,0.474,0.781,8
18,ycup,178,138,45,2,0.508,0.846,8
18,ycup,179,59,1,2,0.336,0.267,9
18,ycup,179,58,2,2,0.302,0.302,9
18,ycup,179,56,3,2,0.316,0.281,9
18,ycup,179,60,4,2,0.316,0.336,9
18,ycup,179,57,5,2,0.35,0.342,9
18,ycup,179,55,6,2,0.336,0.302,9
18,ycup,179,40,7,2,0.261,0.081,9
18,ycup,179,38,8,2,0.275,0.101,9
18,ycup,179,41,9,2,0.281,0.04,9
18,ycup,179,37,10,2,0.241,0.095,9
18,ycup,179,42,11,2,0.296,0.091,9
18,ycup,179,39,12,2,0.227,0.061,9
18,ycup,179,7,13,2,0.079,0.061,9
18,ycup,179,9,14,2,0.045,0,9
18,ycup,179,10,15,2,0.045,0.055,9
18,ycup,179,11,16,2,0.065,0.04,9
18,ycup,179,12,17,2,0.065,0.02,9
18,ycup,179,8,18,2,0.03,0.02,9
18,ycup,179,27,19,2,0.15,0.263,9
18,ycup,179,30,20,2,0.184,0.273,9
18,ycup,179,28,21,2,0.17,0.223,9
18,ycup,179,25,22,2,0.13,0.223,9
18,ycup,179,29,23,2,0.164,0.283,9
18,ycup,179,26,24,2,0.15,0.243,9
18,ycup,179,1,25,2,0.014,0.36,9
18,ycup,179,4,26,2,0,0.405,9
18,ycup,179,6,27,2,0.014,0.385,9
18,ycup,179,3,28,2,0.034,0.37,9
18,ycup,179,2,29,2,0.014,0.439,9
18,ycup,179,5,30,2,0.069,0.405,9
18,ycup,179,24,31,2,0.099,0.583,9
18,ycup,179,19,32,2,0.14,0.583,9
18,ycup,179,21,33,2,0.085,0.603,9
18,ycup,179,23,34,2,0.154,0.634,9
18,ycup,179,20,35,2,0.119,0.603,9
18,ycup,179,22,36,2,0.099,0.559,9
18,ycup,179,16,37,2,0.065,0.755,9
18,ycup,179,13,38,2,0.079,0.83,9
18,ycup,179,18,39,2,0.099,0.82,9
18,ycup,179,17,40,2,0.045,0.745,9
18,ycup,179,15,41,2,0.099,0.755,9
18,ycup,179,14,42,2,0.045,0.769,9
18,ycup,179,45,43,2,0.296,0.749,9
18,ycup,179,46,44,2,0.296,0.715,9
18,ycup,179,48,45,2,0.241,0.783,9
18,ycup,179,47,46,2,0.261,0.749,9
18,ycup,179,44,47,2,0.261,0.715,9
18,ycup,179,43,48,2,0.281,0.729,9
18,ycup,179,81,49,2,0.403,0.895,9
18,ycup,179,83,50,2,0.437,0.901,9
18,ycup,179,82,51,2,0.403,0.816,9
18,ycup,179,79,52,2,0.389,0.86,9
18,ycup,179,80,53,2,0.403,0.84,9
18,ycup,179,84,54,2,0.457,0.86,9
18,ycup,179,108,55,2,0.619,0.725,9
18,ycup,179,106,56,2,0.605,0.739,9
18,ycup,179,107,57,2,0.619,0.759,9
18,ycup,179,104,58,2,0.585,0.759,9
18,ycup,179,105,59,2,0.585,0.725,9
18,ycup,179,103,60,2,0.565,0.794,9
18,ycup,180,86,1,2,0.174,0.332,10
18,ycup,180,90,2,2,0.119,0.336,10
18,ycup,180,85,3,2,0.119,0.281,10
18,ycup,180,87,4,2,0.174,0.267,10
18,ycup,180,89,5,2,0.14,0.267,10
18,ycup,180,88,6,2,0.14,0.322,10
18,ycup,180,100,7,2,0.176,0.026,10
18,ycup,180,101,8,2,0.211,0.111,10
18,ycup,180,98,9,2,0.196,0.036,10
18,ycup,180,97,10,2,0.176,0.105,10
18,ycup,180,99,11,2,0.162,0.071,10
18,ycup,180,102,12,2,0.217,0.051,10
18,ycup,180,129,13,2,0.421,0.034,10
18,ycup,180,131,14,2,0.421,0,10
18,ycup,180,130,15,2,0.352,0.034,10
18,ycup,180,132,16,2,0.387,0.034,10
18,ycup,180,128,17,2,0.366,0.069,10
18,ycup,180,127,18,2,0.387,0,10
18,ycup,180,123,19,2,0.338,0.247,10
18,ycup,180,125,20,2,0.372,0.257,10
18,ycup,180,124,21,2,0.372,0.192,10
18,ycup,180,126,22,2,0.358,0.206,10
18,ycup,180,121,23,2,0.338,0.192,10
18,ycup,180,122,24,2,0.338,0.227,10
18,ycup,180,143,25,2,0.457,0.425,10
18,ycup,180,141,26,2,0.423,0.425,10
18,ycup,180,140,27,2,0.403,0.381,10
18,ycup,180,144,28,2,0.423,0.445,10
18,ycup,180,139,29,2,0.423,0.425,10
18,ycup,180,142,30,2,0.423,0.425,10
18,ycup,180,120,31,2,0.372,0.623,10
18,ycup,180,118,32,2,0.352,0.664,10
18,ycup,180,115,33,2,0.304,0.623,10
18,ycup,180,116,34,2,0.338,0.623,10
18,ycup,180,119,35,2,0.318,0.658,10
18,ycup,180,117,36,2,0.318,0.579,10
18,ycup,180,134,37,2,0.407,0.796,10
18,ycup,180,133,38,2,0.387,0.781,10
18,ycup,180,137,39,2,0.421,0.846,10
18,ycup,180,138,40,2,0.352,0.816,10
18,ycup,180,136,41,2,0.387,0.816,10
18,ycup,180,135,42,2,0.366,0.796,10
18,ycup,180,105,43,2,0.231,0.745,10
18,ycup,180,103,44,2,0.217,0.759,10
18,ycup,180,104,45,2,0.231,0.779,10
18,ycup,180,107,46,2,0.196,0.779,10
18,ycup,180,106,47,2,0.196,0.745,10
18,ycup,180,108,48,2,0.176,0.814,10
18,ycup,180,84,49,2,0.014,0.915,10
18,ycup,180,80,50,2,0.049,0.921,10
18,ycup,180,79,51,2,0.014,0.836,10
18,ycup,180,82,52,2,0,0.881,10
18,ycup,180,83,53,2,0.014,0.86,10
18,ycup,180,81,54,2,0.069,0.881,10
19,ycup,181,93,1,2,0.555,0.136,1
19,ycup,181,91,2,2,0.54,0.15,1
19,ycup,181,92,3,2,0.52,0.136,1
19,ycup,181,95,4,2,0.555,0.2,1
19,ycup,181,94,5,2,0.52,0.17,1
19,ycup,181,96,6,2,0.534,0.211,1
19,ycup,181,115,7,2,0.678,0.231,1
19,ycup,181,116,8,2,0.713,0.251,1
19,ycup,181,117,9,2,0.713,0.231,1
19,ycup,181,120,10,2,0.733,0.211,1
19,ycup,181,118,11,2,0.747,0.261,1
19,ycup,181,119,12,2,0.713,0.196,1
19,ycup,181,106,13,2,0.571,0.387,1
19,ycup,181,105,14,2,0.591,0.366,1
19,ycup,181,104,15,2,0.571,0.352,1
19,ycup,181,103,16,2,0.605,0.352,1
19,ycup,181,108,17,2,0.585,0.427,1
19,ycup,181,107,18,2,0.571,0.407,1
19,ycup,181,133,19,2,0.741,0.403,1
19,ycup,181,136,20,2,0.741,0.457,1
19,ycup,181,138,21,2,0.775,0.464,1
19,ycup,181,137,22,2,0.761,0.389,1
19,ycup,181,135,23,2,0.796,0.423,1
19,ycup,181,134,24,2,0.761,0.423,1
19,ycup,181,64,25,2,0.387,0.279,1
19,ycup,181,65,26,2,0.421,0.34,1
19,ycup,181,62,27,2,0.407,0.32,1
19,ycup,181,63,28,2,0.441,0.3,1
19,ycup,181,66,29,2,0.441,0.33,1
19,ycup,181,61,30,2,0.387,0.334,1
19,ycup,181,79,31,2,0.409,0.453,1
19,ycup,181,84,32,2,0.389,0.522,1
19,ycup,181,83,33,2,0.389,0.468,1
19,ycup,181,81,34,2,0.374,0.488,1
19,ycup,181,82,35,2,0.409,0.488,1
19,ycup,181,80,36,2,0.443,0.453,1
19,ycup,181,47,37,2,0.281,0.342,1
19,ycup,181,48,38,2,0.247,0.342,1
19,ycup,181,46,39,2,0.213,0.377,1
19,ycup,181,43,40,2,0.267,0.356,1
19,ycup,181,44,41,2,0.281,0.407,1
19,ycup,181,45,42,2,0.261,0.417,1
19,ycup,181,54,43,2,0.32,0.172,1
19,ycup,181,49,44,2,0.3,0.107,1
19,ycup,181,52,45,2,0.34,0.132,1
19,ycup,181,51,46,2,0.32,0.152,1
19,ycup,181,53,47,2,0.354,0.117,1
19,ycup,181,50,48,2,0.354,0.182,1
19,ycup,181,24,49,2,0.105,0.196,1
19,ycup,181,21,50,2,0.085,0.186,1
19,ycup,181,23,51,2,0.119,0.271,1
19,ycup,181,22,52,2,0.085,0.211,1
19,ycup,181,19,53,2,0.105,0.231,1
19,ycup,181,20,54,2,0.14,0.261,1
19,ycup,181,16,55,2,0.085,0.447,1
19,ycup,181,15,56,2,0.016,0.417,1
19,ycup,181,13,57,2,0.071,0.397,1
19,ycup,181,17,58,2,0.085,0.383,1
19,ycup,181,18,59,2,0.03,0.397,1
19,ycup,181,14,60,2,0.03,0.372,1
19,ycup,181,31,61,2,0.206,0.075,1
19,ycup,181,33,62,2,0.172,0.069,1
19,ycup,181,32,63,2,0.192,0.055,1
19,ycup,181,36,64,2,0.227,0,1
19,ycup,181,35,65,2,0.227,0.034,1
19,ycup,181,34,66,2,0.158,0.034,1
19,ycup,181,2,67,2,0,0.012,1
19,ycup,182,93,1,2,0.555,0.603,2
19,ycup,182,92,2,2,0.54,0.617,2
19,ycup,182,91,3,2,0.52,0.603,2
19,ycup,182,95,4,2,0.555,0.668,2
19,ycup,182,96,5,2,0.52,0.638,2
19,ycup,182,94,6,2,0.534,0.678,2
19,ycup,182,112,7,2,0.648,0.468,2
19,ycup,182,113,8,2,0.593,0.482,2
19,ycup,182,114,9,2,0.648,0.502,2
19,ycup,182,111,10,2,0.593,0.536,2
19,ycup,182,109,11,2,0.613,0.522,2
19,ycup,182,110,12,2,0.613,0.502,2
19,ycup,182,87,13,2,0.549,0.377,2
19,ycup,182,85,14,2,0.514,0.342,2
19,ycup,182,88,15,2,0.528,0.417,2
19,ycup,182,86,16,2,0.534,0.356,2
19,ycup,182,89,17,2,0.494,0.356,2
19,ycup,182,90,18,2,0.48,0.377,2
19,ycup,182,55,19,2,0.356,0.397,2
19,ycup,182,59,20,2,0.322,0.397,2
19,ycup,182,58,21,2,0.322,0.362,2
19,ycup,182,56,22,2,0.322,0.417,2
19,ycup,182,60,23,2,0.336,0.437,2
19,ycup,182,57,24,2,0.342,0.377,2
19,ycup,182,74,25,2,0.443,0.271,2
19,ycup,182,73,26,2,0.423,0.281,2
19,ycup,182,78,27,2,0.409,0.206,2
19,ycup,182,77,28,2,0.389,0.221,2
19,ycup,182,76,29,2,0.374,0.241,2
19,ycup,182,75,30,2,0.409,0.261,2
19,ycup,182,41,31,2,0.227,0.19,2
19,ycup,182,37,32,2,0.247,0.156,2
19,ycup,182,40,33,2,0.281,0.156,2
19,ycup,182,38,34,2,0.247,0.176,2
19,ycup,182,39,35,2,0.261,0.196,2
19,ycup,182,42,36,2,0.227,0.111,2
19,ycup,182,27,37,2,0.101,0.338,2
19,ycup,182,28,38,2,0.136,0.358,2
19,ycup,182,26,39,2,0.17,0.304,2
19,ycup,182,30,40,2,0.15,0.379,2
19,ycup,182,29,41,2,0.115,0.318,2
19,ycup,182,25,42,2,0.136,0.338,2
19,ycup,182,5,43,2,0,0.48,2
19,ycup,182,2,44,2,0.055,0.5,2
19,ycup,182,6,45,2,0.02,0.466,2
19,ycup,182,3,46,2,0,0.534,2
19,ycup,182,1,47,2,0.055,0.466,2
19,ycup,182,4,48,2,0.04,0.48,2
19,ycup,182,7,49,2,0.03,0.15,2
19,ycup,182,12,50,2,0.051,0.136,2
19,ycup,182,8,51,2,0.085,0.115,2
19,ycup,182,9,52,2,0.051,0.081,2
19,ycup,182,10,53,2,0.03,0.071,2
19,ycup,182,11,54,2,0.065,0.156,2
19,ycup,182,68,55,2,0.429,0.014,2
19,ycup,182,71,56,2,0.374,0.034,2
19,ycup,182,67,57,2,0.443,0.034,2
19,ycup,182,70,58,2,0.443,0,2
19,ycup,182,69,59,2,0.409,0,2
19,ycup,182,72,60,2,0.443,0.065,2
19,ycup,182,101,61,2,0.585,0.186,2
19,ycup,182,100,62,2,0.571,0.146,2
19,ycup,182,99,63,2,0.551,0.126,2
19,ycup,182,102,64,2,0.551,0.18,2
19,ycup,182,98,65,2,0.536,0.146,2
19,ycup,182,97,66,2,0.571,0.111,2
19,ycup,182,122,67,2,0.713,0.267,2
19,ycup,182,121,68,2,0.692,0.281,2
19,ycup,182,123,69,2,0.747,0.302,2
19,ycup,182,126,70,2,0.692,0.336,2
19,ycup,182,125,71,2,0.747,0.332,2
19,ycup,182,124,72,2,0.713,0.302,2
19,ycup,182,127,73,2,0.775,0.15,2
19,ycup,182,132,74,2,0.796,0.109,2
19,ycup,182,128,75,2,0.796,0.075,2
19,ycup,182,131,76,2,0.741,0.065,2
19,ycup,182,129,77,2,0.781,0.089,2
19,ycup,182,130,78,2,0.761,0.13,2
19,ycup,183,59,1,2,0.356,0.326,3
19,ycup,183,58,2,2,0.322,0.326,3
19,ycup,183,56,3,2,0.322,0.291,3
19,ycup,183,55,4,2,0.322,0.346,3
19,ycup,183,60,5,2,0.336,0.366,3
19,ycup,183,57,6,2,0.342,0.306,3
19,ycup,183,90,7,2,0.549,0.306,3
19,ycup,183,89,8,2,0.514,0.271,3
19,ycup,183,86,9,2,0.528,0.346,3
19,ycup,183,88,10,2,0.534,0.285,3
19,ycup,183,85,11,2,0.494,0.285,3
19,ycup,183,87,12,2,0.48,0.306,3
19,ycup,183,74,13,2,0.443,0.2,3
19,ycup,183,73,14,2,0.423,0.211,3
19,ycup,183,78,15,2,0.409,0.136,3
19,ycup,183,77,16,2,0.389,0.15,3
19,ycup,183,76,17,2,0.409,0.19,3
19,ycup,183,75,18,2,0.409,0.17,3
19,ycup,183,41,19,2,0.227,0.119,3
19,ycup,183,37,20,2,0.247,0.085,3
19,ycup,183,40,21,2,0.281,0.085,3
19,ycup,183,38,22,2,0.247,0.105,3
19,ycup,183,39,23,2,0.261,0.126,3
19,ycup,183,42,24,2,0.227,0.04,3
19,ycup,183,9,25,2,0.03,0.079,3
19,ycup,183,10,26,2,0.051,0.065,3
19,ycup,183,11,27,2,0.085,0.045,3
19,ycup,183,8,28,2,0.051,0.01,3
19,ycup,183,7,29,2,0.03,0,3
19,ycup,183,12,30,2,0.065,0.085,3
19,ycup,183,29,31,2,0.101,0.267,3
19,ycup,183,27,32,2,0.136,0.287,3
19,ycup,183,30,33,2,0.17,0.233,3
19,ycup,183,25,34,2,0.15,0.308,3
19,ycup,183,26,35,2,0.115,0.247,3
19,ycup,183,28,36,2,0.136,0.267,3
19,ycup,183,5,37,2,0,0.409,3
19,ycup,183,3,38,2,0.055,0.429,3
19,ycup,183,1,39,2,0.02,0.395,3
19,ycup,183,4,40,2,0,0.464,3
19,ycup,183,2,41,2,0.055,0.395,3
19,ycup,183,6,42,2,0.04,0.409,3
19,ycup,183,36,43,2,0.206,0.472,3
19,ycup,183,32,44,2,0.172,0.466,3
19,ycup,183,33,45,2,0.192,0.451,3
19,ycup,183,31,46,2,0.227,0.397,3
19,ycup,183,35,47,2,0.227,0.431,3
19,ycup,183,34,48,2,0.158,0.431,3
19,ycup,183,20,49,2,0.105,0.593,3
19,ycup,183,19,50,2,0.085,0.583,3
19,ycup,183,22,51,2,0.119,0.668,3
19,ycup,183,23,52,2,0.085,0.607,3
19,ycup,183,21,53,2,0.105,0.628,3
19,ycup,183,24,54,2,0.14,0.658,3
19,ycup,183,49,55,2,0.32,0.569,3
19,ycup,183,54,56,2,0.3,0.504,3
19,ycup,183,52,57,2,0.34,0.528,3
19,ycup,183,51,58,2,0.32,0.549,3
19,ycup,183,53,59,2,0.354,0.514,3
19,ycup,183,50,60,2,0.354,0.579,3
19,ycup,183,44,61,2,0.281,0.739,3
19,ycup,183,43,62,2,0.247,0.739,3
19,ycup,183,46,63,2,0.213,0.773,3
19,ycup,183,47,64,2,0.267,0.753,3
19,ycup,183,48,65,2,0.281,0.804,3
19,ycup,183,45,66,2,0.261,0.814,3
19,ycup,183,16,67,2,0.085,0.844,3
19,ycup,183,15,68,2,0.016,0.814,3
19,ycup,183,18,69,2,0.071,0.794,3
19,ycup,183,17,70,2,0.085,0.779,3
19,ycup,183,14,71,2,0.03,0.794,3
19,ycup,183,13,72,2,0.03,0.769,3
19,ycup,183,61,73,2,0.387,0.676,3
19,ycup,183,66,74,2,0.421,0.737,3
19,ycup,184,59,1,2,0.271,0.055,4
19,ycup,184,58,2,2,0.237,0.055,4
19,ycup,184,56,3,2,0.237,0.02,4
19,ycup,184,55,4,2,0.237,0.075,4
19,ycup,184,60,5,2,0.251,0.095,4
19,ycup,184,57,6,2,0.257,0.034,4
19,ycup,184,90,7,2,0.464,0.034,4
19,ycup,184,89,8,2,0.429,0,4
19,ycup,184,86,9,2,0.443,0.075,4
19,ycup,184,88,10,2,0.449,0.014,4
19,ycup,184,85,11,2,0.409,0.014,4
19,ycup,184,87,12,2,0.395,0.034,4
19,ycup,184,110,13,2,0.563,0.126,4
19,ycup,184,114,14,2,0.508,0.14,4
19,ycup,184,113,15,2,0.563,0.16,4
19,ycup,184,112,16,2,0.508,0.194,4
19,ycup,184,111,17,2,0.528,0.18,4
19,ycup,184,109,18,2,0.528,0.16,4
19,ycup,184,93,19,2,0.47,0.261,4
19,ycup,184,91,20,2,0.455,0.275,4
19,ycup,184,92,21,2,0.435,0.261,4
19,ycup,184,95,22,2,0.47,0.326,4
19,ycup,184,94,23,2,0.435,0.296,4
19,ycup,184,96,24,2,0.449,0.336,4
19,ycup,184,53,25,2,0.235,0.298,4
19,ycup,184,51,26,2,0.215,0.233,4
19,ycup,184,54,27,2,0.255,0.257,4
19,ycup,184,49,28,2,0.235,0.277,4
19,ycup,184,52,29,2,0.269,0.243,4
19,ycup,184,50,30,2,0.269,0.308,4
19,ycup,184,61,31,2,0.302,0.405,4
19,ycup,184,64,32,2,0.336,0.466,4
19,ycup,184,65,33,2,0.322,0.445,4
19,ycup,184,62,34,2,0.356,0.425,4
19,ycup,184,63,35,2,0.356,0.455,4
19,ycup,184,66,36,2,0.302,0.46,4
19,ycup,184,105,37,2,0.486,0.512,4
19,ycup,184,106,38,2,0.506,0.492,4
19,ycup,184,104,39,2,0.486,0.478,4
19,ycup,184,103,40,2,0.52,0.478,4
19,ycup,184,108,41,2,0.5,0.553,4
19,ycup,184,107,42,2,0.486,0.532,4
19,ycup,184,133,43,2,0.656,0.528,4
19,ycup,184,136,44,2,0.656,0.583,4
19,ycup,184,138,45,2,0.69,0.589,4
19,ycup,184,137,46,2,0.676,0.514,4
19,ycup,184,135,47,2,0.711,0.549,4
19,ycup,184,134,48,2,0.676,0.549,4
19,ycup,184,119,49,2,0.593,0.356,4
19,ycup,184,116,50,2,0.628,0.377,4
19,ycup,184,115,51,2,0.628,0.356,4
19,ycup,184,117,52,2,0.648,0.336,4
19,ycup,184,118,53,2,0.662,0.387,4
19,ycup,184,120,54,2,0.628,0.322,4
19,ycup,184,84,55,2,0.324,0.579,4
19,ycup,184,79,56,2,0.304,0.648,4
19,ycup,184,81,57,2,0.304,0.593,4
19,ycup,184,83,58,2,0.289,0.613,4
19,ycup,184,80,59,2,0.324,0.613,4
19,ycup,184,82,60,2,0.358,0.579,4
19,ycup,184,47,61,2,0.196,0.468,4
19,ycup,184,48,62,2,0.162,0.468,4
19,ycup,184,46,63,2,0.128,0.502,4
19,ycup,184,43,64,2,0.182,0.482,4
19,ycup,184,44,65,2,0.196,0.532,4
19,ycup,184,45,66,2,0.176,0.543,4
19,ycup,184,24,67,2,0.02,0.322,4
19,ycup,184,21,68,2,0,0.312,4
19,ycup,184,23,69,2,0.034,0.397,4
19,ycup,184,22,70,2,0,0.336,4
19,ycup,184,19,71,2,0.02,0.356,4
19,ycup,184,20,72,2,0.055,0.387,4
19,ycup,184,16,73,2,0,0.573,4
19,ycup,185,87,1,2,0.518,0.377,5
19,ycup,185,85,2,2,0.484,0.342,5
19,ycup,185,88,3,2,0.498,0.417,5
19,ycup,185,86,4,2,0.504,0.356,5
19,ycup,185,89,5,2,0.464,0.356,5
19,ycup,185,90,6,2,0.449,0.377,5
19,ycup,185,55,7,2,0.326,0.397,5
19,ycup,185,59,8,2,0.291,0.397,5
19,ycup,185,58,9,2,0.291,0.362,5
19,ycup,185,56,10,2,0.291,0.417,5
19,ycup,185,60,11,2,0.306,0.437,5
19,ycup,185,57,12,2,0.312,0.377,5
19,ycup,185,74,13,2,0.413,0.271,5
19,ycup,185,73,14,2,0.393,0.281,5
19,ycup,185,78,15,2,0.379,0.206,5
19,ycup,185,77,16,2,0.358,0.221,5
19,ycup,185,76,17,2,0.344,0.241,5
19,ycup,185,75,18,2,0.379,0.261,5
19,ycup,185,41,19,2,0.196,0.19,5
19,ycup,185,37,20,2,0.217,0.156,5
19,ycup,185,40,21,2,0.251,0.156,5
19,ycup,185,39,22,2,0.217,0.176,5
19,ycup,185,38,23,2,0.231,0.196,5
19,ycup,185,42,24,2,0.196,0.111,5
19,ycup,185,27,25,2,0.071,0.338,5
19,ycup,185,30,26,2,0.105,0.358,5
19,ycup,185,26,27,2,0.14,0.304,5
19,ycup,185,28,28,2,0.119,0.379,5
19,ycup,185,25,29,2,0.085,0.318,5
19,ycup,185,29,30,2,0.105,0.338,5
19,ycup,185,12,31,2,0,0.15,5
19,ycup,185,7,32,2,0.02,0.136,5
19,ycup,185,8,33,2,0.055,0.115,5
19,ycup,185,9,34,2,0.02,0.081,5
19,ycup,185,10,35,2,0,0.071,5
19,ycup,185,11,36,2,0.034,0.156,5
19,ycup,185,68,37,2,0.399,0.014,5
19,ycup,185,71,38,2,0.344,0.034,5
19,ycup,185,67,39,2,0.413,0.034,5
19,ycup,185,70,40,2,0.413,0,5
19,ycup,185,69,41,2,0.379,0,5
19,ycup,185,72,42,2,0.413,0.065,5
19,ycup,185,101,43,2,0.555,0.186,5
19,ycup,185,99,44,2,0.54,0.146,5
19,ycup,185,102,45,2,0.52,0.126,5
19,ycup,185,98,46,2,0.52,0.18,5
19,ycup,185,100,47,2,0.506,0.146,5
19,ycup,185,97,48,2,0.54,0.111,5
19,ycup,185,122,49,2,0.682,0.267,5
19,ycup,185,121,50,2,0.662,0.281,5
19,ycup,185,123,51,2,0.717,0.302,5
19,ycup,185,126,52,2,0.662,0.336,5
19,ycup,185,125,53,2,0.696,0.342,5
19,ycup,185,124,54,2,0.717,0.332,5
19,ycup,185,127,55,2,0.745,0.15,5
19,ycup,185,132,56,2,0.765,0.109,5
19,ycup,185,128,57,2,0.765,0.075,5
19,ycup,185,129,58,2,0.711,0.065,5
19,ycup,185,131,59,2,0.751,0.089,5
19,ycup,185,130,60,2,0.731,0.13,5
19,ycup,185,109,61,2,0.617,0.468,5
19,ycup,185,111,62,2,0.563,0.482,5
19,ycup,185,114,63,2,0.617,0.502,5
19,ycup,185,110,64,2,0.563,0.536,5
19,ycup,185,113,65,2,0.583,0.522,5
19,ycup,185,112,66,2,0.583,0.502,5
19,ycup,185,139,67,2,0.767,0.52,5
19,ycup,185,140,68,2,0.781,0.54,5
19,ycup,185,144,69,2,0.802,0.5,5
19,ycup,185,141,70,2,0.802,0.466,5
19,ycup,185,143,71,2,0.787,0.48,5
19,ycup,185,142,72,2,0.802,0.53,5
19,ycup,185,120,73,2,0.648,0.698,5
19,ycup,185,118,74,2,0.682,0.719,5
19,ycup,185,117,75,2,0.682,0.698,5
19,ycup,185,116,76,2,0.702,0.678,5
19,ycup,185,119,77,2,0.717,0.729,5
19,ycup,185,115,78,2,0.682,0.664,5
19,ycup,185,107,79,2,0.54,0.854,5
19,ycup,185,106,80,2,0.561,0.834,5
19,ycup,185,105,81,2,0.54,0.82,5
19,ycup,185,103,82,2,0.575,0.82,5
19,ycup,185,108,83,2,0.555,0.895,5
19,ycup,186,59,1,2,0.356,0.397,6
19,ycup,186,58,2,2,0.322,0.397,6
19,ycup,186,56,3,2,0.322,0.362,6
19,ycup,186,55,4,2,0.322,0.417,6
19,ycup,186,60,5,2,0.336,0.437,6
19,ycup,186,57,6,2,0.342,0.377,6
19,ycup,186,74,7,2,0.443,0.271,6
19,ycup,186,73,8,2,0.423,0.281,6
19,ycup,186,78,9,2,0.409,0.206,6
19,ycup,186,77,10,2,0.389,0.221,6
19,ycup,186,76,11,2,0.374,0.241,6
19,ycup,186,75,12,2,0.409,0.261,6
19,ycup,186,89,13,2,0.549,0.377,6
19,ycup,186,90,14,2,0.514,0.342,6
19,ycup,186,86,15,2,0.528,0.417,6
19,ycup,186,88,16,2,0.534,0.356,6
19,ycup,186,85,17,2,0.494,0.356,6
19,ycup,186,87,18,2,0.48,0.377,6
19,ycup,186,100,19,2,0.585,0.186,6
19,ycup,186,101,20,2,0.571,0.146,6
19,ycup,186,99,21,2,0.551,0.126,6
19,ycup,186,102,22,2,0.551,0.18,6
19,ycup,186,98,23,2,0.536,0.146,6
19,ycup,186,97,24,2,0.571,0.111,6
19,ycup,186,72,25,2,0.429,0.014,6
19,ycup,186,69,26,2,0.374,0.034,6
19,ycup,186,67,27,2,0.443,0.034,6
19,ycup,186,70,28,2,0.443,0,6
19,ycup,186,71,29,2,0.409,0,6
19,ycup,186,68,30,2,0.443,0.065,6
19,ycup,186,39,31,2,0.227,0.19,6
19,ycup,186,41,32,2,0.247,0.156,6
19,ycup,186,40,33,2,0.281,0.156,6
19,ycup,186,38,34,2,0.247,0.176,6
19,ycup,186,37,35,2,0.261,0.196,6
19,ycup,186,42,36,2,0.227,0.111,6
19,ycup,186,9,37,2,0.03,0.15,6
19,ycup,186,10,38,2,0.051,0.136,6
19,ycup,186,11,39,2,0.085,0.115,6
19,ycup,186,8,40,2,0.051,0.081,6
19,ycup,186,7,41,2,0.03,0.071,6
19,ycup,186,12,42,2,0.065,0.156,6
19,ycup,186,27,43,2,0.101,0.338,6
19,ycup,186,29,44,2,0.136,0.358,6
19,ycup,186,25,45,2,0.17,0.304,6
19,ycup,186,30,46,2,0.15,0.379,6
19,ycup,186,26,47,2,0.115,0.318,6
19,ycup,186,28,48,2,0.136,0.338,6
19,ycup,186,34,49,2,0.206,0.543,6
19,ycup,186,35,50,2,0.172,0.536,6
19,ycup,186,33,51,2,0.192,0.522,6
19,ycup,186,31,52,2,0.227,0.468,6
19,ycup,186,32,53,2,0.227,0.502,6
19,ycup,186,36,54,2,0.158,0.502,6
19,ycup,186,2,55,2,0,0.48,6
19,ycup,186,5,56,2,0.055,0.5,6
19,ycup,186,6,57,2,0.02,0.466,6
19,ycup,186,3,58,2,0,0.534,6
19,ycup,186,1,59,2,0.055,0.466,6
19,ycup,186,4,60,2,0.04,0.48,6
19,ycup,186,21,61,2,0.105,0.664,6
19,ycup,186,19,62,2,0.085,0.654,6
19,ycup,186,22,63,2,0.119,0.739,6
19,ycup,186,23,64,2,0.085,0.678,6
19,ycup,186,24,65,2,0.105,0.698,6
19,ycup,186,44,66,2,0.281,0.81,6
19,ycup,186,43,67,2,0.247,0.81,6
19,ycup,186,46,68,2,0.213,0.844,6
19,ycup,186,47,69,2,0.267,0.824,6
19,ycup,186,48,70,2,0.281,0.874,6
19,ycup,186,45,71,2,0.261,0.885,6
19,ycup,186,16,72,2,0.085,0.915,6
19,ycup,186,15,73,2,0.016,0.885,6
19,ycup,186,18,74,2,0.071,0.864,6
19,ycup,186,17,75,2,0.085,0.85,6
19,ycup,186,14,76,2,0.03,0.864,6
19,ycup,186,13,77,2,0.03,0.84,6
19,ycup,186,83,78,2,0.409,0.921,6
19,ycup,186,80,79,2,0.389,0.99,6
19,ycup,187,87,1,2,0.518,0.377,7
19,ycup,187,85,2,2,0.484,0.342,7
19,ycup,187,88,3,2,0.498,0.417,7
19,ycup,187,86,4,2,0.504,0.356,7
19,ycup,187,89,5,2,0.464,0.356,7
19,ycup,187,90,6,2,0.449,0.377,7
19,ycup,187,110,7,2,0.617,0.468,7
19,ycup,187,114,8,2,0.563,0.482,7
19,ycup,187,113,9,2,0.617,0.502,7
19,ycup,187,112,10,2,0.563,0.536,7
19,ycup,187,111,11,2,0.583,0.522,7
19,ycup,187,109,12,2,0.583,0.502,7
19,ycup,187,91,13,2,0.524,0.603,7
19,ycup,187,93,14,2,0.51,0.617,7
19,ycup,187,92,15,2,0.49,0.603,7
19,ycup,187,95,16,2,0.524,0.668,7
19,ycup,187,96,17,2,0.49,0.638,7
19,ycup,187,94,18,2,0.504,0.678,7
19,ycup,187,115,19,2,0.648,0.698,7
19,ycup,187,116,20,2,0.682,0.719,7
19,ycup,187,117,21,2,0.682,0.698,7
19,ycup,187,120,22,2,0.702,0.678,7
19,ycup,187,118,23,2,0.717,0.729,7
19,ycup,187,119,24,2,0.682,0.664,7
19,ycup,187,140,25,2,0.767,0.52,7
19,ycup,187,144,26,2,0.781,0.54,7
19,ycup,187,141,27,2,0.802,0.5,7
19,ycup,187,143,28,2,0.802,0.466,7
19,ycup,187,142,29,2,0.787,0.48,7
19,ycup,187,125,30,2,0.682,0.267,7
19,ycup,187,126,31,2,0.662,0.281,7
19,ycup,187,123,32,2,0.717,0.302,7
19,ycup,187,124,33,2,0.662,0.336,7
19,ycup,187,122,34,2,0.696,0.342,7
19,ycup,187,121,35,2,0.717,0.332,7
19,ycup,187,97,36,2,0.555,0.186,7
19,ycup,187,100,37,2,0.54,0.146,7
19,ycup,187,101,38,2,0.52,0.126,7
19,ycup,187,99,39,2,0.52,0.18,7
19,ycup,187,98,40,2,0.506,0.146,7
19,ycup,187,102,41,2,0.54,0.111,7
19,ycup,187,127,42,2,0.745,0.15,7
19,ycup,187,132,43,2,0.765,0.109,7
19,ycup,187,128,44,2,0.765,0.075,7
19,ycup,187,131,45,2,0.711,0.065,7
19,ycup,187,129,46,2,0.751,0.089,7
19,ycup,187,130,47,2,0.731,0.13,7
19,ycup,187,73,48,2,0.413,0.271,7
19,ycup,187,74,49,2,0.393,0.281,7
19,ycup,187,78,50,2,0.379,0.206,7
19,ycup,187,75,51,2,0.358,0.221,7
19,ycup,187,76,52,2,0.344,0.241,7
19,ycup,187,77,53,2,0.379,0.261,7
19,ycup,187,72,54,2,0.399,0.014,7
19,ycup,187,69,55,2,0.344,0.034,7
19,ycup,187,70,56,2,0.413,0.034,7
19,ycup,187,67,57,2,0.413,0,7
19,ycup,187,71,58,2,0.379,0,7
19,ycup,187,68,59,2,0.413,0.065,7
19,ycup,187,39,60,2,0.196,0.19,7
19,ycup,187,38,61,2,0.217,0.156,7
19,ycup,187,40,62,2,0.251,0.156,7
19,ycup,187,41,63,2,0.217,0.176,7
19,ycup,187,37,64,2,0.231,0.196,7
19,ycup,187,42,65,2,0.196,0.111,7
19,ycup,187,9,66,2,0,0.15,7
19,ycup,187,10,67,2,0.02,0.136,7
19,ycup,187,11,68,2,0.055,0.115,7
19,ycup,187,8,69,2,0.02,0.081,7
19,ycup,187,7,70,2,0,0.071,7
19,ycup,187,12,71,2,0.034,0.156,7
19,ycup,188,53,1,2,0.304,0.298,8
19,ycup,188,51,2,2,0.283,0.233,8
19,ycup,188,52,3,2,0.324,0.257,8
19,ycup,188,49,4,2,0.304,0.277,8
19,ycup,188,54,5,2,0.338,0.243,8
19,ycup,188,50,6,2,0.338,0.308,8
19,ycup,188,31,7,2,0.19,0.2,8
19,ycup,188,32,8,2,0.156,0.194,8
19,ycup,188,33,9,2,0.176,0.18,8
19,ycup,188,36,10,2,0.211,0.126,8
19,ycup,188,35,11,2,0.211,0.16,8
19,ycup,188,34,12,2,0.142,0.16,8
19,ycup,188,59,13,2,0.34,0.055,8
19,ycup,188,58,14,2,0.306,0.055,8
19,ycup,188,56,15,2,0.306,0.02,8
19,ycup,188,57,16,2,0.306,0.075,8
19,ycup,188,60,17,2,0.32,0.095,8
19,ycup,188,55,18,2,0.326,0.034,8
19,ycup,188,90,19,2,0.532,0.034,8
19,ycup,188,89,20,2,0.498,0,8
19,ycup,188,86,21,2,0.512,0.075,8
19,ycup,188,88,22,2,0.518,0.014,8
19,ycup,188,85,23,2,0.478,0.014,8
19,ycup,188,87,24,2,0.464,0.034,8
19,ycup,188,110,25,2,0.632,0.126,8
19,ycup,188,114,26,2,0.577,0.14,8
19,ycup,188,113,27,2,0.632,0.16,8
19,ycup,188,112,28,2,0.577,0.194,8
19,ycup,188,111,29,2,0.597,0.18,8
19,ycup,188,109,30,2,0.597,0.16,8
19,ycup,188,93,31,2,0.538,0.261,8
19,ycup,188,91,32,2,0.524,0.275,8
19,ycup,188,92,33,2,0.504,0.261,8
19,ycup,188,95,34,2,0.538,0.326,8
19,ycup,188,96,35,2,0.504,0.296,8
19,ycup,188,94,36,2,0.518,0.336,8
19,ycup,188,115,37,2,0.662,0.356,8
19,ycup,188,117,38,2,0.696,0.377,8
19,ycup,188,118,39,2,0.696,0.356,8
19,ycup,188,120,40,2,0.717,0.336,8
19,ycup,188,116,41,2,0.731,0.387,8
19,ycup,188,119,42,2,0.696,0.322,8
19,ycup,188,140,43,2,0.781,0.178,8
19,ycup,188,139,44,2,0.796,0.198,8
19,ycup,188,144,45,2,0.816,0.158,8
19,ycup,188,141,46,2,0.816,0.123,8
19,ycup,188,143,47,2,0.802,0.138,8
19,ycup,188,142,48,2,0.816,0.188,8
19,ycup,188,106,49,2,0.555,0.512,8
19,ycup,188,105,50,2,0.575,0.492,8
19,ycup,188,104,51,2,0.555,0.478,8
19,ycup,188,103,52,2,0.589,0.478,8
19,ycup,188,108,53,2,0.569,0.553,8
19,ycup,188,107,54,2,0.555,0.532,8
19,ycup,188,133,55,2,0.725,0.528,8
19,ycup,188,136,56,2,0.725,0.583,8
19,ycup,188,138,57,2,0.759,0.589,8
19,ycup,188,137,58,2,0.745,0.514,8
19,ycup,188,135,59,2,0.779,0.549,8
19,ycup,188,134,60,2,0.745,0.549,8
19,ycup,188,64,61,2,0.37,0.405,8
19,ycup,188,65,62,2,0.405,0.466,8
19,ycup,188,62,63,2,0.391,0.445,8
19,ycup,188,63,64,2,0.425,0.425,8
19,ycup,188,66,65,2,0.425,0.455,8
19,ycup,188,61,66,2,0.37,0.46,8
19,ycup,188,79,67,2,0.393,0.579,8
19,ycup,188,84,68,2,0.372,0.648,8
19,ycup,188,83,69,2,0.372,0.593,8
19,ycup,188,81,70,2,0.358,0.613,8
19,ycup,188,82,71,2,0.393,0.613,8
19,ycup,188,80,72,2,0.427,0.579,8
19,ycup,188,47,73,2,0.265,0.468,8
19,ycup,188,48,74,2,0.231,0.468,8
19,ycup,188,46,75,2,0.196,0.502,8
19,ycup,188,43,76,2,0.251,0.482,8
19,ycup,188,44,77,2,0.265,0.532,8
19,ycup,188,45,78,2,0.245,0.543,8
19,ycup,188,24,79,2,0.089,0.322,8
19,ycup,188,21,80,2,0.069,0.312,8
19,ycup,188,23,81,2,0.103,0.397,8
19,ycup,188,22,82,2,0.069,0.336,8
19,ycup,188,19,83,2,0.089,0.356,8
19,ycup,188,20,84,2,0.123,0.387,8
19,ycup,188,18,85,2,0.069,0.573,8
19,ycup,188,16,86,2,0,0.543,8
19,ycup,188,13,87,2,0.055,0.522,8
19,ycup,189,112,1,2,0.648,0.468,9
19,ycup,189,113,2,2,0.593,0.482,9
19,ycup,189,114,3,2,0.648,0.502,9
19,ycup,189,111,4,2,0.593,0.536,9
19,ycup,189,109,5,2,0.613,0.522,9
19,ycup,189,110,6,2,0.613,0.502,9
19,ycup,189,87,7,2,0.549,0.377,9
19,ycup,189,85,8,2,0.514,0.342,9
19,ycup,189,88,9,2,0.528,0.417,9
19,ycup,189,86,10,2,0.534,0.356,9
19,ycup,189,89,11,2,0.494,0.356,9
19,ycup,189,90,12,2,0.48,0.377,9
19,ycup,189,55,13,2,0.356,0.397,9
19,ycup,189,60,14,2,0.322,0.397,9
19,ycup,189,57,15,2,0.322,0.362,9
19,ycup,189,56,16,2,0.322,0.417,9
19,ycup,189,58,17,2,0.336,0.437,9
19,ycup,189,59,18,2,0.342,0.377,9
19,ycup,189,50,19,2,0.32,0.64,9
19,ycup,189,53,20,2,0.3,0.575,9
19,ycup,189,51,21,2,0.34,0.599,9
19,ycup,189,52,22,2,0.32,0.619,9
19,ycup,189,49,23,2,0.354,0.585,9
19,ycup,189,54,24,2,0.354,0.65,9
19,ycup,189,35,25,2,0.206,0.543,9
19,ycup,189,34,26,2,0.172,0.536,9
19,ycup,189,33,27,2,0.192,0.522,9
19,ycup,189,31,28,2,0.227,0.468,9
19,ycup,189,32,29,2,0.227,0.502,9
19,ycup,189,36,30,2,0.158,0.502,9
19,ycup,189,24,31,2,0.105,0.664,9
19,ycup,189,21,32,2,0.085,0.654,9
19,ycup,189,23,33,2,0.119,0.739,9
19,ycup,189,19,34,2,0.085,0.678,9
19,ycup,189,22,35,2,0.105,0.698,9
19,ycup,189,20,36,2,0.14,0.729,9
19,ycup,189,4,37,2,0,0.48,9
19,ycup,189,2,38,2,0.055,0.5,9
19,ycup,189,5,39,2,0.02,0.466,9
19,ycup,189,6,40,2,0,0.534,9
19,ycup,189,3,41,2,0.055,0.466,9
19,ycup,189,1,42,2,0.04,0.48,9
19,ycup,189,28,43,2,0.101,0.338,9
19,ycup,189,26,44,2,0.136,0.358,9
19,ycup,189,25,45,2,0.17,0.304,9
19,ycup,189,29,46,2,0.15,0.379,9
19,ycup,189,30,47,2,0.115,0.318,9
19,ycup,189,27,48,2,0.136,0.338,9
19,ycup,189,12,49,2,0.03,0.15,9
19,ycup,189,7,50,2,0.051,0.136,9
19,ycup,189,8,51,2,0.085,0.115,9
19,ycup,189,9,52,2,0.051,0.081,9
19,ycup,189,10,53,2,0.03,0.071,9
19,ycup,189,11,54,2,0.065,0.156,9
19,ycup,189,42,55,2,0.227,0.19,9
19,ycup,189,38,56,2,0.247,0.156,9
19,ycup,189,40,57,2,0.281,0.156,9
19,ycup,189,37,58,2,0.247,0.176,9
19,ycup,189,41,59,2,0.261,0.196,9
19,ycup,189,39,60,2,0.227,0.111,9
19,ycup,189,68,61,2,0.429,0.014,9
19,ycup,189,71,62,2,0.374,0.034,9
19,ycup,189,67,63,2,0.443,0.034,9
19,ycup,189,70,64,2,0.443,0,9
19,ycup,189,69,65,2,0.409,0,9
19,ycup,189,72,66,2,0.443,0.065,9
19,ycup,189,101,67,2,0.585,0.186,9
19,ycup,189,99,68,2,0.571,0.146,9
19,ycup,189,102,69,2,0.551,0.126,9
19,ycup,189,98,70,2,0.551,0.18,9
19,ycup,189,100,71,2,0.536,0.146,9
19,ycup,189,97,72,2,0.571,0.111,9
19,ycup,189,124,73,2,0.713,0.267,9
19,ycup,189,125,74,2,0.692,0.281,9
19,ycup,189,126,75,2,0.747,0.302,9
19,ycup,189,123,76,2,0.692,0.336,9
19,ycup,189,121,77,2,0.727,0.342,9
19,ycup,189,122,78,2,0.747,0.332,9
19,ycup,189,127,79,2,0.775,0.15,9
19,ycup,189,132,80,2,0.796,0.109,9
19,ycup,189,128,81,2,0.796,0.075,9
19,ycup,189,131,82,2,0.741,0.065,9
19,ycup,189,129,83,2,0.781,0.089,9
19,ycup,189,130,84,2,0.761,0.13,9
19,ycup,189,142,85,2,0.798,0.52,9
19,ycup,189,143,86,2,0.812,0.54,9
19,ycup,189,141,87,2,0.832,0.5,9
19,ycup,189,139,88,2,0.832,0.466,9
19,ycup,189,140,89,2,0.818,0.48,9
19,ycup,189,144,90,2,0.832,0.53,9
19,ycup,189,120,91,2,0.678,0.698,9
19,ycup,189,118,92,2,0.713,0.719,9
19,ycup,189,117,93,2,0.713,0.698,9
19,ycup,189,119,94,2,0.733,0.678,9
19,ycup,190,59,1,2,0.326,0.397,10
19,ycup,190,58,2,2,0.291,0.397,10
19,ycup,190,56,3,2,0.291,0.362,10
19,ycup,190,55,4,2,0.291,0.417,10
19,ycup,190,60,5,2,0.306,0.437,10
19,ycup,190,57,6,2,0.312,0.377,10
19,ycup,190,34,7,2,0.176,0.543,10
19,ycup,190,35,8,2,0.142,0.536,10
19,ycup,190,33,9,2,0.162,0.522,10
19,ycup,190,31,10,2,0.196,0.468,10
19,ycup,190,32,11,2,0.196,0.502,10
19,ycup,190,36,12,2,0.128,0.502,10
19,ycup,190,50,13,2,0.289,0.64,10
19,ycup,190,51,14,2,0.269,0.575,10
19,ycup,190,53,15,2,0.31,0.599,10
19,ycup,190,52,16,2,0.289,0.619,10
19,ycup,190,49,17,2,0.324,0.585,10
19,ycup,190,54,18,2,0.324,0.65,10
19,ycup,190,93,19,2,0.524,0.603,10
19,ycup,190,91,20,2,0.51,0.617,10
19,ycup,190,92,21,2,0.49,0.603,10
19,ycup,190,95,22,2,0.524,0.668,10
19,ycup,190,94,23,2,0.49,0.638,10
19,ycup,190,96,24,2,0.504,0.678,10
19,ycup,190,112,25,2,0.617,0.468,10
19,ycup,190,114,26,2,0.563,0.482,10
19,ycup,190,113,27,2,0.617,0.502,10
19,ycup,190,110,28,2,0.563,0.536,10
19,ycup,190,111,29,2,0.583,0.522,10
19,ycup,190,109,30,2,0.583,0.502,10
19,ycup,190,87,31,2,0.518,0.377,10
19,ycup,190,85,32,2,0.484,0.342,10
19,ycup,190,88,33,2,0.498,0.417,10
19,ycup,190,90,34,2,0.504,0.356,10
19,ycup,190,89,35,2,0.464,0.356,10
19,ycup,190,86,36,2,0.449,0.377,10
19,ycup,190,73,37,2,0.413,0.271,10
19,ycup,190,74,38,2,0.393,0.281,10
19,ycup,190,78,39,2,0.379,0.206,10
19,ycup,190,77,40,2,0.358,0.221,10
19,ycup,190,76,41,2,0.344,0.241,10
19,ycup,190,75,42,2,0.379,0.261,10
19,ycup,190,41,43,2,0.196,0.19,10
19,ycup,190,37,44,2,0.217,0.156,10
19,ycup,190,40,45,2,0.251,0.156,10
19,ycup,190,38,46,2,0.217,0.176,10
19,ycup,190,39,47,2,0.231,0.196,10
19,ycup,190,42,48,2,0.196,0.111,10
19,ycup,190,27,49,2,0.071,0.338,10
19,ycup,190,28,50,2,0.105,0.358,10
19,ycup,190,26,51,2,0.14,0.304,10
19,ycup,190,30,52,2,0.119,0.379,10
19,ycup,190,29,53,2,0.085,0.318,10
19,ycup,190,25,54,2,0.105,0.338,10
19,ycup,190,12,55,2,0,0.15,10
19,ycup,190,7,56,2,0.02,0.136,10
19,ycup,190,8,57,2,0.055,0.115,10
19,ycup,190,9,58,2,0.02,0.081,10
19,ycup,190,10,59,2,0,0.071,10
19,ycup,190,11,60,2,0.034,0.156,10
19,ycup,190,68,61,2,0.399,0.014,10
19,ycup,190,71,62,2,0.344,0.034,10
19,ycup,190,67,63,2,0.413,0.034,10
19,ycup,190,70,64,2,0.413,0,10
19,ycup,190,69,65,2,0.379,0,10
19,ycup,190,72,66,2,0.413,0.065,10
19,ycup,190,101,67,2,0.555,0.186,10
19,ycup,190,100,68,2,0.54,0.146,10
19,ycup,190,97,69,2,0.52,0.126,10
19,ycup,190,98,70,2,0.52,0.18,10
19,ycup,190,99,71,2,0.506,0.146,10
19,ycup,190,102,72,2,0.54,0.111,10
19,ycup,190,122,73,2,0.682,0.267,10
19,ycup,190,121,74,2,0.662,0.281,10
19,ycup,190,123,75,2,0.717,0.302,10
19,ycup,190,126,76,2,0.662,0.336,10
19,ycup,190,125,77,2,0.696,0.342,10
19,ycup,190,124,78,2,0.717,0.332,10
19,ycup,190,127,79,2,0.745,0.15,10
19,ycup,190,132,80,2,0.765,0.109,10
19,ycup,190,128,81,2,0.765,0.075,10
19,ycup,190,131,82,2,0.711,0.065,10
19,ycup,190,129,83,2,0.751,0.089,10
19,ycup,190,130,84,2,0.731,0.13,10
19,ycup,190,142,85,2,0.767,0.52,10
19,ycup,190,143,86,2,0.781,0.54,10
19,ycup,190,141,87,2,0.802,0.5,10
19,ycup,190,144,88,2,0.802,0.466,10
19,ycup,190,140,89,2,0.787,0.48,10
19,ycup,190,139,90,2,0.802,0.53,10
19,ycup,190,120,91,2,0.648,0.698,10
19,ycup,190,118,92,2,0.682,0.719,10
19,ycup,190,119,93,2,0.682,0.698,10
19,ycup,190,116,94,2,0.702,0.678,10
20,ycup,191,53,1,2,0.049,0.263,1
20,ycup,191,51,2,2,0.069,0.253,1
20,ycup,191,54,3,2,0.034,0.188,1
20,ycup,191,52,4,2,0.034,0.223,1
20,ycup,191,50,5,2,0.069,0.188,1
20,ycup,191,49,6,2,0,0.223,1
20,ycup,191,63,7,2,0.136,0.411,1
20,ycup,191,65,8,2,0.121,0.391,1
20,ycup,191,61,9,2,0.156,0.336,1
20,ycup,191,64,10,2,0.087,0.37,1
20,ycup,191,62,11,2,0.156,0.37,1
20,ycup,191,66,12,2,0.121,0.37,1
20,ycup,191,103,13,2,0.265,0.413,1
20,ycup,191,106,14,2,0.285,0.423,1
20,ycup,191,104,15,2,0.285,0.457,1
20,ycup,191,107,16,2,0.32,0.423,1
20,ycup,191,108,17,2,0.265,0.437,1
20,ycup,191,105,18,2,0.251,0.457,1
20,ycup,191,134,19,2,0.455,0.474,1
20,ycup,191,138,20,2,0.455,0.449,1
20,ycup,191,136,21,2,0.496,0.474,1
20,ycup,191,137,22,2,0.476,0.494,1
20,ycup,191,119,23,2,0.462,0.332,1
20,ycup,191,115,24,2,0.407,0.336,1
20,ycup,191,117,25,2,0.427,0.302,1
20,ycup,191,120,26,2,0.407,0.257,1
20,ycup,191,118,27,2,0.441,0.342,1
20,ycup,191,112,28,2,0.348,0.085,1
20,ycup,191,113,29,2,0.308,0.061,1
20,ycup,191,109,30,2,0.342,0.146,1
20,ycup,191,114,31,2,0.328,0.126,1
20,ycup,191,111,32,2,0.328,0.071,1
20,ycup,191,87,33,2,0.229,0,1
20,ycup,192,35,1,2,0.192,0.427,2
20,ycup,192,33,2,2,0.172,0.387,2
20,ycup,192,31,3,2,0.213,0.387,2
20,ycup,192,36,4,2,0.172,0.362,2
20,ycup,192,32,5,2,0.227,0.372,2
20,ycup,192,34,6,2,0.192,0.407,2
20,ycup,192,24,7,2,0.071,0.603,2
20,ycup,192,19,8,2,0.14,0.603,2
20,ycup,192,21,9,2,0.105,0.603,2
20,ycup,192,17,10,2,0.03,0.824,2
20,ycup,192,18,11,2,0.051,0.81,2
20,ycup,192,13,12,2,0.085,0.82,2
20,ycup,192,15,13,2,0.051,0.755,2
20,ycup,192,5,14,2,0.02,0.425,2
20,ycup,192,6,15,2,0.02,0.37,2
20,ycup,192,1,16,2,0.055,0.37,2
20,ycup,192,4,17,2,0,0.385,2
20,ycup,192,3,18,2,0,0.439,2
20,ycup,192,25,19,2,0.15,0.283,2
20,ycup,192,30,20,2,0.156,0.223,2
20,ycup,192,37,21,2,0.281,0.091,2
20,ycup,192,42,22,2,0.267,0.04,2
20,ycup,192,41,23,2,0.227,0.095,2
20,ycup,192,40,24,2,0.247,0.061,2
20,ycup,192,12,25,2,0.085,0.02,2
20,ycup,192,7,26,2,0.03,0.055,2
20,ycup,192,10,27,2,0.051,0.02,2
20,ycup,192,9,28,2,0.016,0.02,2
20,ycup,192,11,29,2,0.071,0,2
20,ycup,193,93,1,2,0.014,0.518,3
20,ycup,193,95,2,2,0.014,0.597,3
20,ycup,193,91,3,2,0.034,0.563,3
20,ycup,193,96,4,2,0.055,0.543,3
20,ycup,193,94,5,2,0,0.563,3
20,ycup,193,112,6,2,0.148,0.407,3
20,ycup,193,114,7,2,0.107,0.383,3
20,ycup,193,110,8,2,0.142,0.468,3
20,ycup,193,89,9,2,0.028,0.322,3
20,ycup,193,90,10,2,0.008,0.257,3
20,ycup,193,121,11,2,0.206,0.261,3
20,ycup,193,123,12,2,0.261,0.227,3
20,ycup,193,101,13,2,0.065,0.051,3
20,ycup,193,102,14,2,0.099,0.111,3
20,ycup,193,100,15,2,0.051,0.071,3
20,ycup,193,97,16,2,0.085,0.036,3
20,ycup,193,99,17,2,0.119,0.101,3
20,ycup,193,129,18,2,0.31,0.034,3
20,ycup,193,127,19,2,0.241,0.034,3
20,ycup,193,132,20,2,0.275,0,3
20,ycup,193,131,21,2,0.296,0.014,3
20,ycup,193,144,22,2,0.312,0.425,3
20,ycup,193,143,23,2,0.291,0.405,3
20,ycup,193,140,24,2,0.346,0.425,3
20,ycup,193,142,25,2,0.346,0.391,3
20,ycup,193,118,26,2,0.261,0.654,3
20,ycup,193,119,27,2,0.206,0.658,3
20,ycup,193,115,28,2,0.227,0.623,3
20,ycup,193,120,29,2,0.206,0.579,3
20,ycup,193,117,30,2,0.241,0.664,3
20,ycup,193,135,31,2,0.255,0.796,3
20,ycup,193,133,32,2,0.255,0.771,3
20,ycup,193,138,33,2,0.296,0.796,3
20,ycup,194,60,1,2,0.306,0.059,4
20,ycup,194,59,2,2,0.306,0.093,4
20,ycup,194,57,3,2,0.306,0.113,4
20,ycup,194,58,4,2,0.34,0.093,4
20,ycup,194,55,5,2,0.34,0.123,4
20,ycup,194,30,6,2,0.134,0.075,4
20,ycup,194,28,7,2,0.14,0.014,4
20,ycup,194,29,8,2,0.119,0,4
20,ycup,194,27,9,2,0.154,0.065,4
20,ycup,194,31,10,2,0.176,0.219,4
20,ycup,194,35,11,2,0.156,0.178,4
20,ycup,194,4,12,2,0.004,0.217,4
20,ycup,194,2,13,2,0.004,0.162,4
20,ycup,194,6,14,2,0.038,0.162,4
20,ycup,194,24,15,2,0.055,0.395,4
20,ycup,194,21,16,2,0.089,0.395,4
20,ycup,194,23,17,2,0.069,0.374,4
20,ycup,194,45,18,2,0.211,0.575,4
20,ycup,194,46,19,2,0.211,0.52,4
20,ycup,194,43,20,2,0.196,0.54,4
20,ycup,194,47,21,2,0.231,0.561,4
20,ycup,194,48,22,2,0.245,0.581,4
20,ycup,194,16,23,2,0.014,0.615,4
20,ycup,194,18,24,2,0.034,0.601,4
20,ycup,194,14,25,2,0.069,0.611,4
20,ycup,194,13,26,2,0.034,0.547,4
20,ycup,194,17,27,2,0.049,0.621,4
20,ycup,194,15,28,2,0,0.581,4
20,ycup,194,25,29,2,0.119,0.034,4
20,ycup,194,26,30,2,0.119,0.034,4
20,ycup,195,91,1,2,0.484,0.603,5
20,ycup,195,93,2,2,0.484,0.682,5
20,ycup,195,109,3,2,0.617,0.492,5
20,ycup,195,111,4,2,0.577,0.468,5
20,ycup,195,89,5,2,0.498,0.407,5
20,ycup,195,85,6,2,0.478,0.342,5
20,ycup,195,87,7,2,0.478,0.421,5
20,ycup,195,90,8,2,0.498,0.352,5
20,ycup,195,88,9,2,0.532,0.417,5
20,ycup,195,86,10,2,0.518,0.366,5
20,ycup,195,77,11,2,0.413,0.231,5
20,ycup,195,75,12,2,0.393,0.217,5
20,ycup,195,73,13,2,0.427,0.251,5
20,ycup,195,76,14,2,0.427,0.217,5
20,ycup,195,74,15,2,0.393,0.271,5
20,ycup,195,78,16,2,0.372,0.231,5
20,ycup,195,37,17,2,0.265,0.196,5
20,ycup,195,42,18,2,0.251,0.146,5
20,ycup,195,38,19,2,0.211,0.2,5
20,ycup,195,40,20,2,0.231,0.166,5
20,ycup,195,39,21,2,0.211,0.121,5
20,ycup,195,41,22,2,0.265,0.166,5
20,ycup,195,12,23,2,0.069,0.126,5
20,ycup,195,7,24,2,0.014,0.16,5
20,ycup,195,11,25,2,0.034,0.126,5
20,ycup,195,9,26,2,0,0.126,5
20,ycup,195,8,27,2,0.055,0.105,5
20,ycup,195,10,28,2,0.069,0.156,5
20,ycup,195,70,29,2,0.427,0.045,5
20,ycup,195,68,30,2,0.372,0,5
20,ycup,195,71,31,2,0.393,0.045,5
20,ycup,195,72,32,2,0.372,0.024,5
20,ycup,195,67,33,2,0.393,0.01,5
20,ycup,195,69,34,2,0.413,0.024,5
20,ycup,195,99,35,2,0.534,0.136,5
20,ycup,195,97,36,2,0.569,0.196,5
20,ycup,195,100,37,2,0.52,0.156,5
20,ycup,195,102,38,2,0.555,0.121,5
20,ycup,195,101,39,2,0.589,0.186,5
20,ycup,195,98,40,2,0.589,0.121,5
20,ycup,195,128,41,2,0.779,0.119,5
20,ycup,195,131,42,2,0.711,0.119,5
20,ycup,195,127,43,2,0.745,0.085,5
20,ycup,195,130,44,2,0.765,0.099,5
20,ycup,195,132,45,2,0.745,0.14,5
20,ycup,195,129,46,2,0.779,0.085,5
20,ycup,196,53,1,2,0.318,0.328,6
20,ycup,196,51,2,2,0.338,0.318,6
20,ycup,196,52,3,2,0.304,0.253,6
20,ycup,196,54,4,2,0.304,0.287,6
20,ycup,196,49,5,2,0.338,0.253,6
20,ycup,196,50,6,2,0.269,0.287,6
20,ycup,196,95,7,2,0.484,0.261,6
20,ycup,196,92,8,2,0.484,0.34,6
20,ycup,196,96,9,2,0.504,0.306,6
20,ycup,196,93,10,2,0.524,0.285,6
20,ycup,196,94,11,2,0.47,0.306,6
20,ycup,196,91,12,2,0.504,0.326,6
20,ycup,196,87,13,2,0.498,0.065,6
20,ycup,196,85,14,2,0.478,0,6
20,ycup,196,89,15,2,0.478,0.079,6
20,ycup,196,90,16,2,0.498,0.01,6
20,ycup,196,88,17,2,0.532,0.075,6
20,ycup,196,86,18,2,0.518,0.024,6
20,ycup,196,59,19,2,0.306,0.03,6
20,ycup,196,60,20,2,0.306,0.065,6
20,ycup,196,57,21,2,0.306,0.085,6
20,ycup,196,56,22,2,0.34,0.065,6
20,ycup,196,58,23,2,0.34,0.095,6
20,ycup,196,55,24,2,0.32,0.105,6
20,ycup,196,110,25,2,0.617,0.15,6
20,ycup,196,113,26,2,0.577,0.126,6
20,ycup,196,109,27,2,0.611,0.211,6
20,ycup,196,114,28,2,0.597,0.19,6
20,ycup,196,112,29,2,0.597,0.136,6
20,ycup,196,111,30,2,0.632,0.136,6
20,ycup,196,118,31,2,0.731,0.397,6
20,ycup,196,117,32,2,0.676,0.401,6
20,ycup,196,120,33,2,0.696,0.366,6
20,ycup,196,115,34,2,0.676,0.322,6
20,ycup,196,119,35,2,0.711,0.407,6
20,ycup,196,116,36,2,0.731,0.366,6
20,ycup,196,134,37,2,0.725,0.538,6
20,ycup,196,133,38,2,0.725,0.514,6
20,ycup,196,138,39,2,0.765,0.538,6
20,ycup,196,136,40,2,0.745,0.559,6
20,ycup,196,137,41,2,0.745,0.524,6
20,ycup,196,135,42,2,0.711,0.559,6
20,ycup,196,106,43,2,0.534,0.478,6
20,ycup,196,104,44,2,0.555,0.488,6
20,ycup,196,103,45,2,0.555,0.522,6
20,ycup,196,107,46,2,0.589,0.488,6
20,ycup,196,105,47,2,0.534,0.502,6
20,ycup,196,108,48,2,0.52,0.522,6
20,ycup,196,84,49,2,0.427,0.623,6
20,ycup,196,79,50,2,0.427,0.654,6
20,ycup,196,80,51,2,0.393,0.623,6
20,ycup,196,82,52,2,0.407,0.664,6
20,ycup,196,81,53,2,0.358,0.623,6
20,ycup,196,83,54,2,0.393,0.589,6
20,ycup,196,48,55,2,0.211,0.547,6
20,ycup,196,47,56,2,0.211,0.492,6
20,ycup,196,46,57,2,0.196,0.512,6
20,ycup,196,43,58,2,0.231,0.532,6
20,ycup,196,45,59,2,0.245,0.553,6
20,ycup,196,44,60,2,0.265,0.543,6
20,ycup,196,15,61,2,0.014,0.587,6
20,ycup,196,17,62,2,0.034,0.573,6
20,ycup,196,13,63,2,0.069,0.583,6
20,ycup,196,14,64,2,0.034,0.518,6
20,ycup,196,18,65,2,0.049,0.593,6
20,ycup,196,16,66,2,0,0.553,6
20,ycup,196,20,67,2,0.055,0.366,6
20,ycup,196,24,68,2,0.123,0.366,6
20,ycup,196,23,69,2,0.089,0.366,6
20,ycup,197,91,1,2,0.484,0.518,7
20,ycup,197,94,2,2,0.484,0.597,7
20,ycup,197,93,3,2,0.504,0.563,7
20,ycup,197,96,4,2,0.47,0.563,7
20,ycup,197,92,5,2,0.504,0.583,7
20,ycup,197,95,6,2,0.504,0.563,7
20,ycup,197,53,7,2,0.318,0.585,7
20,ycup,197,51,8,2,0.338,0.575,7
20,ycup,197,52,9,2,0.304,0.51,7
20,ycup,197,54,10,2,0.304,0.545,7
20,ycup,197,50,11,2,0.338,0.51,7
20,ycup,197,49,12,2,0.269,0.545,7
20,ycup,197,64,13,2,0.405,0.733,7
20,ycup,197,66,14,2,0.391,0.713,7
20,ycup,197,62,15,2,0.425,0.658,7
20,ycup,197,61,16,2,0.356,0.692,7
20,ycup,197,65,17,2,0.425,0.692,7
20,ycup,197,63,18,2,0.391,0.692,7
20,ycup,197,44,19,2,0.211,0.804,7
20,ycup,197,45,20,2,0.211,0.749,7
20,ycup,197,46,21,2,0.196,0.769,7
20,ycup,197,43,22,2,0.231,0.789,7
20,ycup,197,47,23,2,0.245,0.81,7
20,ycup,197,48,24,2,0.265,0.8,7
20,ycup,197,20,25,2,0.055,0.623,7
20,ycup,197,23,26,2,0.123,0.623,7
20,ycup,197,24,27,2,0.089,0.623,7
20,ycup,197,21,28,2,0.069,0.603,7
20,ycup,197,22,29,2,0.109,0.603,7
20,ycup,197,19,30,2,0.123,0.589,7
20,ycup,197,16,31,2,0.014,0.844,7
20,ycup,197,18,32,2,0.034,0.83,7
20,ycup,197,14,33,2,0.069,0.84,7
20,ycup,197,17,34,2,0.034,0.775,7
20,ycup,197,15,35,2,0.049,0.85,7
20,ycup,197,13,36,2,0,0.81,7
20,ycup,197,83,37,2,0.427,0.881,7
20,ycup,197,81,38,2,0.427,0.911,7
20,ycup,197,79,39,2,0.393,0.881,7
20,ycup,197,80,40,2,0.407,0.921,7
20,ycup,197,82,41,2,0.358,0.881,7
20,ycup,197,84,42,2,0.393,0.846,7
20,ycup,197,108,43,2,0.534,0.735,7
20,ycup,197,107,44,2,0.555,0.745,7
20,ycup,197,103,45,2,0.555,0.779,7
20,ycup,197,104,46,2,0.589,0.745,7
20,ycup,197,106,47,2,0.534,0.759,7
20,ycup,197,105,48,2,0.52,0.779,7
20,ycup,197,134,49,2,0.725,0.796,7
20,ycup,197,137,50,2,0.725,0.771,7
20,ycup,197,135,51,2,0.765,0.796,7
20,ycup,197,136,52,2,0.745,0.816,7
20,ycup,197,133,53,2,0.745,0.781,7
20,ycup,197,138,54,2,0.711,0.816,7
20,ycup,197,119,55,2,0.731,0.654,7
20,ycup,197,115,56,2,0.676,0.658,7
20,ycup,197,120,57,2,0.696,0.623,7
20,ycup,197,118,58,2,0.676,0.579,7
20,ycup,197,117,59,2,0.711,0.664,7
20,ycup,197,111,60,2,0.617,0.407,7
20,ycup,197,112,61,2,0.577,0.383,7
20,ycup,197,109,62,2,0.611,0.468,7
20,ycup,197,114,63,2,0.597,0.447,7
20,ycup,197,113,64,2,0.597,0.393,7
20,ycup,197,110,65,2,0.632,0.393,7
20,ycup,197,143,66,2,0.781,0.425,7
20,ycup,197,139,67,2,0.761,0.405,7
20,ycup,197,141,68,2,0.816,0.425,7
20,ycup,197,142,69,2,0.816,0.391,7
20,ycup,197,144,70,2,0.781,0.445,7
20,ycup,197,140,71,2,0.781,0.391,7
20,ycup,197,121,72,2,0.676,0.261,7
20,ycup,197,123,73,2,0.731,0.227,7
20,ycup,197,125,74,2,0.696,0.247,7
20,ycup,197,122,75,2,0.696,0.192,7
20,ycup,197,124,76,2,0.696,0.227,7
20,ycup,197,126,77,2,0.676,0.182,7
20,ycup,197,98,78,2,0.534,0.051,7
20,ycup,197,101,79,2,0.569,0.111,7
20,ycup,197,102,80,2,0.52,0.071,7
20,ycup,197,100,81,2,0.555,0.036,7
20,ycup,197,97,82,2,0.589,0.101,7
20,ycup,197,99,83,2,0.589,0.036,7
20,ycup,197,129,84,2,0.779,0.034,7
20,ycup,197,132,85,2,0.711,0.034,7
20,ycup,197,127,86,2,0.745,0,7
20,ycup,197,131,87,2,0.765,0.014,7
20,ycup,197,130,88,2,0.745,0.055,7
20,ycup,198,35,1,2,0.206,0.532,8
20,ycup,198,33,2,2,0.186,0.492,8
20,ycup,198,36,3,2,0.227,0.492,8
20,ycup,198,31,4,2,0.186,0.468,8
20,ycup,198,32,5,2,0.241,0.478,8
20,ycup,198,34,6,2,0.206,0.512,8
20,ycup,198,28,7,2,0.164,0.389,8
20,ycup,198,25,8,2,0.17,0.328,8
20,ycup,198,30,9,2,0.15,0.314,8
20,ycup,198,26,10,2,0.184,0.379,8
20,ycup,198,29,11,2,0.15,0.348,8
20,ycup,198,27,12,2,0.184,0.348,8
20,ycup,198,3,13,2,0.034,0.53,8
20,ycup,198,2,14,2,0.034,0.476,8
20,ycup,198,4,15,2,0.069,0.476,8
20,ycup,198,6,16,2,0.014,0.49,8
20,ycup,198,1,17,2,0.014,0.545,8
20,ycup,198,5,18,2,0,0.51,8
20,ycup,198,8,19,2,0.099,0.126,8
20,ycup,198,10,20,2,0.045,0.16,8
20,ycup,198,9,21,2,0.065,0.126,8
20,ycup,198,11,22,2,0.03,0.126,8
20,ycup,198,7,23,2,0.085,0.105,8
20,ycup,198,12,24,2,0.099,0.156,8
20,ycup,198,39,25,2,0.296,0.196,8
20,ycup,198,37,26,2,0.281,0.146,8
20,ycup,198,42,27,2,0.241,0.2,8
20,ycup,198,40,28,2,0.261,0.166,8
20,ycup,198,38,29,2,0.241,0.121,8
20,ycup,198,41,30,2,0.296,0.166,8
20,ycup,198,68,31,2,0.457,0.045,8
20,ycup,198,71,32,2,0.403,0,8
20,ycup,198,70,33,2,0.423,0.045,8
20,ycup,198,69,34,2,0.403,0.024,8
20,ycup,198,72,35,2,0.423,0.01,8
20,ycup,198,67,36,2,0.443,0.024,8
20,ycup,198,74,37,2,0.443,0.231,8
20,ycup,198,76,38,2,0.423,0.217,8
20,ycup,198,73,39,2,0.457,0.251,8
20,ycup,198,75,40,2,0.457,0.217,8
20,ycup,198,77,41,2,0.423,0.271,8
20,ycup,198,78,42,2,0.403,0.231,8
20,ycup,198,99,43,2,0.565,0.136,8
20,ycup,198,97,44,2,0.599,0.196,8
20,ycup,198,100,45,2,0.551,0.156,8
20,ycup,198,102,46,2,0.585,0.121,8
20,ycup,198,98,47,2,0.619,0.186,8
20,ycup,198,101,48,2,0.619,0.121,8
20,ycup,198,128,49,2,0.81,0.119,8
20,ycup,198,131,50,2,0.741,0.119,8
20,ycup,198,130,51,2,0.775,0.085,8
20,ycup,198,129,52,2,0.796,0.099,8
20,ycup,198,132,53,2,0.775,0.14,8
20,ycup,198,127,54,2,0.81,0.085,8
20,ycup,198,126,55,2,0.706,0.346,8
20,ycup,198,124,56,2,0.761,0.312,8
20,ycup,198,125,57,2,0.727,0.332,8
20,ycup,198,123,58,2,0.727,0.277,8
20,ycup,198,121,59,2,0.727,0.312,8
20,ycup,198,122,60,2,0.706,0.267,8
20,ycup,198,144,61,2,0.812,0.51,8
20,ycup,198,142,62,2,0.791,0.49,8
20,ycup,198,141,63,2,0.846,0.51,8
20,ycup,198,139,64,2,0.846,0.476,8
20,ycup,198,143,65,2,0.812,0.53,8
20,ycup,198,140,66,2,0.812,0.476,8
20,ycup,198,114,67,2,0.648,0.492,8
20,ycup,198,113,68,2,0.607,0.468,8
20,ycup,198,110,69,2,0.642,0.553,8
20,ycup,198,109,70,2,0.628,0.532,8
20,ycup,198,112,71,2,0.628,0.478,8
20,ycup,198,111,72,2,0.662,0.478,8
20,ycup,198,118,73,2,0.761,0.739,8
20,ycup,198,117,74,2,0.706,0.743,8
20,ycup,198,120,75,2,0.727,0.709,8
20,ycup,198,115,76,2,0.706,0.664,8
20,ycup,198,119,77,2,0.741,0.749,8
20,ycup,198,116,78,2,0.761,0.709,8
20,ycup,198,134,79,2,0.755,0.881,8
20,ycup,198,137,80,2,0.755,0.856,8
20,ycup,198,135,81,2,0.796,0.881,8
20,ycup,198,136,82,2,0.775,0.901,8
20,ycup,198,133,83,2,0.775,0.866,8
20,ycup,198,138,84,2,0.741,0.901,8
20,ycup,198,106,85,2,0.565,0.82,8
20,ycup,198,104,86,2,0.585,0.83,8
20,ycup,198,103,87,2,0.585,0.864,8
20,ycup,198,107,88,2,0.619,0.83,8
20,ycup,198,105,89,2,0.565,0.844,8
20,ycup,198,108,90,2,0.551,0.864,8
20,ycup,198,92,91,2,0.514,0.603,8
20,ycup,198,93,92,2,0.514,0.682,8
20,ycup,198,96,93,2,0.534,0.648,8
20,ycup,198,94,94,2,0.555,0.628,8
20,ycup,198,95,95,2,0.5,0.648,8
20,ycup,198,63,96,2,0.435,0.818,8
20,ycup,198,65,97,2,0.421,0.798,8
20,ycup,198,66,98,2,0.455,0.743,8
20,ycup,198,62,99,2,0.387,0.777,8
20,ycup,198,61,100,2,0.455,0.777,8
20,ycup,198,64,101,2,0.421,0.777,8
20,ycup,198,84,102,2,0.457,0.966,8
20,ycup,198,82,103,2,0.457,0.996,8
20,ycup,198,79,104,2,0.423,0.966,8
20,ycup,199,95,1,2,0.484,0.482,9
20,ycup,199,91,2,2,0.484,0.561,9
20,ycup,199,94,3,2,0.504,0.526,9
20,ycup,199,96,4,2,0.524,0.506,9
20,ycup,199,93,5,2,0.47,0.526,9
20,ycup,199,92,6,2,0.504,0.547,9
20,ycup,199,63,7,2,0.405,0.696,9
20,ycup,199,65,8,2,0.391,0.676,9
20,ycup,199,61,9,2,0.425,0.621,9
20,ycup,199,62,10,2,0.356,0.656,9
20,ycup,199,66,11,2,0.425,0.656,9
20,ycup,199,64,12,2,0.391,0.656,9
20,ycup,199,50,13,2,0.318,0.549,9
20,ycup,199,49,14,2,0.338,0.538,9
20,ycup,199,52,15,2,0.304,0.474,9
20,ycup,199,51,16,2,0.304,0.508,9
20,ycup,199,53,17,2,0.338,0.474,9
20,ycup,199,54,18,2,0.269,0.508,9
20,ycup,199,24,19,2,0.055,0.587,9
20,ycup,199,20,20,2,0.123,0.587,9
20,ycup,199,23,21,2,0.089,0.587,9
20,ycup,199,21,22,2,0.069,0.567,9
20,ycup,199,22,23,2,0.109,0.567,9
20,ycup,199,19,24,2,0.123,0.553,9
20,ycup,199,16,25,2,0.014,0.808,9
20,ycup,199,18,26,2,0.034,0.794,9
20,ycup,199,14,27,2,0.069,0.804,9
20,ycup,199,13,28,2,0.034,0.739,9
20,ycup,199,17,29,2,0.049,0.814,9
20,ycup,199,15,30,2,0,0.773,9
20,ycup,199,43,31,2,0.211,0.767,9
20,ycup,199,45,32,2,0.211,0.713,9
20,ycup,199,44,33,2,0.196,0.733,9
20,ycup,199,46,34,2,0.231,0.753,9
20,ycup,199,47,35,2,0.245,0.773,9
20,ycup,199,48,36,2,0.265,0.763,9
20,ycup,199,83,37,2,0.427,0.844,9
20,ycup,199,81,38,2,0.427,0.874,9
20,ycup,199,84,39,2,0.393,0.844,9
20,ycup,199,79,40,2,0.407,0.885,9
20,ycup,199,80,41,2,0.358,0.844,9
20,ycup,199,82,42,2,0.393,0.81,9
20,ycup,199,108,43,2,0.534,0.698,9
20,ycup,199,107,44,2,0.555,0.709,9
20,ycup,199,103,45,2,0.555,0.743,9
20,ycup,199,104,46,2,0.589,0.709,9
20,ycup,199,105,47,2,0.534,0.723,9
20,ycup,199,106,48,2,0.52,0.743,9
20,ycup,199,138,49,2,0.725,0.759,9
20,ycup,199,133,50,2,0.725,0.735,9
20,ycup,199,137,51,2,0.765,0.759,9
20,ycup,199,134,52,2,0.745,0.779,9
20,ycup,199,135,53,2,0.745,0.745,9
20,ycup,199,136,54,2,0.711,0.779,9
20,ycup,199,119,55,2,0.731,0.617,9
20,ycup,199,115,56,2,0.676,0.621,9
20,ycup,199,120,57,2,0.696,0.587,9
20,ycup,199,117,58,2,0.676,0.543,9
20,ycup,199,116,59,2,0.711,0.628,9
20,ycup,199,118,60,2,0.731,0.587,9
20,ycup,199,111,61,2,0.617,0.37,9
20,ycup,199,112,62,2,0.577,0.346,9
20,ycup,199,109,63,2,0.611,0.431,9
20,ycup,199,114,64,2,0.597,0.411,9
20,ycup,199,113,65,2,0.597,0.356,9
20,ycup,199,110,66,2,0.632,0.356,9
20,ycup,199,143,67,2,0.781,0.389,9
20,ycup,199,139,68,2,0.761,0.368,9
20,ycup,199,141,69,2,0.816,0.389,9
20,ycup,199,142,70,2,0.816,0.354,9
20,ycup,199,144,71,2,0.781,0.409,9
20,ycup,199,140,72,2,0.781,0.354,9
20,ycup,199,121,73,2,0.676,0.225,9
20,ycup,199,123,74,2,0.731,0.19,9
20,ycup,199,125,75,2,0.696,0.211,9
20,ycup,199,124,76,2,0.696,0.156,9
20,ycup,199,126,77,2,0.696,0.19,9
20,ycup,199,122,78,2,0.676,0.146,9
20,ycup,199,99,79,2,0.534,0.014,9
20,ycup,199,102,80,2,0.569,0.075,9
20,ycup,199,101,81,2,0.52,0.034,9
20,ycup,199,97,82,2,0.555,0,9
20,ycup,200,53,1,2,0.348,0.67,10
20,ycup,200,51,2,2,0.368,0.66,10
20,ycup,200,52,3,2,0.334,0.595,10
20,ycup,200,54,4,2,0.334,0.63,10
20,ycup,200,49,5,2,0.368,0.595,10
20,ycup,200,50,6,2,0.3,0.63,10
20,ycup,200,35,7,2,0.206,0.532,10
20,ycup,200,36,8,2,0.186,0.492,10
20,ycup,200,33,9,2,0.227,0.492,10
20,ycup,200,31,10,2,0.241,0.478,10
20,ycup,200,32,11,2,0.206,0.512,10
20,ycup,200,34,12,2,0.206,0.512,10
20,ycup,200,3,13,2,0.034,0.53,10
20,ycup,200,2,14,2,0.034,0.476,10
20,ycup,200,4,15,2,0.069,0.476,10
20,ycup,200,6,16,2,0.014,0.49,10
20,ycup,200,5,17,2,0.014,0.545,10
20,ycup,200,1,18,2,0,0.51,10
20,ycup,200,25,19,2,0.164,0.389,10
20,ycup,200,28,20,2,0.17,0.328,10
20,ycup,200,30,21,2,0.15,0.314,10
20,ycup,200,29,22,2,0.184,0.379,10
20,ycup,200,26,23,2,0.15,0.348,10
20,ycup,200,27,24,2,0.184,0.348,10
20,ycup,200,12,25,2,0.099,0.126,10
20,ycup,200,8,26,2,0.045,0.16,10
20,ycup,200,10,27,2,0.065,0.126,10
20,ycup,200,9,28,2,0.03,0.126,10
20,ycup,200,11,29,2,0.085,0.105,10
20,ycup,200,7,30,2,0.099,0.156,10
20,ycup,200,39,31,2,0.296,0.196,10
20,ycup,200,40,32,2,0.281,0.146,10
20,ycup,200,38,33,2,0.241,0.2,10
20,ycup,200,41,34,2,0.261,0.166,10
20,ycup,200,42,35,2,0.241,0.121,10
20,ycup,200,37,36,2,0.296,0.166,10
20,ycup,200,69,37,2,0.457,0.045,10
20,ycup,200,70,38,2,0.403,0,10
20,ycup,200,68,39,2,0.423,0.045,10
20,ycup,200,71,40,2,0.403,0.024,10
20,ycup,200,72,41,2,0.423,0.01,10
20,ycup,200,67,42,2,0.443,0.024,10
20,ycup,200,74,43,2,0.443,0.231,10
20,ycup,200,76,44,2,0.423,0.217,10
20,ycup,200,73,45,2,0.457,0.251,10
20,ycup,200,75,46,2,0.457,0.217,10
20,ycup,200,78,47,2,0.423,0.271,10
20,ycup,200,77,48,2,0.403,0.231,10
20,ycup,200,99,49,2,0.565,0.136,10
20,ycup,200,97,50,2,0.599,0.196,10
20,ycup,200,100,51,2,0.551,0.156,10
20,ycup,200,102,52,2,0.585,0.121,10
20,ycup,200,101,53,2,0.619,0.186,10
20,ycup,200,98,54,2,0.619,0.121,10
20,ycup,200,128,55,2,0.81,0.119,10
20,ycup,200,131,56,2,0.741,0.119,10
20,ycup,200,130,57,2,0.775,0.085,10
20,ycup,200,127,58,2,0.796,0.099,10
20,ycup,200,132,59,2,0.775,0.14,10
20,ycup,200,129,60,2,0.81,0.085,10
20,ycup,200,126,61,2,0.706,0.346,10
20,ycup,200,124,62,2,0.761,0.312,10
20,ycup,200,125,63,2,0.727,0.332,10
20,ycup,200,123,64,2,0.727,0.277,10
20,ycup,200,121,65,2,0.727,0.312,10
20,ycup,200,122,66,2,0.706,0.267,10
20,ycup,200,88,67,2,0.528,0.407,10
20,ycup,200,86,68,2,0.508,0.342,10
20,ycup,200,90,69,2,0.508,0.421,10
20,ycup,200,85,70,2,0.528,0.352,10
20,ycup,200,87,71,2,0.563,0.417,10
20,ycup,200,89,72,2,0.549,0.366,10
20,ycup,200,110,73,2,0.648,0.492,10
20,ycup,200,113,74,2,0.607,0.468,10
20,ycup,200,109,75,2,0.642,0.553,10
20,ycup,200,114,76,2,0.628,0.532,10
20,ycup,200,112,77,2,0.628,0.478,10
20,ycup,200,111,78,2,0.662,0.478,10
20,ycup,200,140,79,2,0.812,0.51,10
20,ycup,200,139,80,2,0.791,0.49,10
20,ycup,200,143,81,2,0.846,0.51,10
20,ycup,200,141,82,2,0.846,0.476,10
20,ycup,200,144,83,2,0.812,0.53,10
20,ycup,200,142,84,2,0.812,0.476,10
20,ycup,200,118,85,2,0.761,0.739,10
20,ycup,200,117,86,2,0.706,0.743,10
20,ycup,200,120,87,2,0.727,0.709,10
20,ycup,200,115,88,2,0.706,0.664,10
20,ycup,200,119,89,2,0.741,0.749,10
20,ycup,200,116,90,2,0.761,0.709,10
20,ycup,200,95,91,2,0.514,0.603,10
20,ycup,200,94,92,2,0.514,0.682,10
20,ycup,200,92,93,2,0.555,0.628,10
20,ycup,200,96,94,2,0.5,0.648,10
