person,condition,trial,id,item_class,x,y,trial_p
1,ycup,1,1,2,0.054,0.497,1
1,ycup,1,2,2,0.02,0.517,1
1,ycup,1,3,2,0.02,0.463,1
1,ycup,1,4,2,0.04,0.477,1
1,ycup,1,5,2,0,0.453,1
1,ycup,1,6,2,0,0.531,1
1,ycup,1,7,2,0.03,0.095,1
1,ycup,1,8,2,0.085,0.115,1
1,ycup,1,9,2,0.03,0.149,1
1,ycup,1,10,2,0.03,0.07,1
1,ycup,1,11,2,0.05,0.08,1
1,ycup,1,12,2,0.085,0.08,1
1,ycup,1,13,2,0.03,0.913,1
1,ycup,1,14,2,0.07,0.859,1
1,ycup,1,15,2,0.05,0.879,1
1,ycup,1,16,2,0.085,0.879,1
1,ycup,1,17,2,0.05,0.899,1
1,ycup,1,18,2,0.03,0.835,1
1,ycup,1,19,2,0.105,0.714,1
1,ycup,1,20,2,0.119,0.734,1
1,ycup,1,21,2,0.139,0.694,1
1,ycup,1,22,2,0.085,0.674,1
1,ycup,1,23,2,0.105,0.66,1
1,ycup,1,24,2,0.139,0.66,1
1,ycup,1,25,2,0.155,0.316,1
1,ycup,1,26,2,0.135,0.302,1
1,ycup,1,27,2,0.135,0.356,1
1,ycup,1,28,2,0.101,0.336,1
1,ycup,1,29,2,0.169,0.336,1
1,ycup,1,30,2,0.135,0.336,1
1,ycup,1,31,2,0.225,0.499,1
1,ycup,1,32,2,0.211,0.479,1
1,ycup,1,33,2,0.225,0.529,1
1,ycup,1,34,2,0.205,0.539,1
1,ycup,1,35,2,0.157,0.499,1
1,ycup,1,36,2,0.171,0.455,1
1,ycup,1,37,2,0.225,0.189,1
1,ycup,1,38,2,0.245,0.175,1
1,ycup,1,39,2,0.245,0.121,1
1,ycup,1,40,2,0.245,0.155,1
1,ycup,1,41,2,0.225,0.135,1
1,ycup,1,42,2,0.28,0.121,1
1,ycup,1,43,2,0.266,0.819,1
1,ycup,1,44,2,0.225,0.795,1
1,ycup,1,45,2,0.211,0.839,1
1,ycup,1,46,2,0.225,0.819,1
1,ycup,1,47,2,0.28,0.805,1
1,ycup,1,48,2,0.225,0.873,1
1,ycup,1,49,2,0.352,0.581,1
1,ycup,1,50,2,0.352,0.646,1
1,ycup,1,51,2,0.352,0.616,1
1,ycup,1,52,2,0.318,0.636,1
1,ycup,1,53,2,0.298,0.596,1
1,ycup,1,54,2,0.298,0.65,1
1,ycup,1,55,2,0.3,0.35,1
1,ycup,1,56,2,0.3,0.374,1
1,ycup,1,57,2,0.32,0.414,1
1,ycup,1,58,2,0.354,0.425,1
1,ycup,1,59,2,0.334,0.435,1
1,ycup,1,60,2,0.34,0.374,1
1,ycup,1,61,2,0.384,0.742,1
1,ycup,1,62,2,0.419,0.803,1
1,ycup,1,63,2,0.439,0.763,1
1,ycup,1,64,2,0.37,0.763,1
1,ycup,1,65,2,0.384,0.718,1
1,ycup,1,66,2,0.404,0.763,1
1,ycup,1,67,2,0.406,0.054,1
1,ycup,1,68,2,0.372,0.034,1
1,ycup,1,69,2,0.406,0,1
1,ycup,1,70,2,0.441,0.064,1
1,ycup,1,71,2,0.406,0.034,1
1,ycup,1,72,2,0.441,0.034,1
1,ycup,1,73,2,0.441,0.239,1
1,ycup,1,74,2,0.441,0.27,1
1,ycup,1,75,2,0.441,0.205,1
1,ycup,1,76,2,0.386,0.219,1
1,ycup,1,77,2,0.427,0.219,1
1,ycup,1,78,2,0.421,0.28,1
1,ycup,1,79,2,0.421,0.99,1
1,ycup,1,80,2,0.386,0.984,1
1,ycup,1,81,2,0.406,0.915,1
1,ycup,1,82,2,0.441,0.95,1
1,ycup,1,83,2,0.386,0.905,1
1,ycup,1,84,2,0.441,0.98,1
1,ycup,1,85,2,0.525,0.414,1
1,ycup,1,86,2,0.511,0.394,1
1,ycup,1,87,2,0.491,0.33,1
1,ycup,1,88,2,0.511,0.374,1
1,ycup,1,89,2,0.491,0.408,1
1,ycup,1,90,2,0.477,0.374,1
1,ycup,1,91,2,0.551,0.664,1
1,ycup,1,92,2,0.531,0.674,1
1,ycup,1,93,2,0.551,0.634,1
1,ycup,1,94,2,0.517,0.654,1
1,ycup,1,95,2,0.551,0.6,1
1,ycup,1,96,2,0.497,0.668,1
1,ycup,1,97,2,0.581,0.185,1
1,ycup,1,98,2,0.602,0.111,1
1,ycup,1,99,2,0.547,0.101,1
1,ycup,1,100,2,0.547,0.179,1
1,ycup,1,101,2,0.602,0.145,1
1,ycup,1,102,2,0.588,0.125,1
1,ycup,1,103,2,0.602,0.815,1
1,ycup,1,104,2,0.588,0.829,1
1,ycup,1,105,2,0.547,0.883,1
1,ycup,1,106,2,0.567,0.869,1
1,ycup,1,107,2,0.547,0.805,1
1,ycup,1,108,2,0.602,0.879,1
1,ycup,1,109,2,0.61,0.499,1
1,ycup,1,110,2,0.59,0.455,1
1,ycup,1,111,2,0.644,0.529,1
1,ycup,1,112,2,0.59,0.479,1
1,ycup,1,113,2,0.575,0.499,1
1,ycup,1,114,2,0.61,0.465,1
1,ycup,1,115,2,0.674,0.694,1
1,ycup,1,116,2,0.742,0.66,1
1,ycup,1,117,2,0.742,0.694,1
1,ycup,1,118,2,0.708,0.694,1
1,ycup,1,119,2,0.742,0.724,1
1,ycup,1,120,2,0.728,0.674,1
1,ycup,1,121,2,0.708,0.266,1
1,ycup,1,122,2,0.674,0.3,1
1,ycup,1,123,2,0.728,0.28,1
1,ycup,1,124,2,0.688,0.256,1
1,ycup,1,125,2,0.688,0.28,1
1,ycup,1,126,2,0.688,0.334,1
1,ycup,1,127,2,0.757,0.109,1
1,ycup,1,128,2,0.777,0.089,1
1,ycup,1,129,2,0.736,0.089,1
1,ycup,1,130,2,0.722,0.109,1
1,ycup,1,131,2,0.791,0.109,1
1,ycup,1,132,2,0.791,0.074,1
1,ycup,1,133,2,0.736,0.92,1
1,ycup,1,134,2,0.771,0.926,1
1,ycup,1,135,2,0.757,0.905,1
1,ycup,1,136,2,0.757,0.885,1
1,ycup,1,137,2,0.791,0.851,1
1,ycup,1,138,2,0.736,0.841,1
1,ycup,1,139,2,0.813,0.477,1
1,ycup,1,140,2,0.793,0.517,1
1,ycup,1,141,2,0.793,0.497,1
1,ycup,1,142,2,0.827,0.463,1
1,ycup,1,143,2,0.773,0.477,1
1,ycup,1,144,2,0.827,0.527,1
1,ycup,2,1,2,0.054,0.497,2
1,ycup,2,2,2,0.02,0.517,2
1,ycup,2,3,2,0.02,0.463,2
1,ycup,2,4,2,0.04,0.477,2
1,ycup,2,5,2,0,0.453,2
1,ycup,2,6,2,0,0.531,2
1,ycup,2,7,2,0.03,0.095,2
1,ycup,2,8,2,0.085,0.115,2
1,ycup,2,9,2,0.03,0.149,2
1,ycup,2,10,2,0.03,0.07,2
1,ycup,2,11,2,0.05,0.08,2
1,ycup,2,12,2,0.085,0.08,2
1,ycup,2,13,2,0.03,0.913,2
1,ycup,2,14,2,0.07,0.859,2
1,ycup,2,15,2,0.05,0.879,2
1,ycup,2,16,2,0.085,0.879,2
1,ycup,2,17,2,0.05,0.899,2
1,ycup,2,18,2,0.03,0.835,2
1,ycup,2,19,2,0.105,0.66,2
1,ycup,2,20,2,0.139,0.66,2
1,ycup,2,21,2,0.105,0.714,2
1,ycup,2,22,2,0.085,0.674,2
1,ycup,2,23,2,0.139,0.694,2
1,ycup,2,24,2,0.119,0.734,2
1,ycup,2,25,2,0.169,0.336,2
1,ycup,2,26,2,0.101,0.336,2
1,ycup,2,27,2,0.155,0.316,2
1,ycup,2,28,2,0.135,0.356,2
1,ycup,2,29,2,0.135,0.336,2
1,ycup,2,30,2,0.135,0.302,2
1,ycup,2,31,2,0.211,0.479,2
1,ycup,2,32,2,0.171,0.455,2
1,ycup,2,33,2,0.225,0.499,2
1,ycup,2,34,2,0.157,0.499,2
1,ycup,2,35,2,0.225,0.529,2
1,ycup,2,36,2,0.205,0.539,2
1,ycup,2,37,2,0.225,0.189,2
1,ycup,2,38,2,0.245,0.175,2
1,ycup,2,39,2,0.245,0.121,2
1,ycup,2,40,2,0.245,0.155,2
1,ycup,2,41,2,0.225,0.135,2
1,ycup,2,42,2,0.28,0.121,2
1,ycup,2,43,2,0.266,0.819,2
1,ycup,2,44,2,0.225,0.795,2
1,ycup,2,45,2,0.211,0.839,2
1,ycup,2,46,2,0.225,0.819,2
1,ycup,2,47,2,0.28,0.805,2
1,ycup,2,48,2,0.225,0.873,2
1,ycup,2,49,2,0.352,0.581,2
1,ycup,2,50,2,0.352,0.646,2
1,ycup,2,51,2,0.352,0.616,2
1,ycup,2,52,2,0.318,0.636,2
1,ycup,2,53,2,0.298,0.596,2
1,ycup,2,54,2,0.298,0.65,2
1,ycup,2,55,2,0.354,0.425,2
1,ycup,2,56,2,0.3,0.35,2
1,ycup,2,57,2,0.32,0.414,2
1,ycup,2,58,2,0.334,0.435,2
1,ycup,2,59,2,0.34,0.374,2
1,ycup,2,60,2,0.3,0.374,2
1,ycup,2,61,2,0.384,0.742,2
1,ycup,2,62,2,0.419,0.803,2
1,ycup,2,63,2,0.439,0.763,2
1,ycup,2,64,2,0.37,0.763,2
1,ycup,2,65,2,0.384,0.718,2
1,ycup,2,66,2,0.404,0.763,2
1,ycup,2,67,2,0.406,0.054,2
1,ycup,2,68,2,0.372,0.034,2
1,ycup,2,69,2,0.406,0,2
1,ycup,2,70,2,0.441,0.064,2
1,ycup,2,71,2,0.406,0.034,2
1,ycup,2,72,2,0.441,0.034,2
1,ycup,2,73,2,0.441,0.239,2
1,ycup,2,74,2,0.441,0.27,2
1,ycup,2,75,2,0.441,0.205,2
1,ycup,2,76,2,0.386,0.219,2
1,ycup,2,77,2,0.427,0.219,2
1,ycup,2,78,2,0.421,0.28,2
1,ycup,2,79,2,0.421,0.99,2
1,ycup,2,80,2,0.386,0.984,2
1,ycup,2,81,2,0.406,0.915,2
1,ycup,2,82,2,0.441,0.95,2
1,ycup,2,83,2,0.386,0.905,2
1,ycup,2,84,2,0.441,0.98,2
1,ycup,2,85,2,0.491,0.33,2
1,ycup,2,86,2,0.477,0.374,2
1,ycup,2,87,2,0.491,0.408,2
1,ycup,2,88,2,0.511,0.374,2
1,ycup,2,89,2,0.511,0.394,2
1,ycup,2,90,2,0.525,0.414,2
1,ycup,2,91,2,0.551,0.664,2
1,ycup,2,92,2,0.531,0.674,2
1,ycup,2,93,2,0.551,0.634,2
1,ycup,2,94,2,0.517,0.654,2
1,ycup,2,95,2,0.551,0.6,2
1,ycup,2,96,2,0.497,0.668,2
1,ycup,2,97,2,0.581,0.185,2
1,ycup,2,98,2,0.602,0.111,2
1,ycup,2,99,2,0.547,0.101,2
1,ycup,2,100,2,0.547,0.179,2
1,ycup,2,101,2,0.602,0.145,2
1,ycup,2,102,2,0.588,0.125,2
1,ycup,2,103,2,0.602,0.815,2
1,ycup,2,104,2,0.588,0.829,2
1,ycup,2,105,2,0.547,0.883,2
1,ycup,2,106,2,0.567,0.869,2
1,ycup,2,107,2,0.547,0.805,2
1,ycup,2,108,2,0.602,0.879,2
1,ycup,2,109,2,0.61,0.465,2
1,ycup,2,110,2,0.61,0.499,2
1,ycup,2,111,2,0.59,0.455,2
1,ycup,2,112,2,0.644,0.529,2
1,ycup,2,113,2,0.59,0.479,2
1,ycup,2,114,2,0.575,0.499,2
1,ycup,2,115,2,0.674,0.694,2
1,ycup,2,116,2,0.742,0.66,2
1,ycup,2,117,2,0.742,0.694,2
1,ycup,2,118,2,0.708,0.694,2
1,ycup,2,119,2,0.742,0.724,2
1,ycup,2,120,2,0.728,0.674,2
1,ycup,2,121,2,0.708,0.266,2
1,ycup,2,122,2,0.674,0.3,2
1,ycup,2,123,2,0.728,0.28,2
1,ycup,2,124,2,0.688,0.256,2
1,ycup,2,125,2,0.688,0.28,2
1,ycup,2,126,2,0.688,0.334,2
1,ycup,2,127,2,0.757,0.109,2
1,ycup,2,128,2,0.777,0.089,2
1,ycup,2,129,2,0.736,0.089,2
1,ycup,2,130,2,0.722,0.109,2
1,ycup,2,131,2,0.791,0.109,2
1,ycup,2,132,2,0.791,0.074,2
1,ycup,2,133,2,0.736,0.92,2
1,ycup,2,134,2,0.771,0.926,2
1,ycup,2,135,2,0.757,0.905,2
1,ycup,2,136,2,0.757,0.885,2
1,ycup,2,137,2,0.791,0.851,2
1,ycup,2,138,2,0.736,0.841,2
1,ycup,2,139,2,0.813,0.477,2
1,ycup,2,140,2,0.793,0.517,2
1,ycup,2,141,2,0.793,0.497,2
1,ycup,2,142,2,0.827,0.463,2
1,ycup,2,143,2,0.773,0.477,2
1,ycup,2,144,2,0.827,0.527,2
1,ycup,3,1,2,0.054,0.497,3
1,ycup,3,2,2,0.02,0.517,3
1,ycup,3,3,2,0.02,0.463,3
1,ycup,3,4,2,0.04,0.477,3
1,ycup,3,5,2,0,0.453,3
1,ycup,3,6,2,0,0.531,3
1,ycup,3,7,2,0.03,0.095,3
1,ycup,3,8,2,0.085,0.115,3
1,ycup,3,9,2,0.03,0.149,3
1,ycup,3,10,2,0.03,0.07,3
1,ycup,3,11,2,0.05,0.08,3
1,ycup,3,12,2,0.085,0.08,3
1,ycup,3,13,2,0.03,0.913,3
1,ycup,3,14,2,0.07,0.859,3
1,ycup,3,15,2,0.05,0.879,3
1,ycup,3,16,2,0.085,0.879,3
1,ycup,3,17,2,0.05,0.899,3
1,ycup,3,18,2,0.03,0.835,3
1,ycup,3,19,2,0.105,0.714,3
1,ycup,3,20,2,0.119,0.734,3
1,ycup,3,21,2,0.139,0.694,3
1,ycup,3,22,2,0.085,0.674,3
1,ycup,3,23,2,0.105,0.66,3
1,ycup,3,24,2,0.139,0.66,3
1,ycup,3,25,2,0.155,0.316,3
1,ycup,3,26,2,0.135,0.302,3
1,ycup,3,27,2,0.135,0.356,3
1,ycup,3,28,2,0.101,0.336,3
1,ycup,3,29,2,0.169,0.336,3
1,ycup,3,30,2,0.135,0.336,3
1,ycup,3,31,2,0.225,0.499,3
1,ycup,3,32,2,0.205,0.539,3
1,ycup,3,33,2,0.157,0.499,3
1,ycup,3,34,2,0.211,0.479,3
1,ycup,3,35,2,0.225,0.529,3
1,ycup,3,36,2,0.171,0.455,3
1,ycup,3,37,2,0.225,0.189,3
1,ycup,3,38,2,0.245,0.175,3
1,ycup,3,39,2,0.245,0.121,3
1,ycup,3,40,2,0.245,0.155,3
1,ycup,3,41,2,0.225,0.135,3
1,ycup,3,42,2,0.28,0.121,3
1,ycup,3,43,2,0.266,0.819,3
1,ycup,3,44,2,0.225,0.795,3
1,ycup,3,45,2,0.211,0.839,3
1,ycup,3,46,2,0.225,0.819,3
1,ycup,3,47,2,0.28,0.805,3
1,ycup,3,48,2,0.225,0.873,3
1,ycup,3,49,2,0.352,0.581,3
1,ycup,3,50,2,0.298,0.596,3
1,ycup,3,51,2,0.298,0.65,3
1,ycup,3,52,2,0.318,0.636,3
1,ycup,3,53,2,0.352,0.616,3
1,ycup,3,54,2,0.352,0.646,3
1,ycup,3,55,2,0.354,0.425,3
1,ycup,3,56,2,0.3,0.35,3
1,ycup,3,57,2,0.32,0.414,3
1,ycup,3,58,2,0.334,0.435,3
1,ycup,3,59,2,0.34,0.374,3
1,ycup,3,60,2,0.3,0.374,3
1,ycup,3,61,2,0.384,0.742,3
1,ycup,3,62,2,0.419,0.803,3
1,ycup,3,63,2,0.439,0.763,3
1,ycup,3,64,2,0.37,0.763,3
1,ycup,3,65,2,0.384,0.718,3
1,ycup,3,66,2,0.404,0.763,3
1,ycup,3,67,2,0.406,0.054,3
1,ycup,3,68,2,0.372,0.034,3
1,ycup,3,69,2,0.406,0,3
1,ycup,3,70,2,0.441,0.064,3
1,ycup,3,71,2,0.406,0.034,3
1,ycup,3,72,2,0.441,0.034,3
1,ycup,3,73,2,0.441,0.205,3
1,ycup,3,74,2,0.441,0.27,3
1,ycup,3,75,2,0.427,0.219,3
1,ycup,3,76,2,0.421,0.28,3
1,ycup,3,77,2,0.386,0.219,3
1,ycup,3,78,2,0.441,0.239,3
1,ycup,3,79,2,0.421,0.99,3
1,ycup,3,80,2,0.386,0.984,3
1,ycup,3,81,2,0.406,0.915,3
1,ycup,3,82,2,0.441,0.95,3
1,ycup,3,83,2,0.386,0.905,3
1,ycup,3,84,2,0.441,0.98,3
1,ycup,3,85,2,0.525,0.414,3
1,ycup,3,86,2,0.511,0.394,3
1,ycup,3,87,2,0.477,0.374,3
1,ycup,3,88,2,0.511,0.374,3
1,ycup,3,89,2,0.491,0.408,3
1,ycup,3,90,2,0.491,0.33,3
1,ycup,3,91,2,0.551,0.664,3
1,ycup,3,92,2,0.531,0.674,3
1,ycup,3,93,2,0.551,0.634,3
1,ycup,3,94,2,0.517,0.654,3
1,ycup,3,95,2,0.551,0.6,3
1,ycup,3,96,2,0.497,0.668,3
1,ycup,3,97,2,0.602,0.111,3
1,ycup,3,98,2,0.602,0.145,3
1,ycup,3,99,2,0.588,0.125,3
1,ycup,3,100,2,0.581,0.185,3
1,ycup,3,101,2,0.547,0.101,3
1,ycup,3,102,2,0.547,0.179,3
1,ycup,3,103,2,0.602,0.815,3
1,ycup,3,104,2,0.588,0.829,3
1,ycup,3,105,2,0.547,0.883,3
1,ycup,3,106,2,0.567,0.869,3
1,ycup,3,107,2,0.547,0.805,3
1,ycup,3,108,2,0.602,0.879,3
1,ycup,3,109,2,0.644,0.529,3
1,ycup,3,110,2,0.59,0.479,3
1,ycup,3,111,2,0.59,0.455,3
1,ycup,3,112,2,0.575,0.499,3
1,ycup,3,113,2,0.61,0.499,3
1,ycup,3,114,2,0.61,0.465,3
1,ycup,3,115,2,0.674,0.694,3
1,ycup,3,116,2,0.742,0.66,3
1,ycup,3,117,2,0.742,0.694,3
1,ycup,3,118,2,0.708,0.694,3
1,ycup,3,119,2,0.742,0.724,3
1,ycup,3,120,2,0.728,0.674,3
1,ycup,3,121,2,0.708,0.266,3
1,ycup,3,122,2,0.674,0.3,3
1,ycup,3,123,2,0.728,0.28,3
1,ycup,3,124,2,0.688,0.256,3
1,ycup,3,125,2,0.688,0.28,3
1,ycup,3,126,2,0.688,0.334,3
1,ycup,3,127,2,0.757,0.109,3
1,ycup,3,128,2,0.777,0.089,3
1,ycup,3,129,2,0.736,0.089,3
1,ycup,3,130,2,0.722,0.109,3
1,ycup,3,131,2,0.791,0.109,3
1,ycup,3,132,2,0.791,0.074,3
1,ycup,3,133,2,0.736,0.92,3
1,ycup,3,134,2,0.771,0.926,3
1,ycup,3,135,2,0.757,0.905,3
1,ycup,3,136,2,0.757,0.885,3
1,ycup,3,137,2,0.791,0.851,3
1,ycup,3,138,2,0.736,0.841,3
1,ycup,3,139,2,0.813,0.477,3
1,ycup,3,140,2,0.793,0.517,3
1,ycup,3,141,2,0.793,0.497,3
1,ycup,3,142,2,0.827,0.463,3
1,ycup,3,143,2,0.773,0.477,3
1,ycup,3,144,2,0.827,0.527,3
1,ycup,4,1,2,0.054,0.497,4
1,ycup,4,2,2,0,0.453,4
1,ycup,4,3,2,0.02,0.463,4
1,ycup,4,4,2,0.02,0.517,4
1,ycup,4,5,2,0.04,0.477,4
1,ycup,4,6,2,0,0.531,4
1,ycup,4,7,2,0.03,0.095,4
1,ycup,4,8,2,0.085,0.115,4
1,ycup,4,9,2,0.03,0.149,4
1,ycup,4,10,2,0.03,0.07,4
1,ycup,4,11,2,0.05,0.08,4
1,ycup,4,12,2,0.085,0.08,4
1,ycup,4,13,2,0.03,0.913,4
1,ycup,4,14,2,0.07,0.859,4
1,ycup,4,15,2,0.05,0.879,4
1,ycup,4,16,2,0.085,0.879,4
1,ycup,4,17,2,0.05,0.899,4
1,ycup,4,18,2,0.03,0.835,4
1,ycup,4,19,2,0.085,0.674,4
1,ycup,4,20,2,0.105,0.66,4
1,ycup,4,21,2,0.139,0.66,4
1,ycup,4,22,2,0.139,0.694,4
1,ycup,4,23,2,0.119,0.734,4
1,ycup,4,24,2,0.105,0.714,4
1,ycup,4,25,2,0.135,0.356,4
1,ycup,4,26,2,0.101,0.336,4
1,ycup,4,27,2,0.135,0.302,4
1,ycup,4,28,2,0.169,0.336,4
1,ycup,4,29,2,0.155,0.316,4
1,ycup,4,30,2,0.135,0.336,4
1,ycup,4,31,2,0.205,0.539,4
1,ycup,4,32,2,0.211,0.479,4
1,ycup,4,33,2,0.225,0.529,4
1,ycup,4,34,2,0.157,0.499,4
1,ycup,4,35,2,0.225,0.499,4
1,ycup,4,36,2,0.171,0.455,4
1,ycup,4,37,2,0.225,0.189,4
1,ycup,4,38,2,0.245,0.175,4
1,ycup,4,39,2,0.245,0.121,4
1,ycup,4,40,2,0.245,0.155,4
1,ycup,4,41,2,0.225,0.135,4
1,ycup,4,42,2,0.28,0.121,4
1,ycup,4,43,2,0.266,0.819,4
1,ycup,4,44,2,0.225,0.795,4
1,ycup,4,45,2,0.211,0.839,4
1,ycup,4,46,2,0.225,0.819,4
1,ycup,4,47,2,0.28,0.805,4
1,ycup,4,48,2,0.225,0.873,4
1,ycup,4,49,2,0.352,0.581,4
1,ycup,4,50,2,0.318,0.616,4
1,ycup,4,51,2,0.352,0.646,4
1,ycup,4,52,2,0.352,0.616,4
1,ycup,4,53,2,0.298,0.596,4
1,ycup,4,54,2,0.318,0.636,4
1,ycup,4,55,2,0.354,0.425,4
1,ycup,4,56,2,0.3,0.35,4
1,ycup,4,57,2,0.32,0.414,4
1,ycup,4,58,2,0.334,0.435,4
1,ycup,4,59,2,0.34,0.374,4
1,ycup,4,60,2,0.3,0.374,4
1,ycup,4,61,2,0.384,0.742,4
1,ycup,4,62,2,0.419,0.803,4
1,ycup,4,63,2,0.439,0.763,4
1,ycup,4,64,2,0.37,0.763,4
1,ycup,4,65,2,0.384,0.718,4
1,ycup,4,66,2,0.404,0.763,4
1,ycup,4,67,2,0.406,0.054,4
1,ycup,4,68,2,0.372,0.034,4
1,ycup,4,69,2,0.406,0,4
1,ycup,4,70,2,0.441,0.064,4
1,ycup,4,71,2,0.406,0.034,4
1,ycup,4,72,2,0.441,0.034,4
1,ycup,4,73,2,0.441,0.239,4
1,ycup,4,74,2,0.441,0.27,4
1,ycup,4,75,2,0.441,0.205,4
1,ycup,4,76,2,0.386,0.219,4
1,ycup,4,77,2,0.427,0.219,4
1,ycup,4,78,2,0.421,0.28,4
1,ycup,4,79,2,0.421,0.99,4
1,ycup,4,80,2,0.386,0.984,4
1,ycup,4,81,2,0.406,0.915,4
1,ycup,4,82,2,0.441,0.95,4
1,ycup,4,83,2,0.386,0.905,4
1,ycup,4,84,2,0.441,0.98,4
1,ycup,4,85,2,0.491,0.33,4
1,ycup,4,86,2,0.477,0.374,4
1,ycup,4,87,2,0.491,0.408,4
1,ycup,4,88,2,0.511,0.374,4
1,ycup,4,89,2,0.511,0.394,4
1,ycup,4,90,2,0.525,0.414,4
1,ycup,4,91,2,0.551,0.664,4
1,ycup,4,92,2,0.531,0.674,4
1,ycup,4,93,2,0.551,0.634,4
1,ycup,4,94,2,0.517,0.654,4
1,ycup,4,95,2,0.551,0.6,4
1,ycup,4,96,2,0.497,0.668,4
1,ycup,4,97,2,0.581,0.185,4
1,ycup,4,98,2,0.602,0.111,4
1,ycup,4,99,2,0.547,0.101,4
1,ycup,4,100,2,0.547,0.179,4
1,ycup,4,101,2,0.602,0.145,4
1,ycup,4,102,2,0.588,0.125,4
1,ycup,4,103,2,0.602,0.815,4
1,ycup,4,104,2,0.588,0.829,4
1,ycup,4,105,2,0.547,0.883,4
1,ycup,4,106,2,0.567,0.869,4
1,ycup,4,107,2,0.547,0.805,4
1,ycup,4,108,2,0.602,0.879,4
1,ycup,4,109,2,0.61,0.465,4
1,ycup,4,110,2,0.61,0.499,4
1,ycup,4,111,2,0.59,0.455,4
1,ycup,4,112,2,0.644,0.529,4
1,ycup,4,113,2,0.59,0.479,4
1,ycup,4,114,2,0.575,0.499,4
1,ycup,4,115,2,0.674,0.694,4
1,ycup,4,116,2,0.742,0.66,4
1,ycup,4,117,2,0.742,0.694,4
1,ycup,4,118,2,0.708,0.694,4
1,ycup,4,119,2,0.742,0.724,4
1,ycup,4,120,2,0.728,0.674,4
1,ycup,4,121,2,0.708,0.266,4
1,ycup,4,122,2,0.674,0.3,4
1,ycup,4,123,2,0.728,0.28,4
1,ycup,4,124,2,0.688,0.256,4
1,ycup,4,125,2,0.688,0.28,4
1,ycup,4,126,2,0.688,0.334,4
1,ycup,4,127,2,0.757,0.109,4
1,ycup,4,128,2,0.777,0.089,4
1,ycup,4,129,2,0.736,0.089,4
1,ycup,4,130,2,0.722,0.109,4
1,ycup,4,131,2,0.791,0.109,4
1,ycup,4,132,2,0.791,0.074,4
1,ycup,4,133,2,0.736,0.92,4
1,ycup,4,134,2,0.771,0.926,4
1,ycup,4,135,2,0.757,0.905,4
1,ycup,4,136,2,0.757,0.885,4
1,ycup,4,137,2,0.791,0.851,4
1,ycup,4,138,2,0.736,0.841,4
1,ycup,4,139,2,0.813,0.477,4
1,ycup,4,140,2,0.793,0.517,4
1,ycup,4,141,2,0.793,0.497,4
1,ycup,4,142,2,0.827,0.463,4
1,ycup,4,143,2,0.773,0.477,4
1,ycup,4,144,2,0.827,0.527,4
1,ycup,5,1,2,0.054,0.497,5
1,ycup,5,2,2,0.02,0.517,5
1,ycup,5,3,2,0.02,0.463,5
1,ycup,5,4,2,0.04,0.477,5
1,ycup,5,5,2,0,0.453,5
1,ycup,5,6,2,0,0.531,5
1,ycup,5,7,2,0.03,0.095,5
1,ycup,5,8,2,0.085,0.115,5
1,ycup,5,9,2,0.03,0.149,5
1,ycup,5,10,2,0.03,0.07,5
1,ycup,5,11,2,0.05,0.08,5
1,ycup,5,12,2,0.085,0.08,5
1,ycup,5,13,2,0.03,0.835,5
1,ycup,5,14,2,0.07,0.859,5
1,ycup,5,15,2,0.085,0.879,5
1,ycup,5,16,2,0.03,0.913,5
1,ycup,5,17,2,0.05,0.899,5
1,ycup,5,18,2,0.05,0.879,5
1,ycup,5,19,2,0.105,0.714,5
1,ycup,5,20,2,0.119,0.734,5
1,ycup,5,21,2,0.139,0.694,5
1,ycup,5,22,2,0.139,0.66,5
1,ycup,5,23,2,0.105,0.66,5
1,ycup,5,24,2,0.085,0.674,5
1,ycup,5,25,2,0.155,0.316,5
1,ycup,5,26,2,0.135,0.302,5
1,ycup,5,27,2,0.135,0.356,5
1,ycup,5,28,2,0.101,0.336,5
1,ycup,5,29,2,0.169,0.336,5
1,ycup,5,30,2,0.135,0.336,5
1,ycup,5,31,2,0.225,0.499,5
1,ycup,5,32,2,0.205,0.539,5
1,ycup,5,33,2,0.157,0.499,5
1,ycup,5,34,2,0.211,0.479,5
1,ycup,5,35,2,0.225,0.529,5
1,ycup,5,36,2,0.171,0.455,5
1,ycup,5,37,2,0.225,0.189,5
1,ycup,5,38,2,0.245,0.175,5
1,ycup,5,39,2,0.245,0.121,5
1,ycup,5,40,2,0.245,0.155,5
1,ycup,5,41,2,0.225,0.135,5
1,ycup,5,42,2,0.28,0.121,5
1,ycup,5,43,2,0.225,0.795,5
1,ycup,5,44,2,0.211,0.839,5
1,ycup,5,45,2,0.225,0.873,5
1,ycup,5,46,2,0.225,0.819,5
1,ycup,5,47,2,0.266,0.819,5
1,ycup,5,48,2,0.245,0.839,5
1,ycup,5,49,2,0.352,0.581,5
1,ycup,5,50,2,0.298,0.596,5
1,ycup,5,51,2,0.298,0.65,5
1,ycup,5,52,2,0.318,0.636,5
1,ycup,5,53,2,0.352,0.616,5
1,ycup,5,54,2,0.352,0.646,5
1,ycup,5,55,2,0.354,0.425,5
1,ycup,5,56,2,0.3,0.35,5
1,ycup,5,57,2,0.32,0.414,5
1,ycup,5,58,2,0.334,0.435,5
1,ycup,5,59,2,0.34,0.374,5
1,ycup,5,60,2,0.3,0.374,5
1,ycup,5,61,2,0.419,0.803,5
1,ycup,5,62,2,0.404,0.763,5
1,ycup,5,63,2,0.384,0.718,5
1,ycup,5,64,2,0.439,0.763,5
1,ycup,5,65,2,0.384,0.742,5
1,ycup,5,66,2,0.37,0.763,5
1,ycup,5,67,2,0.406,0.054,5
1,ycup,5,68,2,0.372,0.034,5
1,ycup,5,69,2,0.406,0,5
1,ycup,5,70,2,0.441,0.064,5
1,ycup,5,71,2,0.406,0.034,5
1,ycup,5,72,2,0.441,0.034,5
1,ycup,5,73,2,0.441,0.239,5
1,ycup,5,74,2,0.441,0.27,5
1,ycup,5,75,2,0.441,0.205,5
1,ycup,5,76,2,0.386,0.219,5
1,ycup,5,77,2,0.427,0.219,5
1,ycup,5,78,2,0.421,0.28,5
1,ycup,5,79,2,0.421,0.99,5
1,ycup,5,80,2,0.386,0.984,5
1,ycup,5,81,2,0.406,0.915,5
1,ycup,5,82,2,0.441,0.95,5
1,ycup,5,83,2,0.386,0.905,5
1,ycup,5,84,2,0.441,0.98,5
1,ycup,5,85,2,0.491,0.33,5
1,ycup,5,86,2,0.477,0.374,5
1,ycup,5,87,2,0.491,0.408,5
1,ycup,5,88,2,0.511,0.374,5
1,ycup,5,89,2,0.511,0.394,5
1,ycup,5,90,2,0.525,0.414,5
1,ycup,5,91,2,0.551,0.634,5
1,ycup,5,92,2,0.551,0.6,5
1,ycup,5,93,2,0.531,0.674,5
1,ycup,5,94,2,0.517,0.654,5
1,ycup,5,95,2,0.551,0.664,5
1,ycup,5,96,2,0.497,0.668,5
1,ycup,5,97,2,0.581,0.185,5
1,ycup,5,98,2,0.602,0.111,5
1,ycup,5,99,2,0.547,0.101,5
1,ycup,5,100,2,0.547,0.179,5
1,ycup,5,101,2,0.602,0.145,5
1,ycup,5,102,2,0.588,0.125,5
1,ycup,5,103,2,0.602,0.815,5
1,ycup,5,104,2,0.588,0.829,5
1,ycup,5,105,2,0.547,0.883,5
1,ycup,5,106,2,0.567,0.869,5
1,ycup,5,107,2,0.547,0.805,5
1,ycup,5,108,2,0.602,0.879,5
1,ycup,5,109,2,0.61,0.465,5
1,ycup,5,110,2,0.61,0.499,5
1,ycup,5,111,2,0.59,0.455,5
1,ycup,5,112,2,0.644,0.529,5
1,ycup,5,113,2,0.59,0.479,5
1,ycup,5,114,2,0.575,0.499,5
1,ycup,5,115,2,0.674,0.694,5
1,ycup,5,116,2,0.742,0.66,5
1,ycup,5,117,2,0.742,0.694,5
1,ycup,5,118,2,0.708,0.694,5
1,ycup,5,119,2,0.742,0.724,5
1,ycup,5,120,2,0.728,0.674,5
1,ycup,5,121,2,0.708,0.266,5
1,ycup,5,122,2,0.674,0.3,5
1,ycup,5,123,2,0.728,0.28,5
1,ycup,5,124,2,0.688,0.256,5
1,ycup,5,125,2,0.688,0.28,5
1,ycup,5,126,2,0.688,0.334,5
1,ycup,5,127,2,0.757,0.109,5
1,ycup,5,128,2,0.777,0.089,5
1,ycup,5,129,2,0.736,0.089,5
1,ycup,5,130,2,0.722,0.109,5
1,ycup,5,131,2,0.791,0.109,5
1,ycup,5,132,2,0.791,0.074,5
1,ycup,5,133,2,0.736,0.92,5
1,ycup,5,134,2,0.771,0.926,5
1,ycup,5,135,2,0.757,0.905,5
1,ycup,5,136,2,0.757,0.885,5
1,ycup,5,137,2,0.791,0.851,5
1,ycup,5,138,2,0.736,0.841,5
1,ycup,5,139,2,0.813,0.477,5
1,ycup,5,140,2,0.793,0.517,5
1,ycup,5,141,2,0.793,0.497,5
1,ycup,5,142,2,0.827,0.463,5
1,ycup,5,143,2,0.773,0.477,5
1,ycup,5,144,2,0.827,0.527,5
1,ycup,6,1,2,0.054,0.497,6
1,ycup,6,2,2,0.02,0.517,6
1,ycup,6,3,2,0.02,0.463,6
1,ycup,6,4,2,0.04,0.477,6
1,ycup,6,5,2,0,0.453,6
1,ycup,6,6,2,0,0.531,6
1,ycup,6,7,2,0.03,0.095,6
1,ycup,6,8,2,0.085,0.115,6
1,ycup,6,9,2,0.03,0.149,6
1,ycup,6,10,2,0.03,0.07,6
1,ycup,6,11,2,0.05,0.08,6
1,ycup,6,12,2,0.085,0.08,6
1,ycup,6,13,2,0.03,0.913,6
1,ycup,6,14,2,0.07,0.859,6
1,ycup,6,15,2,0.05,0.879,6
1,ycup,6,16,2,0.085,0.879,6
1,ycup,6,17,2,0.05,0.899,6
1,ycup,6,18,2,0.03,0.835,6
1,ycup,6,19,2,0.105,0.714,6
1,ycup,6,20,2,0.119,0.734,6
1,ycup,6,21,2,0.139,0.694,6
1,ycup,6,22,2,0.085,0.674,6
1,ycup,6,23,2,0.105,0.66,6
1,ycup,6,24,2,0.139,0.66,6
1,ycup,6,25,2,0.155,0.316,6
1,ycup,6,26,2,0.135,0.302,6
1,ycup,6,27,2,0.135,0.356,6
1,ycup,6,28,2,0.101,0.336,6
1,ycup,6,29,2,0.169,0.336,6
1,ycup,6,30,2,0.135,0.336,6
1,ycup,6,31,2,0.225,0.499,6
1,ycup,6,32,2,0.205,0.539,6
1,ycup,6,33,2,0.157,0.499,6
1,ycup,6,34,2,0.211,0.479,6
1,ycup,6,35,2,0.225,0.529,6
1,ycup,6,36,2,0.171,0.455,6
1,ycup,6,37,2,0.225,0.189,6
1,ycup,6,38,2,0.245,0.175,6
1,ycup,6,39,2,0.245,0.121,6
1,ycup,6,40,2,0.245,0.155,6
1,ycup,6,41,2,0.225,0.135,6
1,ycup,6,42,2,0.28,0.121,6
1,ycup,6,43,2,0.266,0.819,6
1,ycup,6,44,2,0.225,0.795,6
1,ycup,6,45,2,0.211,0.839,6
1,ycup,6,46,2,0.225,0.819,6
1,ycup,6,47,2,0.28,0.805,6
1,ycup,6,48,2,0.225,0.873,6
1,ycup,6,49,2,0.352,0.581,6
1,ycup,6,50,2,0.298,0.596,6
1,ycup,6,51,2,0.298,0.65,6
1,ycup,6,52,2,0.318,0.636,6
1,ycup,6,53,2,0.352,0.616,6
1,ycup,6,54,2,0.352,0.646,6
1,ycup,6,55,2,0.354,0.425,6
1,ycup,6,56,2,0.3,0.35,6
1,ycup,6,57,2,0.32,0.414,6
1,ycup,6,58,2,0.334,0.435,6
1,ycup,6,59,2,0.34,0.374,6
1,ycup,6,60,2,0.3,0.374,6
1,ycup,6,61,2,0.384,0.742,6
1,ycup,6,62,2,0.419,0.803,6
1,ycup,6,63,2,0.439,0.763,6
1,ycup,6,64,2,0.37,0.763,6
1,ycup,6,65,2,0.384,0.718,6
1,ycup,6,66,2,0.404,0.763,6
1,ycup,6,67,2,0.406,0.054,6
1,ycup,6,68,2,0.372,0.034,6
1,ycup,6,69,2,0.406,0,6
1,ycup,6,70,2,0.441,0.064,6
1,ycup,6,71,2,0.406,0.034,6
1,ycup,6,72,2,0.441,0.034,6
1,ycup,6,73,2,0.441,0.239,6
1,ycup,6,74,2,0.441,0.27,6
1,ycup,6,75,2,0.441,0.205,6
1,ycup,6,76,2,0.386,0.219,6
1,ycup,6,77,2,0.427,0.219,6
1,ycup,6,78,2,0.421,0.28,6
1,ycup,6,79,2,0.421,0.99,6
1,ycup,6,80,2,0.386,0.984,6
1,ycup,6,81,2,0.406,0.915,6
1,ycup,6,82,2,0.441,0.95,6
1,ycup,6,83,2,0.386,0.905,6
1,ycup,6,84,2,0.441,0.98,6
1,ycup,6,85,2,0.491,0.33,6
1,ycup,6,86,2,0.477,0.374,6
1,ycup,6,87,2,0.491,0.408,6
1,ycup,6,88,2,0.511,0.374,6
1,ycup,6,89,2,0.511,0.394,6
1,ycup,6,90,2,0.525,0.414,6
1,ycup,6,91,2,0.517,0.654,6
1,ycup,6,92,2,0.551,0.6,6
1,ycup,6,93,2,0.531,0.674,6
1,ycup,6,94,2,0.497,0.668,6
1,ycup,6,95,2,0.551,0.664,6
1,ycup,6,96,2,0.517,0.634,6
1,ycup,6,97,2,0.581,0.185,6
1,ycup,6,98,2,0.602,0.145,6
1,ycup,6,99,2,0.588,0.125,6
1,ycup,6,100,2,0.602,0.111,6
1,ycup,6,101,2,0.547,0.101,6
1,ycup,6,102,2,0.547,0.179,6
1,ycup,6,103,2,0.602,0.815,6
1,ycup,6,104,2,0.588,0.829,6
1,ycup,6,105,2,0.547,0.883,6
1,ycup,6,106,2,0.567,0.869,6
1,ycup,6,107,2,0.547,0.805,6
1,ycup,6,108,2,0.602,0.879,6
1,ycup,6,109,2,0.575,0.499,6
1,ycup,6,110,2,0.61,0.499,6
1,ycup,6,111,2,0.59,0.479,6
1,ycup,6,112,2,0.61,0.465,6
1,ycup,6,113,2,0.644,0.529,6
1,ycup,6,114,2,0.59,0.455,6
1,ycup,6,115,2,0.674,0.694,6
1,ycup,6,116,2,0.742,0.66,6
1,ycup,6,117,2,0.742,0.694,6
1,ycup,6,118,2,0.708,0.694,6
1,ycup,6,119,2,0.742,0.724,6
1,ycup,6,120,2,0.728,0.674,6
1,ycup,6,121,2,0.688,0.28,6
1,ycup,6,122,2,0.674,0.3,6
1,ycup,6,123,2,0.688,0.334,6
1,ycup,6,124,2,0.688,0.256,6
1,ycup,6,125,2,0.728,0.28,6
1,ycup,6,126,2,0.708,0.266,6
1,ycup,6,127,2,0.757,0.109,6
1,ycup,6,128,2,0.777,0.089,6
1,ycup,6,129,2,0.736,0.089,6
1,ycup,6,130,2,0.722,0.109,6
1,ycup,6,131,2,0.791,0.109,6
1,ycup,6,132,2,0.791,0.074,6
1,ycup,6,133,2,0.736,0.92,6
1,ycup,6,134,2,0.771,0.926,6
1,ycup,6,135,2,0.757,0.905,6
1,ycup,6,136,2,0.757,0.885,6
1,ycup,6,137,2,0.791,0.851,6
1,ycup,6,138,2,0.736,0.841,6
1,ycup,6,139,2,0.813,0.477,6
1,ycup,6,140,2,0.793,0.517,6
1,ycup,6,141,2,0.793,0.497,6
1,ycup,6,142,2,0.827,0.463,6
1,ycup,6,143,2,0.773,0.477,6
1,ycup,6,144,2,0.827,0.527,6
1,ycup,7,1,2,0.054,0.497,7
1,ycup,7,2,2,0.02,0.517,7
1,ycup,7,3,2,0.02,0.463,7
1,ycup,7,4,2,0.04,0.477,7
1,ycup,7,5,2,0,0.453,7
1,ycup,7,6,2,0,0.531,7
1,ycup,7,7,2,0.03,0.095,7
1,ycup,7,8,2,0.085,0.115,7
1,ycup,7,9,2,0.03,0.149,7
1,ycup,7,10,2,0.03,0.07,7
1,ycup,7,11,2,0.05,0.08,7
1,ycup,7,12,2,0.085,0.08,7
1,ycup,7,13,2,0.03,0.913,7
1,ycup,7,14,2,0.07,0.859,7
1,ycup,7,15,2,0.05,0.879,7
1,ycup,7,16,2,0.085,0.879,7
1,ycup,7,17,2,0.05,0.899,7
1,ycup,7,18,2,0.03,0.835,7
1,ycup,7,19,2,0.105,0.714,7
1,ycup,7,20,2,0.119,0.734,7
1,ycup,7,21,2,0.139,0.694,7
1,ycup,7,22,2,0.085,0.674,7
1,ycup,7,23,2,0.105,0.66,7
1,ycup,7,24,2,0.139,0.66,7
1,ycup,7,25,2,0.155,0.316,7
1,ycup,7,26,2,0.135,0.302,7
1,ycup,7,27,2,0.135,0.356,7
1,ycup,7,28,2,0.101,0.336,7
1,ycup,7,29,2,0.169,0.336,7
1,ycup,7,30,2,0.135,0.336,7
1,ycup,7,31,2,0.225,0.499,7
1,ycup,7,32,2,0.205,0.539,7
1,ycup,7,33,2,0.157,0.499,7
1,ycup,7,34,2,0.211,0.479,7
1,ycup,7,35,2,0.225,0.529,7
1,ycup,7,36,2,0.171,0.455,7
1,ycup,7,37,2,0.225,0.189,7
1,ycup,7,38,2,0.245,0.175,7
1,ycup,7,39,2,0.245,0.121,7
1,ycup,7,40,2,0.245,0.155,7
1,ycup,7,41,2,0.225,0.135,7
1,ycup,7,42,2,0.28,0.121,7
1,ycup,7,43,2,0.266,0.819,7
1,ycup,7,44,2,0.225,0.819,7
1,ycup,7,45,2,0.211,0.839,7
1,ycup,7,46,2,0.28,0.805,7
1,ycup,7,47,2,0.225,0.873,7
1,ycup,7,48,2,0.225,0.795,7
1,ycup,7,49,2,0.352,0.581,7
1,ycup,7,50,2,0.352,0.616,7
1,ycup,7,51,2,0.352,0.646,7
1,ycup,7,52,2,0.318,0.636,7
1,ycup,7,53,2,0.298,0.596,7
1,ycup,7,54,2,0.298,0.65,7
1,ycup,7,55,2,0.354,0.425,7
1,ycup,7,56,2,0.3,0.35,7
1,ycup,7,57,2,0.32,0.414,7
1,ycup,7,58,2,0.334,0.435,7
1,ycup,7,59,2,0.34,0.374,7
1,ycup,7,60,2,0.3,0.374,7
1,ycup,7,61,2,0.419,0.803,7
1,ycup,7,62,2,0.404,0.763,7
1,ycup,7,63,2,0.37,0.763,7
1,ycup,7,64,2,0.439,0.763,7
1,ycup,7,65,2,0.384,0.742,7
1,ycup,7,66,2,0.384,0.718,7
1,ycup,7,67,2,0.406,0.054,7
1,ycup,7,68,2,0.372,0.034,7
1,ycup,7,69,2,0.406,0,7
1,ycup,7,70,2,0.441,0.064,7
1,ycup,7,71,2,0.406,0.034,7
1,ycup,7,72,2,0.441,0.034,7
1,ycup,7,73,2,0.441,0.239,7
1,ycup,7,74,2,0.441,0.27,7
1,ycup,7,75,2,0.441,0.205,7
1,ycup,7,76,2,0.386,0.219,7
1,ycup,7,77,2,0.427,0.219,7
1,ycup,7,78,2,0.421,0.28,7
1,ycup,7,79,2,0.386,0.905,7
1,ycup,7,80,2,0.441,0.98,7
1,ycup,7,81,2,0.421,0.99,7
1,ycup,7,82,2,0.406,0.915,7
1,ycup,7,83,2,0.386,0.984,7
1,ycup,7,84,2,0.441,0.95,7
1,ycup,7,85,2,0.491,0.33,7
1,ycup,7,86,2,0.477,0.374,7
1,ycup,7,87,2,0.491,0.408,7
1,ycup,7,88,2,0.511,0.374,7
1,ycup,7,89,2,0.511,0.394,7
1,ycup,7,90,2,0.525,0.414,7
1,ycup,7,91,2,0.551,0.664,7
1,ycup,7,92,2,0.531,0.674,7
1,ycup,7,93,2,0.551,0.634,7
1,ycup,7,94,2,0.517,0.654,7
1,ycup,7,95,2,0.551,0.6,7
1,ycup,7,96,2,0.497,0.668,7
1,ycup,7,97,2,0.581,0.185,7
1,ycup,7,98,2,0.602,0.111,7
1,ycup,7,99,2,0.547,0.101,7
1,ycup,7,100,2,0.547,0.179,7
1,ycup,7,101,2,0.602,0.145,7
1,ycup,7,102,2,0.588,0.125,7
1,ycup,7,103,2,0.602,0.815,7
1,ycup,7,104,2,0.588,0.829,7
1,ycup,7,105,2,0.547,0.883,7
1,ycup,7,106,2,0.567,0.869,7
1,ycup,7,107,2,0.547,0.805,7
1,ycup,7,108,2,0.602,0.879,7
1,ycup,7,109,2,0.61,0.465,7
1,ycup,7,110,2,0.61,0.499,7
1,ycup,7,111,2,0.59,0.455,7
1,ycup,7,112,2,0.644,0.529,7
1,ycup,7,113,2,0.59,0.479,7
1,ycup,7,114,2,0.575,0.499,7
1,ycup,7,115,2,0.674,0.694,7
1,ycup,7,116,2,0.742,0.66,7
1,ycup,7,117,2,0.742,0.694,7
1,ycup,7,118,2,0.708,0.694,7
1,ycup,7,119,2,0.742,0.724,7
1,ycup,7,120,2,0.728,0.674,7
1,ycup,7,121,2,0.708,0.266,7
1,ycup,7,122,2,0.674,0.3,7
1,ycup,7,123,2,0.728,0.28,7
1,ycup,7,124,2,0.688,0.256,7
1,ycup,7,125,2,0.688,0.28,7
1,ycup,7,126,2,0.688,0.334,7
1,ycup,7,127,2,0.757,0.109,7
1,ycup,7,128,2,0.777,0.089,7
1,ycup,7,129,2,0.736,0.089,7
1,ycup,7,130,2,0.722,0.109,7
1,ycup,7,131,2,0.791,0.109,7
1,ycup,7,132,2,0.791,0.074,7
1,ycup,7,133,2,0.736,0.92,7
1,ycup,7,134,2,0.771,0.926,7
1,ycup,7,135,2,0.757,0.905,7
1,ycup,7,136,2,0.757,0.885,7
1,ycup,7,137,2,0.791,0.851,7
1,ycup,7,138,2,0.736,0.841,7
1,ycup,7,139,2,0.813,0.477,7
1,ycup,7,140,2,0.793,0.517,7
1,ycup,7,141,2,0.793,0.497,7
1,ycup,7,142,2,0.827,0.463,7
1,ycup,7,143,2,0.773,0.477,7
1,ycup,7,144,2,0.827,0.527,7
1,ycup,8,1,2,0.02,0.463,8
1,ycup,8,2,2,0.04,0.477,8
1,ycup,8,3,2,0.02,0.517,8
1,ycup,8,4,2,0,0.453,8
1,ycup,8,5,2,0,0.531,8
1,ycup,8,6,2,0.054,0.497,8
1,ycup,8,7,2,0.03,0.095,8
1,ycup,8,8,2,0.085,0.115,8
1,ycup,8,9,2,0.03,0.149,8
1,ycup,8,10,2,0.03,0.07,8
1,ycup,8,11,2,0.05,0.08,8
1,ycup,8,12,2,0.085,0.08,8
1,ycup,8,13,2,0.05,0.899,8
1,ycup,8,14,2,0.07,0.859,8
1,ycup,8,15,2,0.05,0.879,8
1,ycup,8,16,2,0.03,0.913,8
1,ycup,8,17,2,0.085,0.879,8
1,ycup,8,18,2,0.03,0.835,8
1,ycup,8,19,2,0.105,0.66,8
1,ycup,8,20,2,0.139,0.66,8
1,ycup,8,21,2,0.119,0.734,8
1,ycup,8,22,2,0.085,0.674,8
1,ycup,8,23,2,0.139,0.694,8
1,ycup,8,24,2,0.105,0.714,8
1,ycup,8,25,2,0.155,0.316,8
1,ycup,8,26,2,0.135,0.302,8
1,ycup,8,27,2,0.135,0.356,8
1,ycup,8,28,2,0.101,0.336,8
1,ycup,8,29,2,0.169,0.336,8
1,ycup,8,30,2,0.135,0.336,8
1,ycup,8,31,2,0.157,0.499,8
1,ycup,8,32,2,0.205,0.539,8
1,ycup,8,33,2,0.171,0.455,8
1,ycup,8,34,2,0.211,0.479,8
1,ycup,8,35,2,0.225,0.499,8
1,ycup,8,36,2,0.225,0.529,8
1,ycup,8,37,2,0.225,0.189,8
1,ycup,8,38,2,0.245,0.175,8
1,ycup,8,39,2,0.245,0.121,8
1,ycup,8,40,2,0.245,0.155,8
1,ycup,8,41,2,0.225,0.135,8
1,ycup,8,42,2,0.28,0.121,8
1,ycup,8,43,2,0.266,0.819,8
1,ycup,8,44,2,0.225,0.795,8
1,ycup,8,45,2,0.211,0.839,8
1,ycup,8,46,2,0.225,0.819,8
1,ycup,8,47,2,0.28,0.805,8
1,ycup,8,48,2,0.225,0.873,8
1,ycup,8,49,2,0.352,0.581,8
1,ycup,8,50,2,0.352,0.646,8
1,ycup,8,51,2,0.352,0.616,8
1,ycup,8,52,2,0.318,0.636,8
1,ycup,8,53,2,0.298,0.596,8
1,ycup,8,54,2,0.298,0.65,8
1,ycup,8,55,2,0.354,0.425,8
1,ycup,8,56,2,0.3,0.35,8
1,ycup,8,57,2,0.32,0.414,8
1,ycup,8,58,2,0.334,0.435,8
1,ycup,8,59,2,0.34,0.374,8
1,ycup,8,60,2,0.3,0.374,8
1,ycup,8,61,2,0.384,0.742,8
1,ycup,8,62,2,0.419,0.803,8
1,ycup,8,63,2,0.439,0.763,8
1,ycup,8,64,2,0.37,0.763,8
1,ycup,8,65,2,0.384,0.718,8
1,ycup,8,66,2,0.404,0.763,8
1,ycup,8,67,2,0.406,0.054,8
1,ycup,8,68,2,0.372,0.034,8
1,ycup,8,69,2,0.406,0,8
1,ycup,8,70,2,0.441,0.064,8
1,ycup,8,71,2,0.406,0.034,8
1,ycup,8,72,2,0.441,0.034,8
1,ycup,8,73,2,0.441,0.239,8
1,ycup,8,74,2,0.441,0.27,8
1,ycup,8,75,2,0.441,0.205,8
1,ycup,8,76,2,0.386,0.219,8
1,ycup,8,77,2,0.427,0.219,8
1,ycup,8,78,2,0.421,0.28,8
1,ycup,8,79,2,0.421,0.99,8
1,ycup,8,80,2,0.386,0.984,8
1,ycup,8,81,2,0.406,0.915,8
1,ycup,8,82,2,0.441,0.95,8
1,ycup,8,83,2,0.386,0.905,8
1,ycup,8,84,2,0.441,0.98,8
1,ycup,8,85,2,0.491,0.33,8
1,ycup,8,86,2,0.477,0.374,8
1,ycup,8,87,2,0.491,0.408,8
1,ycup,8,88,2,0.511,0.374,8
1,ycup,8,89,2,0.511,0.394,8
1,ycup,8,90,2,0.525,0.414,8
1,ycup,8,91,2,0.551,0.664,8
1,ycup,8,92,2,0.531,0.674,8
1,ycup,8,93,2,0.551,0.634,8
1,ycup,8,94,2,0.517,0.654,8
1,ycup,8,95,2,0.551,0.6,8
1,ycup,8,96,2,0.497,0.668,8
1,ycup,8,97,2,0.581,0.185,8
1,ycup,8,98,2,0.602,0.111,8
1,ycup,8,99,2,0.547,0.101,8
1,ycup,8,100,2,0.547,0.179,8
1,ycup,8,101,2,0.602,0.145,8
1,ycup,8,102,2,0.588,0.125,8
1,ycup,8,103,2,0.602,0.815,8
1,ycup,8,104,2,0.588,0.829,8
1,ycup,8,105,2,0.547,0.883,8
1,ycup,8,106,2,0.567,0.869,8
1,ycup,8,107,2,0.547,0.805,8
1,ycup,8,108,2,0.602,0.879,8
1,ycup,8,109,2,0.61,0.465,8
1,ycup,8,110,2,0.61,0.499,8
1,ycup,8,111,2,0.59,0.455,8
1,ycup,8,112,2,0.644,0.529,8
1,ycup,8,113,2,0.59,0.479,8
1,ycup,8,114,2,0.575,0.499,8
1,ycup,8,115,2,0.674,0.694,8
1,ycup,8,116,2,0.742,0.66,8
1,ycup,8,117,2,0.742,0.694,8
1,ycup,8,118,2,0.708,0.694,8
1,ycup,8,119,2,0.742,0.724,8
1,ycup,8,120,2,0.728,0.674,8
1,ycup,8,121,2,0.708,0.266,8
1,ycup,8,122,2,0.674,0.3,8
1,ycup,8,123,2,0.728,0.28,8
1,ycup,8,124,2,0.688,0.256,8
1,ycup,8,125,2,0.688,0.28,8
1,ycup,8,126,2,0.688,0.334,8
1,ycup,8,127,2,0.757,0.109,8
1,ycup,8,128,2,0.777,0.089,8
1,ycup,8,129,2,0.736,0.089,8
1,ycup,8,130,2,0.722,0.109,8
1,ycup,8,131,2,0.791,0.109,8
1,ycup,8,132,2,0.791,0.074,8
1,ycup,8,133,2,0.736,0.92,8
1,ycup,8,134,2,0.771,0.926,8
1,ycup,8,135,2,0.757,0.905,8
1,ycup,8,136,2,0.757,0.885,8
1,ycup,8,137,2,0.791,0.851,8
1,ycup,8,138,2,0.736,0.841,8
1,ycup,8,139,2,0.813,0.477,8
1,ycup,8,140,2,0.793,0.517,8
1,ycup,8,141,2,0.793,0.497,8
1,ycup,8,142,2,0.827,0.463,8
1,ycup,8,143,2,0.773,0.477,8
1,ycup,8,144,2,0.827,0.527,8
1,ycup,9,1,2,0.02,0.463,9
1,ycup,9,2,2,0.02,0.517,9
1,ycup,9,3,2,0,0.453,9
1,ycup,9,4,2,0.04,0.477,9
1,ycup,9,5,2,0,0.531,9
1,ycup,9,6,2,0.054,0.497,9
1,ycup,9,7,2,0.03,0.095,9
1,ycup,9,8,2,0.085,0.115,9
1,ycup,9,9,2,0.03,0.149,9
1,ycup,9,10,2,0.03,0.07,9
1,ycup,9,11,2,0.05,0.08,9
1,ycup,9,12,2,0.085,0.08,9
1,ycup,9,13,2,0.03,0.913,9
1,ycup,9,14,2,0.07,0.859,9
1,ycup,9,15,2,0.05,0.879,9
1,ycup,9,16,2,0.085,0.879,9
1,ycup,9,17,2,0.05,0.899,9
1,ycup,9,18,2,0.03,0.835,9
1,ycup,9,19,2,0.139,0.694,9
1,ycup,9,20,2,0.119,0.734,9
1,ycup,9,21,2,0.105,0.714,9
1,ycup,9,22,2,0.139,0.66,9
1,ycup,9,23,2,0.105,0.66,9
1,ycup,9,24,2,0.085,0.674,9
1,ycup,9,25,2,0.135,0.356,9
1,ycup,9,26,2,0.101,0.336,9
1,ycup,9,27,2,0.135,0.302,9
1,ycup,9,28,2,0.169,0.336,9
1,ycup,9,29,2,0.155,0.316,9
1,ycup,9,30,2,0.135,0.336,9
1,ycup,9,31,2,0.225,0.499,9
1,ycup,9,32,2,0.205,0.539,9
1,ycup,9,33,2,0.157,0.499,9
1,ycup,9,34,2,0.211,0.479,9
1,ycup,9,35,2,0.225,0.529,9
1,ycup,9,36,2,0.171,0.455,9
1,ycup,9,37,2,0.225,0.189,9
1,ycup,9,38,2,0.245,0.175,9
1,ycup,9,39,2,0.245,0.121,9
1,ycup,9,40,2,0.245,0.155,9
1,ycup,9,41,2,0.225,0.135,9
1,ycup,9,42,2,0.28,0.121,9
1,ycup,9,43,2,0.225,0.795,9
1,ycup,9,44,2,0.211,0.839,9
1,ycup,9,45,2,0.28,0.805,9
1,ycup,9,46,2,0.225,0.819,9
1,ycup,9,47,2,0.266,0.819,9
1,ycup,9,48,2,0.225,0.873,9
1,ycup,9,49,2,0.352,0.581,9
1,ycup,9,50,2,0.298,0.596,9
1,ycup,9,51,2,0.298,0.65,9
1,ycup,9,52,2,0.318,0.636,9
1,ycup,9,53,2,0.352,0.616,9
1,ycup,9,54,2,0.352,0.646,9
1,ycup,9,55,2,0.354,0.425,9
1,ycup,9,56,2,0.3,0.35,9
1,ycup,9,57,2,0.32,0.414,9
1,ycup,9,58,2,0.334,0.435,9
1,ycup,9,59,2,0.34,0.374,9
1,ycup,9,60,2,0.3,0.374,9
1,ycup,9,61,2,0.419,0.803,9
1,ycup,9,62,2,0.404,0.763,9
1,ycup,9,63,2,0.384,0.718,9
1,ycup,9,64,2,0.439,0.763,9
1,ycup,9,65,2,0.384,0.742,9
1,ycup,9,66,2,0.37,0.763,9
1,ycup,9,67,2,0.406,0.054,9
1,ycup,9,68,2,0.372,0.034,9
1,ycup,9,69,2,0.406,0,9
1,ycup,9,70,2,0.441,0.064,9
1,ycup,9,71,2,0.406,0.034,9
1,ycup,9,72,2,0.441,0.034,9
1,ycup,9,73,2,0.441,0.239,9
1,ycup,9,74,2,0.441,0.27,9
1,ycup,9,75,2,0.441,0.205,9
1,ycup,9,76,2,0.386,0.219,9
1,ycup,9,77,2,0.427,0.219,9
1,ycup,9,78,2,0.421,0.28,9
1,ycup,9,79,2,0.421,0.99,9
1,ycup,9,80,2,0.386,0.984,9
1,ycup,9,81,2,0.406,0.915,9
1,ycup,9,82,2,0.441,0.95,9
1,ycup,9,83,2,0.386,0.905,9
1,ycup,9,84,2,0.441,0.98,9
1,ycup,9,85,2,0.491,0.33,9
1,ycup,9,86,2,0.477,0.374,9
1,ycup,9,87,2,0.491,0.408,9
1,ycup,9,88,2,0.511,0.374,9
1,ycup,9,89,2,0.511,0.394,9
1,ycup,9,90,2,0.525,0.414,9
1,ycup,9,91,2,0.551,0.664,9
1,ycup,9,92,2,0.531,0.674,9
1,ycup,9,93,2,0.551,0.634,9
1,ycup,9,94,2,0.517,0.654,9
1,ycup,9,95,2,0.551,0.6,9
1,ycup,9,96,2,0.497,0.668,9
1,ycup,9,97,2,0.581,0.185,9
1,ycup,9,98,2,0.602,0.111,9
1,ycup,9,99,2,0.547,0.101,9
1,ycup,9,100,2,0.547,0.179,9
1,ycup,9,101,2,0.602,0.145,9
1,ycup,9,102,2,0.588,0.125,9
1,ycup,9,103,2,0.602,0.815,9
1,ycup,9,104,2,0.588,0.829,9
1,ycup,9,105,2,0.547,0.883,9
1,ycup,9,106,2,0.567,0.869,9
1,ycup,9,107,2,0.547,0.805,9
1,ycup,9,108,2,0.602,0.879,9
1,ycup,9,109,2,0.61,0.465,9
1,ycup,9,110,2,0.61,0.499,9
1,ycup,9,111,2,0.59,0.455,9
1,ycup,9,112,2,0.644,0.529,9
1,ycup,9,113,2,0.59,0.479,9
1,ycup,9,114,2,0.575,0.499,9
1,ycup,9,115,2,0.674,0.694,9
1,ycup,9,116,2,0.742,0.66,9
1,ycup,9,117,2,0.742,0.694,9
1,ycup,9,118,2,0.708,0.694,9
1,ycup,9,119,2,0.742,0.724,9
1,ycup,9,120,2,0.728,0.674,9
1,ycup,9,121,2,0.708,0.266,9
1,ycup,9,122,2,0.674,0.3,9
1,ycup,9,123,2,0.728,0.28,9
1,ycup,9,124,2,0.688,0.256,9
1,ycup,9,125,2,0.688,0.28,9
1,ycup,9,126,2,0.688,0.334,9
1,ycup,9,127,2,0.757,0.109,9
1,ycup,9,128,2,0.777,0.089,9
1,ycup,9,129,2,0.736,0.089,9
1,ycup,9,130,2,0.722,0.109,9
1,ycup,9,131,2,0.791,0.109,9
1,ycup,9,132,2,0.791,0.074,9
1,ycup,9,133,2,0.736,0.92,9
1,ycup,9,134,2,0.771,0.926,9
1,ycup,9,135,2,0.757,0.905,9
1,ycup,9,136,2,0.757,0.885,9
1,ycup,9,137,2,0.791,0.851,9
1,ycup,9,138,2,0.736,0.841,9
1,ycup,9,139,2,0.813,0.477,9
1,ycup,9,140,2,0.793,0.517,9
1,ycup,9,141,2,0.793,0.497,9
1,ycup,9,142,2,0.827,0.463,9
1,ycup,9,143,2,0.773,0.477,9
1,ycup,9,144,2,0.827,0.527,9
1,ycup,10,1,2,0.054,0.497,10
1,ycup,10,2,2,0.02,0.517,10
1,ycup,10,3,2,0.02,0.463,10
1,ycup,10,4,2,0.04,0.477,10
1,ycup,10,5,2,0,0.453,10
1,ycup,10,6,2,0,0.531,10
1,ycup,10,7,2,0.03,0.095,10
1,ycup,10,8,2,0.085,0.115,10
1,ycup,10,9,2,0.03,0.149,10
1,ycup,10,10,2,0.03,0.07,10
1,ycup,10,11,2,0.05,0.08,10
1,ycup,10,12,2,0.085,0.08,10
1,ycup,10,13,2,0.03,0.913,10
1,ycup,10,14,2,0.07,0.859,10
1,ycup,10,15,2,0.05,0.879,10
1,ycup,10,16,2,0.085,0.879,10
1,ycup,10,17,2,0.05,0.899,10
1,ycup,10,18,2,0.03,0.835,10
1,ycup,10,19,2,0.105,0.714,10
1,ycup,10,20,2,0.119,0.734,10
1,ycup,10,21,2,0.139,0.694,10
1,ycup,10,22,2,0.085,0.674,10
1,ycup,10,23,2,0.105,0.66,10
1,ycup,10,24,2,0.139,0.66,10
1,ycup,10,25,2,0.155,0.316,10
1,ycup,10,26,2,0.135,0.302,10
1,ycup,10,27,2,0.135,0.356,10
1,ycup,10,28,2,0.101,0.336,10
1,ycup,10,29,2,0.169,0.336,10
1,ycup,10,30,2,0.135,0.336,10
1,ycup,10,31,2,0.225,0.499,10
1,ycup,10,32,2,0.205,0.539,10
1,ycup,10,33,2,0.157,0.499,10
1,ycup,10,34,2,0.211,0.479,10
1,ycup,10,35,2,0.225,0.529,10
1,ycup,10,36,2,0.171,0.455,10
1,ycup,10,37,2,0.225,0.189,10
1,ycup,10,38,2,0.245,0.175,10
1,ycup,10,39,2,0.245,0.121,10
1,ycup,10,40,2,0.245,0.155,10
1,ycup,10,41,2,0.225,0.135,10
1,ycup,10,42,2,0.28,0.121,10
1,ycup,10,43,2,0.266,0.819,10
1,ycup,10,44,2,0.225,0.795,10
1,ycup,10,45,2,0.211,0.839,10
1,ycup,10,46,2,0.225,0.819,10
1,ycup,10,47,2,0.28,0.805,10
1,ycup,10,48,2,0.225,0.873,10
1,ycup,10,49,2,0.352,0.581,10
1,ycup,10,50,2,0.298,0.596,10
1,ycup,10,51,2,0.298,0.65,10
1,ycup,10,52,2,0.318,0.636,10
1,ycup,10,53,2,0.352,0.616,10
1,ycup,10,54,2,0.352,0.646,10
1,ycup,10,55,2,0.354,0.425,10
1,ycup,10,56,2,0.3,0.35,10
1,ycup,10,57,2,0.32,0.414,10
1,ycup,10,58,2,0.334,0.435,10
1,ycup,10,59,2,0.34,0.374,10
1,ycup,10,60,2,0.3,0.374,10
1,ycup,10,61,2,0.384,0.742,10
1,ycup,10,62,2,0.419,0.803,10
1,ycup,10,63,2,0.439,0.763,10
1,ycup,10,64,2,0.37,0.763,10
1,ycup,10,65,2,0.384,0.718,10
1,ycup,10,66,2,0.404,0.763,10
1,ycup,10,67,2,0.406,0,10
1,ycup,10,68,2,0.406,0.034,10
1,ycup,10,69,2,0.441,0.034,10
1,ycup,10,70,2,0.406,0.054,10
1,ycup,10,71,2,0.441,0.064,10
1,ycup,10,72,2,0.372,0.034,10
1,ycup,10,73,2,0.441,0.205,10
1,ycup,10,74,2,0.441,0.27,10
1,ycup,10,75,2,0.427,0.219,10
1,ycup,10,76,2,0.421,0.28,10
1,ycup,10,77,2,0.386,0.219,10
1,ycup,10,78,2,0.441,0.239,10
1,ycup,10,79,2,0.421,0.99,10
1,ycup,10,80,2,0.386,0.984,10
1,ycup,10,81,2,0.406,0.915,10
1,ycup,10,82,2,0.441,0.95,10
1,ycup,10,83,2,0.386,0.905,10
1,ycup,10,84,2,0.441,0.98,10
1,ycup,10,85,2,0.525,0.414,10
1,ycup,10,86,2,0.491,0.33,10
1,ycup,10,87,2,0.477,0.374,10
1,ycup,10,88,2,0.511,0.374,10
1,ycup,10,89,2,0.491,0.408,10
1,ycup,10,90,2,0.511,0.394,10
1,ycup,10,91,2,0.551,0.664,10
1,ycup,10,92,2,0.531,0.674,10
1,ycup,10,93,2,0.551,0.634,10
1,ycup,10,94,2,0.517,0.654,10
1,ycup,10,95,2,0.551,0.6,10
1,ycup,10,96,2,0.497,0.668,10
1,ycup,10,97,2,0.602,0.111,10
1,ycup,10,98,2,0.602,0.145,10
1,ycup,10,99,2,0.588,0.125,10
1,ycup,10,100,2,0.581,0.185,10
1,ycup,10,101,2,0.547,0.101,10
1,ycup,10,102,2,0.547,0.179,10
1,ycup,10,103,2,0.602,0.815,10
1,ycup,10,104,2,0.588,0.829,10
1,ycup,10,105,2,0.547,0.883,10
1,ycup,10,106,2,0.567,0.869,10
1,ycup,10,107,2,0.547,0.805,10
1,ycup,10,108,2,0.602,0.879,10
1,ycup,10,109,2,0.61,0.465,10
1,ycup,10,110,2,0.61,0.499,10
1,ycup,10,111,2,0.59,0.455,10
1,ycup,10,112,2,0.644,0.529,10
1,ycup,10,113,2,0.59,0.479,10
1,ycup,10,114,2,0.575,0.499,10
1,ycup,10,115,2,0.674,0.694,10
1,ycup,10,116,2,0.742,0.66,10
1,ycup,10,117,2,0.742,0.694,10
1,ycup,10,118,2,0.708,0.694,10
1,ycup,10,119,2,0.742,0.724,10
1,ycup,10,120,2,0.728,0.674,10
1,ycup,10,121,2,0.708,0.266,10
1,ycup,10,122,2,0.674,0.3,10
1,ycup,10,123,2,0.728,0.28,10
1,ycup,10,124,2,0.688,0.256,10
1,ycup,10,125,2,0.688,0.28,10
1,ycup,10,126,2,0.688,0.334,10
1,ycup,10,127,2,0.757,0.109,10
1,ycup,10,128,2,0.777,0.089,10
1,ycup,10,129,2,0.736,0.089,10
1,ycup,10,130,2,0.722,0.109,10
1,ycup,10,131,2,0.791,0.109,10
1,ycup,10,132,2,0.791,0.074,10
1,ycup,10,133,2,0.736,0.92,10
1,ycup,10,134,2,0.771,0.926,10
1,ycup,10,135,2,0.757,0.905,10
1,ycup,10,136,2,0.757,0.885,10
1,ycup,10,137,2,0.791,0.851,10
1,ycup,10,138,2,0.736,0.841,10
1,ycup,10,139,2,0.813,0.477,10
1,ycup,10,140,2,0.793,0.517,10
1,ycup,10,141,2,0.793,0.497,10
1,ycup,10,142,2,0.827,0.463,10
1,ycup,10,143,2,0.773,0.477,10
1,ycup,10,144,2,0.827,0.527,10
2,ycup,11,1,2,0.02,0.463,1
2,ycup,11,2,2,0.02,0.517,1
2,ycup,11,3,2,0.054,0.497,1
2,ycup,11,4,2,0,0.477,1
2,ycup,11,5,2,0,0.531,1
2,ycup,11,6,2,0.054,0.527,1
2,ycup,11,7,2,0.085,0.145,1
2,ycup,11,8,2,0.085,0.08,1
2,ycup,11,9,2,0.085,0.115,1
2,ycup,11,10,2,0.03,0.095,1
2,ycup,11,11,2,0.016,0.115,1
2,ycup,11,12,2,0.05,0.08,1
2,ycup,11,13,2,0.07,0.859,1
2,ycup,11,14,2,0.064,0.92,1
2,ycup,11,15,2,0.03,0.835,1
2,ycup,11,16,2,0.085,0.879,1
2,ycup,11,17,2,0.05,0.879,1
2,ycup,11,18,2,0.03,0.913,1
2,ycup,11,19,2,0.119,0.734,1
2,ycup,11,20,2,0.105,0.66,1
2,ycup,11,21,2,0.07,0.694,1
2,ycup,11,22,2,0.139,0.724,1
2,ycup,11,23,2,0.085,0.674,1
2,ycup,11,24,2,0.139,0.694,1
2,ycup,11,25,2,0.149,0.376,1
2,ycup,11,26,2,0.135,0.356,1
2,ycup,11,27,2,0.115,0.292,1
2,ycup,11,28,2,0.155,0.316,1
2,ycup,11,29,2,0.135,0.302,1
2,ycup,11,30,2,0.169,0.302,1
2,ycup,11,31,2,0.157,0.499,1
2,ycup,11,32,2,0.205,0.539,1
2,ycup,11,33,2,0.171,0.479,1
2,ycup,11,34,2,0.211,0.479,1
2,ycup,11,35,2,0.191,0.519,1
2,ycup,11,36,2,0.191,0.465,1
2,ycup,11,37,2,0.225,0.189,1
2,ycup,11,38,2,0.245,0.121,1
2,ycup,11,39,2,0.225,0.111,1
2,ycup,11,40,2,0.28,0.185,1
2,ycup,11,41,2,0.28,0.155,1
2,ycup,11,42,2,0.225,0.135,1
2,ycup,11,43,2,0.26,0.879,1
2,ycup,11,44,2,0.211,0.839,1
2,ycup,11,45,2,0.225,0.819,1
2,ycup,11,46,2,0.245,0.859,1
2,ycup,11,47,2,0.28,0.869,1
2,ycup,11,48,2,0.28,0.805,1
2,ycup,11,49,2,0.318,0.616,1
2,ycup,11,50,2,0.318,0.636,1
2,ycup,11,51,2,0.318,0.581,1
2,ycup,11,52,2,0.352,0.581,1
2,ycup,11,53,2,0.338,0.596,1
2,ycup,11,54,2,0.298,0.571,1
2,ycup,11,55,2,0.354,0.425,1
2,ycup,11,56,2,0.3,0.429,1
2,ycup,11,57,2,0.34,0.374,1
2,ycup,11,58,2,0.32,0.414,1
2,ycup,11,59,2,0.334,0.435,1
2,ycup,11,60,2,0.3,0.35,1
2,ycup,11,61,2,0.439,0.763,1
2,ycup,11,62,2,0.439,0.728,1
2,ycup,11,63,2,0.404,0.728,1
2,ycup,11,64,2,0.419,0.803,1
2,ycup,11,65,2,0.384,0.742,1
2,ycup,11,66,2,0.404,0.783,1
2,ycup,11,67,2,0.441,0,1
2,ycup,11,68,2,0.406,0,1
2,ycup,11,69,2,0.406,0.054,1
2,ycup,11,70,2,0.406,0.034,1
2,ycup,11,71,2,0.441,0.064,1
2,ycup,11,72,2,0.386,0.014,1
2,ycup,11,73,2,0.441,0.27,1
2,ycup,11,74,2,0.386,0.219,1
2,ycup,11,75,2,0.372,0.239,1
2,ycup,11,76,2,0.406,0.205,1
2,ycup,11,77,2,0.427,0.219,1
2,ycup,11,78,2,0.406,0.26,1
2,ycup,11,79,2,0.406,0.97,1
2,ycup,11,80,2,0.441,0.98,1
2,ycup,11,81,2,0.406,0.915,1
2,ycup,11,82,2,0.386,0.905,1
2,ycup,11,83,2,0.386,0.984,1
2,ycup,11,84,2,0.427,0.93,1
2,ycup,11,85,2,0.545,0.404,1
2,ycup,11,86,2,0.525,0.414,1
2,ycup,11,87,2,0.531,0.354,1
2,ycup,11,88,2,0.511,0.374,1
2,ycup,11,89,2,0.545,0.34,1
2,ycup,11,90,2,0.477,0.374,1
2,ycup,11,91,2,0.497,0.668,1
2,ycup,11,92,2,0.551,0.664,1
2,ycup,11,93,2,0.531,0.674,1
2,ycup,11,94,2,0.551,0.634,1
2,ycup,11,95,2,0.517,0.634,1
2,ycup,11,96,2,0.517,0.6,1
2,ycup,11,97,2,0.567,0.145,1
2,ycup,11,98,2,0.602,0.145,1
2,ycup,11,99,2,0.547,0.125,1
2,ycup,11,100,2,0.588,0.125,1
2,ycup,11,101,2,0.581,0.185,1
2,ycup,11,102,2,0.567,0.165,1
2,ycup,11,103,2,0.588,0.829,1
2,ycup,11,104,2,0.602,0.879,1
2,ycup,11,105,2,0.533,0.849,1
2,ycup,11,106,2,0.581,0.889,1
2,ycup,11,107,2,0.547,0.829,1
2,ycup,11,108,2,0.547,0.805,1
2,ycup,11,109,2,0.61,0.465,1
2,ycup,11,110,2,0.59,0.479,1
2,ycup,11,111,2,0.644,0.529,1
2,ycup,11,112,2,0.63,0.479,1
2,ycup,11,113,2,0.644,0.465,1
2,ycup,11,114,2,0.575,0.499,1
2,ycup,11,115,2,0.728,0.674,1
2,ycup,11,116,2,0.674,0.694,1
2,ycup,11,117,2,0.708,0.714,1
2,ycup,11,118,2,0.688,0.674,1
2,ycup,11,119,2,0.722,0.734,1
2,ycup,11,120,2,0.742,0.694,1
2,ycup,11,121,2,0.708,0.3,1
2,ycup,11,122,2,0.728,0.28,1
2,ycup,11,123,2,0.742,0.3,1
2,ycup,11,124,2,0.708,0.266,1
2,ycup,11,125,2,0.742,0.266,1
2,ycup,11,126,2,0.688,0.334,1
2,ycup,11,127,2,0.736,0.089,1
2,ycup,11,128,2,0.791,0.074,1
2,ycup,11,129,2,0.757,0.074,1
2,ycup,11,130,2,0.736,0.143,1
2,ycup,11,131,2,0.771,0.149,1
2,ycup,11,132,2,0.757,0.129,1
2,ycup,11,133,2,0.791,0.885,1
2,ycup,11,134,2,0.757,0.851,1
2,ycup,11,135,2,0.777,0.865,1
2,ycup,11,136,2,0.757,0.905,1
2,ycup,11,137,2,0.757,0.885,1
2,ycup,11,138,2,0.736,0.841,1
2,ycup,11,139,2,0.827,0.463,1
2,ycup,11,140,2,0.793,0.517,1
2,ycup,11,141,2,0.793,0.497,1
2,ycup,11,142,2,0.773,0.477,1
2,ycup,11,143,2,0.827,0.497,1
2,ycup,11,144,2,0.793,0.463,1
2,ycup,12,1,2,0.02,0.463,2
2,ycup,12,2,2,0.02,0.517,2
2,ycup,12,3,2,0.054,0.497,2
2,ycup,12,4,2,0,0.477,2
2,ycup,12,5,2,0,0.531,2
2,ycup,12,6,2,0.054,0.527,2
2,ycup,12,7,2,0.03,0.095,2
2,ycup,12,8,2,0.05,0.08,2
2,ycup,12,9,2,0.016,0.115,2
2,ycup,12,10,2,0.085,0.145,2
2,ycup,12,11,2,0.085,0.08,2
2,ycup,12,12,2,0.085,0.115,2
2,ycup,12,13,2,0.07,0.859,2
2,ycup,12,14,2,0.064,0.92,2
2,ycup,12,15,2,0.03,0.835,2
2,ycup,12,16,2,0.085,0.879,2
2,ycup,12,17,2,0.05,0.879,2
2,ycup,12,18,2,0.03,0.913,2
2,ycup,12,19,2,0.119,0.734,2
2,ycup,12,20,2,0.105,0.66,2
2,ycup,12,21,2,0.07,0.694,2
2,ycup,12,22,2,0.139,0.724,2
2,ycup,12,23,2,0.085,0.674,2
2,ycup,12,24,2,0.139,0.694,2
2,ycup,12,25,2,0.155,0.316,2
2,ycup,12,26,2,0.169,0.302,2
2,ycup,12,27,2,0.149,0.376,2
2,ycup,12,28,2,0.115,0.292,2
2,ycup,12,29,2,0.135,0.302,2
2,ycup,12,30,2,0.135,0.356,2
2,ycup,12,31,2,0.205,0.539,2
2,ycup,12,32,2,0.211,0.479,2
2,ycup,12,33,2,0.171,0.479,2
2,ycup,12,34,2,0.191,0.465,2
2,ycup,12,35,2,0.191,0.519,2
2,ycup,12,36,2,0.157,0.499,2
2,ycup,12,37,2,0.225,0.189,2
2,ycup,12,38,2,0.245,0.121,2
2,ycup,12,39,2,0.225,0.111,2
2,ycup,12,40,2,0.28,0.185,2
2,ycup,12,41,2,0.28,0.155,2
2,ycup,12,42,2,0.225,0.135,2
2,ycup,12,43,2,0.26,0.879,2
2,ycup,12,44,2,0.211,0.839,2
2,ycup,12,45,2,0.225,0.819,2
2,ycup,12,46,2,0.245,0.859,2
2,ycup,12,47,2,0.28,0.869,2
2,ycup,12,48,2,0.28,0.805,2
2,ycup,12,49,2,0.298,0.571,2
2,ycup,12,50,2,0.298,0.65,2
2,ycup,12,51,2,0.318,0.636,2
2,ycup,12,52,2,0.352,0.581,2
2,ycup,12,53,2,0.318,0.581,2
2,ycup,12,54,2,0.338,0.596,2
2,ycup,12,55,2,0.354,0.425,2
2,ycup,12,56,2,0.3,0.429,2
2,ycup,12,57,2,0.34,0.374,2
2,ycup,12,58,2,0.32,0.414,2
2,ycup,12,59,2,0.334,0.435,2
2,ycup,12,60,2,0.3,0.35,2
2,ycup,12,61,2,0.404,0.728,2
2,ycup,12,62,2,0.419,0.803,2
2,ycup,12,63,2,0.384,0.742,2
2,ycup,12,64,2,0.439,0.728,2
2,ycup,12,65,2,0.404,0.783,2
2,ycup,12,66,2,0.439,0.763,2
2,ycup,12,67,2,0.441,0,2
2,ycup,12,68,2,0.406,0,2
2,ycup,12,69,2,0.406,0.054,2
2,ycup,12,70,2,0.406,0.034,2
2,ycup,12,71,2,0.441,0.064,2
2,ycup,12,72,2,0.386,0.014,2
2,ycup,12,73,2,0.441,0.27,2
2,ycup,12,74,2,0.386,0.219,2
2,ycup,12,75,2,0.372,0.239,2
2,ycup,12,76,2,0.406,0.205,2
2,ycup,12,77,2,0.427,0.219,2
2,ycup,12,78,2,0.406,0.26,2
2,ycup,12,79,2,0.386,0.905,2
2,ycup,12,80,2,0.441,0.98,2
2,ycup,12,81,2,0.386,0.984,2
2,ycup,12,82,2,0.427,0.93,2
2,ycup,12,83,2,0.406,0.97,2
2,ycup,12,84,2,0.406,0.915,2
2,ycup,12,85,2,0.545,0.404,2
2,ycup,12,86,2,0.525,0.414,2
2,ycup,12,87,2,0.531,0.354,2
2,ycup,12,88,2,0.511,0.374,2
2,ycup,12,89,2,0.545,0.34,2
2,ycup,12,90,2,0.477,0.374,2
2,ycup,12,91,2,0.531,0.674,2
2,ycup,12,92,2,0.551,0.664,2
2,ycup,12,93,2,0.551,0.634,2
2,ycup,12,94,2,0.497,0.668,2
2,ycup,12,95,2,0.517,0.634,2
2,ycup,12,96,2,0.517,0.6,2
2,ycup,12,97,2,0.567,0.145,2
2,ycup,12,98,2,0.602,0.145,2
2,ycup,12,99,2,0.547,0.125,2
2,ycup,12,100,2,0.588,0.125,2
2,ycup,12,101,2,0.581,0.185,2
2,ycup,12,102,2,0.567,0.165,2
2,ycup,12,103,2,0.547,0.805,2
2,ycup,12,104,2,0.533,0.849,2
2,ycup,12,105,2,0.588,0.829,2
2,ycup,12,106,2,0.602,0.879,2
2,ycup,12,107,2,0.581,0.889,2
2,ycup,12,108,2,0.547,0.829,2
2,ycup,12,109,2,0.61,0.465,2
2,ycup,12,110,2,0.59,0.479,2
2,ycup,12,111,2,0.644,0.529,2
2,ycup,12,112,2,0.63,0.479,2
2,ycup,12,113,2,0.644,0.465,2
2,ycup,12,114,2,0.575,0.499,2
2,ycup,12,115,2,0.728,0.674,2
2,ycup,12,116,2,0.674,0.694,2
2,ycup,12,117,2,0.708,0.714,2
2,ycup,12,118,2,0.688,0.674,2
2,ycup,12,119,2,0.722,0.734,2
2,ycup,12,120,2,0.742,0.694,2
2,ycup,12,121,2,0.708,0.3,2
2,ycup,12,122,2,0.728,0.28,2
2,ycup,12,123,2,0.742,0.3,2
2,ycup,12,124,2,0.708,0.266,2
2,ycup,12,125,2,0.742,0.266,2
2,ycup,12,126,2,0.688,0.334,2
2,ycup,12,127,2,0.736,0.089,2
2,ycup,12,128,2,0.791,0.074,2
2,ycup,12,129,2,0.757,0.074,2
2,ycup,12,130,2,0.736,0.143,2
2,ycup,12,131,2,0.771,0.149,2
2,ycup,12,132,2,0.757,0.129,2
2,ycup,12,133,2,0.791,0.885,2
2,ycup,12,134,2,0.757,0.851,2
2,ycup,12,135,2,0.777,0.865,2
2,ycup,12,136,2,0.757,0.905,2
2,ycup,12,137,2,0.757,0.885,2
2,ycup,12,138,2,0.736,0.841,2
2,ycup,12,139,2,0.827,0.463,2
2,ycup,12,140,2,0.793,0.517,2
2,ycup,12,141,2,0.793,0.497,2
2,ycup,12,142,2,0.773,0.477,2
2,ycup,12,143,2,0.827,0.497,2
2,ycup,12,144,2,0.793,0.463,2
2,ycup,13,1,2,0.02,0.463,3
2,ycup,13,2,2,0.02,0.517,3
2,ycup,13,3,2,0.054,0.497,3
2,ycup,13,4,2,0,0.477,3
2,ycup,13,5,2,0,0.531,3
2,ycup,13,6,2,0.054,0.527,3
2,ycup,13,7,2,0.085,0.08,3
2,ycup,13,8,2,0.085,0.145,3
2,ycup,13,9,2,0.085,0.115,3
2,ycup,13,10,2,0.03,0.095,3
2,ycup,13,11,2,0.016,0.115,3
2,ycup,13,12,2,0.05,0.08,3
2,ycup,13,13,2,0.07,0.859,3
2,ycup,13,14,2,0.064,0.92,3
2,ycup,13,15,2,0.03,0.835,3
2,ycup,13,16,2,0.085,0.879,3
2,ycup,13,17,2,0.05,0.879,3
2,ycup,13,18,2,0.03,0.913,3
2,ycup,13,19,2,0.119,0.734,3
2,ycup,13,20,2,0.105,0.66,3
2,ycup,13,21,2,0.07,0.694,3
2,ycup,13,22,2,0.139,0.724,3
2,ycup,13,23,2,0.085,0.674,3
2,ycup,13,24,2,0.139,0.694,3
2,ycup,13,25,2,0.149,0.376,3
2,ycup,13,26,2,0.115,0.292,3
2,ycup,13,27,2,0.155,0.316,3
2,ycup,13,28,2,0.135,0.356,3
2,ycup,13,29,2,0.135,0.302,3
2,ycup,13,30,2,0.169,0.302,3
2,ycup,13,31,2,0.205,0.539,3
2,ycup,13,32,2,0.157,0.499,3
2,ycup,13,33,2,0.191,0.465,3
2,ycup,13,34,2,0.191,0.519,3
2,ycup,13,35,2,0.211,0.479,3
2,ycup,13,36,2,0.171,0.479,3
2,ycup,13,37,2,0.225,0.189,3
2,ycup,13,38,2,0.225,0.135,3
2,ycup,13,39,2,0.28,0.155,3
2,ycup,13,40,2,0.245,0.121,3
2,ycup,13,41,2,0.225,0.111,3
2,ycup,13,42,2,0.28,0.185,3
2,ycup,13,43,2,0.26,0.879,3
2,ycup,13,44,2,0.211,0.839,3
2,ycup,13,45,2,0.225,0.819,3
2,ycup,13,46,2,0.245,0.859,3
2,ycup,13,47,2,0.28,0.869,3
2,ycup,13,48,2,0.28,0.805,3
2,ycup,13,49,2,0.298,0.571,3
2,ycup,13,50,2,0.318,0.636,3
2,ycup,13,51,2,0.352,0.581,3
2,ycup,13,52,2,0.338,0.596,3
2,ycup,13,53,2,0.318,0.581,3
2,ycup,13,54,2,0.298,0.65,3
2,ycup,13,55,2,0.354,0.425,3
2,ycup,13,56,2,0.3,0.429,3
2,ycup,13,57,2,0.34,0.374,3
2,ycup,13,58,2,0.32,0.414,3
2,ycup,13,59,2,0.334,0.435,3
2,ycup,13,60,2,0.3,0.35,3
2,ycup,13,61,2,0.439,0.763,3
2,ycup,13,62,2,0.439,0.728,3
2,ycup,13,63,2,0.404,0.728,3
2,ycup,13,64,2,0.419,0.803,3
2,ycup,13,65,2,0.384,0.742,3
2,ycup,13,66,2,0.404,0.783,3
2,ycup,13,67,2,0.406,0.054,3
2,ycup,13,68,2,0.406,0,3
2,ycup,13,69,2,0.406,0.034,3
2,ycup,13,70,2,0.406,0.034,3
2,ycup,13,71,2,0.406,0.034,3
2,ycup,13,72,2,0.441,0,3
2,ycup,13,73,2,0.372,0.239,3
2,ycup,13,74,2,0.427,0.219,3
2,ycup,13,75,2,0.406,0.26,3
2,ycup,13,76,2,0.441,0.27,3
2,ycup,13,77,2,0.386,0.219,3
2,ycup,13,78,2,0.406,0.205,3
2,ycup,13,79,2,0.406,0.97,3
2,ycup,13,80,2,0.441,0.98,3
2,ycup,13,81,2,0.406,0.915,3
2,ycup,13,82,2,0.386,0.905,3
2,ycup,13,83,2,0.386,0.984,3
2,ycup,13,84,2,0.427,0.93,3
2,ycup,13,85,2,0.545,0.404,3
2,ycup,13,86,2,0.525,0.414,3
2,ycup,13,87,2,0.531,0.354,3
2,ycup,13,88,2,0.511,0.374,3
2,ycup,13,89,2,0.545,0.34,3
2,ycup,13,90,2,0.477,0.374,3
2,ycup,13,91,2,0.497,0.668,3
2,ycup,13,92,2,0.551,0.664,3
2,ycup,13,93,2,0.531,0.674,3
2,ycup,13,94,2,0.551,0.634,3
2,ycup,13,95,2,0.517,0.634,3
2,ycup,13,96,2,0.517,0.6,3
2,ycup,13,97,2,0.547,0.125,3
2,ycup,13,98,2,0.567,0.165,3
2,ycup,13,99,2,0.567,0.145,3
2,ycup,13,100,2,0.602,0.145,3
2,ycup,13,101,2,0.581,0.185,3
2,ycup,13,102,2,0.588,0.125,3
2,ycup,13,103,2,0.588,0.829,3
2,ycup,13,104,2,0.602,0.879,3
2,ycup,13,105,2,0.533,0.849,3
2,ycup,13,106,2,0.581,0.889,3
2,ycup,13,107,2,0.547,0.829,3
2,ycup,13,108,2,0.547,0.805,3
2,ycup,13,109,2,0.61,0.465,3
2,ycup,13,110,2,0.59,0.479,3
2,ycup,13,111,2,0.644,0.529,3
2,ycup,13,112,2,0.63,0.479,3
2,ycup,13,113,2,0.644,0.465,3
2,ycup,13,114,2,0.575,0.499,3
2,ycup,13,115,2,0.728,0.674,3
2,ycup,13,116,2,0.674,0.694,3
2,ycup,13,117,2,0.708,0.714,3
2,ycup,13,118,2,0.688,0.674,3
2,ycup,13,119,2,0.722,0.734,3
2,ycup,13,120,2,0.742,0.694,3
2,ycup,13,121,2,0.708,0.3,3
2,ycup,13,122,2,0.728,0.28,3
2,ycup,13,123,2,0.742,0.3,3
2,ycup,13,124,2,0.708,0.266,3
2,ycup,13,125,2,0.742,0.266,3
2,ycup,13,126,2,0.688,0.334,3
2,ycup,13,127,2,0.736,0.089,3
2,ycup,13,128,2,0.791,0.074,3
2,ycup,13,129,2,0.757,0.074,3
2,ycup,13,130,2,0.736,0.143,3
2,ycup,13,131,2,0.771,0.149,3
2,ycup,13,132,2,0.757,0.129,3
2,ycup,13,133,2,0.791,0.885,3
2,ycup,13,134,2,0.757,0.851,3
2,ycup,13,135,2,0.777,0.865,3
2,ycup,13,136,2,0.757,0.905,3
2,ycup,13,137,2,0.757,0.885,3
2,ycup,13,138,2,0.736,0.841,3
2,ycup,13,139,2,0.827,0.463,3
2,ycup,13,140,2,0.793,0.517,3
2,ycup,13,141,2,0.793,0.497,3
2,ycup,13,142,2,0.773,0.477,3
2,ycup,13,143,2,0.827,0.497,3
2,ycup,13,144,2,0.793,0.463,3
2,ycup,14,1,2,0.054,0.527,4
2,ycup,14,2,2,0.054,0.497,4
2,ycup,14,3,2,0.02,0.463,4
2,ycup,14,4,2,0,0.531,4
2,ycup,14,5,2,0,0.477,4
2,ycup,14,6,2,0.02,0.517,4
2,ycup,14,7,2,0.085,0.08,4
2,ycup,14,8,2,0.085,0.145,4
2,ycup,14,9,2,0.085,0.115,4
2,ycup,14,10,2,0.03,0.095,4
2,ycup,14,11,2,0.016,0.115,4
2,ycup,14,12,2,0.05,0.08,4
2,ycup,14,13,2,0.07,0.859,4
2,ycup,14,14,2,0.064,0.92,4
2,ycup,14,15,2,0.03,0.835,4
2,ycup,14,16,2,0.085,0.879,4
2,ycup,14,17,2,0.05,0.879,4
2,ycup,14,18,2,0.03,0.913,4
2,ycup,14,19,2,0.119,0.734,4
2,ycup,14,20,2,0.105,0.66,4
2,ycup,14,21,2,0.07,0.694,4
2,ycup,14,22,2,0.139,0.724,4
2,ycup,14,23,2,0.085,0.674,4
2,ycup,14,24,2,0.139,0.694,4
2,ycup,14,25,2,0.149,0.376,4
2,ycup,14,26,2,0.115,0.292,4
2,ycup,14,27,2,0.155,0.316,4
2,ycup,14,28,2,0.135,0.356,4
2,ycup,14,29,2,0.135,0.302,4
2,ycup,14,30,2,0.169,0.302,4
2,ycup,14,31,2,0.205,0.539,4
2,ycup,14,32,2,0.157,0.499,4
2,ycup,14,33,2,0.191,0.465,4
2,ycup,14,34,2,0.191,0.519,4
2,ycup,14,35,2,0.211,0.479,4
2,ycup,14,36,2,0.171,0.479,4
2,ycup,14,37,2,0.225,0.189,4
2,ycup,14,38,2,0.28,0.185,4
2,ycup,14,39,2,0.225,0.135,4
2,ycup,14,40,2,0.245,0.121,4
2,ycup,14,41,2,0.225,0.111,4
2,ycup,14,42,2,0.28,0.155,4
2,ycup,14,43,2,0.26,0.879,4
2,ycup,14,44,2,0.211,0.839,4
2,ycup,14,45,2,0.225,0.819,4
2,ycup,14,46,2,0.245,0.859,4
2,ycup,14,47,2,0.28,0.869,4
2,ycup,14,48,2,0.28,0.805,4
2,ycup,14,49,2,0.298,0.571,4
2,ycup,14,50,2,0.318,0.636,4
2,ycup,14,51,2,0.318,0.581,4
2,ycup,14,52,2,0.352,0.581,4
2,ycup,14,53,2,0.338,0.596,4
2,ycup,14,54,2,0.298,0.65,4
2,ycup,14,55,2,0.354,0.425,4
2,ycup,14,56,2,0.3,0.429,4
2,ycup,14,57,2,0.34,0.374,4
2,ycup,14,58,2,0.32,0.414,4
2,ycup,14,59,2,0.334,0.435,4
2,ycup,14,60,2,0.3,0.35,4
2,ycup,14,61,2,0.439,0.763,4
2,ycup,14,62,2,0.439,0.728,4
2,ycup,14,63,2,0.404,0.728,4
2,ycup,14,64,2,0.419,0.803,4
2,ycup,14,65,2,0.384,0.742,4
2,ycup,14,66,2,0.404,0.783,4
2,ycup,14,67,2,0.386,0.014,4
2,ycup,14,68,2,0.441,0.064,4
2,ycup,14,69,2,0.441,0,4
2,ycup,14,70,2,0.406,0.054,4
2,ycup,14,71,2,0.406,0,4
2,ycup,14,72,2,0.406,0.034,4
2,ycup,14,73,2,0.406,0.26,4
2,ycup,14,74,2,0.386,0.219,4
2,ycup,14,75,2,0.441,0.27,4
2,ycup,14,76,2,0.372,0.239,4
2,ycup,14,77,2,0.406,0.205,4
2,ycup,14,78,2,0.427,0.219,4
2,ycup,14,79,2,0.406,0.97,4
2,ycup,14,80,2,0.441,0.98,4
2,ycup,14,81,2,0.406,0.915,4
2,ycup,14,82,2,0.386,0.905,4
2,ycup,14,83,2,0.386,0.984,4
2,ycup,14,84,2,0.427,0.93,4
2,ycup,14,85,2,0.545,0.404,4
2,ycup,14,86,2,0.525,0.414,4
2,ycup,14,87,2,0.531,0.354,4
2,ycup,14,88,2,0.511,0.374,4
2,ycup,14,89,2,0.545,0.34,4
2,ycup,14,90,2,0.477,0.374,4
2,ycup,14,91,2,0.497,0.668,4
2,ycup,14,92,2,0.551,0.664,4
2,ycup,14,93,2,0.531,0.674,4
2,ycup,14,94,2,0.551,0.634,4
2,ycup,14,95,2,0.517,0.634,4
2,ycup,14,96,2,0.517,0.6,4
2,ycup,14,97,2,0.602,0.145,4
2,ycup,14,98,2,0.581,0.185,4
2,ycup,14,99,2,0.567,0.145,4
2,ycup,14,100,2,0.567,0.165,4
2,ycup,14,101,2,0.588,0.125,4
2,ycup,14,102,2,0.547,0.125,4
2,ycup,14,103,2,0.588,0.829,4
2,ycup,14,104,2,0.602,0.879,4
2,ycup,14,105,2,0.533,0.849,4
2,ycup,14,106,2,0.581,0.889,4
2,ycup,14,107,2,0.547,0.829,4
2,ycup,14,108,2,0.547,0.805,4
2,ycup,14,109,2,0.61,0.465,4
2,ycup,14,110,2,0.59,0.479,4
2,ycup,14,111,2,0.644,0.529,4
2,ycup,14,112,2,0.63,0.479,4
2,ycup,14,113,2,0.644,0.465,4
2,ycup,14,114,2,0.575,0.499,4
2,ycup,14,115,2,0.728,0.674,4
2,ycup,14,116,2,0.674,0.694,4
2,ycup,14,117,2,0.708,0.714,4
2,ycup,14,118,2,0.688,0.674,4
2,ycup,14,119,2,0.722,0.734,4
2,ycup,14,120,2,0.742,0.694,4
2,ycup,14,121,2,0.728,0.28,4
2,ycup,14,122,2,0.742,0.266,4
2,ycup,14,123,2,0.708,0.266,4
2,ycup,14,124,2,0.708,0.3,4
2,ycup,14,125,2,0.688,0.334,4
2,ycup,14,126,2,0.742,0.3,4
2,ycup,14,127,2,0.791,0.074,4
2,ycup,14,128,2,0.757,0.074,4
2,ycup,14,129,2,0.736,0.143,4
2,ycup,14,130,2,0.736,0.089,4
2,ycup,14,131,2,0.771,0.149,4
2,ycup,14,132,2,0.757,0.129,4
2,ycup,14,133,2,0.791,0.885,4
2,ycup,14,134,2,0.757,0.851,4
2,ycup,14,135,2,0.777,0.865,4
2,ycup,14,136,2,0.757,0.905,4
2,ycup,14,137,2,0.757,0.885,4
2,ycup,14,138,2,0.736,0.841,4
2,ycup,14,139,2,0.827,0.463,4
2,ycup,14,140,2,0.793,0.517,4
2,ycup,14,141,2,0.793,0.497,4
2,ycup,14,142,2,0.773,0.477,4
2,ycup,14,143,2,0.827,0.497,4
2,ycup,14,144,2,0.793,0.463,4
2,ycup,15,1,2,0.02,0.463,5
2,ycup,15,2,2,0.02,0.517,5
2,ycup,15,3,2,0.054,0.497,5
2,ycup,15,4,2,0,0.477,5
2,ycup,15,5,2,0,0.531,5
2,ycup,15,6,2,0.054,0.527,5
2,ycup,15,7,2,0.03,0.095,5
2,ycup,15,8,2,0.05,0.08,5
2,ycup,15,9,2,0.016,0.115,5
2,ycup,15,10,2,0.085,0.145,5
2,ycup,15,11,2,0.085,0.08,5
2,ycup,15,12,2,0.085,0.115,5
2,ycup,15,13,2,0.064,0.92,5
2,ycup,15,14,2,0.03,0.913,5
2,ycup,15,15,2,0.085,0.879,5
2,ycup,15,16,2,0.07,0.859,5
2,ycup,15,17,2,0.03,0.835,5
2,ycup,15,18,2,0.05,0.879,5
2,ycup,15,19,2,0.119,0.734,5
2,ycup,15,20,2,0.105,0.66,5
2,ycup,15,21,2,0.07,0.694,5
2,ycup,15,22,2,0.139,0.724,5
2,ycup,15,23,2,0.085,0.674,5
2,ycup,15,24,2,0.139,0.694,5
2,ycup,15,25,2,0.155,0.316,5
2,ycup,15,26,2,0.169,0.302,5
2,ycup,15,27,2,0.149,0.376,5
2,ycup,15,28,2,0.115,0.292,5
2,ycup,15,29,2,0.135,0.302,5
2,ycup,15,30,2,0.135,0.356,5
2,ycup,15,31,2,0.205,0.539,5
2,ycup,15,32,2,0.211,0.479,5
2,ycup,15,33,2,0.171,0.479,5
2,ycup,15,34,2,0.191,0.465,5
2,ycup,15,35,2,0.191,0.519,5
2,ycup,15,36,2,0.157,0.499,5
2,ycup,15,37,2,0.225,0.189,5
2,ycup,15,38,2,0.245,0.121,5
2,ycup,15,39,2,0.225,0.111,5
2,ycup,15,40,2,0.28,0.185,5
2,ycup,15,41,2,0.28,0.155,5
2,ycup,15,42,2,0.225,0.135,5
2,ycup,15,43,2,0.28,0.869,5
2,ycup,15,44,2,0.225,0.819,5
2,ycup,15,45,2,0.211,0.839,5
2,ycup,15,46,2,0.245,0.859,5
2,ycup,15,47,2,0.28,0.805,5
2,ycup,15,48,2,0.26,0.879,5
2,ycup,15,49,2,0.298,0.571,5
2,ycup,15,50,2,0.338,0.596,5
2,ycup,15,51,2,0.318,0.636,5
2,ycup,15,52,2,0.318,0.581,5
2,ycup,15,53,2,0.352,0.581,5
2,ycup,15,54,2,0.298,0.65,5
2,ycup,15,55,2,0.3,0.429,5
2,ycup,15,56,2,0.334,0.435,5
2,ycup,15,57,2,0.354,0.425,5
2,ycup,15,58,2,0.32,0.414,5
2,ycup,15,59,2,0.34,0.374,5
2,ycup,15,60,2,0.3,0.35,5
2,ycup,15,61,2,0.419,0.803,5
2,ycup,15,62,2,0.404,0.728,5
2,ycup,15,63,2,0.439,0.763,5
2,ycup,15,64,2,0.384,0.742,5
2,ycup,15,65,2,0.439,0.728,5
2,ycup,15,66,2,0.404,0.783,5
2,ycup,15,67,2,0.441,0,5
2,ycup,15,68,2,0.406,0,5
2,ycup,15,69,2,0.406,0.054,5
2,ycup,15,70,2,0.406,0.034,5
2,ycup,15,71,2,0.441,0.064,5
2,ycup,15,72,2,0.386,0.014,5
2,ycup,15,73,2,0.386,0.219,5
2,ycup,15,74,2,0.372,0.239,5
2,ycup,15,75,2,0.441,0.27,5
2,ycup,15,76,2,0.406,0.205,5
2,ycup,15,77,2,0.427,0.219,5
2,ycup,15,78,2,0.406,0.26,5
2,ycup,15,79,2,0.427,0.93,5
2,ycup,15,80,2,0.386,0.984,5
2,ycup,15,81,2,0.406,0.915,5
2,ycup,15,82,2,0.441,0.98,5
2,ycup,15,83,2,0.406,0.97,5
2,ycup,15,84,2,0.386,0.905,5
2,ycup,15,85,2,0.525,0.414,5
2,ycup,15,86,2,0.545,0.404,5
2,ycup,15,87,2,0.511,0.374,5
2,ycup,15,88,2,0.531,0.354,5
2,ycup,15,89,2,0.545,0.34,5
2,ycup,15,90,2,0.477,0.374,5
2,ycup,15,91,2,0.517,0.634,5
2,ycup,15,92,2,0.551,0.664,5
2,ycup,15,93,2,0.497,0.668,5
2,ycup,15,94,2,0.531,0.674,5
2,ycup,15,95,2,0.551,0.634,5
2,ycup,15,96,2,0.517,0.6,5
2,ycup,15,97,2,0.567,0.145,5
2,ycup,15,98,2,0.602,0.145,5
2,ycup,15,99,2,0.547,0.125,5
2,ycup,15,100,2,0.588,0.125,5
2,ycup,15,101,2,0.581,0.185,5
2,ycup,15,102,2,0.567,0.165,5
2,ycup,15,103,2,0.547,0.805,5
2,ycup,15,104,2,0.581,0.889,5
2,ycup,15,105,2,0.602,0.879,5
2,ycup,15,106,2,0.547,0.829,5
2,ycup,15,107,2,0.588,0.829,5
2,ycup,15,108,2,0.533,0.849,5
2,ycup,15,109,2,0.63,0.479,5
2,ycup,15,110,2,0.644,0.465,5
2,ycup,15,111,2,0.61,0.465,5
2,ycup,15,112,2,0.59,0.479,5
2,ycup,15,113,2,0.644,0.529,5
2,ycup,15,114,2,0.575,0.499,5
2,ycup,15,115,2,0.708,0.714,5
2,ycup,15,116,2,0.728,0.674,5
2,ycup,15,117,2,0.742,0.694,5
2,ycup,15,118,2,0.674,0.694,5
2,ycup,15,119,2,0.722,0.734,5
2,ycup,15,120,2,0.688,0.674,5
2,ycup,15,121,2,0.708,0.3,5
2,ycup,15,122,2,0.728,0.28,5
2,ycup,15,123,2,0.742,0.3,5
2,ycup,15,124,2,0.708,0.266,5
2,ycup,15,125,2,0.742,0.266,5
2,ycup,15,126,2,0.688,0.334,5
2,ycup,15,127,2,0.736,0.089,5
2,ycup,15,128,2,0.791,0.074,5
2,ycup,15,129,2,0.757,0.074,5
2,ycup,15,130,2,0.736,0.143,5
2,ycup,15,131,2,0.771,0.149,5
2,ycup,15,132,2,0.757,0.129,5
2,ycup,15,133,2,0.791,0.885,5
2,ycup,15,134,2,0.757,0.851,5
2,ycup,15,135,2,0.777,0.865,5
2,ycup,15,136,2,0.757,0.905,5
2,ycup,15,137,2,0.757,0.885,5
2,ycup,15,138,2,0.736,0.841,5
2,ycup,15,139,2,0.827,0.463,5
2,ycup,15,140,2,0.793,0.517,5
2,ycup,15,141,2,0.793,0.497,5
2,ycup,15,142,2,0.773,0.477,5
2,ycup,15,143,2,0.827,0.497,5
2,ycup,15,144,2,0.793,0.463,5
2,ycup,16,1,2,0.054,0.527,6
2,ycup,16,2,2,0.054,0.497,6
2,ycup,16,3,2,0.02,0.517,6
2,ycup,16,4,2,0,0.531,6
2,ycup,16,5,2,0,0.477,6
2,ycup,16,6,2,0.02,0.463,6
2,ycup,16,7,2,0.085,0.145,6
2,ycup,16,8,2,0.085,0.08,6
2,ycup,16,9,2,0.085,0.115,6
2,ycup,16,10,2,0.03,0.095,6
2,ycup,16,11,2,0.016,0.115,6
2,ycup,16,12,2,0.05,0.08,6
2,ycup,16,13,2,0.064,0.92,6
2,ycup,16,14,2,0.085,0.879,6
2,ycup,16,15,2,0.03,0.913,6
2,ycup,16,16,2,0.07,0.859,6
2,ycup,16,17,2,0.03,0.835,6
2,ycup,16,18,2,0.05,0.879,6
2,ycup,16,19,2,0.139,0.694,6
2,ycup,16,20,2,0.07,0.694,6
2,ycup,16,21,2,0.119,0.734,6
2,ycup,16,22,2,0.085,0.674,6
2,ycup,16,23,2,0.105,0.66,6
2,ycup,16,24,2,0.139,0.724,6
2,ycup,16,25,2,0.149,0.376,6
2,ycup,16,26,2,0.115,0.292,6
2,ycup,16,27,2,0.155,0.316,6
2,ycup,16,28,2,0.135,0.302,6
2,ycup,16,29,2,0.135,0.356,6
2,ycup,16,30,2,0.169,0.302,6
2,ycup,16,31,2,0.205,0.539,6
2,ycup,16,32,2,0.171,0.479,6
2,ycup,16,33,2,0.191,0.519,6
2,ycup,16,34,2,0.191,0.465,6
2,ycup,16,35,2,0.211,0.479,6
2,ycup,16,36,2,0.157,0.499,6
2,ycup,16,37,2,0.225,0.135,6
2,ycup,16,38,2,0.225,0.111,6
2,ycup,16,39,2,0.225,0.189,6
2,ycup,16,40,2,0.28,0.155,6
2,ycup,16,41,2,0.28,0.185,6
2,ycup,16,42,2,0.245,0.121,6
2,ycup,16,43,2,0.28,0.869,6
2,ycup,16,44,2,0.225,0.819,6
2,ycup,16,45,2,0.211,0.839,6
2,ycup,16,46,2,0.245,0.859,6
2,ycup,16,47,2,0.28,0.805,6
2,ycup,16,48,2,0.26,0.879,6
2,ycup,16,49,2,0.318,0.636,6
2,ycup,16,50,2,0.352,0.581,6
2,ycup,16,51,2,0.318,0.581,6
2,ycup,16,52,2,0.338,0.596,6
2,ycup,16,53,2,0.298,0.571,6
2,ycup,16,54,2,0.298,0.65,6
2,ycup,16,55,2,0.354,0.425,6
2,ycup,16,56,2,0.3,0.429,6
2,ycup,16,57,2,0.34,0.374,6
2,ycup,16,58,2,0.32,0.414,6
2,ycup,16,59,2,0.334,0.435,6
2,ycup,16,60,2,0.3,0.35,6
2,ycup,16,61,2,0.404,0.728,6
2,ycup,16,62,2,0.439,0.728,6
2,ycup,16,63,2,0.439,0.763,6
2,ycup,16,64,2,0.419,0.803,6
2,ycup,16,65,2,0.404,0.783,6
2,ycup,16,66,2,0.384,0.742,6
2,ycup,16,67,2,0.441,0,6
2,ycup,16,68,2,0.406,0,6
2,ycup,16,69,2,0.406,0.054,6
2,ycup,16,70,2,0.406,0.034,6
2,ycup,16,71,2,0.441,0.064,6
2,ycup,16,72,2,0.386,0.014,6
2,ycup,16,73,2,0.406,0.26,6
2,ycup,16,74,2,0.386,0.219,6
2,ycup,16,75,2,0.441,0.27,6
2,ycup,16,76,2,0.372,0.239,6
2,ycup,16,77,2,0.406,0.205,6
2,ycup,16,78,2,0.427,0.219,6
2,ycup,16,79,2,0.406,0.97,6
2,ycup,16,80,2,0.441,0.98,6
2,ycup,16,81,2,0.406,0.915,6
2,ycup,16,82,2,0.386,0.905,6
2,ycup,16,83,2,0.386,0.984,6
2,ycup,16,84,2,0.427,0.93,6
2,ycup,16,85,2,0.511,0.374,6
2,ycup,16,86,2,0.545,0.34,6
2,ycup,16,87,2,0.531,0.354,6
2,ycup,16,88,2,0.477,0.374,6
2,ycup,16,89,2,0.525,0.414,6
2,ycup,16,90,2,0.545,0.404,6
2,ycup,16,91,2,0.551,0.634,6
2,ycup,16,92,2,0.517,0.6,6
2,ycup,16,93,2,0.517,0.634,6
2,ycup,16,94,2,0.497,0.668,6
2,ycup,16,95,2,0.551,0.664,6
2,ycup,16,96,2,0.531,0.674,6
2,ycup,16,97,2,0.567,0.145,6
2,ycup,16,98,2,0.602,0.145,6
2,ycup,16,99,2,0.547,0.125,6
2,ycup,16,100,2,0.588,0.125,6
2,ycup,16,101,2,0.581,0.185,6
2,ycup,16,102,2,0.567,0.165,6
2,ycup,16,103,2,0.588,0.829,6
2,ycup,16,104,2,0.602,0.879,6
2,ycup,16,105,2,0.533,0.849,6
2,ycup,16,106,2,0.581,0.889,6
2,ycup,16,107,2,0.547,0.829,6
2,ycup,16,108,2,0.547,0.805,6
2,ycup,16,109,2,0.644,0.529,6
2,ycup,16,110,2,0.59,0.479,6
2,ycup,16,111,2,0.575,0.499,6
2,ycup,16,112,2,0.644,0.465,6
2,ycup,16,113,2,0.63,0.479,6
2,ycup,16,114,2,0.61,0.465,6
2,ycup,16,115,2,0.728,0.674,6
2,ycup,16,116,2,0.674,0.694,6
2,ycup,16,117,2,0.708,0.714,6
2,ycup,16,118,2,0.688,0.674,6
2,ycup,16,119,2,0.722,0.734,6
2,ycup,16,120,2,0.742,0.694,6
2,ycup,16,121,2,0.708,0.3,6
2,ycup,16,122,2,0.728,0.28,6
2,ycup,16,123,2,0.742,0.3,6
2,ycup,16,124,2,0.708,0.266,6
2,ycup,16,125,2,0.742,0.266,6
2,ycup,16,126,2,0.688,0.334,6
2,ycup,16,127,2,0.736,0.089,6
2,ycup,16,128,2,0.791,0.074,6
2,ycup,16,129,2,0.757,0.074,6
2,ycup,16,130,2,0.736,0.143,6
2,ycup,16,131,2,0.771,0.149,6
2,ycup,16,132,2,0.757,0.129,6
2,ycup,16,133,2,0.791,0.885,6
2,ycup,16,134,2,0.757,0.851,6
2,ycup,16,135,2,0.777,0.865,6
2,ycup,16,136,2,0.757,0.905,6
2,ycup,16,137,2,0.757,0.885,6
2,ycup,16,138,2,0.736,0.841,6
2,ycup,16,139,2,0.827,0.463,6
2,ycup,16,140,2,0.793,0.517,6
2,ycup,16,141,2,0.793,0.497,6
2,ycup,16,142,2,0.773,0.477,6
2,ycup,16,143,2,0.827,0.497,6
2,ycup,16,144,2,0.793,0.463,6
2,ycup,17,1,2,0.02,0.463,7
2,ycup,17,2,2,0,0.531,7
2,ycup,17,3,2,0.054,0.497,7
2,ycup,17,4,2,0.02,0.517,7
2,ycup,17,5,2,0.054,0.527,7
2,ycup,17,6,2,0,0.477,7
2,ycup,17,7,2,0.085,0.08,7
2,ycup,17,8,2,0.085,0.145,7
2,ycup,17,9,2,0.085,0.115,7
2,ycup,17,10,2,0.03,0.095,7
2,ycup,17,11,2,0.016,0.115,7
2,ycup,17,12,2,0.05,0.08,7
2,ycup,17,13,2,0.064,0.92,7
2,ycup,17,14,2,0.03,0.913,7
2,ycup,17,15,2,0.05,0.879,7
2,ycup,17,16,2,0.07,0.859,7
2,ycup,17,17,2,0.085,0.879,7
2,ycup,17,18,2,0.05,0.879,7
2,ycup,17,19,2,0.139,0.724,7
2,ycup,17,20,2,0.119,0.734,7
2,ycup,17,21,2,0.07,0.694,7
2,ycup,17,22,2,0.085,0.674,7
2,ycup,17,23,2,0.105,0.66,7
2,ycup,17,24,2,0.139,0.694,7
2,ycup,17,25,2,0.149,0.376,7
2,ycup,17,26,2,0.135,0.302,7
2,ycup,17,27,2,0.155,0.316,7
2,ycup,17,28,2,0.135,0.336,7
2,ycup,17,29,2,0.135,0.356,7
2,ycup,17,30,2,0.169,0.302,7
2,ycup,17,31,2,0.205,0.539,7
2,ycup,17,32,2,0.157,0.499,7
2,ycup,17,33,2,0.191,0.519,7
2,ycup,17,34,2,0.191,0.465,7
2,ycup,17,35,2,0.211,0.479,7
2,ycup,17,36,2,0.171,0.479,7
2,ycup,17,37,2,0.225,0.189,7
2,ycup,17,38,2,0.245,0.121,7
2,ycup,17,39,2,0.225,0.111,7
2,ycup,17,40,2,0.28,0.185,7
2,ycup,17,41,2,0.28,0.155,7
2,ycup,17,42,2,0.225,0.135,7
2,ycup,17,43,2,0.28,0.869,7
2,ycup,17,44,2,0.225,0.819,7
2,ycup,17,45,2,0.211,0.839,7
2,ycup,17,46,2,0.245,0.859,7
2,ycup,17,47,2,0.28,0.805,7
2,ycup,17,48,2,0.26,0.879,7
2,ycup,17,49,2,0.298,0.571,7
2,ycup,17,50,2,0.318,0.636,7
2,ycup,17,51,2,0.338,0.596,7
2,ycup,17,52,2,0.352,0.581,7
2,ycup,17,53,2,0.318,0.581,7
2,ycup,17,54,2,0.298,0.65,7
2,ycup,17,55,2,0.354,0.425,7
2,ycup,17,56,2,0.3,0.429,7
2,ycup,17,57,2,0.34,0.374,7
2,ycup,17,58,2,0.32,0.414,7
2,ycup,17,59,2,0.334,0.435,7
2,ycup,17,60,2,0.3,0.35,7
2,ycup,17,61,2,0.419,0.803,7
2,ycup,17,62,2,0.404,0.728,7
2,ycup,17,63,2,0.439,0.728,7
2,ycup,17,64,2,0.404,0.783,7
2,ycup,17,65,2,0.439,0.763,7
2,ycup,17,66,2,0.384,0.742,7
2,ycup,17,67,2,0.441,0,7
2,ycup,17,68,2,0.406,0,7
2,ycup,17,69,2,0.406,0.054,7
2,ycup,17,70,2,0.406,0.034,7
2,ycup,17,71,2,0.441,0.064,7
2,ycup,17,72,2,0.386,0.014,7
2,ycup,17,73,2,0.441,0.27,7
2,ycup,17,74,2,0.386,0.219,7
2,ycup,17,75,2,0.372,0.239,7
2,ycup,17,76,2,0.406,0.205,7
2,ycup,17,77,2,0.427,0.219,7
2,ycup,17,78,2,0.406,0.26,7
2,ycup,17,79,2,0.386,0.905,7
2,ycup,17,80,2,0.427,0.93,7
2,ycup,17,81,2,0.441,0.98,7
2,ycup,17,82,2,0.406,0.97,7
2,ycup,17,83,2,0.386,0.984,7
2,ycup,17,84,2,0.406,0.915,7
2,ycup,17,85,2,0.545,0.404,7
2,ycup,17,86,2,0.525,0.414,7
2,ycup,17,87,2,0.531,0.354,7
2,ycup,17,88,2,0.511,0.374,7
2,ycup,17,89,2,0.545,0.34,7
2,ycup,17,90,2,0.477,0.374,7
2,ycup,17,91,2,0.497,0.668,7
2,ycup,17,92,2,0.551,0.664,7
2,ycup,17,93,2,0.531,0.674,7
2,ycup,17,94,2,0.551,0.634,7
2,ycup,17,95,2,0.517,0.634,7
2,ycup,17,96,2,0.517,0.6,7
2,ycup,17,97,2,0.567,0.145,7
2,ycup,17,98,2,0.602,0.145,7
2,ycup,17,99,2,0.547,0.125,7
2,ycup,17,100,2,0.588,0.125,7
2,ycup,17,101,2,0.581,0.185,7
2,ycup,17,102,2,0.567,0.165,7
2,ycup,17,103,2,0.581,0.889,7
2,ycup,17,104,2,0.547,0.829,7
2,ycup,17,105,2,0.588,0.829,7
2,ycup,17,106,2,0.547,0.805,7
2,ycup,17,107,2,0.602,0.879,7
2,ycup,17,108,2,0.533,0.849,7
2,ycup,17,109,2,0.61,0.465,7
2,ycup,17,110,2,0.59,0.479,7
2,ycup,17,111,2,0.644,0.529,7
2,ycup,17,112,2,0.63,0.479,7
2,ycup,17,113,2,0.644,0.465,7
2,ycup,17,114,2,0.575,0.499,7
2,ycup,17,115,2,0.728,0.674,7
2,ycup,17,116,2,0.674,0.694,7
2,ycup,17,117,2,0.708,0.714,7
2,ycup,17,118,2,0.688,0.674,7
2,ycup,17,119,2,0.722,0.734,7
2,ycup,17,120,2,0.742,0.694,7
2,ycup,17,121,2,0.708,0.3,7
2,ycup,17,122,2,0.728,0.28,7
2,ycup,17,123,2,0.742,0.3,7
2,ycup,17,124,2,0.708,0.266,7
2,ycup,17,125,2,0.742,0.266,7
2,ycup,17,126,2,0.688,0.334,7
2,ycup,17,127,2,0.736,0.089,7
2,ycup,17,128,2,0.791,0.074,7
2,ycup,17,129,2,0.757,0.074,7
2,ycup,17,130,2,0.736,0.143,7
2,ycup,17,131,2,0.771,0.149,7
2,ycup,17,132,2,0.757,0.129,7
2,ycup,17,133,2,0.791,0.885,7
2,ycup,17,134,2,0.757,0.851,7
2,ycup,17,135,2,0.777,0.865,7
2,ycup,17,136,2,0.757,0.905,7
2,ycup,17,137,2,0.757,0.885,7
2,ycup,17,138,2,0.736,0.841,7
2,ycup,17,139,2,0.827,0.463,7
2,ycup,17,140,2,0.793,0.517,7
2,ycup,17,141,2,0.793,0.497,7
2,ycup,17,142,2,0.773,0.477,7
2,ycup,17,143,2,0.827,0.497,7
2,ycup,17,144,2,0.793,0.463,7
2,ycup,18,1,2,0.054,0.527,8
2,ycup,18,2,2,0.054,0.497,8
2,ycup,18,3,2,0.02,0.517,8
2,ycup,18,4,2,0,0.531,8
2,ycup,18,5,2,0,0.477,8
2,ycup,18,6,2,0.02,0.463,8
2,ycup,18,7,2,0.03,0.095,8
2,ycup,18,8,2,0.05,0.08,8
2,ycup,18,9,2,0.016,0.115,8
2,ycup,18,10,2,0.085,0.145,8
2,ycup,18,11,2,0.085,0.08,8
2,ycup,18,12,2,0.085,0.115,8
2,ycup,18,13,2,0.05,0.879,8
2,ycup,18,14,2,0.07,0.859,8
2,ycup,18,15,2,0.03,0.913,8
2,ycup,18,16,2,0.064,0.92,8
2,ycup,18,17,2,0.085,0.879,8
2,ycup,18,18,2,0.03,0.835,8
2,ycup,18,19,2,0.119,0.734,8
2,ycup,18,20,2,0.139,0.694,8
2,ycup,18,21,2,0.139,0.724,8
2,ycup,18,22,2,0.105,0.66,8
2,ycup,18,23,2,0.085,0.674,8
2,ycup,18,24,2,0.07,0.694,8
2,ycup,18,25,2,0.149,0.376,8
2,ycup,18,26,2,0.115,0.292,8
2,ycup,18,27,2,0.155,0.316,8
2,ycup,18,28,2,0.135,0.302,8
2,ycup,18,29,2,0.135,0.356,8
2,ycup,18,30,2,0.169,0.302,8
2,ycup,18,31,2,0.205,0.539,8
2,ycup,18,32,2,0.157,0.499,8
2,ycup,18,33,2,0.191,0.519,8
2,ycup,18,34,2,0.191,0.465,8
2,ycup,18,35,2,0.211,0.479,8
2,ycup,18,36,2,0.171,0.479,8
2,ycup,18,37,2,0.225,0.189,8
2,ycup,18,38,2,0.245,0.121,8
2,ycup,18,39,2,0.225,0.111,8
2,ycup,18,40,2,0.28,0.185,8
2,ycup,18,41,2,0.28,0.155,8
2,ycup,18,42,2,0.225,0.135,8
2,ycup,18,43,2,0.211,0.839,8
2,ycup,18,44,2,0.28,0.805,8
2,ycup,18,45,2,0.28,0.869,8
2,ycup,18,46,2,0.225,0.819,8
2,ycup,18,47,2,0.26,0.879,8
2,ycup,18,48,2,0.245,0.859,8
2,ycup,18,49,2,0.352,0.581,8
2,ycup,18,50,2,0.338,0.596,8
2,ycup,18,51,2,0.298,0.571,8
2,ycup,18,52,2,0.318,0.581,8
2,ycup,18,53,2,0.298,0.65,8
2,ycup,18,54,2,0.318,0.636,8
2,ycup,18,55,2,0.354,0.425,8
2,ycup,18,56,2,0.3,0.429,8
2,ycup,18,57,2,0.34,0.374,8
2,ycup,18,58,2,0.32,0.414,8
2,ycup,18,59,2,0.334,0.435,8
2,ycup,18,60,2,0.3,0.35,8
2,ycup,18,61,2,0.439,0.763,8
2,ycup,18,62,2,0.439,0.728,8
2,ycup,18,63,2,0.404,0.728,8
2,ycup,18,64,2,0.404,0.783,8
2,ycup,18,65,2,0.419,0.803,8
2,ycup,18,66,2,0.384,0.742,8
2,ycup,18,67,2,0.441,0,8
2,ycup,18,68,2,0.406,0,8
2,ycup,18,69,2,0.406,0.054,8
2,ycup,18,70,2,0.406,0.034,8
2,ycup,18,71,2,0.441,0.064,8
2,ycup,18,72,2,0.386,0.014,8
2,ycup,18,73,2,0.441,0.27,8
2,ycup,18,74,2,0.386,0.219,8
2,ycup,18,75,2,0.372,0.239,8
2,ycup,18,76,2,0.406,0.205,8
2,ycup,18,77,2,0.427,0.219,8
2,ycup,18,78,2,0.406,0.26,8
2,ycup,18,79,2,0.386,0.984,8
2,ycup,18,80,2,0.386,0.905,8
2,ycup,18,81,2,0.406,0.97,8
2,ycup,18,82,2,0.441,0.98,8
2,ycup,18,83,2,0.427,0.93,8
2,ycup,18,84,2,0.406,0.915,8
2,ycup,18,85,2,0.545,0.34,8
2,ycup,18,86,2,0.477,0.374,8
2,ycup,18,87,2,0.531,0.354,8
2,ycup,18,88,2,0.525,0.414,8
2,ycup,18,89,2,0.511,0.374,8
2,ycup,18,90,2,0.545,0.404,8
2,ycup,18,91,2,0.497,0.668,8
2,ycup,18,92,2,0.551,0.664,8
2,ycup,18,93,2,0.531,0.674,8
2,ycup,18,94,2,0.551,0.634,8
2,ycup,18,95,2,0.517,0.634,8
2,ycup,18,96,2,0.517,0.6,8
2,ycup,18,97,2,0.567,0.145,8
2,ycup,18,98,2,0.602,0.145,8
2,ycup,18,99,2,0.547,0.125,8
2,ycup,18,100,2,0.588,0.125,8
2,ycup,18,101,2,0.581,0.185,8
2,ycup,18,102,2,0.567,0.165,8
2,ycup,18,103,2,0.533,0.849,8
2,ycup,18,104,2,0.588,0.829,8
2,ycup,18,105,2,0.547,0.805,8
2,ycup,18,106,2,0.602,0.879,8
2,ycup,18,107,2,0.547,0.829,8
2,ycup,18,108,2,0.581,0.889,8
2,ycup,18,109,2,0.644,0.529,8
2,ycup,18,110,2,0.61,0.465,8
2,ycup,18,111,2,0.575,0.499,8
2,ycup,18,112,2,0.644,0.465,8
2,ycup,18,113,2,0.63,0.479,8
2,ycup,18,114,2,0.59,0.479,8
2,ycup,18,115,2,0.688,0.674,8
2,ycup,18,116,2,0.674,0.694,8
2,ycup,18,117,2,0.708,0.714,8
2,ycup,18,118,2,0.728,0.674,8
2,ycup,18,119,2,0.742,0.694,8
2,ycup,18,120,2,0.722,0.734,8
2,ycup,18,121,2,0.708,0.3,8
2,ycup,18,122,2,0.728,0.28,8
2,ycup,18,123,2,0.742,0.3,8
2,ycup,18,124,2,0.708,0.266,8
2,ycup,18,125,2,0.742,0.266,8
2,ycup,18,126,2,0.688,0.334,8
2,ycup,18,127,2,0.736,0.089,8
2,ycup,18,128,2,0.791,0.074,8
2,ycup,18,129,2,0.757,0.074,8
2,ycup,18,130,2,0.736,0.143,8
2,ycup,18,131,2,0.771,0.149,8
2,ycup,18,132,2,0.757,0.129,8
2,ycup,18,133,2,0.757,0.905,8
2,ycup,18,134,2,0.757,0.851,8
2,ycup,18,135,2,0.777,0.865,8
2,ycup,18,136,2,0.736,0.841,8
2,ycup,18,137,2,0.757,0.885,8
2,ycup,18,138,2,0.791,0.885,8
2,ycup,18,139,2,0.827,0.463,8
2,ycup,18,140,2,0.793,0.517,8
2,ycup,18,141,2,0.793,0.497,8
2,ycup,18,142,2,0.773,0.477,8
2,ycup,18,143,2,0.827,0.497,8
2,ycup,18,144,2,0.793,0.463,8
2,ycup,19,1,2,0.02,0.463,9
2,ycup,19,2,2,0.02,0.517,9
2,ycup,19,3,2,0.054,0.497,9
2,ycup,19,4,2,0,0.477,9
2,ycup,19,5,2,0,0.531,9
2,ycup,19,6,2,0.054,0.527,9
2,ycup,19,7,2,0.03,0.095,9
2,ycup,19,8,2,0.05,0.08,9
2,ycup,19,9,2,0.016,0.115,9
2,ycup,19,10,2,0.085,0.145,9
2,ycup,19,11,2,0.085,0.08,9
2,ycup,19,12,2,0.085,0.115,9
2,ycup,19,13,2,0.064,0.92,9
2,ycup,19,14,2,0.05,0.879,9
2,ycup,19,15,2,0.085,0.879,9
2,ycup,19,16,2,0.07,0.859,9
2,ycup,19,17,2,0.03,0.835,9
2,ycup,19,18,2,0.03,0.913,9
2,ycup,19,19,2,0.07,0.694,9
2,ycup,19,20,2,0.139,0.694,9
2,ycup,19,21,2,0.139,0.724,9
2,ycup,19,22,2,0.105,0.66,9
2,ycup,19,23,2,0.085,0.674,9
2,ycup,19,24,2,0.119,0.734,9
2,ycup,19,25,2,0.155,0.316,9
2,ycup,19,26,2,0.169,0.302,9
2,ycup,19,27,2,0.149,0.376,9
2,ycup,19,28,2,0.115,0.292,9
2,ycup,19,29,2,0.135,0.302,9
2,ycup,19,30,2,0.135,0.356,9
2,ycup,19,31,2,0.157,0.499,9
2,ycup,19,32,2,0.205,0.539,9
2,ycup,19,33,2,0.171,0.479,9
2,ycup,19,34,2,0.211,0.479,9
2,ycup,19,35,2,0.191,0.519,9
2,ycup,19,36,2,0.191,0.465,9
2,ycup,19,37,2,0.225,0.189,9
2,ycup,19,38,2,0.245,0.121,9
2,ycup,19,39,2,0.225,0.111,9
2,ycup,19,40,2,0.28,0.185,9
2,ycup,19,41,2,0.28,0.155,9
2,ycup,19,42,2,0.225,0.135,9
2,ycup,19,43,2,0.28,0.869,9
2,ycup,19,44,2,0.26,0.879,9
2,ycup,19,45,2,0.211,0.839,9
2,ycup,19,46,2,0.245,0.859,9
2,ycup,19,47,2,0.28,0.805,9
2,ycup,19,48,2,0.225,0.819,9
2,ycup,19,49,2,0.318,0.636,9
2,ycup,19,50,2,0.338,0.596,9
2,ycup,19,51,2,0.298,0.571,9
2,ycup,19,52,2,0.318,0.581,9
2,ycup,19,53,2,0.298,0.65,9
2,ycup,19,54,2,0.352,0.581,9
2,ycup,19,55,2,0.354,0.425,9
2,ycup,19,56,2,0.3,0.429,9
2,ycup,19,57,2,0.34,0.374,9
2,ycup,19,58,2,0.32,0.414,9
2,ycup,19,59,2,0.334,0.435,9
2,ycup,19,60,2,0.3,0.35,9
2,ycup,19,61,2,0.439,0.728,9
2,ycup,19,62,2,0.439,0.763,9
2,ycup,19,63,2,0.404,0.728,9
2,ycup,19,64,2,0.384,0.742,9
2,ycup,19,65,2,0.419,0.803,9
2,ycup,19,66,2,0.404,0.783,9
2,ycup,19,67,2,0.441,0,9
2,ycup,19,68,2,0.406,0,9
2,ycup,19,69,2,0.406,0.054,9
2,ycup,19,70,2,0.406,0.034,9
2,ycup,19,71,2,0.441,0.064,9
2,ycup,19,72,2,0.386,0.014,9
2,ycup,19,73,2,0.441,0.27,9
2,ycup,19,74,2,0.386,0.219,9
2,ycup,19,75,2,0.372,0.239,9
2,ycup,19,76,2,0.406,0.205,9
2,ycup,19,77,2,0.427,0.219,9
2,ycup,19,78,2,0.406,0.26,9
2,ycup,19,79,2,0.386,0.984,9
2,ycup,19,80,2,0.386,0.905,9
2,ycup,19,81,2,0.441,0.98,9
2,ycup,19,82,2,0.406,0.97,9
2,ycup,19,83,2,0.427,0.93,9
2,ycup,19,84,2,0.406,0.915,9
2,ycup,19,85,2,0.545,0.404,9
2,ycup,19,86,2,0.525,0.414,9
2,ycup,19,87,2,0.531,0.354,9
2,ycup,19,88,2,0.511,0.374,9
2,ycup,19,89,2,0.545,0.34,9
2,ycup,19,90,2,0.477,0.374,9
2,ycup,19,91,2,0.531,0.674,9
2,ycup,19,92,2,0.517,0.634,9
2,ycup,19,93,2,0.551,0.634,9
2,ycup,19,94,2,0.517,0.6,9
2,ycup,19,95,2,0.551,0.664,9
2,ycup,19,96,2,0.497,0.668,9
2,ycup,19,97,2,0.567,0.145,9
2,ycup,19,98,2,0.602,0.145,9
2,ycup,19,99,2,0.547,0.125,9
2,ycup,19,100,2,0.588,0.125,9
2,ycup,19,101,2,0.581,0.185,9
2,ycup,19,102,2,0.567,0.165,9
2,ycup,19,103,2,0.581,0.889,9
2,ycup,19,104,2,0.547,0.805,9
2,ycup,19,105,2,0.588,0.829,9
2,ycup,19,106,2,0.547,0.829,9
2,ycup,19,107,2,0.602,0.879,9
2,ycup,19,108,2,0.533,0.849,9
2,ycup,19,109,2,0.63,0.479,9
2,ycup,19,110,2,0.644,0.465,9
2,ycup,19,111,2,0.61,0.465,9
2,ycup,19,112,2,0.59,0.479,9
2,ycup,19,113,2,0.644,0.529,9
2,ycup,19,114,2,0.575,0.499,9
2,ycup,19,115,2,0.688,0.674,9
2,ycup,19,116,2,0.742,0.694,9
2,ycup,19,117,2,0.728,0.674,9
2,ycup,19,118,2,0.708,0.714,9
2,ycup,19,119,2,0.674,0.694,9
2,ycup,19,120,2,0.722,0.734,9
2,ycup,19,121,2,0.708,0.3,9
2,ycup,19,122,2,0.728,0.28,9
2,ycup,19,123,2,0.742,0.3,9
2,ycup,19,124,2,0.708,0.266,9
2,ycup,19,125,2,0.742,0.266,9
2,ycup,19,126,2,0.688,0.334,9
2,ycup,19,127,2,0.736,0.089,9
2,ycup,19,128,2,0.791,0.074,9
2,ycup,19,129,2,0.757,0.074,9
2,ycup,19,130,2,0.736,0.143,9
2,ycup,19,131,2,0.771,0.149,9
2,ycup,19,132,2,0.757,0.129,9
2,ycup,19,133,2,0.757,0.905,9
2,ycup,19,134,2,0.736,0.841,9
2,ycup,19,135,2,0.757,0.851,9
2,ycup,19,136,2,0.777,0.865,9
2,ycup,19,137,2,0.757,0.885,9
2,ycup,19,138,2,0.791,0.885,9
2,ycup,19,139,2,0.773,0.477,9
2,ycup,19,140,2,0.827,0.463,9
2,ycup,19,141,2,0.827,0.497,9
2,ycup,19,142,2,0.793,0.517,9
2,ycup,19,143,2,0.793,0.463,9
2,ycup,19,144,2,0.793,0.497,9
2,ycup,20,1,2,0.02,0.463,10
2,ycup,20,2,2,0.02,0.517,10
2,ycup,20,3,2,0.054,0.497,10
2,ycup,20,4,2,0,0.477,10
2,ycup,20,5,2,0,0.531,10
2,ycup,20,6,2,0.054,0.527,10
2,ycup,20,7,2,0.03,0.095,10
2,ycup,20,8,2,0.05,0.08,10
2,ycup,20,9,2,0.016,0.115,10
2,ycup,20,10,2,0.085,0.145,10
2,ycup,20,11,2,0.085,0.08,10
2,ycup,20,12,2,0.085,0.115,10
2,ycup,20,13,2,0.064,0.92,10
2,ycup,20,14,2,0.085,0.879,10
2,ycup,20,15,2,0.03,0.913,10
2,ycup,20,16,2,0.07,0.859,10
2,ycup,20,17,2,0.03,0.835,10
2,ycup,20,18,2,0.05,0.879,10
2,ycup,20,19,2,0.085,0.674,10
2,ycup,20,20,2,0.119,0.734,10
2,ycup,20,21,2,0.139,0.694,10
2,ycup,20,22,2,0.07,0.694,10
2,ycup,20,23,2,0.105,0.694,10
2,ycup,20,24,2,0.105,0.66,10
2,ycup,20,25,2,0.155,0.316,10
2,ycup,20,26,2,0.169,0.302,10
2,ycup,20,27,2,0.149,0.376,10
2,ycup,20,28,2,0.115,0.292,10
2,ycup,20,29,2,0.135,0.302,10
2,ycup,20,30,2,0.135,0.356,10
2,ycup,20,31,2,0.157,0.499,10
2,ycup,20,32,2,0.205,0.539,10
2,ycup,20,33,2,0.171,0.479,10
2,ycup,20,34,2,0.211,0.479,10
2,ycup,20,35,2,0.191,0.519,10
2,ycup,20,36,2,0.191,0.465,10
2,ycup,20,37,2,0.225,0.189,10
2,ycup,20,38,2,0.245,0.121,10
2,ycup,20,39,2,0.225,0.111,10
2,ycup,20,40,2,0.28,0.185,10
2,ycup,20,41,2,0.28,0.155,10
2,ycup,20,42,2,0.225,0.135,10
2,ycup,20,43,2,0.28,0.805,10
2,ycup,20,44,2,0.225,0.819,10
2,ycup,20,45,2,0.211,0.839,10
2,ycup,20,46,2,0.245,0.859,10
2,ycup,20,47,2,0.28,0.869,10
2,ycup,20,48,2,0.26,0.879,10
2,ycup,20,49,2,0.298,0.571,10
2,ycup,20,50,2,0.338,0.596,10
2,ycup,20,51,2,0.352,0.581,10
2,ycup,20,52,2,0.318,0.581,10
2,ycup,20,53,2,0.318,0.636,10
2,ycup,20,54,2,0.298,0.65,10
2,ycup,20,55,2,0.3,0.429,10
2,ycup,20,56,2,0.34,0.374,10
2,ycup,20,57,2,0.334,0.435,10
2,ycup,20,58,2,0.32,0.414,10
2,ycup,20,59,2,0.354,0.425,10
2,ycup,20,60,2,0.3,0.35,10
2,ycup,20,61,2,0.419,0.803,10
2,ycup,20,62,2,0.404,0.728,10
2,ycup,20,63,2,0.439,0.728,10
2,ycup,20,64,2,0.404,0.783,10
2,ycup,20,65,2,0.439,0.763,10
2,ycup,20,66,2,0.384,0.742,10
2,ycup,20,67,2,0.441,0,10
2,ycup,20,68,2,0.406,0,10
2,ycup,20,69,2,0.406,0.054,10
2,ycup,20,70,2,0.406,0.034,10
2,ycup,20,71,2,0.441,0.064,10
2,ycup,20,72,2,0.386,0.014,10
2,ycup,20,73,2,0.441,0.27,10
2,ycup,20,74,2,0.386,0.219,10
2,ycup,20,75,2,0.372,0.239,10
2,ycup,20,76,2,0.406,0.205,10
2,ycup,20,77,2,0.427,0.219,10
2,ycup,20,78,2,0.406,0.26,10
2,ycup,20,79,2,0.386,0.905,10
2,ycup,20,80,2,0.427,0.93,10
2,ycup,20,81,2,0.441,0.98,10
2,ycup,20,82,2,0.406,0.97,10
2,ycup,20,83,2,0.386,0.984,10
2,ycup,20,84,2,0.406,0.915,10
2,ycup,20,85,2,0.545,0.404,10
2,ycup,20,86,2,0.525,0.414,10
2,ycup,20,87,2,0.531,0.354,10
2,ycup,20,88,2,0.511,0.374,10
2,ycup,20,89,2,0.545,0.34,10
2,ycup,20,90,2,0.477,0.374,10
2,ycup,20,91,2,0.551,0.634,10
2,ycup,20,92,2,0.517,0.634,10
2,ycup,20,93,2,0.551,0.664,10
2,ycup,20,94,2,0.517,0.6,10
2,ycup,20,95,2,0.497,0.668,10
2,ycup,20,96,2,0.531,0.674,10
2,ycup,20,97,2,0.567,0.145,10
2,ycup,20,98,2,0.602,0.145,10
2,ycup,20,99,2,0.547,0.125,10
2,ycup,20,100,2,0.588,0.125,10
2,ycup,20,101,2,0.581,0.185,10
2,ycup,20,102,2,0.567,0.165,10
2,ycup,20,103,2,0.581,0.889,10
2,ycup,20,104,2,0.547,0.829,10
2,ycup,20,105,2,0.588,0.829,10
2,ycup,20,106,2,0.567,0.849,10
2,ycup,20,107,2,0.602,0.879,10
2,ycup,20,108,2,0.533,0.849,10
2,ycup,20,109,2,0.61,0.465,10
2,ycup,20,110,2,0.59,0.479,10
2,ycup,20,111,2,0.644,0.529,10
2,ycup,20,112,2,0.63,0.479,10
2,ycup,20,113,2,0.644,0.465,10
2,ycup,20,114,2,0.575,0.499,10
2,ycup,20,115,2,0.722,0.734,10
2,ycup,20,116,2,0.708,0.714,10
2,ycup,20,117,2,0.674,0.694,10
2,ycup,20,118,2,0.688,0.674,10
2,ycup,20,119,2,0.728,0.674,10
2,ycup,20,120,2,0.742,0.694,10
2,ycup,20,121,2,0.708,0.3,10
2,ycup,20,122,2,0.728,0.28,10
2,ycup,20,123,2,0.742,0.3,10
2,ycup,20,124,2,0.708,0.266,10
2,ycup,20,125,2,0.742,0.266,10
2,ycup,20,126,2,0.688,0.334,10
2,ycup,20,127,2,0.736,0.089,10
2,ycup,20,128,2,0.791,0.074,10
2,ycup,20,129,2,0.757,0.074,10
2,ycup,20,130,2,0.736,0.143,10
2,ycup,20,131,2,0.771,0.149,10
2,ycup,20,132,2,0.757,0.129,10
2,ycup,20,133,2,0.777,0.865,10
2,ycup,20,134,2,0.757,0.885,10
2,ycup,20,135,2,0.757,0.905,10
2,ycup,20,136,2,0.791,0.885,10
2,ycup,20,137,2,0.757,0.851,10
2,ycup,20,138,2,0.736,0.841,10
2,ycup,20,139,2,0.827,0.463,10
2,ycup,20,140,2,0.793,0.517,10
2,ycup,20,141,2,0.793,0.497,10
2,ycup,20,142,2,0.773,0.477,10
2,ycup,20,143,2,0.827,0.497,10
2,ycup,20,144,2,0.793,0.463,10
3,ycup,21,1,2,0.054,0.507,1
3,ycup,21,2,2,0.054,0.473,1
3,ycup,21,3,2,0.02,0.473,1
3,ycup,21,4,2,0.02,0.507,1
3,ycup,21,5,2,0.054,0.537,1
3,ycup,21,6,2,0,0.487,1
3,ycup,21,7,2,0.03,0.159,1
3,ycup,21,8,2,0.05,0.091,1
3,ycup,21,9,2,0.03,0.08,1
3,ycup,21,10,2,0.016,0.125,1
3,ycup,21,11,2,0.085,0.091,1
3,ycup,21,12,2,0.05,0.145,1
3,ycup,21,13,2,0.05,0.889,1
3,ycup,21,14,2,0.085,0.855,1
3,ycup,21,15,2,0.016,0.889,1
3,ycup,21,16,2,0.07,0.869,1
3,ycup,21,17,2,0.03,0.845,1
3,ycup,21,18,2,0.085,0.889,1
3,ycup,21,19,2,0.105,0.67,1
3,ycup,21,20,2,0.139,0.734,1
3,ycup,21,21,2,0.085,0.684,1
3,ycup,21,22,2,0.139,0.67,1
3,ycup,21,23,2,0.105,0.704,1
3,ycup,21,24,2,0.105,0.724,1
3,ycup,21,25,2,0.169,0.376,1
3,ycup,21,26,2,0.155,0.326,1
3,ycup,21,27,2,0.149,0.386,1
3,ycup,21,28,2,0.135,0.346,1
3,ycup,21,29,2,0.169,0.346,1
3,ycup,21,30,2,0.115,0.302,1
3,ycup,21,31,2,0.211,0.489,1
3,ycup,21,32,2,0.225,0.539,1
3,ycup,21,33,2,0.171,0.543,1
3,ycup,21,34,2,0.171,0.465,1
3,ycup,21,35,2,0.191,0.509,1
3,ycup,21,36,2,0.191,0.475,1
3,ycup,21,37,2,0.225,0.145,1
3,ycup,21,38,2,0.211,0.165,1
3,ycup,21,39,2,0.28,0.195,1
3,ycup,21,40,2,0.245,0.131,1
3,ycup,21,41,2,0.245,0.185,1
3,ycup,21,42,2,0.26,0.205,1
3,ycup,21,43,2,0.211,0.849,1
3,ycup,21,44,2,0.26,0.889,1
3,ycup,21,45,2,0.245,0.849,1
3,ycup,21,46,2,0.28,0.815,1
3,ycup,21,47,2,0.225,0.805,1
3,ycup,21,48,2,0.266,0.829,1
3,ycup,21,49,2,0.298,0.606,1
3,ycup,21,50,2,0.352,0.656,1
3,ycup,21,51,2,0.298,0.66,1
3,ycup,21,52,2,0.352,0.592,1
3,ycup,21,53,2,0.332,0.666,1
3,ycup,21,54,2,0.318,0.626,1
3,ycup,21,55,2,0.32,0.425,1
3,ycup,21,56,2,0.3,0.384,1
3,ycup,21,57,2,0.32,0.404,1
3,ycup,21,58,2,0.354,0.404,1
3,ycup,21,59,2,0.334,0.445,1
3,ycup,21,60,2,0.3,0.36,1
3,ycup,21,61,2,0.439,0.738,1
3,ycup,21,62,2,0.384,0.753,1
3,ycup,21,63,2,0.404,0.738,1
3,ycup,21,64,2,0.404,0.793,1
3,ycup,21,65,2,0.419,0.813,1
3,ycup,21,66,2,0.439,0.773,1
3,ycup,21,67,2,0.406,0.064,1
3,ycup,21,68,2,0.386,0,1
3,ycup,21,69,2,0.421,0.085,1
3,ycup,21,70,2,0.386,0.078,1
3,ycup,21,71,2,0.386,0.024,1
3,ycup,21,72,2,0.406,0.01,1
3,ycup,21,73,2,0.441,0.215,1
3,ycup,21,74,2,0.406,0.249,1
3,ycup,21,75,2,0.386,0.229,1
3,ycup,21,76,2,0.441,0.28,1
3,ycup,21,77,2,0.386,0.205,1
3,ycup,21,78,2,0.427,0.229,1
3,ycup,21,79,2,0.406,0.98,1
3,ycup,21,80,2,0.441,0.96,1
3,ycup,21,81,2,0.386,0.994,1
3,ycup,21,82,2,0.386,0.915,1
3,ycup,21,83,2,0.406,0.926,1
3,ycup,21,84,2,0.441,0.926,1
3,ycup,21,85,2,0.525,0.425,1
3,ycup,21,86,2,0.545,0.414,1
3,ycup,21,87,2,0.545,0.384,1
3,ycup,21,88,2,0.531,0.364,1
3,ycup,21,89,2,0.511,0.384,1
3,ycup,21,90,2,0.491,0.364,1
3,ycup,21,91,2,0.483,0.644,1
3,ycup,21,92,2,0.551,0.644,1
3,ycup,21,93,2,0.497,0.6,1
3,ycup,21,94,2,0.537,0.624,1
3,ycup,21,95,2,0.551,0.674,1
3,ycup,21,96,2,0.517,0.61,1
3,ycup,21,97,2,0.602,0.185,1
3,ycup,21,98,2,0.547,0.189,1
3,ycup,21,99,2,0.602,0.121,1
3,ycup,21,100,2,0.567,0.175,1
3,ycup,21,101,2,0.581,0.195,1
3,ycup,21,102,2,0.547,0.135,1
3,ycup,21,103,2,0.567,0.879,1
3,ycup,21,104,2,0.547,0.839,1
3,ycup,21,105,2,0.581,0.899,1
3,ycup,21,106,2,0.547,0.815,1
3,ycup,21,107,2,0.567,0.859,1
3,ycup,21,108,2,0.567,0.825,1
3,ycup,21,109,2,0.624,0.549,1
3,ycup,21,110,2,0.59,0.465,1
3,ycup,21,111,2,0.63,0.489,1
3,ycup,21,112,2,0.644,0.539,1
3,ycup,21,113,2,0.644,0.509,1
3,ycup,21,114,2,0.575,0.509,1
3,ycup,21,115,2,0.742,0.704,1
3,ycup,21,116,2,0.688,0.684,1
3,ycup,21,117,2,0.728,0.684,1
3,ycup,21,118,2,0.688,0.738,1
3,ycup,21,119,2,0.674,0.704,1
3,ycup,21,120,2,0.688,0.66,1
3,ycup,21,121,2,0.688,0.266,1
3,ycup,21,122,2,0.708,0.276,1
3,ycup,21,123,2,0.688,0.29,1
3,ycup,21,124,2,0.728,0.29,1
3,ycup,21,125,2,0.708,0.33,1
3,ycup,21,126,2,0.722,0.35,1
3,ycup,21,127,2,0.757,0.085,1
3,ycup,21,128,2,0.791,0.119,1
3,ycup,21,129,2,0.791,0.085,1
3,ycup,21,130,2,0.736,0.074,1
3,ycup,21,131,2,0.722,0.119,1
3,ycup,21,132,2,0.736,0.153,1
3,ycup,21,133,2,0.757,0.895,1
3,ycup,21,134,2,0.791,0.861,1
3,ycup,21,135,2,0.722,0.895,1
3,ycup,21,136,2,0.736,0.93,1
3,ycup,21,137,2,0.777,0.875,1
3,ycup,21,138,2,0.757,0.861,1
3,ycup,21,139,2,0.813,0.487,1
3,ycup,21,140,2,0.759,0.507,1
3,ycup,21,141,2,0.793,0.527,1
3,ycup,21,142,2,0.807,0.547,1
3,ycup,21,143,2,0.827,0.473,1
3,ycup,21,144,2,0.827,0.537,1
3,ycup,22,1,2,0.054,0.507,2
3,ycup,22,2,2,0.054,0.473,2
3,ycup,22,3,2,0.02,0.473,2
3,ycup,22,4,2,0.02,0.507,2
3,ycup,22,5,2,0.054,0.537,2
3,ycup,22,6,2,0,0.487,2
3,ycup,22,7,2,0.03,0.159,2
3,ycup,22,8,2,0.05,0.091,2
3,ycup,22,9,2,0.03,0.08,2
3,ycup,22,10,2,0.016,0.125,2
3,ycup,22,11,2,0.085,0.091,2
3,ycup,22,12,2,0.05,0.145,2
3,ycup,22,13,2,0.05,0.889,2
3,ycup,22,14,2,0.085,0.855,2
3,ycup,22,15,2,0.016,0.889,2
3,ycup,22,16,2,0.07,0.869,2
3,ycup,22,17,2,0.03,0.845,2
3,ycup,22,18,2,0.085,0.889,2
3,ycup,22,19,2,0.105,0.67,2
3,ycup,22,20,2,0.139,0.734,2
3,ycup,22,21,2,0.085,0.684,2
3,ycup,22,22,2,0.139,0.67,2
3,ycup,22,23,2,0.105,0.704,2
3,ycup,22,24,2,0.105,0.724,2
3,ycup,22,25,2,0.169,0.376,2
3,ycup,22,26,2,0.155,0.326,2
3,ycup,22,27,2,0.149,0.386,2
3,ycup,22,28,2,0.135,0.346,2
3,ycup,22,29,2,0.169,0.346,2
3,ycup,22,30,2,0.115,0.302,2
3,ycup,22,31,2,0.191,0.475,2
3,ycup,22,32,2,0.171,0.465,2
3,ycup,22,33,2,0.211,0.489,2
3,ycup,22,34,2,0.225,0.539,2
3,ycup,22,35,2,0.171,0.543,2
3,ycup,22,36,2,0.191,0.509,2
3,ycup,22,37,2,0.225,0.145,2
3,ycup,22,38,2,0.211,0.165,2
3,ycup,22,39,2,0.28,0.195,2
3,ycup,22,40,2,0.245,0.131,2
3,ycup,22,41,2,0.245,0.185,2
3,ycup,22,42,2,0.26,0.205,2
3,ycup,22,43,2,0.211,0.849,2
3,ycup,22,44,2,0.26,0.889,2
3,ycup,22,45,2,0.245,0.849,2
3,ycup,22,46,2,0.28,0.815,2
3,ycup,22,47,2,0.225,0.805,2
3,ycup,22,48,2,0.266,0.829,2
3,ycup,22,49,2,0.332,0.666,2
3,ycup,22,50,2,0.298,0.606,2
3,ycup,22,51,2,0.298,0.66,2
3,ycup,22,52,2,0.318,0.626,2
3,ycup,22,53,2,0.352,0.656,2
3,ycup,22,54,2,0.352,0.592,2
3,ycup,22,55,2,0.3,0.384,2
3,ycup,22,56,2,0.334,0.445,2
3,ycup,22,57,2,0.3,0.36,2
3,ycup,22,58,2,0.354,0.404,2
3,ycup,22,59,2,0.32,0.425,2
3,ycup,22,60,2,0.32,0.404,2
3,ycup,22,61,2,0.384,0.753,2
3,ycup,22,62,2,0.404,0.793,2
3,ycup,22,63,2,0.439,0.738,2
3,ycup,22,64,2,0.419,0.813,2
3,ycup,22,65,2,0.439,0.773,2
3,ycup,22,66,2,0.404,0.738,2
3,ycup,22,67,2,0.406,0.064,2
3,ycup,22,68,2,0.386,0,2
3,ycup,22,69,2,0.421,0.085,2
3,ycup,22,70,2,0.386,0.078,2
3,ycup,22,71,2,0.386,0.024,2
3,ycup,22,72,2,0.406,0.01,2
3,ycup,22,73,2,0.441,0.215,2
3,ycup,22,74,2,0.406,0.249,2
3,ycup,22,75,2,0.386,0.229,2
3,ycup,22,76,2,0.441,0.28,2
3,ycup,22,77,2,0.386,0.205,2
3,ycup,22,78,2,0.427,0.229,2
3,ycup,22,79,2,0.406,0.926,2
3,ycup,22,80,2,0.386,0.915,2
3,ycup,22,81,2,0.441,0.926,2
3,ycup,22,82,2,0.441,0.96,2
3,ycup,22,83,2,0.406,0.98,2
3,ycup,22,84,2,0.386,0.994,2
3,ycup,22,85,2,0.525,0.425,2
3,ycup,22,86,2,0.545,0.414,2
3,ycup,22,87,2,0.545,0.384,2
3,ycup,22,88,2,0.531,0.364,2
3,ycup,22,89,2,0.511,0.384,2
3,ycup,22,90,2,0.491,0.364,2
3,ycup,22,91,2,0.497,0.6,2
3,ycup,22,92,2,0.551,0.674,2
3,ycup,22,93,2,0.483,0.644,2
3,ycup,22,94,2,0.537,0.624,2
3,ycup,22,95,2,0.551,0.644,2
3,ycup,22,96,2,0.517,0.61,2
3,ycup,22,97,2,0.602,0.185,2
3,ycup,22,98,2,0.547,0.189,2
3,ycup,22,99,2,0.602,0.121,2
3,ycup,22,100,2,0.567,0.175,2
3,ycup,22,101,2,0.581,0.195,2
3,ycup,22,102,2,0.547,0.135,2
3,ycup,22,103,2,0.567,0.825,2
3,ycup,22,104,2,0.547,0.815,2
3,ycup,22,105,2,0.567,0.859,2
3,ycup,22,106,2,0.567,0.879,2
3,ycup,22,107,2,0.567,0.859,2
3,ycup,22,108,2,0.581,0.899,2
3,ycup,22,109,2,0.59,0.465,2
3,ycup,22,110,2,0.624,0.549,2
3,ycup,22,111,2,0.644,0.509,2
3,ycup,22,112,2,0.644,0.539,2
3,ycup,22,113,2,0.63,0.489,2
3,ycup,22,114,2,0.575,0.509,2
3,ycup,22,115,2,0.742,0.704,2
3,ycup,22,116,2,0.688,0.684,2
3,ycup,22,117,2,0.728,0.684,2
3,ycup,22,118,2,0.688,0.738,2
3,ycup,22,119,2,0.674,0.704,2
3,ycup,22,120,2,0.688,0.66,2
3,ycup,22,121,2,0.688,0.266,2
3,ycup,22,122,2,0.708,0.276,2
3,ycup,22,123,2,0.688,0.29,2
3,ycup,22,124,2,0.728,0.29,2
3,ycup,22,125,2,0.708,0.33,2
3,ycup,22,126,2,0.722,0.35,2
3,ycup,22,127,2,0.757,0.085,2
3,ycup,22,128,2,0.791,0.119,2
3,ycup,22,129,2,0.791,0.085,2
3,ycup,22,130,2,0.736,0.074,2
3,ycup,22,131,2,0.722,0.119,2
3,ycup,22,132,2,0.736,0.153,2
3,ycup,22,133,2,0.757,0.895,2
3,ycup,22,134,2,0.791,0.861,2
3,ycup,22,135,2,0.722,0.895,2
3,ycup,22,136,2,0.736,0.93,2
3,ycup,22,137,2,0.777,0.875,2
3,ycup,22,138,2,0.757,0.861,2
3,ycup,22,139,2,0.813,0.487,2
3,ycup,22,140,2,0.759,0.507,2
3,ycup,22,141,2,0.793,0.527,2
3,ycup,22,142,2,0.807,0.547,2
3,ycup,22,143,2,0.827,0.473,2
3,ycup,22,144,2,0.827,0.537,2
3,ycup,23,1,2,0.054,0.507,3
3,ycup,23,2,2,0.054,0.473,3
3,ycup,23,3,2,0.02,0.473,3
3,ycup,23,4,2,0.02,0.507,3
3,ycup,23,5,2,0.054,0.537,3
3,ycup,23,6,2,0,0.487,3
3,ycup,23,7,2,0.03,0.159,3
3,ycup,23,8,2,0.05,0.091,3
3,ycup,23,9,2,0.03,0.08,3
3,ycup,23,10,2,0.016,0.125,3
3,ycup,23,11,2,0.085,0.091,3
3,ycup,23,12,2,0.05,0.145,3
3,ycup,23,13,2,0.05,0.889,3
3,ycup,23,14,2,0.085,0.855,3
3,ycup,23,15,2,0.016,0.889,3
3,ycup,23,16,2,0.07,0.869,3
3,ycup,23,17,2,0.03,0.845,3
3,ycup,23,18,2,0.085,0.889,3
3,ycup,23,19,2,0.105,0.67,3
3,ycup,23,20,2,0.139,0.734,3
3,ycup,23,21,2,0.085,0.684,3
3,ycup,23,22,2,0.139,0.67,3
3,ycup,23,23,2,0.105,0.704,3
3,ycup,23,24,2,0.105,0.724,3
3,ycup,23,25,2,0.169,0.376,3
3,ycup,23,26,2,0.135,0.346,3
3,ycup,23,27,2,0.155,0.326,3
3,ycup,23,28,2,0.149,0.386,3
3,ycup,23,29,2,0.169,0.346,3
3,ycup,23,30,2,0.115,0.302,3
3,ycup,23,31,2,0.171,0.543,3
3,ycup,23,32,2,0.191,0.509,3
3,ycup,23,33,2,0.225,0.539,3
3,ycup,23,34,2,0.191,0.475,3
3,ycup,23,35,2,0.171,0.465,3
3,ycup,23,36,2,0.211,0.489,3
3,ycup,23,37,2,0.26,0.205,3
3,ycup,23,38,2,0.245,0.131,3
3,ycup,23,39,2,0.28,0.195,3
3,ycup,23,40,2,0.245,0.165,3
3,ycup,23,41,2,0.211,0.165,3
3,ycup,23,42,2,0.225,0.145,3
3,ycup,23,43,2,0.211,0.849,3
3,ycup,23,44,2,0.26,0.889,3
3,ycup,23,45,2,0.245,0.849,3
3,ycup,23,46,2,0.28,0.815,3
3,ycup,23,47,2,0.225,0.805,3
3,ycup,23,48,2,0.266,0.829,3
3,ycup,23,49,2,0.332,0.666,3
3,ycup,23,50,2,0.298,0.606,3
3,ycup,23,51,2,0.298,0.66,3
3,ycup,23,52,2,0.318,0.626,3
3,ycup,23,53,2,0.352,0.656,3
3,ycup,23,54,2,0.352,0.592,3
3,ycup,23,55,2,0.334,0.445,3
3,ycup,23,56,2,0.32,0.425,3
3,ycup,23,57,2,0.3,0.384,3
3,ycup,23,58,2,0.32,0.404,3
3,ycup,23,59,2,0.354,0.404,3
3,ycup,23,60,2,0.3,0.36,3
3,ycup,23,61,2,0.439,0.738,3
3,ycup,23,62,2,0.384,0.753,3
3,ycup,23,63,2,0.404,0.738,3
3,ycup,23,64,2,0.404,0.793,3
3,ycup,23,65,2,0.419,0.813,3
3,ycup,23,66,2,0.439,0.773,3
3,ycup,23,67,2,0.421,0.085,3
3,ycup,23,68,2,0.386,0.024,3
3,ycup,23,69,2,0.386,0,3
3,ycup,23,70,2,0.406,0.064,3
3,ycup,23,71,2,0.386,0.078,3
3,ycup,23,72,2,0.406,0.01,3
3,ycup,23,73,2,0.386,0.205,3
3,ycup,23,74,2,0.441,0.28,3
3,ycup,23,75,2,0.441,0.215,3
3,ycup,23,76,2,0.427,0.229,3
3,ycup,23,77,2,0.406,0.249,3
3,ycup,23,78,2,0.386,0.229,3
3,ycup,23,79,2,0.406,0.98,3
3,ycup,23,80,2,0.441,0.96,3
3,ycup,23,81,2,0.386,0.994,3
3,ycup,23,82,2,0.386,0.915,3
3,ycup,23,83,2,0.406,0.926,3
3,ycup,23,84,2,0.441,0.926,3
3,ycup,23,85,2,0.545,0.414,3
3,ycup,23,86,2,0.525,0.425,3
3,ycup,23,87,2,0.545,0.384,3
3,ycup,23,88,2,0.531,0.364,3
3,ycup,23,89,2,0.511,0.384,3
3,ycup,23,90,2,0.491,0.364,3
3,ycup,23,91,2,0.551,0.644,3
3,ycup,23,92,2,0.497,0.6,3
3,ycup,23,93,2,0.517,0.61,3
3,ycup,23,94,2,0.483,0.644,3
3,ycup,23,95,2,0.551,0.674,3
3,ycup,23,96,2,0.537,0.624,3
3,ycup,23,97,2,0.567,0.155,3
3,ycup,23,98,2,0.602,0.121,3
3,ycup,23,99,2,0.547,0.189,3
3,ycup,23,100,2,0.581,0.195,3
3,ycup,23,101,2,0.547,0.135,3
3,ycup,23,102,2,0.602,0.185,3
3,ycup,23,103,2,0.567,0.879,3
3,ycup,23,104,2,0.547,0.839,3
3,ycup,23,105,2,0.581,0.899,3
3,ycup,23,106,2,0.547,0.815,3
3,ycup,23,107,2,0.567,0.859,3
3,ycup,23,108,2,0.567,0.825,3
3,ycup,23,109,2,0.644,0.539,3
3,ycup,23,110,2,0.63,0.489,3
3,ycup,23,111,2,0.59,0.465,3
3,ycup,23,112,2,0.575,0.509,3
3,ycup,23,113,2,0.624,0.549,3
3,ycup,23,114,2,0.644,0.509,3
3,ycup,23,115,2,0.742,0.704,3
3,ycup,23,116,2,0.688,0.684,3
3,ycup,23,117,2,0.728,0.684,3
3,ycup,23,118,2,0.688,0.738,3
3,ycup,23,119,2,0.674,0.704,3
3,ycup,23,120,2,0.688,0.66,3
3,ycup,23,121,2,0.688,0.266,3
3,ycup,23,122,2,0.708,0.33,3
3,ycup,23,123,2,0.688,0.29,3
3,ycup,23,124,2,0.722,0.35,3
3,ycup,23,125,2,0.708,0.276,3
3,ycup,23,126,2,0.728,0.29,3
3,ycup,23,127,2,0.757,0.085,3
3,ycup,23,128,2,0.791,0.119,3
3,ycup,23,129,2,0.791,0.085,3
3,ycup,23,130,2,0.736,0.074,3
3,ycup,23,131,2,0.722,0.119,3
3,ycup,23,132,2,0.736,0.153,3
3,ycup,23,133,2,0.757,0.895,3
3,ycup,23,134,2,0.791,0.861,3
3,ycup,23,135,2,0.722,0.895,3
3,ycup,23,136,2,0.736,0.93,3
3,ycup,23,137,2,0.777,0.875,3
3,ycup,23,138,2,0.757,0.861,3
3,ycup,23,139,2,0.813,0.487,3
3,ycup,23,140,2,0.759,0.507,3
3,ycup,23,141,2,0.793,0.527,3
3,ycup,23,142,2,0.807,0.547,3
3,ycup,23,143,2,0.827,0.473,3
3,ycup,23,144,2,0.827,0.537,3
3,ycup,24,1,2,0.054,0.507,4
3,ycup,24,2,2,0.054,0.473,4
3,ycup,24,3,2,0.02,0.473,4
3,ycup,24,4,2,0.02,0.507,4
3,ycup,24,5,2,0.054,0.537,4
3,ycup,24,6,2,0,0.487,4
3,ycup,24,7,2,0.03,0.159,4
3,ycup,24,8,2,0.05,0.091,4
3,ycup,24,9,2,0.03,0.08,4
3,ycup,24,10,2,0.016,0.125,4
3,ycup,24,11,2,0.085,0.091,4
3,ycup,24,12,2,0.05,0.145,4
3,ycup,24,13,2,0.05,0.889,4
3,ycup,24,14,2,0.085,0.855,4
3,ycup,24,15,2,0.016,0.889,4
3,ycup,24,16,2,0.07,0.869,4
3,ycup,24,17,2,0.03,0.845,4
3,ycup,24,18,2,0.085,0.889,4
3,ycup,24,19,2,0.105,0.67,4
3,ycup,24,20,2,0.139,0.734,4
3,ycup,24,21,2,0.085,0.684,4
3,ycup,24,22,2,0.139,0.67,4
3,ycup,24,23,2,0.105,0.704,4
3,ycup,24,24,2,0.105,0.724,4
3,ycup,24,25,2,0.169,0.376,4
3,ycup,24,26,2,0.155,0.326,4
3,ycup,24,27,2,0.149,0.386,4
3,ycup,24,28,2,0.135,0.346,4
3,ycup,24,29,2,0.169,0.346,4
3,ycup,24,30,2,0.115,0.302,4
3,ycup,24,31,2,0.191,0.475,4
3,ycup,24,32,2,0.171,0.465,4
3,ycup,24,33,2,0.211,0.489,4
3,ycup,24,34,2,0.225,0.539,4
3,ycup,24,35,2,0.171,0.543,4
3,ycup,24,36,2,0.191,0.509,4
3,ycup,24,37,2,0.225,0.145,4
3,ycup,24,38,2,0.211,0.165,4
3,ycup,24,39,2,0.28,0.195,4
3,ycup,24,40,2,0.245,0.131,4
3,ycup,24,41,2,0.245,0.185,4
3,ycup,24,42,2,0.26,0.205,4
3,ycup,24,43,2,0.225,0.805,4
3,ycup,24,44,2,0.28,0.815,4
3,ycup,24,45,2,0.245,0.849,4
3,ycup,24,46,2,0.211,0.849,4
3,ycup,24,47,2,0.266,0.829,4
3,ycup,24,48,2,0.26,0.889,4
3,ycup,24,49,2,0.332,0.666,4
3,ycup,24,50,2,0.298,0.606,4
3,ycup,24,51,2,0.298,0.66,4
3,ycup,24,52,2,0.318,0.626,4
3,ycup,24,53,2,0.352,0.656,4
3,ycup,24,54,2,0.352,0.592,4
3,ycup,24,55,2,0.3,0.384,4
3,ycup,24,56,2,0.334,0.445,4
3,ycup,24,57,2,0.3,0.36,4
3,ycup,24,58,2,0.354,0.404,4
3,ycup,24,59,2,0.32,0.425,4
3,ycup,24,60,2,0.32,0.404,4
3,ycup,24,61,2,0.439,0.738,4
3,ycup,24,62,2,0.384,0.753,4
3,ycup,24,63,2,0.404,0.738,4
3,ycup,24,64,2,0.404,0.793,4
3,ycup,24,65,2,0.419,0.813,4
3,ycup,24,66,2,0.439,0.773,4
3,ycup,24,67,2,0.406,0.064,4
3,ycup,24,68,2,0.386,0,4
3,ycup,24,69,2,0.421,0.085,4
3,ycup,24,70,2,0.386,0.078,4
3,ycup,24,71,2,0.386,0.024,4
3,ycup,24,72,2,0.406,0.01,4
3,ycup,24,73,2,0.441,0.215,4
3,ycup,24,74,2,0.406,0.249,4
3,ycup,24,75,2,0.386,0.229,4
3,ycup,24,76,2,0.441,0.28,4
3,ycup,24,77,2,0.386,0.205,4
3,ycup,24,78,2,0.427,0.229,4
3,ycup,24,79,2,0.386,0.994,4
3,ycup,24,80,2,0.441,0.96,4
3,ycup,24,81,2,0.441,0.926,4
3,ycup,24,82,2,0.406,0.926,4
3,ycup,24,83,2,0.386,0.915,4
3,ycup,24,84,2,0.406,0.98,4
3,ycup,24,85,2,0.491,0.364,4
3,ycup,24,86,2,0.511,0.384,4
3,ycup,24,87,2,0.545,0.414,4
3,ycup,24,88,2,0.525,0.425,4
3,ycup,24,89,2,0.545,0.384,4
3,ycup,24,90,2,0.531,0.364,4
3,ycup,24,91,2,0.551,0.674,4
3,ycup,24,92,2,0.497,0.6,4
3,ycup,24,93,2,0.517,0.61,4
3,ycup,24,94,2,0.551,0.644,4
3,ycup,24,95,2,0.537,0.624,4
3,ycup,24,96,2,0.483,0.644,4
3,ycup,24,97,2,0.602,0.185,4
3,ycup,24,98,2,0.547,0.189,4
3,ycup,24,99,2,0.602,0.121,4
3,ycup,24,100,2,0.567,0.175,4
3,ycup,24,101,2,0.581,0.195,4
3,ycup,24,102,2,0.547,0.135,4
3,ycup,24,103,2,0.567,0.859,4
3,ycup,24,104,2,0.581,0.899,4
3,ycup,24,105,2,0.567,0.825,4
3,ycup,24,106,2,0.567,0.879,4
3,ycup,24,107,2,0.547,0.815,4
3,ycup,24,108,2,0.547,0.839,4
3,ycup,24,109,2,0.624,0.549,4
3,ycup,24,110,2,0.59,0.465,4
3,ycup,24,111,2,0.63,0.489,4
3,ycup,24,112,2,0.644,0.539,4
3,ycup,24,113,2,0.644,0.509,4
3,ycup,24,114,2,0.575,0.509,4
3,ycup,24,115,2,0.674,0.704,4
3,ycup,24,116,2,0.688,0.684,4
3,ycup,24,117,2,0.688,0.738,4
3,ycup,24,118,2,0.688,0.66,4
3,ycup,24,119,2,0.728,0.684,4
3,ycup,24,120,2,0.742,0.704,4
3,ycup,24,121,2,0.722,0.35,4
3,ycup,24,122,2,0.728,0.29,4
3,ycup,24,123,2,0.708,0.33,4
3,ycup,24,124,2,0.688,0.29,4
3,ycup,24,125,2,0.708,0.276,4
3,ycup,24,126,2,0.688,0.266,4
3,ycup,24,127,2,0.757,0.085,4
3,ycup,24,128,2,0.791,0.119,4
3,ycup,24,129,2,0.791,0.085,4
3,ycup,24,130,2,0.736,0.074,4
3,ycup,24,131,2,0.722,0.119,4
3,ycup,24,132,2,0.736,0.153,4
3,ycup,24,133,2,0.722,0.895,4
3,ycup,24,134,2,0.757,0.861,4
3,ycup,24,135,2,0.757,0.895,4
3,ycup,24,136,2,0.791,0.861,4
3,ycup,24,137,2,0.736,0.93,4
3,ycup,24,138,2,0.777,0.875,4
3,ycup,24,139,2,0.793,0.527,4
3,ycup,24,140,2,0.813,0.487,4
3,ycup,24,141,2,0.759,0.507,4
3,ycup,24,142,2,0.827,0.537,4
3,ycup,24,143,2,0.807,0.547,4
3,ycup,24,144,2,0.827,0.473,4
3,ycup,25,1,2,0.054,0.473,5
3,ycup,25,2,2,0,0.487,5
3,ycup,25,3,2,0.054,0.537,5
3,ycup,25,4,2,0.02,0.473,5
3,ycup,25,5,2,0.054,0.507,5
3,ycup,25,6,2,0.02,0.507,5
3,ycup,25,7,2,0.03,0.159,5
3,ycup,25,8,2,0.016,0.125,5
3,ycup,25,9,2,0.05,0.145,5
3,ycup,25,10,2,0.05,0.091,5
3,ycup,25,11,2,0.05,0.125,5
3,ycup,25,12,2,0.03,0.08,5
3,ycup,25,13,2,0.07,0.869,5
3,ycup,25,14,2,0.05,0.889,5
3,ycup,25,15,2,0.03,0.845,5
3,ycup,25,16,2,0.016,0.889,5
3,ycup,25,17,2,0.085,0.889,5
3,ycup,25,18,2,0.085,0.855,5
3,ycup,25,19,2,0.105,0.704,5
3,ycup,25,20,2,0.105,0.67,5
3,ycup,25,21,2,0.139,0.67,5
3,ycup,25,22,2,0.105,0.724,5
3,ycup,25,23,2,0.085,0.684,5
3,ycup,25,24,2,0.139,0.734,5
3,ycup,25,25,2,0.155,0.326,5
3,ycup,25,26,2,0.135,0.346,5
3,ycup,25,27,2,0.169,0.376,5
3,ycup,25,28,2,0.169,0.346,5
3,ycup,25,29,2,0.149,0.386,5
3,ycup,25,30,2,0.115,0.302,5
3,ycup,25,31,2,0.171,0.543,5
3,ycup,25,32,2,0.191,0.509,5
3,ycup,25,33,2,0.225,0.539,5
3,ycup,25,34,2,0.171,0.465,5
3,ycup,25,35,2,0.191,0.475,5
3,ycup,25,36,2,0.211,0.489,5
3,ycup,25,37,2,0.211,0.165,5
3,ycup,25,38,2,0.26,0.205,5
3,ycup,25,39,2,0.225,0.145,5
3,ycup,25,40,2,0.28,0.195,5
3,ycup,25,41,2,0.245,0.131,5
3,ycup,25,42,2,0.245,0.185,5
3,ycup,25,43,2,0.266,0.829,5
3,ycup,25,44,2,0.245,0.849,5
3,ycup,25,45,2,0.28,0.815,5
3,ycup,25,46,2,0.211,0.849,5
3,ycup,25,47,2,0.225,0.805,5
3,ycup,25,48,2,0.245,0.849,5
3,ycup,25,49,2,0.332,0.666,5
3,ycup,25,50,2,0.298,0.606,5
3,ycup,25,51,2,0.298,0.66,5
3,ycup,25,52,2,0.318,0.626,5
3,ycup,25,53,2,0.352,0.656,5
3,ycup,25,54,2,0.352,0.592,5
3,ycup,25,55,2,0.3,0.384,5
3,ycup,25,56,2,0.334,0.445,5
3,ycup,25,57,2,0.3,0.36,5
3,ycup,25,58,2,0.354,0.404,5
3,ycup,25,59,2,0.32,0.425,5
3,ycup,25,60,2,0.32,0.404,5
3,ycup,25,61,2,0.439,0.738,5
3,ycup,25,62,2,0.404,0.738,5
3,ycup,25,63,2,0.384,0.753,5
3,ycup,25,64,2,0.419,0.813,5
3,ycup,25,65,2,0.439,0.773,5
3,ycup,25,66,2,0.404,0.793,5
3,ycup,25,67,2,0.406,0.064,5
3,ycup,25,68,2,0.386,0,5
3,ycup,25,69,2,0.421,0.085,5
3,ycup,25,70,2,0.386,0.078,5
3,ycup,25,71,2,0.386,0.024,5
3,ycup,25,72,2,0.406,0.01,5
3,ycup,25,73,2,0.386,0.205,5
3,ycup,25,74,2,0.427,0.229,5
3,ycup,25,75,2,0.386,0.229,5
3,ycup,25,76,2,0.406,0.249,5
3,ycup,25,77,2,0.441,0.215,5
3,ycup,25,78,2,0.441,0.28,5
3,ycup,25,79,2,0.406,0.98,5
3,ycup,25,80,2,0.441,0.96,5
3,ycup,25,81,2,0.386,0.994,5
3,ycup,25,82,2,0.386,0.915,5
3,ycup,25,83,2,0.406,0.926,5
3,ycup,25,84,2,0.441,0.926,5
3,ycup,25,85,2,0.545,0.414,5
3,ycup,25,86,2,0.525,0.425,5
3,ycup,25,87,2,0.545,0.384,5
3,ycup,25,88,2,0.531,0.364,5
3,ycup,25,89,2,0.511,0.384,5
3,ycup,25,90,2,0.491,0.364,5
3,ycup,25,91,2,0.537,0.624,5
3,ycup,25,92,2,0.497,0.6,5
3,ycup,25,93,2,0.517,0.61,5
3,ycup,25,94,2,0.551,0.644,5
3,ycup,25,95,2,0.517,0.644,5
3,ycup,25,96,2,0.483,0.644,5
3,ycup,25,97,2,0.602,0.185,5
3,ycup,25,98,2,0.547,0.189,5
3,ycup,25,99,2,0.602,0.121,5
3,ycup,25,100,2,0.567,0.175,5
3,ycup,25,101,2,0.581,0.195,5
3,ycup,25,102,2,0.547,0.135,5
3,ycup,25,103,2,0.567,0.879,5
3,ycup,25,104,2,0.547,0.839,5
3,ycup,25,105,2,0.581,0.899,5
3,ycup,25,106,2,0.547,0.815,5
3,ycup,25,107,2,0.567,0.859,5
3,ycup,25,108,2,0.567,0.825,5
3,ycup,25,109,2,0.644,0.539,5
3,ycup,25,110,2,0.63,0.489,5
3,ycup,25,111,2,0.59,0.465,5
3,ycup,25,112,2,0.575,0.509,5
3,ycup,25,113,2,0.624,0.549,5
3,ycup,25,114,2,0.644,0.509,5
3,ycup,25,115,2,0.742,0.704,5
3,ycup,25,116,2,0.688,0.684,5
3,ycup,25,117,2,0.728,0.684,5
3,ycup,25,118,2,0.688,0.738,5
3,ycup,25,119,2,0.674,0.704,5
3,ycup,25,120,2,0.688,0.66,5
3,ycup,25,121,2,0.688,0.266,5
3,ycup,25,122,2,0.708,0.276,5
3,ycup,25,123,2,0.688,0.29,5
3,ycup,25,124,2,0.728,0.29,5
3,ycup,25,125,2,0.708,0.33,5
3,ycup,25,126,2,0.722,0.35,5
3,ycup,25,127,2,0.757,0.085,5
3,ycup,25,128,2,0.791,0.119,5
3,ycup,25,129,2,0.791,0.085,5
3,ycup,25,130,2,0.736,0.074,5
3,ycup,25,131,2,0.722,0.119,5
3,ycup,25,132,2,0.736,0.153,5
3,ycup,25,133,2,0.757,0.895,5
3,ycup,25,134,2,0.791,0.861,5
3,ycup,25,135,2,0.722,0.895,5
3,ycup,25,136,2,0.736,0.93,5
3,ycup,25,137,2,0.777,0.875,5
3,ycup,25,138,2,0.757,0.861,5
3,ycup,25,139,2,0.813,0.487,5
3,ycup,25,140,2,0.759,0.507,5
3,ycup,25,141,2,0.793,0.527,5
3,ycup,25,142,2,0.807,0.547,5
3,ycup,25,143,2,0.827,0.473,5
3,ycup,25,144,2,0.827,0.537,5
3,ycup,26,1,2,0.054,0.473,6
3,ycup,26,2,2,0,0.487,6
3,ycup,26,3,2,0.054,0.537,6
3,ycup,26,4,2,0.02,0.473,6
3,ycup,26,5,2,0.054,0.507,6
3,ycup,26,6,2,0.02,0.507,6
3,ycup,26,7,2,0.03,0.159,6
3,ycup,26,8,2,0.05,0.091,6
3,ycup,26,9,2,0.03,0.08,6
3,ycup,26,10,2,0.016,0.125,6
3,ycup,26,11,2,0.085,0.091,6
3,ycup,26,12,2,0.05,0.145,6
3,ycup,26,13,2,0.07,0.869,6
3,ycup,26,14,2,0.05,0.889,6
3,ycup,26,15,2,0.03,0.845,6
3,ycup,26,16,2,0.016,0.889,6
3,ycup,26,17,2,0.085,0.889,6
3,ycup,26,18,2,0.085,0.855,6
3,ycup,26,19,2,0.105,0.704,6
3,ycup,26,20,2,0.105,0.67,6
3,ycup,26,21,2,0.139,0.67,6
3,ycup,26,22,2,0.105,0.724,6
3,ycup,26,23,2,0.085,0.684,6
3,ycup,26,24,2,0.139,0.734,6
3,ycup,26,25,2,0.169,0.376,6
3,ycup,26,26,2,0.155,0.326,6
3,ycup,26,27,2,0.149,0.386,6
3,ycup,26,28,2,0.135,0.346,6
3,ycup,26,29,2,0.169,0.346,6
3,ycup,26,30,2,0.115,0.302,6
3,ycup,26,31,2,0.225,0.539,6
3,ycup,26,32,2,0.211,0.489,6
3,ycup,26,33,2,0.171,0.543,6
3,ycup,26,34,2,0.191,0.509,6
3,ycup,26,35,2,0.191,0.475,6
3,ycup,26,36,2,0.171,0.465,6
3,ycup,26,37,2,0.225,0.145,6
3,ycup,26,38,2,0.211,0.165,6
3,ycup,26,39,2,0.28,0.195,6
3,ycup,26,40,2,0.245,0.131,6
3,ycup,26,41,2,0.245,0.185,6
3,ycup,26,42,2,0.26,0.205,6
3,ycup,26,43,2,0.225,0.805,6
3,ycup,26,44,2,0.28,0.815,6
3,ycup,26,45,2,0.245,0.849,6
3,ycup,26,46,2,0.211,0.849,6
3,ycup,26,47,2,0.266,0.829,6
3,ycup,26,48,2,0.26,0.889,6
3,ycup,26,49,2,0.332,0.666,6
3,ycup,26,50,2,0.298,0.606,6
3,ycup,26,51,2,0.298,0.66,6
3,ycup,26,52,2,0.318,0.626,6
3,ycup,26,53,2,0.352,0.656,6
3,ycup,26,54,2,0.352,0.592,6
3,ycup,26,55,2,0.3,0.384,6
3,ycup,26,56,2,0.334,0.445,6
3,ycup,26,57,2,0.3,0.36,6
3,ycup,26,58,2,0.354,0.404,6
3,ycup,26,59,2,0.32,0.425,6
3,ycup,26,60,2,0.32,0.404,6
3,ycup,26,61,2,0.439,0.738,6
3,ycup,26,62,2,0.404,0.738,6
3,ycup,26,63,2,0.384,0.753,6
3,ycup,26,64,2,0.419,0.813,6
3,ycup,26,65,2,0.439,0.773,6
3,ycup,26,66,2,0.404,0.793,6
3,ycup,26,67,2,0.406,0.064,6
3,ycup,26,68,2,0.386,0,6
3,ycup,26,69,2,0.421,0.085,6
3,ycup,26,70,2,0.386,0.078,6
3,ycup,26,71,2,0.386,0.024,6
3,ycup,26,72,2,0.406,0.01,6
3,ycup,26,73,2,0.441,0.215,6
3,ycup,26,74,2,0.406,0.249,6
3,ycup,26,75,2,0.386,0.229,6
3,ycup,26,76,2,0.441,0.28,6
3,ycup,26,77,2,0.386,0.205,6
3,ycup,26,78,2,0.427,0.229,6
3,ycup,26,79,2,0.406,0.926,6
3,ycup,26,80,2,0.441,0.96,6
3,ycup,26,81,2,0.441,0.926,6
3,ycup,26,82,2,0.386,0.915,6
3,ycup,26,83,2,0.386,0.994,6
3,ycup,26,84,2,0.406,0.98,6
3,ycup,26,85,2,0.545,0.414,6
3,ycup,26,86,2,0.525,0.425,6
3,ycup,26,87,2,0.545,0.384,6
3,ycup,26,88,2,0.531,0.364,6
3,ycup,26,89,2,0.511,0.384,6
3,ycup,26,90,2,0.491,0.364,6
3,ycup,26,91,2,0.483,0.644,6
3,ycup,26,92,2,0.551,0.644,6
3,ycup,26,93,2,0.497,0.6,6
3,ycup,26,94,2,0.537,0.624,6
3,ycup,26,95,2,0.551,0.674,6
3,ycup,26,96,2,0.517,0.61,6
3,ycup,26,97,2,0.602,0.185,6
3,ycup,26,98,2,0.547,0.189,6
3,ycup,26,99,2,0.602,0.121,6
3,ycup,26,100,2,0.567,0.175,6
3,ycup,26,101,2,0.581,0.195,6
3,ycup,26,102,2,0.547,0.135,6
3,ycup,26,103,2,0.567,0.859,6
3,ycup,26,104,2,0.581,0.899,6
3,ycup,26,105,2,0.567,0.825,6
3,ycup,26,106,2,0.567,0.879,6
3,ycup,26,107,2,0.547,0.815,6
3,ycup,26,108,2,0.547,0.839,6
3,ycup,26,109,2,0.644,0.539,6
3,ycup,26,110,2,0.63,0.489,6
3,ycup,26,111,2,0.59,0.465,6
3,ycup,26,112,2,0.575,0.509,6
3,ycup,26,113,2,0.624,0.549,6
3,ycup,26,114,2,0.644,0.509,6
3,ycup,26,115,2,0.742,0.704,6
3,ycup,26,116,2,0.688,0.684,6
3,ycup,26,117,2,0.728,0.684,6
3,ycup,26,118,2,0.688,0.738,6
3,ycup,26,119,2,0.674,0.704,6
3,ycup,26,120,2,0.688,0.66,6
3,ycup,26,121,2,0.688,0.266,6
3,ycup,26,122,2,0.708,0.276,6
3,ycup,26,123,2,0.688,0.29,6
3,ycup,26,124,2,0.728,0.29,6
3,ycup,26,125,2,0.708,0.33,6
3,ycup,26,126,2,0.722,0.35,6
3,ycup,26,127,2,0.757,0.085,6
3,ycup,26,128,2,0.791,0.119,6
3,ycup,26,129,2,0.791,0.085,6
3,ycup,26,130,2,0.736,0.074,6
3,ycup,26,131,2,0.722,0.119,6
3,ycup,26,132,2,0.736,0.153,6
3,ycup,26,133,2,0.757,0.895,6
3,ycup,26,134,2,0.791,0.861,6
3,ycup,26,135,2,0.722,0.895,6
3,ycup,26,136,2,0.736,0.93,6
3,ycup,26,137,2,0.777,0.875,6
3,ycup,26,138,2,0.757,0.861,6
3,ycup,26,139,2,0.813,0.487,6
3,ycup,26,140,2,0.759,0.507,6
3,ycup,26,141,2,0.793,0.527,6
3,ycup,26,142,2,0.807,0.547,6
3,ycup,26,143,2,0.827,0.473,6
3,ycup,26,144,2,0.827,0.537,6
3,ycup,27,1,2,0.054,0.507,7
3,ycup,27,2,2,0.054,0.473,7
3,ycup,27,3,2,0.02,0.473,7
3,ycup,27,4,2,0.02,0.507,7
3,ycup,27,5,2,0.054,0.537,7
3,ycup,27,6,2,0,0.487,7
3,ycup,27,7,2,0.03,0.159,7
3,ycup,27,8,2,0.05,0.091,7
3,ycup,27,9,2,0.03,0.08,7
3,ycup,27,10,2,0.016,0.125,7
3,ycup,27,11,2,0.085,0.091,7
3,ycup,27,12,2,0.05,0.145,7
3,ycup,27,13,2,0.05,0.889,7
3,ycup,27,14,2,0.085,0.855,7
3,ycup,27,15,2,0.016,0.889,7
3,ycup,27,16,2,0.07,0.869,7
3,ycup,27,17,2,0.03,0.845,7
3,ycup,27,18,2,0.085,0.889,7
3,ycup,27,19,2,0.105,0.67,7
3,ycup,27,20,2,0.139,0.734,7
3,ycup,27,21,2,0.085,0.684,7
3,ycup,27,22,2,0.139,0.67,7
3,ycup,27,23,2,0.105,0.704,7
3,ycup,27,24,2,0.105,0.724,7
3,ycup,27,25,2,0.169,0.376,7
3,ycup,27,26,2,0.155,0.326,7
3,ycup,27,27,2,0.149,0.386,7
3,ycup,27,28,2,0.135,0.346,7
3,ycup,27,29,2,0.169,0.346,7
3,ycup,27,30,2,0.115,0.302,7
3,ycup,27,31,2,0.191,0.475,7
3,ycup,27,32,2,0.171,0.465,7
3,ycup,27,33,2,0.211,0.489,7
3,ycup,27,34,2,0.225,0.539,7
3,ycup,27,35,2,0.171,0.543,7
3,ycup,27,36,2,0.191,0.509,7
3,ycup,27,37,2,0.245,0.185,7
3,ycup,27,38,2,0.245,0.131,7
3,ycup,27,39,2,0.211,0.165,7
3,ycup,27,40,2,0.26,0.205,7
3,ycup,27,41,2,0.28,0.195,7
3,ycup,27,42,2,0.225,0.145,7
3,ycup,27,43,2,0.211,0.849,7
3,ycup,27,44,2,0.26,0.889,7
3,ycup,27,45,2,0.245,0.849,7
3,ycup,27,46,2,0.28,0.815,7
3,ycup,27,47,2,0.225,0.805,7
3,ycup,27,48,2,0.266,0.829,7
3,ycup,27,49,2,0.298,0.66,7
3,ycup,27,50,2,0.352,0.656,7
3,ycup,27,51,2,0.352,0.592,7
3,ycup,27,52,2,0.332,0.666,7
3,ycup,27,53,2,0.318,0.626,7
3,ycup,27,54,2,0.298,0.606,7
3,ycup,27,55,2,0.3,0.384,7
3,ycup,27,56,2,0.32,0.404,7
3,ycup,27,57,2,0.32,0.425,7
3,ycup,27,58,2,0.354,0.404,7
3,ycup,27,59,2,0.334,0.445,7
3,ycup,27,60,2,0.3,0.36,7
3,ycup,27,61,2,0.439,0.738,7
3,ycup,27,62,2,0.384,0.753,7
3,ycup,27,63,2,0.404,0.738,7
3,ycup,27,64,2,0.404,0.793,7
3,ycup,27,65,2,0.419,0.813,7
3,ycup,27,66,2,0.439,0.773,7
3,ycup,27,67,2,0.386,0,7
3,ycup,27,68,2,0.386,0.024,7
3,ycup,27,69,2,0.421,0.085,7
3,ycup,27,70,2,0.406,0.064,7
3,ycup,27,71,2,0.386,0.078,7
3,ycup,27,72,2,0.406,0.01,7
3,ycup,27,73,2,0.441,0.28,7
3,ycup,27,74,2,0.427,0.229,7
3,ycup,27,75,2,0.406,0.249,7
3,ycup,27,76,2,0.441,0.215,7
3,ycup,27,77,2,0.386,0.229,7
3,ycup,27,78,2,0.406,0.249,7
3,ycup,27,79,2,0.406,0.98,7
3,ycup,27,80,2,0.441,0.96,7
3,ycup,27,81,2,0.386,0.994,7
3,ycup,27,82,2,0.386,0.915,7
3,ycup,27,83,2,0.406,0.926,7
3,ycup,27,84,2,0.441,0.926,7
3,ycup,27,85,2,0.525,0.425,7
3,ycup,27,86,2,0.545,0.414,7
3,ycup,27,87,2,0.545,0.384,7
3,ycup,27,88,2,0.511,0.384,7
3,ycup,27,89,2,0.531,0.364,7
3,ycup,27,90,2,0.491,0.364,7
3,ycup,27,91,2,0.551,0.644,7
3,ycup,27,92,2,0.497,0.6,7
3,ycup,27,93,2,0.517,0.61,7
3,ycup,27,94,2,0.483,0.644,7
3,ycup,27,95,2,0.551,0.674,7
3,ycup,27,96,2,0.537,0.624,7
3,ycup,27,97,2,0.567,0.175,7
3,ycup,27,98,2,0.602,0.185,7
3,ycup,27,99,2,0.581,0.195,7
3,ycup,27,100,2,0.547,0.189,7
3,ycup,27,101,2,0.602,0.121,7
3,ycup,27,102,2,0.547,0.135,7
3,ycup,27,103,2,0.567,0.879,7
3,ycup,27,104,2,0.547,0.839,7
3,ycup,27,105,2,0.581,0.899,7
3,ycup,27,106,2,0.547,0.815,7
3,ycup,27,107,2,0.567,0.859,7
3,ycup,27,108,2,0.567,0.825,7
3,ycup,27,109,2,0.644,0.539,7
3,ycup,27,110,2,0.63,0.489,7
3,ycup,27,111,2,0.59,0.465,7
3,ycup,27,112,2,0.575,0.509,7
3,ycup,27,113,2,0.624,0.549,7
3,ycup,27,114,2,0.644,0.509,7
3,ycup,27,115,2,0.742,0.704,7
3,ycup,27,116,2,0.688,0.684,7
3,ycup,27,117,2,0.728,0.684,7
3,ycup,27,118,2,0.688,0.738,7
3,ycup,27,119,2,0.674,0.704,7
3,ycup,27,120,2,0.688,0.66,7
3,ycup,27,121,2,0.688,0.266,7
3,ycup,27,122,2,0.708,0.276,7
3,ycup,27,123,2,0.688,0.29,7
3,ycup,27,124,2,0.728,0.29,7
3,ycup,27,125,2,0.708,0.33,7
3,ycup,27,126,2,0.722,0.35,7
3,ycup,27,127,2,0.791,0.119,7
3,ycup,27,128,2,0.736,0.074,7
3,ycup,27,129,2,0.791,0.085,7
3,ycup,27,130,2,0.757,0.085,7
3,ycup,27,131,2,0.722,0.119,7
3,ycup,27,132,2,0.736,0.153,7
3,ycup,27,133,2,0.757,0.895,7
3,ycup,27,134,2,0.791,0.861,7
3,ycup,27,135,2,0.722,0.895,7
3,ycup,27,136,2,0.736,0.93,7
3,ycup,27,137,2,0.777,0.875,7
3,ycup,27,138,2,0.757,0.861,7
3,ycup,27,139,2,0.813,0.487,7
3,ycup,27,140,2,0.759,0.507,7
3,ycup,27,141,2,0.793,0.527,7
3,ycup,27,142,2,0.807,0.547,7
3,ycup,27,143,2,0.827,0.473,7
3,ycup,27,144,2,0.827,0.537,7
3,ycup,28,1,2,0.054,0.507,8
3,ycup,28,2,2,0.054,0.473,8
3,ycup,28,3,2,0.02,0.473,8
3,ycup,28,4,2,0.02,0.507,8
3,ycup,28,5,2,0.054,0.537,8
3,ycup,28,6,2,0,0.487,8
3,ycup,28,7,2,0.05,0.091,8
3,ycup,28,8,2,0.016,0.125,8
3,ycup,28,9,2,0.085,0.091,8
3,ycup,28,10,2,0.03,0.08,8
3,ycup,28,11,2,0.05,0.145,8
3,ycup,28,12,2,0.03,0.159,8
3,ycup,28,13,2,0.05,0.889,8
3,ycup,28,14,2,0.085,0.855,8
3,ycup,28,15,2,0.016,0.889,8
3,ycup,28,16,2,0.07,0.869,8
3,ycup,28,17,2,0.03,0.845,8
3,ycup,28,18,2,0.085,0.889,8
3,ycup,28,19,2,0.105,0.67,8
3,ycup,28,20,2,0.139,0.734,8
3,ycup,28,21,2,0.085,0.684,8
3,ycup,28,22,2,0.139,0.67,8
3,ycup,28,23,2,0.105,0.704,8
3,ycup,28,24,2,0.105,0.724,8
3,ycup,28,25,2,0.169,0.376,8
3,ycup,28,26,2,0.169,0.346,8
3,ycup,28,27,2,0.155,0.326,8
3,ycup,28,28,2,0.149,0.386,8
3,ycup,28,29,2,0.135,0.346,8
3,ycup,28,30,2,0.115,0.302,8
3,ycup,28,31,2,0.171,0.543,8
3,ycup,28,32,2,0.191,0.509,8
3,ycup,28,33,2,0.225,0.539,8
3,ycup,28,34,2,0.191,0.475,8
3,ycup,28,35,2,0.171,0.465,8
3,ycup,28,36,2,0.211,0.489,8
3,ycup,28,37,2,0.245,0.131,8
3,ycup,28,38,2,0.26,0.205,8
3,ycup,28,39,2,0.28,0.195,8
3,ycup,28,40,2,0.245,0.185,8
3,ycup,28,41,2,0.211,0.165,8
3,ycup,28,42,2,0.225,0.145,8
3,ycup,28,43,2,0.211,0.849,8
3,ycup,28,44,2,0.26,0.889,8
3,ycup,28,45,2,0.245,0.849,8
3,ycup,28,46,2,0.28,0.815,8
3,ycup,28,47,2,0.225,0.805,8
3,ycup,28,48,2,0.266,0.829,8
3,ycup,28,49,2,0.298,0.66,8
3,ycup,28,50,2,0.352,0.656,8
3,ycup,28,51,2,0.352,0.592,8
3,ycup,28,52,2,0.332,0.666,8
3,ycup,28,53,2,0.318,0.626,8
3,ycup,28,54,2,0.298,0.606,8
3,ycup,28,55,2,0.3,0.384,8
3,ycup,28,56,2,0.32,0.404,8
3,ycup,28,57,2,0.334,0.445,8
3,ycup,28,58,2,0.32,0.404,8
3,ycup,28,59,2,0.32,0.425,8
3,ycup,28,60,2,0.3,0.36,8
3,ycup,28,61,2,0.439,0.738,8
3,ycup,28,62,2,0.384,0.753,8
3,ycup,28,63,2,0.404,0.738,8
3,ycup,28,64,2,0.404,0.793,8
3,ycup,28,65,2,0.419,0.813,8
3,ycup,28,66,2,0.439,0.773,8
3,ycup,28,67,2,0.386,0.078,8
3,ycup,28,68,2,0.386,0,8
3,ycup,28,69,2,0.406,0.01,8
3,ycup,28,70,2,0.386,0.024,8
3,ycup,28,71,2,0.406,0.064,8
3,ycup,28,72,2,0.421,0.085,8
3,ycup,28,73,2,0.441,0.28,8
3,ycup,28,74,2,0.406,0.249,8
3,ycup,28,75,2,0.386,0.205,8
3,ycup,28,76,2,0.441,0.215,8
3,ycup,28,77,2,0.427,0.229,8
3,ycup,28,78,2,0.386,0.229,8
3,ycup,28,79,2,0.406,0.98,8
3,ycup,28,80,2,0.441,0.96,8
3,ycup,28,81,2,0.386,0.994,8
3,ycup,28,82,2,0.386,0.915,8
3,ycup,28,83,2,0.406,0.926,8
3,ycup,28,84,2,0.441,0.926,8
3,ycup,28,85,2,0.545,0.414,8
3,ycup,28,86,2,0.525,0.425,8
3,ycup,28,87,2,0.545,0.384,8
3,ycup,28,88,2,0.531,0.364,8
3,ycup,28,89,2,0.511,0.384,8
3,ycup,28,90,2,0.491,0.364,8
3,ycup,28,91,2,0.551,0.644,8
3,ycup,28,92,2,0.497,0.6,8
3,ycup,28,93,2,0.517,0.61,8
3,ycup,28,94,2,0.483,0.644,8
3,ycup,28,95,2,0.551,0.674,8
3,ycup,28,96,2,0.537,0.624,8
3,ycup,28,97,2,0.581,0.195,8
3,ycup,28,98,2,0.602,0.121,8
3,ycup,28,99,2,0.547,0.135,8
3,ycup,28,100,2,0.547,0.189,8
3,ycup,28,101,2,0.567,0.175,8
3,ycup,28,102,2,0.602,0.185,8
3,ycup,28,103,2,0.567,0.879,8
3,ycup,28,104,2,0.547,0.839,8
3,ycup,28,105,2,0.581,0.899,8
3,ycup,28,106,2,0.547,0.815,8
3,ycup,28,107,2,0.567,0.859,8
3,ycup,28,108,2,0.567,0.825,8
3,ycup,28,109,2,0.59,0.465,8
3,ycup,28,110,2,0.644,0.539,8
3,ycup,28,111,2,0.644,0.509,8
3,ycup,28,112,2,0.624,0.549,8
3,ycup,28,113,2,0.575,0.509,8
3,ycup,28,114,2,0.63,0.489,8
3,ycup,28,115,2,0.742,0.704,8
3,ycup,28,116,2,0.688,0.684,8
3,ycup,28,117,2,0.728,0.684,8
3,ycup,28,118,2,0.688,0.738,8
3,ycup,28,119,2,0.674,0.704,8
3,ycup,28,120,2,0.688,0.66,8
3,ycup,28,121,2,0.688,0.266,8
3,ycup,28,122,2,0.708,0.276,8
3,ycup,28,123,2,0.688,0.29,8
3,ycup,28,124,2,0.708,0.33,8
3,ycup,28,125,2,0.728,0.29,8
3,ycup,28,126,2,0.722,0.35,8
3,ycup,28,127,2,0.791,0.085,8
3,ycup,28,128,2,0.722,0.119,8
3,ycup,28,129,2,0.736,0.074,8
3,ycup,28,130,2,0.791,0.119,8
3,ycup,28,131,2,0.757,0.085,8
3,ycup,28,132,2,0.736,0.153,8
3,ycup,28,133,2,0.757,0.895,8
3,ycup,28,134,2,0.791,0.861,8
3,ycup,28,135,2,0.722,0.895,8
3,ycup,28,136,2,0.736,0.93,8
3,ycup,28,137,2,0.777,0.875,8
3,ycup,28,138,2,0.757,0.861,8
3,ycup,28,139,2,0.759,0.507,8
3,ycup,28,140,2,0.827,0.537,8
3,ycup,28,141,2,0.827,0.473,8
3,ycup,28,142,2,0.807,0.547,8
3,ycup,28,143,2,0.813,0.487,8
3,ycup,28,144,2,0.793,0.527,8
3,ycup,29,1,2,0.054,0.507,9
3,ycup,29,2,2,0.054,0.473,9
3,ycup,29,3,2,0.02,0.473,9
3,ycup,29,4,2,0.02,0.507,9
3,ycup,29,5,2,0.054,0.537,9
3,ycup,29,6,2,0,0.487,9
3,ycup,29,7,2,0.03,0.159,9
3,ycup,29,8,2,0.05,0.091,9
3,ycup,29,9,2,0.03,0.08,9
3,ycup,29,10,2,0.016,0.125,9
3,ycup,29,11,2,0.085,0.091,9
3,ycup,29,12,2,0.05,0.145,9
3,ycup,29,13,2,0.05,0.889,9
3,ycup,29,14,2,0.085,0.855,9
3,ycup,29,15,2,0.016,0.889,9
3,ycup,29,16,2,0.07,0.869,9
3,ycup,29,17,2,0.03,0.845,9
3,ycup,29,18,2,0.085,0.889,9
3,ycup,29,19,2,0.105,0.67,9
3,ycup,29,20,2,0.139,0.734,9
3,ycup,29,21,2,0.085,0.684,9
3,ycup,29,22,2,0.139,0.67,9
3,ycup,29,23,2,0.105,0.704,9
3,ycup,29,24,2,0.105,0.724,9
3,ycup,29,25,2,0.169,0.376,9
3,ycup,29,26,2,0.155,0.326,9
3,ycup,29,27,2,0.149,0.386,9
3,ycup,29,28,2,0.135,0.346,9
3,ycup,29,29,2,0.169,0.346,9
3,ycup,29,30,2,0.115,0.302,9
3,ycup,29,31,2,0.191,0.475,9
3,ycup,29,32,2,0.171,0.465,9
3,ycup,29,33,2,0.211,0.489,9
3,ycup,29,34,2,0.225,0.539,9
3,ycup,29,35,2,0.171,0.543,9
3,ycup,29,36,2,0.191,0.509,9
3,ycup,29,37,2,0.225,0.145,9
3,ycup,29,38,2,0.211,0.165,9
3,ycup,29,39,2,0.28,0.195,9
3,ycup,29,40,2,0.245,0.131,9
3,ycup,29,41,2,0.245,0.185,9
3,ycup,29,42,2,0.26,0.205,9
3,ycup,29,43,2,0.211,0.849,9
3,ycup,29,44,2,0.26,0.889,9
3,ycup,29,45,2,0.245,0.849,9
3,ycup,29,46,2,0.28,0.815,9
3,ycup,29,47,2,0.225,0.805,9
3,ycup,29,48,2,0.266,0.829,9
3,ycup,29,49,2,0.332,0.666,9
3,ycup,29,50,2,0.298,0.606,9
3,ycup,29,51,2,0.298,0.66,9
3,ycup,29,52,2,0.318,0.626,9
3,ycup,29,53,2,0.352,0.656,9
3,ycup,29,54,2,0.352,0.592,9
3,ycup,29,55,2,0.3,0.384,9
3,ycup,29,56,2,0.334,0.445,9
3,ycup,29,57,2,0.3,0.36,9
3,ycup,29,58,2,0.354,0.404,9
3,ycup,29,59,2,0.32,0.425,9
3,ycup,29,60,2,0.32,0.404,9
3,ycup,29,61,2,0.384,0.753,9
3,ycup,29,62,2,0.404,0.793,9
3,ycup,29,63,2,0.439,0.738,9
3,ycup,29,64,2,0.419,0.813,9
3,ycup,29,65,2,0.439,0.773,9
3,ycup,29,66,2,0.404,0.738,9
3,ycup,29,67,2,0.386,0,9
3,ycup,29,68,2,0.421,0.085,9
3,ycup,29,69,2,0.386,0.078,9
3,ycup,29,70,2,0.406,0.064,9
3,ycup,29,71,2,0.386,0.024,9
3,ycup,29,72,2,0.406,0.01,9
3,ycup,29,73,2,0.441,0.28,9
3,ycup,29,74,2,0.406,0.249,9
3,ycup,29,75,2,0.386,0.205,9
3,ycup,29,76,2,0.441,0.215,9
3,ycup,29,77,2,0.427,0.229,9
3,ycup,29,78,2,0.386,0.229,9
3,ycup,29,79,2,0.406,0.98,9
3,ycup,29,80,2,0.441,0.96,9
3,ycup,29,81,2,0.386,0.994,9
3,ycup,29,82,2,0.386,0.915,9
3,ycup,29,83,2,0.406,0.926,9
3,ycup,29,84,2,0.441,0.926,9
3,ycup,29,85,2,0.531,0.364,9
3,ycup,29,86,2,0.511,0.384,9
3,ycup,29,87,2,0.545,0.414,9
3,ycup,29,88,2,0.525,0.425,9
3,ycup,29,89,2,0.545,0.384,9
3,ycup,29,90,2,0.491,0.364,9
3,ycup,29,91,2,0.551,0.644,9
3,ycup,29,92,2,0.497,0.6,9
3,ycup,29,93,2,0.517,0.61,9
3,ycup,29,94,2,0.483,0.644,9
3,ycup,29,95,2,0.551,0.674,9
3,ycup,29,96,2,0.537,0.624,9
3,ycup,29,97,2,0.581,0.195,9
3,ycup,29,98,2,0.547,0.189,9
3,ycup,29,99,2,0.547,0.135,9
3,ycup,29,100,2,0.602,0.121,9
3,ycup,29,101,2,0.567,0.175,9
3,ycup,29,102,2,0.602,0.185,9
3,ycup,29,103,2,0.567,0.825,9
3,ycup,29,104,2,0.547,0.839,9
3,ycup,29,105,2,0.581,0.899,9
3,ycup,29,106,2,0.567,0.879,9
3,ycup,29,107,2,0.567,0.859,9
3,ycup,29,108,2,0.547,0.815,9
3,ycup,29,109,2,0.644,0.539,9
3,ycup,29,110,2,0.575,0.509,9
3,ycup,29,111,2,0.644,0.509,9
3,ycup,29,112,2,0.624,0.549,9
3,ycup,29,113,2,0.63,0.489,9
3,ycup,29,114,2,0.59,0.465,9
3,ycup,29,115,2,0.708,0.704,9
3,ycup,29,116,2,0.728,0.684,9
3,ycup,29,117,2,0.688,0.66,9
3,ycup,29,118,2,0.742,0.704,9
3,ycup,29,119,2,0.688,0.684,9
3,ycup,29,120,2,0.674,0.704,9
3,ycup,29,121,2,0.708,0.31,9
3,ycup,29,122,2,0.708,0.33,9
3,ycup,29,123,2,0.728,0.29,9
3,ycup,29,124,2,0.688,0.29,9
3,ycup,29,125,2,0.708,0.276,9
3,ycup,29,126,2,0.688,0.266,9
3,ycup,29,127,2,0.736,0.074,9
3,ycup,29,128,2,0.736,0.153,9
3,ycup,29,129,2,0.722,0.119,9
3,ycup,29,130,2,0.791,0.085,9
3,ycup,29,131,2,0.791,0.119,9
3,ycup,29,132,2,0.757,0.085,9
3,ycup,29,133,2,0.791,0.861,9
3,ycup,29,134,2,0.736,0.93,9
3,ycup,29,135,2,0.757,0.895,9
3,ycup,29,136,2,0.757,0.861,9
3,ycup,29,137,2,0.722,0.895,9
3,ycup,29,138,2,0.777,0.875,9
3,ycup,29,139,2,0.827,0.473,9
3,ycup,29,140,2,0.807,0.547,9
3,ycup,29,141,2,0.793,0.527,9
3,ycup,29,142,2,0.813,0.487,9
3,ycup,29,143,2,0.827,0.537,9
3,ycup,29,144,2,0.759,0.507,9
3,ycup,30,1,2,0.054,0.473,10
3,ycup,30,2,2,0.054,0.507,10
3,ycup,30,3,2,0.02,0.507,10
3,ycup,30,4,2,0,0.487,10
3,ycup,30,5,2,0.02,0.473,10
3,ycup,30,6,2,0.054,0.537,10
3,ycup,30,7,2,0.03,0.159,10
3,ycup,30,8,2,0.05,0.091,10
3,ycup,30,9,2,0.03,0.08,10
3,ycup,30,10,2,0.016,0.125,10
3,ycup,30,11,2,0.085,0.091,10
3,ycup,30,12,2,0.05,0.145,10
3,ycup,30,13,2,0.07,0.869,10
3,ycup,30,14,2,0.05,0.889,10
3,ycup,30,15,2,0.03,0.845,10
3,ycup,30,16,2,0.085,0.855,10
3,ycup,30,17,2,0.085,0.889,10
3,ycup,30,18,2,0.016,0.889,10
3,ycup,30,19,2,0.139,0.734,10
3,ycup,30,20,2,0.105,0.724,10
3,ycup,30,21,2,0.085,0.684,10
3,ycup,30,22,2,0.105,0.67,10
3,ycup,30,23,2,0.139,0.67,10
3,ycup,30,24,2,0.105,0.704,10
3,ycup,30,25,2,0.155,0.326,10
3,ycup,30,26,2,0.169,0.346,10
3,ycup,30,27,2,0.169,0.376,10
3,ycup,30,28,2,0.135,0.346,10
3,ycup,30,29,2,0.149,0.386,10
3,ycup,30,30,2,0.115,0.302,10
3,ycup,30,31,2,0.171,0.543,10
3,ycup,30,32,2,0.191,0.509,10
3,ycup,30,33,2,0.191,0.509,10
3,ycup,30,34,2,0.191,0.475,10
3,ycup,30,35,2,0.225,0.539,10
3,ycup,30,36,2,0.211,0.489,10
3,ycup,30,37,2,0.225,0.145,10
3,ycup,30,38,2,0.211,0.165,10
3,ycup,30,39,2,0.28,0.195,10
3,ycup,30,40,2,0.245,0.131,10
3,ycup,30,41,2,0.245,0.185,10
3,ycup,30,42,2,0.26,0.205,10
3,ycup,30,43,2,0.211,0.849,10
3,ycup,30,44,2,0.245,0.849,10
3,ycup,30,45,2,0.26,0.889,10
3,ycup,30,46,2,0.266,0.829,10
3,ycup,30,47,2,0.225,0.805,10
3,ycup,30,48,2,0.28,0.815,10
3,ycup,30,49,2,0.298,0.66,10
3,ycup,30,50,2,0.352,0.656,10
3,ycup,30,51,2,0.352,0.592,10
3,ycup,30,52,2,0.332,0.666,10
3,ycup,30,53,2,0.318,0.626,10
3,ycup,30,54,2,0.298,0.606,10
3,ycup,30,55,2,0.354,0.404,10
3,ycup,30,56,2,0.3,0.384,10
3,ycup,30,57,2,0.32,0.425,10
3,ycup,30,58,2,0.32,0.404,10
3,ycup,30,59,2,0.334,0.445,10
3,ycup,30,60,2,0.3,0.36,10
3,ycup,30,61,2,0.439,0.773,10
3,ycup,30,62,2,0.384,0.753,10
3,ycup,30,63,2,0.404,0.738,10
3,ycup,30,64,2,0.439,0.738,10
3,ycup,30,65,2,0.419,0.813,10
3,ycup,30,66,2,0.404,0.793,10
3,ycup,30,67,2,0.406,0.064,10
3,ycup,30,68,2,0.386,0,10
3,ycup,30,69,2,0.421,0.085,10
3,ycup,30,70,2,0.386,0.078,10
3,ycup,30,71,2,0.386,0.024,10
3,ycup,30,72,2,0.406,0.01,10
3,ycup,30,73,2,0.441,0.215,10
3,ycup,30,74,2,0.406,0.249,10
3,ycup,30,75,2,0.386,0.229,10
3,ycup,30,76,2,0.441,0.28,10
3,ycup,30,77,2,0.386,0.205,10
3,ycup,30,78,2,0.427,0.229,10
3,ycup,30,79,2,0.406,0.926,10
3,ycup,30,80,2,0.386,0.915,10
3,ycup,30,81,2,0.441,0.926,10
3,ycup,30,82,2,0.406,0.98,10
3,ycup,30,83,2,0.441,0.96,10
3,ycup,30,84,2,0.386,0.994,10
3,ycup,30,85,2,0.545,0.414,10
3,ycup,30,86,2,0.525,0.425,10
3,ycup,30,87,2,0.545,0.384,10
3,ycup,30,88,2,0.531,0.364,10
3,ycup,30,89,2,0.511,0.384,10
3,ycup,30,90,2,0.491,0.364,10
3,ycup,30,91,2,0.551,0.644,10
3,ycup,30,92,2,0.497,0.6,10
3,ycup,30,93,2,0.517,0.61,10
3,ycup,30,94,2,0.483,0.644,10
3,ycup,30,95,2,0.551,0.674,10
3,ycup,30,96,2,0.537,0.624,10
3,ycup,30,97,2,0.602,0.185,10
3,ycup,30,98,2,0.547,0.189,10
3,ycup,30,99,2,0.602,0.121,10
3,ycup,30,100,2,0.567,0.175,10
3,ycup,30,101,2,0.581,0.195,10
3,ycup,30,102,2,0.547,0.135,10
3,ycup,30,103,2,0.567,0.859,10
3,ycup,30,104,2,0.567,0.879,10
3,ycup,30,105,2,0.567,0.825,10
3,ycup,30,106,2,0.547,0.839,10
3,ycup,30,107,2,0.547,0.815,10
3,ycup,30,108,2,0.581,0.899,10
3,ycup,30,109,2,0.644,0.539,10
3,ycup,30,110,2,0.63,0.489,10
3,ycup,30,111,2,0.59,0.465,10
3,ycup,30,112,2,0.575,0.509,10
3,ycup,30,113,2,0.624,0.549,10
3,ycup,30,114,2,0.644,0.509,10
3,ycup,30,115,2,0.688,0.66,10
3,ycup,30,116,2,0.728,0.684,10
3,ycup,30,117,2,0.674,0.704,10
3,ycup,30,118,2,0.742,0.704,10
3,ycup,30,119,2,0.688,0.684,10
3,ycup,30,120,2,0.688,0.738,10
3,ycup,30,121,2,0.688,0.266,10
3,ycup,30,122,2,0.708,0.276,10
3,ycup,30,123,2,0.688,0.29,10
3,ycup,30,124,2,0.728,0.29,10
3,ycup,30,125,2,0.708,0.33,10
3,ycup,30,126,2,0.722,0.35,10
3,ycup,30,127,2,0.757,0.085,10
3,ycup,30,128,2,0.791,0.119,10
3,ycup,30,129,2,0.791,0.085,10
3,ycup,30,130,2,0.736,0.074,10
3,ycup,30,131,2,0.722,0.119,10
3,ycup,30,132,2,0.736,0.153,10
3,ycup,30,133,2,0.757,0.895,10
3,ycup,30,134,2,0.791,0.861,10
3,ycup,30,135,2,0.722,0.895,10
3,ycup,30,136,2,0.736,0.93,10
3,ycup,30,137,2,0.777,0.875,10
3,ycup,30,138,2,0.757,0.861,10
3,ycup,30,139,2,0.813,0.487,10
3,ycup,30,140,2,0.759,0.507,10
3,ycup,30,141,2,0.793,0.527,10
3,ycup,30,142,2,0.807,0.547,10
3,ycup,30,143,2,0.827,0.473,10
3,ycup,30,144,2,0.827,0.537,10
4,ycup,31,1,2,0.054,0.537,1
4,ycup,31,2,2,0,0.463,1
4,ycup,31,3,2,0.02,0.507,1
4,ycup,31,4,2,0,0.487,1
4,ycup,31,5,2,0.054,0.473,1
4,ycup,31,6,2,0.054,0.507,1
4,ycup,31,7,2,0.05,0.091,1
4,ycup,31,8,2,0.07,0.105,1
4,ycup,31,9,2,0.016,0.125,1
4,ycup,31,10,2,0.05,0.145,1
4,ycup,31,11,2,0.05,0.125,1
4,ycup,31,12,2,0.085,0.091,1
4,ycup,31,13,2,0.016,0.889,1
4,ycup,31,14,2,0.05,0.855,1
4,ycup,31,15,2,0.064,0.93,1
4,ycup,31,16,2,0.085,0.92,1
4,ycup,31,17,2,0.03,0.869,1
4,ycup,31,18,2,0.05,0.889,1
4,ycup,31,19,2,0.105,0.704,1
4,ycup,31,20,2,0.105,0.724,1
4,ycup,31,21,2,0.07,0.704,1
4,ycup,31,22,2,0.085,0.66,1
4,ycup,31,23,2,0.119,0.744,1
4,ycup,31,24,2,0.139,0.734,1
4,ycup,31,25,2,0.115,0.38,1
4,ycup,31,26,2,0.169,0.312,1
4,ycup,31,27,2,0.169,0.346,1
4,ycup,31,28,2,0.135,0.366,1
4,ycup,31,29,2,0.115,0.326,1
4,ycup,31,30,2,0.149,0.386,1
4,ycup,31,31,2,0.157,0.509,1
4,ycup,31,32,2,0.171,0.489,1
4,ycup,31,33,2,0.171,0.543,1
4,ycup,31,34,2,0.191,0.475,1
4,ycup,31,35,2,0.191,0.529,1
4,ycup,31,36,2,0.225,0.539,1
4,ycup,31,37,2,0.266,0.145,1
4,ycup,31,38,2,0.28,0.195,1
4,ycup,31,39,2,0.245,0.165,1
4,ycup,31,40,2,0.26,0.205,1
4,ycup,31,41,2,0.225,0.199,1
4,ycup,31,42,2,0.245,0.185,1
4,ycup,31,43,2,0.26,0.889,1
4,ycup,31,44,2,0.211,0.849,1
4,ycup,31,45,2,0.245,0.869,1
4,ycup,31,46,2,0.28,0.815,1
4,ycup,31,47,2,0.225,0.829,1
4,ycup,31,48,2,0.225,0.883,1
4,ycup,31,49,2,0.352,0.656,1
4,ycup,31,50,2,0.298,0.581,1
4,ycup,31,51,2,0.318,0.646,1
4,ycup,31,52,2,0.352,0.626,1
4,ycup,31,53,2,0.318,0.626,1
4,ycup,31,54,2,0.318,0.592,1
4,ycup,31,55,2,0.3,0.36,1
4,ycup,31,56,2,0.286,0.404,1
4,ycup,31,57,2,0.354,0.404,1
4,ycup,31,58,2,0.3,0.439,1
4,ycup,31,59,2,0.34,0.384,1
4,ycup,31,60,2,0.32,0.37,1
4,ycup,31,61,2,0.439,0.738,1
4,ycup,31,62,2,0.384,0.728,1
4,ycup,31,63,2,0.408,0.773,1
4,ycup,31,64,2,0.404,0.773,1
4,ycup,31,65,2,0.404,0.793,1
4,ycup,31,66,2,0.384,0.807,1
4,ycup,31,67,2,0.386,0.024,1
4,ycup,31,68,2,0.441,0.044,1
4,ycup,31,69,2,0.421,0.085,1
4,ycup,31,70,2,0.386,0,1
4,ycup,31,71,2,0.441,0.01,1
4,ycup,31,72,2,0.406,0.01,1
4,ycup,31,73,2,0.427,0.229,1
4,ycup,31,74,2,0.406,0.215,1
4,ycup,31,75,2,0.386,0.205,1
4,ycup,31,76,2,0.441,0.215,1
4,ycup,31,77,2,0.441,0.249,1
4,ycup,31,78,2,0.406,0.249,1
4,ycup,31,79,2,0.386,0.994,1
4,ycup,31,80,2,0.441,0.96,1
4,ycup,31,81,2,0.406,0.98,1
4,ycup,31,82,2,0.386,0.94,1
4,ycup,31,83,2,0.421,1,1
4,ycup,31,84,2,0.386,0.915,1
4,ycup,31,85,2,0.491,0.34,1
4,ycup,31,86,2,0.545,0.414,1
4,ycup,31,87,2,0.531,0.364,1
4,ycup,31,88,2,0.545,0.384,1
4,ycup,31,89,2,0.491,0.419,1
4,ycup,31,90,2,0.477,0.384,1
4,ycup,31,91,2,0.517,0.664,1
4,ycup,31,92,2,0.531,0.684,1
4,ycup,31,93,2,0.517,0.644,1
4,ycup,31,94,2,0.497,0.6,1
4,ycup,31,95,2,0.517,0.644,1
4,ycup,31,96,2,0.551,0.674,1
4,ycup,31,97,2,0.547,0.111,1
4,ycup,31,98,2,0.588,0.135,1
4,ycup,31,99,2,0.602,0.155,1
4,ycup,31,100,2,0.567,0.121,1
4,ycup,31,101,2,0.567,0.175,1
4,ycup,31,102,2,0.547,0.189,1
4,ycup,31,103,2,0.547,0.893,1
4,ycup,31,104,2,0.567,0.859,1
4,ycup,31,105,2,0.533,0.859,1
4,ycup,31,106,2,0.602,0.859,1
4,ycup,31,107,2,0.588,0.839,1
4,ycup,31,108,2,0.547,0.839,1
4,ycup,31,109,2,0.644,0.509,1
4,ycup,31,110,2,0.61,0.475,1
4,ycup,31,111,2,0.59,0.465,1
4,ycup,31,112,2,0.59,0.489,1
4,ycup,31,113,2,0.644,0.475,1
4,ycup,31,114,2,0.59,0.543,1
4,ycup,31,115,2,0.742,0.704,1
4,ycup,31,116,2,0.742,0.734,1
4,ycup,31,117,2,0.688,0.684,1
4,ycup,31,118,2,0.728,0.684,1
4,ycup,31,119,2,0.708,0.67,1
4,ycup,31,120,2,0.688,0.66,1
4,ycup,31,121,2,0.708,0.33,1
4,ycup,31,122,2,0.688,0.266,1
4,ycup,31,123,2,0.688,0.344,1
4,ycup,31,124,2,0.742,0.276,1
4,ycup,31,125,2,0.728,0.29,1
4,ycup,31,126,2,0.708,0.31,1
4,ycup,31,127,2,0.722,0.119,1
4,ycup,31,128,2,0.757,0.085,1
4,ycup,31,129,2,0.791,0.085,1
4,ycup,31,130,2,0.777,0.099,1
4,ycup,31,131,2,0.791,0.119,1
4,ycup,31,132,2,0.771,0.159,1
4,ycup,31,133,2,0.791,0.861,1
4,ycup,31,134,2,0.722,0.895,1
4,ycup,31,135,2,0.771,0.936,1
4,ycup,31,136,2,0.791,0.926,1
4,ycup,31,137,2,0.736,0.851,1
4,ycup,31,138,2,0.791,0.895,1
4,ycup,31,139,2,0.773,0.487,1
4,ycup,31,140,2,0.793,0.527,1
4,ycup,31,141,2,0.827,0.507,1
4,ycup,31,142,2,0.759,0.507,1
4,ycup,31,143,2,0.793,0.473,1
4,ycup,31,144,2,0.793,0.507,1
4,ycup,32,1,2,0.054,0.537,2
4,ycup,32,2,2,0,0.463,2
4,ycup,32,3,2,0.02,0.507,2
4,ycup,32,4,2,0,0.487,2
4,ycup,32,5,2,0.054,0.473,2
4,ycup,32,6,2,0.054,0.507,2
4,ycup,32,7,2,0.05,0.091,2
4,ycup,32,8,2,0.07,0.105,2
4,ycup,32,9,2,0.016,0.125,2
4,ycup,32,10,2,0.05,0.145,2
4,ycup,32,11,2,0.05,0.125,2
4,ycup,32,12,2,0.085,0.091,2
4,ycup,32,13,2,0.016,0.889,2
4,ycup,32,14,2,0.05,0.855,2
4,ycup,32,15,2,0.064,0.93,2
4,ycup,32,16,2,0.085,0.92,2
4,ycup,32,17,2,0.03,0.869,2
4,ycup,32,18,2,0.05,0.889,2
4,ycup,32,19,2,0.105,0.704,2
4,ycup,32,20,2,0.105,0.724,2
4,ycup,32,21,2,0.07,0.704,2
4,ycup,32,22,2,0.085,0.66,2
4,ycup,32,23,2,0.119,0.744,2
4,ycup,32,24,2,0.139,0.734,2
4,ycup,32,25,2,0.115,0.38,2
4,ycup,32,26,2,0.169,0.312,2
4,ycup,32,27,2,0.169,0.346,2
4,ycup,32,28,2,0.135,0.366,2
4,ycup,32,29,2,0.115,0.326,2
4,ycup,32,30,2,0.149,0.386,2
4,ycup,32,31,2,0.171,0.543,2
4,ycup,32,32,2,0.191,0.475,2
4,ycup,32,33,2,0.225,0.539,2
4,ycup,32,34,2,0.191,0.529,2
4,ycup,32,35,2,0.171,0.489,2
4,ycup,32,36,2,0.157,0.509,2
4,ycup,32,37,2,0.26,0.205,2
4,ycup,32,38,2,0.266,0.145,2
4,ycup,32,39,2,0.225,0.199,2
4,ycup,32,40,2,0.245,0.185,2
4,ycup,32,41,2,0.28,0.195,2
4,ycup,32,42,2,0.245,0.165,2
4,ycup,32,43,2,0.26,0.889,2
4,ycup,32,44,2,0.211,0.849,2
4,ycup,32,45,2,0.245,0.869,2
4,ycup,32,46,2,0.28,0.815,2
4,ycup,32,47,2,0.225,0.829,2
4,ycup,32,48,2,0.225,0.883,2
4,ycup,32,49,2,0.318,0.592,2
4,ycup,32,50,2,0.318,0.626,2
4,ycup,32,51,2,0.352,0.656,2
4,ycup,32,52,2,0.318,0.646,2
4,ycup,32,53,2,0.298,0.581,2
4,ycup,32,54,2,0.352,0.626,2
4,ycup,32,55,2,0.354,0.404,2
4,ycup,32,56,2,0.286,0.404,2
4,ycup,32,57,2,0.32,0.37,2
4,ycup,32,58,2,0.3,0.36,2
4,ycup,32,59,2,0.34,0.384,2
4,ycup,32,60,2,0.3,0.439,2
4,ycup,32,61,2,0.404,0.773,2
4,ycup,32,62,2,0.384,0.728,2
4,ycup,32,63,2,0.404,0.793,2
4,ycup,32,64,2,0.439,0.738,2
4,ycup,32,65,2,0.37,0.773,2
4,ycup,32,66,2,0.384,0.807,2
4,ycup,32,67,2,0.386,0.024,2
4,ycup,32,68,2,0.441,0.044,2
4,ycup,32,69,2,0.421,0.085,2
4,ycup,32,70,2,0.386,0,2
4,ycup,32,71,2,0.441,0.01,2
4,ycup,32,72,2,0.406,0.01,2
4,ycup,32,73,2,0.386,0.205,2
4,ycup,32,74,2,0.441,0.249,2
4,ycup,32,75,2,0.406,0.249,2
4,ycup,32,76,2,0.441,0.215,2
4,ycup,32,77,2,0.406,0.215,2
4,ycup,32,78,2,0.427,0.229,2
4,ycup,32,79,2,0.386,0.994,2
4,ycup,32,80,2,0.441,0.96,2
4,ycup,32,81,2,0.406,0.98,2
4,ycup,32,82,2,0.386,0.94,2
4,ycup,32,83,2,0.421,1,2
4,ycup,32,84,2,0.386,0.915,2
4,ycup,32,85,2,0.531,0.364,2
4,ycup,32,86,2,0.477,0.384,2
4,ycup,32,87,2,0.545,0.384,2
4,ycup,32,88,2,0.491,0.419,2
4,ycup,32,89,2,0.545,0.414,2
4,ycup,32,90,2,0.491,0.34,2
4,ycup,32,91,2,0.517,0.644,2
4,ycup,32,92,2,0.517,0.664,2
4,ycup,32,93,2,0.531,0.684,2
4,ycup,32,94,2,0.551,0.674,2
4,ycup,32,95,2,0.497,0.6,2
4,ycup,32,96,2,0.537,0.624,2
4,ycup,32,97,2,0.547,0.111,2
4,ycup,32,98,2,0.588,0.135,2
4,ycup,32,99,2,0.602,0.155,2
4,ycup,32,100,2,0.567,0.121,2
4,ycup,32,101,2,0.567,0.175,2
4,ycup,32,102,2,0.547,0.189,2
4,ycup,32,103,2,0.547,0.893,2
4,ycup,32,104,2,0.567,0.859,2
4,ycup,32,105,2,0.533,0.859,2
4,ycup,32,106,2,0.602,0.859,2
4,ycup,32,107,2,0.588,0.839,2
4,ycup,32,108,2,0.547,0.839,2
4,ycup,32,109,2,0.59,0.489,2
4,ycup,32,110,2,0.644,0.509,2
4,ycup,32,111,2,0.59,0.465,2
4,ycup,32,112,2,0.59,0.543,2
4,ycup,32,113,2,0.644,0.475,2
4,ycup,32,114,2,0.61,0.475,2
4,ycup,32,115,2,0.742,0.704,2
4,ycup,32,116,2,0.742,0.734,2
4,ycup,32,117,2,0.688,0.684,2
4,ycup,32,118,2,0.728,0.684,2
4,ycup,32,119,2,0.708,0.67,2
4,ycup,32,120,2,0.688,0.66,2
4,ycup,32,121,2,0.708,0.33,2
4,ycup,32,122,2,0.688,0.266,2
4,ycup,32,123,2,0.688,0.344,2
4,ycup,32,124,2,0.742,0.276,2
4,ycup,32,125,2,0.728,0.29,2
4,ycup,32,126,2,0.708,0.31,2
4,ycup,32,127,2,0.722,0.119,2
4,ycup,32,128,2,0.757,0.085,2
4,ycup,32,129,2,0.791,0.085,2
4,ycup,32,130,2,0.777,0.099,2
4,ycup,32,131,2,0.791,0.119,2
4,ycup,32,132,2,0.771,0.159,2
4,ycup,32,133,2,0.791,0.861,2
4,ycup,32,134,2,0.722,0.895,2
4,ycup,32,135,2,0.771,0.936,2
4,ycup,32,136,2,0.791,0.926,2
4,ycup,32,137,2,0.736,0.851,2
4,ycup,32,138,2,0.791,0.895,2
4,ycup,32,139,2,0.773,0.487,2
4,ycup,32,140,2,0.793,0.527,2
4,ycup,32,141,2,0.827,0.507,2
4,ycup,32,142,2,0.759,0.507,2
4,ycup,32,143,2,0.793,0.473,2
4,ycup,32,144,2,0.793,0.507,2
4,ycup,33,1,2,0.054,0.537,3
4,ycup,33,2,2,0,0.463,3
4,ycup,33,3,2,0.02,0.507,3
4,ycup,33,4,2,0,0.487,3
4,ycup,33,5,2,0.054,0.473,3
4,ycup,33,6,2,0.054,0.507,3
4,ycup,33,7,2,0.05,0.091,3
4,ycup,33,8,2,0.07,0.105,3
4,ycup,33,9,2,0.016,0.125,3
4,ycup,33,10,2,0.05,0.145,3
4,ycup,33,11,2,0.05,0.125,3
4,ycup,33,12,2,0.085,0.091,3
4,ycup,33,13,2,0.016,0.889,3
4,ycup,33,14,2,0.05,0.855,3
4,ycup,33,15,2,0.064,0.93,3
4,ycup,33,16,2,0.085,0.92,3
4,ycup,33,17,2,0.03,0.869,3
4,ycup,33,18,2,0.05,0.889,3
4,ycup,33,19,2,0.105,0.704,3
4,ycup,33,20,2,0.105,0.724,3
4,ycup,33,21,2,0.07,0.704,3
4,ycup,33,22,2,0.085,0.66,3
4,ycup,33,23,2,0.119,0.744,3
4,ycup,33,24,2,0.139,0.734,3
4,ycup,33,25,2,0.169,0.346,3
4,ycup,33,26,2,0.115,0.326,3
4,ycup,33,27,2,0.135,0.366,3
4,ycup,33,28,2,0.169,0.312,3
4,ycup,33,29,2,0.149,0.386,3
4,ycup,33,30,2,0.115,0.38,3
4,ycup,33,31,2,0.191,0.475,3
4,ycup,33,32,2,0.191,0.529,3
4,ycup,33,33,2,0.171,0.543,3
4,ycup,33,34,2,0.225,0.539,3
4,ycup,33,35,2,0.171,0.489,3
4,ycup,33,36,2,0.157,0.509,3
4,ycup,33,37,2,0.26,0.205,3
4,ycup,33,38,2,0.245,0.185,3
4,ycup,33,39,2,0.245,0.165,3
4,ycup,33,40,2,0.225,0.199,3
4,ycup,33,41,2,0.266,0.145,3
4,ycup,33,42,2,0.28,0.195,3
4,ycup,33,43,2,0.26,0.889,3
4,ycup,33,44,2,0.211,0.849,3
4,ycup,33,45,2,0.245,0.869,3
4,ycup,33,46,2,0.28,0.815,3
4,ycup,33,47,2,0.225,0.829,3
4,ycup,33,48,2,0.225,0.883,3
4,ycup,33,49,2,0.352,0.626,3
4,ycup,33,50,2,0.318,0.626,3
4,ycup,33,51,2,0.352,0.656,3
4,ycup,33,52,2,0.318,0.646,3
4,ycup,33,53,2,0.298,0.581,3
4,ycup,33,54,2,0.318,0.592,3
4,ycup,33,55,2,0.3,0.36,3
4,ycup,33,56,2,0.32,0.37,3
4,ycup,33,57,2,0.3,0.439,3
4,ycup,33,58,2,0.34,0.384,3
4,ycup,33,59,2,0.354,0.404,3
4,ycup,33,60,2,0.286,0.404,3
4,ycup,33,61,2,0.404,0.773,3
4,ycup,33,62,2,0.384,0.728,3
4,ycup,33,63,2,0.404,0.793,3
4,ycup,33,64,2,0.439,0.738,3
4,ycup,33,65,2,0.37,0.773,3
4,ycup,33,66,2,0.384,0.807,3
4,ycup,33,67,2,0.421,0.085,3
4,ycup,33,68,2,0.386,0,3
4,ycup,33,69,2,0.441,0.044,3
4,ycup,33,70,2,0.441,0.01,3
4,ycup,33,71,2,0.386,0.024,3
4,ycup,33,72,2,0.406,0.01,3
4,ycup,33,73,2,0.386,0.205,3
4,ycup,33,74,2,0.406,0.215,3
4,ycup,33,75,2,0.427,0.229,3
4,ycup,33,76,2,0.441,0.215,3
4,ycup,33,77,2,0.441,0.249,3
4,ycup,33,78,2,0.406,0.249,3
4,ycup,33,79,2,0.386,0.994,3
4,ycup,33,80,2,0.441,0.96,3
4,ycup,33,81,2,0.406,0.98,3
4,ycup,33,82,2,0.386,0.94,3
4,ycup,33,83,2,0.421,1,3
4,ycup,33,84,2,0.386,0.915,3
4,ycup,33,85,2,0.491,0.34,3
4,ycup,33,86,2,0.545,0.414,3
4,ycup,33,87,2,0.531,0.364,3
4,ycup,33,88,2,0.545,0.384,3
4,ycup,33,89,2,0.491,0.419,3
4,ycup,33,90,2,0.477,0.384,3
4,ycup,33,91,2,0.517,0.644,3
4,ycup,33,92,2,0.517,0.664,3
4,ycup,33,93,2,0.531,0.684,3
4,ycup,33,94,2,0.551,0.674,3
4,ycup,33,95,2,0.497,0.6,3
4,ycup,33,96,2,0.537,0.624,3
4,ycup,33,97,2,0.547,0.111,3
4,ycup,33,98,2,0.602,0.155,3
4,ycup,33,99,2,0.567,0.121,3
4,ycup,33,100,2,0.588,0.135,3
4,ycup,33,101,2,0.567,0.175,3
4,ycup,33,102,2,0.547,0.189,3
4,ycup,33,103,2,0.547,0.893,3
4,ycup,33,104,2,0.567,0.859,3
4,ycup,33,105,2,0.533,0.859,3
4,ycup,33,106,2,0.602,0.859,3
4,ycup,33,107,2,0.588,0.839,3
4,ycup,33,108,2,0.547,0.839,3
4,ycup,33,109,2,0.59,0.489,3
4,ycup,33,110,2,0.644,0.509,3
4,ycup,33,111,2,0.59,0.465,3
4,ycup,33,112,2,0.59,0.543,3
4,ycup,33,113,2,0.644,0.475,3
4,ycup,33,114,2,0.61,0.475,3
4,ycup,33,115,2,0.742,0.704,3
4,ycup,33,116,2,0.742,0.734,3
4,ycup,33,117,2,0.688,0.684,3
4,ycup,33,118,2,0.728,0.684,3
4,ycup,33,119,2,0.708,0.67,3
4,ycup,33,120,2,0.688,0.66,3
4,ycup,33,121,2,0.708,0.33,3
4,ycup,33,122,2,0.688,0.266,3
4,ycup,33,123,2,0.688,0.344,3
4,ycup,33,124,2,0.742,0.276,3
4,ycup,33,125,2,0.728,0.29,3
4,ycup,33,126,2,0.708,0.31,3
4,ycup,33,127,2,0.722,0.119,3
4,ycup,33,128,2,0.757,0.085,3
4,ycup,33,129,2,0.791,0.085,3
4,ycup,33,130,2,0.777,0.099,3
4,ycup,33,131,2,0.791,0.119,3
4,ycup,33,132,2,0.771,0.159,3
4,ycup,33,133,2,0.791,0.861,3
4,ycup,33,134,2,0.722,0.895,3
4,ycup,33,135,2,0.771,0.936,3
4,ycup,33,136,2,0.791,0.926,3
4,ycup,33,137,2,0.736,0.851,3
4,ycup,33,138,2,0.791,0.895,3
4,ycup,33,139,2,0.773,0.487,3
4,ycup,33,140,2,0.793,0.527,3
4,ycup,33,141,2,0.827,0.507,3
4,ycup,33,142,2,0.759,0.507,3
4,ycup,33,143,2,0.793,0.473,3
4,ycup,33,144,2,0.793,0.507,3
4,ycup,34,1,2,0.054,0.537,4
4,ycup,34,2,2,0,0.463,4
4,ycup,34,3,2,0.02,0.507,4
4,ycup,34,4,2,0,0.487,4
4,ycup,34,5,2,0.054,0.473,4
4,ycup,34,6,2,0.054,0.507,4
4,ycup,34,7,2,0.05,0.091,4
4,ycup,34,8,2,0.07,0.105,4
4,ycup,34,9,2,0.016,0.125,4
4,ycup,34,10,2,0.05,0.145,4
4,ycup,34,11,2,0.05,0.125,4
4,ycup,34,12,2,0.085,0.091,4
4,ycup,34,13,2,0.064,0.93,4
4,ycup,34,14,2,0.016,0.889,4
4,ycup,34,15,2,0.03,0.869,4
4,ycup,34,16,2,0.05,0.889,4
4,ycup,34,17,2,0.05,0.855,4
4,ycup,34,18,2,0.085,0.92,4
4,ycup,34,19,2,0.085,0.66,4
4,ycup,34,20,2,0.07,0.704,4
4,ycup,34,21,2,0.119,0.744,4
4,ycup,34,22,2,0.139,0.734,4
4,ycup,34,23,2,0.105,0.724,4
4,ycup,34,24,2,0.105,0.704,4
4,ycup,34,25,2,0.115,0.38,4
4,ycup,34,26,2,0.169,0.312,4
4,ycup,34,27,2,0.169,0.346,4
4,ycup,34,28,2,0.135,0.366,4
4,ycup,34,29,2,0.115,0.326,4
4,ycup,34,30,2,0.149,0.386,4
4,ycup,34,31,2,0.157,0.509,4
4,ycup,34,32,2,0.171,0.489,4
4,ycup,34,33,2,0.171,0.543,4
4,ycup,34,34,2,0.191,0.475,4
4,ycup,34,35,2,0.191,0.529,4
4,ycup,34,36,2,0.225,0.539,4
4,ycup,34,37,2,0.266,0.145,4
4,ycup,34,38,2,0.28,0.195,4
4,ycup,34,39,2,0.245,0.165,4
4,ycup,34,40,2,0.26,0.205,4
4,ycup,34,41,2,0.225,0.199,4
4,ycup,34,42,2,0.245,0.185,4
4,ycup,34,43,2,0.225,0.829,4
4,ycup,34,44,2,0.245,0.869,4
4,ycup,34,45,2,0.28,0.815,4
4,ycup,34,46,2,0.26,0.889,4
4,ycup,34,47,2,0.211,0.849,4
4,ycup,34,48,2,0.225,0.883,4
4,ycup,34,49,2,0.318,0.592,4
4,ycup,34,50,2,0.318,0.626,4
4,ycup,34,51,2,0.352,0.656,4
4,ycup,34,52,2,0.318,0.646,4
4,ycup,34,53,2,0.298,0.581,4
4,ycup,34,54,2,0.352,0.626,4
4,ycup,34,55,2,0.3,0.36,4
4,ycup,34,56,2,0.286,0.404,4
4,ycup,34,57,2,0.354,0.404,4
4,ycup,34,58,2,0.3,0.439,4
4,ycup,34,59,2,0.34,0.384,4
4,ycup,34,60,2,0.32,0.37,4
4,ycup,34,61,2,0.404,0.793,4
4,ycup,34,62,2,0.404,0.773,4
4,ycup,34,63,2,0.439,0.738,4
4,ycup,34,64,2,0.384,0.728,4
4,ycup,34,65,2,0.384,0.807,4
4,ycup,34,66,2,0.37,0.773,4
4,ycup,34,67,2,0.386,0.024,4
4,ycup,34,68,2,0.441,0.044,4
4,ycup,34,69,2,0.421,0.085,4
4,ycup,34,70,2,0.386,0,4
4,ycup,34,71,2,0.441,0.01,4
4,ycup,34,72,2,0.406,0.01,4
4,ycup,34,73,2,0.427,0.229,4
4,ycup,34,74,2,0.406,0.215,4
4,ycup,34,75,2,0.386,0.205,4
4,ycup,34,76,2,0.441,0.215,4
4,ycup,34,77,2,0.441,0.249,4
4,ycup,34,78,2,0.406,0.249,4
4,ycup,34,79,2,0.406,0.98,4
4,ycup,34,80,2,0.386,0.915,4
4,ycup,34,81,2,0.386,0.94,4
4,ycup,34,82,2,0.441,0.96,4
4,ycup,34,83,2,0.421,1,4
4,ycup,34,84,2,0.386,0.994,4
4,ycup,34,85,2,0.491,0.34,4
4,ycup,34,86,2,0.545,0.414,4
4,ycup,34,87,2,0.531,0.364,4
4,ycup,34,88,2,0.545,0.384,4
4,ycup,34,89,2,0.491,0.419,4
4,ycup,34,90,2,0.477,0.384,4
4,ycup,34,91,2,0.517,0.644,4
4,ycup,34,92,2,0.517,0.664,4
4,ycup,34,93,2,0.531,0.684,4
4,ycup,34,94,2,0.551,0.674,4
4,ycup,34,95,2,0.497,0.6,4
4,ycup,34,96,2,0.537,0.624,4
4,ycup,34,97,2,0.547,0.111,4
4,ycup,34,98,2,0.588,0.135,4
4,ycup,34,99,2,0.602,0.155,4
4,ycup,34,100,2,0.567,0.121,4
4,ycup,34,101,2,0.567,0.175,4
4,ycup,34,102,2,0.547,0.189,4
4,ycup,34,103,2,0.533,0.859,4
4,ycup,34,104,2,0.602,0.859,4
4,ycup,34,105,2,0.547,0.893,4
4,ycup,34,106,2,0.547,0.839,4
4,ycup,34,107,2,0.588,0.839,4
4,ycup,34,108,2,0.567,0.859,4
4,ycup,34,109,2,0.59,0.489,4
4,ycup,34,110,2,0.644,0.509,4
4,ycup,34,111,2,0.59,0.465,4
4,ycup,34,112,2,0.59,0.543,4
4,ycup,34,113,2,0.644,0.475,4
4,ycup,34,114,2,0.61,0.475,4
4,ycup,34,115,2,0.728,0.684,4
4,ycup,34,116,2,0.708,0.67,4
4,ycup,34,117,2,0.742,0.704,4
4,ycup,34,118,2,0.688,0.66,4
4,ycup,34,119,2,0.688,0.684,4
4,ycup,34,120,2,0.742,0.734,4
4,ycup,34,121,2,0.708,0.33,4
4,ycup,34,122,2,0.688,0.266,4
4,ycup,34,123,2,0.688,0.344,4
4,ycup,34,124,2,0.742,0.276,4
4,ycup,34,125,2,0.728,0.29,4
4,ycup,34,126,2,0.708,0.31,4
4,ycup,34,127,2,0.722,0.119,4
4,ycup,34,128,2,0.757,0.085,4
4,ycup,34,129,2,0.791,0.085,4
4,ycup,34,130,2,0.777,0.099,4
4,ycup,34,131,2,0.791,0.119,4
4,ycup,34,132,2,0.771,0.159,4
4,ycup,34,133,2,0.791,0.861,4
4,ycup,34,134,2,0.722,0.895,4
4,ycup,34,135,2,0.771,0.936,4
4,ycup,34,136,2,0.791,0.926,4
4,ycup,34,137,2,0.736,0.851,4
4,ycup,34,138,2,0.791,0.895,4
4,ycup,34,139,2,0.773,0.487,4
4,ycup,34,140,2,0.793,0.527,4
4,ycup,34,141,2,0.827,0.507,4
4,ycup,34,142,2,0.759,0.507,4
4,ycup,34,143,2,0.793,0.473,4
4,ycup,34,144,2,0.793,0.507,4
4,ycup,35,1,2,0.054,0.537,5
4,ycup,35,2,2,0,0.463,5
4,ycup,35,3,2,0.02,0.507,5
4,ycup,35,4,2,0,0.487,5
4,ycup,35,5,2,0.054,0.473,5
4,ycup,35,6,2,0.054,0.507,5
4,ycup,35,7,2,0.05,0.091,5
4,ycup,35,8,2,0.07,0.105,5
4,ycup,35,9,2,0.016,0.125,5
4,ycup,35,10,2,0.05,0.145,5
4,ycup,35,11,2,0.05,0.125,5
4,ycup,35,12,2,0.085,0.091,5
4,ycup,35,13,2,0.016,0.889,5
4,ycup,35,14,2,0.05,0.855,5
4,ycup,35,15,2,0.064,0.93,5
4,ycup,35,16,2,0.085,0.92,5
4,ycup,35,17,2,0.03,0.869,5
4,ycup,35,18,2,0.05,0.889,5
4,ycup,35,19,2,0.105,0.704,5
4,ycup,35,20,2,0.105,0.724,5
4,ycup,35,21,2,0.07,0.704,5
4,ycup,35,22,2,0.085,0.66,5
4,ycup,35,23,2,0.119,0.744,5
4,ycup,35,24,2,0.139,0.734,5
4,ycup,35,25,2,0.115,0.38,5
4,ycup,35,26,2,0.169,0.312,5
4,ycup,35,27,2,0.169,0.346,5
4,ycup,35,28,2,0.135,0.366,5
4,ycup,35,29,2,0.115,0.326,5
4,ycup,35,30,2,0.149,0.386,5
4,ycup,35,31,2,0.157,0.509,5
4,ycup,35,32,2,0.171,0.489,5
4,ycup,35,33,2,0.171,0.543,5
4,ycup,35,34,2,0.191,0.475,5
4,ycup,35,35,2,0.191,0.529,5
4,ycup,35,36,2,0.225,0.539,5
4,ycup,35,37,2,0.266,0.145,5
4,ycup,35,38,2,0.28,0.195,5
4,ycup,35,39,2,0.245,0.165,5
4,ycup,35,40,2,0.26,0.205,5
4,ycup,35,41,2,0.225,0.199,5
4,ycup,35,42,2,0.245,0.185,5
4,ycup,35,43,2,0.26,0.889,5
4,ycup,35,44,2,0.211,0.849,5
4,ycup,35,45,2,0.245,0.869,5
4,ycup,35,46,2,0.28,0.815,5
4,ycup,35,47,2,0.225,0.829,5
4,ycup,35,48,2,0.225,0.883,5
4,ycup,35,49,2,0.318,0.626,5
4,ycup,35,50,2,0.298,0.581,5
4,ycup,35,51,2,0.318,0.646,5
4,ycup,35,52,2,0.352,0.626,5
4,ycup,35,53,2,0.352,0.656,5
4,ycup,35,54,2,0.318,0.592,5
4,ycup,35,55,2,0.3,0.36,5
4,ycup,35,56,2,0.286,0.404,5
4,ycup,35,57,2,0.354,0.404,5
4,ycup,35,58,2,0.3,0.439,5
4,ycup,35,59,2,0.34,0.384,5
4,ycup,35,60,2,0.32,0.37,5
4,ycup,35,61,2,0.404,0.773,5
4,ycup,35,62,2,0.384,0.728,5
4,ycup,35,63,2,0.404,0.793,5
4,ycup,35,64,2,0.439,0.738,5
4,ycup,35,65,2,0.37,0.773,5
4,ycup,35,66,2,0.384,0.807,5
4,ycup,35,67,2,0.386,0.024,5
4,ycup,35,68,2,0.441,0.044,5
4,ycup,35,69,2,0.421,0.085,5
4,ycup,35,70,2,0.386,0,5
4,ycup,35,71,2,0.441,0.01,5
4,ycup,35,72,2,0.406,0.01,5
4,ycup,35,73,2,0.386,0.205,5
4,ycup,35,74,2,0.406,0.215,5
4,ycup,35,75,2,0.441,0.215,5
4,ycup,35,76,2,0.441,0.249,5
4,ycup,35,77,2,0.427,0.229,5
4,ycup,35,78,2,0.406,0.249,5
4,ycup,35,79,2,0.386,0.994,5
4,ycup,35,80,2,0.441,0.96,5
4,ycup,35,81,2,0.406,0.98,5
4,ycup,35,82,2,0.386,0.94,5
4,ycup,35,83,2,0.421,1,5
4,ycup,35,84,2,0.386,0.915,5
4,ycup,35,85,2,0.531,0.364,5
4,ycup,35,86,2,0.545,0.384,5
4,ycup,35,87,2,0.491,0.34,5
4,ycup,35,88,2,0.491,0.419,5
4,ycup,35,89,2,0.477,0.384,5
4,ycup,35,90,2,0.545,0.414,5
4,ycup,35,91,2,0.517,0.664,5
4,ycup,35,92,2,0.537,0.624,5
4,ycup,35,93,2,0.531,0.684,5
4,ycup,35,94,2,0.497,0.6,5
4,ycup,35,95,2,0.551,0.674,5
4,ycup,35,96,2,0.517,0.644,5
4,ycup,35,97,2,0.567,0.121,5
4,ycup,35,98,2,0.567,0.175,5
4,ycup,35,99,2,0.602,0.155,5
4,ycup,35,100,2,0.547,0.189,5
4,ycup,35,101,2,0.588,0.135,5
4,ycup,35,102,2,0.547,0.111,5
4,ycup,35,103,2,0.547,0.893,5
4,ycup,35,104,2,0.567,0.859,5
4,ycup,35,105,2,0.533,0.859,5
4,ycup,35,106,2,0.602,0.859,5
4,ycup,35,107,2,0.588,0.839,5
4,ycup,35,108,2,0.547,0.839,5
4,ycup,35,109,2,0.644,0.509,5
4,ycup,35,110,2,0.61,0.475,5
4,ycup,35,111,2,0.59,0.465,5
4,ycup,35,112,2,0.59,0.489,5
4,ycup,35,113,2,0.644,0.475,5
4,ycup,35,114,2,0.59,0.543,5
4,ycup,35,115,2,0.742,0.704,5
4,ycup,35,116,2,0.742,0.734,5
4,ycup,35,117,2,0.688,0.684,5
4,ycup,35,118,2,0.728,0.684,5
4,ycup,35,119,2,0.708,0.67,5
4,ycup,35,120,2,0.688,0.66,5
4,ycup,35,121,2,0.708,0.33,5
4,ycup,35,122,2,0.688,0.266,5
4,ycup,35,123,2,0.688,0.344,5
4,ycup,35,124,2,0.742,0.276,5
4,ycup,35,125,2,0.728,0.29,5
4,ycup,35,126,2,0.708,0.31,5
4,ycup,35,127,2,0.722,0.119,5
4,ycup,35,128,2,0.757,0.085,5
4,ycup,35,129,2,0.791,0.085,5
4,ycup,35,130,2,0.777,0.099,5
4,ycup,35,131,2,0.791,0.119,5
4,ycup,35,132,2,0.771,0.159,5
4,ycup,35,133,2,0.791,0.861,5
4,ycup,35,134,2,0.722,0.895,5
4,ycup,35,135,2,0.771,0.936,5
4,ycup,35,136,2,0.791,0.926,5
4,ycup,35,137,2,0.736,0.851,5
4,ycup,35,138,2,0.791,0.895,5
4,ycup,35,139,2,0.793,0.527,5
4,ycup,35,140,2,0.793,0.507,5
4,ycup,35,141,2,0.793,0.507,5
4,ycup,35,142,2,0.773,0.487,5
4,ycup,35,143,2,0.827,0.507,5
4,ycup,35,144,2,0.759,0.507,5
4,ycup,36,1,2,0.054,0.537,6
4,ycup,36,2,2,0,0.463,6
4,ycup,36,3,2,0.02,0.507,6
4,ycup,36,4,2,0,0.487,6
4,ycup,36,5,2,0.054,0.473,6
4,ycup,36,6,2,0.054,0.507,6
4,ycup,36,7,2,0.05,0.091,6
4,ycup,36,8,2,0.07,0.105,6
4,ycup,36,9,2,0.016,0.125,6
4,ycup,36,10,2,0.05,0.145,6
4,ycup,36,11,2,0.05,0.125,6
4,ycup,36,12,2,0.085,0.091,6
4,ycup,36,13,2,0.016,0.889,6
4,ycup,36,14,2,0.05,0.855,6
4,ycup,36,15,2,0.064,0.93,6
4,ycup,36,16,2,0.085,0.92,6
4,ycup,36,17,2,0.03,0.869,6
4,ycup,36,18,2,0.05,0.889,6
4,ycup,36,19,2,0.105,0.704,6
4,ycup,36,20,2,0.105,0.724,6
4,ycup,36,21,2,0.07,0.704,6
4,ycup,36,22,2,0.085,0.66,6
4,ycup,36,23,2,0.119,0.744,6
4,ycup,36,24,2,0.139,0.734,6
4,ycup,36,25,2,0.169,0.312,6
4,ycup,36,26,2,0.169,0.346,6
4,ycup,36,27,2,0.135,0.366,6
4,ycup,36,28,2,0.115,0.326,6
4,ycup,36,29,2,0.149,0.386,6
4,ycup,36,30,2,0.115,0.38,6
4,ycup,36,31,2,0.171,0.489,6
4,ycup,36,32,2,0.171,0.543,6
4,ycup,36,33,2,0.191,0.475,6
4,ycup,36,34,2,0.191,0.529,6
4,ycup,36,35,2,0.225,0.539,6
4,ycup,36,36,2,0.157,0.509,6
4,ycup,36,37,2,0.266,0.145,6
4,ycup,36,38,2,0.28,0.195,6
4,ycup,36,39,2,0.245,0.165,6
4,ycup,36,40,2,0.26,0.205,6
4,ycup,36,41,2,0.225,0.199,6
4,ycup,36,42,2,0.245,0.185,6
4,ycup,36,43,2,0.26,0.889,6
4,ycup,36,44,2,0.211,0.849,6
4,ycup,36,45,2,0.245,0.869,6
4,ycup,36,46,2,0.28,0.815,6
4,ycup,36,47,2,0.225,0.829,6
4,ycup,36,48,2,0.225,0.883,6
4,ycup,36,49,2,0.318,0.592,6
4,ycup,36,50,2,0.318,0.626,6
4,ycup,36,51,2,0.352,0.656,6
4,ycup,36,52,2,0.318,0.646,6
4,ycup,36,53,2,0.298,0.581,6
4,ycup,36,54,2,0.352,0.626,6
4,ycup,36,55,2,0.354,0.404,6
4,ycup,36,56,2,0.3,0.439,6
4,ycup,36,57,2,0.34,0.384,6
4,ycup,36,58,2,0.3,0.36,6
4,ycup,36,59,2,0.32,0.37,6
4,ycup,36,60,2,0.286,0.404,6
4,ycup,36,61,2,0.37,0.773,6
4,ycup,36,62,2,0.404,0.773,6
4,ycup,36,63,2,0.439,0.738,6
4,ycup,36,64,2,0.384,0.807,6
4,ycup,36,65,2,0.384,0.728,6
4,ycup,36,66,2,0.404,0.793,6
4,ycup,36,67,2,0.386,0.024,6
4,ycup,36,68,2,0.441,0.044,6
4,ycup,36,69,2,0.421,0.085,6
4,ycup,36,70,2,0.386,0,6
4,ycup,36,71,2,0.441,0.01,6
4,ycup,36,72,2,0.406,0.01,6
4,ycup,36,73,2,0.427,0.229,6
4,ycup,36,74,2,0.406,0.215,6
4,ycup,36,75,2,0.386,0.205,6
4,ycup,36,76,2,0.441,0.215,6
4,ycup,36,77,2,0.441,0.249,6
4,ycup,36,78,2,0.406,0.249,6
4,ycup,36,79,2,0.386,0.994,6
4,ycup,36,80,2,0.441,0.96,6
4,ycup,36,81,2,0.406,0.98,6
4,ycup,36,82,2,0.386,0.94,6
4,ycup,36,83,2,0.421,1,6
4,ycup,36,84,2,0.386,0.915,6
4,ycup,36,85,2,0.545,0.384,6
4,ycup,36,86,2,0.491,0.34,6
4,ycup,36,87,2,0.491,0.419,6
4,ycup,36,88,2,0.477,0.384,6
4,ycup,36,89,2,0.545,0.414,6
4,ycup,36,90,2,0.531,0.364,6
4,ycup,36,91,2,0.551,0.674,6
4,ycup,36,92,2,0.537,0.624,6
4,ycup,36,93,2,0.517,0.644,6
4,ycup,36,94,2,0.517,0.664,6
4,ycup,36,95,2,0.531,0.684,6
4,ycup,36,96,2,0.497,0.6,6
4,ycup,36,97,2,0.547,0.111,6
4,ycup,36,98,2,0.588,0.135,6
4,ycup,36,99,2,0.602,0.155,6
4,ycup,36,100,2,0.567,0.121,6
4,ycup,36,101,2,0.567,0.175,6
4,ycup,36,102,2,0.547,0.189,6
4,ycup,36,103,2,0.547,0.893,6
4,ycup,36,104,2,0.567,0.859,6
4,ycup,36,105,2,0.533,0.859,6
4,ycup,36,106,2,0.602,0.859,6
4,ycup,36,107,2,0.588,0.839,6
4,ycup,36,108,2,0.547,0.839,6
4,ycup,36,109,2,0.644,0.475,6
4,ycup,36,110,2,0.61,0.475,6
4,ycup,36,111,2,0.644,0.509,6
4,ycup,36,112,2,0.59,0.543,6
4,ycup,36,113,2,0.59,0.489,6
4,ycup,36,114,2,0.59,0.465,6
4,ycup,36,115,2,0.742,0.704,6
4,ycup,36,116,2,0.742,0.734,6
4,ycup,36,117,2,0.688,0.684,6
4,ycup,36,118,2,0.728,0.684,6
4,ycup,36,119,2,0.708,0.67,6
4,ycup,36,120,2,0.688,0.66,6
4,ycup,36,121,2,0.708,0.33,6
4,ycup,36,122,2,0.688,0.266,6
4,ycup,36,123,2,0.688,0.344,6
4,ycup,36,124,2,0.742,0.276,6
4,ycup,36,125,2,0.728,0.29,6
4,ycup,36,126,2,0.708,0.31,6
4,ycup,36,127,2,0.722,0.119,6
4,ycup,36,128,2,0.757,0.085,6
4,ycup,36,129,2,0.791,0.085,6
4,ycup,36,130,2,0.777,0.099,6
4,ycup,36,131,2,0.791,0.119,6
4,ycup,36,132,2,0.771,0.159,6
4,ycup,36,133,2,0.791,0.861,6
4,ycup,36,134,2,0.722,0.895,6
4,ycup,36,135,2,0.771,0.936,6
4,ycup,36,136,2,0.791,0.926,6
4,ycup,36,137,2,0.736,0.851,6
4,ycup,36,138,2,0.791,0.895,6
4,ycup,36,139,2,0.773,0.487,6
4,ycup,36,140,2,0.793,0.527,6
4,ycup,36,141,2,0.827,0.507,6
4,ycup,36,142,2,0.759,0.507,6
4,ycup,36,143,2,0.793,0.473,6
4,ycup,36,144,2,0.793,0.507,6
4,ycup,37,1,2,0.054,0.537,7
4,ycup,37,2,2,0,0.463,7
4,ycup,37,3,2,0.02,0.507,7
4,ycup,37,4,2,0,0.487,7
4,ycup,37,5,2,0.054,0.473,7
4,ycup,37,6,2,0.054,0.507,7
4,ycup,37,7,2,0.05,0.091,7
4,ycup,37,8,2,0.07,0.105,7
4,ycup,37,9,2,0.016,0.125,7
4,ycup,37,10,2,0.05,0.145,7
4,ycup,37,11,2,0.05,0.125,7
4,ycup,37,12,2,0.085,0.091,7
4,ycup,37,13,2,0.016,0.889,7
4,ycup,37,14,2,0.05,0.855,7
4,ycup,37,15,2,0.064,0.93,7
4,ycup,37,16,2,0.085,0.92,7
4,ycup,37,17,2,0.03,0.869,7
4,ycup,37,18,2,0.05,0.889,7
4,ycup,37,19,2,0.105,0.704,7
4,ycup,37,20,2,0.105,0.724,7
4,ycup,37,21,2,0.07,0.704,7
4,ycup,37,22,2,0.085,0.66,7
4,ycup,37,23,2,0.119,0.744,7
4,ycup,37,24,2,0.139,0.734,7
4,ycup,37,25,2,0.169,0.346,7
4,ycup,37,26,2,0.115,0.38,7
4,ycup,37,27,2,0.135,0.366,7
4,ycup,37,28,2,0.169,0.312,7
4,ycup,37,29,2,0.115,0.326,7
4,ycup,37,30,2,0.149,0.386,7
4,ycup,37,31,2,0.171,0.489,7
4,ycup,37,32,2,0.171,0.543,7
4,ycup,37,33,2,0.191,0.475,7
4,ycup,37,34,2,0.191,0.529,7
4,ycup,37,35,2,0.225,0.539,7
4,ycup,37,36,2,0.157,0.509,7
4,ycup,37,37,2,0.225,0.199,7
4,ycup,37,38,2,0.266,0.145,7
4,ycup,37,39,2,0.245,0.185,7
4,ycup,37,40,2,0.245,0.165,7
4,ycup,37,41,2,0.26,0.205,7
4,ycup,37,42,2,0.28,0.195,7
4,ycup,37,43,2,0.26,0.889,7
4,ycup,37,44,2,0.211,0.849,7
4,ycup,37,45,2,0.245,0.869,7
4,ycup,37,46,2,0.28,0.815,7
4,ycup,37,47,2,0.225,0.829,7
4,ycup,37,48,2,0.225,0.883,7
4,ycup,37,49,2,0.352,0.626,7
4,ycup,37,50,2,0.318,0.626,7
4,ycup,37,51,2,0.352,0.656,7
4,ycup,37,52,2,0.318,0.646,7
4,ycup,37,53,2,0.298,0.581,7
4,ycup,37,54,2,0.318,0.592,7
4,ycup,37,55,2,0.3,0.439,7
4,ycup,37,56,2,0.286,0.404,7
4,ycup,37,57,2,0.34,0.384,7
4,ycup,37,58,2,0.354,0.404,7
4,ycup,37,59,2,0.32,0.37,7
4,ycup,37,60,2,0.3,0.36,7
4,ycup,37,61,2,0.404,0.773,7
4,ycup,37,62,2,0.384,0.728,7
4,ycup,37,63,2,0.404,0.793,7
4,ycup,37,64,2,0.439,0.738,7
4,ycup,37,65,2,0.37,0.773,7
4,ycup,37,66,2,0.384,0.807,7
4,ycup,37,67,2,0.386,0.024,7
4,ycup,37,68,2,0.441,0.044,7
4,ycup,37,69,2,0.421,0.085,7
4,ycup,37,70,2,0.386,0,7
4,ycup,37,71,2,0.441,0.01,7
4,ycup,37,72,2,0.406,0.01,7
4,ycup,37,73,2,0.386,0.205,7
4,ycup,37,74,2,0.441,0.249,7
4,ycup,37,75,2,0.406,0.249,7
4,ycup,37,76,2,0.441,0.215,7
4,ycup,37,77,2,0.427,0.229,7
4,ycup,37,78,2,0.406,0.215,7
4,ycup,37,79,2,0.386,0.994,7
4,ycup,37,80,2,0.441,0.96,7
4,ycup,37,81,2,0.406,0.98,7
4,ycup,37,82,2,0.386,0.94,7
4,ycup,37,83,2,0.421,1,7
4,ycup,37,84,2,0.386,0.915,7
4,ycup,37,85,2,0.491,0.34,7
4,ycup,37,86,2,0.545,0.414,7
4,ycup,37,87,2,0.531,0.364,7
4,ycup,37,88,2,0.545,0.384,7
4,ycup,37,89,2,0.491,0.419,7
4,ycup,37,90,2,0.477,0.384,7
4,ycup,37,91,2,0.517,0.664,7
4,ycup,37,92,2,0.531,0.684,7
4,ycup,37,93,2,0.551,0.674,7
4,ycup,37,94,2,0.497,0.6,7
4,ycup,37,95,2,0.517,0.644,7
4,ycup,37,96,2,0.537,0.624,7
4,ycup,37,97,2,0.547,0.111,7
4,ycup,37,98,2,0.588,0.135,7
4,ycup,37,99,2,0.602,0.155,7
4,ycup,37,100,2,0.567,0.121,7
4,ycup,37,101,2,0.567,0.175,7
4,ycup,37,102,2,0.547,0.189,7
4,ycup,37,103,2,0.547,0.893,7
4,ycup,37,104,2,0.567,0.859,7
4,ycup,37,105,2,0.533,0.859,7
4,ycup,37,106,2,0.602,0.859,7
4,ycup,37,107,2,0.588,0.839,7
4,ycup,37,108,2,0.547,0.839,7
4,ycup,37,109,2,0.59,0.489,7
4,ycup,37,110,2,0.644,0.509,7
4,ycup,37,111,2,0.59,0.465,7
4,ycup,37,112,2,0.59,0.543,7
4,ycup,37,113,2,0.644,0.475,7
4,ycup,37,114,2,0.61,0.475,7
4,ycup,37,115,2,0.742,0.704,7
4,ycup,37,116,2,0.742,0.734,7
4,ycup,37,117,2,0.688,0.684,7
4,ycup,37,118,2,0.728,0.684,7
4,ycup,37,119,2,0.708,0.67,7
4,ycup,37,120,2,0.688,0.66,7
4,ycup,37,121,2,0.708,0.33,7
4,ycup,37,122,2,0.688,0.266,7
4,ycup,37,123,2,0.688,0.344,7
4,ycup,37,124,2,0.742,0.276,7
4,ycup,37,125,2,0.728,0.29,7
4,ycup,37,126,2,0.708,0.31,7
4,ycup,37,127,2,0.722,0.119,7
4,ycup,37,128,2,0.757,0.085,7
4,ycup,37,129,2,0.791,0.085,7
4,ycup,37,130,2,0.777,0.099,7
4,ycup,37,131,2,0.791,0.119,7
4,ycup,37,132,2,0.771,0.159,7
4,ycup,37,133,2,0.791,0.861,7
4,ycup,37,134,2,0.722,0.895,7
4,ycup,37,135,2,0.771,0.936,7
4,ycup,37,136,2,0.791,0.926,7
4,ycup,37,137,2,0.736,0.851,7
4,ycup,37,138,2,0.791,0.895,7
4,ycup,37,139,2,0.773,0.487,7
4,ycup,37,140,2,0.793,0.527,7
4,ycup,37,141,2,0.827,0.507,7
4,ycup,37,142,2,0.759,0.507,7
4,ycup,37,143,2,0.793,0.473,7
4,ycup,37,144,2,0.793,0.507,7
4,ycup,38,1,2,0.054,0.537,8
4,ycup,38,2,2,0,0.463,8
4,ycup,38,3,2,0.02,0.507,8
4,ycup,38,4,2,0,0.487,8
4,ycup,38,5,2,0.054,0.473,8
4,ycup,38,6,2,0.054,0.507,8
4,ycup,38,7,2,0.05,0.091,8
4,ycup,38,8,2,0.07,0.105,8
4,ycup,38,9,2,0.016,0.125,8
4,ycup,38,10,2,0.05,0.145,8
4,ycup,38,11,2,0.05,0.125,8
4,ycup,38,12,2,0.085,0.091,8
4,ycup,38,13,2,0.064,0.93,8
4,ycup,38,14,2,0.085,0.92,8
4,ycup,38,15,2,0.05,0.855,8
4,ycup,38,16,2,0.03,0.869,8
4,ycup,38,17,2,0.05,0.889,8
4,ycup,38,18,2,0.016,0.889,8
4,ycup,38,19,2,0.105,0.704,8
4,ycup,38,20,2,0.105,0.724,8
4,ycup,38,21,2,0.07,0.704,8
4,ycup,38,22,2,0.085,0.66,8
4,ycup,38,23,2,0.119,0.744,8
4,ycup,38,24,2,0.139,0.734,8
4,ycup,38,25,2,0.115,0.38,8
4,ycup,38,26,2,0.169,0.312,8
4,ycup,38,27,2,0.169,0.346,8
4,ycup,38,28,2,0.135,0.366,8
4,ycup,38,29,2,0.115,0.326,8
4,ycup,38,30,2,0.149,0.386,8
4,ycup,38,31,2,0.157,0.509,8
4,ycup,38,32,2,0.171,0.489,8
4,ycup,38,33,2,0.171,0.543,8
4,ycup,38,34,2,0.191,0.475,8
4,ycup,38,35,2,0.191,0.529,8
4,ycup,38,36,2,0.225,0.539,8
4,ycup,38,37,2,0.266,0.145,8
4,ycup,38,38,2,0.28,0.195,8
4,ycup,38,39,2,0.245,0.165,8
4,ycup,38,40,2,0.26,0.205,8
4,ycup,38,41,2,0.225,0.199,8
4,ycup,38,42,2,0.245,0.185,8
4,ycup,38,43,2,0.245,0.869,8
4,ycup,38,44,2,0.211,0.849,8
4,ycup,38,45,2,0.225,0.829,8
4,ycup,38,46,2,0.225,0.883,8
4,ycup,38,47,2,0.26,0.889,8
4,ycup,38,48,2,0.28,0.815,8
4,ycup,38,49,2,0.318,0.646,8
4,ycup,38,50,2,0.298,0.581,8
4,ycup,38,51,2,0.318,0.592,8
4,ycup,38,52,2,0.352,0.626,8
4,ycup,38,53,2,0.352,0.656,8
4,ycup,38,54,2,0.318,0.626,8
4,ycup,38,55,2,0.3,0.36,8
4,ycup,38,56,2,0.286,0.404,8
4,ycup,38,57,2,0.354,0.404,8
4,ycup,38,58,2,0.3,0.439,8
4,ycup,38,59,2,0.34,0.384,8
4,ycup,38,60,2,0.32,0.37,8
4,ycup,38,61,2,0.439,0.738,8
4,ycup,38,62,2,0.404,0.793,8
4,ycup,38,63,2,0.37,0.773,8
4,ycup,38,64,2,0.384,0.807,8
4,ycup,38,65,2,0.384,0.728,8
4,ycup,38,66,2,0.404,0.773,8
4,ycup,38,67,2,0.386,0.024,8
4,ycup,38,68,2,0.441,0.044,8
4,ycup,38,69,2,0.421,0.085,8
4,ycup,38,70,2,0.386,0,8
4,ycup,38,71,2,0.441,0.01,8
4,ycup,38,72,2,0.406,0.01,8
4,ycup,38,73,2,0.427,0.229,8
4,ycup,38,74,2,0.406,0.215,8
4,ycup,38,75,2,0.386,0.205,8
4,ycup,38,76,2,0.441,0.215,8
4,ycup,38,77,2,0.441,0.249,8
4,ycup,38,78,2,0.406,0.249,8
4,ycup,38,79,2,0.386,0.994,8
4,ycup,38,80,2,0.441,0.96,8
4,ycup,38,81,2,0.406,0.98,8
4,ycup,38,82,2,0.386,0.94,8
4,ycup,38,83,2,0.421,1,8
4,ycup,38,84,2,0.386,0.915,8
4,ycup,38,85,2,0.491,0.34,8
4,ycup,38,86,2,0.545,0.414,8
4,ycup,38,87,2,0.531,0.364,8
4,ycup,38,88,2,0.545,0.384,8
4,ycup,38,89,2,0.491,0.419,8
4,ycup,38,90,2,0.477,0.384,8
4,ycup,38,91,2,0.517,0.664,8
4,ycup,38,92,2,0.531,0.684,8
4,ycup,38,93,2,0.551,0.674,8
4,ycup,38,94,2,0.497,0.6,8
4,ycup,38,95,2,0.517,0.644,8
4,ycup,38,96,2,0.537,0.624,8
4,ycup,38,97,2,0.547,0.111,8
4,ycup,38,98,2,0.588,0.135,8
4,ycup,38,99,2,0.602,0.155,8
4,ycup,38,100,2,0.567,0.121,8
4,ycup,38,101,2,0.567,0.175,8
4,ycup,38,102,2,0.547,0.189,8
4,ycup,38,103,2,0.588,0.839,8
4,ycup,38,104,2,0.547,0.839,8
4,ycup,38,105,2,0.533,0.859,8
4,ycup,38,106,2,0.602,0.859,8
4,ycup,38,107,2,0.567,0.859,8
4,ycup,38,108,2,0.547,0.893,8
4,ycup,38,109,2,0.644,0.509,8
4,ycup,38,110,2,0.59,0.543,8
4,ycup,38,111,2,0.61,0.509,8
4,ycup,38,112,2,0.59,0.465,8
4,ycup,38,113,2,0.59,0.489,8
4,ycup,38,114,2,0.61,0.475,8
4,ycup,38,115,2,0.728,0.684,8
4,ycup,38,116,2,0.688,0.66,8
4,ycup,38,117,2,0.708,0.67,8
4,ycup,38,118,2,0.742,0.734,8
4,ycup,38,119,2,0.688,0.684,8
4,ycup,38,120,2,0.742,0.704,8
4,ycup,38,121,2,0.708,0.33,8
4,ycup,38,122,2,0.688,0.266,8
4,ycup,38,123,2,0.688,0.344,8
4,ycup,38,124,2,0.742,0.276,8
4,ycup,38,125,2,0.728,0.29,8
4,ycup,38,126,2,0.708,0.31,8
4,ycup,38,127,2,0.722,0.119,8
4,ycup,38,128,2,0.757,0.085,8
4,ycup,38,129,2,0.791,0.085,8
4,ycup,38,130,2,0.777,0.099,8
4,ycup,38,131,2,0.791,0.119,8
4,ycup,38,132,2,0.771,0.159,8
4,ycup,38,133,2,0.791,0.861,8
4,ycup,38,134,2,0.722,0.895,8
4,ycup,38,135,2,0.771,0.936,8
4,ycup,38,136,2,0.791,0.926,8
4,ycup,38,137,2,0.736,0.851,8
4,ycup,38,138,2,0.791,0.895,8
4,ycup,38,139,2,0.773,0.487,8
4,ycup,38,140,2,0.793,0.527,8
4,ycup,38,141,2,0.827,0.507,8
4,ycup,38,142,2,0.759,0.507,8
4,ycup,38,143,2,0.793,0.473,8
4,ycup,38,144,2,0.793,0.507,8
4,ycup,39,1,2,0.054,0.537,9
4,ycup,39,2,2,0,0.463,9
4,ycup,39,3,2,0.02,0.507,9
4,ycup,39,4,2,0,0.487,9
4,ycup,39,5,2,0.054,0.473,9
4,ycup,39,6,2,0.054,0.507,9
4,ycup,39,7,2,0.05,0.091,9
4,ycup,39,8,2,0.07,0.105,9
4,ycup,39,9,2,0.016,0.125,9
4,ycup,39,10,2,0.05,0.145,9
4,ycup,39,11,2,0.05,0.125,9
4,ycup,39,12,2,0.085,0.091,9
4,ycup,39,13,2,0.016,0.889,9
4,ycup,39,14,2,0.05,0.855,9
4,ycup,39,15,2,0.064,0.93,9
4,ycup,39,16,2,0.085,0.92,9
4,ycup,39,17,2,0.03,0.869,9
4,ycup,39,18,2,0.05,0.889,9
4,ycup,39,19,2,0.105,0.704,9
4,ycup,39,20,2,0.105,0.724,9
4,ycup,39,21,2,0.07,0.704,9
4,ycup,39,22,2,0.085,0.66,9
4,ycup,39,23,2,0.119,0.744,9
4,ycup,39,24,2,0.139,0.734,9
4,ycup,39,25,2,0.115,0.38,9
4,ycup,39,26,2,0.169,0.312,9
4,ycup,39,27,2,0.169,0.346,9
4,ycup,39,28,2,0.135,0.366,9
4,ycup,39,29,2,0.115,0.326,9
4,ycup,39,30,2,0.149,0.386,9
4,ycup,39,31,2,0.171,0.543,9
4,ycup,39,32,2,0.225,0.539,9
4,ycup,39,33,2,0.191,0.475,9
4,ycup,39,34,2,0.171,0.489,9
4,ycup,39,35,2,0.191,0.529,9
4,ycup,39,36,2,0.157,0.509,9
4,ycup,39,37,2,0.266,0.145,9
4,ycup,39,38,2,0.28,0.195,9
4,ycup,39,39,2,0.245,0.165,9
4,ycup,39,40,2,0.26,0.205,9
4,ycup,39,41,2,0.225,0.199,9
4,ycup,39,42,2,0.245,0.185,9
4,ycup,39,43,2,0.26,0.889,9
4,ycup,39,44,2,0.211,0.849,9
4,ycup,39,45,2,0.245,0.869,9
4,ycup,39,46,2,0.28,0.815,9
4,ycup,39,47,2,0.225,0.829,9
4,ycup,39,48,2,0.225,0.883,9
4,ycup,39,49,2,0.352,0.626,9
4,ycup,39,50,2,0.318,0.626,9
4,ycup,39,51,2,0.318,0.646,9
4,ycup,39,52,2,0.298,0.581,9
4,ycup,39,53,2,0.352,0.656,9
4,ycup,39,54,2,0.318,0.592,9
4,ycup,39,55,2,0.3,0.439,9
4,ycup,39,56,2,0.286,0.404,9
4,ycup,39,57,2,0.34,0.384,9
4,ycup,39,58,2,0.3,0.36,9
4,ycup,39,59,2,0.32,0.37,9
4,ycup,39,60,2,0.354,0.404,9
4,ycup,39,61,2,0.404,0.793,9
4,ycup,39,62,2,0.404,0.773,9
4,ycup,39,63,2,0.37,0.773,9
4,ycup,39,64,2,0.384,0.728,9
4,ycup,39,65,2,0.439,0.738,9
4,ycup,39,66,2,0.384,0.807,9
4,ycup,39,67,2,0.386,0.024,9
4,ycup,39,68,2,0.441,0.044,9
4,ycup,39,69,2,0.421,0.085,9
4,ycup,39,70,2,0.386,0,9
4,ycup,39,71,2,0.441,0.01,9
4,ycup,39,72,2,0.406,0.01,9
4,ycup,39,73,2,0.427,0.229,9
4,ycup,39,74,2,0.406,0.215,9
4,ycup,39,75,2,0.386,0.205,9
4,ycup,39,76,2,0.441,0.215,9
4,ycup,39,77,2,0.441,0.249,9
4,ycup,39,78,2,0.406,0.249,9
4,ycup,39,79,2,0.386,0.994,9
4,ycup,39,80,2,0.441,0.96,9
4,ycup,39,81,2,0.406,0.98,9
4,ycup,39,82,2,0.386,0.94,9
4,ycup,39,83,2,0.421,1,9
4,ycup,39,84,2,0.386,0.915,9
4,ycup,39,85,2,0.491,0.419,9
4,ycup,39,86,2,0.477,0.384,9
4,ycup,39,87,2,0.491,0.34,9
4,ycup,39,88,2,0.545,0.384,9
4,ycup,39,89,2,0.531,0.364,9
4,ycup,39,90,2,0.545,0.414,9
4,ycup,39,91,2,0.531,0.684,9
4,ycup,39,92,2,0.551,0.674,9
4,ycup,39,93,2,0.497,0.6,9
4,ycup,39,94,2,0.537,0.624,9
4,ycup,39,95,2,0.517,0.644,9
4,ycup,39,96,2,0.517,0.664,9
4,ycup,39,97,2,0.547,0.111,9
4,ycup,39,98,2,0.588,0.135,9
4,ycup,39,99,2,0.602,0.155,9
4,ycup,39,100,2,0.567,0.121,9
4,ycup,39,101,2,0.567,0.175,9
4,ycup,39,102,2,0.547,0.189,9
4,ycup,39,103,2,0.533,0.859,9
4,ycup,39,104,2,0.602,0.859,9
4,ycup,39,105,2,0.547,0.893,9
4,ycup,39,106,2,0.588,0.839,9
4,ycup,39,107,2,0.547,0.839,9
4,ycup,39,108,2,0.567,0.859,9
4,ycup,39,109,2,0.644,0.509,9
4,ycup,39,110,2,0.61,0.475,9
4,ycup,39,111,2,0.59,0.465,9
4,ycup,39,112,2,0.59,0.489,9
4,ycup,39,113,2,0.644,0.475,9
4,ycup,39,114,2,0.59,0.543,9
4,ycup,39,115,2,0.742,0.704,9
4,ycup,39,116,2,0.742,0.734,9
4,ycup,39,117,2,0.688,0.684,9
4,ycup,39,118,2,0.728,0.684,9
4,ycup,39,119,2,0.708,0.67,9
4,ycup,39,120,2,0.688,0.66,9
4,ycup,39,121,2,0.708,0.33,9
4,ycup,39,122,2,0.688,0.266,9
4,ycup,39,123,2,0.688,0.344,9
4,ycup,39,124,2,0.742,0.276,9
4,ycup,39,125,2,0.728,0.29,9
4,ycup,39,126,2,0.708,0.31,9
4,ycup,39,127,2,0.722,0.119,9
4,ycup,39,128,2,0.757,0.085,9
4,ycup,39,129,2,0.791,0.085,9
4,ycup,39,130,2,0.777,0.099,9
4,ycup,39,131,2,0.791,0.119,9
4,ycup,39,132,2,0.771,0.159,9
4,ycup,39,133,2,0.791,0.861,9
4,ycup,39,134,2,0.722,0.895,9
4,ycup,39,135,2,0.771,0.936,9
4,ycup,39,136,2,0.791,0.926,9
4,ycup,39,137,2,0.736,0.851,9
4,ycup,39,138,2,0.791,0.895,9
4,ycup,39,139,2,0.773,0.487,9
4,ycup,39,140,2,0.793,0.527,9
4,ycup,39,141,2,0.827,0.507,9
4,ycup,39,142,2,0.759,0.507,9
4,ycup,39,143,2,0.793,0.473,9
4,ycup,39,144,2,0.793,0.507,9
4,ycup,40,1,2,0.054,0.537,10
4,ycup,40,2,2,0,0.463,10
4,ycup,40,3,2,0.02,0.507,10
4,ycup,40,4,2,0,0.487,10
4,ycup,40,5,2,0.054,0.473,10
4,ycup,40,6,2,0.054,0.507,10
4,ycup,40,7,2,0.05,0.145,10
4,ycup,40,8,2,0.07,0.105,10
4,ycup,40,9,2,0.05,0.125,10
4,ycup,40,10,2,0.016,0.125,10
4,ycup,40,11,2,0.085,0.091,10
4,ycup,40,12,2,0.05,0.091,10
4,ycup,40,13,2,0.016,0.889,10
4,ycup,40,14,2,0.05,0.855,10
4,ycup,40,15,2,0.064,0.93,10
4,ycup,40,16,2,0.085,0.92,10
4,ycup,40,17,2,0.03,0.869,10
4,ycup,40,18,2,0.05,0.889,10
4,ycup,40,19,2,0.105,0.704,10
4,ycup,40,20,2,0.105,0.724,10
4,ycup,40,21,2,0.07,0.704,10
4,ycup,40,22,2,0.085,0.66,10
4,ycup,40,23,2,0.119,0.744,10
4,ycup,40,24,2,0.139,0.734,10
4,ycup,40,25,2,0.135,0.366,10
4,ycup,40,26,2,0.115,0.326,10
4,ycup,40,27,2,0.115,0.38,10
4,ycup,40,28,2,0.149,0.386,10
4,ycup,40,29,2,0.169,0.312,10
4,ycup,40,30,2,0.169,0.346,10
4,ycup,40,31,2,0.191,0.475,10
4,ycup,40,32,2,0.225,0.539,10
4,ycup,40,33,2,0.171,0.543,10
4,ycup,40,34,2,0.191,0.529,10
4,ycup,40,35,2,0.171,0.489,10
4,ycup,40,36,2,0.157,0.509,10
4,ycup,40,37,2,0.245,0.165,10
4,ycup,40,38,2,0.28,0.195,10
4,ycup,40,39,2,0.26,0.205,10
4,ycup,40,40,2,0.225,0.199,10
4,ycup,40,41,2,0.266,0.145,10
4,ycup,40,42,2,0.245,0.185,10
4,ycup,40,43,2,0.26,0.889,10
4,ycup,40,44,2,0.211,0.849,10
4,ycup,40,45,2,0.245,0.869,10
4,ycup,40,46,2,0.28,0.815,10
4,ycup,40,47,2,0.225,0.829,10
4,ycup,40,48,2,0.225,0.883,10
4,ycup,40,49,2,0.298,0.581,10
4,ycup,40,50,2,0.318,0.592,10
4,ycup,40,51,2,0.352,0.626,10
4,ycup,40,52,2,0.352,0.656,10
4,ycup,40,53,2,0.318,0.626,10
4,ycup,40,54,2,0.318,0.646,10
4,ycup,40,55,2,0.354,0.404,10
4,ycup,40,56,2,0.34,0.384,10
4,ycup,40,57,2,0.286,0.404,10
4,ycup,40,58,2,0.32,0.37,10
4,ycup,40,59,2,0.3,0.439,10
4,ycup,40,60,2,0.3,0.36,10
4,ycup,40,61,2,0.404,0.773,10
4,ycup,40,62,2,0.384,0.728,10
4,ycup,40,63,2,0.404,0.793,10
4,ycup,40,64,2,0.439,0.738,10
4,ycup,40,65,2,0.37,0.773,10
4,ycup,40,66,2,0.384,0.807,10
4,ycup,40,67,2,0.386,0.024,10
4,ycup,40,68,2,0.441,0.044,10
4,ycup,40,69,2,0.421,0.085,10
4,ycup,40,70,2,0.386,0,10
4,ycup,40,71,2,0.441,0.01,10
4,ycup,40,72,2,0.406,0.01,10
4,ycup,40,73,2,0.427,0.229,10
4,ycup,40,74,2,0.441,0.215,10
4,ycup,40,75,2,0.441,0.249,10
4,ycup,40,76,2,0.386,0.205,10
4,ycup,40,77,2,0.406,0.249,10
4,ycup,40,78,2,0.406,0.215,10
4,ycup,40,79,2,0.386,0.994,10
4,ycup,40,80,2,0.441,0.96,10
4,ycup,40,81,2,0.406,0.98,10
4,ycup,40,82,2,0.386,0.94,10
4,ycup,40,83,2,0.421,1,10
4,ycup,40,84,2,0.386,0.915,10
4,ycup,40,85,2,0.477,0.384,10
4,ycup,40,86,2,0.491,0.419,10
4,ycup,40,87,2,0.531,0.364,10
4,ycup,40,88,2,0.545,0.384,10
4,ycup,40,89,2,0.545,0.414,10
4,ycup,40,90,2,0.491,0.34,10
4,ycup,40,91,2,0.517,0.644,10
4,ycup,40,92,2,0.517,0.664,10
4,ycup,40,93,2,0.531,0.684,10
4,ycup,40,94,2,0.551,0.674,10
4,ycup,40,95,2,0.497,0.6,10
4,ycup,40,96,2,0.537,0.624,10
4,ycup,40,97,2,0.547,0.111,10
4,ycup,40,98,2,0.547,0.189,10
4,ycup,40,99,2,0.602,0.155,10
4,ycup,40,100,2,0.588,0.135,10
4,ycup,40,101,2,0.567,0.121,10
4,ycup,40,102,2,0.567,0.175,10
4,ycup,40,103,2,0.547,0.893,10
4,ycup,40,104,2,0.567,0.859,10
4,ycup,40,105,2,0.533,0.859,10
4,ycup,40,106,2,0.602,0.859,10
4,ycup,40,107,2,0.588,0.839,10
4,ycup,40,108,2,0.547,0.839,10
4,ycup,40,109,2,0.59,0.489,10
4,ycup,40,110,2,0.644,0.509,10
4,ycup,40,111,2,0.59,0.465,10
4,ycup,40,112,2,0.59,0.543,10
4,ycup,40,113,2,0.644,0.475,10
4,ycup,40,114,2,0.61,0.475,10
4,ycup,40,115,2,0.742,0.704,10
4,ycup,40,116,2,0.742,0.734,10
4,ycup,40,117,2,0.688,0.684,10
4,ycup,40,118,2,0.728,0.684,10
4,ycup,40,119,2,0.708,0.67,10
4,ycup,40,120,2,0.688,0.66,10
4,ycup,40,121,2,0.708,0.33,10
4,ycup,40,122,2,0.688,0.266,10
4,ycup,40,123,2,0.688,0.344,10
4,ycup,40,124,2,0.742,0.276,10
4,ycup,40,125,2,0.728,0.29,10
4,ycup,40,126,2,0.708,0.31,10
4,ycup,40,127,2,0.722,0.119,10
4,ycup,40,128,2,0.757,0.085,10
4,ycup,40,129,2,0.791,0.085,10
4,ycup,40,130,2,0.777,0.099,10
4,ycup,40,131,2,0.791,0.119,10
4,ycup,40,132,2,0.771,0.159,10
4,ycup,40,133,2,0.791,0.861,10
4,ycup,40,134,2,0.722,0.895,10
4,ycup,40,135,2,0.771,0.936,10
4,ycup,40,136,2,0.791,0.926,10
4,ycup,40,137,2,0.736,0.851,10
4,ycup,40,138,2,0.791,0.895,10
4,ycup,40,139,2,0.773,0.487,10
4,ycup,40,140,2,0.793,0.527,10
4,ycup,40,141,2,0.827,0.507,10
4,ycup,40,142,2,0.759,0.507,10
4,ycup,40,143,2,0.793,0.473,10
4,ycup,40,144,2,0.793,0.507,10
5,ycup,41,1,2,0.054,0.473,1
5,ycup,41,2,2,0.02,0.507,1
5,ycup,41,3,2,0.054,0.537,1
5,ycup,41,4,2,0.04,0.487,1
5,ycup,41,5,2,0.02,0.507,1
5,ycup,41,6,2,0,0.541,1
5,ycup,41,7,2,0.05,0.145,1
5,ycup,41,8,2,0.064,0.165,1
5,ycup,41,9,2,0.03,0.08,1
5,ycup,41,10,2,0.05,0.125,1
5,ycup,41,11,2,0.085,0.125,1
5,ycup,41,12,2,0.085,0.091,1
5,ycup,41,13,2,0.03,0.845,1
5,ycup,41,14,2,0.05,0.889,1
5,ycup,41,15,2,0.016,0.889,1
5,ycup,41,16,2,0.085,0.855,1
5,ycup,41,17,2,0.085,0.92,1
5,ycup,41,18,2,0.05,0.855,1
5,ycup,41,19,2,0.085,0.738,1
5,ycup,41,20,2,0.139,0.67,1
5,ycup,41,21,2,0.125,0.684,1
5,ycup,41,22,2,0.105,0.724,1
5,ycup,41,23,2,0.139,0.704,1
5,ycup,41,24,2,0.085,0.66,1
5,ycup,41,25,2,0.135,0.346,1
5,ycup,41,26,2,0.115,0.38,1
5,ycup,41,27,2,0.101,0.346,1
5,ycup,41,28,2,0.115,0.326,1
5,ycup,41,29,2,0.169,0.376,1
5,ycup,41,30,2,0.149,0.386,1
5,ycup,41,31,2,0.157,0.509,1
5,ycup,41,32,2,0.171,0.465,1
5,ycup,41,33,2,0.225,0.475,1
5,ycup,41,34,2,0.211,0.489,1
5,ycup,41,35,2,0.225,0.509,1
5,ycup,41,36,2,0.191,0.475,1
5,ycup,41,37,2,0.245,0.165,1
5,ycup,41,38,2,0.225,0.121,1
5,ycup,41,39,2,0.28,0.195,1
5,ycup,41,40,2,0.26,0.205,1
5,ycup,41,41,2,0.28,0.165,1
5,ycup,41,42,2,0.266,0.145,1
5,ycup,41,43,2,0.245,0.815,1
5,ycup,41,44,2,0.28,0.815,1
5,ycup,41,45,2,0.211,0.849,1
5,ycup,41,46,2,0.28,0.879,1
5,ycup,41,47,2,0.266,0.829,1
5,ycup,41,48,2,0.245,0.869,1
5,ycup,41,49,2,0.352,0.592,1
5,ycup,41,50,2,0.352,0.626,1
5,ycup,41,51,2,0.352,0.656,1
5,ycup,41,52,2,0.318,0.626,1
5,ycup,41,53,2,0.298,0.66,1
5,ycup,41,54,2,0.332,0.666,1
5,ycup,41,55,2,0.3,0.384,1
5,ycup,41,56,2,0.32,0.37,1
5,ycup,41,57,2,0.3,0.36,1
5,ycup,41,58,2,0.32,0.425,1
5,ycup,41,59,2,0.354,0.37,1
5,ycup,41,60,2,0.34,0.384,1
5,ycup,41,61,2,0.439,0.738,1
5,ycup,41,62,2,0.425,0.753,1
5,ycup,41,63,2,0.419,0.813,1
5,ycup,41,64,2,0.404,0.738,1
5,ycup,41,65,2,0.384,0.728,1
5,ycup,41,66,2,0.439,0.773,1
5,ycup,41,67,2,0.372,0.044,1
5,ycup,41,68,2,0.386,0,1
5,ycup,41,69,2,0.406,0.044,1
5,ycup,41,70,2,0.386,0.024,1
5,ycup,41,71,2,0.441,0.044,1
5,ycup,41,72,2,0.441,0.074,1
5,ycup,41,73,2,0.386,0.205,1
5,ycup,41,74,2,0.386,0.284,1
5,ycup,41,75,2,0.421,0.29,1
5,ycup,41,76,2,0.427,0.229,1
5,ycup,41,77,2,0.372,0.249,1
5,ycup,41,78,2,0.441,0.215,1
5,ycup,41,79,2,0.441,0.926,1
5,ycup,41,80,2,0.386,0.94,1
5,ycup,41,81,2,0.372,0.96,1
5,ycup,41,82,2,0.386,0.994,1
5,ycup,41,83,2,0.406,0.926,1
5,ycup,41,84,2,0.441,0.99,1
5,ycup,41,85,2,0.511,0.384,1
5,ycup,41,86,2,0.545,0.384,1
5,ycup,41,87,2,0.491,0.364,1
5,ycup,41,88,2,0.545,0.414,1
5,ycup,41,89,2,0.511,0.404,1
5,ycup,41,90,2,0.525,0.425,1
5,ycup,41,91,2,0.497,0.6,1
5,ycup,41,92,2,0.497,0.624,1
5,ycup,41,93,2,0.517,0.644,1
5,ycup,41,94,2,0.497,0.678,1
5,ycup,41,95,2,0.551,0.674,1
5,ycup,41,96,2,0.483,0.644,1
5,ycup,41,97,2,0.588,0.135,1
5,ycup,41,98,2,0.602,0.121,1
5,ycup,41,99,2,0.547,0.111,1
5,ycup,41,100,2,0.567,0.155,1
5,ycup,41,101,2,0.533,0.155,1
5,ycup,41,102,2,0.547,0.189,1
5,ycup,41,103,2,0.533,0.859,1
5,ycup,41,104,2,0.547,0.815,1
5,ycup,41,105,2,0.567,0.825,1
5,ycup,41,106,2,0.602,0.825,1
5,ycup,41,107,2,0.547,0.893,1
5,ycup,41,108,2,0.547,0.839,1
5,ycup,41,109,2,0.61,0.509,1
5,ycup,41,110,2,0.644,0.509,1
5,ycup,41,111,2,0.61,0.529,1
5,ycup,41,112,2,0.59,0.543,1
5,ycup,41,113,2,0.624,0.549,1
5,ycup,41,114,2,0.61,0.475,1
5,ycup,41,115,2,0.688,0.738,1
5,ycup,41,116,2,0.742,0.734,1
5,ycup,41,117,2,0.688,0.66,1
5,ycup,41,118,2,0.742,0.704,1
5,ycup,41,119,2,0.742,0.67,1
5,ycup,41,120,2,0.728,0.684,1
5,ycup,41,121,2,0.674,0.31,1
5,ycup,41,122,2,0.688,0.29,1
5,ycup,41,123,2,0.742,0.34,1
5,ycup,41,124,2,0.688,0.266,1
5,ycup,41,125,2,0.688,0.344,1
5,ycup,41,126,2,0.722,0.35,1
5,ycup,41,127,2,0.757,0.085,1
5,ycup,41,128,2,0.791,0.085,1
5,ycup,41,129,2,0.736,0.099,1
5,ycup,41,130,2,0.757,0.119,1
5,ycup,41,131,2,0.757,0.139,1
5,ycup,41,132,2,0.736,0.153,1
5,ycup,41,133,2,0.791,0.861,1
5,ycup,41,134,2,0.757,0.895,1
5,ycup,41,135,2,0.722,0.895,1
5,ycup,41,136,2,0.757,0.915,1
5,ycup,41,137,2,0.736,0.93,1
5,ycup,41,138,2,0.791,0.926,1
5,ycup,41,139,2,0.827,0.507,1
5,ycup,41,140,2,0.793,0.527,1
5,ycup,41,141,2,0.773,0.541,1
5,ycup,41,142,2,0.827,0.473,1
5,ycup,41,143,2,0.793,0.507,1
5,ycup,41,144,2,0.773,0.463,1
5,ycup,42,1,2,0.054,0.473,2
5,ycup,42,2,2,0,0.541,2
5,ycup,42,3,2,0.02,0.507,2
5,ycup,42,4,2,0.054,0.537,2
5,ycup,42,5,2,0.02,0.473,2
5,ycup,42,6,2,0.04,0.487,2
5,ycup,42,7,2,0.05,0.145,2
5,ycup,42,8,2,0.064,0.165,2
5,ycup,42,9,2,0.03,0.08,2
5,ycup,42,10,2,0.05,0.125,2
5,ycup,42,11,2,0.085,0.125,2
5,ycup,42,12,2,0.085,0.091,2
5,ycup,42,13,2,0.03,0.845,2
5,ycup,42,14,2,0.05,0.889,2
5,ycup,42,15,2,0.016,0.889,2
5,ycup,42,16,2,0.085,0.855,2
5,ycup,42,17,2,0.085,0.92,2
5,ycup,42,18,2,0.05,0.855,2
5,ycup,42,19,2,0.139,0.704,2
5,ycup,42,20,2,0.125,0.684,2
5,ycup,42,21,2,0.139,0.67,2
5,ycup,42,22,2,0.085,0.738,2
5,ycup,42,23,2,0.085,0.66,2
5,ycup,42,24,2,0.105,0.724,2
5,ycup,42,25,2,0.115,0.38,2
5,ycup,42,26,2,0.169,0.376,2
5,ycup,42,27,2,0.135,0.346,2
5,ycup,42,28,2,0.101,0.346,2
5,ycup,42,29,2,0.149,0.386,2
5,ycup,42,30,2,0.115,0.326,2
5,ycup,42,31,2,0.211,0.489,2
5,ycup,42,32,2,0.157,0.509,2
5,ycup,42,33,2,0.225,0.475,2
5,ycup,42,34,2,0.225,0.509,2
5,ycup,42,35,2,0.191,0.475,2
5,ycup,42,36,2,0.171,0.465,2
5,ycup,42,37,2,0.245,0.165,2
5,ycup,42,38,2,0.225,0.121,2
5,ycup,42,39,2,0.28,0.195,2
5,ycup,42,40,2,0.26,0.205,2
5,ycup,42,41,2,0.28,0.165,2
5,ycup,42,42,2,0.266,0.145,2
5,ycup,42,43,2,0.28,0.815,2
5,ycup,42,44,2,0.245,0.815,2
5,ycup,42,45,2,0.245,0.869,2
5,ycup,42,46,2,0.28,0.879,2
5,ycup,42,47,2,0.211,0.849,2
5,ycup,42,48,2,0.266,0.829,2
5,ycup,42,49,2,0.352,0.592,2
5,ycup,42,50,2,0.352,0.626,2
5,ycup,42,51,2,0.352,0.656,2
5,ycup,42,52,2,0.298,0.66,2
5,ycup,42,53,2,0.332,0.666,2
5,ycup,42,54,2,0.318,0.626,2
5,ycup,42,55,2,0.3,0.384,2
5,ycup,42,56,2,0.32,0.37,2
5,ycup,42,57,2,0.3,0.36,2
5,ycup,42,58,2,0.32,0.425,2
5,ycup,42,59,2,0.354,0.37,2
5,ycup,42,60,2,0.34,0.384,2
5,ycup,42,61,2,0.439,0.738,2
5,ycup,42,62,2,0.425,0.753,2
5,ycup,42,63,2,0.439,0.773,2
5,ycup,42,64,2,0.419,0.813,2
5,ycup,42,65,2,0.404,0.738,2
5,ycup,42,66,2,0.384,0.728,2
5,ycup,42,67,2,0.372,0.044,2
5,ycup,42,68,2,0.386,0,2
5,ycup,42,69,2,0.406,0.044,2
5,ycup,42,70,2,0.386,0.024,2
5,ycup,42,71,2,0.441,0.044,2
5,ycup,42,72,2,0.441,0.074,2
5,ycup,42,73,2,0.386,0.205,2
5,ycup,42,74,2,0.386,0.284,2
5,ycup,42,75,2,0.421,0.29,2
5,ycup,42,76,2,0.427,0.229,2
5,ycup,42,77,2,0.372,0.249,2
5,ycup,42,78,2,0.441,0.215,2
5,ycup,42,79,2,0.386,0.94,2
5,ycup,42,80,2,0.372,0.96,2
5,ycup,42,81,2,0.386,0.994,2
5,ycup,42,82,2,0.406,0.926,2
5,ycup,42,83,2,0.441,0.926,2
5,ycup,42,84,2,0.441,0.99,2
5,ycup,42,85,2,0.511,0.384,2
5,ycup,42,86,2,0.545,0.384,2
5,ycup,42,87,2,0.491,0.364,2
5,ycup,42,88,2,0.545,0.414,2
5,ycup,42,89,2,0.511,0.404,2
5,ycup,42,90,2,0.525,0.425,2
5,ycup,42,91,2,0.517,0.644,2
5,ycup,42,92,2,0.497,0.624,2
5,ycup,42,93,2,0.497,0.678,2
5,ycup,42,94,2,0.483,0.644,2
5,ycup,42,95,2,0.517,0.644,2
5,ycup,42,96,2,0.497,0.6,2
5,ycup,42,97,2,0.588,0.135,2
5,ycup,42,98,2,0.602,0.121,2
5,ycup,42,99,2,0.547,0.111,2
5,ycup,42,100,2,0.567,0.155,2
5,ycup,42,101,2,0.533,0.155,2
5,ycup,42,102,2,0.547,0.189,2
5,ycup,42,103,2,0.533,0.859,2
5,ycup,42,104,2,0.567,0.825,2
5,ycup,42,105,2,0.602,0.825,2
5,ycup,42,106,2,0.547,0.893,2
5,ycup,42,107,2,0.547,0.839,2
5,ycup,42,108,2,0.547,0.815,2
5,ycup,42,109,2,0.61,0.509,2
5,ycup,42,110,2,0.644,0.509,2
5,ycup,42,111,2,0.61,0.529,2
5,ycup,42,112,2,0.59,0.543,2
5,ycup,42,113,2,0.624,0.549,2
5,ycup,42,114,2,0.61,0.475,2
5,ycup,42,115,2,0.688,0.738,2
5,ycup,42,116,2,0.688,0.66,2
5,ycup,42,117,2,0.742,0.704,2
5,ycup,42,118,2,0.742,0.734,2
5,ycup,42,119,2,0.742,0.67,2
5,ycup,42,120,2,0.728,0.684,2
5,ycup,42,121,2,0.674,0.31,2
5,ycup,42,122,2,0.688,0.29,2
5,ycup,42,123,2,0.742,0.34,2
5,ycup,42,124,2,0.688,0.266,2
5,ycup,42,125,2,0.688,0.344,2
5,ycup,42,126,2,0.722,0.35,2
5,ycup,42,127,2,0.757,0.085,2
5,ycup,42,128,2,0.791,0.085,2
5,ycup,42,129,2,0.736,0.099,2
5,ycup,42,130,2,0.757,0.119,2
5,ycup,42,131,2,0.757,0.139,2
5,ycup,42,132,2,0.736,0.153,2
5,ycup,42,133,2,0.791,0.861,2
5,ycup,42,134,2,0.757,0.895,2
5,ycup,42,135,2,0.722,0.895,2
5,ycup,42,136,2,0.757,0.915,2
5,ycup,42,137,2,0.736,0.93,2
5,ycup,42,138,2,0.791,0.926,2
5,ycup,42,139,2,0.827,0.507,2
5,ycup,42,140,2,0.793,0.527,2
5,ycup,42,141,2,0.773,0.541,2
5,ycup,42,142,2,0.827,0.473,2
5,ycup,42,143,2,0.793,0.507,2
5,ycup,42,144,2,0.773,0.463,2
5,ycup,43,1,2,0.054,0.473,3
5,ycup,43,2,2,0,0.541,3
5,ycup,43,3,2,0.02,0.507,3
5,ycup,43,4,2,0.054,0.537,3
5,ycup,43,5,2,0.02,0.473,3
5,ycup,43,6,2,0.04,0.487,3
5,ycup,43,7,2,0.05,0.145,3
5,ycup,43,8,2,0.064,0.165,3
5,ycup,43,9,2,0.03,0.08,3
5,ycup,43,10,2,0.05,0.125,3
5,ycup,43,11,2,0.085,0.125,3
5,ycup,43,12,2,0.085,0.091,3
5,ycup,43,13,2,0.03,0.845,3
5,ycup,43,14,2,0.05,0.889,3
5,ycup,43,15,2,0.016,0.889,3
5,ycup,43,16,2,0.085,0.855,3
5,ycup,43,17,2,0.085,0.92,3
5,ycup,43,18,2,0.05,0.855,3
5,ycup,43,19,2,0.139,0.704,3
5,ycup,43,20,2,0.125,0.684,3
5,ycup,43,21,2,0.139,0.67,3
5,ycup,43,22,2,0.085,0.738,3
5,ycup,43,23,2,0.085,0.66,3
5,ycup,43,24,2,0.105,0.724,3
5,ycup,43,25,2,0.115,0.38,3
5,ycup,43,26,2,0.169,0.376,3
5,ycup,43,27,2,0.135,0.346,3
5,ycup,43,28,2,0.101,0.346,3
5,ycup,43,29,2,0.149,0.386,3
5,ycup,43,30,2,0.115,0.326,3
5,ycup,43,31,2,0.211,0.489,3
5,ycup,43,32,2,0.157,0.509,3
5,ycup,43,33,2,0.225,0.475,3
5,ycup,43,34,2,0.225,0.509,3
5,ycup,43,35,2,0.191,0.475,3
5,ycup,43,36,2,0.171,0.465,3
5,ycup,43,37,2,0.245,0.165,3
5,ycup,43,38,2,0.225,0.121,3
5,ycup,43,39,2,0.28,0.195,3
5,ycup,43,40,2,0.26,0.205,3
5,ycup,43,41,2,0.28,0.165,3
5,ycup,43,42,2,0.266,0.145,3
5,ycup,43,43,2,0.245,0.815,3
5,ycup,43,44,2,0.28,0.815,3
5,ycup,43,45,2,0.211,0.849,3
5,ycup,43,46,2,0.28,0.879,3
5,ycup,43,47,2,0.266,0.829,3
5,ycup,43,48,2,0.245,0.869,3
5,ycup,43,49,2,0.352,0.592,3
5,ycup,43,50,2,0.352,0.626,3
5,ycup,43,51,2,0.352,0.656,3
5,ycup,43,52,2,0.298,0.66,3
5,ycup,43,53,2,0.332,0.666,3
5,ycup,43,54,2,0.318,0.626,3
5,ycup,43,55,2,0.3,0.384,3
5,ycup,43,56,2,0.32,0.37,3
5,ycup,43,57,2,0.3,0.36,3
5,ycup,43,58,2,0.32,0.425,3
5,ycup,43,59,2,0.354,0.37,3
5,ycup,43,60,2,0.34,0.384,3
5,ycup,43,61,2,0.439,0.738,3
5,ycup,43,62,2,0.425,0.753,3
5,ycup,43,63,2,0.419,0.813,3
5,ycup,43,64,2,0.404,0.738,3
5,ycup,43,65,2,0.384,0.728,3
5,ycup,43,66,2,0.439,0.773,3
5,ycup,43,67,2,0.372,0.044,3
5,ycup,43,68,2,0.386,0,3
5,ycup,43,69,2,0.406,0.044,3
5,ycup,43,70,2,0.386,0.024,3
5,ycup,43,71,2,0.441,0.044,3
5,ycup,43,72,2,0.441,0.074,3
5,ycup,43,73,2,0.386,0.205,3
5,ycup,43,74,2,0.386,0.284,3
5,ycup,43,75,2,0.421,0.29,3
5,ycup,43,76,2,0.427,0.229,3
5,ycup,43,77,2,0.372,0.249,3
5,ycup,43,78,2,0.441,0.215,3
5,ycup,43,79,2,0.441,0.926,3
5,ycup,43,80,2,0.386,0.94,3
5,ycup,43,81,2,0.372,0.96,3
5,ycup,43,82,2,0.386,0.994,3
5,ycup,43,83,2,0.406,0.926,3
5,ycup,43,84,2,0.441,0.99,3
5,ycup,43,85,2,0.511,0.384,3
5,ycup,43,86,2,0.545,0.384,3
5,ycup,43,87,2,0.491,0.364,3
5,ycup,43,88,2,0.545,0.414,3
5,ycup,43,89,2,0.511,0.404,3
5,ycup,43,90,2,0.525,0.425,3
5,ycup,43,91,2,0.497,0.6,3
5,ycup,43,92,2,0.497,0.624,3
5,ycup,43,93,2,0.517,0.644,3
5,ycup,43,94,2,0.497,0.678,3
5,ycup,43,95,2,0.551,0.674,3
5,ycup,43,96,2,0.483,0.644,3
5,ycup,43,97,2,0.588,0.135,3
5,ycup,43,98,2,0.602,0.121,3
5,ycup,43,99,2,0.547,0.111,3
5,ycup,43,100,2,0.567,0.155,3
5,ycup,43,101,2,0.533,0.155,3
5,ycup,43,102,2,0.547,0.189,3
5,ycup,43,103,2,0.547,0.893,3
5,ycup,43,104,2,0.567,0.825,3
5,ycup,43,105,2,0.547,0.815,3
5,ycup,43,106,2,0.533,0.859,3
5,ycup,43,107,2,0.547,0.839,3
5,ycup,43,108,2,0.602,0.825,3
5,ycup,43,109,2,0.59,0.543,3
5,ycup,43,110,2,0.624,0.549,3
5,ycup,43,111,2,0.61,0.529,3
5,ycup,43,112,2,0.644,0.509,3
5,ycup,43,113,2,0.61,0.509,3
5,ycup,43,114,2,0.61,0.475,3
5,ycup,43,115,2,0.688,0.738,3
5,ycup,43,116,2,0.728,0.684,3
5,ycup,43,117,2,0.742,0.734,3
5,ycup,43,118,2,0.742,0.67,3
5,ycup,43,119,2,0.742,0.704,3
5,ycup,43,120,2,0.688,0.66,3
5,ycup,43,121,2,0.742,0.34,3
5,ycup,43,122,2,0.688,0.266,3
5,ycup,43,123,2,0.688,0.344,3
5,ycup,43,124,2,0.722,0.35,3
5,ycup,43,125,2,0.674,0.31,3
5,ycup,43,126,2,0.688,0.29,3
5,ycup,43,127,2,0.757,0.085,3
5,ycup,43,128,2,0.791,0.085,3
5,ycup,43,129,2,0.736,0.099,3
5,ycup,43,130,2,0.757,0.119,3
5,ycup,43,131,2,0.757,0.139,3
5,ycup,43,132,2,0.736,0.153,3
5,ycup,43,133,2,0.791,0.926,3
5,ycup,43,134,2,0.722,0.895,3
5,ycup,43,135,2,0.791,0.861,3
5,ycup,43,136,2,0.757,0.915,3
5,ycup,43,137,2,0.757,0.895,3
5,ycup,43,138,2,0.736,0.93,3
5,ycup,43,139,2,0.773,0.463,3
5,ycup,43,140,2,0.793,0.527,3
5,ycup,43,141,2,0.827,0.507,3
5,ycup,43,142,2,0.793,0.507,3
5,ycup,43,143,2,0.773,0.541,3
5,ycup,43,144,2,0.827,0.473,3
5,ycup,44,1,2,0.054,0.473,4
5,ycup,44,2,2,0,0.541,4
5,ycup,44,3,2,0.02,0.507,4
5,ycup,44,4,2,0.054,0.537,4
5,ycup,44,5,2,0.02,0.473,4
5,ycup,44,6,2,0.04,0.487,4
5,ycup,44,7,2,0.05,0.145,4
5,ycup,44,8,2,0.064,0.165,4
5,ycup,44,9,2,0.03,0.08,4
5,ycup,44,10,2,0.05,0.125,4
5,ycup,44,11,2,0.085,0.125,4
5,ycup,44,12,2,0.085,0.091,4
5,ycup,44,13,2,0.03,0.845,4
5,ycup,44,14,2,0.05,0.889,4
5,ycup,44,15,2,0.016,0.889,4
5,ycup,44,16,2,0.085,0.855,4
5,ycup,44,17,2,0.085,0.92,4
5,ycup,44,18,2,0.05,0.855,4
5,ycup,44,19,2,0.139,0.704,4
5,ycup,44,20,2,0.125,0.684,4
5,ycup,44,21,2,0.139,0.67,4
5,ycup,44,22,2,0.085,0.738,4
5,ycup,44,23,2,0.085,0.66,4
5,ycup,44,24,2,0.105,0.724,4
5,ycup,44,25,2,0.115,0.38,4
5,ycup,44,26,2,0.169,0.376,4
5,ycup,44,27,2,0.135,0.346,4
5,ycup,44,28,2,0.101,0.346,4
5,ycup,44,29,2,0.149,0.386,4
5,ycup,44,30,2,0.115,0.326,4
5,ycup,44,31,2,0.211,0.489,4
5,ycup,44,32,2,0.157,0.509,4
5,ycup,44,33,2,0.225,0.475,4
5,ycup,44,34,2,0.225,0.509,4
5,ycup,44,35,2,0.191,0.475,4
5,ycup,44,36,2,0.171,0.465,4
5,ycup,44,37,2,0.245,0.165,4
5,ycup,44,38,2,0.225,0.121,4
5,ycup,44,39,2,0.28,0.195,4
5,ycup,44,40,2,0.26,0.205,4
5,ycup,44,41,2,0.28,0.165,4
5,ycup,44,42,2,0.266,0.145,4
5,ycup,44,43,2,0.245,0.815,4
5,ycup,44,44,2,0.28,0.815,4
5,ycup,44,45,2,0.211,0.849,4
5,ycup,44,46,2,0.28,0.879,4
5,ycup,44,47,2,0.266,0.829,4
5,ycup,44,48,2,0.245,0.869,4
5,ycup,44,49,2,0.352,0.592,4
5,ycup,44,50,2,0.352,0.626,4
5,ycup,44,51,2,0.352,0.656,4
5,ycup,44,52,2,0.298,0.66,4
5,ycup,44,53,2,0.332,0.666,4
5,ycup,44,54,2,0.318,0.626,4
5,ycup,44,55,2,0.3,0.384,4
5,ycup,44,56,2,0.32,0.37,4
5,ycup,44,57,2,0.3,0.36,4
5,ycup,44,58,2,0.32,0.425,4
5,ycup,44,59,2,0.354,0.37,4
5,ycup,44,60,2,0.34,0.384,4
5,ycup,44,61,2,0.439,0.738,4
5,ycup,44,62,2,0.425,0.753,4
5,ycup,44,63,2,0.419,0.813,4
5,ycup,44,64,2,0.404,0.738,4
5,ycup,44,65,2,0.384,0.728,4
5,ycup,44,66,2,0.439,0.773,4
5,ycup,44,67,2,0.372,0.044,4
5,ycup,44,68,2,0.386,0,4
5,ycup,44,69,2,0.406,0.044,4
5,ycup,44,70,2,0.386,0.024,4
5,ycup,44,71,2,0.441,0.044,4
5,ycup,44,72,2,0.441,0.074,4
5,ycup,44,73,2,0.386,0.205,4
5,ycup,44,74,2,0.386,0.284,4
5,ycup,44,75,2,0.421,0.29,4
5,ycup,44,76,2,0.427,0.229,4
5,ycup,44,77,2,0.372,0.249,4
5,ycup,44,78,2,0.441,0.215,4
5,ycup,44,79,2,0.441,0.926,4
5,ycup,44,80,2,0.386,0.94,4
5,ycup,44,81,2,0.372,0.96,4
5,ycup,44,82,2,0.386,0.994,4
5,ycup,44,83,2,0.406,0.926,4
5,ycup,44,84,2,0.441,0.99,4
5,ycup,44,85,2,0.545,0.414,4
5,ycup,44,86,2,0.525,0.425,4
5,ycup,44,87,2,0.511,0.404,4
5,ycup,44,88,2,0.545,0.384,4
5,ycup,44,89,2,0.491,0.364,4
5,ycup,44,90,2,0.511,0.384,4
5,ycup,44,91,2,0.497,0.6,4
5,ycup,44,92,2,0.497,0.624,4
5,ycup,44,93,2,0.517,0.644,4
5,ycup,44,94,2,0.497,0.678,4
5,ycup,44,95,2,0.551,0.674,4
5,ycup,44,96,2,0.483,0.644,4
5,ycup,44,97,2,0.602,0.121,4
5,ycup,44,98,2,0.588,0.135,4
5,ycup,44,99,2,0.567,0.155,4
5,ycup,44,100,2,0.547,0.111,4
5,ycup,44,101,2,0.547,0.189,4
5,ycup,44,102,2,0.567,0.155,4
5,ycup,44,103,2,0.533,0.859,4
5,ycup,44,104,2,0.547,0.815,4
5,ycup,44,105,2,0.567,0.825,4
5,ycup,44,106,2,0.602,0.825,4
5,ycup,44,107,2,0.547,0.893,4
5,ycup,44,108,2,0.547,0.839,4
5,ycup,44,109,2,0.61,0.509,4
5,ycup,44,110,2,0.644,0.509,4
5,ycup,44,111,2,0.61,0.529,4
5,ycup,44,112,2,0.59,0.543,4
5,ycup,44,113,2,0.624,0.549,4
5,ycup,44,114,2,0.61,0.475,4
5,ycup,44,115,2,0.688,0.738,4
5,ycup,44,116,2,0.742,0.734,4
5,ycup,44,117,2,0.688,0.66,4
5,ycup,44,118,2,0.742,0.704,4
5,ycup,44,119,2,0.742,0.67,4
5,ycup,44,120,2,0.728,0.684,4
5,ycup,44,121,2,0.742,0.34,4
5,ycup,44,122,2,0.688,0.29,4
5,ycup,44,123,2,0.722,0.35,4
5,ycup,44,124,2,0.674,0.31,4
5,ycup,44,125,2,0.688,0.266,4
5,ycup,44,126,2,0.688,0.344,4
5,ycup,44,127,2,0.736,0.153,4
5,ycup,44,128,2,0.757,0.119,4
5,ycup,44,129,2,0.757,0.139,4
5,ycup,44,130,2,0.757,0.119,4
5,ycup,44,131,2,0.791,0.085,4
5,ycup,44,132,2,0.757,0.085,4
5,ycup,44,133,2,0.791,0.861,4
5,ycup,44,134,2,0.757,0.895,4
5,ycup,44,135,2,0.722,0.895,4
5,ycup,44,136,2,0.757,0.915,4
5,ycup,44,137,2,0.736,0.93,4
5,ycup,44,138,2,0.791,0.926,4
5,ycup,44,139,2,0.827,0.507,4
5,ycup,44,140,2,0.793,0.527,4
5,ycup,44,141,2,0.773,0.541,4
5,ycup,44,142,2,0.827,0.473,4
5,ycup,44,143,2,0.793,0.507,4
5,ycup,44,144,2,0.773,0.463,4
5,ycup,45,1,2,0.054,0.473,5
5,ycup,45,2,2,0,0.541,5
5,ycup,45,3,2,0.02,0.507,5
5,ycup,45,4,2,0.054,0.537,5
5,ycup,45,5,2,0.02,0.473,5
5,ycup,45,6,2,0.04,0.487,5
5,ycup,45,7,2,0.03,0.08,5
5,ycup,45,8,2,0.085,0.091,5
5,ycup,45,9,2,0.05,0.125,5
5,ycup,45,10,2,0.085,0.125,5
5,ycup,45,11,2,0.064,0.165,5
5,ycup,45,12,2,0.05,0.145,5
5,ycup,45,13,2,0.03,0.845,5
5,ycup,45,14,2,0.05,0.889,5
5,ycup,45,15,2,0.016,0.889,5
5,ycup,45,16,2,0.085,0.855,5
5,ycup,45,17,2,0.085,0.92,5
5,ycup,45,18,2,0.05,0.855,5
5,ycup,45,19,2,0.139,0.704,5
5,ycup,45,20,2,0.125,0.684,5
5,ycup,45,21,2,0.139,0.67,5
5,ycup,45,22,2,0.085,0.738,5
5,ycup,45,23,2,0.085,0.66,5
5,ycup,45,24,2,0.105,0.724,5
5,ycup,45,25,2,0.115,0.38,5
5,ycup,45,26,2,0.169,0.376,5
5,ycup,45,27,2,0.135,0.346,5
5,ycup,45,28,2,0.101,0.346,5
5,ycup,45,29,2,0.149,0.386,5
5,ycup,45,30,2,0.115,0.326,5
5,ycup,45,31,2,0.211,0.489,5
5,ycup,45,32,2,0.157,0.509,5
5,ycup,45,33,2,0.225,0.475,5
5,ycup,45,34,2,0.225,0.509,5
5,ycup,45,35,2,0.191,0.475,5
5,ycup,45,36,2,0.171,0.465,5
5,ycup,45,37,2,0.266,0.145,5
5,ycup,45,38,2,0.245,0.165,5
5,ycup,45,39,2,0.225,0.121,5
5,ycup,45,40,2,0.28,0.195,5
5,ycup,45,41,2,0.245,0.165,5
5,ycup,45,42,2,0.28,0.165,5
5,ycup,45,43,2,0.245,0.815,5
5,ycup,45,44,2,0.28,0.815,5
5,ycup,45,45,2,0.211,0.849,5
5,ycup,45,46,2,0.28,0.879,5
5,ycup,45,47,2,0.266,0.829,5
5,ycup,45,48,2,0.245,0.869,5
5,ycup,45,49,2,0.352,0.592,5
5,ycup,45,50,2,0.352,0.626,5
5,ycup,45,51,2,0.352,0.656,5
5,ycup,45,52,2,0.298,0.66,5
5,ycup,45,53,2,0.332,0.666,5
5,ycup,45,54,2,0.318,0.626,5
5,ycup,45,55,2,0.3,0.384,5
5,ycup,45,56,2,0.32,0.37,5
5,ycup,45,57,2,0.3,0.36,5
5,ycup,45,58,2,0.32,0.425,5
5,ycup,45,59,2,0.354,0.37,5
5,ycup,45,60,2,0.34,0.384,5
5,ycup,45,61,2,0.439,0.738,5
5,ycup,45,62,2,0.425,0.753,5
5,ycup,45,63,2,0.419,0.813,5
5,ycup,45,64,2,0.404,0.738,5
5,ycup,45,65,2,0.384,0.728,5
5,ycup,45,66,2,0.439,0.773,5
5,ycup,45,67,2,0.386,0.024,5
5,ycup,45,68,2,0.441,0.074,5
5,ycup,45,69,2,0.406,0.044,5
5,ycup,45,70,2,0.441,0.044,5
5,ycup,45,71,2,0.386,0,5
5,ycup,45,72,2,0.372,0.044,5
5,ycup,45,73,2,0.406,0.249,5
5,ycup,45,74,2,0.386,0.284,5
5,ycup,45,75,2,0.386,0.205,5
5,ycup,45,76,2,0.441,0.215,5
5,ycup,45,77,2,0.372,0.249,5
5,ycup,45,78,2,0.406,0.249,5
5,ycup,45,79,2,0.441,0.926,5
5,ycup,45,80,2,0.386,0.94,5
5,ycup,45,81,2,0.372,0.96,5
5,ycup,45,82,2,0.386,0.994,5
5,ycup,45,83,2,0.406,0.926,5
5,ycup,45,84,2,0.441,0.99,5
5,ycup,45,85,2,0.545,0.384,5
5,ycup,45,86,2,0.525,0.425,5
5,ycup,45,87,2,0.511,0.384,5
5,ycup,45,88,2,0.511,0.404,5
5,ycup,45,89,2,0.491,0.364,5
5,ycup,45,90,2,0.545,0.414,5
5,ycup,45,91,2,0.497,0.6,5
5,ycup,45,92,2,0.497,0.624,5
5,ycup,45,93,2,0.517,0.644,5
5,ycup,45,94,2,0.497,0.678,5
5,ycup,45,95,2,0.551,0.674,5
5,ycup,45,96,2,0.483,0.644,5
5,ycup,45,97,2,0.567,0.155,5
5,ycup,45,98,2,0.533,0.155,5
5,ycup,45,99,2,0.547,0.189,5
5,ycup,45,100,2,0.547,0.111,5
5,ycup,45,101,2,0.602,0.121,5
5,ycup,45,102,2,0.588,0.135,5
5,ycup,45,103,2,0.533,0.859,5
5,ycup,45,104,2,0.547,0.815,5
5,ycup,45,105,2,0.567,0.825,5
5,ycup,45,106,2,0.602,0.825,5
5,ycup,45,107,2,0.547,0.893,5
5,ycup,45,108,2,0.547,0.839,5
5,ycup,45,109,2,0.61,0.509,5
5,ycup,45,110,2,0.644,0.509,5
5,ycup,45,111,2,0.61,0.529,5
5,ycup,45,112,2,0.59,0.543,5
5,ycup,45,113,2,0.624,0.549,5
5,ycup,45,114,2,0.61,0.475,5
5,ycup,45,115,2,0.688,0.738,5
5,ycup,45,116,2,0.742,0.734,5
5,ycup,45,117,2,0.688,0.66,5
5,ycup,45,118,2,0.742,0.704,5
5,ycup,45,119,2,0.742,0.67,5
5,ycup,45,120,2,0.728,0.684,5
5,ycup,45,121,2,0.674,0.31,5
5,ycup,45,122,2,0.688,0.29,5
5,ycup,45,123,2,0.742,0.34,5
5,ycup,45,124,2,0.688,0.266,5
5,ycup,45,125,2,0.688,0.344,5
5,ycup,45,126,2,0.722,0.35,5
5,ycup,45,127,2,0.757,0.085,5
5,ycup,45,128,2,0.791,0.085,5
5,ycup,45,129,2,0.736,0.099,5
5,ycup,45,130,2,0.757,0.119,5
5,ycup,45,131,2,0.757,0.139,5
5,ycup,45,132,2,0.736,0.153,5
5,ycup,45,133,2,0.791,0.861,5
5,ycup,45,134,2,0.757,0.895,5
5,ycup,45,135,2,0.722,0.895,5
5,ycup,45,136,2,0.757,0.915,5
5,ycup,45,137,2,0.736,0.93,5
5,ycup,45,138,2,0.791,0.926,5
5,ycup,45,139,2,0.827,0.507,5
5,ycup,45,140,2,0.793,0.527,5
5,ycup,45,141,2,0.773,0.541,5
5,ycup,45,142,2,0.827,0.473,5
5,ycup,45,143,2,0.793,0.507,5
5,ycup,45,144,2,0.773,0.463,5
5,ycup,46,1,2,0.054,0.473,6
5,ycup,46,2,2,0,0.541,6
5,ycup,46,3,2,0.02,0.507,6
5,ycup,46,4,2,0.054,0.537,6
5,ycup,46,5,2,0.02,0.473,6
5,ycup,46,6,2,0.04,0.487,6
5,ycup,46,7,2,0.064,0.165,6
5,ycup,46,8,2,0.05,0.145,6
5,ycup,46,9,2,0.085,0.091,6
5,ycup,46,10,2,0.03,0.08,6
5,ycup,46,11,2,0.05,0.125,6
5,ycup,46,12,2,0.085,0.125,6
5,ycup,46,13,2,0.03,0.845,6
5,ycup,46,14,2,0.05,0.889,6
5,ycup,46,15,2,0.016,0.889,6
5,ycup,46,16,2,0.085,0.855,6
5,ycup,46,17,2,0.085,0.92,6
5,ycup,46,18,2,0.05,0.855,6
5,ycup,46,19,2,0.139,0.704,6
5,ycup,46,20,2,0.125,0.684,6
5,ycup,46,21,2,0.139,0.67,6
5,ycup,46,22,2,0.085,0.738,6
5,ycup,46,23,2,0.085,0.66,6
5,ycup,46,24,2,0.105,0.724,6
5,ycup,46,25,2,0.135,0.346,6
5,ycup,46,26,2,0.115,0.38,6
5,ycup,46,27,2,0.101,0.346,6
5,ycup,46,28,2,0.115,0.326,6
5,ycup,46,29,2,0.169,0.376,6
5,ycup,46,30,2,0.149,0.386,6
5,ycup,46,31,2,0.157,0.509,6
5,ycup,46,32,2,0.171,0.465,6
5,ycup,46,33,2,0.211,0.489,6
5,ycup,46,34,2,0.225,0.475,6
5,ycup,46,35,2,0.225,0.509,6
5,ycup,46,36,2,0.191,0.475,6
5,ycup,46,37,2,0.245,0.165,6
5,ycup,46,38,2,0.225,0.121,6
5,ycup,46,39,2,0.28,0.165,6
5,ycup,46,40,2,0.266,0.145,6
5,ycup,46,41,2,0.26,0.205,6
5,ycup,46,42,2,0.28,0.195,6
5,ycup,46,43,2,0.245,0.815,6
5,ycup,46,44,2,0.28,0.815,6
5,ycup,46,45,2,0.211,0.849,6
5,ycup,46,46,2,0.28,0.879,6
5,ycup,46,47,2,0.266,0.829,6
5,ycup,46,48,2,0.245,0.869,6
5,ycup,46,49,2,0.352,0.592,6
5,ycup,46,50,2,0.352,0.626,6
5,ycup,46,51,2,0.352,0.656,6
5,ycup,46,52,2,0.298,0.66,6
5,ycup,46,53,2,0.332,0.666,6
5,ycup,46,54,2,0.318,0.626,6
5,ycup,46,55,2,0.354,0.37,6
5,ycup,46,56,2,0.32,0.37,6
5,ycup,46,57,2,0.32,0.425,6
5,ycup,46,58,2,0.32,0.404,6
5,ycup,46,59,2,0.3,0.384,6
5,ycup,46,60,2,0.34,0.384,6
5,ycup,46,61,2,0.439,0.738,6
5,ycup,46,62,2,0.425,0.753,6
5,ycup,46,63,2,0.419,0.813,6
5,ycup,46,64,2,0.404,0.738,6
5,ycup,46,65,2,0.384,0.728,6
5,ycup,46,66,2,0.439,0.773,6
5,ycup,46,67,2,0.372,0.044,6
5,ycup,46,68,2,0.441,0.074,6
5,ycup,46,69,2,0.406,0.044,6
5,ycup,46,70,2,0.386,0,6
5,ycup,46,71,2,0.386,0.024,6
5,ycup,46,72,2,0.441,0.044,6
5,ycup,46,73,2,0.386,0.205,6
5,ycup,46,74,2,0.372,0.249,6
5,ycup,46,75,2,0.441,0.215,6
5,ycup,46,76,2,0.421,0.29,6
5,ycup,46,77,2,0.386,0.284,6
5,ycup,46,78,2,0.427,0.229,6
5,ycup,46,79,2,0.441,0.926,6
5,ycup,46,80,2,0.386,0.94,6
5,ycup,46,81,2,0.372,0.96,6
5,ycup,46,82,2,0.386,0.994,6
5,ycup,46,83,2,0.406,0.926,6
5,ycup,46,84,2,0.441,0.99,6
5,ycup,46,85,2,0.511,0.384,6
5,ycup,46,86,2,0.545,0.384,6
5,ycup,46,87,2,0.491,0.364,6
5,ycup,46,88,2,0.545,0.414,6
5,ycup,46,89,2,0.511,0.404,6
5,ycup,46,90,2,0.525,0.425,6
5,ycup,46,91,2,0.497,0.6,6
5,ycup,46,92,2,0.497,0.624,6
5,ycup,46,93,2,0.517,0.644,6
5,ycup,46,94,2,0.497,0.678,6
5,ycup,46,95,2,0.551,0.674,6
5,ycup,46,96,2,0.483,0.644,6
5,ycup,46,97,2,0.588,0.135,6
5,ycup,46,98,2,0.602,0.121,6
5,ycup,46,99,2,0.547,0.111,6
5,ycup,46,100,2,0.567,0.155,6
5,ycup,46,101,2,0.533,0.155,6
5,ycup,46,102,2,0.547,0.189,6
5,ycup,46,103,2,0.533,0.859,6
5,ycup,46,104,2,0.547,0.815,6
5,ycup,46,105,2,0.567,0.825,6
5,ycup,46,106,2,0.602,0.825,6
5,ycup,46,107,2,0.547,0.893,6
5,ycup,46,108,2,0.547,0.839,6
5,ycup,46,109,2,0.61,0.509,6
5,ycup,46,110,2,0.644,0.509,6
5,ycup,46,111,2,0.61,0.529,6
5,ycup,46,112,2,0.59,0.543,6
5,ycup,46,113,2,0.624,0.549,6
5,ycup,46,114,2,0.61,0.475,6
5,ycup,46,115,2,0.688,0.738,6
5,ycup,46,116,2,0.742,0.734,6
5,ycup,46,117,2,0.688,0.66,6
5,ycup,46,118,2,0.742,0.704,6
5,ycup,46,119,2,0.742,0.67,6
5,ycup,46,120,2,0.728,0.684,6
5,ycup,46,121,2,0.674,0.31,6
5,ycup,46,122,2,0.688,0.29,6
5,ycup,46,123,2,0.742,0.34,6
5,ycup,46,124,2,0.688,0.266,6
5,ycup,46,125,2,0.688,0.344,6
5,ycup,46,126,2,0.722,0.35,6
5,ycup,46,127,2,0.757,0.085,6
5,ycup,46,128,2,0.791,0.085,6
5,ycup,46,129,2,0.736,0.099,6
5,ycup,46,130,2,0.757,0.119,6
5,ycup,46,131,2,0.757,0.139,6
5,ycup,46,132,2,0.736,0.153,6
5,ycup,46,133,2,0.791,0.861,6
5,ycup,46,134,2,0.757,0.895,6
5,ycup,46,135,2,0.722,0.895,6
5,ycup,46,136,2,0.757,0.915,6
5,ycup,46,137,2,0.736,0.93,6
5,ycup,46,138,2,0.791,0.926,6
5,ycup,46,139,2,0.827,0.507,6
5,ycup,46,140,2,0.793,0.527,6
5,ycup,46,141,2,0.773,0.541,6
5,ycup,46,142,2,0.827,0.473,6
5,ycup,46,143,2,0.793,0.507,6
5,ycup,46,144,2,0.773,0.463,6
5,ycup,47,1,2,0.02,0.507,7
5,ycup,47,2,2,0,0.541,7
5,ycup,47,3,2,0.02,0.507,7
5,ycup,47,4,2,0.054,0.473,7
5,ycup,47,5,2,0.04,0.487,7
5,ycup,47,6,2,0.054,0.537,7
5,ycup,47,7,2,0.05,0.145,7
5,ycup,47,8,2,0.064,0.165,7
5,ycup,47,9,2,0.03,0.08,7
5,ycup,47,10,2,0.05,0.125,7
5,ycup,47,11,2,0.085,0.125,7
5,ycup,47,12,2,0.085,0.091,7
5,ycup,47,13,2,0.016,0.889,7
5,ycup,47,14,2,0.085,0.855,7
5,ycup,47,15,2,0.05,0.855,7
5,ycup,47,16,2,0.03,0.845,7
5,ycup,47,17,2,0.085,0.92,7
5,ycup,47,18,2,0.05,0.889,7
5,ycup,47,19,2,0.125,0.684,7
5,ycup,47,20,2,0.139,0.67,7
5,ycup,47,21,2,0.139,0.704,7
5,ycup,47,22,2,0.105,0.724,7
5,ycup,47,23,2,0.085,0.738,7
5,ycup,47,24,2,0.085,0.66,7
5,ycup,47,25,2,0.115,0.38,7
5,ycup,47,26,2,0.135,0.346,7
5,ycup,47,27,2,0.101,0.346,7
5,ycup,47,28,2,0.115,0.326,7
5,ycup,47,29,2,0.169,0.376,7
5,ycup,47,30,2,0.149,0.386,7
5,ycup,47,31,2,0.157,0.509,7
5,ycup,47,32,2,0.171,0.465,7
5,ycup,47,33,2,0.225,0.475,7
5,ycup,47,34,2,0.211,0.489,7
5,ycup,47,35,2,0.225,0.509,7
5,ycup,47,36,2,0.191,0.475,7
5,ycup,47,37,2,0.245,0.165,7
5,ycup,47,38,2,0.225,0.121,7
5,ycup,47,39,2,0.28,0.195,7
5,ycup,47,40,2,0.26,0.205,7
5,ycup,47,41,2,0.28,0.165,7
5,ycup,47,42,2,0.266,0.145,7
5,ycup,47,43,2,0.245,0.815,7
5,ycup,47,44,2,0.28,0.815,7
5,ycup,47,45,2,0.266,0.829,7
5,ycup,47,46,2,0.245,0.869,7
5,ycup,47,47,2,0.211,0.849,7
5,ycup,47,48,2,0.28,0.879,7
5,ycup,47,49,2,0.352,0.592,7
5,ycup,47,50,2,0.352,0.626,7
5,ycup,47,51,2,0.352,0.656,7
5,ycup,47,52,2,0.332,0.666,7
5,ycup,47,53,2,0.298,0.66,7
5,ycup,47,54,2,0.318,0.626,7
5,ycup,47,55,2,0.3,0.384,7
5,ycup,47,56,2,0.3,0.36,7
5,ycup,47,57,2,0.32,0.37,7
5,ycup,47,58,2,0.34,0.384,7
5,ycup,47,59,2,0.354,0.37,7
5,ycup,47,60,2,0.32,0.425,7
5,ycup,47,61,2,0.439,0.738,7
5,ycup,47,62,2,0.425,0.753,7
5,ycup,47,63,2,0.419,0.813,7
5,ycup,47,64,2,0.404,0.738,7
5,ycup,47,65,2,0.384,0.728,7
5,ycup,47,66,2,0.439,0.773,7
5,ycup,47,67,2,0.372,0.044,7
5,ycup,47,68,2,0.386,0,7
5,ycup,47,69,2,0.406,0.044,7
5,ycup,47,70,2,0.386,0.024,7
5,ycup,47,71,2,0.441,0.044,7
5,ycup,47,72,2,0.441,0.074,7
5,ycup,47,73,2,0.386,0.205,7
5,ycup,47,74,2,0.386,0.284,7
5,ycup,47,75,2,0.421,0.29,7
5,ycup,47,76,2,0.427,0.229,7
5,ycup,47,77,2,0.372,0.249,7
5,ycup,47,78,2,0.441,0.215,7
5,ycup,47,79,2,0.441,0.926,7
5,ycup,47,80,2,0.386,0.94,7
5,ycup,47,81,2,0.372,0.96,7
5,ycup,47,82,2,0.386,0.994,7
5,ycup,47,83,2,0.406,0.926,7
5,ycup,47,84,2,0.441,0.99,7
5,ycup,47,85,2,0.511,0.384,7
5,ycup,47,86,2,0.545,0.384,7
5,ycup,47,87,2,0.491,0.364,7
5,ycup,47,88,2,0.545,0.414,7
5,ycup,47,89,2,0.511,0.404,7
5,ycup,47,90,2,0.525,0.425,7
5,ycup,47,91,2,0.497,0.6,7
5,ycup,47,92,2,0.497,0.624,7
5,ycup,47,93,2,0.517,0.644,7
5,ycup,47,94,2,0.497,0.678,7
5,ycup,47,95,2,0.551,0.674,7
5,ycup,47,96,2,0.483,0.644,7
5,ycup,47,97,2,0.588,0.135,7
5,ycup,47,98,2,0.602,0.121,7
5,ycup,47,99,2,0.547,0.111,7
5,ycup,47,100,2,0.567,0.155,7
5,ycup,47,101,2,0.533,0.155,7
5,ycup,47,102,2,0.547,0.189,7
5,ycup,47,103,2,0.533,0.859,7
5,ycup,47,104,2,0.547,0.815,7
5,ycup,47,105,2,0.567,0.825,7
5,ycup,47,106,2,0.602,0.825,7
5,ycup,47,107,2,0.547,0.893,7
5,ycup,47,108,2,0.547,0.839,7
5,ycup,47,109,2,0.61,0.509,7
5,ycup,47,110,2,0.644,0.509,7
5,ycup,47,111,2,0.61,0.529,7
5,ycup,47,112,2,0.59,0.543,7
5,ycup,47,113,2,0.624,0.549,7
5,ycup,47,114,2,0.61,0.475,7
5,ycup,47,115,2,0.688,0.738,7
5,ycup,47,116,2,0.742,0.734,7
5,ycup,47,117,2,0.688,0.66,7
5,ycup,47,118,2,0.742,0.704,7
5,ycup,47,119,2,0.742,0.67,7
5,ycup,47,120,2,0.728,0.684,7
5,ycup,47,121,2,0.674,0.31,7
5,ycup,47,122,2,0.688,0.29,7
5,ycup,47,123,2,0.742,0.34,7
5,ycup,47,124,2,0.688,0.266,7
5,ycup,47,125,2,0.688,0.344,7
5,ycup,47,126,2,0.722,0.35,7
5,ycup,47,127,2,0.757,0.085,7
5,ycup,47,128,2,0.791,0.085,7
5,ycup,47,129,2,0.736,0.099,7
5,ycup,47,130,2,0.757,0.119,7
5,ycup,47,131,2,0.757,0.139,7
5,ycup,47,132,2,0.736,0.153,7
5,ycup,47,133,2,0.791,0.861,7
5,ycup,47,134,2,0.757,0.895,7
5,ycup,47,135,2,0.722,0.895,7
5,ycup,47,136,2,0.757,0.915,7
5,ycup,47,137,2,0.736,0.93,7
5,ycup,47,138,2,0.791,0.926,7
5,ycup,47,139,2,0.827,0.507,7
5,ycup,47,140,2,0.793,0.527,7
5,ycup,47,141,2,0.773,0.541,7
5,ycup,47,142,2,0.827,0.473,7
5,ycup,47,143,2,0.793,0.507,7
5,ycup,47,144,2,0.773,0.463,7
5,ycup,48,1,2,0.054,0.473,8
5,ycup,48,2,2,0,0.541,8
5,ycup,48,3,2,0.02,0.507,8
5,ycup,48,4,2,0.054,0.537,8
5,ycup,48,5,2,0.02,0.473,8
5,ycup,48,6,2,0.04,0.487,8
5,ycup,48,7,2,0.05,0.145,8
5,ycup,48,8,2,0.064,0.165,8
5,ycup,48,9,2,0.03,0.08,8
5,ycup,48,10,2,0.05,0.125,8
5,ycup,48,11,2,0.085,0.125,8
5,ycup,48,12,2,0.085,0.091,8
5,ycup,48,13,2,0.03,0.845,8
5,ycup,48,14,2,0.05,0.889,8
5,ycup,48,15,2,0.016,0.889,8
5,ycup,48,16,2,0.085,0.855,8
5,ycup,48,17,2,0.085,0.92,8
5,ycup,48,18,2,0.05,0.855,8
5,ycup,48,19,2,0.139,0.704,8
5,ycup,48,20,2,0.125,0.684,8
5,ycup,48,21,2,0.139,0.67,8
5,ycup,48,22,2,0.085,0.738,8
5,ycup,48,23,2,0.085,0.66,8
5,ycup,48,24,2,0.105,0.724,8
5,ycup,48,25,2,0.115,0.38,8
5,ycup,48,26,2,0.169,0.376,8
5,ycup,48,27,2,0.135,0.346,8
5,ycup,48,28,2,0.101,0.346,8
5,ycup,48,29,2,0.149,0.386,8
5,ycup,48,30,2,0.115,0.326,8
5,ycup,48,31,2,0.211,0.489,8
5,ycup,48,32,2,0.157,0.509,8
5,ycup,48,33,2,0.225,0.475,8
5,ycup,48,34,2,0.225,0.509,8
5,ycup,48,35,2,0.191,0.475,8
5,ycup,48,36,2,0.171,0.465,8
5,ycup,48,37,2,0.245,0.165,8
5,ycup,48,38,2,0.225,0.121,8
5,ycup,48,39,2,0.28,0.195,8
5,ycup,48,40,2,0.26,0.205,8
5,ycup,48,41,2,0.28,0.165,8
5,ycup,48,42,2,0.266,0.145,8
5,ycup,48,43,2,0.28,0.879,8
5,ycup,48,44,2,0.266,0.829,8
5,ycup,48,45,2,0.211,0.849,8
5,ycup,48,46,2,0.245,0.815,8
5,ycup,48,47,2,0.245,0.869,8
5,ycup,48,48,2,0.28,0.815,8
5,ycup,48,49,2,0.352,0.592,8
5,ycup,48,50,2,0.352,0.626,8
5,ycup,48,51,2,0.352,0.656,8
5,ycup,48,52,2,0.298,0.66,8
5,ycup,48,53,2,0.332,0.666,8
5,ycup,48,54,2,0.318,0.626,8
5,ycup,48,55,2,0.3,0.384,8
5,ycup,48,56,2,0.32,0.37,8
5,ycup,48,57,2,0.3,0.36,8
5,ycup,48,58,2,0.32,0.425,8
5,ycup,48,59,2,0.354,0.37,8
5,ycup,48,60,2,0.34,0.384,8
5,ycup,48,61,2,0.439,0.738,8
5,ycup,48,62,2,0.425,0.753,8
5,ycup,48,63,2,0.404,0.738,8
5,ycup,48,64,2,0.384,0.728,8
5,ycup,48,65,2,0.408,0.773,8
5,ycup,48,66,2,0.419,0.813,8
5,ycup,48,67,2,0.372,0.044,8
5,ycup,48,68,2,0.386,0,8
5,ycup,48,69,2,0.406,0.044,8
5,ycup,48,70,2,0.386,0.024,8
5,ycup,48,71,2,0.441,0.044,8
5,ycup,48,72,2,0.441,0.074,8
5,ycup,48,73,2,0.386,0.205,8
5,ycup,48,74,2,0.386,0.284,8
5,ycup,48,75,2,0.421,0.29,8
5,ycup,48,76,2,0.427,0.229,8
5,ycup,48,77,2,0.372,0.249,8
5,ycup,48,78,2,0.441,0.215,8
5,ycup,48,79,2,0.441,0.926,8
5,ycup,48,80,2,0.372,0.96,8
5,ycup,48,81,2,0.386,0.994,8
5,ycup,48,82,2,0.406,0.926,8
5,ycup,48,83,2,0.386,0.94,8
5,ycup,48,84,2,0.441,0.99,8
5,ycup,48,85,2,0.511,0.384,8
5,ycup,48,86,2,0.545,0.384,8
5,ycup,48,87,2,0.491,0.364,8
5,ycup,48,88,2,0.545,0.414,8
5,ycup,48,89,2,0.511,0.404,8
5,ycup,48,90,2,0.525,0.425,8
5,ycup,48,91,2,0.497,0.6,8
5,ycup,48,92,2,0.497,0.624,8
5,ycup,48,93,2,0.497,0.678,8
5,ycup,48,94,2,0.551,0.674,8
5,ycup,48,95,2,0.483,0.644,8
5,ycup,48,96,2,0.517,0.644,8
5,ycup,48,97,2,0.588,0.135,8
5,ycup,48,98,2,0.602,0.121,8
5,ycup,48,99,2,0.547,0.111,8
5,ycup,48,100,2,0.567,0.155,8
5,ycup,48,101,2,0.533,0.155,8
5,ycup,48,102,2,0.547,0.189,8
5,ycup,48,103,2,0.567,0.859,8
5,ycup,48,104,2,0.533,0.859,8
5,ycup,48,105,2,0.602,0.825,8
5,ycup,48,106,2,0.547,0.893,8
5,ycup,48,107,2,0.567,0.859,8
5,ycup,48,108,2,0.547,0.839,8
5,ycup,48,109,2,0.59,0.543,8
5,ycup,48,110,2,0.624,0.549,8
5,ycup,48,111,2,0.61,0.529,8
5,ycup,48,112,2,0.61,0.509,8
5,ycup,48,113,2,0.644,0.509,8
5,ycup,48,114,2,0.61,0.475,8
5,ycup,48,115,2,0.728,0.684,8
5,ycup,48,116,2,0.742,0.67,8
5,ycup,48,117,2,0.688,0.738,8
5,ycup,48,118,2,0.742,0.704,8
5,ycup,48,119,2,0.688,0.66,8
5,ycup,48,120,2,0.742,0.734,8
5,ycup,48,121,2,0.674,0.31,8
5,ycup,48,122,2,0.688,0.29,8
5,ycup,48,123,2,0.742,0.34,8
5,ycup,48,124,2,0.688,0.266,8
5,ycup,48,125,2,0.688,0.344,8
5,ycup,48,126,2,0.722,0.35,8
5,ycup,48,127,2,0.757,0.085,8
5,ycup,48,128,2,0.791,0.085,8
5,ycup,48,129,2,0.736,0.099,8
5,ycup,48,130,2,0.757,0.119,8
5,ycup,48,131,2,0.757,0.139,8
5,ycup,48,132,2,0.736,0.153,8
5,ycup,48,133,2,0.791,0.861,8
5,ycup,48,134,2,0.757,0.895,8
5,ycup,48,135,2,0.722,0.895,8
5,ycup,48,136,2,0.736,0.93,8
5,ycup,48,137,2,0.757,0.915,8
5,ycup,48,138,2,0.791,0.926,8
5,ycup,48,139,2,0.827,0.473,8
5,ycup,48,140,2,0.793,0.527,8
5,ycup,48,141,2,0.827,0.507,8
5,ycup,48,142,2,0.793,0.507,8
5,ycup,48,143,2,0.773,0.541,8
5,ycup,48,144,2,0.773,0.463,8
5,ycup,49,1,2,0.054,0.473,9
5,ycup,49,2,2,0,0.541,9
5,ycup,49,3,2,0.02,0.507,9
5,ycup,49,4,2,0.054,0.537,9
5,ycup,49,5,2,0.02,0.473,9
5,ycup,49,6,2,0.04,0.487,9
5,ycup,49,7,2,0.05,0.125,9
5,ycup,49,8,2,0.085,0.125,9
5,ycup,49,9,2,0.085,0.091,9
5,ycup,49,10,2,0.03,0.08,9
5,ycup,49,11,2,0.064,0.165,9
5,ycup,49,12,2,0.05,0.145,9
5,ycup,49,13,2,0.03,0.845,9
5,ycup,49,14,2,0.05,0.889,9
5,ycup,49,15,2,0.016,0.889,9
5,ycup,49,16,2,0.085,0.855,9
5,ycup,49,17,2,0.085,0.92,9
5,ycup,49,18,2,0.05,0.855,9
5,ycup,49,19,2,0.139,0.704,9
5,ycup,49,20,2,0.125,0.684,9
5,ycup,49,21,2,0.139,0.67,9
5,ycup,49,22,2,0.085,0.738,9
5,ycup,49,23,2,0.085,0.66,9
5,ycup,49,24,2,0.105,0.724,9
5,ycup,49,25,2,0.101,0.346,9
5,ycup,49,26,2,0.115,0.326,9
5,ycup,49,27,2,0.169,0.376,9
5,ycup,49,28,2,0.135,0.346,9
5,ycup,49,29,2,0.149,0.386,9
5,ycup,49,30,2,0.115,0.38,9
5,ycup,49,31,2,0.211,0.489,9
5,ycup,49,32,2,0.157,0.509,9
5,ycup,49,33,2,0.225,0.475,9
5,ycup,49,34,2,0.225,0.509,9
5,ycup,49,35,2,0.191,0.475,9
5,ycup,49,36,2,0.171,0.465,9
5,ycup,49,37,2,0.28,0.165,9
5,ycup,49,38,2,0.266,0.145,9
5,ycup,49,39,2,0.225,0.121,9
5,ycup,49,40,2,0.28,0.195,9
5,ycup,49,41,2,0.245,0.165,9
5,ycup,49,42,2,0.26,0.205,9
5,ycup,49,43,2,0.245,0.815,9
5,ycup,49,44,2,0.28,0.815,9
5,ycup,49,45,2,0.211,0.849,9
5,ycup,49,46,2,0.28,0.879,9
5,ycup,49,47,2,0.266,0.829,9
5,ycup,49,48,2,0.245,0.869,9
5,ycup,49,49,2,0.352,0.592,9
5,ycup,49,50,2,0.352,0.626,9
5,ycup,49,51,2,0.352,0.656,9
5,ycup,49,52,2,0.298,0.66,9
5,ycup,49,53,2,0.332,0.666,9
5,ycup,49,54,2,0.318,0.626,9
5,ycup,49,55,2,0.3,0.36,9
5,ycup,49,56,2,0.32,0.37,9
5,ycup,49,57,2,0.32,0.425,9
5,ycup,49,58,2,0.3,0.384,9
5,ycup,49,59,2,0.354,0.37,9
5,ycup,49,60,2,0.34,0.384,9
5,ycup,49,61,2,0.439,0.738,9
5,ycup,49,62,2,0.425,0.753,9
5,ycup,49,63,2,0.419,0.813,9
5,ycup,49,64,2,0.404,0.738,9
5,ycup,49,65,2,0.384,0.728,9
5,ycup,49,66,2,0.439,0.773,9
5,ycup,49,67,2,0.386,0.024,9
5,ycup,49,68,2,0.441,0.074,9
5,ycup,49,69,2,0.406,0.044,9
5,ycup,49,70,2,0.441,0.044,9
5,ycup,49,71,2,0.386,0,9
5,ycup,49,72,2,0.372,0.044,9
5,ycup,49,73,2,0.441,0.215,9
5,ycup,49,74,2,0.427,0.229,9
5,ycup,49,75,2,0.421,0.29,9
5,ycup,49,76,2,0.386,0.284,9
5,ycup,49,77,2,0.372,0.249,9
5,ycup,49,78,2,0.386,0.205,9
5,ycup,49,79,2,0.441,0.926,9
5,ycup,49,80,2,0.386,0.94,9
5,ycup,49,81,2,0.372,0.96,9
5,ycup,49,82,2,0.386,0.994,9
5,ycup,49,83,2,0.406,0.926,9
5,ycup,49,84,2,0.441,0.99,9
5,ycup,49,85,2,0.491,0.364,9
5,ycup,49,86,2,0.525,0.425,9
5,ycup,49,87,2,0.511,0.404,9
5,ycup,49,88,2,0.545,0.384,9
5,ycup,49,89,2,0.545,0.414,9
5,ycup,49,90,2,0.511,0.384,9
5,ycup,49,91,2,0.497,0.6,9
5,ycup,49,92,2,0.497,0.624,9
5,ycup,49,93,2,0.517,0.644,9
5,ycup,49,94,2,0.497,0.678,9
5,ycup,49,95,2,0.551,0.674,9
5,ycup,49,96,2,0.483,0.644,9
5,ycup,49,97,2,0.588,0.135,9
5,ycup,49,98,2,0.602,0.121,9
5,ycup,49,99,2,0.547,0.189,9
5,ycup,49,100,2,0.547,0.111,9
5,ycup,49,101,2,0.533,0.155,9
5,ycup,49,102,2,0.567,0.155,9
5,ycup,49,103,2,0.533,0.859,9
5,ycup,49,104,2,0.547,0.815,9
5,ycup,49,105,2,0.567,0.825,9
5,ycup,49,106,2,0.602,0.825,9
5,ycup,49,107,2,0.547,0.893,9
5,ycup,49,108,2,0.547,0.839,9
5,ycup,49,109,2,0.644,0.509,9
5,ycup,49,110,2,0.61,0.475,9
5,ycup,49,111,2,0.59,0.543,9
5,ycup,49,112,2,0.61,0.529,9
5,ycup,49,113,2,0.624,0.549,9
5,ycup,49,114,2,0.61,0.509,9
5,ycup,49,115,2,0.688,0.738,9
5,ycup,49,116,2,0.742,0.734,9
5,ycup,49,117,2,0.688,0.66,9
5,ycup,49,118,2,0.742,0.704,9
5,ycup,49,119,2,0.742,0.67,9
5,ycup,49,120,2,0.728,0.684,9
5,ycup,49,121,2,0.688,0.266,9
5,ycup,49,122,2,0.688,0.344,9
5,ycup,49,123,2,0.742,0.34,9
5,ycup,49,124,2,0.722,0.35,9
5,ycup,49,125,2,0.674,0.31,9
5,ycup,49,126,2,0.688,0.29,9
5,ycup,49,127,2,0.736,0.153,9
5,ycup,49,128,2,0.757,0.119,9
5,ycup,49,129,2,0.757,0.139,9
5,ycup,49,130,2,0.757,0.119,9
5,ycup,49,131,2,0.791,0.085,9
5,ycup,49,132,2,0.757,0.085,9
5,ycup,49,133,2,0.791,0.861,9
5,ycup,49,134,2,0.757,0.895,9
5,ycup,49,135,2,0.722,0.895,9
5,ycup,49,136,2,0.757,0.915,9
5,ycup,49,137,2,0.736,0.93,9
5,ycup,49,138,2,0.791,0.926,9
5,ycup,49,139,2,0.773,0.541,9
5,ycup,49,140,2,0.827,0.473,9
5,ycup,49,141,2,0.793,0.507,9
5,ycup,49,142,2,0.793,0.527,9
5,ycup,49,143,2,0.793,0.507,9
5,ycup,49,144,2,0.827,0.507,9
5,ycup,50,1,2,0.02,0.473,10
5,ycup,50,2,2,0.054,0.473,10
5,ycup,50,3,2,0.02,0.507,10
5,ycup,50,4,2,0,0.541,10
5,ycup,50,5,2,0.04,0.487,10
5,ycup,50,6,2,0.054,0.537,10
5,ycup,50,7,2,0.03,0.08,10
5,ycup,50,8,2,0.05,0.145,10
5,ycup,50,9,2,0.05,0.125,10
5,ycup,50,10,2,0.05,0.125,10
5,ycup,50,11,2,0.085,0.125,10
5,ycup,50,12,2,0.085,0.091,10
5,ycup,50,13,2,0.03,0.845,10
5,ycup,50,14,2,0.05,0.889,10
5,ycup,50,15,2,0.016,0.889,10
5,ycup,50,16,2,0.085,0.855,10
5,ycup,50,17,2,0.085,0.92,10
5,ycup,50,18,2,0.05,0.855,10
5,ycup,50,19,2,0.085,0.66,10
5,ycup,50,20,2,0.085,0.738,10
5,ycup,50,21,2,0.139,0.704,10
5,ycup,50,22,2,0.105,0.704,10
5,ycup,50,23,2,0.105,0.704,10
5,ycup,50,24,2,0.105,0.724,10
5,ycup,50,25,2,0.115,0.38,10
5,ycup,50,26,2,0.135,0.346,10
5,ycup,50,27,2,0.101,0.346,10
5,ycup,50,28,2,0.149,0.386,10
5,ycup,50,29,2,0.169,0.376,10
5,ycup,50,30,2,0.115,0.326,10
5,ycup,50,31,2,0.225,0.475,10
5,ycup,50,32,2,0.171,0.465,10
5,ycup,50,33,2,0.157,0.509,10
5,ycup,50,34,2,0.211,0.489,10
5,ycup,50,35,2,0.225,0.509,10
5,ycup,50,36,2,0.191,0.475,10
5,ycup,50,37,2,0.245,0.165,10
5,ycup,50,38,2,0.266,0.145,10
5,ycup,50,39,2,0.28,0.195,10
5,ycup,50,40,2,0.225,0.121,10
5,ycup,50,41,2,0.26,0.205,10
5,ycup,50,42,2,0.28,0.165,10
5,ycup,50,43,2,0.245,0.815,10
5,ycup,50,44,2,0.28,0.815,10
5,ycup,50,45,2,0.211,0.849,10
5,ycup,50,46,2,0.28,0.879,10
5,ycup,50,47,2,0.266,0.829,10
5,ycup,50,48,2,0.245,0.869,10
5,ycup,50,49,2,0.352,0.592,10
5,ycup,50,50,2,0.352,0.626,10
5,ycup,50,51,2,0.352,0.656,10
5,ycup,50,52,2,0.332,0.666,10
5,ycup,50,53,2,0.298,0.66,10
5,ycup,50,54,2,0.318,0.626,10
5,ycup,50,55,2,0.3,0.384,10
5,ycup,50,56,2,0.32,0.37,10
5,ycup,50,57,2,0.3,0.36,10
5,ycup,50,58,2,0.32,0.425,10
5,ycup,50,59,2,0.354,0.37,10
5,ycup,50,60,2,0.34,0.384,10
5,ycup,50,61,2,0.439,0.738,10
5,ycup,50,62,2,0.425,0.753,10
5,ycup,50,63,2,0.419,0.813,10
5,ycup,50,64,2,0.404,0.738,10
5,ycup,50,65,2,0.384,0.728,10
5,ycup,50,66,2,0.439,0.773,10
5,ycup,50,67,2,0.372,0.044,10
5,ycup,50,68,2,0.406,0.044,10
5,ycup,50,69,2,0.386,0.024,10
5,ycup,50,70,2,0.386,0,10
5,ycup,50,71,2,0.441,0.044,10
5,ycup,50,72,2,0.441,0.074,10
5,ycup,50,73,2,0.421,0.29,10
5,ycup,50,74,2,0.372,0.249,10
5,ycup,50,75,2,0.441,0.215,10
5,ycup,50,76,2,0.386,0.284,10
5,ycup,50,77,2,0.427,0.229,10
5,ycup,50,78,2,0.386,0.205,10
5,ycup,50,79,2,0.441,0.926,10
5,ycup,50,80,2,0.386,0.94,10
5,ycup,50,81,2,0.372,0.96,10
5,ycup,50,82,2,0.386,0.994,10
5,ycup,50,83,2,0.406,0.926,10
5,ycup,50,84,2,0.441,0.99,10
5,ycup,50,85,2,0.511,0.384,10
5,ycup,50,86,2,0.545,0.384,10
5,ycup,50,87,2,0.491,0.364,10
5,ycup,50,88,2,0.545,0.414,10
5,ycup,50,89,2,0.511,0.404,10
5,ycup,50,90,2,0.525,0.425,10
5,ycup,50,91,2,0.497,0.6,10
5,ycup,50,92,2,0.497,0.624,10
5,ycup,50,93,2,0.517,0.644,10
5,ycup,50,94,2,0.497,0.678,10
5,ycup,50,95,2,0.551,0.674,10
5,ycup,50,96,2,0.483,0.644,10
5,ycup,50,97,2,0.567,0.155,10
5,ycup,50,98,2,0.533,0.155,10
5,ycup,50,99,2,0.547,0.189,10
5,ycup,50,100,2,0.547,0.111,10
5,ycup,50,101,2,0.588,0.135,10
5,ycup,50,102,2,0.602,0.121,10
5,ycup,50,103,2,0.533,0.859,10
5,ycup,50,104,2,0.547,0.815,10
5,ycup,50,105,2,0.567,0.825,10
5,ycup,50,106,2,0.602,0.825,10
5,ycup,50,107,2,0.547,0.893,10
5,ycup,50,108,2,0.547,0.839,10
5,ycup,50,109,2,0.61,0.509,10
5,ycup,50,110,2,0.644,0.509,10
5,ycup,50,111,2,0.61,0.529,10
5,ycup,50,112,2,0.59,0.543,10
5,ycup,50,113,2,0.624,0.549,10
5,ycup,50,114,2,0.61,0.475,10
5,ycup,50,115,2,0.688,0.738,10
5,ycup,50,116,2,0.742,0.734,10
5,ycup,50,117,2,0.688,0.66,10
5,ycup,50,118,2,0.742,0.704,10
5,ycup,50,119,2,0.742,0.67,10
5,ycup,50,120,2,0.728,0.684,10
5,ycup,50,121,2,0.674,0.31,10
5,ycup,50,122,2,0.688,0.29,10
5,ycup,50,123,2,0.742,0.34,10
5,ycup,50,124,2,0.688,0.266,10
5,ycup,50,125,2,0.688,0.344,10
5,ycup,50,126,2,0.722,0.35,10
5,ycup,50,127,2,0.791,0.085,10
5,ycup,50,128,2,0.736,0.099,10
5,ycup,50,129,2,0.757,0.119,10
5,ycup,50,130,2,0.757,0.085,10
5,ycup,50,131,2,0.757,0.139,10
5,ycup,50,132,2,0.736,0.153,10
5,ycup,50,133,2,0.791,0.861,10
5,ycup,50,134,2,0.757,0.895,10
5,ycup,50,135,2,0.722,0.895,10
5,ycup,50,136,2,0.757,0.915,10
5,ycup,50,137,2,0.736,0.93,10
5,ycup,50,138,2,0.791,0.926,10
5,ycup,50,139,2,0.827,0.507,10
5,ycup,50,140,2,0.793,0.527,10
5,ycup,50,141,2,0.773,0.541,10
5,ycup,50,142,2,0.827,0.473,10
5,ycup,50,143,2,0.793,0.507,10
5,ycup,50,144,2,0.773,0.463,10
6,bcup,51,1,1,0.048,0.537,1
6,bcup,51,2,1,0,0.497,1
6,bcup,51,3,1,0.068,0.463,1
6,bcup,51,4,1,0.014,0.477,1
6,bcup,51,5,1,0.068,0.527,1
6,bcup,51,6,1,0.034,0.463,1
6,bcup,51,7,1,0.03,0.115,1
6,bcup,51,8,1,0.099,0.08,1
6,bcup,51,9,1,0.064,0.08,1
6,bcup,51,10,1,0.044,0.149,1
6,bcup,51,11,1,0.044,0.095,1
6,bcup,51,12,1,0.099,0.115,1
6,bcup,51,13,1,0.064,0.899,1
6,bcup,51,14,1,0.064,0.845,1
6,bcup,51,15,1,0.099,0.845,1
6,bcup,51,16,1,0.044,0.913,1
6,bcup,51,17,1,0.078,0.92,1
6,bcup,51,18,1,0.099,0.909,1
6,bcup,51,19,1,0.099,0.728,1
6,bcup,51,20,1,0.153,0.724,1
6,bcup,51,21,1,0.085,0.694,1
6,bcup,51,22,1,0.119,0.694,1
6,bcup,51,23,1,0.119,0.694,1
6,bcup,51,24,1,0.119,0.66,1
6,bcup,51,25,1,0.129,0.37,1
6,bcup,51,26,1,0.129,0.316,1
6,bcup,51,27,1,0.115,0.336,1
6,bcup,51,28,1,0.149,0.356,1
6,bcup,51,29,1,0.163,0.376,1
6,bcup,51,30,1,0.149,0.336,1
6,bcup,51,31,1,0.205,0.465,1
6,bcup,51,32,1,0.185,0.455,1
6,bcup,51,33,1,0.205,0.519,1
6,bcup,51,34,1,0.185,0.479,1
6,bcup,51,35,1,0.239,0.465,1
6,bcup,51,36,1,0.239,0.529,1
6,bcup,51,37,1,0.225,0.155,1
6,bcup,51,38,1,0.294,0.155,1
6,bcup,51,39,1,0.26,0.121,1
6,bcup,51,40,1,0.239,0.111,1
6,bcup,51,41,1,0.294,0.185,1
6,bcup,51,42,1,0.239,0.189,1
6,bcup,51,43,1,0.225,0.839,1
6,bcup,51,44,1,0.294,0.839,1
6,bcup,51,45,1,0.274,0.879,1
6,bcup,51,46,1,0.28,0.819,1
6,bcup,51,47,1,0.239,0.819,1
6,bcup,51,48,1,0.26,0.859,1
6,bcup,51,49,1,0.298,0.616,1
6,bcup,51,50,1,0.346,0.656,1
6,bcup,51,51,1,0.312,0.65,1
6,bcup,51,52,1,0.332,0.616,1
6,bcup,51,53,1,0.332,0.636,1
6,bcup,51,54,1,0.366,0.646,1
6,bcup,51,55,1,0.314,0.374,1
6,bcup,51,56,1,0.354,0.374,1
6,bcup,51,57,1,0.334,0.394,1
6,bcup,51,58,1,0.3,0.394,1
6,bcup,51,59,1,0.368,0.36,1
6,bcup,51,60,1,0.368,0.425,1
6,bcup,51,61,1,0.453,0.793,1
6,bcup,51,62,1,0.453,0.728,1
6,bcup,51,63,1,0.384,0.763,1
6,bcup,51,64,1,0.398,0.797,1
6,bcup,51,65,1,0.433,0.803,1
6,bcup,51,66,1,0.419,0.783,1
6,bcup,51,67,1,0.421,0,1
6,bcup,51,68,1,0.4,0.068,1
6,bcup,51,69,1,0.455,0.034,1
6,bcup,51,70,1,0.455,0.064,1
6,bcup,51,71,1,0.441,0.014,1
6,bcup,51,72,1,0.435,0.074,1
6,bcup,51,73,1,0.421,0.26,1
6,bcup,51,74,1,0.4,0.219,1
6,bcup,51,75,1,0.421,0.205,1
6,bcup,51,76,1,0.4,0.274,1
6,bcup,51,77,1,0.386,0.239,1
6,bcup,51,78,1,0.421,0.239,1
6,bcup,51,79,1,0.441,0.93,1
6,bcup,51,80,1,0.455,0.95,1
6,bcup,51,81,1,0.435,0.99,1
6,bcup,51,82,1,0.421,0.915,1
6,bcup,51,83,1,0.4,0.984,1
6,bcup,51,84,1,0.421,0.95,1
6,bcup,51,85,1,0.505,0.33,1
6,bcup,51,86,1,0.505,0.408,1
6,bcup,51,87,1,0.559,0.34,1
6,bcup,51,88,1,0.491,0.374,1
6,bcup,51,89,1,0.559,0.404,1
6,bcup,51,90,1,0.505,0.354,1
6,bcup,51,91,1,0.531,0.634,1
6,bcup,51,92,1,0.565,0.664,1
6,bcup,51,93,1,0.545,0.674,1
6,bcup,51,94,1,0.511,0.668,1
6,bcup,51,95,1,0.511,0.614,1
6,bcup,51,96,1,0.511,0.59,1
6,bcup,51,97,1,0.561,0.125,1
6,bcup,51,98,1,0.596,0.185,1
6,bcup,51,99,1,0.561,0.101,1
6,bcup,51,100,1,0.581,0.165,1
6,bcup,51,101,1,0.602,0.125,1
6,bcup,51,102,1,0.561,0.179,1
6,bcup,51,103,1,0.616,0.879,1
6,bcup,51,104,1,0.602,0.829,1
6,bcup,51,105,1,0.561,0.805,1
6,bcup,51,106,1,0.581,0.849,1
6,bcup,51,107,1,0.547,0.849,1
6,bcup,51,108,1,0.581,0.815,1
6,bcup,51,109,1,0.604,0.479,1
6,bcup,51,110,1,0.658,0.465,1
6,bcup,51,111,1,0.604,0.533,1
6,bcup,51,112,1,0.644,0.479,1
6,bcup,51,113,1,0.658,0.529,1
6,bcup,51,114,1,0.624,0.519,1
6,bcup,51,115,1,0.722,0.66,1
6,bcup,51,116,1,0.722,0.694,1
6,bcup,51,117,1,0.742,0.674,1
6,bcup,51,118,1,0.702,0.65,1
6,bcup,51,119,1,0.757,0.724,1
6,bcup,51,120,1,0.722,0.714,1
6,bcup,51,121,1,0.722,0.32,1
6,bcup,51,122,1,0.757,0.266,1
6,bcup,51,123,1,0.742,0.28,1
6,bcup,51,124,1,0.757,0.33,1
6,bcup,51,125,1,0.722,0.3,1
6,bcup,51,126,1,0.736,0.34,1
6,bcup,51,127,1,0.771,0.109,1
6,bcup,51,128,1,0.771,0.074,1
6,bcup,51,129,1,0.805,0.139,1
6,bcup,51,130,1,0.805,0.109,1
6,bcup,51,131,1,0.736,0.109,1
6,bcup,51,132,1,0.751,0.143,1
6,bcup,51,133,1,0.805,0.885,1
6,bcup,51,134,1,0.751,0.865,1
6,bcup,51,135,1,0.771,0.905,1
6,bcup,51,136,1,0.736,0.885,1
6,bcup,51,137,1,0.791,0.865,1
6,bcup,51,138,1,0.771,0.851,1
6,bcup,51,139,1,0.807,0.497,1
6,bcup,51,140,1,0.773,0.497,1
6,bcup,51,141,1,0.827,0.477,1
6,bcup,51,142,1,0.807,0.517,1
6,bcup,51,143,1,0.821,0.537,1
6,bcup,51,144,1,0.807,0.497,1
6,bcup,52,1,1,0,0.497,2
6,bcup,52,2,1,0.034,0.463,2
6,bcup,52,3,1,0.014,0.477,2
6,bcup,52,4,1,0.068,0.527,2
6,bcup,52,5,1,0.048,0.537,2
6,bcup,52,6,1,0.068,0.463,2
6,bcup,52,7,1,0.044,0.095,2
6,bcup,52,8,1,0.099,0.08,2
6,bcup,52,9,1,0.064,0.08,2
6,bcup,52,10,1,0.099,0.115,2
6,bcup,52,11,1,0.044,0.149,2
6,bcup,52,12,1,0.03,0.115,2
6,bcup,52,13,1,0.044,0.913,2
6,bcup,52,14,1,0.064,0.845,2
6,bcup,52,15,1,0.078,0.92,2
6,bcup,52,16,1,0.099,0.845,2
6,bcup,52,17,1,0.099,0.909,2
6,bcup,52,18,1,0.064,0.899,2
6,bcup,52,19,1,0.119,0.66,2
6,bcup,52,20,1,0.085,0.694,2
6,bcup,52,21,1,0.119,0.714,2
6,bcup,52,22,1,0.119,0.694,2
6,bcup,52,23,1,0.099,0.728,2
6,bcup,52,24,1,0.153,0.724,2
6,bcup,52,25,1,0.129,0.37,2
6,bcup,52,26,1,0.149,0.336,2
6,bcup,52,27,1,0.163,0.376,2
6,bcup,52,28,1,0.115,0.336,2
6,bcup,52,29,1,0.129,0.316,2
6,bcup,52,30,1,0.149,0.356,2
6,bcup,52,31,1,0.185,0.455,2
6,bcup,52,32,1,0.205,0.519,2
6,bcup,52,33,1,0.239,0.465,2
6,bcup,52,34,1,0.185,0.479,2
6,bcup,52,35,1,0.205,0.465,2
6,bcup,52,36,1,0.239,0.529,2
6,bcup,52,37,1,0.294,0.185,2
6,bcup,52,38,1,0.294,0.155,2
6,bcup,52,39,1,0.26,0.121,2
6,bcup,52,40,1,0.239,0.111,2
6,bcup,52,41,1,0.225,0.155,2
6,bcup,52,42,1,0.239,0.189,2
6,bcup,52,43,1,0.28,0.819,2
6,bcup,52,44,1,0.225,0.839,2
6,bcup,52,45,1,0.26,0.859,2
6,bcup,52,46,1,0.294,0.839,2
6,bcup,52,47,1,0.274,0.879,2
6,bcup,52,48,1,0.239,0.819,2
6,bcup,52,49,1,0.346,0.656,2
6,bcup,52,50,1,0.332,0.616,2
6,bcup,52,51,1,0.366,0.646,2
6,bcup,52,52,1,0.332,0.636,2
6,bcup,52,53,1,0.298,0.616,2
6,bcup,52,54,1,0.312,0.65,2
6,bcup,52,55,1,0.368,0.36,2
6,bcup,52,56,1,0.354,0.374,2
6,bcup,52,57,1,0.334,0.394,2
6,bcup,52,58,1,0.368,0.425,2
6,bcup,52,59,1,0.3,0.394,2
6,bcup,52,60,1,0.314,0.374,2
6,bcup,52,61,1,0.419,0.783,2
6,bcup,52,62,1,0.453,0.793,2
6,bcup,52,63,1,0.384,0.763,2
6,bcup,52,64,1,0.433,0.803,2
6,bcup,52,65,1,0.398,0.797,2
6,bcup,52,66,1,0.453,0.728,2
6,bcup,52,67,1,0.435,0.074,2
6,bcup,52,68,1,0.4,0.068,2
6,bcup,52,69,1,0.455,0.064,2
6,bcup,52,70,1,0.455,0.034,2
6,bcup,52,71,1,0.441,0.014,2
6,bcup,52,72,1,0.421,0,2
6,bcup,52,73,1,0.4,0.219,2
6,bcup,52,74,1,0.386,0.239,2
6,bcup,52,75,1,0.421,0.239,2
6,bcup,52,76,1,0.421,0.26,2
6,bcup,52,77,1,0.421,0.239,2
6,bcup,52,78,1,0.4,0.274,2
6,bcup,52,79,1,0.455,0.95,2
6,bcup,52,80,1,0.421,0.915,2
6,bcup,52,81,1,0.4,0.984,2
6,bcup,52,82,1,0.441,0.93,2
6,bcup,52,83,1,0.421,0.95,2
6,bcup,52,84,1,0.435,0.99,2
6,bcup,52,85,1,0.505,0.33,2
6,bcup,52,86,1,0.491,0.374,2
6,bcup,52,87,1,0.505,0.354,2
6,bcup,52,88,1,0.559,0.34,2
6,bcup,52,89,1,0.559,0.404,2
6,bcup,52,90,1,0.505,0.408,2
6,bcup,52,91,1,0.531,0.634,2
6,bcup,52,92,1,0.565,0.664,2
6,bcup,52,93,1,0.545,0.674,2
6,bcup,52,94,1,0.511,0.668,2
6,bcup,52,95,1,0.511,0.614,2
6,bcup,52,96,1,0.511,0.59,2
6,bcup,52,97,1,0.581,0.165,2
6,bcup,52,98,1,0.561,0.125,2
6,bcup,52,99,1,0.602,0.125,2
6,bcup,52,100,1,0.561,0.101,2
6,bcup,52,101,1,0.561,0.179,2
6,bcup,52,102,1,0.596,0.185,2
6,bcup,52,103,1,0.561,0.805,2
6,bcup,52,104,1,0.616,0.879,2
6,bcup,52,105,1,0.547,0.849,2
6,bcup,52,106,1,0.581,0.849,2
6,bcup,52,107,1,0.581,0.815,2
6,bcup,52,108,1,0.602,0.829,2
6,bcup,52,109,1,0.658,0.465,2
6,bcup,52,110,1,0.604,0.533,2
6,bcup,52,111,1,0.624,0.519,2
6,bcup,52,112,1,0.644,0.479,2
6,bcup,52,113,1,0.604,0.479,2
6,bcup,52,114,1,0.658,0.529,2
6,bcup,52,115,1,0.757,0.724,2
6,bcup,52,116,1,0.722,0.694,2
6,bcup,52,117,1,0.742,0.674,2
6,bcup,52,118,1,0.722,0.66,2
6,bcup,52,119,1,0.722,0.714,2
6,bcup,52,120,1,0.702,0.65,2
6,bcup,52,121,1,0.757,0.33,2
6,bcup,52,122,1,0.736,0.34,2
6,bcup,52,123,1,0.722,0.3,2
6,bcup,52,124,1,0.722,0.32,2
6,bcup,52,125,1,0.742,0.28,2
6,bcup,52,126,1,0.757,0.266,2
6,bcup,52,127,1,0.805,0.139,2
6,bcup,52,128,1,0.805,0.109,2
6,bcup,52,129,1,0.751,0.143,2
6,bcup,52,130,1,0.736,0.109,2
6,bcup,52,131,1,0.771,0.074,2
6,bcup,52,132,1,0.771,0.109,2
6,bcup,52,133,1,0.736,0.885,2
6,bcup,52,134,1,0.805,0.885,2
6,bcup,52,135,1,0.771,0.905,2
6,bcup,52,136,1,0.751,0.865,2
6,bcup,52,137,1,0.771,0.851,2
6,bcup,52,138,1,0.791,0.865,2
6,bcup,52,139,1,0.827,0.477,2
6,bcup,52,140,1,0.807,0.517,2
6,bcup,52,141,1,0.773,0.497,2
6,bcup,52,142,1,0.807,0.497,2
6,bcup,52,143,1,0.841,0.527,2
6,bcup,52,144,1,0.821,0.537,2
6,bcup,53,1,1,0.048,0.537,3
6,bcup,53,2,1,0,0.497,3
6,bcup,53,3,1,0.068,0.463,3
6,bcup,53,4,1,0.014,0.477,3
6,bcup,53,5,1,0.068,0.527,3
6,bcup,53,6,1,0.034,0.463,3
6,bcup,53,7,1,0.03,0.115,3
6,bcup,53,8,1,0.099,0.08,3
6,bcup,53,9,1,0.064,0.08,3
6,bcup,53,10,1,0.044,0.149,3
6,bcup,53,11,1,0.044,0.095,3
6,bcup,53,12,1,0.099,0.115,3
6,bcup,53,13,1,0.064,0.899,3
6,bcup,53,14,1,0.064,0.845,3
6,bcup,53,15,1,0.099,0.845,3
6,bcup,53,16,1,0.044,0.913,3
6,bcup,53,17,1,0.099,0.909,3
6,bcup,53,18,1,0.078,0.92,3
6,bcup,53,19,1,0.119,0.694,3
6,bcup,53,20,1,0.099,0.728,3
6,bcup,53,21,1,0.085,0.694,3
6,bcup,53,22,1,0.119,0.714,3
6,bcup,53,23,1,0.153,0.724,3
6,bcup,53,24,1,0.119,0.66,3
6,bcup,53,25,1,0.129,0.37,3
6,bcup,53,26,1,0.129,0.316,3
6,bcup,53,27,1,0.115,0.336,3
6,bcup,53,28,1,0.149,0.356,3
6,bcup,53,29,1,0.163,0.376,3
6,bcup,53,30,1,0.149,0.336,3
6,bcup,53,31,1,0.205,0.465,3
6,bcup,53,32,1,0.185,0.455,3
6,bcup,53,33,1,0.205,0.519,3
6,bcup,53,34,1,0.185,0.479,3
6,bcup,53,35,1,0.239,0.465,3
6,bcup,53,36,1,0.239,0.529,3
6,bcup,53,37,1,0.225,0.155,3
6,bcup,53,38,1,0.294,0.155,3
6,bcup,53,39,1,0.26,0.121,3
6,bcup,53,40,1,0.239,0.111,3
6,bcup,53,41,1,0.294,0.185,3
6,bcup,53,42,1,0.239,0.189,3
6,bcup,53,43,1,0.26,0.859,3
6,bcup,53,44,1,0.28,0.819,3
6,bcup,53,45,1,0.294,0.839,3
6,bcup,53,46,1,0.239,0.819,3
6,bcup,53,47,1,0.274,0.879,3
6,bcup,53,48,1,0.225,0.839,3
6,bcup,53,49,1,0.332,0.616,3
6,bcup,53,50,1,0.332,0.636,3
6,bcup,53,51,1,0.346,0.656,3
6,bcup,53,52,1,0.366,0.646,3
6,bcup,53,53,1,0.312,0.65,3
6,bcup,53,54,1,0.298,0.616,3
6,bcup,53,55,1,0.314,0.374,3
6,bcup,53,56,1,0.354,0.374,3
6,bcup,53,57,1,0.334,0.394,3
6,bcup,53,58,1,0.3,0.394,3
6,bcup,53,59,1,0.368,0.36,3
6,bcup,53,60,1,0.368,0.425,3
6,bcup,53,61,1,0.384,0.763,3
6,bcup,53,62,1,0.398,0.797,3
6,bcup,53,63,1,0.453,0.793,3
6,bcup,53,64,1,0.433,0.803,3
6,bcup,53,65,1,0.419,0.783,3
6,bcup,53,66,1,0.453,0.728,3
6,bcup,53,67,1,0.421,0,3
6,bcup,53,68,1,0.4,0.068,3
6,bcup,53,69,1,0.455,0.034,3
6,bcup,53,70,1,0.455,0.064,3
6,bcup,53,71,1,0.441,0.014,3
6,bcup,53,72,1,0.435,0.074,3
6,bcup,53,73,1,0.421,0.26,3
6,bcup,53,74,1,0.4,0.219,3
6,bcup,53,75,1,0.421,0.205,3
6,bcup,53,76,1,0.4,0.274,3
6,bcup,53,77,1,0.386,0.239,3
6,bcup,53,78,1,0.421,0.239,3
6,bcup,53,79,1,0.435,0.99,3
6,bcup,53,80,1,0.421,0.95,3
6,bcup,53,81,1,0.455,0.95,3
6,bcup,53,82,1,0.441,0.93,3
6,bcup,53,83,1,0.4,0.984,3
6,bcup,53,84,1,0.421,0.915,3
6,bcup,53,85,1,0.559,0.404,3
6,bcup,53,86,1,0.505,0.408,3
6,bcup,53,87,1,0.505,0.354,3
6,bcup,53,88,1,0.559,0.34,3
6,bcup,53,89,1,0.505,0.33,3
6,bcup,53,90,1,0.491,0.374,3
6,bcup,53,91,1,0.531,0.634,3
6,bcup,53,92,1,0.565,0.664,3
6,bcup,53,93,1,0.545,0.674,3
6,bcup,53,94,1,0.511,0.668,3
6,bcup,53,95,1,0.511,0.614,3
6,bcup,53,96,1,0.511,0.59,3
6,bcup,53,97,1,0.561,0.179,3
6,bcup,53,98,1,0.602,0.125,3
6,bcup,53,99,1,0.561,0.125,3
6,bcup,53,100,1,0.561,0.101,3
6,bcup,53,101,1,0.581,0.165,3
6,bcup,53,102,1,0.596,0.185,3
6,bcup,53,103,1,0.581,0.815,3
6,bcup,53,104,1,0.602,0.829,3
6,bcup,53,105,1,0.561,0.805,3
6,bcup,53,106,1,0.616,0.879,3
6,bcup,53,107,1,0.581,0.849,3
6,bcup,53,108,1,0.547,0.849,3
6,bcup,53,109,1,0.604,0.479,3
6,bcup,53,110,1,0.658,0.465,3
6,bcup,53,111,1,0.604,0.533,3
6,bcup,53,112,1,0.644,0.479,3
6,bcup,53,113,1,0.658,0.529,3
6,bcup,53,114,1,0.624,0.519,3
6,bcup,53,115,1,0.742,0.674,3
6,bcup,53,116,1,0.722,0.694,3
6,bcup,53,117,1,0.722,0.66,3
6,bcup,53,118,1,0.722,0.714,3
6,bcup,53,119,1,0.757,0.724,3
6,bcup,53,120,1,0.702,0.65,3
6,bcup,53,121,1,0.757,0.33,3
6,bcup,53,122,1,0.742,0.28,3
6,bcup,53,123,1,0.722,0.32,3
6,bcup,53,124,1,0.722,0.3,3
6,bcup,53,125,1,0.736,0.34,3
6,bcup,53,126,1,0.757,0.266,3
6,bcup,53,127,1,0.771,0.109,3
6,bcup,53,128,1,0.771,0.074,3
6,bcup,53,129,1,0.805,0.139,3
6,bcup,53,130,1,0.805,0.109,3
6,bcup,53,131,1,0.736,0.109,3
6,bcup,53,132,1,0.751,0.143,3
6,bcup,53,133,1,0.736,0.885,3
6,bcup,53,134,1,0.751,0.865,3
6,bcup,53,135,1,0.771,0.905,3
6,bcup,53,136,1,0.805,0.885,3
6,bcup,53,137,1,0.791,0.865,3
6,bcup,53,138,1,0.771,0.851,3
6,bcup,53,139,1,0.773,0.497,3
6,bcup,53,140,1,0.807,0.497,3
6,bcup,53,141,1,0.827,0.477,3
6,bcup,53,142,1,0.807,0.517,3
6,bcup,53,143,1,0.821,0.537,3
6,bcup,53,144,1,0.841,0.527,3
6,bcup,54,1,1,0.034,0.463,4
6,bcup,54,2,1,0.014,0.477,4
6,bcup,54,3,1,0.048,0.537,4
6,bcup,54,4,1,0.068,0.463,4
6,bcup,54,5,1,0.068,0.527,4
6,bcup,54,6,1,0,0.497,4
6,bcup,54,7,1,0.099,0.08,4
6,bcup,54,8,1,0.044,0.095,4
6,bcup,54,9,1,0.044,0.149,4
6,bcup,54,10,1,0.03,0.115,4
6,bcup,54,11,1,0.064,0.08,4
6,bcup,54,12,1,0.099,0.115,4
6,bcup,54,13,1,0.099,0.845,4
6,bcup,54,14,1,0.064,0.845,4
6,bcup,54,15,1,0.099,0.909,4
6,bcup,54,16,1,0.044,0.913,4
6,bcup,54,17,1,0.064,0.899,4
6,bcup,54,18,1,0.078,0.92,4
6,bcup,54,19,1,0.119,0.66,4
6,bcup,54,20,1,0.099,0.728,4
6,bcup,54,21,1,0.119,0.714,4
6,bcup,54,22,1,0.085,0.694,4
6,bcup,54,23,1,0.119,0.694,4
6,bcup,54,24,1,0.153,0.724,4
6,bcup,54,25,1,0.149,0.336,4
6,bcup,54,26,1,0.149,0.356,4
6,bcup,54,27,1,0.163,0.376,4
6,bcup,54,28,1,0.129,0.316,4
6,bcup,54,29,1,0.129,0.37,4
6,bcup,54,30,1,0.115,0.336,4
6,bcup,54,31,1,0.185,0.479,4
6,bcup,54,32,1,0.239,0.465,4
6,bcup,54,33,1,0.185,0.455,4
6,bcup,54,34,1,0.205,0.519,4
6,bcup,54,35,1,0.239,0.529,4
6,bcup,54,36,1,0.205,0.465,4
6,bcup,54,37,1,0.225,0.155,4
6,bcup,54,38,1,0.294,0.155,4
6,bcup,54,39,1,0.26,0.121,4
6,bcup,54,40,1,0.239,0.111,4
6,bcup,54,41,1,0.294,0.185,4
6,bcup,54,42,1,0.239,0.189,4
6,bcup,54,43,1,0.26,0.859,4
6,bcup,54,44,1,0.28,0.819,4
6,bcup,54,45,1,0.239,0.819,4
6,bcup,54,46,1,0.294,0.839,4
6,bcup,54,47,1,0.274,0.879,4
6,bcup,54,48,1,0.225,0.839,4
6,bcup,54,49,1,0.298,0.616,4
6,bcup,54,50,1,0.346,0.656,4
6,bcup,54,51,1,0.312,0.65,4
6,bcup,54,52,1,0.332,0.616,4
6,bcup,54,53,1,0.366,0.646,4
6,bcup,54,54,1,0.332,0.636,4
6,bcup,54,55,1,0.368,0.36,4
6,bcup,54,56,1,0.334,0.394,4
6,bcup,54,57,1,0.354,0.374,4
6,bcup,54,58,1,0.368,0.425,4
6,bcup,54,59,1,0.3,0.394,4
6,bcup,54,60,1,0.314,0.374,4
6,bcup,54,61,1,0.384,0.763,4
6,bcup,54,62,1,0.398,0.797,4
6,bcup,54,63,1,0.419,0.783,4
6,bcup,54,64,1,0.433,0.803,4
6,bcup,54,65,1,0.453,0.793,4
6,bcup,54,66,1,0.453,0.728,4
6,bcup,54,67,1,0.421,0,4
6,bcup,54,68,1,0.4,0.068,4
6,bcup,54,69,1,0.455,0.034,4
6,bcup,54,70,1,0.455,0.064,4
6,bcup,54,71,1,0.441,0.014,4
6,bcup,54,72,1,0.435,0.074,4
6,bcup,54,73,1,0.421,0.26,4
6,bcup,54,74,1,0.4,0.219,4
6,bcup,54,75,1,0.421,0.205,4
6,bcup,54,76,1,0.4,0.274,4
6,bcup,54,77,1,0.386,0.239,4
6,bcup,54,78,1,0.421,0.239,4
6,bcup,54,79,1,0.4,0.984,4
6,bcup,54,80,1,0.455,0.95,4
6,bcup,54,81,1,0.421,0.95,4
6,bcup,54,82,1,0.421,0.915,4
6,bcup,54,83,1,0.441,0.93,4
6,bcup,54,84,1,0.435,0.99,4
6,bcup,54,85,1,0.491,0.374,4
6,bcup,54,86,1,0.505,0.33,4
6,bcup,54,87,1,0.559,0.404,4
6,bcup,54,88,1,0.505,0.408,4
6,bcup,54,89,1,0.505,0.354,4
6,bcup,54,90,1,0.559,0.34,4
6,bcup,54,91,1,0.545,0.674,4
6,bcup,54,92,1,0.511,0.614,4
6,bcup,54,93,1,0.511,0.668,4
6,bcup,54,94,1,0.511,0.59,4
6,bcup,54,95,1,0.565,0.664,4
6,bcup,54,96,1,0.531,0.634,4
6,bcup,54,97,1,0.561,0.125,4
6,bcup,54,98,1,0.596,0.185,4
6,bcup,54,99,1,0.561,0.101,4
6,bcup,54,100,1,0.581,0.165,4
6,bcup,54,101,1,0.602,0.125,4
6,bcup,54,102,1,0.561,0.179,4
6,bcup,54,103,1,0.602,0.829,4
6,bcup,54,104,1,0.616,0.879,4
6,bcup,54,105,1,0.561,0.805,4
6,bcup,54,106,1,0.581,0.815,4
6,bcup,54,107,1,0.547,0.849,4
6,bcup,54,108,1,0.581,0.849,4
6,bcup,54,109,1,0.624,0.519,4
6,bcup,54,110,1,0.658,0.529,4
6,bcup,54,111,1,0.604,0.479,4
6,bcup,54,112,1,0.604,0.533,4
6,bcup,54,113,1,0.658,0.465,4
6,bcup,54,114,1,0.644,0.479,4
6,bcup,54,115,1,0.757,0.724,4
6,bcup,54,116,1,0.722,0.694,4
6,bcup,54,117,1,0.742,0.674,4
6,bcup,54,118,1,0.722,0.66,4
6,bcup,54,119,1,0.722,0.714,4
6,bcup,54,120,1,0.702,0.65,4
6,bcup,54,121,1,0.742,0.28,4
6,bcup,54,122,1,0.736,0.34,4
6,bcup,54,123,1,0.722,0.3,4
6,bcup,54,124,1,0.722,0.32,4
6,bcup,54,125,1,0.757,0.33,4
6,bcup,54,126,1,0.757,0.266,4
6,bcup,54,127,1,0.771,0.109,4
6,bcup,54,128,1,0.771,0.074,4
6,bcup,54,129,1,0.805,0.139,4
6,bcup,54,130,1,0.805,0.109,4
6,bcup,54,131,1,0.736,0.109,4
6,bcup,54,132,1,0.751,0.143,4
6,bcup,54,133,1,0.736,0.885,4
6,bcup,54,134,1,0.805,0.885,4
6,bcup,54,135,1,0.771,0.905,4
6,bcup,54,136,1,0.751,0.865,4
6,bcup,54,137,1,0.771,0.851,4
6,bcup,54,138,1,0.791,0.865,4
6,bcup,54,139,1,0.827,0.477,4
6,bcup,54,140,1,0.807,0.517,4
6,bcup,54,141,1,0.773,0.497,4
6,bcup,54,142,1,0.807,0.497,4
6,bcup,54,143,1,0.841,0.527,4
6,bcup,54,144,1,0.821,0.537,4
6,bcup,55,1,1,0.048,0.537,5
6,bcup,55,2,1,0,0.497,5
6,bcup,55,3,1,0.068,0.463,5
6,bcup,55,4,1,0.014,0.477,5
6,bcup,55,5,1,0.068,0.527,5
6,bcup,55,6,1,0.034,0.463,5
6,bcup,55,7,1,0.03,0.115,5
6,bcup,55,8,1,0.099,0.08,5
6,bcup,55,9,1,0.064,0.08,5
6,bcup,55,10,1,0.044,0.149,5
6,bcup,55,11,1,0.044,0.095,5
6,bcup,55,12,1,0.099,0.115,5
6,bcup,55,13,1,0.044,0.913,5
6,bcup,55,14,1,0.064,0.845,5
6,bcup,55,15,1,0.078,0.92,5
6,bcup,55,16,1,0.099,0.845,5
6,bcup,55,17,1,0.099,0.909,5
6,bcup,55,18,1,0.064,0.899,5
6,bcup,55,19,1,0.119,0.66,5
6,bcup,55,20,1,0.085,0.694,5
6,bcup,55,21,1,0.119,0.714,5
6,bcup,55,22,1,0.119,0.694,5
6,bcup,55,23,1,0.099,0.728,5
6,bcup,55,24,1,0.153,0.724,5
6,bcup,55,25,1,0.129,0.37,5
6,bcup,55,26,1,0.129,0.316,5
6,bcup,55,27,1,0.115,0.336,5
6,bcup,55,28,1,0.149,0.356,5
6,bcup,55,29,1,0.163,0.376,5
6,bcup,55,30,1,0.149,0.336,5
6,bcup,55,31,1,0.185,0.455,5
6,bcup,55,32,1,0.205,0.519,5
6,bcup,55,33,1,0.239,0.465,5
6,bcup,55,34,1,0.185,0.479,5
6,bcup,55,35,1,0.205,0.465,5
6,bcup,55,36,1,0.239,0.529,5
6,bcup,55,37,1,0.239,0.111,5
6,bcup,55,38,1,0.225,0.155,5
6,bcup,55,39,1,0.294,0.185,5
6,bcup,55,40,1,0.239,0.189,5
6,bcup,55,41,1,0.294,0.155,5
6,bcup,55,42,1,0.26,0.121,5
6,bcup,55,43,1,0.28,0.819,5
6,bcup,55,44,1,0.225,0.839,5
6,bcup,55,45,1,0.26,0.859,5
6,bcup,55,46,1,0.294,0.839,5
6,bcup,55,47,1,0.274,0.879,5
6,bcup,55,48,1,0.239,0.819,5
6,bcup,55,49,1,0.298,0.616,5
6,bcup,55,50,1,0.346,0.656,5
6,bcup,55,51,1,0.312,0.65,5
6,bcup,55,52,1,0.332,0.636,5
6,bcup,55,53,1,0.332,0.616,5
6,bcup,55,54,1,0.366,0.646,5
6,bcup,55,55,1,0.3,0.394,5
6,bcup,55,56,1,0.314,0.374,5
6,bcup,55,57,1,0.334,0.394,5
6,bcup,55,58,1,0.368,0.36,5
6,bcup,55,59,1,0.354,0.374,5
6,bcup,55,60,1,0.368,0.425,5
6,bcup,55,61,1,0.419,0.783,5
6,bcup,55,62,1,0.453,0.793,5
6,bcup,55,63,1,0.384,0.763,5
6,bcup,55,64,1,0.433,0.803,5
6,bcup,55,65,1,0.398,0.797,5
6,bcup,55,66,1,0.453,0.728,5
6,bcup,55,67,1,0.435,0.074,5
6,bcup,55,68,1,0.421,0,5
6,bcup,55,69,1,0.455,0.064,5
6,bcup,55,70,1,0.455,0.034,5
6,bcup,55,71,1,0.441,0.014,5
6,bcup,55,72,1,0.4,0.068,5
6,bcup,55,73,1,0.4,0.219,5
6,bcup,55,74,1,0.386,0.239,5
6,bcup,55,75,1,0.421,0.239,5
6,bcup,55,76,1,0.421,0.205,5
6,bcup,55,77,1,0.4,0.274,5
6,bcup,55,78,1,0.421,0.26,5
6,bcup,55,79,1,0.455,0.95,5
6,bcup,55,80,1,0.421,0.915,5
6,bcup,55,81,1,0.4,0.984,5
6,bcup,55,82,1,0.441,0.93,5
6,bcup,55,83,1,0.421,0.95,5
6,bcup,55,84,1,0.435,0.99,5
6,bcup,55,85,1,0.491,0.374,5
6,bcup,55,86,1,0.505,0.33,5
6,bcup,55,87,1,0.559,0.404,5
6,bcup,55,88,1,0.505,0.408,5
6,bcup,55,89,1,0.505,0.354,5
6,bcup,55,90,1,0.559,0.34,5
6,bcup,55,91,1,0.545,0.674,5
6,bcup,55,92,1,0.511,0.59,5
6,bcup,55,93,1,0.511,0.614,5
6,bcup,55,94,1,0.511,0.668,5
6,bcup,55,95,1,0.565,0.664,5
6,bcup,55,96,1,0.531,0.634,5
6,bcup,55,97,1,0.581,0.165,5
6,bcup,55,98,1,0.561,0.125,5
6,bcup,55,99,1,0.602,0.125,5
6,bcup,55,100,1,0.561,0.101,5
6,bcup,55,101,1,0.561,0.179,5
6,bcup,55,102,1,0.596,0.185,5
6,bcup,55,103,1,0.561,0.805,5
6,bcup,55,104,1,0.616,0.879,5
6,bcup,55,105,1,0.547,0.849,5
6,bcup,55,106,1,0.581,0.849,5
6,bcup,55,107,1,0.581,0.815,5
6,bcup,55,108,1,0.602,0.829,5
6,bcup,55,109,1,0.604,0.479,5
6,bcup,55,110,1,0.658,0.465,5
6,bcup,55,111,1,0.604,0.533,5
6,bcup,55,112,1,0.644,0.479,5
6,bcup,55,113,1,0.658,0.529,5
6,bcup,55,114,1,0.624,0.519,5
6,bcup,55,115,1,0.757,0.724,5
6,bcup,55,116,1,0.722,0.694,5
6,bcup,55,117,1,0.742,0.674,5
6,bcup,55,118,1,0.722,0.66,5
6,bcup,55,119,1,0.722,0.714,5
6,bcup,55,120,1,0.702,0.65,5
6,bcup,55,121,1,0.757,0.33,5
6,bcup,55,122,1,0.736,0.34,5
6,bcup,55,123,1,0.722,0.3,5
6,bcup,55,124,1,0.722,0.32,5
6,bcup,55,125,1,0.742,0.28,5
6,bcup,55,126,1,0.757,0.266,5
6,bcup,55,127,1,0.805,0.139,5
6,bcup,55,128,1,0.805,0.109,5
6,bcup,55,129,1,0.751,0.143,5
6,bcup,55,130,1,0.736,0.109,5
6,bcup,55,131,1,0.771,0.074,5
6,bcup,55,132,1,0.771,0.109,5
6,bcup,55,133,1,0.736,0.885,5
6,bcup,55,134,1,0.805,0.885,5
6,bcup,55,135,1,0.771,0.905,5
6,bcup,55,136,1,0.751,0.865,5
6,bcup,55,137,1,0.771,0.851,5
6,bcup,55,138,1,0.791,0.865,5
6,bcup,55,139,1,0.821,0.537,5
6,bcup,55,140,1,0.773,0.497,5
6,bcup,55,141,1,0.827,0.477,5
6,bcup,55,142,1,0.807,0.517,5
6,bcup,55,143,1,0.841,0.527,5
6,bcup,55,144,1,0.807,0.497,5
6,bcup,56,1,1,0.068,0.527,6
6,bcup,56,2,1,0.014,0.477,6
6,bcup,56,3,1,0,0.497,6
6,bcup,56,4,1,0.068,0.463,6
6,bcup,56,5,1,0.034,0.463,6
6,bcup,56,6,1,0.048,0.537,6
6,bcup,56,7,1,0.044,0.095,6
6,bcup,56,8,1,0.099,0.08,6
6,bcup,56,9,1,0.064,0.08,6
6,bcup,56,10,1,0.099,0.115,6
6,bcup,56,11,1,0.044,0.149,6
6,bcup,56,12,1,0.03,0.115,6
6,bcup,56,13,1,0.044,0.913,6
6,bcup,56,14,1,0.064,0.845,6
6,bcup,56,15,1,0.078,0.92,6
6,bcup,56,16,1,0.099,0.845,6
6,bcup,56,17,1,0.099,0.909,6
6,bcup,56,18,1,0.064,0.899,6
6,bcup,56,19,1,0.119,0.714,6
6,bcup,56,20,1,0.119,0.694,6
6,bcup,56,21,1,0.099,0.728,6
6,bcup,56,22,1,0.153,0.724,6
6,bcup,56,23,1,0.119,0.66,6
6,bcup,56,24,1,0.085,0.694,6
6,bcup,56,25,1,0.163,0.376,6
6,bcup,56,26,1,0.129,0.37,6
6,bcup,56,27,1,0.149,0.336,6
6,bcup,56,28,1,0.115,0.336,6
6,bcup,56,29,1,0.149,0.356,6
6,bcup,56,30,1,0.129,0.316,6
6,bcup,56,31,1,0.185,0.479,6
6,bcup,56,32,1,0.239,0.465,6
6,bcup,56,33,1,0.205,0.465,6
6,bcup,56,34,1,0.239,0.529,6
6,bcup,56,35,1,0.205,0.519,6
6,bcup,56,36,1,0.185,0.455,6
6,bcup,56,37,1,0.239,0.111,6
6,bcup,56,38,1,0.225,0.155,6
6,bcup,56,39,1,0.294,0.185,6
6,bcup,56,40,1,0.239,0.189,6
6,bcup,56,41,1,0.294,0.155,6
6,bcup,56,42,1,0.26,0.121,6
6,bcup,56,43,1,0.28,0.819,6
6,bcup,56,44,1,0.225,0.839,6
6,bcup,56,45,1,0.26,0.859,6
6,bcup,56,46,1,0.294,0.839,6
6,bcup,56,47,1,0.274,0.879,6
6,bcup,56,48,1,0.239,0.819,6
6,bcup,56,49,1,0.298,0.616,6
6,bcup,56,50,1,0.346,0.656,6
6,bcup,56,51,1,0.312,0.65,6
6,bcup,56,52,1,0.332,0.636,6
6,bcup,56,53,1,0.332,0.616,6
6,bcup,56,54,1,0.366,0.646,6
6,bcup,56,55,1,0.368,0.36,6
6,bcup,56,56,1,0.334,0.394,6
6,bcup,56,57,1,0.354,0.374,6
6,bcup,56,58,1,0.368,0.425,6
6,bcup,56,59,1,0.3,0.394,6
6,bcup,56,60,1,0.314,0.374,6
6,bcup,56,61,1,0.419,0.783,6
6,bcup,56,62,1,0.453,0.793,6
6,bcup,56,63,1,0.384,0.763,6
6,bcup,56,64,1,0.433,0.803,6
6,bcup,56,65,1,0.398,0.797,6
6,bcup,56,66,1,0.453,0.728,6
6,bcup,56,67,1,0.435,0.074,6
6,bcup,56,68,1,0.4,0.068,6
6,bcup,56,69,1,0.455,0.064,6
6,bcup,56,70,1,0.455,0.034,6
6,bcup,56,71,1,0.441,0.014,6
6,bcup,56,72,1,0.421,0,6
6,bcup,56,73,1,0.4,0.219,6
6,bcup,56,74,1,0.386,0.239,6
6,bcup,56,75,1,0.421,0.239,6
6,bcup,56,76,1,0.421,0.26,6
6,bcup,56,77,1,0.4,0.274,6
6,bcup,56,78,1,0.421,0.205,6
6,bcup,56,79,1,0.455,0.95,6
6,bcup,56,80,1,0.421,0.915,6
6,bcup,56,81,1,0.4,0.984,6
6,bcup,56,82,1,0.441,0.93,6
6,bcup,56,83,1,0.421,0.95,6
6,bcup,56,84,1,0.435,0.99,6
6,bcup,56,85,1,0.559,0.404,6
6,bcup,56,86,1,0.505,0.408,6
6,bcup,56,87,1,0.505,0.354,6
6,bcup,56,88,1,0.559,0.34,6
6,bcup,56,89,1,0.505,0.33,6
6,bcup,56,90,1,0.491,0.374,6
6,bcup,56,91,1,0.545,0.674,6
6,bcup,56,92,1,0.511,0.668,6
6,bcup,56,93,1,0.511,0.614,6
6,bcup,56,94,1,0.511,0.59,6
6,bcup,56,95,1,0.565,0.664,6
6,bcup,56,96,1,0.531,0.634,6
6,bcup,56,97,1,0.602,0.125,6
6,bcup,56,98,1,0.561,0.101,6
6,bcup,56,99,1,0.561,0.179,6
6,bcup,56,100,1,0.596,0.185,6
6,bcup,56,101,1,0.581,0.165,6
6,bcup,56,102,1,0.561,0.125,6
6,bcup,56,103,1,0.561,0.805,6
6,bcup,56,104,1,0.616,0.879,6
6,bcup,56,105,1,0.547,0.849,6
6,bcup,56,106,1,0.581,0.849,6
6,bcup,56,107,1,0.581,0.815,6
6,bcup,56,108,1,0.602,0.829,6
6,bcup,56,109,1,0.604,0.479,6
6,bcup,56,110,1,0.658,0.465,6
6,bcup,56,111,1,0.604,0.533,6
6,bcup,56,112,1,0.644,0.479,6
6,bcup,56,113,1,0.658,0.529,6
6,bcup,56,114,1,0.624,0.519,6
6,bcup,56,115,1,0.757,0.724,6
6,bcup,56,116,1,0.722,0.694,6
6,bcup,56,117,1,0.742,0.674,6
6,bcup,56,118,1,0.722,0.66,6
6,bcup,56,119,1,0.722,0.714,6
6,bcup,56,120,1,0.702,0.65,6
6,bcup,56,121,1,0.736,0.34,6
6,bcup,56,122,1,0.757,0.33,6
6,bcup,56,123,1,0.722,0.3,6
6,bcup,56,124,1,0.722,0.32,6
6,bcup,56,125,1,0.757,0.266,6
6,bcup,56,126,1,0.742,0.28,6
6,bcup,56,127,1,0.805,0.139,6
6,bcup,56,128,1,0.805,0.109,6
6,bcup,56,129,1,0.751,0.143,6
6,bcup,56,130,1,0.736,0.109,6
6,bcup,56,131,1,0.771,0.074,6
6,bcup,56,132,1,0.771,0.109,6
6,bcup,56,133,1,0.736,0.885,6
6,bcup,56,134,1,0.805,0.885,6
6,bcup,56,135,1,0.771,0.905,6
6,bcup,56,136,1,0.751,0.865,6
6,bcup,56,137,1,0.771,0.851,6
6,bcup,56,138,1,0.791,0.865,6
6,bcup,56,139,1,0.827,0.477,6
6,bcup,56,140,1,0.807,0.517,6
6,bcup,56,141,1,0.773,0.497,6
6,bcup,56,142,1,0.807,0.497,6
6,bcup,56,143,1,0.841,0.527,6
6,bcup,56,144,1,0.821,0.537,6
6,bcup,57,1,1,0.048,0.537,7
6,bcup,57,2,1,0,0.497,7
6,bcup,57,3,1,0.068,0.463,7
6,bcup,57,4,1,0.014,0.477,7
6,bcup,57,5,1,0.068,0.527,7
6,bcup,57,6,1,0.034,0.463,7
6,bcup,57,7,1,0.03,0.115,7
6,bcup,57,8,1,0.099,0.08,7
6,bcup,57,9,1,0.064,0.08,7
6,bcup,57,10,1,0.044,0.149,7
6,bcup,57,11,1,0.044,0.095,7
6,bcup,57,12,1,0.099,0.115,7
6,bcup,57,13,1,0.044,0.913,7
6,bcup,57,14,1,0.064,0.845,7
6,bcup,57,15,1,0.078,0.92,7
6,bcup,57,16,1,0.099,0.845,7
6,bcup,57,17,1,0.099,0.909,7
6,bcup,57,18,1,0.064,0.899,7
6,bcup,57,19,1,0.119,0.66,7
6,bcup,57,20,1,0.085,0.694,7
6,bcup,57,21,1,0.119,0.714,7
6,bcup,57,22,1,0.119,0.694,7
6,bcup,57,23,1,0.099,0.728,7
6,bcup,57,24,1,0.153,0.724,7
6,bcup,57,25,1,0.129,0.37,7
6,bcup,57,26,1,0.129,0.316,7
6,bcup,57,27,1,0.115,0.336,7
6,bcup,57,28,1,0.149,0.356,7
6,bcup,57,29,1,0.163,0.376,7
6,bcup,57,30,1,0.149,0.336,7
6,bcup,57,31,1,0.205,0.465,7
6,bcup,57,32,1,0.185,0.455,7
6,bcup,57,33,1,0.205,0.519,7
6,bcup,57,34,1,0.185,0.479,7
6,bcup,57,35,1,0.239,0.465,7
6,bcup,57,36,1,0.239,0.529,7
6,bcup,57,37,1,0.225,0.155,7
6,bcup,57,38,1,0.294,0.155,7
6,bcup,57,39,1,0.26,0.121,7
6,bcup,57,40,1,0.239,0.111,7
6,bcup,57,41,1,0.294,0.185,7
6,bcup,57,42,1,0.239,0.189,7
6,bcup,57,43,1,0.28,0.819,7
6,bcup,57,44,1,0.225,0.839,7
6,bcup,57,45,1,0.26,0.859,7
6,bcup,57,46,1,0.294,0.839,7
6,bcup,57,47,1,0.274,0.879,7
6,bcup,57,48,1,0.239,0.819,7
6,bcup,57,49,1,0.346,0.656,7
6,bcup,57,50,1,0.332,0.616,7
6,bcup,57,51,1,0.366,0.646,7
6,bcup,57,52,1,0.332,0.636,7
6,bcup,57,53,1,0.298,0.616,7
6,bcup,57,54,1,0.312,0.65,7
6,bcup,57,55,1,0.314,0.374,7
6,bcup,57,56,1,0.354,0.374,7
6,bcup,57,57,1,0.334,0.394,7
6,bcup,57,58,1,0.3,0.394,7
6,bcup,57,59,1,0.368,0.36,7
6,bcup,57,60,1,0.368,0.425,7
6,bcup,57,61,1,0.384,0.763,7
6,bcup,57,62,1,0.419,0.783,7
6,bcup,57,63,1,0.398,0.797,7
6,bcup,57,64,1,0.453,0.793,7
6,bcup,57,65,1,0.433,0.803,7
6,bcup,57,66,1,0.453,0.728,7
6,bcup,57,67,1,0.435,0.074,7
6,bcup,57,68,1,0.441,0.014,7
6,bcup,57,69,1,0.455,0.034,7
6,bcup,57,70,1,0.4,0.068,7
6,bcup,57,71,1,0.455,0.064,7
6,bcup,57,72,1,0.421,0,7
6,bcup,57,73,1,0.421,0.26,7
6,bcup,57,74,1,0.4,0.219,7
6,bcup,57,75,1,0.421,0.205,7
6,bcup,57,76,1,0.4,0.274,7
6,bcup,57,77,1,0.386,0.239,7
6,bcup,57,78,1,0.421,0.239,7
6,bcup,57,79,1,0.4,0.984,7
6,bcup,57,80,1,0.455,0.95,7
6,bcup,57,81,1,0.435,0.99,7
6,bcup,57,82,1,0.421,0.915,7
6,bcup,57,83,1,0.441,0.93,7
6,bcup,57,84,1,0.421,0.95,7
6,bcup,57,85,1,0.491,0.374,7
6,bcup,57,86,1,0.505,0.33,7
6,bcup,57,87,1,0.559,0.404,7
6,bcup,57,88,1,0.505,0.408,7
6,bcup,57,89,1,0.505,0.354,7
6,bcup,57,90,1,0.559,0.34,7
6,bcup,57,91,1,0.545,0.674,7
6,bcup,57,92,1,0.511,0.668,7
6,bcup,57,93,1,0.511,0.614,7
6,bcup,57,94,1,0.511,0.59,7
6,bcup,57,95,1,0.565,0.664,7
6,bcup,57,96,1,0.531,0.634,7
6,bcup,57,97,1,0.581,0.165,7
6,bcup,57,98,1,0.561,0.125,7
6,bcup,57,99,1,0.602,0.125,7
6,bcup,57,100,1,0.561,0.101,7
6,bcup,57,101,1,0.561,0.179,7
6,bcup,57,102,1,0.596,0.185,7
6,bcup,57,103,1,0.561,0.805,7
6,bcup,57,104,1,0.602,0.829,7
6,bcup,57,105,1,0.581,0.815,7
6,bcup,57,106,1,0.581,0.849,7
6,bcup,57,107,1,0.616,0.879,7
6,bcup,57,108,1,0.547,0.849,7
6,bcup,57,109,1,0.624,0.519,7
6,bcup,57,110,1,0.658,0.529,7
6,bcup,57,111,1,0.644,0.479,7
6,bcup,57,112,1,0.604,0.533,7
6,bcup,57,113,1,0.658,0.465,7
6,bcup,57,114,1,0.604,0.479,7
6,bcup,57,115,1,0.702,0.65,7
6,bcup,57,116,1,0.722,0.714,7
6,bcup,57,117,1,0.742,0.674,7
6,bcup,57,118,1,0.722,0.694,7
6,bcup,57,119,1,0.722,0.66,7
6,bcup,57,120,1,0.757,0.724,7
6,bcup,57,121,1,0.757,0.33,7
6,bcup,57,122,1,0.742,0.28,7
6,bcup,57,123,1,0.722,0.3,7
6,bcup,57,124,1,0.722,0.32,7
6,bcup,57,125,1,0.736,0.34,7
6,bcup,57,126,1,0.757,0.266,7
6,bcup,57,127,1,0.805,0.139,7
6,bcup,57,128,1,0.805,0.109,7
6,bcup,57,129,1,0.751,0.143,7
6,bcup,57,130,1,0.736,0.109,7
6,bcup,57,131,1,0.771,0.074,7
6,bcup,57,132,1,0.771,0.109,7
6,bcup,57,133,1,0.736,0.885,7
6,bcup,57,134,1,0.751,0.865,7
6,bcup,57,135,1,0.771,0.905,7
6,bcup,57,136,1,0.805,0.885,7
6,bcup,57,137,1,0.791,0.865,7
6,bcup,57,138,1,0.771,0.851,7
6,bcup,57,139,1,0.841,0.527,7
6,bcup,57,140,1,0.807,0.517,7
6,bcup,57,141,1,0.827,0.477,7
6,bcup,57,142,1,0.807,0.497,7
6,bcup,57,143,1,0.821,0.537,7
6,bcup,57,144,1,0.807,0.497,7
6,bcup,58,1,1,0.048,0.537,8
6,bcup,58,2,1,0,0.497,8
6,bcup,58,3,1,0.068,0.463,8
6,bcup,58,4,1,0.014,0.477,8
6,bcup,58,5,1,0.068,0.527,8
6,bcup,58,6,1,0.034,0.463,8
6,bcup,58,7,1,0.03,0.115,8
6,bcup,58,8,1,0.099,0.08,8
6,bcup,58,9,1,0.064,0.08,8
6,bcup,58,10,1,0.044,0.149,8
6,bcup,58,11,1,0.044,0.095,8
6,bcup,58,12,1,0.099,0.115,8
6,bcup,58,13,1,0.099,0.845,8
6,bcup,58,14,1,0.064,0.845,8
6,bcup,58,15,1,0.099,0.909,8
6,bcup,58,16,1,0.044,0.913,8
6,bcup,58,17,1,0.064,0.899,8
6,bcup,58,18,1,0.078,0.92,8
6,bcup,58,19,1,0.153,0.724,8
6,bcup,58,20,1,0.119,0.694,8
6,bcup,58,21,1,0.099,0.728,8
6,bcup,58,22,1,0.085,0.694,8
6,bcup,58,23,1,0.119,0.714,8
6,bcup,58,24,1,0.119,0.66,8
6,bcup,58,25,1,0.129,0.37,8
6,bcup,58,26,1,0.129,0.316,8
6,bcup,58,27,1,0.115,0.336,8
6,bcup,58,28,1,0.149,0.356,8
6,bcup,58,29,1,0.163,0.376,8
6,bcup,58,30,1,0.149,0.336,8
6,bcup,58,31,1,0.205,0.465,8
6,bcup,58,32,1,0.185,0.455,8
6,bcup,58,33,1,0.205,0.519,8
6,bcup,58,34,1,0.185,0.479,8
6,bcup,58,35,1,0.239,0.465,8
6,bcup,58,36,1,0.239,0.529,8
6,bcup,58,37,1,0.225,0.155,8
6,bcup,58,38,1,0.294,0.155,8
6,bcup,58,39,1,0.26,0.121,8
6,bcup,58,40,1,0.239,0.111,8
6,bcup,58,41,1,0.294,0.185,8
6,bcup,58,42,1,0.239,0.189,8
6,bcup,58,43,1,0.225,0.839,8
6,bcup,58,44,1,0.239,0.819,8
6,bcup,58,45,1,0.26,0.859,8
6,bcup,58,46,1,0.28,0.819,8
6,bcup,58,47,1,0.294,0.839,8
6,bcup,58,48,1,0.274,0.879,8
6,bcup,58,49,1,0.298,0.616,8
6,bcup,58,50,1,0.346,0.656,8
6,bcup,58,51,1,0.312,0.65,8
6,bcup,58,52,1,0.332,0.616,8
6,bcup,58,53,1,0.332,0.636,8
6,bcup,58,54,1,0.366,0.646,8
6,bcup,58,55,1,0.314,0.374,8
6,bcup,58,56,1,0.354,0.374,8
6,bcup,58,57,1,0.334,0.394,8
6,bcup,58,58,1,0.3,0.394,8
6,bcup,58,59,1,0.368,0.36,8
6,bcup,58,60,1,0.368,0.425,8
6,bcup,58,61,1,0.384,0.763,8
6,bcup,58,62,1,0.453,0.728,8
6,bcup,58,63,1,0.453,0.793,8
6,bcup,58,64,1,0.398,0.797,8
6,bcup,58,65,1,0.433,0.803,8
6,bcup,58,66,1,0.419,0.783,8
6,bcup,58,67,1,0.421,0,8
6,bcup,58,68,1,0.4,0.068,8
6,bcup,58,69,1,0.455,0.034,8
6,bcup,58,70,1,0.455,0.064,8
6,bcup,58,71,1,0.441,0.014,8
6,bcup,58,72,1,0.435,0.074,8
6,bcup,58,73,1,0.421,0.26,8
6,bcup,58,74,1,0.4,0.219,8
6,bcup,58,75,1,0.421,0.205,8
6,bcup,58,76,1,0.4,0.274,8
6,bcup,58,77,1,0.386,0.239,8
6,bcup,58,78,1,0.421,0.239,8
6,bcup,58,79,1,0.441,0.93,8
6,bcup,58,80,1,0.455,0.95,8
6,bcup,58,81,1,0.435,0.99,8
6,bcup,58,82,1,0.421,0.915,8
6,bcup,58,83,1,0.4,0.984,8
6,bcup,58,84,1,0.421,0.95,8
6,bcup,58,85,1,0.505,0.33,8
6,bcup,58,86,1,0.505,0.408,8
6,bcup,58,87,1,0.559,0.34,8
6,bcup,58,88,1,0.491,0.374,8
6,bcup,58,89,1,0.559,0.404,8
6,bcup,58,90,1,0.505,0.354,8
6,bcup,58,91,1,0.531,0.634,8
6,bcup,58,92,1,0.565,0.664,8
6,bcup,58,93,1,0.545,0.674,8
6,bcup,58,94,1,0.511,0.668,8
6,bcup,58,95,1,0.511,0.614,8
6,bcup,58,96,1,0.511,0.59,8
6,bcup,58,97,1,0.561,0.125,8
6,bcup,58,98,1,0.596,0.185,8
6,bcup,58,99,1,0.561,0.101,8
6,bcup,58,100,1,0.581,0.165,8
6,bcup,58,101,1,0.602,0.125,8
6,bcup,58,102,1,0.561,0.179,8
6,bcup,58,103,1,0.602,0.829,8
6,bcup,58,104,1,0.547,0.849,8
6,bcup,58,105,1,0.561,0.805,8
6,bcup,58,106,1,0.616,0.879,8
6,bcup,58,107,1,0.581,0.815,8
6,bcup,58,108,1,0.581,0.849,8
6,bcup,58,109,1,0.604,0.479,8
6,bcup,58,110,1,0.658,0.465,8
6,bcup,58,111,1,0.604,0.533,8
6,bcup,58,112,1,0.644,0.479,8
6,bcup,58,113,1,0.624,0.519,8
6,bcup,58,114,1,0.658,0.529,8
6,bcup,58,115,1,0.722,0.694,8
6,bcup,58,116,1,0.742,0.674,8
6,bcup,58,117,1,0.722,0.66,8
6,bcup,58,118,1,0.702,0.65,8
6,bcup,58,119,1,0.757,0.724,8
6,bcup,58,120,1,0.722,0.714,8
6,bcup,58,121,1,0.757,0.33,8
6,bcup,58,122,1,0.742,0.28,8
6,bcup,58,123,1,0.722,0.32,8
6,bcup,58,124,1,0.722,0.3,8
6,bcup,58,125,1,0.736,0.34,8
6,bcup,58,126,1,0.757,0.266,8
6,bcup,58,127,1,0.771,0.109,8
6,bcup,58,128,1,0.771,0.074,8
6,bcup,58,129,1,0.805,0.139,8
6,bcup,58,130,1,0.805,0.109,8
6,bcup,58,131,1,0.736,0.109,8
6,bcup,58,132,1,0.751,0.143,8
6,bcup,58,133,1,0.736,0.885,8
6,bcup,58,134,1,0.751,0.865,8
6,bcup,58,135,1,0.771,0.905,8
6,bcup,58,136,1,0.805,0.885,8
6,bcup,58,137,1,0.791,0.865,8
6,bcup,58,138,1,0.771,0.851,8
6,bcup,58,139,1,0.807,0.497,8
6,bcup,58,140,1,0.807,0.497,8
6,bcup,58,141,1,0.827,0.477,8
6,bcup,58,142,1,0.807,0.517,8
6,bcup,58,143,1,0.821,0.537,8
6,bcup,58,144,1,0.841,0.527,8
6,bcup,59,1,1,0.068,0.527,9
6,bcup,59,2,1,0.014,0.477,9
6,bcup,59,3,1,0.048,0.537,9
6,bcup,59,4,1,0.068,0.463,9
6,bcup,59,5,1,0.034,0.463,9
6,bcup,59,6,1,0,0.497,9
6,bcup,59,7,1,0.099,0.08,9
6,bcup,59,8,1,0.044,0.095,9
6,bcup,59,9,1,0.044,0.149,9
6,bcup,59,10,1,0.03,0.115,9
6,bcup,59,11,1,0.064,0.08,9
6,bcup,59,12,1,0.099,0.115,9
6,bcup,59,13,1,0.044,0.913,9
6,bcup,59,14,1,0.064,0.845,9
6,bcup,59,15,1,0.078,0.92,9
6,bcup,59,16,1,0.099,0.845,9
6,bcup,59,17,1,0.099,0.909,9
6,bcup,59,18,1,0.064,0.899,9
6,bcup,59,19,1,0.153,0.724,9
6,bcup,59,20,1,0.119,0.66,9
6,bcup,59,21,1,0.099,0.728,9
6,bcup,59,22,1,0.119,0.714,9
6,bcup,59,23,1,0.085,0.694,9
6,bcup,59,24,1,0.119,0.694,9
6,bcup,59,25,1,0.149,0.356,9
6,bcup,59,26,1,0.129,0.316,9
6,bcup,59,27,1,0.115,0.336,9
6,bcup,59,28,1,0.163,0.376,9
6,bcup,59,29,1,0.149,0.336,9
6,bcup,59,30,1,0.129,0.37,9
6,bcup,59,31,1,0.205,0.519,9
6,bcup,59,32,1,0.185,0.455,9
6,bcup,59,33,1,0.239,0.529,9
6,bcup,59,34,1,0.205,0.465,9
6,bcup,59,35,1,0.185,0.479,9
6,bcup,59,36,1,0.239,0.465,9
6,bcup,59,37,1,0.225,0.155,9
6,bcup,59,38,1,0.239,0.111,9
6,bcup,59,39,1,0.26,0.121,9
6,bcup,59,40,1,0.294,0.155,9
6,bcup,59,41,1,0.294,0.185,9
6,bcup,59,42,1,0.239,0.189,9
6,bcup,59,43,1,0.28,0.819,9
6,bcup,59,44,1,0.225,0.839,9
6,bcup,59,45,1,0.26,0.859,9
6,bcup,59,46,1,0.294,0.839,9
6,bcup,59,47,1,0.274,0.879,9
6,bcup,59,48,1,0.239,0.819,9
6,bcup,59,49,1,0.332,0.616,9
6,bcup,59,50,1,0.332,0.636,9
6,bcup,59,51,1,0.346,0.656,9
6,bcup,59,52,1,0.366,0.646,9
6,bcup,59,53,1,0.298,0.616,9
6,bcup,59,54,1,0.312,0.65,9
6,bcup,59,55,1,0.3,0.394,9
6,bcup,59,56,1,0.354,0.374,9
6,bcup,59,57,1,0.334,0.394,9
6,bcup,59,58,1,0.368,0.36,9
6,bcup,59,59,1,0.314,0.374,9
6,bcup,59,60,1,0.368,0.425,9
6,bcup,59,61,1,0.419,0.783,9
6,bcup,59,62,1,0.453,0.793,9
6,bcup,59,63,1,0.384,0.763,9
6,bcup,59,64,1,0.433,0.803,9
6,bcup,59,65,1,0.398,0.797,9
6,bcup,59,66,1,0.453,0.728,9
6,bcup,59,67,1,0.435,0.074,9
6,bcup,59,68,1,0.421,0,9
6,bcup,59,69,1,0.455,0.064,9
6,bcup,59,70,1,0.455,0.034,9
6,bcup,59,71,1,0.441,0.014,9
6,bcup,59,72,1,0.4,0.068,9
6,bcup,59,73,1,0.421,0.26,9
6,bcup,59,74,1,0.4,0.219,9
6,bcup,59,75,1,0.421,0.205,9
6,bcup,59,76,1,0.4,0.274,9
6,bcup,59,77,1,0.386,0.239,9
6,bcup,59,78,1,0.421,0.239,9
6,bcup,59,79,1,0.455,0.95,9
6,bcup,59,80,1,0.421,0.915,9
6,bcup,59,81,1,0.4,0.984,9
6,bcup,59,82,1,0.441,0.93,9
6,bcup,59,83,1,0.421,0.95,9
6,bcup,59,84,1,0.435,0.99,9
6,bcup,59,85,1,0.505,0.408,9
6,bcup,59,86,1,0.559,0.404,9
6,bcup,59,87,1,0.505,0.33,9
6,bcup,59,88,1,0.491,0.374,9
6,bcup,59,89,1,0.505,0.354,9
6,bcup,59,90,1,0.559,0.34,9
6,bcup,59,91,1,0.545,0.674,9
6,bcup,59,92,1,0.531,0.634,9
6,bcup,59,93,1,0.565,0.664,9
6,bcup,59,94,1,0.511,0.59,9
6,bcup,59,95,1,0.511,0.668,9
6,bcup,59,96,1,0.511,0.614,9
6,bcup,59,97,1,0.561,0.125,9
6,bcup,59,98,1,0.561,0.179,9
6,bcup,59,99,1,0.596,0.185,9
6,bcup,59,100,1,0.581,0.165,9
6,bcup,59,101,1,0.561,0.101,9
6,bcup,59,102,1,0.602,0.125,9
6,bcup,59,103,1,0.561,0.805,9
6,bcup,59,104,1,0.616,0.879,9
6,bcup,59,105,1,0.547,0.849,9
6,bcup,59,106,1,0.581,0.849,9
6,bcup,59,107,1,0.581,0.815,9
6,bcup,59,108,1,0.602,0.829,9
6,bcup,59,109,1,0.658,0.529,9
6,bcup,59,110,1,0.604,0.533,9
6,bcup,59,111,1,0.624,0.519,9
6,bcup,59,112,1,0.604,0.479,9
6,bcup,59,113,1,0.658,0.465,9
6,bcup,59,114,1,0.644,0.479,9
6,bcup,59,115,1,0.702,0.65,9
6,bcup,59,116,1,0.722,0.714,9
6,bcup,59,117,1,0.742,0.674,9
6,bcup,59,118,1,0.722,0.694,9
6,bcup,59,119,1,0.722,0.66,9
6,bcup,59,120,1,0.757,0.724,9
6,bcup,59,121,1,0.736,0.34,9
6,bcup,59,122,1,0.757,0.33,9
6,bcup,59,123,1,0.722,0.3,9
6,bcup,59,124,1,0.722,0.32,9
6,bcup,59,125,1,0.757,0.266,9
6,bcup,59,126,1,0.742,0.28,9
6,bcup,59,127,1,0.805,0.139,9
6,bcup,59,128,1,0.751,0.143,9
6,bcup,59,129,1,0.736,0.109,9
6,bcup,59,130,1,0.805,0.109,9
6,bcup,59,131,1,0.771,0.109,9
6,bcup,59,132,1,0.771,0.074,9
6,bcup,59,133,1,0.736,0.885,9
6,bcup,59,134,1,0.805,0.885,9
6,bcup,59,135,1,0.771,0.905,9
6,bcup,59,136,1,0.751,0.865,9
6,bcup,59,137,1,0.771,0.851,9
6,bcup,59,138,1,0.791,0.865,9
6,bcup,59,139,1,0.773,0.497,9
6,bcup,59,140,1,0.807,0.497,9
6,bcup,59,141,1,0.827,0.477,9
6,bcup,59,142,1,0.807,0.517,9
6,bcup,59,143,1,0.821,0.537,9
6,bcup,59,144,1,0.841,0.527,9
6,bcup,60,1,1,0.048,0.537,10
6,bcup,60,2,1,0,0.497,10
6,bcup,60,3,1,0.068,0.463,10
6,bcup,60,4,1,0.014,0.477,10
6,bcup,60,5,1,0.068,0.527,10
6,bcup,60,6,1,0.034,0.463,10
6,bcup,60,7,1,0.03,0.115,10
6,bcup,60,8,1,0.099,0.08,10
6,bcup,60,9,1,0.064,0.08,10
6,bcup,60,10,1,0.044,0.149,10
6,bcup,60,11,1,0.044,0.095,10
6,bcup,60,12,1,0.099,0.115,10
6,bcup,60,13,1,0.099,0.845,10
6,bcup,60,14,1,0.064,0.845,10
6,bcup,60,15,1,0.099,0.909,10
6,bcup,60,16,1,0.044,0.913,10
6,bcup,60,17,1,0.064,0.899,10
6,bcup,60,18,1,0.078,0.92,10
6,bcup,60,19,1,0.119,0.66,10
6,bcup,60,20,1,0.085,0.694,10
6,bcup,60,21,1,0.119,0.714,10
6,bcup,60,22,1,0.119,0.694,10
6,bcup,60,23,1,0.099,0.728,10
6,bcup,60,24,1,0.153,0.724,10
6,bcup,60,25,1,0.129,0.37,10
6,bcup,60,26,1,0.129,0.316,10
6,bcup,60,27,1,0.115,0.336,10
6,bcup,60,28,1,0.149,0.356,10
6,bcup,60,29,1,0.163,0.376,10
6,bcup,60,30,1,0.149,0.336,10
6,bcup,60,31,1,0.205,0.465,10
6,bcup,60,32,1,0.185,0.455,10
6,bcup,60,33,1,0.205,0.519,10
6,bcup,60,34,1,0.185,0.479,10
6,bcup,60,35,1,0.239,0.465,10
6,bcup,60,36,1,0.239,0.529,10
6,bcup,60,37,1,0.225,0.155,10
6,bcup,60,38,1,0.294,0.155,10
6,bcup,60,39,1,0.26,0.121,10
6,bcup,60,40,1,0.239,0.111,10
6,bcup,60,41,1,0.294,0.185,10
6,bcup,60,42,1,0.239,0.189,10
6,bcup,60,43,1,0.239,0.819,10
6,bcup,60,44,1,0.28,0.819,10
6,bcup,60,45,1,0.26,0.859,10
6,bcup,60,46,1,0.274,0.879,10
6,bcup,60,47,1,0.294,0.839,10
6,bcup,60,48,1,0.225,0.839,10
6,bcup,60,49,1,0.346,0.656,10
6,bcup,60,50,1,0.332,0.616,10
6,bcup,60,51,1,0.366,0.646,10
6,bcup,60,52,1,0.332,0.636,10
6,bcup,60,53,1,0.298,0.616,10
6,bcup,60,54,1,0.312,0.65,10
6,bcup,60,55,1,0.314,0.374,10
6,bcup,60,56,1,0.354,0.374,10
6,bcup,60,57,1,0.334,0.394,10
6,bcup,60,58,1,0.3,0.394,10
6,bcup,60,59,1,0.368,0.36,10
6,bcup,60,60,1,0.368,0.425,10
6,bcup,60,61,1,0.453,0.728,10
6,bcup,60,62,1,0.384,0.763,10
6,bcup,60,63,1,0.398,0.797,10
6,bcup,60,64,1,0.419,0.783,10
6,bcup,60,65,1,0.433,0.803,10
6,bcup,60,66,1,0.453,0.793,10
6,bcup,60,67,1,0.421,0,10
6,bcup,60,68,1,0.4,0.068,10
6,bcup,60,69,1,0.455,0.034,10
6,bcup,60,70,1,0.455,0.064,10
6,bcup,60,71,1,0.441,0.014,10
6,bcup,60,72,1,0.435,0.074,10
6,bcup,60,73,1,0.386,0.239,10
6,bcup,60,74,1,0.421,0.239,10
6,bcup,60,75,1,0.421,0.26,10
6,bcup,60,76,1,0.4,0.274,10
6,bcup,60,77,1,0.421,0.205,10
6,bcup,60,78,1,0.4,0.219,10
6,bcup,60,79,1,0.4,0.984,10
6,bcup,60,80,1,0.455,0.95,10
6,bcup,60,81,1,0.441,0.93,10
6,bcup,60,82,1,0.421,0.915,10
6,bcup,60,83,1,0.421,0.95,10
6,bcup,60,84,1,0.435,0.99,10
6,bcup,60,85,1,0.559,0.34,10
6,bcup,60,86,1,0.559,0.404,10
6,bcup,60,87,1,0.505,0.33,10
6,bcup,60,88,1,0.491,0.374,10
6,bcup,60,89,1,0.505,0.354,10
6,bcup,60,90,1,0.505,0.408,10
6,bcup,60,91,1,0.511,0.614,10
6,bcup,60,92,1,0.531,0.634,10
6,bcup,60,93,1,0.545,0.674,10
6,bcup,60,94,1,0.511,0.668,10
6,bcup,60,95,1,0.511,0.59,10
6,bcup,60,96,1,0.531,0.634,10
6,bcup,60,97,1,0.581,0.165,10
6,bcup,60,98,1,0.561,0.125,10
6,bcup,60,99,1,0.561,0.179,10
6,bcup,60,100,1,0.596,0.185,10
6,bcup,60,101,1,0.602,0.125,10
6,bcup,60,102,1,0.561,0.101,10
6,bcup,60,103,1,0.581,0.815,10
6,bcup,60,104,1,0.602,0.829,10
6,bcup,60,105,1,0.561,0.805,10
6,bcup,60,106,1,0.616,0.879,10
6,bcup,60,107,1,0.581,0.849,10
6,bcup,60,108,1,0.547,0.849,10
6,bcup,60,109,1,0.604,0.479,10
6,bcup,60,110,1,0.658,0.465,10
6,bcup,60,111,1,0.604,0.533,10
6,bcup,60,112,1,0.644,0.479,10
6,bcup,60,113,1,0.658,0.529,10
6,bcup,60,114,1,0.624,0.519,10
6,bcup,60,115,1,0.702,0.65,10
6,bcup,60,116,1,0.722,0.694,10
6,bcup,60,117,1,0.742,0.674,10
6,bcup,60,118,1,0.722,0.66,10
6,bcup,60,119,1,0.757,0.724,10
6,bcup,60,120,1,0.722,0.714,10
6,bcup,60,121,1,0.757,0.33,10
6,bcup,60,122,1,0.742,0.28,10
6,bcup,60,123,1,0.722,0.32,10
6,bcup,60,124,1,0.722,0.3,10
6,bcup,60,125,1,0.736,0.34,10
6,bcup,60,126,1,0.757,0.266,10
6,bcup,60,127,1,0.805,0.139,10
6,bcup,60,128,1,0.805,0.109,10
6,bcup,60,129,1,0.751,0.143,10
6,bcup,60,130,1,0.736,0.109,10
6,bcup,60,131,1,0.771,0.074,10
6,bcup,60,132,1,0.771,0.109,10
6,bcup,60,133,1,0.736,0.885,10
6,bcup,60,134,1,0.751,0.865,10
6,bcup,60,135,1,0.771,0.905,10
6,bcup,60,136,1,0.805,0.885,10
6,bcup,60,137,1,0.791,0.865,10
6,bcup,60,138,1,0.771,0.851,10
6,bcup,60,139,1,0.807,0.497,10
6,bcup,60,140,1,0.807,0.497,10
6,bcup,60,141,1,0.827,0.477,10
6,bcup,60,142,1,0.807,0.517,10
6,bcup,60,143,1,0.821,0.537,10
6,bcup,60,144,1,0.841,0.527,10
7,bcup,61,1,1,0.014,0.541,1
7,bcup,61,2,1,0.068,0.507,1
7,bcup,61,3,1,0.068,0.537,1
7,bcup,61,4,1,0,0.507,1
7,bcup,61,5,1,0.048,0.547,1
7,bcup,61,6,1,0.014,0.487,1
7,bcup,61,7,1,0.099,0.091,1
7,bcup,61,8,1,0.044,0.105,1
7,bcup,61,9,1,0.064,0.125,1
7,bcup,61,10,1,0.064,0.091,1
7,bcup,61,11,1,0.099,0.125,1
7,bcup,61,12,1,0.044,0.159,1
7,bcup,61,13,1,0.085,0.869,1
7,bcup,61,14,1,0.044,0.845,1
7,bcup,61,15,1,0.099,0.855,1
7,bcup,61,16,1,0.044,0.869,1
7,bcup,61,17,1,0.064,0.855,1
7,bcup,61,18,1,0.03,0.889,1
7,bcup,61,19,1,0.119,0.724,1
7,bcup,61,20,1,0.139,0.684,1
7,bcup,61,21,1,0.119,0.67,1
7,bcup,61,22,1,0.153,0.704,1
7,bcup,61,23,1,0.133,0.744,1
7,bcup,61,24,1,0.099,0.66,1
7,bcup,61,25,1,0.183,0.376,1
7,bcup,61,26,1,0.183,0.312,1
7,bcup,61,27,1,0.163,0.386,1
7,bcup,61,28,1,0.115,0.346,1
7,bcup,61,29,1,0.149,0.366,1
7,bcup,61,30,1,0.183,0.346,1
7,bcup,61,31,1,0.205,0.509,1
7,bcup,61,32,1,0.205,0.475,1
7,bcup,61,33,1,0.205,0.529,1
7,bcup,61,34,1,0.239,0.509,1
7,bcup,61,35,1,0.185,0.543,1
7,bcup,61,36,1,0.239,0.475,1
7,bcup,61,37,1,0.225,0.165,1
7,bcup,61,38,1,0.239,0.121,1
7,bcup,61,39,1,0.294,0.195,1
7,bcup,61,40,1,0.274,0.205,1
7,bcup,61,41,1,0.294,0.165,1
7,bcup,61,42,1,0.26,0.185,1
7,bcup,61,43,1,0.294,0.849,1
7,bcup,61,44,1,0.239,0.883,1
7,bcup,61,45,1,0.26,0.815,1
7,bcup,61,46,1,0.294,0.815,1
7,bcup,61,47,1,0.26,0.849,1
7,bcup,61,48,1,0.294,0.879,1
7,bcup,61,49,1,0.366,0.656,1
7,bcup,61,50,1,0.298,0.626,1
7,bcup,61,51,1,0.332,0.626,1
7,bcup,61,52,1,0.312,0.66,1
7,bcup,61,53,1,0.366,0.592,1
7,bcup,61,54,1,0.312,0.606,1
7,bcup,61,55,1,0.314,0.36,1
7,bcup,61,56,1,0.368,0.435,1
7,bcup,61,57,1,0.348,0.445,1
7,bcup,61,58,1,0.334,0.37,1
7,bcup,61,59,1,0.334,0.425,1
7,bcup,61,60,1,0.368,0.404,1
7,bcup,61,61,1,0.398,0.807,1
7,bcup,61,62,1,0.419,0.793,1
7,bcup,61,63,1,0.419,0.738,1
7,bcup,61,64,1,0.433,0.813,1
7,bcup,61,65,1,0.384,0.773,1
7,bcup,61,66,1,0.453,0.738,1
7,bcup,61,67,1,0.455,0.01,1
7,bcup,61,68,1,0.421,0.01,1
7,bcup,61,69,1,0.421,0.044,1
7,bcup,61,70,1,0.441,0.024,1
7,bcup,61,71,1,0.455,0.044,1
7,bcup,61,72,1,0.4,0,1
7,bcup,61,73,1,0.4,0.229,1
7,bcup,61,74,1,0.455,0.28,1
7,bcup,61,75,1,0.435,0.29,1
7,bcup,61,76,1,0.421,0.27,1
7,bcup,61,77,1,0.421,0.249,1
7,bcup,61,78,1,0.421,0.215,1
7,bcup,61,79,1,0.435,1,1
7,bcup,61,80,1,0.455,0.926,1
7,bcup,61,81,1,0.441,0.94,1
7,bcup,61,82,1,0.421,0.926,1
7,bcup,61,83,1,0.421,0.98,1
7,bcup,61,84,1,0.386,0.96,1
7,bcup,61,85,1,0.539,0.425,1
7,bcup,61,86,1,0.559,0.35,1
7,bcup,61,87,1,0.545,0.364,1
7,bcup,61,88,1,0.505,0.34,1
7,bcup,61,89,1,0.505,0.364,1
7,bcup,61,90,1,0.525,0.404,1
7,bcup,61,91,1,0.497,0.644,1
7,bcup,61,92,1,0.565,0.61,1
7,bcup,61,93,1,0.511,0.678,1
7,bcup,61,94,1,0.545,0.684,1
7,bcup,61,95,1,0.511,0.624,1
7,bcup,61,96,1,0.511,0.6,1
7,bcup,61,97,1,0.616,0.185,1
7,bcup,61,98,1,0.581,0.155,1
7,bcup,61,99,1,0.561,0.135,1
7,bcup,61,100,1,0.602,0.135,1
7,bcup,61,101,1,0.616,0.121,1
7,bcup,61,102,1,0.561,0.189,1
7,bcup,61,103,1,0.561,0.815,1
7,bcup,61,104,1,0.596,0.899,1
7,bcup,61,105,1,0.616,0.859,1
7,bcup,61,106,1,0.581,0.859,1
7,bcup,61,107,1,0.581,0.859,1
7,bcup,61,108,1,0.581,0.879,1
7,bcup,61,109,1,0.59,0.509,1
7,bcup,61,110,1,0.624,0.475,1
7,bcup,61,111,1,0.658,0.475,1
7,bcup,61,112,1,0.644,0.489,1
7,bcup,61,113,1,0.604,0.489,1
7,bcup,61,114,1,0.658,0.509,1
7,bcup,61,115,1,0.736,0.744,1
7,bcup,61,116,1,0.742,0.684,1
7,bcup,61,117,1,0.722,0.704,1
7,bcup,61,118,1,0.757,0.704,1
7,bcup,61,119,1,0.722,0.67,1
7,bcup,61,120,1,0.722,0.724,1
7,bcup,61,121,1,0.736,0.35,1
7,bcup,61,122,1,0.757,0.31,1
7,bcup,61,123,1,0.702,0.29,1
7,bcup,61,124,1,0.742,0.29,1
7,bcup,61,125,1,0.702,0.344,1
7,bcup,61,126,1,0.722,0.31,1
7,bcup,61,127,1,0.805,0.149,1
7,bcup,61,128,1,0.751,0.074,1
7,bcup,61,129,1,0.785,0.159,1
7,bcup,61,130,1,0.736,0.119,1
7,bcup,61,131,1,0.791,0.099,1
7,bcup,61,132,1,0.805,0.085,1
7,bcup,61,133,1,0.751,0.93,1
7,bcup,61,134,1,0.751,0.875,1
7,bcup,61,135,1,0.805,0.895,1
7,bcup,61,136,1,0.736,0.895,1
7,bcup,61,137,1,0.771,0.895,1
7,bcup,61,138,1,0.805,0.926,1
7,bcup,61,139,1,0.787,0.487,1
7,bcup,61,140,1,0.821,0.547,1
7,bcup,61,141,1,0.841,0.507,1
7,bcup,61,142,1,0.841,0.537,1
7,bcup,61,143,1,0.787,0.463,1
7,bcup,61,144,1,0.807,0.527,1
7,bcup,62,1,1,0.014,0.541,2
7,bcup,62,2,1,0.014,0.487,2
7,bcup,62,3,1,0.048,0.547,2
7,bcup,62,4,1,0.068,0.507,2
7,bcup,62,5,1,0,0.507,2
7,bcup,62,6,1,0.068,0.537,2
7,bcup,62,7,1,0.044,0.159,2
7,bcup,62,8,1,0.044,0.105,2
7,bcup,62,9,1,0.064,0.091,2
7,bcup,62,10,1,0.064,0.125,2
7,bcup,62,11,1,0.099,0.125,2
7,bcup,62,12,1,0.099,0.091,2
7,bcup,62,13,1,0.044,0.845,2
7,bcup,62,14,1,0.044,0.869,2
7,bcup,62,15,1,0.085,0.869,2
7,bcup,62,16,1,0.03,0.889,2
7,bcup,62,17,1,0.099,0.855,2
7,bcup,62,18,1,0.064,0.855,2
7,bcup,62,19,1,0.133,0.744,2
7,bcup,62,20,1,0.119,0.67,2
7,bcup,62,21,1,0.139,0.684,2
7,bcup,62,22,1,0.153,0.704,2
7,bcup,62,23,1,0.099,0.66,2
7,bcup,62,24,1,0.119,0.724,2
7,bcup,62,25,1,0.115,0.346,2
7,bcup,62,26,1,0.183,0.346,2
7,bcup,62,27,1,0.163,0.386,2
7,bcup,62,28,1,0.183,0.376,2
7,bcup,62,29,1,0.183,0.312,2
7,bcup,62,30,1,0.149,0.366,2
7,bcup,62,31,1,0.205,0.509,2
7,bcup,62,32,1,0.205,0.475,2
7,bcup,62,33,1,0.205,0.529,2
7,bcup,62,34,1,0.239,0.509,2
7,bcup,62,35,1,0.185,0.543,2
7,bcup,62,36,1,0.239,0.475,2
7,bcup,62,37,1,0.274,0.205,2
7,bcup,62,38,1,0.294,0.165,2
7,bcup,62,39,1,0.26,0.185,2
7,bcup,62,40,1,0.239,0.121,2
7,bcup,62,41,1,0.225,0.165,2
7,bcup,62,42,1,0.294,0.195,2
7,bcup,62,43,1,0.26,0.815,2
7,bcup,62,44,1,0.294,0.879,2
7,bcup,62,45,1,0.294,0.849,2
7,bcup,62,46,1,0.239,0.883,2
7,bcup,62,47,1,0.26,0.849,2
7,bcup,62,48,1,0.294,0.815,2
7,bcup,62,49,1,0.298,0.626,2
7,bcup,62,50,1,0.366,0.592,2
7,bcup,62,51,1,0.332,0.626,2
7,bcup,62,52,1,0.312,0.606,2
7,bcup,62,53,1,0.366,0.656,2
7,bcup,62,54,1,0.312,0.66,2
7,bcup,62,55,1,0.314,0.36,2
7,bcup,62,56,1,0.368,0.435,2
7,bcup,62,57,1,0.348,0.445,2
7,bcup,62,58,1,0.334,0.37,2
7,bcup,62,59,1,0.334,0.425,2
7,bcup,62,60,1,0.368,0.404,2
7,bcup,62,61,1,0.419,0.793,2
7,bcup,62,62,1,0.453,0.738,2
7,bcup,62,63,1,0.384,0.773,2
7,bcup,62,64,1,0.398,0.807,2
7,bcup,62,65,1,0.433,0.813,2
7,bcup,62,66,1,0.419,0.738,2
7,bcup,62,67,1,0.455,0.01,2
7,bcup,62,68,1,0.421,0.01,2
7,bcup,62,69,1,0.421,0.044,2
7,bcup,62,70,1,0.441,0.024,2
7,bcup,62,71,1,0.455,0.044,2
7,bcup,62,72,1,0.4,0,2
7,bcup,62,73,1,0.4,0.229,2
7,bcup,62,74,1,0.455,0.28,2
7,bcup,62,75,1,0.435,0.29,2
7,bcup,62,76,1,0.421,0.27,2
7,bcup,62,77,1,0.421,0.249,2
7,bcup,62,78,1,0.421,0.215,2
7,bcup,62,79,1,0.421,0.926,2
7,bcup,62,80,1,0.435,1,2
7,bcup,62,81,1,0.386,0.96,2
7,bcup,62,82,1,0.441,0.94,2
7,bcup,62,83,1,0.421,0.98,2
7,bcup,62,84,1,0.455,0.926,2
7,bcup,62,85,1,0.539,0.425,2
7,bcup,62,86,1,0.559,0.35,2
7,bcup,62,87,1,0.545,0.364,2
7,bcup,62,88,1,0.505,0.34,2
7,bcup,62,89,1,0.505,0.364,2
7,bcup,62,90,1,0.525,0.404,2
7,bcup,62,91,1,0.497,0.644,2
7,bcup,62,92,1,0.511,0.6,2
7,bcup,62,93,1,0.565,0.61,2
7,bcup,62,94,1,0.511,0.678,2
7,bcup,62,95,1,0.545,0.684,2
7,bcup,62,96,1,0.511,0.624,2
7,bcup,62,97,1,0.616,0.185,2
7,bcup,62,98,1,0.581,0.155,2
7,bcup,62,99,1,0.561,0.135,2
7,bcup,62,100,1,0.602,0.135,2
7,bcup,62,101,1,0.616,0.121,2
7,bcup,62,102,1,0.561,0.189,2
7,bcup,62,103,1,0.561,0.815,2
7,bcup,62,104,1,0.581,0.879,2
7,bcup,62,105,1,0.616,0.859,2
7,bcup,62,106,1,0.581,0.859,2
7,bcup,62,107,1,0.596,0.899,2
7,bcup,62,108,1,0.616,0.825,2
7,bcup,62,109,1,0.644,0.489,2
7,bcup,62,110,1,0.59,0.509,2
7,bcup,62,111,1,0.604,0.489,2
7,bcup,62,112,1,0.658,0.509,2
7,bcup,62,113,1,0.658,0.475,2
7,bcup,62,114,1,0.624,0.475,2
7,bcup,62,115,1,0.757,0.704,2
7,bcup,62,116,1,0.757,0.67,2
7,bcup,62,117,1,0.722,0.67,2
7,bcup,62,118,1,0.736,0.744,2
7,bcup,62,119,1,0.722,0.724,2
7,bcup,62,120,1,0.742,0.684,2
7,bcup,62,121,1,0.736,0.35,2
7,bcup,62,122,1,0.757,0.31,2
7,bcup,62,123,1,0.702,0.29,2
7,bcup,62,124,1,0.742,0.29,2
7,bcup,62,125,1,0.702,0.344,2
7,bcup,62,126,1,0.722,0.31,2
7,bcup,62,127,1,0.805,0.149,2
7,bcup,62,128,1,0.751,0.074,2
7,bcup,62,129,1,0.785,0.159,2
7,bcup,62,130,1,0.736,0.119,2
7,bcup,62,131,1,0.791,0.099,2
7,bcup,62,132,1,0.805,0.085,2
7,bcup,62,133,1,0.771,0.895,2
7,bcup,62,134,1,0.751,0.875,2
7,bcup,62,135,1,0.751,0.93,2
7,bcup,62,136,1,0.805,0.926,2
7,bcup,62,137,1,0.736,0.895,2
7,bcup,62,138,1,0.805,0.895,2
7,bcup,62,139,1,0.841,0.537,2
7,bcup,62,140,1,0.787,0.463,2
7,bcup,62,141,1,0.807,0.527,2
7,bcup,62,142,1,0.821,0.547,2
7,bcup,62,143,1,0.841,0.507,2
7,bcup,62,144,1,0.787,0.487,2
7,bcup,63,1,1,0.014,0.541,3
7,bcup,63,2,1,0.068,0.507,3
7,bcup,63,3,1,0.068,0.537,3
7,bcup,63,4,1,0,0.507,3
7,bcup,63,5,1,0.048,0.547,3
7,bcup,63,6,1,0.014,0.487,3
7,bcup,63,7,1,0.099,0.091,3
7,bcup,63,8,1,0.044,0.105,3
7,bcup,63,9,1,0.064,0.125,3
7,bcup,63,10,1,0.064,0.091,3
7,bcup,63,11,1,0.099,0.125,3
7,bcup,63,12,1,0.044,0.159,3
7,bcup,63,13,1,0.085,0.869,3
7,bcup,63,14,1,0.044,0.845,3
7,bcup,63,15,1,0.099,0.855,3
7,bcup,63,16,1,0.044,0.869,3
7,bcup,63,17,1,0.064,0.855,3
7,bcup,63,18,1,0.03,0.889,3
7,bcup,63,19,1,0.119,0.724,3
7,bcup,63,20,1,0.139,0.684,3
7,bcup,63,21,1,0.119,0.67,3
7,bcup,63,22,1,0.153,0.704,3
7,bcup,63,23,1,0.133,0.744,3
7,bcup,63,24,1,0.099,0.66,3
7,bcup,63,25,1,0.183,0.376,3
7,bcup,63,26,1,0.183,0.312,3
7,bcup,63,27,1,0.163,0.386,3
7,bcup,63,28,1,0.115,0.346,3
7,bcup,63,29,1,0.149,0.366,3
7,bcup,63,30,1,0.183,0.346,3
7,bcup,63,31,1,0.205,0.509,3
7,bcup,63,32,1,0.205,0.475,3
7,bcup,63,33,1,0.205,0.529,3
7,bcup,63,34,1,0.239,0.509,3
7,bcup,63,35,1,0.185,0.543,3
7,bcup,63,36,1,0.239,0.475,3
7,bcup,63,37,1,0.225,0.165,3
7,bcup,63,38,1,0.239,0.121,3
7,bcup,63,39,1,0.294,0.195,3
7,bcup,63,40,1,0.274,0.205,3
7,bcup,63,41,1,0.294,0.165,3
7,bcup,63,42,1,0.26,0.185,3
7,bcup,63,43,1,0.294,0.849,3
7,bcup,63,44,1,0.239,0.883,3
7,bcup,63,45,1,0.26,0.815,3
7,bcup,63,46,1,0.294,0.815,3
7,bcup,63,47,1,0.26,0.849,3
7,bcup,63,48,1,0.294,0.879,3
7,bcup,63,49,1,0.366,0.656,3
7,bcup,63,50,1,0.298,0.626,3
7,bcup,63,51,1,0.332,0.626,3
7,bcup,63,52,1,0.312,0.66,3
7,bcup,63,53,1,0.366,0.592,3
7,bcup,63,54,1,0.312,0.606,3
7,bcup,63,55,1,0.314,0.36,3
7,bcup,63,56,1,0.368,0.435,3
7,bcup,63,57,1,0.348,0.445,3
7,bcup,63,58,1,0.334,0.37,3
7,bcup,63,59,1,0.334,0.425,3
7,bcup,63,60,1,0.368,0.404,3
7,bcup,63,61,1,0.433,0.813,3
7,bcup,63,62,1,0.419,0.793,3
7,bcup,63,63,1,0.384,0.773,3
7,bcup,63,64,1,0.398,0.807,3
7,bcup,63,65,1,0.419,0.738,3
7,bcup,63,66,1,0.453,0.738,3
7,bcup,63,67,1,0.455,0.01,3
7,bcup,63,68,1,0.421,0.01,3
7,bcup,63,69,1,0.421,0.044,3
7,bcup,63,70,1,0.441,0.024,3
7,bcup,63,71,1,0.455,0.044,3
7,bcup,63,72,1,0.4,0,3
7,bcup,63,73,1,0.4,0.229,3
7,bcup,63,74,1,0.455,0.28,3
7,bcup,63,75,1,0.435,0.29,3
7,bcup,63,76,1,0.421,0.27,3
7,bcup,63,77,1,0.421,0.249,3
7,bcup,63,78,1,0.421,0.215,3
7,bcup,63,79,1,0.386,0.96,3
7,bcup,63,80,1,0.455,0.926,3
7,bcup,63,81,1,0.441,0.94,3
7,bcup,63,82,1,0.435,1,3
7,bcup,63,83,1,0.421,0.98,3
7,bcup,63,84,1,0.421,0.926,3
7,bcup,63,85,1,0.539,0.425,3
7,bcup,63,86,1,0.559,0.35,3
7,bcup,63,87,1,0.545,0.364,3
7,bcup,63,88,1,0.505,0.34,3
7,bcup,63,89,1,0.505,0.364,3
7,bcup,63,90,1,0.525,0.404,3
7,bcup,63,91,1,0.511,0.6,3
7,bcup,63,92,1,0.497,0.644,3
7,bcup,63,93,1,0.545,0.684,3
7,bcup,63,94,1,0.565,0.61,3
7,bcup,63,95,1,0.511,0.624,3
7,bcup,63,96,1,0.511,0.678,3
7,bcup,63,97,1,0.616,0.185,3
7,bcup,63,98,1,0.581,0.155,3
7,bcup,63,99,1,0.561,0.135,3
7,bcup,63,100,1,0.602,0.135,3
7,bcup,63,101,1,0.616,0.121,3
7,bcup,63,102,1,0.561,0.189,3
7,bcup,63,103,1,0.561,0.815,3
7,bcup,63,104,1,0.581,0.879,3
7,bcup,63,105,1,0.616,0.859,3
7,bcup,63,106,1,0.596,0.899,3
7,bcup,63,107,1,0.581,0.859,3
7,bcup,63,108,1,0.616,0.825,3
7,bcup,63,109,1,0.644,0.489,3
7,bcup,63,110,1,0.59,0.509,3
7,bcup,63,111,1,0.604,0.489,3
7,bcup,63,112,1,0.658,0.509,3
7,bcup,63,113,1,0.658,0.475,3
7,bcup,63,114,1,0.624,0.475,3
7,bcup,63,115,1,0.722,0.67,3
7,bcup,63,116,1,0.736,0.744,3
7,bcup,63,117,1,0.742,0.684,3
7,bcup,63,118,1,0.757,0.704,3
7,bcup,63,119,1,0.757,0.67,3
7,bcup,63,120,1,0.722,0.724,3
7,bcup,63,121,1,0.757,0.31,3
7,bcup,63,122,1,0.702,0.29,3
7,bcup,63,123,1,0.742,0.29,3
7,bcup,63,124,1,0.702,0.344,3
7,bcup,63,125,1,0.722,0.31,3
7,bcup,63,126,1,0.736,0.35,3
7,bcup,63,127,1,0.805,0.149,3
7,bcup,63,128,1,0.751,0.074,3
7,bcup,63,129,1,0.785,0.159,3
7,bcup,63,130,1,0.736,0.119,3
7,bcup,63,131,1,0.791,0.099,3
7,bcup,63,132,1,0.805,0.085,3
7,bcup,63,133,1,0.805,0.926,3
7,bcup,63,134,1,0.771,0.895,3
7,bcup,63,135,1,0.751,0.93,3
7,bcup,63,136,1,0.805,0.895,3
7,bcup,63,137,1,0.751,0.875,3
7,bcup,63,138,1,0.736,0.895,3
7,bcup,63,139,1,0.807,0.527,3
7,bcup,63,140,1,0.787,0.487,3
7,bcup,63,141,1,0.821,0.547,3
7,bcup,63,142,1,0.841,0.537,3
7,bcup,63,143,1,0.787,0.463,3
7,bcup,63,144,1,0.841,0.507,3
7,bcup,64,1,1,0.014,0.541,4
7,bcup,64,2,1,0.068,0.507,4
7,bcup,64,3,1,0.068,0.537,4
7,bcup,64,4,1,0,0.507,4
7,bcup,64,5,1,0.048,0.547,4
7,bcup,64,6,1,0.014,0.487,4
7,bcup,64,7,1,0.099,0.091,4
7,bcup,64,8,1,0.044,0.105,4
7,bcup,64,9,1,0.064,0.125,4
7,bcup,64,10,1,0.064,0.091,4
7,bcup,64,11,1,0.099,0.125,4
7,bcup,64,12,1,0.044,0.159,4
7,bcup,64,13,1,0.085,0.869,4
7,bcup,64,14,1,0.044,0.845,4
7,bcup,64,15,1,0.099,0.855,4
7,bcup,64,16,1,0.044,0.869,4
7,bcup,64,17,1,0.064,0.855,4
7,bcup,64,18,1,0.03,0.889,4
7,bcup,64,19,1,0.119,0.724,4
7,bcup,64,20,1,0.139,0.684,4
7,bcup,64,21,1,0.119,0.67,4
7,bcup,64,22,1,0.153,0.704,4
7,bcup,64,23,1,0.133,0.744,4
7,bcup,64,24,1,0.099,0.66,4
7,bcup,64,25,1,0.183,0.376,4
7,bcup,64,26,1,0.183,0.312,4
7,bcup,64,27,1,0.163,0.386,4
7,bcup,64,28,1,0.115,0.346,4
7,bcup,64,29,1,0.149,0.366,4
7,bcup,64,30,1,0.183,0.346,4
7,bcup,64,31,1,0.205,0.529,4
7,bcup,64,32,1,0.185,0.543,4
7,bcup,64,33,1,0.205,0.475,4
7,bcup,64,34,1,0.205,0.509,4
7,bcup,64,35,1,0.239,0.509,4
7,bcup,64,36,1,0.239,0.475,4
7,bcup,64,37,1,0.225,0.165,4
7,bcup,64,38,1,0.239,0.121,4
7,bcup,64,39,1,0.294,0.195,4
7,bcup,64,40,1,0.274,0.205,4
7,bcup,64,41,1,0.294,0.165,4
7,bcup,64,42,1,0.26,0.185,4
7,bcup,64,43,1,0.294,0.849,4
7,bcup,64,44,1,0.239,0.883,4
7,bcup,64,45,1,0.26,0.815,4
7,bcup,64,46,1,0.294,0.815,4
7,bcup,64,47,1,0.26,0.849,4
7,bcup,64,48,1,0.294,0.879,4
7,bcup,64,49,1,0.298,0.626,4
7,bcup,64,50,1,0.312,0.66,4
7,bcup,64,51,1,0.332,0.626,4
7,bcup,64,52,1,0.366,0.592,4
7,bcup,64,53,1,0.366,0.656,4
7,bcup,64,54,1,0.312,0.606,4
7,bcup,64,55,1,0.368,0.404,4
7,bcup,64,56,1,0.348,0.445,4
7,bcup,64,57,1,0.368,0.435,4
7,bcup,64,58,1,0.334,0.425,4
7,bcup,64,59,1,0.314,0.36,4
7,bcup,64,60,1,0.334,0.37,4
7,bcup,64,61,1,0.419,0.793,4
7,bcup,64,62,1,0.453,0.738,4
7,bcup,64,63,1,0.384,0.773,4
7,bcup,64,64,1,0.398,0.807,4
7,bcup,64,65,1,0.433,0.813,4
7,bcup,64,66,1,0.419,0.738,4
7,bcup,64,67,1,0.421,0.01,4
7,bcup,64,68,1,0.455,0.044,4
7,bcup,64,69,1,0.441,0.024,4
7,bcup,64,70,1,0.421,0.044,4
7,bcup,64,71,1,0.455,0.01,4
7,bcup,64,72,1,0.4,0,4
7,bcup,64,73,1,0.421,0.215,4
7,bcup,64,74,1,0.421,0.27,4
7,bcup,64,75,1,0.4,0.229,4
7,bcup,64,76,1,0.455,0.28,4
7,bcup,64,77,1,0.435,0.29,4
7,bcup,64,78,1,0.421,0.249,4
7,bcup,64,79,1,0.421,0.926,4
7,bcup,64,80,1,0.435,1,4
7,bcup,64,81,1,0.386,0.96,4
7,bcup,64,82,1,0.441,0.94,4
7,bcup,64,83,1,0.421,0.98,4
7,bcup,64,84,1,0.455,0.926,4
7,bcup,64,85,1,0.505,0.34,4
7,bcup,64,86,1,0.505,0.364,4
7,bcup,64,87,1,0.525,0.404,4
7,bcup,64,88,1,0.539,0.425,4
7,bcup,64,89,1,0.545,0.364,4
7,bcup,64,90,1,0.559,0.35,4
7,bcup,64,91,1,0.497,0.644,4
7,bcup,64,92,1,0.511,0.6,4
7,bcup,64,93,1,0.565,0.61,4
7,bcup,64,94,1,0.511,0.678,4
7,bcup,64,95,1,0.545,0.684,4
7,bcup,64,96,1,0.511,0.624,4
7,bcup,64,97,1,0.581,0.155,4
7,bcup,64,98,1,0.561,0.135,4
7,bcup,64,99,1,0.602,0.135,4
7,bcup,64,100,1,0.616,0.121,4
7,bcup,64,101,1,0.561,0.189,4
7,bcup,64,102,1,0.616,0.185,4
7,bcup,64,103,1,0.561,0.815,4
7,bcup,64,104,1,0.581,0.879,4
7,bcup,64,105,1,0.616,0.859,4
7,bcup,64,106,1,0.581,0.859,4
7,bcup,64,107,1,0.596,0.899,4
7,bcup,64,108,1,0.616,0.825,4
7,bcup,64,109,1,0.658,0.475,4
7,bcup,64,110,1,0.644,0.489,4
7,bcup,64,111,1,0.59,0.509,4
7,bcup,64,112,1,0.624,0.475,4
7,bcup,64,113,1,0.658,0.509,4
7,bcup,64,114,1,0.604,0.489,4
7,bcup,64,115,1,0.757,0.704,4
7,bcup,64,116,1,0.757,0.67,4
7,bcup,64,117,1,0.722,0.67,4
7,bcup,64,118,1,0.736,0.744,4
7,bcup,64,119,1,0.722,0.724,4
7,bcup,64,120,1,0.742,0.684,4
7,bcup,64,121,1,0.736,0.35,4
7,bcup,64,122,1,0.757,0.31,4
7,bcup,64,123,1,0.702,0.29,4
7,bcup,64,124,1,0.742,0.29,4
7,bcup,64,125,1,0.702,0.344,4
7,bcup,64,126,1,0.722,0.31,4
7,bcup,64,127,1,0.805,0.149,4
7,bcup,64,128,1,0.751,0.074,4
7,bcup,64,129,1,0.785,0.159,4
7,bcup,64,130,1,0.736,0.119,4
7,bcup,64,131,1,0.791,0.099,4
7,bcup,64,132,1,0.805,0.085,4
7,bcup,64,133,1,0.771,0.895,4
7,bcup,64,134,1,0.751,0.875,4
7,bcup,64,135,1,0.751,0.93,4
7,bcup,64,136,1,0.805,0.926,4
7,bcup,64,137,1,0.736,0.895,4
7,bcup,64,138,1,0.805,0.895,4
7,bcup,64,139,1,0.841,0.537,4
7,bcup,64,140,1,0.787,0.463,4
7,bcup,64,141,1,0.807,0.527,4
7,bcup,64,142,1,0.821,0.547,4
7,bcup,64,143,1,0.841,0.507,4
7,bcup,64,144,1,0.787,0.487,4
7,bcup,65,1,1,0.014,0.541,5
7,bcup,65,2,1,0.014,0.487,5
7,bcup,65,3,1,0.048,0.547,5
7,bcup,65,4,1,0.068,0.507,5
7,bcup,65,5,1,0,0.507,5
7,bcup,65,6,1,0.068,0.537,5
7,bcup,65,7,1,0.099,0.091,5
7,bcup,65,8,1,0.044,0.105,5
7,bcup,65,9,1,0.064,0.125,5
7,bcup,65,10,1,0.064,0.091,5
7,bcup,65,11,1,0.099,0.125,5
7,bcup,65,12,1,0.044,0.159,5
7,bcup,65,13,1,0.044,0.845,5
7,bcup,65,14,1,0.099,0.855,5
7,bcup,65,15,1,0.085,0.869,5
7,bcup,65,16,1,0.044,0.869,5
7,bcup,65,17,1,0.03,0.889,5
7,bcup,65,18,1,0.064,0.855,5
7,bcup,65,19,1,0.119,0.67,5
7,bcup,65,20,1,0.099,0.66,5
7,bcup,65,21,1,0.119,0.704,5
7,bcup,65,22,1,0.139,0.684,5
7,bcup,65,23,1,0.153,0.704,5
7,bcup,65,24,1,0.119,0.724,5
7,bcup,65,25,1,0.183,0.376,5
7,bcup,65,26,1,0.183,0.312,5
7,bcup,65,27,1,0.163,0.386,5
7,bcup,65,28,1,0.115,0.346,5
7,bcup,65,29,1,0.149,0.366,5
7,bcup,65,30,1,0.183,0.346,5
7,bcup,65,31,1,0.239,0.509,5
7,bcup,65,32,1,0.185,0.543,5
7,bcup,65,33,1,0.239,0.475,5
7,bcup,65,34,1,0.205,0.475,5
7,bcup,65,35,1,0.205,0.529,5
7,bcup,65,36,1,0.205,0.509,5
7,bcup,65,37,1,0.225,0.165,5
7,bcup,65,38,1,0.239,0.121,5
7,bcup,65,39,1,0.294,0.195,5
7,bcup,65,40,1,0.274,0.205,5
7,bcup,65,41,1,0.294,0.165,5
7,bcup,65,42,1,0.26,0.185,5
7,bcup,65,43,1,0.239,0.883,5
7,bcup,65,44,1,0.294,0.879,5
7,bcup,65,45,1,0.26,0.849,5
7,bcup,65,46,1,0.294,0.849,5
7,bcup,65,47,1,0.294,0.815,5
7,bcup,65,48,1,0.26,0.815,5
7,bcup,65,49,1,0.366,0.656,5
7,bcup,65,50,1,0.332,0.626,5
7,bcup,65,51,1,0.312,0.66,5
7,bcup,65,52,1,0.298,0.626,5
7,bcup,65,53,1,0.312,0.606,5
7,bcup,65,54,1,0.366,0.592,5
7,bcup,65,55,1,0.314,0.36,5
7,bcup,65,56,1,0.368,0.435,5
7,bcup,65,57,1,0.348,0.445,5
7,bcup,65,58,1,0.334,0.37,5
7,bcup,65,59,1,0.334,0.425,5
7,bcup,65,60,1,0.368,0.404,5
7,bcup,65,61,1,0.384,0.773,5
7,bcup,65,62,1,0.419,0.793,5
7,bcup,65,63,1,0.419,0.738,5
7,bcup,65,64,1,0.433,0.813,5
7,bcup,65,65,1,0.398,0.807,5
7,bcup,65,66,1,0.453,0.738,5
7,bcup,65,67,1,0.455,0.01,5
7,bcup,65,68,1,0.421,0.01,5
7,bcup,65,69,1,0.421,0.044,5
7,bcup,65,70,1,0.441,0.024,5
7,bcup,65,71,1,0.455,0.044,5
7,bcup,65,72,1,0.4,0,5
7,bcup,65,73,1,0.4,0.229,5
7,bcup,65,74,1,0.455,0.28,5
7,bcup,65,75,1,0.435,0.29,5
7,bcup,65,76,1,0.421,0.27,5
7,bcup,65,77,1,0.421,0.249,5
7,bcup,65,78,1,0.421,0.215,5
7,bcup,65,79,1,0.421,0.926,5
7,bcup,65,80,1,0.435,1,5
7,bcup,65,81,1,0.386,0.96,5
7,bcup,65,82,1,0.441,0.94,5
7,bcup,65,83,1,0.421,0.98,5
7,bcup,65,84,1,0.455,0.926,5
7,bcup,65,85,1,0.539,0.425,5
7,bcup,65,86,1,0.559,0.35,5
7,bcup,65,87,1,0.545,0.364,5
7,bcup,65,88,1,0.505,0.34,5
7,bcup,65,89,1,0.505,0.364,5
7,bcup,65,90,1,0.525,0.404,5
7,bcup,65,91,1,0.565,0.61,5
7,bcup,65,92,1,0.497,0.644,5
7,bcup,65,93,1,0.511,0.624,5
7,bcup,65,94,1,0.511,0.678,5
7,bcup,65,95,1,0.545,0.684,5
7,bcup,65,96,1,0.511,0.6,5
7,bcup,65,97,1,0.616,0.185,5
7,bcup,65,98,1,0.581,0.155,5
7,bcup,65,99,1,0.561,0.135,5
7,bcup,65,100,1,0.602,0.135,5
7,bcup,65,101,1,0.616,0.121,5
7,bcup,65,102,1,0.561,0.189,5
7,bcup,65,103,1,0.561,0.815,5
7,bcup,65,104,1,0.581,0.879,5
7,bcup,65,105,1,0.616,0.859,5
7,bcup,65,106,1,0.581,0.859,5
7,bcup,65,107,1,0.596,0.899,5
7,bcup,65,108,1,0.616,0.825,5
7,bcup,65,109,1,0.644,0.489,5
7,bcup,65,110,1,0.59,0.509,5
7,bcup,65,111,1,0.604,0.489,5
7,bcup,65,112,1,0.658,0.509,5
7,bcup,65,113,1,0.658,0.475,5
7,bcup,65,114,1,0.624,0.475,5
7,bcup,65,115,1,0.757,0.704,5
7,bcup,65,116,1,0.757,0.67,5
7,bcup,65,117,1,0.722,0.67,5
7,bcup,65,118,1,0.736,0.744,5
7,bcup,65,119,1,0.722,0.724,5
7,bcup,65,120,1,0.742,0.684,5
7,bcup,65,121,1,0.736,0.35,5
7,bcup,65,122,1,0.757,0.31,5
7,bcup,65,123,1,0.702,0.29,5
7,bcup,65,124,1,0.742,0.29,5
7,bcup,65,125,1,0.702,0.344,5
7,bcup,65,126,1,0.722,0.31,5
7,bcup,65,127,1,0.805,0.149,5
7,bcup,65,128,1,0.751,0.074,5
7,bcup,65,129,1,0.785,0.159,5
7,bcup,65,130,1,0.736,0.119,5
7,bcup,65,131,1,0.791,0.099,5
7,bcup,65,132,1,0.805,0.085,5
7,bcup,65,133,1,0.771,0.895,5
7,bcup,65,134,1,0.751,0.875,5
7,bcup,65,135,1,0.751,0.93,5
7,bcup,65,136,1,0.805,0.926,5
7,bcup,65,137,1,0.736,0.895,5
7,bcup,65,138,1,0.805,0.895,5
7,bcup,65,139,1,0.841,0.537,5
7,bcup,65,140,1,0.787,0.463,5
7,bcup,65,141,1,0.807,0.527,5
7,bcup,65,142,1,0.821,0.547,5
7,bcup,65,143,1,0.841,0.507,5
7,bcup,65,144,1,0.787,0.487,5
7,bcup,66,1,1,0.014,0.541,6
7,bcup,66,2,1,0.068,0.507,6
7,bcup,66,3,1,0.068,0.537,6
7,bcup,66,4,1,0,0.507,6
7,bcup,66,5,1,0.048,0.547,6
7,bcup,66,6,1,0.014,0.487,6
7,bcup,66,7,1,0.044,0.105,6
7,bcup,66,8,1,0.064,0.091,6
7,bcup,66,9,1,0.064,0.125,6
7,bcup,66,10,1,0.099,0.125,6
7,bcup,66,11,1,0.099,0.091,6
7,bcup,66,12,1,0.044,0.159,6
7,bcup,66,13,1,0.085,0.869,6
7,bcup,66,14,1,0.044,0.845,6
7,bcup,66,15,1,0.099,0.855,6
7,bcup,66,16,1,0.044,0.869,6
7,bcup,66,17,1,0.064,0.855,6
7,bcup,66,18,1,0.03,0.889,6
7,bcup,66,19,1,0.119,0.724,6
7,bcup,66,20,1,0.139,0.684,6
7,bcup,66,21,1,0.119,0.67,6
7,bcup,66,22,1,0.153,0.704,6
7,bcup,66,23,1,0.133,0.744,6
7,bcup,66,24,1,0.099,0.66,6
7,bcup,66,25,1,0.183,0.376,6
7,bcup,66,26,1,0.183,0.312,6
7,bcup,66,27,1,0.163,0.386,6
7,bcup,66,28,1,0.115,0.346,6
7,bcup,66,29,1,0.149,0.366,6
7,bcup,66,30,1,0.183,0.346,6
7,bcup,66,31,1,0.205,0.509,6
7,bcup,66,32,1,0.205,0.475,6
7,bcup,66,33,1,0.205,0.529,6
7,bcup,66,34,1,0.239,0.509,6
7,bcup,66,35,1,0.185,0.543,6
7,bcup,66,36,1,0.239,0.475,6
7,bcup,66,37,1,0.294,0.165,6
7,bcup,66,38,1,0.26,0.185,6
7,bcup,66,39,1,0.225,0.165,6
7,bcup,66,40,1,0.294,0.195,6
7,bcup,66,41,1,0.239,0.121,6
7,bcup,66,42,1,0.274,0.205,6
7,bcup,66,43,1,0.294,0.849,6
7,bcup,66,44,1,0.239,0.883,6
7,bcup,66,45,1,0.26,0.815,6
7,bcup,66,46,1,0.294,0.815,6
7,bcup,66,47,1,0.26,0.849,6
7,bcup,66,48,1,0.294,0.879,6
7,bcup,66,49,1,0.366,0.656,6
7,bcup,66,50,1,0.298,0.626,6
7,bcup,66,51,1,0.332,0.626,6
7,bcup,66,52,1,0.312,0.66,6
7,bcup,66,53,1,0.366,0.592,6
7,bcup,66,54,1,0.312,0.606,6
7,bcup,66,55,1,0.314,0.36,6
7,bcup,66,56,1,0.368,0.435,6
7,bcup,66,57,1,0.348,0.445,6
7,bcup,66,58,1,0.334,0.37,6
7,bcup,66,59,1,0.334,0.425,6
7,bcup,66,60,1,0.368,0.404,6
7,bcup,66,61,1,0.419,0.793,6
7,bcup,66,62,1,0.453,0.738,6
7,bcup,66,63,1,0.384,0.773,6
7,bcup,66,64,1,0.398,0.807,6
7,bcup,66,65,1,0.433,0.813,6
7,bcup,66,66,1,0.419,0.738,6
7,bcup,66,67,1,0.421,0.01,6
7,bcup,66,68,1,0.421,0.044,6
7,bcup,66,69,1,0.441,0.024,6
7,bcup,66,70,1,0.421,0.044,6
7,bcup,66,71,1,0.455,0.01,6
7,bcup,66,72,1,0.4,0,6
7,bcup,66,73,1,0.455,0.28,6
7,bcup,66,74,1,0.421,0.249,6
7,bcup,66,75,1,0.421,0.215,6
7,bcup,66,76,1,0.421,0.27,6
7,bcup,66,77,1,0.435,0.29,6
7,bcup,66,78,1,0.4,0.229,6
7,bcup,66,79,1,0.421,0.926,6
7,bcup,66,80,1,0.435,1,6
7,bcup,66,81,1,0.386,0.96,6
7,bcup,66,82,1,0.441,0.94,6
7,bcup,66,83,1,0.421,0.98,6
7,bcup,66,84,1,0.455,0.926,6
7,bcup,66,85,1,0.539,0.425,6
7,bcup,66,86,1,0.505,0.364,6
7,bcup,66,87,1,0.525,0.404,6
7,bcup,66,88,1,0.505,0.34,6
7,bcup,66,89,1,0.545,0.364,6
7,bcup,66,90,1,0.559,0.35,6
7,bcup,66,91,1,0.497,0.644,6
7,bcup,66,92,1,0.511,0.6,6
7,bcup,66,93,1,0.565,0.61,6
7,bcup,66,94,1,0.511,0.678,6
7,bcup,66,95,1,0.545,0.684,6
7,bcup,66,96,1,0.511,0.624,6
7,bcup,66,97,1,0.616,0.185,6
7,bcup,66,98,1,0.561,0.135,6
7,bcup,66,99,1,0.561,0.189,6
7,bcup,66,100,1,0.616,0.121,6
7,bcup,66,101,1,0.602,0.135,6
7,bcup,66,102,1,0.581,0.155,6
7,bcup,66,103,1,0.561,0.815,6
7,bcup,66,104,1,0.581,0.879,6
7,bcup,66,105,1,0.616,0.859,6
7,bcup,66,106,1,0.581,0.859,6
7,bcup,66,107,1,0.596,0.899,6
7,bcup,66,108,1,0.616,0.825,6
7,bcup,66,109,1,0.644,0.489,6
7,bcup,66,110,1,0.59,0.509,6
7,bcup,66,111,1,0.604,0.489,6
7,bcup,66,112,1,0.658,0.509,6
7,bcup,66,113,1,0.658,0.475,6
7,bcup,66,114,1,0.624,0.475,6
7,bcup,66,115,1,0.757,0.704,6
7,bcup,66,116,1,0.757,0.67,6
7,bcup,66,117,1,0.722,0.67,6
7,bcup,66,118,1,0.736,0.744,6
7,bcup,66,119,1,0.722,0.724,6
7,bcup,66,120,1,0.742,0.684,6
7,bcup,66,121,1,0.702,0.344,6
7,bcup,66,122,1,0.742,0.29,6
7,bcup,66,123,1,0.702,0.29,6
7,bcup,66,124,1,0.722,0.31,6
7,bcup,66,125,1,0.736,0.35,6
7,bcup,66,126,1,0.757,0.31,6
7,bcup,66,127,1,0.771,0.119,6
7,bcup,66,128,1,0.736,0.119,6
7,bcup,66,129,1,0.805,0.149,6
7,bcup,66,130,1,0.791,0.099,6
7,bcup,66,131,1,0.751,0.074,6
7,bcup,66,132,1,0.785,0.159,6
7,bcup,66,133,1,0.771,0.895,6
7,bcup,66,134,1,0.751,0.875,6
7,bcup,66,135,1,0.751,0.93,6
7,bcup,66,136,1,0.805,0.926,6
7,bcup,66,137,1,0.736,0.895,6
7,bcup,66,138,1,0.805,0.895,6
7,bcup,66,139,1,0.841,0.537,6
7,bcup,66,140,1,0.787,0.463,6
7,bcup,66,141,1,0.807,0.527,6
7,bcup,66,142,1,0.821,0.547,6
7,bcup,66,143,1,0.841,0.507,6
7,bcup,66,144,1,0.787,0.487,6
7,bcup,67,1,1,0,0.507,7
7,bcup,67,2,1,0.014,0.541,7
7,bcup,67,3,1,0.068,0.507,7
7,bcup,67,4,1,0.048,0.547,7
7,bcup,67,5,1,0.068,0.537,7
7,bcup,67,6,1,0.014,0.487,7
7,bcup,67,7,1,0.099,0.125,7
7,bcup,67,8,1,0.064,0.125,7
7,bcup,67,9,1,0.044,0.105,7
7,bcup,67,10,1,0.064,0.091,7
7,bcup,67,11,1,0.044,0.159,7
7,bcup,67,12,1,0.099,0.091,7
7,bcup,67,13,1,0.085,0.869,7
7,bcup,67,14,1,0.044,0.845,7
7,bcup,67,15,1,0.099,0.855,7
7,bcup,67,16,1,0.044,0.869,7
7,bcup,67,17,1,0.064,0.855,7
7,bcup,67,18,1,0.03,0.889,7
7,bcup,67,19,1,0.119,0.724,7
7,bcup,67,20,1,0.139,0.684,7
7,bcup,67,21,1,0.119,0.67,7
7,bcup,67,22,1,0.153,0.704,7
7,bcup,67,23,1,0.133,0.744,7
7,bcup,67,24,1,0.099,0.66,7
7,bcup,67,25,1,0.183,0.376,7
7,bcup,67,26,1,0.183,0.346,7
7,bcup,67,27,1,0.183,0.312,7
7,bcup,67,28,1,0.115,0.346,7
7,bcup,67,29,1,0.163,0.386,7
7,bcup,67,30,1,0.149,0.366,7
7,bcup,67,31,1,0.239,0.509,7
7,bcup,67,32,1,0.239,0.475,7
7,bcup,67,33,1,0.205,0.529,7
7,bcup,67,34,1,0.205,0.509,7
7,bcup,67,35,1,0.185,0.543,7
7,bcup,67,36,1,0.205,0.475,7
7,bcup,67,37,1,0.225,0.165,7
7,bcup,67,38,1,0.239,0.121,7
7,bcup,67,39,1,0.26,0.185,7
7,bcup,67,40,1,0.274,0.205,7
7,bcup,67,41,1,0.294,0.165,7
7,bcup,67,42,1,0.294,0.195,7
7,bcup,67,43,1,0.294,0.849,7
7,bcup,67,44,1,0.239,0.883,7
7,bcup,67,45,1,0.26,0.815,7
7,bcup,67,46,1,0.294,0.815,7
7,bcup,67,47,1,0.26,0.849,7
7,bcup,67,48,1,0.294,0.879,7
7,bcup,67,49,1,0.298,0.626,7
7,bcup,67,50,1,0.366,0.592,7
7,bcup,67,51,1,0.332,0.626,7
7,bcup,67,52,1,0.312,0.66,7
7,bcup,67,53,1,0.366,0.656,7
7,bcup,67,54,1,0.312,0.606,7
7,bcup,67,55,1,0.314,0.36,7
7,bcup,67,56,1,0.368,0.435,7
7,bcup,67,57,1,0.348,0.445,7
7,bcup,67,58,1,0.334,0.37,7
7,bcup,67,59,1,0.334,0.425,7
7,bcup,67,60,1,0.368,0.404,7
7,bcup,67,61,1,0.419,0.793,7
7,bcup,67,62,1,0.453,0.738,7
7,bcup,67,63,1,0.384,0.773,7
7,bcup,67,64,1,0.398,0.807,7
7,bcup,67,65,1,0.433,0.813,7
7,bcup,67,66,1,0.419,0.738,7
7,bcup,67,67,1,0.441,0.024,7
7,bcup,67,68,1,0.421,0.01,7
7,bcup,67,69,1,0.4,0,7
7,bcup,67,70,1,0.421,0.044,7
7,bcup,67,71,1,0.455,0.044,7
7,bcup,67,72,1,0.455,0.01,7
7,bcup,67,73,1,0.4,0.229,7
7,bcup,67,74,1,0.455,0.28,7
7,bcup,67,75,1,0.435,0.29,7
7,bcup,67,76,1,0.421,0.27,7
7,bcup,67,77,1,0.421,0.249,7
7,bcup,67,78,1,0.421,0.215,7
7,bcup,67,79,1,0.421,0.926,7
7,bcup,67,80,1,0.435,1,7
7,bcup,67,81,1,0.386,0.96,7
7,bcup,67,82,1,0.441,0.94,7
7,bcup,67,83,1,0.421,0.98,7
7,bcup,67,84,1,0.455,0.926,7
7,bcup,67,85,1,0.505,0.34,7
7,bcup,67,86,1,0.539,0.425,7
7,bcup,67,87,1,0.559,0.35,7
7,bcup,67,88,1,0.525,0.404,7
7,bcup,67,89,1,0.505,0.364,7
7,bcup,67,90,1,0.545,0.364,7
7,bcup,67,91,1,0.497,0.644,7
7,bcup,67,92,1,0.511,0.6,7
7,bcup,67,93,1,0.565,0.61,7
7,bcup,67,94,1,0.511,0.678,7
7,bcup,67,95,1,0.545,0.684,7
7,bcup,67,96,1,0.511,0.624,7
7,bcup,67,97,1,0.561,0.189,7
7,bcup,67,98,1,0.581,0.155,7
7,bcup,67,99,1,0.616,0.185,7
7,bcup,67,100,1,0.602,0.135,7
7,bcup,67,101,1,0.616,0.121,7
7,bcup,67,102,1,0.561,0.135,7
7,bcup,67,103,1,0.561,0.815,7
7,bcup,67,104,1,0.581,0.879,7
7,bcup,67,105,1,0.616,0.859,7
7,bcup,67,106,1,0.581,0.859,7
7,bcup,67,107,1,0.596,0.899,7
7,bcup,67,108,1,0.616,0.825,7
7,bcup,67,109,1,0.624,0.475,7
7,bcup,67,110,1,0.604,0.489,7
7,bcup,67,111,1,0.658,0.475,7
7,bcup,67,112,1,0.658,0.509,7
7,bcup,67,113,1,0.59,0.509,7
7,bcup,67,114,1,0.644,0.489,7
7,bcup,67,115,1,0.757,0.704,7
7,bcup,67,116,1,0.757,0.67,7
7,bcup,67,117,1,0.722,0.67,7
7,bcup,67,118,1,0.736,0.744,7
7,bcup,67,119,1,0.722,0.724,7
7,bcup,67,120,1,0.742,0.684,7
7,bcup,67,121,1,0.702,0.344,7
7,bcup,67,122,1,0.742,0.29,7
7,bcup,67,123,1,0.702,0.29,7
7,bcup,67,124,1,0.736,0.35,7
7,bcup,67,125,1,0.722,0.31,7
7,bcup,67,126,1,0.757,0.31,7
7,bcup,67,127,1,0.791,0.099,7
7,bcup,67,128,1,0.805,0.149,7
7,bcup,67,129,1,0.805,0.085,7
7,bcup,67,130,1,0.751,0.074,7
7,bcup,67,131,1,0.785,0.159,7
7,bcup,67,132,1,0.736,0.119,7
7,bcup,67,133,1,0.771,0.895,7
7,bcup,67,134,1,0.751,0.875,7
7,bcup,67,135,1,0.751,0.93,7
7,bcup,67,136,1,0.805,0.926,7
7,bcup,67,137,1,0.736,0.895,7
7,bcup,67,138,1,0.805,0.895,7
7,bcup,67,139,1,0.841,0.537,7
7,bcup,67,140,1,0.787,0.463,7
7,bcup,67,141,1,0.807,0.527,7
7,bcup,67,142,1,0.821,0.547,7
7,bcup,67,143,1,0.841,0.507,7
7,bcup,67,144,1,0.787,0.487,7
7,bcup,68,1,1,0,0.507,8
7,bcup,68,2,1,0.014,0.541,8
7,bcup,68,3,1,0.068,0.507,8
7,bcup,68,4,1,0.048,0.547,8
7,bcup,68,5,1,0.068,0.537,8
7,bcup,68,6,1,0.014,0.487,8
7,bcup,68,7,1,0.099,0.125,8
7,bcup,68,8,1,0.044,0.105,8
7,bcup,68,9,1,0.064,0.125,8
7,bcup,68,10,1,0.064,0.091,8
7,bcup,68,11,1,0.044,0.159,8
7,bcup,68,12,1,0.099,0.091,8
7,bcup,68,13,1,0.085,0.869,8
7,bcup,68,14,1,0.044,0.845,8
7,bcup,68,15,1,0.099,0.855,8
7,bcup,68,16,1,0.044,0.869,8
7,bcup,68,17,1,0.064,0.855,8
7,bcup,68,18,1,0.03,0.889,8
7,bcup,68,19,1,0.119,0.724,8
7,bcup,68,20,1,0.139,0.684,8
7,bcup,68,21,1,0.119,0.67,8
7,bcup,68,22,1,0.153,0.704,8
7,bcup,68,23,1,0.133,0.744,8
7,bcup,68,24,1,0.099,0.66,8
7,bcup,68,25,1,0.183,0.376,8
7,bcup,68,26,1,0.183,0.346,8
7,bcup,68,27,1,0.163,0.386,8
7,bcup,68,28,1,0.149,0.346,8
7,bcup,68,29,1,0.115,0.346,8
7,bcup,68,30,1,0.149,0.366,8
7,bcup,68,31,1,0.185,0.543,8
7,bcup,68,32,1,0.205,0.529,8
7,bcup,68,33,1,0.239,0.509,8
7,bcup,68,34,1,0.205,0.509,8
7,bcup,68,35,1,0.239,0.475,8
7,bcup,68,36,1,0.205,0.475,8
7,bcup,68,37,1,0.225,0.165,8
7,bcup,68,38,1,0.239,0.121,8
7,bcup,68,39,1,0.294,0.195,8
7,bcup,68,40,1,0.294,0.165,8
7,bcup,68,41,1,0.274,0.205,8
7,bcup,68,42,1,0.26,0.185,8
7,bcup,68,43,1,0.294,0.849,8
7,bcup,68,44,1,0.239,0.883,8
7,bcup,68,45,1,0.26,0.815,8
7,bcup,68,46,1,0.294,0.815,8
7,bcup,68,47,1,0.26,0.849,8
7,bcup,68,48,1,0.294,0.879,8
7,bcup,68,49,1,0.298,0.626,8
7,bcup,68,50,1,0.366,0.592,8
7,bcup,68,51,1,0.332,0.626,8
7,bcup,68,52,1,0.312,0.66,8
7,bcup,68,53,1,0.366,0.656,8
7,bcup,68,54,1,0.312,0.606,8
7,bcup,68,55,1,0.368,0.404,8
7,bcup,68,56,1,0.348,0.445,8
7,bcup,68,57,1,0.368,0.435,8
7,bcup,68,58,1,0.334,0.425,8
7,bcup,68,59,1,0.314,0.36,8
7,bcup,68,60,1,0.334,0.37,8
7,bcup,68,61,1,0.419,0.793,8
7,bcup,68,62,1,0.453,0.738,8
7,bcup,68,63,1,0.384,0.773,8
7,bcup,68,64,1,0.398,0.807,8
7,bcup,68,65,1,0.433,0.813,8
7,bcup,68,66,1,0.419,0.738,8
7,bcup,68,67,1,0.4,0,8
7,bcup,68,68,1,0.441,0.024,8
7,bcup,68,69,1,0.455,0.01,8
7,bcup,68,70,1,0.455,0.044,8
7,bcup,68,71,1,0.421,0.044,8
7,bcup,68,72,1,0.421,0.01,8
7,bcup,68,73,1,0.455,0.28,8
7,bcup,68,74,1,0.421,0.215,8
7,bcup,68,75,1,0.421,0.249,8
7,bcup,68,76,1,0.421,0.27,8
7,bcup,68,77,1,0.435,0.29,8
7,bcup,68,78,1,0.4,0.229,8
7,bcup,68,79,1,0.421,0.926,8
7,bcup,68,80,1,0.435,1,8
7,bcup,68,81,1,0.386,0.96,8
7,bcup,68,82,1,0.441,0.94,8
7,bcup,68,83,1,0.421,0.98,8
7,bcup,68,84,1,0.455,0.926,8
7,bcup,68,85,1,0.539,0.425,8
7,bcup,68,86,1,0.559,0.35,8
7,bcup,68,87,1,0.545,0.364,8
7,bcup,68,88,1,0.505,0.34,8
7,bcup,68,89,1,0.505,0.364,8
7,bcup,68,90,1,0.525,0.404,8
7,bcup,68,91,1,0.497,0.644,8
7,bcup,68,92,1,0.511,0.6,8
7,bcup,68,93,1,0.565,0.61,8
7,bcup,68,94,1,0.511,0.678,8
7,bcup,68,95,1,0.545,0.684,8
7,bcup,68,96,1,0.511,0.624,8
7,bcup,68,97,1,0.616,0.185,8
7,bcup,68,98,1,0.581,0.155,8
7,bcup,68,99,1,0.561,0.135,8
7,bcup,68,100,1,0.602,0.135,8
7,bcup,68,101,1,0.616,0.121,8
7,bcup,68,102,1,0.561,0.189,8
7,bcup,68,103,1,0.561,0.815,8
7,bcup,68,104,1,0.581,0.879,8
7,bcup,68,105,1,0.616,0.859,8
7,bcup,68,106,1,0.581,0.859,8
7,bcup,68,107,1,0.596,0.899,8
7,bcup,68,108,1,0.616,0.825,8
7,bcup,68,109,1,0.644,0.489,8
7,bcup,68,110,1,0.59,0.509,8
7,bcup,68,111,1,0.604,0.489,8
7,bcup,68,112,1,0.658,0.509,8
7,bcup,68,113,1,0.658,0.475,8
7,bcup,68,114,1,0.624,0.475,8
7,bcup,68,115,1,0.757,0.704,8
7,bcup,68,116,1,0.757,0.67,8
7,bcup,68,117,1,0.722,0.67,8
7,bcup,68,118,1,0.736,0.744,8
7,bcup,68,119,1,0.722,0.724,8
7,bcup,68,120,1,0.742,0.684,8
7,bcup,68,121,1,0.736,0.35,8
7,bcup,68,122,1,0.757,0.31,8
7,bcup,68,123,1,0.702,0.29,8
7,bcup,68,124,1,0.742,0.29,8
7,bcup,68,125,1,0.702,0.344,8
7,bcup,68,126,1,0.722,0.31,8
7,bcup,68,127,1,0.805,0.149,8
7,bcup,68,128,1,0.751,0.074,8
7,bcup,68,129,1,0.785,0.159,8
7,bcup,68,130,1,0.736,0.119,8
7,bcup,68,131,1,0.791,0.099,8
7,bcup,68,132,1,0.805,0.085,8
7,bcup,68,133,1,0.771,0.895,8
7,bcup,68,134,1,0.751,0.875,8
7,bcup,68,135,1,0.751,0.93,8
7,bcup,68,136,1,0.805,0.926,8
7,bcup,68,137,1,0.736,0.895,8
7,bcup,68,138,1,0.805,0.895,8
7,bcup,68,139,1,0.841,0.537,8
7,bcup,68,140,1,0.787,0.463,8
7,bcup,68,141,1,0.807,0.527,8
7,bcup,68,142,1,0.821,0.547,8
7,bcup,68,143,1,0.841,0.507,8
7,bcup,68,144,1,0.787,0.487,8
7,bcup,69,1,1,0.014,0.541,9
7,bcup,69,2,1,0.068,0.507,9
7,bcup,69,3,1,0.068,0.537,9
7,bcup,69,4,1,0,0.507,9
7,bcup,69,5,1,0.048,0.547,9
7,bcup,69,6,1,0.014,0.487,9
7,bcup,69,7,1,0.099,0.091,9
7,bcup,69,8,1,0.044,0.105,9
7,bcup,69,9,1,0.064,0.125,9
7,bcup,69,10,1,0.064,0.091,9
7,bcup,69,11,1,0.099,0.125,9
7,bcup,69,12,1,0.044,0.159,9
7,bcup,69,13,1,0.085,0.869,9
7,bcup,69,14,1,0.044,0.845,9
7,bcup,69,15,1,0.099,0.855,9
7,bcup,69,16,1,0.044,0.869,9
7,bcup,69,17,1,0.064,0.855,9
7,bcup,69,18,1,0.03,0.889,9
7,bcup,69,19,1,0.119,0.724,9
7,bcup,69,20,1,0.139,0.684,9
7,bcup,69,21,1,0.119,0.67,9
7,bcup,69,22,1,0.153,0.704,9
7,bcup,69,23,1,0.133,0.744,9
7,bcup,69,24,1,0.099,0.66,9
7,bcup,69,25,1,0.183,0.376,9
7,bcup,69,26,1,0.183,0.312,9
7,bcup,69,27,1,0.163,0.386,9
7,bcup,69,28,1,0.115,0.346,9
7,bcup,69,29,1,0.149,0.366,9
7,bcup,69,30,1,0.183,0.346,9
7,bcup,69,31,1,0.205,0.509,9
7,bcup,69,32,1,0.205,0.475,9
7,bcup,69,33,1,0.205,0.529,9
7,bcup,69,34,1,0.239,0.509,9
7,bcup,69,35,1,0.185,0.543,9
7,bcup,69,36,1,0.239,0.475,9
7,bcup,69,37,1,0.225,0.165,9
7,bcup,69,38,1,0.239,0.121,9
7,bcup,69,39,1,0.294,0.195,9
7,bcup,69,40,1,0.274,0.205,9
7,bcup,69,41,1,0.294,0.165,9
7,bcup,69,42,1,0.26,0.185,9
7,bcup,69,43,1,0.26,0.815,9
7,bcup,69,44,1,0.294,0.815,9
7,bcup,69,45,1,0.26,0.849,9
7,bcup,69,46,1,0.294,0.879,9
7,bcup,69,47,1,0.239,0.883,9
7,bcup,69,48,1,0.294,0.849,9
7,bcup,69,49,1,0.366,0.656,9
7,bcup,69,50,1,0.298,0.626,9
7,bcup,69,51,1,0.332,0.626,9
7,bcup,69,52,1,0.312,0.66,9
7,bcup,69,53,1,0.366,0.592,9
7,bcup,69,54,1,0.312,0.606,9
7,bcup,69,55,1,0.314,0.36,9
7,bcup,69,56,1,0.368,0.435,9
7,bcup,69,57,1,0.348,0.445,9
7,bcup,69,58,1,0.334,0.37,9
7,bcup,69,59,1,0.334,0.425,9
7,bcup,69,60,1,0.368,0.404,9
7,bcup,69,61,1,0.433,0.813,9
7,bcup,69,62,1,0.419,0.793,9
7,bcup,69,63,1,0.419,0.738,9
7,bcup,69,64,1,0.398,0.807,9
7,bcup,69,65,1,0.384,0.773,9
7,bcup,69,66,1,0.453,0.738,9
7,bcup,69,67,1,0.455,0.01,9
7,bcup,69,68,1,0.421,0.01,9
7,bcup,69,69,1,0.421,0.044,9
7,bcup,69,70,1,0.441,0.024,9
7,bcup,69,71,1,0.455,0.044,9
7,bcup,69,72,1,0.4,0,9
7,bcup,69,73,1,0.4,0.229,9
7,bcup,69,74,1,0.455,0.28,9
7,bcup,69,75,1,0.435,0.29,9
7,bcup,69,76,1,0.421,0.27,9
7,bcup,69,77,1,0.421,0.249,9
7,bcup,69,78,1,0.421,0.215,9
7,bcup,69,79,1,0.455,0.926,9
7,bcup,69,80,1,0.421,0.98,9
7,bcup,69,81,1,0.441,0.94,9
7,bcup,69,82,1,0.435,1,9
7,bcup,69,83,1,0.386,0.96,9
7,bcup,69,84,1,0.421,0.926,9
7,bcup,69,85,1,0.539,0.425,9
7,bcup,69,86,1,0.559,0.35,9
7,bcup,69,87,1,0.545,0.364,9
7,bcup,69,88,1,0.505,0.34,9
7,bcup,69,89,1,0.505,0.364,9
7,bcup,69,90,1,0.525,0.404,9
7,bcup,69,91,1,0.565,0.61,9
7,bcup,69,92,1,0.497,0.644,9
7,bcup,69,93,1,0.511,0.624,9
7,bcup,69,94,1,0.511,0.678,9
7,bcup,69,95,1,0.545,0.684,9
7,bcup,69,96,1,0.511,0.6,9
7,bcup,69,97,1,0.616,0.185,9
7,bcup,69,98,1,0.581,0.155,9
7,bcup,69,99,1,0.561,0.135,9
7,bcup,69,100,1,0.602,0.135,9
7,bcup,69,101,1,0.616,0.121,9
7,bcup,69,102,1,0.561,0.189,9
7,bcup,69,103,1,0.616,0.825,9
7,bcup,69,104,1,0.581,0.879,9
7,bcup,69,105,1,0.561,0.815,9
7,bcup,69,106,1,0.581,0.859,9
7,bcup,69,107,1,0.616,0.859,9
7,bcup,69,108,1,0.596,0.899,9
7,bcup,69,109,1,0.624,0.475,9
7,bcup,69,110,1,0.644,0.489,9
7,bcup,69,111,1,0.59,0.509,9
7,bcup,69,112,1,0.624,0.509,9
7,bcup,69,113,1,0.658,0.475,9
7,bcup,69,114,1,0.604,0.489,9
7,bcup,69,115,1,0.722,0.67,9
7,bcup,69,116,1,0.757,0.704,9
7,bcup,69,117,1,0.742,0.684,9
7,bcup,69,118,1,0.722,0.724,9
7,bcup,69,119,1,0.736,0.744,9
7,bcup,69,120,1,0.757,0.67,9
7,bcup,69,121,1,0.757,0.31,9
7,bcup,69,122,1,0.722,0.31,9
7,bcup,69,123,1,0.742,0.29,9
7,bcup,69,124,1,0.702,0.344,9
7,bcup,69,125,1,0.736,0.35,9
7,bcup,69,126,1,0.702,0.29,9
7,bcup,69,127,1,0.805,0.149,9
7,bcup,69,128,1,0.751,0.074,9
7,bcup,69,129,1,0.785,0.159,9
7,bcup,69,130,1,0.736,0.119,9
7,bcup,69,131,1,0.791,0.099,9
7,bcup,69,132,1,0.805,0.085,9
7,bcup,69,133,1,0.751,0.93,9
7,bcup,69,134,1,0.805,0.926,9
7,bcup,69,135,1,0.805,0.895,9
7,bcup,69,136,1,0.751,0.875,9
7,bcup,69,137,1,0.736,0.895,9
7,bcup,69,138,1,0.771,0.895,9
7,bcup,69,139,1,0.807,0.527,9
7,bcup,69,140,1,0.841,0.537,9
7,bcup,69,141,1,0.787,0.463,9
7,bcup,69,142,1,0.841,0.507,9
7,bcup,69,143,1,0.821,0.547,9
7,bcup,69,144,1,0.807,0.507,9
7,bcup,70,1,1,0.014,0.541,10
7,bcup,70,2,1,0.068,0.507,10
7,bcup,70,3,1,0.068,0.537,10
7,bcup,70,4,1,0,0.507,10
7,bcup,70,5,1,0.048,0.547,10
7,bcup,70,6,1,0.014,0.487,10
7,bcup,70,7,1,0.099,0.091,10
7,bcup,70,8,1,0.044,0.105,10
7,bcup,70,9,1,0.064,0.125,10
7,bcup,70,10,1,0.064,0.091,10
7,bcup,70,11,1,0.099,0.125,10
7,bcup,70,12,1,0.044,0.159,10
7,bcup,70,13,1,0.085,0.869,10
7,bcup,70,14,1,0.044,0.845,10
7,bcup,70,15,1,0.099,0.855,10
7,bcup,70,16,1,0.044,0.869,10
7,bcup,70,17,1,0.064,0.855,10
7,bcup,70,18,1,0.03,0.889,10
7,bcup,70,19,1,0.119,0.724,10
7,bcup,70,20,1,0.139,0.684,10
7,bcup,70,21,1,0.119,0.67,10
7,bcup,70,22,1,0.153,0.704,10
7,bcup,70,23,1,0.133,0.744,10
7,bcup,70,24,1,0.099,0.66,10
7,bcup,70,25,1,0.183,0.376,10
7,bcup,70,26,1,0.183,0.312,10
7,bcup,70,27,1,0.163,0.386,10
7,bcup,70,28,1,0.115,0.346,10
7,bcup,70,29,1,0.149,0.366,10
7,bcup,70,30,1,0.183,0.346,10
7,bcup,70,31,1,0.205,0.509,10
7,bcup,70,32,1,0.205,0.475,10
7,bcup,70,33,1,0.205,0.529,10
7,bcup,70,34,1,0.239,0.509,10
7,bcup,70,35,1,0.185,0.543,10
7,bcup,70,36,1,0.239,0.475,10
7,bcup,70,37,1,0.225,0.165,10
7,bcup,70,38,1,0.239,0.121,10
7,bcup,70,39,1,0.294,0.195,10
7,bcup,70,40,1,0.274,0.205,10
7,bcup,70,41,1,0.294,0.165,10
7,bcup,70,42,1,0.26,0.185,10
7,bcup,70,43,1,0.294,0.849,10
7,bcup,70,44,1,0.239,0.883,10
7,bcup,70,45,1,0.26,0.815,10
7,bcup,70,46,1,0.294,0.815,10
7,bcup,70,47,1,0.26,0.849,10
7,bcup,70,48,1,0.294,0.879,10
7,bcup,70,49,1,0.366,0.656,10
7,bcup,70,50,1,0.298,0.626,10
7,bcup,70,51,1,0.332,0.626,10
7,bcup,70,52,1,0.312,0.66,10
7,bcup,70,53,1,0.366,0.592,10
7,bcup,70,54,1,0.312,0.606,10
7,bcup,70,55,1,0.368,0.404,10
7,bcup,70,56,1,0.368,0.435,10
7,bcup,70,57,1,0.314,0.36,10
7,bcup,70,58,1,0.334,0.425,10
7,bcup,70,59,1,0.348,0.445,10
7,bcup,70,60,1,0.334,0.37,10
7,bcup,70,61,1,0.419,0.738,10
7,bcup,70,62,1,0.398,0.807,10
7,bcup,70,63,1,0.384,0.773,10
7,bcup,70,64,1,0.453,0.738,10
7,bcup,70,65,1,0.419,0.793,10
7,bcup,70,66,1,0.433,0.813,10
7,bcup,70,67,1,0.455,0.01,10
7,bcup,70,68,1,0.421,0.01,10
7,bcup,70,69,1,0.421,0.044,10
7,bcup,70,70,1,0.441,0.024,10
7,bcup,70,71,1,0.455,0.044,10
7,bcup,70,72,1,0.4,0,10
7,bcup,70,73,1,0.421,0.249,10
7,bcup,70,74,1,0.455,0.28,10
7,bcup,70,75,1,0.4,0.229,10
7,bcup,70,76,1,0.435,0.29,10
7,bcup,70,77,1,0.421,0.27,10
7,bcup,70,78,1,0.421,0.215,10
7,bcup,70,79,1,0.421,0.926,10
7,bcup,70,80,1,0.435,1,10
7,bcup,70,81,1,0.386,0.96,10
7,bcup,70,82,1,0.441,0.94,10
7,bcup,70,83,1,0.421,0.98,10
7,bcup,70,84,1,0.455,0.926,10
7,bcup,70,85,1,0.525,0.404,10
7,bcup,70,86,1,0.559,0.35,10
7,bcup,70,87,1,0.545,0.364,10
7,bcup,70,88,1,0.539,0.425,10
7,bcup,70,89,1,0.505,0.34,10
7,bcup,70,90,1,0.505,0.364,10
7,bcup,70,91,1,0.565,0.61,10
7,bcup,70,92,1,0.545,0.684,10
7,bcup,70,93,1,0.511,0.624,10
7,bcup,70,94,1,0.511,0.6,10
7,bcup,70,95,1,0.497,0.644,10
7,bcup,70,96,1,0.511,0.678,10
7,bcup,70,97,1,0.616,0.185,10
7,bcup,70,98,1,0.581,0.155,10
7,bcup,70,99,1,0.561,0.135,10
7,bcup,70,100,1,0.602,0.135,10
7,bcup,70,101,1,0.616,0.121,10
7,bcup,70,102,1,0.561,0.189,10
7,bcup,70,103,1,0.561,0.815,10
7,bcup,70,104,1,0.596,0.899,10
7,bcup,70,105,1,0.616,0.859,10
7,bcup,70,106,1,0.581,0.859,10
7,bcup,70,107,1,0.616,0.825,10
7,bcup,70,108,1,0.581,0.879,10
7,bcup,70,109,1,0.624,0.475,10
7,bcup,70,110,1,0.644,0.489,10
7,bcup,70,111,1,0.604,0.489,10
7,bcup,70,112,1,0.624,0.509,10
7,bcup,70,113,1,0.658,0.475,10
7,bcup,70,114,1,0.658,0.509,10
7,bcup,70,115,1,0.722,0.67,10
7,bcup,70,116,1,0.757,0.704,10
7,bcup,70,117,1,0.736,0.744,10
7,bcup,70,118,1,0.742,0.684,10
7,bcup,70,119,1,0.722,0.724,10
7,bcup,70,120,1,0.757,0.67,10
7,bcup,70,121,1,0.722,0.31,10
7,bcup,70,122,1,0.702,0.344,10
7,bcup,70,123,1,0.702,0.29,10
7,bcup,70,124,1,0.742,0.29,10
7,bcup,70,125,1,0.736,0.35,10
7,bcup,70,126,1,0.757,0.31,10
7,bcup,70,127,1,0.805,0.149,10
7,bcup,70,128,1,0.751,0.074,10
7,bcup,70,129,1,0.785,0.159,10
7,bcup,70,130,1,0.736,0.119,10
7,bcup,70,131,1,0.791,0.099,10
7,bcup,70,132,1,0.805,0.085,10
7,bcup,70,133,1,0.771,0.895,10
7,bcup,70,134,1,0.751,0.875,10
7,bcup,70,135,1,0.751,0.93,10
7,bcup,70,136,1,0.805,0.926,10
7,bcup,70,137,1,0.736,0.895,10
7,bcup,70,138,1,0.805,0.895,10
7,bcup,70,139,1,0.807,0.507,10
7,bcup,70,140,1,0.841,0.537,10
7,bcup,70,141,1,0.821,0.547,10
7,bcup,70,142,1,0.841,0.507,10
7,bcup,70,143,1,0.807,0.527,10
7,bcup,70,144,1,0.787,0.463,10
8,bcup,71,1,1,0.054,0.487,1
8,bcup,71,2,1,0.014,0.463,1
8,bcup,71,3,1,0.048,0.547,1
8,bcup,71,4,1,0.014,0.487,1
8,bcup,71,5,1,0,0.507,1
8,bcup,71,6,1,0.034,0.473,1
8,bcup,71,7,1,0.064,0.125,1
8,bcup,71,8,1,0.085,0.105,1
8,bcup,71,9,1,0.03,0.125,1
8,bcup,71,10,1,0.044,0.159,1
8,bcup,71,11,1,0.044,0.08,1
8,bcup,71,12,1,0.064,0.145,1
8,bcup,71,13,1,0.099,0.889,1
8,bcup,71,14,1,0.064,0.855,1
8,bcup,71,15,1,0.099,0.855,1
8,bcup,71,16,1,0.064,0.909,1
8,bcup,71,17,1,0.03,0.889,1
8,bcup,71,18,1,0.085,0.869,1
8,bcup,71,19,1,0.139,0.684,1
8,bcup,71,20,1,0.085,0.704,1
8,bcup,71,21,1,0.153,0.734,1
8,bcup,71,22,1,0.099,0.66,1
8,bcup,71,23,1,0.119,0.704,1
8,bcup,71,24,1,0.099,0.738,1
8,bcup,71,25,1,0.149,0.312,1
8,bcup,71,26,1,0.129,0.302,1
8,bcup,71,27,1,0.169,0.326,1
8,bcup,71,28,1,0.129,0.326,1
8,bcup,71,29,1,0.163,0.386,1
8,bcup,71,30,1,0.183,0.312,1
8,bcup,71,31,1,0.225,0.489,1
8,bcup,71,32,1,0.171,0.509,1
8,bcup,71,33,1,0.185,0.465,1
8,bcup,71,34,1,0.185,0.489,1
8,bcup,71,35,1,0.205,0.475,1
8,bcup,71,36,1,0.205,0.529,1
8,bcup,71,37,1,0.294,0.131,1
8,bcup,71,38,1,0.239,0.199,1
8,bcup,71,39,1,0.239,0.145,1
8,bcup,71,40,1,0.294,0.165,1
8,bcup,71,41,1,0.26,0.185,1
8,bcup,71,42,1,0.294,0.195,1
8,bcup,71,43,1,0.28,0.829,1
8,bcup,71,44,1,0.294,0.849,1
8,bcup,71,45,1,0.294,0.815,1
8,bcup,71,46,1,0.26,0.849,1
8,bcup,71,47,1,0.225,0.849,1
8,bcup,71,48,1,0.239,0.805,1
8,bcup,71,49,1,0.312,0.66,1
8,bcup,71,50,1,0.312,0.606,1
8,bcup,71,51,1,0.346,0.666,1
8,bcup,71,52,1,0.366,0.656,1
8,bcup,71,53,1,0.312,0.581,1
8,bcup,71,54,1,0.298,0.626,1
8,bcup,71,55,1,0.354,0.384,1
8,bcup,71,56,1,0.3,0.404,1
8,bcup,71,57,1,0.334,0.404,1
8,bcup,71,58,1,0.368,0.404,1
8,bcup,71,59,1,0.334,0.37,1
8,bcup,71,60,1,0.368,0.435,1
8,bcup,71,61,1,0.453,0.738,1
8,bcup,71,62,1,0.433,0.813,1
8,bcup,71,63,1,0.398,0.728,1
8,bcup,71,64,1,0.453,0.803,1
8,bcup,71,65,1,0.398,0.753,1
8,bcup,71,66,1,0.398,0.807,1
8,bcup,71,67,1,0.386,0.044,1
8,bcup,71,68,1,0.441,0.024,1
8,bcup,71,69,1,0.455,0.074,1
8,bcup,71,70,1,0.4,0,1
8,bcup,71,71,1,0.421,0.01,1
8,bcup,71,72,1,0.4,0.078,1
8,bcup,71,73,1,0.421,0.249,1
8,bcup,71,74,1,0.455,0.28,1
8,bcup,71,75,1,0.421,0.215,1
8,bcup,71,76,1,0.386,0.249,1
8,bcup,71,77,1,0.4,0.229,1
8,bcup,71,78,1,0.441,0.229,1
8,bcup,71,79,1,0.455,0.926,1
8,bcup,71,80,1,0.441,0.94,1
8,bcup,71,81,1,0.455,0.96,1
8,bcup,71,82,1,0.421,0.96,1
8,bcup,71,83,1,0.4,0.994,1
8,bcup,71,84,1,0.4,0.94,1
8,bcup,71,85,1,0.505,0.419,1
8,bcup,71,86,1,0.545,0.364,1
8,bcup,71,87,1,0.559,0.384,1
8,bcup,71,88,1,0.491,0.384,1
8,bcup,71,89,1,0.505,0.34,1
8,bcup,71,90,1,0.559,0.414,1
8,bcup,71,91,1,0.531,0.644,1
8,bcup,71,92,1,0.551,0.624,1
8,bcup,71,93,1,0.565,0.674,1
8,bcup,71,94,1,0.565,0.644,1
8,bcup,71,95,1,0.511,0.678,1
8,bcup,71,96,1,0.545,0.684,1
8,bcup,71,97,1,0.561,0.111,1
8,bcup,71,98,1,0.547,0.155,1
8,bcup,71,99,1,0.561,0.135,1
8,bcup,71,100,1,0.616,0.185,1
8,bcup,71,101,1,0.616,0.121,1
8,bcup,71,102,1,0.616,0.155,1
8,bcup,71,103,1,0.596,0.899,1
8,bcup,71,104,1,0.581,0.825,1
8,bcup,71,105,1,0.561,0.893,1
8,bcup,71,106,1,0.616,0.859,1
8,bcup,71,107,1,0.561,0.839,1
8,bcup,71,108,1,0.616,0.889,1
8,bcup,71,109,1,0.658,0.539,1
8,bcup,71,110,1,0.658,0.509,1
8,bcup,71,111,1,0.604,0.489,1
8,bcup,71,112,1,0.624,0.529,1
8,bcup,71,113,1,0.658,0.475,1
8,bcup,71,114,1,0.624,0.509,1
8,bcup,71,115,1,0.736,0.744,1
8,bcup,71,116,1,0.722,0.704,1
8,bcup,71,117,1,0.757,0.67,1
8,bcup,71,118,1,0.742,0.684,1
8,bcup,71,119,1,0.702,0.66,1
8,bcup,71,120,1,0.722,0.67,1
8,bcup,71,121,1,0.702,0.266,1
8,bcup,71,122,1,0.688,0.31,1
8,bcup,71,123,1,0.702,0.29,1
8,bcup,71,124,1,0.742,0.29,1
8,bcup,71,125,1,0.736,0.35,1
8,bcup,71,126,1,0.757,0.31,1
8,bcup,71,127,1,0.805,0.149,1
8,bcup,71,128,1,0.791,0.099,1
8,bcup,71,129,1,0.751,0.074,1
8,bcup,71,130,1,0.785,0.159,1
8,bcup,71,131,1,0.771,0.139,1
8,bcup,71,132,1,0.736,0.119,1
8,bcup,71,133,1,0.751,0.851,1
8,bcup,71,134,1,0.771,0.915,1
8,bcup,71,135,1,0.805,0.861,1
8,bcup,71,136,1,0.805,0.895,1
8,bcup,71,137,1,0.771,0.895,1
8,bcup,71,138,1,0.805,0.926,1
8,bcup,71,139,1,0.787,0.463,1
8,bcup,71,140,1,0.807,0.473,1
8,bcup,71,141,1,0.827,0.487,1
8,bcup,71,142,1,0.841,0.507,1
8,bcup,71,143,1,0.821,0.547,1
8,bcup,71,144,1,0.787,0.541,1
8,bcup,72,1,1,0.014,0.487,2
8,bcup,72,2,1,0.014,0.463,2
8,bcup,72,3,1,0,0.507,2
8,bcup,72,4,1,0.054,0.487,2
8,bcup,72,5,1,0.048,0.547,2
8,bcup,72,6,1,0.034,0.473,2
8,bcup,72,7,1,0.064,0.125,2
8,bcup,72,8,1,0.064,0.125,2
8,bcup,72,9,1,0.044,0.08,2
8,bcup,72,10,1,0.03,0.125,2
8,bcup,72,11,1,0.064,0.145,2
8,bcup,72,12,1,0.085,0.105,2
8,bcup,72,13,1,0.085,0.869,2
8,bcup,72,14,1,0.099,0.889,2
8,bcup,72,15,1,0.064,0.855,2
8,bcup,72,16,1,0.064,0.909,2
8,bcup,72,17,1,0.03,0.889,2
8,bcup,72,18,1,0.099,0.855,2
8,bcup,72,19,1,0.119,0.704,2
8,bcup,72,20,1,0.139,0.684,2
8,bcup,72,21,1,0.085,0.704,2
8,bcup,72,22,1,0.099,0.66,2
8,bcup,72,23,1,0.153,0.734,2
8,bcup,72,24,1,0.099,0.738,2
8,bcup,72,25,1,0.183,0.312,2
8,bcup,72,26,1,0.129,0.302,2
8,bcup,72,27,1,0.149,0.312,2
8,bcup,72,28,1,0.129,0.326,2
8,bcup,72,29,1,0.169,0.326,2
8,bcup,72,30,1,0.163,0.386,2
8,bcup,72,31,1,0.185,0.489,2
8,bcup,72,32,1,0.185,0.465,2
8,bcup,72,33,1,0.205,0.529,2
8,bcup,72,34,1,0.205,0.475,2
8,bcup,72,35,1,0.225,0.489,2
8,bcup,72,36,1,0.171,0.509,2
8,bcup,72,37,1,0.294,0.131,2
8,bcup,72,38,1,0.294,0.195,2
8,bcup,72,39,1,0.26,0.185,2
8,bcup,72,40,1,0.239,0.199,2
8,bcup,72,41,1,0.294,0.165,2
8,bcup,72,42,1,0.239,0.145,2
8,bcup,72,43,1,0.225,0.849,2
8,bcup,72,44,1,0.239,0.805,2
8,bcup,72,45,1,0.294,0.815,2
8,bcup,72,46,1,0.26,0.849,2
8,bcup,72,47,1,0.294,0.849,2
8,bcup,72,48,1,0.28,0.829,2
8,bcup,72,49,1,0.312,0.581,2
8,bcup,72,50,1,0.312,0.606,2
8,bcup,72,51,1,0.366,0.656,2
8,bcup,72,52,1,0.346,0.666,2
8,bcup,72,53,1,0.312,0.66,2
8,bcup,72,54,1,0.298,0.626,2
8,bcup,72,55,1,0.368,0.404,2
8,bcup,72,56,1,0.354,0.384,2
8,bcup,72,57,1,0.3,0.404,2
8,bcup,72,58,1,0.334,0.37,2
8,bcup,72,59,1,0.334,0.404,2
8,bcup,72,60,1,0.368,0.435,2
8,bcup,72,61,1,0.398,0.728,2
8,bcup,72,62,1,0.453,0.738,2
8,bcup,72,63,1,0.398,0.753,2
8,bcup,72,64,1,0.433,0.813,2
8,bcup,72,65,1,0.453,0.803,2
8,bcup,72,66,1,0.398,0.807,2
8,bcup,72,67,1,0.455,0.074,2
8,bcup,72,68,1,0.4,0.078,2
8,bcup,72,69,1,0.386,0.044,2
8,bcup,72,70,1,0.4,0,2
8,bcup,72,71,1,0.421,0.01,2
8,bcup,72,72,1,0.441,0.024,2
8,bcup,72,73,1,0.421,0.215,2
8,bcup,72,74,1,0.421,0.249,2
8,bcup,72,75,1,0.386,0.249,2
8,bcup,72,76,1,0.441,0.229,2
8,bcup,72,77,1,0.4,0.229,2
8,bcup,72,78,1,0.455,0.28,2
8,bcup,72,79,1,0.4,0.94,2
8,bcup,72,80,1,0.4,0.994,2
8,bcup,72,81,1,0.421,0.96,2
8,bcup,72,82,1,0.455,0.926,2
8,bcup,72,83,1,0.441,0.94,2
8,bcup,72,84,1,0.455,0.96,2
8,bcup,72,85,1,0.505,0.419,2
8,bcup,72,86,1,0.491,0.384,2
8,bcup,72,87,1,0.545,0.364,2
8,bcup,72,88,1,0.559,0.414,2
8,bcup,72,89,1,0.505,0.34,2
8,bcup,72,90,1,0.559,0.384,2
8,bcup,72,91,1,0.545,0.684,2
8,bcup,72,92,1,0.511,0.678,2
8,bcup,72,93,1,0.565,0.674,2
8,bcup,72,94,1,0.565,0.644,2
8,bcup,72,95,1,0.531,0.644,2
8,bcup,72,96,1,0.551,0.624,2
8,bcup,72,97,1,0.561,0.135,2
8,bcup,72,98,1,0.561,0.111,2
8,bcup,72,99,1,0.547,0.155,2
8,bcup,72,100,1,0.616,0.155,2
8,bcup,72,101,1,0.616,0.185,2
8,bcup,72,102,1,0.616,0.121,2
8,bcup,72,103,1,0.596,0.899,2
8,bcup,72,104,1,0.581,0.825,2
8,bcup,72,105,1,0.561,0.893,2
8,bcup,72,106,1,0.616,0.859,2
8,bcup,72,107,1,0.561,0.839,2
8,bcup,72,108,1,0.616,0.889,2
8,bcup,72,109,1,0.658,0.509,2
8,bcup,72,110,1,0.604,0.489,2
8,bcup,72,111,1,0.624,0.509,2
8,bcup,72,112,1,0.658,0.475,2
8,bcup,72,113,1,0.658,0.539,2
8,bcup,72,114,1,0.624,0.529,2
8,bcup,72,115,1,0.722,0.67,2
8,bcup,72,116,1,0.702,0.66,2
8,bcup,72,117,1,0.736,0.744,2
8,bcup,72,118,1,0.722,0.704,2
8,bcup,72,119,1,0.742,0.684,2
8,bcup,72,120,1,0.757,0.67,2
8,bcup,72,121,1,0.688,0.31,2
8,bcup,72,122,1,0.702,0.29,2
8,bcup,72,123,1,0.757,0.31,2
8,bcup,72,124,1,0.742,0.29,2
8,bcup,72,125,1,0.736,0.35,2
8,bcup,72,126,1,0.702,0.266,2
8,bcup,72,127,1,0.805,0.149,2
8,bcup,72,128,1,0.791,0.099,2
8,bcup,72,129,1,0.751,0.074,2
8,bcup,72,130,1,0.785,0.159,2
8,bcup,72,131,1,0.771,0.139,2
8,bcup,72,132,1,0.736,0.119,2
8,bcup,72,133,1,0.751,0.851,2
8,bcup,72,134,1,0.805,0.926,2
8,bcup,72,135,1,0.805,0.895,2
8,bcup,72,136,1,0.771,0.915,2
8,bcup,72,137,1,0.805,0.861,2
8,bcup,72,138,1,0.771,0.895,2
8,bcup,72,139,1,0.821,0.547,2
8,bcup,72,140,1,0.807,0.473,2
8,bcup,72,141,1,0.827,0.487,2
8,bcup,72,142,1,0.787,0.541,2
8,bcup,72,143,1,0.787,0.463,2
8,bcup,72,144,1,0.841,0.507,2
8,bcup,73,1,1,0,0.507,3
8,bcup,73,2,1,0.014,0.463,3
8,bcup,73,3,1,0.034,0.473,3
8,bcup,73,4,1,0.048,0.547,3
8,bcup,73,5,1,0.014,0.487,3
8,bcup,73,6,1,0.054,0.487,3
8,bcup,73,7,1,0.064,0.125,3
8,bcup,73,8,1,0.085,0.105,3
8,bcup,73,9,1,0.03,0.125,3
8,bcup,73,10,1,0.044,0.159,3
8,bcup,73,11,1,0.044,0.08,3
8,bcup,73,12,1,0.064,0.145,3
8,bcup,73,13,1,0.099,0.889,3
8,bcup,73,14,1,0.064,0.855,3
8,bcup,73,15,1,0.03,0.889,3
8,bcup,73,16,1,0.064,0.909,3
8,bcup,73,17,1,0.099,0.855,3
8,bcup,73,18,1,0.085,0.869,3
8,bcup,73,19,1,0.099,0.738,3
8,bcup,73,20,1,0.139,0.684,3
8,bcup,73,21,1,0.099,0.66,3
8,bcup,73,22,1,0.153,0.734,3
8,bcup,73,23,1,0.119,0.704,3
8,bcup,73,24,1,0.085,0.704,3
8,bcup,73,25,1,0.149,0.312,3
8,bcup,73,26,1,0.129,0.302,3
8,bcup,73,27,1,0.169,0.326,3
8,bcup,73,28,1,0.129,0.326,3
8,bcup,73,29,1,0.163,0.386,3
8,bcup,73,30,1,0.183,0.312,3
8,bcup,73,31,1,0.185,0.465,3
8,bcup,73,32,1,0.171,0.509,3
8,bcup,73,33,1,0.205,0.529,3
8,bcup,73,34,1,0.225,0.489,3
8,bcup,73,35,1,0.205,0.475,3
8,bcup,73,36,1,0.185,0.489,3
8,bcup,73,37,1,0.294,0.131,3
8,bcup,73,38,1,0.239,0.199,3
8,bcup,73,39,1,0.239,0.145,3
8,bcup,73,40,1,0.294,0.165,3
8,bcup,73,41,1,0.26,0.185,3
8,bcup,73,42,1,0.294,0.195,3
8,bcup,73,43,1,0.294,0.849,3
8,bcup,73,44,1,0.28,0.829,3
8,bcup,73,45,1,0.239,0.805,3
8,bcup,73,46,1,0.26,0.849,3
8,bcup,73,47,1,0.225,0.849,3
8,bcup,73,48,1,0.294,0.815,3
8,bcup,73,49,1,0.312,0.581,3
8,bcup,73,50,1,0.312,0.606,3
8,bcup,73,51,1,0.312,0.66,3
8,bcup,73,52,1,0.366,0.656,3
8,bcup,73,53,1,0.298,0.626,3
8,bcup,73,54,1,0.346,0.666,3
8,bcup,73,55,1,0.354,0.384,3
8,bcup,73,56,1,0.3,0.404,3
8,bcup,73,57,1,0.334,0.404,3
8,bcup,73,58,1,0.368,0.404,3
8,bcup,73,59,1,0.334,0.37,3
8,bcup,73,60,1,0.368,0.435,3
8,bcup,73,61,1,0.453,0.803,3
8,bcup,73,62,1,0.453,0.738,3
8,bcup,73,63,1,0.398,0.753,3
8,bcup,73,64,1,0.398,0.728,3
8,bcup,73,65,1,0.398,0.807,3
8,bcup,73,66,1,0.433,0.813,3
8,bcup,73,67,1,0.386,0.044,3
8,bcup,73,68,1,0.441,0.024,3
8,bcup,73,69,1,0.455,0.074,3
8,bcup,73,70,1,0.4,0,3
8,bcup,73,71,1,0.421,0.01,3
8,bcup,73,72,1,0.4,0.078,3
8,bcup,73,73,1,0.421,0.249,3
8,bcup,73,74,1,0.455,0.28,3
8,bcup,73,75,1,0.421,0.215,3
8,bcup,73,76,1,0.386,0.249,3
8,bcup,73,77,1,0.4,0.229,3
8,bcup,73,78,1,0.441,0.229,3
8,bcup,73,79,1,0.421,0.96,3
8,bcup,73,80,1,0.441,0.94,3
8,bcup,73,81,1,0.455,0.926,3
8,bcup,73,82,1,0.4,0.994,3
8,bcup,73,83,1,0.4,0.94,3
8,bcup,73,84,1,0.455,0.96,3
8,bcup,73,85,1,0.505,0.419,3
8,bcup,73,86,1,0.545,0.364,3
8,bcup,73,87,1,0.559,0.384,3
8,bcup,73,88,1,0.505,0.34,3
8,bcup,73,89,1,0.491,0.384,3
8,bcup,73,90,1,0.559,0.414,3
8,bcup,73,91,1,0.565,0.644,3
8,bcup,73,92,1,0.565,0.674,3
8,bcup,73,93,1,0.531,0.644,3
8,bcup,73,94,1,0.551,0.624,3
8,bcup,73,95,1,0.511,0.678,3
8,bcup,73,96,1,0.545,0.684,3
8,bcup,73,97,1,0.561,0.111,3
8,bcup,73,98,1,0.547,0.155,3
8,bcup,73,99,1,0.561,0.135,3
8,bcup,73,100,1,0.616,0.185,3
8,bcup,73,101,1,0.616,0.121,3
8,bcup,73,102,1,0.616,0.155,3
8,bcup,73,103,1,0.596,0.899,3
8,bcup,73,104,1,0.581,0.825,3
8,bcup,73,105,1,0.561,0.893,3
8,bcup,73,106,1,0.616,0.859,3
8,bcup,73,107,1,0.561,0.839,3
8,bcup,73,108,1,0.616,0.889,3
8,bcup,73,109,1,0.624,0.529,3
8,bcup,73,110,1,0.658,0.509,3
8,bcup,73,111,1,0.604,0.489,3
8,bcup,73,112,1,0.624,0.509,3
8,bcup,73,113,1,0.658,0.475,3
8,bcup,73,114,1,0.658,0.539,3
8,bcup,73,115,1,0.757,0.67,3
8,bcup,73,116,1,0.722,0.67,3
8,bcup,73,117,1,0.742,0.684,3
8,bcup,73,118,1,0.722,0.704,3
8,bcup,73,119,1,0.702,0.66,3
8,bcup,73,120,1,0.736,0.744,3
8,bcup,73,121,1,0.688,0.31,3
8,bcup,73,122,1,0.702,0.29,3
8,bcup,73,123,1,0.757,0.31,3
8,bcup,73,124,1,0.742,0.29,3
8,bcup,73,125,1,0.736,0.35,3
8,bcup,73,126,1,0.702,0.266,3
8,bcup,73,127,1,0.805,0.149,3
8,bcup,73,128,1,0.791,0.099,3
8,bcup,73,129,1,0.751,0.074,3
8,bcup,73,130,1,0.785,0.159,3
8,bcup,73,131,1,0.771,0.139,3
8,bcup,73,132,1,0.736,0.119,3
8,bcup,73,133,1,0.751,0.851,3
8,bcup,73,134,1,0.771,0.895,3
8,bcup,73,135,1,0.805,0.895,3
8,bcup,73,136,1,0.771,0.915,3
8,bcup,73,137,1,0.805,0.926,3
8,bcup,73,138,1,0.805,0.861,3
8,bcup,73,139,1,0.787,0.463,3
8,bcup,73,140,1,0.807,0.473,3
8,bcup,73,141,1,0.827,0.487,3
8,bcup,73,142,1,0.841,0.507,3
8,bcup,73,143,1,0.821,0.547,3
8,bcup,73,144,1,0.787,0.541,3
8,bcup,74,1,1,0,0.507,4
8,bcup,74,2,1,0.014,0.463,4
8,bcup,74,3,1,0.034,0.473,4
8,bcup,74,4,1,0.048,0.547,4
8,bcup,74,5,1,0.014,0.487,4
8,bcup,74,6,1,0.054,0.487,4
8,bcup,74,7,1,0.03,0.125,4
8,bcup,74,8,1,0.044,0.08,4
8,bcup,74,9,1,0.044,0.159,4
8,bcup,74,10,1,0.064,0.125,4
8,bcup,74,11,1,0.064,0.145,4
8,bcup,74,12,1,0.085,0.105,4
8,bcup,74,13,1,0.085,0.869,4
8,bcup,74,14,1,0.099,0.889,4
8,bcup,74,15,1,0.064,0.855,4
8,bcup,74,16,1,0.064,0.909,4
8,bcup,74,17,1,0.03,0.889,4
8,bcup,74,18,1,0.099,0.855,4
8,bcup,74,19,1,0.119,0.704,4
8,bcup,74,20,1,0.139,0.684,4
8,bcup,74,21,1,0.085,0.704,4
8,bcup,74,22,1,0.099,0.66,4
8,bcup,74,23,1,0.153,0.734,4
8,bcup,74,24,1,0.099,0.738,4
8,bcup,74,25,1,0.169,0.326,4
8,bcup,74,26,1,0.129,0.326,4
8,bcup,74,27,1,0.129,0.302,4
8,bcup,74,28,1,0.163,0.386,4
8,bcup,74,29,1,0.183,0.312,4
8,bcup,74,30,1,0.149,0.312,4
8,bcup,74,31,1,0.185,0.465,4
8,bcup,74,32,1,0.171,0.509,4
8,bcup,74,33,1,0.205,0.529,4
8,bcup,74,34,1,0.225,0.489,4
8,bcup,74,35,1,0.205,0.475,4
8,bcup,74,36,1,0.185,0.489,4
8,bcup,74,37,1,0.26,0.185,4
8,bcup,74,38,1,0.294,0.131,4
8,bcup,74,39,1,0.294,0.195,4
8,bcup,74,40,1,0.294,0.165,4
8,bcup,74,41,1,0.239,0.199,4
8,bcup,74,42,1,0.239,0.145,4
8,bcup,74,43,1,0.225,0.849,4
8,bcup,74,44,1,0.239,0.805,4
8,bcup,74,45,1,0.294,0.815,4
8,bcup,74,46,1,0.26,0.849,4
8,bcup,74,47,1,0.294,0.849,4
8,bcup,74,48,1,0.28,0.829,4
8,bcup,74,49,1,0.312,0.581,4
8,bcup,74,50,1,0.312,0.606,4
8,bcup,74,51,1,0.312,0.66,4
8,bcup,74,52,1,0.366,0.656,4
8,bcup,74,53,1,0.298,0.626,4
8,bcup,74,54,1,0.346,0.666,4
8,bcup,74,55,1,0.334,0.404,4
8,bcup,74,56,1,0.368,0.435,4
8,bcup,74,57,1,0.368,0.404,4
8,bcup,74,58,1,0.3,0.404,4
8,bcup,74,59,1,0.334,0.37,4
8,bcup,74,60,1,0.354,0.384,4
8,bcup,74,61,1,0.398,0.728,4
8,bcup,74,62,1,0.398,0.807,4
8,bcup,74,63,1,0.453,0.738,4
8,bcup,74,64,1,0.433,0.813,4
8,bcup,74,65,1,0.453,0.803,4
8,bcup,74,66,1,0.398,0.753,4
8,bcup,74,67,1,0.386,0.044,4
8,bcup,74,68,1,0.4,0,4
8,bcup,74,69,1,0.455,0.074,4
8,bcup,74,70,1,0.4,0.078,4
8,bcup,74,71,1,0.421,0.01,4
8,bcup,74,72,1,0.441,0.024,4
8,bcup,74,73,1,0.455,0.28,4
8,bcup,74,74,1,0.421,0.249,4
8,bcup,74,75,1,0.386,0.249,4
8,bcup,74,76,1,0.441,0.229,4
8,bcup,74,77,1,0.4,0.229,4
8,bcup,74,78,1,0.421,0.215,4
8,bcup,74,79,1,0.455,0.926,4
8,bcup,74,80,1,0.441,0.94,4
8,bcup,74,81,1,0.455,0.96,4
8,bcup,74,82,1,0.4,0.94,4
8,bcup,74,83,1,0.4,0.994,4
8,bcup,74,84,1,0.421,0.96,4
8,bcup,74,85,1,0.505,0.34,4
8,bcup,74,86,1,0.559,0.384,4
8,bcup,74,87,1,0.545,0.364,4
8,bcup,74,88,1,0.559,0.414,4
8,bcup,74,89,1,0.505,0.419,4
8,bcup,74,90,1,0.491,0.384,4
8,bcup,74,91,1,0.531,0.644,4
8,bcup,74,92,1,0.551,0.624,4
8,bcup,74,93,1,0.565,0.674,4
8,bcup,74,94,1,0.565,0.644,4
8,bcup,74,95,1,0.511,0.678,4
8,bcup,74,96,1,0.545,0.684,4
8,bcup,74,97,1,0.561,0.135,4
8,bcup,74,98,1,0.561,0.111,4
8,bcup,74,99,1,0.547,0.155,4
8,bcup,74,100,1,0.581,0.155,4
8,bcup,74,101,1,0.616,0.121,4
8,bcup,74,102,1,0.616,0.155,4
8,bcup,74,103,1,0.616,0.889,4
8,bcup,74,104,1,0.616,0.859,4
8,bcup,74,105,1,0.561,0.893,4
8,bcup,74,106,1,0.561,0.839,4
8,bcup,74,107,1,0.596,0.899,4
8,bcup,74,108,1,0.581,0.825,4
8,bcup,74,109,1,0.658,0.539,4
8,bcup,74,110,1,0.604,0.489,4
8,bcup,74,111,1,0.658,0.475,4
8,bcup,74,112,1,0.658,0.509,4
8,bcup,74,113,1,0.624,0.529,4
8,bcup,74,114,1,0.624,0.509,4
8,bcup,74,115,1,0.722,0.67,4
8,bcup,74,116,1,0.702,0.66,4
8,bcup,74,117,1,0.736,0.744,4
8,bcup,74,118,1,0.722,0.704,4
8,bcup,74,119,1,0.742,0.684,4
8,bcup,74,120,1,0.757,0.67,4
8,bcup,74,121,1,0.688,0.31,4
8,bcup,74,122,1,0.702,0.29,4
8,bcup,74,123,1,0.736,0.35,4
8,bcup,74,124,1,0.742,0.29,4
8,bcup,74,125,1,0.702,0.266,4
8,bcup,74,126,1,0.757,0.31,4
8,bcup,74,127,1,0.785,0.159,4
8,bcup,74,128,1,0.751,0.074,4
8,bcup,74,129,1,0.791,0.099,4
8,bcup,74,130,1,0.771,0.139,4
8,bcup,74,131,1,0.736,0.119,4
8,bcup,74,132,1,0.805,0.149,4
8,bcup,74,133,1,0.751,0.851,4
8,bcup,74,134,1,0.805,0.926,4
8,bcup,74,135,1,0.805,0.895,4
8,bcup,74,136,1,0.771,0.915,4
8,bcup,74,137,1,0.805,0.861,4
8,bcup,74,138,1,0.771,0.895,4
8,bcup,74,139,1,0.787,0.541,4
8,bcup,74,140,1,0.787,0.463,4
8,bcup,74,141,1,0.841,0.507,4
8,bcup,74,142,1,0.807,0.473,4
8,bcup,74,143,1,0.827,0.487,4
8,bcup,74,144,1,0.821,0.547,4
8,bcup,75,1,1,0,0.507,5
8,bcup,75,2,1,0.014,0.463,5
8,bcup,75,3,1,0.034,0.473,5
8,bcup,75,4,1,0.048,0.547,5
8,bcup,75,5,1,0.014,0.487,5
8,bcup,75,6,1,0.054,0.487,5
8,bcup,75,7,1,0.064,0.125,5
8,bcup,75,8,1,0.085,0.105,5
8,bcup,75,9,1,0.03,0.125,5
8,bcup,75,10,1,0.044,0.159,5
8,bcup,75,11,1,0.044,0.08,5
8,bcup,75,12,1,0.064,0.145,5
8,bcup,75,13,1,0.099,0.889,5
8,bcup,75,14,1,0.099,0.855,5
8,bcup,75,15,1,0.064,0.855,5
8,bcup,75,16,1,0.03,0.889,5
8,bcup,75,17,1,0.064,0.909,5
8,bcup,75,18,1,0.085,0.869,5
8,bcup,75,19,1,0.085,0.704,5
8,bcup,75,20,1,0.099,0.738,5
8,bcup,75,21,1,0.099,0.66,5
8,bcup,75,22,1,0.153,0.734,5
8,bcup,75,23,1,0.119,0.704,5
8,bcup,75,24,1,0.139,0.684,5
8,bcup,75,25,1,0.149,0.312,5
8,bcup,75,26,1,0.129,0.302,5
8,bcup,75,27,1,0.169,0.326,5
8,bcup,75,28,1,0.129,0.326,5
8,bcup,75,29,1,0.163,0.386,5
8,bcup,75,30,1,0.183,0.312,5
8,bcup,75,31,1,0.225,0.489,5
8,bcup,75,32,1,0.171,0.509,5
8,bcup,75,33,1,0.185,0.465,5
8,bcup,75,34,1,0.185,0.489,5
8,bcup,75,35,1,0.205,0.475,5
8,bcup,75,36,1,0.205,0.529,5
8,bcup,75,37,1,0.294,0.131,5
8,bcup,75,38,1,0.239,0.199,5
8,bcup,75,39,1,0.239,0.145,5
8,bcup,75,40,1,0.294,0.165,5
8,bcup,75,41,1,0.26,0.185,5
8,bcup,75,42,1,0.294,0.195,5
8,bcup,75,43,1,0.294,0.849,5
8,bcup,75,44,1,0.28,0.829,5
8,bcup,75,45,1,0.225,0.849,5
8,bcup,75,46,1,0.26,0.849,5
8,bcup,75,47,1,0.294,0.815,5
8,bcup,75,48,1,0.239,0.805,5
8,bcup,75,49,1,0.312,0.581,5
8,bcup,75,50,1,0.312,0.606,5
8,bcup,75,51,1,0.366,0.656,5
8,bcup,75,52,1,0.346,0.666,5
8,bcup,75,53,1,0.312,0.66,5
8,bcup,75,54,1,0.298,0.626,5
8,bcup,75,55,1,0.354,0.384,5
8,bcup,75,56,1,0.3,0.404,5
8,bcup,75,57,1,0.334,0.404,5
8,bcup,75,58,1,0.368,0.404,5
8,bcup,75,59,1,0.334,0.37,5
8,bcup,75,60,1,0.368,0.435,5
8,bcup,75,61,1,0.398,0.753,5
8,bcup,75,62,1,0.398,0.728,5
8,bcup,75,63,1,0.433,0.813,5
8,bcup,75,64,1,0.398,0.807,5
8,bcup,75,65,1,0.453,0.738,5
8,bcup,75,66,1,0.453,0.803,5
8,bcup,75,67,1,0.386,0.044,5
8,bcup,75,68,1,0.441,0.024,5
8,bcup,75,69,1,0.455,0.074,5
8,bcup,75,70,1,0.4,0,5
8,bcup,75,71,1,0.421,0.01,5
8,bcup,75,72,1,0.4,0.078,5
8,bcup,75,73,1,0.421,0.249,5
8,bcup,75,74,1,0.455,0.28,5
8,bcup,75,75,1,0.421,0.215,5
8,bcup,75,76,1,0.386,0.249,5
8,bcup,75,77,1,0.4,0.229,5
8,bcup,75,78,1,0.441,0.229,5
8,bcup,75,79,1,0.421,0.96,5
8,bcup,75,80,1,0.4,0.994,5
8,bcup,75,81,1,0.4,0.94,5
8,bcup,75,82,1,0.455,0.926,5
8,bcup,75,83,1,0.455,0.96,5
8,bcup,75,84,1,0.441,0.94,5
8,bcup,75,85,1,0.505,0.419,5
8,bcup,75,86,1,0.559,0.384,5
8,bcup,75,87,1,0.491,0.384,5
8,bcup,75,88,1,0.505,0.34,5
8,bcup,75,89,1,0.545,0.364,5
8,bcup,75,90,1,0.559,0.414,5
8,bcup,75,91,1,0.531,0.644,5
8,bcup,75,92,1,0.551,0.624,5
8,bcup,75,93,1,0.565,0.674,5
8,bcup,75,94,1,0.565,0.644,5
8,bcup,75,95,1,0.511,0.678,5
8,bcup,75,96,1,0.545,0.684,5
8,bcup,75,97,1,0.561,0.135,5
8,bcup,75,98,1,0.616,0.185,5
8,bcup,75,99,1,0.616,0.121,5
8,bcup,75,100,1,0.616,0.155,5
8,bcup,75,101,1,0.561,0.111,5
8,bcup,75,102,1,0.547,0.155,5
8,bcup,75,103,1,0.596,0.899,5
8,bcup,75,104,1,0.581,0.825,5
8,bcup,75,105,1,0.561,0.893,5
8,bcup,75,106,1,0.616,0.889,5
8,bcup,75,107,1,0.561,0.839,5
8,bcup,75,108,1,0.616,0.859,5
8,bcup,75,109,1,0.658,0.509,5
8,bcup,75,110,1,0.604,0.489,5
8,bcup,75,111,1,0.624,0.509,5
8,bcup,75,112,1,0.658,0.475,5
8,bcup,75,113,1,0.658,0.539,5
8,bcup,75,114,1,0.624,0.529,5
8,bcup,75,115,1,0.742,0.684,5
8,bcup,75,116,1,0.757,0.67,5
8,bcup,75,117,1,0.722,0.67,5
8,bcup,75,118,1,0.702,0.66,5
8,bcup,75,119,1,0.736,0.744,5
8,bcup,75,120,1,0.722,0.704,5
8,bcup,75,121,1,0.742,0.29,5
8,bcup,75,122,1,0.736,0.35,5
8,bcup,75,123,1,0.702,0.29,5
8,bcup,75,124,1,0.757,0.31,5
8,bcup,75,125,1,0.688,0.31,5
8,bcup,75,126,1,0.702,0.266,5
8,bcup,75,127,1,0.785,0.159,5
8,bcup,75,128,1,0.771,0.139,5
8,bcup,75,129,1,0.736,0.119,5
8,bcup,75,130,1,0.791,0.099,5
8,bcup,75,131,1,0.751,0.074,5
8,bcup,75,132,1,0.805,0.149,5
8,bcup,75,133,1,0.771,0.895,5
8,bcup,75,134,1,0.751,0.851,5
8,bcup,75,135,1,0.805,0.861,5
8,bcup,75,136,1,0.805,0.895,5
8,bcup,75,137,1,0.771,0.915,5
8,bcup,75,138,1,0.805,0.926,5
8,bcup,75,139,1,0.807,0.473,5
8,bcup,75,140,1,0.787,0.463,5
8,bcup,75,141,1,0.787,0.541,5
8,bcup,75,142,1,0.821,0.547,5
8,bcup,75,143,1,0.841,0.507,5
8,bcup,75,144,1,0.827,0.487,5
8,bcup,76,1,1,0.014,0.463,6
8,bcup,76,2,1,0.048,0.547,6
8,bcup,76,3,1,0.014,0.487,6
8,bcup,76,4,1,0,0.507,6
8,bcup,76,5,1,0.034,0.473,6
8,bcup,76,6,1,0.054,0.487,6
8,bcup,76,7,1,0.03,0.125,6
8,bcup,76,8,1,0.044,0.08,6
8,bcup,76,9,1,0.044,0.159,6
8,bcup,76,10,1,0.064,0.125,6
8,bcup,76,11,1,0.064,0.145,6
8,bcup,76,12,1,0.085,0.105,6
8,bcup,76,13,1,0.099,0.889,6
8,bcup,76,14,1,0.064,0.855,6
8,bcup,76,15,1,0.064,0.909,6
8,bcup,76,16,1,0.03,0.889,6
8,bcup,76,17,1,0.099,0.855,6
8,bcup,76,18,1,0.085,0.869,6
8,bcup,76,19,1,0.085,0.704,6
8,bcup,76,20,1,0.153,0.734,6
8,bcup,76,21,1,0.099,0.66,6
8,bcup,76,22,1,0.099,0.738,6
8,bcup,76,23,1,0.139,0.684,6
8,bcup,76,24,1,0.119,0.704,6
8,bcup,76,25,1,0.163,0.386,6
8,bcup,76,26,1,0.169,0.326,6
8,bcup,76,27,1,0.183,0.312,6
8,bcup,76,28,1,0.129,0.302,6
8,bcup,76,29,1,0.149,0.312,6
8,bcup,76,30,1,0.149,0.346,6
8,bcup,76,31,1,0.185,0.465,6
8,bcup,76,32,1,0.171,0.509,6
8,bcup,76,33,1,0.205,0.529,6
8,bcup,76,34,1,0.225,0.489,6
8,bcup,76,35,1,0.205,0.475,6
8,bcup,76,36,1,0.185,0.489,6
8,bcup,76,37,1,0.294,0.165,6
8,bcup,76,38,1,0.26,0.185,6
8,bcup,76,39,1,0.294,0.195,6
8,bcup,76,40,1,0.239,0.199,6
8,bcup,76,41,1,0.294,0.131,6
8,bcup,76,42,1,0.239,0.145,6
8,bcup,76,43,1,0.294,0.849,6
8,bcup,76,44,1,0.28,0.829,6
8,bcup,76,45,1,0.239,0.805,6
8,bcup,76,46,1,0.26,0.849,6
8,bcup,76,47,1,0.225,0.849,6
8,bcup,76,48,1,0.294,0.815,6
8,bcup,76,49,1,0.312,0.66,6
8,bcup,76,50,1,0.366,0.656,6
8,bcup,76,51,1,0.346,0.666,6
8,bcup,76,52,1,0.312,0.581,6
8,bcup,76,53,1,0.298,0.626,6
8,bcup,76,54,1,0.312,0.606,6
8,bcup,76,55,1,0.354,0.384,6
8,bcup,76,56,1,0.3,0.404,6
8,bcup,76,57,1,0.334,0.404,6
8,bcup,76,58,1,0.368,0.404,6
8,bcup,76,59,1,0.334,0.37,6
8,bcup,76,60,1,0.368,0.435,6
8,bcup,76,61,1,0.398,0.728,6
8,bcup,76,62,1,0.398,0.753,6
8,bcup,76,63,1,0.453,0.738,6
8,bcup,76,64,1,0.453,0.803,6
8,bcup,76,65,1,0.433,0.813,6
8,bcup,76,66,1,0.398,0.807,6
8,bcup,76,67,1,0.386,0.044,6
8,bcup,76,68,1,0.441,0.024,6
8,bcup,76,69,1,0.455,0.074,6
8,bcup,76,70,1,0.4,0,6
8,bcup,76,71,1,0.421,0.01,6
8,bcup,76,72,1,0.4,0.078,6
8,bcup,76,73,1,0.421,0.249,6
8,bcup,76,74,1,0.455,0.28,6
8,bcup,76,75,1,0.421,0.215,6
8,bcup,76,76,1,0.386,0.249,6
8,bcup,76,77,1,0.4,0.229,6
8,bcup,76,78,1,0.441,0.229,6
8,bcup,76,79,1,0.441,0.94,6
8,bcup,76,80,1,0.4,0.94,6
8,bcup,76,81,1,0.455,0.926,6
8,bcup,76,82,1,0.421,0.96,6
8,bcup,76,83,1,0.421,0.96,6
8,bcup,76,84,1,0.4,0.994,6
8,bcup,76,85,1,0.505,0.419,6
8,bcup,76,86,1,0.559,0.384,6
8,bcup,76,87,1,0.491,0.384,6
8,bcup,76,88,1,0.505,0.34,6
8,bcup,76,89,1,0.545,0.364,6
8,bcup,76,90,1,0.559,0.414,6
8,bcup,76,91,1,0.531,0.644,6
8,bcup,76,92,1,0.551,0.624,6
8,bcup,76,93,1,0.565,0.674,6
8,bcup,76,94,1,0.565,0.644,6
8,bcup,76,95,1,0.511,0.678,6
8,bcup,76,96,1,0.545,0.684,6
8,bcup,76,97,1,0.561,0.111,6
8,bcup,76,98,1,0.547,0.155,6
8,bcup,76,99,1,0.561,0.135,6
8,bcup,76,100,1,0.616,0.185,6
8,bcup,76,101,1,0.616,0.121,6
8,bcup,76,102,1,0.616,0.155,6
8,bcup,76,103,1,0.561,0.839,6
8,bcup,76,104,1,0.561,0.893,6
8,bcup,76,105,1,0.581,0.859,6
8,bcup,76,106,1,0.616,0.889,6
8,bcup,76,107,1,0.581,0.825,6
8,bcup,76,108,1,0.616,0.859,6
8,bcup,76,109,1,0.658,0.509,6
8,bcup,76,110,1,0.604,0.489,6
8,bcup,76,111,1,0.624,0.509,6
8,bcup,76,112,1,0.658,0.475,6
8,bcup,76,113,1,0.658,0.539,6
8,bcup,76,114,1,0.624,0.529,6
8,bcup,76,115,1,0.722,0.67,6
8,bcup,76,116,1,0.702,0.66,6
8,bcup,76,117,1,0.736,0.744,6
8,bcup,76,118,1,0.722,0.704,6
8,bcup,76,119,1,0.742,0.684,6
8,bcup,76,120,1,0.757,0.67,6
8,bcup,76,121,1,0.688,0.31,6
8,bcup,76,122,1,0.702,0.29,6
8,bcup,76,123,1,0.757,0.31,6
8,bcup,76,124,1,0.742,0.29,6
8,bcup,76,125,1,0.736,0.35,6
8,bcup,76,126,1,0.702,0.266,6
8,bcup,76,127,1,0.805,0.149,6
8,bcup,76,128,1,0.791,0.099,6
8,bcup,76,129,1,0.751,0.074,6
8,bcup,76,130,1,0.785,0.159,6
8,bcup,76,131,1,0.771,0.139,6
8,bcup,76,132,1,0.736,0.119,6
8,bcup,76,133,1,0.751,0.851,6
8,bcup,76,134,1,0.805,0.861,6
8,bcup,76,135,1,0.771,0.915,6
8,bcup,76,136,1,0.771,0.895,6
8,bcup,76,137,1,0.805,0.895,6
8,bcup,76,138,1,0.805,0.926,6
8,bcup,76,139,1,0.821,0.547,6
8,bcup,76,140,1,0.807,0.473,6
8,bcup,76,141,1,0.827,0.487,6
8,bcup,76,142,1,0.787,0.541,6
8,bcup,76,143,1,0.787,0.463,6
8,bcup,76,144,1,0.841,0.507,6
8,bcup,77,1,1,0,0.507,7
8,bcup,77,2,1,0.014,0.463,7
8,bcup,77,3,1,0.034,0.473,7
8,bcup,77,4,1,0.048,0.547,7
8,bcup,77,5,1,0.014,0.487,7
8,bcup,77,6,1,0.054,0.487,7
8,bcup,77,7,1,0.044,0.159,7
8,bcup,77,8,1,0.044,0.08,7
8,bcup,77,9,1,0.03,0.125,7
8,bcup,77,10,1,0.064,0.125,7
8,bcup,77,11,1,0.064,0.145,7
8,bcup,77,12,1,0.085,0.105,7
8,bcup,77,13,1,0.085,0.869,7
8,bcup,77,14,1,0.099,0.889,7
8,bcup,77,15,1,0.064,0.855,7
8,bcup,77,16,1,0.064,0.909,7
8,bcup,77,17,1,0.03,0.889,7
8,bcup,77,18,1,0.099,0.855,7
8,bcup,77,19,1,0.119,0.704,7
8,bcup,77,20,1,0.139,0.684,7
8,bcup,77,21,1,0.085,0.704,7
8,bcup,77,22,1,0.099,0.66,7
8,bcup,77,23,1,0.153,0.734,7
8,bcup,77,24,1,0.099,0.738,7
8,bcup,77,25,1,0.163,0.386,7
8,bcup,77,26,1,0.129,0.326,7
8,bcup,77,27,1,0.129,0.302,7
8,bcup,77,28,1,0.183,0.312,7
8,bcup,77,29,1,0.149,0.312,7
8,bcup,77,30,1,0.169,0.326,7
8,bcup,77,31,1,0.205,0.475,7
8,bcup,77,32,1,0.225,0.489,7
8,bcup,77,33,1,0.171,0.509,7
8,bcup,77,34,1,0.185,0.465,7
8,bcup,77,35,1,0.185,0.489,7
8,bcup,77,36,1,0.205,0.529,7
8,bcup,77,37,1,0.294,0.195,7
8,bcup,77,38,1,0.239,0.145,7
8,bcup,77,39,1,0.294,0.131,7
8,bcup,77,40,1,0.239,0.199,7
8,bcup,77,41,1,0.294,0.165,7
8,bcup,77,42,1,0.26,0.185,7
8,bcup,77,43,1,0.225,0.849,7
8,bcup,77,44,1,0.239,0.805,7
8,bcup,77,45,1,0.294,0.815,7
8,bcup,77,46,1,0.26,0.849,7
8,bcup,77,47,1,0.294,0.849,7
8,bcup,77,48,1,0.28,0.829,7
8,bcup,77,49,1,0.346,0.666,7
8,bcup,77,50,1,0.298,0.626,7
8,bcup,77,51,1,0.312,0.66,7
8,bcup,77,52,1,0.312,0.581,7
8,bcup,77,53,1,0.366,0.656,7
8,bcup,77,54,1,0.312,0.606,7
8,bcup,77,55,1,0.354,0.384,7
8,bcup,77,56,1,0.3,0.404,7
8,bcup,77,57,1,0.334,0.404,7
8,bcup,77,58,1,0.368,0.404,7
8,bcup,77,59,1,0.334,0.37,7
8,bcup,77,60,1,0.368,0.435,7
8,bcup,77,61,1,0.453,0.803,7
8,bcup,77,62,1,0.453,0.738,7
8,bcup,77,63,1,0.398,0.753,7
8,bcup,77,64,1,0.398,0.807,7
8,bcup,77,65,1,0.398,0.728,7
8,bcup,77,66,1,0.433,0.813,7
8,bcup,77,67,1,0.386,0.044,7
8,bcup,77,68,1,0.441,0.024,7
8,bcup,77,69,1,0.455,0.074,7
8,bcup,77,70,1,0.4,0,7
8,bcup,77,71,1,0.421,0.01,7
8,bcup,77,72,1,0.4,0.078,7
8,bcup,77,73,1,0.441,0.229,7
8,bcup,77,74,1,0.421,0.215,7
8,bcup,77,75,1,0.386,0.249,7
8,bcup,77,76,1,0.421,0.249,7
8,bcup,77,77,1,0.455,0.28,7
8,bcup,77,78,1,0.4,0.229,7
8,bcup,77,79,1,0.455,0.926,7
8,bcup,77,80,1,0.441,0.94,7
8,bcup,77,81,1,0.455,0.96,7
8,bcup,77,82,1,0.4,0.94,7
8,bcup,77,83,1,0.4,0.994,7
8,bcup,77,84,1,0.421,0.96,7
8,bcup,77,85,1,0.559,0.414,7
8,bcup,77,86,1,0.505,0.34,7
8,bcup,77,87,1,0.559,0.384,7
8,bcup,77,88,1,0.505,0.419,7
8,bcup,77,89,1,0.491,0.384,7
8,bcup,77,90,1,0.545,0.364,7
8,bcup,77,91,1,0.551,0.624,7
8,bcup,77,92,1,0.531,0.644,7
8,bcup,77,93,1,0.511,0.678,7
8,bcup,77,94,1,0.545,0.684,7
8,bcup,77,95,1,0.565,0.674,7
8,bcup,77,96,1,0.565,0.644,7
8,bcup,77,97,1,0.561,0.111,7
8,bcup,77,98,1,0.547,0.155,7
8,bcup,77,99,1,0.561,0.135,7
8,bcup,77,100,1,0.616,0.185,7
8,bcup,77,101,1,0.616,0.121,7
8,bcup,77,102,1,0.616,0.155,7
8,bcup,77,103,1,0.596,0.899,7
8,bcup,77,104,1,0.581,0.825,7
8,bcup,77,105,1,0.561,0.893,7
8,bcup,77,106,1,0.616,0.859,7
8,bcup,77,107,1,0.561,0.839,7
8,bcup,77,108,1,0.616,0.889,7
8,bcup,77,109,1,0.658,0.475,7
8,bcup,77,110,1,0.658,0.509,7
8,bcup,77,111,1,0.604,0.489,7
8,bcup,77,112,1,0.658,0.539,7
8,bcup,77,113,1,0.624,0.529,7
8,bcup,77,114,1,0.624,0.509,7
8,bcup,77,115,1,0.702,0.66,7
8,bcup,77,116,1,0.722,0.67,7
8,bcup,77,117,1,0.757,0.67,7
8,bcup,77,118,1,0.742,0.684,7
8,bcup,77,119,1,0.736,0.744,7
8,bcup,77,120,1,0.722,0.704,7
8,bcup,77,121,1,0.688,0.31,7
8,bcup,77,122,1,0.702,0.29,7
8,bcup,77,123,1,0.757,0.31,7
8,bcup,77,124,1,0.742,0.29,7
8,bcup,77,125,1,0.736,0.35,7
8,bcup,77,126,1,0.702,0.266,7
8,bcup,77,127,1,0.805,0.149,7
8,bcup,77,128,1,0.791,0.099,7
8,bcup,77,129,1,0.751,0.074,7
8,bcup,77,130,1,0.785,0.159,7
8,bcup,77,131,1,0.771,0.139,7
8,bcup,77,132,1,0.736,0.119,7
8,bcup,77,133,1,0.751,0.851,7
8,bcup,77,134,1,0.771,0.895,7
8,bcup,77,135,1,0.805,0.895,7
8,bcup,77,136,1,0.805,0.861,7
8,bcup,77,137,1,0.805,0.926,7
8,bcup,77,138,1,0.771,0.915,7
8,bcup,77,139,1,0.787,0.463,7
8,bcup,77,140,1,0.807,0.473,7
8,bcup,77,141,1,0.827,0.487,7
8,bcup,77,142,1,0.841,0.507,7
8,bcup,77,143,1,0.821,0.547,7
8,bcup,77,144,1,0.787,0.541,7
8,bcup,78,1,1,0.054,0.487,8
8,bcup,78,2,1,0.034,0.473,8
8,bcup,78,3,1,0,0.507,8
8,bcup,78,4,1,0.014,0.487,8
8,bcup,78,5,1,0.014,0.463,8
8,bcup,78,6,1,0.048,0.547,8
8,bcup,78,7,1,0.064,0.125,8
8,bcup,78,8,1,0.044,0.08,8
8,bcup,78,9,1,0.044,0.159,8
8,bcup,78,10,1,0.03,0.125,8
8,bcup,78,11,1,0.064,0.145,8
8,bcup,78,12,1,0.085,0.105,8
8,bcup,78,13,1,0.085,0.869,8
8,bcup,78,14,1,0.099,0.889,8
8,bcup,78,15,1,0.064,0.855,8
8,bcup,78,16,1,0.064,0.909,8
8,bcup,78,17,1,0.03,0.889,8
8,bcup,78,18,1,0.099,0.855,8
8,bcup,78,19,1,0.153,0.734,8
8,bcup,78,20,1,0.139,0.684,8
8,bcup,78,21,1,0.085,0.704,8
8,bcup,78,22,1,0.119,0.704,8
8,bcup,78,23,1,0.099,0.738,8
8,bcup,78,24,1,0.099,0.66,8
8,bcup,78,25,1,0.183,0.312,8
8,bcup,78,26,1,0.169,0.326,8
8,bcup,78,27,1,0.149,0.312,8
8,bcup,78,28,1,0.163,0.386,8
8,bcup,78,29,1,0.129,0.302,8
8,bcup,78,30,1,0.129,0.326,8
8,bcup,78,31,1,0.185,0.465,8
8,bcup,78,32,1,0.205,0.529,8
8,bcup,78,33,1,0.185,0.489,8
8,bcup,78,34,1,0.205,0.475,8
8,bcup,78,35,1,0.225,0.489,8
8,bcup,78,36,1,0.171,0.509,8
8,bcup,78,37,1,0.239,0.199,8
8,bcup,78,38,1,0.26,0.185,8
8,bcup,78,39,1,0.294,0.195,8
8,bcup,78,40,1,0.294,0.131,8
8,bcup,78,41,1,0.294,0.165,8
8,bcup,78,42,1,0.239,0.145,8
8,bcup,78,43,1,0.294,0.849,8
8,bcup,78,44,1,0.28,0.829,8
8,bcup,78,45,1,0.225,0.849,8
8,bcup,78,46,1,0.26,0.849,8
8,bcup,78,47,1,0.294,0.815,8
8,bcup,78,48,1,0.239,0.805,8
8,bcup,78,49,1,0.312,0.66,8
8,bcup,78,50,1,0.312,0.606,8
8,bcup,78,51,1,0.366,0.656,8
8,bcup,78,52,1,0.346,0.666,8
8,bcup,78,53,1,0.312,0.581,8
8,bcup,78,54,1,0.298,0.626,8
8,bcup,78,55,1,0.334,0.404,8
8,bcup,78,56,1,0.368,0.435,8
8,bcup,78,57,1,0.334,0.37,8
8,bcup,78,58,1,0.3,0.404,8
8,bcup,78,59,1,0.368,0.404,8
8,bcup,78,60,1,0.354,0.384,8
8,bcup,78,61,1,0.398,0.728,8
8,bcup,78,62,1,0.453,0.738,8
8,bcup,78,63,1,0.398,0.753,8
8,bcup,78,64,1,0.433,0.813,8
8,bcup,78,65,1,0.453,0.803,8
8,bcup,78,66,1,0.398,0.807,8
8,bcup,78,67,1,0.4,0.078,8
8,bcup,78,68,1,0.441,0.024,8
8,bcup,78,69,1,0.4,0,8
8,bcup,78,70,1,0.421,0.01,8
8,bcup,78,71,1,0.455,0.074,8
8,bcup,78,72,1,0.386,0.044,8
8,bcup,78,73,1,0.421,0.215,8
8,bcup,78,74,1,0.441,0.229,8
8,bcup,78,75,1,0.386,0.249,8
8,bcup,78,76,1,0.421,0.249,8
8,bcup,78,77,1,0.455,0.28,8
8,bcup,78,78,1,0.4,0.229,8
8,bcup,78,79,1,0.455,0.926,8
8,bcup,78,80,1,0.441,0.94,8
8,bcup,78,81,1,0.455,0.96,8
8,bcup,78,82,1,0.4,0.94,8
8,bcup,78,83,1,0.4,0.994,8
8,bcup,78,84,1,0.421,0.96,8
8,bcup,78,85,1,0.505,0.419,8
8,bcup,78,86,1,0.559,0.384,8
8,bcup,78,87,1,0.491,0.384,8
8,bcup,78,88,1,0.505,0.34,8
8,bcup,78,89,1,0.545,0.364,8
8,bcup,78,90,1,0.559,0.414,8
8,bcup,78,91,1,0.511,0.678,8
8,bcup,78,92,1,0.545,0.684,8
8,bcup,78,93,1,0.565,0.644,8
8,bcup,78,94,1,0.551,0.624,8
8,bcup,78,95,1,0.565,0.674,8
8,bcup,78,96,1,0.531,0.644,8
8,bcup,78,97,1,0.561,0.111,8
8,bcup,78,98,1,0.547,0.155,8
8,bcup,78,99,1,0.561,0.135,8
8,bcup,78,100,1,0.616,0.185,8
8,bcup,78,101,1,0.616,0.121,8
8,bcup,78,102,1,0.616,0.155,8
8,bcup,78,103,1,0.561,0.839,8
8,bcup,78,104,1,0.561,0.893,8
8,bcup,78,105,1,0.581,0.825,8
8,bcup,78,106,1,0.616,0.889,8
8,bcup,78,107,1,0.596,0.899,8
8,bcup,78,108,1,0.616,0.859,8
8,bcup,78,109,1,0.658,0.509,8
8,bcup,78,110,1,0.604,0.489,8
8,bcup,78,111,1,0.624,0.509,8
8,bcup,78,112,1,0.658,0.475,8
8,bcup,78,113,1,0.658,0.539,8
8,bcup,78,114,1,0.624,0.529,8
8,bcup,78,115,1,0.722,0.67,8
8,bcup,78,116,1,0.702,0.66,8
8,bcup,78,117,1,0.736,0.744,8
8,bcup,78,118,1,0.722,0.704,8
8,bcup,78,119,1,0.742,0.684,8
8,bcup,78,120,1,0.757,0.67,8
8,bcup,78,121,1,0.688,0.31,8
8,bcup,78,122,1,0.702,0.29,8
8,bcup,78,123,1,0.757,0.31,8
8,bcup,78,124,1,0.742,0.29,8
8,bcup,78,125,1,0.736,0.35,8
8,bcup,78,126,1,0.702,0.266,8
8,bcup,78,127,1,0.805,0.149,8
8,bcup,78,128,1,0.791,0.099,8
8,bcup,78,129,1,0.751,0.074,8
8,bcup,78,130,1,0.785,0.159,8
8,bcup,78,131,1,0.771,0.139,8
8,bcup,78,132,1,0.736,0.119,8
8,bcup,78,133,1,0.751,0.851,8
8,bcup,78,134,1,0.805,0.926,8
8,bcup,78,135,1,0.805,0.895,8
8,bcup,78,136,1,0.771,0.915,8
8,bcup,78,137,1,0.805,0.861,8
8,bcup,78,138,1,0.771,0.895,8
8,bcup,78,139,1,0.821,0.547,8
8,bcup,78,140,1,0.807,0.473,8
8,bcup,78,141,1,0.827,0.487,8
8,bcup,78,142,1,0.787,0.541,8
8,bcup,78,143,1,0.787,0.463,8
8,bcup,78,144,1,0.841,0.507,8
8,bcup,79,1,1,0.014,0.487,9
8,bcup,79,2,1,0.054,0.487,9
8,bcup,79,3,1,0.034,0.473,9
8,bcup,79,4,1,0,0.507,9
8,bcup,79,5,1,0.014,0.463,9
8,bcup,79,6,1,0.048,0.547,9
8,bcup,79,7,1,0.03,0.125,9
8,bcup,79,8,1,0.044,0.08,9
8,bcup,79,9,1,0.044,0.159,9
8,bcup,79,10,1,0.064,0.125,9
8,bcup,79,11,1,0.064,0.145,9
8,bcup,79,12,1,0.085,0.105,9
8,bcup,79,13,1,0.085,0.869,9
8,bcup,79,14,1,0.099,0.889,9
8,bcup,79,15,1,0.064,0.855,9
8,bcup,79,16,1,0.064,0.909,9
8,bcup,79,17,1,0.03,0.889,9
8,bcup,79,18,1,0.099,0.855,9
8,bcup,79,19,1,0.099,0.738,9
8,bcup,79,20,1,0.085,0.704,9
8,bcup,79,21,1,0.139,0.684,9
8,bcup,79,22,1,0.119,0.704,9
8,bcup,79,23,1,0.099,0.66,9
8,bcup,79,24,1,0.153,0.734,9
8,bcup,79,25,1,0.163,0.386,9
8,bcup,79,26,1,0.183,0.312,9
8,bcup,79,27,1,0.129,0.302,9
8,bcup,79,28,1,0.169,0.326,9
8,bcup,79,29,1,0.149,0.312,9
8,bcup,79,30,1,0.129,0.326,9
8,bcup,79,31,1,0.205,0.529,9
8,bcup,79,32,1,0.185,0.465,9
8,bcup,79,33,1,0.185,0.489,9
8,bcup,79,34,1,0.205,0.475,9
8,bcup,79,35,1,0.225,0.489,9
8,bcup,79,36,1,0.171,0.509,9
8,bcup,79,37,1,0.294,0.195,9
8,bcup,79,38,1,0.294,0.165,9
8,bcup,79,39,1,0.26,0.185,9
8,bcup,79,40,1,0.239,0.199,9
8,bcup,79,41,1,0.239,0.145,9
8,bcup,79,42,1,0.294,0.131,9
8,bcup,79,43,1,0.294,0.815,9
8,bcup,79,44,1,0.26,0.849,9
8,bcup,79,45,1,0.294,0.849,9
8,bcup,79,46,1,0.28,0.829,9
8,bcup,79,47,1,0.225,0.849,9
8,bcup,79,48,1,0.239,0.805,9
8,bcup,79,49,1,0.366,0.656,9
8,bcup,79,50,1,0.298,0.626,9
8,bcup,79,51,1,0.346,0.666,9
8,bcup,79,52,1,0.312,0.606,9
8,bcup,79,53,1,0.312,0.66,9
8,bcup,79,54,1,0.312,0.581,9
8,bcup,79,55,1,0.354,0.384,9
8,bcup,79,56,1,0.3,0.404,9
8,bcup,79,57,1,0.334,0.404,9
8,bcup,79,58,1,0.368,0.404,9
8,bcup,79,59,1,0.334,0.37,9
8,bcup,79,60,1,0.368,0.435,9
8,bcup,79,61,1,0.433,0.813,9
8,bcup,79,62,1,0.453,0.803,9
8,bcup,79,63,1,0.398,0.753,9
8,bcup,79,64,1,0.398,0.728,9
8,bcup,79,65,1,0.398,0.807,9
8,bcup,79,66,1,0.453,0.738,9
8,bcup,79,67,1,0.386,0.044,9
8,bcup,79,68,1,0.441,0.024,9
8,bcup,79,69,1,0.455,0.074,9
8,bcup,79,70,1,0.4,0,9
8,bcup,79,71,1,0.421,0.01,9
8,bcup,79,72,1,0.4,0.078,9
8,bcup,79,73,1,0.4,0.229,9
8,bcup,79,74,1,0.441,0.229,9
8,bcup,79,75,1,0.455,0.28,9
8,bcup,79,76,1,0.386,0.249,9
8,bcup,79,77,1,0.421,0.215,9
8,bcup,79,78,1,0.421,0.249,9
8,bcup,79,79,1,0.455,0.96,9
8,bcup,79,80,1,0.4,0.94,9
8,bcup,79,81,1,0.4,0.994,9
8,bcup,79,82,1,0.421,0.96,9
8,bcup,79,83,1,0.455,0.926,9
8,bcup,79,84,1,0.441,0.94,9
8,bcup,79,85,1,0.505,0.419,9
8,bcup,79,86,1,0.545,0.364,9
8,bcup,79,87,1,0.559,0.384,9
8,bcup,79,88,1,0.491,0.384,9
8,bcup,79,89,1,0.505,0.34,9
8,bcup,79,90,1,0.559,0.414,9
8,bcup,79,91,1,0.531,0.644,9
8,bcup,79,92,1,0.551,0.624,9
8,bcup,79,93,1,0.565,0.674,9
8,bcup,79,94,1,0.565,0.644,9
8,bcup,79,95,1,0.511,0.678,9
8,bcup,79,96,1,0.545,0.684,9
8,bcup,79,97,1,0.616,0.185,9
8,bcup,79,98,1,0.616,0.155,9
8,bcup,79,99,1,0.616,0.121,9
8,bcup,79,100,1,0.561,0.111,9
8,bcup,79,101,1,0.561,0.135,9
8,bcup,79,102,1,0.547,0.155,9
8,bcup,79,103,1,0.596,0.899,9
8,bcup,79,104,1,0.581,0.825,9
8,bcup,79,105,1,0.561,0.893,9
8,bcup,79,106,1,0.561,0.839,9
8,bcup,79,107,1,0.616,0.889,9
8,bcup,79,108,1,0.616,0.859,9
8,bcup,79,109,1,0.658,0.539,9
8,bcup,79,110,1,0.658,0.509,9
8,bcup,79,111,1,0.604,0.489,9
8,bcup,79,112,1,0.624,0.529,9
8,bcup,79,113,1,0.658,0.475,9
8,bcup,79,114,1,0.624,0.509,9
8,bcup,79,115,1,0.702,0.66,9
8,bcup,79,116,1,0.736,0.744,9
8,bcup,79,117,1,0.722,0.704,9
8,bcup,79,118,1,0.742,0.684,9
8,bcup,79,119,1,0.757,0.67,9
8,bcup,79,120,1,0.722,0.67,9
8,bcup,79,121,1,0.688,0.31,9
8,bcup,79,122,1,0.702,0.29,9
8,bcup,79,123,1,0.736,0.35,9
8,bcup,79,124,1,0.742,0.29,9
8,bcup,79,125,1,0.702,0.266,9
8,bcup,79,126,1,0.757,0.31,9
8,bcup,79,127,1,0.736,0.119,9
8,bcup,79,128,1,0.751,0.074,9
8,bcup,79,129,1,0.791,0.099,9
8,bcup,79,130,1,0.771,0.139,9
8,bcup,79,131,1,0.785,0.159,9
8,bcup,79,132,1,0.805,0.149,9
8,bcup,79,133,1,0.805,0.926,9
8,bcup,79,134,1,0.805,0.895,9
8,bcup,79,135,1,0.771,0.915,9
8,bcup,79,136,1,0.805,0.861,9
8,bcup,79,137,1,0.771,0.895,9
8,bcup,79,138,1,0.751,0.851,9
8,bcup,79,139,1,0.821,0.547,9
8,bcup,79,140,1,0.807,0.473,9
8,bcup,79,141,1,0.827,0.487,9
8,bcup,79,142,1,0.787,0.541,9
8,bcup,79,143,1,0.787,0.463,9
8,bcup,79,144,1,0.841,0.507,9
8,bcup,80,1,1,0.034,0.473,10
8,bcup,80,2,1,0.048,0.547,10
8,bcup,80,3,1,0.014,0.487,10
8,bcup,80,4,1,0.054,0.487,10
8,bcup,80,5,1,0.014,0.463,10
8,bcup,80,6,1,0,0.507,10
8,bcup,80,7,1,0.03,0.125,10
8,bcup,80,8,1,0.044,0.159,10
8,bcup,80,9,1,0.044,0.08,10
8,bcup,80,10,1,0.064,0.145,10
8,bcup,80,11,1,0.064,0.125,10
8,bcup,80,12,1,0.085,0.105,10
8,bcup,80,13,1,0.085,0.869,10
8,bcup,80,14,1,0.099,0.889,10
8,bcup,80,15,1,0.064,0.855,10
8,bcup,80,16,1,0.064,0.909,10
8,bcup,80,17,1,0.03,0.889,10
8,bcup,80,18,1,0.099,0.855,10
8,bcup,80,19,1,0.119,0.704,10
8,bcup,80,20,1,0.139,0.684,10
8,bcup,80,21,1,0.085,0.704,10
8,bcup,80,22,1,0.099,0.66,10
8,bcup,80,23,1,0.153,0.734,10
8,bcup,80,24,1,0.099,0.738,10
8,bcup,80,25,1,0.169,0.326,10
8,bcup,80,26,1,0.129,0.326,10
8,bcup,80,27,1,0.163,0.386,10
8,bcup,80,28,1,0.183,0.312,10
8,bcup,80,29,1,0.129,0.302,10
8,bcup,80,30,1,0.149,0.312,10
8,bcup,80,31,1,0.205,0.475,10
8,bcup,80,32,1,0.185,0.489,10
8,bcup,80,33,1,0.185,0.465,10
8,bcup,80,34,1,0.171,0.509,10
8,bcup,80,35,1,0.205,0.529,10
8,bcup,80,36,1,0.225,0.489,10
8,bcup,80,37,1,0.26,0.185,10
8,bcup,80,38,1,0.294,0.195,10
8,bcup,80,39,1,0.239,0.199,10
8,bcup,80,40,1,0.239,0.145,10
8,bcup,80,41,1,0.294,0.165,10
8,bcup,80,42,1,0.294,0.131,10
8,bcup,80,43,1,0.26,0.849,10
8,bcup,80,44,1,0.294,0.849,10
8,bcup,80,45,1,0.28,0.829,10
8,bcup,80,46,1,0.294,0.815,10
8,bcup,80,47,1,0.239,0.805,10
8,bcup,80,48,1,0.225,0.849,10
8,bcup,80,49,1,0.298,0.626,10
8,bcup,80,50,1,0.346,0.666,10
8,bcup,80,51,1,0.366,0.656,10
8,bcup,80,52,1,0.312,0.66,10
8,bcup,80,53,1,0.312,0.581,10
8,bcup,80,54,1,0.312,0.606,10
8,bcup,80,55,1,0.334,0.37,10
8,bcup,80,56,1,0.368,0.435,10
8,bcup,80,57,1,0.334,0.404,10
8,bcup,80,58,1,0.368,0.404,10
8,bcup,80,59,1,0.3,0.404,10
8,bcup,80,60,1,0.354,0.384,10
8,bcup,80,61,1,0.433,0.813,10
8,bcup,80,62,1,0.453,0.803,10
8,bcup,80,63,1,0.398,0.753,10
8,bcup,80,64,1,0.453,0.738,10
8,bcup,80,65,1,0.398,0.807,10
8,bcup,80,66,1,0.398,0.728,10
8,bcup,80,67,1,0.455,0.074,10
8,bcup,80,68,1,0.4,0,10
8,bcup,80,69,1,0.421,0.01,10
8,bcup,80,70,1,0.4,0.078,10
8,bcup,80,71,1,0.441,0.024,10
8,bcup,80,72,1,0.386,0.044,10
8,bcup,80,73,1,0.455,0.28,10
8,bcup,80,74,1,0.421,0.215,10
8,bcup,80,75,1,0.386,0.249,10
8,bcup,80,76,1,0.4,0.229,10
8,bcup,80,77,1,0.441,0.229,10
8,bcup,80,78,1,0.421,0.249,10
8,bcup,80,79,1,0.455,0.926,10
8,bcup,80,80,1,0.441,0.94,10
8,bcup,80,81,1,0.455,0.96,10
8,bcup,80,82,1,0.4,0.994,10
8,bcup,80,83,1,0.421,0.96,10
8,bcup,80,84,1,0.4,0.94,10
8,bcup,80,85,1,0.491,0.384,10
8,bcup,80,86,1,0.505,0.34,10
8,bcup,80,87,1,0.545,0.364,10
8,bcup,80,88,1,0.559,0.414,10
8,bcup,80,89,1,0.559,0.384,10
8,bcup,80,90,1,0.505,0.419,10
8,bcup,80,91,1,0.531,0.644,10
8,bcup,80,92,1,0.551,0.624,10
8,bcup,80,93,1,0.565,0.674,10
8,bcup,80,94,1,0.565,0.644,10
8,bcup,80,95,1,0.511,0.678,10
8,bcup,80,96,1,0.545,0.684,10
8,bcup,80,97,1,0.616,0.185,10
8,bcup,80,98,1,0.616,0.121,10
8,bcup,80,99,1,0.616,0.155,10
8,bcup,80,100,1,0.561,0.111,10
8,bcup,80,101,1,0.547,0.155,10
8,bcup,80,102,1,0.561,0.135,10
8,bcup,80,103,1,0.616,0.859,10
8,bcup,80,104,1,0.616,0.889,10
8,bcup,80,105,1,0.561,0.839,10
8,bcup,80,106,1,0.596,0.899,10
8,bcup,80,107,1,0.561,0.893,10
8,bcup,80,108,1,0.581,0.825,10
8,bcup,80,109,1,0.658,0.509,10
8,bcup,80,110,1,0.604,0.489,10
8,bcup,80,111,1,0.624,0.509,10
8,bcup,80,112,1,0.658,0.475,10
8,bcup,80,113,1,0.658,0.539,10
8,bcup,80,114,1,0.624,0.529,10
8,bcup,80,115,1,0.736,0.744,10
8,bcup,80,116,1,0.722,0.67,10
8,bcup,80,117,1,0.757,0.67,10
8,bcup,80,118,1,0.742,0.684,10
8,bcup,80,119,1,0.722,0.704,10
8,bcup,80,120,1,0.702,0.66,10
8,bcup,80,121,1,0.736,0.35,10
8,bcup,80,122,1,0.702,0.266,10
8,bcup,80,123,1,0.702,0.29,10
8,bcup,80,124,1,0.742,0.29,10
8,bcup,80,125,1,0.757,0.31,10
8,bcup,80,126,1,0.688,0.31,10
8,bcup,80,127,1,0.805,0.149,10
8,bcup,80,128,1,0.791,0.099,10
8,bcup,80,129,1,0.751,0.074,10
8,bcup,80,130,1,0.785,0.159,10
8,bcup,80,131,1,0.771,0.139,10
8,bcup,80,132,1,0.736,0.119,10
8,bcup,80,133,1,0.805,0.895,10
8,bcup,80,134,1,0.771,0.915,10
8,bcup,80,135,1,0.805,0.861,10
8,bcup,80,136,1,0.771,0.895,10
8,bcup,80,137,1,0.751,0.851,10
8,bcup,80,138,1,0.805,0.926,10
8,bcup,80,139,1,0.841,0.507,10
8,bcup,80,140,1,0.787,0.463,10
8,bcup,80,141,1,0.807,0.473,10
8,bcup,80,142,1,0.827,0.487,10
8,bcup,80,143,1,0.821,0.547,10
8,bcup,80,144,1,0.787,0.541,10
9,bcup,81,1,1,0.054,0.463,1
9,bcup,81,2,1,0.014,0.439,1
9,bcup,81,3,1,0.034,0.449,1
9,bcup,81,4,1,0.068,0.483,1
9,bcup,81,5,1,0.014,0.463,1
9,bcup,81,6,1,0,0.483,1
9,bcup,81,7,1,0.064,0.066,1
9,bcup,81,8,1,0.044,0.135,1
9,bcup,81,9,1,0.044,0.08,1
9,bcup,81,10,1,0.099,0.131,1
9,bcup,81,11,1,0.064,0.101,1
9,bcup,81,12,1,0.064,0.121,1
9,bcup,81,13,1,0.099,0.865,1
9,bcup,81,14,1,0.044,0.821,1
9,bcup,81,15,1,0.085,0.845,1
9,bcup,81,16,1,0.099,0.831,1
9,bcup,81,17,1,0.03,0.865,1
9,bcup,81,18,1,0.099,0.895,1
9,bcup,81,19,1,0.099,0.636,1
9,bcup,81,20,1,0.153,0.71,1
9,bcup,81,21,1,0.119,0.7,1
9,bcup,81,22,1,0.119,0.646,1
9,bcup,81,23,1,0.119,0.68,1
9,bcup,81,24,1,0.139,0.66,1
9,bcup,81,25,1,0.149,0.288,1
9,bcup,81,26,1,0.183,0.322,1
9,bcup,81,27,1,0.183,0.288,1
9,bcup,81,28,1,0.163,0.362,1
9,bcup,81,29,1,0.129,0.356,1
9,bcup,81,30,1,0.169,0.302,1
9,bcup,81,31,1,0.239,0.515,1
9,bcup,81,32,1,0.239,0.451,1
9,bcup,81,33,1,0.219,0.525,1
9,bcup,81,34,1,0.185,0.441,1
9,bcup,81,35,1,0.171,0.485,1
9,bcup,81,36,1,0.205,0.505,1
9,bcup,81,37,1,0.294,0.171,1
9,bcup,81,38,1,0.239,0.097,1
9,bcup,81,39,1,0.26,0.141,1
9,bcup,81,40,1,0.294,0.141,1
9,bcup,81,41,1,0.28,0.121,1
9,bcup,81,42,1,0.239,0.175,1
9,bcup,81,43,1,0.239,0.805,1
9,bcup,81,44,1,0.26,0.845,1
9,bcup,81,45,1,0.239,0.781,1
9,bcup,81,46,1,0.294,0.855,1
9,bcup,81,47,1,0.26,0.791,1
9,bcup,81,48,1,0.294,0.791,1
9,bcup,81,49,1,0.312,0.557,1
9,bcup,81,50,1,0.346,0.642,1
9,bcup,81,51,1,0.366,0.567,1
9,bcup,81,52,1,0.312,0.581,1
9,bcup,81,53,1,0.332,0.602,1
9,bcup,81,54,1,0.332,0.567,1
9,bcup,81,55,1,0.368,0.41,1
9,bcup,81,56,1,0.348,0.421,1
9,bcup,81,57,1,0.3,0.38,1
9,bcup,81,58,1,0.314,0.36,1
9,bcup,81,59,1,0.354,0.36,1
9,bcup,81,60,1,0.314,0.336,1
9,bcup,81,61,1,0.419,0.714,1
9,bcup,81,62,1,0.398,0.704,1
9,bcup,81,63,1,0.453,0.714,1
9,bcup,81,64,1,0.398,0.783,1
9,bcup,81,65,1,0.419,0.769,1
9,bcup,81,66,1,0.419,0.748,1
9,bcup,81,67,1,0.435,0.06,1
9,bcup,81,68,1,0.386,0.02,1
9,bcup,81,69,1,0.455,0.02,1
9,bcup,81,70,1,0.421,0.02,1
9,bcup,81,71,1,0.4,0.054,1
9,bcup,81,72,1,0.441,0,1
9,bcup,81,73,1,0.421,0.245,1
9,bcup,81,74,1,0.455,0.225,1
9,bcup,81,75,1,0.441,0.205,1
9,bcup,81,76,1,0.386,0.225,1
9,bcup,81,77,1,0.455,0.256,1
9,bcup,81,78,1,0.4,0.26,1
9,bcup,81,79,1,0.455,0.966,1
9,bcup,81,80,1,0.421,0.901,1
9,bcup,81,81,1,0.455,0.901,1
9,bcup,81,82,1,0.421,0.956,1
9,bcup,81,83,1,0.435,0.976,1
9,bcup,81,84,1,0.441,0.915,1
9,bcup,81,85,1,0.539,0.4,1
9,bcup,81,86,1,0.525,0.38,1
9,bcup,81,87,1,0.559,0.326,1
9,bcup,81,88,1,0.505,0.34,1
9,bcup,81,89,1,0.525,0.36,1
9,bcup,81,90,1,0.491,0.36,1
9,bcup,81,91,1,0.531,0.586,1
9,bcup,81,92,1,0.511,0.6,1
9,bcup,81,93,1,0.531,0.62,1
9,bcup,81,94,1,0.497,0.62,1
9,bcup,81,95,1,0.545,0.66,1
9,bcup,81,96,1,0.551,0.6,1
9,bcup,81,97,1,0.561,0.165,1
9,bcup,81,98,1,0.616,0.131,1
9,bcup,81,99,1,0.547,0.131,1
9,bcup,81,100,1,0.561,0.111,1
9,bcup,81,101,1,0.581,0.097,1
9,bcup,81,102,1,0.596,0.171,1
9,bcup,81,103,1,0.581,0.801,1
9,bcup,81,104,1,0.561,0.815,1
9,bcup,81,105,1,0.602,0.815,1
9,bcup,81,106,1,0.616,0.801,1
9,bcup,81,107,1,0.616,0.865,1
9,bcup,81,108,1,0.596,0.875,1
9,bcup,81,109,1,0.644,0.465,1
9,bcup,81,110,1,0.624,0.485,1
9,bcup,81,111,1,0.604,0.441,1
9,bcup,81,112,1,0.638,0.525,1
9,bcup,81,113,1,0.658,0.451,1
9,bcup,81,114,1,0.604,0.519,1
9,bcup,81,115,1,0.757,0.646,1
9,bcup,81,116,1,0.742,0.66,1
9,bcup,81,117,1,0.722,0.7,1
9,bcup,81,118,1,0.688,0.68,1
9,bcup,81,119,1,0.736,0.72,1
9,bcup,81,120,1,0.702,0.66,1
9,bcup,81,121,1,0.757,0.316,1
9,bcup,81,122,1,0.702,0.241,1
9,bcup,81,123,1,0.757,0.252,1
9,bcup,81,124,1,0.722,0.306,1
9,bcup,81,125,1,0.757,0.286,1
9,bcup,81,126,1,0.688,0.286,1
9,bcup,81,127,1,0.805,0.06,1
9,bcup,81,128,1,0.771,0.095,1
9,bcup,81,129,1,0.771,0.115,1
9,bcup,81,130,1,0.791,0.074,1
9,bcup,81,131,1,0.805,0.125,1
9,bcup,81,132,1,0.751,0.05,1
9,bcup,81,133,1,0.791,0.851,1
9,bcup,81,134,1,0.805,0.901,1
9,bcup,81,135,1,0.736,0.871,1
9,bcup,81,136,1,0.751,0.905,1
9,bcup,81,137,1,0.771,0.837,1
9,bcup,81,138,1,0.751,0.851,1
9,bcup,81,139,1,0.807,0.503,1
9,bcup,81,140,1,0.841,0.483,1
9,bcup,81,141,1,0.787,0.517,1
9,bcup,81,142,1,0.841,0.513,1
9,bcup,81,143,1,0.807,0.483,1
9,bcup,81,144,1,0.787,0.439,1
9,bcup,82,1,1,0.014,0.439,2
9,bcup,82,2,1,0.068,0.483,2
9,bcup,82,3,1,0,0.483,2
9,bcup,82,4,1,0.054,0.463,2
9,bcup,82,5,1,0.014,0.463,2
9,bcup,82,6,1,0.034,0.449,2
9,bcup,82,7,1,0.044,0.08,2
9,bcup,82,8,1,0.099,0.131,2
9,bcup,82,9,1,0.064,0.101,2
9,bcup,82,10,1,0.064,0.121,2
9,bcup,82,11,1,0.064,0.066,2
9,bcup,82,12,1,0.044,0.135,2
9,bcup,82,13,1,0.099,0.895,2
9,bcup,82,14,1,0.085,0.845,2
9,bcup,82,15,1,0.044,0.821,2
9,bcup,82,16,1,0.03,0.865,2
9,bcup,82,17,1,0.099,0.831,2
9,bcup,82,18,1,0.099,0.865,2
9,bcup,82,19,1,0.139,0.66,2
9,bcup,82,20,1,0.099,0.636,2
9,bcup,82,21,1,0.119,0.646,2
9,bcup,82,22,1,0.119,0.68,2
9,bcup,82,23,1,0.119,0.7,2
9,bcup,82,24,1,0.153,0.71,2
9,bcup,82,25,1,0.163,0.362,2
9,bcup,82,26,1,0.149,0.288,2
9,bcup,82,27,1,0.183,0.322,2
9,bcup,82,28,1,0.183,0.288,2
9,bcup,82,29,1,0.169,0.302,2
9,bcup,82,30,1,0.129,0.356,2
9,bcup,82,31,1,0.185,0.441,2
9,bcup,82,32,1,0.171,0.485,2
9,bcup,82,33,1,0.205,0.505,2
9,bcup,82,34,1,0.239,0.515,2
9,bcup,82,35,1,0.239,0.451,2
9,bcup,82,36,1,0.219,0.525,2
9,bcup,82,37,1,0.239,0.097,2
9,bcup,82,38,1,0.28,0.121,2
9,bcup,82,39,1,0.239,0.175,2
9,bcup,82,40,1,0.294,0.171,2
9,bcup,82,41,1,0.294,0.141,2
9,bcup,82,42,1,0.26,0.141,2
9,bcup,82,43,1,0.26,0.845,2
9,bcup,82,44,1,0.294,0.855,2
9,bcup,82,45,1,0.239,0.805,2
9,bcup,82,46,1,0.294,0.791,2
9,bcup,82,47,1,0.239,0.781,2
9,bcup,82,48,1,0.26,0.791,2
9,bcup,82,49,1,0.332,0.567,2
9,bcup,82,50,1,0.312,0.581,2
9,bcup,82,51,1,0.332,0.602,2
9,bcup,82,52,1,0.312,0.557,2
9,bcup,82,53,1,0.346,0.642,2
9,bcup,82,54,1,0.366,0.567,2
9,bcup,82,55,1,0.368,0.41,2
9,bcup,82,56,1,0.348,0.421,2
9,bcup,82,57,1,0.3,0.38,2
9,bcup,82,58,1,0.314,0.36,2
9,bcup,82,59,1,0.354,0.36,2
9,bcup,82,60,1,0.314,0.336,2
9,bcup,82,61,1,0.419,0.769,2
9,bcup,82,62,1,0.398,0.783,2
9,bcup,82,63,1,0.453,0.714,2
9,bcup,82,64,1,0.419,0.714,2
9,bcup,82,65,1,0.398,0.704,2
9,bcup,82,66,1,0.419,0.748,2
9,bcup,82,67,1,0.435,0.06,2
9,bcup,82,68,1,0.455,0.02,2
9,bcup,82,69,1,0.441,0,2
9,bcup,82,70,1,0.421,0.02,2
9,bcup,82,71,1,0.386,0.02,2
9,bcup,82,72,1,0.4,0.054,2
9,bcup,82,73,1,0.441,0.205,2
9,bcup,82,74,1,0.421,0.245,2
9,bcup,82,75,1,0.4,0.26,2
9,bcup,82,76,1,0.455,0.256,2
9,bcup,82,77,1,0.455,0.225,2
9,bcup,82,78,1,0.386,0.225,2
9,bcup,82,79,1,0.441,0.915,2
9,bcup,82,80,1,0.421,0.901,2
9,bcup,82,81,1,0.455,0.966,2
9,bcup,82,82,1,0.421,0.956,2
9,bcup,82,83,1,0.435,0.976,2
9,bcup,82,84,1,0.455,0.901,2
9,bcup,82,85,1,0.539,0.4,2
9,bcup,82,86,1,0.525,0.38,2
9,bcup,82,87,1,0.559,0.326,2
9,bcup,82,88,1,0.505,0.34,2
9,bcup,82,89,1,0.525,0.36,2
9,bcup,82,90,1,0.491,0.36,2
9,bcup,82,91,1,0.531,0.586,2
9,bcup,82,92,1,0.511,0.6,2
9,bcup,82,93,1,0.531,0.62,2
9,bcup,82,94,1,0.497,0.62,2
9,bcup,82,95,1,0.545,0.66,2
9,bcup,82,96,1,0.551,0.6,2
9,bcup,82,97,1,0.547,0.131,2
9,bcup,82,98,1,0.561,0.165,2
9,bcup,82,99,1,0.561,0.111,2
9,bcup,82,100,1,0.581,0.097,2
9,bcup,82,101,1,0.596,0.171,2
9,bcup,82,102,1,0.616,0.131,2
9,bcup,82,103,1,0.616,0.801,2
9,bcup,82,104,1,0.596,0.875,2
9,bcup,82,105,1,0.602,0.815,2
9,bcup,82,106,1,0.581,0.801,2
9,bcup,82,107,1,0.616,0.865,2
9,bcup,82,108,1,0.561,0.815,2
9,bcup,82,109,1,0.658,0.451,2
9,bcup,82,110,1,0.604,0.519,2
9,bcup,82,111,1,0.604,0.441,2
9,bcup,82,112,1,0.644,0.465,2
9,bcup,82,113,1,0.638,0.525,2
9,bcup,82,114,1,0.624,0.485,2
9,bcup,82,115,1,0.757,0.646,2
9,bcup,82,116,1,0.742,0.66,2
9,bcup,82,117,1,0.722,0.7,2
9,bcup,82,118,1,0.688,0.68,2
9,bcup,82,119,1,0.736,0.72,2
9,bcup,82,120,1,0.702,0.66,2
9,bcup,82,121,1,0.688,0.286,2
9,bcup,82,122,1,0.757,0.316,2
9,bcup,82,123,1,0.722,0.306,2
9,bcup,82,124,1,0.702,0.241,2
9,bcup,82,125,1,0.757,0.252,2
9,bcup,82,126,1,0.757,0.286,2
9,bcup,82,127,1,0.805,0.125,2
9,bcup,82,128,1,0.751,0.05,2
9,bcup,82,129,1,0.791,0.074,2
9,bcup,82,130,1,0.805,0.06,2
9,bcup,82,131,1,0.771,0.115,2
9,bcup,82,132,1,0.771,0.095,2
9,bcup,82,133,1,0.791,0.851,2
9,bcup,82,134,1,0.805,0.901,2
9,bcup,82,135,1,0.736,0.871,2
9,bcup,82,136,1,0.751,0.905,2
9,bcup,82,137,1,0.771,0.837,2
9,bcup,82,138,1,0.751,0.851,2
9,bcup,82,139,1,0.807,0.483,2
9,bcup,82,140,1,0.787,0.439,2
9,bcup,82,141,1,0.787,0.517,2
9,bcup,82,142,1,0.807,0.503,2
9,bcup,82,143,1,0.841,0.513,2
9,bcup,82,144,1,0.841,0.483,2
9,bcup,83,1,1,0.054,0.463,3
9,bcup,83,2,1,0.014,0.439,3
9,bcup,83,3,1,0.034,0.449,3
9,bcup,83,4,1,0.068,0.483,3
9,bcup,83,5,1,0.014,0.463,3
9,bcup,83,6,1,0,0.483,3
9,bcup,83,7,1,0.064,0.066,3
9,bcup,83,8,1,0.044,0.135,3
9,bcup,83,9,1,0.044,0.08,3
9,bcup,83,10,1,0.099,0.131,3
9,bcup,83,11,1,0.064,0.101,3
9,bcup,83,12,1,0.064,0.121,3
9,bcup,83,13,1,0.099,0.865,3
9,bcup,83,14,1,0.044,0.821,3
9,bcup,83,15,1,0.099,0.831,3
9,bcup,83,16,1,0.03,0.865,3
9,bcup,83,17,1,0.099,0.895,3
9,bcup,83,18,1,0.085,0.845,3
9,bcup,83,19,1,0.119,0.68,3
9,bcup,83,20,1,0.153,0.71,3
9,bcup,83,21,1,0.119,0.7,3
9,bcup,83,22,1,0.119,0.646,3
9,bcup,83,23,1,0.099,0.636,3
9,bcup,83,24,1,0.139,0.66,3
9,bcup,83,25,1,0.183,0.322,3
9,bcup,83,26,1,0.183,0.288,3
9,bcup,83,27,1,0.163,0.362,3
9,bcup,83,28,1,0.129,0.356,3
9,bcup,83,29,1,0.149,0.288,3
9,bcup,83,30,1,0.169,0.302,3
9,bcup,83,31,1,0.185,0.441,3
9,bcup,83,32,1,0.171,0.485,3
9,bcup,83,33,1,0.205,0.505,3
9,bcup,83,34,1,0.239,0.515,3
9,bcup,83,35,1,0.239,0.451,3
9,bcup,83,36,1,0.219,0.525,3
9,bcup,83,37,1,0.294,0.171,3
9,bcup,83,38,1,0.239,0.097,3
9,bcup,83,39,1,0.26,0.141,3
9,bcup,83,40,1,0.294,0.141,3
9,bcup,83,41,1,0.28,0.121,3
9,bcup,83,42,1,0.239,0.175,3
9,bcup,83,43,1,0.294,0.855,3
9,bcup,83,44,1,0.26,0.845,3
9,bcup,83,45,1,0.239,0.781,3
9,bcup,83,46,1,0.239,0.805,3
9,bcup,83,47,1,0.26,0.791,3
9,bcup,83,48,1,0.294,0.791,3
9,bcup,83,49,1,0.332,0.567,3
9,bcup,83,50,1,0.312,0.581,3
9,bcup,83,51,1,0.332,0.602,3
9,bcup,83,52,1,0.312,0.557,3
9,bcup,83,53,1,0.346,0.642,3
9,bcup,83,54,1,0.366,0.567,3
9,bcup,83,55,1,0.368,0.41,3
9,bcup,83,56,1,0.348,0.421,3
9,bcup,83,57,1,0.3,0.38,3
9,bcup,83,58,1,0.314,0.36,3
9,bcup,83,59,1,0.354,0.36,3
9,bcup,83,60,1,0.314,0.336,3
9,bcup,83,61,1,0.419,0.769,3
9,bcup,83,62,1,0.398,0.783,3
9,bcup,83,63,1,0.453,0.714,3
9,bcup,83,64,1,0.419,0.714,3
9,bcup,83,65,1,0.398,0.704,3
9,bcup,83,66,1,0.419,0.748,3
9,bcup,83,67,1,0.435,0.06,3
9,bcup,83,68,1,0.386,0.02,3
9,bcup,83,69,1,0.455,0.02,3
9,bcup,83,70,1,0.421,0.02,3
9,bcup,83,71,1,0.4,0.054,3
9,bcup,83,72,1,0.441,0,3
9,bcup,83,73,1,0.421,0.245,3
9,bcup,83,74,1,0.455,0.225,3
9,bcup,83,75,1,0.441,0.205,3
9,bcup,83,76,1,0.386,0.225,3
9,bcup,83,77,1,0.455,0.256,3
9,bcup,83,78,1,0.4,0.26,3
9,bcup,83,79,1,0.421,0.901,3
9,bcup,83,80,1,0.455,0.966,3
9,bcup,83,81,1,0.421,0.956,3
9,bcup,83,82,1,0.455,0.901,3
9,bcup,83,83,1,0.435,0.976,3
9,bcup,83,84,1,0.441,0.915,3
9,bcup,83,85,1,0.539,0.4,3
9,bcup,83,86,1,0.525,0.38,3
9,bcup,83,87,1,0.559,0.326,3
9,bcup,83,88,1,0.505,0.34,3
9,bcup,83,89,1,0.525,0.36,3
9,bcup,83,90,1,0.491,0.36,3
9,bcup,83,91,1,0.531,0.62,3
9,bcup,83,92,1,0.497,0.62,3
9,bcup,83,93,1,0.545,0.66,3
9,bcup,83,94,1,0.551,0.6,3
9,bcup,83,95,1,0.531,0.586,3
9,bcup,83,96,1,0.511,0.6,3
9,bcup,83,97,1,0.561,0.165,3
9,bcup,83,98,1,0.616,0.131,3
9,bcup,83,99,1,0.547,0.131,3
9,bcup,83,100,1,0.561,0.111,3
9,bcup,83,101,1,0.581,0.097,3
9,bcup,83,102,1,0.596,0.171,3
9,bcup,83,103,1,0.616,0.865,3
9,bcup,83,104,1,0.561,0.815,3
9,bcup,83,105,1,0.596,0.875,3
9,bcup,83,106,1,0.581,0.801,3
9,bcup,83,107,1,0.616,0.801,3
9,bcup,83,108,1,0.602,0.815,3
9,bcup,83,109,1,0.644,0.465,3
9,bcup,83,110,1,0.624,0.485,3
9,bcup,83,111,1,0.604,0.441,3
9,bcup,83,112,1,0.638,0.525,3
9,bcup,83,113,1,0.658,0.451,3
9,bcup,83,114,1,0.604,0.519,3
9,bcup,83,115,1,0.688,0.68,3
9,bcup,83,116,1,0.736,0.72,3
9,bcup,83,117,1,0.702,0.66,3
9,bcup,83,118,1,0.722,0.7,3
9,bcup,83,119,1,0.742,0.66,3
9,bcup,83,120,1,0.757,0.646,3
9,bcup,83,121,1,0.757,0.316,3
9,bcup,83,122,1,0.702,0.241,3
9,bcup,83,123,1,0.757,0.252,3
9,bcup,83,124,1,0.722,0.306,3
9,bcup,83,125,1,0.757,0.286,3
9,bcup,83,126,1,0.688,0.286,3
9,bcup,83,127,1,0.805,0.06,3
9,bcup,83,128,1,0.771,0.095,3
9,bcup,83,129,1,0.771,0.115,3
9,bcup,83,130,1,0.791,0.074,3
9,bcup,83,131,1,0.805,0.125,3
9,bcup,83,132,1,0.751,0.05,3
9,bcup,83,133,1,0.751,0.905,3
9,bcup,83,134,1,0.771,0.837,3
9,bcup,83,135,1,0.805,0.901,3
9,bcup,83,136,1,0.751,0.851,3
9,bcup,83,137,1,0.736,0.871,3
9,bcup,83,138,1,0.791,0.851,3
9,bcup,83,139,1,0.807,0.503,3
9,bcup,83,140,1,0.841,0.483,3
9,bcup,83,141,1,0.787,0.517,3
9,bcup,83,142,1,0.841,0.513,3
9,bcup,83,143,1,0.807,0.483,3
9,bcup,83,144,1,0.787,0.439,3
9,bcup,84,1,1,0.014,0.439,4
9,bcup,84,2,1,0.068,0.483,4
9,bcup,84,3,1,0,0.483,4
9,bcup,84,4,1,0.054,0.463,4
9,bcup,84,5,1,0.014,0.463,4
9,bcup,84,6,1,0.034,0.449,4
9,bcup,84,7,1,0.064,0.066,4
9,bcup,84,8,1,0.044,0.135,4
9,bcup,84,9,1,0.044,0.08,4
9,bcup,84,10,1,0.099,0.131,4
9,bcup,84,11,1,0.064,0.101,4
9,bcup,84,12,1,0.064,0.121,4
9,bcup,84,13,1,0.099,0.895,4
9,bcup,84,14,1,0.085,0.845,4
9,bcup,84,15,1,0.044,0.821,4
9,bcup,84,16,1,0.03,0.865,4
9,bcup,84,17,1,0.099,0.831,4
9,bcup,84,18,1,0.099,0.865,4
9,bcup,84,19,1,0.139,0.66,4
9,bcup,84,20,1,0.099,0.636,4
9,bcup,84,21,1,0.119,0.646,4
9,bcup,84,22,1,0.119,0.68,4
9,bcup,84,23,1,0.119,0.7,4
9,bcup,84,24,1,0.153,0.71,4
9,bcup,84,25,1,0.183,0.288,4
9,bcup,84,26,1,0.129,0.356,4
9,bcup,84,27,1,0.169,0.302,4
9,bcup,84,28,1,0.163,0.362,4
9,bcup,84,29,1,0.149,0.288,4
9,bcup,84,30,1,0.183,0.322,4
9,bcup,84,31,1,0.185,0.441,4
9,bcup,84,32,1,0.171,0.485,4
9,bcup,84,33,1,0.205,0.505,4
9,bcup,84,34,1,0.239,0.515,4
9,bcup,84,35,1,0.239,0.451,4
9,bcup,84,36,1,0.219,0.525,4
9,bcup,84,37,1,0.239,0.175,4
9,bcup,84,38,1,0.26,0.141,4
9,bcup,84,39,1,0.294,0.141,4
9,bcup,84,40,1,0.294,0.171,4
9,bcup,84,41,1,0.239,0.097,4
9,bcup,84,42,1,0.28,0.121,4
9,bcup,84,43,1,0.26,0.845,4
9,bcup,84,44,1,0.294,0.855,4
9,bcup,84,45,1,0.239,0.805,4
9,bcup,84,46,1,0.294,0.791,4
9,bcup,84,47,1,0.239,0.781,4
9,bcup,84,48,1,0.26,0.791,4
9,bcup,84,49,1,0.332,0.567,4
9,bcup,84,50,1,0.312,0.581,4
9,bcup,84,51,1,0.332,0.602,4
9,bcup,84,52,1,0.312,0.557,4
9,bcup,84,53,1,0.346,0.642,4
9,bcup,84,54,1,0.366,0.567,4
9,bcup,84,55,1,0.368,0.41,4
9,bcup,84,56,1,0.348,0.421,4
9,bcup,84,57,1,0.3,0.38,4
9,bcup,84,58,1,0.314,0.36,4
9,bcup,84,59,1,0.354,0.36,4
9,bcup,84,60,1,0.314,0.336,4
9,bcup,84,61,1,0.419,0.769,4
9,bcup,84,62,1,0.398,0.783,4
9,bcup,84,63,1,0.453,0.714,4
9,bcup,84,64,1,0.419,0.714,4
9,bcup,84,65,1,0.398,0.704,4
9,bcup,84,66,1,0.419,0.748,4
9,bcup,84,67,1,0.386,0.02,4
9,bcup,84,68,1,0.4,0.054,4
9,bcup,84,69,1,0.435,0.06,4
9,bcup,84,70,1,0.421,0.02,4
9,bcup,84,71,1,0.441,0,4
9,bcup,84,72,1,0.455,0.02,4
9,bcup,84,73,1,0.421,0.245,4
9,bcup,84,74,1,0.455,0.225,4
9,bcup,84,75,1,0.441,0.205,4
9,bcup,84,76,1,0.386,0.225,4
9,bcup,84,77,1,0.455,0.256,4
9,bcup,84,78,1,0.4,0.26,4
9,bcup,84,79,1,0.441,0.915,4
9,bcup,84,80,1,0.421,0.901,4
9,bcup,84,81,1,0.455,0.966,4
9,bcup,84,82,1,0.421,0.956,4
9,bcup,84,83,1,0.435,0.976,4
9,bcup,84,84,1,0.455,0.901,4
9,bcup,84,85,1,0.539,0.4,4
9,bcup,84,86,1,0.525,0.38,4
9,bcup,84,87,1,0.559,0.326,4
9,bcup,84,88,1,0.505,0.34,4
9,bcup,84,89,1,0.525,0.36,4
9,bcup,84,90,1,0.491,0.36,4
9,bcup,84,91,1,0.545,0.66,4
9,bcup,84,92,1,0.551,0.6,4
9,bcup,84,93,1,0.531,0.586,4
9,bcup,84,94,1,0.511,0.6,4
9,bcup,84,95,1,0.531,0.62,4
9,bcup,84,96,1,0.497,0.62,4
9,bcup,84,97,1,0.616,0.131,4
9,bcup,84,98,1,0.596,0.171,4
9,bcup,84,99,1,0.547,0.131,4
9,bcup,84,100,1,0.561,0.111,4
9,bcup,84,101,1,0.581,0.097,4
9,bcup,84,102,1,0.561,0.165,4
9,bcup,84,103,1,0.561,0.815,4
9,bcup,84,104,1,0.602,0.815,4
9,bcup,84,105,1,0.616,0.865,4
9,bcup,84,106,1,0.596,0.875,4
9,bcup,84,107,1,0.616,0.801,4
9,bcup,84,108,1,0.581,0.801,4
9,bcup,84,109,1,0.644,0.465,4
9,bcup,84,110,1,0.624,0.485,4
9,bcup,84,111,1,0.604,0.441,4
9,bcup,84,112,1,0.638,0.525,4
9,bcup,84,113,1,0.658,0.451,4
9,bcup,84,114,1,0.604,0.519,4
9,bcup,84,115,1,0.688,0.68,4
9,bcup,84,116,1,0.722,0.7,4
9,bcup,84,117,1,0.736,0.72,4
9,bcup,84,118,1,0.757,0.646,4
9,bcup,84,119,1,0.702,0.66,4
9,bcup,84,120,1,0.742,0.66,4
9,bcup,84,121,1,0.688,0.286,4
9,bcup,84,122,1,0.757,0.316,4
9,bcup,84,123,1,0.722,0.306,4
9,bcup,84,124,1,0.757,0.252,4
9,bcup,84,125,1,0.702,0.241,4
9,bcup,84,126,1,0.757,0.286,4
9,bcup,84,127,1,0.805,0.125,4
9,bcup,84,128,1,0.805,0.06,4
9,bcup,84,129,1,0.771,0.095,4
9,bcup,84,130,1,0.791,0.074,4
9,bcup,84,131,1,0.771,0.115,4
9,bcup,84,132,1,0.751,0.05,4
9,bcup,84,133,1,0.771,0.837,4
9,bcup,84,134,1,0.751,0.851,4
9,bcup,84,135,1,0.805,0.901,4
9,bcup,84,136,1,0.736,0.871,4
9,bcup,84,137,1,0.751,0.905,4
9,bcup,84,138,1,0.791,0.851,4
9,bcup,84,139,1,0.787,0.439,4
9,bcup,84,140,1,0.787,0.517,4
9,bcup,84,141,1,0.807,0.503,4
9,bcup,84,142,1,0.841,0.513,4
9,bcup,84,143,1,0.841,0.483,4
9,bcup,84,144,1,0.807,0.483,4
9,bcup,85,1,1,0.034,0.449,5
9,bcup,85,2,1,0.014,0.439,5
9,bcup,85,3,1,0.014,0.463,5
9,bcup,85,4,1,0.068,0.483,5
9,bcup,85,5,1,0.054,0.463,5
9,bcup,85,6,1,0,0.483,5
9,bcup,85,7,1,0.064,0.066,5
9,bcup,85,8,1,0.044,0.135,5
9,bcup,85,9,1,0.044,0.08,5
9,bcup,85,10,1,0.099,0.131,5
9,bcup,85,11,1,0.064,0.101,5
9,bcup,85,12,1,0.064,0.121,5
9,bcup,85,13,1,0.03,0.865,5
9,bcup,85,14,1,0.085,0.845,5
9,bcup,85,15,1,0.099,0.865,5
9,bcup,85,16,1,0.099,0.831,5
9,bcup,85,17,1,0.099,0.895,5
9,bcup,85,18,1,0.044,0.821,5
9,bcup,85,19,1,0.119,0.646,5
9,bcup,85,20,1,0.119,0.7,5
9,bcup,85,21,1,0.119,0.68,5
9,bcup,85,22,1,0.153,0.71,5
9,bcup,85,23,1,0.099,0.636,5
9,bcup,85,24,1,0.139,0.66,5
9,bcup,85,25,1,0.183,0.322,5
9,bcup,85,26,1,0.183,0.288,5
9,bcup,85,27,1,0.163,0.362,5
9,bcup,85,28,1,0.129,0.356,5
9,bcup,85,29,1,0.149,0.288,5
9,bcup,85,30,1,0.169,0.302,5
9,bcup,85,31,1,0.219,0.525,5
9,bcup,85,32,1,0.239,0.451,5
9,bcup,85,33,1,0.171,0.485,5
9,bcup,85,34,1,0.205,0.505,5
9,bcup,85,35,1,0.239,0.515,5
9,bcup,85,36,1,0.185,0.441,5
9,bcup,85,37,1,0.294,0.171,5
9,bcup,85,38,1,0.239,0.097,5
9,bcup,85,39,1,0.26,0.141,5
9,bcup,85,40,1,0.294,0.141,5
9,bcup,85,41,1,0.28,0.121,5
9,bcup,85,42,1,0.239,0.175,5
9,bcup,85,43,1,0.239,0.781,5
9,bcup,85,44,1,0.26,0.791,5
9,bcup,85,45,1,0.294,0.791,5
9,bcup,85,46,1,0.26,0.845,5
9,bcup,85,47,1,0.239,0.805,5
9,bcup,85,48,1,0.294,0.855,5
9,bcup,85,49,1,0.312,0.581,5
9,bcup,85,50,1,0.332,0.602,5
9,bcup,85,51,1,0.312,0.557,5
9,bcup,85,52,1,0.346,0.642,5
9,bcup,85,53,1,0.366,0.567,5
9,bcup,85,54,1,0.332,0.567,5
9,bcup,85,55,1,0.314,0.36,5
9,bcup,85,56,1,0.354,0.36,5
9,bcup,85,57,1,0.368,0.41,5
9,bcup,85,58,1,0.348,0.421,5
9,bcup,85,59,1,0.314,0.336,5
9,bcup,85,60,1,0.3,0.38,5
9,bcup,85,61,1,0.398,0.704,5
9,bcup,85,62,1,0.419,0.748,5
9,bcup,85,63,1,0.453,0.714,5
9,bcup,85,64,1,0.398,0.783,5
9,bcup,85,65,1,0.419,0.769,5
9,bcup,85,66,1,0.419,0.714,5
9,bcup,85,67,1,0.435,0.06,5
9,bcup,85,68,1,0.386,0.02,5
9,bcup,85,69,1,0.455,0.02,5
9,bcup,85,70,1,0.421,0.02,5
9,bcup,85,71,1,0.4,0.054,5
9,bcup,85,72,1,0.441,0,5
9,bcup,85,73,1,0.421,0.245,5
9,bcup,85,74,1,0.455,0.225,5
9,bcup,85,75,1,0.441,0.205,5
9,bcup,85,76,1,0.386,0.225,5
9,bcup,85,77,1,0.455,0.256,5
9,bcup,85,78,1,0.4,0.26,5
9,bcup,85,79,1,0.441,0.915,5
9,bcup,85,80,1,0.421,0.901,5
9,bcup,85,81,1,0.455,0.966,5
9,bcup,85,82,1,0.421,0.956,5
9,bcup,85,83,1,0.435,0.976,5
9,bcup,85,84,1,0.455,0.901,5
9,bcup,85,85,1,0.505,0.34,5
9,bcup,85,86,1,0.525,0.36,5
9,bcup,85,87,1,0.491,0.36,5
9,bcup,85,88,1,0.525,0.38,5
9,bcup,85,89,1,0.559,0.326,5
9,bcup,85,90,1,0.539,0.4,5
9,bcup,85,91,1,0.531,0.586,5
9,bcup,85,92,1,0.497,0.62,5
9,bcup,85,93,1,0.531,0.62,5
9,bcup,85,94,1,0.545,0.66,5
9,bcup,85,95,1,0.551,0.6,5
9,bcup,85,96,1,0.511,0.6,5
9,bcup,85,97,1,0.561,0.165,5
9,bcup,85,98,1,0.616,0.131,5
9,bcup,85,99,1,0.547,0.131,5
9,bcup,85,100,1,0.561,0.111,5
9,bcup,85,101,1,0.581,0.097,5
9,bcup,85,102,1,0.596,0.171,5
9,bcup,85,103,1,0.616,0.801,5
9,bcup,85,104,1,0.596,0.875,5
9,bcup,85,105,1,0.602,0.815,5
9,bcup,85,106,1,0.581,0.801,5
9,bcup,85,107,1,0.616,0.865,5
9,bcup,85,108,1,0.561,0.815,5
9,bcup,85,109,1,0.658,0.451,5
9,bcup,85,110,1,0.624,0.485,5
9,bcup,85,111,1,0.644,0.465,5
9,bcup,85,112,1,0.638,0.525,5
9,bcup,85,113,1,0.604,0.519,5
9,bcup,85,114,1,0.604,0.441,5
9,bcup,85,115,1,0.722,0.7,5
9,bcup,85,116,1,0.688,0.68,5
9,bcup,85,117,1,0.736,0.72,5
9,bcup,85,118,1,0.702,0.66,5
9,bcup,85,119,1,0.742,0.66,5
9,bcup,85,120,1,0.757,0.646,5
9,bcup,85,121,1,0.757,0.316,5
9,bcup,85,122,1,0.702,0.241,5
9,bcup,85,123,1,0.757,0.252,5
9,bcup,85,124,1,0.722,0.306,5
9,bcup,85,125,1,0.757,0.286,5
9,bcup,85,126,1,0.688,0.286,5
9,bcup,85,127,1,0.805,0.06,5
9,bcup,85,128,1,0.771,0.095,5
9,bcup,85,129,1,0.771,0.115,5
9,bcup,85,130,1,0.791,0.074,5
9,bcup,85,131,1,0.805,0.125,5
9,bcup,85,132,1,0.751,0.05,5
9,bcup,85,133,1,0.791,0.851,5
9,bcup,85,134,1,0.805,0.901,5
9,bcup,85,135,1,0.736,0.871,5
9,bcup,85,136,1,0.751,0.905,5
9,bcup,85,137,1,0.771,0.837,5
9,bcup,85,138,1,0.751,0.851,5
9,bcup,85,139,1,0.807,0.503,5
9,bcup,85,140,1,0.841,0.483,5
9,bcup,85,141,1,0.787,0.517,5
9,bcup,85,142,1,0.841,0.513,5
9,bcup,85,143,1,0.807,0.483,5
9,bcup,85,144,1,0.787,0.439,5
9,bcup,86,1,1,0.014,0.439,6
9,bcup,86,2,1,0.068,0.483,6
9,bcup,86,3,1,0,0.483,6
9,bcup,86,4,1,0.054,0.463,6
9,bcup,86,5,1,0.014,0.463,6
9,bcup,86,6,1,0.034,0.449,6
9,bcup,86,7,1,0.064,0.121,6
9,bcup,86,8,1,0.044,0.08,6
9,bcup,86,9,1,0.064,0.101,6
9,bcup,86,10,1,0.064,0.066,6
9,bcup,86,11,1,0.099,0.131,6
9,bcup,86,12,1,0.044,0.135,6
9,bcup,86,13,1,0.099,0.895,6
9,bcup,86,14,1,0.085,0.845,6
9,bcup,86,15,1,0.044,0.821,6
9,bcup,86,16,1,0.03,0.865,6
9,bcup,86,17,1,0.099,0.831,6
9,bcup,86,18,1,0.099,0.865,6
9,bcup,86,19,1,0.139,0.66,6
9,bcup,86,20,1,0.099,0.636,6
9,bcup,86,21,1,0.119,0.646,6
9,bcup,86,22,1,0.119,0.68,6
9,bcup,86,23,1,0.119,0.7,6
9,bcup,86,24,1,0.153,0.71,6
9,bcup,86,25,1,0.129,0.356,6
9,bcup,86,26,1,0.183,0.322,6
9,bcup,86,27,1,0.169,0.302,6
9,bcup,86,28,1,0.149,0.288,6
9,bcup,86,29,1,0.163,0.362,6
9,bcup,86,30,1,0.183,0.288,6
9,bcup,86,31,1,0.185,0.441,6
9,bcup,86,32,1,0.171,0.485,6
9,bcup,86,33,1,0.205,0.505,6
9,bcup,86,34,1,0.239,0.515,6
9,bcup,86,35,1,0.239,0.451,6
9,bcup,86,36,1,0.219,0.525,6
9,bcup,86,37,1,0.26,0.141,6
9,bcup,86,38,1,0.239,0.175,6
9,bcup,86,39,1,0.294,0.141,6
9,bcup,86,40,1,0.239,0.097,6
9,bcup,86,41,1,0.28,0.121,6
9,bcup,86,42,1,0.294,0.171,6
9,bcup,86,43,1,0.26,0.845,6
9,bcup,86,44,1,0.294,0.855,6
9,bcup,86,45,1,0.239,0.805,6
9,bcup,86,46,1,0.294,0.791,6
9,bcup,86,47,1,0.239,0.781,6
9,bcup,86,48,1,0.26,0.791,6
9,bcup,86,49,1,0.332,0.567,6
9,bcup,86,50,1,0.312,0.581,6
9,bcup,86,51,1,0.332,0.602,6
9,bcup,86,52,1,0.312,0.557,6
9,bcup,86,53,1,0.346,0.642,6
9,bcup,86,54,1,0.366,0.567,6
9,bcup,86,55,1,0.368,0.41,6
9,bcup,86,56,1,0.348,0.421,6
9,bcup,86,57,1,0.354,0.36,6
9,bcup,86,58,1,0.3,0.38,6
9,bcup,86,59,1,0.314,0.36,6
9,bcup,86,60,1,0.314,0.336,6
9,bcup,86,61,1,0.419,0.769,6
9,bcup,86,62,1,0.398,0.783,6
9,bcup,86,63,1,0.453,0.714,6
9,bcup,86,64,1,0.419,0.714,6
9,bcup,86,65,1,0.398,0.704,6
9,bcup,86,66,1,0.419,0.748,6
9,bcup,86,67,1,0.441,0,6
9,bcup,86,68,1,0.435,0.06,6
9,bcup,86,69,1,0.421,0.02,6
9,bcup,86,70,1,0.455,0.02,6
9,bcup,86,71,1,0.386,0.02,6
9,bcup,86,72,1,0.4,0.054,6
9,bcup,86,73,1,0.455,0.225,6
9,bcup,86,74,1,0.455,0.256,6
9,bcup,86,75,1,0.4,0.26,6
9,bcup,86,76,1,0.441,0.205,6
9,bcup,86,77,1,0.386,0.225,6
9,bcup,86,78,1,0.421,0.245,6
9,bcup,86,79,1,0.441,0.915,6
9,bcup,86,80,1,0.421,0.901,6
9,bcup,86,81,1,0.455,0.966,6
9,bcup,86,82,1,0.421,0.956,6
9,bcup,86,83,1,0.435,0.976,6
9,bcup,86,84,1,0.455,0.901,6
9,bcup,86,85,1,0.539,0.4,6
9,bcup,86,86,1,0.525,0.38,6
9,bcup,86,87,1,0.559,0.326,6
9,bcup,86,88,1,0.505,0.34,6
9,bcup,86,89,1,0.525,0.36,6
9,bcup,86,90,1,0.491,0.36,6
9,bcup,86,91,1,0.531,0.62,6
9,bcup,86,92,1,0.497,0.62,6
9,bcup,86,93,1,0.511,0.6,6
9,bcup,86,94,1,0.545,0.66,6
9,bcup,86,95,1,0.551,0.6,6
9,bcup,86,96,1,0.531,0.586,6
9,bcup,86,97,1,0.561,0.111,6
9,bcup,86,98,1,0.596,0.171,6
9,bcup,86,99,1,0.561,0.165,6
9,bcup,86,100,1,0.616,0.131,6
9,bcup,86,101,1,0.547,0.131,6
9,bcup,86,102,1,0.581,0.097,6
9,bcup,86,103,1,0.596,0.875,6
9,bcup,86,104,1,0.602,0.815,6
9,bcup,86,105,1,0.581,0.801,6
9,bcup,86,106,1,0.616,0.865,6
9,bcup,86,107,1,0.561,0.815,6
9,bcup,86,108,1,0.616,0.801,6
9,bcup,86,109,1,0.604,0.441,6
9,bcup,86,110,1,0.638,0.525,6
9,bcup,86,111,1,0.644,0.465,6
9,bcup,86,112,1,0.658,0.451,6
9,bcup,86,113,1,0.624,0.485,6
9,bcup,86,114,1,0.604,0.519,6
9,bcup,86,115,1,0.757,0.646,6
9,bcup,86,116,1,0.742,0.66,6
9,bcup,86,117,1,0.736,0.72,6
9,bcup,86,118,1,0.688,0.68,6
9,bcup,86,119,1,0.702,0.66,6
9,bcup,86,120,1,0.722,0.7,6
9,bcup,86,121,1,0.722,0.306,6
9,bcup,86,122,1,0.757,0.316,6
9,bcup,86,123,1,0.688,0.286,6
9,bcup,86,124,1,0.757,0.252,6
9,bcup,86,125,1,0.757,0.286,6
9,bcup,86,126,1,0.702,0.241,6
9,bcup,86,127,1,0.791,0.074,6
9,bcup,86,128,1,0.771,0.095,6
9,bcup,86,129,1,0.751,0.05,6
9,bcup,86,130,1,0.771,0.115,6
9,bcup,86,131,1,0.805,0.125,6
9,bcup,86,132,1,0.805,0.06,6
9,bcup,86,133,1,0.791,0.851,6
9,bcup,86,134,1,0.805,0.901,6
9,bcup,86,135,1,0.736,0.871,6
9,bcup,86,136,1,0.751,0.905,6
9,bcup,86,137,1,0.771,0.837,6
9,bcup,86,138,1,0.751,0.851,6
9,bcup,86,139,1,0.841,0.513,6
9,bcup,86,140,1,0.787,0.439,6
9,bcup,86,141,1,0.787,0.517,6
9,bcup,86,142,1,0.807,0.483,6
9,bcup,86,143,1,0.841,0.483,6
9,bcup,86,144,1,0.807,0.503,6
9,bcup,87,1,1,0.034,0.449,7
9,bcup,87,2,1,0.014,0.439,7
9,bcup,87,3,1,0.014,0.463,7
9,bcup,87,4,1,0,0.483,7
9,bcup,87,5,1,0.054,0.463,7
9,bcup,87,6,1,0.068,0.483,7
9,bcup,87,7,1,0.064,0.066,7
9,bcup,87,8,1,0.044,0.135,7
9,bcup,87,9,1,0.044,0.08,7
9,bcup,87,10,1,0.099,0.131,7
9,bcup,87,11,1,0.064,0.101,7
9,bcup,87,12,1,0.064,0.121,7
9,bcup,87,13,1,0.099,0.865,7
9,bcup,87,14,1,0.085,0.845,7
9,bcup,87,15,1,0.099,0.831,7
9,bcup,87,16,1,0.03,0.865,7
9,bcup,87,17,1,0.099,0.895,7
9,bcup,87,18,1,0.044,0.821,7
9,bcup,87,19,1,0.119,0.7,7
9,bcup,87,20,1,0.153,0.71,7
9,bcup,87,21,1,0.099,0.636,7
9,bcup,87,22,1,0.139,0.66,7
9,bcup,87,23,1,0.119,0.646,7
9,bcup,87,24,1,0.119,0.68,7
9,bcup,87,25,1,0.183,0.322,7
9,bcup,87,26,1,0.169,0.302,7
9,bcup,87,27,1,0.163,0.362,7
9,bcup,87,28,1,0.183,0.288,7
9,bcup,87,29,1,0.149,0.288,7
9,bcup,87,30,1,0.129,0.356,7
9,bcup,87,31,1,0.219,0.525,7
9,bcup,87,32,1,0.239,0.451,7
9,bcup,87,33,1,0.239,0.515,7
9,bcup,87,34,1,0.185,0.441,7
9,bcup,87,35,1,0.171,0.485,7
9,bcup,87,36,1,0.205,0.505,7
9,bcup,87,37,1,0.294,0.171,7
9,bcup,87,38,1,0.239,0.097,7
9,bcup,87,39,1,0.26,0.141,7
9,bcup,87,40,1,0.294,0.141,7
9,bcup,87,41,1,0.28,0.121,7
9,bcup,87,42,1,0.239,0.175,7
9,bcup,87,43,1,0.239,0.781,7
9,bcup,87,44,1,0.26,0.791,7
9,bcup,87,45,1,0.294,0.855,7
9,bcup,87,46,1,0.294,0.791,7
9,bcup,87,47,1,0.26,0.845,7
9,bcup,87,48,1,0.239,0.805,7
9,bcup,87,49,1,0.332,0.567,7
9,bcup,87,50,1,0.312,0.581,7
9,bcup,87,51,1,0.332,0.602,7
9,bcup,87,52,1,0.312,0.557,7
9,bcup,87,53,1,0.346,0.642,7
9,bcup,87,54,1,0.366,0.567,7
9,bcup,87,55,1,0.368,0.41,7
9,bcup,87,56,1,0.348,0.421,7
9,bcup,87,57,1,0.3,0.38,7
9,bcup,87,58,1,0.314,0.36,7
9,bcup,87,59,1,0.354,0.36,7
9,bcup,87,60,1,0.314,0.336,7
9,bcup,87,61,1,0.398,0.783,7
9,bcup,87,62,1,0.419,0.769,7
9,bcup,87,63,1,0.419,0.748,7
9,bcup,87,64,1,0.419,0.714,7
9,bcup,87,65,1,0.398,0.704,7
9,bcup,87,66,1,0.453,0.714,7
9,bcup,87,67,1,0.435,0.06,7
9,bcup,87,68,1,0.386,0.02,7
9,bcup,87,69,1,0.455,0.02,7
9,bcup,87,70,1,0.421,0.02,7
9,bcup,87,71,1,0.4,0.054,7
9,bcup,87,72,1,0.441,0,7
9,bcup,87,73,1,0.421,0.245,7
9,bcup,87,74,1,0.455,0.225,7
9,bcup,87,75,1,0.441,0.205,7
9,bcup,87,76,1,0.386,0.225,7
9,bcup,87,77,1,0.455,0.256,7
9,bcup,87,78,1,0.4,0.26,7
9,bcup,87,79,1,0.441,0.915,7
9,bcup,87,80,1,0.421,0.901,7
9,bcup,87,81,1,0.455,0.901,7
9,bcup,87,82,1,0.421,0.956,7
9,bcup,87,83,1,0.435,0.976,7
9,bcup,87,84,1,0.455,0.966,7
9,bcup,87,85,1,0.539,0.4,7
9,bcup,87,86,1,0.525,0.38,7
9,bcup,87,87,1,0.559,0.326,7
9,bcup,87,88,1,0.505,0.34,7
9,bcup,87,89,1,0.525,0.36,7
9,bcup,87,90,1,0.491,0.36,7
9,bcup,87,91,1,0.511,0.6,7
9,bcup,87,92,1,0.531,0.62,7
9,bcup,87,93,1,0.497,0.62,7
9,bcup,87,94,1,0.545,0.66,7
9,bcup,87,95,1,0.551,0.6,7
9,bcup,87,96,1,0.531,0.586,7
9,bcup,87,97,1,0.561,0.165,7
9,bcup,87,98,1,0.616,0.131,7
9,bcup,87,99,1,0.547,0.131,7
9,bcup,87,100,1,0.561,0.111,7
9,bcup,87,101,1,0.581,0.097,7
9,bcup,87,102,1,0.596,0.171,7
9,bcup,87,103,1,0.581,0.801,7
9,bcup,87,104,1,0.561,0.815,7
9,bcup,87,105,1,0.602,0.815,7
9,bcup,87,106,1,0.596,0.875,7
9,bcup,87,107,1,0.616,0.865,7
9,bcup,87,108,1,0.616,0.801,7
9,bcup,87,109,1,0.644,0.465,7
9,bcup,87,110,1,0.624,0.485,7
9,bcup,87,111,1,0.604,0.441,7
9,bcup,87,112,1,0.638,0.525,7
9,bcup,87,113,1,0.658,0.451,7
9,bcup,87,114,1,0.604,0.519,7
9,bcup,87,115,1,0.702,0.66,7
9,bcup,87,116,1,0.736,0.72,7
9,bcup,87,117,1,0.742,0.66,7
9,bcup,87,118,1,0.722,0.7,7
9,bcup,87,119,1,0.757,0.646,7
9,bcup,87,120,1,0.688,0.68,7
9,bcup,87,121,1,0.757,0.316,7
9,bcup,87,122,1,0.702,0.241,7
9,bcup,87,123,1,0.757,0.252,7
9,bcup,87,124,1,0.722,0.306,7
9,bcup,87,125,1,0.757,0.286,7
9,bcup,87,126,1,0.688,0.286,7
9,bcup,87,127,1,0.805,0.06,7
9,bcup,87,128,1,0.771,0.095,7
9,bcup,87,129,1,0.771,0.115,7
9,bcup,87,130,1,0.791,0.074,7
9,bcup,87,131,1,0.805,0.125,7
9,bcup,87,132,1,0.751,0.05,7
9,bcup,87,133,1,0.751,0.851,7
9,bcup,87,134,1,0.805,0.901,7
9,bcup,87,135,1,0.751,0.905,7
9,bcup,87,136,1,0.771,0.837,7
9,bcup,87,137,1,0.736,0.871,7
9,bcup,87,138,1,0.791,0.851,7
9,bcup,87,139,1,0.807,0.503,7
9,bcup,87,140,1,0.841,0.483,7
9,bcup,87,141,1,0.787,0.517,7
9,bcup,87,142,1,0.841,0.513,7
9,bcup,87,143,1,0.807,0.483,7
9,bcup,87,144,1,0.787,0.439,7
9,bcup,88,1,1,0.034,0.449,8
9,bcup,88,2,1,0.054,0.463,8
9,bcup,88,3,1,0.014,0.463,8
9,bcup,88,4,1,0,0.483,8
9,bcup,88,5,1,0.068,0.483,8
9,bcup,88,6,1,0.014,0.439,8
9,bcup,88,7,1,0.099,0.131,8
9,bcup,88,8,1,0.064,0.101,8
9,bcup,88,9,1,0.044,0.08,8
9,bcup,88,10,1,0.064,0.066,8
9,bcup,88,11,1,0.044,0.135,8
9,bcup,88,12,1,0.064,0.101,8
9,bcup,88,13,1,0.03,0.865,8
9,bcup,88,14,1,0.099,0.865,8
9,bcup,88,15,1,0.099,0.895,8
9,bcup,88,16,1,0.099,0.831,8
9,bcup,88,17,1,0.085,0.845,8
9,bcup,88,18,1,0.044,0.821,8
9,bcup,88,19,1,0.119,0.7,8
9,bcup,88,20,1,0.153,0.71,8
9,bcup,88,21,1,0.119,0.646,8
9,bcup,88,22,1,0.139,0.66,8
9,bcup,88,23,1,0.099,0.636,8
9,bcup,88,24,1,0.119,0.68,8
9,bcup,88,25,1,0.183,0.322,8
9,bcup,88,26,1,0.169,0.302,8
9,bcup,88,27,1,0.149,0.288,8
9,bcup,88,28,1,0.129,0.356,8
9,bcup,88,29,1,0.183,0.288,8
9,bcup,88,30,1,0.163,0.362,8
9,bcup,88,31,1,0.219,0.525,8
9,bcup,88,32,1,0.185,0.441,8
9,bcup,88,33,1,0.239,0.451,8
9,bcup,88,34,1,0.239,0.515,8
9,bcup,88,35,1,0.171,0.485,8
9,bcup,88,36,1,0.205,0.505,8
9,bcup,88,37,1,0.294,0.171,8
9,bcup,88,38,1,0.239,0.175,8
9,bcup,88,39,1,0.294,0.141,8
9,bcup,88,40,1,0.26,0.141,8
9,bcup,88,41,1,0.28,0.121,8
9,bcup,88,42,1,0.239,0.097,8
9,bcup,88,43,1,0.26,0.791,8
9,bcup,88,44,1,0.239,0.781,8
9,bcup,88,45,1,0.26,0.845,8
9,bcup,88,46,1,0.294,0.791,8
9,bcup,88,47,1,0.294,0.855,8
9,bcup,88,48,1,0.239,0.805,8
9,bcup,88,49,1,0.332,0.567,8
9,bcup,88,50,1,0.312,0.581,8
9,bcup,88,51,1,0.332,0.602,8
9,bcup,88,52,1,0.312,0.557,8
9,bcup,88,53,1,0.346,0.642,8
9,bcup,88,54,1,0.366,0.567,8
9,bcup,88,55,1,0.368,0.41,8
9,bcup,88,56,1,0.348,0.421,8
9,bcup,88,57,1,0.3,0.38,8
9,bcup,88,58,1,0.314,0.36,8
9,bcup,88,59,1,0.354,0.36,8
9,bcup,88,60,1,0.314,0.336,8
9,bcup,88,61,1,0.419,0.769,8
9,bcup,88,62,1,0.398,0.783,8
9,bcup,88,63,1,0.453,0.714,8
9,bcup,88,64,1,0.419,0.714,8
9,bcup,88,65,1,0.398,0.704,8
9,bcup,88,66,1,0.419,0.748,8
9,bcup,88,67,1,0.441,0,8
9,bcup,88,68,1,0.386,0.02,8
9,bcup,88,69,1,0.4,0.054,8
9,bcup,88,70,1,0.455,0.02,8
9,bcup,88,71,1,0.435,0.06,8
9,bcup,88,72,1,0.421,0.02,8
9,bcup,88,73,1,0.455,0.225,8
9,bcup,88,74,1,0.455,0.256,8
9,bcup,88,75,1,0.4,0.26,8
9,bcup,88,76,1,0.441,0.205,8
9,bcup,88,77,1,0.386,0.225,8
9,bcup,88,78,1,0.421,0.245,8
9,bcup,88,79,1,0.441,0.915,8
9,bcup,88,80,1,0.421,0.901,8
9,bcup,88,81,1,0.455,0.966,8
9,bcup,88,82,1,0.421,0.956,8
9,bcup,88,83,1,0.435,0.976,8
9,bcup,88,84,1,0.455,0.901,8
9,bcup,88,85,1,0.539,0.4,8
9,bcup,88,86,1,0.525,0.38,8
9,bcup,88,87,1,0.559,0.326,8
9,bcup,88,88,1,0.505,0.34,8
9,bcup,88,89,1,0.525,0.36,8
9,bcup,88,90,1,0.491,0.36,8
9,bcup,88,91,1,0.531,0.586,8
9,bcup,88,92,1,0.511,0.6,8
9,bcup,88,93,1,0.531,0.62,8
9,bcup,88,94,1,0.497,0.62,8
9,bcup,88,95,1,0.545,0.66,8
9,bcup,88,96,1,0.551,0.6,8
9,bcup,88,97,1,0.561,0.165,8
9,bcup,88,98,1,0.616,0.131,8
9,bcup,88,99,1,0.547,0.131,8
9,bcup,88,100,1,0.561,0.111,8
9,bcup,88,101,1,0.581,0.097,8
9,bcup,88,102,1,0.596,0.171,8
9,bcup,88,103,1,0.616,0.801,8
9,bcup,88,104,1,0.596,0.875,8
9,bcup,88,105,1,0.602,0.815,8
9,bcup,88,106,1,0.581,0.801,8
9,bcup,88,107,1,0.616,0.865,8
9,bcup,88,108,1,0.561,0.815,8
9,bcup,88,109,1,0.644,0.465,8
9,bcup,88,110,1,0.624,0.485,8
9,bcup,88,111,1,0.604,0.441,8
9,bcup,88,112,1,0.638,0.525,8
9,bcup,88,113,1,0.658,0.451,8
9,bcup,88,114,1,0.604,0.519,8
9,bcup,88,115,1,0.757,0.646,8
9,bcup,88,116,1,0.742,0.66,8
9,bcup,88,117,1,0.722,0.7,8
9,bcup,88,118,1,0.688,0.68,8
9,bcup,88,119,1,0.736,0.72,8
9,bcup,88,120,1,0.702,0.66,8
9,bcup,88,121,1,0.757,0.316,8
9,bcup,88,122,1,0.702,0.241,8
9,bcup,88,123,1,0.757,0.252,8
9,bcup,88,124,1,0.722,0.306,8
9,bcup,88,125,1,0.757,0.286,8
9,bcup,88,126,1,0.688,0.286,8
9,bcup,88,127,1,0.805,0.06,8
9,bcup,88,128,1,0.771,0.095,8
9,bcup,88,129,1,0.771,0.115,8
9,bcup,88,130,1,0.791,0.074,8
9,bcup,88,131,1,0.805,0.125,8
9,bcup,88,132,1,0.751,0.05,8
9,bcup,88,133,1,0.791,0.851,8
9,bcup,88,134,1,0.805,0.901,8
9,bcup,88,135,1,0.736,0.871,8
9,bcup,88,136,1,0.751,0.905,8
9,bcup,88,137,1,0.771,0.837,8
9,bcup,88,138,1,0.751,0.851,8
9,bcup,88,139,1,0.807,0.503,8
9,bcup,88,140,1,0.841,0.483,8
9,bcup,88,141,1,0.787,0.517,8
9,bcup,88,142,1,0.841,0.513,8
9,bcup,88,143,1,0.807,0.483,8
9,bcup,88,144,1,0.787,0.439,8
9,bcup,89,1,1,0.068,0.483,9
9,bcup,89,2,1,0.034,0.449,9
9,bcup,89,3,1,0.054,0.463,9
9,bcup,89,4,1,0.014,0.463,9
9,bcup,89,5,1,0,0.483,9
9,bcup,89,6,1,0.014,0.439,9
9,bcup,89,7,1,0.064,0.101,9
9,bcup,89,8,1,0.044,0.08,9
9,bcup,89,9,1,0.099,0.131,9
9,bcup,89,10,1,0.064,0.066,9
9,bcup,89,11,1,0.064,0.121,9
9,bcup,89,12,1,0.044,0.135,9
9,bcup,89,13,1,0.099,0.895,9
9,bcup,89,14,1,0.085,0.845,9
9,bcup,89,15,1,0.044,0.821,9
9,bcup,89,16,1,0.03,0.865,9
9,bcup,89,17,1,0.099,0.831,9
9,bcup,89,18,1,0.099,0.865,9
9,bcup,89,19,1,0.099,0.636,9
9,bcup,89,20,1,0.119,0.646,9
9,bcup,89,21,1,0.119,0.68,9
9,bcup,89,22,1,0.119,0.7,9
9,bcup,89,23,1,0.153,0.71,9
9,bcup,89,24,1,0.139,0.66,9
9,bcup,89,25,1,0.183,0.288,9
9,bcup,89,26,1,0.183,0.322,9
9,bcup,89,27,1,0.169,0.302,9
9,bcup,89,28,1,0.149,0.288,9
9,bcup,89,29,1,0.163,0.362,9
9,bcup,89,30,1,0.129,0.356,9
9,bcup,89,31,1,0.171,0.485,9
9,bcup,89,32,1,0.185,0.441,9
9,bcup,89,33,1,0.239,0.515,9
9,bcup,89,34,1,0.219,0.525,9
9,bcup,89,35,1,0.205,0.505,9
9,bcup,89,36,1,0.239,0.451,9
9,bcup,89,37,1,0.239,0.175,9
9,bcup,89,38,1,0.294,0.141,9
9,bcup,89,39,1,0.26,0.141,9
9,bcup,89,40,1,0.294,0.171,9
9,bcup,89,41,1,0.239,0.097,9
9,bcup,89,42,1,0.28,0.121,9
9,bcup,89,43,1,0.26,0.845,9
9,bcup,89,44,1,0.294,0.855,9
9,bcup,89,45,1,0.239,0.805,9
9,bcup,89,46,1,0.294,0.791,9
9,bcup,89,47,1,0.239,0.781,9
9,bcup,89,48,1,0.26,0.791,9
9,bcup,89,49,1,0.332,0.567,9
9,bcup,89,50,1,0.312,0.581,9
9,bcup,89,51,1,0.332,0.602,9
9,bcup,89,52,1,0.312,0.557,9
9,bcup,89,53,1,0.346,0.642,9
9,bcup,89,54,1,0.366,0.567,9
9,bcup,89,55,1,0.368,0.41,9
9,bcup,89,56,1,0.348,0.421,9
9,bcup,89,57,1,0.3,0.38,9
9,bcup,89,58,1,0.314,0.36,9
9,bcup,89,59,1,0.354,0.36,9
9,bcup,89,60,1,0.314,0.336,9
9,bcup,89,61,1,0.419,0.769,9
9,bcup,89,62,1,0.398,0.783,9
9,bcup,89,63,1,0.453,0.714,9
9,bcup,89,64,1,0.419,0.714,9
9,bcup,89,65,1,0.398,0.704,9
9,bcup,89,66,1,0.419,0.748,9
9,bcup,89,67,1,0.441,0,9
9,bcup,89,68,1,0.4,0.054,9
9,bcup,89,69,1,0.455,0.02,9
9,bcup,89,70,1,0.435,0.06,9
9,bcup,89,71,1,0.421,0.02,9
9,bcup,89,72,1,0.386,0.02,9
9,bcup,89,73,1,0.386,0.225,9
9,bcup,89,74,1,0.421,0.245,9
9,bcup,89,75,1,0.4,0.26,9
9,bcup,89,76,1,0.455,0.256,9
9,bcup,89,77,1,0.455,0.225,9
9,bcup,89,78,1,0.441,0.205,9
9,bcup,89,79,1,0.441,0.915,9
9,bcup,89,80,1,0.421,0.901,9
9,bcup,89,81,1,0.455,0.966,9
9,bcup,89,82,1,0.421,0.956,9
9,bcup,89,83,1,0.435,0.976,9
9,bcup,89,84,1,0.455,0.901,9
9,bcup,89,85,1,0.491,0.36,9
9,bcup,89,86,1,0.539,0.4,9
9,bcup,89,87,1,0.525,0.36,9
9,bcup,89,88,1,0.505,0.34,9
9,bcup,89,89,1,0.525,0.38,9
9,bcup,89,90,1,0.559,0.326,9
9,bcup,89,91,1,0.531,0.586,9
9,bcup,89,92,1,0.511,0.6,9
9,bcup,89,93,1,0.531,0.62,9
9,bcup,89,94,1,0.497,0.62,9
9,bcup,89,95,1,0.545,0.66,9
9,bcup,89,96,1,0.551,0.6,9
9,bcup,89,97,1,0.616,0.131,9
9,bcup,89,98,1,0.596,0.171,9
9,bcup,89,99,1,0.547,0.131,9
9,bcup,89,100,1,0.561,0.111,9
9,bcup,89,101,1,0.581,0.097,9
9,bcup,89,102,1,0.561,0.165,9
9,bcup,89,103,1,0.616,0.801,9
9,bcup,89,104,1,0.596,0.875,9
9,bcup,89,105,1,0.602,0.815,9
9,bcup,89,106,1,0.581,0.801,9
9,bcup,89,107,1,0.616,0.865,9
9,bcup,89,108,1,0.561,0.815,9
9,bcup,89,109,1,0.644,0.465,9
9,bcup,89,110,1,0.624,0.485,9
9,bcup,89,111,1,0.604,0.441,9
9,bcup,89,112,1,0.638,0.525,9
9,bcup,89,113,1,0.658,0.451,9
9,bcup,89,114,1,0.604,0.519,9
9,bcup,89,115,1,0.757,0.646,9
9,bcup,89,116,1,0.742,0.66,9
9,bcup,89,117,1,0.722,0.7,9
9,bcup,89,118,1,0.688,0.68,9
9,bcup,89,119,1,0.736,0.72,9
9,bcup,89,120,1,0.702,0.66,9
9,bcup,89,121,1,0.757,0.286,9
9,bcup,89,122,1,0.688,0.286,9
9,bcup,89,123,1,0.722,0.306,9
9,bcup,89,124,1,0.757,0.252,9
9,bcup,89,125,1,0.702,0.241,9
9,bcup,89,126,1,0.757,0.316,9
9,bcup,89,127,1,0.805,0.125,9
9,bcup,89,128,1,0.771,0.115,9
9,bcup,89,129,1,0.805,0.06,9
9,bcup,89,130,1,0.791,0.074,9
9,bcup,89,131,1,0.771,0.095,9
9,bcup,89,132,1,0.751,0.05,9
9,bcup,89,133,1,0.791,0.851,9
9,bcup,89,134,1,0.805,0.901,9
9,bcup,89,135,1,0.736,0.871,9
9,bcup,89,136,1,0.751,0.905,9
9,bcup,89,137,1,0.771,0.837,9
9,bcup,89,138,1,0.751,0.851,9
9,bcup,89,139,1,0.807,0.503,9
9,bcup,89,140,1,0.841,0.483,9
9,bcup,89,141,1,0.787,0.517,9
9,bcup,89,142,1,0.841,0.513,9
9,bcup,89,143,1,0.807,0.483,9
9,bcup,89,144,1,0.787,0.439,9
9,bcup,90,1,1,0.054,0.463,10
9,bcup,90,2,1,0.014,0.439,10
9,bcup,90,3,1,0.034,0.449,10
9,bcup,90,4,1,0.068,0.483,10
9,bcup,90,5,1,0.014,0.463,10
9,bcup,90,6,1,0,0.483,10
9,bcup,90,7,1,0.064,0.066,10
9,bcup,90,8,1,0.044,0.135,10
9,bcup,90,9,1,0.044,0.08,10
9,bcup,90,10,1,0.099,0.131,10
9,bcup,90,11,1,0.064,0.101,10
9,bcup,90,12,1,0.064,0.121,10
9,bcup,90,13,1,0.044,0.821,10
9,bcup,90,14,1,0.03,0.865,10
9,bcup,90,15,1,0.099,0.865,10
9,bcup,90,16,1,0.099,0.831,10
9,bcup,90,17,1,0.085,0.845,10
9,bcup,90,18,1,0.099,0.895,10
9,bcup,90,19,1,0.119,0.68,10
9,bcup,90,20,1,0.153,0.71,10
9,bcup,90,21,1,0.119,0.7,10
9,bcup,90,22,1,0.139,0.66,10
9,bcup,90,23,1,0.099,0.636,10
9,bcup,90,24,1,0.119,0.646,10
9,bcup,90,25,1,0.169,0.302,10
9,bcup,90,26,1,0.163,0.362,10
9,bcup,90,27,1,0.149,0.288,10
9,bcup,90,28,1,0.183,0.322,10
9,bcup,90,29,1,0.183,0.288,10
9,bcup,90,30,1,0.129,0.356,10
9,bcup,90,31,1,0.219,0.525,10
9,bcup,90,32,1,0.185,0.441,10
9,bcup,90,33,1,0.171,0.485,10
9,bcup,90,34,1,0.239,0.515,10
9,bcup,90,35,1,0.239,0.451,10
9,bcup,90,36,1,0.205,0.505,10
9,bcup,90,37,1,0.294,0.171,10
9,bcup,90,38,1,0.239,0.097,10
9,bcup,90,39,1,0.26,0.141,10
9,bcup,90,40,1,0.294,0.141,10
9,bcup,90,41,1,0.28,0.121,10
9,bcup,90,42,1,0.239,0.175,10
9,bcup,90,43,1,0.26,0.791,10
9,bcup,90,44,1,0.294,0.855,10
9,bcup,90,45,1,0.26,0.845,10
9,bcup,90,46,1,0.239,0.781,10
9,bcup,90,47,1,0.239,0.805,10
9,bcup,90,48,1,0.294,0.791,10
9,bcup,90,49,1,0.332,0.567,10
9,bcup,90,50,1,0.312,0.581,10
9,bcup,90,51,1,0.332,0.602,10
9,bcup,90,52,1,0.312,0.557,10
9,bcup,90,53,1,0.346,0.642,10
9,bcup,90,54,1,0.366,0.567,10
9,bcup,90,55,1,0.368,0.41,10
9,bcup,90,56,1,0.348,0.421,10
9,bcup,90,57,1,0.3,0.38,10
9,bcup,90,58,1,0.314,0.36,10
9,bcup,90,59,1,0.354,0.36,10
9,bcup,90,60,1,0.314,0.336,10
9,bcup,90,61,1,0.419,0.769,10
9,bcup,90,62,1,0.398,0.783,10
9,bcup,90,63,1,0.453,0.714,10
9,bcup,90,64,1,0.419,0.714,10
9,bcup,90,65,1,0.398,0.704,10
9,bcup,90,66,1,0.419,0.748,10
9,bcup,90,67,1,0.435,0.06,10
9,bcup,90,68,1,0.386,0.02,10
9,bcup,90,69,1,0.455,0.02,10
9,bcup,90,70,1,0.421,0.02,10
9,bcup,90,71,1,0.4,0.054,10
9,bcup,90,72,1,0.441,0,10
9,bcup,90,73,1,0.421,0.245,10
9,bcup,90,74,1,0.455,0.225,10
9,bcup,90,75,1,0.441,0.205,10
9,bcup,90,76,1,0.386,0.225,10
9,bcup,90,77,1,0.455,0.256,10
9,bcup,90,78,1,0.4,0.26,10
9,bcup,90,79,1,0.421,0.956,10
9,bcup,90,80,1,0.455,0.901,10
9,bcup,90,81,1,0.441,0.915,10
9,bcup,90,82,1,0.455,0.966,10
9,bcup,90,83,1,0.421,0.901,10
9,bcup,90,84,1,0.435,0.976,10
9,bcup,90,85,1,0.539,0.4,10
9,bcup,90,86,1,0.525,0.38,10
9,bcup,90,87,1,0.559,0.326,10
9,bcup,90,88,1,0.505,0.34,10
9,bcup,90,89,1,0.525,0.36,10
9,bcup,90,90,1,0.491,0.36,10
9,bcup,90,91,1,0.511,0.6,10
9,bcup,90,92,1,0.531,0.62,10
9,bcup,90,93,1,0.497,0.62,10
9,bcup,90,94,1,0.545,0.66,10
9,bcup,90,95,1,0.551,0.6,10
9,bcup,90,96,1,0.531,0.586,10
9,bcup,90,97,1,0.561,0.165,10
9,bcup,90,98,1,0.616,0.131,10
9,bcup,90,99,1,0.547,0.131,10
9,bcup,90,100,1,0.561,0.111,10
9,bcup,90,101,1,0.581,0.097,10
9,bcup,90,102,1,0.596,0.171,10
9,bcup,90,103,1,0.616,0.801,10
9,bcup,90,104,1,0.561,0.815,10
9,bcup,90,105,1,0.596,0.875,10
9,bcup,90,106,1,0.602,0.815,10
9,bcup,90,107,1,0.616,0.865,10
9,bcup,90,108,1,0.581,0.801,10
9,bcup,90,109,1,0.638,0.525,10
9,bcup,90,110,1,0.624,0.485,10
9,bcup,90,111,1,0.604,0.519,10
9,bcup,90,112,1,0.604,0.441,10
9,bcup,90,113,1,0.658,0.451,10
9,bcup,90,114,1,0.644,0.465,10
9,bcup,90,115,1,0.757,0.646,10
9,bcup,90,116,1,0.742,0.66,10
9,bcup,90,117,1,0.722,0.7,10
9,bcup,90,118,1,0.736,0.72,10
9,bcup,90,119,1,0.702,0.66,10
9,bcup,90,120,1,0.688,0.68,10
9,bcup,90,121,1,0.757,0.316,10
9,bcup,90,122,1,0.702,0.241,10
9,bcup,90,123,1,0.757,0.252,10
9,bcup,90,124,1,0.722,0.306,10
9,bcup,90,125,1,0.757,0.286,10
9,bcup,90,126,1,0.688,0.286,10
9,bcup,90,127,1,0.805,0.06,10
9,bcup,90,128,1,0.771,0.095,10
9,bcup,90,129,1,0.771,0.115,10
9,bcup,90,130,1,0.791,0.074,10
9,bcup,90,131,1,0.805,0.125,10
9,bcup,90,132,1,0.751,0.05,10
9,bcup,90,133,1,0.771,0.837,10
9,bcup,90,134,1,0.751,0.851,10
9,bcup,90,135,1,0.805,0.901,10
9,bcup,90,136,1,0.736,0.871,10
9,bcup,90,137,1,0.751,0.905,10
9,bcup,90,138,1,0.791,0.851,10
9,bcup,90,139,1,0.841,0.513,10
9,bcup,90,140,1,0.841,0.483,10
9,bcup,90,141,1,0.807,0.503,10
9,bcup,90,142,1,0.787,0.517,10
9,bcup,90,143,1,0.807,0.483,10
9,bcup,90,144,1,0.787,0.439,10
10,bcup,91,1,1,0,0.497,1
10,bcup,91,2,1,0.034,0.517,1
10,bcup,91,3,1,0.068,0.463,1
10,bcup,91,4,1,0.034,0.497,1
10,bcup,91,5,1,0.014,0.477,1
10,bcup,91,6,1,0.014,0.531,1
10,bcup,91,7,1,0.078,0.155,1
10,bcup,91,8,1,0.03,0.115,1
10,bcup,91,9,1,0.044,0.07,1
10,bcup,91,10,1,0.085,0.095,1
10,bcup,91,11,1,0.099,0.08,1
10,bcup,91,12,1,0.064,0.135,1
10,bcup,91,13,1,0.044,0.859,1
10,bcup,91,14,1,0.044,0.835,1
10,bcup,91,15,1,0.064,0.845,1
10,bcup,91,16,1,0.03,0.879,1
10,bcup,91,17,1,0.064,0.879,1
10,bcup,91,18,1,0.099,0.909,1
10,bcup,91,19,1,0.119,0.66,1
10,bcup,91,20,1,0.133,0.734,1
10,bcup,91,21,1,0.139,0.674,1
10,bcup,91,22,1,0.099,0.728,1
10,bcup,91,23,1,0.153,0.66,1
10,bcup,91,24,1,0.099,0.65,1
10,bcup,91,25,1,0.183,0.366,1
10,bcup,91,26,1,0.115,0.336,1
10,bcup,91,27,1,0.183,0.302,1
10,bcup,91,28,1,0.169,0.316,1
10,bcup,91,29,1,0.129,0.292,1
10,bcup,91,30,1,0.163,0.376,1
10,bcup,91,31,1,0.185,0.455,1
10,bcup,91,32,1,0.185,0.479,1
10,bcup,91,33,1,0.205,0.499,1
10,bcup,91,34,1,0.239,0.529,1
10,bcup,91,35,1,0.239,0.465,1
10,bcup,91,36,1,0.171,0.499,1
10,bcup,91,37,1,0.294,0.155,1
10,bcup,91,38,1,0.294,0.121,1
10,bcup,91,39,1,0.294,0.185,1
10,bcup,91,40,1,0.274,0.195,1
10,bcup,91,41,1,0.26,0.121,1
10,bcup,91,42,1,0.239,0.111,1
10,bcup,91,43,1,0.26,0.805,1
10,bcup,91,44,1,0.26,0.859,1
10,bcup,91,45,1,0.294,0.839,1
10,bcup,91,46,1,0.294,0.805,1
10,bcup,91,47,1,0.239,0.795,1
10,bcup,91,48,1,0.26,0.839,1
10,bcup,91,49,1,0.346,0.656,1
10,bcup,91,50,1,0.366,0.581,1
10,bcup,91,51,1,0.332,0.636,1
10,bcup,91,52,1,0.312,0.596,1
10,bcup,91,53,1,0.366,0.646,1
10,bcup,91,54,1,0.312,0.571,1
10,bcup,91,55,1,0.314,0.374,1
10,bcup,91,56,1,0.348,0.435,1
10,bcup,91,57,1,0.368,0.425,1
10,bcup,91,58,1,0.368,0.394,1
10,bcup,91,59,1,0.314,0.429,1
10,bcup,91,60,1,0.354,0.374,1
10,bcup,91,61,1,0.384,0.763,1
10,bcup,91,62,1,0.439,0.742,1
10,bcup,91,63,1,0.419,0.728,1
10,bcup,91,64,1,0.419,0.763,1
10,bcup,91,65,1,0.453,0.793,1
10,bcup,91,66,1,0.453,0.728,1
10,bcup,91,67,1,0.455,0.034,1
10,bcup,91,68,1,0.455,0.064,1
10,bcup,91,69,1,0.421,0.034,1
10,bcup,91,70,1,0.435,0.074,1
10,bcup,91,71,1,0.386,0.034,1
10,bcup,91,72,1,0.455,0,1
10,bcup,91,73,1,0.441,0.219,1
10,bcup,91,74,1,0.455,0.205,1
10,bcup,91,75,1,0.435,0.28,1
10,bcup,91,76,1,0.455,0.27,1
10,bcup,91,77,1,0.455,0.239,1
10,bcup,91,78,1,0.421,0.205,1
10,bcup,91,79,1,0.4,0.905,1
10,bcup,91,80,1,0.421,0.915,1
10,bcup,91,81,1,0.455,0.915,1
10,bcup,91,82,1,0.421,0.95,1
10,bcup,91,83,1,0.441,0.93,1
10,bcup,91,84,1,0.4,0.984,1
10,bcup,91,85,1,0.545,0.354,1
10,bcup,91,86,1,0.539,0.414,1
10,bcup,91,87,1,0.525,0.394,1
10,bcup,91,88,1,0.559,0.374,1
10,bcup,91,89,1,0.505,0.408,1
10,bcup,91,90,1,0.491,0.374,1
10,bcup,91,91,1,0.497,0.634,1
10,bcup,91,92,1,0.531,0.6,1
10,bcup,91,93,1,0.545,0.674,1
10,bcup,91,94,1,0.511,0.668,1
10,bcup,91,95,1,0.511,0.59,1
10,bcup,91,96,1,0.565,0.6,1
10,bcup,91,97,1,0.602,0.125,1
10,bcup,91,98,1,0.561,0.101,1
10,bcup,91,99,1,0.616,0.111,1
10,bcup,91,100,1,0.596,0.185,1
10,bcup,91,101,1,0.547,0.145,1
10,bcup,91,102,1,0.561,0.179,1
10,bcup,91,103,1,0.616,0.815,1
10,bcup,91,104,1,0.581,0.849,1
10,bcup,91,105,1,0.596,0.889,1
10,bcup,91,106,1,0.616,0.849,1
10,bcup,91,107,1,0.561,0.805,1
10,bcup,91,108,1,0.581,0.815,1
10,bcup,91,109,1,0.644,0.479,1
10,bcup,91,110,1,0.604,0.479,1
10,bcup,91,111,1,0.624,0.465,1
10,bcup,91,112,1,0.604,0.533,1
10,bcup,91,113,1,0.658,0.499,1
10,bcup,91,114,1,0.658,0.465,1
10,bcup,91,115,1,0.702,0.674,1
10,bcup,91,116,1,0.702,0.728,1
10,bcup,91,117,1,0.688,0.694,1
10,bcup,91,118,1,0.702,0.65,1
10,bcup,91,119,1,0.757,0.66,1
10,bcup,91,120,1,0.722,0.694,1
10,bcup,91,121,1,0.722,0.32,1
10,bcup,91,122,1,0.757,0.33,1
10,bcup,91,123,1,0.742,0.28,1
10,bcup,91,124,1,0.757,0.266,1
10,bcup,91,125,1,0.722,0.266,1
10,bcup,91,126,1,0.702,0.28,1
10,bcup,91,127,1,0.751,0.143,1
10,bcup,91,128,1,0.771,0.129,1
10,bcup,91,129,1,0.805,0.074,1
10,bcup,91,130,1,0.751,0.064,1
10,bcup,91,131,1,0.751,0.089,1
10,bcup,91,132,1,0.791,0.089,1
10,bcup,91,133,1,0.805,0.885,1
10,bcup,91,134,1,0.771,0.885,1
10,bcup,91,135,1,0.771,0.905,1
10,bcup,91,136,1,0.785,0.926,1
10,bcup,91,137,1,0.805,0.851,1
10,bcup,91,138,1,0.805,0.915,1
10,bcup,91,139,1,0.807,0.517,1
10,bcup,91,140,1,0.821,0.537,1
10,bcup,91,141,1,0.787,0.453,1
10,bcup,91,142,1,0.773,0.497,1
10,bcup,91,143,1,0.841,0.463,1
10,bcup,91,144,1,0.787,0.477,1
10,bcup,92,1,1,0,0.497,2
10,bcup,92,2,1,0.034,0.517,2
10,bcup,92,3,1,0.068,0.463,2
10,bcup,92,4,1,0.034,0.497,2
10,bcup,92,5,1,0.014,0.477,2
10,bcup,92,6,1,0.014,0.531,2
10,bcup,92,7,1,0.064,0.135,2
10,bcup,92,8,1,0.078,0.155,2
10,bcup,92,9,1,0.03,0.115,2
10,bcup,92,10,1,0.044,0.07,2
10,bcup,92,11,1,0.085,0.095,2
10,bcup,92,12,1,0.099,0.08,2
10,bcup,92,13,1,0.044,0.859,2
10,bcup,92,14,1,0.044,0.835,2
10,bcup,92,15,1,0.064,0.845,2
10,bcup,92,16,1,0.03,0.879,2
10,bcup,92,17,1,0.064,0.879,2
10,bcup,92,18,1,0.099,0.909,2
10,bcup,92,19,1,0.119,0.66,2
10,bcup,92,20,1,0.133,0.734,2
10,bcup,92,21,1,0.139,0.674,2
10,bcup,92,22,1,0.099,0.728,2
10,bcup,92,23,1,0.153,0.66,2
10,bcup,92,24,1,0.099,0.65,2
10,bcup,92,25,1,0.183,0.366,2
10,bcup,92,26,1,0.183,0.302,2
10,bcup,92,27,1,0.129,0.292,2
10,bcup,92,28,1,0.163,0.376,2
10,bcup,92,29,1,0.169,0.316,2
10,bcup,92,30,1,0.115,0.336,2
10,bcup,92,31,1,0.239,0.465,2
10,bcup,92,32,1,0.171,0.499,2
10,bcup,92,33,1,0.239,0.529,2
10,bcup,92,34,1,0.185,0.479,2
10,bcup,92,35,1,0.185,0.455,2
10,bcup,92,36,1,0.205,0.499,2
10,bcup,92,37,1,0.294,0.185,2
10,bcup,92,38,1,0.294,0.121,2
10,bcup,92,39,1,0.274,0.195,2
10,bcup,92,40,1,0.26,0.121,2
10,bcup,92,41,1,0.239,0.111,2
10,bcup,92,42,1,0.294,0.155,2
10,bcup,92,43,1,0.294,0.805,2
10,bcup,92,44,1,0.26,0.839,2
10,bcup,92,45,1,0.239,0.795,2
10,bcup,92,46,1,0.26,0.805,2
10,bcup,92,47,1,0.26,0.859,2
10,bcup,92,48,1,0.294,0.839,2
10,bcup,92,49,1,0.346,0.656,2
10,bcup,92,50,1,0.366,0.581,2
10,bcup,92,51,1,0.332,0.636,2
10,bcup,92,52,1,0.312,0.596,2
10,bcup,92,53,1,0.366,0.646,2
10,bcup,92,54,1,0.312,0.571,2
10,bcup,92,55,1,0.314,0.429,2
10,bcup,92,56,1,0.354,0.374,2
10,bcup,92,57,1,0.368,0.425,2
10,bcup,92,58,1,0.368,0.394,2
10,bcup,92,59,1,0.314,0.374,2
10,bcup,92,60,1,0.348,0.435,2
10,bcup,92,61,1,0.419,0.763,2
10,bcup,92,62,1,0.439,0.742,2
10,bcup,92,63,1,0.453,0.728,2
10,bcup,92,64,1,0.453,0.793,2
10,bcup,92,65,1,0.419,0.728,2
10,bcup,92,66,1,0.384,0.763,2
10,bcup,92,67,1,0.421,0.034,2
10,bcup,92,68,1,0.435,0.074,2
10,bcup,92,69,1,0.386,0.034,2
10,bcup,92,70,1,0.455,0,2
10,bcup,92,71,1,0.455,0.064,2
10,bcup,92,72,1,0.455,0.034,2
10,bcup,92,73,1,0.441,0.219,2
10,bcup,92,74,1,0.455,0.205,2
10,bcup,92,75,1,0.435,0.28,2
10,bcup,92,76,1,0.455,0.27,2
10,bcup,92,77,1,0.455,0.239,2
10,bcup,92,78,1,0.421,0.205,2
10,bcup,92,79,1,0.421,0.915,2
10,bcup,92,80,1,0.4,0.905,2
10,bcup,92,81,1,0.4,0.984,2
10,bcup,92,82,1,0.441,0.93,2
10,bcup,92,83,1,0.421,0.95,2
10,bcup,92,84,1,0.455,0.915,2
10,bcup,92,85,1,0.545,0.354,2
10,bcup,92,86,1,0.539,0.414,2
10,bcup,92,87,1,0.525,0.394,2
10,bcup,92,88,1,0.559,0.374,2
10,bcup,92,89,1,0.505,0.408,2
10,bcup,92,90,1,0.491,0.374,2
10,bcup,92,91,1,0.565,0.6,2
10,bcup,92,92,1,0.531,0.6,2
10,bcup,92,93,1,0.497,0.634,2
10,bcup,92,94,1,0.511,0.668,2
10,bcup,92,95,1,0.545,0.674,2
10,bcup,92,96,1,0.511,0.59,2
10,bcup,92,97,1,0.602,0.125,2
10,bcup,92,98,1,0.561,0.101,2
10,bcup,92,99,1,0.616,0.111,2
10,bcup,92,100,1,0.596,0.185,2
10,bcup,92,101,1,0.547,0.145,2
10,bcup,92,102,1,0.561,0.179,2
10,bcup,92,103,1,0.581,0.815,2
10,bcup,92,104,1,0.616,0.815,2
10,bcup,92,105,1,0.581,0.849,2
10,bcup,92,106,1,0.616,0.849,2
10,bcup,92,107,1,0.596,0.889,2
10,bcup,92,108,1,0.561,0.805,2
10,bcup,92,109,1,0.644,0.479,2
10,bcup,92,110,1,0.604,0.479,2
10,bcup,92,111,1,0.624,0.465,2
10,bcup,92,112,1,0.604,0.533,2
10,bcup,92,113,1,0.658,0.499,2
10,bcup,92,114,1,0.658,0.465,2
10,bcup,92,115,1,0.702,0.674,2
10,bcup,92,116,1,0.702,0.728,2
10,bcup,92,117,1,0.688,0.694,2
10,bcup,92,118,1,0.702,0.65,2
10,bcup,92,119,1,0.757,0.66,2
10,bcup,92,120,1,0.722,0.694,2
10,bcup,92,121,1,0.722,0.32,2
10,bcup,92,122,1,0.757,0.33,2
10,bcup,92,123,1,0.742,0.28,2
10,bcup,92,124,1,0.757,0.266,2
10,bcup,92,125,1,0.722,0.266,2
10,bcup,92,126,1,0.702,0.28,2
10,bcup,92,127,1,0.751,0.143,2
10,bcup,92,128,1,0.771,0.129,2
10,bcup,92,129,1,0.805,0.074,2
10,bcup,92,130,1,0.751,0.064,2
10,bcup,92,131,1,0.751,0.089,2
10,bcup,92,132,1,0.791,0.089,2
10,bcup,92,133,1,0.785,0.926,2
10,bcup,92,134,1,0.805,0.851,2
10,bcup,92,135,1,0.805,0.915,2
10,bcup,92,136,1,0.805,0.885,2
10,bcup,92,137,1,0.771,0.885,2
10,bcup,92,138,1,0.771,0.905,2
10,bcup,92,139,1,0.807,0.517,2
10,bcup,92,140,1,0.821,0.537,2
10,bcup,92,141,1,0.787,0.453,2
10,bcup,92,142,1,0.773,0.497,2
10,bcup,92,143,1,0.841,0.463,2
10,bcup,92,144,1,0.787,0.477,2
10,bcup,93,1,1,0,0.497,3
10,bcup,93,2,1,0.034,0.517,3
10,bcup,93,3,1,0.068,0.463,3
10,bcup,93,4,1,0.034,0.497,3
10,bcup,93,5,1,0.014,0.477,3
10,bcup,93,6,1,0.014,0.531,3
10,bcup,93,7,1,0.078,0.155,3
10,bcup,93,8,1,0.03,0.115,3
10,bcup,93,9,1,0.044,0.07,3
10,bcup,93,10,1,0.085,0.095,3
10,bcup,93,11,1,0.099,0.08,3
10,bcup,93,12,1,0.064,0.135,3
10,bcup,93,13,1,0.064,0.879,3
10,bcup,93,14,1,0.099,0.909,3
10,bcup,93,15,1,0.044,0.859,3
10,bcup,93,16,1,0.064,0.845,3
10,bcup,93,17,1,0.044,0.835,3
10,bcup,93,18,1,0.03,0.879,3
10,bcup,93,19,1,0.153,0.66,3
10,bcup,93,20,1,0.139,0.674,3
10,bcup,93,21,1,0.099,0.65,3
10,bcup,93,22,1,0.133,0.734,3
10,bcup,93,23,1,0.119,0.66,3
10,bcup,93,24,1,0.099,0.728,3
10,bcup,93,25,1,0.183,0.366,3
10,bcup,93,26,1,0.115,0.336,3
10,bcup,93,27,1,0.183,0.302,3
10,bcup,93,28,1,0.169,0.316,3
10,bcup,93,29,1,0.129,0.292,3
10,bcup,93,30,1,0.163,0.376,3
10,bcup,93,31,1,0.185,0.455,3
10,bcup,93,32,1,0.185,0.479,3
10,bcup,93,33,1,0.205,0.499,3
10,bcup,93,34,1,0.239,0.529,3
10,bcup,93,35,1,0.239,0.465,3
10,bcup,93,36,1,0.171,0.499,3
10,bcup,93,37,1,0.294,0.155,3
10,bcup,93,38,1,0.294,0.121,3
10,bcup,93,39,1,0.294,0.185,3
10,bcup,93,40,1,0.274,0.195,3
10,bcup,93,41,1,0.26,0.121,3
10,bcup,93,42,1,0.239,0.111,3
10,bcup,93,43,1,0.239,0.795,3
10,bcup,93,44,1,0.26,0.805,3
10,bcup,93,45,1,0.294,0.805,3
10,bcup,93,46,1,0.26,0.839,3
10,bcup,93,47,1,0.26,0.859,3
10,bcup,93,48,1,0.294,0.839,3
10,bcup,93,49,1,0.346,0.656,3
10,bcup,93,50,1,0.366,0.581,3
10,bcup,93,51,1,0.332,0.636,3
10,bcup,93,52,1,0.312,0.596,3
10,bcup,93,53,1,0.366,0.646,3
10,bcup,93,54,1,0.312,0.571,3
10,bcup,93,55,1,0.314,0.374,3
10,bcup,93,56,1,0.348,0.435,3
10,bcup,93,57,1,0.368,0.425,3
10,bcup,93,58,1,0.368,0.394,3
10,bcup,93,59,1,0.314,0.429,3
10,bcup,93,60,1,0.354,0.374,3
10,bcup,93,61,1,0.419,0.763,3
10,bcup,93,62,1,0.439,0.742,3
10,bcup,93,63,1,0.453,0.728,3
10,bcup,93,64,1,0.453,0.793,3
10,bcup,93,65,1,0.419,0.728,3
10,bcup,93,66,1,0.384,0.763,3
10,bcup,93,67,1,0.455,0.034,3
10,bcup,93,68,1,0.455,0.064,3
10,bcup,93,69,1,0.421,0.034,3
10,bcup,93,70,1,0.435,0.074,3
10,bcup,93,71,1,0.386,0.034,3
10,bcup,93,72,1,0.455,0,3
10,bcup,93,73,1,0.441,0.219,3
10,bcup,93,74,1,0.455,0.205,3
10,bcup,93,75,1,0.435,0.28,3
10,bcup,93,76,1,0.455,0.27,3
10,bcup,93,77,1,0.455,0.239,3
10,bcup,93,78,1,0.421,0.205,3
10,bcup,93,79,1,0.4,0.984,3
10,bcup,93,80,1,0.4,0.905,3
10,bcup,93,81,1,0.421,0.915,3
10,bcup,93,82,1,0.421,0.95,3
10,bcup,93,83,1,0.441,0.93,3
10,bcup,93,84,1,0.455,0.915,3
10,bcup,93,85,1,0.545,0.354,3
10,bcup,93,86,1,0.539,0.414,3
10,bcup,93,87,1,0.525,0.394,3
10,bcup,93,88,1,0.559,0.374,3
10,bcup,93,89,1,0.505,0.408,3
10,bcup,93,90,1,0.491,0.374,3
10,bcup,93,91,1,0.565,0.6,3
10,bcup,93,92,1,0.531,0.6,3
10,bcup,93,93,1,0.497,0.634,3
10,bcup,93,94,1,0.511,0.668,3
10,bcup,93,95,1,0.545,0.674,3
10,bcup,93,96,1,0.511,0.59,3
10,bcup,93,97,1,0.602,0.125,3
10,bcup,93,98,1,0.561,0.101,3
10,bcup,93,99,1,0.616,0.111,3
10,bcup,93,100,1,0.596,0.185,3
10,bcup,93,101,1,0.547,0.145,3
10,bcup,93,102,1,0.561,0.179,3
10,bcup,93,103,1,0.581,0.815,3
10,bcup,93,104,1,0.616,0.815,3
10,bcup,93,105,1,0.581,0.849,3
10,bcup,93,106,1,0.616,0.849,3
10,bcup,93,107,1,0.596,0.889,3
10,bcup,93,108,1,0.561,0.805,3
10,bcup,93,109,1,0.644,0.479,3
10,bcup,93,110,1,0.604,0.479,3
10,bcup,93,111,1,0.624,0.465,3
10,bcup,93,112,1,0.604,0.533,3
10,bcup,93,113,1,0.658,0.499,3
10,bcup,93,114,1,0.658,0.465,3
10,bcup,93,115,1,0.702,0.674,3
10,bcup,93,116,1,0.702,0.728,3
10,bcup,93,117,1,0.688,0.694,3
10,bcup,93,118,1,0.702,0.65,3
10,bcup,93,119,1,0.757,0.66,3
10,bcup,93,120,1,0.722,0.694,3
10,bcup,93,121,1,0.722,0.32,3
10,bcup,93,122,1,0.757,0.33,3
10,bcup,93,123,1,0.742,0.28,3
10,bcup,93,124,1,0.757,0.266,3
10,bcup,93,125,1,0.722,0.266,3
10,bcup,93,126,1,0.702,0.28,3
10,bcup,93,127,1,0.751,0.143,3
10,bcup,93,128,1,0.771,0.129,3
10,bcup,93,129,1,0.805,0.074,3
10,bcup,93,130,1,0.751,0.064,3
10,bcup,93,131,1,0.751,0.089,3
10,bcup,93,132,1,0.791,0.089,3
10,bcup,93,133,1,0.785,0.926,3
10,bcup,93,134,1,0.805,0.851,3
10,bcup,93,135,1,0.805,0.915,3
10,bcup,93,136,1,0.805,0.885,3
10,bcup,93,137,1,0.771,0.885,3
10,bcup,93,138,1,0.771,0.905,3
10,bcup,93,139,1,0.787,0.477,3
10,bcup,93,140,1,0.773,0.497,3
10,bcup,93,141,1,0.787,0.453,3
10,bcup,93,142,1,0.807,0.517,3
10,bcup,93,143,1,0.841,0.463,3
10,bcup,93,144,1,0.821,0.537,3
10,bcup,94,1,1,0,0.497,4
10,bcup,94,2,1,0.034,0.517,4
10,bcup,94,3,1,0.068,0.463,4
10,bcup,94,4,1,0.034,0.497,4
10,bcup,94,5,1,0.014,0.477,4
10,bcup,94,6,1,0.014,0.531,4
10,bcup,94,7,1,0.078,0.155,4
10,bcup,94,8,1,0.03,0.115,4
10,bcup,94,9,1,0.044,0.07,4
10,bcup,94,10,1,0.085,0.095,4
10,bcup,94,11,1,0.099,0.08,4
10,bcup,94,12,1,0.064,0.135,4
10,bcup,94,13,1,0.044,0.859,4
10,bcup,94,14,1,0.044,0.835,4
10,bcup,94,15,1,0.064,0.845,4
10,bcup,94,16,1,0.03,0.879,4
10,bcup,94,17,1,0.064,0.879,4
10,bcup,94,18,1,0.099,0.909,4
10,bcup,94,19,1,0.119,0.66,4
10,bcup,94,20,1,0.133,0.734,4
10,bcup,94,21,1,0.139,0.674,4
10,bcup,94,22,1,0.099,0.728,4
10,bcup,94,23,1,0.153,0.66,4
10,bcup,94,24,1,0.099,0.65,4
10,bcup,94,25,1,0.183,0.366,4
10,bcup,94,26,1,0.115,0.336,4
10,bcup,94,27,1,0.183,0.302,4
10,bcup,94,28,1,0.169,0.316,4
10,bcup,94,29,1,0.129,0.292,4
10,bcup,94,30,1,0.163,0.376,4
10,bcup,94,31,1,0.185,0.455,4
10,bcup,94,32,1,0.185,0.479,4
10,bcup,94,33,1,0.205,0.499,4
10,bcup,94,34,1,0.239,0.529,4
10,bcup,94,35,1,0.239,0.465,4
10,bcup,94,36,1,0.171,0.499,4
10,bcup,94,37,1,0.26,0.121,4
10,bcup,94,38,1,0.239,0.111,4
10,bcup,94,39,1,0.294,0.155,4
10,bcup,94,40,1,0.294,0.121,4
10,bcup,94,41,1,0.294,0.185,4
10,bcup,94,42,1,0.274,0.195,4
10,bcup,94,43,1,0.294,0.805,4
10,bcup,94,44,1,0.26,0.839,4
10,bcup,94,45,1,0.239,0.795,4
10,bcup,94,46,1,0.26,0.805,4
10,bcup,94,47,1,0.26,0.859,4
10,bcup,94,48,1,0.294,0.839,4
10,bcup,94,49,1,0.346,0.656,4
10,bcup,94,50,1,0.366,0.581,4
10,bcup,94,51,1,0.332,0.636,4
10,bcup,94,52,1,0.312,0.596,4
10,bcup,94,53,1,0.366,0.646,4
10,bcup,94,54,1,0.312,0.571,4
10,bcup,94,55,1,0.314,0.374,4
10,bcup,94,56,1,0.348,0.435,4
10,bcup,94,57,1,0.368,0.425,4
10,bcup,94,58,1,0.368,0.394,4
10,bcup,94,59,1,0.314,0.429,4
10,bcup,94,60,1,0.354,0.374,4
10,bcup,94,61,1,0.419,0.763,4
10,bcup,94,62,1,0.439,0.742,4
10,bcup,94,63,1,0.453,0.728,4
10,bcup,94,64,1,0.453,0.793,4
10,bcup,94,65,1,0.419,0.728,4
10,bcup,94,66,1,0.384,0.763,4
10,bcup,94,67,1,0.455,0,4
10,bcup,94,68,1,0.455,0.064,4
10,bcup,94,69,1,0.435,0.074,4
10,bcup,94,70,1,0.455,0.034,4
10,bcup,94,71,1,0.386,0.034,4
10,bcup,94,72,1,0.421,0.034,4
10,bcup,94,73,1,0.455,0.239,4
10,bcup,94,74,1,0.455,0.27,4
10,bcup,94,75,1,0.441,0.219,4
10,bcup,94,76,1,0.435,0.28,4
10,bcup,94,77,1,0.455,0.205,4
10,bcup,94,78,1,0.421,0.205,4
10,bcup,94,79,1,0.421,0.915,4
10,bcup,94,80,1,0.4,0.905,4
10,bcup,94,81,1,0.4,0.984,4
10,bcup,94,82,1,0.441,0.93,4
10,bcup,94,83,1,0.421,0.95,4
10,bcup,94,84,1,0.455,0.915,4
10,bcup,94,85,1,0.545,0.354,4
10,bcup,94,86,1,0.539,0.414,4
10,bcup,94,87,1,0.525,0.394,4
10,bcup,94,88,1,0.559,0.374,4
10,bcup,94,89,1,0.505,0.408,4
10,bcup,94,90,1,0.491,0.374,4
10,bcup,94,91,1,0.565,0.6,4
10,bcup,94,92,1,0.531,0.6,4
10,bcup,94,93,1,0.497,0.634,4
10,bcup,94,94,1,0.511,0.668,4
10,bcup,94,95,1,0.545,0.674,4
10,bcup,94,96,1,0.511,0.59,4
10,bcup,94,97,1,0.561,0.179,4
10,bcup,94,98,1,0.616,0.111,4
10,bcup,94,99,1,0.596,0.185,4
10,bcup,94,100,1,0.547,0.145,4
10,bcup,94,101,1,0.561,0.101,4
10,bcup,94,102,1,0.602,0.125,4
10,bcup,94,103,1,0.581,0.815,4
10,bcup,94,104,1,0.616,0.815,4
10,bcup,94,105,1,0.581,0.849,4
10,bcup,94,106,1,0.616,0.849,4
10,bcup,94,107,1,0.596,0.889,4
10,bcup,94,108,1,0.561,0.805,4
10,bcup,94,109,1,0.644,0.479,4
10,bcup,94,110,1,0.604,0.479,4
10,bcup,94,111,1,0.624,0.465,4
10,bcup,94,112,1,0.604,0.533,4
10,bcup,94,113,1,0.658,0.499,4
10,bcup,94,114,1,0.658,0.465,4
10,bcup,94,115,1,0.702,0.674,4
10,bcup,94,116,1,0.702,0.728,4
10,bcup,94,117,1,0.688,0.694,4
10,bcup,94,118,1,0.702,0.65,4
10,bcup,94,119,1,0.757,0.66,4
10,bcup,94,120,1,0.722,0.694,4
10,bcup,94,121,1,0.702,0.28,4
10,bcup,94,122,1,0.722,0.266,4
10,bcup,94,123,1,0.757,0.266,4
10,bcup,94,124,1,0.742,0.28,4
10,bcup,94,125,1,0.757,0.33,4
10,bcup,94,126,1,0.722,0.32,4
10,bcup,94,127,1,0.751,0.143,4
10,bcup,94,128,1,0.771,0.129,4
10,bcup,94,129,1,0.791,0.089,4
10,bcup,94,130,1,0.751,0.064,4
10,bcup,94,131,1,0.805,0.074,4
10,bcup,94,132,1,0.751,0.089,4
10,bcup,94,133,1,0.785,0.926,4
10,bcup,94,134,1,0.805,0.851,4
10,bcup,94,135,1,0.805,0.915,4
10,bcup,94,136,1,0.805,0.885,4
10,bcup,94,137,1,0.771,0.885,4
10,bcup,94,138,1,0.771,0.905,4
10,bcup,94,139,1,0.807,0.517,4
10,bcup,94,140,1,0.821,0.537,4
10,bcup,94,141,1,0.787,0.453,4
10,bcup,94,142,1,0.773,0.497,4
10,bcup,94,143,1,0.841,0.463,4
10,bcup,94,144,1,0.787,0.477,4
10,bcup,95,1,1,0.014,0.477,5
10,bcup,95,2,1,0.068,0.463,5
10,bcup,95,3,1,0,0.497,5
10,bcup,95,4,1,0.034,0.517,5
10,bcup,95,5,1,0.014,0.531,5
10,bcup,95,6,1,0.034,0.497,5
10,bcup,95,7,1,0.078,0.155,5
10,bcup,95,8,1,0.03,0.115,5
10,bcup,95,9,1,0.044,0.07,5
10,bcup,95,10,1,0.085,0.095,5
10,bcup,95,11,1,0.099,0.08,5
10,bcup,95,12,1,0.064,0.135,5
10,bcup,95,13,1,0.044,0.859,5
10,bcup,95,14,1,0.044,0.835,5
10,bcup,95,15,1,0.064,0.845,5
10,bcup,95,16,1,0.03,0.879,5
10,bcup,95,17,1,0.064,0.879,5
10,bcup,95,18,1,0.099,0.909,5
10,bcup,95,19,1,0.119,0.66,5
10,bcup,95,20,1,0.133,0.734,5
10,bcup,95,21,1,0.139,0.674,5
10,bcup,95,22,1,0.099,0.728,5
10,bcup,95,23,1,0.153,0.66,5
10,bcup,95,24,1,0.099,0.65,5
10,bcup,95,25,1,0.163,0.376,5
10,bcup,95,26,1,0.183,0.366,5
10,bcup,95,27,1,0.169,0.316,5
10,bcup,95,28,1,0.183,0.302,5
10,bcup,95,29,1,0.115,0.336,5
10,bcup,95,30,1,0.129,0.292,5
10,bcup,95,31,1,0.171,0.499,5
10,bcup,95,32,1,0.239,0.465,5
10,bcup,95,33,1,0.205,0.499,5
10,bcup,95,34,1,0.185,0.479,5
10,bcup,95,35,1,0.185,0.455,5
10,bcup,95,36,1,0.239,0.529,5
10,bcup,95,37,1,0.274,0.195,5
10,bcup,95,38,1,0.294,0.185,5
10,bcup,95,39,1,0.26,0.121,5
10,bcup,95,40,1,0.239,0.111,5
10,bcup,95,41,1,0.294,0.121,5
10,bcup,95,42,1,0.294,0.155,5
10,bcup,95,43,1,0.294,0.805,5
10,bcup,95,44,1,0.26,0.839,5
10,bcup,95,45,1,0.239,0.795,5
10,bcup,95,46,1,0.26,0.805,5
10,bcup,95,47,1,0.26,0.859,5
10,bcup,95,48,1,0.294,0.839,5
10,bcup,95,49,1,0.346,0.656,5
10,bcup,95,50,1,0.366,0.581,5
10,bcup,95,51,1,0.332,0.636,5
10,bcup,95,52,1,0.312,0.596,5
10,bcup,95,53,1,0.366,0.646,5
10,bcup,95,54,1,0.312,0.571,5
10,bcup,95,55,1,0.314,0.374,5
10,bcup,95,56,1,0.348,0.435,5
10,bcup,95,57,1,0.368,0.425,5
10,bcup,95,58,1,0.368,0.394,5
10,bcup,95,59,1,0.314,0.429,5
10,bcup,95,60,1,0.354,0.374,5
10,bcup,95,61,1,0.419,0.763,5
10,bcup,95,62,1,0.439,0.742,5
10,bcup,95,63,1,0.453,0.728,5
10,bcup,95,64,1,0.453,0.793,5
10,bcup,95,65,1,0.419,0.728,5
10,bcup,95,66,1,0.384,0.763,5
10,bcup,95,67,1,0.435,0.074,5
10,bcup,95,68,1,0.421,0.034,5
10,bcup,95,69,1,0.386,0.034,5
10,bcup,95,70,1,0.455,0.064,5
10,bcup,95,71,1,0.455,0.034,5
10,bcup,95,72,1,0.455,0,5
10,bcup,95,73,1,0.441,0.219,5
10,bcup,95,74,1,0.455,0.205,5
10,bcup,95,75,1,0.435,0.28,5
10,bcup,95,76,1,0.455,0.27,5
10,bcup,95,77,1,0.455,0.239,5
10,bcup,95,78,1,0.421,0.205,5
10,bcup,95,79,1,0.421,0.915,5
10,bcup,95,80,1,0.4,0.905,5
10,bcup,95,81,1,0.4,0.984,5
10,bcup,95,82,1,0.441,0.93,5
10,bcup,95,83,1,0.421,0.95,5
10,bcup,95,84,1,0.455,0.915,5
10,bcup,95,85,1,0.545,0.354,5
10,bcup,95,86,1,0.539,0.414,5
10,bcup,95,87,1,0.525,0.394,5
10,bcup,95,88,1,0.559,0.374,5
10,bcup,95,89,1,0.505,0.408,5
10,bcup,95,90,1,0.491,0.374,5
10,bcup,95,91,1,0.565,0.6,5
10,bcup,95,92,1,0.531,0.6,5
10,bcup,95,93,1,0.497,0.634,5
10,bcup,95,94,1,0.511,0.668,5
10,bcup,95,95,1,0.545,0.674,5
10,bcup,95,96,1,0.511,0.59,5
10,bcup,95,97,1,0.547,0.145,5
10,bcup,95,98,1,0.561,0.179,5
10,bcup,95,99,1,0.596,0.185,5
10,bcup,95,100,1,0.616,0.111,5
10,bcup,95,101,1,0.602,0.125,5
10,bcup,95,102,1,0.561,0.101,5
10,bcup,95,103,1,0.581,0.815,5
10,bcup,95,104,1,0.616,0.815,5
10,bcup,95,105,1,0.581,0.849,5
10,bcup,95,106,1,0.616,0.849,5
10,bcup,95,107,1,0.596,0.889,5
10,bcup,95,108,1,0.561,0.805,5
10,bcup,95,109,1,0.644,0.479,5
10,bcup,95,110,1,0.604,0.479,5
10,bcup,95,111,1,0.624,0.465,5
10,bcup,95,112,1,0.604,0.533,5
10,bcup,95,113,1,0.658,0.499,5
10,bcup,95,114,1,0.658,0.465,5
10,bcup,95,115,1,0.702,0.674,5
10,bcup,95,116,1,0.702,0.728,5
10,bcup,95,117,1,0.688,0.694,5
10,bcup,95,118,1,0.702,0.65,5
10,bcup,95,119,1,0.757,0.66,5
10,bcup,95,120,1,0.722,0.694,5
10,bcup,95,121,1,0.722,0.32,5
10,bcup,95,122,1,0.757,0.33,5
10,bcup,95,123,1,0.742,0.28,5
10,bcup,95,124,1,0.757,0.266,5
10,bcup,95,125,1,0.722,0.266,5
10,bcup,95,126,1,0.702,0.28,5
10,bcup,95,127,1,0.751,0.143,5
10,bcup,95,128,1,0.771,0.129,5
10,bcup,95,129,1,0.805,0.074,5
10,bcup,95,130,1,0.751,0.064,5
10,bcup,95,131,1,0.751,0.089,5
10,bcup,95,132,1,0.791,0.089,5
10,bcup,95,133,1,0.785,0.926,5
10,bcup,95,134,1,0.805,0.851,5
10,bcup,95,135,1,0.805,0.915,5
10,bcup,95,136,1,0.805,0.885,5
10,bcup,95,137,1,0.771,0.885,5
10,bcup,95,138,1,0.771,0.905,5
10,bcup,95,139,1,0.807,0.517,5
10,bcup,95,140,1,0.821,0.537,5
10,bcup,95,141,1,0.787,0.453,5
10,bcup,95,142,1,0.773,0.497,5
10,bcup,95,143,1,0.841,0.463,5
10,bcup,95,144,1,0.787,0.477,5
10,bcup,96,1,1,0.014,0.477,6
10,bcup,96,2,1,0.014,0.531,6
10,bcup,96,3,1,0.034,0.517,6
10,bcup,96,4,1,0.068,0.463,6
10,bcup,96,5,1,0.034,0.497,6
10,bcup,96,6,1,0,0.497,6
10,bcup,96,7,1,0.078,0.155,6
10,bcup,96,8,1,0.03,0.115,6
10,bcup,96,9,1,0.044,0.07,6
10,bcup,96,10,1,0.085,0.095,6
10,bcup,96,11,1,0.099,0.08,6
10,bcup,96,12,1,0.064,0.135,6
10,bcup,96,13,1,0.064,0.845,6
10,bcup,96,14,1,0.044,0.835,6
10,bcup,96,15,1,0.044,0.859,6
10,bcup,96,16,1,0.03,0.879,6
10,bcup,96,17,1,0.064,0.879,6
10,bcup,96,18,1,0.099,0.909,6
10,bcup,96,19,1,0.099,0.65,6
10,bcup,96,20,1,0.133,0.734,6
10,bcup,96,21,1,0.099,0.728,6
10,bcup,96,22,1,0.119,0.66,6
10,bcup,96,23,1,0.153,0.66,6
10,bcup,96,24,1,0.119,0.694,6
10,bcup,96,25,1,0.183,0.366,6
10,bcup,96,26,1,0.115,0.336,6
10,bcup,96,27,1,0.183,0.302,6
10,bcup,96,28,1,0.169,0.316,6
10,bcup,96,29,1,0.129,0.292,6
10,bcup,96,30,1,0.163,0.376,6
10,bcup,96,31,1,0.171,0.499,6
10,bcup,96,32,1,0.205,0.499,6
10,bcup,96,33,1,0.185,0.479,6
10,bcup,96,34,1,0.239,0.529,6
10,bcup,96,35,1,0.239,0.465,6
10,bcup,96,36,1,0.185,0.455,6
10,bcup,96,37,1,0.294,0.155,6
10,bcup,96,38,1,0.294,0.121,6
10,bcup,96,39,1,0.294,0.185,6
10,bcup,96,40,1,0.274,0.195,6
10,bcup,96,41,1,0.26,0.121,6
10,bcup,96,42,1,0.239,0.111,6
10,bcup,96,43,1,0.294,0.805,6
10,bcup,96,44,1,0.26,0.859,6
10,bcup,96,45,1,0.26,0.805,6
10,bcup,96,46,1,0.26,0.839,6
10,bcup,96,47,1,0.294,0.839,6
10,bcup,96,48,1,0.239,0.795,6
10,bcup,96,49,1,0.346,0.656,6
10,bcup,96,50,1,0.366,0.581,6
10,bcup,96,51,1,0.332,0.636,6
10,bcup,96,52,1,0.312,0.596,6
10,bcup,96,53,1,0.366,0.646,6
10,bcup,96,54,1,0.312,0.571,6
10,bcup,96,55,1,0.314,0.374,6
10,bcup,96,56,1,0.348,0.435,6
10,bcup,96,57,1,0.368,0.425,6
10,bcup,96,58,1,0.368,0.394,6
10,bcup,96,59,1,0.314,0.429,6
10,bcup,96,60,1,0.354,0.374,6
10,bcup,96,61,1,0.453,0.728,6
10,bcup,96,62,1,0.453,0.793,6
10,bcup,96,63,1,0.419,0.728,6
10,bcup,96,64,1,0.384,0.763,6
10,bcup,96,65,1,0.439,0.742,6
10,bcup,96,66,1,0.419,0.763,6
10,bcup,96,67,1,0.455,0.034,6
10,bcup,96,68,1,0.455,0.064,6
10,bcup,96,69,1,0.421,0.034,6
10,bcup,96,70,1,0.435,0.074,6
10,bcup,96,71,1,0.386,0.034,6
10,bcup,96,72,1,0.455,0,6
10,bcup,96,73,1,0.441,0.219,6
10,bcup,96,74,1,0.455,0.205,6
10,bcup,96,75,1,0.435,0.28,6
10,bcup,96,76,1,0.455,0.27,6
10,bcup,96,77,1,0.455,0.239,6
10,bcup,96,78,1,0.421,0.205,6
10,bcup,96,79,1,0.421,0.915,6
10,bcup,96,80,1,0.4,0.905,6
10,bcup,96,81,1,0.4,0.984,6
10,bcup,96,82,1,0.441,0.93,6
10,bcup,96,83,1,0.421,0.95,6
10,bcup,96,84,1,0.455,0.915,6
10,bcup,96,85,1,0.545,0.354,6
10,bcup,96,86,1,0.539,0.414,6
10,bcup,96,87,1,0.525,0.394,6
10,bcup,96,88,1,0.559,0.374,6
10,bcup,96,89,1,0.505,0.408,6
10,bcup,96,90,1,0.491,0.374,6
10,bcup,96,91,1,0.565,0.6,6
10,bcup,96,92,1,0.531,0.6,6
10,bcup,96,93,1,0.497,0.634,6
10,bcup,96,94,1,0.511,0.668,6
10,bcup,96,95,1,0.545,0.674,6
10,bcup,96,96,1,0.511,0.59,6
10,bcup,96,97,1,0.602,0.125,6
10,bcup,96,98,1,0.561,0.101,6
10,bcup,96,99,1,0.616,0.111,6
10,bcup,96,100,1,0.596,0.185,6
10,bcup,96,101,1,0.547,0.145,6
10,bcup,96,102,1,0.561,0.179,6
10,bcup,96,103,1,0.581,0.815,6
10,bcup,96,104,1,0.616,0.815,6
10,bcup,96,105,1,0.581,0.849,6
10,bcup,96,106,1,0.616,0.849,6
10,bcup,96,107,1,0.596,0.889,6
10,bcup,96,108,1,0.561,0.805,6
10,bcup,96,109,1,0.644,0.479,6
10,bcup,96,110,1,0.604,0.479,6
10,bcup,96,111,1,0.624,0.465,6
10,bcup,96,112,1,0.604,0.533,6
10,bcup,96,113,1,0.658,0.499,6
10,bcup,96,114,1,0.658,0.465,6
10,bcup,96,115,1,0.702,0.674,6
10,bcup,96,116,1,0.702,0.728,6
10,bcup,96,117,1,0.688,0.694,6
10,bcup,96,118,1,0.702,0.65,6
10,bcup,96,119,1,0.757,0.66,6
10,bcup,96,120,1,0.722,0.694,6
10,bcup,96,121,1,0.722,0.32,6
10,bcup,96,122,1,0.757,0.33,6
10,bcup,96,123,1,0.742,0.28,6
10,bcup,96,124,1,0.757,0.266,6
10,bcup,96,125,1,0.722,0.266,6
10,bcup,96,126,1,0.702,0.28,6
10,bcup,96,127,1,0.751,0.143,6
10,bcup,96,128,1,0.771,0.129,6
10,bcup,96,129,1,0.805,0.074,6
10,bcup,96,130,1,0.751,0.064,6
10,bcup,96,131,1,0.751,0.089,6
10,bcup,96,132,1,0.791,0.089,6
10,bcup,96,133,1,0.785,0.926,6
10,bcup,96,134,1,0.805,0.851,6
10,bcup,96,135,1,0.805,0.915,6
10,bcup,96,136,1,0.805,0.885,6
10,bcup,96,137,1,0.771,0.885,6
10,bcup,96,138,1,0.771,0.905,6
10,bcup,96,139,1,0.807,0.517,6
10,bcup,96,140,1,0.821,0.537,6
10,bcup,96,141,1,0.787,0.453,6
10,bcup,96,142,1,0.773,0.497,6
10,bcup,96,143,1,0.841,0.463,6
10,bcup,96,144,1,0.787,0.477,6
10,bcup,97,1,1,0,0.497,7
10,bcup,97,2,1,0.034,0.517,7
10,bcup,97,3,1,0.068,0.463,7
10,bcup,97,4,1,0.034,0.497,7
10,bcup,97,5,1,0.014,0.477,7
10,bcup,97,6,1,0.014,0.531,7
10,bcup,97,7,1,0.078,0.155,7
10,bcup,97,8,1,0.03,0.115,7
10,bcup,97,9,1,0.044,0.07,7
10,bcup,97,10,1,0.085,0.095,7
10,bcup,97,11,1,0.099,0.08,7
10,bcup,97,12,1,0.064,0.135,7
10,bcup,97,13,1,0.044,0.859,7
10,bcup,97,14,1,0.044,0.835,7
10,bcup,97,15,1,0.064,0.845,7
10,bcup,97,16,1,0.03,0.879,7
10,bcup,97,17,1,0.064,0.879,7
10,bcup,97,18,1,0.099,0.909,7
10,bcup,97,19,1,0.119,0.66,7
10,bcup,97,20,1,0.133,0.734,7
10,bcup,97,21,1,0.139,0.674,7
10,bcup,97,22,1,0.099,0.728,7
10,bcup,97,23,1,0.153,0.66,7
10,bcup,97,24,1,0.099,0.65,7
10,bcup,97,25,1,0.183,0.366,7
10,bcup,97,26,1,0.115,0.336,7
10,bcup,97,27,1,0.183,0.302,7
10,bcup,97,28,1,0.169,0.316,7
10,bcup,97,29,1,0.129,0.292,7
10,bcup,97,30,1,0.163,0.376,7
10,bcup,97,31,1,0.185,0.455,7
10,bcup,97,32,1,0.185,0.479,7
10,bcup,97,33,1,0.205,0.499,7
10,bcup,97,34,1,0.239,0.529,7
10,bcup,97,35,1,0.239,0.465,7
10,bcup,97,36,1,0.171,0.499,7
10,bcup,97,37,1,0.294,0.155,7
10,bcup,97,38,1,0.294,0.121,7
10,bcup,97,39,1,0.294,0.185,7
10,bcup,97,40,1,0.274,0.195,7
10,bcup,97,41,1,0.26,0.121,7
10,bcup,97,42,1,0.239,0.111,7
10,bcup,97,43,1,0.294,0.805,7
10,bcup,97,44,1,0.26,0.839,7
10,bcup,97,45,1,0.239,0.795,7
10,bcup,97,46,1,0.26,0.805,7
10,bcup,97,47,1,0.26,0.859,7
10,bcup,97,48,1,0.294,0.839,7
10,bcup,97,49,1,0.346,0.656,7
10,bcup,97,50,1,0.366,0.581,7
10,bcup,97,51,1,0.332,0.636,7
10,bcup,97,52,1,0.312,0.596,7
10,bcup,97,53,1,0.366,0.646,7
10,bcup,97,54,1,0.312,0.571,7
10,bcup,97,55,1,0.314,0.374,7
10,bcup,97,56,1,0.348,0.435,7
10,bcup,97,57,1,0.368,0.425,7
10,bcup,97,58,1,0.368,0.394,7
10,bcup,97,59,1,0.314,0.429,7
10,bcup,97,60,1,0.354,0.374,7
10,bcup,97,61,1,0.419,0.763,7
10,bcup,97,62,1,0.439,0.742,7
10,bcup,97,63,1,0.453,0.728,7
10,bcup,97,64,1,0.453,0.793,7
10,bcup,97,65,1,0.419,0.728,7
10,bcup,97,66,1,0.384,0.763,7
10,bcup,97,67,1,0.455,0.034,7
10,bcup,97,68,1,0.455,0.064,7
10,bcup,97,69,1,0.421,0.034,7
10,bcup,97,70,1,0.435,0.074,7
10,bcup,97,71,1,0.386,0.034,7
10,bcup,97,72,1,0.455,0,7
10,bcup,97,73,1,0.441,0.219,7
10,bcup,97,74,1,0.455,0.205,7
10,bcup,97,75,1,0.435,0.28,7
10,bcup,97,76,1,0.455,0.27,7
10,bcup,97,77,1,0.455,0.239,7
10,bcup,97,78,1,0.421,0.205,7
10,bcup,97,79,1,0.421,0.915,7
10,bcup,97,80,1,0.4,0.905,7
10,bcup,97,81,1,0.4,0.984,7
10,bcup,97,82,1,0.441,0.93,7
10,bcup,97,83,1,0.421,0.95,7
10,bcup,97,84,1,0.455,0.915,7
10,bcup,97,85,1,0.545,0.354,7
10,bcup,97,86,1,0.539,0.414,7
10,bcup,97,87,1,0.525,0.394,7
10,bcup,97,88,1,0.559,0.374,7
10,bcup,97,89,1,0.505,0.408,7
10,bcup,97,90,1,0.491,0.374,7
10,bcup,97,91,1,0.565,0.6,7
10,bcup,97,92,1,0.531,0.6,7
10,bcup,97,93,1,0.497,0.634,7
10,bcup,97,94,1,0.511,0.668,7
10,bcup,97,95,1,0.545,0.674,7
10,bcup,97,96,1,0.511,0.59,7
10,bcup,97,97,1,0.616,0.111,7
10,bcup,97,98,1,0.596,0.185,7
10,bcup,97,99,1,0.547,0.145,7
10,bcup,97,100,1,0.561,0.179,7
10,bcup,97,101,1,0.602,0.125,7
10,bcup,97,102,1,0.561,0.101,7
10,bcup,97,103,1,0.581,0.815,7
10,bcup,97,104,1,0.616,0.815,7
10,bcup,97,105,1,0.581,0.849,7
10,bcup,97,106,1,0.616,0.849,7
10,bcup,97,107,1,0.596,0.889,7
10,bcup,97,108,1,0.561,0.805,7
10,bcup,97,109,1,0.604,0.533,7
10,bcup,97,110,1,0.644,0.479,7
10,bcup,97,111,1,0.624,0.465,7
10,bcup,97,112,1,0.604,0.479,7
10,bcup,97,113,1,0.658,0.465,7
10,bcup,97,114,1,0.658,0.499,7
10,bcup,97,115,1,0.722,0.694,7
10,bcup,97,116,1,0.702,0.728,7
10,bcup,97,117,1,0.757,0.66,7
10,bcup,97,118,1,0.702,0.674,7
10,bcup,97,119,1,0.702,0.65,7
10,bcup,97,120,1,0.688,0.694,7
10,bcup,97,121,1,0.702,0.28,7
10,bcup,97,122,1,0.722,0.266,7
10,bcup,97,123,1,0.742,0.28,7
10,bcup,97,124,1,0.757,0.266,7
10,bcup,97,125,1,0.757,0.33,7
10,bcup,97,126,1,0.722,0.32,7
10,bcup,97,127,1,0.751,0.143,7
10,bcup,97,128,1,0.771,0.129,7
10,bcup,97,129,1,0.805,0.074,7
10,bcup,97,130,1,0.751,0.064,7
10,bcup,97,131,1,0.751,0.089,7
10,bcup,97,132,1,0.791,0.089,7
10,bcup,97,133,1,0.785,0.926,7
10,bcup,97,134,1,0.805,0.851,7
10,bcup,97,135,1,0.805,0.915,7
10,bcup,97,136,1,0.805,0.885,7
10,bcup,97,137,1,0.771,0.885,7
10,bcup,97,138,1,0.771,0.905,7
10,bcup,97,139,1,0.773,0.497,7
10,bcup,97,140,1,0.807,0.497,7
10,bcup,97,141,1,0.787,0.453,7
10,bcup,97,142,1,0.807,0.517,7
10,bcup,97,143,1,0.787,0.477,7
10,bcup,97,144,1,0.821,0.537,7
10,bcup,98,1,1,0,0.497,8
10,bcup,98,2,1,0.034,0.517,8
10,bcup,98,3,1,0.068,0.463,8
10,bcup,98,4,1,0.034,0.497,8
10,bcup,98,5,1,0.014,0.477,8
10,bcup,98,6,1,0.014,0.531,8
10,bcup,98,7,1,0.078,0.155,8
10,bcup,98,8,1,0.03,0.115,8
10,bcup,98,9,1,0.044,0.07,8
10,bcup,98,10,1,0.085,0.095,8
10,bcup,98,11,1,0.099,0.08,8
10,bcup,98,12,1,0.064,0.135,8
10,bcup,98,13,1,0.044,0.859,8
10,bcup,98,14,1,0.044,0.835,8
10,bcup,98,15,1,0.064,0.845,8
10,bcup,98,16,1,0.03,0.879,8
10,bcup,98,17,1,0.064,0.879,8
10,bcup,98,18,1,0.099,0.909,8
10,bcup,98,19,1,0.119,0.66,8
10,bcup,98,20,1,0.133,0.734,8
10,bcup,98,21,1,0.139,0.674,8
10,bcup,98,22,1,0.099,0.728,8
10,bcup,98,23,1,0.153,0.66,8
10,bcup,98,24,1,0.099,0.65,8
10,bcup,98,25,1,0.183,0.366,8
10,bcup,98,26,1,0.115,0.336,8
10,bcup,98,27,1,0.183,0.302,8
10,bcup,98,28,1,0.169,0.316,8
10,bcup,98,29,1,0.129,0.292,8
10,bcup,98,30,1,0.163,0.376,8
10,bcup,98,31,1,0.185,0.455,8
10,bcup,98,32,1,0.185,0.479,8
10,bcup,98,33,1,0.205,0.499,8
10,bcup,98,34,1,0.239,0.529,8
10,bcup,98,35,1,0.239,0.465,8
10,bcup,98,36,1,0.171,0.499,8
10,bcup,98,37,1,0.294,0.155,8
10,bcup,98,38,1,0.294,0.121,8
10,bcup,98,39,1,0.294,0.185,8
10,bcup,98,40,1,0.274,0.195,8
10,bcup,98,41,1,0.26,0.121,8
10,bcup,98,42,1,0.239,0.111,8
10,bcup,98,43,1,0.294,0.805,8
10,bcup,98,44,1,0.26,0.839,8
10,bcup,98,45,1,0.239,0.795,8
10,bcup,98,46,1,0.26,0.805,8
10,bcup,98,47,1,0.26,0.859,8
10,bcup,98,48,1,0.294,0.839,8
10,bcup,98,49,1,0.346,0.656,8
10,bcup,98,50,1,0.366,0.581,8
10,bcup,98,51,1,0.332,0.636,8
10,bcup,98,52,1,0.312,0.596,8
10,bcup,98,53,1,0.366,0.646,8
10,bcup,98,54,1,0.312,0.571,8
10,bcup,98,55,1,0.314,0.374,8
10,bcup,98,56,1,0.348,0.435,8
10,bcup,98,57,1,0.368,0.425,8
10,bcup,98,58,1,0.368,0.394,8
10,bcup,98,59,1,0.314,0.429,8
10,bcup,98,60,1,0.354,0.374,8
10,bcup,98,61,1,0.453,0.793,8
10,bcup,98,62,1,0.439,0.742,8
10,bcup,98,63,1,0.419,0.763,8
10,bcup,98,64,1,0.384,0.763,8
10,bcup,98,65,1,0.453,0.728,8
10,bcup,98,66,1,0.419,0.728,8
10,bcup,98,67,1,0.455,0.034,8
10,bcup,98,68,1,0.455,0.064,8
10,bcup,98,69,1,0.421,0.034,8
10,bcup,98,70,1,0.435,0.074,8
10,bcup,98,71,1,0.386,0.034,8
10,bcup,98,72,1,0.455,0,8
10,bcup,98,73,1,0.441,0.219,8
10,bcup,98,74,1,0.455,0.205,8
10,bcup,98,75,1,0.435,0.28,8
10,bcup,98,76,1,0.455,0.27,8
10,bcup,98,77,1,0.455,0.239,8
10,bcup,98,78,1,0.421,0.205,8
10,bcup,98,79,1,0.421,0.915,8
10,bcup,98,80,1,0.4,0.905,8
10,bcup,98,81,1,0.4,0.984,8
10,bcup,98,82,1,0.441,0.93,8
10,bcup,98,83,1,0.421,0.95,8
10,bcup,98,84,1,0.455,0.915,8
10,bcup,98,85,1,0.545,0.354,8
10,bcup,98,86,1,0.539,0.414,8
10,bcup,98,87,1,0.525,0.394,8
10,bcup,98,88,1,0.559,0.374,8
10,bcup,98,89,1,0.505,0.408,8
10,bcup,98,90,1,0.491,0.374,8
10,bcup,98,91,1,0.511,0.668,8
10,bcup,98,92,1,0.531,0.6,8
10,bcup,98,93,1,0.497,0.634,8
10,bcup,98,94,1,0.511,0.59,8
10,bcup,98,95,1,0.545,0.674,8
10,bcup,98,96,1,0.565,0.6,8
10,bcup,98,97,1,0.602,0.125,8
10,bcup,98,98,1,0.561,0.101,8
10,bcup,98,99,1,0.616,0.111,8
10,bcup,98,100,1,0.596,0.185,8
10,bcup,98,101,1,0.547,0.145,8
10,bcup,98,102,1,0.561,0.179,8
10,bcup,98,103,1,0.561,0.805,8
10,bcup,98,104,1,0.616,0.815,8
10,bcup,98,105,1,0.581,0.849,8
10,bcup,98,106,1,0.616,0.849,8
10,bcup,98,107,1,0.596,0.889,8
10,bcup,98,108,1,0.581,0.815,8
10,bcup,98,109,1,0.644,0.479,8
10,bcup,98,110,1,0.604,0.479,8
10,bcup,98,111,1,0.624,0.465,8
10,bcup,98,112,1,0.604,0.533,8
10,bcup,98,113,1,0.658,0.499,8
10,bcup,98,114,1,0.658,0.465,8
10,bcup,98,115,1,0.702,0.65,8
10,bcup,98,116,1,0.757,0.66,8
10,bcup,98,117,1,0.722,0.694,8
10,bcup,98,118,1,0.702,0.674,8
10,bcup,98,119,1,0.702,0.728,8
10,bcup,98,120,1,0.688,0.694,8
10,bcup,98,121,1,0.722,0.32,8
10,bcup,98,122,1,0.757,0.33,8
10,bcup,98,123,1,0.742,0.28,8
10,bcup,98,124,1,0.757,0.266,8
10,bcup,98,125,1,0.722,0.266,8
10,bcup,98,126,1,0.702,0.28,8
10,bcup,98,127,1,0.751,0.143,8
10,bcup,98,128,1,0.771,0.129,8
10,bcup,98,129,1,0.805,0.074,8
10,bcup,98,130,1,0.751,0.064,8
10,bcup,98,131,1,0.751,0.089,8
10,bcup,98,132,1,0.791,0.089,8
10,bcup,98,133,1,0.771,0.905,8
10,bcup,98,134,1,0.805,0.885,8
10,bcup,98,135,1,0.785,0.926,8
10,bcup,98,136,1,0.805,0.915,8
10,bcup,98,137,1,0.805,0.851,8
10,bcup,98,138,1,0.771,0.885,8
10,bcup,98,139,1,0.821,0.537,8
10,bcup,98,140,1,0.787,0.453,8
10,bcup,98,141,1,0.773,0.497,8
10,bcup,98,142,1,0.841,0.463,8
10,bcup,98,143,1,0.787,0.477,8
10,bcup,98,144,1,0.807,0.517,8
10,bcup,99,1,1,0.068,0.463,9
10,bcup,99,2,1,0.014,0.477,9
10,bcup,99,3,1,0,0.497,9
10,bcup,99,4,1,0.034,0.497,9
10,bcup,99,5,1,0.034,0.517,9
10,bcup,99,6,1,0.014,0.531,9
10,bcup,99,7,1,0.078,0.155,9
10,bcup,99,8,1,0.099,0.08,9
10,bcup,99,9,1,0.064,0.135,9
10,bcup,99,10,1,0.085,0.095,9
10,bcup,99,11,1,0.044,0.07,9
10,bcup,99,12,1,0.03,0.115,9
10,bcup,99,13,1,0.044,0.859,9
10,bcup,99,14,1,0.044,0.835,9
10,bcup,99,15,1,0.064,0.845,9
10,bcup,99,16,1,0.03,0.879,9
10,bcup,99,17,1,0.064,0.879,9
10,bcup,99,18,1,0.099,0.909,9
10,bcup,99,19,1,0.119,0.66,9
10,bcup,99,20,1,0.133,0.734,9
10,bcup,99,21,1,0.139,0.674,9
10,bcup,99,22,1,0.099,0.728,9
10,bcup,99,23,1,0.153,0.66,9
10,bcup,99,24,1,0.099,0.65,9
10,bcup,99,25,1,0.169,0.316,9
10,bcup,99,26,1,0.129,0.292,9
10,bcup,99,27,1,0.163,0.376,9
10,bcup,99,28,1,0.183,0.302,9
10,bcup,99,29,1,0.115,0.336,9
10,bcup,99,30,1,0.183,0.366,9
10,bcup,99,31,1,0.185,0.455,9
10,bcup,99,32,1,0.185,0.479,9
10,bcup,99,33,1,0.239,0.529,9
10,bcup,99,34,1,0.171,0.499,9
10,bcup,99,35,1,0.239,0.465,9
10,bcup,99,36,1,0.205,0.499,9
10,bcup,99,37,1,0.294,0.185,9
10,bcup,99,38,1,0.274,0.195,9
10,bcup,99,39,1,0.294,0.121,9
10,bcup,99,40,1,0.294,0.155,9
10,bcup,99,41,1,0.26,0.121,9
10,bcup,99,42,1,0.239,0.111,9
10,bcup,99,43,1,0.294,0.805,9
10,bcup,99,44,1,0.26,0.839,9
10,bcup,99,45,1,0.239,0.795,9
10,bcup,99,46,1,0.26,0.805,9
10,bcup,99,47,1,0.26,0.859,9
10,bcup,99,48,1,0.294,0.839,9
10,bcup,99,49,1,0.346,0.656,9
10,bcup,99,50,1,0.366,0.581,9
10,bcup,99,51,1,0.332,0.636,9
10,bcup,99,52,1,0.312,0.596,9
10,bcup,99,53,1,0.366,0.646,9
10,bcup,99,54,1,0.312,0.571,9
10,bcup,99,55,1,0.354,0.374,9
10,bcup,99,56,1,0.314,0.429,9
10,bcup,99,57,1,0.314,0.374,9
10,bcup,99,58,1,0.348,0.435,9
10,bcup,99,59,1,0.368,0.394,9
10,bcup,99,60,1,0.368,0.425,9
10,bcup,99,61,1,0.419,0.763,9
10,bcup,99,62,1,0.439,0.742,9
10,bcup,99,63,1,0.453,0.728,9
10,bcup,99,64,1,0.453,0.793,9
10,bcup,99,65,1,0.419,0.728,9
10,bcup,99,66,1,0.384,0.763,9
10,bcup,99,67,1,0.455,0.034,9
10,bcup,99,68,1,0.455,0.064,9
10,bcup,99,69,1,0.421,0.034,9
10,bcup,99,70,1,0.435,0.074,9
10,bcup,99,71,1,0.386,0.034,9
10,bcup,99,72,1,0.455,0,9
10,bcup,99,73,1,0.455,0.27,9
10,bcup,99,74,1,0.455,0.239,9
10,bcup,99,75,1,0.441,0.219,9
10,bcup,99,76,1,0.455,0.205,9
10,bcup,99,77,1,0.435,0.28,9
10,bcup,99,78,1,0.421,0.205,9
10,bcup,99,79,1,0.421,0.915,9
10,bcup,99,80,1,0.4,0.905,9
10,bcup,99,81,1,0.4,0.984,9
10,bcup,99,82,1,0.441,0.93,9
10,bcup,99,83,1,0.421,0.95,9
10,bcup,99,84,1,0.455,0.915,9
10,bcup,99,85,1,0.545,0.354,9
10,bcup,99,86,1,0.539,0.414,9
10,bcup,99,87,1,0.525,0.394,9
10,bcup,99,88,1,0.559,0.374,9
10,bcup,99,89,1,0.505,0.408,9
10,bcup,99,90,1,0.491,0.374,9
10,bcup,99,91,1,0.565,0.6,9
10,bcup,99,92,1,0.531,0.6,9
10,bcup,99,93,1,0.497,0.634,9
10,bcup,99,94,1,0.511,0.668,9
10,bcup,99,95,1,0.545,0.674,9
10,bcup,99,96,1,0.511,0.59,9
10,bcup,99,97,1,0.602,0.125,9
10,bcup,99,98,1,0.561,0.101,9
10,bcup,99,99,1,0.616,0.111,9
10,bcup,99,100,1,0.596,0.185,9
10,bcup,99,101,1,0.547,0.145,9
10,bcup,99,102,1,0.561,0.179,9
10,bcup,99,103,1,0.581,0.815,9
10,bcup,99,104,1,0.616,0.815,9
10,bcup,99,105,1,0.581,0.849,9
10,bcup,99,106,1,0.616,0.849,9
10,bcup,99,107,1,0.596,0.889,9
10,bcup,99,108,1,0.561,0.805,9
10,bcup,99,109,1,0.644,0.479,9
10,bcup,99,110,1,0.604,0.479,9
10,bcup,99,111,1,0.624,0.465,9
10,bcup,99,112,1,0.604,0.533,9
10,bcup,99,113,1,0.658,0.499,9
10,bcup,99,114,1,0.658,0.465,9
10,bcup,99,115,1,0.702,0.674,9
10,bcup,99,116,1,0.702,0.728,9
10,bcup,99,117,1,0.688,0.694,9
10,bcup,99,118,1,0.702,0.65,9
10,bcup,99,119,1,0.757,0.66,9
10,bcup,99,120,1,0.722,0.694,9
10,bcup,99,121,1,0.722,0.32,9
10,bcup,99,122,1,0.757,0.33,9
10,bcup,99,123,1,0.742,0.28,9
10,bcup,99,124,1,0.757,0.266,9
10,bcup,99,125,1,0.722,0.266,9
10,bcup,99,126,1,0.702,0.28,9
10,bcup,99,127,1,0.751,0.143,9
10,bcup,99,128,1,0.771,0.129,9
10,bcup,99,129,1,0.805,0.074,9
10,bcup,99,130,1,0.751,0.064,9
10,bcup,99,131,1,0.751,0.089,9
10,bcup,99,132,1,0.791,0.089,9
10,bcup,99,133,1,0.785,0.926,9
10,bcup,99,134,1,0.805,0.851,9
10,bcup,99,135,1,0.805,0.915,9
10,bcup,99,136,1,0.805,0.885,9
10,bcup,99,137,1,0.771,0.885,9
10,bcup,99,138,1,0.771,0.905,9
10,bcup,99,139,1,0.807,0.517,9
10,bcup,99,140,1,0.821,0.537,9
10,bcup,99,141,1,0.787,0.453,9
10,bcup,99,142,1,0.773,0.497,9
10,bcup,99,143,1,0.841,0.463,9
10,bcup,99,144,1,0.787,0.477,9
10,bcup,100,1,1,0,0.497,10
10,bcup,100,2,1,0.034,0.517,10
10,bcup,100,3,1,0.068,0.463,10
10,bcup,100,4,1,0.034,0.497,10
10,bcup,100,5,1,0.014,0.477,10
10,bcup,100,6,1,0.014,0.531,10
10,bcup,100,7,1,0.078,0.155,10
10,bcup,100,8,1,0.03,0.115,10
10,bcup,100,9,1,0.044,0.07,10
10,bcup,100,10,1,0.085,0.095,10
10,bcup,100,11,1,0.099,0.08,10
10,bcup,100,12,1,0.064,0.135,10
10,bcup,100,13,1,0.064,0.845,10
10,bcup,100,14,1,0.03,0.879,10
10,bcup,100,15,1,0.064,0.879,10
10,bcup,100,16,1,0.099,0.909,10
10,bcup,100,17,1,0.044,0.835,10
10,bcup,100,18,1,0.044,0.859,10
10,bcup,100,19,1,0.153,0.66,10
10,bcup,100,20,1,0.099,0.65,10
10,bcup,100,21,1,0.139,0.674,10
10,bcup,100,22,1,0.119,0.66,10
10,bcup,100,23,1,0.099,0.728,10
10,bcup,100,24,1,0.133,0.734,10
10,bcup,100,25,1,0.183,0.366,10
10,bcup,100,26,1,0.115,0.336,10
10,bcup,100,27,1,0.183,0.302,10
10,bcup,100,28,1,0.169,0.316,10
10,bcup,100,29,1,0.129,0.292,10
10,bcup,100,30,1,0.163,0.376,10
10,bcup,100,31,1,0.185,0.455,10
10,bcup,100,32,1,0.185,0.479,10
10,bcup,100,33,1,0.205,0.499,10
10,bcup,100,34,1,0.239,0.529,10
10,bcup,100,35,1,0.239,0.465,10
10,bcup,100,36,1,0.171,0.499,10
10,bcup,100,37,1,0.294,0.155,10
10,bcup,100,38,1,0.294,0.121,10
10,bcup,100,39,1,0.294,0.185,10
10,bcup,100,40,1,0.274,0.195,10
10,bcup,100,41,1,0.26,0.121,10
10,bcup,100,42,1,0.239,0.111,10
10,bcup,100,43,1,0.26,0.859,10
10,bcup,100,44,1,0.294,0.839,10
10,bcup,100,45,1,0.294,0.805,10
10,bcup,100,46,1,0.26,0.839,10
10,bcup,100,47,1,0.26,0.805,10
10,bcup,100,48,1,0.239,0.795,10
10,bcup,100,49,1,0.332,0.636,10
10,bcup,100,50,1,0.346,0.656,10
10,bcup,100,51,1,0.312,0.596,10
10,bcup,100,52,1,0.366,0.646,10
10,bcup,100,53,1,0.366,0.581,10
10,bcup,100,54,1,0.312,0.571,10
10,bcup,100,55,1,0.314,0.374,10
10,bcup,100,56,1,0.348,0.435,10
10,bcup,100,57,1,0.368,0.425,10
10,bcup,100,58,1,0.368,0.394,10
10,bcup,100,59,1,0.314,0.429,10
10,bcup,100,60,1,0.354,0.374,10
10,bcup,100,61,1,0.384,0.763,10
10,bcup,100,62,1,0.453,0.728,10
10,bcup,100,63,1,0.439,0.742,10
10,bcup,100,64,1,0.419,0.763,10
10,bcup,100,65,1,0.419,0.728,10
10,bcup,100,66,1,0.453,0.793,10
10,bcup,100,67,1,0.455,0.034,10
10,bcup,100,68,1,0.455,0.064,10
10,bcup,100,69,1,0.421,0.034,10
10,bcup,100,70,1,0.435,0.074,10
10,bcup,100,71,1,0.386,0.034,10
10,bcup,100,72,1,0.455,0,10
10,bcup,100,73,1,0.441,0.219,10
10,bcup,100,74,1,0.455,0.205,10
10,bcup,100,75,1,0.435,0.28,10
10,bcup,100,76,1,0.455,0.27,10
10,bcup,100,77,1,0.455,0.239,10
10,bcup,100,78,1,0.421,0.205,10
10,bcup,100,79,1,0.4,0.905,10
10,bcup,100,80,1,0.4,0.984,10
10,bcup,100,81,1,0.441,0.93,10
10,bcup,100,82,1,0.421,0.95,10
10,bcup,100,83,1,0.455,0.915,10
10,bcup,100,84,1,0.421,0.915,10
10,bcup,100,85,1,0.545,0.354,10
10,bcup,100,86,1,0.539,0.414,10
10,bcup,100,87,1,0.525,0.394,10
10,bcup,100,88,1,0.559,0.374,10
10,bcup,100,89,1,0.505,0.408,10
10,bcup,100,90,1,0.491,0.374,10
10,bcup,100,91,1,0.565,0.6,10
10,bcup,100,92,1,0.531,0.6,10
10,bcup,100,93,1,0.497,0.634,10
10,bcup,100,94,1,0.511,0.668,10
10,bcup,100,95,1,0.545,0.674,10
10,bcup,100,96,1,0.511,0.59,10
10,bcup,100,97,1,0.602,0.125,10
10,bcup,100,98,1,0.561,0.101,10
10,bcup,100,99,1,0.616,0.111,10
10,bcup,100,100,1,0.596,0.185,10
10,bcup,100,101,1,0.547,0.145,10
10,bcup,100,102,1,0.561,0.179,10
10,bcup,100,103,1,0.616,0.815,10
10,bcup,100,104,1,0.581,0.849,10
10,bcup,100,105,1,0.596,0.889,10
10,bcup,100,106,1,0.616,0.849,10
10,bcup,100,107,1,0.561,0.805,10
10,bcup,100,108,1,0.581,0.815,10
10,bcup,100,109,1,0.644,0.479,10
10,bcup,100,110,1,0.604,0.479,10
10,bcup,100,111,1,0.624,0.465,10
10,bcup,100,112,1,0.604,0.533,10
10,bcup,100,113,1,0.658,0.499,10
10,bcup,100,114,1,0.658,0.465,10
10,bcup,100,115,1,0.702,0.674,10
10,bcup,100,116,1,0.702,0.728,10
10,bcup,100,117,1,0.688,0.694,10
10,bcup,100,118,1,0.702,0.65,10
10,bcup,100,119,1,0.757,0.66,10
10,bcup,100,120,1,0.722,0.694,10
10,bcup,100,121,1,0.722,0.32,10
10,bcup,100,122,1,0.757,0.33,10
10,bcup,100,123,1,0.742,0.28,10
10,bcup,100,124,1,0.757,0.266,10
10,bcup,100,125,1,0.722,0.266,10
10,bcup,100,126,1,0.702,0.28,10
10,bcup,100,127,1,0.751,0.143,10
10,bcup,100,128,1,0.771,0.129,10
10,bcup,100,129,1,0.805,0.074,10
10,bcup,100,130,1,0.751,0.064,10
10,bcup,100,131,1,0.751,0.089,10
10,bcup,100,132,1,0.791,0.089,10
10,bcup,100,133,1,0.785,0.926,10
10,bcup,100,134,1,0.805,0.851,10
10,bcup,100,135,1,0.805,0.915,10
10,bcup,100,136,1,0.805,0.885,10
10,bcup,100,137,1,0.771,0.885,10
10,bcup,100,138,1,0.771,0.905,10
10,bcup,100,139,1,0.807,0.517,10
10,bcup,100,140,1,0.821,0.537,10
10,bcup,100,141,1,0.787,0.453,10
10,bcup,100,142,1,0.773,0.497,10
10,bcup,100,143,1,0.841,0.463,10
10,bcup,100,144,1,0.787,0.477,10
11,bcup,101,1,1,0.014,0.463,1
11,bcup,101,2,1,0,0.483,1
11,bcup,101,3,1,0.048,0.523,1
11,bcup,101,4,1,0.014,0.439,1
11,bcup,101,5,1,0.034,0.503,1
11,bcup,101,6,1,0.014,0.517,1
11,bcup,101,7,1,0.064,0.101,1
11,bcup,101,8,1,0.099,0.101,1
11,bcup,101,9,1,0.099,0.066,1
11,bcup,101,10,1,0.044,0.056,1
11,bcup,101,11,1,0.064,0.121,1
11,bcup,101,12,1,0.064,0.066,1
11,bcup,101,13,1,0.085,0.845,1
11,bcup,101,14,1,0.078,0.905,1
11,bcup,101,15,1,0.064,0.865,1
11,bcup,101,16,1,0.044,0.845,1
11,bcup,101,17,1,0.064,0.831,1
11,bcup,101,18,1,0.044,0.899,1
11,bcup,101,19,1,0.139,0.66,1
11,bcup,101,20,1,0.099,0.66,1
11,bcup,101,21,1,0.153,0.68,1
11,bcup,101,22,1,0.099,0.636,1
11,bcup,101,23,1,0.133,0.72,1
11,bcup,101,24,1,0.119,0.7,1
11,bcup,101,25,1,0.183,0.288,1
11,bcup,101,26,1,0.149,0.322,1
11,bcup,101,27,1,0.129,0.302,1
11,bcup,101,28,1,0.129,0.356,1
11,bcup,101,29,1,0.129,0.278,1
11,bcup,101,30,1,0.149,0.342,1
11,bcup,101,31,1,0.239,0.451,1
11,bcup,101,32,1,0.219,0.525,1
11,bcup,101,33,1,0.225,0.465,1
11,bcup,101,34,1,0.205,0.451,1
11,bcup,101,35,1,0.239,0.485,1
11,bcup,101,36,1,0.185,0.519,1
11,bcup,101,37,1,0.294,0.171,1
11,bcup,101,38,1,0.28,0.121,1
11,bcup,101,39,1,0.26,0.161,1
11,bcup,101,40,1,0.26,0.141,1
11,bcup,101,41,1,0.294,0.107,1
11,bcup,101,42,1,0.225,0.141,1
11,bcup,101,43,1,0.26,0.825,1
11,bcup,101,44,1,0.26,0.791,1
11,bcup,101,45,1,0.274,0.865,1
11,bcup,101,46,1,0.225,0.825,1
11,bcup,101,47,1,0.294,0.825,1
11,bcup,101,48,1,0.294,0.791,1
11,bcup,101,49,1,0.352,0.581,1
11,bcup,101,50,1,0.332,0.622,1
11,bcup,101,51,1,0.366,0.602,1
11,bcup,101,52,1,0.312,0.636,1
11,bcup,101,53,1,0.366,0.632,1
11,bcup,101,54,1,0.312,0.581,1
11,bcup,101,55,1,0.314,0.36,1
11,bcup,101,56,1,0.314,0.336,1
11,bcup,101,57,1,0.334,0.38,1
11,bcup,101,58,1,0.3,0.38,1
11,bcup,101,59,1,0.368,0.41,1
11,bcup,101,60,1,0.348,0.421,1
11,bcup,101,61,1,0.419,0.748,1
11,bcup,101,62,1,0.398,0.728,1
11,bcup,101,63,1,0.419,0.714,1
11,bcup,101,64,1,0.419,0.769,1
11,bcup,101,65,1,0.398,0.783,1
11,bcup,101,66,1,0.453,0.779,1
11,bcup,101,67,1,0.4,0,1
11,bcup,101,68,1,0.455,0.02,1
11,bcup,101,69,1,0.435,0.06,1
11,bcup,101,70,1,0.455,0.05,1
11,bcup,101,71,1,0.421,0.02,1
11,bcup,101,72,1,0.441,0,1
11,bcup,101,73,1,0.421,0.225,1
11,bcup,101,74,1,0.455,0.191,1
11,bcup,101,75,1,0.4,0.26,1
11,bcup,101,76,1,0.435,0.266,1
11,bcup,101,77,1,0.4,0.181,1
11,bcup,101,78,1,0.421,0.245,1
11,bcup,101,79,1,0.455,0.936,1
11,bcup,101,80,1,0.435,0.976,1
11,bcup,101,81,1,0.4,0.891,1
11,bcup,101,82,1,0.386,0.936,1
11,bcup,101,83,1,0.421,0.936,1
11,bcup,101,84,1,0.455,0.901,1
11,bcup,101,85,1,0.505,0.316,1
11,bcup,101,86,1,0.491,0.36,1
11,bcup,101,87,1,0.525,0.326,1
11,bcup,101,88,1,0.559,0.326,1
11,bcup,101,89,1,0.505,0.34,1
11,bcup,101,90,1,0.559,0.36,1
11,bcup,101,91,1,0.497,0.62,1
11,bcup,101,92,1,0.531,0.586,1
11,bcup,101,93,1,0.511,0.6,1
11,bcup,101,94,1,0.551,0.6,1
11,bcup,101,95,1,0.565,0.65,1
11,bcup,101,96,1,0.511,0.654,1
11,bcup,101,97,1,0.616,0.131,1
11,bcup,101,98,1,0.616,0.097,1
11,bcup,101,99,1,0.596,0.171,1
11,bcup,101,100,1,0.561,0.111,1
11,bcup,101,101,1,0.561,0.087,1
11,bcup,101,102,1,0.547,0.131,1
11,bcup,101,103,1,0.561,0.869,1
11,bcup,101,104,1,0.561,0.815,1
11,bcup,101,105,1,0.602,0.815,1
11,bcup,101,106,1,0.596,0.875,1
11,bcup,101,107,1,0.616,0.865,1
11,bcup,101,108,1,0.581,0.835,1
11,bcup,101,109,1,0.59,0.485,1
11,bcup,101,110,1,0.644,0.465,1
11,bcup,101,111,1,0.638,0.525,1
11,bcup,101,112,1,0.604,0.441,1
11,bcup,101,113,1,0.658,0.485,1
11,bcup,101,114,1,0.658,0.515,1
11,bcup,101,115,1,0.702,0.66,1
11,bcup,101,116,1,0.702,0.636,1
11,bcup,101,117,1,0.722,0.7,1
11,bcup,101,118,1,0.757,0.646,1
11,bcup,101,119,1,0.736,0.72,1
11,bcup,101,120,1,0.722,0.68,1
11,bcup,101,121,1,0.736,0.326,1
11,bcup,101,122,1,0.757,0.252,1
11,bcup,101,123,1,0.702,0.32,1
11,bcup,101,124,1,0.722,0.306,1
11,bcup,101,125,1,0.702,0.241,1
11,bcup,101,126,1,0.742,0.266,1
11,bcup,101,127,1,0.771,0.06,1
11,bcup,101,128,1,0.805,0.125,1
11,bcup,101,129,1,0.805,0.095,1
11,bcup,101,130,1,0.771,0.095,1
11,bcup,101,131,1,0.751,0.129,1
11,bcup,101,132,1,0.771,0.115,1
11,bcup,101,133,1,0.771,0.871,1
11,bcup,101,134,1,0.805,0.837,1
11,bcup,101,135,1,0.785,0.911,1
11,bcup,101,136,1,0.751,0.851,1
11,bcup,101,137,1,0.736,0.871,1
11,bcup,101,138,1,0.751,0.827,1
11,bcup,101,139,1,0.787,0.463,1
11,bcup,101,140,1,0.807,0.483,1
11,bcup,101,141,1,0.841,0.449,1
11,bcup,101,142,1,0.787,0.517,1
11,bcup,101,143,1,0.821,0.523,1
11,bcup,101,144,1,0.841,0.483,1
11,bcup,102,1,1,0.014,0.463,2
11,bcup,102,2,1,0,0.483,2
11,bcup,102,3,1,0.048,0.523,2
11,bcup,102,4,1,0.014,0.439,2
11,bcup,102,5,1,0.014,0.517,2
11,bcup,102,6,1,0.034,0.503,2
11,bcup,102,7,1,0.064,0.121,2
11,bcup,102,8,1,0.064,0.066,2
11,bcup,102,9,1,0.099,0.101,2
11,bcup,102,10,1,0.099,0.066,2
11,bcup,102,11,1,0.064,0.101,2
11,bcup,102,12,1,0.044,0.056,2
11,bcup,102,13,1,0.085,0.845,2
11,bcup,102,14,1,0.078,0.905,2
11,bcup,102,15,1,0.064,0.865,2
11,bcup,102,16,1,0.044,0.845,2
11,bcup,102,17,1,0.064,0.831,2
11,bcup,102,18,1,0.044,0.899,2
11,bcup,102,19,1,0.119,0.7,2
11,bcup,102,20,1,0.099,0.636,2
11,bcup,102,21,1,0.133,0.72,2
11,bcup,102,22,1,0.139,0.66,2
11,bcup,102,23,1,0.099,0.66,2
11,bcup,102,24,1,0.153,0.68,2
11,bcup,102,25,1,0.129,0.278,2
11,bcup,102,26,1,0.149,0.342,2
11,bcup,102,27,1,0.183,0.288,2
11,bcup,102,28,1,0.149,0.322,2
11,bcup,102,29,1,0.129,0.356,2
11,bcup,102,30,1,0.129,0.302,2
11,bcup,102,31,1,0.239,0.485,2
11,bcup,102,32,1,0.185,0.519,2
11,bcup,102,33,1,0.239,0.451,2
11,bcup,102,34,1,0.219,0.525,2
11,bcup,102,35,1,0.225,0.465,2
11,bcup,102,36,1,0.205,0.451,2
11,bcup,102,37,1,0.294,0.107,2
11,bcup,102,38,1,0.225,0.141,2
11,bcup,102,39,1,0.294,0.171,2
11,bcup,102,40,1,0.26,0.161,2
11,bcup,102,41,1,0.28,0.121,2
11,bcup,102,42,1,0.26,0.141,2
11,bcup,102,43,1,0.26,0.825,2
11,bcup,102,44,1,0.26,0.791,2
11,bcup,102,45,1,0.274,0.865,2
11,bcup,102,46,1,0.225,0.825,2
11,bcup,102,47,1,0.294,0.825,2
11,bcup,102,48,1,0.294,0.791,2
11,bcup,102,49,1,0.366,0.602,2
11,bcup,102,50,1,0.366,0.632,2
11,bcup,102,51,1,0.312,0.636,2
11,bcup,102,52,1,0.312,0.581,2
11,bcup,102,53,1,0.352,0.581,2
11,bcup,102,54,1,0.332,0.622,2
11,bcup,102,55,1,0.334,0.38,2
11,bcup,102,56,1,0.3,0.38,2
11,bcup,102,57,1,0.368,0.41,2
11,bcup,102,58,1,0.348,0.421,2
11,bcup,102,59,1,0.314,0.336,2
11,bcup,102,60,1,0.314,0.36,2
11,bcup,102,61,1,0.419,0.748,2
11,bcup,102,62,1,0.398,0.728,2
11,bcup,102,63,1,0.419,0.714,2
11,bcup,102,64,1,0.419,0.769,2
11,bcup,102,65,1,0.398,0.783,2
11,bcup,102,66,1,0.453,0.779,2
11,bcup,102,67,1,0.421,0.02,2
11,bcup,102,68,1,0.441,0,2
11,bcup,102,69,1,0.455,0.05,2
11,bcup,102,70,1,0.455,0.02,2
11,bcup,102,71,1,0.4,0,2
11,bcup,102,72,1,0.435,0.06,2
11,bcup,102,73,1,0.421,0.245,2
11,bcup,102,74,1,0.455,0.191,2
11,bcup,102,75,1,0.4,0.181,2
11,bcup,102,76,1,0.435,0.266,2
11,bcup,102,77,1,0.421,0.225,2
11,bcup,102,78,1,0.4,0.26,2
11,bcup,102,79,1,0.455,0.936,2
11,bcup,102,80,1,0.435,0.976,2
11,bcup,102,81,1,0.4,0.891,2
11,bcup,102,82,1,0.386,0.936,2
11,bcup,102,83,1,0.421,0.936,2
11,bcup,102,84,1,0.455,0.901,2
11,bcup,102,85,1,0.559,0.326,2
11,bcup,102,86,1,0.505,0.34,2
11,bcup,102,87,1,0.559,0.36,2
11,bcup,102,88,1,0.505,0.316,2
11,bcup,102,89,1,0.491,0.36,2
11,bcup,102,90,1,0.525,0.326,2
11,bcup,102,91,1,0.497,0.62,2
11,bcup,102,92,1,0.531,0.586,2
11,bcup,102,93,1,0.511,0.6,2
11,bcup,102,94,1,0.551,0.6,2
11,bcup,102,95,1,0.565,0.65,2
11,bcup,102,96,1,0.511,0.654,2
11,bcup,102,97,1,0.561,0.111,2
11,bcup,102,98,1,0.561,0.087,2
11,bcup,102,99,1,0.547,0.131,2
11,bcup,102,100,1,0.616,0.097,2
11,bcup,102,101,1,0.596,0.171,2
11,bcup,102,102,1,0.616,0.131,2
11,bcup,102,103,1,0.561,0.869,2
11,bcup,102,104,1,0.561,0.815,2
11,bcup,102,105,1,0.602,0.815,2
11,bcup,102,106,1,0.596,0.875,2
11,bcup,102,107,1,0.616,0.865,2
11,bcup,102,108,1,0.581,0.835,2
11,bcup,102,109,1,0.59,0.485,2
11,bcup,102,110,1,0.644,0.465,2
11,bcup,102,111,1,0.638,0.525,2
11,bcup,102,112,1,0.604,0.441,2
11,bcup,102,113,1,0.658,0.485,2
11,bcup,102,114,1,0.658,0.515,2
11,bcup,102,115,1,0.702,0.66,2
11,bcup,102,116,1,0.702,0.636,2
11,bcup,102,117,1,0.722,0.7,2
11,bcup,102,118,1,0.757,0.646,2
11,bcup,102,119,1,0.736,0.72,2
11,bcup,102,120,1,0.722,0.68,2
11,bcup,102,121,1,0.736,0.326,2
11,bcup,102,122,1,0.757,0.252,2
11,bcup,102,123,1,0.702,0.32,2
11,bcup,102,124,1,0.722,0.306,2
11,bcup,102,125,1,0.702,0.241,2
11,bcup,102,126,1,0.742,0.266,2
11,bcup,102,127,1,0.771,0.06,2
11,bcup,102,128,1,0.805,0.125,2
11,bcup,102,129,1,0.805,0.095,2
11,bcup,102,130,1,0.771,0.095,2
11,bcup,102,131,1,0.751,0.129,2
11,bcup,102,132,1,0.771,0.115,2
11,bcup,102,133,1,0.771,0.871,2
11,bcup,102,134,1,0.805,0.837,2
11,bcup,102,135,1,0.785,0.911,2
11,bcup,102,136,1,0.751,0.851,2
11,bcup,102,137,1,0.736,0.871,2
11,bcup,102,138,1,0.751,0.827,2
11,bcup,102,139,1,0.787,0.463,2
11,bcup,102,140,1,0.807,0.483,2
11,bcup,102,141,1,0.841,0.449,2
11,bcup,102,142,1,0.787,0.517,2
11,bcup,102,143,1,0.821,0.523,2
11,bcup,102,144,1,0.841,0.483,2
11,bcup,103,1,1,0.034,0.503,3
11,bcup,103,2,1,0.014,0.517,3
11,bcup,103,3,1,0.014,0.463,3
11,bcup,103,4,1,0,0.483,3
11,bcup,103,5,1,0.048,0.523,3
11,bcup,103,6,1,0.014,0.439,3
11,bcup,103,7,1,0.064,0.101,3
11,bcup,103,8,1,0.099,0.101,3
11,bcup,103,9,1,0.099,0.066,3
11,bcup,103,10,1,0.044,0.056,3
11,bcup,103,11,1,0.064,0.121,3
11,bcup,103,12,1,0.064,0.066,3
11,bcup,103,13,1,0.064,0.831,3
11,bcup,103,14,1,0.044,0.899,3
11,bcup,103,15,1,0.078,0.905,3
11,bcup,103,16,1,0.085,0.845,3
11,bcup,103,17,1,0.064,0.865,3
11,bcup,103,18,1,0.044,0.845,3
11,bcup,103,19,1,0.119,0.7,3
11,bcup,103,20,1,0.099,0.636,3
11,bcup,103,21,1,0.133,0.72,3
11,bcup,103,22,1,0.139,0.66,3
11,bcup,103,23,1,0.099,0.66,3
11,bcup,103,24,1,0.153,0.68,3
11,bcup,103,25,1,0.183,0.288,3
11,bcup,103,26,1,0.149,0.322,3
11,bcup,103,27,1,0.129,0.302,3
11,bcup,103,28,1,0.129,0.356,3
11,bcup,103,29,1,0.129,0.278,3
11,bcup,103,30,1,0.149,0.342,3
11,bcup,103,31,1,0.239,0.485,3
11,bcup,103,32,1,0.185,0.519,3
11,bcup,103,33,1,0.239,0.451,3
11,bcup,103,34,1,0.219,0.525,3
11,bcup,103,35,1,0.225,0.465,3
11,bcup,103,36,1,0.205,0.451,3
11,bcup,103,37,1,0.294,0.171,3
11,bcup,103,38,1,0.28,0.121,3
11,bcup,103,39,1,0.26,0.161,3
11,bcup,103,40,1,0.26,0.141,3
11,bcup,103,41,1,0.294,0.107,3
11,bcup,103,42,1,0.225,0.141,3
11,bcup,103,43,1,0.294,0.791,3
11,bcup,103,44,1,0.274,0.865,3
11,bcup,103,45,1,0.294,0.825,3
11,bcup,103,46,1,0.26,0.791,3
11,bcup,103,47,1,0.225,0.825,3
11,bcup,103,48,1,0.26,0.825,3
11,bcup,103,49,1,0.366,0.602,3
11,bcup,103,50,1,0.366,0.632,3
11,bcup,103,51,1,0.312,0.636,3
11,bcup,103,52,1,0.312,0.581,3
11,bcup,103,53,1,0.352,0.581,3
11,bcup,103,54,1,0.332,0.622,3
11,bcup,103,55,1,0.314,0.36,3
11,bcup,103,56,1,0.314,0.336,3
11,bcup,103,57,1,0.334,0.38,3
11,bcup,103,58,1,0.3,0.38,3
11,bcup,103,59,1,0.368,0.41,3
11,bcup,103,60,1,0.348,0.421,3
11,bcup,103,61,1,0.419,0.769,3
11,bcup,103,62,1,0.398,0.783,3
11,bcup,103,63,1,0.453,0.779,3
11,bcup,103,64,1,0.419,0.714,3
11,bcup,103,65,1,0.398,0.728,3
11,bcup,103,66,1,0.419,0.748,3
11,bcup,103,67,1,0.4,0,3
11,bcup,103,68,1,0.455,0.02,3
11,bcup,103,69,1,0.435,0.06,3
11,bcup,103,70,1,0.455,0.05,3
11,bcup,103,71,1,0.421,0.02,3
11,bcup,103,72,1,0.441,0,3
11,bcup,103,73,1,0.421,0.225,3
11,bcup,103,74,1,0.455,0.191,3
11,bcup,103,75,1,0.4,0.26,3
11,bcup,103,76,1,0.435,0.266,3
11,bcup,103,77,1,0.4,0.181,3
11,bcup,103,78,1,0.421,0.245,3
11,bcup,103,79,1,0.386,0.936,3
11,bcup,103,80,1,0.421,0.936,3
11,bcup,103,81,1,0.455,0.901,3
11,bcup,103,82,1,0.455,0.936,3
11,bcup,103,83,1,0.4,0.891,3
11,bcup,103,84,1,0.435,0.976,3
11,bcup,103,85,1,0.505,0.316,3
11,bcup,103,86,1,0.491,0.36,3
11,bcup,103,87,1,0.525,0.326,3
11,bcup,103,88,1,0.559,0.326,3
11,bcup,103,89,1,0.505,0.34,3
11,bcup,103,90,1,0.559,0.36,3
11,bcup,103,91,1,0.551,0.6,3
11,bcup,103,92,1,0.565,0.65,3
11,bcup,103,93,1,0.511,0.654,3
11,bcup,103,94,1,0.531,0.586,3
11,bcup,103,95,1,0.511,0.6,3
11,bcup,103,96,1,0.497,0.62,3
11,bcup,103,97,1,0.616,0.131,3
11,bcup,103,98,1,0.616,0.097,3
11,bcup,103,99,1,0.596,0.171,3
11,bcup,103,100,1,0.561,0.111,3
11,bcup,103,101,1,0.561,0.087,3
11,bcup,103,102,1,0.547,0.131,3
11,bcup,103,103,1,0.616,0.865,3
11,bcup,103,104,1,0.581,0.835,3
11,bcup,103,105,1,0.596,0.875,3
11,bcup,103,106,1,0.561,0.815,3
11,bcup,103,107,1,0.561,0.869,3
11,bcup,103,108,1,0.602,0.815,3
11,bcup,103,109,1,0.59,0.485,3
11,bcup,103,110,1,0.644,0.465,3
11,bcup,103,111,1,0.638,0.525,3
11,bcup,103,112,1,0.604,0.441,3
11,bcup,103,113,1,0.658,0.485,3
11,bcup,103,114,1,0.658,0.515,3
11,bcup,103,115,1,0.736,0.72,3
11,bcup,103,116,1,0.722,0.68,3
11,bcup,103,117,1,0.702,0.66,3
11,bcup,103,118,1,0.702,0.636,3
11,bcup,103,119,1,0.757,0.646,3
11,bcup,103,120,1,0.722,0.7,3
11,bcup,103,121,1,0.736,0.326,3
11,bcup,103,122,1,0.757,0.252,3
11,bcup,103,123,1,0.702,0.32,3
11,bcup,103,124,1,0.722,0.306,3
11,bcup,103,125,1,0.702,0.241,3
11,bcup,103,126,1,0.742,0.266,3
11,bcup,103,127,1,0.771,0.06,3
11,bcup,103,128,1,0.805,0.125,3
11,bcup,103,129,1,0.805,0.095,3
11,bcup,103,130,1,0.771,0.095,3
11,bcup,103,131,1,0.751,0.129,3
11,bcup,103,132,1,0.771,0.115,3
11,bcup,103,133,1,0.751,0.851,3
11,bcup,103,134,1,0.736,0.871,3
11,bcup,103,135,1,0.751,0.827,3
11,bcup,103,136,1,0.785,0.911,3
11,bcup,103,137,1,0.805,0.837,3
11,bcup,103,138,1,0.771,0.871,3
11,bcup,103,139,1,0.787,0.463,3
11,bcup,103,140,1,0.807,0.483,3
11,bcup,103,141,1,0.841,0.449,3
11,bcup,103,142,1,0.787,0.517,3
11,bcup,103,143,1,0.821,0.523,3
11,bcup,103,144,1,0.841,0.483,3
11,bcup,104,1,1,0,0.483,4
11,bcup,104,2,1,0.048,0.523,4
11,bcup,104,3,1,0.014,0.439,4
11,bcup,104,4,1,0.014,0.517,4
11,bcup,104,5,1,0.014,0.463,4
11,bcup,104,6,1,0.034,0.503,4
11,bcup,104,7,1,0.044,0.056,4
11,bcup,104,8,1,0.064,0.121,4
11,bcup,104,9,1,0.064,0.066,4
11,bcup,104,10,1,0.064,0.101,4
11,bcup,104,11,1,0.099,0.066,4
11,bcup,104,12,1,0.099,0.101,4
11,bcup,104,13,1,0.085,0.845,4
11,bcup,104,14,1,0.078,0.905,4
11,bcup,104,15,1,0.064,0.865,4
11,bcup,104,16,1,0.044,0.845,4
11,bcup,104,17,1,0.064,0.831,4
11,bcup,104,18,1,0.044,0.899,4
11,bcup,104,19,1,0.119,0.7,4
11,bcup,104,20,1,0.099,0.636,4
11,bcup,104,21,1,0.133,0.72,4
11,bcup,104,22,1,0.139,0.66,4
11,bcup,104,23,1,0.099,0.66,4
11,bcup,104,24,1,0.153,0.68,4
11,bcup,104,25,1,0.129,0.278,4
11,bcup,104,26,1,0.149,0.342,4
11,bcup,104,27,1,0.129,0.356,4
11,bcup,104,28,1,0.149,0.322,4
11,bcup,104,29,1,0.183,0.288,4
11,bcup,104,30,1,0.129,0.302,4
11,bcup,104,31,1,0.219,0.525,4
11,bcup,104,32,1,0.225,0.465,4
11,bcup,104,33,1,0.205,0.451,4
11,bcup,104,34,1,0.239,0.485,4
11,bcup,104,35,1,0.239,0.451,4
11,bcup,104,36,1,0.185,0.519,4
11,bcup,104,37,1,0.294,0.107,4
11,bcup,104,38,1,0.225,0.141,4
11,bcup,104,39,1,0.26,0.161,4
11,bcup,104,40,1,0.26,0.141,4
11,bcup,104,41,1,0.28,0.121,4
11,bcup,104,42,1,0.294,0.171,4
11,bcup,104,43,1,0.26,0.825,4
11,bcup,104,44,1,0.26,0.791,4
11,bcup,104,45,1,0.274,0.865,4
11,bcup,104,46,1,0.225,0.825,4
11,bcup,104,47,1,0.294,0.825,4
11,bcup,104,48,1,0.294,0.791,4
11,bcup,104,49,1,0.366,0.602,4
11,bcup,104,50,1,0.366,0.632,4
11,bcup,104,51,1,0.312,0.636,4
11,bcup,104,52,1,0.312,0.581,4
11,bcup,104,53,1,0.352,0.581,4
11,bcup,104,54,1,0.332,0.622,4
11,bcup,104,55,1,0.314,0.36,4
11,bcup,104,56,1,0.314,0.336,4
11,bcup,104,57,1,0.334,0.38,4
11,bcup,104,58,1,0.3,0.38,4
11,bcup,104,59,1,0.368,0.41,4
11,bcup,104,60,1,0.348,0.421,4
11,bcup,104,61,1,0.419,0.748,4
11,bcup,104,62,1,0.398,0.728,4
11,bcup,104,63,1,0.419,0.714,4
11,bcup,104,64,1,0.419,0.769,4
11,bcup,104,65,1,0.398,0.783,4
11,bcup,104,66,1,0.453,0.779,4
11,bcup,104,67,1,0.421,0.02,4
11,bcup,104,68,1,0.441,0,4
11,bcup,104,69,1,0.4,0,4
11,bcup,104,70,1,0.455,0.05,4
11,bcup,104,71,1,0.455,0.02,4
11,bcup,104,72,1,0.435,0.06,4
11,bcup,104,73,1,0.4,0.181,4
11,bcup,104,74,1,0.421,0.245,4
11,bcup,104,75,1,0.455,0.191,4
11,bcup,104,76,1,0.435,0.266,4
11,bcup,104,77,1,0.421,0.225,4
11,bcup,104,78,1,0.4,0.26,4
11,bcup,104,79,1,0.455,0.936,4
11,bcup,104,80,1,0.435,0.976,4
11,bcup,104,81,1,0.4,0.891,4
11,bcup,104,82,1,0.386,0.936,4
11,bcup,104,83,1,0.421,0.936,4
11,bcup,104,84,1,0.455,0.901,4
11,bcup,104,85,1,0.505,0.316,4
11,bcup,104,86,1,0.491,0.36,4
11,bcup,104,87,1,0.525,0.326,4
11,bcup,104,88,1,0.559,0.326,4
11,bcup,104,89,1,0.505,0.34,4
11,bcup,104,90,1,0.559,0.36,4
11,bcup,104,91,1,0.497,0.62,4
11,bcup,104,92,1,0.531,0.586,4
11,bcup,104,93,1,0.511,0.6,4
11,bcup,104,94,1,0.551,0.6,4
11,bcup,104,95,1,0.565,0.65,4
11,bcup,104,96,1,0.511,0.654,4
11,bcup,104,97,1,0.561,0.087,4
11,bcup,104,98,1,0.547,0.131,4
11,bcup,104,99,1,0.596,0.171,4
11,bcup,104,100,1,0.561,0.111,4
11,bcup,104,101,1,0.616,0.097,4
11,bcup,104,102,1,0.616,0.131,4
11,bcup,104,103,1,0.561,0.869,4
11,bcup,104,104,1,0.561,0.815,4
11,bcup,104,105,1,0.602,0.815,4
11,bcup,104,106,1,0.596,0.875,4
11,bcup,104,107,1,0.616,0.865,4
11,bcup,104,108,1,0.581,0.835,4
11,bcup,104,109,1,0.59,0.485,4
11,bcup,104,110,1,0.644,0.465,4
11,bcup,104,111,1,0.638,0.525,4
11,bcup,104,112,1,0.604,0.441,4
11,bcup,104,113,1,0.658,0.485,4
11,bcup,104,114,1,0.658,0.515,4
11,bcup,104,115,1,0.702,0.66,4
11,bcup,104,116,1,0.702,0.636,4
11,bcup,104,117,1,0.722,0.7,4
11,bcup,104,118,1,0.757,0.646,4
11,bcup,104,119,1,0.736,0.72,4
11,bcup,104,120,1,0.722,0.68,4
11,bcup,104,121,1,0.736,0.326,4
11,bcup,104,122,1,0.757,0.252,4
11,bcup,104,123,1,0.702,0.32,4
11,bcup,104,124,1,0.722,0.306,4
11,bcup,104,125,1,0.702,0.241,4
11,bcup,104,126,1,0.742,0.266,4
11,bcup,104,127,1,0.805,0.125,4
11,bcup,104,128,1,0.805,0.095,4
11,bcup,104,129,1,0.771,0.095,4
11,bcup,104,130,1,0.751,0.129,4
11,bcup,104,131,1,0.771,0.115,4
11,bcup,104,132,1,0.771,0.06,4
11,bcup,104,133,1,0.771,0.871,4
11,bcup,104,134,1,0.805,0.837,4
11,bcup,104,135,1,0.785,0.911,4
11,bcup,104,136,1,0.751,0.851,4
11,bcup,104,137,1,0.736,0.871,4
11,bcup,104,138,1,0.751,0.827,4
11,bcup,104,139,1,0.787,0.463,4
11,bcup,104,140,1,0.807,0.483,4
11,bcup,104,141,1,0.841,0.449,4
11,bcup,104,142,1,0.787,0.517,4
11,bcup,104,143,1,0.821,0.523,4
11,bcup,104,144,1,0.841,0.483,4
11,bcup,105,1,1,0.034,0.503,5
11,bcup,105,2,1,0.014,0.517,5
11,bcup,105,3,1,0.014,0.463,5
11,bcup,105,4,1,0,0.483,5
11,bcup,105,5,1,0.048,0.523,5
11,bcup,105,6,1,0.014,0.439,5
11,bcup,105,7,1,0.064,0.101,5
11,bcup,105,8,1,0.099,0.101,5
11,bcup,105,9,1,0.099,0.066,5
11,bcup,105,10,1,0.044,0.056,5
11,bcup,105,11,1,0.064,0.121,5
11,bcup,105,12,1,0.064,0.066,5
11,bcup,105,13,1,0.085,0.845,5
11,bcup,105,14,1,0.078,0.905,5
11,bcup,105,15,1,0.064,0.865,5
11,bcup,105,16,1,0.044,0.845,5
11,bcup,105,17,1,0.064,0.831,5
11,bcup,105,18,1,0.044,0.899,5
11,bcup,105,19,1,0.119,0.7,5
11,bcup,105,20,1,0.099,0.636,5
11,bcup,105,21,1,0.133,0.72,5
11,bcup,105,22,1,0.139,0.66,5
11,bcup,105,23,1,0.099,0.66,5
11,bcup,105,24,1,0.153,0.68,5
11,bcup,105,25,1,0.183,0.288,5
11,bcup,105,26,1,0.149,0.322,5
11,bcup,105,27,1,0.129,0.302,5
11,bcup,105,28,1,0.129,0.356,5
11,bcup,105,29,1,0.129,0.278,5
11,bcup,105,30,1,0.149,0.342,5
11,bcup,105,31,1,0.239,0.485,5
11,bcup,105,32,1,0.185,0.519,5
11,bcup,105,33,1,0.239,0.451,5
11,bcup,105,34,1,0.219,0.525,5
11,bcup,105,35,1,0.225,0.465,5
11,bcup,105,36,1,0.205,0.451,5
11,bcup,105,37,1,0.294,0.171,5
11,bcup,105,38,1,0.28,0.121,5
11,bcup,105,39,1,0.26,0.161,5
11,bcup,105,40,1,0.26,0.141,5
11,bcup,105,41,1,0.294,0.107,5
11,bcup,105,42,1,0.225,0.141,5
11,bcup,105,43,1,0.26,0.825,5
11,bcup,105,44,1,0.26,0.791,5
11,bcup,105,45,1,0.274,0.865,5
11,bcup,105,46,1,0.225,0.825,5
11,bcup,105,47,1,0.294,0.825,5
11,bcup,105,48,1,0.294,0.791,5
11,bcup,105,49,1,0.366,0.602,5
11,bcup,105,50,1,0.366,0.632,5
11,bcup,105,51,1,0.312,0.636,5
11,bcup,105,52,1,0.312,0.581,5
11,bcup,105,53,1,0.352,0.581,5
11,bcup,105,54,1,0.332,0.622,5
11,bcup,105,55,1,0.314,0.36,5
11,bcup,105,56,1,0.314,0.336,5
11,bcup,105,57,1,0.334,0.38,5
11,bcup,105,58,1,0.3,0.38,5
11,bcup,105,59,1,0.368,0.41,5
11,bcup,105,60,1,0.348,0.421,5
11,bcup,105,61,1,0.419,0.748,5
11,bcup,105,62,1,0.398,0.728,5
11,bcup,105,63,1,0.419,0.714,5
11,bcup,105,64,1,0.419,0.769,5
11,bcup,105,65,1,0.398,0.783,5
11,bcup,105,66,1,0.453,0.779,5
11,bcup,105,67,1,0.455,0.05,5
11,bcup,105,68,1,0.421,0.02,5
11,bcup,105,69,1,0.441,0,5
11,bcup,105,70,1,0.455,0.02,5
11,bcup,105,71,1,0.4,0,5
11,bcup,105,72,1,0.435,0.06,5
11,bcup,105,73,1,0.421,0.245,5
11,bcup,105,74,1,0.455,0.191,5
11,bcup,105,75,1,0.421,0.225,5
11,bcup,105,76,1,0.435,0.266,5
11,bcup,105,77,1,0.4,0.26,5
11,bcup,105,78,1,0.4,0.181,5
11,bcup,105,79,1,0.455,0.936,5
11,bcup,105,80,1,0.435,0.976,5
11,bcup,105,81,1,0.4,0.891,5
11,bcup,105,82,1,0.386,0.936,5
11,bcup,105,83,1,0.421,0.936,5
11,bcup,105,84,1,0.455,0.901,5
11,bcup,105,85,1,0.559,0.326,5
11,bcup,105,86,1,0.559,0.36,5
11,bcup,105,87,1,0.525,0.326,5
11,bcup,105,88,1,0.491,0.36,5
11,bcup,105,89,1,0.505,0.34,5
11,bcup,105,90,1,0.505,0.316,5
11,bcup,105,91,1,0.565,0.65,5
11,bcup,105,92,1,0.511,0.654,5
11,bcup,105,93,1,0.551,0.6,5
11,bcup,105,94,1,0.511,0.6,5
11,bcup,105,95,1,0.531,0.586,5
11,bcup,105,96,1,0.497,0.62,5
11,bcup,105,97,1,0.547,0.131,5
11,bcup,105,98,1,0.616,0.097,5
11,bcup,105,99,1,0.616,0.131,5
11,bcup,105,100,1,0.561,0.111,5
11,bcup,105,101,1,0.596,0.171,5
11,bcup,105,102,1,0.561,0.087,5
11,bcup,105,103,1,0.561,0.869,5
11,bcup,105,104,1,0.561,0.815,5
11,bcup,105,105,1,0.602,0.815,5
11,bcup,105,106,1,0.596,0.875,5
11,bcup,105,107,1,0.616,0.865,5
11,bcup,105,108,1,0.581,0.835,5
11,bcup,105,109,1,0.658,0.485,5
11,bcup,105,110,1,0.658,0.515,5
11,bcup,105,111,1,0.59,0.485,5
11,bcup,105,112,1,0.638,0.525,5
11,bcup,105,113,1,0.644,0.465,5
11,bcup,105,114,1,0.604,0.441,5
11,bcup,105,115,1,0.702,0.66,5
11,bcup,105,116,1,0.702,0.636,5
11,bcup,105,117,1,0.722,0.7,5
11,bcup,105,118,1,0.757,0.646,5
11,bcup,105,119,1,0.736,0.72,5
11,bcup,105,120,1,0.722,0.68,5
11,bcup,105,121,1,0.742,0.266,5
11,bcup,105,122,1,0.757,0.252,5
11,bcup,105,123,1,0.722,0.306,5
11,bcup,105,124,1,0.736,0.326,5
11,bcup,105,125,1,0.702,0.241,5
11,bcup,105,126,1,0.702,0.32,5
11,bcup,105,127,1,0.805,0.095,5
11,bcup,105,128,1,0.751,0.129,5
11,bcup,105,129,1,0.771,0.095,5
11,bcup,105,130,1,0.771,0.115,5
11,bcup,105,131,1,0.771,0.06,5
11,bcup,105,132,1,0.805,0.125,5
11,bcup,105,133,1,0.771,0.871,5
11,bcup,105,134,1,0.805,0.837,5
11,bcup,105,135,1,0.785,0.911,5
11,bcup,105,136,1,0.751,0.851,5
11,bcup,105,137,1,0.736,0.871,5
11,bcup,105,138,1,0.751,0.827,5
11,bcup,105,139,1,0.841,0.483,5
11,bcup,105,140,1,0.787,0.463,5
11,bcup,105,141,1,0.807,0.483,5
11,bcup,105,142,1,0.787,0.517,5
11,bcup,105,143,1,0.821,0.523,5
11,bcup,105,144,1,0.841,0.449,5
11,bcup,106,1,1,0.014,0.439,6
11,bcup,106,2,1,0.048,0.523,6
11,bcup,106,3,1,0.014,0.517,6
11,bcup,106,4,1,0,0.483,6
11,bcup,106,5,1,0.014,0.463,6
11,bcup,106,6,1,0.034,0.503,6
11,bcup,106,7,1,0.064,0.101,6
11,bcup,106,8,1,0.099,0.101,6
11,bcup,106,9,1,0.099,0.066,6
11,bcup,106,10,1,0.044,0.056,6
11,bcup,106,11,1,0.064,0.121,6
11,bcup,106,12,1,0.064,0.066,6
11,bcup,106,13,1,0.064,0.831,6
11,bcup,106,14,1,0.044,0.899,6
11,bcup,106,15,1,0.085,0.845,6
11,bcup,106,16,1,0.044,0.845,6
11,bcup,106,17,1,0.078,0.905,6
11,bcup,106,18,1,0.064,0.865,6
11,bcup,106,19,1,0.153,0.68,6
11,bcup,106,20,1,0.133,0.72,6
11,bcup,106,21,1,0.139,0.66,6
11,bcup,106,22,1,0.099,0.66,6
11,bcup,106,23,1,0.099,0.636,6
11,bcup,106,24,1,0.119,0.7,6
11,bcup,106,25,1,0.183,0.288,6
11,bcup,106,26,1,0.149,0.322,6
11,bcup,106,27,1,0.129,0.302,6
11,bcup,106,28,1,0.129,0.356,6
11,bcup,106,29,1,0.129,0.278,6
11,bcup,106,30,1,0.149,0.342,6
11,bcup,106,31,1,0.219,0.525,6
11,bcup,106,32,1,0.225,0.465,6
11,bcup,106,33,1,0.205,0.451,6
11,bcup,106,34,1,0.239,0.485,6
11,bcup,106,35,1,0.239,0.451,6
11,bcup,106,36,1,0.185,0.519,6
11,bcup,106,37,1,0.294,0.171,6
11,bcup,106,38,1,0.28,0.121,6
11,bcup,106,39,1,0.26,0.161,6
11,bcup,106,40,1,0.26,0.141,6
11,bcup,106,41,1,0.294,0.107,6
11,bcup,106,42,1,0.225,0.141,6
11,bcup,106,43,1,0.225,0.825,6
11,bcup,106,44,1,0.26,0.825,6
11,bcup,106,45,1,0.294,0.825,6
11,bcup,106,46,1,0.294,0.791,6
11,bcup,106,47,1,0.274,0.865,6
11,bcup,106,48,1,0.26,0.791,6
11,bcup,106,49,1,0.352,0.581,6
11,bcup,106,50,1,0.332,0.622,6
11,bcup,106,51,1,0.366,0.602,6
11,bcup,106,52,1,0.366,0.632,6
11,bcup,106,53,1,0.312,0.581,6
11,bcup,106,54,1,0.312,0.636,6
11,bcup,106,55,1,0.314,0.36,6
11,bcup,106,56,1,0.314,0.336,6
11,bcup,106,57,1,0.334,0.38,6
11,bcup,106,58,1,0.3,0.38,6
11,bcup,106,59,1,0.368,0.41,6
11,bcup,106,60,1,0.348,0.421,6
11,bcup,106,61,1,0.419,0.714,6
11,bcup,106,62,1,0.419,0.769,6
11,bcup,106,63,1,0.398,0.783,6
11,bcup,106,64,1,0.453,0.779,6
11,bcup,106,65,1,0.419,0.748,6
11,bcup,106,66,1,0.398,0.728,6
11,bcup,106,67,1,0.4,0,6
11,bcup,106,68,1,0.455,0.02,6
11,bcup,106,69,1,0.435,0.06,6
11,bcup,106,70,1,0.455,0.05,6
11,bcup,106,71,1,0.421,0.02,6
11,bcup,106,72,1,0.441,0,6
11,bcup,106,73,1,0.421,0.225,6
11,bcup,106,74,1,0.455,0.191,6
11,bcup,106,75,1,0.4,0.26,6
11,bcup,106,76,1,0.435,0.266,6
11,bcup,106,77,1,0.4,0.181,6
11,bcup,106,78,1,0.421,0.245,6
11,bcup,106,79,1,0.455,0.936,6
11,bcup,106,80,1,0.435,0.976,6
11,bcup,106,81,1,0.4,0.891,6
11,bcup,106,82,1,0.386,0.936,6
11,bcup,106,83,1,0.421,0.936,6
11,bcup,106,84,1,0.455,0.901,6
11,bcup,106,85,1,0.505,0.316,6
11,bcup,106,86,1,0.491,0.36,6
11,bcup,106,87,1,0.525,0.326,6
11,bcup,106,88,1,0.559,0.326,6
11,bcup,106,89,1,0.505,0.34,6
11,bcup,106,90,1,0.559,0.36,6
11,bcup,106,91,1,0.497,0.62,6
11,bcup,106,92,1,0.531,0.586,6
11,bcup,106,93,1,0.511,0.6,6
11,bcup,106,94,1,0.551,0.6,6
11,bcup,106,95,1,0.565,0.65,6
11,bcup,106,96,1,0.511,0.654,6
11,bcup,106,97,1,0.616,0.131,6
11,bcup,106,98,1,0.616,0.097,6
11,bcup,106,99,1,0.596,0.171,6
11,bcup,106,100,1,0.561,0.111,6
11,bcup,106,101,1,0.561,0.087,6
11,bcup,106,102,1,0.547,0.131,6
11,bcup,106,103,1,0.561,0.869,6
11,bcup,106,104,1,0.561,0.815,6
11,bcup,106,105,1,0.602,0.815,6
11,bcup,106,106,1,0.596,0.875,6
11,bcup,106,107,1,0.616,0.865,6
11,bcup,106,108,1,0.581,0.835,6
11,bcup,106,109,1,0.59,0.485,6
11,bcup,106,110,1,0.644,0.465,6
11,bcup,106,111,1,0.638,0.525,6
11,bcup,106,112,1,0.604,0.441,6
11,bcup,106,113,1,0.658,0.485,6
11,bcup,106,114,1,0.658,0.515,6
11,bcup,106,115,1,0.702,0.66,6
11,bcup,106,116,1,0.702,0.636,6
11,bcup,106,117,1,0.722,0.7,6
11,bcup,106,118,1,0.757,0.646,6
11,bcup,106,119,1,0.736,0.72,6
11,bcup,106,120,1,0.722,0.68,6
11,bcup,106,121,1,0.736,0.326,6
11,bcup,106,122,1,0.757,0.252,6
11,bcup,106,123,1,0.702,0.32,6
11,bcup,106,124,1,0.722,0.306,6
11,bcup,106,125,1,0.702,0.241,6
11,bcup,106,126,1,0.742,0.266,6
11,bcup,106,127,1,0.771,0.06,6
11,bcup,106,128,1,0.805,0.125,6
11,bcup,106,129,1,0.805,0.095,6
11,bcup,106,130,1,0.771,0.095,6
11,bcup,106,131,1,0.751,0.129,6
11,bcup,106,132,1,0.771,0.115,6
11,bcup,106,133,1,0.771,0.871,6
11,bcup,106,134,1,0.805,0.837,6
11,bcup,106,135,1,0.785,0.911,6
11,bcup,106,136,1,0.751,0.851,6
11,bcup,106,137,1,0.736,0.871,6
11,bcup,106,138,1,0.751,0.827,6
11,bcup,106,139,1,0.787,0.463,6
11,bcup,106,140,1,0.807,0.483,6
11,bcup,106,141,1,0.841,0.449,6
11,bcup,106,142,1,0.787,0.517,6
11,bcup,106,143,1,0.821,0.523,6
11,bcup,106,144,1,0.841,0.483,6
11,bcup,107,1,1,0.014,0.463,7
11,bcup,107,2,1,0,0.483,7
11,bcup,107,3,1,0.048,0.523,7
11,bcup,107,4,1,0.014,0.439,7
11,bcup,107,5,1,0.014,0.517,7
11,bcup,107,6,1,0.034,0.503,7
11,bcup,107,7,1,0.064,0.121,7
11,bcup,107,8,1,0.044,0.056,7
11,bcup,107,9,1,0.064,0.101,7
11,bcup,107,10,1,0.099,0.101,7
11,bcup,107,11,1,0.064,0.066,7
11,bcup,107,12,1,0.099,0.066,7
11,bcup,107,13,1,0.085,0.845,7
11,bcup,107,14,1,0.078,0.905,7
11,bcup,107,15,1,0.064,0.865,7
11,bcup,107,16,1,0.044,0.845,7
11,bcup,107,17,1,0.064,0.831,7
11,bcup,107,18,1,0.044,0.899,7
11,bcup,107,19,1,0.119,0.7,7
11,bcup,107,20,1,0.099,0.636,7
11,bcup,107,21,1,0.133,0.72,7
11,bcup,107,22,1,0.139,0.66,7
11,bcup,107,23,1,0.099,0.66,7
11,bcup,107,24,1,0.153,0.68,7
11,bcup,107,25,1,0.129,0.356,7
11,bcup,107,26,1,0.129,0.278,7
11,bcup,107,27,1,0.149,0.342,7
11,bcup,107,28,1,0.149,0.322,7
11,bcup,107,29,1,0.183,0.288,7
11,bcup,107,30,1,0.129,0.302,7
11,bcup,107,31,1,0.239,0.485,7
11,bcup,107,32,1,0.185,0.519,7
11,bcup,107,33,1,0.239,0.451,7
11,bcup,107,34,1,0.219,0.525,7
11,bcup,107,35,1,0.225,0.465,7
11,bcup,107,36,1,0.205,0.451,7
11,bcup,107,37,1,0.294,0.171,7
11,bcup,107,38,1,0.26,0.141,7
11,bcup,107,39,1,0.28,0.121,7
11,bcup,107,40,1,0.26,0.161,7
11,bcup,107,41,1,0.294,0.107,7
11,bcup,107,42,1,0.225,0.141,7
11,bcup,107,43,1,0.26,0.825,7
11,bcup,107,44,1,0.26,0.791,7
11,bcup,107,45,1,0.274,0.865,7
11,bcup,107,46,1,0.225,0.825,7
11,bcup,107,47,1,0.294,0.825,7
11,bcup,107,48,1,0.294,0.791,7
11,bcup,107,49,1,0.366,0.602,7
11,bcup,107,50,1,0.366,0.632,7
11,bcup,107,51,1,0.312,0.636,7
11,bcup,107,52,1,0.312,0.581,7
11,bcup,107,53,1,0.352,0.581,7
11,bcup,107,54,1,0.332,0.622,7
11,bcup,107,55,1,0.314,0.36,7
11,bcup,107,56,1,0.314,0.336,7
11,bcup,107,57,1,0.334,0.38,7
11,bcup,107,58,1,0.3,0.38,7
11,bcup,107,59,1,0.368,0.41,7
11,bcup,107,60,1,0.348,0.421,7
11,bcup,107,61,1,0.419,0.748,7
11,bcup,107,62,1,0.398,0.728,7
11,bcup,107,63,1,0.419,0.714,7
11,bcup,107,64,1,0.419,0.769,7
11,bcup,107,65,1,0.398,0.783,7
11,bcup,107,66,1,0.453,0.779,7
11,bcup,107,67,1,0.441,0,7
11,bcup,107,68,1,0.421,0.02,7
11,bcup,107,69,1,0.455,0.02,7
11,bcup,107,70,1,0.4,0,7
11,bcup,107,71,1,0.455,0.05,7
11,bcup,107,72,1,0.435,0.06,7
11,bcup,107,73,1,0.455,0.191,7
11,bcup,107,74,1,0.421,0.225,7
11,bcup,107,75,1,0.4,0.181,7
11,bcup,107,76,1,0.435,0.266,7
11,bcup,107,77,1,0.421,0.245,7
11,bcup,107,78,1,0.4,0.26,7
11,bcup,107,79,1,0.455,0.936,7
11,bcup,107,80,1,0.435,0.976,7
11,bcup,107,81,1,0.4,0.891,7
11,bcup,107,82,1,0.386,0.936,7
11,bcup,107,83,1,0.421,0.936,7
11,bcup,107,84,1,0.455,0.901,7
11,bcup,107,85,1,0.559,0.36,7
11,bcup,107,86,1,0.491,0.36,7
11,bcup,107,87,1,0.505,0.316,7
11,bcup,107,88,1,0.525,0.326,7
11,bcup,107,89,1,0.559,0.326,7
11,bcup,107,90,1,0.505,0.34,7
11,bcup,107,91,1,0.497,0.62,7
11,bcup,107,92,1,0.531,0.586,7
11,bcup,107,93,1,0.511,0.6,7
11,bcup,107,94,1,0.551,0.6,7
11,bcup,107,95,1,0.565,0.65,7
11,bcup,107,96,1,0.511,0.654,7
11,bcup,107,97,1,0.616,0.131,7
11,bcup,107,98,1,0.616,0.097,7
11,bcup,107,99,1,0.596,0.171,7
11,bcup,107,100,1,0.561,0.111,7
11,bcup,107,101,1,0.561,0.087,7
11,bcup,107,102,1,0.547,0.131,7
11,bcup,107,103,1,0.561,0.869,7
11,bcup,107,104,1,0.561,0.815,7
11,bcup,107,105,1,0.602,0.815,7
11,bcup,107,106,1,0.596,0.875,7
11,bcup,107,107,1,0.616,0.865,7
11,bcup,107,108,1,0.581,0.835,7
11,bcup,107,109,1,0.59,0.485,7
11,bcup,107,110,1,0.644,0.465,7
11,bcup,107,111,1,0.638,0.525,7
11,bcup,107,112,1,0.604,0.441,7
11,bcup,107,113,1,0.658,0.485,7
11,bcup,107,114,1,0.658,0.515,7
11,bcup,107,115,1,0.702,0.66,7
11,bcup,107,116,1,0.702,0.636,7
11,bcup,107,117,1,0.722,0.7,7
11,bcup,107,118,1,0.757,0.646,7
11,bcup,107,119,1,0.736,0.72,7
11,bcup,107,120,1,0.722,0.68,7
11,bcup,107,121,1,0.736,0.326,7
11,bcup,107,122,1,0.757,0.252,7
11,bcup,107,123,1,0.702,0.32,7
11,bcup,107,124,1,0.722,0.306,7
11,bcup,107,125,1,0.702,0.241,7
11,bcup,107,126,1,0.742,0.266,7
11,bcup,107,127,1,0.771,0.06,7
11,bcup,107,128,1,0.805,0.125,7
11,bcup,107,129,1,0.805,0.095,7
11,bcup,107,130,1,0.771,0.095,7
11,bcup,107,131,1,0.751,0.129,7
11,bcup,107,132,1,0.771,0.115,7
11,bcup,107,133,1,0.771,0.871,7
11,bcup,107,134,1,0.805,0.837,7
11,bcup,107,135,1,0.785,0.911,7
11,bcup,107,136,1,0.751,0.851,7
11,bcup,107,137,1,0.736,0.871,7
11,bcup,107,138,1,0.751,0.827,7
11,bcup,107,139,1,0.787,0.463,7
11,bcup,107,140,1,0.807,0.483,7
11,bcup,107,141,1,0.841,0.449,7
11,bcup,107,142,1,0.787,0.517,7
11,bcup,107,143,1,0.821,0.523,7
11,bcup,107,144,1,0.841,0.483,7
11,bcup,108,1,1,0.034,0.503,8
11,bcup,108,2,1,0.014,0.517,8
11,bcup,108,3,1,0.014,0.463,8
11,bcup,108,4,1,0,0.483,8
11,bcup,108,5,1,0.048,0.523,8
11,bcup,108,6,1,0.014,0.439,8
11,bcup,108,7,1,0.064,0.101,8
11,bcup,108,8,1,0.099,0.101,8
11,bcup,108,9,1,0.099,0.066,8
11,bcup,108,10,1,0.044,0.056,8
11,bcup,108,11,1,0.064,0.121,8
11,bcup,108,12,1,0.064,0.066,8
11,bcup,108,13,1,0.085,0.845,8
11,bcup,108,14,1,0.078,0.905,8
11,bcup,108,15,1,0.064,0.865,8
11,bcup,108,16,1,0.044,0.845,8
11,bcup,108,17,1,0.064,0.831,8
11,bcup,108,18,1,0.044,0.899,8
11,bcup,108,19,1,0.119,0.7,8
11,bcup,108,20,1,0.099,0.636,8
11,bcup,108,21,1,0.133,0.72,8
11,bcup,108,22,1,0.139,0.66,8
11,bcup,108,23,1,0.099,0.66,8
11,bcup,108,24,1,0.153,0.68,8
11,bcup,108,25,1,0.183,0.288,8
11,bcup,108,26,1,0.149,0.322,8
11,bcup,108,27,1,0.129,0.302,8
11,bcup,108,28,1,0.129,0.356,8
11,bcup,108,29,1,0.129,0.278,8
11,bcup,108,30,1,0.149,0.342,8
11,bcup,108,31,1,0.239,0.485,8
11,bcup,108,32,1,0.185,0.519,8
11,bcup,108,33,1,0.239,0.451,8
11,bcup,108,34,1,0.219,0.525,8
11,bcup,108,35,1,0.225,0.465,8
11,bcup,108,36,1,0.205,0.451,8
11,bcup,108,37,1,0.294,0.171,8
11,bcup,108,38,1,0.28,0.121,8
11,bcup,108,39,1,0.26,0.161,8
11,bcup,108,40,1,0.26,0.141,8
11,bcup,108,41,1,0.294,0.107,8
11,bcup,108,42,1,0.225,0.141,8
11,bcup,108,43,1,0.26,0.825,8
11,bcup,108,44,1,0.26,0.791,8
11,bcup,108,45,1,0.274,0.865,8
11,bcup,108,46,1,0.225,0.825,8
11,bcup,108,47,1,0.294,0.825,8
11,bcup,108,48,1,0.294,0.791,8
11,bcup,108,49,1,0.366,0.602,8
11,bcup,108,50,1,0.366,0.632,8
11,bcup,108,51,1,0.312,0.636,8
11,bcup,108,52,1,0.312,0.581,8
11,bcup,108,53,1,0.352,0.581,8
11,bcup,108,54,1,0.332,0.622,8
11,bcup,108,55,1,0.314,0.36,8
11,bcup,108,56,1,0.314,0.336,8
11,bcup,108,57,1,0.334,0.38,8
11,bcup,108,58,1,0.3,0.38,8
11,bcup,108,59,1,0.368,0.41,8
11,bcup,108,60,1,0.348,0.421,8
11,bcup,108,61,1,0.419,0.748,8
11,bcup,108,62,1,0.398,0.728,8
11,bcup,108,63,1,0.419,0.714,8
11,bcup,108,64,1,0.419,0.769,8
11,bcup,108,65,1,0.398,0.783,8
11,bcup,108,66,1,0.453,0.779,8
11,bcup,108,67,1,0.4,0,8
11,bcup,108,68,1,0.455,0.02,8
11,bcup,108,69,1,0.435,0.06,8
11,bcup,108,70,1,0.455,0.05,8
11,bcup,108,71,1,0.421,0.02,8
11,bcup,108,72,1,0.441,0,8
11,bcup,108,73,1,0.421,0.225,8
11,bcup,108,74,1,0.455,0.191,8
11,bcup,108,75,1,0.4,0.26,8
11,bcup,108,76,1,0.435,0.266,8
11,bcup,108,77,1,0.4,0.181,8
11,bcup,108,78,1,0.421,0.245,8
11,bcup,108,79,1,0.455,0.936,8
11,bcup,108,80,1,0.435,0.976,8
11,bcup,108,81,1,0.4,0.891,8
11,bcup,108,82,1,0.386,0.936,8
11,bcup,108,83,1,0.421,0.936,8
11,bcup,108,84,1,0.455,0.901,8
11,bcup,108,85,1,0.505,0.316,8
11,bcup,108,86,1,0.491,0.36,8
11,bcup,108,87,1,0.525,0.326,8
11,bcup,108,88,1,0.559,0.326,8
11,bcup,108,89,1,0.505,0.34,8
11,bcup,108,90,1,0.559,0.36,8
11,bcup,108,91,1,0.565,0.65,8
11,bcup,108,92,1,0.511,0.654,8
11,bcup,108,93,1,0.531,0.586,8
11,bcup,108,94,1,0.497,0.62,8
11,bcup,108,95,1,0.551,0.6,8
11,bcup,108,96,1,0.511,0.6,8
11,bcup,108,97,1,0.561,0.087,8
11,bcup,108,98,1,0.547,0.131,8
11,bcup,108,99,1,0.616,0.131,8
11,bcup,108,100,1,0.616,0.097,8
11,bcup,108,101,1,0.596,0.171,8
11,bcup,108,102,1,0.561,0.111,8
11,bcup,108,103,1,0.561,0.869,8
11,bcup,108,104,1,0.561,0.815,8
11,bcup,108,105,1,0.602,0.815,8
11,bcup,108,106,1,0.596,0.875,8
11,bcup,108,107,1,0.616,0.865,8
11,bcup,108,108,1,0.581,0.835,8
11,bcup,108,109,1,0.658,0.515,8
11,bcup,108,110,1,0.59,0.485,8
11,bcup,108,111,1,0.638,0.525,8
11,bcup,108,112,1,0.644,0.465,8
11,bcup,108,113,1,0.658,0.485,8
11,bcup,108,114,1,0.604,0.441,8
11,bcup,108,115,1,0.702,0.636,8
11,bcup,108,116,1,0.722,0.7,8
11,bcup,108,117,1,0.757,0.646,8
11,bcup,108,118,1,0.736,0.72,8
11,bcup,108,119,1,0.722,0.68,8
11,bcup,108,120,1,0.702,0.66,8
11,bcup,108,121,1,0.722,0.306,8
11,bcup,108,122,1,0.702,0.241,8
11,bcup,108,123,1,0.742,0.266,8
11,bcup,108,124,1,0.736,0.326,8
11,bcup,108,125,1,0.702,0.32,8
11,bcup,108,126,1,0.757,0.252,8
11,bcup,108,127,1,0.771,0.095,8
11,bcup,108,128,1,0.751,0.129,8
11,bcup,108,129,1,0.771,0.115,8
11,bcup,108,130,1,0.805,0.095,8
11,bcup,108,131,1,0.771,0.06,8
11,bcup,108,132,1,0.805,0.125,8
11,bcup,108,133,1,0.771,0.871,8
11,bcup,108,134,1,0.805,0.837,8
11,bcup,108,135,1,0.785,0.911,8
11,bcup,108,136,1,0.751,0.851,8
11,bcup,108,137,1,0.736,0.871,8
11,bcup,108,138,1,0.751,0.827,8
11,bcup,108,139,1,0.841,0.449,8
11,bcup,108,140,1,0.807,0.483,8
11,bcup,108,141,1,0.841,0.483,8
11,bcup,108,142,1,0.787,0.463,8
11,bcup,108,143,1,0.787,0.517,8
11,bcup,108,144,1,0.821,0.523,8
11,bcup,109,1,1,0.034,0.503,9
11,bcup,109,2,1,0.014,0.517,9
11,bcup,109,3,1,0.014,0.463,9
11,bcup,109,4,1,0,0.483,9
11,bcup,109,5,1,0.048,0.523,9
11,bcup,109,6,1,0.014,0.439,9
11,bcup,109,7,1,0.044,0.056,9
11,bcup,109,8,1,0.064,0.121,9
11,bcup,109,9,1,0.064,0.066,9
11,bcup,109,10,1,0.099,0.066,9
11,bcup,109,11,1,0.064,0.101,9
11,bcup,109,12,1,0.099,0.101,9
11,bcup,109,13,1,0.085,0.845,9
11,bcup,109,14,1,0.078,0.905,9
11,bcup,109,15,1,0.064,0.865,9
11,bcup,109,16,1,0.044,0.845,9
11,bcup,109,17,1,0.064,0.831,9
11,bcup,109,18,1,0.044,0.899,9
11,bcup,109,19,1,0.119,0.7,9
11,bcup,109,20,1,0.099,0.636,9
11,bcup,109,21,1,0.133,0.72,9
11,bcup,109,22,1,0.139,0.66,9
11,bcup,109,23,1,0.099,0.66,9
11,bcup,109,24,1,0.153,0.68,9
11,bcup,109,25,1,0.129,0.356,9
11,bcup,109,26,1,0.129,0.278,9
11,bcup,109,27,1,0.149,0.342,9
11,bcup,109,28,1,0.129,0.302,9
11,bcup,109,29,1,0.149,0.322,9
11,bcup,109,30,1,0.183,0.288,9
11,bcup,109,31,1,0.239,0.485,9
11,bcup,109,32,1,0.185,0.519,9
11,bcup,109,33,1,0.239,0.451,9
11,bcup,109,34,1,0.219,0.525,9
11,bcup,109,35,1,0.225,0.465,9
11,bcup,109,36,1,0.205,0.451,9
11,bcup,109,37,1,0.26,0.161,9
11,bcup,109,38,1,0.26,0.141,9
11,bcup,109,39,1,0.294,0.107,9
11,bcup,109,40,1,0.225,0.141,9
11,bcup,109,41,1,0.28,0.121,9
11,bcup,109,42,1,0.294,0.171,9
11,bcup,109,43,1,0.26,0.825,9
11,bcup,109,44,1,0.26,0.791,9
11,bcup,109,45,1,0.274,0.865,9
11,bcup,109,46,1,0.225,0.825,9
11,bcup,109,47,1,0.294,0.825,9
11,bcup,109,48,1,0.294,0.791,9
11,bcup,109,49,1,0.366,0.602,9
11,bcup,109,50,1,0.366,0.632,9
11,bcup,109,51,1,0.312,0.636,9
11,bcup,109,52,1,0.312,0.581,9
11,bcup,109,53,1,0.352,0.581,9
11,bcup,109,54,1,0.332,0.622,9
11,bcup,109,55,1,0.368,0.41,9
11,bcup,109,56,1,0.348,0.421,9
11,bcup,109,57,1,0.3,0.38,9
11,bcup,109,58,1,0.334,0.38,9
11,bcup,109,59,1,0.314,0.336,9
11,bcup,109,60,1,0.314,0.36,9
11,bcup,109,61,1,0.419,0.748,9
11,bcup,109,62,1,0.398,0.728,9
11,bcup,109,63,1,0.419,0.714,9
11,bcup,109,64,1,0.419,0.769,9
11,bcup,109,65,1,0.398,0.783,9
11,bcup,109,66,1,0.453,0.779,9
11,bcup,109,67,1,0.435,0.06,9
11,bcup,109,68,1,0.455,0.05,9
11,bcup,109,69,1,0.421,0.02,9
11,bcup,109,70,1,0.441,0,9
11,bcup,109,71,1,0.455,0.02,9
11,bcup,109,72,1,0.4,0,9
11,bcup,109,73,1,0.421,0.225,9
11,bcup,109,74,1,0.455,0.191,9
11,bcup,109,75,1,0.4,0.26,9
11,bcup,109,76,1,0.435,0.266,9
11,bcup,109,77,1,0.4,0.181,9
11,bcup,109,78,1,0.421,0.245,9
11,bcup,109,79,1,0.455,0.936,9
11,bcup,109,80,1,0.435,0.976,9
11,bcup,109,81,1,0.4,0.891,9
11,bcup,109,82,1,0.386,0.936,9
11,bcup,109,83,1,0.421,0.936,9
11,bcup,109,84,1,0.455,0.901,9
11,bcup,109,85,1,0.505,0.316,9
11,bcup,109,86,1,0.491,0.36,9
11,bcup,109,87,1,0.525,0.326,9
11,bcup,109,88,1,0.559,0.326,9
11,bcup,109,89,1,0.505,0.34,9
11,bcup,109,90,1,0.559,0.36,9
11,bcup,109,91,1,0.497,0.62,9
11,bcup,109,92,1,0.531,0.586,9
11,bcup,109,93,1,0.511,0.6,9
11,bcup,109,94,1,0.551,0.6,9
11,bcup,109,95,1,0.565,0.65,9
11,bcup,109,96,1,0.511,0.654,9
11,bcup,109,97,1,0.561,0.087,9
11,bcup,109,98,1,0.547,0.131,9
11,bcup,109,99,1,0.596,0.171,9
11,bcup,109,100,1,0.616,0.097,9
11,bcup,109,101,1,0.561,0.111,9
11,bcup,109,102,1,0.616,0.131,9
11,bcup,109,103,1,0.561,0.869,9
11,bcup,109,104,1,0.561,0.815,9
11,bcup,109,105,1,0.602,0.815,9
11,bcup,109,106,1,0.596,0.875,9
11,bcup,109,107,1,0.616,0.865,9
11,bcup,109,108,1,0.581,0.835,9
11,bcup,109,109,1,0.59,0.485,9
11,bcup,109,110,1,0.644,0.465,9
11,bcup,109,111,1,0.638,0.525,9
11,bcup,109,112,1,0.604,0.441,9
11,bcup,109,113,1,0.658,0.485,9
11,bcup,109,114,1,0.658,0.515,9
11,bcup,109,115,1,0.702,0.66,9
11,bcup,109,116,1,0.702,0.636,9
11,bcup,109,117,1,0.722,0.7,9
11,bcup,109,118,1,0.757,0.646,9
11,bcup,109,119,1,0.736,0.72,9
11,bcup,109,120,1,0.722,0.68,9
11,bcup,109,121,1,0.702,0.32,9
11,bcup,109,122,1,0.722,0.306,9
11,bcup,109,123,1,0.702,0.241,9
11,bcup,109,124,1,0.742,0.266,9
11,bcup,109,125,1,0.736,0.326,9
11,bcup,109,126,1,0.757,0.252,9
11,bcup,109,127,1,0.771,0.095,9
11,bcup,109,128,1,0.751,0.129,9
11,bcup,109,129,1,0.771,0.115,9
11,bcup,109,130,1,0.805,0.095,9
11,bcup,109,131,1,0.771,0.06,9
11,bcup,109,132,1,0.805,0.125,9
11,bcup,109,133,1,0.771,0.871,9
11,bcup,109,134,1,0.805,0.837,9
11,bcup,109,135,1,0.785,0.911,9
11,bcup,109,136,1,0.751,0.851,9
11,bcup,109,137,1,0.736,0.871,9
11,bcup,109,138,1,0.751,0.827,9
11,bcup,109,139,1,0.787,0.463,9
11,bcup,109,140,1,0.807,0.483,9
11,bcup,109,141,1,0.841,0.449,9
11,bcup,109,142,1,0.787,0.517,9
11,bcup,109,143,1,0.821,0.523,9
11,bcup,109,144,1,0.841,0.483,9
11,bcup,110,1,1,0.034,0.503,10
11,bcup,110,2,1,0.014,0.517,10
11,bcup,110,3,1,0.014,0.463,10
11,bcup,110,4,1,0,0.483,10
11,bcup,110,5,1,0.048,0.523,10
11,bcup,110,6,1,0.014,0.439,10
11,bcup,110,7,1,0.064,0.101,10
11,bcup,110,8,1,0.099,0.101,10
11,bcup,110,9,1,0.099,0.066,10
11,bcup,110,10,1,0.044,0.056,10
11,bcup,110,11,1,0.064,0.121,10
11,bcup,110,12,1,0.064,0.066,10
11,bcup,110,13,1,0.085,0.845,10
11,bcup,110,14,1,0.078,0.905,10
11,bcup,110,15,1,0.064,0.865,10
11,bcup,110,16,1,0.044,0.845,10
11,bcup,110,17,1,0.064,0.831,10
11,bcup,110,18,1,0.044,0.899,10
11,bcup,110,19,1,0.119,0.7,10
11,bcup,110,20,1,0.099,0.636,10
11,bcup,110,21,1,0.133,0.72,10
11,bcup,110,22,1,0.139,0.66,10
11,bcup,110,23,1,0.099,0.66,10
11,bcup,110,24,1,0.153,0.68,10
11,bcup,110,25,1,0.183,0.288,10
11,bcup,110,26,1,0.149,0.322,10
11,bcup,110,27,1,0.129,0.302,10
11,bcup,110,28,1,0.129,0.356,10
11,bcup,110,29,1,0.129,0.278,10
11,bcup,110,30,1,0.149,0.342,10
11,bcup,110,31,1,0.239,0.485,10
11,bcup,110,32,1,0.185,0.519,10
11,bcup,110,33,1,0.239,0.451,10
11,bcup,110,34,1,0.219,0.525,10
11,bcup,110,35,1,0.225,0.465,10
11,bcup,110,36,1,0.205,0.451,10
11,bcup,110,37,1,0.294,0.171,10
11,bcup,110,38,1,0.28,0.121,10
11,bcup,110,39,1,0.26,0.161,10
11,bcup,110,40,1,0.26,0.141,10
11,bcup,110,41,1,0.294,0.107,10
11,bcup,110,42,1,0.225,0.141,10
11,bcup,110,43,1,0.294,0.791,10
11,bcup,110,44,1,0.274,0.865,10
11,bcup,110,45,1,0.225,0.825,10
11,bcup,110,46,1,0.294,0.825,10
11,bcup,110,47,1,0.26,0.791,10
11,bcup,110,48,1,0.26,0.825,10
11,bcup,110,49,1,0.312,0.581,10
11,bcup,110,50,1,0.352,0.581,10
11,bcup,110,51,1,0.332,0.622,10
11,bcup,110,52,1,0.366,0.602,10
11,bcup,110,53,1,0.366,0.632,10
11,bcup,110,54,1,0.312,0.636,10
11,bcup,110,55,1,0.314,0.36,10
11,bcup,110,56,1,0.314,0.336,10
11,bcup,110,57,1,0.334,0.38,10
11,bcup,110,58,1,0.3,0.38,10
11,bcup,110,59,1,0.368,0.41,10
11,bcup,110,60,1,0.348,0.421,10
11,bcup,110,61,1,0.419,0.769,10
11,bcup,110,62,1,0.398,0.783,10
11,bcup,110,63,1,0.453,0.779,10
11,bcup,110,64,1,0.398,0.728,10
11,bcup,110,65,1,0.419,0.748,10
11,bcup,110,66,1,0.419,0.714,10
11,bcup,110,67,1,0.4,0,10
11,bcup,110,68,1,0.455,0.02,10
11,bcup,110,69,1,0.435,0.06,10
11,bcup,110,70,1,0.455,0.05,10
11,bcup,110,71,1,0.421,0.02,10
11,bcup,110,72,1,0.441,0,10
11,bcup,110,73,1,0.421,0.225,10
11,bcup,110,74,1,0.455,0.191,10
11,bcup,110,75,1,0.4,0.26,10
11,bcup,110,76,1,0.435,0.266,10
11,bcup,110,77,1,0.4,0.181,10
11,bcup,110,78,1,0.421,0.245,10
11,bcup,110,79,1,0.421,0.936,10
11,bcup,110,80,1,0.455,0.901,10
11,bcup,110,81,1,0.386,0.936,10
11,bcup,110,82,1,0.455,0.936,10
11,bcup,110,83,1,0.435,0.976,10
11,bcup,110,84,1,0.4,0.891,10
11,bcup,110,85,1,0.505,0.316,10
11,bcup,110,86,1,0.491,0.36,10
11,bcup,110,87,1,0.525,0.326,10
11,bcup,110,88,1,0.559,0.326,10
11,bcup,110,89,1,0.505,0.34,10
11,bcup,110,90,1,0.559,0.36,10
11,bcup,110,91,1,0.497,0.62,10
11,bcup,110,92,1,0.531,0.586,10
11,bcup,110,93,1,0.511,0.6,10
11,bcup,110,94,1,0.551,0.6,10
11,bcup,110,95,1,0.565,0.65,10
11,bcup,110,96,1,0.511,0.654,10
11,bcup,110,97,1,0.616,0.131,10
11,bcup,110,98,1,0.616,0.097,10
11,bcup,110,99,1,0.596,0.171,10
11,bcup,110,100,1,0.561,0.111,10
11,bcup,110,101,1,0.561,0.087,10
11,bcup,110,102,1,0.547,0.131,10
11,bcup,110,103,1,0.596,0.875,10
11,bcup,110,104,1,0.616,0.865,10
11,bcup,110,105,1,0.581,0.835,10
11,bcup,110,106,1,0.561,0.869,10
11,bcup,110,107,1,0.561,0.815,10
11,bcup,110,108,1,0.602,0.815,10
11,bcup,110,109,1,0.604,0.441,10
11,bcup,110,110,1,0.658,0.485,10
11,bcup,110,111,1,0.658,0.515,10
11,bcup,110,112,1,0.644,0.465,10
11,bcup,110,113,1,0.59,0.485,10
11,bcup,110,114,1,0.638,0.525,10
11,bcup,110,115,1,0.757,0.646,10
11,bcup,110,116,1,0.736,0.72,10
11,bcup,110,117,1,0.722,0.68,10
11,bcup,110,118,1,0.722,0.7,10
11,bcup,110,119,1,0.702,0.636,10
11,bcup,110,120,1,0.702,0.66,10
11,bcup,110,121,1,0.736,0.326,10
11,bcup,110,122,1,0.757,0.252,10
11,bcup,110,123,1,0.702,0.32,10
11,bcup,110,124,1,0.722,0.306,10
11,bcup,110,125,1,0.702,0.241,10
11,bcup,110,126,1,0.742,0.266,10
11,bcup,110,127,1,0.771,0.06,10
11,bcup,110,128,1,0.805,0.125,10
11,bcup,110,129,1,0.805,0.095,10
11,bcup,110,130,1,0.771,0.095,10
11,bcup,110,131,1,0.751,0.129,10
11,bcup,110,132,1,0.771,0.115,10
11,bcup,110,133,1,0.751,0.851,10
11,bcup,110,134,1,0.736,0.871,10
11,bcup,110,135,1,0.751,0.827,10
11,bcup,110,136,1,0.805,0.837,10
11,bcup,110,137,1,0.785,0.911,10
11,bcup,110,138,1,0.771,0.871,10
11,bcup,110,139,1,0.787,0.463,10
11,bcup,110,140,1,0.807,0.483,10
11,bcup,110,141,1,0.841,0.449,10
11,bcup,110,142,1,0.787,0.517,10
11,bcup,110,143,1,0.821,0.523,10
11,bcup,110,144,1,0.841,0.483,10
12,bcup,111,1,1,0.02,0.527,1
12,bcup,111,2,1,0.034,0.547,1
12,bcup,111,3,1,0.054,0.537,1
12,bcup,111,4,1,0,0.463,1
12,bcup,111,5,1,0.02,0.473,1
12,bcup,111,6,1,0,0.541,1
12,bcup,111,7,1,0.064,0.165,1
12,bcup,111,8,1,0.085,0.125,1
12,bcup,111,9,1,0.085,0.155,1
12,bcup,111,10,1,0.03,0.105,1
12,bcup,111,11,1,0.03,0.08,1
12,bcup,111,12,1,0.05,0.125,1
12,bcup,111,13,1,0.085,0.855,1
12,bcup,111,14,1,0.05,0.855,1
12,bcup,111,15,1,0.05,0.889,1
12,bcup,111,16,1,0.03,0.845,1
12,bcup,111,17,1,0.05,0.909,1
12,bcup,111,18,1,0.085,0.92,1
12,bcup,111,19,1,0.085,0.738,1
12,bcup,111,20,1,0.085,0.66,1
12,bcup,111,21,1,0.139,0.734,1
12,bcup,111,22,1,0.105,0.724,1
12,bcup,111,23,1,0.119,0.744,1
12,bcup,111,24,1,0.105,0.67,1
12,bcup,111,25,1,0.115,0.302,1
12,bcup,111,26,1,0.169,0.376,1
12,bcup,111,27,1,0.149,0.386,1
12,bcup,111,28,1,0.155,0.326,1
12,bcup,111,29,1,0.135,0.346,1
12,bcup,111,30,1,0.169,0.346,1
12,bcup,111,31,1,0.171,0.543,1
12,bcup,111,32,1,0.225,0.509,1
12,bcup,111,33,1,0.211,0.489,1
12,bcup,111,34,1,0.191,0.509,1
12,bcup,111,35,1,0.225,0.475,1
12,bcup,111,36,1,0.171,0.465,1
12,bcup,111,37,1,0.211,0.165,1
12,bcup,111,38,1,0.225,0.145,1
12,bcup,111,39,1,0.245,0.165,1
12,bcup,111,40,1,0.245,0.185,1
12,bcup,111,41,1,0.28,0.195,1
12,bcup,111,42,1,0.245,0.131,1
12,bcup,111,43,1,0.28,0.849,1
12,bcup,111,44,1,0.211,0.849,1
12,bcup,111,45,1,0.245,0.869,1
12,bcup,111,46,1,0.245,0.849,1
12,bcup,111,47,1,0.225,0.883,1
12,bcup,111,48,1,0.266,0.829,1
12,bcup,111,49,1,0.318,0.626,1
12,bcup,111,50,1,0.318,0.646,1
12,bcup,111,51,1,0.352,0.592,1
12,bcup,111,52,1,0.318,0.626,1
12,bcup,111,53,1,0.352,0.656,1
12,bcup,111,54,1,0.318,0.592,1
12,bcup,111,55,1,0.32,0.425,1
12,bcup,111,56,1,0.354,0.435,1
12,bcup,111,57,1,0.354,0.404,1
12,bcup,111,58,1,0.3,0.439,1
12,bcup,111,59,1,0.32,0.404,1
12,bcup,111,60,1,0.34,0.384,1
12,bcup,111,61,1,0.384,0.753,1
12,bcup,111,62,1,0.37,0.773,1
12,bcup,111,63,1,0.404,0.738,1
12,bcup,111,64,1,0.439,0.773,1
12,bcup,111,65,1,0.384,0.807,1
12,bcup,111,66,1,0.425,0.753,1
12,bcup,111,67,1,0.372,0.044,1
12,bcup,111,68,1,0.427,0.024,1
12,bcup,111,69,1,0.441,0.074,1
12,bcup,111,70,1,0.386,0,1
12,bcup,111,71,1,0.406,0.01,1
12,bcup,111,72,1,0.386,0.078,1
12,bcup,111,73,1,0.427,0.229,1
12,bcup,111,74,1,0.406,0.215,1
12,bcup,111,75,1,0.441,0.215,1
12,bcup,111,76,1,0.441,0.28,1
12,bcup,111,77,1,0.386,0.205,1
12,bcup,111,78,1,0.372,0.249,1
12,bcup,111,79,1,0.386,0.994,1
12,bcup,111,80,1,0.372,0.96,1
12,bcup,111,81,1,0.406,0.98,1
12,bcup,111,82,1,0.386,0.915,1
12,bcup,111,83,1,0.427,0.94,1
12,bcup,111,84,1,0.386,0.94,1
12,bcup,111,85,1,0.525,0.425,1
12,bcup,111,86,1,0.511,0.35,1
12,bcup,111,87,1,0.545,0.384,1
12,bcup,111,88,1,0.511,0.404,1
12,bcup,111,89,1,0.477,0.384,1
12,bcup,111,90,1,0.545,0.35,1
12,bcup,111,91,1,0.531,0.684,1
12,bcup,111,92,1,0.517,0.644,1
12,bcup,111,93,1,0.551,0.61,1
12,bcup,111,94,1,0.497,0.678,1
12,bcup,111,95,1,0.497,0.6,1
12,bcup,111,96,1,0.551,0.674,1
12,bcup,111,97,1,0.588,0.135,1
12,bcup,111,98,1,0.581,0.195,1
12,bcup,111,99,1,0.547,0.189,1
12,bcup,111,100,1,0.602,0.155,1
12,bcup,111,101,1,0.547,0.135,1
12,bcup,111,102,1,0.602,0.121,1
12,bcup,111,103,1,0.567,0.825,1
12,bcup,111,104,1,0.602,0.859,1
12,bcup,111,105,1,0.602,0.825,1
12,bcup,111,106,1,0.547,0.893,1
12,bcup,111,107,1,0.547,0.815,1
12,bcup,111,108,1,0.588,0.839,1
12,bcup,111,109,1,0.61,0.509,1
12,bcup,111,110,1,0.59,0.465,1
12,bcup,111,111,1,0.624,0.549,1
12,bcup,111,112,1,0.644,0.539,1
12,bcup,111,113,1,0.575,0.509,1
12,bcup,111,114,1,0.61,0.529,1
12,bcup,111,115,1,0.728,0.684,1
12,bcup,111,116,1,0.742,0.67,1
12,bcup,111,117,1,0.742,0.734,1
12,bcup,111,118,1,0.688,0.738,1
12,bcup,111,119,1,0.688,0.684,1
12,bcup,111,120,1,0.708,0.67,1
12,bcup,111,121,1,0.742,0.34,1
12,bcup,111,122,1,0.688,0.344,1
12,bcup,111,123,1,0.708,0.276,1
12,bcup,111,124,1,0.708,0.31,1
12,bcup,111,125,1,0.742,0.276,1
12,bcup,111,126,1,0.742,0.31,1
12,bcup,111,127,1,0.791,0.085,1
12,bcup,111,128,1,0.722,0.119,1
12,bcup,111,129,1,0.791,0.149,1
12,bcup,111,130,1,0.736,0.099,1
12,bcup,111,131,1,0.771,0.159,1
12,bcup,111,132,1,0.757,0.119,1
12,bcup,111,133,1,0.771,0.936,1
12,bcup,111,134,1,0.791,0.926,1
12,bcup,111,135,1,0.791,0.861,1
12,bcup,111,136,1,0.757,0.861,1
12,bcup,111,137,1,0.736,0.93,1
12,bcup,111,138,1,0.757,0.915,1
12,bcup,111,139,1,0.827,0.537,1
12,bcup,111,140,1,0.773,0.541,1
12,bcup,111,141,1,0.773,0.487,1
12,bcup,111,142,1,0.793,0.527,1
12,bcup,111,143,1,0.827,0.507,1
12,bcup,111,144,1,0.813,0.487,1
12,bcup,112,1,1,0.02,0.527,2
12,bcup,112,2,1,0.034,0.547,2
12,bcup,112,3,1,0,0.463,2
12,bcup,112,4,1,0,0.541,2
12,bcup,112,5,1,0.02,0.473,2
12,bcup,112,6,1,0.054,0.537,2
12,bcup,112,7,1,0.03,0.08,2
12,bcup,112,8,1,0.085,0.155,2
12,bcup,112,9,1,0.085,0.125,2
12,bcup,112,10,1,0.064,0.165,2
12,bcup,112,11,1,0.03,0.105,2
12,bcup,112,12,1,0.05,0.125,2
12,bcup,112,13,1,0.085,0.92,2
12,bcup,112,14,1,0.05,0.889,2
12,bcup,112,15,1,0.05,0.855,2
12,bcup,112,16,1,0.05,0.909,2
12,bcup,112,17,1,0.03,0.845,2
12,bcup,112,18,1,0.085,0.855,2
12,bcup,112,19,1,0.085,0.738,2
12,bcup,112,20,1,0.105,0.67,2
12,bcup,112,21,1,0.119,0.744,2
12,bcup,112,22,1,0.139,0.734,2
12,bcup,112,23,1,0.105,0.724,2
12,bcup,112,24,1,0.085,0.66,2
12,bcup,112,25,1,0.115,0.302,2
12,bcup,112,26,1,0.169,0.376,2
12,bcup,112,27,1,0.149,0.386,2
12,bcup,112,28,1,0.155,0.326,2
12,bcup,112,29,1,0.135,0.346,2
12,bcup,112,30,1,0.169,0.346,2
12,bcup,112,31,1,0.171,0.543,2
12,bcup,112,32,1,0.211,0.489,2
12,bcup,112,33,1,0.191,0.509,2
12,bcup,112,34,1,0.225,0.509,2
12,bcup,112,35,1,0.225,0.475,2
12,bcup,112,36,1,0.171,0.465,2
12,bcup,112,37,1,0.245,0.165,2
12,bcup,112,38,1,0.225,0.145,2
12,bcup,112,39,1,0.211,0.165,2
12,bcup,112,40,1,0.28,0.195,2
12,bcup,112,41,1,0.245,0.131,2
12,bcup,112,42,1,0.245,0.185,2
12,bcup,112,43,1,0.28,0.849,2
12,bcup,112,44,1,0.211,0.849,2
12,bcup,112,45,1,0.245,0.869,2
12,bcup,112,46,1,0.245,0.849,2
12,bcup,112,47,1,0.225,0.883,2
12,bcup,112,48,1,0.266,0.829,2
12,bcup,112,49,1,0.318,0.592,2
12,bcup,112,50,1,0.318,0.646,2
12,bcup,112,51,1,0.338,0.606,2
12,bcup,112,52,1,0.318,0.626,2
12,bcup,112,53,1,0.352,0.592,2
12,bcup,112,54,1,0.352,0.656,2
12,bcup,112,55,1,0.32,0.425,2
12,bcup,112,56,1,0.354,0.435,2
12,bcup,112,57,1,0.354,0.404,2
12,bcup,112,58,1,0.3,0.439,2
12,bcup,112,59,1,0.32,0.404,2
12,bcup,112,60,1,0.34,0.384,2
12,bcup,112,61,1,0.425,0.753,2
12,bcup,112,62,1,0.384,0.753,2
12,bcup,112,63,1,0.384,0.807,2
12,bcup,112,64,1,0.37,0.773,2
12,bcup,112,65,1,0.439,0.773,2
12,bcup,112,66,1,0.404,0.738,2
12,bcup,112,67,1,0.372,0.044,2
12,bcup,112,68,1,0.406,0.01,2
12,bcup,112,69,1,0.386,0.078,2
12,bcup,112,70,1,0.441,0.074,2
12,bcup,112,71,1,0.386,0,2
12,bcup,112,72,1,0.427,0.024,2
12,bcup,112,73,1,0.427,0.229,2
12,bcup,112,74,1,0.406,0.215,2
12,bcup,112,75,1,0.441,0.215,2
12,bcup,112,76,1,0.441,0.28,2
12,bcup,112,77,1,0.386,0.205,2
12,bcup,112,78,1,0.372,0.249,2
12,bcup,112,79,1,0.406,0.98,2
12,bcup,112,80,1,0.386,0.915,2
12,bcup,112,81,1,0.372,0.96,2
12,bcup,112,82,1,0.386,0.94,2
12,bcup,112,83,1,0.386,0.994,2
12,bcup,112,84,1,0.427,0.94,2
12,bcup,112,85,1,0.525,0.425,2
12,bcup,112,86,1,0.511,0.35,2
12,bcup,112,87,1,0.545,0.384,2
12,bcup,112,88,1,0.511,0.404,2
12,bcup,112,89,1,0.477,0.384,2
12,bcup,112,90,1,0.545,0.35,2
12,bcup,112,91,1,0.531,0.684,2
12,bcup,112,92,1,0.517,0.644,2
12,bcup,112,93,1,0.551,0.61,2
12,bcup,112,94,1,0.497,0.678,2
12,bcup,112,95,1,0.497,0.6,2
12,bcup,112,96,1,0.551,0.674,2
12,bcup,112,97,1,0.602,0.121,2
12,bcup,112,98,1,0.547,0.135,2
12,bcup,112,99,1,0.547,0.189,2
12,bcup,112,100,1,0.581,0.195,2
12,bcup,112,101,1,0.602,0.155,2
12,bcup,112,102,1,0.588,0.135,2
12,bcup,112,103,1,0.602,0.825,2
12,bcup,112,104,1,0.547,0.815,2
12,bcup,112,105,1,0.567,0.825,2
12,bcup,112,106,1,0.588,0.839,2
12,bcup,112,107,1,0.547,0.893,2
12,bcup,112,108,1,0.602,0.859,2
12,bcup,112,109,1,0.59,0.465,2
12,bcup,112,110,1,0.61,0.509,2
12,bcup,112,111,1,0.644,0.539,2
12,bcup,112,112,1,0.575,0.509,2
12,bcup,112,113,1,0.61,0.509,2
12,bcup,112,114,1,0.624,0.549,2
12,bcup,112,115,1,0.742,0.734,2
12,bcup,112,116,1,0.688,0.738,2
12,bcup,112,117,1,0.688,0.684,2
12,bcup,112,118,1,0.708,0.67,2
12,bcup,112,119,1,0.728,0.684,2
12,bcup,112,120,1,0.742,0.67,2
12,bcup,112,121,1,0.742,0.34,2
12,bcup,112,122,1,0.688,0.344,2
12,bcup,112,123,1,0.708,0.276,2
12,bcup,112,124,1,0.708,0.31,2
12,bcup,112,125,1,0.742,0.276,2
12,bcup,112,126,1,0.742,0.31,2
12,bcup,112,127,1,0.791,0.085,2
12,bcup,112,128,1,0.722,0.119,2
12,bcup,112,129,1,0.791,0.149,2
12,bcup,112,130,1,0.736,0.099,2
12,bcup,112,131,1,0.771,0.159,2
12,bcup,112,132,1,0.757,0.119,2
12,bcup,112,133,1,0.757,0.861,2
12,bcup,112,134,1,0.791,0.861,2
12,bcup,112,135,1,0.791,0.926,2
12,bcup,112,136,1,0.771,0.936,2
12,bcup,112,137,1,0.757,0.915,2
12,bcup,112,138,1,0.736,0.93,2
12,bcup,112,139,1,0.827,0.537,2
12,bcup,112,140,1,0.773,0.541,2
12,bcup,112,141,1,0.773,0.487,2
12,bcup,112,142,1,0.793,0.527,2
12,bcup,112,143,1,0.827,0.507,2
12,bcup,112,144,1,0.813,0.487,2
12,bcup,113,1,1,0,0.463,3
12,bcup,113,2,1,0.02,0.473,3
12,bcup,113,3,1,0,0.541,3
12,bcup,113,4,1,0.054,0.537,3
12,bcup,113,5,1,0.034,0.547,3
12,bcup,113,6,1,0.02,0.527,3
12,bcup,113,7,1,0.03,0.08,3
12,bcup,113,8,1,0.03,0.105,3
12,bcup,113,9,1,0.064,0.165,3
12,bcup,113,10,1,0.085,0.155,3
12,bcup,113,11,1,0.05,0.125,3
12,bcup,113,12,1,0.085,0.125,3
12,bcup,113,13,1,0.085,0.92,3
12,bcup,113,14,1,0.05,0.855,3
12,bcup,113,15,1,0.05,0.909,3
12,bcup,113,16,1,0.05,0.889,3
12,bcup,113,17,1,0.03,0.845,3
12,bcup,113,18,1,0.085,0.855,3
12,bcup,113,19,1,0.105,0.67,3
12,bcup,113,20,1,0.119,0.744,3
12,bcup,113,21,1,0.139,0.734,3
12,bcup,113,22,1,0.105,0.724,3
12,bcup,113,23,1,0.085,0.738,3
12,bcup,113,24,1,0.085,0.66,3
12,bcup,113,25,1,0.169,0.346,3
12,bcup,113,26,1,0.135,0.346,3
12,bcup,113,27,1,0.115,0.302,3
12,bcup,113,28,1,0.155,0.326,3
12,bcup,113,29,1,0.169,0.376,3
12,bcup,113,30,1,0.149,0.386,3
12,bcup,113,31,1,0.171,0.543,3
12,bcup,113,32,1,0.211,0.489,3
12,bcup,113,33,1,0.191,0.509,3
12,bcup,113,34,1,0.225,0.509,3
12,bcup,113,35,1,0.225,0.475,3
12,bcup,113,36,1,0.171,0.465,3
12,bcup,113,37,1,0.28,0.195,3
12,bcup,113,38,1,0.245,0.165,3
12,bcup,113,39,1,0.245,0.131,3
12,bcup,113,40,1,0.245,0.165,3
12,bcup,113,41,1,0.225,0.145,3
12,bcup,113,42,1,0.211,0.165,3
12,bcup,113,43,1,0.28,0.849,3
12,bcup,113,44,1,0.245,0.849,3
12,bcup,113,45,1,0.211,0.849,3
12,bcup,113,46,1,0.266,0.829,3
12,bcup,113,47,1,0.225,0.883,3
12,bcup,113,48,1,0.245,0.869,3
12,bcup,113,49,1,0.338,0.606,3
12,bcup,113,50,1,0.352,0.592,3
12,bcup,113,51,1,0.318,0.592,3
12,bcup,113,52,1,0.318,0.626,3
12,bcup,113,53,1,0.318,0.646,3
12,bcup,113,54,1,0.352,0.656,3
12,bcup,113,55,1,0.32,0.425,3
12,bcup,113,56,1,0.354,0.435,3
12,bcup,113,57,1,0.354,0.404,3
12,bcup,113,58,1,0.3,0.439,3
12,bcup,113,59,1,0.32,0.404,3
12,bcup,113,60,1,0.34,0.384,3
12,bcup,113,61,1,0.384,0.753,3
12,bcup,113,62,1,0.37,0.773,3
12,bcup,113,63,1,0.404,0.738,3
12,bcup,113,64,1,0.439,0.773,3
12,bcup,113,65,1,0.384,0.807,3
12,bcup,113,66,1,0.425,0.753,3
12,bcup,113,67,1,0.406,0.01,3
12,bcup,113,68,1,0.427,0.024,3
12,bcup,113,69,1,0.372,0.044,3
12,bcup,113,70,1,0.386,0,3
12,bcup,113,71,1,0.441,0.074,3
12,bcup,113,72,1,0.386,0.078,3
12,bcup,113,73,1,0.441,0.215,3
12,bcup,113,74,1,0.427,0.229,3
12,bcup,113,75,1,0.406,0.215,3
12,bcup,113,76,1,0.372,0.249,3
12,bcup,113,77,1,0.386,0.205,3
12,bcup,113,78,1,0.406,0.249,3
12,bcup,113,79,1,0.386,0.915,3
12,bcup,113,80,1,0.406,0.98,3
12,bcup,113,81,1,0.427,0.94,3
12,bcup,113,82,1,0.386,0.994,3
12,bcup,113,83,1,0.386,0.94,3
12,bcup,113,84,1,0.372,0.96,3
12,bcup,113,85,1,0.525,0.425,3
12,bcup,113,86,1,0.511,0.35,3
12,bcup,113,87,1,0.545,0.384,3
12,bcup,113,88,1,0.511,0.404,3
12,bcup,113,89,1,0.477,0.384,3
12,bcup,113,90,1,0.545,0.35,3
12,bcup,113,91,1,0.517,0.644,3
12,bcup,113,92,1,0.497,0.6,3
12,bcup,113,93,1,0.531,0.684,3
12,bcup,113,94,1,0.497,0.678,3
12,bcup,113,95,1,0.551,0.61,3
12,bcup,113,96,1,0.551,0.674,3
12,bcup,113,97,1,0.547,0.135,3
12,bcup,113,98,1,0.547,0.189,3
12,bcup,113,99,1,0.581,0.195,3
12,bcup,113,100,1,0.602,0.155,3
12,bcup,113,101,1,0.588,0.135,3
12,bcup,113,102,1,0.602,0.121,3
12,bcup,113,103,1,0.602,0.825,3
12,bcup,113,104,1,0.588,0.839,3
12,bcup,113,105,1,0.547,0.815,3
12,bcup,113,106,1,0.567,0.825,3
12,bcup,113,107,1,0.602,0.859,3
12,bcup,113,108,1,0.547,0.893,3
12,bcup,113,109,1,0.61,0.509,3
12,bcup,113,110,1,0.59,0.465,3
12,bcup,113,111,1,0.624,0.549,3
12,bcup,113,112,1,0.644,0.539,3
12,bcup,113,113,1,0.575,0.509,3
12,bcup,113,114,1,0.61,0.529,3
12,bcup,113,115,1,0.688,0.684,3
12,bcup,113,116,1,0.708,0.67,3
12,bcup,113,117,1,0.728,0.684,3
12,bcup,113,118,1,0.742,0.67,3
12,bcup,113,119,1,0.742,0.734,3
12,bcup,113,120,1,0.688,0.738,3
12,bcup,113,121,1,0.688,0.344,3
12,bcup,113,122,1,0.742,0.34,3
12,bcup,113,123,1,0.742,0.31,3
12,bcup,113,124,1,0.708,0.276,3
12,bcup,113,125,1,0.742,0.276,3
12,bcup,113,126,1,0.708,0.31,3
12,bcup,113,127,1,0.757,0.119,3
12,bcup,113,128,1,0.736,0.099,3
12,bcup,113,129,1,0.722,0.119,3
12,bcup,113,130,1,0.771,0.159,3
12,bcup,113,131,1,0.791,0.085,3
12,bcup,113,132,1,0.791,0.149,3
12,bcup,113,133,1,0.791,0.861,3
12,bcup,113,134,1,0.757,0.861,3
12,bcup,113,135,1,0.736,0.93,3
12,bcup,113,136,1,0.757,0.915,3
12,bcup,113,137,1,0.771,0.936,3
12,bcup,113,138,1,0.791,0.926,3
12,bcup,113,139,1,0.773,0.541,3
12,bcup,113,140,1,0.827,0.537,3
12,bcup,113,141,1,0.813,0.487,3
12,bcup,113,142,1,0.773,0.487,3
12,bcup,113,143,1,0.793,0.527,3
12,bcup,113,144,1,0.827,0.507,3
12,bcup,114,1,1,0.02,0.527,4
12,bcup,114,2,1,0.034,0.547,4
12,bcup,114,3,1,0.054,0.537,4
12,bcup,114,4,1,0,0.463,4
12,bcup,114,5,1,0.02,0.473,4
12,bcup,114,6,1,0,0.541,4
12,bcup,114,7,1,0.03,0.08,4
12,bcup,114,8,1,0.085,0.155,4
12,bcup,114,9,1,0.085,0.125,4
12,bcup,114,10,1,0.064,0.165,4
12,bcup,114,11,1,0.03,0.105,4
12,bcup,114,12,1,0.05,0.125,4
12,bcup,114,13,1,0.085,0.92,4
12,bcup,114,14,1,0.03,0.845,4
12,bcup,114,15,1,0.05,0.855,4
12,bcup,114,16,1,0.05,0.909,4
12,bcup,114,17,1,0.085,0.855,4
12,bcup,114,18,1,0.05,0.889,4
12,bcup,114,19,1,0.085,0.738,4
12,bcup,114,20,1,0.105,0.67,4
12,bcup,114,21,1,0.119,0.744,4
12,bcup,114,22,1,0.139,0.734,4
12,bcup,114,23,1,0.105,0.724,4
12,bcup,114,24,1,0.085,0.66,4
12,bcup,114,25,1,0.115,0.302,4
12,bcup,114,26,1,0.155,0.326,4
12,bcup,114,27,1,0.149,0.386,4
12,bcup,114,28,1,0.169,0.376,4
12,bcup,114,29,1,0.135,0.346,4
12,bcup,114,30,1,0.169,0.346,4
12,bcup,114,31,1,0.171,0.543,4
12,bcup,114,32,1,0.211,0.489,4
12,bcup,114,33,1,0.191,0.509,4
12,bcup,114,34,1,0.225,0.509,4
12,bcup,114,35,1,0.225,0.475,4
12,bcup,114,36,1,0.171,0.465,4
12,bcup,114,37,1,0.225,0.145,4
12,bcup,114,38,1,0.245,0.165,4
12,bcup,114,39,1,0.211,0.165,4
12,bcup,114,40,1,0.28,0.195,4
12,bcup,114,41,1,0.245,0.131,4
12,bcup,114,42,1,0.245,0.185,4
12,bcup,114,43,1,0.28,0.849,4
12,bcup,114,44,1,0.211,0.849,4
12,bcup,114,45,1,0.245,0.869,4
12,bcup,114,46,1,0.245,0.849,4
12,bcup,114,47,1,0.225,0.883,4
12,bcup,114,48,1,0.266,0.829,4
12,bcup,114,49,1,0.318,0.592,4
12,bcup,114,50,1,0.318,0.646,4
12,bcup,114,51,1,0.338,0.606,4
12,bcup,114,52,1,0.318,0.626,4
12,bcup,114,53,1,0.352,0.592,4
12,bcup,114,54,1,0.352,0.656,4
12,bcup,114,55,1,0.32,0.425,4
12,bcup,114,56,1,0.354,0.435,4
12,bcup,114,57,1,0.354,0.404,4
12,bcup,114,58,1,0.3,0.439,4
12,bcup,114,59,1,0.32,0.404,4
12,bcup,114,60,1,0.34,0.384,4
12,bcup,114,61,1,0.425,0.753,4
12,bcup,114,62,1,0.384,0.753,4
12,bcup,114,63,1,0.384,0.807,4
12,bcup,114,64,1,0.37,0.773,4
12,bcup,114,65,1,0.439,0.773,4
12,bcup,114,66,1,0.404,0.738,4
12,bcup,114,67,1,0.372,0.044,4
12,bcup,114,68,1,0.386,0,4
12,bcup,114,69,1,0.406,0.01,4
12,bcup,114,70,1,0.427,0.024,4
12,bcup,114,71,1,0.441,0.074,4
12,bcup,114,72,1,0.386,0.078,4
12,bcup,114,73,1,0.427,0.229,4
12,bcup,114,74,1,0.406,0.215,4
12,bcup,114,75,1,0.441,0.215,4
12,bcup,114,76,1,0.441,0.28,4
12,bcup,114,77,1,0.386,0.205,4
12,bcup,114,78,1,0.372,0.249,4
12,bcup,114,79,1,0.386,0.94,4
12,bcup,114,80,1,0.386,0.915,4
12,bcup,114,81,1,0.427,0.94,4
12,bcup,114,82,1,0.386,0.994,4
12,bcup,114,83,1,0.372,0.96,4
12,bcup,114,84,1,0.406,0.98,4
12,bcup,114,85,1,0.525,0.425,4
12,bcup,114,86,1,0.511,0.404,4
12,bcup,114,87,1,0.545,0.35,4
12,bcup,114,88,1,0.511,0.35,4
12,bcup,114,89,1,0.545,0.384,4
12,bcup,114,90,1,0.477,0.384,4
12,bcup,114,91,1,0.517,0.644,4
12,bcup,114,92,1,0.497,0.6,4
12,bcup,114,93,1,0.531,0.684,4
12,bcup,114,94,1,0.497,0.678,4
12,bcup,114,95,1,0.551,0.61,4
12,bcup,114,96,1,0.551,0.674,4
12,bcup,114,97,1,0.547,0.189,4
12,bcup,114,98,1,0.602,0.121,4
12,bcup,114,99,1,0.581,0.195,4
12,bcup,114,100,1,0.547,0.135,4
12,bcup,114,101,1,0.588,0.135,4
12,bcup,114,102,1,0.602,0.155,4
12,bcup,114,103,1,0.547,0.893,4
12,bcup,114,104,1,0.602,0.825,4
12,bcup,114,105,1,0.567,0.825,4
12,bcup,114,106,1,0.588,0.839,4
12,bcup,114,107,1,0.547,0.815,4
12,bcup,114,108,1,0.602,0.859,4
12,bcup,114,109,1,0.624,0.549,4
12,bcup,114,110,1,0.61,0.509,4
12,bcup,114,111,1,0.61,0.529,4
12,bcup,114,112,1,0.61,0.509,4
12,bcup,114,113,1,0.59,0.465,4
12,bcup,114,114,1,0.575,0.509,4
12,bcup,114,115,1,0.742,0.734,4
12,bcup,114,116,1,0.688,0.738,4
12,bcup,114,117,1,0.688,0.684,4
12,bcup,114,118,1,0.708,0.67,4
12,bcup,114,119,1,0.728,0.684,4
12,bcup,114,120,1,0.742,0.67,4
12,bcup,114,121,1,0.708,0.31,4
12,bcup,114,122,1,0.742,0.276,4
12,bcup,114,123,1,0.742,0.34,4
12,bcup,114,124,1,0.688,0.344,4
12,bcup,114,125,1,0.742,0.31,4
12,bcup,114,126,1,0.708,0.276,4
12,bcup,114,127,1,0.757,0.119,4
12,bcup,114,128,1,0.736,0.099,4
12,bcup,114,129,1,0.722,0.119,4
12,bcup,114,130,1,0.771,0.159,4
12,bcup,114,131,1,0.791,0.085,4
12,bcup,114,132,1,0.791,0.149,4
12,bcup,114,133,1,0.791,0.861,4
12,bcup,114,134,1,0.757,0.861,4
12,bcup,114,135,1,0.736,0.93,4
12,bcup,114,136,1,0.757,0.915,4
12,bcup,114,137,1,0.771,0.936,4
12,bcup,114,138,1,0.791,0.926,4
12,bcup,114,139,1,0.827,0.537,4
12,bcup,114,140,1,0.773,0.541,4
12,bcup,114,141,1,0.773,0.487,4
12,bcup,114,142,1,0.793,0.527,4
12,bcup,114,143,1,0.827,0.507,4
12,bcup,114,144,1,0.813,0.487,4
12,bcup,115,1,1,0.02,0.517,5
12,bcup,115,2,1,0.034,0.537,5
12,bcup,115,3,1,0,0.531,5
12,bcup,115,4,1,0.02,0.463,5
12,bcup,115,5,1,0,0.453,5
12,bcup,115,6,1,0.054,0.527,5
12,bcup,115,7,1,0.03,0.07,5
12,bcup,115,8,1,0.085,0.145,5
12,bcup,115,9,1,0.085,0.115,5
12,bcup,115,10,1,0.064,0.155,5
12,bcup,115,11,1,0.03,0.095,5
12,bcup,115,12,1,0.05,0.115,5
12,bcup,115,13,1,0.085,0.845,5
12,bcup,115,14,1,0.05,0.845,5
12,bcup,115,15,1,0.05,0.879,5
12,bcup,115,16,1,0.03,0.835,5
12,bcup,115,17,1,0.05,0.899,5
12,bcup,115,18,1,0.085,0.909,5
12,bcup,115,19,1,0.085,0.728,5
12,bcup,115,20,1,0.119,0.734,5
12,bcup,115,21,1,0.105,0.66,5
12,bcup,115,22,1,0.105,0.714,5
12,bcup,115,23,1,0.139,0.724,5
12,bcup,115,24,1,0.105,0.694,5
12,bcup,115,25,1,0.115,0.292,5
12,bcup,115,26,1,0.155,0.316,5
12,bcup,115,27,1,0.149,0.376,5
12,bcup,115,28,1,0.169,0.366,5
12,bcup,115,29,1,0.135,0.336,5
12,bcup,115,30,1,0.169,0.336,5
12,bcup,115,31,1,0.171,0.533,5
12,bcup,115,32,1,0.211,0.479,5
12,bcup,115,33,1,0.191,0.499,5
12,bcup,115,34,1,0.225,0.499,5
12,bcup,115,35,1,0.225,0.465,5
12,bcup,115,36,1,0.171,0.455,5
12,bcup,115,37,1,0.245,0.155,5
12,bcup,115,38,1,0.245,0.155,5
12,bcup,115,39,1,0.225,0.135,5
12,bcup,115,40,1,0.28,0.185,5
12,bcup,115,41,1,0.245,0.121,5
12,bcup,115,42,1,0.245,0.175,5
12,bcup,115,43,1,0.28,0.839,5
12,bcup,115,44,1,0.211,0.839,5
12,bcup,115,45,1,0.245,0.859,5
12,bcup,115,46,1,0.245,0.839,5
12,bcup,115,47,1,0.225,0.873,5
12,bcup,115,48,1,0.266,0.819,5
12,bcup,115,49,1,0.338,0.596,5
12,bcup,115,50,1,0.352,0.646,5
12,bcup,115,51,1,0.318,0.636,5
12,bcup,115,52,1,0.318,0.616,5
12,bcup,115,53,1,0.318,0.581,5
12,bcup,115,54,1,0.318,0.616,5
12,bcup,115,55,1,0.32,0.414,5
12,bcup,115,56,1,0.354,0.425,5
12,bcup,115,57,1,0.354,0.394,5
12,bcup,115,58,1,0.3,0.429,5
12,bcup,115,59,1,0.32,0.394,5
12,bcup,115,60,1,0.34,0.374,5
12,bcup,115,61,1,0.384,0.742,5
12,bcup,115,62,1,0.384,0.797,5
12,bcup,115,63,1,0.404,0.728,5
12,bcup,115,64,1,0.439,0.763,5
12,bcup,115,65,1,0.37,0.763,5
12,bcup,115,66,1,0.425,0.742,5
12,bcup,115,67,1,0.427,0.014,5
12,bcup,115,68,1,0.386,0.068,5
12,bcup,115,69,1,0.406,0.034,5
12,bcup,115,70,1,0.441,0.064,5
12,bcup,115,71,1,0.406,0,5
12,bcup,115,72,1,0.372,0.034,5
12,bcup,115,73,1,0.441,0.27,5
12,bcup,115,74,1,0.441,0.205,5
12,bcup,115,75,1,0.386,0.195,5
12,bcup,115,76,1,0.372,0.239,5
12,bcup,115,77,1,0.406,0.205,5
12,bcup,115,78,1,0.427,0.219,5
12,bcup,115,79,1,0.386,0.984,5
12,bcup,115,80,1,0.372,0.95,5
12,bcup,115,81,1,0.406,0.97,5
12,bcup,115,82,1,0.386,0.905,5
12,bcup,115,83,1,0.427,0.93,5
12,bcup,115,84,1,0.386,0.93,5
12,bcup,115,85,1,0.525,0.414,5
12,bcup,115,86,1,0.511,0.34,5
12,bcup,115,87,1,0.545,0.374,5
12,bcup,115,88,1,0.511,0.394,5
12,bcup,115,89,1,0.477,0.374,5
12,bcup,115,90,1,0.545,0.34,5
12,bcup,115,91,1,0.517,0.634,5
12,bcup,115,92,1,0.497,0.59,5
12,bcup,115,93,1,0.531,0.674,5
12,bcup,115,94,1,0.497,0.668,5
12,bcup,115,95,1,0.551,0.6,5
12,bcup,115,96,1,0.551,0.664,5
12,bcup,115,97,1,0.602,0.145,5
12,bcup,115,98,1,0.581,0.185,5
12,bcup,115,99,1,0.588,0.125,5
12,bcup,115,100,1,0.547,0.179,5
12,bcup,115,101,1,0.602,0.111,5
12,bcup,115,102,1,0.547,0.125,5
12,bcup,115,103,1,0.567,0.815,5
12,bcup,115,104,1,0.602,0.849,5
12,bcup,115,105,1,0.602,0.815,5
12,bcup,115,106,1,0.547,0.883,5
12,bcup,115,107,1,0.547,0.805,5
12,bcup,115,108,1,0.588,0.829,5
12,bcup,115,109,1,0.61,0.519,5
12,bcup,115,110,1,0.624,0.539,5
12,bcup,115,111,1,0.61,0.499,5
12,bcup,115,112,1,0.575,0.499,5
12,bcup,115,113,1,0.59,0.455,5
12,bcup,115,114,1,0.644,0.529,5
12,bcup,115,115,1,0.728,0.674,5
12,bcup,115,116,1,0.742,0.66,5
12,bcup,115,117,1,0.742,0.724,5
12,bcup,115,118,1,0.688,0.728,5
12,bcup,115,119,1,0.688,0.674,5
12,bcup,115,120,1,0.708,0.66,5
12,bcup,115,121,1,0.742,0.266,5
12,bcup,115,122,1,0.742,0.3,5
12,bcup,115,123,1,0.742,0.33,5
12,bcup,115,124,1,0.688,0.334,5
12,bcup,115,125,1,0.708,0.266,5
12,bcup,115,126,1,0.708,0.3,5
12,bcup,115,127,1,0.757,0.109,5
12,bcup,115,128,1,0.791,0.074,5
12,bcup,115,129,1,0.771,0.149,5
12,bcup,115,130,1,0.722,0.109,5
12,bcup,115,131,1,0.736,0.089,5
12,bcup,115,132,1,0.791,0.139,5
12,bcup,115,133,1,0.771,0.926,5
12,bcup,115,134,1,0.791,0.915,5
12,bcup,115,135,1,0.791,0.851,5
12,bcup,115,136,1,0.757,0.851,5
12,bcup,115,137,1,0.736,0.92,5
12,bcup,115,138,1,0.757,0.905,5
12,bcup,115,139,1,0.827,0.527,5
12,bcup,115,140,1,0.773,0.531,5
12,bcup,115,141,1,0.773,0.477,5
12,bcup,115,142,1,0.793,0.517,5
12,bcup,115,143,1,0.827,0.497,5
12,bcup,115,144,1,0.813,0.477,5
12,bcup,116,1,1,0.02,0.527,6
12,bcup,116,2,1,0.034,0.547,6
12,bcup,116,3,1,0.054,0.537,6
12,bcup,116,4,1,0,0.463,6
12,bcup,116,5,1,0.02,0.473,6
12,bcup,116,6,1,0,0.541,6
12,bcup,116,7,1,0.03,0.08,6
12,bcup,116,8,1,0.085,0.155,6
12,bcup,116,9,1,0.085,0.125,6
12,bcup,116,10,1,0.064,0.165,6
12,bcup,116,11,1,0.03,0.105,6
12,bcup,116,12,1,0.05,0.125,6
12,bcup,116,13,1,0.085,0.855,6
12,bcup,116,14,1,0.05,0.855,6
12,bcup,116,15,1,0.03,0.845,6
12,bcup,116,16,1,0.05,0.889,6
12,bcup,116,17,1,0.05,0.909,6
12,bcup,116,18,1,0.085,0.92,6
12,bcup,116,19,1,0.085,0.738,6
12,bcup,116,20,1,0.119,0.744,6
12,bcup,116,21,1,0.139,0.734,6
12,bcup,116,22,1,0.105,0.724,6
12,bcup,116,23,1,0.105,0.67,6
12,bcup,116,24,1,0.085,0.66,6
12,bcup,116,25,1,0.115,0.302,6
12,bcup,116,26,1,0.169,0.376,6
12,bcup,116,27,1,0.149,0.386,6
12,bcup,116,28,1,0.155,0.326,6
12,bcup,116,29,1,0.135,0.346,6
12,bcup,116,30,1,0.169,0.346,6
12,bcup,116,31,1,0.171,0.543,6
12,bcup,116,32,1,0.225,0.509,6
12,bcup,116,33,1,0.211,0.489,6
12,bcup,116,34,1,0.191,0.509,6
12,bcup,116,35,1,0.225,0.475,6
12,bcup,116,36,1,0.171,0.465,6
12,bcup,116,37,1,0.245,0.165,6
12,bcup,116,38,1,0.245,0.185,6
12,bcup,116,39,1,0.225,0.145,6
12,bcup,116,40,1,0.28,0.195,6
12,bcup,116,41,1,0.245,0.131,6
12,bcup,116,42,1,0.211,0.165,6
12,bcup,116,43,1,0.28,0.849,6
12,bcup,116,44,1,0.211,0.849,6
12,bcup,116,45,1,0.245,0.869,6
12,bcup,116,46,1,0.245,0.849,6
12,bcup,116,47,1,0.225,0.883,6
12,bcup,116,48,1,0.266,0.829,6
12,bcup,116,49,1,0.318,0.626,6
12,bcup,116,50,1,0.352,0.656,6
12,bcup,116,51,1,0.318,0.646,6
12,bcup,116,52,1,0.352,0.592,6
12,bcup,116,53,1,0.318,0.592,6
12,bcup,116,54,1,0.318,0.626,6
12,bcup,116,55,1,0.32,0.425,6
12,bcup,116,56,1,0.354,0.435,6
12,bcup,116,57,1,0.354,0.404,6
12,bcup,116,58,1,0.3,0.439,6
12,bcup,116,59,1,0.32,0.404,6
12,bcup,116,60,1,0.34,0.384,6
12,bcup,116,61,1,0.384,0.753,6
12,bcup,116,62,1,0.384,0.807,6
12,bcup,116,63,1,0.439,0.773,6
12,bcup,116,64,1,0.37,0.773,6
12,bcup,116,65,1,0.404,0.738,6
12,bcup,116,66,1,0.425,0.753,6
12,bcup,116,67,1,0.427,0.024,6
12,bcup,116,68,1,0.406,0.01,6
12,bcup,116,69,1,0.386,0.078,6
12,bcup,116,70,1,0.441,0.074,6
12,bcup,116,71,1,0.386,0,6
12,bcup,116,72,1,0.372,0.044,6
12,bcup,116,73,1,0.441,0.28,6
12,bcup,116,74,1,0.441,0.215,6
12,bcup,116,75,1,0.386,0.205,6
12,bcup,116,76,1,0.372,0.249,6
12,bcup,116,77,1,0.406,0.215,6
12,bcup,116,78,1,0.427,0.229,6
12,bcup,116,79,1,0.386,0.994,6
12,bcup,116,80,1,0.372,0.96,6
12,bcup,116,81,1,0.406,0.98,6
12,bcup,116,82,1,0.386,0.915,6
12,bcup,116,83,1,0.427,0.94,6
12,bcup,116,84,1,0.386,0.94,6
12,bcup,116,85,1,0.525,0.425,6
12,bcup,116,86,1,0.511,0.35,6
12,bcup,116,87,1,0.545,0.384,6
12,bcup,116,88,1,0.511,0.404,6
12,bcup,116,89,1,0.477,0.384,6
12,bcup,116,90,1,0.545,0.35,6
12,bcup,116,91,1,0.517,0.644,6
12,bcup,116,92,1,0.497,0.6,6
12,bcup,116,93,1,0.531,0.684,6
12,bcup,116,94,1,0.497,0.678,6
12,bcup,116,95,1,0.551,0.61,6
12,bcup,116,96,1,0.551,0.674,6
12,bcup,116,97,1,0.581,0.195,6
12,bcup,116,98,1,0.602,0.121,6
12,bcup,116,99,1,0.547,0.135,6
12,bcup,116,100,1,0.602,0.155,6
12,bcup,116,101,1,0.588,0.135,6
12,bcup,116,102,1,0.547,0.189,6
12,bcup,116,103,1,0.567,0.825,6
12,bcup,116,104,1,0.602,0.859,6
12,bcup,116,105,1,0.602,0.825,6
12,bcup,116,106,1,0.547,0.893,6
12,bcup,116,107,1,0.547,0.815,6
12,bcup,116,108,1,0.588,0.839,6
12,bcup,116,109,1,0.61,0.509,6
12,bcup,116,110,1,0.59,0.465,6
12,bcup,116,111,1,0.624,0.549,6
12,bcup,116,112,1,0.644,0.539,6
12,bcup,116,113,1,0.575,0.509,6
12,bcup,116,114,1,0.61,0.529,6
12,bcup,116,115,1,0.728,0.684,6
12,bcup,116,116,1,0.742,0.67,6
12,bcup,116,117,1,0.742,0.734,6
12,bcup,116,118,1,0.688,0.738,6
12,bcup,116,119,1,0.688,0.684,6
12,bcup,116,120,1,0.708,0.67,6
12,bcup,116,121,1,0.708,0.31,6
12,bcup,116,122,1,0.742,0.31,6
12,bcup,116,123,1,0.688,0.344,6
12,bcup,116,124,1,0.742,0.34,6
12,bcup,116,125,1,0.708,0.276,6
12,bcup,116,126,1,0.742,0.276,6
12,bcup,116,127,1,0.757,0.119,6
12,bcup,116,128,1,0.771,0.159,6
12,bcup,116,129,1,0.757,0.119,6
12,bcup,116,130,1,0.736,0.099,6
12,bcup,116,131,1,0.791,0.085,6
12,bcup,116,132,1,0.791,0.149,6
12,bcup,116,133,1,0.771,0.936,6
12,bcup,116,134,1,0.791,0.926,6
12,bcup,116,135,1,0.791,0.861,6
12,bcup,116,136,1,0.757,0.861,6
12,bcup,116,137,1,0.736,0.93,6
12,bcup,116,138,1,0.757,0.915,6
12,bcup,116,139,1,0.827,0.507,6
12,bcup,116,140,1,0.813,0.487,6
12,bcup,116,141,1,0.773,0.487,6
12,bcup,116,142,1,0.793,0.527,6
12,bcup,116,143,1,0.773,0.541,6
12,bcup,116,144,1,0.827,0.537,6
12,bcup,117,1,1,0.02,0.527,7
12,bcup,117,2,1,0.034,0.547,7
12,bcup,117,3,1,0.054,0.537,7
12,bcup,117,4,1,0.02,0.473,7
12,bcup,117,5,1,0,0.463,7
12,bcup,117,6,1,0,0.541,7
12,bcup,117,7,1,0.03,0.08,7
12,bcup,117,8,1,0.085,0.155,7
12,bcup,117,9,1,0.085,0.125,7
12,bcup,117,10,1,0.064,0.165,7
12,bcup,117,11,1,0.03,0.105,7
12,bcup,117,12,1,0.05,0.125,7
12,bcup,117,13,1,0.085,0.92,7
12,bcup,117,14,1,0.05,0.889,7
12,bcup,117,15,1,0.05,0.855,7
12,bcup,117,16,1,0.05,0.889,7
12,bcup,117,17,1,0.03,0.845,7
12,bcup,117,18,1,0.085,0.855,7
12,bcup,117,19,1,0.085,0.738,7
12,bcup,117,20,1,0.105,0.67,7
12,bcup,117,21,1,0.119,0.744,7
12,bcup,117,22,1,0.139,0.734,7
12,bcup,117,23,1,0.105,0.724,7
12,bcup,117,24,1,0.085,0.66,7
12,bcup,117,25,1,0.115,0.302,7
12,bcup,117,26,1,0.155,0.326,7
12,bcup,117,27,1,0.149,0.386,7
12,bcup,117,28,1,0.169,0.376,7
12,bcup,117,29,1,0.135,0.346,7
12,bcup,117,30,1,0.169,0.346,7
12,bcup,117,31,1,0.171,0.543,7
12,bcup,117,32,1,0.225,0.509,7
12,bcup,117,33,1,0.211,0.489,7
12,bcup,117,34,1,0.191,0.509,7
12,bcup,117,35,1,0.225,0.475,7
12,bcup,117,36,1,0.171,0.465,7
12,bcup,117,37,1,0.225,0.145,7
12,bcup,117,38,1,0.245,0.165,7
12,bcup,117,39,1,0.211,0.165,7
12,bcup,117,40,1,0.28,0.195,7
12,bcup,117,41,1,0.245,0.131,7
12,bcup,117,42,1,0.245,0.185,7
12,bcup,117,43,1,0.28,0.849,7
12,bcup,117,44,1,0.211,0.849,7
12,bcup,117,45,1,0.245,0.869,7
12,bcup,117,46,1,0.245,0.849,7
12,bcup,117,47,1,0.225,0.883,7
12,bcup,117,48,1,0.266,0.829,7
12,bcup,117,49,1,0.338,0.606,7
12,bcup,117,50,1,0.352,0.592,7
12,bcup,117,51,1,0.318,0.646,7
12,bcup,117,52,1,0.318,0.626,7
12,bcup,117,53,1,0.318,0.592,7
12,bcup,117,54,1,0.352,0.656,7
12,bcup,117,55,1,0.32,0.425,7
12,bcup,117,56,1,0.354,0.435,7
12,bcup,117,57,1,0.354,0.404,7
12,bcup,117,58,1,0.3,0.439,7
12,bcup,117,59,1,0.32,0.404,7
12,bcup,117,60,1,0.34,0.384,7
12,bcup,117,61,1,0.384,0.753,7
12,bcup,117,62,1,0.37,0.773,7
12,bcup,117,63,1,0.404,0.738,7
12,bcup,117,64,1,0.439,0.773,7
12,bcup,117,65,1,0.384,0.807,7
12,bcup,117,66,1,0.425,0.753,7
12,bcup,117,67,1,0.372,0.044,7
12,bcup,117,68,1,0.427,0.024,7
12,bcup,117,69,1,0.441,0.074,7
12,bcup,117,70,1,0.386,0,7
12,bcup,117,71,1,0.406,0.01,7
12,bcup,117,72,1,0.386,0.078,7
12,bcup,117,73,1,0.441,0.28,7
12,bcup,117,74,1,0.441,0.215,7
12,bcup,117,75,1,0.386,0.205,7
12,bcup,117,76,1,0.372,0.249,7
12,bcup,117,77,1,0.406,0.215,7
12,bcup,117,78,1,0.427,0.229,7
12,bcup,117,79,1,0.386,0.94,7
12,bcup,117,80,1,0.386,0.915,7
12,bcup,117,81,1,0.427,0.94,7
12,bcup,117,82,1,0.406,0.98,7
12,bcup,117,83,1,0.386,0.994,7
12,bcup,117,84,1,0.372,0.96,7
12,bcup,117,85,1,0.545,0.384,7
12,bcup,117,86,1,0.545,0.35,7
12,bcup,117,87,1,0.511,0.404,7
12,bcup,117,88,1,0.511,0.35,7
12,bcup,117,89,1,0.525,0.425,7
12,bcup,117,90,1,0.477,0.384,7
12,bcup,117,91,1,0.517,0.644,7
12,bcup,117,92,1,0.497,0.6,7
12,bcup,117,93,1,0.531,0.684,7
12,bcup,117,94,1,0.497,0.678,7
12,bcup,117,95,1,0.551,0.61,7
12,bcup,117,96,1,0.551,0.674,7
12,bcup,117,97,1,0.602,0.155,7
12,bcup,117,98,1,0.581,0.195,7
12,bcup,117,99,1,0.588,0.135,7
12,bcup,117,100,1,0.547,0.189,7
12,bcup,117,101,1,0.602,0.121,7
12,bcup,117,102,1,0.547,0.135,7
12,bcup,117,103,1,0.602,0.859,7
12,bcup,117,104,1,0.547,0.815,7
12,bcup,117,105,1,0.547,0.893,7
12,bcup,117,106,1,0.588,0.839,7
12,bcup,117,107,1,0.567,0.825,7
12,bcup,117,108,1,0.602,0.825,7
12,bcup,117,109,1,0.61,0.509,7
12,bcup,117,110,1,0.59,0.465,7
12,bcup,117,111,1,0.624,0.549,7
12,bcup,117,112,1,0.644,0.539,7
12,bcup,117,113,1,0.575,0.509,7
12,bcup,117,114,1,0.61,0.529,7
12,bcup,117,115,1,0.728,0.684,7
12,bcup,117,116,1,0.742,0.67,7
12,bcup,117,117,1,0.742,0.734,7
12,bcup,117,118,1,0.688,0.738,7
12,bcup,117,119,1,0.688,0.684,7
12,bcup,117,120,1,0.708,0.67,7
12,bcup,117,121,1,0.742,0.34,7
12,bcup,117,122,1,0.688,0.344,7
12,bcup,117,123,1,0.708,0.276,7
12,bcup,117,124,1,0.708,0.31,7
12,bcup,117,125,1,0.742,0.276,7
12,bcup,117,126,1,0.742,0.31,7
12,bcup,117,127,1,0.757,0.119,7
12,bcup,117,128,1,0.791,0.085,7
12,bcup,117,129,1,0.771,0.159,7
12,bcup,117,130,1,0.722,0.119,7
12,bcup,117,131,1,0.736,0.099,7
12,bcup,117,132,1,0.791,0.149,7
12,bcup,117,133,1,0.771,0.936,7
12,bcup,117,134,1,0.791,0.926,7
12,bcup,117,135,1,0.791,0.861,7
12,bcup,117,136,1,0.757,0.861,7
12,bcup,117,137,1,0.736,0.93,7
12,bcup,117,138,1,0.757,0.915,7
12,bcup,117,139,1,0.827,0.537,7
12,bcup,117,140,1,0.773,0.541,7
12,bcup,117,141,1,0.773,0.487,7
12,bcup,117,142,1,0.793,0.527,7
12,bcup,117,143,1,0.827,0.507,7
12,bcup,117,144,1,0.813,0.487,7
12,bcup,118,1,1,0.02,0.473,8
12,bcup,118,2,1,0,0.463,8
12,bcup,118,3,1,0.054,0.537,8
12,bcup,118,4,1,0.02,0.527,8
12,bcup,118,5,1,0.034,0.547,8
12,bcup,118,6,1,0,0.541,8
12,bcup,118,7,1,0.085,0.125,8
12,bcup,118,8,1,0.085,0.155,8
12,bcup,118,9,1,0.05,0.125,8
12,bcup,118,10,1,0.03,0.08,8
12,bcup,118,11,1,0.03,0.105,8
12,bcup,118,12,1,0.064,0.165,8
12,bcup,118,13,1,0.085,0.92,8
12,bcup,118,14,1,0.05,0.855,8
12,bcup,118,15,1,0.05,0.909,8
12,bcup,118,16,1,0.05,0.889,8
12,bcup,118,17,1,0.03,0.845,8
12,bcup,118,18,1,0.085,0.855,8
12,bcup,118,19,1,0.105,0.67,8
12,bcup,118,20,1,0.119,0.744,8
12,bcup,118,21,1,0.139,0.734,8
12,bcup,118,22,1,0.105,0.724,8
12,bcup,118,23,1,0.085,0.738,8
12,bcup,118,24,1,0.085,0.66,8
12,bcup,118,25,1,0.155,0.326,8
12,bcup,118,26,1,0.115,0.302,8
12,bcup,118,27,1,0.169,0.346,8
12,bcup,118,28,1,0.135,0.346,8
12,bcup,118,29,1,0.169,0.376,8
12,bcup,118,30,1,0.149,0.386,8
12,bcup,118,31,1,0.171,0.543,8
12,bcup,118,32,1,0.225,0.509,8
12,bcup,118,33,1,0.211,0.489,8
12,bcup,118,34,1,0.191,0.509,8
12,bcup,118,35,1,0.225,0.475,8
12,bcup,118,36,1,0.171,0.465,8
12,bcup,118,37,1,0.28,0.195,8
12,bcup,118,38,1,0.245,0.165,8
12,bcup,118,39,1,0.245,0.185,8
12,bcup,118,40,1,0.211,0.165,8
12,bcup,118,41,1,0.225,0.145,8
12,bcup,118,42,1,0.245,0.131,8
12,bcup,118,43,1,0.28,0.849,8
12,bcup,118,44,1,0.211,0.849,8
12,bcup,118,45,1,0.245,0.869,8
12,bcup,118,46,1,0.245,0.849,8
12,bcup,118,47,1,0.225,0.883,8
12,bcup,118,48,1,0.266,0.829,8
12,bcup,118,49,1,0.318,0.592,8
12,bcup,118,50,1,0.352,0.592,8
12,bcup,118,51,1,0.338,0.606,8
12,bcup,118,52,1,0.318,0.626,8
12,bcup,118,53,1,0.318,0.646,8
12,bcup,118,54,1,0.352,0.656,8
12,bcup,118,55,1,0.32,0.425,8
12,bcup,118,56,1,0.354,0.435,8
12,bcup,118,57,1,0.354,0.404,8
12,bcup,118,58,1,0.3,0.439,8
12,bcup,118,59,1,0.32,0.404,8
12,bcup,118,60,1,0.34,0.384,8
12,bcup,118,61,1,0.384,0.753,8
12,bcup,118,62,1,0.384,0.807,8
12,bcup,118,63,1,0.439,0.773,8
12,bcup,118,64,1,0.37,0.773,8
12,bcup,118,65,1,0.404,0.738,8
12,bcup,118,66,1,0.425,0.753,8
12,bcup,118,67,1,0.406,0.01,8
12,bcup,118,68,1,0.427,0.024,8
12,bcup,118,69,1,0.372,0.044,8
12,bcup,118,70,1,0.386,0,8
12,bcup,118,71,1,0.441,0.074,8
12,bcup,118,72,1,0.386,0.078,8
12,bcup,118,73,1,0.427,0.229,8
12,bcup,118,74,1,0.406,0.215,8
12,bcup,118,75,1,0.441,0.215,8
12,bcup,118,76,1,0.441,0.28,8
12,bcup,118,77,1,0.386,0.205,8
12,bcup,118,78,1,0.372,0.249,8
12,bcup,118,79,1,0.386,0.915,8
12,bcup,118,80,1,0.406,0.98,8
12,bcup,118,81,1,0.427,0.94,8
12,bcup,118,82,1,0.386,0.994,8
12,bcup,118,83,1,0.386,0.94,8
12,bcup,118,84,1,0.372,0.96,8
12,bcup,118,85,1,0.525,0.425,8
12,bcup,118,86,1,0.511,0.35,8
12,bcup,118,87,1,0.545,0.384,8
12,bcup,118,88,1,0.511,0.404,8
12,bcup,118,89,1,0.477,0.384,8
12,bcup,118,90,1,0.545,0.35,8
12,bcup,118,91,1,0.517,0.644,8
12,bcup,118,92,1,0.497,0.6,8
12,bcup,118,93,1,0.531,0.684,8
12,bcup,118,94,1,0.497,0.678,8
12,bcup,118,95,1,0.551,0.61,8
12,bcup,118,96,1,0.551,0.674,8
12,bcup,118,97,1,0.581,0.195,8
12,bcup,118,98,1,0.602,0.155,8
12,bcup,118,99,1,0.547,0.135,8
12,bcup,118,100,1,0.547,0.189,8
12,bcup,118,101,1,0.602,0.121,8
12,bcup,118,102,1,0.588,0.135,8
12,bcup,118,103,1,0.588,0.839,8
12,bcup,118,104,1,0.602,0.825,8
12,bcup,118,105,1,0.547,0.815,8
12,bcup,118,106,1,0.567,0.825,8
12,bcup,118,107,1,0.602,0.859,8
12,bcup,118,108,1,0.547,0.893,8
12,bcup,118,109,1,0.61,0.509,8
12,bcup,118,110,1,0.59,0.465,8
12,bcup,118,111,1,0.624,0.549,8
12,bcup,118,112,1,0.644,0.539,8
12,bcup,118,113,1,0.575,0.509,8
12,bcup,118,114,1,0.61,0.529,8
12,bcup,118,115,1,0.688,0.684,8
12,bcup,118,116,1,0.708,0.67,8
12,bcup,118,117,1,0.742,0.67,8
12,bcup,118,118,1,0.728,0.684,8
12,bcup,118,119,1,0.742,0.734,8
12,bcup,118,120,1,0.688,0.738,8
12,bcup,118,121,1,0.742,0.34,8
12,bcup,118,122,1,0.688,0.344,8
12,bcup,118,123,1,0.742,0.31,8
12,bcup,118,124,1,0.708,0.276,8
12,bcup,118,125,1,0.742,0.276,8
12,bcup,118,126,1,0.708,0.31,8
12,bcup,118,127,1,0.757,0.119,8
12,bcup,118,128,1,0.736,0.099,8
12,bcup,118,129,1,0.722,0.119,8
12,bcup,118,130,1,0.771,0.159,8
12,bcup,118,131,1,0.791,0.085,8
12,bcup,118,132,1,0.791,0.149,8
12,bcup,118,133,1,0.791,0.926,8
12,bcup,118,134,1,0.791,0.861,8
12,bcup,118,135,1,0.757,0.861,8
12,bcup,118,136,1,0.736,0.93,8
12,bcup,118,137,1,0.771,0.936,8
12,bcup,118,138,1,0.757,0.915,8
12,bcup,118,139,1,0.773,0.487,8
12,bcup,118,140,1,0.827,0.537,8
12,bcup,118,141,1,0.813,0.487,8
12,bcup,118,142,1,0.773,0.541,8
12,bcup,118,143,1,0.793,0.527,8
12,bcup,118,144,1,0.827,0.507,8
12,bcup,119,1,1,0.02,0.473,9
12,bcup,119,2,1,0,0.463,9
12,bcup,119,3,1,0.054,0.537,9
12,bcup,119,4,1,0.02,0.527,9
12,bcup,119,5,1,0.034,0.547,9
12,bcup,119,6,1,0,0.541,9
12,bcup,119,7,1,0.03,0.08,9
12,bcup,119,8,1,0.085,0.155,9
12,bcup,119,9,1,0.05,0.125,9
12,bcup,119,10,1,0.064,0.165,9
12,bcup,119,11,1,0.03,0.105,9
12,bcup,119,12,1,0.085,0.125,9
12,bcup,119,13,1,0.03,0.845,9
12,bcup,119,14,1,0.05,0.855,9
12,bcup,119,15,1,0.085,0.855,9
12,bcup,119,16,1,0.05,0.889,9
12,bcup,119,17,1,0.05,0.909,9
12,bcup,119,18,1,0.085,0.92,9
12,bcup,119,19,1,0.105,0.67,9
12,bcup,119,20,1,0.085,0.738,9
12,bcup,119,21,1,0.085,0.66,9
12,bcup,119,22,1,0.139,0.734,9
12,bcup,119,23,1,0.105,0.724,9
12,bcup,119,24,1,0.119,0.744,9
12,bcup,119,25,1,0.155,0.326,9
12,bcup,119,26,1,0.135,0.346,9
12,bcup,119,27,1,0.115,0.302,9
12,bcup,119,28,1,0.169,0.346,9
12,bcup,119,29,1,0.169,0.376,9
12,bcup,119,30,1,0.149,0.386,9
12,bcup,119,31,1,0.171,0.465,9
12,bcup,119,32,1,0.191,0.509,9
12,bcup,119,33,1,0.225,0.509,9
12,bcup,119,34,1,0.225,0.475,9
12,bcup,119,35,1,0.211,0.489,9
12,bcup,119,36,1,0.171,0.543,9
12,bcup,119,37,1,0.28,0.195,9
12,bcup,119,38,1,0.211,0.165,9
12,bcup,119,39,1,0.245,0.131,9
12,bcup,119,40,1,0.245,0.165,9
12,bcup,119,41,1,0.225,0.145,9
12,bcup,119,42,1,0.245,0.185,9
12,bcup,119,43,1,0.245,0.869,9
12,bcup,119,44,1,0.225,0.883,9
12,bcup,119,45,1,0.245,0.849,9
12,bcup,119,46,1,0.28,0.849,9
12,bcup,119,47,1,0.266,0.829,9
12,bcup,119,48,1,0.211,0.849,9
12,bcup,119,49,1,0.318,0.592,9
12,bcup,119,50,1,0.318,0.646,9
12,bcup,119,51,1,0.338,0.606,9
12,bcup,119,52,1,0.318,0.626,9
12,bcup,119,53,1,0.352,0.592,9
12,bcup,119,54,1,0.352,0.656,9
12,bcup,119,55,1,0.32,0.425,9
12,bcup,119,56,1,0.354,0.435,9
12,bcup,119,57,1,0.354,0.404,9
12,bcup,119,58,1,0.3,0.439,9
12,bcup,119,59,1,0.32,0.404,9
12,bcup,119,60,1,0.34,0.384,9
12,bcup,119,61,1,0.439,0.773,9
12,bcup,119,62,1,0.384,0.807,9
12,bcup,119,63,1,0.425,0.753,9
12,bcup,119,64,1,0.384,0.753,9
12,bcup,119,65,1,0.404,0.738,9
12,bcup,119,66,1,0.37,0.773,9
12,bcup,119,67,1,0.406,0.01,9
12,bcup,119,68,1,0.427,0.024,9
12,bcup,119,69,1,0.372,0.044,9
12,bcup,119,70,1,0.441,0.074,9
12,bcup,119,71,1,0.386,0,9
12,bcup,119,72,1,0.386,0.078,9
12,bcup,119,73,1,0.441,0.215,9
12,bcup,119,74,1,0.427,0.229,9
12,bcup,119,75,1,0.441,0.28,9
12,bcup,119,76,1,0.386,0.205,9
12,bcup,119,77,1,0.406,0.215,9
12,bcup,119,78,1,0.372,0.249,9
12,bcup,119,79,1,0.427,0.94,9
12,bcup,119,80,1,0.406,0.98,9
12,bcup,119,81,1,0.386,0.915,9
12,bcup,119,82,1,0.386,0.94,9
12,bcup,119,83,1,0.386,0.994,9
12,bcup,119,84,1,0.372,0.96,9
12,bcup,119,85,1,0.511,0.35,9
12,bcup,119,86,1,0.477,0.384,9
12,bcup,119,87,1,0.545,0.384,9
12,bcup,119,88,1,0.525,0.425,9
12,bcup,119,89,1,0.511,0.404,9
12,bcup,119,90,1,0.545,0.35,9
12,bcup,119,91,1,0.497,0.678,9
12,bcup,119,92,1,0.551,0.61,9
12,bcup,119,93,1,0.497,0.6,9
12,bcup,119,94,1,0.531,0.684,9
12,bcup,119,95,1,0.551,0.674,9
12,bcup,119,96,1,0.517,0.644,9
12,bcup,119,97,1,0.581,0.195,9
12,bcup,119,98,1,0.602,0.121,9
12,bcup,119,99,1,0.547,0.135,9
12,bcup,119,100,1,0.588,0.135,9
12,bcup,119,101,1,0.602,0.155,9
12,bcup,119,102,1,0.547,0.189,9
12,bcup,119,103,1,0.602,0.825,9
12,bcup,119,104,1,0.588,0.839,9
12,bcup,119,105,1,0.547,0.815,9
12,bcup,119,106,1,0.567,0.825,9
12,bcup,119,107,1,0.602,0.859,9
12,bcup,119,108,1,0.547,0.893,9
12,bcup,119,109,1,0.624,0.549,9
12,bcup,119,110,1,0.61,0.509,9
12,bcup,119,111,1,0.575,0.509,9
12,bcup,119,112,1,0.61,0.529,9
12,bcup,119,113,1,0.59,0.465,9
12,bcup,119,114,1,0.644,0.539,9
12,bcup,119,115,1,0.688,0.738,9
12,bcup,119,116,1,0.688,0.684,9
12,bcup,119,117,1,0.708,0.67,9
12,bcup,119,118,1,0.728,0.684,9
12,bcup,119,119,1,0.742,0.734,9
12,bcup,119,120,1,0.742,0.67,9
12,bcup,119,121,1,0.742,0.34,9
12,bcup,119,122,1,0.742,0.31,9
12,bcup,119,123,1,0.742,0.276,9
12,bcup,119,124,1,0.708,0.276,9
12,bcup,119,125,1,0.708,0.31,9
12,bcup,119,126,1,0.688,0.344,9
12,bcup,119,127,1,0.736,0.099,9
12,bcup,119,128,1,0.757,0.119,9
12,bcup,119,129,1,0.722,0.119,9
12,bcup,119,130,1,0.771,0.159,9
12,bcup,119,131,1,0.791,0.085,9
12,bcup,119,132,1,0.791,0.149,9
12,bcup,119,133,1,0.757,0.861,9
12,bcup,119,134,1,0.791,0.861,9
12,bcup,119,135,1,0.791,0.926,9
12,bcup,119,136,1,0.771,0.936,9
12,bcup,119,137,1,0.757,0.915,9
12,bcup,119,138,1,0.736,0.93,9
12,bcup,119,139,1,0.793,0.527,9
12,bcup,119,140,1,0.773,0.487,9
12,bcup,119,141,1,0.827,0.537,9
12,bcup,119,142,1,0.773,0.541,9
12,bcup,119,143,1,0.827,0.507,9
12,bcup,119,144,1,0.813,0.487,9
12,bcup,120,1,1,0.02,0.527,10
12,bcup,120,2,1,0.034,0.547,10
12,bcup,120,3,1,0.054,0.537,10
12,bcup,120,4,1,0,0.463,10
12,bcup,120,5,1,0.02,0.473,10
12,bcup,120,6,1,0,0.541,10
12,bcup,120,7,1,0.03,0.08,10
12,bcup,120,8,1,0.085,0.155,10
12,bcup,120,9,1,0.085,0.125,10
12,bcup,120,10,1,0.03,0.105,10
12,bcup,120,11,1,0.064,0.165,10
12,bcup,120,12,1,0.05,0.125,10
12,bcup,120,13,1,0.085,0.92,10
12,bcup,120,14,1,0.03,0.845,10
12,bcup,120,15,1,0.05,0.855,10
12,bcup,120,16,1,0.05,0.909,10
12,bcup,120,17,1,0.085,0.855,10
12,bcup,120,18,1,0.05,0.889,10
12,bcup,120,19,1,0.085,0.738,10
12,bcup,120,20,1,0.105,0.67,10
12,bcup,120,21,1,0.139,0.734,10
12,bcup,120,22,1,0.119,0.744,10
12,bcup,120,23,1,0.105,0.724,10
12,bcup,120,24,1,0.085,0.66,10
12,bcup,120,25,1,0.155,0.326,10
12,bcup,120,26,1,0.169,0.346,10
12,bcup,120,27,1,0.149,0.386,10
12,bcup,120,28,1,0.169,0.376,10
12,bcup,120,29,1,0.115,0.302,10
12,bcup,120,30,1,0.135,0.346,10
12,bcup,120,31,1,0.171,0.465,10
12,bcup,120,32,1,0.171,0.543,10
12,bcup,120,33,1,0.211,0.489,10
12,bcup,120,34,1,0.191,0.509,10
12,bcup,120,35,1,0.225,0.509,10
12,bcup,120,36,1,0.225,0.475,10
12,bcup,120,37,1,0.225,0.145,10
12,bcup,120,38,1,0.245,0.165,10
12,bcup,120,39,1,0.245,0.165,10
12,bcup,120,40,1,0.28,0.195,10
12,bcup,120,41,1,0.245,0.131,10
12,bcup,120,42,1,0.245,0.185,10
12,bcup,120,43,1,0.28,0.849,10
12,bcup,120,44,1,0.211,0.849,10
12,bcup,120,45,1,0.245,0.869,10
12,bcup,120,46,1,0.245,0.849,10
12,bcup,120,47,1,0.225,0.883,10
12,bcup,120,48,1,0.266,0.829,10
12,bcup,120,49,1,0.338,0.606,10
12,bcup,120,50,1,0.318,0.626,10
12,bcup,120,51,1,0.318,0.646,10
12,bcup,120,52,1,0.352,0.592,10
12,bcup,120,53,1,0.318,0.592,10
12,bcup,120,54,1,0.352,0.656,10
12,bcup,120,55,1,0.32,0.425,10
12,bcup,120,56,1,0.354,0.435,10
12,bcup,120,57,1,0.354,0.404,10
12,bcup,120,58,1,0.3,0.439,10
12,bcup,120,59,1,0.32,0.404,10
12,bcup,120,60,1,0.34,0.384,10
12,bcup,120,61,1,0.404,0.738,10
12,bcup,120,62,1,0.384,0.753,10
12,bcup,120,63,1,0.439,0.773,10
12,bcup,120,64,1,0.37,0.773,10
12,bcup,120,65,1,0.384,0.807,10
12,bcup,120,66,1,0.425,0.753,10
12,bcup,120,67,1,0.427,0.024,10
12,bcup,120,68,1,0.441,0.074,10
12,bcup,120,69,1,0.386,0.078,10
12,bcup,120,70,1,0.406,0.01,10
12,bcup,120,71,1,0.386,0,10
12,bcup,120,72,1,0.372,0.044,10
12,bcup,120,73,1,0.441,0.215,10
12,bcup,120,74,1,0.386,0.205,10
12,bcup,120,75,1,0.441,0.28,10
12,bcup,120,76,1,0.372,0.249,10
12,bcup,120,77,1,0.406,0.215,10
12,bcup,120,78,1,0.427,0.229,10
12,bcup,120,79,1,0.386,0.915,10
12,bcup,120,80,1,0.406,0.98,10
12,bcup,120,81,1,0.386,0.94,10
12,bcup,120,82,1,0.386,0.994,10
12,bcup,120,83,1,0.427,0.94,10
12,bcup,120,84,1,0.372,0.96,10
12,bcup,120,85,1,0.525,0.425,10
12,bcup,120,86,1,0.511,0.35,10
12,bcup,120,87,1,0.545,0.384,10
12,bcup,120,88,1,0.511,0.404,10
12,bcup,120,89,1,0.477,0.384,10
12,bcup,120,90,1,0.545,0.35,10
12,bcup,120,91,1,0.497,0.678,10
12,bcup,120,92,1,0.551,0.61,10
12,bcup,120,93,1,0.551,0.674,10
12,bcup,120,94,1,0.531,0.684,10
12,bcup,120,95,1,0.517,0.644,10
12,bcup,120,96,1,0.497,0.6,10
12,bcup,120,97,1,0.581,0.195,10
12,bcup,120,98,1,0.547,0.135,10
12,bcup,120,99,1,0.602,0.121,10
12,bcup,120,100,1,0.602,0.155,10
12,bcup,120,101,1,0.588,0.135,10
12,bcup,120,102,1,0.547,0.189,10
12,bcup,120,103,1,0.547,0.893,10
12,bcup,120,104,1,0.567,0.825,10
12,bcup,120,105,1,0.602,0.825,10
12,bcup,120,106,1,0.588,0.839,10
12,bcup,120,107,1,0.547,0.815,10
12,bcup,120,108,1,0.602,0.859,10
12,bcup,120,109,1,0.61,0.509,10
12,bcup,120,110,1,0.59,0.465,10
12,bcup,120,111,1,0.624,0.549,10
12,bcup,120,112,1,0.644,0.539,10
12,bcup,120,113,1,0.575,0.509,10
12,bcup,120,114,1,0.61,0.529,10
12,bcup,120,115,1,0.742,0.67,10
12,bcup,120,116,1,0.742,0.734,10
12,bcup,120,117,1,0.688,0.684,10
12,bcup,120,118,1,0.708,0.67,10
12,bcup,120,119,1,0.688,0.738,10
12,bcup,120,120,1,0.728,0.684,10
12,bcup,120,121,1,0.708,0.276,10
12,bcup,120,122,1,0.742,0.34,10
12,bcup,120,123,1,0.742,0.31,10
12,bcup,120,124,1,0.688,0.344,10
12,bcup,120,125,1,0.742,0.276,10
12,bcup,120,126,1,0.708,0.31,10
12,bcup,120,127,1,0.757,0.119,10
12,bcup,120,128,1,0.736,0.099,10
12,bcup,120,129,1,0.722,0.119,10
12,bcup,120,130,1,0.771,0.159,10
12,bcup,120,131,1,0.791,0.085,10
12,bcup,120,132,1,0.791,0.149,10
12,bcup,120,133,1,0.757,0.861,10
12,bcup,120,134,1,0.791,0.861,10
12,bcup,120,135,1,0.791,0.926,10
12,bcup,120,136,1,0.771,0.936,10
12,bcup,120,137,1,0.757,0.915,10
12,bcup,120,138,1,0.736,0.93,10
12,bcup,120,139,1,0.827,0.507,10
12,bcup,120,140,1,0.813,0.487,10
12,bcup,120,141,1,0.827,0.537,10
12,bcup,120,142,1,0.793,0.527,10
12,bcup,120,143,1,0.773,0.487,10
12,bcup,120,144,1,0.773,0.541,10
13,bcup,121,1,1,0.054,0.477,1
13,bcup,121,2,1,0.034,0.463,1
13,bcup,121,3,1,0.034,0.497,1
13,bcup,121,4,1,0.068,0.463,1
13,bcup,121,5,1,0,0.497,1
13,bcup,121,6,1,0.068,0.497,1
13,bcup,121,7,1,0.044,0.07,1
13,bcup,121,8,1,0.099,0.08,1
13,bcup,121,9,1,0.044,0.149,1
13,bcup,121,10,1,0.099,0.145,1
13,bcup,121,11,1,0.064,0.135,1
13,bcup,121,12,1,0.099,0.115,1
13,bcup,121,13,1,0.099,0.909,1
13,bcup,121,14,1,0.078,0.92,1
13,bcup,121,15,1,0.099,0.879,1
13,bcup,121,16,1,0.064,0.899,1
13,bcup,121,17,1,0.03,0.879,1
13,bcup,121,18,1,0.044,0.913,1
13,bcup,121,19,1,0.119,0.694,1
13,bcup,121,20,1,0.099,0.674,1
13,bcup,121,21,1,0.119,0.714,1
13,bcup,121,22,1,0.119,0.66,1
13,bcup,121,23,1,0.139,0.674,1
13,bcup,121,24,1,0.099,0.65,1
13,bcup,121,25,1,0.163,0.376,1
13,bcup,121,26,1,0.183,0.336,1
13,bcup,121,27,1,0.183,0.366,1
13,bcup,121,28,1,0.149,0.336,1
13,bcup,121,29,1,0.115,0.336,1
13,bcup,121,30,1,0.149,0.302,1
13,bcup,121,31,1,0.205,0.499,1
13,bcup,121,32,1,0.239,0.499,1
13,bcup,121,33,1,0.171,0.499,1
13,bcup,121,34,1,0.205,0.465,1
13,bcup,121,35,1,0.239,0.465,1
13,bcup,121,36,1,0.219,0.539,1
13,bcup,121,37,1,0.274,0.195,1
13,bcup,121,38,1,0.239,0.189,1
13,bcup,121,39,1,0.294,0.185,1
13,bcup,121,40,1,0.294,0.155,1
13,bcup,121,41,1,0.28,0.135,1
13,bcup,121,42,1,0.239,0.135,1
13,bcup,121,43,1,0.239,0.819,1
13,bcup,121,44,1,0.274,0.879,1
13,bcup,121,45,1,0.26,0.805,1
13,bcup,121,46,1,0.26,0.839,1
13,bcup,121,47,1,0.26,0.859,1
13,bcup,121,48,1,0.28,0.819,1
13,bcup,121,49,1,0.352,0.596,1
13,bcup,121,50,1,0.366,0.616,1
13,bcup,121,51,1,0.298,0.616,1
13,bcup,121,52,1,0.312,0.571,1
13,bcup,121,53,1,0.346,0.656,1
13,bcup,121,54,1,0.332,0.616,1
13,bcup,121,55,1,0.334,0.36,1
13,bcup,121,56,1,0.314,0.35,1
13,bcup,121,57,1,0.334,0.414,1
13,bcup,121,58,1,0.368,0.394,1
13,bcup,121,59,1,0.314,0.374,1
13,bcup,121,60,1,0.334,0.394,1
13,bcup,121,61,1,0.419,0.763,1
13,bcup,121,62,1,0.398,0.742,1
13,bcup,121,63,1,0.419,0.728,1
13,bcup,121,64,1,0.453,0.763,1
13,bcup,121,65,1,0.453,0.793,1
13,bcup,121,66,1,0.433,0.803,1
13,bcup,121,67,1,0.455,0.064,1
13,bcup,121,68,1,0.435,0.074,1
13,bcup,121,69,1,0.421,0,1
13,bcup,121,70,1,0.455,0,1
13,bcup,121,71,1,0.421,0.054,1
13,bcup,121,72,1,0.455,0.034,1
13,bcup,121,73,1,0.455,0.205,1
13,bcup,121,74,1,0.4,0.219,1
13,bcup,121,75,1,0.421,0.26,1
13,bcup,121,76,1,0.4,0.274,1
13,bcup,121,77,1,0.421,0.239,1
13,bcup,121,78,1,0.455,0.239,1
13,bcup,121,79,1,0.4,0.984,1
13,bcup,121,80,1,0.421,0.95,1
13,bcup,121,81,1,0.455,0.98,1
13,bcup,121,82,1,0.421,0.97,1
13,bcup,121,83,1,0.441,0.93,1
13,bcup,121,84,1,0.4,0.905,1
13,bcup,121,85,1,0.525,0.374,1
13,bcup,121,86,1,0.505,0.33,1
13,bcup,121,87,1,0.559,0.34,1
13,bcup,121,88,1,0.491,0.374,1
13,bcup,121,89,1,0.525,0.394,1
13,bcup,121,90,1,0.559,0.374,1
13,bcup,121,91,1,0.497,0.634,1
13,bcup,121,92,1,0.565,0.6,1
13,bcup,121,93,1,0.565,0.634,1
13,bcup,121,94,1,0.551,0.614,1
13,bcup,121,95,1,0.565,0.664,1
13,bcup,121,96,1,0.531,0.634,1
13,bcup,121,97,1,0.602,0.125,1
13,bcup,121,98,1,0.616,0.175,1
13,bcup,121,99,1,0.581,0.145,1
13,bcup,121,100,1,0.581,0.111,1
13,bcup,121,101,1,0.616,0.111,1
13,bcup,121,102,1,0.596,0.185,1
13,bcup,121,103,1,0.581,0.815,1
13,bcup,121,104,1,0.561,0.829,1
13,bcup,121,105,1,0.561,0.805,1
13,bcup,121,106,1,0.616,0.849,1
13,bcup,121,107,1,0.561,0.883,1
13,bcup,121,108,1,0.616,0.879,1
13,bcup,121,109,1,0.604,0.479,1
13,bcup,121,110,1,0.604,0.455,1
13,bcup,121,111,1,0.59,0.499,1
13,bcup,121,112,1,0.604,0.533,1
13,bcup,121,113,1,0.624,0.465,1
13,bcup,121,114,1,0.658,0.465,1
13,bcup,121,115,1,0.702,0.728,1
13,bcup,121,116,1,0.722,0.66,1
13,bcup,121,117,1,0.702,0.674,1
13,bcup,121,118,1,0.757,0.724,1
13,bcup,121,119,1,0.757,0.66,1
13,bcup,121,120,1,0.757,0.694,1
13,bcup,121,121,1,0.702,0.28,1
13,bcup,121,122,1,0.702,0.334,1
13,bcup,121,123,1,0.757,0.266,1
13,bcup,121,124,1,0.702,0.256,1
13,bcup,121,125,1,0.742,0.28,1
13,bcup,121,126,1,0.736,0.34,1
13,bcup,121,127,1,0.771,0.109,1
13,bcup,121,128,1,0.736,0.109,1
13,bcup,121,129,1,0.751,0.089,1
13,bcup,121,130,1,0.791,0.089,1
13,bcup,121,131,1,0.771,0.074,1
13,bcup,121,132,1,0.751,0.064,1
13,bcup,121,133,1,0.771,0.905,1
13,bcup,121,134,1,0.791,0.865,1
13,bcup,121,135,1,0.736,0.885,1
13,bcup,121,136,1,0.805,0.885,1
13,bcup,121,137,1,0.751,0.92,1
13,bcup,121,138,1,0.771,0.885,1
13,bcup,121,139,1,0.787,0.453,1
13,bcup,121,140,1,0.807,0.497,1
13,bcup,121,141,1,0.841,0.497,1
13,bcup,121,142,1,0.841,0.463,1
13,bcup,121,143,1,0.841,0.527,1
13,bcup,121,144,1,0.773,0.497,1
13,bcup,122,1,1,0.034,0.463,2
13,bcup,122,2,1,0.068,0.463,2
13,bcup,122,3,1,0.054,0.477,2
13,bcup,122,4,1,0,0.497,2
13,bcup,122,5,1,0.068,0.497,2
13,bcup,122,6,1,0.034,0.497,2
13,bcup,122,7,1,0.044,0.07,2
13,bcup,122,8,1,0.064,0.135,2
13,bcup,122,9,1,0.044,0.149,2
13,bcup,122,10,1,0.099,0.145,2
13,bcup,122,11,1,0.099,0.115,2
13,bcup,122,12,1,0.099,0.08,2
13,bcup,122,13,1,0.078,0.92,2
13,bcup,122,14,1,0.099,0.879,2
13,bcup,122,15,1,0.099,0.909,2
13,bcup,122,16,1,0.064,0.899,2
13,bcup,122,17,1,0.044,0.913,2
13,bcup,122,18,1,0.03,0.879,2
13,bcup,122,19,1,0.099,0.674,2
13,bcup,122,20,1,0.119,0.714,2
13,bcup,122,21,1,0.119,0.694,2
13,bcup,122,22,1,0.139,0.674,2
13,bcup,122,23,1,0.099,0.65,2
13,bcup,122,24,1,0.119,0.66,2
13,bcup,122,25,1,0.163,0.376,2
13,bcup,122,26,1,0.183,0.366,2
13,bcup,122,27,1,0.183,0.336,2
13,bcup,122,28,1,0.149,0.336,2
13,bcup,122,29,1,0.115,0.336,2
13,bcup,122,30,1,0.149,0.302,2
13,bcup,122,31,1,0.239,0.499,2
13,bcup,122,32,1,0.205,0.465,2
13,bcup,122,33,1,0.205,0.499,2
13,bcup,122,34,1,0.219,0.539,2
13,bcup,122,35,1,0.239,0.465,2
13,bcup,122,36,1,0.171,0.499,2
13,bcup,122,37,1,0.239,0.189,2
13,bcup,122,38,1,0.274,0.195,2
13,bcup,122,39,1,0.294,0.185,2
13,bcup,122,40,1,0.294,0.155,2
13,bcup,122,41,1,0.28,0.135,2
13,bcup,122,42,1,0.239,0.135,2
13,bcup,122,43,1,0.28,0.819,2
13,bcup,122,44,1,0.26,0.859,2
13,bcup,122,45,1,0.239,0.819,2
13,bcup,122,46,1,0.26,0.805,2
13,bcup,122,47,1,0.26,0.839,2
13,bcup,122,48,1,0.274,0.879,2
13,bcup,122,49,1,0.366,0.616,2
13,bcup,122,50,1,0.352,0.596,2
13,bcup,122,51,1,0.346,0.656,2
13,bcup,122,52,1,0.332,0.616,2
13,bcup,122,53,1,0.312,0.571,2
13,bcup,122,54,1,0.298,0.616,2
13,bcup,122,55,1,0.368,0.394,2
13,bcup,122,56,1,0.334,0.36,2
13,bcup,122,57,1,0.334,0.414,2
13,bcup,122,58,1,0.368,0.425,2
13,bcup,122,59,1,0.314,0.35,2
13,bcup,122,60,1,0.314,0.374,2
13,bcup,122,61,1,0.419,0.728,2
13,bcup,122,62,1,0.398,0.742,2
13,bcup,122,63,1,0.419,0.763,2
13,bcup,122,64,1,0.453,0.763,2
13,bcup,122,65,1,0.453,0.793,2
13,bcup,122,66,1,0.433,0.803,2
13,bcup,122,67,1,0.421,0.054,2
13,bcup,122,68,1,0.455,0.034,2
13,bcup,122,69,1,0.435,0.074,2
13,bcup,122,70,1,0.455,0.064,2
13,bcup,122,71,1,0.421,0,2
13,bcup,122,72,1,0.455,0,2
13,bcup,122,73,1,0.441,0.219,2
13,bcup,122,74,1,0.421,0.26,2
13,bcup,122,75,1,0.455,0.205,2
13,bcup,122,76,1,0.4,0.219,2
13,bcup,122,77,1,0.4,0.274,2
13,bcup,122,78,1,0.455,0.239,2
13,bcup,122,79,1,0.4,0.984,2
13,bcup,122,80,1,0.421,0.95,2
13,bcup,122,81,1,0.455,0.98,2
13,bcup,122,82,1,0.421,0.97,2
13,bcup,122,83,1,0.441,0.93,2
13,bcup,122,84,1,0.4,0.905,2
13,bcup,122,85,1,0.525,0.374,2
13,bcup,122,86,1,0.505,0.33,2
13,bcup,122,87,1,0.559,0.34,2
13,bcup,122,88,1,0.491,0.374,2
13,bcup,122,89,1,0.525,0.394,2
13,bcup,122,90,1,0.559,0.374,2
13,bcup,122,91,1,0.497,0.634,2
13,bcup,122,92,1,0.551,0.614,2
13,bcup,122,93,1,0.565,0.664,2
13,bcup,122,94,1,0.565,0.634,2
13,bcup,122,95,1,0.531,0.634,2
13,bcup,122,96,1,0.565,0.6,2
13,bcup,122,97,1,0.616,0.175,2
13,bcup,122,98,1,0.581,0.111,2
13,bcup,122,99,1,0.596,0.185,2
13,bcup,122,100,1,0.616,0.111,2
13,bcup,122,101,1,0.581,0.145,2
13,bcup,122,102,1,0.602,0.125,2
13,bcup,122,103,1,0.581,0.815,2
13,bcup,122,104,1,0.561,0.829,2
13,bcup,122,105,1,0.561,0.805,2
13,bcup,122,106,1,0.616,0.849,2
13,bcup,122,107,1,0.561,0.883,2
13,bcup,122,108,1,0.616,0.879,2
13,bcup,122,109,1,0.604,0.479,2
13,bcup,122,110,1,0.604,0.455,2
13,bcup,122,111,1,0.59,0.499,2
13,bcup,122,112,1,0.604,0.533,2
13,bcup,122,113,1,0.624,0.465,2
13,bcup,122,114,1,0.658,0.465,2
13,bcup,122,115,1,0.702,0.728,2
13,bcup,122,116,1,0.722,0.66,2
13,bcup,122,117,1,0.702,0.674,2
13,bcup,122,118,1,0.757,0.724,2
13,bcup,122,119,1,0.757,0.66,2
13,bcup,122,120,1,0.757,0.694,2
13,bcup,122,121,1,0.702,0.28,2
13,bcup,122,122,1,0.702,0.334,2
13,bcup,122,123,1,0.757,0.266,2
13,bcup,122,124,1,0.702,0.256,2
13,bcup,122,125,1,0.742,0.28,2
13,bcup,122,126,1,0.736,0.34,2
13,bcup,122,127,1,0.771,0.109,2
13,bcup,122,128,1,0.736,0.109,2
13,bcup,122,129,1,0.751,0.089,2
13,bcup,122,130,1,0.791,0.089,2
13,bcup,122,131,1,0.771,0.074,2
13,bcup,122,132,1,0.751,0.064,2
13,bcup,122,133,1,0.771,0.905,2
13,bcup,122,134,1,0.791,0.865,2
13,bcup,122,135,1,0.736,0.885,2
13,bcup,122,136,1,0.805,0.885,2
13,bcup,122,137,1,0.751,0.92,2
13,bcup,122,138,1,0.771,0.885,2
13,bcup,122,139,1,0.787,0.453,2
13,bcup,122,140,1,0.807,0.497,2
13,bcup,122,141,1,0.841,0.497,2
13,bcup,122,142,1,0.841,0.463,2
13,bcup,122,143,1,0.841,0.527,2
13,bcup,122,144,1,0.773,0.497,2
13,bcup,123,1,1,0.054,0.477,3
13,bcup,123,2,1,0.034,0.463,3
13,bcup,123,3,1,0.034,0.497,3
13,bcup,123,4,1,0.068,0.463,3
13,bcup,123,5,1,0,0.497,3
13,bcup,123,6,1,0.068,0.497,3
13,bcup,123,7,1,0.099,0.115,3
13,bcup,123,8,1,0.064,0.135,3
13,bcup,123,9,1,0.099,0.08,3
13,bcup,123,10,1,0.044,0.07,3
13,bcup,123,11,1,0.044,0.149,3
13,bcup,123,12,1,0.099,0.145,3
13,bcup,123,13,1,0.099,0.909,3
13,bcup,123,14,1,0.078,0.92,3
13,bcup,123,15,1,0.099,0.879,3
13,bcup,123,16,1,0.064,0.899,3
13,bcup,123,17,1,0.03,0.879,3
13,bcup,123,18,1,0.044,0.913,3
13,bcup,123,19,1,0.119,0.694,3
13,bcup,123,20,1,0.099,0.674,3
13,bcup,123,21,1,0.119,0.714,3
13,bcup,123,22,1,0.119,0.66,3
13,bcup,123,23,1,0.139,0.674,3
13,bcup,123,24,1,0.099,0.65,3
13,bcup,123,25,1,0.183,0.366,3
13,bcup,123,26,1,0.163,0.376,3
13,bcup,123,27,1,0.183,0.336,3
13,bcup,123,28,1,0.149,0.336,3
13,bcup,123,29,1,0.115,0.336,3
13,bcup,123,30,1,0.149,0.302,3
13,bcup,123,31,1,0.205,0.499,3
13,bcup,123,32,1,0.239,0.499,3
13,bcup,123,33,1,0.171,0.499,3
13,bcup,123,34,1,0.205,0.465,3
13,bcup,123,35,1,0.239,0.465,3
13,bcup,123,36,1,0.219,0.539,3
13,bcup,123,37,1,0.274,0.195,3
13,bcup,123,38,1,0.239,0.189,3
13,bcup,123,39,1,0.239,0.135,3
13,bcup,123,40,1,0.294,0.155,3
13,bcup,123,41,1,0.28,0.135,3
13,bcup,123,42,1,0.294,0.185,3
13,bcup,123,43,1,0.239,0.819,3
13,bcup,123,44,1,0.274,0.879,3
13,bcup,123,45,1,0.26,0.805,3
13,bcup,123,46,1,0.26,0.839,3
13,bcup,123,47,1,0.26,0.859,3
13,bcup,123,48,1,0.28,0.819,3
13,bcup,123,49,1,0.366,0.616,3
13,bcup,123,50,1,0.352,0.596,3
13,bcup,123,51,1,0.346,0.656,3
13,bcup,123,52,1,0.298,0.616,3
13,bcup,123,53,1,0.332,0.616,3
13,bcup,123,54,1,0.312,0.571,3
13,bcup,123,55,1,0.368,0.394,3
13,bcup,123,56,1,0.334,0.36,3
13,bcup,123,57,1,0.334,0.414,3
13,bcup,123,58,1,0.368,0.425,3
13,bcup,123,59,1,0.314,0.35,3
13,bcup,123,60,1,0.314,0.374,3
13,bcup,123,61,1,0.419,0.728,3
13,bcup,123,62,1,0.398,0.742,3
13,bcup,123,63,1,0.419,0.763,3
13,bcup,123,64,1,0.453,0.763,3
13,bcup,123,65,1,0.453,0.793,3
13,bcup,123,66,1,0.433,0.803,3
13,bcup,123,67,1,0.421,0,3
13,bcup,123,68,1,0.455,0,3
13,bcup,123,69,1,0.435,0.074,3
13,bcup,123,70,1,0.455,0.064,3
13,bcup,123,71,1,0.455,0.034,3
13,bcup,123,72,1,0.421,0.054,3
13,bcup,123,73,1,0.455,0.239,3
13,bcup,123,74,1,0.441,0.219,3
13,bcup,123,75,1,0.421,0.26,3
13,bcup,123,76,1,0.455,0.205,3
13,bcup,123,77,1,0.4,0.219,3
13,bcup,123,78,1,0.4,0.274,3
13,bcup,123,79,1,0.441,0.93,3
13,bcup,123,80,1,0.455,0.98,3
13,bcup,123,81,1,0.4,0.905,3
13,bcup,123,82,1,0.421,0.97,3
13,bcup,123,83,1,0.4,0.984,3
13,bcup,123,84,1,0.421,0.95,3
13,bcup,123,85,1,0.559,0.34,3
13,bcup,123,86,1,0.559,0.374,3
13,bcup,123,87,1,0.505,0.33,3
13,bcup,123,88,1,0.525,0.394,3
13,bcup,123,89,1,0.491,0.374,3
13,bcup,123,90,1,0.525,0.374,3
13,bcup,123,91,1,0.551,0.614,3
13,bcup,123,92,1,0.497,0.634,3
13,bcup,123,93,1,0.565,0.664,3
13,bcup,123,94,1,0.565,0.6,3
13,bcup,123,95,1,0.531,0.634,3
13,bcup,123,96,1,0.565,0.634,3
13,bcup,123,97,1,0.596,0.185,3
13,bcup,123,98,1,0.581,0.145,3
13,bcup,123,99,1,0.616,0.175,3
13,bcup,123,100,1,0.602,0.125,3
13,bcup,123,101,1,0.616,0.111,3
13,bcup,123,102,1,0.581,0.145,3
13,bcup,123,103,1,0.561,0.805,3
13,bcup,123,104,1,0.581,0.815,3
13,bcup,123,105,1,0.561,0.829,3
13,bcup,123,106,1,0.616,0.879,3
13,bcup,123,107,1,0.616,0.849,3
13,bcup,123,108,1,0.561,0.883,3
13,bcup,123,109,1,0.59,0.499,3
13,bcup,123,110,1,0.604,0.533,3
13,bcup,123,111,1,0.604,0.455,3
13,bcup,123,112,1,0.604,0.479,3
13,bcup,123,113,1,0.624,0.465,3
13,bcup,123,114,1,0.658,0.465,3
13,bcup,123,115,1,0.702,0.728,3
13,bcup,123,116,1,0.757,0.66,3
13,bcup,123,117,1,0.757,0.694,3
13,bcup,123,118,1,0.722,0.66,3
13,bcup,123,119,1,0.757,0.724,3
13,bcup,123,120,1,0.702,0.674,3
13,bcup,123,121,1,0.742,0.28,3
13,bcup,123,122,1,0.702,0.28,3
13,bcup,123,123,1,0.702,0.256,3
13,bcup,123,124,1,0.736,0.34,3
13,bcup,123,125,1,0.757,0.266,3
13,bcup,123,126,1,0.702,0.334,3
13,bcup,123,127,1,0.736,0.109,3
13,bcup,123,128,1,0.771,0.109,3
13,bcup,123,129,1,0.771,0.074,3
13,bcup,123,130,1,0.751,0.089,3
13,bcup,123,131,1,0.791,0.089,3
13,bcup,123,132,1,0.751,0.064,3
13,bcup,123,133,1,0.736,0.885,3
13,bcup,123,134,1,0.751,0.92,3
13,bcup,123,135,1,0.771,0.905,3
13,bcup,123,136,1,0.771,0.885,3
13,bcup,123,137,1,0.791,0.865,3
13,bcup,123,138,1,0.805,0.885,3
13,bcup,123,139,1,0.807,0.497,3
13,bcup,123,140,1,0.841,0.497,3
13,bcup,123,141,1,0.841,0.527,3
13,bcup,123,142,1,0.841,0.463,3
13,bcup,123,143,1,0.773,0.497,3
13,bcup,123,144,1,0.787,0.453,3
13,bcup,124,1,1,0.054,0.477,4
13,bcup,124,2,1,0.034,0.463,4
13,bcup,124,3,1,0.034,0.497,4
13,bcup,124,4,1,0.068,0.463,4
13,bcup,124,5,1,0,0.497,4
13,bcup,124,6,1,0.068,0.497,4
13,bcup,124,7,1,0.099,0.115,4
13,bcup,124,8,1,0.064,0.135,4
13,bcup,124,9,1,0.099,0.08,4
13,bcup,124,10,1,0.044,0.07,4
13,bcup,124,11,1,0.044,0.149,4
13,bcup,124,12,1,0.099,0.145,4
13,bcup,124,13,1,0.099,0.909,4
13,bcup,124,14,1,0.078,0.92,4
13,bcup,124,15,1,0.099,0.879,4
13,bcup,124,16,1,0.064,0.899,4
13,bcup,124,17,1,0.03,0.879,4
13,bcup,124,18,1,0.044,0.913,4
13,bcup,124,19,1,0.119,0.694,4
13,bcup,124,20,1,0.099,0.674,4
13,bcup,124,21,1,0.119,0.714,4
13,bcup,124,22,1,0.119,0.66,4
13,bcup,124,23,1,0.139,0.674,4
13,bcup,124,24,1,0.099,0.65,4
13,bcup,124,25,1,0.183,0.366,4
13,bcup,124,26,1,0.163,0.376,4
13,bcup,124,27,1,0.183,0.336,4
13,bcup,124,28,1,0.149,0.336,4
13,bcup,124,29,1,0.115,0.336,4
13,bcup,124,30,1,0.149,0.302,4
13,bcup,124,31,1,0.205,0.499,4
13,bcup,124,32,1,0.239,0.499,4
13,bcup,124,33,1,0.171,0.499,4
13,bcup,124,34,1,0.205,0.465,4
13,bcup,124,35,1,0.239,0.465,4
13,bcup,124,36,1,0.219,0.539,4
13,bcup,124,37,1,0.274,0.195,4
13,bcup,124,38,1,0.239,0.189,4
13,bcup,124,39,1,0.239,0.135,4
13,bcup,124,40,1,0.294,0.155,4
13,bcup,124,41,1,0.28,0.135,4
13,bcup,124,42,1,0.294,0.185,4
13,bcup,124,43,1,0.239,0.819,4
13,bcup,124,44,1,0.274,0.879,4
13,bcup,124,45,1,0.26,0.805,4
13,bcup,124,46,1,0.26,0.839,4
13,bcup,124,47,1,0.26,0.859,4
13,bcup,124,48,1,0.28,0.819,4
13,bcup,124,49,1,0.366,0.616,4
13,bcup,124,50,1,0.352,0.596,4
13,bcup,124,51,1,0.346,0.656,4
13,bcup,124,52,1,0.312,0.571,4
13,bcup,124,53,1,0.332,0.616,4
13,bcup,124,54,1,0.298,0.616,4
13,bcup,124,55,1,0.368,0.394,4
13,bcup,124,56,1,0.334,0.36,4
13,bcup,124,57,1,0.334,0.414,4
13,bcup,124,58,1,0.368,0.425,4
13,bcup,124,59,1,0.314,0.35,4
13,bcup,124,60,1,0.314,0.374,4
13,bcup,124,61,1,0.453,0.763,4
13,bcup,124,62,1,0.453,0.793,4
13,bcup,124,63,1,0.433,0.803,4
13,bcup,124,64,1,0.419,0.763,4
13,bcup,124,65,1,0.398,0.742,4
13,bcup,124,66,1,0.419,0.728,4
13,bcup,124,67,1,0.421,0.054,4
13,bcup,124,68,1,0.455,0.034,4
13,bcup,124,69,1,0.435,0.074,4
13,bcup,124,70,1,0.455,0.064,4
13,bcup,124,71,1,0.421,0,4
13,bcup,124,72,1,0.455,0,4
13,bcup,124,73,1,0.455,0.239,4
13,bcup,124,74,1,0.421,0.26,4
13,bcup,124,75,1,0.455,0.205,4
13,bcup,124,76,1,0.441,0.219,4
13,bcup,124,77,1,0.4,0.274,4
13,bcup,124,78,1,0.4,0.219,4
13,bcup,124,79,1,0.4,0.984,4
13,bcup,124,80,1,0.421,0.95,4
13,bcup,124,81,1,0.455,0.98,4
13,bcup,124,82,1,0.421,0.97,4
13,bcup,124,83,1,0.441,0.93,4
13,bcup,124,84,1,0.4,0.905,4
13,bcup,124,85,1,0.525,0.374,4
13,bcup,124,86,1,0.505,0.33,4
13,bcup,124,87,1,0.559,0.34,4
13,bcup,124,88,1,0.491,0.374,4
13,bcup,124,89,1,0.525,0.394,4
13,bcup,124,90,1,0.559,0.374,4
13,bcup,124,91,1,0.497,0.634,4
13,bcup,124,92,1,0.551,0.614,4
13,bcup,124,93,1,0.565,0.664,4
13,bcup,124,94,1,0.565,0.634,4
13,bcup,124,95,1,0.531,0.634,4
13,bcup,124,96,1,0.565,0.6,4
13,bcup,124,97,1,0.616,0.175,4
13,bcup,124,98,1,0.581,0.145,4
13,bcup,124,99,1,0.581,0.111,4
13,bcup,124,100,1,0.602,0.125,4
13,bcup,124,101,1,0.596,0.185,4
13,bcup,124,102,1,0.616,0.111,4
13,bcup,124,103,1,0.561,0.829,4
13,bcup,124,104,1,0.561,0.805,4
13,bcup,124,105,1,0.581,0.815,4
13,bcup,124,106,1,0.616,0.879,4
13,bcup,124,107,1,0.616,0.849,4
13,bcup,124,108,1,0.561,0.883,4
13,bcup,124,109,1,0.604,0.533,4
13,bcup,124,110,1,0.59,0.499,4
13,bcup,124,111,1,0.624,0.465,4
13,bcup,124,112,1,0.658,0.465,4
13,bcup,124,113,1,0.604,0.455,4
13,bcup,124,114,1,0.604,0.479,4
13,bcup,124,115,1,0.702,0.728,4
13,bcup,124,116,1,0.757,0.66,4
13,bcup,124,117,1,0.757,0.694,4
13,bcup,124,118,1,0.722,0.66,4
13,bcup,124,119,1,0.757,0.724,4
13,bcup,124,120,1,0.702,0.674,4
13,bcup,124,121,1,0.757,0.266,4
13,bcup,124,122,1,0.702,0.28,4
13,bcup,124,123,1,0.736,0.34,4
13,bcup,124,124,1,0.702,0.256,4
13,bcup,124,125,1,0.742,0.28,4
13,bcup,124,126,1,0.702,0.334,4
13,bcup,124,127,1,0.751,0.064,4
13,bcup,124,128,1,0.771,0.109,4
13,bcup,124,129,1,0.751,0.089,4
13,bcup,124,130,1,0.771,0.074,4
13,bcup,124,131,1,0.791,0.089,4
13,bcup,124,132,1,0.736,0.109,4
13,bcup,124,133,1,0.805,0.885,4
13,bcup,124,134,1,0.771,0.905,4
13,bcup,124,135,1,0.771,0.885,4
13,bcup,124,136,1,0.791,0.865,4
13,bcup,124,137,1,0.751,0.92,4
13,bcup,124,138,1,0.736,0.885,4
13,bcup,124,139,1,0.841,0.463,4
13,bcup,124,140,1,0.773,0.497,4
13,bcup,124,141,1,0.807,0.497,4
13,bcup,124,142,1,0.841,0.497,4
13,bcup,124,143,1,0.787,0.453,4
13,bcup,124,144,1,0.841,0.527,4
13,bcup,125,1,1,0.054,0.477,5
13,bcup,125,2,1,0.034,0.463,5
13,bcup,125,3,1,0.034,0.497,5
13,bcup,125,4,1,0.068,0.463,5
13,bcup,125,5,1,0,0.497,5
13,bcup,125,6,1,0.068,0.497,5
13,bcup,125,7,1,0.064,0.135,5
13,bcup,125,8,1,0.044,0.149,5
13,bcup,125,9,1,0.099,0.08,5
13,bcup,125,10,1,0.044,0.07,5
13,bcup,125,11,1,0.099,0.145,5
13,bcup,125,12,1,0.099,0.115,5
13,bcup,125,13,1,0.099,0.909,5
13,bcup,125,14,1,0.078,0.92,5
13,bcup,125,15,1,0.099,0.879,5
13,bcup,125,16,1,0.064,0.899,5
13,bcup,125,17,1,0.03,0.879,5
13,bcup,125,18,1,0.044,0.913,5
13,bcup,125,19,1,0.119,0.694,5
13,bcup,125,20,1,0.099,0.674,5
13,bcup,125,21,1,0.119,0.714,5
13,bcup,125,22,1,0.119,0.66,5
13,bcup,125,23,1,0.139,0.674,5
13,bcup,125,24,1,0.099,0.65,5
13,bcup,125,25,1,0.183,0.366,5
13,bcup,125,26,1,0.163,0.376,5
13,bcup,125,27,1,0.183,0.336,5
13,bcup,125,28,1,0.149,0.336,5
13,bcup,125,29,1,0.115,0.336,5
13,bcup,125,30,1,0.149,0.302,5
13,bcup,125,31,1,0.205,0.465,5
13,bcup,125,32,1,0.205,0.499,5
13,bcup,125,33,1,0.239,0.465,5
13,bcup,125,34,1,0.219,0.539,5
13,bcup,125,35,1,0.239,0.499,5
13,bcup,125,36,1,0.171,0.499,5
13,bcup,125,37,1,0.28,0.135,5
13,bcup,125,38,1,0.294,0.185,5
13,bcup,125,39,1,0.274,0.195,5
13,bcup,125,40,1,0.239,0.135,5
13,bcup,125,41,1,0.239,0.189,5
13,bcup,125,42,1,0.294,0.155,5
13,bcup,125,43,1,0.239,0.819,5
13,bcup,125,44,1,0.274,0.879,5
13,bcup,125,45,1,0.26,0.805,5
13,bcup,125,46,1,0.26,0.839,5
13,bcup,125,47,1,0.26,0.859,5
13,bcup,125,48,1,0.28,0.819,5
13,bcup,125,49,1,0.366,0.616,5
13,bcup,125,50,1,0.352,0.596,5
13,bcup,125,51,1,0.346,0.656,5
13,bcup,125,52,1,0.332,0.616,5
13,bcup,125,53,1,0.312,0.571,5
13,bcup,125,54,1,0.298,0.616,5
13,bcup,125,55,1,0.334,0.414,5
13,bcup,125,56,1,0.314,0.374,5
13,bcup,125,57,1,0.368,0.394,5
13,bcup,125,58,1,0.334,0.36,5
13,bcup,125,59,1,0.314,0.35,5
13,bcup,125,60,1,0.368,0.425,5
13,bcup,125,61,1,0.419,0.763,5
13,bcup,125,62,1,0.398,0.742,5
13,bcup,125,63,1,0.419,0.728,5
13,bcup,125,64,1,0.453,0.763,5
13,bcup,125,65,1,0.453,0.793,5
13,bcup,125,66,1,0.433,0.803,5
13,bcup,125,67,1,0.435,0.074,5
13,bcup,125,68,1,0.421,0,5
13,bcup,125,69,1,0.421,0.054,5
13,bcup,125,70,1,0.455,0.034,5
13,bcup,125,71,1,0.455,0,5
13,bcup,125,72,1,0.455,0.064,5
13,bcup,125,73,1,0.455,0.205,5
13,bcup,125,74,1,0.4,0.219,5
13,bcup,125,75,1,0.441,0.219,5
13,bcup,125,76,1,0.4,0.274,5
13,bcup,125,77,1,0.455,0.239,5
13,bcup,125,78,1,0.421,0.26,5
13,bcup,125,79,1,0.4,0.984,5
13,bcup,125,80,1,0.421,0.95,5
13,bcup,125,81,1,0.455,0.98,5
13,bcup,125,82,1,0.421,0.97,5
13,bcup,125,83,1,0.441,0.93,5
13,bcup,125,84,1,0.4,0.905,5
13,bcup,125,85,1,0.559,0.34,5
13,bcup,125,86,1,0.505,0.33,5
13,bcup,125,87,1,0.525,0.374,5
13,bcup,125,88,1,0.491,0.374,5
13,bcup,125,89,1,0.525,0.394,5
13,bcup,125,90,1,0.559,0.374,5
13,bcup,125,91,1,0.497,0.634,5
13,bcup,125,92,1,0.565,0.6,5
13,bcup,125,93,1,0.565,0.634,5
13,bcup,125,94,1,0.551,0.614,5
13,bcup,125,95,1,0.565,0.664,5
13,bcup,125,96,1,0.531,0.634,5
13,bcup,125,97,1,0.581,0.145,5
13,bcup,125,98,1,0.616,0.175,5
13,bcup,125,99,1,0.602,0.125,5
13,bcup,125,100,1,0.581,0.111,5
13,bcup,125,101,1,0.616,0.111,5
13,bcup,125,102,1,0.596,0.185,5
13,bcup,125,103,1,0.581,0.815,5
13,bcup,125,104,1,0.561,0.829,5
13,bcup,125,105,1,0.561,0.805,5
13,bcup,125,106,1,0.616,0.849,5
13,bcup,125,107,1,0.561,0.883,5
13,bcup,125,108,1,0.616,0.879,5
13,bcup,125,109,1,0.604,0.533,5
13,bcup,125,110,1,0.59,0.499,5
13,bcup,125,111,1,0.624,0.465,5
13,bcup,125,112,1,0.658,0.465,5
13,bcup,125,113,1,0.604,0.455,5
13,bcup,125,114,1,0.604,0.479,5
13,bcup,125,115,1,0.702,0.728,5
13,bcup,125,116,1,0.722,0.66,5
13,bcup,125,117,1,0.702,0.674,5
13,bcup,125,118,1,0.757,0.724,5
13,bcup,125,119,1,0.757,0.66,5
13,bcup,125,120,1,0.757,0.694,5
13,bcup,125,121,1,0.702,0.334,5
13,bcup,125,122,1,0.736,0.34,5
13,bcup,125,123,1,0.702,0.256,5
13,bcup,125,124,1,0.702,0.28,5
13,bcup,125,125,1,0.757,0.266,5
13,bcup,125,126,1,0.742,0.28,5
13,bcup,125,127,1,0.751,0.064,5
13,bcup,125,128,1,0.771,0.109,5
13,bcup,125,129,1,0.736,0.109,5
13,bcup,125,130,1,0.771,0.074,5
13,bcup,125,131,1,0.791,0.089,5
13,bcup,125,132,1,0.751,0.089,5
13,bcup,125,133,1,0.771,0.905,5
13,bcup,125,134,1,0.791,0.865,5
13,bcup,125,135,1,0.736,0.885,5
13,bcup,125,136,1,0.805,0.885,5
13,bcup,125,137,1,0.751,0.92,5
13,bcup,125,138,1,0.771,0.885,5
13,bcup,125,139,1,0.841,0.463,5
13,bcup,125,140,1,0.841,0.527,5
13,bcup,125,141,1,0.807,0.497,5
13,bcup,125,142,1,0.787,0.453,5
13,bcup,125,143,1,0.841,0.497,5
13,bcup,125,144,1,0.773,0.497,5
13,bcup,126,1,1,0.054,0.477,6
13,bcup,126,2,1,0.034,0.463,6
13,bcup,126,3,1,0.034,0.497,6
13,bcup,126,4,1,0.068,0.463,6
13,bcup,126,5,1,0,0.497,6
13,bcup,126,6,1,0.068,0.497,6
13,bcup,126,7,1,0.099,0.115,6
13,bcup,126,8,1,0.064,0.135,6
13,bcup,126,9,1,0.099,0.08,6
13,bcup,126,10,1,0.044,0.07,6
13,bcup,126,11,1,0.044,0.149,6
13,bcup,126,12,1,0.099,0.145,6
13,bcup,126,13,1,0.078,0.92,6
13,bcup,126,14,1,0.099,0.879,6
13,bcup,126,15,1,0.099,0.909,6
13,bcup,126,16,1,0.064,0.899,6
13,bcup,126,17,1,0.044,0.913,6
13,bcup,126,18,1,0.03,0.879,6
13,bcup,126,19,1,0.099,0.65,6
13,bcup,126,20,1,0.119,0.66,6
13,bcup,126,21,1,0.119,0.714,6
13,bcup,126,22,1,0.139,0.674,6
13,bcup,126,23,1,0.119,0.694,6
13,bcup,126,24,1,0.099,0.674,6
13,bcup,126,25,1,0.183,0.366,6
13,bcup,126,26,1,0.163,0.376,6
13,bcup,126,27,1,0.183,0.336,6
13,bcup,126,28,1,0.149,0.336,6
13,bcup,126,29,1,0.115,0.336,6
13,bcup,126,30,1,0.149,0.302,6
13,bcup,126,31,1,0.205,0.465,6
13,bcup,126,32,1,0.205,0.499,6
13,bcup,126,33,1,0.219,0.539,6
13,bcup,126,34,1,0.239,0.465,6
13,bcup,126,35,1,0.239,0.499,6
13,bcup,126,36,1,0.171,0.499,6
13,bcup,126,37,1,0.274,0.195,6
13,bcup,126,38,1,0.239,0.189,6
13,bcup,126,39,1,0.239,0.135,6
13,bcup,126,40,1,0.294,0.155,6
13,bcup,126,41,1,0.28,0.135,6
13,bcup,126,42,1,0.294,0.185,6
13,bcup,126,43,1,0.239,0.819,6
13,bcup,126,44,1,0.28,0.819,6
13,bcup,126,45,1,0.274,0.879,6
13,bcup,126,46,1,0.26,0.839,6
13,bcup,126,47,1,0.26,0.859,6
13,bcup,126,48,1,0.26,0.805,6
13,bcup,126,49,1,0.366,0.616,6
13,bcup,126,50,1,0.352,0.596,6
13,bcup,126,51,1,0.346,0.656,6
13,bcup,126,52,1,0.312,0.571,6
13,bcup,126,53,1,0.332,0.616,6
13,bcup,126,54,1,0.298,0.616,6
13,bcup,126,55,1,0.368,0.394,6
13,bcup,126,56,1,0.334,0.36,6
13,bcup,126,57,1,0.334,0.414,6
13,bcup,126,58,1,0.368,0.425,6
13,bcup,126,59,1,0.314,0.35,6
13,bcup,126,60,1,0.314,0.374,6
13,bcup,126,61,1,0.419,0.728,6
13,bcup,126,62,1,0.419,0.763,6
13,bcup,126,63,1,0.398,0.742,6
13,bcup,126,64,1,0.453,0.763,6
13,bcup,126,65,1,0.453,0.793,6
13,bcup,126,66,1,0.433,0.803,6
13,bcup,126,67,1,0.421,0.054,6
13,bcup,126,68,1,0.455,0.034,6
13,bcup,126,69,1,0.435,0.074,6
13,bcup,126,70,1,0.455,0.064,6
13,bcup,126,71,1,0.421,0,6
13,bcup,126,72,1,0.455,0,6
13,bcup,126,73,1,0.455,0.239,6
13,bcup,126,74,1,0.441,0.219,6
13,bcup,126,75,1,0.421,0.26,6
13,bcup,126,76,1,0.455,0.205,6
13,bcup,126,77,1,0.4,0.219,6
13,bcup,126,78,1,0.4,0.274,6
13,bcup,126,79,1,0.441,0.93,6
13,bcup,126,80,1,0.455,0.98,6
13,bcup,126,81,1,0.4,0.905,6
13,bcup,126,82,1,0.421,0.97,6
13,bcup,126,83,1,0.421,0.95,6
13,bcup,126,84,1,0.4,0.984,6
13,bcup,126,85,1,0.525,0.374,6
13,bcup,126,86,1,0.505,0.33,6
13,bcup,126,87,1,0.559,0.34,6
13,bcup,126,88,1,0.491,0.374,6
13,bcup,126,89,1,0.525,0.394,6
13,bcup,126,90,1,0.559,0.374,6
13,bcup,126,91,1,0.497,0.634,6
13,bcup,126,92,1,0.565,0.6,6
13,bcup,126,93,1,0.565,0.634,6
13,bcup,126,94,1,0.551,0.614,6
13,bcup,126,95,1,0.565,0.664,6
13,bcup,126,96,1,0.531,0.634,6
13,bcup,126,97,1,0.616,0.175,6
13,bcup,126,98,1,0.581,0.111,6
13,bcup,126,99,1,0.596,0.185,6
13,bcup,126,100,1,0.616,0.111,6
13,bcup,126,101,1,0.581,0.145,6
13,bcup,126,102,1,0.602,0.125,6
13,bcup,126,103,1,0.561,0.805,6
13,bcup,126,104,1,0.581,0.815,6
13,bcup,126,105,1,0.561,0.829,6
13,bcup,126,106,1,0.616,0.849,6
13,bcup,126,107,1,0.616,0.879,6
13,bcup,126,108,1,0.561,0.883,6
13,bcup,126,109,1,0.604,0.533,6
13,bcup,126,110,1,0.59,0.499,6
13,bcup,126,111,1,0.604,0.455,6
13,bcup,126,112,1,0.604,0.479,6
13,bcup,126,113,1,0.624,0.465,6
13,bcup,126,114,1,0.658,0.465,6
13,bcup,126,115,1,0.702,0.728,6
13,bcup,126,116,1,0.702,0.674,6
13,bcup,126,117,1,0.722,0.66,6
13,bcup,126,118,1,0.757,0.694,6
13,bcup,126,119,1,0.757,0.724,6
13,bcup,126,120,1,0.757,0.66,6
13,bcup,126,121,1,0.702,0.256,6
13,bcup,126,122,1,0.702,0.28,6
13,bcup,126,123,1,0.742,0.28,6
13,bcup,126,124,1,0.757,0.266,6
13,bcup,126,125,1,0.736,0.34,6
13,bcup,126,126,1,0.702,0.334,6
13,bcup,126,127,1,0.771,0.109,6
13,bcup,126,128,1,0.736,0.109,6
13,bcup,126,129,1,0.751,0.089,6
13,bcup,126,130,1,0.791,0.089,6
13,bcup,126,131,1,0.771,0.074,6
13,bcup,126,132,1,0.751,0.064,6
13,bcup,126,133,1,0.736,0.885,6
13,bcup,126,134,1,0.751,0.92,6
13,bcup,126,135,1,0.771,0.905,6
13,bcup,126,136,1,0.771,0.885,6
13,bcup,126,137,1,0.791,0.865,6
13,bcup,126,138,1,0.805,0.885,6
13,bcup,126,139,1,0.773,0.497,6
13,bcup,126,140,1,0.841,0.463,6
13,bcup,126,141,1,0.807,0.497,6
13,bcup,126,142,1,0.841,0.497,6
13,bcup,126,143,1,0.787,0.453,6
13,bcup,126,144,1,0.841,0.527,6
13,bcup,127,1,1,0.068,0.463,7
13,bcup,127,2,1,0,0.497,7
13,bcup,127,3,1,0.034,0.497,7
13,bcup,127,4,1,0.068,0.497,7
13,bcup,127,5,1,0.034,0.463,7
13,bcup,127,6,1,0.054,0.477,7
13,bcup,127,7,1,0.044,0.149,7
13,bcup,127,8,1,0.064,0.135,7
13,bcup,127,9,1,0.044,0.07,7
13,bcup,127,10,1,0.099,0.08,7
13,bcup,127,11,1,0.099,0.115,7
13,bcup,127,12,1,0.099,0.145,7
13,bcup,127,13,1,0.099,0.909,7
13,bcup,127,14,1,0.099,0.879,7
13,bcup,127,15,1,0.078,0.92,7
13,bcup,127,16,1,0.064,0.899,7
13,bcup,127,17,1,0.044,0.913,7
13,bcup,127,18,1,0.03,0.879,7
13,bcup,127,19,1,0.099,0.674,7
13,bcup,127,20,1,0.139,0.674,7
13,bcup,127,21,1,0.119,0.694,7
13,bcup,127,22,1,0.119,0.66,7
13,bcup,127,23,1,0.119,0.714,7
13,bcup,127,24,1,0.099,0.65,7
13,bcup,127,25,1,0.115,0.336,7
13,bcup,127,26,1,0.149,0.302,7
13,bcup,127,27,1,0.149,0.336,7
13,bcup,127,28,1,0.163,0.376,7
13,bcup,127,29,1,0.183,0.366,7
13,bcup,127,30,1,0.183,0.336,7
13,bcup,127,31,1,0.171,0.499,7
13,bcup,127,32,1,0.205,0.465,7
13,bcup,127,33,1,0.239,0.499,7
13,bcup,127,34,1,0.219,0.539,7
13,bcup,127,35,1,0.239,0.465,7
13,bcup,127,36,1,0.205,0.499,7
13,bcup,127,37,1,0.239,0.189,7
13,bcup,127,38,1,0.274,0.195,7
13,bcup,127,39,1,0.294,0.185,7
13,bcup,127,40,1,0.294,0.155,7
13,bcup,127,41,1,0.28,0.135,7
13,bcup,127,42,1,0.239,0.135,7
13,bcup,127,43,1,0.26,0.839,7
13,bcup,127,44,1,0.239,0.819,7
13,bcup,127,45,1,0.26,0.859,7
13,bcup,127,46,1,0.26,0.805,7
13,bcup,127,47,1,0.274,0.879,7
13,bcup,127,48,1,0.28,0.819,7
13,bcup,127,49,1,0.366,0.616,7
13,bcup,127,50,1,0.352,0.596,7
13,bcup,127,51,1,0.346,0.656,7
13,bcup,127,52,1,0.332,0.616,7
13,bcup,127,53,1,0.298,0.616,7
13,bcup,127,54,1,0.312,0.571,7
13,bcup,127,55,1,0.368,0.394,7
13,bcup,127,56,1,0.334,0.36,7
13,bcup,127,57,1,0.334,0.414,7
13,bcup,127,58,1,0.368,0.425,7
13,bcup,127,59,1,0.314,0.35,7
13,bcup,127,60,1,0.314,0.374,7
13,bcup,127,61,1,0.419,0.728,7
13,bcup,127,62,1,0.398,0.742,7
13,bcup,127,63,1,0.419,0.763,7
13,bcup,127,64,1,0.453,0.763,7
13,bcup,127,65,1,0.433,0.803,7
13,bcup,127,66,1,0.453,0.793,7
13,bcup,127,67,1,0.455,0,7
13,bcup,127,68,1,0.435,0.074,7
13,bcup,127,69,1,0.421,0,7
13,bcup,127,70,1,0.455,0.064,7
13,bcup,127,71,1,0.421,0.054,7
13,bcup,127,72,1,0.455,0.034,7
13,bcup,127,73,1,0.441,0.219,7
13,bcup,127,74,1,0.421,0.26,7
13,bcup,127,75,1,0.455,0.205,7
13,bcup,127,76,1,0.4,0.219,7
13,bcup,127,77,1,0.4,0.274,7
13,bcup,127,78,1,0.455,0.239,7
13,bcup,127,79,1,0.421,0.97,7
13,bcup,127,80,1,0.421,0.95,7
13,bcup,127,81,1,0.441,0.93,7
13,bcup,127,82,1,0.455,0.98,7
13,bcup,127,83,1,0.4,0.984,7
13,bcup,127,84,1,0.4,0.905,7
13,bcup,127,85,1,0.525,0.374,7
13,bcup,127,86,1,0.505,0.33,7
13,bcup,127,87,1,0.559,0.34,7
13,bcup,127,88,1,0.491,0.374,7
13,bcup,127,89,1,0.525,0.394,7
13,bcup,127,90,1,0.559,0.374,7
13,bcup,127,91,1,0.497,0.634,7
13,bcup,127,92,1,0.551,0.614,7
13,bcup,127,93,1,0.565,0.664,7
13,bcup,127,94,1,0.565,0.634,7
13,bcup,127,95,1,0.531,0.634,7
13,bcup,127,96,1,0.565,0.6,7
13,bcup,127,97,1,0.616,0.175,7
13,bcup,127,98,1,0.581,0.111,7
13,bcup,127,99,1,0.596,0.185,7
13,bcup,127,100,1,0.616,0.111,7
13,bcup,127,101,1,0.581,0.145,7
13,bcup,127,102,1,0.602,0.125,7
13,bcup,127,103,1,0.561,0.829,7
13,bcup,127,104,1,0.561,0.805,7
13,bcup,127,105,1,0.581,0.815,7
13,bcup,127,106,1,0.616,0.849,7
13,bcup,127,107,1,0.616,0.879,7
13,bcup,127,108,1,0.561,0.883,7
13,bcup,127,109,1,0.604,0.479,7
13,bcup,127,110,1,0.604,0.455,7
13,bcup,127,111,1,0.59,0.499,7
13,bcup,127,112,1,0.604,0.533,7
13,bcup,127,113,1,0.624,0.465,7
13,bcup,127,114,1,0.658,0.465,7
13,bcup,127,115,1,0.702,0.728,7
13,bcup,127,116,1,0.722,0.66,7
13,bcup,127,117,1,0.702,0.674,7
13,bcup,127,118,1,0.757,0.724,7
13,bcup,127,119,1,0.757,0.66,7
13,bcup,127,120,1,0.757,0.694,7
13,bcup,127,121,1,0.702,0.28,7
13,bcup,127,122,1,0.702,0.334,7
13,bcup,127,123,1,0.757,0.266,7
13,bcup,127,124,1,0.702,0.256,7
13,bcup,127,125,1,0.742,0.28,7
13,bcup,127,126,1,0.736,0.34,7
13,bcup,127,127,1,0.771,0.109,7
13,bcup,127,128,1,0.736,0.109,7
13,bcup,127,129,1,0.751,0.089,7
13,bcup,127,130,1,0.791,0.089,7
13,bcup,127,131,1,0.771,0.074,7
13,bcup,127,132,1,0.751,0.064,7
13,bcup,127,133,1,0.771,0.905,7
13,bcup,127,134,1,0.791,0.865,7
13,bcup,127,135,1,0.736,0.885,7
13,bcup,127,136,1,0.805,0.885,7
13,bcup,127,137,1,0.751,0.92,7
13,bcup,127,138,1,0.771,0.885,7
13,bcup,127,139,1,0.787,0.453,7
13,bcup,127,140,1,0.807,0.497,7
13,bcup,127,141,1,0.841,0.497,7
13,bcup,127,142,1,0.841,0.463,7
13,bcup,127,143,1,0.841,0.527,7
13,bcup,127,144,1,0.773,0.497,7
13,bcup,128,1,1,0.034,0.463,8
13,bcup,128,2,1,0.034,0.497,8
13,bcup,128,3,1,0,0.497,8
13,bcup,128,4,1,0.068,0.463,8
13,bcup,128,5,1,0.068,0.497,8
13,bcup,128,6,1,0.054,0.477,8
13,bcup,128,7,1,0.099,0.08,8
13,bcup,128,8,1,0.064,0.135,8
13,bcup,128,9,1,0.044,0.149,8
13,bcup,128,10,1,0.099,0.145,8
13,bcup,128,11,1,0.099,0.115,8
13,bcup,128,12,1,0.044,0.07,8
13,bcup,128,13,1,0.078,0.92,8
13,bcup,128,14,1,0.099,0.879,8
13,bcup,128,15,1,0.099,0.909,8
13,bcup,128,16,1,0.064,0.899,8
13,bcup,128,17,1,0.044,0.913,8
13,bcup,128,18,1,0.03,0.879,8
13,bcup,128,19,1,0.099,0.674,8
13,bcup,128,20,1,0.119,0.714,8
13,bcup,128,21,1,0.119,0.694,8
13,bcup,128,22,1,0.139,0.674,8
13,bcup,128,23,1,0.099,0.65,8
13,bcup,128,24,1,0.119,0.66,8
13,bcup,128,25,1,0.163,0.376,8
13,bcup,128,26,1,0.183,0.366,8
13,bcup,128,27,1,0.183,0.336,8
13,bcup,128,28,1,0.115,0.336,8
13,bcup,128,29,1,0.149,0.302,8
13,bcup,128,30,1,0.149,0.336,8
13,bcup,128,31,1,0.171,0.499,8
13,bcup,128,32,1,0.239,0.499,8
13,bcup,128,33,1,0.205,0.465,8
13,bcup,128,34,1,0.239,0.465,8
13,bcup,128,35,1,0.219,0.539,8
13,bcup,128,36,1,0.205,0.499,8
13,bcup,128,37,1,0.28,0.135,8
13,bcup,128,38,1,0.294,0.185,8
13,bcup,128,39,1,0.274,0.195,8
13,bcup,128,40,1,0.239,0.135,8
13,bcup,128,41,1,0.239,0.189,8
13,bcup,128,42,1,0.294,0.155,8
13,bcup,128,43,1,0.26,0.805,8
13,bcup,128,44,1,0.28,0.819,8
13,bcup,128,45,1,0.239,0.819,8
13,bcup,128,46,1,0.26,0.839,8
13,bcup,128,47,1,0.26,0.859,8
13,bcup,128,48,1,0.274,0.879,8
13,bcup,128,49,1,0.366,0.616,8
13,bcup,128,50,1,0.352,0.596,8
13,bcup,128,51,1,0.346,0.656,8
13,bcup,128,52,1,0.298,0.616,8
13,bcup,128,53,1,0.332,0.616,8
13,bcup,128,54,1,0.312,0.571,8
13,bcup,128,55,1,0.368,0.394,8
13,bcup,128,56,1,0.334,0.36,8
13,bcup,128,57,1,0.334,0.414,8
13,bcup,128,58,1,0.368,0.425,8
13,bcup,128,59,1,0.314,0.35,8
13,bcup,128,60,1,0.314,0.374,8
13,bcup,128,61,1,0.419,0.728,8
13,bcup,128,62,1,0.398,0.742,8
13,bcup,128,63,1,0.419,0.763,8
13,bcup,128,64,1,0.453,0.763,8
13,bcup,128,65,1,0.453,0.793,8
13,bcup,128,66,1,0.433,0.803,8
13,bcup,128,67,1,0.455,0,8
13,bcup,128,68,1,0.455,0.064,8
13,bcup,128,69,1,0.421,0,8
13,bcup,128,70,1,0.435,0.074,8
13,bcup,128,71,1,0.421,0.054,8
13,bcup,128,72,1,0.455,0.034,8
13,bcup,128,73,1,0.421,0.26,8
13,bcup,128,74,1,0.441,0.219,8
13,bcup,128,75,1,0.455,0.205,8
13,bcup,128,76,1,0.455,0.239,8
13,bcup,128,77,1,0.4,0.274,8
13,bcup,128,78,1,0.4,0.219,8
13,bcup,128,79,1,0.4,0.984,8
13,bcup,128,80,1,0.421,0.95,8
13,bcup,128,81,1,0.455,0.98,8
13,bcup,128,82,1,0.421,0.97,8
13,bcup,128,83,1,0.441,0.93,8
13,bcup,128,84,1,0.4,0.905,8
13,bcup,128,85,1,0.559,0.34,8
13,bcup,128,86,1,0.559,0.374,8
13,bcup,128,87,1,0.525,0.374,8
13,bcup,128,88,1,0.525,0.394,8
13,bcup,128,89,1,0.491,0.374,8
13,bcup,128,90,1,0.505,0.33,8
13,bcup,128,91,1,0.497,0.634,8
13,bcup,128,92,1,0.565,0.6,8
13,bcup,128,93,1,0.565,0.634,8
13,bcup,128,94,1,0.551,0.614,8
13,bcup,128,95,1,0.565,0.664,8
13,bcup,128,96,1,0.531,0.634,8
13,bcup,128,97,1,0.602,0.125,8
13,bcup,128,98,1,0.616,0.175,8
13,bcup,128,99,1,0.581,0.145,8
13,bcup,128,100,1,0.581,0.111,8
13,bcup,128,101,1,0.616,0.111,8
13,bcup,128,102,1,0.596,0.185,8
13,bcup,128,103,1,0.581,0.815,8
13,bcup,128,104,1,0.561,0.829,8
13,bcup,128,105,1,0.561,0.805,8
13,bcup,128,106,1,0.616,0.849,8
13,bcup,128,107,1,0.561,0.883,8
13,bcup,128,108,1,0.616,0.879,8
13,bcup,128,109,1,0.604,0.479,8
13,bcup,128,110,1,0.604,0.455,8
13,bcup,128,111,1,0.59,0.499,8
13,bcup,128,112,1,0.604,0.533,8
13,bcup,128,113,1,0.624,0.465,8
13,bcup,128,114,1,0.658,0.465,8
13,bcup,128,115,1,0.702,0.728,8
13,bcup,128,116,1,0.722,0.66,8
13,bcup,128,117,1,0.702,0.674,8
13,bcup,128,118,1,0.757,0.724,8
13,bcup,128,119,1,0.757,0.66,8
13,bcup,128,120,1,0.757,0.694,8
13,bcup,128,121,1,0.702,0.334,8
13,bcup,128,122,1,0.736,0.34,8
13,bcup,128,123,1,0.702,0.256,8
13,bcup,128,124,1,0.702,0.28,8
13,bcup,128,125,1,0.757,0.266,8
13,bcup,128,126,1,0.742,0.28,8
13,bcup,128,127,1,0.771,0.109,8
13,bcup,128,128,1,0.736,0.109,8
13,bcup,128,129,1,0.751,0.089,8
13,bcup,128,130,1,0.791,0.089,8
13,bcup,128,131,1,0.771,0.074,8
13,bcup,128,132,1,0.751,0.064,8
13,bcup,128,133,1,0.771,0.905,8
13,bcup,128,134,1,0.791,0.865,8
13,bcup,128,135,1,0.736,0.885,8
13,bcup,128,136,1,0.805,0.885,8
13,bcup,128,137,1,0.751,0.92,8
13,bcup,128,138,1,0.771,0.885,8
13,bcup,128,139,1,0.787,0.453,8
13,bcup,128,140,1,0.807,0.497,8
13,bcup,128,141,1,0.841,0.497,8
13,bcup,128,142,1,0.841,0.463,8
13,bcup,128,143,1,0.841,0.527,8
13,bcup,128,144,1,0.773,0.497,8
13,bcup,129,1,1,0.054,0.477,9
13,bcup,129,2,1,0.034,0.463,9
13,bcup,129,3,1,0.034,0.497,9
13,bcup,129,4,1,0.068,0.463,9
13,bcup,129,5,1,0,0.497,9
13,bcup,129,6,1,0.068,0.497,9
13,bcup,129,7,1,0.099,0.115,9
13,bcup,129,8,1,0.064,0.135,9
13,bcup,129,9,1,0.099,0.08,9
13,bcup,129,10,1,0.044,0.07,9
13,bcup,129,11,1,0.044,0.149,9
13,bcup,129,12,1,0.099,0.145,9
13,bcup,129,13,1,0.078,0.92,9
13,bcup,129,14,1,0.099,0.879,9
13,bcup,129,15,1,0.099,0.909,9
13,bcup,129,16,1,0.064,0.899,9
13,bcup,129,17,1,0.03,0.879,9
13,bcup,129,18,1,0.044,0.913,9
13,bcup,129,19,1,0.119,0.714,9
13,bcup,129,20,1,0.119,0.66,9
13,bcup,129,21,1,0.099,0.674,9
13,bcup,129,22,1,0.139,0.674,9
13,bcup,129,23,1,0.119,0.694,9
13,bcup,129,24,1,0.099,0.65,9
13,bcup,129,25,1,0.183,0.366,9
13,bcup,129,26,1,0.163,0.376,9
13,bcup,129,27,1,0.183,0.336,9
13,bcup,129,28,1,0.149,0.336,9
13,bcup,129,29,1,0.115,0.336,9
13,bcup,129,30,1,0.149,0.302,9
13,bcup,129,31,1,0.171,0.499,9
13,bcup,129,32,1,0.205,0.499,9
13,bcup,129,33,1,0.239,0.465,9
13,bcup,129,34,1,0.219,0.539,9
13,bcup,129,35,1,0.239,0.499,9
13,bcup,129,36,1,0.205,0.465,9
13,bcup,129,37,1,0.274,0.195,9
13,bcup,129,38,1,0.239,0.189,9
13,bcup,129,39,1,0.239,0.135,9
13,bcup,129,40,1,0.294,0.155,9
13,bcup,129,41,1,0.28,0.135,9
13,bcup,129,42,1,0.294,0.185,9
13,bcup,129,43,1,0.239,0.819,9
13,bcup,129,44,1,0.28,0.819,9
13,bcup,129,45,1,0.274,0.879,9
13,bcup,129,46,1,0.26,0.839,9
13,bcup,129,47,1,0.26,0.859,9
13,bcup,129,48,1,0.26,0.805,9
13,bcup,129,49,1,0.366,0.616,9
13,bcup,129,50,1,0.352,0.596,9
13,bcup,129,51,1,0.346,0.656,9
13,bcup,129,52,1,0.332,0.616,9
13,bcup,129,53,1,0.312,0.571,9
13,bcup,129,54,1,0.298,0.616,9
13,bcup,129,55,1,0.334,0.36,9
13,bcup,129,56,1,0.314,0.374,9
13,bcup,129,57,1,0.334,0.414,9
13,bcup,129,58,1,0.368,0.394,9
13,bcup,129,59,1,0.314,0.35,9
13,bcup,129,60,1,0.368,0.425,9
13,bcup,129,61,1,0.398,0.742,9
13,bcup,129,62,1,0.419,0.763,9
13,bcup,129,63,1,0.419,0.728,9
13,bcup,129,64,1,0.453,0.763,9
13,bcup,129,65,1,0.453,0.793,9
13,bcup,129,66,1,0.433,0.803,9
13,bcup,129,67,1,0.421,0.054,9
13,bcup,129,68,1,0.455,0.034,9
13,bcup,129,69,1,0.435,0.074,9
13,bcup,129,70,1,0.455,0.064,9
13,bcup,129,71,1,0.421,0,9
13,bcup,129,72,1,0.455,0,9
13,bcup,129,73,1,0.455,0.205,9
13,bcup,129,74,1,0.4,0.219,9
13,bcup,129,75,1,0.441,0.219,9
13,bcup,129,76,1,0.4,0.274,9
13,bcup,129,77,1,0.421,0.26,9
13,bcup,129,78,1,0.455,0.239,9
13,bcup,129,79,1,0.421,0.95,9
13,bcup,129,80,1,0.4,0.905,9
13,bcup,129,81,1,0.455,0.98,9
13,bcup,129,82,1,0.421,0.97,9
13,bcup,129,83,1,0.441,0.93,9
13,bcup,129,84,1,0.4,0.984,9
13,bcup,129,85,1,0.559,0.34,9
13,bcup,129,86,1,0.491,0.374,9
13,bcup,129,87,1,0.525,0.394,9
13,bcup,129,88,1,0.525,0.374,9
13,bcup,129,89,1,0.505,0.33,9
13,bcup,129,90,1,0.559,0.374,9
13,bcup,129,91,1,0.497,0.634,9
13,bcup,129,92,1,0.551,0.614,9
13,bcup,129,93,1,0.565,0.664,9
13,bcup,129,94,1,0.565,0.634,9
13,bcup,129,95,1,0.531,0.634,9
13,bcup,129,96,1,0.565,0.6,9
13,bcup,129,97,1,0.581,0.111,9
13,bcup,129,98,1,0.616,0.111,9
13,bcup,129,99,1,0.616,0.175,9
13,bcup,129,100,1,0.602,0.125,9
13,bcup,129,101,1,0.596,0.185,9
13,bcup,129,102,1,0.581,0.145,9
13,bcup,129,103,1,0.561,0.805,9
13,bcup,129,104,1,0.581,0.815,9
13,bcup,129,105,1,0.561,0.829,9
13,bcup,129,106,1,0.616,0.879,9
13,bcup,129,107,1,0.616,0.849,9
13,bcup,129,108,1,0.561,0.883,9
13,bcup,129,109,1,0.604,0.479,9
13,bcup,129,110,1,0.604,0.455,9
13,bcup,129,111,1,0.59,0.499,9
13,bcup,129,112,1,0.604,0.533,9
13,bcup,129,113,1,0.624,0.465,9
13,bcup,129,114,1,0.658,0.465,9
13,bcup,129,115,1,0.702,0.728,9
13,bcup,129,116,1,0.722,0.66,9
13,bcup,129,117,1,0.702,0.674,9
13,bcup,129,118,1,0.757,0.724,9
13,bcup,129,119,1,0.757,0.66,9
13,bcup,129,120,1,0.757,0.694,9
13,bcup,129,121,1,0.702,0.334,9
13,bcup,129,122,1,0.757,0.266,9
13,bcup,129,123,1,0.702,0.256,9
13,bcup,129,124,1,0.742,0.28,9
13,bcup,129,125,1,0.736,0.34,9
13,bcup,129,126,1,0.702,0.28,9
13,bcup,129,127,1,0.771,0.109,9
13,bcup,129,128,1,0.771,0.109,9
13,bcup,129,129,1,0.751,0.089,9
13,bcup,129,130,1,0.751,0.064,9
13,bcup,129,131,1,0.771,0.074,9
13,bcup,129,132,1,0.736,0.109,9
13,bcup,129,133,1,0.771,0.905,9
13,bcup,129,134,1,0.791,0.865,9
13,bcup,129,135,1,0.736,0.885,9
13,bcup,129,136,1,0.805,0.885,9
13,bcup,129,137,1,0.751,0.92,9
13,bcup,129,138,1,0.771,0.885,9
13,bcup,129,139,1,0.787,0.453,9
13,bcup,129,140,1,0.807,0.497,9
13,bcup,129,141,1,0.841,0.497,9
13,bcup,129,142,1,0.841,0.463,9
13,bcup,129,143,1,0.841,0.527,9
13,bcup,129,144,1,0.773,0.497,9
13,bcup,130,1,1,0.034,0.497,10
13,bcup,130,2,1,0.068,0.463,10
13,bcup,130,3,1,0.034,0.463,10
13,bcup,130,4,1,0,0.497,10
13,bcup,130,5,1,0.068,0.497,10
13,bcup,130,6,1,0.054,0.477,10
13,bcup,130,7,1,0.064,0.135,10
13,bcup,130,8,1,0.044,0.07,10
13,bcup,130,9,1,0.099,0.08,10
13,bcup,130,10,1,0.099,0.145,10
13,bcup,130,11,1,0.044,0.149,10
13,bcup,130,12,1,0.099,0.115,10
13,bcup,130,13,1,0.099,0.909,10
13,bcup,130,14,1,0.078,0.92,10
13,bcup,130,15,1,0.099,0.879,10
13,bcup,130,16,1,0.064,0.899,10
13,bcup,130,17,1,0.03,0.879,10
13,bcup,130,18,1,0.044,0.913,10
13,bcup,130,19,1,0.099,0.674,10
13,bcup,130,20,1,0.119,0.66,10
13,bcup,130,21,1,0.119,0.714,10
13,bcup,130,22,1,0.139,0.674,10
13,bcup,130,23,1,0.119,0.694,10
13,bcup,130,24,1,0.099,0.65,10
13,bcup,130,25,1,0.163,0.376,10
13,bcup,130,26,1,0.183,0.366,10
13,bcup,130,27,1,0.115,0.336,10
13,bcup,130,28,1,0.149,0.336,10
13,bcup,130,29,1,0.183,0.336,10
13,bcup,130,30,1,0.149,0.302,10
13,bcup,130,31,1,0.171,0.499,10
13,bcup,130,32,1,0.205,0.499,10
13,bcup,130,33,1,0.205,0.465,10
13,bcup,130,34,1,0.239,0.465,10
13,bcup,130,35,1,0.219,0.539,10
13,bcup,130,36,1,0.239,0.499,10
13,bcup,130,37,1,0.239,0.189,10
13,bcup,130,38,1,0.274,0.195,10
13,bcup,130,39,1,0.294,0.185,10
13,bcup,130,40,1,0.294,0.155,10
13,bcup,130,41,1,0.28,0.135,10
13,bcup,130,42,1,0.239,0.135,10
13,bcup,130,43,1,0.239,0.819,10
13,bcup,130,44,1,0.274,0.879,10
13,bcup,130,45,1,0.26,0.805,10
13,bcup,130,46,1,0.26,0.839,10
13,bcup,130,47,1,0.26,0.859,10
13,bcup,130,48,1,0.28,0.819,10
13,bcup,130,49,1,0.366,0.616,10
13,bcup,130,50,1,0.352,0.596,10
13,bcup,130,51,1,0.346,0.656,10
13,bcup,130,52,1,0.332,0.616,10
13,bcup,130,53,1,0.312,0.571,10
13,bcup,130,54,1,0.298,0.616,10
13,bcup,130,55,1,0.368,0.394,10
13,bcup,130,56,1,0.334,0.36,10
13,bcup,130,57,1,0.334,0.414,10
13,bcup,130,58,1,0.368,0.425,10
13,bcup,130,59,1,0.314,0.35,10
13,bcup,130,60,1,0.314,0.374,10
13,bcup,130,61,1,0.419,0.763,10
13,bcup,130,62,1,0.398,0.742,10
13,bcup,130,63,1,0.419,0.728,10
13,bcup,130,64,1,0.453,0.763,10
13,bcup,130,65,1,0.453,0.793,10
13,bcup,130,66,1,0.433,0.803,10
13,bcup,130,67,1,0.455,0,10
13,bcup,130,68,1,0.435,0.074,10
13,bcup,130,69,1,0.421,0,10
13,bcup,130,70,1,0.455,0.064,10
13,bcup,130,71,1,0.421,0.054,10
13,bcup,130,72,1,0.455,0.034,10
13,bcup,130,73,1,0.421,0.26,10
13,bcup,130,74,1,0.441,0.219,10
13,bcup,130,75,1,0.4,0.219,10
13,bcup,130,76,1,0.455,0.239,10
13,bcup,130,77,1,0.455,0.205,10
13,bcup,130,78,1,0.4,0.274,10
13,bcup,130,79,1,0.4,0.984,10
13,bcup,130,80,1,0.421,0.95,10
13,bcup,130,81,1,0.455,0.98,10
13,bcup,130,82,1,0.421,0.97,10
13,bcup,130,83,1,0.441,0.93,10
13,bcup,130,84,1,0.4,0.905,10
13,bcup,130,85,1,0.491,0.374,10
13,bcup,130,86,1,0.559,0.374,10
13,bcup,130,87,1,0.525,0.374,10
13,bcup,130,88,1,0.525,0.394,10
13,bcup,130,89,1,0.559,0.34,10
13,bcup,130,90,1,0.505,0.33,10
13,bcup,130,91,1,0.497,0.634,10
13,bcup,130,92,1,0.565,0.6,10
13,bcup,130,93,1,0.565,0.634,10
13,bcup,130,94,1,0.551,0.614,10
13,bcup,130,95,1,0.565,0.664,10
13,bcup,130,96,1,0.531,0.634,10
13,bcup,130,97,1,0.581,0.145,10
13,bcup,130,98,1,0.616,0.175,10
13,bcup,130,99,1,0.602,0.125,10
13,bcup,130,100,1,0.581,0.111,10
13,bcup,130,101,1,0.616,0.111,10
13,bcup,130,102,1,0.596,0.185,10
13,bcup,130,103,1,0.581,0.815,10
13,bcup,130,104,1,0.561,0.829,10
13,bcup,130,105,1,0.561,0.805,10
13,bcup,130,106,1,0.616,0.849,10
13,bcup,130,107,1,0.561,0.883,10
13,bcup,130,108,1,0.616,0.879,10
13,bcup,130,109,1,0.604,0.533,10
13,bcup,130,110,1,0.59,0.499,10
13,bcup,130,111,1,0.624,0.465,10
13,bcup,130,112,1,0.658,0.465,10
13,bcup,130,113,1,0.604,0.455,10
13,bcup,130,114,1,0.604,0.479,10
13,bcup,130,115,1,0.702,0.728,10
13,bcup,130,116,1,0.722,0.66,10
13,bcup,130,117,1,0.702,0.674,10
13,bcup,130,118,1,0.757,0.724,10
13,bcup,130,119,1,0.757,0.66,10
13,bcup,130,120,1,0.757,0.694,10
13,bcup,130,121,1,0.702,0.28,10
13,bcup,130,122,1,0.736,0.34,10
13,bcup,130,123,1,0.757,0.266,10
13,bcup,130,124,1,0.702,0.334,10
13,bcup,130,125,1,0.702,0.256,10
13,bcup,130,126,1,0.742,0.28,10
13,bcup,130,127,1,0.751,0.064,10
13,bcup,130,128,1,0.771,0.109,10
13,bcup,130,129,1,0.751,0.089,10
13,bcup,130,130,1,0.771,0.074,10
13,bcup,130,131,1,0.791,0.089,10
13,bcup,130,132,1,0.736,0.109,10
13,bcup,130,133,1,0.771,0.905,10
13,bcup,130,134,1,0.791,0.865,10
13,bcup,130,135,1,0.736,0.885,10
13,bcup,130,136,1,0.805,0.885,10
13,bcup,130,137,1,0.751,0.92,10
13,bcup,130,138,1,0.771,0.885,10
13,bcup,130,139,1,0.841,0.497,10
13,bcup,130,140,1,0.841,0.463,10
13,bcup,130,141,1,0.841,0.527,10
13,bcup,130,142,1,0.773,0.497,10
13,bcup,130,143,1,0.787,0.453,10
13,bcup,130,144,1,0.807,0.497,10
14,bcup,131,1,1,0.034,0.507,1
14,bcup,131,2,1,0,0.507,1
14,bcup,131,3,1,0.048,0.547,1
14,bcup,131,4,1,0.068,0.537,1
14,bcup,131,5,1,0.054,0.487,1
14,bcup,131,6,1,0.014,0.463,1
14,bcup,131,7,1,0.085,0.105,1
14,bcup,131,8,1,0.078,0.165,1
14,bcup,131,9,1,0.099,0.125,1
14,bcup,131,10,1,0.044,0.105,1
14,bcup,131,11,1,0.044,0.08,1
14,bcup,131,12,1,0.099,0.091,1
14,bcup,131,13,1,0.064,0.909,1
14,bcup,131,14,1,0.044,0.845,1
14,bcup,131,15,1,0.085,0.869,1
14,bcup,131,16,1,0.064,0.855,1
14,bcup,131,17,1,0.064,0.889,1
14,bcup,131,18,1,0.03,0.889,1
14,bcup,131,19,1,0.153,0.704,1
14,bcup,131,20,1,0.099,0.738,1
14,bcup,131,21,1,0.139,0.684,1
14,bcup,131,22,1,0.119,0.704,1
14,bcup,131,23,1,0.099,0.66,1
14,bcup,131,24,1,0.153,0.734,1
14,bcup,131,25,1,0.149,0.346,1
14,bcup,131,26,1,0.149,0.366,1
14,bcup,131,27,1,0.183,0.376,1
14,bcup,131,28,1,0.115,0.346,1
14,bcup,131,29,1,0.169,0.326,1
14,bcup,131,30,1,0.129,0.302,1
14,bcup,131,31,1,0.171,0.509,1
14,bcup,131,32,1,0.225,0.489,1
14,bcup,131,33,1,0.239,0.509,1
14,bcup,131,34,1,0.239,0.539,1
14,bcup,131,35,1,0.205,0.475,1
14,bcup,131,36,1,0.219,0.549,1
14,bcup,131,37,1,0.225,0.165,1
14,bcup,131,38,1,0.274,0.205,1
14,bcup,131,39,1,0.26,0.185,1
14,bcup,131,40,1,0.294,0.165,1
14,bcup,131,41,1,0.239,0.121,1
14,bcup,131,42,1,0.294,0.195,1
14,bcup,131,43,1,0.294,0.815,1
14,bcup,131,44,1,0.26,0.815,1
14,bcup,131,45,1,0.239,0.829,1
14,bcup,131,46,1,0.225,0.849,1
14,bcup,131,47,1,0.239,0.883,1
14,bcup,131,48,1,0.294,0.849,1
14,bcup,131,49,1,0.346,0.666,1
14,bcup,131,50,1,0.312,0.606,1
14,bcup,131,51,1,0.332,0.646,1
14,bcup,131,52,1,0.332,0.626,1
14,bcup,131,53,1,0.298,0.626,1
14,bcup,131,54,1,0.366,0.592,1
14,bcup,131,55,1,0.334,0.404,1
14,bcup,131,56,1,0.334,0.425,1
14,bcup,131,57,1,0.314,0.384,1
14,bcup,131,58,1,0.314,0.36,1
14,bcup,131,59,1,0.314,0.439,1
14,bcup,131,60,1,0.354,0.384,1
14,bcup,131,61,1,0.433,0.813,1
14,bcup,131,62,1,0.398,0.753,1
14,bcup,131,63,1,0.419,0.793,1
14,bcup,131,64,1,0.398,0.728,1
14,bcup,131,65,1,0.453,0.773,1
14,bcup,131,66,1,0.453,0.738,1
14,bcup,131,67,1,0.421,0.01,1
14,bcup,131,68,1,0.455,0.074,1
14,bcup,131,69,1,0.421,0.044,1
14,bcup,131,70,1,0.4,0,1
14,bcup,131,71,1,0.4,0.024,1
14,bcup,131,72,1,0.421,0.064,1
14,bcup,131,73,1,0.435,0.29,1
14,bcup,131,74,1,0.421,0.249,1
14,bcup,131,75,1,0.4,0.205,1
14,bcup,131,76,1,0.386,0.249,1
14,bcup,131,77,1,0.455,0.28,1
14,bcup,131,78,1,0.455,0.249,1
14,bcup,131,79,1,0.441,0.94,1
14,bcup,131,80,1,0.4,0.994,1
14,bcup,131,81,1,0.421,0.98,1
14,bcup,131,82,1,0.435,1,1
14,bcup,131,83,1,0.4,0.915,1
14,bcup,131,84,1,0.4,0.94,1
14,bcup,131,85,1,0.559,0.35,1
14,bcup,131,86,1,0.505,0.364,1
14,bcup,131,87,1,0.505,0.34,1
14,bcup,131,88,1,0.545,0.364,1
14,bcup,131,89,1,0.491,0.384,1
14,bcup,131,90,1,0.559,0.414,1
14,bcup,131,91,1,0.511,0.678,1
14,bcup,131,92,1,0.565,0.61,1
14,bcup,131,93,1,0.545,0.684,1
14,bcup,131,94,1,0.531,0.61,1
14,bcup,131,95,1,0.511,0.6,1
14,bcup,131,96,1,0.497,0.644,1
14,bcup,131,97,1,0.581,0.175,1
14,bcup,131,98,1,0.581,0.121,1
14,bcup,131,99,1,0.616,0.121,1
14,bcup,131,100,1,0.561,0.111,1
14,bcup,131,101,1,0.616,0.155,1
14,bcup,131,102,1,0.561,0.135,1
14,bcup,131,103,1,0.561,0.893,1
14,bcup,131,104,1,0.616,0.825,1
14,bcup,131,105,1,0.616,0.889,1
14,bcup,131,106,1,0.581,0.825,1
14,bcup,131,107,1,0.581,0.879,1
14,bcup,131,108,1,0.581,0.859,1
14,bcup,131,109,1,0.624,0.509,1
14,bcup,131,110,1,0.604,0.543,1
14,bcup,131,111,1,0.658,0.475,1
14,bcup,131,112,1,0.604,0.489,1
14,bcup,131,113,1,0.59,0.509,1
14,bcup,131,114,1,0.644,0.489,1
14,bcup,131,115,1,0.736,0.744,1
14,bcup,131,116,1,0.702,0.66,1
14,bcup,131,117,1,0.742,0.684,1
14,bcup,131,118,1,0.722,0.724,1
14,bcup,131,119,1,0.757,0.734,1
14,bcup,131,120,1,0.702,0.684,1
14,bcup,131,121,1,0.702,0.266,1
14,bcup,131,122,1,0.757,0.276,1
14,bcup,131,123,1,0.736,0.35,1
14,bcup,131,124,1,0.702,0.344,1
14,bcup,131,125,1,0.722,0.276,1
14,bcup,131,126,1,0.757,0.31,1
14,bcup,131,127,1,0.805,0.119,1
14,bcup,131,128,1,0.736,0.119,1
14,bcup,131,129,1,0.751,0.153,1
14,bcup,131,130,1,0.771,0.139,1
14,bcup,131,131,1,0.771,0.119,1
14,bcup,131,132,1,0.785,0.159,1
14,bcup,131,133,1,0.791,0.875,1
14,bcup,131,134,1,0.805,0.861,1
14,bcup,131,135,1,0.771,0.895,1
14,bcup,131,136,1,0.805,0.895,1
14,bcup,131,137,1,0.785,0.936,1
14,bcup,131,138,1,0.751,0.875,1
14,bcup,131,139,1,0.807,0.473,1
14,bcup,131,140,1,0.773,0.507,1
14,bcup,131,141,1,0.787,0.463,1
14,bcup,131,142,1,0.787,0.487,1
14,bcup,131,143,1,0.841,0.537,1
14,bcup,131,144,1,0.807,0.527,1
14,bcup,132,1,1,0.034,0.507,2
14,bcup,132,2,1,0,0.507,2
14,bcup,132,3,1,0.048,0.547,2
14,bcup,132,4,1,0.068,0.537,2
14,bcup,132,5,1,0.054,0.487,2
14,bcup,132,6,1,0.014,0.463,2
14,bcup,132,7,1,0.085,0.105,2
14,bcup,132,8,1,0.078,0.165,2
14,bcup,132,9,1,0.099,0.125,2
14,bcup,132,10,1,0.044,0.105,2
14,bcup,132,11,1,0.044,0.08,2
14,bcup,132,12,1,0.099,0.091,2
14,bcup,132,13,1,0.064,0.909,2
14,bcup,132,14,1,0.044,0.845,2
14,bcup,132,15,1,0.085,0.869,2
14,bcup,132,16,1,0.064,0.855,2
14,bcup,132,17,1,0.064,0.889,2
14,bcup,132,18,1,0.03,0.889,2
14,bcup,132,19,1,0.099,0.738,2
14,bcup,132,20,1,0.153,0.734,2
14,bcup,132,21,1,0.119,0.704,2
14,bcup,132,22,1,0.139,0.684,2
14,bcup,132,23,1,0.099,0.66,2
14,bcup,132,24,1,0.153,0.704,2
14,bcup,132,25,1,0.149,0.346,2
14,bcup,132,26,1,0.149,0.366,2
14,bcup,132,27,1,0.183,0.376,2
14,bcup,132,28,1,0.115,0.346,2
14,bcup,132,29,1,0.169,0.326,2
14,bcup,132,30,1,0.129,0.302,2
14,bcup,132,31,1,0.205,0.509,2
14,bcup,132,32,1,0.219,0.549,2
14,bcup,132,33,1,0.239,0.539,2
14,bcup,132,34,1,0.205,0.475,2
14,bcup,132,35,1,0.239,0.509,2
14,bcup,132,36,1,0.171,0.509,2
14,bcup,132,37,1,0.26,0.185,2
14,bcup,132,38,1,0.225,0.165,2
14,bcup,132,39,1,0.274,0.205,2
14,bcup,132,40,1,0.239,0.121,2
14,bcup,132,41,1,0.294,0.165,2
14,bcup,132,42,1,0.294,0.195,2
14,bcup,132,43,1,0.294,0.849,2
14,bcup,132,44,1,0.26,0.815,2
14,bcup,132,45,1,0.239,0.829,2
14,bcup,132,46,1,0.239,0.883,2
14,bcup,132,47,1,0.225,0.849,2
14,bcup,132,48,1,0.294,0.815,2
14,bcup,132,49,1,0.346,0.666,2
14,bcup,132,50,1,0.332,0.626,2
14,bcup,132,51,1,0.332,0.646,2
14,bcup,132,52,1,0.312,0.606,2
14,bcup,132,53,1,0.298,0.626,2
14,bcup,132,54,1,0.366,0.592,2
14,bcup,132,55,1,0.314,0.384,2
14,bcup,132,56,1,0.334,0.425,2
14,bcup,132,57,1,0.314,0.36,2
14,bcup,132,58,1,0.314,0.439,2
14,bcup,132,59,1,0.334,0.404,2
14,bcup,132,60,1,0.354,0.384,2
14,bcup,132,61,1,0.419,0.793,2
14,bcup,132,62,1,0.398,0.753,2
14,bcup,132,63,1,0.398,0.728,2
14,bcup,132,64,1,0.453,0.738,2
14,bcup,132,65,1,0.433,0.813,2
14,bcup,132,66,1,0.453,0.773,2
14,bcup,132,67,1,0.455,0.074,2
14,bcup,132,68,1,0.421,0.044,2
14,bcup,132,69,1,0.421,0.064,2
14,bcup,132,70,1,0.4,0.024,2
14,bcup,132,71,1,0.421,0.01,2
14,bcup,132,72,1,0.4,0,2
14,bcup,132,73,1,0.435,0.29,2
14,bcup,132,74,1,0.386,0.249,2
14,bcup,132,75,1,0.455,0.249,2
14,bcup,132,76,1,0.455,0.28,2
14,bcup,132,77,1,0.421,0.249,2
14,bcup,132,78,1,0.4,0.205,2
14,bcup,132,79,1,0.441,0.94,2
14,bcup,132,80,1,0.4,0.994,2
14,bcup,132,81,1,0.421,0.98,2
14,bcup,132,82,1,0.435,1,2
14,bcup,132,83,1,0.4,0.915,2
14,bcup,132,84,1,0.4,0.94,2
14,bcup,132,85,1,0.491,0.384,2
14,bcup,132,86,1,0.505,0.364,2
14,bcup,132,87,1,0.505,0.34,2
14,bcup,132,88,1,0.545,0.364,2
14,bcup,132,89,1,0.559,0.35,2
14,bcup,132,90,1,0.559,0.414,2
14,bcup,132,91,1,0.511,0.678,2
14,bcup,132,92,1,0.565,0.61,2
14,bcup,132,93,1,0.545,0.684,2
14,bcup,132,94,1,0.531,0.61,2
14,bcup,132,95,1,0.511,0.6,2
14,bcup,132,96,1,0.497,0.644,2
14,bcup,132,97,1,0.616,0.121,2
14,bcup,132,98,1,0.561,0.111,2
14,bcup,132,99,1,0.616,0.155,2
14,bcup,132,100,1,0.561,0.135,2
14,bcup,132,101,1,0.581,0.175,2
14,bcup,132,102,1,0.581,0.121,2
14,bcup,132,103,1,0.561,0.893,2
14,bcup,132,104,1,0.616,0.825,2
14,bcup,132,105,1,0.616,0.889,2
14,bcup,132,106,1,0.581,0.825,2
14,bcup,132,107,1,0.581,0.879,2
14,bcup,132,108,1,0.581,0.859,2
14,bcup,132,109,1,0.624,0.509,2
14,bcup,132,110,1,0.604,0.543,2
14,bcup,132,111,1,0.658,0.475,2
14,bcup,132,112,1,0.604,0.489,2
14,bcup,132,113,1,0.59,0.509,2
14,bcup,132,114,1,0.644,0.489,2
14,bcup,132,115,1,0.736,0.744,2
14,bcup,132,116,1,0.702,0.66,2
14,bcup,132,117,1,0.742,0.684,2
14,bcup,132,118,1,0.722,0.724,2
14,bcup,132,119,1,0.757,0.734,2
14,bcup,132,120,1,0.702,0.684,2
14,bcup,132,121,1,0.702,0.266,2
14,bcup,132,122,1,0.757,0.276,2
14,bcup,132,123,1,0.736,0.35,2
14,bcup,132,124,1,0.702,0.344,2
14,bcup,132,125,1,0.722,0.276,2
14,bcup,132,126,1,0.757,0.31,2
14,bcup,132,127,1,0.805,0.119,2
14,bcup,132,128,1,0.736,0.119,2
14,bcup,132,129,1,0.751,0.153,2
14,bcup,132,130,1,0.771,0.139,2
14,bcup,132,131,1,0.771,0.119,2
14,bcup,132,132,1,0.785,0.159,2
14,bcup,132,133,1,0.791,0.875,2
14,bcup,132,134,1,0.805,0.861,2
14,bcup,132,135,1,0.771,0.895,2
14,bcup,132,136,1,0.805,0.895,2
14,bcup,132,137,1,0.785,0.936,2
14,bcup,132,138,1,0.751,0.875,2
14,bcup,132,139,1,0.807,0.473,2
14,bcup,132,140,1,0.773,0.507,2
14,bcup,132,141,1,0.787,0.463,2
14,bcup,132,142,1,0.787,0.487,2
14,bcup,132,143,1,0.841,0.537,2
14,bcup,132,144,1,0.807,0.527,2
14,bcup,133,1,1,0.034,0.507,3
14,bcup,133,2,1,0,0.507,3
14,bcup,133,3,1,0.048,0.547,3
14,bcup,133,4,1,0.068,0.537,3
14,bcup,133,5,1,0.054,0.487,3
14,bcup,133,6,1,0.014,0.463,3
14,bcup,133,7,1,0.085,0.105,3
14,bcup,133,8,1,0.078,0.165,3
14,bcup,133,9,1,0.099,0.125,3
14,bcup,133,10,1,0.044,0.105,3
14,bcup,133,11,1,0.044,0.08,3
14,bcup,133,12,1,0.099,0.091,3
14,bcup,133,13,1,0.064,0.909,3
14,bcup,133,14,1,0.044,0.845,3
14,bcup,133,15,1,0.085,0.869,3
14,bcup,133,16,1,0.064,0.855,3
14,bcup,133,17,1,0.064,0.889,3
14,bcup,133,18,1,0.03,0.889,3
14,bcup,133,19,1,0.099,0.738,3
14,bcup,133,20,1,0.153,0.734,3
14,bcup,133,21,1,0.119,0.704,3
14,bcup,133,22,1,0.139,0.684,3
14,bcup,133,23,1,0.099,0.66,3
14,bcup,133,24,1,0.153,0.704,3
14,bcup,133,25,1,0.149,0.346,3
14,bcup,133,26,1,0.149,0.366,3
14,bcup,133,27,1,0.183,0.376,3
14,bcup,133,28,1,0.115,0.346,3
14,bcup,133,29,1,0.169,0.326,3
14,bcup,133,30,1,0.129,0.302,3
14,bcup,133,31,1,0.239,0.539,3
14,bcup,133,32,1,0.171,0.509,3
14,bcup,133,33,1,0.239,0.509,3
14,bcup,133,34,1,0.219,0.549,3
14,bcup,133,35,1,0.205,0.475,3
14,bcup,133,36,1,0.225,0.489,3
14,bcup,133,37,1,0.225,0.165,3
14,bcup,133,38,1,0.274,0.205,3
14,bcup,133,39,1,0.26,0.185,3
14,bcup,133,40,1,0.294,0.165,3
14,bcup,133,41,1,0.239,0.121,3
14,bcup,133,42,1,0.294,0.195,3
14,bcup,133,43,1,0.294,0.849,3
14,bcup,133,44,1,0.26,0.815,3
14,bcup,133,45,1,0.239,0.829,3
14,bcup,133,46,1,0.239,0.883,3
14,bcup,133,47,1,0.225,0.849,3
14,bcup,133,48,1,0.294,0.815,3
14,bcup,133,49,1,0.366,0.592,3
14,bcup,133,50,1,0.332,0.646,3
14,bcup,133,51,1,0.312,0.606,3
14,bcup,133,52,1,0.332,0.626,3
14,bcup,133,53,1,0.298,0.626,3
14,bcup,133,54,1,0.346,0.666,3
14,bcup,133,55,1,0.334,0.425,3
14,bcup,133,56,1,0.334,0.404,3
14,bcup,133,57,1,0.314,0.36,3
14,bcup,133,58,1,0.314,0.439,3
14,bcup,133,59,1,0.314,0.384,3
14,bcup,133,60,1,0.354,0.384,3
14,bcup,133,61,1,0.453,0.738,3
14,bcup,133,62,1,0.398,0.753,3
14,bcup,133,63,1,0.419,0.793,3
14,bcup,133,64,1,0.453,0.773,3
14,bcup,133,65,1,0.398,0.728,3
14,bcup,133,66,1,0.433,0.813,3
14,bcup,133,67,1,0.421,0.01,3
14,bcup,133,68,1,0.455,0.074,3
14,bcup,133,69,1,0.421,0.044,3
14,bcup,133,70,1,0.4,0,3
14,bcup,133,71,1,0.4,0.024,3
14,bcup,133,72,1,0.421,0.064,3
14,bcup,133,73,1,0.435,0.29,3
14,bcup,133,74,1,0.386,0.249,3
14,bcup,133,75,1,0.455,0.249,3
14,bcup,133,76,1,0.455,0.28,3
14,bcup,133,77,1,0.421,0.249,3
14,bcup,133,78,1,0.4,0.205,3
14,bcup,133,79,1,0.441,0.94,3
14,bcup,133,80,1,0.4,0.994,3
14,bcup,133,81,1,0.421,0.98,3
14,bcup,133,82,1,0.435,1,3
14,bcup,133,83,1,0.4,0.915,3
14,bcup,133,84,1,0.4,0.94,3
14,bcup,133,85,1,0.491,0.384,3
14,bcup,133,86,1,0.505,0.364,3
14,bcup,133,87,1,0.505,0.34,3
14,bcup,133,88,1,0.545,0.364,3
14,bcup,133,89,1,0.559,0.35,3
14,bcup,133,90,1,0.559,0.414,3
14,bcup,133,91,1,0.565,0.61,3
14,bcup,133,92,1,0.531,0.61,3
14,bcup,133,93,1,0.545,0.684,3
14,bcup,133,94,1,0.511,0.6,3
14,bcup,133,95,1,0.497,0.644,3
14,bcup,133,96,1,0.511,0.678,3
14,bcup,133,97,1,0.581,0.175,3
14,bcup,133,98,1,0.581,0.121,3
14,bcup,133,99,1,0.616,0.121,3
14,bcup,133,100,1,0.561,0.111,3
14,bcup,133,101,1,0.616,0.155,3
14,bcup,133,102,1,0.561,0.135,3
14,bcup,133,103,1,0.561,0.893,3
14,bcup,133,104,1,0.616,0.825,3
14,bcup,133,105,1,0.616,0.889,3
14,bcup,133,106,1,0.581,0.825,3
14,bcup,133,107,1,0.581,0.879,3
14,bcup,133,108,1,0.581,0.859,3
14,bcup,133,109,1,0.658,0.475,3
14,bcup,133,110,1,0.644,0.489,3
14,bcup,133,111,1,0.59,0.509,3
14,bcup,133,112,1,0.604,0.543,3
14,bcup,133,113,1,0.624,0.509,3
14,bcup,133,114,1,0.604,0.489,3
14,bcup,133,115,1,0.736,0.744,3
14,bcup,133,116,1,0.702,0.66,3
14,bcup,133,117,1,0.742,0.684,3
14,bcup,133,118,1,0.722,0.724,3
14,bcup,133,119,1,0.757,0.734,3
14,bcup,133,120,1,0.702,0.684,3
14,bcup,133,121,1,0.702,0.266,3
14,bcup,133,122,1,0.757,0.276,3
14,bcup,133,123,1,0.736,0.35,3
14,bcup,133,124,1,0.702,0.344,3
14,bcup,133,125,1,0.722,0.276,3
14,bcup,133,126,1,0.757,0.31,3
14,bcup,133,127,1,0.805,0.119,3
14,bcup,133,128,1,0.736,0.119,3
14,bcup,133,129,1,0.751,0.153,3
14,bcup,133,130,1,0.771,0.139,3
14,bcup,133,131,1,0.771,0.119,3
14,bcup,133,132,1,0.785,0.159,3
14,bcup,133,133,1,0.791,0.875,3
14,bcup,133,134,1,0.805,0.861,3
14,bcup,133,135,1,0.771,0.895,3
14,bcup,133,136,1,0.805,0.895,3
14,bcup,133,137,1,0.785,0.936,3
14,bcup,133,138,1,0.751,0.875,3
14,bcup,133,139,1,0.807,0.473,3
14,bcup,133,140,1,0.773,0.507,3
14,bcup,133,141,1,0.787,0.463,3
14,bcup,133,142,1,0.787,0.487,3
14,bcup,133,143,1,0.841,0.537,3
14,bcup,133,144,1,0.807,0.527,3
14,bcup,134,1,1,0.054,0.487,4
14,bcup,134,2,1,0.014,0.463,4
14,bcup,134,3,1,0.068,0.537,4
14,bcup,134,4,1,0,0.507,4
14,bcup,134,5,1,0.034,0.507,4
14,bcup,134,6,1,0.048,0.547,4
14,bcup,134,7,1,0.085,0.105,4
14,bcup,134,8,1,0.078,0.165,4
14,bcup,134,9,1,0.099,0.125,4
14,bcup,134,10,1,0.044,0.105,4
14,bcup,134,11,1,0.044,0.08,4
14,bcup,134,12,1,0.099,0.091,4
14,bcup,134,13,1,0.064,0.889,4
14,bcup,134,14,1,0.085,0.869,4
14,bcup,134,15,1,0.064,0.909,4
14,bcup,134,16,1,0.044,0.845,4
14,bcup,134,17,1,0.064,0.855,4
14,bcup,134,18,1,0.03,0.889,4
14,bcup,134,19,1,0.153,0.704,4
14,bcup,134,20,1,0.099,0.738,4
14,bcup,134,21,1,0.139,0.684,4
14,bcup,134,22,1,0.119,0.704,4
14,bcup,134,23,1,0.099,0.66,4
14,bcup,134,24,1,0.153,0.734,4
14,bcup,134,25,1,0.149,0.346,4
14,bcup,134,26,1,0.149,0.366,4
14,bcup,134,27,1,0.183,0.376,4
14,bcup,134,28,1,0.115,0.346,4
14,bcup,134,29,1,0.169,0.326,4
14,bcup,134,30,1,0.129,0.302,4
14,bcup,134,31,1,0.171,0.509,4
14,bcup,134,32,1,0.225,0.489,4
14,bcup,134,33,1,0.239,0.509,4
14,bcup,134,34,1,0.239,0.539,4
14,bcup,134,35,1,0.205,0.475,4
14,bcup,134,36,1,0.219,0.549,4
14,bcup,134,37,1,0.225,0.165,4
14,bcup,134,38,1,0.274,0.205,4
14,bcup,134,39,1,0.26,0.185,4
14,bcup,134,40,1,0.294,0.165,4
14,bcup,134,41,1,0.239,0.121,4
14,bcup,134,42,1,0.294,0.195,4
14,bcup,134,43,1,0.26,0.815,4
14,bcup,134,44,1,0.239,0.829,4
14,bcup,134,45,1,0.239,0.883,4
14,bcup,134,46,1,0.294,0.815,4
14,bcup,134,47,1,0.225,0.849,4
14,bcup,134,48,1,0.294,0.849,4
14,bcup,134,49,1,0.312,0.606,4
14,bcup,134,50,1,0.298,0.626,4
14,bcup,134,51,1,0.366,0.592,4
14,bcup,134,52,1,0.332,0.626,4
14,bcup,134,53,1,0.332,0.646,4
14,bcup,134,54,1,0.346,0.666,4
14,bcup,134,55,1,0.334,0.404,4
14,bcup,134,56,1,0.334,0.425,4
14,bcup,134,57,1,0.314,0.384,4
14,bcup,134,58,1,0.314,0.36,4
14,bcup,134,59,1,0.314,0.439,4
14,bcup,134,60,1,0.354,0.384,4
14,bcup,134,61,1,0.453,0.773,4
14,bcup,134,62,1,0.453,0.738,4
14,bcup,134,63,1,0.398,0.728,4
14,bcup,134,64,1,0.419,0.793,4
14,bcup,134,65,1,0.433,0.813,4
14,bcup,134,66,1,0.398,0.753,4
14,bcup,134,67,1,0.421,0.01,4
14,bcup,134,68,1,0.455,0.074,4
14,bcup,134,69,1,0.421,0.044,4
14,bcup,134,70,1,0.4,0,4
14,bcup,134,71,1,0.4,0.024,4
14,bcup,134,72,1,0.421,0.064,4
14,bcup,134,73,1,0.435,0.29,4
14,bcup,134,74,1,0.421,0.249,4
14,bcup,134,75,1,0.4,0.205,4
14,bcup,134,76,1,0.386,0.249,4
14,bcup,134,77,1,0.455,0.28,4
14,bcup,134,78,1,0.455,0.249,4
14,bcup,134,79,1,0.441,0.94,4
14,bcup,134,80,1,0.4,0.994,4
14,bcup,134,81,1,0.421,0.98,4
14,bcup,134,82,1,0.435,1,4
14,bcup,134,83,1,0.4,0.915,4
14,bcup,134,84,1,0.4,0.94,4
14,bcup,134,85,1,0.559,0.35,4
14,bcup,134,86,1,0.505,0.364,4
14,bcup,134,87,1,0.505,0.34,4
14,bcup,134,88,1,0.545,0.364,4
14,bcup,134,89,1,0.491,0.384,4
14,bcup,134,90,1,0.559,0.414,4
14,bcup,134,91,1,0.511,0.6,4
14,bcup,134,92,1,0.545,0.684,4
14,bcup,134,93,1,0.497,0.644,4
14,bcup,134,94,1,0.511,0.678,4
14,bcup,134,95,1,0.565,0.61,4
14,bcup,134,96,1,0.531,0.61,4
14,bcup,134,97,1,0.581,0.175,4
14,bcup,134,98,1,0.581,0.121,4
14,bcup,134,99,1,0.616,0.121,4
14,bcup,134,100,1,0.561,0.111,4
14,bcup,134,101,1,0.616,0.155,4
14,bcup,134,102,1,0.561,0.135,4
14,bcup,134,103,1,0.561,0.893,4
14,bcup,134,104,1,0.616,0.825,4
14,bcup,134,105,1,0.616,0.889,4
14,bcup,134,106,1,0.581,0.825,4
14,bcup,134,107,1,0.581,0.879,4
14,bcup,134,108,1,0.581,0.859,4
14,bcup,134,109,1,0.624,0.509,4
14,bcup,134,110,1,0.604,0.543,4
14,bcup,134,111,1,0.658,0.475,4
14,bcup,134,112,1,0.604,0.489,4
14,bcup,134,113,1,0.59,0.509,4
14,bcup,134,114,1,0.644,0.489,4
14,bcup,134,115,1,0.736,0.744,4
14,bcup,134,116,1,0.702,0.66,4
14,bcup,134,117,1,0.742,0.684,4
14,bcup,134,118,1,0.722,0.724,4
14,bcup,134,119,1,0.757,0.734,4
14,bcup,134,120,1,0.702,0.684,4
14,bcup,134,121,1,0.702,0.266,4
14,bcup,134,122,1,0.757,0.276,4
14,bcup,134,123,1,0.736,0.35,4
14,bcup,134,124,1,0.702,0.344,4
14,bcup,134,125,1,0.722,0.276,4
14,bcup,134,126,1,0.757,0.31,4
14,bcup,134,127,1,0.805,0.119,4
14,bcup,134,128,1,0.736,0.119,4
14,bcup,134,129,1,0.751,0.153,4
14,bcup,134,130,1,0.771,0.139,4
14,bcup,134,131,1,0.771,0.119,4
14,bcup,134,132,1,0.785,0.159,4
14,bcup,134,133,1,0.791,0.875,4
14,bcup,134,134,1,0.805,0.861,4
14,bcup,134,135,1,0.771,0.895,4
14,bcup,134,136,1,0.805,0.895,4
14,bcup,134,137,1,0.785,0.936,4
14,bcup,134,138,1,0.751,0.875,4
14,bcup,134,139,1,0.807,0.473,4
14,bcup,134,140,1,0.773,0.507,4
14,bcup,134,141,1,0.787,0.463,4
14,bcup,134,142,1,0.787,0.487,4
14,bcup,134,143,1,0.841,0.537,4
14,bcup,134,144,1,0.807,0.527,4
14,bcup,135,1,1,0.034,0.507,5
14,bcup,135,2,1,0,0.507,5
14,bcup,135,3,1,0.048,0.547,5
14,bcup,135,4,1,0.068,0.537,5
14,bcup,135,5,1,0.054,0.487,5
14,bcup,135,6,1,0.014,0.463,5
14,bcup,135,7,1,0.085,0.105,5
14,bcup,135,8,1,0.078,0.165,5
14,bcup,135,9,1,0.099,0.125,5
14,bcup,135,10,1,0.044,0.105,5
14,bcup,135,11,1,0.044,0.08,5
14,bcup,135,12,1,0.099,0.091,5
14,bcup,135,13,1,0.064,0.909,5
14,bcup,135,14,1,0.044,0.845,5
14,bcup,135,15,1,0.085,0.869,5
14,bcup,135,16,1,0.064,0.855,5
14,bcup,135,17,1,0.064,0.889,5
14,bcup,135,18,1,0.03,0.889,5
14,bcup,135,19,1,0.099,0.738,5
14,bcup,135,20,1,0.153,0.734,5
14,bcup,135,21,1,0.119,0.704,5
14,bcup,135,22,1,0.139,0.684,5
14,bcup,135,23,1,0.099,0.66,5
14,bcup,135,24,1,0.153,0.704,5
14,bcup,135,25,1,0.149,0.346,5
14,bcup,135,26,1,0.149,0.366,5
14,bcup,135,27,1,0.183,0.376,5
14,bcup,135,28,1,0.115,0.346,5
14,bcup,135,29,1,0.169,0.326,5
14,bcup,135,30,1,0.129,0.302,5
14,bcup,135,31,1,0.239,0.539,5
14,bcup,135,32,1,0.171,0.509,5
14,bcup,135,33,1,0.239,0.509,5
14,bcup,135,34,1,0.219,0.549,5
14,bcup,135,35,1,0.205,0.475,5
14,bcup,135,36,1,0.225,0.489,5
14,bcup,135,37,1,0.225,0.165,5
14,bcup,135,38,1,0.274,0.205,5
14,bcup,135,39,1,0.26,0.185,5
14,bcup,135,40,1,0.294,0.165,5
14,bcup,135,41,1,0.239,0.121,5
14,bcup,135,42,1,0.294,0.195,5
14,bcup,135,43,1,0.294,0.849,5
14,bcup,135,44,1,0.26,0.815,5
14,bcup,135,45,1,0.239,0.829,5
14,bcup,135,46,1,0.239,0.883,5
14,bcup,135,47,1,0.225,0.849,5
14,bcup,135,48,1,0.294,0.815,5
14,bcup,135,49,1,0.298,0.626,5
14,bcup,135,50,1,0.312,0.606,5
14,bcup,135,51,1,0.346,0.666,5
14,bcup,135,52,1,0.332,0.626,5
14,bcup,135,53,1,0.366,0.592,5
14,bcup,135,54,1,0.332,0.646,5
14,bcup,135,55,1,0.354,0.384,5
14,bcup,135,56,1,0.314,0.384,5
14,bcup,135,57,1,0.334,0.404,5
14,bcup,135,58,1,0.314,0.439,5
14,bcup,135,59,1,0.334,0.425,5
14,bcup,135,60,1,0.314,0.36,5
14,bcup,135,61,1,0.419,0.793,5
14,bcup,135,62,1,0.398,0.753,5
14,bcup,135,63,1,0.398,0.728,5
14,bcup,135,64,1,0.453,0.738,5
14,bcup,135,65,1,0.433,0.813,5
14,bcup,135,66,1,0.453,0.773,5
14,bcup,135,67,1,0.421,0.01,5
14,bcup,135,68,1,0.455,0.074,5
14,bcup,135,69,1,0.421,0.044,5
14,bcup,135,70,1,0.4,0,5
14,bcup,135,71,1,0.4,0.024,5
14,bcup,135,72,1,0.421,0.064,5
14,bcup,135,73,1,0.435,0.29,5
14,bcup,135,74,1,0.386,0.249,5
14,bcup,135,75,1,0.455,0.28,5
14,bcup,135,76,1,0.455,0.249,5
14,bcup,135,77,1,0.421,0.249,5
14,bcup,135,78,1,0.4,0.205,5
14,bcup,135,79,1,0.441,0.94,5
14,bcup,135,80,1,0.4,0.994,5
14,bcup,135,81,1,0.421,0.98,5
14,bcup,135,82,1,0.435,1,5
14,bcup,135,83,1,0.4,0.915,5
14,bcup,135,84,1,0.4,0.94,5
14,bcup,135,85,1,0.491,0.384,5
14,bcup,135,86,1,0.505,0.364,5
14,bcup,135,87,1,0.505,0.34,5
14,bcup,135,88,1,0.545,0.364,5
14,bcup,135,89,1,0.559,0.35,5
14,bcup,135,90,1,0.559,0.414,5
14,bcup,135,91,1,0.545,0.684,5
14,bcup,135,92,1,0.511,0.6,5
14,bcup,135,93,1,0.511,0.678,5
14,bcup,135,94,1,0.497,0.644,5
14,bcup,135,95,1,0.565,0.61,5
14,bcup,135,96,1,0.531,0.61,5
14,bcup,135,97,1,0.581,0.175,5
14,bcup,135,98,1,0.561,0.111,5
14,bcup,135,99,1,0.616,0.121,5
14,bcup,135,100,1,0.561,0.135,5
14,bcup,135,101,1,0.581,0.121,5
14,bcup,135,102,1,0.616,0.155,5
14,bcup,135,103,1,0.561,0.893,5
14,bcup,135,104,1,0.616,0.825,5
14,bcup,135,105,1,0.616,0.889,5
14,bcup,135,106,1,0.581,0.825,5
14,bcup,135,107,1,0.581,0.879,5
14,bcup,135,108,1,0.581,0.859,5
14,bcup,135,109,1,0.658,0.475,5
14,bcup,135,110,1,0.604,0.489,5
14,bcup,135,111,1,0.59,0.509,5
14,bcup,135,112,1,0.604,0.543,5
14,bcup,135,113,1,0.624,0.509,5
14,bcup,135,114,1,0.644,0.489,5
14,bcup,135,115,1,0.736,0.744,5
14,bcup,135,116,1,0.702,0.66,5
14,bcup,135,117,1,0.742,0.684,5
14,bcup,135,118,1,0.722,0.724,5
14,bcup,135,119,1,0.757,0.734,5
14,bcup,135,120,1,0.702,0.684,5
14,bcup,135,121,1,0.702,0.266,5
14,bcup,135,122,1,0.736,0.35,5
14,bcup,135,123,1,0.722,0.276,5
14,bcup,135,124,1,0.757,0.31,5
14,bcup,135,125,1,0.757,0.276,5
14,bcup,135,126,1,0.702,0.344,5
14,bcup,135,127,1,0.805,0.119,5
14,bcup,135,128,1,0.736,0.119,5
14,bcup,135,129,1,0.751,0.153,5
14,bcup,135,130,1,0.771,0.139,5
14,bcup,135,131,1,0.771,0.119,5
14,bcup,135,132,1,0.785,0.159,5
14,bcup,135,133,1,0.791,0.875,5
14,bcup,135,134,1,0.805,0.861,5
14,bcup,135,135,1,0.771,0.895,5
14,bcup,135,136,1,0.805,0.895,5
14,bcup,135,137,1,0.785,0.936,5
14,bcup,135,138,1,0.751,0.875,5
14,bcup,135,139,1,0.807,0.473,5
14,bcup,135,140,1,0.773,0.507,5
14,bcup,135,141,1,0.787,0.463,5
14,bcup,135,142,1,0.787,0.487,5
14,bcup,135,143,1,0.841,0.537,5
14,bcup,135,144,1,0.807,0.527,5
14,bcup,136,1,1,0.034,0.507,6
14,bcup,136,2,1,0,0.507,6
14,bcup,136,3,1,0.048,0.547,6
14,bcup,136,4,1,0.068,0.537,6
14,bcup,136,5,1,0.054,0.487,6
14,bcup,136,6,1,0.014,0.463,6
14,bcup,136,7,1,0.085,0.105,6
14,bcup,136,8,1,0.078,0.165,6
14,bcup,136,9,1,0.099,0.125,6
14,bcup,136,10,1,0.044,0.105,6
14,bcup,136,11,1,0.044,0.08,6
14,bcup,136,12,1,0.099,0.091,6
14,bcup,136,13,1,0.064,0.909,6
14,bcup,136,14,1,0.044,0.845,6
14,bcup,136,15,1,0.085,0.869,6
14,bcup,136,16,1,0.064,0.855,6
14,bcup,136,17,1,0.064,0.889,6
14,bcup,136,18,1,0.03,0.889,6
14,bcup,136,19,1,0.099,0.738,6
14,bcup,136,20,1,0.153,0.734,6
14,bcup,136,21,1,0.119,0.704,6
14,bcup,136,22,1,0.139,0.684,6
14,bcup,136,23,1,0.099,0.66,6
14,bcup,136,24,1,0.153,0.704,6
14,bcup,136,25,1,0.149,0.366,6
14,bcup,136,26,1,0.183,0.376,6
14,bcup,136,27,1,0.149,0.346,6
14,bcup,136,28,1,0.115,0.346,6
14,bcup,136,29,1,0.129,0.302,6
14,bcup,136,30,1,0.169,0.326,6
14,bcup,136,31,1,0.171,0.509,6
14,bcup,136,32,1,0.225,0.489,6
14,bcup,136,33,1,0.239,0.509,6
14,bcup,136,34,1,0.239,0.539,6
14,bcup,136,35,1,0.205,0.475,6
14,bcup,136,36,1,0.219,0.549,6
14,bcup,136,37,1,0.294,0.195,6
14,bcup,136,38,1,0.225,0.165,6
14,bcup,136,39,1,0.274,0.205,6
14,bcup,136,40,1,0.294,0.165,6
14,bcup,136,41,1,0.239,0.121,6
14,bcup,136,42,1,0.26,0.185,6
14,bcup,136,43,1,0.294,0.849,6
14,bcup,136,44,1,0.26,0.815,6
14,bcup,136,45,1,0.239,0.829,6
14,bcup,136,46,1,0.239,0.883,6
14,bcup,136,47,1,0.225,0.849,6
14,bcup,136,48,1,0.294,0.815,6
14,bcup,136,49,1,0.298,0.626,6
14,bcup,136,50,1,0.312,0.606,6
14,bcup,136,51,1,0.346,0.666,6
14,bcup,136,52,1,0.332,0.626,6
14,bcup,136,53,1,0.366,0.592,6
14,bcup,136,54,1,0.332,0.646,6
14,bcup,136,55,1,0.314,0.384,6
14,bcup,136,56,1,0.334,0.425,6
14,bcup,136,57,1,0.314,0.36,6
14,bcup,136,58,1,0.314,0.439,6
14,bcup,136,59,1,0.334,0.404,6
14,bcup,136,60,1,0.354,0.384,6
14,bcup,136,61,1,0.453,0.738,6
14,bcup,136,62,1,0.433,0.813,6
14,bcup,136,63,1,0.453,0.773,6
14,bcup,136,64,1,0.419,0.793,6
14,bcup,136,65,1,0.398,0.728,6
14,bcup,136,66,1,0.398,0.753,6
14,bcup,136,67,1,0.421,0.01,6
14,bcup,136,68,1,0.455,0.074,6
14,bcup,136,69,1,0.421,0.044,6
14,bcup,136,70,1,0.4,0,6
14,bcup,136,71,1,0.4,0.024,6
14,bcup,136,72,1,0.421,0.064,6
14,bcup,136,73,1,0.455,0.249,6
14,bcup,136,74,1,0.4,0.205,6
14,bcup,136,75,1,0.421,0.249,6
14,bcup,136,76,1,0.435,0.29,6
14,bcup,136,77,1,0.455,0.28,6
14,bcup,136,78,1,0.386,0.249,6
14,bcup,136,79,1,0.441,0.94,6
14,bcup,136,80,1,0.4,0.994,6
14,bcup,136,81,1,0.421,0.98,6
14,bcup,136,82,1,0.435,1,6
14,bcup,136,83,1,0.4,0.915,6
14,bcup,136,84,1,0.4,0.94,6
14,bcup,136,85,1,0.559,0.414,6
14,bcup,136,86,1,0.545,0.364,6
14,bcup,136,87,1,0.559,0.35,6
14,bcup,136,88,1,0.505,0.34,6
14,bcup,136,89,1,0.491,0.384,6
14,bcup,136,90,1,0.505,0.364,6
14,bcup,136,91,1,0.497,0.644,6
14,bcup,136,92,1,0.531,0.61,6
14,bcup,136,93,1,0.511,0.6,6
14,bcup,136,94,1,0.565,0.61,6
14,bcup,136,95,1,0.545,0.684,6
14,bcup,136,96,1,0.511,0.678,6
14,bcup,136,97,1,0.581,0.175,6
14,bcup,136,98,1,0.581,0.121,6
14,bcup,136,99,1,0.616,0.121,6
14,bcup,136,100,1,0.561,0.111,6
14,bcup,136,101,1,0.616,0.155,6
14,bcup,136,102,1,0.561,0.135,6
14,bcup,136,103,1,0.561,0.893,6
14,bcup,136,104,1,0.616,0.825,6
14,bcup,136,105,1,0.616,0.889,6
14,bcup,136,106,1,0.581,0.825,6
14,bcup,136,107,1,0.581,0.879,6
14,bcup,136,108,1,0.581,0.859,6
14,bcup,136,109,1,0.624,0.509,6
14,bcup,136,110,1,0.604,0.543,6
14,bcup,136,111,1,0.658,0.475,6
14,bcup,136,112,1,0.604,0.489,6
14,bcup,136,113,1,0.59,0.509,6
14,bcup,136,114,1,0.644,0.489,6
14,bcup,136,115,1,0.736,0.744,6
14,bcup,136,116,1,0.702,0.66,6
14,bcup,136,117,1,0.742,0.684,6
14,bcup,136,118,1,0.722,0.724,6
14,bcup,136,119,1,0.757,0.734,6
14,bcup,136,120,1,0.702,0.684,6
14,bcup,136,121,1,0.702,0.266,6
14,bcup,136,122,1,0.757,0.276,6
14,bcup,136,123,1,0.736,0.35,6
14,bcup,136,124,1,0.702,0.344,6
14,bcup,136,125,1,0.722,0.276,6
14,bcup,136,126,1,0.757,0.31,6
14,bcup,136,127,1,0.805,0.119,6
14,bcup,136,128,1,0.736,0.119,6
14,bcup,136,129,1,0.751,0.153,6
14,bcup,136,130,1,0.771,0.139,6
14,bcup,136,131,1,0.771,0.119,6
14,bcup,136,132,1,0.785,0.159,6
14,bcup,136,133,1,0.791,0.875,6
14,bcup,136,134,1,0.805,0.861,6
14,bcup,136,135,1,0.771,0.895,6
14,bcup,136,136,1,0.805,0.895,6
14,bcup,136,137,1,0.785,0.936,6
14,bcup,136,138,1,0.751,0.875,6
14,bcup,136,139,1,0.807,0.473,6
14,bcup,136,140,1,0.773,0.507,6
14,bcup,136,141,1,0.787,0.463,6
14,bcup,136,142,1,0.787,0.487,6
14,bcup,136,143,1,0.841,0.537,6
14,bcup,136,144,1,0.807,0.527,6
14,bcup,137,1,1,0.034,0.507,7
14,bcup,137,2,1,0,0.507,7
14,bcup,137,3,1,0.048,0.547,7
14,bcup,137,4,1,0.068,0.537,7
14,bcup,137,5,1,0.054,0.487,7
14,bcup,137,6,1,0.014,0.463,7
14,bcup,137,7,1,0.085,0.105,7
14,bcup,137,8,1,0.078,0.165,7
14,bcup,137,9,1,0.099,0.125,7
14,bcup,137,10,1,0.044,0.105,7
14,bcup,137,11,1,0.044,0.08,7
14,bcup,137,12,1,0.099,0.091,7
14,bcup,137,13,1,0.064,0.855,7
14,bcup,137,14,1,0.085,0.869,7
14,bcup,137,15,1,0.064,0.909,7
14,bcup,137,16,1,0.044,0.845,7
14,bcup,137,17,1,0.064,0.889,7
14,bcup,137,18,1,0.03,0.889,7
14,bcup,137,19,1,0.153,0.704,7
14,bcup,137,20,1,0.099,0.738,7
14,bcup,137,21,1,0.139,0.684,7
14,bcup,137,22,1,0.119,0.704,7
14,bcup,137,23,1,0.099,0.66,7
14,bcup,137,24,1,0.153,0.734,7
14,bcup,137,25,1,0.149,0.346,7
14,bcup,137,26,1,0.149,0.366,7
14,bcup,137,27,1,0.183,0.376,7
14,bcup,137,28,1,0.115,0.346,7
14,bcup,137,29,1,0.169,0.326,7
14,bcup,137,30,1,0.129,0.302,7
14,bcup,137,31,1,0.239,0.509,7
14,bcup,137,32,1,0.225,0.489,7
14,bcup,137,33,1,0.239,0.539,7
14,bcup,137,34,1,0.171,0.509,7
14,bcup,137,35,1,0.205,0.475,7
14,bcup,137,36,1,0.219,0.549,7
14,bcup,137,37,1,0.225,0.165,7
14,bcup,137,38,1,0.274,0.205,7
14,bcup,137,39,1,0.26,0.185,7
14,bcup,137,40,1,0.294,0.165,7
14,bcup,137,41,1,0.239,0.121,7
14,bcup,137,42,1,0.294,0.195,7
14,bcup,137,43,1,0.26,0.815,7
14,bcup,137,44,1,0.239,0.829,7
14,bcup,137,45,1,0.239,0.883,7
14,bcup,137,46,1,0.294,0.815,7
14,bcup,137,47,1,0.225,0.849,7
14,bcup,137,48,1,0.294,0.849,7
14,bcup,137,49,1,0.332,0.626,7
14,bcup,137,50,1,0.312,0.606,7
14,bcup,137,51,1,0.298,0.626,7
14,bcup,137,52,1,0.366,0.592,7
14,bcup,137,53,1,0.332,0.646,7
14,bcup,137,54,1,0.346,0.666,7
14,bcup,137,55,1,0.314,0.384,7
14,bcup,137,56,1,0.334,0.425,7
14,bcup,137,57,1,0.314,0.36,7
14,bcup,137,58,1,0.314,0.439,7
14,bcup,137,59,1,0.334,0.404,7
14,bcup,137,60,1,0.354,0.384,7
14,bcup,137,61,1,0.453,0.773,7
14,bcup,137,62,1,0.453,0.738,7
14,bcup,137,63,1,0.433,0.813,7
14,bcup,137,64,1,0.419,0.793,7
14,bcup,137,65,1,0.398,0.728,7
14,bcup,137,66,1,0.398,0.753,7
14,bcup,137,67,1,0.421,0.01,7
14,bcup,137,68,1,0.455,0.074,7
14,bcup,137,69,1,0.421,0.044,7
14,bcup,137,70,1,0.4,0,7
14,bcup,137,71,1,0.4,0.024,7
14,bcup,137,72,1,0.421,0.064,7
14,bcup,137,73,1,0.435,0.29,7
14,bcup,137,74,1,0.421,0.249,7
14,bcup,137,75,1,0.4,0.205,7
14,bcup,137,76,1,0.386,0.249,7
14,bcup,137,77,1,0.455,0.28,7
14,bcup,137,78,1,0.455,0.249,7
14,bcup,137,79,1,0.441,0.94,7
14,bcup,137,80,1,0.4,0.994,7
14,bcup,137,81,1,0.421,0.98,7
14,bcup,137,82,1,0.435,1,7
14,bcup,137,83,1,0.4,0.915,7
14,bcup,137,84,1,0.4,0.94,7
14,bcup,137,85,1,0.559,0.35,7
14,bcup,137,86,1,0.505,0.364,7
14,bcup,137,87,1,0.505,0.34,7
14,bcup,137,88,1,0.545,0.364,7
14,bcup,137,89,1,0.491,0.384,7
14,bcup,137,90,1,0.559,0.414,7
14,bcup,137,91,1,0.511,0.6,7
14,bcup,137,92,1,0.545,0.684,7
14,bcup,137,93,1,0.497,0.644,7
14,bcup,137,94,1,0.511,0.678,7
14,bcup,137,95,1,0.565,0.61,7
14,bcup,137,96,1,0.531,0.61,7
14,bcup,137,97,1,0.581,0.175,7
14,bcup,137,98,1,0.581,0.121,7
14,bcup,137,99,1,0.616,0.121,7
14,bcup,137,100,1,0.561,0.111,7
14,bcup,137,101,1,0.616,0.155,7
14,bcup,137,102,1,0.561,0.135,7
14,bcup,137,103,1,0.561,0.893,7
14,bcup,137,104,1,0.616,0.825,7
14,bcup,137,105,1,0.616,0.889,7
14,bcup,137,106,1,0.581,0.825,7
14,bcup,137,107,1,0.581,0.879,7
14,bcup,137,108,1,0.581,0.859,7
14,bcup,137,109,1,0.624,0.509,7
14,bcup,137,110,1,0.604,0.543,7
14,bcup,137,111,1,0.658,0.475,7
14,bcup,137,112,1,0.604,0.489,7
14,bcup,137,113,1,0.59,0.509,7
14,bcup,137,114,1,0.644,0.489,7
14,bcup,137,115,1,0.736,0.744,7
14,bcup,137,116,1,0.702,0.66,7
14,bcup,137,117,1,0.742,0.684,7
14,bcup,137,118,1,0.722,0.724,7
14,bcup,137,119,1,0.757,0.734,7
14,bcup,137,120,1,0.702,0.684,7
14,bcup,137,121,1,0.702,0.266,7
14,bcup,137,122,1,0.757,0.276,7
14,bcup,137,123,1,0.736,0.35,7
14,bcup,137,124,1,0.702,0.344,7
14,bcup,137,125,1,0.722,0.276,7
14,bcup,137,126,1,0.757,0.31,7
14,bcup,137,127,1,0.805,0.119,7
14,bcup,137,128,1,0.736,0.119,7
14,bcup,137,129,1,0.751,0.153,7
14,bcup,137,130,1,0.771,0.139,7
14,bcup,137,131,1,0.771,0.119,7
14,bcup,137,132,1,0.785,0.159,7
14,bcup,137,133,1,0.791,0.875,7
14,bcup,137,134,1,0.805,0.861,7
14,bcup,137,135,1,0.771,0.895,7
14,bcup,137,136,1,0.805,0.895,7
14,bcup,137,137,1,0.785,0.936,7
14,bcup,137,138,1,0.751,0.875,7
14,bcup,137,139,1,0.807,0.473,7
14,bcup,137,140,1,0.773,0.507,7
14,bcup,137,141,1,0.787,0.463,7
14,bcup,137,142,1,0.787,0.487,7
14,bcup,137,143,1,0.841,0.537,7
14,bcup,137,144,1,0.807,0.527,7
14,bcup,138,1,1,0.034,0.507,8
14,bcup,138,2,1,0,0.507,8
14,bcup,138,3,1,0.048,0.547,8
14,bcup,138,4,1,0.068,0.537,8
14,bcup,138,5,1,0.054,0.487,8
14,bcup,138,6,1,0.014,0.463,8
14,bcup,138,7,1,0.085,0.105,8
14,bcup,138,8,1,0.078,0.165,8
14,bcup,138,9,1,0.099,0.125,8
14,bcup,138,10,1,0.044,0.105,8
14,bcup,138,11,1,0.044,0.08,8
14,bcup,138,12,1,0.099,0.091,8
14,bcup,138,13,1,0.064,0.909,8
14,bcup,138,14,1,0.044,0.845,8
14,bcup,138,15,1,0.085,0.869,8
14,bcup,138,16,1,0.064,0.855,8
14,bcup,138,17,1,0.064,0.889,8
14,bcup,138,18,1,0.03,0.889,8
14,bcup,138,19,1,0.099,0.738,8
14,bcup,138,20,1,0.153,0.734,8
14,bcup,138,21,1,0.119,0.704,8
14,bcup,138,22,1,0.139,0.684,8
14,bcup,138,23,1,0.099,0.66,8
14,bcup,138,24,1,0.153,0.704,8
14,bcup,138,25,1,0.183,0.376,8
14,bcup,138,26,1,0.149,0.366,8
14,bcup,138,27,1,0.149,0.346,8
14,bcup,138,28,1,0.129,0.302,8
14,bcup,138,29,1,0.115,0.346,8
14,bcup,138,30,1,0.169,0.326,8
14,bcup,138,31,1,0.225,0.489,8
14,bcup,138,32,1,0.239,0.509,8
14,bcup,138,33,1,0.205,0.475,8
14,bcup,138,34,1,0.239,0.539,8
14,bcup,138,35,1,0.219,0.549,8
14,bcup,138,36,1,0.171,0.509,8
14,bcup,138,37,1,0.274,0.205,8
14,bcup,138,38,1,0.26,0.185,8
14,bcup,138,39,1,0.294,0.165,8
14,bcup,138,40,1,0.239,0.121,8
14,bcup,138,41,1,0.294,0.195,8
14,bcup,138,42,1,0.225,0.165,8
14,bcup,138,43,1,0.294,0.849,8
14,bcup,138,44,1,0.26,0.815,8
14,bcup,138,45,1,0.239,0.829,8
14,bcup,138,46,1,0.239,0.883,8
14,bcup,138,47,1,0.225,0.849,8
14,bcup,138,48,1,0.294,0.815,8
14,bcup,138,49,1,0.366,0.592,8
14,bcup,138,50,1,0.332,0.646,8
14,bcup,138,51,1,0.332,0.626,8
14,bcup,138,52,1,0.312,0.606,8
14,bcup,138,53,1,0.298,0.626,8
14,bcup,138,54,1,0.346,0.666,8
14,bcup,138,55,1,0.314,0.384,8
14,bcup,138,56,1,0.334,0.404,8
14,bcup,138,57,1,0.314,0.36,8
14,bcup,138,58,1,0.314,0.439,8
14,bcup,138,59,1,0.334,0.425,8
14,bcup,138,60,1,0.354,0.384,8
14,bcup,138,61,1,0.419,0.793,8
14,bcup,138,62,1,0.398,0.753,8
14,bcup,138,63,1,0.398,0.728,8
14,bcup,138,64,1,0.453,0.738,8
14,bcup,138,65,1,0.433,0.813,8
14,bcup,138,66,1,0.453,0.773,8
14,bcup,138,67,1,0.421,0.01,8
14,bcup,138,68,1,0.455,0.074,8
14,bcup,138,69,1,0.421,0.044,8
14,bcup,138,70,1,0.4,0,8
14,bcup,138,71,1,0.4,0.024,8
14,bcup,138,72,1,0.421,0.064,8
14,bcup,138,73,1,0.435,0.29,8
14,bcup,138,74,1,0.421,0.249,8
14,bcup,138,75,1,0.4,0.205,8
14,bcup,138,76,1,0.386,0.249,8
14,bcup,138,77,1,0.455,0.28,8
14,bcup,138,78,1,0.455,0.249,8
14,bcup,138,79,1,0.441,0.94,8
14,bcup,138,80,1,0.4,0.994,8
14,bcup,138,81,1,0.421,0.98,8
14,bcup,138,82,1,0.435,1,8
14,bcup,138,83,1,0.4,0.915,8
14,bcup,138,84,1,0.4,0.94,8
14,bcup,138,85,1,0.491,0.384,8
14,bcup,138,86,1,0.505,0.364,8
14,bcup,138,87,1,0.505,0.34,8
14,bcup,138,88,1,0.545,0.364,8
14,bcup,138,89,1,0.559,0.35,8
14,bcup,138,90,1,0.559,0.414,8
14,bcup,138,91,1,0.497,0.644,8
14,bcup,138,92,1,0.531,0.61,8
14,bcup,138,93,1,0.511,0.678,8
14,bcup,138,94,1,0.511,0.6,8
14,bcup,138,95,1,0.565,0.61,8
14,bcup,138,96,1,0.545,0.684,8
14,bcup,138,97,1,0.581,0.175,8
14,bcup,138,98,1,0.581,0.121,8
14,bcup,138,99,1,0.616,0.121,8
14,bcup,138,100,1,0.561,0.111,8
14,bcup,138,101,1,0.616,0.155,8
14,bcup,138,102,1,0.561,0.135,8
14,bcup,138,103,1,0.561,0.893,8
14,bcup,138,104,1,0.616,0.825,8
14,bcup,138,105,1,0.616,0.889,8
14,bcup,138,106,1,0.581,0.825,8
14,bcup,138,107,1,0.581,0.879,8
14,bcup,138,108,1,0.581,0.859,8
14,bcup,138,109,1,0.658,0.475,8
14,bcup,138,110,1,0.644,0.489,8
14,bcup,138,111,1,0.59,0.509,8
14,bcup,138,112,1,0.604,0.543,8
14,bcup,138,113,1,0.624,0.509,8
14,bcup,138,114,1,0.604,0.489,8
14,bcup,138,115,1,0.736,0.744,8
14,bcup,138,116,1,0.702,0.66,8
14,bcup,138,117,1,0.742,0.684,8
14,bcup,138,118,1,0.722,0.724,8
14,bcup,138,119,1,0.757,0.734,8
14,bcup,138,120,1,0.702,0.684,8
14,bcup,138,121,1,0.702,0.266,8
14,bcup,138,122,1,0.757,0.276,8
14,bcup,138,123,1,0.736,0.35,8
14,bcup,138,124,1,0.702,0.344,8
14,bcup,138,125,1,0.722,0.276,8
14,bcup,138,126,1,0.757,0.31,8
14,bcup,138,127,1,0.805,0.119,8
14,bcup,138,128,1,0.736,0.119,8
14,bcup,138,129,1,0.751,0.153,8
14,bcup,138,130,1,0.771,0.139,8
14,bcup,138,131,1,0.771,0.119,8
14,bcup,138,132,1,0.785,0.159,8
14,bcup,138,133,1,0.791,0.875,8
14,bcup,138,134,1,0.805,0.861,8
14,bcup,138,135,1,0.771,0.895,8
14,bcup,138,136,1,0.805,0.895,8
14,bcup,138,137,1,0.785,0.936,8
14,bcup,138,138,1,0.751,0.875,8
14,bcup,138,139,1,0.807,0.473,8
14,bcup,138,140,1,0.773,0.507,8
14,bcup,138,141,1,0.787,0.463,8
14,bcup,138,142,1,0.787,0.487,8
14,bcup,138,143,1,0.841,0.537,8
14,bcup,138,144,1,0.807,0.527,8
14,bcup,139,1,1,0.048,0.547,9
14,bcup,139,2,1,0.054,0.487,9
14,bcup,139,3,1,0,0.507,9
14,bcup,139,4,1,0.034,0.507,9
14,bcup,139,5,1,0.068,0.537,9
14,bcup,139,6,1,0.014,0.463,9
14,bcup,139,7,1,0.085,0.105,9
14,bcup,139,8,1,0.078,0.165,9
14,bcup,139,9,1,0.099,0.125,9
14,bcup,139,10,1,0.044,0.105,9
14,bcup,139,11,1,0.044,0.08,9
14,bcup,139,12,1,0.099,0.091,9
14,bcup,139,13,1,0.064,0.909,9
14,bcup,139,14,1,0.044,0.845,9
14,bcup,139,15,1,0.085,0.869,9
14,bcup,139,16,1,0.064,0.855,9
14,bcup,139,17,1,0.064,0.889,9
14,bcup,139,18,1,0.03,0.889,9
14,bcup,139,19,1,0.153,0.704,9
14,bcup,139,20,1,0.153,0.734,9
14,bcup,139,21,1,0.139,0.684,9
14,bcup,139,22,1,0.119,0.704,9
14,bcup,139,23,1,0.099,0.66,9
14,bcup,139,24,1,0.099,0.738,9
14,bcup,139,25,1,0.183,0.376,9
14,bcup,139,26,1,0.149,0.366,9
14,bcup,139,27,1,0.169,0.326,9
14,bcup,139,28,1,0.149,0.346,9
14,bcup,139,29,1,0.129,0.302,9
14,bcup,139,30,1,0.115,0.346,9
14,bcup,139,31,1,0.171,0.509,9
14,bcup,139,32,1,0.225,0.489,9
14,bcup,139,33,1,0.239,0.509,9
14,bcup,139,34,1,0.239,0.539,9
14,bcup,139,35,1,0.205,0.475,9
14,bcup,139,36,1,0.219,0.549,9
14,bcup,139,37,1,0.225,0.165,9
14,bcup,139,38,1,0.274,0.205,9
14,bcup,139,39,1,0.26,0.185,9
14,bcup,139,40,1,0.294,0.165,9
14,bcup,139,41,1,0.239,0.121,9
14,bcup,139,42,1,0.294,0.195,9
14,bcup,139,43,1,0.294,0.815,9
14,bcup,139,44,1,0.26,0.815,9
14,bcup,139,45,1,0.239,0.829,9
14,bcup,139,46,1,0.225,0.849,9
14,bcup,139,47,1,0.239,0.883,9
14,bcup,139,48,1,0.294,0.849,9
14,bcup,139,49,1,0.332,0.626,9
14,bcup,139,50,1,0.346,0.666,9
14,bcup,139,51,1,0.332,0.646,9
14,bcup,139,52,1,0.312,0.606,9
14,bcup,139,53,1,0.298,0.626,9
14,bcup,139,54,1,0.366,0.592,9
14,bcup,139,55,1,0.334,0.404,9
14,bcup,139,56,1,0.334,0.425,9
14,bcup,139,57,1,0.314,0.384,9
14,bcup,139,58,1,0.314,0.36,9
14,bcup,139,59,1,0.314,0.439,9
14,bcup,139,60,1,0.354,0.384,9
14,bcup,139,61,1,0.453,0.773,9
14,bcup,139,62,1,0.398,0.728,9
14,bcup,139,63,1,0.398,0.753,9
14,bcup,139,64,1,0.419,0.793,9
14,bcup,139,65,1,0.433,0.813,9
14,bcup,139,66,1,0.453,0.738,9
14,bcup,139,67,1,0.421,0.01,9
14,bcup,139,68,1,0.455,0.074,9
14,bcup,139,69,1,0.421,0.044,9
14,bcup,139,70,1,0.4,0,9
14,bcup,139,71,1,0.4,0.024,9
14,bcup,139,72,1,0.421,0.064,9
14,bcup,139,73,1,0.435,0.29,9
14,bcup,139,74,1,0.421,0.249,9
14,bcup,139,75,1,0.4,0.205,9
14,bcup,139,76,1,0.386,0.249,9
14,bcup,139,77,1,0.455,0.28,9
14,bcup,139,78,1,0.455,0.249,9
14,bcup,139,79,1,0.441,0.94,9
14,bcup,139,80,1,0.4,0.994,9
14,bcup,139,81,1,0.421,0.98,9
14,bcup,139,82,1,0.435,1,9
14,bcup,139,83,1,0.4,0.915,9
14,bcup,139,84,1,0.4,0.94,9
14,bcup,139,85,1,0.559,0.35,9
14,bcup,139,86,1,0.505,0.364,9
14,bcup,139,87,1,0.505,0.34,9
14,bcup,139,88,1,0.545,0.364,9
14,bcup,139,89,1,0.491,0.384,9
14,bcup,139,90,1,0.559,0.414,9
14,bcup,139,91,1,0.511,0.678,9
14,bcup,139,92,1,0.565,0.61,9
14,bcup,139,93,1,0.545,0.684,9
14,bcup,139,94,1,0.531,0.61,9
14,bcup,139,95,1,0.511,0.6,9
14,bcup,139,96,1,0.497,0.644,9
14,bcup,139,97,1,0.581,0.175,9
14,bcup,139,98,1,0.581,0.121,9
14,bcup,139,99,1,0.616,0.121,9
14,bcup,139,100,1,0.561,0.111,9
14,bcup,139,101,1,0.616,0.155,9
14,bcup,139,102,1,0.561,0.135,9
14,bcup,139,103,1,0.561,0.893,9
14,bcup,139,104,1,0.616,0.825,9
14,bcup,139,105,1,0.616,0.889,9
14,bcup,139,106,1,0.581,0.825,9
14,bcup,139,107,1,0.581,0.879,9
14,bcup,139,108,1,0.581,0.859,9
14,bcup,139,109,1,0.624,0.509,9
14,bcup,139,110,1,0.604,0.543,9
14,bcup,139,111,1,0.658,0.475,9
14,bcup,139,112,1,0.604,0.489,9
14,bcup,139,113,1,0.59,0.509,9
14,bcup,139,114,1,0.644,0.489,9
14,bcup,139,115,1,0.736,0.744,9
14,bcup,139,116,1,0.702,0.66,9
14,bcup,139,117,1,0.742,0.684,9
14,bcup,139,118,1,0.722,0.724,9
14,bcup,139,119,1,0.757,0.734,9
14,bcup,139,120,1,0.702,0.684,9
14,bcup,139,121,1,0.702,0.266,9
14,bcup,139,122,1,0.757,0.276,9
14,bcup,139,123,1,0.736,0.35,9
14,bcup,139,124,1,0.702,0.344,9
14,bcup,139,125,1,0.722,0.276,9
14,bcup,139,126,1,0.757,0.31,9
14,bcup,139,127,1,0.805,0.119,9
14,bcup,139,128,1,0.736,0.119,9
14,bcup,139,129,1,0.751,0.153,9
14,bcup,139,130,1,0.771,0.139,9
14,bcup,139,131,1,0.771,0.119,9
14,bcup,139,132,1,0.785,0.159,9
14,bcup,139,133,1,0.791,0.875,9
14,bcup,139,134,1,0.805,0.861,9
14,bcup,139,135,1,0.771,0.895,9
14,bcup,139,136,1,0.805,0.895,9
14,bcup,139,137,1,0.785,0.936,9
14,bcup,139,138,1,0.751,0.875,9
14,bcup,139,139,1,0.807,0.473,9
14,bcup,139,140,1,0.773,0.507,9
14,bcup,139,141,1,0.787,0.463,9
14,bcup,139,142,1,0.787,0.487,9
14,bcup,139,143,1,0.841,0.537,9
14,bcup,139,144,1,0.807,0.527,9
14,bcup,140,1,1,0.034,0.507,10
14,bcup,140,2,1,0,0.507,10
14,bcup,140,3,1,0.048,0.547,10
14,bcup,140,4,1,0.068,0.537,10
14,bcup,140,5,1,0.054,0.487,10
14,bcup,140,6,1,0.014,0.463,10
14,bcup,140,7,1,0.085,0.105,10
14,bcup,140,8,1,0.078,0.165,10
14,bcup,140,9,1,0.099,0.125,10
14,bcup,140,10,1,0.044,0.105,10
14,bcup,140,11,1,0.044,0.08,10
14,bcup,140,12,1,0.099,0.091,10
14,bcup,140,13,1,0.064,0.909,10
14,bcup,140,14,1,0.044,0.845,10
14,bcup,140,15,1,0.085,0.869,10
14,bcup,140,16,1,0.064,0.855,10
14,bcup,140,17,1,0.064,0.889,10
14,bcup,140,18,1,0.03,0.889,10
14,bcup,140,19,1,0.099,0.738,10
14,bcup,140,20,1,0.153,0.734,10
14,bcup,140,21,1,0.119,0.704,10
14,bcup,140,22,1,0.139,0.684,10
14,bcup,140,23,1,0.099,0.66,10
14,bcup,140,24,1,0.153,0.704,10
14,bcup,140,25,1,0.149,0.346,10
14,bcup,140,26,1,0.149,0.366,10
14,bcup,140,27,1,0.183,0.376,10
14,bcup,140,28,1,0.115,0.346,10
14,bcup,140,29,1,0.169,0.326,10
14,bcup,140,30,1,0.129,0.302,10
14,bcup,140,31,1,0.239,0.539,10
14,bcup,140,32,1,0.171,0.509,10
14,bcup,140,33,1,0.239,0.509,10
14,bcup,140,34,1,0.219,0.549,10
14,bcup,140,35,1,0.205,0.475,10
14,bcup,140,36,1,0.225,0.489,10
14,bcup,140,37,1,0.274,0.205,10
14,bcup,140,38,1,0.26,0.185,10
14,bcup,140,39,1,0.294,0.165,10
14,bcup,140,40,1,0.239,0.121,10
14,bcup,140,41,1,0.294,0.195,10
14,bcup,140,42,1,0.225,0.165,10
14,bcup,140,43,1,0.294,0.849,10
14,bcup,140,44,1,0.26,0.815,10
14,bcup,140,45,1,0.239,0.829,10
14,bcup,140,46,1,0.239,0.883,10
14,bcup,140,47,1,0.225,0.849,10
14,bcup,140,48,1,0.294,0.815,10
14,bcup,140,49,1,0.332,0.646,10
14,bcup,140,50,1,0.366,0.592,10
14,bcup,140,51,1,0.332,0.626,10
14,bcup,140,52,1,0.332,0.626,10
14,bcup,140,53,1,0.298,0.626,10
14,bcup,140,54,1,0.312,0.606,10
14,bcup,140,55,1,0.334,0.425,10
14,bcup,140,56,1,0.334,0.404,10
14,bcup,140,57,1,0.314,0.439,10
14,bcup,140,58,1,0.314,0.36,10
14,bcup,140,59,1,0.314,0.384,10
14,bcup,140,60,1,0.334,0.404,10
14,bcup,140,61,1,0.419,0.793,10
14,bcup,140,62,1,0.398,0.753,10
14,bcup,140,63,1,0.398,0.728,10
14,bcup,140,64,1,0.453,0.738,10
14,bcup,140,65,1,0.433,0.813,10
14,bcup,140,66,1,0.453,0.773,10
14,bcup,140,67,1,0.421,0.01,10
14,bcup,140,68,1,0.455,0.074,10
14,bcup,140,69,1,0.421,0.044,10
14,bcup,140,70,1,0.4,0,10
14,bcup,140,71,1,0.4,0.024,10
14,bcup,140,72,1,0.421,0.064,10
14,bcup,140,73,1,0.455,0.249,10
14,bcup,140,74,1,0.435,0.29,10
14,bcup,140,75,1,0.386,0.249,10
14,bcup,140,76,1,0.455,0.28,10
14,bcup,140,77,1,0.421,0.249,10
14,bcup,140,78,1,0.4,0.205,10
14,bcup,140,79,1,0.441,0.94,10
14,bcup,140,80,1,0.4,0.994,10
14,bcup,140,81,1,0.421,0.98,10
14,bcup,140,82,1,0.435,1,10
14,bcup,140,83,1,0.4,0.915,10
14,bcup,140,84,1,0.4,0.94,10
14,bcup,140,85,1,0.505,0.34,10
14,bcup,140,86,1,0.545,0.364,10
14,bcup,140,87,1,0.491,0.384,10
14,bcup,140,88,1,0.505,0.364,10
14,bcup,140,89,1,0.559,0.414,10
14,bcup,140,90,1,0.559,0.35,10
14,bcup,140,91,1,0.497,0.644,10
14,bcup,140,92,1,0.531,0.61,10
14,bcup,140,93,1,0.545,0.684,10
14,bcup,140,94,1,0.511,0.6,10
14,bcup,140,95,1,0.565,0.61,10
14,bcup,140,96,1,0.511,0.678,10
14,bcup,140,97,1,0.581,0.175,10
14,bcup,140,98,1,0.581,0.121,10
14,bcup,140,99,1,0.616,0.121,10
14,bcup,140,100,1,0.561,0.111,10
14,bcup,140,101,1,0.616,0.155,10
14,bcup,140,102,1,0.561,0.135,10
14,bcup,140,103,1,0.561,0.893,10
14,bcup,140,104,1,0.616,0.825,10
14,bcup,140,105,1,0.616,0.889,10
14,bcup,140,106,1,0.581,0.825,10
14,bcup,140,107,1,0.581,0.879,10
14,bcup,140,108,1,0.581,0.859,10
14,bcup,140,109,1,0.604,0.489,10
14,bcup,140,110,1,0.604,0.543,10
14,bcup,140,111,1,0.644,0.489,10
14,bcup,140,112,1,0.658,0.475,10
14,bcup,140,113,1,0.624,0.509,10
14,bcup,140,114,1,0.59,0.509,10
14,bcup,140,115,1,0.736,0.744,10
14,bcup,140,116,1,0.702,0.66,10
14,bcup,140,117,1,0.742,0.684,10
14,bcup,140,118,1,0.722,0.724,10
14,bcup,140,119,1,0.757,0.734,10
14,bcup,140,120,1,0.702,0.684,10
14,bcup,140,121,1,0.702,0.266,10
14,bcup,140,122,1,0.757,0.276,10
14,bcup,140,123,1,0.736,0.35,10
14,bcup,140,124,1,0.702,0.344,10
14,bcup,140,125,1,0.722,0.276,10
14,bcup,140,126,1,0.757,0.31,10
14,bcup,140,127,1,0.805,0.119,10
14,bcup,140,128,1,0.736,0.119,10
14,bcup,140,129,1,0.751,0.153,10
14,bcup,140,130,1,0.771,0.139,10
14,bcup,140,131,1,0.771,0.119,10
14,bcup,140,132,1,0.785,0.159,10
14,bcup,140,133,1,0.791,0.875,10
14,bcup,140,134,1,0.805,0.861,10
14,bcup,140,135,1,0.771,0.895,10
14,bcup,140,136,1,0.805,0.895,10
14,bcup,140,137,1,0.785,0.936,10
14,bcup,140,138,1,0.751,0.875,10
14,bcup,140,139,1,0.807,0.473,10
14,bcup,140,140,1,0.773,0.507,10
14,bcup,140,141,1,0.787,0.463,10
14,bcup,140,142,1,0.787,0.487,10
14,bcup,140,143,1,0.841,0.537,10
14,bcup,140,144,1,0.807,0.527,10
15,bcup,141,1,1,0.014,0.531,1
15,bcup,141,2,1,0.068,0.527,1
15,bcup,141,3,1,0.068,0.497,1
15,bcup,141,4,1,0,0.497,1
15,bcup,141,5,1,0.048,0.537,1
15,bcup,141,6,1,0.034,0.463,1
15,bcup,141,7,1,0.044,0.095,1
15,bcup,141,8,1,0.078,0.155,1
15,bcup,141,9,1,0.064,0.08,1
15,bcup,141,10,1,0.085,0.095,1
15,bcup,141,11,1,0.044,0.149,1
15,bcup,141,12,1,0.099,0.145,1
15,bcup,141,13,1,0.099,0.909,1
15,bcup,141,14,1,0.064,0.899,1
15,bcup,141,15,1,0.044,0.913,1
15,bcup,141,16,1,0.044,0.835,1
15,bcup,141,17,1,0.078,0.92,1
15,bcup,141,18,1,0.099,0.845,1
15,bcup,141,19,1,0.139,0.674,1
15,bcup,141,20,1,0.153,0.694,1
15,bcup,141,21,1,0.119,0.714,1
15,bcup,141,22,1,0.099,0.674,1
15,bcup,141,23,1,0.085,0.694,1
15,bcup,141,24,1,0.119,0.694,1
15,bcup,141,25,1,0.183,0.336,1
15,bcup,141,26,1,0.183,0.366,1
15,bcup,141,27,1,0.163,0.376,1
15,bcup,141,28,1,0.149,0.356,1
15,bcup,141,29,1,0.149,0.336,1
15,bcup,141,30,1,0.129,0.316,1
15,bcup,141,31,1,0.239,0.529,1
15,bcup,141,32,1,0.219,0.539,1
15,bcup,141,33,1,0.205,0.499,1
15,bcup,141,34,1,0.171,0.499,1
15,bcup,141,35,1,0.185,0.455,1
15,bcup,141,36,1,0.239,0.465,1
15,bcup,141,37,1,0.26,0.121,1
15,bcup,141,38,1,0.28,0.135,1
15,bcup,141,39,1,0.225,0.155,1
15,bcup,141,40,1,0.239,0.135,1
15,bcup,141,41,1,0.294,0.155,1
15,bcup,141,42,1,0.274,0.195,1
15,bcup,141,43,1,0.28,0.819,1
15,bcup,141,44,1,0.239,0.819,1
15,bcup,141,45,1,0.294,0.869,1
15,bcup,141,46,1,0.274,0.879,1
15,bcup,141,47,1,0.294,0.839,1
15,bcup,141,48,1,0.294,0.805,1
15,bcup,141,49,1,0.332,0.581,1
15,bcup,141,50,1,0.312,0.596,1
15,bcup,141,51,1,0.366,0.581,1
15,bcup,141,52,1,0.332,0.616,1
15,bcup,141,53,1,0.298,0.616,1
15,bcup,141,54,1,0.332,0.616,1
15,bcup,141,55,1,0.348,0.435,1
15,bcup,141,56,1,0.314,0.35,1
15,bcup,141,57,1,0.354,0.374,1
15,bcup,141,58,1,0.368,0.36,1
15,bcup,141,59,1,0.334,0.414,1
15,bcup,141,60,1,0.368,0.425,1
15,bcup,141,61,1,0.384,0.763,1
15,bcup,141,62,1,0.419,0.783,1
15,bcup,141,63,1,0.419,0.728,1
15,bcup,141,64,1,0.439,0.742,1
15,bcup,141,65,1,0.398,0.718,1
15,bcup,141,66,1,0.419,0.763,1
15,bcup,141,67,1,0.455,0.034,1
15,bcup,141,68,1,0.421,0,1
15,bcup,141,69,1,0.421,0.034,1
15,bcup,141,70,1,0.435,0.074,1
15,bcup,141,71,1,0.441,0.014,1
15,bcup,141,72,1,0.421,0.054,1
15,bcup,141,73,1,0.455,0.205,1
15,bcup,141,74,1,0.421,0.239,1
15,bcup,141,75,1,0.455,0.27,1
15,bcup,141,76,1,0.421,0.205,1
15,bcup,141,77,1,0.421,0.26,1
15,bcup,141,78,1,0.4,0.195,1
15,bcup,141,79,1,0.441,0.93,1
15,bcup,141,80,1,0.421,0.97,1
15,bcup,141,81,1,0.435,0.99,1
15,bcup,141,82,1,0.421,0.95,1
15,bcup,141,83,1,0.4,0.984,1
15,bcup,141,84,1,0.386,0.95,1
15,bcup,141,85,1,0.559,0.34,1
15,bcup,141,86,1,0.525,0.34,1
15,bcup,141,87,1,0.505,0.33,1
15,bcup,141,88,1,0.559,0.374,1
15,bcup,141,89,1,0.505,0.354,1
15,bcup,141,90,1,0.505,0.408,1
15,bcup,141,91,1,0.511,0.59,1
15,bcup,141,92,1,0.511,0.668,1
15,bcup,141,93,1,0.531,0.6,1
15,bcup,141,94,1,0.551,0.614,1
15,bcup,141,95,1,0.565,0.664,1
15,bcup,141,96,1,0.497,0.634,1
15,bcup,141,97,1,0.561,0.125,1
15,bcup,141,98,1,0.581,0.145,1
15,bcup,141,99,1,0.596,0.185,1
15,bcup,141,100,1,0.616,0.111,1
15,bcup,141,101,1,0.602,0.125,1
15,bcup,141,102,1,0.581,0.165,1
15,bcup,141,103,1,0.616,0.879,1
15,bcup,141,104,1,0.581,0.869,1
15,bcup,141,105,1,0.561,0.829,1
15,bcup,141,106,1,0.561,0.883,1
15,bcup,141,107,1,0.596,0.889,1
15,bcup,141,108,1,0.581,0.849,1
15,bcup,141,109,1,0.638,0.539,1
15,bcup,141,110,1,0.624,0.465,1
15,bcup,141,111,1,0.624,0.499,1
15,bcup,141,112,1,0.644,0.479,1
15,bcup,141,113,1,0.604,0.533,1
15,bcup,141,114,1,0.658,0.499,1
15,bcup,141,115,1,0.757,0.66,1
15,bcup,141,116,1,0.702,0.65,1
15,bcup,141,117,1,0.742,0.674,1
15,bcup,141,118,1,0.722,0.66,1
15,bcup,141,119,1,0.722,0.694,1
15,bcup,141,120,1,0.757,0.724,1
15,bcup,141,121,1,0.742,0.28,1
15,bcup,141,122,1,0.757,0.3,1
15,bcup,141,123,1,0.722,0.3,1
15,bcup,141,124,1,0.688,0.3,1
15,bcup,141,125,1,0.702,0.334,1
15,bcup,141,126,1,0.736,0.34,1
15,bcup,141,127,1,0.805,0.139,1
15,bcup,141,128,1,0.751,0.089,1
15,bcup,141,129,1,0.785,0.149,1
15,bcup,141,130,1,0.805,0.074,1
15,bcup,141,131,1,0.771,0.129,1
15,bcup,141,132,1,0.771,0.074,1
15,bcup,141,133,1,0.791,0.865,1
15,bcup,141,134,1,0.736,0.885,1
15,bcup,141,135,1,0.805,0.851,1
15,bcup,141,136,1,0.751,0.841,1
15,bcup,141,137,1,0.785,0.926,1
15,bcup,141,138,1,0.751,0.92,1
15,bcup,141,139,1,0.787,0.477,1
15,bcup,141,140,1,0.807,0.463,1
15,bcup,141,141,1,0.773,0.497,1
15,bcup,141,142,1,0.841,0.497,1
15,bcup,141,143,1,0.807,0.517,1
15,bcup,141,144,1,0.827,0.477,1
15,bcup,142,1,1,0.014,0.531,2
15,bcup,142,2,1,0.068,0.527,2
15,bcup,142,3,1,0.068,0.497,2
15,bcup,142,4,1,0,0.497,2
15,bcup,142,5,1,0.048,0.537,2
15,bcup,142,6,1,0.034,0.463,2
15,bcup,142,7,1,0.044,0.095,2
15,bcup,142,8,1,0.078,0.155,2
15,bcup,142,9,1,0.064,0.08,2
15,bcup,142,10,1,0.085,0.095,2
15,bcup,142,11,1,0.044,0.149,2
15,bcup,142,12,1,0.099,0.145,2
15,bcup,142,13,1,0.099,0.845,2
15,bcup,142,14,1,0.044,0.913,2
15,bcup,142,15,1,0.044,0.835,2
15,bcup,142,16,1,0.064,0.899,2
15,bcup,142,17,1,0.078,0.92,2
15,bcup,142,18,1,0.099,0.909,2
15,bcup,142,19,1,0.153,0.694,2
15,bcup,142,20,1,0.139,0.674,2
15,bcup,142,21,1,0.085,0.694,2
15,bcup,142,22,1,0.119,0.714,2
15,bcup,142,23,1,0.119,0.694,2
15,bcup,142,24,1,0.099,0.674,2
15,bcup,142,25,1,0.129,0.316,2
15,bcup,142,26,1,0.183,0.366,2
15,bcup,142,27,1,0.163,0.376,2
15,bcup,142,28,1,0.149,0.356,2
15,bcup,142,29,1,0.149,0.336,2
15,bcup,142,30,1,0.183,0.336,2
15,bcup,142,31,1,0.239,0.529,2
15,bcup,142,32,1,0.185,0.455,2
15,bcup,142,33,1,0.239,0.465,2
15,bcup,142,34,1,0.171,0.499,2
15,bcup,142,35,1,0.219,0.539,2
15,bcup,142,36,1,0.205,0.499,2
15,bcup,142,37,1,0.225,0.155,2
15,bcup,142,38,1,0.28,0.135,2
15,bcup,142,39,1,0.294,0.155,2
15,bcup,142,40,1,0.239,0.135,2
15,bcup,142,41,1,0.26,0.121,2
15,bcup,142,42,1,0.274,0.195,2
15,bcup,142,43,1,0.239,0.819,2
15,bcup,142,44,1,0.294,0.805,2
15,bcup,142,45,1,0.274,0.879,2
15,bcup,142,46,1,0.294,0.839,2
15,bcup,142,47,1,0.294,0.869,2
15,bcup,142,48,1,0.28,0.819,2
15,bcup,142,49,1,0.312,0.596,2
15,bcup,142,50,1,0.366,0.581,2
15,bcup,142,51,1,0.332,0.636,2
15,bcup,142,52,1,0.332,0.616,2
15,bcup,142,53,1,0.298,0.616,2
15,bcup,142,54,1,0.332,0.581,2
15,bcup,142,55,1,0.348,0.435,2
15,bcup,142,56,1,0.314,0.35,2
15,bcup,142,57,1,0.354,0.374,2
15,bcup,142,58,1,0.368,0.425,2
15,bcup,142,59,1,0.334,0.414,2
15,bcup,142,60,1,0.368,0.36,2
15,bcup,142,61,1,0.419,0.763,2
15,bcup,142,62,1,0.398,0.718,2
15,bcup,142,63,1,0.419,0.728,2
15,bcup,142,64,1,0.384,0.763,2
15,bcup,142,65,1,0.439,0.742,2
15,bcup,142,66,1,0.419,0.783,2
15,bcup,142,67,1,0.421,0.054,2
15,bcup,142,68,1,0.455,0.034,2
15,bcup,142,69,1,0.421,0.034,2
15,bcup,142,70,1,0.421,0,2
15,bcup,142,71,1,0.441,0.014,2
15,bcup,142,72,1,0.435,0.074,2
15,bcup,142,73,1,0.421,0.205,2
15,bcup,142,74,1,0.421,0.239,2
15,bcup,142,75,1,0.455,0.27,2
15,bcup,142,76,1,0.421,0.26,2
15,bcup,142,77,1,0.455,0.205,2
15,bcup,142,78,1,0.4,0.195,2
15,bcup,142,79,1,0.386,0.95,2
15,bcup,142,80,1,0.4,0.984,2
15,bcup,142,81,1,0.435,0.99,2
15,bcup,142,82,1,0.421,0.95,2
15,bcup,142,83,1,0.421,0.97,2
15,bcup,142,84,1,0.441,0.93,2
15,bcup,142,85,1,0.505,0.408,2
15,bcup,142,86,1,0.505,0.33,2
15,bcup,142,87,1,0.559,0.34,2
15,bcup,142,88,1,0.505,0.354,2
15,bcup,142,89,1,0.525,0.34,2
15,bcup,142,90,1,0.559,0.374,2
15,bcup,142,91,1,0.551,0.614,2
15,bcup,142,92,1,0.497,0.634,2
15,bcup,142,93,1,0.511,0.668,2
15,bcup,142,94,1,0.511,0.59,2
15,bcup,142,95,1,0.531,0.634,2
15,bcup,142,96,1,0.565,0.664,2
15,bcup,142,97,1,0.581,0.165,2
15,bcup,142,98,1,0.561,0.125,2
15,bcup,142,99,1,0.616,0.111,2
15,bcup,142,100,1,0.581,0.145,2
15,bcup,142,101,1,0.602,0.125,2
15,bcup,142,102,1,0.596,0.185,2
15,bcup,142,103,1,0.561,0.883,2
15,bcup,142,104,1,0.561,0.829,2
15,bcup,142,105,1,0.616,0.879,2
15,bcup,142,106,1,0.581,0.849,2
15,bcup,142,107,1,0.596,0.889,2
15,bcup,142,108,1,0.581,0.869,2
15,bcup,142,109,1,0.604,0.533,2
15,bcup,142,110,1,0.638,0.539,2
15,bcup,142,111,1,0.624,0.465,2
15,bcup,142,112,1,0.624,0.499,2
15,bcup,142,113,1,0.658,0.499,2
15,bcup,142,114,1,0.644,0.479,2
15,bcup,142,115,1,0.722,0.66,2
15,bcup,142,116,1,0.722,0.694,2
15,bcup,142,117,1,0.757,0.724,2
15,bcup,142,118,1,0.757,0.66,2
15,bcup,142,119,1,0.702,0.65,2
15,bcup,142,120,1,0.742,0.674,2
15,bcup,142,121,1,0.742,0.28,2
15,bcup,142,122,1,0.757,0.3,2
15,bcup,142,123,1,0.722,0.3,2
15,bcup,142,124,1,0.688,0.3,2
15,bcup,142,125,1,0.702,0.334,2
15,bcup,142,126,1,0.736,0.34,2
15,bcup,142,127,1,0.785,0.149,2
15,bcup,142,128,1,0.751,0.089,2
15,bcup,142,129,1,0.771,0.129,2
15,bcup,142,130,1,0.805,0.074,2
15,bcup,142,131,1,0.771,0.074,2
15,bcup,142,132,1,0.805,0.139,2
15,bcup,142,133,1,0.791,0.865,2
15,bcup,142,134,1,0.736,0.885,2
15,bcup,142,135,1,0.805,0.851,2
15,bcup,142,136,1,0.751,0.841,2
15,bcup,142,137,1,0.785,0.926,2
15,bcup,142,138,1,0.751,0.92,2
15,bcup,142,139,1,0.787,0.477,2
15,bcup,142,140,1,0.807,0.463,2
15,bcup,142,141,1,0.773,0.497,2
15,bcup,142,142,1,0.841,0.497,2
15,bcup,142,143,1,0.807,0.517,2
15,bcup,142,144,1,0.827,0.477,2
15,bcup,143,1,1,0.068,0.497,3
15,bcup,143,2,1,0.014,0.531,3
15,bcup,143,3,1,0.034,0.463,3
15,bcup,143,4,1,0,0.497,3
15,bcup,143,5,1,0.068,0.527,3
15,bcup,143,6,1,0.048,0.537,3
15,bcup,143,7,1,0.044,0.095,3
15,bcup,143,8,1,0.078,0.155,3
15,bcup,143,9,1,0.064,0.08,3
15,bcup,143,10,1,0.085,0.095,3
15,bcup,143,11,1,0.044,0.149,3
15,bcup,143,12,1,0.099,0.145,3
15,bcup,143,13,1,0.064,0.899,3
15,bcup,143,14,1,0.078,0.92,3
15,bcup,143,15,1,0.044,0.835,3
15,bcup,143,16,1,0.099,0.845,3
15,bcup,143,17,1,0.044,0.913,3
15,bcup,143,18,1,0.099,0.909,3
15,bcup,143,19,1,0.119,0.694,3
15,bcup,143,20,1,0.085,0.694,3
15,bcup,143,21,1,0.099,0.674,3
15,bcup,143,22,1,0.153,0.694,3
15,bcup,143,23,1,0.139,0.674,3
15,bcup,143,24,1,0.119,0.714,3
15,bcup,143,25,1,0.129,0.316,3
15,bcup,143,26,1,0.183,0.366,3
15,bcup,143,27,1,0.163,0.376,3
15,bcup,143,28,1,0.149,0.356,3
15,bcup,143,29,1,0.149,0.336,3
15,bcup,143,30,1,0.183,0.336,3
15,bcup,143,31,1,0.219,0.539,3
15,bcup,143,32,1,0.185,0.455,3
15,bcup,143,33,1,0.205,0.499,3
15,bcup,143,34,1,0.239,0.529,3
15,bcup,143,35,1,0.171,0.499,3
15,bcup,143,36,1,0.239,0.465,3
15,bcup,143,37,1,0.28,0.135,3
15,bcup,143,38,1,0.294,0.155,3
15,bcup,143,39,1,0.239,0.135,3
15,bcup,143,40,1,0.26,0.121,3
15,bcup,143,41,1,0.274,0.195,3
15,bcup,143,42,1,0.225,0.155,3
15,bcup,143,43,1,0.274,0.879,3
15,bcup,143,44,1,0.294,0.805,3
15,bcup,143,45,1,0.28,0.819,3
15,bcup,143,46,1,0.239,0.819,3
15,bcup,143,47,1,0.294,0.869,3
15,bcup,143,48,1,0.294,0.839,3
15,bcup,143,49,1,0.298,0.616,3
15,bcup,143,50,1,0.312,0.596,3
15,bcup,143,51,1,0.332,0.616,3
15,bcup,143,52,1,0.332,0.636,3
15,bcup,143,53,1,0.332,0.581,3
15,bcup,143,54,1,0.366,0.581,3
15,bcup,143,55,1,0.334,0.414,3
15,bcup,143,56,1,0.314,0.35,3
15,bcup,143,57,1,0.348,0.435,3
15,bcup,143,58,1,0.368,0.425,3
15,bcup,143,59,1,0.354,0.374,3
15,bcup,143,60,1,0.368,0.36,3
15,bcup,143,61,1,0.419,0.763,3
15,bcup,143,62,1,0.398,0.718,3
15,bcup,143,63,1,0.419,0.783,3
15,bcup,143,64,1,0.419,0.728,3
15,bcup,143,65,1,0.384,0.763,3
15,bcup,143,66,1,0.439,0.742,3
15,bcup,143,67,1,0.421,0.054,3
15,bcup,143,68,1,0.455,0.034,3
15,bcup,143,69,1,0.421,0.034,3
15,bcup,143,70,1,0.421,0,3
15,bcup,143,71,1,0.441,0.014,3
15,bcup,143,72,1,0.435,0.074,3
15,bcup,143,73,1,0.455,0.205,3
15,bcup,143,74,1,0.421,0.26,3
15,bcup,143,75,1,0.455,0.27,3
15,bcup,143,76,1,0.421,0.205,3
15,bcup,143,77,1,0.4,0.195,3
15,bcup,143,78,1,0.421,0.239,3
15,bcup,143,79,1,0.386,0.95,3
15,bcup,143,80,1,0.435,0.99,3
15,bcup,143,81,1,0.441,0.93,3
15,bcup,143,82,1,0.421,0.95,3
15,bcup,143,83,1,0.421,0.97,3
15,bcup,143,84,1,0.4,0.984,3
15,bcup,143,85,1,0.505,0.33,3
15,bcup,143,86,1,0.559,0.374,3
15,bcup,143,87,1,0.505,0.408,3
15,bcup,143,88,1,0.525,0.34,3
15,bcup,143,89,1,0.505,0.354,3
15,bcup,143,90,1,0.559,0.34,3
15,bcup,143,91,1,0.511,0.59,3
15,bcup,143,92,1,0.511,0.668,3
15,bcup,143,93,1,0.531,0.6,3
15,bcup,143,94,1,0.551,0.614,3
15,bcup,143,95,1,0.565,0.664,3
15,bcup,143,96,1,0.497,0.634,3
15,bcup,143,97,1,0.581,0.165,3
15,bcup,143,98,1,0.561,0.125,3
15,bcup,143,99,1,0.616,0.111,3
15,bcup,143,100,1,0.581,0.145,3
15,bcup,143,101,1,0.602,0.125,3
15,bcup,143,102,1,0.596,0.185,3
15,bcup,143,103,1,0.596,0.889,3
15,bcup,143,104,1,0.561,0.829,3
15,bcup,143,105,1,0.616,0.879,3
15,bcup,143,106,1,0.581,0.849,3
15,bcup,143,107,1,0.561,0.883,3
15,bcup,143,108,1,0.581,0.869,3
15,bcup,143,109,1,0.638,0.539,3
15,bcup,143,110,1,0.624,0.465,3
15,bcup,143,111,1,0.624,0.499,3
15,bcup,143,112,1,0.644,0.479,3
15,bcup,143,113,1,0.604,0.533,3
15,bcup,143,114,1,0.658,0.499,3
15,bcup,143,115,1,0.757,0.66,3
15,bcup,143,116,1,0.702,0.65,3
15,bcup,143,117,1,0.742,0.674,3
15,bcup,143,118,1,0.722,0.66,3
15,bcup,143,119,1,0.722,0.694,3
15,bcup,143,120,1,0.757,0.724,3
15,bcup,143,121,1,0.742,0.28,3
15,bcup,143,122,1,0.757,0.3,3
15,bcup,143,123,1,0.722,0.3,3
15,bcup,143,124,1,0.688,0.3,3
15,bcup,143,125,1,0.702,0.334,3
15,bcup,143,126,1,0.736,0.34,3
15,bcup,143,127,1,0.785,0.149,3
15,bcup,143,128,1,0.751,0.089,3
15,bcup,143,129,1,0.771,0.129,3
15,bcup,143,130,1,0.805,0.074,3
15,bcup,143,131,1,0.771,0.074,3
15,bcup,143,132,1,0.805,0.139,3
15,bcup,143,133,1,0.791,0.865,3
15,bcup,143,134,1,0.736,0.885,3
15,bcup,143,135,1,0.805,0.851,3
15,bcup,143,136,1,0.751,0.841,3
15,bcup,143,137,1,0.785,0.926,3
15,bcup,143,138,1,0.751,0.92,3
15,bcup,143,139,1,0.787,0.477,3
15,bcup,143,140,1,0.807,0.463,3
15,bcup,143,141,1,0.773,0.497,3
15,bcup,143,142,1,0.841,0.497,3
15,bcup,143,143,1,0.807,0.517,3
15,bcup,143,144,1,0.827,0.477,3
15,bcup,144,1,1,0,0.497,4
15,bcup,144,2,1,0.068,0.527,4
15,bcup,144,3,1,0.014,0.531,4
15,bcup,144,4,1,0.048,0.537,4
15,bcup,144,5,1,0.068,0.497,4
15,bcup,144,6,1,0.034,0.463,4
15,bcup,144,7,1,0.099,0.145,4
15,bcup,144,8,1,0.078,0.155,4
15,bcup,144,9,1,0.044,0.149,4
15,bcup,144,10,1,0.085,0.095,4
15,bcup,144,11,1,0.044,0.095,4
15,bcup,144,12,1,0.064,0.08,4
15,bcup,144,13,1,0.064,0.899,4
15,bcup,144,14,1,0.044,0.835,4
15,bcup,144,15,1,0.044,0.913,4
15,bcup,144,16,1,0.078,0.92,4
15,bcup,144,17,1,0.099,0.909,4
15,bcup,144,18,1,0.099,0.845,4
15,bcup,144,19,1,0.119,0.694,4
15,bcup,144,20,1,0.085,0.694,4
15,bcup,144,21,1,0.099,0.674,4
15,bcup,144,22,1,0.153,0.694,4
15,bcup,144,23,1,0.139,0.674,4
15,bcup,144,24,1,0.119,0.714,4
15,bcup,144,25,1,0.183,0.336,4
15,bcup,144,26,1,0.183,0.366,4
15,bcup,144,27,1,0.129,0.316,4
15,bcup,144,28,1,0.149,0.356,4
15,bcup,144,29,1,0.149,0.336,4
15,bcup,144,30,1,0.163,0.376,4
15,bcup,144,31,1,0.239,0.529,4
15,bcup,144,32,1,0.219,0.539,4
15,bcup,144,33,1,0.171,0.499,4
15,bcup,144,34,1,0.205,0.499,4
15,bcup,144,35,1,0.185,0.455,4
15,bcup,144,36,1,0.239,0.465,4
15,bcup,144,37,1,0.294,0.155,4
15,bcup,144,38,1,0.239,0.135,4
15,bcup,144,39,1,0.26,0.121,4
15,bcup,144,40,1,0.28,0.135,4
15,bcup,144,41,1,0.225,0.155,4
15,bcup,144,42,1,0.274,0.195,4
15,bcup,144,43,1,0.294,0.839,4
15,bcup,144,44,1,0.294,0.805,4
15,bcup,144,45,1,0.239,0.819,4
15,bcup,144,46,1,0.28,0.819,4
15,bcup,144,47,1,0.294,0.869,4
15,bcup,144,48,1,0.274,0.879,4
15,bcup,144,49,1,0.312,0.596,4
15,bcup,144,50,1,0.366,0.581,4
15,bcup,144,51,1,0.332,0.636,4
15,bcup,144,52,1,0.332,0.616,4
15,bcup,144,53,1,0.298,0.616,4
15,bcup,144,54,1,0.332,0.581,4
15,bcup,144,55,1,0.368,0.36,4
15,bcup,144,56,1,0.368,0.425,4
15,bcup,144,57,1,0.314,0.35,4
15,bcup,144,58,1,0.334,0.414,4
15,bcup,144,59,1,0.354,0.374,4
15,bcup,144,60,1,0.348,0.435,4
15,bcup,144,61,1,0.419,0.763,4
15,bcup,144,62,1,0.398,0.718,4
15,bcup,144,63,1,0.384,0.763,4
15,bcup,144,64,1,0.419,0.728,4
15,bcup,144,65,1,0.419,0.783,4
15,bcup,144,66,1,0.439,0.742,4
15,bcup,144,67,1,0.421,0.054,4
15,bcup,144,68,1,0.455,0.034,4
15,bcup,144,69,1,0.421,0.034,4
15,bcup,144,70,1,0.421,0,4
15,bcup,144,71,1,0.441,0.014,4
15,bcup,144,72,1,0.435,0.074,4
15,bcup,144,73,1,0.421,0.239,4
15,bcup,144,74,1,0.421,0.205,4
15,bcup,144,75,1,0.455,0.27,4
15,bcup,144,76,1,0.455,0.205,4
15,bcup,144,77,1,0.421,0.26,4
15,bcup,144,78,1,0.4,0.195,4
15,bcup,144,79,1,0.4,0.984,4
15,bcup,144,80,1,0.435,0.99,4
15,bcup,144,81,1,0.441,0.93,4
15,bcup,144,82,1,0.421,0.95,4
15,bcup,144,83,1,0.421,0.97,4
15,bcup,144,84,1,0.386,0.95,4
15,bcup,144,85,1,0.559,0.34,4
15,bcup,144,86,1,0.525,0.34,4
15,bcup,144,87,1,0.505,0.33,4
15,bcup,144,88,1,0.559,0.374,4
15,bcup,144,89,1,0.505,0.354,4
15,bcup,144,90,1,0.505,0.408,4
15,bcup,144,91,1,0.511,0.59,4
15,bcup,144,92,1,0.565,0.664,4
15,bcup,144,93,1,0.511,0.668,4
15,bcup,144,94,1,0.531,0.6,4
15,bcup,144,95,1,0.497,0.634,4
15,bcup,144,96,1,0.551,0.614,4
15,bcup,144,97,1,0.581,0.165,4
15,bcup,144,98,1,0.561,0.125,4
15,bcup,144,99,1,0.616,0.111,4
15,bcup,144,100,1,0.581,0.145,4
15,bcup,144,101,1,0.602,0.125,4
15,bcup,144,102,1,0.596,0.185,4
15,bcup,144,103,1,0.596,0.889,4
15,bcup,144,104,1,0.561,0.829,4
15,bcup,144,105,1,0.616,0.879,4
15,bcup,144,106,1,0.581,0.849,4
15,bcup,144,107,1,0.561,0.883,4
15,bcup,144,108,1,0.581,0.869,4
15,bcup,144,109,1,0.638,0.539,4
15,bcup,144,110,1,0.624,0.465,4
15,bcup,144,111,1,0.624,0.499,4
15,bcup,144,112,1,0.644,0.479,4
15,bcup,144,113,1,0.604,0.533,4
15,bcup,144,114,1,0.658,0.499,4
15,bcup,144,115,1,0.757,0.66,4
15,bcup,144,116,1,0.702,0.65,4
15,bcup,144,117,1,0.742,0.674,4
15,bcup,144,118,1,0.722,0.66,4
15,bcup,144,119,1,0.722,0.694,4
15,bcup,144,120,1,0.757,0.724,4
15,bcup,144,121,1,0.742,0.28,4
15,bcup,144,122,1,0.757,0.3,4
15,bcup,144,123,1,0.722,0.3,4
15,bcup,144,124,1,0.688,0.3,4
15,bcup,144,125,1,0.702,0.334,4
15,bcup,144,126,1,0.736,0.34,4
15,bcup,144,127,1,0.785,0.149,4
15,bcup,144,128,1,0.751,0.089,4
15,bcup,144,129,1,0.771,0.129,4
15,bcup,144,130,1,0.805,0.074,4
15,bcup,144,131,1,0.771,0.074,4
15,bcup,144,132,1,0.805,0.139,4
15,bcup,144,133,1,0.791,0.865,4
15,bcup,144,134,1,0.736,0.885,4
15,bcup,144,135,1,0.805,0.851,4
15,bcup,144,136,1,0.751,0.841,4
15,bcup,144,137,1,0.785,0.926,4
15,bcup,144,138,1,0.751,0.92,4
15,bcup,144,139,1,0.787,0.477,4
15,bcup,144,140,1,0.807,0.463,4
15,bcup,144,141,1,0.773,0.497,4
15,bcup,144,142,1,0.841,0.497,4
15,bcup,144,143,1,0.807,0.517,4
15,bcup,144,144,1,0.827,0.477,4
15,bcup,145,1,1,0.068,0.497,5
15,bcup,145,2,1,0.014,0.531,5
15,bcup,145,3,1,0.034,0.463,5
15,bcup,145,4,1,0,0.497,5
15,bcup,145,5,1,0.068,0.527,5
15,bcup,145,6,1,0.048,0.537,5
15,bcup,145,7,1,0.078,0.155,5
15,bcup,145,8,1,0.044,0.149,5
15,bcup,145,9,1,0.064,0.08,5
15,bcup,145,10,1,0.085,0.095,5
15,bcup,145,11,1,0.044,0.095,5
15,bcup,145,12,1,0.099,0.145,5
15,bcup,145,13,1,0.064,0.899,5
15,bcup,145,14,1,0.044,0.835,5
15,bcup,145,15,1,0.078,0.92,5
15,bcup,145,16,1,0.099,0.845,5
15,bcup,145,17,1,0.044,0.913,5
15,bcup,145,18,1,0.099,0.909,5
15,bcup,145,19,1,0.085,0.694,5
15,bcup,145,20,1,0.119,0.694,5
15,bcup,145,21,1,0.099,0.674,5
15,bcup,145,22,1,0.153,0.694,5
15,bcup,145,23,1,0.139,0.674,5
15,bcup,145,24,1,0.119,0.714,5
15,bcup,145,25,1,0.183,0.336,5
15,bcup,145,26,1,0.183,0.366,5
15,bcup,145,27,1,0.129,0.316,5
15,bcup,145,28,1,0.149,0.356,5
15,bcup,145,29,1,0.149,0.336,5
15,bcup,145,30,1,0.163,0.376,5
15,bcup,145,31,1,0.185,0.455,5
15,bcup,145,32,1,0.219,0.539,5
15,bcup,145,33,1,0.239,0.465,5
15,bcup,145,34,1,0.205,0.499,5
15,bcup,145,35,1,0.239,0.529,5
15,bcup,145,36,1,0.171,0.499,5
15,bcup,145,37,1,0.294,0.155,5
15,bcup,145,38,1,0.239,0.135,5
15,bcup,145,39,1,0.26,0.121,5
15,bcup,145,40,1,0.28,0.135,5
15,bcup,145,41,1,0.225,0.155,5
15,bcup,145,42,1,0.274,0.195,5
15,bcup,145,43,1,0.274,0.879,5
15,bcup,145,44,1,0.294,0.805,5
15,bcup,145,45,1,0.239,0.819,5
15,bcup,145,46,1,0.294,0.869,5
15,bcup,145,47,1,0.28,0.819,5
15,bcup,145,48,1,0.294,0.839,5
15,bcup,145,49,1,0.366,0.581,5
15,bcup,145,50,1,0.298,0.616,5
15,bcup,145,51,1,0.332,0.616,5
15,bcup,145,52,1,0.332,0.636,5
15,bcup,145,53,1,0.312,0.596,5
15,bcup,145,54,1,0.332,0.581,5
15,bcup,145,55,1,0.368,0.36,5
15,bcup,145,56,1,0.368,0.425,5
15,bcup,145,57,1,0.314,0.35,5
15,bcup,145,58,1,0.334,0.414,5
15,bcup,145,59,1,0.354,0.374,5
15,bcup,145,60,1,0.348,0.435,5
15,bcup,145,61,1,0.419,0.763,5
15,bcup,145,62,1,0.398,0.718,5
15,bcup,145,63,1,0.419,0.783,5
15,bcup,145,64,1,0.384,0.763,5
15,bcup,145,65,1,0.419,0.728,5
15,bcup,145,66,1,0.439,0.742,5
15,bcup,145,67,1,0.421,0.054,5
15,bcup,145,68,1,0.455,0.034,5
15,bcup,145,69,1,0.421,0.034,5
15,bcup,145,70,1,0.421,0,5
15,bcup,145,71,1,0.441,0.014,5
15,bcup,145,72,1,0.435,0.074,5
15,bcup,145,73,1,0.4,0.195,5
15,bcup,145,74,1,0.455,0.27,5
15,bcup,145,75,1,0.421,0.239,5
15,bcup,145,76,1,0.421,0.26,5
15,bcup,145,77,1,0.421,0.205,5
15,bcup,145,78,1,0.455,0.205,5
15,bcup,145,79,1,0.441,0.93,5
15,bcup,145,80,1,0.421,0.97,5
15,bcup,145,81,1,0.435,0.99,5
15,bcup,145,82,1,0.421,0.95,5
15,bcup,145,83,1,0.4,0.984,5
15,bcup,145,84,1,0.386,0.95,5
15,bcup,145,85,1,0.505,0.354,5
15,bcup,145,86,1,0.505,0.408,5
15,bcup,145,87,1,0.559,0.34,5
15,bcup,145,88,1,0.559,0.374,5
15,bcup,145,89,1,0.525,0.34,5
15,bcup,145,90,1,0.505,0.33,5
15,bcup,145,91,1,0.497,0.634,5
15,bcup,145,92,1,0.531,0.6,5
15,bcup,145,93,1,0.511,0.59,5
15,bcup,145,94,1,0.551,0.614,5
15,bcup,145,95,1,0.565,0.664,5
15,bcup,145,96,1,0.511,0.668,5
15,bcup,145,97,1,0.616,0.111,5
15,bcup,145,98,1,0.581,0.145,5
15,bcup,145,99,1,0.602,0.125,5
15,bcup,145,100,1,0.596,0.185,5
15,bcup,145,101,1,0.561,0.125,5
15,bcup,145,102,1,0.581,0.165,5
15,bcup,145,103,1,0.616,0.879,5
15,bcup,145,104,1,0.596,0.889,5
15,bcup,145,105,1,0.581,0.849,5
15,bcup,145,106,1,0.561,0.883,5
15,bcup,145,107,1,0.581,0.869,5
15,bcup,145,108,1,0.581,0.849,5
15,bcup,145,109,1,0.638,0.539,5
15,bcup,145,110,1,0.624,0.465,5
15,bcup,145,111,1,0.624,0.499,5
15,bcup,145,112,1,0.644,0.479,5
15,bcup,145,113,1,0.604,0.533,5
15,bcup,145,114,1,0.658,0.499,5
15,bcup,145,115,1,0.742,0.674,5
15,bcup,145,116,1,0.757,0.66,5
15,bcup,145,117,1,0.722,0.66,5
15,bcup,145,118,1,0.702,0.65,5
15,bcup,145,119,1,0.722,0.694,5
15,bcup,145,120,1,0.757,0.724,5
15,bcup,145,121,1,0.742,0.28,5
15,bcup,145,122,1,0.757,0.3,5
15,bcup,145,123,1,0.722,0.3,5
15,bcup,145,124,1,0.688,0.3,5
15,bcup,145,125,1,0.702,0.334,5
15,bcup,145,126,1,0.736,0.34,5
15,bcup,145,127,1,0.785,0.149,5
15,bcup,145,128,1,0.751,0.089,5
15,bcup,145,129,1,0.771,0.129,5
15,bcup,145,130,1,0.805,0.074,5
15,bcup,145,131,1,0.771,0.074,5
15,bcup,145,132,1,0.805,0.139,5
15,bcup,145,133,1,0.736,0.885,5
15,bcup,145,134,1,0.751,0.92,5
15,bcup,145,135,1,0.805,0.851,5
15,bcup,145,136,1,0.791,0.865,5
15,bcup,145,137,1,0.751,0.841,5
15,bcup,145,138,1,0.785,0.926,5
15,bcup,145,139,1,0.787,0.477,5
15,bcup,145,140,1,0.807,0.463,5
15,bcup,145,141,1,0.773,0.497,5
15,bcup,145,142,1,0.841,0.497,5
15,bcup,145,143,1,0.807,0.517,5
15,bcup,145,144,1,0.827,0.477,5
15,bcup,146,1,1,0.014,0.531,6
15,bcup,146,2,1,0.048,0.537,6
15,bcup,146,3,1,0,0.497,6
15,bcup,146,4,1,0.068,0.527,6
15,bcup,146,5,1,0.034,0.463,6
15,bcup,146,6,1,0.068,0.497,6
15,bcup,146,7,1,0.044,0.095,6
15,bcup,146,8,1,0.078,0.155,6
15,bcup,146,9,1,0.064,0.08,6
15,bcup,146,10,1,0.085,0.095,6
15,bcup,146,11,1,0.044,0.149,6
15,bcup,146,12,1,0.099,0.145,6
15,bcup,146,13,1,0.099,0.909,6
15,bcup,146,14,1,0.044,0.835,6
15,bcup,146,15,1,0.044,0.913,6
15,bcup,146,16,1,0.099,0.845,6
15,bcup,146,17,1,0.064,0.899,6
15,bcup,146,18,1,0.078,0.92,6
15,bcup,146,19,1,0.099,0.674,6
15,bcup,146,20,1,0.119,0.714,6
15,bcup,146,21,1,0.139,0.674,6
15,bcup,146,22,1,0.085,0.694,6
15,bcup,146,23,1,0.119,0.694,6
15,bcup,146,24,1,0.153,0.694,6
15,bcup,146,25,1,0.129,0.316,6
15,bcup,146,26,1,0.183,0.366,6
15,bcup,146,27,1,0.163,0.376,6
15,bcup,146,28,1,0.149,0.356,6
15,bcup,146,29,1,0.149,0.336,6
15,bcup,146,30,1,0.183,0.336,6
15,bcup,146,31,1,0.219,0.539,6
15,bcup,146,32,1,0.205,0.499,6
15,bcup,146,33,1,0.171,0.499,6
15,bcup,146,34,1,0.185,0.455,6
15,bcup,146,35,1,0.239,0.529,6
15,bcup,146,36,1,0.239,0.465,6
15,bcup,146,37,1,0.26,0.121,6
15,bcup,146,38,1,0.274,0.195,6
15,bcup,146,39,1,0.28,0.135,6
15,bcup,146,40,1,0.294,0.155,6
15,bcup,146,41,1,0.239,0.135,6
15,bcup,146,42,1,0.225,0.155,6
15,bcup,146,43,1,0.239,0.819,6
15,bcup,146,44,1,0.294,0.805,6
15,bcup,146,45,1,0.294,0.869,6
15,bcup,146,46,1,0.294,0.839,6
15,bcup,146,47,1,0.28,0.819,6
15,bcup,146,48,1,0.274,0.879,6
15,bcup,146,49,1,0.332,0.616,6
15,bcup,146,50,1,0.298,0.616,6
15,bcup,146,51,1,0.366,0.581,6
15,bcup,146,52,1,0.332,0.636,6
15,bcup,146,53,1,0.312,0.596,6
15,bcup,146,54,1,0.332,0.581,6
15,bcup,146,55,1,0.348,0.435,6
15,bcup,146,56,1,0.368,0.36,6
15,bcup,146,57,1,0.354,0.374,6
15,bcup,146,58,1,0.314,0.35,6
15,bcup,146,59,1,0.334,0.414,6
15,bcup,146,60,1,0.368,0.425,6
15,bcup,146,61,1,0.439,0.742,6
15,bcup,146,62,1,0.419,0.728,6
15,bcup,146,63,1,0.419,0.763,6
15,bcup,146,64,1,0.384,0.763,6
15,bcup,146,65,1,0.398,0.718,6
15,bcup,146,66,1,0.419,0.783,6
15,bcup,146,67,1,0.421,0.054,6
15,bcup,146,68,1,0.455,0.034,6
15,bcup,146,69,1,0.421,0.034,6
15,bcup,146,70,1,0.421,0,6
15,bcup,146,71,1,0.441,0.014,6
15,bcup,146,72,1,0.435,0.074,6
15,bcup,146,73,1,0.455,0.205,6
15,bcup,146,74,1,0.421,0.239,6
15,bcup,146,75,1,0.455,0.27,6
15,bcup,146,76,1,0.4,0.195,6
15,bcup,146,77,1,0.421,0.26,6
15,bcup,146,78,1,0.421,0.205,6
15,bcup,146,79,1,0.441,0.93,6
15,bcup,146,80,1,0.435,0.99,6
15,bcup,146,81,1,0.421,0.95,6
15,bcup,146,82,1,0.421,0.97,6
15,bcup,146,83,1,0.4,0.984,6
15,bcup,146,84,1,0.386,0.95,6
15,bcup,146,85,1,0.505,0.408,6
15,bcup,146,86,1,0.505,0.33,6
15,bcup,146,87,1,0.559,0.374,6
15,bcup,146,88,1,0.505,0.354,6
15,bcup,146,89,1,0.525,0.34,6
15,bcup,146,90,1,0.559,0.34,6
15,bcup,146,91,1,0.511,0.668,6
15,bcup,146,92,1,0.565,0.664,6
15,bcup,146,93,1,0.511,0.59,6
15,bcup,146,94,1,0.551,0.614,6
15,bcup,146,95,1,0.497,0.634,6
15,bcup,146,96,1,0.531,0.6,6
15,bcup,146,97,1,0.581,0.165,6
15,bcup,146,98,1,0.561,0.125,6
15,bcup,146,99,1,0.616,0.111,6
15,bcup,146,100,1,0.581,0.145,6
15,bcup,146,101,1,0.602,0.125,6
15,bcup,146,102,1,0.596,0.185,6
15,bcup,146,103,1,0.616,0.879,6
15,bcup,146,104,1,0.561,0.829,6
15,bcup,146,105,1,0.581,0.849,6
15,bcup,146,106,1,0.561,0.883,6
15,bcup,146,107,1,0.581,0.869,6
15,bcup,146,108,1,0.596,0.889,6
15,bcup,146,109,1,0.604,0.533,6
15,bcup,146,110,1,0.638,0.539,6
15,bcup,146,111,1,0.644,0.479,6
15,bcup,146,112,1,0.624,0.465,6
15,bcup,146,113,1,0.658,0.499,6
15,bcup,146,114,1,0.624,0.499,6
15,bcup,146,115,1,0.722,0.66,6
15,bcup,146,116,1,0.742,0.674,6
15,bcup,146,117,1,0.757,0.66,6
15,bcup,146,118,1,0.702,0.65,6
15,bcup,146,119,1,0.722,0.694,6
15,bcup,146,120,1,0.757,0.724,6
15,bcup,146,121,1,0.742,0.28,6
15,bcup,146,122,1,0.757,0.3,6
15,bcup,146,123,1,0.722,0.3,6
15,bcup,146,124,1,0.688,0.3,6
15,bcup,146,125,1,0.702,0.334,6
15,bcup,146,126,1,0.736,0.34,6
15,bcup,146,127,1,0.785,0.149,6
15,bcup,146,128,1,0.751,0.089,6
15,bcup,146,129,1,0.771,0.129,6
15,bcup,146,130,1,0.805,0.074,6
15,bcup,146,131,1,0.771,0.074,6
15,bcup,146,132,1,0.805,0.139,6
15,bcup,146,133,1,0.736,0.885,6
15,bcup,146,134,1,0.751,0.92,6
15,bcup,146,135,1,0.805,0.851,6
15,bcup,146,136,1,0.791,0.865,6
15,bcup,146,137,1,0.751,0.841,6
15,bcup,146,138,1,0.785,0.926,6
15,bcup,146,139,1,0.787,0.477,6
15,bcup,146,140,1,0.807,0.463,6
15,bcup,146,141,1,0.773,0.497,6
15,bcup,146,142,1,0.841,0.497,6
15,bcup,146,143,1,0.807,0.517,6
15,bcup,146,144,1,0.827,0.477,6
15,bcup,147,1,1,0.034,0.463,7
15,bcup,147,2,1,0,0.497,7
15,bcup,147,3,1,0.014,0.531,7
15,bcup,147,4,1,0.068,0.527,7
15,bcup,147,5,1,0.048,0.537,7
15,bcup,147,6,1,0.068,0.497,7
15,bcup,147,7,1,0.078,0.155,7
15,bcup,147,8,1,0.099,0.145,7
15,bcup,147,9,1,0.064,0.08,7
15,bcup,147,10,1,0.085,0.095,7
15,bcup,147,11,1,0.044,0.095,7
15,bcup,147,12,1,0.044,0.149,7
15,bcup,147,13,1,0.064,0.899,7
15,bcup,147,14,1,0.044,0.835,7
15,bcup,147,15,1,0.078,0.92,7
15,bcup,147,16,1,0.099,0.845,7
15,bcup,147,17,1,0.044,0.913,7
15,bcup,147,18,1,0.099,0.909,7
15,bcup,147,19,1,0.085,0.694,7
15,bcup,147,20,1,0.119,0.694,7
15,bcup,147,21,1,0.119,0.714,7
15,bcup,147,22,1,0.153,0.694,7
15,bcup,147,23,1,0.139,0.674,7
15,bcup,147,24,1,0.099,0.674,7
15,bcup,147,25,1,0.183,0.336,7
15,bcup,147,26,1,0.183,0.366,7
15,bcup,147,27,1,0.129,0.316,7
15,bcup,147,28,1,0.163,0.376,7
15,bcup,147,29,1,0.149,0.356,7
15,bcup,147,30,1,0.149,0.336,7
15,bcup,147,31,1,0.185,0.455,7
15,bcup,147,32,1,0.219,0.539,7
15,bcup,147,33,1,0.239,0.465,7
15,bcup,147,34,1,0.205,0.499,7
15,bcup,147,35,1,0.239,0.529,7
15,bcup,147,36,1,0.171,0.499,7
15,bcup,147,37,1,0.225,0.155,7
15,bcup,147,38,1,0.239,0.135,7
15,bcup,147,39,1,0.274,0.195,7
15,bcup,147,40,1,0.28,0.135,7
15,bcup,147,41,1,0.294,0.155,7
15,bcup,147,42,1,0.26,0.155,7
15,bcup,147,43,1,0.274,0.879,7
15,bcup,147,44,1,0.294,0.805,7
15,bcup,147,45,1,0.28,0.819,7
15,bcup,147,46,1,0.239,0.819,7
15,bcup,147,47,1,0.294,0.869,7
15,bcup,147,48,1,0.294,0.839,7
15,bcup,147,49,1,0.312,0.596,7
15,bcup,147,50,1,0.366,0.581,7
15,bcup,147,51,1,0.332,0.636,7
15,bcup,147,52,1,0.332,0.616,7
15,bcup,147,53,1,0.298,0.616,7
15,bcup,147,54,1,0.332,0.581,7
15,bcup,147,55,1,0.368,0.36,7
15,bcup,147,56,1,0.368,0.425,7
15,bcup,147,57,1,0.314,0.35,7
15,bcup,147,58,1,0.334,0.414,7
15,bcup,147,59,1,0.354,0.374,7
15,bcup,147,60,1,0.348,0.435,7
15,bcup,147,61,1,0.419,0.728,7
15,bcup,147,62,1,0.398,0.718,7
15,bcup,147,63,1,0.419,0.783,7
15,bcup,147,64,1,0.419,0.763,7
15,bcup,147,65,1,0.384,0.763,7
15,bcup,147,66,1,0.439,0.742,7
15,bcup,147,67,1,0.421,0.054,7
15,bcup,147,68,1,0.455,0.034,7
15,bcup,147,69,1,0.421,0.034,7
15,bcup,147,70,1,0.421,0,7
15,bcup,147,71,1,0.441,0.014,7
15,bcup,147,72,1,0.435,0.074,7
15,bcup,147,73,1,0.4,0.195,7
15,bcup,147,74,1,0.455,0.27,7
15,bcup,147,75,1,0.421,0.239,7
15,bcup,147,76,1,0.421,0.26,7
15,bcup,147,77,1,0.421,0.205,7
15,bcup,147,78,1,0.455,0.205,7
15,bcup,147,79,1,0.435,0.99,7
15,bcup,147,80,1,0.386,0.95,7
15,bcup,147,81,1,0.441,0.93,7
15,bcup,147,82,1,0.421,0.95,7
15,bcup,147,83,1,0.4,0.984,7
15,bcup,147,84,1,0.421,0.97,7
15,bcup,147,85,1,0.559,0.374,7
15,bcup,147,86,1,0.505,0.33,7
15,bcup,147,87,1,0.525,0.34,7
15,bcup,147,88,1,0.505,0.354,7
15,bcup,147,89,1,0.559,0.34,7
15,bcup,147,90,1,0.505,0.408,7
15,bcup,147,91,1,0.511,0.59,7
15,bcup,147,92,1,0.565,0.664,7
15,bcup,147,93,1,0.511,0.668,7
15,bcup,147,94,1,0.531,0.6,7
15,bcup,147,95,1,0.551,0.614,7
15,bcup,147,96,1,0.497,0.634,7
15,bcup,147,97,1,0.581,0.165,7
15,bcup,147,98,1,0.561,0.125,7
15,bcup,147,99,1,0.616,0.111,7
15,bcup,147,100,1,0.581,0.145,7
15,bcup,147,101,1,0.602,0.125,7
15,bcup,147,102,1,0.596,0.185,7
15,bcup,147,103,1,0.561,0.883,7
15,bcup,147,104,1,0.561,0.829,7
15,bcup,147,105,1,0.616,0.879,7
15,bcup,147,106,1,0.581,0.849,7
15,bcup,147,107,1,0.596,0.889,7
15,bcup,147,108,1,0.581,0.869,7
15,bcup,147,109,1,0.624,0.465,7
15,bcup,147,110,1,0.658,0.499,7
15,bcup,147,111,1,0.604,0.533,7
15,bcup,147,112,1,0.644,0.479,7
15,bcup,147,113,1,0.638,0.539,7
15,bcup,147,114,1,0.624,0.499,7
15,bcup,147,115,1,0.757,0.66,7
15,bcup,147,116,1,0.702,0.65,7
15,bcup,147,117,1,0.742,0.674,7
15,bcup,147,118,1,0.722,0.66,7
15,bcup,147,119,1,0.722,0.694,7
15,bcup,147,120,1,0.757,0.724,7
15,bcup,147,121,1,0.742,0.28,7
15,bcup,147,122,1,0.757,0.3,7
15,bcup,147,123,1,0.722,0.3,7
15,bcup,147,124,1,0.688,0.3,7
15,bcup,147,125,1,0.702,0.334,7
15,bcup,147,126,1,0.736,0.34,7
15,bcup,147,127,1,0.785,0.149,7
15,bcup,147,128,1,0.751,0.089,7
15,bcup,147,129,1,0.771,0.129,7
15,bcup,147,130,1,0.805,0.074,7
15,bcup,147,131,1,0.771,0.074,7
15,bcup,147,132,1,0.805,0.139,7
15,bcup,147,133,1,0.791,0.865,7
15,bcup,147,134,1,0.736,0.885,7
15,bcup,147,135,1,0.805,0.851,7
15,bcup,147,136,1,0.751,0.841,7
15,bcup,147,137,1,0.785,0.926,7
15,bcup,147,138,1,0.751,0.92,7
15,bcup,147,139,1,0.787,0.477,7
15,bcup,147,140,1,0.807,0.463,7
15,bcup,147,141,1,0.773,0.497,7
15,bcup,147,142,1,0.841,0.497,7
15,bcup,147,143,1,0.807,0.517,7
15,bcup,147,144,1,0.827,0.477,7
15,bcup,148,1,1,0.034,0.463,8
15,bcup,148,2,1,0.068,0.497,8
15,bcup,148,3,1,0.048,0.537,8
15,bcup,148,4,1,0.068,0.527,8
15,bcup,148,5,1,0,0.497,8
15,bcup,148,6,1,0.014,0.531,8
15,bcup,148,7,1,0.085,0.095,8
15,bcup,148,8,1,0.078,0.155,8
15,bcup,148,9,1,0.044,0.149,8
15,bcup,148,10,1,0.099,0.145,8
15,bcup,148,11,1,0.064,0.08,8
15,bcup,148,12,1,0.044,0.095,8
15,bcup,148,13,1,0.099,0.845,8
15,bcup,148,14,1,0.044,0.913,8
15,bcup,148,15,1,0.044,0.835,8
15,bcup,148,16,1,0.064,0.899,8
15,bcup,148,17,1,0.078,0.92,8
15,bcup,148,18,1,0.099,0.909,8
15,bcup,148,19,1,0.119,0.694,8
15,bcup,148,20,1,0.139,0.674,8
15,bcup,148,21,1,0.153,0.694,8
15,bcup,148,22,1,0.119,0.714,8
15,bcup,148,23,1,0.085,0.694,8
15,bcup,148,24,1,0.099,0.674,8
15,bcup,148,25,1,0.183,0.336,8
15,bcup,148,26,1,0.183,0.366,8
15,bcup,148,27,1,0.129,0.316,8
15,bcup,148,28,1,0.163,0.376,8
15,bcup,148,29,1,0.149,0.336,8
15,bcup,148,30,1,0.149,0.356,8
15,bcup,148,31,1,0.239,0.529,8
15,bcup,148,32,1,0.205,0.499,8
15,bcup,148,33,1,0.219,0.539,8
15,bcup,148,34,1,0.171,0.499,8
15,bcup,148,35,1,0.185,0.455,8
15,bcup,148,36,1,0.239,0.465,8
15,bcup,148,37,1,0.274,0.195,8
15,bcup,148,38,1,0.294,0.155,8
15,bcup,148,39,1,0.28,0.135,8
15,bcup,148,40,1,0.26,0.121,8
15,bcup,148,41,1,0.239,0.135,8
15,bcup,148,42,1,0.225,0.155,8
15,bcup,148,43,1,0.294,0.839,8
15,bcup,148,44,1,0.294,0.805,8
15,bcup,148,45,1,0.239,0.819,8
15,bcup,148,46,1,0.28,0.819,8
15,bcup,148,47,1,0.274,0.879,8
15,bcup,148,48,1,0.294,0.869,8
15,bcup,148,49,1,0.332,0.581,8
15,bcup,148,50,1,0.298,0.616,8
15,bcup,148,51,1,0.332,0.636,8
15,bcup,148,52,1,0.312,0.596,8
15,bcup,148,53,1,0.366,0.581,8
15,bcup,148,54,1,0.332,0.616,8
15,bcup,148,55,1,0.368,0.36,8
15,bcup,148,56,1,0.368,0.425,8
15,bcup,148,57,1,0.314,0.35,8
15,bcup,148,58,1,0.334,0.414,8
15,bcup,148,59,1,0.354,0.374,8
15,bcup,148,60,1,0.348,0.435,8
15,bcup,148,61,1,0.419,0.763,8
15,bcup,148,62,1,0.439,0.742,8
15,bcup,148,63,1,0.384,0.763,8
15,bcup,148,64,1,0.419,0.728,8
15,bcup,148,65,1,0.419,0.783,8
15,bcup,148,66,1,0.398,0.718,8
15,bcup,148,67,1,0.441,0.014,8
15,bcup,148,68,1,0.435,0.074,8
15,bcup,148,69,1,0.455,0.034,8
15,bcup,148,70,1,0.421,0.034,8
15,bcup,148,71,1,0.421,0.054,8
15,bcup,148,72,1,0.421,0,8
15,bcup,148,73,1,0.4,0.195,8
15,bcup,148,74,1,0.421,0.239,8
15,bcup,148,75,1,0.421,0.205,8
15,bcup,148,76,1,0.455,0.27,8
15,bcup,148,77,1,0.455,0.205,8
15,bcup,148,78,1,0.421,0.26,8
15,bcup,148,79,1,0.441,0.93,8
15,bcup,148,80,1,0.421,0.97,8
15,bcup,148,81,1,0.435,0.99,8
15,bcup,148,82,1,0.421,0.95,8
15,bcup,148,83,1,0.4,0.984,8
15,bcup,148,84,1,0.386,0.95,8
15,bcup,148,85,1,0.559,0.34,8
15,bcup,148,86,1,0.525,0.34,8
15,bcup,148,87,1,0.505,0.33,8
15,bcup,148,88,1,0.559,0.374,8
15,bcup,148,89,1,0.505,0.354,8
15,bcup,148,90,1,0.505,0.408,8
15,bcup,148,91,1,0.511,0.59,8
15,bcup,148,92,1,0.565,0.664,8
15,bcup,148,93,1,0.511,0.668,8
15,bcup,148,94,1,0.531,0.6,8
15,bcup,148,95,1,0.551,0.614,8
15,bcup,148,96,1,0.497,0.634,8
15,bcup,148,97,1,0.581,0.165,8
15,bcup,148,98,1,0.561,0.125,8
15,bcup,148,99,1,0.616,0.111,8
15,bcup,148,100,1,0.581,0.145,8
15,bcup,148,101,1,0.602,0.125,8
15,bcup,148,102,1,0.596,0.185,8
15,bcup,148,103,1,0.616,0.879,8
15,bcup,148,104,1,0.581,0.869,8
15,bcup,148,105,1,0.561,0.829,8
15,bcup,148,106,1,0.561,0.883,8
15,bcup,148,107,1,0.596,0.889,8
15,bcup,148,108,1,0.581,0.849,8
15,bcup,148,109,1,0.638,0.539,8
15,bcup,148,110,1,0.624,0.465,8
15,bcup,148,111,1,0.624,0.499,8
15,bcup,148,112,1,0.644,0.479,8
15,bcup,148,113,1,0.604,0.533,8
15,bcup,148,114,1,0.658,0.499,8
15,bcup,148,115,1,0.757,0.66,8
15,bcup,148,116,1,0.702,0.65,8
15,bcup,148,117,1,0.742,0.674,8
15,bcup,148,118,1,0.722,0.66,8
15,bcup,148,119,1,0.722,0.694,8
15,bcup,148,120,1,0.757,0.724,8
15,bcup,148,121,1,0.742,0.28,8
15,bcup,148,122,1,0.757,0.3,8
15,bcup,148,123,1,0.722,0.3,8
15,bcup,148,124,1,0.688,0.3,8
15,bcup,148,125,1,0.702,0.334,8
15,bcup,148,126,1,0.736,0.34,8
15,bcup,148,127,1,0.785,0.149,8
15,bcup,148,128,1,0.751,0.089,8
15,bcup,148,129,1,0.771,0.129,8
15,bcup,148,130,1,0.805,0.074,8
15,bcup,148,131,1,0.771,0.074,8
15,bcup,148,132,1,0.805,0.139,8
15,bcup,148,133,1,0.791,0.865,8
15,bcup,148,134,1,0.736,0.885,8
15,bcup,148,135,1,0.805,0.851,8
15,bcup,148,136,1,0.751,0.841,8
15,bcup,148,137,1,0.785,0.926,8
15,bcup,148,138,1,0.751,0.92,8
15,bcup,148,139,1,0.787,0.477,8
15,bcup,148,140,1,0.807,0.463,8
15,bcup,148,141,1,0.773,0.497,8
15,bcup,148,142,1,0.841,0.497,8
15,bcup,148,143,1,0.807,0.517,8
15,bcup,148,144,1,0.827,0.477,8
15,bcup,149,1,1,0.068,0.527,9
15,bcup,149,2,1,0.068,0.497,9
15,bcup,149,3,1,0,0.497,9
15,bcup,149,4,1,0.048,0.537,9
15,bcup,149,5,1,0.014,0.531,9
15,bcup,149,6,1,0.034,0.463,9
15,bcup,149,7,1,0.044,0.095,9
15,bcup,149,8,1,0.078,0.155,9
15,bcup,149,9,1,0.064,0.08,9
15,bcup,149,10,1,0.085,0.095,9
15,bcup,149,11,1,0.044,0.149,9
15,bcup,149,12,1,0.099,0.145,9
15,bcup,149,13,1,0.099,0.845,9
15,bcup,149,14,1,0.044,0.835,9
15,bcup,149,15,1,0.044,0.913,9
15,bcup,149,16,1,0.064,0.899,9
15,bcup,149,17,1,0.078,0.92,9
15,bcup,149,18,1,0.099,0.909,9
15,bcup,149,19,1,0.119,0.694,9
15,bcup,149,20,1,0.085,0.694,9
15,bcup,149,21,1,0.099,0.674,9
15,bcup,149,22,1,0.153,0.694,9
15,bcup,149,23,1,0.139,0.674,9
15,bcup,149,24,1,0.119,0.714,9
15,bcup,149,25,1,0.163,0.376,9
15,bcup,149,26,1,0.129,0.316,9
15,bcup,149,27,1,0.149,0.336,9
15,bcup,149,28,1,0.149,0.356,9
15,bcup,149,29,1,0.183,0.366,9
15,bcup,149,30,1,0.183,0.336,9
15,bcup,149,31,1,0.239,0.529,9
15,bcup,149,32,1,0.219,0.539,9
15,bcup,149,33,1,0.205,0.499,9
15,bcup,149,34,1,0.239,0.465,9
15,bcup,149,35,1,0.185,0.455,9
15,bcup,149,36,1,0.171,0.499,9
15,bcup,149,37,1,0.225,0.155,9
15,bcup,149,38,1,0.239,0.135,9
15,bcup,149,39,1,0.26,0.121,9
15,bcup,149,40,1,0.28,0.135,9
15,bcup,149,41,1,0.294,0.155,9
15,bcup,149,42,1,0.274,0.195,9
15,bcup,149,43,1,0.28,0.819,9
15,bcup,149,44,1,0.294,0.869,9
15,bcup,149,45,1,0.294,0.839,9
15,bcup,149,46,1,0.294,0.805,9
15,bcup,149,47,1,0.274,0.879,9
15,bcup,149,48,1,0.239,0.819,9
15,bcup,149,49,1,0.312,0.596,9
15,bcup,149,50,1,0.366,0.581,9
15,bcup,149,51,1,0.332,0.636,9
15,bcup,149,52,1,0.332,0.616,9
15,bcup,149,53,1,0.298,0.616,9
15,bcup,149,54,1,0.332,0.581,9
15,bcup,149,55,1,0.368,0.36,9
15,bcup,149,56,1,0.368,0.425,9
15,bcup,149,57,1,0.314,0.35,9
15,bcup,149,58,1,0.334,0.414,9
15,bcup,149,59,1,0.354,0.374,9
15,bcup,149,60,1,0.348,0.435,9
15,bcup,149,61,1,0.419,0.763,9
15,bcup,149,62,1,0.398,0.718,9
15,bcup,149,63,1,0.419,0.783,9
15,bcup,149,64,1,0.384,0.763,9
15,bcup,149,65,1,0.419,0.728,9
15,bcup,149,66,1,0.439,0.742,9
15,bcup,149,67,1,0.421,0.054,9
15,bcup,149,68,1,0.455,0.034,9
15,bcup,149,69,1,0.421,0.034,9
15,bcup,149,70,1,0.421,0,9
15,bcup,149,71,1,0.441,0.014,9
15,bcup,149,72,1,0.435,0.074,9
15,bcup,149,73,1,0.455,0.27,9
15,bcup,149,74,1,0.4,0.195,9
15,bcup,149,75,1,0.421,0.205,9
15,bcup,149,76,1,0.421,0.239,9
15,bcup,149,77,1,0.421,0.26,9
15,bcup,149,78,1,0.455,0.205,9
15,bcup,149,79,1,0.441,0.93,9
15,bcup,149,80,1,0.421,0.97,9
15,bcup,149,81,1,0.435,0.99,9
15,bcup,149,82,1,0.421,0.95,9
15,bcup,149,83,1,0.4,0.984,9
15,bcup,149,84,1,0.386,0.95,9
15,bcup,149,85,1,0.505,0.33,9
15,bcup,149,86,1,0.559,0.374,9
15,bcup,149,87,1,0.505,0.354,9
15,bcup,149,88,1,0.525,0.34,9
15,bcup,149,89,1,0.505,0.408,9
15,bcup,149,90,1,0.559,0.34,9
15,bcup,149,91,1,0.531,0.6,9
15,bcup,149,92,1,0.565,0.664,9
15,bcup,149,93,1,0.511,0.668,9
15,bcup,149,94,1,0.511,0.59,9
15,bcup,149,95,1,0.497,0.634,9
15,bcup,149,96,1,0.551,0.614,9
15,bcup,149,97,1,0.596,0.185,9
15,bcup,149,98,1,0.561,0.125,9
15,bcup,149,99,1,0.602,0.125,9
15,bcup,149,100,1,0.616,0.111,9
15,bcup,149,101,1,0.581,0.145,9
15,bcup,149,102,1,0.581,0.165,9
15,bcup,149,103,1,0.616,0.879,9
15,bcup,149,104,1,0.581,0.869,9
15,bcup,149,105,1,0.561,0.829,9
15,bcup,149,106,1,0.561,0.883,9
15,bcup,149,107,1,0.596,0.889,9
15,bcup,149,108,1,0.581,0.849,9
15,bcup,149,109,1,0.658,0.499,9
15,bcup,149,110,1,0.638,0.539,9
15,bcup,149,111,1,0.644,0.479,9
15,bcup,149,112,1,0.624,0.465,9
15,bcup,149,113,1,0.604,0.533,9
15,bcup,149,114,1,0.624,0.499,9
15,bcup,149,115,1,0.757,0.66,9
15,bcup,149,116,1,0.702,0.65,9
15,bcup,149,117,1,0.742,0.674,9
15,bcup,149,118,1,0.722,0.66,9
15,bcup,149,119,1,0.722,0.694,9
15,bcup,149,120,1,0.757,0.724,9
15,bcup,149,121,1,0.742,0.28,9
15,bcup,149,122,1,0.757,0.3,9
15,bcup,149,123,1,0.722,0.3,9
15,bcup,149,124,1,0.688,0.3,9
15,bcup,149,125,1,0.702,0.334,9
15,bcup,149,126,1,0.736,0.34,9
15,bcup,149,127,1,0.785,0.149,9
15,bcup,149,128,1,0.751,0.089,9
15,bcup,149,129,1,0.771,0.129,9
15,bcup,149,130,1,0.805,0.074,9
15,bcup,149,131,1,0.771,0.074,9
15,bcup,149,132,1,0.805,0.139,9
15,bcup,149,133,1,0.791,0.865,9
15,bcup,149,134,1,0.736,0.885,9
15,bcup,149,135,1,0.805,0.851,9
15,bcup,149,136,1,0.751,0.841,9
15,bcup,149,137,1,0.785,0.926,9
15,bcup,149,138,1,0.751,0.92,9
15,bcup,149,139,1,0.787,0.477,9
15,bcup,149,140,1,0.807,0.463,9
15,bcup,149,141,1,0.773,0.497,9
15,bcup,149,142,1,0.841,0.497,9
15,bcup,149,143,1,0.807,0.517,9
15,bcup,149,144,1,0.827,0.477,9
15,bcup,150,1,1,0.034,0.463,10
15,bcup,150,2,1,0.068,0.527,10
15,bcup,150,3,1,0.068,0.497,10
15,bcup,150,4,1,0.048,0.537,10
15,bcup,150,5,1,0.014,0.531,10
15,bcup,150,6,1,0,0.497,10
15,bcup,150,7,1,0.044,0.095,10
15,bcup,150,8,1,0.078,0.155,10
15,bcup,150,9,1,0.064,0.08,10
15,bcup,150,10,1,0.085,0.095,10
15,bcup,150,11,1,0.044,0.149,10
15,bcup,150,12,1,0.099,0.145,10
15,bcup,150,13,1,0.099,0.845,10
15,bcup,150,14,1,0.044,0.913,10
15,bcup,150,15,1,0.044,0.835,10
15,bcup,150,16,1,0.064,0.899,10
15,bcup,150,17,1,0.078,0.92,10
15,bcup,150,18,1,0.099,0.909,10
15,bcup,150,19,1,0.119,0.694,10
15,bcup,150,20,1,0.099,0.674,10
15,bcup,150,21,1,0.119,0.714,10
15,bcup,150,22,1,0.085,0.694,10
15,bcup,150,23,1,0.139,0.674,10
15,bcup,150,24,1,0.153,0.694,10
15,bcup,150,25,1,0.129,0.316,10
15,bcup,150,26,1,0.183,0.366,10
15,bcup,150,27,1,0.163,0.376,10
15,bcup,150,28,1,0.149,0.356,10
15,bcup,150,29,1,0.149,0.336,10
15,bcup,150,30,1,0.183,0.336,10
15,bcup,150,31,1,0.219,0.539,10
15,bcup,150,32,1,0.185,0.455,10
15,bcup,150,33,1,0.205,0.499,10
15,bcup,150,34,1,0.239,0.529,10
15,bcup,150,35,1,0.171,0.499,10
15,bcup,150,36,1,0.239,0.465,10
15,bcup,150,37,1,0.225,0.155,10
15,bcup,150,38,1,0.28,0.135,10
15,bcup,150,39,1,0.294,0.155,10
15,bcup,150,40,1,0.239,0.135,10
15,bcup,150,41,1,0.26,0.121,10
15,bcup,150,42,1,0.274,0.195,10
15,bcup,150,43,1,0.294,0.839,10
15,bcup,150,44,1,0.26,0.839,10
15,bcup,150,45,1,0.294,0.869,10
15,bcup,150,46,1,0.28,0.819,10
15,bcup,150,47,1,0.274,0.879,10
15,bcup,150,48,1,0.294,0.805,10
15,bcup,150,49,1,0.332,0.581,10
15,bcup,150,50,1,0.366,0.581,10
15,bcup,150,51,1,0.332,0.636,10
15,bcup,150,52,1,0.332,0.616,10
15,bcup,150,53,1,0.312,0.596,10
15,bcup,150,54,1,0.298,0.616,10
15,bcup,150,55,1,0.368,0.36,10
15,bcup,150,56,1,0.368,0.425,10
15,bcup,150,57,1,0.314,0.35,10
15,bcup,150,58,1,0.334,0.414,10
15,bcup,150,59,1,0.354,0.374,10
15,bcup,150,60,1,0.348,0.435,10
15,bcup,150,61,1,0.398,0.718,10
15,bcup,150,62,1,0.419,0.763,10
15,bcup,150,63,1,0.419,0.783,10
15,bcup,150,64,1,0.384,0.763,10
15,bcup,150,65,1,0.419,0.728,10
15,bcup,150,66,1,0.439,0.742,10
15,bcup,150,67,1,0.421,0.054,10
15,bcup,150,68,1,0.455,0.034,10
15,bcup,150,69,1,0.421,0.034,10
15,bcup,150,70,1,0.421,0,10
15,bcup,150,71,1,0.441,0.014,10
15,bcup,150,72,1,0.435,0.074,10
15,bcup,150,73,1,0.4,0.195,10
15,bcup,150,74,1,0.421,0.239,10
15,bcup,150,75,1,0.421,0.205,10
15,bcup,150,76,1,0.455,0.27,10
15,bcup,150,77,1,0.455,0.205,10
15,bcup,150,78,1,0.421,0.26,10
15,bcup,150,79,1,0.441,0.93,10
15,bcup,150,80,1,0.435,0.99,10
15,bcup,150,81,1,0.421,0.95,10
15,bcup,150,82,1,0.421,0.97,10
15,bcup,150,83,1,0.4,0.984,10
15,bcup,150,84,1,0.386,0.95,10
15,bcup,150,85,1,0.559,0.34,10
15,bcup,150,86,1,0.525,0.34,10
15,bcup,150,87,1,0.505,0.33,10
15,bcup,150,88,1,0.559,0.374,10
15,bcup,150,89,1,0.505,0.354,10
15,bcup,150,90,1,0.505,0.408,10
15,bcup,150,91,1,0.511,0.668,10
15,bcup,150,92,1,0.551,0.614,10
15,bcup,150,93,1,0.511,0.59,10
15,bcup,150,94,1,0.565,0.664,10
15,bcup,150,95,1,0.497,0.634,10
15,bcup,150,96,1,0.531,0.6,10
15,bcup,150,97,1,0.581,0.165,10
15,bcup,150,98,1,0.561,0.125,10
15,bcup,150,99,1,0.616,0.111,10
15,bcup,150,100,1,0.581,0.145,10
15,bcup,150,101,1,0.602,0.125,10
15,bcup,150,102,1,0.596,0.185,10
15,bcup,150,103,1,0.561,0.883,10
15,bcup,150,104,1,0.616,0.879,10
15,bcup,150,105,1,0.561,0.829,10
15,bcup,150,106,1,0.581,0.849,10
15,bcup,150,107,1,0.581,0.849,10
15,bcup,150,108,1,0.581,0.869,10
15,bcup,150,109,1,0.644,0.479,10
15,bcup,150,110,1,0.638,0.539,10
15,bcup,150,111,1,0.604,0.533,10
15,bcup,150,112,1,0.624,0.465,10
15,bcup,150,113,1,0.658,0.499,10
15,bcup,150,114,1,0.624,0.499,10
15,bcup,150,115,1,0.722,0.66,10
15,bcup,150,116,1,0.757,0.66,10
15,bcup,150,117,1,0.742,0.674,10
15,bcup,150,118,1,0.702,0.65,10
15,bcup,150,119,1,0.722,0.694,10
15,bcup,150,120,1,0.757,0.724,10
15,bcup,150,121,1,0.742,0.28,10
15,bcup,150,122,1,0.757,0.3,10
15,bcup,150,123,1,0.722,0.3,10
15,bcup,150,124,1,0.688,0.3,10
15,bcup,150,125,1,0.702,0.334,10
15,bcup,150,126,1,0.736,0.34,10
15,bcup,150,127,1,0.785,0.149,10
15,bcup,150,128,1,0.751,0.089,10
15,bcup,150,129,1,0.771,0.129,10
15,bcup,150,130,1,0.805,0.074,10
15,bcup,150,131,1,0.771,0.074,10
15,bcup,150,132,1,0.805,0.139,10
15,bcup,150,133,1,0.736,0.885,10
15,bcup,150,134,1,0.751,0.841,10
15,bcup,150,135,1,0.791,0.865,10
15,bcup,150,136,1,0.805,0.851,10
15,bcup,150,137,1,0.751,0.92,10
15,bcup,150,138,1,0.785,0.926,10
15,bcup,150,139,1,0.787,0.477,10
15,bcup,150,140,1,0.807,0.463,10
15,bcup,150,141,1,0.773,0.497,10
15,bcup,150,142,1,0.841,0.497,10
15,bcup,150,143,1,0.807,0.517,10
15,bcup,150,144,1,0.827,0.477,10
16,ycup,151,1,2,0,0.497,1
16,ycup,151,2,2,0.068,0.527,1
16,ycup,151,3,2,0.048,0.537,1
16,ycup,151,4,2,0.034,0.463,1
16,ycup,151,5,2,0.014,0.477,1
16,ycup,151,6,2,0.068,0.463,1
16,ycup,151,7,2,0.064,0.135,1
16,ycup,151,8,2,0.064,0.115,1
16,ycup,151,9,2,0.078,0.155,1
16,ycup,151,10,2,0.099,0.145,1
16,ycup,151,11,2,0.03,0.115,1
16,ycup,151,12,2,0.044,0.149,1
16,ycup,151,13,2,0.044,0.913,1
16,ycup,151,14,2,0.099,0.879,1
16,ycup,151,15,2,0.044,0.835,1
16,ycup,151,16,2,0.03,0.879,1
16,ycup,151,17,2,0.099,0.845,1
16,ycup,151,18,2,0.085,0.859,1
16,ycup,151,19,2,0.153,0.66,1
16,ycup,151,20,2,0.099,0.674,1
16,ycup,151,21,2,0.133,0.734,1
16,ycup,151,22,2,0.119,0.694,1
16,ycup,151,23,2,0.153,0.724,1
16,ycup,151,24,2,0.139,0.674,1
16,ycup,151,25,2,0.129,0.37,1
16,ycup,151,26,2,0.183,0.336,1
16,ycup,151,27,2,0.129,0.316,1
16,ycup,151,28,2,0.149,0.356,1
16,ycup,151,29,2,0.169,0.316,1
16,ycup,151,30,2,0.129,0.292,1
16,ycup,151,31,2,0.185,0.533,1
16,ycup,151,32,2,0.205,0.499,1
16,ycup,151,33,2,0.205,0.465,1
16,ycup,151,34,2,0.171,0.499,1
16,ycup,151,35,2,0.239,0.529,1
16,ycup,151,36,2,0.205,0.519,1
16,ycup,151,37,2,0.28,0.135,1
16,ycup,151,38,2,0.225,0.155,1
16,ycup,151,39,2,0.26,0.155,1
16,ycup,151,40,2,0.239,0.111,1
16,ycup,151,41,2,0.294,0.155,1
16,ycup,151,42,2,0.274,0.195,1
16,ycup,151,43,2,0.225,0.839,1
16,ycup,151,44,2,0.239,0.795,1
16,ycup,151,45,2,0.239,0.873,1
16,ycup,151,46,2,0.26,0.805,1
16,ycup,151,47,2,0.26,0.859,1
16,ycup,151,48,2,0.294,0.869,1
16,ycup,151,49,2,0.312,0.596,1
16,ycup,151,50,2,0.346,0.656,1
16,ycup,151,51,2,0.366,0.581,1
16,ycup,151,52,2,0.312,0.571,1
16,ycup,151,53,2,0.352,0.596,1
16,ycup,151,54,2,0.332,0.636,1
16,ycup,151,55,2,0.3,0.394,1
16,ycup,151,56,2,0.334,0.414,1
16,ycup,151,57,2,0.368,0.394,1
16,ycup,151,58,2,0.314,0.374,1
16,ycup,151,59,2,0.334,0.394,1
16,ycup,151,60,2,0.354,0.374,1
16,ycup,151,61,2,0.419,0.783,1
16,ycup,151,62,2,0.433,0.803,1
16,ycup,151,63,2,0.398,0.718,1
16,ycup,151,64,2,0.398,0.742,1
16,ycup,151,65,2,0.453,0.793,1
16,ycup,151,66,2,0.439,0.742,1
16,ycup,151,67,2,0.455,0,1
16,ycup,151,68,2,0.386,0.034,1
16,ycup,151,69,2,0.421,0.034,1
16,ycup,151,70,2,0.421,0.054,1
16,ycup,151,71,2,0.421,0,1
16,ycup,151,72,2,0.435,0.074,1
16,ycup,151,73,2,0.4,0.195,1
16,ycup,151,74,2,0.421,0.26,1
16,ycup,151,75,2,0.455,0.239,1
16,ycup,151,76,2,0.4,0.219,1
16,ycup,151,77,2,0.441,0.219,1
16,ycup,151,78,2,0.455,0.27,1
16,ycup,151,79,2,0.4,0.984,1
16,ycup,151,80,2,0.455,0.915,1
16,ycup,151,81,2,0.435,0.99,1
16,ycup,151,82,2,0.455,0.98,1
16,ycup,151,83,2,0.421,0.95,1
16,ycup,151,84,2,0.455,0.95,1
16,ycup,151,85,2,0.491,0.374,1
16,ycup,151,86,2,0.539,0.414,1
16,ycup,151,87,2,0.505,0.354,1
16,ycup,151,88,2,0.559,0.34,1
16,ycup,151,89,2,0.545,0.354,1
16,ycup,151,90,2,0.559,0.404,1
16,ycup,151,91,2,0.545,0.674,1
16,ycup,151,92,2,0.511,0.614,1
16,ycup,151,93,2,0.551,0.614,1
16,ycup,151,94,2,0.497,0.634,1
16,ycup,151,95,2,0.511,0.59,1
16,ycup,151,96,2,0.531,0.654,1
16,ycup,151,97,2,0.547,0.145,1
16,ycup,151,98,2,0.596,0.185,1
16,ycup,151,99,2,0.616,0.145,1
16,ycup,151,100,2,0.581,0.145,1
16,ycup,151,101,2,0.561,0.179,1
16,ycup,151,102,2,0.581,0.111,1
16,ycup,151,103,2,0.581,0.849,1
16,ycup,151,104,2,0.616,0.815,1
16,ycup,151,105,2,0.616,0.849,1
16,ycup,151,106,2,0.581,0.869,1
16,ycup,151,107,2,0.596,0.889,1
16,ycup,151,108,2,0.561,0.805,1
16,ycup,151,109,2,0.624,0.465,1
16,ycup,151,110,2,0.624,0.519,1
16,ycup,151,111,2,0.59,0.499,1
16,ycup,151,112,2,0.604,0.533,1
16,ycup,151,113,2,0.644,0.479,1
16,ycup,151,114,2,0.658,0.529,1
16,ycup,151,115,2,0.688,0.694,1
16,ycup,151,116,2,0.702,0.674,1
16,ycup,151,117,2,0.757,0.724,1
16,ycup,151,118,2,0.722,0.714,1
16,ycup,151,119,2,0.702,0.65,1
16,ycup,151,120,2,0.757,0.66,1
16,ycup,151,121,2,0.757,0.266,1
16,ycup,151,122,2,0.702,0.256,1
16,ycup,151,123,2,0.722,0.32,1
16,ycup,151,124,2,0.702,0.28,1
16,ycup,151,125,2,0.722,0.3,1
16,ycup,151,126,2,0.742,0.28,1
16,ycup,151,127,2,0.785,0.149,1
16,ycup,151,128,2,0.791,0.089,1
16,ycup,151,129,2,0.805,0.139,1
16,ycup,151,130,2,0.805,0.109,1
16,ycup,151,131,2,0.751,0.143,1
16,ycup,151,132,2,0.805,0.074,1
16,ycup,151,133,2,0.771,0.905,1
16,ycup,151,134,2,0.805,0.851,1
16,ycup,151,135,2,0.771,0.851,1
16,ycup,151,136,2,0.751,0.865,1
16,ycup,151,137,2,0.751,0.92,1
16,ycup,151,138,2,0.736,0.885,1
16,ycup,151,139,2,0.841,0.463,1
16,ycup,151,140,2,0.827,0.477,1
16,ycup,151,141,2,0.807,0.497,1
16,ycup,151,142,2,0.841,0.497,1
16,ycup,151,143,2,0.841,0.527,1
16,ycup,151,144,2,0.821,0.537,1
16,ycup,152,1,2,0,0.497,2
16,ycup,152,2,2,0.014,0.477,2
16,ycup,152,3,2,0.048,0.537,2
16,ycup,152,4,2,0.034,0.463,2
16,ycup,152,5,2,0.068,0.527,2
16,ycup,152,6,2,0.068,0.463,2
16,ycup,152,7,2,0.064,0.135,2
16,ycup,152,8,2,0.064,0.115,2
16,ycup,152,9,2,0.078,0.155,2
16,ycup,152,10,2,0.099,0.145,2
16,ycup,152,11,2,0.03,0.115,2
16,ycup,152,12,2,0.044,0.149,2
16,ycup,152,13,2,0.099,0.879,2
16,ycup,152,14,2,0.085,0.859,2
16,ycup,152,15,2,0.044,0.835,2
16,ycup,152,16,2,0.03,0.879,2
16,ycup,152,17,2,0.099,0.845,2
16,ycup,152,18,2,0.044,0.913,2
16,ycup,152,19,2,0.153,0.66,2
16,ycup,152,20,2,0.153,0.724,2
16,ycup,152,21,2,0.133,0.734,2
16,ycup,152,22,2,0.119,0.694,2
16,ycup,152,23,2,0.099,0.674,2
16,ycup,152,24,2,0.139,0.674,2
16,ycup,152,25,2,0.129,0.37,2
16,ycup,152,26,2,0.183,0.336,2
16,ycup,152,27,2,0.129,0.316,2
16,ycup,152,28,2,0.149,0.356,2
16,ycup,152,29,2,0.169,0.316,2
16,ycup,152,30,2,0.129,0.292,2
16,ycup,152,31,2,0.239,0.529,2
16,ycup,152,32,2,0.205,0.519,2
16,ycup,152,33,2,0.205,0.465,2
16,ycup,152,34,2,0.205,0.499,2
16,ycup,152,35,2,0.171,0.499,2
16,ycup,152,36,2,0.185,0.533,2
16,ycup,152,37,2,0.225,0.155,2
16,ycup,152,38,2,0.239,0.111,2
16,ycup,152,39,2,0.28,0.135,2
16,ycup,152,40,2,0.294,0.155,2
16,ycup,152,41,2,0.26,0.155,2
16,ycup,152,42,2,0.274,0.195,2
16,ycup,152,43,2,0.26,0.805,2
16,ycup,152,44,2,0.239,0.873,2
16,ycup,152,45,2,0.26,0.859,2
16,ycup,152,46,2,0.225,0.839,2
16,ycup,152,47,2,0.294,0.869,2
16,ycup,152,48,2,0.239,0.795,2
16,ycup,152,49,2,0.346,0.656,2
16,ycup,152,50,2,0.366,0.581,2
16,ycup,152,51,2,0.352,0.596,2
16,ycup,152,52,2,0.332,0.636,2
16,ycup,152,53,2,0.312,0.571,2
16,ycup,152,54,2,0.312,0.596,2
16,ycup,152,55,2,0.3,0.394,2
16,ycup,152,56,2,0.334,0.414,2
16,ycup,152,57,2,0.368,0.394,2
16,ycup,152,58,2,0.314,0.374,2
16,ycup,152,59,2,0.334,0.394,2
16,ycup,152,60,2,0.354,0.374,2
16,ycup,152,61,2,0.433,0.803,2
16,ycup,152,62,2,0.439,0.742,2
16,ycup,152,63,2,0.398,0.742,2
16,ycup,152,64,2,0.419,0.783,2
16,ycup,152,65,2,0.398,0.718,2
16,ycup,152,66,2,0.453,0.793,2
16,ycup,152,67,2,0.421,0.054,2
16,ycup,152,68,2,0.421,0.034,2
16,ycup,152,69,2,0.421,0,2
16,ycup,152,70,2,0.386,0.034,2
16,ycup,152,71,2,0.455,0,2
16,ycup,152,72,2,0.435,0.074,2
16,ycup,152,73,2,0.4,0.195,2
16,ycup,152,74,2,0.421,0.26,2
16,ycup,152,75,2,0.455,0.239,2
16,ycup,152,76,2,0.4,0.219,2
16,ycup,152,77,2,0.441,0.219,2
16,ycup,152,78,2,0.455,0.27,2
16,ycup,152,79,2,0.455,0.98,2
16,ycup,152,80,2,0.455,0.95,2
16,ycup,152,81,2,0.435,0.99,2
16,ycup,152,82,2,0.455,0.915,2
16,ycup,152,83,2,0.421,0.95,2
16,ycup,152,84,2,0.4,0.984,2
16,ycup,152,85,2,0.491,0.374,2
16,ycup,152,86,2,0.539,0.414,2
16,ycup,152,87,2,0.505,0.354,2
16,ycup,152,88,2,0.559,0.34,2
16,ycup,152,89,2,0.545,0.354,2
16,ycup,152,90,2,0.559,0.404,2
16,ycup,152,91,2,0.511,0.59,2
16,ycup,152,92,2,0.511,0.614,2
16,ycup,152,93,2,0.497,0.634,2
16,ycup,152,94,2,0.551,0.614,2
16,ycup,152,95,2,0.545,0.674,2
16,ycup,152,96,2,0.531,0.654,2
16,ycup,152,97,2,0.616,0.145,2
16,ycup,152,98,2,0.581,0.111,2
16,ycup,152,99,2,0.547,0.145,2
16,ycup,152,100,2,0.596,0.185,2
16,ycup,152,101,2,0.561,0.179,2
16,ycup,152,102,2,0.581,0.145,2
16,ycup,152,103,2,0.616,0.815,2
16,ycup,152,104,2,0.596,0.889,2
16,ycup,152,105,2,0.581,0.869,2
16,ycup,152,106,2,0.616,0.849,2
16,ycup,152,107,2,0.581,0.849,2
16,ycup,152,108,2,0.561,0.805,2
16,ycup,152,109,2,0.624,0.465,2
16,ycup,152,110,2,0.624,0.519,2
16,ycup,152,111,2,0.59,0.499,2
16,ycup,152,112,2,0.604,0.533,2
16,ycup,152,113,2,0.644,0.479,2
16,ycup,152,114,2,0.658,0.529,2
16,ycup,152,115,2,0.757,0.724,2
16,ycup,152,116,2,0.702,0.674,2
16,ycup,152,117,2,0.757,0.66,2
16,ycup,152,118,2,0.702,0.65,2
16,ycup,152,119,2,0.688,0.694,2
16,ycup,152,120,2,0.722,0.714,2
16,ycup,152,121,2,0.757,0.266,2
16,ycup,152,122,2,0.702,0.256,2
16,ycup,152,123,2,0.722,0.32,2
16,ycup,152,124,2,0.702,0.28,2
16,ycup,152,125,2,0.722,0.3,2
16,ycup,152,126,2,0.742,0.28,2
16,ycup,152,127,2,0.791,0.089,2
16,ycup,152,128,2,0.751,0.143,2
16,ycup,152,129,2,0.805,0.074,2
16,ycup,152,130,2,0.785,0.149,2
16,ycup,152,131,2,0.805,0.139,2
16,ycup,152,132,2,0.805,0.109,2
16,ycup,152,133,2,0.771,0.851,2
16,ycup,152,134,2,0.771,0.905,2
16,ycup,152,135,2,0.805,0.851,2
16,ycup,152,136,2,0.736,0.885,2
16,ycup,152,137,2,0.751,0.865,2
16,ycup,152,138,2,0.751,0.92,2
16,ycup,152,139,2,0.841,0.463,2
16,ycup,152,140,2,0.827,0.477,2
16,ycup,152,141,2,0.807,0.497,2
16,ycup,152,142,2,0.841,0.497,2
16,ycup,152,143,2,0.841,0.527,2
16,ycup,152,144,2,0.821,0.537,2
16,ycup,153,1,2,0,0.497,3
16,ycup,153,2,2,0.068,0.527,3
16,ycup,153,3,2,0.048,0.537,3
16,ycup,153,4,2,0.034,0.463,3
16,ycup,153,5,2,0.014,0.477,3
16,ycup,153,6,2,0.068,0.463,3
16,ycup,153,7,2,0.064,0.115,3
16,ycup,153,8,2,0.064,0.135,3
16,ycup,153,9,2,0.078,0.155,3
16,ycup,153,10,2,0.099,0.145,3
16,ycup,153,11,2,0.044,0.149,3
16,ycup,153,12,2,0.03,0.115,3
16,ycup,153,13,2,0.099,0.879,3
16,ycup,153,14,2,0.085,0.859,3
16,ycup,153,15,2,0.099,0.845,3
16,ycup,153,16,2,0.044,0.835,3
16,ycup,153,17,2,0.03,0.879,3
16,ycup,153,18,2,0.044,0.913,3
16,ycup,153,19,2,0.153,0.66,3
16,ycup,153,20,2,0.153,0.724,3
16,ycup,153,21,2,0.133,0.734,3
16,ycup,153,22,2,0.119,0.694,3
16,ycup,153,23,2,0.099,0.674,3
16,ycup,153,24,2,0.139,0.674,3
16,ycup,153,25,2,0.129,0.37,3
16,ycup,153,26,2,0.183,0.336,3
16,ycup,153,27,2,0.129,0.316,3
16,ycup,153,28,2,0.149,0.356,3
16,ycup,153,29,2,0.169,0.316,3
16,ycup,153,30,2,0.129,0.292,3
16,ycup,153,31,2,0.239,0.529,3
16,ycup,153,32,2,0.205,0.499,3
16,ycup,153,33,2,0.205,0.465,3
16,ycup,153,34,2,0.205,0.519,3
16,ycup,153,35,2,0.171,0.499,3
16,ycup,153,36,2,0.185,0.533,3
16,ycup,153,37,2,0.225,0.155,3
16,ycup,153,38,2,0.239,0.111,3
16,ycup,153,39,2,0.26,0.155,3
16,ycup,153,40,2,0.28,0.135,3
16,ycup,153,41,2,0.294,0.155,3
16,ycup,153,42,2,0.274,0.195,3
16,ycup,153,43,2,0.26,0.805,3
16,ycup,153,44,2,0.239,0.873,3
16,ycup,153,45,2,0.26,0.859,3
16,ycup,153,46,2,0.225,0.839,3
16,ycup,153,47,2,0.294,0.869,3
16,ycup,153,48,2,0.239,0.795,3
16,ycup,153,49,2,0.346,0.656,3
16,ycup,153,50,2,0.366,0.581,3
16,ycup,153,51,2,0.352,0.596,3
16,ycup,153,52,2,0.332,0.636,3
16,ycup,153,53,2,0.312,0.571,3
16,ycup,153,54,2,0.312,0.596,3
16,ycup,153,55,2,0.3,0.394,3
16,ycup,153,56,2,0.334,0.414,3
16,ycup,153,57,2,0.368,0.394,3
16,ycup,153,58,2,0.314,0.374,3
16,ycup,153,59,2,0.334,0.394,3
16,ycup,153,60,2,0.354,0.374,3
16,ycup,153,61,2,0.433,0.803,3
16,ycup,153,62,2,0.398,0.718,3
16,ycup,153,63,2,0.398,0.742,3
16,ycup,153,64,2,0.439,0.742,3
16,ycup,153,65,2,0.419,0.783,3
16,ycup,153,66,2,0.453,0.793,3
16,ycup,153,67,2,0.435,0.074,3
16,ycup,153,68,2,0.421,0.034,3
16,ycup,153,69,2,0.421,0,3
16,ycup,153,70,2,0.421,0.054,3
16,ycup,153,71,2,0.386,0.034,3
16,ycup,153,72,2,0.421,0.034,3
16,ycup,153,73,2,0.4,0.195,3
16,ycup,153,74,2,0.421,0.26,3
16,ycup,153,75,2,0.455,0.239,3
16,ycup,153,76,2,0.4,0.219,3
16,ycup,153,77,2,0.441,0.219,3
16,ycup,153,78,2,0.455,0.27,3
16,ycup,153,79,2,0.455,0.98,3
16,ycup,153,80,2,0.455,0.95,3
16,ycup,153,81,2,0.435,0.99,3
16,ycup,153,82,2,0.455,0.915,3
16,ycup,153,83,2,0.421,0.95,3
16,ycup,153,84,2,0.4,0.984,3
16,ycup,153,85,2,0.491,0.374,3
16,ycup,153,86,2,0.539,0.414,3
16,ycup,153,87,2,0.505,0.354,3
16,ycup,153,88,2,0.559,0.34,3
16,ycup,153,89,2,0.545,0.354,3
16,ycup,153,90,2,0.559,0.404,3
16,ycup,153,91,2,0.531,0.654,3
16,ycup,153,92,2,0.511,0.614,3
16,ycup,153,93,2,0.497,0.634,3
16,ycup,153,94,2,0.551,0.614,3
16,ycup,153,95,2,0.545,0.674,3
16,ycup,153,96,2,0.511,0.59,3
16,ycup,153,97,2,0.581,0.111,3
16,ycup,153,98,2,0.547,0.145,3
16,ycup,153,99,2,0.616,0.145,3
16,ycup,153,100,2,0.596,0.185,3
16,ycup,153,101,2,0.561,0.179,3
16,ycup,153,102,2,0.581,0.145,3
16,ycup,153,103,2,0.616,0.849,3
16,ycup,153,104,2,0.596,0.889,3
16,ycup,153,105,2,0.581,0.869,3
16,ycup,153,106,2,0.616,0.815,3
16,ycup,153,107,2,0.581,0.849,3
16,ycup,153,108,2,0.561,0.805,3
16,ycup,153,109,2,0.624,0.465,3
16,ycup,153,110,2,0.624,0.519,3
16,ycup,153,111,2,0.59,0.499,3
16,ycup,153,112,2,0.604,0.533,3
16,ycup,153,113,2,0.644,0.479,3
16,ycup,153,114,2,0.658,0.529,3
16,ycup,153,115,2,0.688,0.694,3
16,ycup,153,116,2,0.702,0.674,3
16,ycup,153,117,2,0.757,0.66,3
16,ycup,153,118,2,0.702,0.65,3
16,ycup,153,119,2,0.757,0.724,3
16,ycup,153,120,2,0.722,0.714,3
16,ycup,153,121,2,0.757,0.266,3
16,ycup,153,122,2,0.702,0.256,3
16,ycup,153,123,2,0.722,0.32,3
16,ycup,153,124,2,0.702,0.28,3
16,ycup,153,125,2,0.722,0.3,3
16,ycup,153,126,2,0.742,0.28,3
16,ycup,153,127,2,0.791,0.089,3
16,ycup,153,128,2,0.751,0.143,3
16,ycup,153,129,2,0.805,0.074,3
16,ycup,153,130,2,0.785,0.149,3
16,ycup,153,131,2,0.805,0.139,3
16,ycup,153,132,2,0.805,0.109,3
16,ycup,153,133,2,0.751,0.865,3
16,ycup,153,134,2,0.805,0.851,3
16,ycup,153,135,2,0.771,0.905,3
16,ycup,153,136,2,0.771,0.851,3
16,ycup,153,137,2,0.751,0.92,3
16,ycup,153,138,2,0.736,0.885,3
16,ycup,153,139,2,0.841,0.463,3
16,ycup,153,140,2,0.827,0.477,3
16,ycup,153,141,2,0.807,0.497,3
16,ycup,153,142,2,0.841,0.497,3
16,ycup,153,143,2,0.841,0.527,3
16,ycup,153,144,2,0.821,0.537,3
16,ycup,154,1,2,0.034,0.463,4
16,ycup,154,2,2,0.048,0.537,4
16,ycup,154,3,2,0.068,0.527,4
16,ycup,154,4,2,0,0.497,4
16,ycup,154,5,2,0.068,0.463,4
16,ycup,154,6,2,0.014,0.477,4
16,ycup,154,7,2,0.064,0.115,4
16,ycup,154,8,2,0.044,0.149,4
16,ycup,154,9,2,0.03,0.115,4
16,ycup,154,10,2,0.078,0.155,4
16,ycup,154,11,2,0.099,0.145,4
16,ycup,154,12,2,0.064,0.135,4
16,ycup,154,13,2,0.085,0.859,4
16,ycup,154,14,2,0.099,0.879,4
16,ycup,154,15,2,0.044,0.913,4
16,ycup,154,16,2,0.03,0.879,4
16,ycup,154,17,2,0.044,0.835,4
16,ycup,154,18,2,0.099,0.845,4
16,ycup,154,19,2,0.099,0.674,4
16,ycup,154,20,2,0.133,0.734,4
16,ycup,154,21,2,0.119,0.694,4
16,ycup,154,22,2,0.139,0.674,4
16,ycup,154,23,2,0.153,0.66,4
16,ycup,154,24,2,0.153,0.724,4
16,ycup,154,25,2,0.149,0.356,4
16,ycup,154,26,2,0.129,0.37,4
16,ycup,154,27,2,0.129,0.292,4
16,ycup,154,28,2,0.183,0.336,4
16,ycup,154,29,2,0.129,0.316,4
16,ycup,154,30,2,0.169,0.316,4
16,ycup,154,31,2,0.171,0.499,4
16,ycup,154,32,2,0.205,0.519,4
16,ycup,154,33,2,0.205,0.465,4
16,ycup,154,34,2,0.185,0.533,4
16,ycup,154,35,2,0.239,0.529,4
16,ycup,154,36,2,0.205,0.499,4
16,ycup,154,37,2,0.26,0.155,4
16,ycup,154,38,2,0.225,0.155,4
16,ycup,154,39,2,0.274,0.195,4
16,ycup,154,40,2,0.294,0.155,4
16,ycup,154,41,2,0.239,0.111,4
16,ycup,154,42,2,0.28,0.135,4
16,ycup,154,43,2,0.239,0.873,4
16,ycup,154,44,2,0.294,0.869,4
16,ycup,154,45,2,0.26,0.805,4
16,ycup,154,46,2,0.225,0.839,4
16,ycup,154,47,2,0.26,0.859,4
16,ycup,154,48,2,0.239,0.795,4
16,ycup,154,49,2,0.346,0.656,4
16,ycup,154,50,2,0.366,0.581,4
16,ycup,154,51,2,0.352,0.596,4
16,ycup,154,52,2,0.332,0.636,4
16,ycup,154,53,2,0.312,0.571,4
16,ycup,154,54,2,0.312,0.596,4
16,ycup,154,55,2,0.334,0.414,4
16,ycup,154,56,2,0.314,0.374,4
16,ycup,154,57,2,0.354,0.374,4
16,ycup,154,58,2,0.3,0.394,4
16,ycup,154,59,2,0.368,0.394,4
16,ycup,154,60,2,0.334,0.394,4
16,ycup,154,61,2,0.433,0.803,4
16,ycup,154,62,2,0.398,0.718,4
16,ycup,154,63,2,0.398,0.742,4
16,ycup,154,64,2,0.439,0.742,4
16,ycup,154,65,2,0.419,0.783,4
16,ycup,154,66,2,0.453,0.793,4
16,ycup,154,67,2,0.421,0.034,4
16,ycup,154,68,2,0.421,0,4
16,ycup,154,69,2,0.386,0.034,4
16,ycup,154,70,2,0.435,0.074,4
16,ycup,154,71,2,0.455,0,4
16,ycup,154,72,2,0.421,0.054,4
16,ycup,154,73,2,0.455,0.27,4
16,ycup,154,74,2,0.455,0.239,4
16,ycup,154,75,2,0.4,0.195,4
16,ycup,154,76,2,0.441,0.219,4
16,ycup,154,77,2,0.4,0.219,4
16,ycup,154,78,2,0.421,0.26,4
16,ycup,154,79,2,0.4,0.984,4
16,ycup,154,80,2,0.455,0.915,4
16,ycup,154,81,2,0.435,0.99,4
16,ycup,154,82,2,0.455,0.98,4
16,ycup,154,83,2,0.421,0.95,4
16,ycup,154,84,2,0.455,0.95,4
16,ycup,154,85,2,0.559,0.34,4
16,ycup,154,86,2,0.545,0.354,4
16,ycup,154,87,2,0.505,0.354,4
16,ycup,154,88,2,0.491,0.374,4
16,ycup,154,89,2,0.539,0.414,4
16,ycup,154,90,2,0.559,0.404,4
16,ycup,154,91,2,0.545,0.674,4
16,ycup,154,92,2,0.511,0.614,4
16,ycup,154,93,2,0.551,0.614,4
16,ycup,154,94,2,0.497,0.634,4
16,ycup,154,95,2,0.511,0.59,4
16,ycup,154,96,2,0.531,0.654,4
16,ycup,154,97,2,0.581,0.145,4
16,ycup,154,98,2,0.561,0.179,4
16,ycup,154,99,2,0.547,0.145,4
16,ycup,154,100,2,0.616,0.145,4
16,ycup,154,101,2,0.581,0.111,4
16,ycup,154,102,2,0.596,0.185,4
16,ycup,154,103,2,0.581,0.849,4
16,ycup,154,104,2,0.616,0.815,4
16,ycup,154,105,2,0.616,0.849,4
16,ycup,154,106,2,0.581,0.869,4
16,ycup,154,107,2,0.596,0.889,4
16,ycup,154,108,2,0.561,0.805,4
16,ycup,154,109,2,0.624,0.519,4
16,ycup,154,110,2,0.604,0.533,4
16,ycup,154,111,2,0.624,0.465,4
16,ycup,154,112,2,0.644,0.479,4
16,ycup,154,113,2,0.59,0.499,4
16,ycup,154,114,2,0.658,0.529,4
16,ycup,154,115,2,0.688,0.694,4
16,ycup,154,116,2,0.702,0.674,4
16,ycup,154,117,2,0.757,0.724,4
16,ycup,154,118,2,0.722,0.714,4
16,ycup,154,119,2,0.702,0.65,4
16,ycup,154,120,2,0.757,0.66,4
16,ycup,154,121,2,0.742,0.28,4
16,ycup,154,122,2,0.702,0.28,4
16,ycup,154,123,2,0.757,0.266,4
16,ycup,154,124,2,0.722,0.32,4
16,ycup,154,125,2,0.702,0.256,4
16,ycup,154,126,2,0.722,0.3,4
16,ycup,154,127,2,0.805,0.139,4
16,ycup,154,128,2,0.791,0.089,4
16,ycup,154,129,2,0.805,0.109,4
16,ycup,154,130,2,0.751,0.143,4
16,ycup,154,131,2,0.805,0.074,4
16,ycup,154,132,2,0.785,0.149,4
16,ycup,154,133,2,0.771,0.905,4
16,ycup,154,134,2,0.805,0.851,4
16,ycup,154,135,2,0.771,0.851,4
16,ycup,154,136,2,0.751,0.865,4
16,ycup,154,137,2,0.751,0.92,4
16,ycup,154,138,2,0.736,0.885,4
16,ycup,154,139,2,0.807,0.497,4
16,ycup,154,140,2,0.827,0.477,4
16,ycup,154,141,2,0.841,0.463,4
16,ycup,154,142,2,0.841,0.497,4
16,ycup,154,143,2,0.841,0.527,4
16,ycup,154,144,2,0.821,0.537,4
16,ycup,155,1,2,0.048,0.537,5
16,ycup,155,2,2,0.068,0.527,5
16,ycup,155,3,2,0.068,0.463,5
16,ycup,155,4,2,0,0.497,5
16,ycup,155,5,2,0.034,0.463,5
16,ycup,155,6,2,0.014,0.477,5
16,ycup,155,7,2,0.044,0.149,5
16,ycup,155,8,2,0.099,0.145,5
16,ycup,155,9,2,0.064,0.135,5
16,ycup,155,10,2,0.064,0.115,5
16,ycup,155,11,2,0.078,0.155,5
16,ycup,155,12,2,0.03,0.115,5
16,ycup,155,13,2,0.099,0.879,5
16,ycup,155,14,2,0.044,0.913,5
16,ycup,155,15,2,0.03,0.879,5
16,ycup,155,16,2,0.044,0.835,5
16,ycup,155,17,2,0.099,0.845,5
16,ycup,155,18,2,0.085,0.859,5
16,ycup,155,19,2,0.153,0.66,5
16,ycup,155,20,2,0.153,0.724,5
16,ycup,155,21,2,0.133,0.734,5
16,ycup,155,22,2,0.119,0.694,5
16,ycup,155,23,2,0.099,0.674,5
16,ycup,155,24,2,0.139,0.674,5
16,ycup,155,25,2,0.129,0.37,5
16,ycup,155,26,2,0.183,0.336,5
16,ycup,155,27,2,0.129,0.316,5
16,ycup,155,28,2,0.149,0.356,5
16,ycup,155,29,2,0.169,0.316,5
16,ycup,155,30,2,0.129,0.292,5
16,ycup,155,31,2,0.239,0.529,5
16,ycup,155,32,2,0.205,0.519,5
16,ycup,155,33,2,0.205,0.499,5
16,ycup,155,34,2,0.185,0.533,5
16,ycup,155,35,2,0.171,0.499,5
16,ycup,155,36,2,0.205,0.465,5
16,ycup,155,37,2,0.225,0.155,5
16,ycup,155,38,2,0.239,0.111,5
16,ycup,155,39,2,0.28,0.135,5
16,ycup,155,40,2,0.294,0.155,5
16,ycup,155,41,2,0.26,0.155,5
16,ycup,155,42,2,0.274,0.195,5
16,ycup,155,43,2,0.26,0.805,5
16,ycup,155,44,2,0.239,0.873,5
16,ycup,155,45,2,0.239,0.795,5
16,ycup,155,46,2,0.225,0.839,5
16,ycup,155,47,2,0.294,0.869,5
16,ycup,155,48,2,0.26,0.859,5
16,ycup,155,49,2,0.346,0.656,5
16,ycup,155,50,2,0.332,0.636,5
16,ycup,155,51,2,0.352,0.596,5
16,ycup,155,52,2,0.366,0.581,5
16,ycup,155,53,2,0.312,0.596,5
16,ycup,155,54,2,0.312,0.571,5
16,ycup,155,55,2,0.3,0.394,5
16,ycup,155,56,2,0.334,0.414,5
16,ycup,155,57,2,0.368,0.394,5
16,ycup,155,58,2,0.314,0.374,5
16,ycup,155,59,2,0.334,0.394,5
16,ycup,155,60,2,0.354,0.374,5
16,ycup,155,61,2,0.433,0.803,5
16,ycup,155,62,2,0.398,0.718,5
16,ycup,155,63,2,0.398,0.742,5
16,ycup,155,64,2,0.439,0.742,5
16,ycup,155,65,2,0.419,0.783,5
16,ycup,155,66,2,0.453,0.793,5
16,ycup,155,67,2,0.421,0.054,5
16,ycup,155,68,2,0.421,0.034,5
16,ycup,155,69,2,0.421,0,5
16,ycup,155,70,2,0.386,0.034,5
16,ycup,155,71,2,0.455,0,5
16,ycup,155,72,2,0.435,0.074,5
16,ycup,155,73,2,0.4,0.195,5
16,ycup,155,74,2,0.421,0.26,5
16,ycup,155,75,2,0.455,0.239,5
16,ycup,155,76,2,0.4,0.219,5
16,ycup,155,77,2,0.441,0.219,5
16,ycup,155,78,2,0.455,0.27,5
16,ycup,155,79,2,0.455,0.98,5
16,ycup,155,80,2,0.455,0.95,5
16,ycup,155,81,2,0.435,0.99,5
16,ycup,155,82,2,0.455,0.915,5
16,ycup,155,83,2,0.421,0.95,5
16,ycup,155,84,2,0.4,0.984,5
16,ycup,155,85,2,0.491,0.374,5
16,ycup,155,86,2,0.539,0.414,5
16,ycup,155,87,2,0.505,0.354,5
16,ycup,155,88,2,0.559,0.34,5
16,ycup,155,89,2,0.545,0.354,5
16,ycup,155,90,2,0.559,0.404,5
16,ycup,155,91,2,0.511,0.59,5
16,ycup,155,92,2,0.511,0.614,5
16,ycup,155,93,2,0.531,0.654,5
16,ycup,155,94,2,0.551,0.614,5
16,ycup,155,95,2,0.545,0.674,5
16,ycup,155,96,2,0.497,0.634,5
16,ycup,155,97,2,0.616,0.145,5
16,ycup,155,98,2,0.581,0.111,5
16,ycup,155,99,2,0.547,0.145,5
16,ycup,155,100,2,0.596,0.185,5
16,ycup,155,101,2,0.561,0.179,5
16,ycup,155,102,2,0.581,0.145,5
16,ycup,155,103,2,0.616,0.849,5
16,ycup,155,104,2,0.596,0.889,5
16,ycup,155,105,2,0.581,0.869,5
16,ycup,155,106,2,0.616,0.815,5
16,ycup,155,107,2,0.581,0.849,5
16,ycup,155,108,2,0.561,0.805,5
16,ycup,155,109,2,0.624,0.465,5
16,ycup,155,110,2,0.624,0.519,5
16,ycup,155,111,2,0.59,0.499,5
16,ycup,155,112,2,0.604,0.533,5
16,ycup,155,113,2,0.644,0.479,5
16,ycup,155,114,2,0.658,0.529,5
16,ycup,155,115,2,0.757,0.724,5
16,ycup,155,116,2,0.702,0.674,5
16,ycup,155,117,2,0.757,0.66,5
16,ycup,155,118,2,0.702,0.65,5
16,ycup,155,119,2,0.688,0.694,5
16,ycup,155,120,2,0.722,0.714,5
16,ycup,155,121,2,0.757,0.266,5
16,ycup,155,122,2,0.702,0.256,5
16,ycup,155,123,2,0.722,0.32,5
16,ycup,155,124,2,0.702,0.28,5
16,ycup,155,125,2,0.722,0.3,5
16,ycup,155,126,2,0.742,0.28,5
16,ycup,155,127,2,0.791,0.089,5
16,ycup,155,128,2,0.751,0.143,5
16,ycup,155,129,2,0.805,0.074,5
16,ycup,155,130,2,0.785,0.149,5
16,ycup,155,131,2,0.805,0.139,5
16,ycup,155,132,2,0.805,0.109,5
16,ycup,155,133,2,0.751,0.865,5
16,ycup,155,134,2,0.805,0.851,5
16,ycup,155,135,2,0.771,0.905,5
16,ycup,155,136,2,0.771,0.851,5
16,ycup,155,137,2,0.751,0.92,5
16,ycup,155,138,2,0.736,0.885,5
16,ycup,155,139,2,0.841,0.463,5
16,ycup,155,140,2,0.827,0.477,5
16,ycup,155,141,2,0.807,0.497,5
16,ycup,155,142,2,0.841,0.497,5
16,ycup,155,143,2,0.841,0.527,5
16,ycup,155,144,2,0.821,0.537,5
16,ycup,156,1,2,0,0.497,6
16,ycup,156,2,2,0.068,0.527,6
16,ycup,156,3,2,0.048,0.537,6
16,ycup,156,4,2,0.034,0.463,6
16,ycup,156,5,2,0.014,0.477,6
16,ycup,156,6,2,0.068,0.463,6
16,ycup,156,7,2,0.064,0.115,6
16,ycup,156,8,2,0.064,0.135,6
16,ycup,156,9,2,0.078,0.155,6
16,ycup,156,10,2,0.044,0.149,6
16,ycup,156,11,2,0.099,0.145,6
16,ycup,156,12,2,0.03,0.115,6
16,ycup,156,13,2,0.099,0.879,6
16,ycup,156,14,2,0.085,0.859,6
16,ycup,156,15,2,0.044,0.835,6
16,ycup,156,16,2,0.03,0.879,6
16,ycup,156,17,2,0.099,0.845,6
16,ycup,156,18,2,0.044,0.913,6
16,ycup,156,19,2,0.153,0.66,6
16,ycup,156,20,2,0.153,0.724,6
16,ycup,156,21,2,0.133,0.734,6
16,ycup,156,22,2,0.119,0.694,6
16,ycup,156,23,2,0.099,0.674,6
16,ycup,156,24,2,0.139,0.674,6
16,ycup,156,25,2,0.129,0.37,6
16,ycup,156,26,2,0.183,0.336,6
16,ycup,156,27,2,0.129,0.316,6
16,ycup,156,28,2,0.149,0.356,6
16,ycup,156,29,2,0.169,0.316,6
16,ycup,156,30,2,0.129,0.292,6
16,ycup,156,31,2,0.185,0.533,6
16,ycup,156,32,2,0.205,0.499,6
16,ycup,156,33,2,0.205,0.465,6
16,ycup,156,34,2,0.205,0.519,6
16,ycup,156,35,2,0.239,0.529,6
16,ycup,156,36,2,0.171,0.499,6
16,ycup,156,37,2,0.294,0.155,6
16,ycup,156,38,2,0.239,0.111,6
16,ycup,156,39,2,0.26,0.155,6
16,ycup,156,40,2,0.28,0.135,6
16,ycup,156,41,2,0.225,0.155,6
16,ycup,156,42,2,0.274,0.195,6
16,ycup,156,43,2,0.26,0.805,6
16,ycup,156,44,2,0.239,0.873,6
16,ycup,156,45,2,0.26,0.859,6
16,ycup,156,46,2,0.225,0.839,6
16,ycup,156,47,2,0.294,0.869,6
16,ycup,156,48,2,0.239,0.795,6
16,ycup,156,49,2,0.346,0.656,6
16,ycup,156,50,2,0.366,0.581,6
16,ycup,156,51,2,0.352,0.596,6
16,ycup,156,52,2,0.332,0.636,6
16,ycup,156,53,2,0.312,0.571,6
16,ycup,156,54,2,0.312,0.596,6
16,ycup,156,55,2,0.3,0.394,6
16,ycup,156,56,2,0.334,0.414,6
16,ycup,156,57,2,0.368,0.394,6
16,ycup,156,58,2,0.314,0.374,6
16,ycup,156,59,2,0.334,0.394,6
16,ycup,156,60,2,0.354,0.374,6
16,ycup,156,61,2,0.398,0.718,6
16,ycup,156,62,2,0.419,0.783,6
16,ycup,156,63,2,0.439,0.742,6
16,ycup,156,64,2,0.453,0.793,6
16,ycup,156,65,2,0.398,0.742,6
16,ycup,156,66,2,0.433,0.803,6
16,ycup,156,67,2,0.421,0.054,6
16,ycup,156,68,2,0.421,0.034,6
16,ycup,156,69,2,0.421,0,6
16,ycup,156,70,2,0.386,0.034,6
16,ycup,156,71,2,0.455,0,6
16,ycup,156,72,2,0.435,0.074,6
16,ycup,156,73,2,0.4,0.195,6
16,ycup,156,74,2,0.421,0.26,6
16,ycup,156,75,2,0.455,0.239,6
16,ycup,156,76,2,0.4,0.219,6
16,ycup,156,77,2,0.441,0.219,6
16,ycup,156,78,2,0.455,0.27,6
16,ycup,156,79,2,0.455,0.95,6
16,ycup,156,80,2,0.455,0.915,6
16,ycup,156,81,2,0.421,0.95,6
16,ycup,156,82,2,0.455,0.98,6
16,ycup,156,83,2,0.4,0.984,6
16,ycup,156,84,2,0.435,0.99,6
16,ycup,156,85,2,0.491,0.374,6
16,ycup,156,86,2,0.539,0.414,6
16,ycup,156,87,2,0.505,0.354,6
16,ycup,156,88,2,0.559,0.34,6
16,ycup,156,89,2,0.545,0.354,6
16,ycup,156,90,2,0.559,0.404,6
16,ycup,156,91,2,0.511,0.59,6
16,ycup,156,92,2,0.511,0.614,6
16,ycup,156,93,2,0.531,0.654,6
16,ycup,156,94,2,0.551,0.614,6
16,ycup,156,95,2,0.545,0.674,6
16,ycup,156,96,2,0.497,0.634,6
16,ycup,156,97,2,0.616,0.145,6
16,ycup,156,98,2,0.581,0.111,6
16,ycup,156,99,2,0.547,0.145,6
16,ycup,156,100,2,0.596,0.185,6
16,ycup,156,101,2,0.561,0.179,6
16,ycup,156,102,2,0.581,0.145,6
16,ycup,156,103,2,0.581,0.869,6
16,ycup,156,104,2,0.596,0.889,6
16,ycup,156,105,2,0.581,0.849,6
16,ycup,156,106,2,0.616,0.815,6
16,ycup,156,107,2,0.616,0.849,6
16,ycup,156,108,2,0.561,0.805,6
16,ycup,156,109,2,0.658,0.529,6
16,ycup,156,110,2,0.59,0.499,6
16,ycup,156,111,2,0.624,0.465,6
16,ycup,156,112,2,0.624,0.519,6
16,ycup,156,113,2,0.644,0.479,6
16,ycup,156,114,2,0.604,0.533,6
16,ycup,156,115,2,0.722,0.714,6
16,ycup,156,116,2,0.757,0.724,6
16,ycup,156,117,2,0.757,0.66,6
16,ycup,156,118,2,0.702,0.65,6
16,ycup,156,119,2,0.702,0.674,6
16,ycup,156,120,2,0.688,0.694,6
16,ycup,156,121,2,0.757,0.266,6
16,ycup,156,122,2,0.702,0.256,6
16,ycup,156,123,2,0.722,0.32,6
16,ycup,156,124,2,0.702,0.28,6
16,ycup,156,125,2,0.722,0.3,6
16,ycup,156,126,2,0.742,0.28,6
16,ycup,156,127,2,0.791,0.089,6
16,ycup,156,128,2,0.751,0.143,6
16,ycup,156,129,2,0.805,0.074,6
16,ycup,156,130,2,0.785,0.149,6
16,ycup,156,131,2,0.805,0.139,6
16,ycup,156,132,2,0.805,0.109,6
16,ycup,156,133,2,0.736,0.885,6
16,ycup,156,134,2,0.805,0.851,6
16,ycup,156,135,2,0.771,0.905,6
16,ycup,156,136,2,0.771,0.851,6
16,ycup,156,137,2,0.751,0.92,6
16,ycup,156,138,2,0.751,0.865,6
16,ycup,156,139,2,0.807,0.497,6
16,ycup,156,140,2,0.827,0.477,6
16,ycup,156,141,2,0.841,0.463,6
16,ycup,156,142,2,0.841,0.497,6
16,ycup,156,143,2,0.841,0.527,6
16,ycup,156,144,2,0.821,0.537,6
16,ycup,157,1,2,0.034,0.463,7
16,ycup,157,2,2,0.068,0.527,7
16,ycup,157,3,2,0.048,0.537,7
16,ycup,157,4,2,0,0.497,7
16,ycup,157,5,2,0.014,0.477,7
16,ycup,157,6,2,0.068,0.463,7
16,ycup,157,7,2,0.099,0.145,7
16,ycup,157,8,2,0.044,0.149,7
16,ycup,157,9,2,0.078,0.155,7
16,ycup,157,10,2,0.064,0.115,7
16,ycup,157,11,2,0.064,0.135,7
16,ycup,157,12,2,0.03,0.115,7
16,ycup,157,13,2,0.044,0.913,7
16,ycup,157,14,2,0.099,0.879,7
16,ycup,157,15,2,0.03,0.879,7
16,ycup,157,16,2,0.044,0.835,7
16,ycup,157,17,2,0.099,0.845,7
16,ycup,157,18,2,0.085,0.859,7
16,ycup,157,19,2,0.153,0.66,7
16,ycup,157,20,2,0.099,0.674,7
16,ycup,157,21,2,0.133,0.734,7
16,ycup,157,22,2,0.119,0.694,7
16,ycup,157,23,2,0.153,0.724,7
16,ycup,157,24,2,0.139,0.674,7
16,ycup,157,25,2,0.129,0.37,7
16,ycup,157,26,2,0.183,0.336,7
16,ycup,157,27,2,0.129,0.316,7
16,ycup,157,28,2,0.149,0.356,7
16,ycup,157,29,2,0.169,0.316,7
16,ycup,157,30,2,0.129,0.292,7
16,ycup,157,31,2,0.185,0.533,7
16,ycup,157,32,2,0.205,0.499,7
16,ycup,157,33,2,0.205,0.465,7
16,ycup,157,34,2,0.171,0.499,7
16,ycup,157,35,2,0.239,0.529,7
16,ycup,157,36,2,0.205,0.519,7
16,ycup,157,37,2,0.225,0.155,7
16,ycup,157,38,2,0.274,0.195,7
16,ycup,157,39,2,0.28,0.135,7
16,ycup,157,40,2,0.294,0.155,7
16,ycup,157,41,2,0.26,0.155,7
16,ycup,157,42,2,0.239,0.111,7
16,ycup,157,43,2,0.26,0.805,7
16,ycup,157,44,2,0.239,0.873,7
16,ycup,157,45,2,0.26,0.859,7
16,ycup,157,46,2,0.225,0.839,7
16,ycup,157,47,2,0.294,0.869,7
16,ycup,157,48,2,0.239,0.795,7
16,ycup,157,49,2,0.346,0.656,7
16,ycup,157,50,2,0.366,0.581,7
16,ycup,157,51,2,0.352,0.596,7
16,ycup,157,52,2,0.332,0.636,7
16,ycup,157,53,2,0.312,0.571,7
16,ycup,157,54,2,0.312,0.596,7
16,ycup,157,55,2,0.3,0.394,7
16,ycup,157,56,2,0.334,0.414,7
16,ycup,157,57,2,0.368,0.394,7
16,ycup,157,58,2,0.314,0.374,7
16,ycup,157,59,2,0.334,0.394,7
16,ycup,157,60,2,0.354,0.374,7
16,ycup,157,61,2,0.398,0.718,7
16,ycup,157,62,2,0.453,0.793,7
16,ycup,157,63,2,0.419,0.783,7
16,ycup,157,64,2,0.439,0.742,7
16,ycup,157,65,2,0.398,0.742,7
16,ycup,157,66,2,0.433,0.803,7
16,ycup,157,67,2,0.421,0,7
16,ycup,157,68,2,0.421,0.034,7
16,ycup,157,69,2,0.386,0.034,7
16,ycup,157,70,2,0.421,0.054,7
16,ycup,157,71,2,0.455,0,7
16,ycup,157,72,2,0.435,0.074,7
16,ycup,157,73,2,0.4,0.195,7
16,ycup,157,74,2,0.421,0.26,7
16,ycup,157,75,2,0.455,0.239,7
16,ycup,157,76,2,0.4,0.219,7
16,ycup,157,77,2,0.441,0.219,7
16,ycup,157,78,2,0.455,0.27,7
16,ycup,157,79,2,0.421,0.95,7
16,ycup,157,80,2,0.4,0.984,7
16,ycup,157,81,2,0.455,0.98,7
16,ycup,157,82,2,0.435,0.99,7
16,ycup,157,83,2,0.455,0.95,7
16,ycup,157,84,2,0.455,0.915,7
16,ycup,157,85,2,0.491,0.374,7
16,ycup,157,86,2,0.539,0.414,7
16,ycup,157,87,2,0.505,0.354,7
16,ycup,157,88,2,0.559,0.34,7
16,ycup,157,89,2,0.545,0.354,7
16,ycup,157,90,2,0.559,0.404,7
16,ycup,157,91,2,0.531,0.654,7
16,ycup,157,92,2,0.511,0.614,7
16,ycup,157,93,2,0.497,0.634,7
16,ycup,157,94,2,0.551,0.614,7
16,ycup,157,95,2,0.545,0.674,7
16,ycup,157,96,2,0.511,0.59,7
16,ycup,157,97,2,0.596,0.185,7
16,ycup,157,98,2,0.581,0.145,7
16,ycup,157,99,2,0.581,0.111,7
16,ycup,157,100,2,0.616,0.145,7
16,ycup,157,101,2,0.561,0.179,7
16,ycup,157,102,2,0.547,0.145,7
16,ycup,157,103,2,0.616,0.815,7
16,ycup,157,104,2,0.596,0.889,7
16,ycup,157,105,2,0.581,0.869,7
16,ycup,157,106,2,0.616,0.849,7
16,ycup,157,107,2,0.581,0.849,7
16,ycup,157,108,2,0.561,0.805,7
16,ycup,157,109,2,0.624,0.465,7
16,ycup,157,110,2,0.624,0.519,7
16,ycup,157,111,2,0.59,0.499,7
16,ycup,157,112,2,0.604,0.533,7
16,ycup,157,113,2,0.644,0.479,7
16,ycup,157,114,2,0.658,0.529,7
16,ycup,157,115,2,0.688,0.694,7
16,ycup,157,116,2,0.702,0.674,7
16,ycup,157,117,2,0.757,0.66,7
16,ycup,157,118,2,0.702,0.65,7
16,ycup,157,119,2,0.757,0.724,7
16,ycup,157,120,2,0.722,0.714,7
16,ycup,157,121,2,0.757,0.266,7
16,ycup,157,122,2,0.702,0.256,7
16,ycup,157,123,2,0.722,0.32,7
16,ycup,157,124,2,0.702,0.28,7
16,ycup,157,125,2,0.722,0.3,7
16,ycup,157,126,2,0.742,0.28,7
16,ycup,157,127,2,0.791,0.089,7
16,ycup,157,128,2,0.751,0.143,7
16,ycup,157,129,2,0.805,0.074,7
16,ycup,157,130,2,0.785,0.149,7
16,ycup,157,131,2,0.805,0.139,7
16,ycup,157,132,2,0.805,0.109,7
16,ycup,157,133,2,0.751,0.865,7
16,ycup,157,134,2,0.805,0.851,7
16,ycup,157,135,2,0.771,0.905,7
16,ycup,157,136,2,0.771,0.851,7
16,ycup,157,137,2,0.751,0.92,7
16,ycup,157,138,2,0.736,0.885,7
16,ycup,157,139,2,0.841,0.463,7
16,ycup,157,140,2,0.827,0.477,7
16,ycup,157,141,2,0.807,0.497,7
16,ycup,157,142,2,0.841,0.497,7
16,ycup,157,143,2,0.841,0.527,7
16,ycup,157,144,2,0.821,0.537,7
16,ycup,158,1,2,0.034,0.463,8
16,ycup,158,2,2,0.068,0.463,8
16,ycup,158,3,2,0.068,0.527,8
16,ycup,158,4,2,0,0.497,8
16,ycup,158,5,2,0.048,0.537,8
16,ycup,158,6,2,0.014,0.477,8
16,ycup,158,7,2,0.064,0.115,8
16,ycup,158,8,2,0.064,0.135,8
16,ycup,158,9,2,0.078,0.155,8
16,ycup,158,10,2,0.099,0.145,8
16,ycup,158,11,2,0.044,0.149,8
16,ycup,158,12,2,0.03,0.115,8
16,ycup,158,13,2,0.099,0.879,8
16,ycup,158,14,2,0.044,0.913,8
16,ycup,158,15,2,0.099,0.845,8
16,ycup,158,16,2,0.044,0.835,8
16,ycup,158,17,2,0.03,0.879,8
16,ycup,158,18,2,0.085,0.859,8
16,ycup,158,19,2,0.099,0.674,8
16,ycup,158,20,2,0.153,0.724,8
16,ycup,158,21,2,0.139,0.674,8
16,ycup,158,22,2,0.153,0.66,8
16,ycup,158,23,2,0.133,0.734,8
16,ycup,158,24,2,0.119,0.694,8
16,ycup,158,25,2,0.149,0.356,8
16,ycup,158,26,2,0.183,0.336,8
16,ycup,158,27,2,0.129,0.316,8
16,ycup,158,28,2,0.129,0.37,8
16,ycup,158,29,2,0.129,0.292,8
16,ycup,158,30,2,0.169,0.316,8
16,ycup,158,31,2,0.171,0.499,8
16,ycup,158,32,2,0.185,0.533,8
16,ycup,158,33,2,0.205,0.465,8
16,ycup,158,34,2,0.205,0.519,8
16,ycup,158,35,2,0.205,0.499,8
16,ycup,158,36,2,0.239,0.529,8
16,ycup,158,37,2,0.225,0.155,8
16,ycup,158,38,2,0.28,0.135,8
16,ycup,158,39,2,0.274,0.195,8
16,ycup,158,40,2,0.294,0.155,8
16,ycup,158,41,2,0.239,0.111,8
16,ycup,158,42,2,0.26,0.155,8
16,ycup,158,43,2,0.225,0.839,8
16,ycup,158,44,2,0.239,0.795,8
16,ycup,158,45,2,0.239,0.873,8
16,ycup,158,46,2,0.26,0.805,8
16,ycup,158,47,2,0.26,0.859,8
16,ycup,158,48,2,0.294,0.869,8
16,ycup,158,49,2,0.312,0.596,8
16,ycup,158,50,2,0.332,0.636,8
16,ycup,158,51,2,0.352,0.596,8
16,ycup,158,52,2,0.312,0.571,8
16,ycup,158,53,2,0.366,0.581,8
16,ycup,158,54,2,0.346,0.656,8
16,ycup,158,55,2,0.3,0.394,8
16,ycup,158,56,2,0.334,0.414,8
16,ycup,158,57,2,0.368,0.394,8
16,ycup,158,58,2,0.314,0.374,8
16,ycup,158,59,2,0.334,0.394,8
16,ycup,158,60,2,0.354,0.374,8
16,ycup,158,61,2,0.439,0.742,8
16,ycup,158,62,2,0.433,0.803,8
16,ycup,158,63,2,0.398,0.718,8
16,ycup,158,64,2,0.398,0.742,8
16,ycup,158,65,2,0.419,0.783,8
16,ycup,158,66,2,0.453,0.793,8
16,ycup,158,67,2,0.386,0.034,8
16,ycup,158,68,2,0.421,0,8
16,ycup,158,69,2,0.421,0.034,8
16,ycup,158,70,2,0.435,0.074,8
16,ycup,158,71,2,0.421,0.054,8
16,ycup,158,72,2,0.455,0,8
16,ycup,158,73,2,0.455,0.27,8
16,ycup,158,74,2,0.4,0.219,8
16,ycup,158,75,2,0.421,0.26,8
16,ycup,158,76,2,0.441,0.219,8
16,ycup,158,77,2,0.4,0.195,8
16,ycup,158,78,2,0.455,0.239,8
16,ycup,158,79,2,0.421,0.95,8
16,ycup,158,80,2,0.455,0.95,8
16,ycup,158,81,2,0.455,0.98,8
16,ycup,158,82,2,0.435,0.99,8
16,ycup,158,83,2,0.4,0.984,8
16,ycup,158,84,2,0.455,0.915,8
16,ycup,158,85,2,0.559,0.404,8
16,ycup,158,86,2,0.491,0.374,8
16,ycup,158,87,2,0.545,0.354,8
16,ycup,158,88,2,0.559,0.34,8
16,ycup,158,89,2,0.505,0.354,8
16,ycup,158,90,2,0.539,0.414,8
16,ycup,158,91,2,0.545,0.674,8
16,ycup,158,92,2,0.511,0.614,8
16,ycup,158,93,2,0.551,0.614,8
16,ycup,158,94,2,0.497,0.634,8
16,ycup,158,95,2,0.511,0.59,8
16,ycup,158,96,2,0.531,0.654,8
16,ycup,158,97,2,0.616,0.145,8
16,ycup,158,98,2,0.596,0.185,8
16,ycup,158,99,2,0.547,0.145,8
16,ycup,158,100,2,0.581,0.145,8
16,ycup,158,101,2,0.561,0.179,8
16,ycup,158,102,2,0.581,0.111,8
16,ycup,158,103,2,0.581,0.849,8
16,ycup,158,104,2,0.616,0.815,8
16,ycup,158,105,2,0.616,0.849,8
16,ycup,158,106,2,0.581,0.869,8
16,ycup,158,107,2,0.596,0.889,8
16,ycup,158,108,2,0.561,0.805,8
16,ycup,158,109,2,0.624,0.465,8
16,ycup,158,110,2,0.624,0.519,8
16,ycup,158,111,2,0.59,0.499,8
16,ycup,158,112,2,0.604,0.533,8
16,ycup,158,113,2,0.644,0.479,8
16,ycup,158,114,2,0.658,0.529,8
16,ycup,158,115,2,0.688,0.694,8
16,ycup,158,116,2,0.702,0.674,8
16,ycup,158,117,2,0.757,0.724,8
16,ycup,158,118,2,0.722,0.714,8
16,ycup,158,119,2,0.702,0.65,8
16,ycup,158,120,2,0.757,0.66,8
16,ycup,158,121,2,0.702,0.28,8
16,ycup,158,122,2,0.742,0.28,8
16,ycup,158,123,2,0.722,0.32,8
16,ycup,158,124,2,0.722,0.3,8
16,ycup,158,125,2,0.702,0.256,8
16,ycup,158,126,2,0.757,0.266,8
16,ycup,158,127,2,0.785,0.149,8
16,ycup,158,128,2,0.805,0.109,8
16,ycup,158,129,2,0.805,0.139,8
16,ycup,158,130,2,0.791,0.089,8
16,ycup,158,131,2,0.751,0.143,8
16,ycup,158,132,2,0.805,0.074,8
16,ycup,158,133,2,0.771,0.905,8
16,ycup,158,134,2,0.805,0.851,8
16,ycup,158,135,2,0.771,0.851,8
16,ycup,158,136,2,0.751,0.865,8
16,ycup,158,137,2,0.751,0.92,8
16,ycup,158,138,2,0.736,0.885,8
16,ycup,158,139,2,0.841,0.463,8
16,ycup,158,140,2,0.827,0.477,8
16,ycup,158,141,2,0.807,0.497,8
16,ycup,158,142,2,0.841,0.497,8
16,ycup,158,143,2,0.841,0.527,8
16,ycup,158,144,2,0.821,0.537,8
16,ycup,159,1,2,0.034,0.463,9
16,ycup,159,2,2,0.068,0.463,9
16,ycup,159,3,2,0.068,0.527,9
16,ycup,159,4,2,0,0.497,9
16,ycup,159,5,2,0.048,0.537,9
16,ycup,159,6,2,0.014,0.477,9
16,ycup,159,7,2,0.078,0.155,9
16,ycup,159,8,2,0.064,0.115,9
16,ycup,159,9,2,0.03,0.115,9
16,ycup,159,10,2,0.044,0.149,9
16,ycup,159,11,2,0.099,0.145,9
16,ycup,159,12,2,0.064,0.135,9
16,ycup,159,13,2,0.085,0.859,9
16,ycup,159,14,2,0.099,0.879,9
16,ycup,159,15,2,0.044,0.913,9
16,ycup,159,16,2,0.03,0.879,9
16,ycup,159,17,2,0.044,0.835,9
16,ycup,159,18,2,0.099,0.845,9
16,ycup,159,19,2,0.099,0.674,9
16,ycup,159,20,2,0.153,0.724,9
16,ycup,159,21,2,0.139,0.674,9
16,ycup,159,22,2,0.153,0.66,9
16,ycup,159,23,2,0.133,0.734,9
16,ycup,159,24,2,0.119,0.694,9
16,ycup,159,25,2,0.149,0.356,9
16,ycup,159,26,2,0.129,0.37,9
16,ycup,159,27,2,0.129,0.292,9
16,ycup,159,28,2,0.183,0.336,9
16,ycup,159,29,2,0.129,0.316,9
16,ycup,159,30,2,0.169,0.316,9
16,ycup,159,31,2,0.171,0.499,9
16,ycup,159,32,2,0.205,0.465,9
16,ycup,159,33,2,0.205,0.499,9
16,ycup,159,34,2,0.185,0.533,9
16,ycup,159,35,2,0.205,0.519,9
16,ycup,159,36,2,0.239,0.529,9
16,ycup,159,37,2,0.26,0.155,9
16,ycup,159,38,2,0.225,0.155,9
16,ycup,159,39,2,0.274,0.195,9
16,ycup,159,40,2,0.294,0.155,9
16,ycup,159,41,2,0.239,0.111,9
16,ycup,159,42,2,0.28,0.135,9
16,ycup,159,43,2,0.239,0.873,9
16,ycup,159,44,2,0.294,0.869,9
16,ycup,159,45,2,0.26,0.805,9
16,ycup,159,46,2,0.225,0.839,9
16,ycup,159,47,2,0.26,0.859,9
16,ycup,159,48,2,0.239,0.795,9
16,ycup,159,49,2,0.346,0.656,9
16,ycup,159,50,2,0.366,0.581,9
16,ycup,159,51,2,0.352,0.596,9
16,ycup,159,52,2,0.332,0.636,9
16,ycup,159,53,2,0.312,0.571,9
16,ycup,159,54,2,0.312,0.596,9
16,ycup,159,55,2,0.3,0.394,9
16,ycup,159,56,2,0.334,0.414,9
16,ycup,159,57,2,0.368,0.394,9
16,ycup,159,58,2,0.314,0.374,9
16,ycup,159,59,2,0.334,0.394,9
16,ycup,159,60,2,0.354,0.374,9
16,ycup,159,61,2,0.433,0.803,9
16,ycup,159,62,2,0.398,0.718,9
16,ycup,159,63,2,0.398,0.742,9
16,ycup,159,64,2,0.439,0.742,9
16,ycup,159,65,2,0.419,0.783,9
16,ycup,159,66,2,0.453,0.793,9
16,ycup,159,67,2,0.421,0.034,9
16,ycup,159,68,2,0.421,0,9
16,ycup,159,69,2,0.386,0.034,9
16,ycup,159,70,2,0.435,0.074,9
16,ycup,159,71,2,0.455,0,9
16,ycup,159,72,2,0.421,0.054,9
16,ycup,159,73,2,0.455,0.27,9
16,ycup,159,74,2,0.4,0.219,9
16,ycup,159,75,2,0.421,0.26,9
16,ycup,159,76,2,0.441,0.219,9
16,ycup,159,77,2,0.455,0.239,9
16,ycup,159,78,2,0.4,0.195,9
16,ycup,159,79,2,0.4,0.984,9
16,ycup,159,80,2,0.455,0.915,9
16,ycup,159,81,2,0.435,0.99,9
16,ycup,159,82,2,0.455,0.98,9
16,ycup,159,83,2,0.421,0.95,9
16,ycup,159,84,2,0.455,0.95,9
16,ycup,159,85,2,0.491,0.374,9
16,ycup,159,86,2,0.539,0.414,9
16,ycup,159,87,2,0.505,0.354,9
16,ycup,159,88,2,0.559,0.34,9
16,ycup,159,89,2,0.545,0.354,9
16,ycup,159,90,2,0.559,0.404,9
16,ycup,159,91,2,0.511,0.59,9
16,ycup,159,92,2,0.511,0.614,9
16,ycup,159,93,2,0.531,0.654,9
16,ycup,159,94,2,0.551,0.614,9
16,ycup,159,95,2,0.545,0.674,9
16,ycup,159,96,2,0.497,0.634,9
16,ycup,159,97,2,0.616,0.145,9
16,ycup,159,98,2,0.547,0.145,9
16,ycup,159,99,2,0.596,0.185,9
16,ycup,159,100,2,0.581,0.145,9
16,ycup,159,101,2,0.561,0.179,9
16,ycup,159,102,2,0.581,0.111,9
16,ycup,159,103,2,0.616,0.849,9
16,ycup,159,104,2,0.581,0.849,9
16,ycup,159,105,2,0.581,0.849,9
16,ycup,159,106,2,0.596,0.889,9
16,ycup,159,107,2,0.561,0.805,9
16,ycup,159,108,2,0.616,0.815,9
16,ycup,159,109,2,0.624,0.519,9
16,ycup,159,110,2,0.59,0.499,9
16,ycup,159,111,2,0.658,0.529,9
16,ycup,159,112,2,0.644,0.479,9
16,ycup,159,113,2,0.624,0.465,9
16,ycup,159,114,2,0.604,0.533,9
16,ycup,159,115,2,0.757,0.724,9
16,ycup,159,116,2,0.722,0.714,9
16,ycup,159,117,2,0.688,0.694,9
16,ycup,159,118,2,0.702,0.674,9
16,ycup,159,119,2,0.702,0.65,9
16,ycup,159,120,2,0.757,0.66,9
16,ycup,159,121,2,0.742,0.28,9
16,ycup,159,122,2,0.702,0.28,9
16,ycup,159,123,2,0.757,0.266,9
16,ycup,159,124,2,0.722,0.32,9
16,ycup,159,125,2,0.702,0.256,9
16,ycup,159,126,2,0.722,0.3,9
16,ycup,159,127,2,0.785,0.149,9
16,ycup,159,128,2,0.805,0.109,9
16,ycup,159,129,2,0.805,0.139,9
16,ycup,159,130,2,0.791,0.089,9
16,ycup,159,131,2,0.751,0.143,9
16,ycup,159,132,2,0.805,0.074,9
16,ycup,159,133,2,0.751,0.865,9
16,ycup,159,134,2,0.771,0.851,9
16,ycup,159,135,2,0.805,0.851,9
16,ycup,159,136,2,0.771,0.905,9
16,ycup,159,137,2,0.751,0.92,9
16,ycup,159,138,2,0.736,0.885,9
16,ycup,159,139,2,0.841,0.497,9
16,ycup,159,140,2,0.841,0.527,9
16,ycup,159,141,2,0.821,0.537,9
16,ycup,159,142,2,0.807,0.497,9
16,ycup,159,143,2,0.827,0.477,9
16,ycup,159,144,2,0.841,0.463,9
16,ycup,160,1,2,0,0.497,10
16,ycup,160,2,2,0.014,0.477,10
16,ycup,160,3,2,0.048,0.537,10
16,ycup,160,4,2,0.034,0.463,10
16,ycup,160,5,2,0.068,0.527,10
16,ycup,160,6,2,0.068,0.463,10
16,ycup,160,7,2,0.03,0.115,10
16,ycup,160,8,2,0.064,0.135,10
16,ycup,160,9,2,0.099,0.145,10
16,ycup,160,10,2,0.064,0.115,10
16,ycup,160,11,2,0.044,0.149,10
16,ycup,160,12,2,0.078,0.155,10
16,ycup,160,13,2,0.044,0.913,10
16,ycup,160,14,2,0.03,0.879,10
16,ycup,160,15,2,0.099,0.845,10
16,ycup,160,16,2,0.044,0.835,10
16,ycup,160,17,2,0.085,0.859,10
16,ycup,160,18,2,0.099,0.879,10
16,ycup,160,19,2,0.153,0.66,10
16,ycup,160,20,2,0.133,0.734,10
16,ycup,160,21,2,0.153,0.724,10
16,ycup,160,22,2,0.099,0.674,10
16,ycup,160,23,2,0.119,0.694,10
16,ycup,160,24,2,0.139,0.674,10
16,ycup,160,25,2,0.129,0.316,10
16,ycup,160,26,2,0.169,0.316,10
16,ycup,160,27,2,0.183,0.336,10
16,ycup,160,28,2,0.129,0.37,10
16,ycup,160,29,2,0.149,0.356,10
16,ycup,160,30,2,0.129,0.292,10
16,ycup,160,31,2,0.171,0.499,10
16,ycup,160,32,2,0.205,0.519,10
16,ycup,160,33,2,0.205,0.465,10
16,ycup,160,34,2,0.185,0.533,10
16,ycup,160,35,2,0.239,0.529,10
16,ycup,160,36,2,0.205,0.499,10
16,ycup,160,37,2,0.274,0.195,10
16,ycup,160,38,2,0.239,0.111,10
16,ycup,160,39,2,0.294,0.155,10
16,ycup,160,40,2,0.26,0.155,10
16,ycup,160,41,2,0.28,0.135,10
16,ycup,160,42,2,0.225,0.155,10
16,ycup,160,43,2,0.26,0.859,10
16,ycup,160,44,2,0.239,0.795,10
16,ycup,160,45,2,0.26,0.805,10
16,ycup,160,46,2,0.239,0.873,10
16,ycup,160,47,2,0.225,0.839,10
16,ycup,160,48,2,0.294,0.869,10
16,ycup,160,49,2,0.346,0.656,10
16,ycup,160,50,2,0.366,0.581,10
16,ycup,160,51,2,0.352,0.596,10
16,ycup,160,52,2,0.332,0.636,10
16,ycup,160,53,2,0.312,0.571,10
16,ycup,160,54,2,0.312,0.596,10
16,ycup,160,55,2,0.354,0.374,10
16,ycup,160,56,2,0.314,0.374,10
16,ycup,160,57,2,0.334,0.414,10
16,ycup,160,58,2,0.334,0.394,10
16,ycup,160,59,2,0.368,0.394,10
16,ycup,160,60,2,0.3,0.394,10
16,ycup,160,61,2,0.439,0.742,10
16,ycup,160,62,2,0.398,0.718,10
16,ycup,160,63,2,0.419,0.783,10
16,ycup,160,64,2,0.433,0.803,10
16,ycup,160,65,2,0.453,0.793,10
16,ycup,160,66,2,0.398,0.742,10
16,ycup,160,67,2,0.421,0.054,10
16,ycup,160,68,2,0.421,0.034,10
16,ycup,160,69,2,0.421,0,10
16,ycup,160,70,2,0.386,0.034,10
16,ycup,160,71,2,0.455,0,10
16,ycup,160,72,2,0.435,0.074,10
16,ycup,160,73,2,0.455,0.27,10
16,ycup,160,74,2,0.421,0.26,10
16,ycup,160,75,2,0.455,0.239,10
16,ycup,160,76,2,0.441,0.219,10
16,ycup,160,77,2,0.4,0.219,10
16,ycup,160,78,2,0.4,0.195,10
16,ycup,160,79,2,0.4,0.984,10
16,ycup,160,80,2,0.455,0.915,10
16,ycup,160,81,2,0.435,0.99,10
16,ycup,160,82,2,0.455,0.98,10
16,ycup,160,83,2,0.421,0.95,10
16,ycup,160,84,2,0.455,0.95,10
16,ycup,160,85,2,0.559,0.404,10
16,ycup,160,86,2,0.539,0.414,10
16,ycup,160,87,2,0.545,0.354,10
16,ycup,160,88,2,0.559,0.34,10
16,ycup,160,89,2,0.505,0.354,10
16,ycup,160,90,2,0.491,0.374,10
16,ycup,160,91,2,0.531,0.654,10
16,ycup,160,92,2,0.511,0.614,10
16,ycup,160,93,2,0.511,0.59,10
16,ycup,160,94,2,0.551,0.614,10
16,ycup,160,95,2,0.545,0.674,10
16,ycup,160,96,2,0.497,0.634,10
16,ycup,160,97,2,0.616,0.145,10
16,ycup,160,98,2,0.581,0.111,10
16,ycup,160,99,2,0.547,0.145,10
16,ycup,160,100,2,0.596,0.185,10
16,ycup,160,101,2,0.561,0.179,10
16,ycup,160,102,2,0.581,0.145,10
16,ycup,160,103,2,0.581,0.849,10
16,ycup,160,104,2,0.616,0.815,10
16,ycup,160,105,2,0.616,0.849,10
16,ycup,160,106,2,0.596,0.889,10
16,ycup,160,107,2,0.581,0.869,10
16,ycup,160,108,2,0.581,0.849,10
16,ycup,160,109,2,0.658,0.529,10
16,ycup,160,110,2,0.624,0.519,10
16,ycup,160,111,2,0.604,0.533,10
16,ycup,160,112,2,0.59,0.499,10
16,ycup,160,113,2,0.644,0.479,10
16,ycup,160,114,2,0.624,0.465,10
16,ycup,160,115,2,0.757,0.724,10
16,ycup,160,116,2,0.722,0.714,10
16,ycup,160,117,2,0.688,0.694,10
16,ycup,160,118,2,0.702,0.674,10
16,ycup,160,119,2,0.702,0.65,10
16,ycup,160,120,2,0.757,0.66,10
16,ycup,160,121,2,0.757,0.266,10
16,ycup,160,122,2,0.702,0.256,10
16,ycup,160,123,2,0.722,0.32,10
16,ycup,160,124,2,0.702,0.28,10
16,ycup,160,125,2,0.722,0.3,10
16,ycup,160,126,2,0.742,0.28,10
16,ycup,160,127,2,0.791,0.089,10
16,ycup,160,128,2,0.751,0.143,10
16,ycup,160,129,2,0.805,0.074,10
16,ycup,160,130,2,0.785,0.149,10
16,ycup,160,131,2,0.805,0.139,10
16,ycup,160,132,2,0.805,0.109,10
16,ycup,160,133,2,0.751,0.92,10
16,ycup,160,134,2,0.751,0.865,10
16,ycup,160,135,2,0.771,0.851,10
16,ycup,160,136,2,0.805,0.851,10
16,ycup,160,137,2,0.736,0.885,10
16,ycup,160,138,2,0.771,0.905,10
16,ycup,160,139,2,0.841,0.497,10
16,ycup,160,140,2,0.841,0.527,10
16,ycup,160,141,2,0.821,0.537,10
16,ycup,160,142,2,0.807,0.497,10
16,ycup,160,143,2,0.827,0.477,10
16,ycup,160,144,2,0.841,0.463,10
17,ycup,161,1,2,0.054,0.527,1
17,ycup,161,2,2,0.034,0.537,1
17,ycup,161,3,2,0,0.477,1
17,ycup,161,4,2,0.04,0.477,1
17,ycup,161,5,2,0,0.453,1
17,ycup,161,6,2,0.02,0.463,1
17,ycup,161,7,2,0.05,0.08,1
17,ycup,161,8,2,0.03,0.07,1
17,ycup,161,9,2,0.085,0.115,1
17,ycup,161,10,2,0.05,0.135,1
17,ycup,161,11,2,0.016,0.115,1
17,ycup,161,12,2,0.03,0.149,1
17,ycup,161,13,2,0.03,0.913,1
17,ycup,161,14,2,0.07,0.859,1
17,ycup,161,15,2,0.05,0.845,1
17,ycup,161,16,2,0.03,0.835,1
17,ycup,161,17,2,0.03,0.859,1
17,ycup,161,18,2,0.085,0.845,1
17,ycup,161,19,2,0.105,0.694,1
17,ycup,161,20,2,0.119,0.734,1
17,ycup,161,21,2,0.139,0.66,1
17,ycup,161,22,2,0.105,0.714,1
17,ycup,161,23,2,0.105,0.66,1
17,ycup,161,24,2,0.139,0.694,1
17,ycup,161,25,2,0.135,0.356,1
17,ycup,161,26,2,0.149,0.376,1
17,ycup,161,27,2,0.135,0.336,1
17,ycup,161,28,2,0.101,0.336,1
17,ycup,161,29,2,0.115,0.37,1
17,ycup,161,30,2,0.155,0.316,1
17,ycup,161,31,2,0.225,0.465,1
17,ycup,161,32,2,0.191,0.465,1
17,ycup,161,33,2,0.171,0.479,1
17,ycup,161,34,2,0.157,0.499,1
17,ycup,161,35,2,0.225,0.529,1
17,ycup,161,36,2,0.171,0.455,1
17,ycup,161,37,2,0.245,0.155,1
17,ycup,161,38,2,0.225,0.189,1
17,ycup,161,39,2,0.245,0.175,1
17,ycup,161,40,2,0.28,0.121,1
17,ycup,161,41,2,0.211,0.155,1
17,ycup,161,42,2,0.245,0.121,1
17,ycup,161,43,2,0.211,0.839,1
17,ycup,161,44,2,0.28,0.839,1
17,ycup,161,45,2,0.266,0.819,1
17,ycup,161,46,2,0.26,0.879,1
17,ycup,161,47,2,0.225,0.873,1
17,ycup,161,48,2,0.245,0.805,1
17,ycup,161,49,2,0.298,0.65,1
17,ycup,161,50,2,0.352,0.581,1
17,ycup,161,51,2,0.352,0.646,1
17,ycup,161,52,2,0.284,0.616,1
17,ycup,161,53,2,0.318,0.616,1
17,ycup,161,54,2,0.318,0.636,1
17,ycup,161,55,2,0.334,0.435,1
17,ycup,161,56,2,0.354,0.425,1
17,ycup,161,57,2,0.3,0.429,1
17,ycup,161,58,2,0.32,0.36,1
17,ycup,161,59,2,0.32,0.394,1
17,ycup,161,60,2,0.286,0.394,1
17,ycup,161,61,2,0.404,0.728,1
17,ycup,161,62,2,0.419,0.803,1
17,ycup,161,63,2,0.439,0.728,1
17,ycup,161,64,2,0.404,0.763,1
17,ycup,161,65,2,0.384,0.742,1
17,ycup,161,66,2,0.384,0.797,1
17,ycup,161,67,2,0.441,0,1
17,ycup,161,68,2,0.386,0.014,1
17,ycup,161,69,2,0.406,0,1
17,ycup,161,70,2,0.421,0.074,1
17,ycup,161,71,2,0.406,0.034,1
17,ycup,161,72,2,0.441,0.064,1
17,ycup,161,73,2,0.427,0.219,1
17,ycup,161,74,2,0.441,0.205,1
17,ycup,161,75,2,0.372,0.239,1
17,ycup,161,76,2,0.406,0.26,1
17,ycup,161,77,2,0.441,0.27,1
17,ycup,161,78,2,0.386,0.274,1
17,ycup,161,79,2,0.441,0.98,1
17,ycup,161,80,2,0.372,0.95,1
17,ycup,161,81,2,0.406,0.915,1
17,ycup,161,82,2,0.386,0.93,1
17,ycup,161,83,2,0.406,0.95,1
17,ycup,161,84,2,0.441,0.915,1
17,ycup,161,85,2,0.491,0.408,1
17,ycup,161,86,2,0.525,0.414,1
17,ycup,161,87,2,0.545,0.34,1
17,ycup,161,88,2,0.545,0.374,1
17,ycup,161,89,2,0.491,0.33,1
17,ycup,161,90,2,0.511,0.374,1
17,ycup,161,91,2,0.517,0.654,1
17,ycup,161,92,2,0.497,0.668,1
17,ycup,161,93,2,0.517,0.6,1
17,ycup,161,94,2,0.551,0.664,1
17,ycup,161,95,2,0.531,0.674,1
17,ycup,161,96,2,0.497,0.59,1
17,ycup,161,97,2,0.547,0.101,1
17,ycup,161,98,2,0.588,0.125,1
17,ycup,161,99,2,0.602,0.145,1
17,ycup,161,100,2,0.567,0.145,1
17,ycup,161,101,2,0.567,0.111,1
17,ycup,161,102,2,0.567,0.165,1
17,ycup,161,103,2,0.533,0.849,1
17,ycup,161,104,2,0.602,0.879,1
17,ycup,161,105,2,0.602,0.815,1
17,ycup,161,106,2,0.588,0.829,1
17,ycup,161,107,2,0.547,0.829,1
17,ycup,161,108,2,0.547,0.805,1
17,ycup,161,109,2,0.575,0.499,1
17,ycup,161,110,2,0.59,0.479,1
17,ycup,161,111,2,0.644,0.499,1
17,ycup,161,112,2,0.59,0.455,1
17,ycup,161,113,2,0.61,0.499,1
17,ycup,161,114,2,0.624,0.539,1
17,ycup,161,115,2,0.742,0.724,1
17,ycup,161,116,2,0.728,0.674,1
17,ycup,161,117,2,0.688,0.674,1
17,ycup,161,118,2,0.708,0.694,1
17,ycup,161,119,2,0.688,0.728,1
17,ycup,161,120,2,0.688,0.65,1
17,ycup,161,121,2,0.688,0.256,1
17,ycup,161,122,2,0.722,0.34,1
17,ycup,161,123,2,0.708,0.32,1
17,ycup,161,124,2,0.742,0.266,1
17,ycup,161,125,2,0.742,0.3,1
17,ycup,161,126,2,0.742,0.33,1
17,ycup,161,127,2,0.771,0.149,1
17,ycup,161,128,2,0.736,0.064,1
17,ycup,161,129,2,0.777,0.089,1
17,ycup,161,130,2,0.757,0.074,1
17,ycup,161,131,2,0.736,0.143,1
17,ycup,161,132,2,0.791,0.074,1
17,ycup,161,133,2,0.777,0.865,1
17,ycup,161,134,2,0.736,0.92,1
17,ycup,161,135,2,0.757,0.851,1
17,ycup,161,136,2,0.736,0.841,1
17,ycup,161,137,2,0.722,0.885,1
17,ycup,161,138,2,0.791,0.885,1
17,ycup,161,139,2,0.773,0.531,1
17,ycup,161,140,2,0.827,0.497,1
17,ycup,161,141,2,0.773,0.477,1
17,ycup,161,142,2,0.827,0.463,1
17,ycup,161,143,2,0.813,0.477,1
17,ycup,161,144,2,0.807,0.537,1
17,ycup,162,1,2,0,0.453,2
17,ycup,162,2,2,0.034,0.537,2
17,ycup,162,3,2,0,0.477,2
17,ycup,162,4,2,0.02,0.463,2
17,ycup,162,5,2,0.04,0.477,2
17,ycup,162,6,2,0.054,0.527,2
17,ycup,162,7,2,0.03,0.07,2
17,ycup,162,8,2,0.085,0.115,2
17,ycup,162,9,2,0.05,0.08,2
17,ycup,162,10,2,0.05,0.135,2
17,ycup,162,11,2,0.016,0.115,2
17,ycup,162,12,2,0.03,0.149,2
17,ycup,162,13,2,0.03,0.835,2
17,ycup,162,14,2,0.07,0.859,2
17,ycup,162,15,2,0.05,0.845,2
17,ycup,162,16,2,0.03,0.913,2
17,ycup,162,17,2,0.085,0.845,2
17,ycup,162,18,2,0.03,0.859,2
17,ycup,162,19,2,0.139,0.66,2
17,ycup,162,20,2,0.119,0.734,2
17,ycup,162,21,2,0.105,0.714,2
17,ycup,162,22,2,0.105,0.694,2
17,ycup,162,23,2,0.105,0.66,2
17,ycup,162,24,2,0.139,0.694,2
17,ycup,162,25,2,0.101,0.336,2
17,ycup,162,26,2,0.149,0.376,2
17,ycup,162,27,2,0.135,0.356,2
17,ycup,162,28,2,0.115,0.37,2
17,ycup,162,29,2,0.135,0.336,2
17,ycup,162,30,2,0.155,0.316,2
17,ycup,162,31,2,0.225,0.465,2
17,ycup,162,32,2,0.171,0.479,2
17,ycup,162,33,2,0.171,0.455,2
17,ycup,162,34,2,0.225,0.529,2
17,ycup,162,35,2,0.191,0.465,2
17,ycup,162,36,2,0.157,0.499,2
17,ycup,162,37,2,0.225,0.189,2
17,ycup,162,38,2,0.28,0.121,2
17,ycup,162,39,2,0.211,0.155,2
17,ycup,162,40,2,0.245,0.121,2
17,ycup,162,41,2,0.245,0.155,2
17,ycup,162,42,2,0.245,0.175,2
17,ycup,162,43,2,0.211,0.839,2
17,ycup,162,44,2,0.245,0.805,2
17,ycup,162,45,2,0.26,0.879,2
17,ycup,162,46,2,0.225,0.873,2
17,ycup,162,47,2,0.266,0.819,2
17,ycup,162,48,2,0.28,0.839,2
17,ycup,162,49,2,0.298,0.65,2
17,ycup,162,50,2,0.352,0.581,2
17,ycup,162,51,2,0.352,0.646,2
17,ycup,162,52,2,0.284,0.616,2
17,ycup,162,53,2,0.318,0.616,2
17,ycup,162,54,2,0.318,0.636,2
17,ycup,162,55,2,0.32,0.36,2
17,ycup,162,56,2,0.3,0.429,2
17,ycup,162,57,2,0.32,0.394,2
17,ycup,162,58,2,0.334,0.435,2
17,ycup,162,59,2,0.354,0.425,2
17,ycup,162,60,2,0.286,0.394,2
17,ycup,162,61,2,0.404,0.728,2
17,ycup,162,62,2,0.439,0.728,2
17,ycup,162,63,2,0.419,0.803,2
17,ycup,162,64,2,0.404,0.763,2
17,ycup,162,65,2,0.384,0.742,2
17,ycup,162,66,2,0.384,0.797,2
17,ycup,162,67,2,0.386,0.014,2
17,ycup,162,68,2,0.421,0.074,2
17,ycup,162,69,2,0.406,0.034,2
17,ycup,162,70,2,0.441,0.064,2
17,ycup,162,71,2,0.441,0,2
17,ycup,162,72,2,0.406,0,2
17,ycup,162,73,2,0.441,0.27,2
17,ycup,162,74,2,0.441,0.205,2
17,ycup,162,75,2,0.427,0.219,2
17,ycup,162,76,2,0.406,0.26,2
17,ycup,162,77,2,0.386,0.274,2
17,ycup,162,78,2,0.372,0.239,2
17,ycup,162,79,2,0.406,0.915,2
17,ycup,162,80,2,0.441,0.915,2
17,ycup,162,81,2,0.441,0.98,2
17,ycup,162,82,2,0.386,0.93,2
17,ycup,162,83,2,0.372,0.95,2
17,ycup,162,84,2,0.406,0.95,2
17,ycup,162,85,2,0.491,0.33,2
17,ycup,162,86,2,0.525,0.414,2
17,ycup,162,87,2,0.545,0.34,2
17,ycup,162,88,2,0.545,0.374,2
17,ycup,162,89,2,0.491,0.408,2
17,ycup,162,90,2,0.511,0.374,2
17,ycup,162,91,2,0.517,0.654,2
17,ycup,162,92,2,0.497,0.668,2
17,ycup,162,93,2,0.517,0.6,2
17,ycup,162,94,2,0.517,0.634,2
17,ycup,162,95,2,0.531,0.674,2
17,ycup,162,96,2,0.497,0.59,2
17,ycup,162,97,2,0.567,0.145,2
17,ycup,162,98,2,0.547,0.101,2
17,ycup,162,99,2,0.567,0.111,2
17,ycup,162,100,2,0.567,0.165,2
17,ycup,162,101,2,0.602,0.145,2
17,ycup,162,102,2,0.588,0.125,2
17,ycup,162,103,2,0.533,0.849,2
17,ycup,162,104,2,0.547,0.805,2
17,ycup,162,105,2,0.588,0.829,2
17,ycup,162,106,2,0.602,0.815,2
17,ycup,162,107,2,0.602,0.879,2
17,ycup,162,108,2,0.547,0.829,2
17,ycup,162,109,2,0.59,0.479,2
17,ycup,162,110,2,0.59,0.455,2
17,ycup,162,111,2,0.644,0.499,2
17,ycup,162,112,2,0.61,0.499,2
17,ycup,162,113,2,0.575,0.499,2
17,ycup,162,114,2,0.624,0.539,2
17,ycup,162,115,2,0.742,0.724,2
17,ycup,162,116,2,0.728,0.674,2
17,ycup,162,117,2,0.688,0.674,2
17,ycup,162,118,2,0.708,0.694,2
17,ycup,162,119,2,0.688,0.728,2
17,ycup,162,120,2,0.688,0.65,2
17,ycup,162,121,2,0.742,0.3,2
17,ycup,162,122,2,0.742,0.33,2
17,ycup,162,123,2,0.742,0.266,2
17,ycup,162,124,2,0.722,0.34,2
17,ycup,162,125,2,0.688,0.256,2
17,ycup,162,126,2,0.708,0.32,2
17,ycup,162,127,2,0.757,0.074,2
17,ycup,162,128,2,0.791,0.074,2
17,ycup,162,129,2,0.736,0.143,2
17,ycup,162,130,2,0.777,0.089,2
17,ycup,162,131,2,0.771,0.149,2
17,ycup,162,132,2,0.736,0.064,2
17,ycup,162,133,2,0.736,0.841,2
17,ycup,162,134,2,0.736,0.92,2
17,ycup,162,135,2,0.722,0.885,2
17,ycup,162,136,2,0.791,0.885,2
17,ycup,162,137,2,0.777,0.865,2
17,ycup,162,138,2,0.757,0.851,2
17,ycup,162,139,2,0.773,0.531,2
17,ycup,162,140,2,0.827,0.497,2
17,ycup,162,141,2,0.773,0.477,2
17,ycup,162,142,2,0.827,0.463,2
17,ycup,162,143,2,0.813,0.477,2
17,ycup,162,144,2,0.807,0.537,2
17,ycup,163,1,2,0.02,0.463,3
17,ycup,163,2,2,0,0.453,3
17,ycup,163,3,2,0,0.477,3
17,ycup,163,4,2,0.04,0.477,3
17,ycup,163,5,2,0.034,0.537,3
17,ycup,163,6,2,0.054,0.527,3
17,ycup,163,7,2,0.03,0.07,3
17,ycup,163,8,2,0.085,0.115,3
17,ycup,163,9,2,0.05,0.08,3
17,ycup,163,10,2,0.05,0.135,3
17,ycup,163,11,2,0.016,0.115,3
17,ycup,163,12,2,0.03,0.149,3
17,ycup,163,13,2,0.085,0.845,3
17,ycup,163,14,2,0.03,0.835,3
17,ycup,163,15,2,0.05,0.845,3
17,ycup,163,16,2,0.05,0.879,3
17,ycup,163,17,2,0.03,0.859,3
17,ycup,163,18,2,0.07,0.859,3
17,ycup,163,19,2,0.105,0.694,3
17,ycup,163,20,2,0.105,0.66,3
17,ycup,163,21,2,0.119,0.734,3
17,ycup,163,22,2,0.139,0.66,3
17,ycup,163,23,2,0.105,0.714,3
17,ycup,163,24,2,0.139,0.694,3
17,ycup,163,25,2,0.135,0.356,3
17,ycup,163,26,2,0.135,0.336,3
17,ycup,163,27,2,0.135,0.336,3
17,ycup,163,28,2,0.155,0.316,3
17,ycup,163,29,2,0.115,0.37,3
17,ycup,163,30,2,0.149,0.376,3
17,ycup,163,31,2,0.157,0.499,3
17,ycup,163,32,2,0.225,0.529,3
17,ycup,163,33,2,0.171,0.455,3
17,ycup,163,34,2,0.225,0.465,3
17,ycup,163,35,2,0.191,0.465,3
17,ycup,163,36,2,0.171,0.479,3
17,ycup,163,37,2,0.245,0.175,3
17,ycup,163,38,2,0.211,0.155,3
17,ycup,163,39,2,0.245,0.155,3
17,ycup,163,40,2,0.245,0.121,3
17,ycup,163,41,2,0.225,0.189,3
17,ycup,163,42,2,0.28,0.121,3
17,ycup,163,43,2,0.28,0.839,3
17,ycup,163,44,2,0.225,0.873,3
17,ycup,163,45,2,0.26,0.879,3
17,ycup,163,46,2,0.245,0.805,3
17,ycup,163,47,2,0.211,0.839,3
17,ycup,163,48,2,0.266,0.819,3
17,ycup,163,49,2,0.298,0.65,3
17,ycup,163,50,2,0.352,0.581,3
17,ycup,163,51,2,0.352,0.646,3
17,ycup,163,52,2,0.284,0.616,3
17,ycup,163,53,2,0.318,0.616,3
17,ycup,163,54,2,0.318,0.636,3
17,ycup,163,55,2,0.334,0.435,3
17,ycup,163,56,2,0.354,0.425,3
17,ycup,163,57,2,0.3,0.429,3
17,ycup,163,58,2,0.32,0.36,3
17,ycup,163,59,2,0.32,0.394,3
17,ycup,163,60,2,0.286,0.394,3
17,ycup,163,61,2,0.404,0.728,3
17,ycup,163,62,2,0.439,0.728,3
17,ycup,163,63,2,0.419,0.803,3
17,ycup,163,64,2,0.404,0.763,3
17,ycup,163,65,2,0.384,0.742,3
17,ycup,163,66,2,0.384,0.797,3
17,ycup,163,67,2,0.386,0.014,3
17,ycup,163,68,2,0.421,0.074,3
17,ycup,163,69,2,0.406,0.034,3
17,ycup,163,70,2,0.441,0.064,3
17,ycup,163,71,2,0.441,0,3
17,ycup,163,72,2,0.406,0,3
17,ycup,163,73,2,0.427,0.219,3
17,ycup,163,74,2,0.441,0.205,3
17,ycup,163,75,2,0.406,0.26,3
17,ycup,163,76,2,0.372,0.239,3
17,ycup,163,77,2,0.441,0.27,3
17,ycup,163,78,2,0.386,0.274,3
17,ycup,163,79,2,0.386,0.93,3
17,ycup,163,80,2,0.441,0.98,3
17,ycup,163,81,2,0.406,0.95,3
17,ycup,163,82,2,0.372,0.95,3
17,ycup,163,83,2,0.406,0.915,3
17,ycup,163,84,2,0.441,0.915,3
17,ycup,163,85,2,0.491,0.33,3
17,ycup,163,86,2,0.525,0.414,3
17,ycup,163,87,2,0.545,0.34,3
17,ycup,163,88,2,0.545,0.374,3
17,ycup,163,89,2,0.491,0.408,3
17,ycup,163,90,2,0.511,0.374,3
17,ycup,163,91,2,0.517,0.654,3
17,ycup,163,92,2,0.497,0.668,3
17,ycup,163,93,2,0.517,0.6,3
17,ycup,163,94,2,0.551,0.664,3
17,ycup,163,95,2,0.531,0.674,3
17,ycup,163,96,2,0.497,0.59,3
17,ycup,163,97,2,0.567,0.145,3
17,ycup,163,98,2,0.547,0.101,3
17,ycup,163,99,2,0.567,0.111,3
17,ycup,163,100,2,0.567,0.165,3
17,ycup,163,101,2,0.602,0.145,3
17,ycup,163,102,2,0.588,0.125,3
17,ycup,163,103,2,0.533,0.849,3
17,ycup,163,104,2,0.588,0.829,3
17,ycup,163,105,2,0.547,0.829,3
17,ycup,163,106,2,0.547,0.805,3
17,ycup,163,107,2,0.602,0.879,3
17,ycup,163,108,2,0.602,0.815,3
17,ycup,163,109,2,0.59,0.455,3
17,ycup,163,110,2,0.59,0.479,3
17,ycup,163,111,2,0.644,0.499,3
17,ycup,163,112,2,0.575,0.499,3
17,ycup,163,113,2,0.61,0.499,3
17,ycup,163,114,2,0.624,0.539,3
17,ycup,163,115,2,0.742,0.724,3
17,ycup,163,116,2,0.728,0.674,3
17,ycup,163,117,2,0.688,0.674,3
17,ycup,163,118,2,0.708,0.694,3
17,ycup,163,119,2,0.688,0.728,3
17,ycup,163,120,2,0.688,0.65,3
17,ycup,163,121,2,0.742,0.3,3
17,ycup,163,122,2,0.742,0.33,3
17,ycup,163,123,2,0.742,0.266,3
17,ycup,163,124,2,0.722,0.34,3
17,ycup,163,125,2,0.688,0.256,3
17,ycup,163,126,2,0.708,0.32,3
17,ycup,163,127,2,0.757,0.074,3
17,ycup,163,128,2,0.791,0.074,3
17,ycup,163,129,2,0.736,0.143,3
17,ycup,163,130,2,0.777,0.089,3
17,ycup,163,131,2,0.771,0.149,3
17,ycup,163,132,2,0.736,0.064,3
17,ycup,163,133,2,0.777,0.865,3
17,ycup,163,134,2,0.736,0.92,3
17,ycup,163,135,2,0.757,0.851,3
17,ycup,163,136,2,0.736,0.841,3
17,ycup,163,137,2,0.722,0.885,3
17,ycup,163,138,2,0.791,0.885,3
17,ycup,163,139,2,0.773,0.531,3
17,ycup,163,140,2,0.827,0.497,3
17,ycup,163,141,2,0.773,0.477,3
17,ycup,163,142,2,0.827,0.463,3
17,ycup,163,143,2,0.813,0.477,3
17,ycup,163,144,2,0.807,0.537,3
17,ycup,164,1,2,0.02,0.463,4
17,ycup,164,2,2,0,0.453,4
17,ycup,164,3,2,0,0.477,4
17,ycup,164,4,2,0.04,0.477,4
17,ycup,164,5,2,0.034,0.537,4
17,ycup,164,6,2,0.054,0.527,4
17,ycup,164,7,2,0.03,0.07,4
17,ycup,164,8,2,0.085,0.115,4
17,ycup,164,9,2,0.05,0.08,4
17,ycup,164,10,2,0.05,0.135,4
17,ycup,164,11,2,0.016,0.115,4
17,ycup,164,12,2,0.03,0.149,4
17,ycup,164,13,2,0.05,0.845,4
17,ycup,164,14,2,0.07,0.859,4
17,ycup,164,15,2,0.03,0.913,4
17,ycup,164,16,2,0.03,0.835,4
17,ycup,164,17,2,0.085,0.845,4
17,ycup,164,18,2,0.03,0.859,4
17,ycup,164,19,2,0.105,0.694,4
17,ycup,164,20,2,0.119,0.734,4
17,ycup,164,21,2,0.139,0.66,4
17,ycup,164,22,2,0.105,0.714,4
17,ycup,164,23,2,0.105,0.66,4
17,ycup,164,24,2,0.139,0.694,4
17,ycup,164,25,2,0.149,0.376,4
17,ycup,164,26,2,0.135,0.336,4
17,ycup,164,27,2,0.135,0.356,4
17,ycup,164,28,2,0.115,0.37,4
17,ycup,164,29,2,0.101,0.336,4
17,ycup,164,30,2,0.155,0.316,4
17,ycup,164,31,2,0.171,0.479,4
17,ycup,164,32,2,0.171,0.455,4
17,ycup,164,33,2,0.191,0.465,4
17,ycup,164,34,2,0.225,0.529,4
17,ycup,164,35,2,0.157,0.499,4
17,ycup,164,36,2,0.225,0.465,4
17,ycup,164,37,2,0.225,0.189,4
17,ycup,164,38,2,0.28,0.121,4
17,ycup,164,39,2,0.211,0.155,4
17,ycup,164,40,2,0.245,0.121,4
17,ycup,164,41,2,0.245,0.155,4
17,ycup,164,42,2,0.245,0.175,4
17,ycup,164,43,2,0.28,0.839,4
17,ycup,164,44,2,0.225,0.873,4
17,ycup,164,45,2,0.26,0.879,4
17,ycup,164,46,2,0.245,0.805,4
17,ycup,164,47,2,0.211,0.839,4
17,ycup,164,48,2,0.266,0.819,4
17,ycup,164,49,2,0.318,0.636,4
17,ycup,164,50,2,0.352,0.581,4
17,ycup,164,51,2,0.352,0.646,4
17,ycup,164,52,2,0.284,0.616,4
17,ycup,164,53,2,0.318,0.616,4
17,ycup,164,54,2,0.298,0.65,4
17,ycup,164,55,2,0.32,0.394,4
17,ycup,164,56,2,0.286,0.394,4
17,ycup,164,57,2,0.32,0.36,4
17,ycup,164,58,2,0.334,0.435,4
17,ycup,164,59,2,0.354,0.425,4
17,ycup,164,60,2,0.3,0.429,4
17,ycup,164,61,2,0.404,0.728,4
17,ycup,164,62,2,0.439,0.728,4
17,ycup,164,63,2,0.419,0.803,4
17,ycup,164,64,2,0.404,0.763,4
17,ycup,164,65,2,0.384,0.742,4
17,ycup,164,66,2,0.384,0.797,4
17,ycup,164,67,2,0.386,0.014,4
17,ycup,164,68,2,0.421,0.074,4
17,ycup,164,69,2,0.406,0.034,4
17,ycup,164,70,2,0.441,0.064,4
17,ycup,164,71,2,0.441,0,4
17,ycup,164,72,2,0.406,0,4
17,ycup,164,73,2,0.427,0.219,4
17,ycup,164,74,2,0.441,0.205,4
17,ycup,164,75,2,0.406,0.26,4
17,ycup,164,76,2,0.441,0.27,4
17,ycup,164,77,2,0.372,0.239,4
17,ycup,164,78,2,0.386,0.274,4
17,ycup,164,79,2,0.441,0.915,4
17,ycup,164,80,2,0.441,0.98,4
17,ycup,164,81,2,0.406,0.915,4
17,ycup,164,82,2,0.372,0.95,4
17,ycup,164,83,2,0.386,0.93,4
17,ycup,164,84,2,0.406,0.95,4
17,ycup,164,85,2,0.525,0.414,4
17,ycup,164,86,2,0.491,0.33,4
17,ycup,164,87,2,0.545,0.34,4
17,ycup,164,88,2,0.511,0.374,4
17,ycup,164,89,2,0.545,0.374,4
17,ycup,164,90,2,0.491,0.408,4
17,ycup,164,91,2,0.551,0.664,4
17,ycup,164,92,2,0.497,0.668,4
17,ycup,164,93,2,0.517,0.6,4
17,ycup,164,94,2,0.517,0.654,4
17,ycup,164,95,2,0.531,0.674,4
17,ycup,164,96,2,0.497,0.59,4
17,ycup,164,97,2,0.567,0.145,4
17,ycup,164,98,2,0.547,0.101,4
17,ycup,164,99,2,0.567,0.111,4
17,ycup,164,100,2,0.567,0.165,4
17,ycup,164,101,2,0.602,0.145,4
17,ycup,164,102,2,0.588,0.125,4
17,ycup,164,103,2,0.533,0.849,4
17,ycup,164,104,2,0.547,0.805,4
17,ycup,164,105,2,0.588,0.829,4
17,ycup,164,106,2,0.547,0.829,4
17,ycup,164,107,2,0.602,0.879,4
17,ycup,164,108,2,0.602,0.815,4
17,ycup,164,109,2,0.624,0.539,4
17,ycup,164,110,2,0.59,0.455,4
17,ycup,164,111,2,0.61,0.499,4
17,ycup,164,112,2,0.59,0.479,4
17,ycup,164,113,2,0.575,0.499,4
17,ycup,164,114,2,0.644,0.499,4
17,ycup,164,115,2,0.742,0.724,4
17,ycup,164,116,2,0.688,0.674,4
17,ycup,164,117,2,0.708,0.694,4
17,ycup,164,118,2,0.688,0.728,4
17,ycup,164,119,2,0.728,0.674,4
17,ycup,164,120,2,0.688,0.65,4
17,ycup,164,121,2,0.742,0.3,4
17,ycup,164,122,2,0.742,0.33,4
17,ycup,164,123,2,0.742,0.266,4
17,ycup,164,124,2,0.722,0.34,4
17,ycup,164,125,2,0.688,0.256,4
17,ycup,164,126,2,0.708,0.32,4
17,ycup,164,127,2,0.757,0.074,4
17,ycup,164,128,2,0.791,0.074,4
17,ycup,164,129,2,0.736,0.143,4
17,ycup,164,130,2,0.777,0.089,4
17,ycup,164,131,2,0.771,0.149,4
17,ycup,164,132,2,0.736,0.064,4
17,ycup,164,133,2,0.736,0.841,4
17,ycup,164,134,2,0.736,0.92,4
17,ycup,164,135,2,0.722,0.885,4
17,ycup,164,136,2,0.791,0.885,4
17,ycup,164,137,2,0.777,0.865,4
17,ycup,164,138,2,0.757,0.851,4
17,ycup,164,139,2,0.773,0.531,4
17,ycup,164,140,2,0.827,0.497,4
17,ycup,164,141,2,0.773,0.477,4
17,ycup,164,142,2,0.827,0.463,4
17,ycup,164,143,2,0.813,0.477,4
17,ycup,164,144,2,0.807,0.537,4
17,ycup,165,1,2,0.02,0.497,5
17,ycup,165,2,2,0,0.453,5
17,ycup,165,3,2,0,0.477,5
17,ycup,165,4,2,0.034,0.537,5
17,ycup,165,5,2,0.04,0.477,5
17,ycup,165,6,2,0.054,0.527,5
17,ycup,165,7,2,0.03,0.07,5
17,ycup,165,8,2,0.085,0.115,5
17,ycup,165,9,2,0.05,0.08,5
17,ycup,165,10,2,0.05,0.135,5
17,ycup,165,11,2,0.016,0.115,5
17,ycup,165,12,2,0.03,0.149,5
17,ycup,165,13,2,0.085,0.845,5
17,ycup,165,14,2,0.03,0.835,5
17,ycup,165,15,2,0.03,0.913,5
17,ycup,165,16,2,0.03,0.859,5
17,ycup,165,17,2,0.07,0.859,5
17,ycup,165,18,2,0.05,0.845,5
17,ycup,165,19,2,0.105,0.694,5
17,ycup,165,20,2,0.119,0.734,5
17,ycup,165,21,2,0.139,0.66,5
17,ycup,165,22,2,0.105,0.714,5
17,ycup,165,23,2,0.105,0.66,5
17,ycup,165,24,2,0.139,0.694,5
17,ycup,165,25,2,0.155,0.316,5
17,ycup,165,26,2,0.135,0.336,5
17,ycup,165,27,2,0.115,0.37,5
17,ycup,165,28,2,0.135,0.356,5
17,ycup,165,29,2,0.101,0.336,5
17,ycup,165,30,2,0.149,0.376,5
17,ycup,165,31,2,0.225,0.529,5
17,ycup,165,32,2,0.171,0.455,5
17,ycup,165,33,2,0.171,0.479,5
17,ycup,165,34,2,0.191,0.465,5
17,ycup,165,35,2,0.225,0.465,5
17,ycup,165,36,2,0.157,0.499,5
17,ycup,165,37,2,0.245,0.155,5
17,ycup,165,38,2,0.225,0.189,5
17,ycup,165,39,2,0.245,0.175,5
17,ycup,165,40,2,0.28,0.121,5
17,ycup,165,41,2,0.211,0.155,5
17,ycup,165,42,2,0.245,0.121,5
17,ycup,165,43,2,0.28,0.839,5
17,ycup,165,44,2,0.26,0.879,5
17,ycup,165,45,2,0.225,0.873,5
17,ycup,165,46,2,0.266,0.819,5
17,ycup,165,47,2,0.211,0.839,5
17,ycup,165,48,2,0.245,0.805,5
17,ycup,165,49,2,0.298,0.65,5
17,ycup,165,50,2,0.352,0.581,5
17,ycup,165,51,2,0.352,0.646,5
17,ycup,165,52,2,0.284,0.616,5
17,ycup,165,53,2,0.318,0.616,5
17,ycup,165,54,2,0.318,0.636,5
17,ycup,165,55,2,0.334,0.435,5
17,ycup,165,56,2,0.354,0.425,5
17,ycup,165,57,2,0.3,0.429,5
17,ycup,165,58,2,0.32,0.36,5
17,ycup,165,59,2,0.32,0.394,5
17,ycup,165,60,2,0.286,0.394,5
17,ycup,165,61,2,0.404,0.728,5
17,ycup,165,62,2,0.439,0.728,5
17,ycup,165,63,2,0.419,0.803,5
17,ycup,165,64,2,0.404,0.763,5
17,ycup,165,65,2,0.384,0.742,5
17,ycup,165,66,2,0.384,0.797,5
17,ycup,165,67,2,0.386,0.014,5
17,ycup,165,68,2,0.421,0.074,5
17,ycup,165,69,2,0.406,0.034,5
17,ycup,165,70,2,0.441,0.064,5
17,ycup,165,71,2,0.441,0,5
17,ycup,165,72,2,0.406,0,5
17,ycup,165,73,2,0.406,0.26,5
17,ycup,165,74,2,0.441,0.205,5
17,ycup,165,75,2,0.386,0.274,5
17,ycup,165,76,2,0.441,0.27,5
17,ycup,165,77,2,0.427,0.219,5
17,ycup,165,78,2,0.372,0.239,5
17,ycup,165,79,2,0.386,0.93,5
17,ycup,165,80,2,0.441,0.98,5
17,ycup,165,81,2,0.406,0.95,5
17,ycup,165,82,2,0.372,0.95,5
17,ycup,165,83,2,0.406,0.915,5
17,ycup,165,84,2,0.441,0.915,5
17,ycup,165,85,2,0.525,0.414,5
17,ycup,165,86,2,0.545,0.374,5
17,ycup,165,87,2,0.545,0.34,5
17,ycup,165,88,2,0.511,0.374,5
17,ycup,165,89,2,0.491,0.33,5
17,ycup,165,90,2,0.491,0.408,5
17,ycup,165,91,2,0.517,0.654,5
17,ycup,165,92,2,0.497,0.668,5
17,ycup,165,93,2,0.517,0.6,5
17,ycup,165,94,2,0.551,0.664,5
17,ycup,165,95,2,0.531,0.674,5
17,ycup,165,96,2,0.497,0.59,5
17,ycup,165,97,2,0.567,0.145,5
17,ycup,165,98,2,0.547,0.101,5
17,ycup,165,99,2,0.567,0.111,5
17,ycup,165,100,2,0.567,0.165,5
17,ycup,165,101,2,0.602,0.145,5
17,ycup,165,102,2,0.588,0.125,5
17,ycup,165,103,2,0.533,0.849,5
17,ycup,165,104,2,0.547,0.805,5
17,ycup,165,105,2,0.588,0.829,5
17,ycup,165,106,2,0.547,0.829,5
17,ycup,165,107,2,0.602,0.879,5
17,ycup,165,108,2,0.602,0.815,5
17,ycup,165,109,2,0.624,0.539,5
17,ycup,165,110,2,0.644,0.499,5
17,ycup,165,111,2,0.61,0.499,5
17,ycup,165,112,2,0.59,0.479,5
17,ycup,165,113,2,0.59,0.455,5
17,ycup,165,114,2,0.575,0.499,5
17,ycup,165,115,2,0.742,0.724,5
17,ycup,165,116,2,0.708,0.694,5
17,ycup,165,117,2,0.688,0.728,5
17,ycup,165,118,2,0.688,0.674,5
17,ycup,165,119,2,0.728,0.674,5
17,ycup,165,120,2,0.688,0.65,5
17,ycup,165,121,2,0.742,0.266,5
17,ycup,165,122,2,0.742,0.33,5
17,ycup,165,123,2,0.722,0.34,5
17,ycup,165,124,2,0.688,0.256,5
17,ycup,165,125,2,0.742,0.3,5
17,ycup,165,126,2,0.708,0.32,5
17,ycup,165,127,2,0.757,0.074,5
17,ycup,165,128,2,0.791,0.074,5
17,ycup,165,129,2,0.736,0.143,5
17,ycup,165,130,2,0.777,0.089,5
17,ycup,165,131,2,0.771,0.149,5
17,ycup,165,132,2,0.736,0.064,5
17,ycup,165,133,2,0.757,0.851,5
17,ycup,165,134,2,0.736,0.92,5
17,ycup,165,135,2,0.722,0.885,5
17,ycup,165,136,2,0.791,0.885,5
17,ycup,165,137,2,0.777,0.865,5
17,ycup,165,138,2,0.736,0.841,5
17,ycup,165,139,2,0.773,0.531,5
17,ycup,165,140,2,0.773,0.477,5
17,ycup,165,141,2,0.807,0.537,5
17,ycup,165,142,2,0.827,0.463,5
17,ycup,165,143,2,0.813,0.477,5
17,ycup,165,144,2,0.827,0.497,5
17,ycup,166,1,2,0.02,0.463,6
17,ycup,166,2,2,0,0.477,6
17,ycup,166,3,2,0.04,0.477,6
17,ycup,166,4,2,0.034,0.537,6
17,ycup,166,5,2,0,0.453,6
17,ycup,166,6,2,0.054,0.527,6
17,ycup,166,7,2,0.03,0.07,6
17,ycup,166,8,2,0.085,0.115,6
17,ycup,166,9,2,0.05,0.08,6
17,ycup,166,10,2,0.05,0.135,6
17,ycup,166,11,2,0.016,0.115,6
17,ycup,166,12,2,0.03,0.149,6
17,ycup,166,13,2,0.085,0.845,6
17,ycup,166,14,2,0.07,0.859,6
17,ycup,166,15,2,0.05,0.845,6
17,ycup,166,16,2,0.03,0.835,6
17,ycup,166,17,2,0.03,0.859,6
17,ycup,166,18,2,0.03,0.913,6
17,ycup,166,19,2,0.139,0.66,6
17,ycup,166,20,2,0.105,0.66,6
17,ycup,166,21,2,0.105,0.694,6
17,ycup,166,22,2,0.105,0.714,6
17,ycup,166,23,2,0.105,0.694,6
17,ycup,166,24,2,0.139,0.694,6
17,ycup,166,25,2,0.155,0.316,6
17,ycup,166,26,2,0.115,0.37,6
17,ycup,166,27,2,0.101,0.336,6
17,ycup,166,28,2,0.135,0.356,6
17,ycup,166,29,2,0.135,0.336,6
17,ycup,166,30,2,0.149,0.376,6
17,ycup,166,31,2,0.225,0.529,6
17,ycup,166,32,2,0.157,0.499,6
17,ycup,166,33,2,0.191,0.465,6
17,ycup,166,34,2,0.171,0.479,6
17,ycup,166,35,2,0.171,0.455,6
17,ycup,166,36,2,0.225,0.465,6
17,ycup,166,37,2,0.225,0.189,6
17,ycup,166,38,2,0.28,0.121,6
17,ycup,166,39,2,0.211,0.155,6
17,ycup,166,40,2,0.245,0.121,6
17,ycup,166,41,2,0.245,0.155,6
17,ycup,166,42,2,0.245,0.175,6
17,ycup,166,43,2,0.28,0.839,6
17,ycup,166,44,2,0.225,0.873,6
17,ycup,166,45,2,0.26,0.879,6
17,ycup,166,46,2,0.245,0.805,6
17,ycup,166,47,2,0.211,0.839,6
17,ycup,166,48,2,0.266,0.819,6
17,ycup,166,49,2,0.298,0.65,6
17,ycup,166,50,2,0.284,0.616,6
17,ycup,166,51,2,0.352,0.646,6
17,ycup,166,52,2,0.352,0.581,6
17,ycup,166,53,2,0.318,0.616,6
17,ycup,166,54,2,0.318,0.636,6
17,ycup,166,55,2,0.32,0.36,6
17,ycup,166,56,2,0.3,0.429,6
17,ycup,166,57,2,0.32,0.394,6
17,ycup,166,58,2,0.334,0.435,6
17,ycup,166,59,2,0.354,0.425,6
17,ycup,166,60,2,0.286,0.394,6
17,ycup,166,61,2,0.404,0.728,6
17,ycup,166,62,2,0.419,0.803,6
17,ycup,166,63,2,0.439,0.728,6
17,ycup,166,64,2,0.404,0.763,6
17,ycup,166,65,2,0.384,0.742,6
17,ycup,166,66,2,0.384,0.797,6
17,ycup,166,67,2,0.386,0.014,6
17,ycup,166,68,2,0.421,0.074,6
17,ycup,166,69,2,0.406,0.034,6
17,ycup,166,70,2,0.441,0.064,6
17,ycup,166,71,2,0.441,0,6
17,ycup,166,72,2,0.406,0,6
17,ycup,166,73,2,0.406,0.26,6
17,ycup,166,74,2,0.441,0.205,6
17,ycup,166,75,2,0.386,0.274,6
17,ycup,166,76,2,0.441,0.27,6
17,ycup,166,77,2,0.427,0.219,6
17,ycup,166,78,2,0.372,0.239,6
17,ycup,166,79,2,0.406,0.95,6
17,ycup,166,80,2,0.441,0.98,6
17,ycup,166,81,2,0.386,0.93,6
17,ycup,166,82,2,0.372,0.95,6
17,ycup,166,83,2,0.406,0.915,6
17,ycup,166,84,2,0.441,0.915,6
17,ycup,166,85,2,0.491,0.33,6
17,ycup,166,86,2,0.491,0.408,6
17,ycup,166,87,2,0.525,0.414,6
17,ycup,166,88,2,0.545,0.34,6
17,ycup,166,89,2,0.511,0.374,6
17,ycup,166,90,2,0.545,0.374,6
17,ycup,166,91,2,0.517,0.654,6
17,ycup,166,92,2,0.497,0.668,6
17,ycup,166,93,2,0.517,0.6,6
17,ycup,166,94,2,0.551,0.664,6
17,ycup,166,95,2,0.531,0.674,6
17,ycup,166,96,2,0.497,0.59,6
17,ycup,166,97,2,0.567,0.145,6
17,ycup,166,98,2,0.547,0.101,6
17,ycup,166,99,2,0.567,0.111,6
17,ycup,166,100,2,0.567,0.165,6
17,ycup,166,101,2,0.602,0.145,6
17,ycup,166,102,2,0.588,0.125,6
17,ycup,166,103,2,0.533,0.849,6
17,ycup,166,104,2,0.547,0.805,6
17,ycup,166,105,2,0.547,0.829,6
17,ycup,166,106,2,0.602,0.815,6
17,ycup,166,107,2,0.602,0.879,6
17,ycup,166,108,2,0.588,0.829,6
17,ycup,166,109,2,0.624,0.539,6
17,ycup,166,110,2,0.59,0.455,6
17,ycup,166,111,2,0.61,0.499,6
17,ycup,166,112,2,0.59,0.479,6
17,ycup,166,113,2,0.575,0.499,6
17,ycup,166,114,2,0.644,0.499,6
17,ycup,166,115,2,0.728,0.674,6
17,ycup,166,116,2,0.688,0.65,6
17,ycup,166,117,2,0.688,0.674,6
17,ycup,166,118,2,0.708,0.694,6
17,ycup,166,119,2,0.742,0.724,6
17,ycup,166,120,2,0.688,0.728,6
17,ycup,166,121,2,0.722,0.34,6
17,ycup,166,122,2,0.742,0.3,6
17,ycup,166,123,2,0.688,0.256,6
17,ycup,166,124,2,0.742,0.33,6
17,ycup,166,125,2,0.708,0.32,6
17,ycup,166,126,2,0.742,0.266,6
17,ycup,166,127,2,0.771,0.149,6
17,ycup,166,128,2,0.777,0.089,6
17,ycup,166,129,2,0.736,0.064,6
17,ycup,166,130,2,0.757,0.074,6
17,ycup,166,131,2,0.736,0.143,6
17,ycup,166,132,2,0.791,0.074,6
17,ycup,166,133,2,0.736,0.841,6
17,ycup,166,134,2,0.736,0.92,6
17,ycup,166,135,2,0.722,0.885,6
17,ycup,166,136,2,0.791,0.885,6
17,ycup,166,137,2,0.777,0.865,6
17,ycup,166,138,2,0.757,0.851,6
17,ycup,166,139,2,0.773,0.531,6
17,ycup,166,140,2,0.807,0.537,6
17,ycup,166,141,2,0.773,0.477,6
17,ycup,166,142,2,0.813,0.477,6
17,ycup,166,143,2,0.827,0.463,6
17,ycup,166,144,2,0.827,0.497,6
17,ycup,167,1,2,0.054,0.527,7
17,ycup,167,2,2,0,0.477,7
17,ycup,167,3,2,0.04,0.477,7
17,ycup,167,4,2,0.034,0.537,7
17,ycup,167,5,2,0,0.453,7
17,ycup,167,6,2,0.02,0.463,7
17,ycup,167,7,2,0.03,0.07,7
17,ycup,167,8,2,0.085,0.115,7
17,ycup,167,9,2,0.05,0.08,7
17,ycup,167,10,2,0.05,0.135,7
17,ycup,167,11,2,0.016,0.115,7
17,ycup,167,12,2,0.03,0.149,7
17,ycup,167,13,2,0.03,0.835,7
17,ycup,167,14,2,0.07,0.859,7
17,ycup,167,15,2,0.05,0.845,7
17,ycup,167,16,2,0.03,0.913,7
17,ycup,167,17,2,0.085,0.845,7
17,ycup,167,18,2,0.03,0.859,7
17,ycup,167,19,2,0.139,0.66,7
17,ycup,167,20,2,0.105,0.66,7
17,ycup,167,21,2,0.119,0.734,7
17,ycup,167,22,2,0.105,0.694,7
17,ycup,167,23,2,0.105,0.714,7
17,ycup,167,24,2,0.139,0.694,7
17,ycup,167,25,2,0.155,0.316,7
17,ycup,167,26,2,0.135,0.336,7
17,ycup,167,27,2,0.115,0.37,7
17,ycup,167,28,2,0.135,0.356,7
17,ycup,167,29,2,0.101,0.336,7
17,ycup,167,30,2,0.149,0.376,7
17,ycup,167,31,2,0.225,0.465,7
17,ycup,167,32,2,0.191,0.465,7
17,ycup,167,33,2,0.225,0.529,7
17,ycup,167,34,2,0.157,0.499,7
17,ycup,167,35,2,0.171,0.455,7
17,ycup,167,36,2,0.171,0.479,7
17,ycup,167,37,2,0.245,0.175,7
17,ycup,167,38,2,0.245,0.121,7
17,ycup,167,39,2,0.225,0.189,7
17,ycup,167,40,2,0.28,0.121,7
17,ycup,167,41,2,0.211,0.155,7
17,ycup,167,42,2,0.245,0.155,7
17,ycup,167,43,2,0.28,0.839,7
17,ycup,167,44,2,0.225,0.873,7
17,ycup,167,45,2,0.26,0.879,7
17,ycup,167,46,2,0.245,0.805,7
17,ycup,167,47,2,0.211,0.839,7
17,ycup,167,48,2,0.266,0.819,7
17,ycup,167,49,2,0.298,0.65,7
17,ycup,167,50,2,0.352,0.581,7
17,ycup,167,51,2,0.352,0.646,7
17,ycup,167,52,2,0.284,0.616,7
17,ycup,167,53,2,0.318,0.616,7
17,ycup,167,54,2,0.318,0.636,7
17,ycup,167,55,2,0.32,0.36,7
17,ycup,167,56,2,0.32,0.394,7
17,ycup,167,57,2,0.354,0.425,7
17,ycup,167,58,2,0.286,0.394,7
17,ycup,167,59,2,0.3,0.429,7
17,ycup,167,60,2,0.334,0.435,7
17,ycup,167,61,2,0.404,0.728,7
17,ycup,167,62,2,0.419,0.803,7
17,ycup,167,63,2,0.439,0.728,7
17,ycup,167,64,2,0.404,0.763,7
17,ycup,167,65,2,0.384,0.742,7
17,ycup,167,66,2,0.384,0.797,7
17,ycup,167,67,2,0.386,0.014,7
17,ycup,167,68,2,0.421,0.074,7
17,ycup,167,69,2,0.406,0.034,7
17,ycup,167,70,2,0.441,0.064,7
17,ycup,167,71,2,0.441,0,7
17,ycup,167,72,2,0.406,0,7
17,ycup,167,73,2,0.427,0.219,7
17,ycup,167,74,2,0.441,0.205,7
17,ycup,167,75,2,0.406,0.26,7
17,ycup,167,76,2,0.441,0.27,7
17,ycup,167,77,2,0.372,0.239,7
17,ycup,167,78,2,0.386,0.274,7
17,ycup,167,79,2,0.406,0.95,7
17,ycup,167,80,2,0.441,0.98,7
17,ycup,167,81,2,0.406,0.915,7
17,ycup,167,82,2,0.372,0.95,7
17,ycup,167,83,2,0.386,0.93,7
17,ycup,167,84,2,0.441,0.915,7
17,ycup,167,85,2,0.491,0.33,7
17,ycup,167,86,2,0.525,0.414,7
17,ycup,167,87,2,0.545,0.34,7
17,ycup,167,88,2,0.511,0.374,7
17,ycup,167,89,2,0.491,0.408,7
17,ycup,167,90,2,0.545,0.374,7
17,ycup,167,91,2,0.517,0.654,7
17,ycup,167,92,2,0.497,0.668,7
17,ycup,167,93,2,0.517,0.6,7
17,ycup,167,94,2,0.551,0.664,7
17,ycup,167,95,2,0.531,0.674,7
17,ycup,167,96,2,0.497,0.59,7
17,ycup,167,97,2,0.567,0.145,7
17,ycup,167,98,2,0.547,0.101,7
17,ycup,167,99,2,0.567,0.111,7
17,ycup,167,100,2,0.567,0.165,7
17,ycup,167,101,2,0.602,0.145,7
17,ycup,167,102,2,0.588,0.125,7
17,ycup,167,103,2,0.533,0.849,7
17,ycup,167,104,2,0.547,0.805,7
17,ycup,167,105,2,0.547,0.829,7
17,ycup,167,106,2,0.588,0.829,7
17,ycup,167,107,2,0.602,0.815,7
17,ycup,167,108,2,0.602,0.879,7
17,ycup,167,109,2,0.624,0.539,7
17,ycup,167,110,2,0.59,0.455,7
17,ycup,167,111,2,0.61,0.499,7
17,ycup,167,112,2,0.59,0.479,7
17,ycup,167,113,2,0.575,0.499,7
17,ycup,167,114,2,0.644,0.499,7
17,ycup,167,115,2,0.728,0.674,7
17,ycup,167,116,2,0.688,0.65,7
17,ycup,167,117,2,0.708,0.694,7
17,ycup,167,118,2,0.688,0.674,7
17,ycup,167,119,2,0.742,0.724,7
17,ycup,167,120,2,0.688,0.728,7
17,ycup,167,121,2,0.722,0.34,7
17,ycup,167,122,2,0.742,0.33,7
17,ycup,167,123,2,0.688,0.256,7
17,ycup,167,124,2,0.742,0.3,7
17,ycup,167,125,2,0.708,0.32,7
17,ycup,167,126,2,0.742,0.266,7
17,ycup,167,127,2,0.791,0.074,7
17,ycup,167,128,2,0.736,0.143,7
17,ycup,167,129,2,0.777,0.089,7
17,ycup,167,130,2,0.771,0.149,7
17,ycup,167,131,2,0.757,0.074,7
17,ycup,167,132,2,0.736,0.064,7
17,ycup,167,133,2,0.736,0.841,7
17,ycup,167,134,2,0.736,0.92,7
17,ycup,167,135,2,0.722,0.885,7
17,ycup,167,136,2,0.791,0.885,7
17,ycup,167,137,2,0.777,0.865,7
17,ycup,167,138,2,0.757,0.851,7
17,ycup,167,139,2,0.773,0.531,7
17,ycup,167,140,2,0.773,0.477,7
17,ycup,167,141,2,0.807,0.537,7
17,ycup,167,142,2,0.813,0.477,7
17,ycup,167,143,2,0.827,0.463,7
17,ycup,167,144,2,0.827,0.497,7
17,ycup,168,1,2,0.02,0.463,8
17,ycup,168,2,2,0,0.477,8
17,ycup,168,3,2,0.04,0.477,8
17,ycup,168,4,2,0.034,0.537,8
17,ycup,168,5,2,0,0.453,8
17,ycup,168,6,2,0.054,0.527,8
17,ycup,168,7,2,0.03,0.07,8
17,ycup,168,8,2,0.085,0.115,8
17,ycup,168,9,2,0.05,0.08,8
17,ycup,168,10,2,0.05,0.135,8
17,ycup,168,11,2,0.016,0.115,8
17,ycup,168,12,2,0.03,0.149,8
17,ycup,168,13,2,0.03,0.913,8
17,ycup,168,14,2,0.05,0.845,8
17,ycup,168,15,2,0.07,0.859,8
17,ycup,168,16,2,0.03,0.835,8
17,ycup,168,17,2,0.03,0.859,8
17,ycup,168,18,2,0.085,0.845,8
17,ycup,168,19,2,0.105,0.694,8
17,ycup,168,20,2,0.105,0.66,8
17,ycup,168,21,2,0.139,0.66,8
17,ycup,168,22,2,0.105,0.714,8
17,ycup,168,23,2,0.119,0.734,8
17,ycup,168,24,2,0.139,0.694,8
17,ycup,168,25,2,0.135,0.336,8
17,ycup,168,26,2,0.149,0.376,8
17,ycup,168,27,2,0.135,0.356,8
17,ycup,168,28,2,0.155,0.316,8
17,ycup,168,29,2,0.115,0.37,8
17,ycup,168,30,2,0.101,0.336,8
17,ycup,168,31,2,0.171,0.455,8
17,ycup,168,32,2,0.191,0.465,8
17,ycup,168,33,2,0.171,0.479,8
17,ycup,168,34,2,0.157,0.499,8
17,ycup,168,35,2,0.225,0.529,8
17,ycup,168,36,2,0.225,0.465,8
17,ycup,168,37,2,0.245,0.155,8
17,ycup,168,38,2,0.225,0.189,8
17,ycup,168,39,2,0.245,0.175,8
17,ycup,168,40,2,0.28,0.121,8
17,ycup,168,41,2,0.211,0.155,8
17,ycup,168,42,2,0.245,0.121,8
17,ycup,168,43,2,0.211,0.839,8
17,ycup,168,44,2,0.26,0.879,8
17,ycup,168,45,2,0.225,0.873,8
17,ycup,168,46,2,0.266,0.819,8
17,ycup,168,47,2,0.28,0.839,8
17,ycup,168,48,2,0.245,0.805,8
17,ycup,168,49,2,0.298,0.65,8
17,ycup,168,50,2,0.352,0.581,8
17,ycup,168,51,2,0.352,0.646,8
17,ycup,168,52,2,0.284,0.616,8
17,ycup,168,53,2,0.318,0.616,8
17,ycup,168,54,2,0.318,0.636,8
17,ycup,168,55,2,0.32,0.36,8
17,ycup,168,56,2,0.32,0.394,8
17,ycup,168,57,2,0.3,0.429,8
17,ycup,168,58,2,0.286,0.394,8
17,ycup,168,59,2,0.354,0.425,8
17,ycup,168,60,2,0.334,0.435,8
17,ycup,168,61,2,0.404,0.728,8
17,ycup,168,62,2,0.439,0.728,8
17,ycup,168,63,2,0.419,0.803,8
17,ycup,168,64,2,0.404,0.763,8
17,ycup,168,65,2,0.384,0.742,8
17,ycup,168,66,2,0.384,0.797,8
17,ycup,168,67,2,0.386,0.014,8
17,ycup,168,68,2,0.421,0.074,8
17,ycup,168,69,2,0.406,0.034,8
17,ycup,168,70,2,0.441,0.064,8
17,ycup,168,71,2,0.441,0,8
17,ycup,168,72,2,0.406,0,8
17,ycup,168,73,2,0.441,0.27,8
17,ycup,168,74,2,0.441,0.205,8
17,ycup,168,75,2,0.427,0.219,8
17,ycup,168,76,2,0.406,0.26,8
17,ycup,168,77,2,0.386,0.274,8
17,ycup,168,78,2,0.372,0.239,8
17,ycup,168,79,2,0.406,0.915,8
17,ycup,168,80,2,0.406,0.95,8
17,ycup,168,81,2,0.441,0.98,8
17,ycup,168,82,2,0.441,0.915,8
17,ycup,168,83,2,0.386,0.93,8
17,ycup,168,84,2,0.372,0.95,8
17,ycup,168,85,2,0.545,0.34,8
17,ycup,168,86,2,0.491,0.408,8
17,ycup,168,87,2,0.525,0.414,8
17,ycup,168,88,2,0.545,0.374,8
17,ycup,168,89,2,0.511,0.374,8
17,ycup,168,90,2,0.491,0.33,8
17,ycup,168,91,2,0.517,0.654,8
17,ycup,168,92,2,0.497,0.668,8
17,ycup,168,93,2,0.531,0.674,8
17,ycup,168,94,2,0.517,0.634,8
17,ycup,168,95,2,0.517,0.6,8
17,ycup,168,96,2,0.497,0.59,8
17,ycup,168,97,2,0.567,0.145,8
17,ycup,168,98,2,0.547,0.101,8
17,ycup,168,99,2,0.567,0.111,8
17,ycup,168,100,2,0.567,0.165,8
17,ycup,168,101,2,0.602,0.145,8
17,ycup,168,102,2,0.588,0.125,8
17,ycup,168,103,2,0.533,0.849,8
17,ycup,168,104,2,0.547,0.829,8
17,ycup,168,105,2,0.588,0.829,8
17,ycup,168,106,2,0.547,0.805,8
17,ycup,168,107,2,0.602,0.815,8
17,ycup,168,108,2,0.602,0.879,8
17,ycup,168,109,2,0.59,0.455,8
17,ycup,168,110,2,0.575,0.499,8
17,ycup,168,111,2,0.59,0.479,8
17,ycup,168,112,2,0.61,0.499,8
17,ycup,168,113,2,0.644,0.499,8
17,ycup,168,114,2,0.624,0.539,8
17,ycup,168,115,2,0.742,0.724,8
17,ycup,168,116,2,0.688,0.674,8
17,ycup,168,117,2,0.708,0.694,8
17,ycup,168,118,2,0.728,0.674,8
17,ycup,168,119,2,0.688,0.65,8
17,ycup,168,120,2,0.688,0.728,8
17,ycup,168,121,2,0.742,0.266,8
17,ycup,168,122,2,0.742,0.33,8
17,ycup,168,123,2,0.688,0.256,8
17,ycup,168,124,2,0.742,0.3,8
17,ycup,168,125,2,0.708,0.32,8
17,ycup,168,126,2,0.722,0.34,8
17,ycup,168,127,2,0.757,0.074,8
17,ycup,168,128,2,0.791,0.074,8
17,ycup,168,129,2,0.736,0.143,8
17,ycup,168,130,2,0.777,0.089,8
17,ycup,168,131,2,0.771,0.149,8
17,ycup,168,132,2,0.736,0.064,8
17,ycup,168,133,2,0.736,0.841,8
17,ycup,168,134,2,0.736,0.92,8
17,ycup,168,135,2,0.722,0.885,8
17,ycup,168,136,2,0.791,0.885,8
17,ycup,168,137,2,0.777,0.865,8
17,ycup,168,138,2,0.757,0.851,8
17,ycup,168,139,2,0.773,0.531,8
17,ycup,168,140,2,0.827,0.463,8
17,ycup,168,141,2,0.773,0.477,8
17,ycup,168,142,2,0.813,0.477,8
17,ycup,168,143,2,0.807,0.537,8
17,ycup,168,144,2,0.827,0.497,8
17,ycup,169,1,2,0.02,0.463,9
17,ycup,169,2,2,0,0.477,9
17,ycup,169,3,2,0.04,0.477,9
17,ycup,169,4,2,0.034,0.537,9
17,ycup,169,5,2,0,0.453,9
17,ycup,169,6,2,0.054,0.527,9
17,ycup,169,7,2,0.085,0.115,9
17,ycup,169,8,2,0.05,0.135,9
17,ycup,169,9,2,0.03,0.07,9
17,ycup,169,10,2,0.016,0.115,9
17,ycup,169,11,2,0.03,0.149,9
17,ycup,169,12,2,0.05,0.08,9
17,ycup,169,13,2,0.085,0.845,9
17,ycup,169,14,2,0.03,0.913,9
17,ycup,169,15,2,0.05,0.845,9
17,ycup,169,16,2,0.03,0.835,9
17,ycup,169,17,2,0.03,0.859,9
17,ycup,169,18,2,0.07,0.859,9
17,ycup,169,19,2,0.139,0.66,9
17,ycup,169,20,2,0.119,0.734,9
17,ycup,169,21,2,0.105,0.694,9
17,ycup,169,22,2,0.105,0.714,9
17,ycup,169,23,2,0.105,0.66,9
17,ycup,169,24,2,0.139,0.694,9
17,ycup,169,25,2,0.135,0.356,9
17,ycup,169,26,2,0.135,0.336,9
17,ycup,169,27,2,0.149,0.376,9
17,ycup,169,28,2,0.155,0.316,9
17,ycup,169,29,2,0.115,0.37,9
17,ycup,169,30,2,0.101,0.336,9
17,ycup,169,31,2,0.225,0.529,9
17,ycup,169,32,2,0.171,0.455,9
17,ycup,169,33,2,0.157,0.499,9
17,ycup,169,34,2,0.191,0.465,9
17,ycup,169,35,2,0.171,0.479,9
17,ycup,169,36,2,0.225,0.465,9
17,ycup,169,37,2,0.245,0.175,9
17,ycup,169,38,2,0.211,0.155,9
17,ycup,169,39,2,0.245,0.155,9
17,ycup,169,40,2,0.245,0.121,9
17,ycup,169,41,2,0.28,0.121,9
17,ycup,169,42,2,0.225,0.189,9
17,ycup,169,43,2,0.28,0.839,9
17,ycup,169,44,2,0.225,0.873,9
17,ycup,169,45,2,0.26,0.879,9
17,ycup,169,46,2,0.245,0.805,9
17,ycup,169,47,2,0.211,0.839,9
17,ycup,169,48,2,0.266,0.819,9
17,ycup,169,49,2,0.298,0.65,9
17,ycup,169,50,2,0.352,0.581,9
17,ycup,169,51,2,0.352,0.646,9
17,ycup,169,52,2,0.284,0.616,9
17,ycup,169,53,2,0.318,0.616,9
17,ycup,169,54,2,0.318,0.636,9
17,ycup,169,55,2,0.32,0.394,9
17,ycup,169,56,2,0.286,0.394,9
17,ycup,169,57,2,0.32,0.36,9
17,ycup,169,58,2,0.334,0.435,9
17,ycup,169,59,2,0.354,0.425,9
17,ycup,169,60,2,0.3,0.429,9
17,ycup,169,61,2,0.439,0.728,9
17,ycup,169,62,2,0.404,0.763,9
17,ycup,169,63,2,0.419,0.803,9
17,ycup,169,64,2,0.404,0.728,9
17,ycup,169,65,2,0.384,0.742,9
17,ycup,169,66,2,0.384,0.797,9
17,ycup,169,67,2,0.386,0.014,9
17,ycup,169,68,2,0.421,0.074,9
17,ycup,169,69,2,0.406,0.034,9
17,ycup,169,70,2,0.441,0.064,9
17,ycup,169,71,2,0.441,0,9
17,ycup,169,72,2,0.406,0,9
17,ycup,169,73,2,0.427,0.219,9
17,ycup,169,74,2,0.441,0.205,9
17,ycup,169,75,2,0.406,0.26,9
17,ycup,169,76,2,0.372,0.239,9
17,ycup,169,77,2,0.441,0.27,9
17,ycup,169,78,2,0.386,0.274,9
17,ycup,169,79,2,0.406,0.95,9
17,ycup,169,80,2,0.441,0.98,9
17,ycup,169,81,2,0.406,0.915,9
17,ycup,169,82,2,0.372,0.95,9
17,ycup,169,83,2,0.386,0.93,9
17,ycup,169,84,2,0.441,0.915,9
17,ycup,169,85,2,0.491,0.33,9
17,ycup,169,86,2,0.545,0.374,9
17,ycup,169,87,2,0.545,0.34,9
17,ycup,169,88,2,0.525,0.414,9
17,ycup,169,89,2,0.491,0.408,9
17,ycup,169,90,2,0.511,0.374,9
17,ycup,169,91,2,0.551,0.664,9
17,ycup,169,92,2,0.531,0.674,9
17,ycup,169,93,2,0.517,0.6,9
17,ycup,169,94,2,0.517,0.654,9
17,ycup,169,95,2,0.497,0.668,9
17,ycup,169,96,2,0.497,0.59,9
17,ycup,169,97,2,0.567,0.111,9
17,ycup,169,98,2,0.567,0.165,9
17,ycup,169,99,2,0.547,0.101,9
17,ycup,169,100,2,0.602,0.145,9
17,ycup,169,101,2,0.588,0.125,9
17,ycup,169,102,2,0.567,0.145,9
17,ycup,169,103,2,0.533,0.849,9
17,ycup,169,104,2,0.547,0.805,9
17,ycup,169,105,2,0.588,0.829,9
17,ycup,169,106,2,0.547,0.829,9
17,ycup,169,107,2,0.602,0.879,9
17,ycup,169,108,2,0.602,0.815,9
17,ycup,169,109,2,0.624,0.539,9
17,ycup,169,110,2,0.644,0.499,9
17,ycup,169,111,2,0.61,0.499,9
17,ycup,169,112,2,0.59,0.479,9
17,ycup,169,113,2,0.59,0.455,9
17,ycup,169,114,2,0.575,0.499,9
17,ycup,169,115,2,0.742,0.724,9
17,ycup,169,116,2,0.688,0.674,9
17,ycup,169,117,2,0.708,0.694,9
17,ycup,169,118,2,0.728,0.674,9
17,ycup,169,119,2,0.688,0.65,9
17,ycup,169,120,2,0.688,0.728,9
17,ycup,169,121,2,0.722,0.34,9
17,ycup,169,122,2,0.742,0.33,9
17,ycup,169,123,2,0.688,0.256,9
17,ycup,169,124,2,0.742,0.3,9
17,ycup,169,125,2,0.708,0.32,9
17,ycup,169,126,2,0.742,0.266,9
17,ycup,169,127,2,0.757,0.074,9
17,ycup,169,128,2,0.791,0.074,9
17,ycup,169,129,2,0.736,0.143,9
17,ycup,169,130,2,0.777,0.089,9
17,ycup,169,131,2,0.771,0.149,9
17,ycup,169,132,2,0.736,0.064,9
17,ycup,169,133,2,0.736,0.841,9
17,ycup,169,134,2,0.736,0.92,9
17,ycup,169,135,2,0.722,0.885,9
17,ycup,169,136,2,0.791,0.885,9
17,ycup,169,137,2,0.777,0.865,9
17,ycup,169,138,2,0.757,0.851,9
17,ycup,169,139,2,0.773,0.531,9
17,ycup,169,140,2,0.773,0.477,9
17,ycup,169,141,2,0.807,0.537,9
17,ycup,169,142,2,0.813,0.477,9
17,ycup,169,143,2,0.827,0.463,9
17,ycup,169,144,2,0.827,0.497,9
17,ycup,170,1,2,0.02,0.463,10
17,ycup,170,2,2,0,0.477,10
17,ycup,170,3,2,0.04,0.477,10
17,ycup,170,4,2,0.034,0.537,10
17,ycup,170,5,2,0,0.453,10
17,ycup,170,6,2,0.054,0.527,10
17,ycup,170,7,2,0.03,0.07,10
17,ycup,170,8,2,0.085,0.115,10
17,ycup,170,9,2,0.05,0.08,10
17,ycup,170,10,2,0.05,0.135,10
17,ycup,170,11,2,0.016,0.115,10
17,ycup,170,12,2,0.03,0.149,10
17,ycup,170,13,2,0.03,0.913,10
17,ycup,170,14,2,0.03,0.835,10
17,ycup,170,15,2,0.07,0.859,10
17,ycup,170,16,2,0.05,0.845,10
17,ycup,170,17,2,0.085,0.845,10
17,ycup,170,18,2,0.03,0.859,10
17,ycup,170,19,2,0.105,0.694,10
17,ycup,170,20,2,0.119,0.734,10
17,ycup,170,21,2,0.139,0.66,10
17,ycup,170,22,2,0.105,0.714,10
17,ycup,170,23,2,0.105,0.66,10
17,ycup,170,24,2,0.139,0.694,10
17,ycup,170,25,2,0.115,0.37,10
17,ycup,170,26,2,0.135,0.336,10
17,ycup,170,27,2,0.155,0.316,10
17,ycup,170,28,2,0.135,0.356,10
17,ycup,170,29,2,0.101,0.336,10
17,ycup,170,30,2,0.149,0.376,10
17,ycup,170,31,2,0.225,0.529,10
17,ycup,170,32,2,0.157,0.499,10
17,ycup,170,33,2,0.225,0.465,10
17,ycup,170,34,2,0.191,0.465,10
17,ycup,170,35,2,0.171,0.455,10
17,ycup,170,36,2,0.171,0.479,10
17,ycup,170,37,2,0.225,0.189,10
17,ycup,170,38,2,0.245,0.155,10
17,ycup,170,39,2,0.211,0.155,10
17,ycup,170,40,2,0.245,0.121,10
17,ycup,170,41,2,0.28,0.121,10
17,ycup,170,42,2,0.245,0.175,10
17,ycup,170,43,2,0.211,0.839,10
17,ycup,170,44,2,0.225,0.873,10
17,ycup,170,45,2,0.26,0.879,10
17,ycup,170,46,2,0.245,0.805,10
17,ycup,170,47,2,0.28,0.839,10
17,ycup,170,48,2,0.266,0.819,10
17,ycup,170,49,2,0.298,0.65,10
17,ycup,170,50,2,0.284,0.616,10
17,ycup,170,51,2,0.352,0.646,10
17,ycup,170,52,2,0.352,0.581,10
17,ycup,170,53,2,0.318,0.616,10
17,ycup,170,54,2,0.318,0.636,10
17,ycup,170,55,2,0.32,0.394,10
17,ycup,170,56,2,0.286,0.394,10
17,ycup,170,57,2,0.32,0.36,10
17,ycup,170,58,2,0.334,0.435,10
17,ycup,170,59,2,0.354,0.425,10
17,ycup,170,60,2,0.3,0.429,10
17,ycup,170,61,2,0.404,0.763,10
17,ycup,170,62,2,0.439,0.728,10
17,ycup,170,63,2,0.419,0.803,10
17,ycup,170,64,2,0.404,0.728,10
17,ycup,170,65,2,0.384,0.742,10
17,ycup,170,66,2,0.384,0.797,10
17,ycup,170,67,2,0.386,0.014,10
17,ycup,170,68,2,0.421,0.074,10
17,ycup,170,69,2,0.406,0.034,10
17,ycup,170,70,2,0.441,0.064,10
17,ycup,170,71,2,0.441,0,10
17,ycup,170,72,2,0.406,0,10
17,ycup,170,73,2,0.386,0.274,10
17,ycup,170,74,2,0.427,0.219,10
17,ycup,170,75,2,0.441,0.205,10
17,ycup,170,76,2,0.372,0.239,10
17,ycup,170,77,2,0.441,0.27,10
17,ycup,170,78,2,0.406,0.26,10
17,ycup,170,79,2,0.406,0.95,10
17,ycup,170,80,2,0.386,0.93,10
17,ycup,170,81,2,0.441,0.98,10
17,ycup,170,82,2,0.372,0.95,10
17,ycup,170,83,2,0.406,0.915,10
17,ycup,170,84,2,0.441,0.915,10
17,ycup,170,85,2,0.491,0.408,10
17,ycup,170,86,2,0.525,0.414,10
17,ycup,170,87,2,0.511,0.374,10
17,ycup,170,88,2,0.545,0.34,10
17,ycup,170,89,2,0.491,0.33,10
17,ycup,170,90,2,0.545,0.374,10
17,ycup,170,91,2,0.517,0.654,10
17,ycup,170,92,2,0.497,0.668,10
17,ycup,170,93,2,0.517,0.6,10
17,ycup,170,94,2,0.551,0.664,10
17,ycup,170,95,2,0.531,0.674,10
17,ycup,170,96,2,0.497,0.59,10
17,ycup,170,97,2,0.567,0.145,10
17,ycup,170,98,2,0.547,0.101,10
17,ycup,170,99,2,0.567,0.111,10
17,ycup,170,100,2,0.567,0.165,10
17,ycup,170,101,2,0.602,0.145,10
17,ycup,170,102,2,0.588,0.125,10
17,ycup,170,103,2,0.533,0.849,10
17,ycup,170,104,2,0.547,0.805,10
17,ycup,170,105,2,0.588,0.829,10
17,ycup,170,106,2,0.547,0.829,10
17,ycup,170,107,2,0.602,0.879,10
17,ycup,170,108,2,0.602,0.815,10
17,ycup,170,109,2,0.575,0.499,10
17,ycup,170,110,2,0.59,0.479,10
17,ycup,170,111,2,0.61,0.499,10
17,ycup,170,112,2,0.59,0.455,10
17,ycup,170,113,2,0.644,0.499,10
17,ycup,170,114,2,0.624,0.539,10
17,ycup,170,115,2,0.742,0.724,10
17,ycup,170,116,2,0.688,0.674,10
17,ycup,170,117,2,0.708,0.694,10
17,ycup,170,118,2,0.728,0.674,10
17,ycup,170,119,2,0.688,0.728,10
17,ycup,170,120,2,0.688,0.65,10
17,ycup,170,121,2,0.742,0.266,10
17,ycup,170,122,2,0.742,0.33,10
17,ycup,170,123,2,0.722,0.34,10
17,ycup,170,124,2,0.688,0.256,10
17,ycup,170,125,2,0.742,0.3,10
17,ycup,170,126,2,0.708,0.32,10
17,ycup,170,127,2,0.757,0.074,10
17,ycup,170,128,2,0.791,0.074,10
17,ycup,170,129,2,0.736,0.143,10
17,ycup,170,130,2,0.777,0.089,10
17,ycup,170,131,2,0.771,0.149,10
17,ycup,170,132,2,0.736,0.064,10
17,ycup,170,133,2,0.722,0.885,10
17,ycup,170,134,2,0.736,0.92,10
17,ycup,170,135,2,0.736,0.841,10
17,ycup,170,136,2,0.757,0.851,10
17,ycup,170,137,2,0.777,0.865,10
17,ycup,170,138,2,0.791,0.885,10
17,ycup,170,139,2,0.773,0.531,10
17,ycup,170,140,2,0.813,0.477,10
17,ycup,170,141,2,0.773,0.477,10
17,ycup,170,142,2,0.807,0.537,10
17,ycup,170,143,2,0.827,0.463,10
17,ycup,170,144,2,0.827,0.497,10
18,ycup,171,1,2,0.014,0.463,1
18,ycup,171,2,2,0,0.507,1
18,ycup,171,3,2,0.014,0.487,1
18,ycup,171,4,2,0.034,0.473,1
18,ycup,171,5,2,0.014,0.541,1
18,ycup,171,6,2,0.068,0.507,1
18,ycup,171,7,2,0.078,0.165,1
18,ycup,171,8,2,0.044,0.105,1
18,ycup,171,9,2,0.044,0.159,1
18,ycup,171,10,2,0.064,0.145,1
18,ycup,171,11,2,0.064,0.125,1
18,ycup,171,12,2,0.03,0.125,1
18,ycup,171,13,2,0.044,0.845,1
18,ycup,171,14,2,0.078,0.93,1
18,ycup,171,15,2,0.064,0.855,1
18,ycup,171,16,2,0.099,0.855,1
18,ycup,171,17,2,0.099,0.92,1
18,ycup,171,18,2,0.044,0.869,1
18,ycup,171,19,2,0.099,0.684,1
18,ycup,171,20,2,0.139,0.684,1
18,ycup,171,21,2,0.085,0.704,1
18,ycup,171,22,2,0.153,0.734,1
18,ycup,171,23,2,0.119,0.704,1
18,ycup,171,24,2,0.099,0.66,1
18,ycup,171,25,2,0.149,0.366,1
18,ycup,171,26,2,0.183,0.376,1
18,ycup,171,27,2,0.169,0.326,1
18,ycup,171,28,2,0.129,0.326,1
18,ycup,171,29,2,0.163,0.386,1
18,ycup,171,30,2,0.149,0.346,1
18,ycup,171,31,2,0.185,0.465,1
18,ycup,171,32,2,0.185,0.543,1
18,ycup,171,33,2,0.239,0.509,1
18,ycup,171,34,2,0.239,0.539,1
18,ycup,171,35,2,0.185,0.489,1
18,ycup,171,36,2,0.205,0.475,1
18,ycup,171,37,2,0.26,0.185,1
18,ycup,171,38,2,0.274,0.205,1
18,ycup,171,39,2,0.28,0.145,1
18,ycup,171,40,2,0.239,0.199,1
18,ycup,171,41,2,0.294,0.195,1
18,ycup,171,42,2,0.225,0.165,1
18,ycup,171,43,2,0.294,0.849,1
18,ycup,171,44,2,0.294,0.815,1
18,ycup,171,45,2,0.28,0.829,1
18,ycup,171,46,2,0.26,0.815,1
18,ycup,171,47,2,0.26,0.849,1
18,ycup,171,48,2,0.239,0.883,1
18,ycup,171,49,2,0.332,0.592,1
18,ycup,171,50,2,0.312,0.606,1
18,ycup,171,51,2,0.298,0.626,1
18,ycup,171,52,2,0.366,0.626,1
18,ycup,171,53,2,0.352,0.606,1
18,ycup,171,54,2,0.366,0.656,1
18,ycup,171,55,2,0.334,0.37,1
18,ycup,171,56,2,0.3,0.404,1
18,ycup,171,57,2,0.314,0.384,1
18,ycup,171,58,2,0.314,0.439,1
18,ycup,171,59,2,0.348,0.445,1
18,ycup,171,60,2,0.334,0.404,1
18,ycup,171,61,2,0.453,0.773,1
18,ycup,171,62,2,0.419,0.773,1
18,ycup,171,63,2,0.419,0.793,1
18,ycup,171,64,2,0.398,0.807,1
18,ycup,171,65,2,0.453,0.738,1
18,ycup,171,66,2,0.453,0.803,1
18,ycup,171,67,2,0.421,0.044,1
18,ycup,171,68,2,0.441,0.024,1
18,ycup,171,69,2,0.455,0.01,1
18,ycup,171,70,2,0.386,0.044,1
18,ycup,171,71,2,0.4,0.078,1
18,ycup,171,72,2,0.4,0,1
18,ycup,171,73,2,0.421,0.27,1
18,ycup,171,74,2,0.386,0.249,1
18,ycup,171,75,2,0.421,0.249,1
18,ycup,171,76,2,0.421,0.215,1
18,ycup,171,77,2,0.435,0.29,1
18,ycup,171,78,2,0.4,0.229,1
18,ycup,171,79,2,0.4,0.915,1
18,ycup,171,80,2,0.435,1,1
18,ycup,171,81,2,0.4,0.94,1
18,ycup,171,82,2,0.386,0.96,1
18,ycup,171,83,2,0.455,0.96,1
18,ycup,171,84,2,0.4,0.994,1
18,ycup,171,85,2,0.559,0.414,1
18,ycup,171,86,2,0.505,0.419,1
18,ycup,171,87,2,0.505,0.364,1
18,ycup,171,88,2,0.559,0.35,1
18,ycup,171,89,2,0.525,0.35,1
18,ycup,171,90,2,0.525,0.404,1
18,ycup,171,91,2,0.511,0.624,1
18,ycup,171,92,2,0.565,0.644,1
18,ycup,171,93,2,0.545,0.684,1
18,ycup,171,94,2,0.531,0.664,1
18,ycup,171,95,2,0.531,0.644,1
18,ycup,171,96,2,0.565,0.674,1
18,ycup,171,97,2,0.561,0.111,1
18,ycup,171,98,2,0.596,0.195,1
18,ycup,171,99,2,0.581,0.121,1
18,ycup,171,100,2,0.561,0.189,1
18,ycup,171,101,2,0.547,0.155,1
18,ycup,171,102,2,0.602,0.135,1
18,ycup,171,103,2,0.616,0.825,1
18,ycup,171,104,2,0.602,0.839,1
18,ycup,171,105,2,0.616,0.859,1
18,ycup,171,106,2,0.581,0.859,1
18,ycup,171,107,2,0.581,0.825,1
18,ycup,171,108,2,0.561,0.893,1
18,ycup,171,109,2,0.624,0.529,1
18,ycup,171,110,2,0.624,0.509,1
18,ycup,171,111,2,0.604,0.543,1
18,ycup,171,112,2,0.658,0.509,1
18,ycup,171,113,2,0.644,0.489,1
18,ycup,171,114,2,0.604,0.489,1
18,ycup,171,115,2,0.757,0.704,1
18,ycup,171,116,2,0.736,0.744,1
18,ycup,171,117,2,0.688,0.704,1
18,ycup,171,118,2,0.722,0.704,1
18,ycup,171,119,2,0.702,0.738,1
18,ycup,171,120,2,0.702,0.66,1
18,ycup,171,121,2,0.722,0.33,1
18,ycup,171,122,2,0.757,0.34,1
18,ycup,171,123,2,0.757,0.276,1
18,ycup,171,124,2,0.742,0.29,1
18,ycup,171,125,2,0.722,0.276,1
18,ycup,171,126,2,0.722,0.31,1
18,ycup,171,127,2,0.805,0.119,1
18,ycup,171,128,2,0.805,0.085,1
18,ycup,171,129,2,0.736,0.119,1
18,ycup,171,130,2,0.771,0.119,1
18,ycup,171,131,2,0.751,0.153,1
18,ycup,171,132,2,0.771,0.085,1
18,ycup,171,133,2,0.791,0.875,1
18,ycup,171,134,2,0.771,0.861,1
18,ycup,171,135,2,0.805,0.926,1
18,ycup,171,136,2,0.736,0.895,1
18,ycup,171,137,2,0.771,0.895,1
18,ycup,171,138,2,0.751,0.875,1
18,ycup,171,139,2,0.841,0.507,1
18,ycup,171,140,2,0.807,0.507,1
18,ycup,171,141,2,0.787,0.463,1
18,ycup,171,142,2,0.807,0.527,1
18,ycup,171,143,2,0.841,0.473,1
18,ycup,171,144,2,0.787,0.541,1
18,ycup,172,1,2,0.014,0.463,2
18,ycup,172,2,2,0,0.507,2
18,ycup,172,3,2,0.014,0.487,2
18,ycup,172,4,2,0.034,0.473,2
18,ycup,172,5,2,0.014,0.541,2
18,ycup,172,6,2,0.068,0.507,2
18,ycup,172,7,2,0.078,0.165,2
18,ycup,172,8,2,0.044,0.105,2
18,ycup,172,9,2,0.044,0.159,2
18,ycup,172,10,2,0.064,0.145,2
18,ycup,172,11,2,0.064,0.125,2
18,ycup,172,12,2,0.03,0.125,2
18,ycup,172,13,2,0.064,0.855,2
18,ycup,172,14,2,0.078,0.93,2
18,ycup,172,15,2,0.099,0.92,2
18,ycup,172,16,2,0.044,0.845,2
18,ycup,172,17,2,0.099,0.855,2
18,ycup,172,18,2,0.044,0.869,2
18,ycup,172,19,2,0.099,0.684,2
18,ycup,172,20,2,0.139,0.684,2
18,ycup,172,21,2,0.085,0.704,2
18,ycup,172,22,2,0.153,0.734,2
18,ycup,172,23,2,0.119,0.704,2
18,ycup,172,24,2,0.099,0.66,2
18,ycup,172,25,2,0.149,0.366,2
18,ycup,172,26,2,0.183,0.376,2
18,ycup,172,27,2,0.169,0.326,2
18,ycup,172,28,2,0.129,0.326,2
18,ycup,172,29,2,0.163,0.386,2
18,ycup,172,30,2,0.149,0.346,2
18,ycup,172,31,2,0.185,0.465,2
18,ycup,172,32,2,0.185,0.543,2
18,ycup,172,33,2,0.239,0.509,2
18,ycup,172,34,2,0.239,0.539,2
18,ycup,172,35,2,0.185,0.489,2
18,ycup,172,36,2,0.205,0.475,2
18,ycup,172,37,2,0.26,0.185,2
18,ycup,172,38,2,0.274,0.205,2
18,ycup,172,39,2,0.28,0.145,2
18,ycup,172,40,2,0.239,0.199,2
18,ycup,172,41,2,0.294,0.195,2
18,ycup,172,42,2,0.225,0.165,2
18,ycup,172,43,2,0.294,0.849,2
18,ycup,172,44,2,0.294,0.815,2
18,ycup,172,45,2,0.239,0.883,2
18,ycup,172,46,2,0.26,0.849,2
18,ycup,172,47,2,0.26,0.815,2
18,ycup,172,48,2,0.28,0.829,2
18,ycup,172,49,2,0.298,0.626,2
18,ycup,172,50,2,0.352,0.606,2
18,ycup,172,51,2,0.366,0.626,2
18,ycup,172,52,2,0.332,0.592,2
18,ycup,172,53,2,0.366,0.656,2
18,ycup,172,54,2,0.312,0.606,2
18,ycup,172,55,2,0.334,0.37,2
18,ycup,172,56,2,0.3,0.404,2
18,ycup,172,57,2,0.314,0.384,2
18,ycup,172,58,2,0.314,0.439,2
18,ycup,172,59,2,0.348,0.445,2
18,ycup,172,60,2,0.334,0.404,2
18,ycup,172,61,2,0.419,0.793,2
18,ycup,172,62,2,0.419,0.773,2
18,ycup,172,63,2,0.398,0.807,2
18,ycup,172,64,2,0.453,0.738,2
18,ycup,172,65,2,0.453,0.773,2
18,ycup,172,66,2,0.453,0.803,2
18,ycup,172,67,2,0.455,0.01,2
18,ycup,172,68,2,0.4,0,2
18,ycup,172,69,2,0.4,0.078,2
18,ycup,172,70,2,0.386,0.044,2
18,ycup,172,71,2,0.441,0.024,2
18,ycup,172,72,2,0.421,0.044,2
18,ycup,172,73,2,0.421,0.27,2
18,ycup,172,74,2,0.386,0.249,2
18,ycup,172,75,2,0.421,0.249,2
18,ycup,172,76,2,0.421,0.215,2
18,ycup,172,77,2,0.435,0.29,2
18,ycup,172,78,2,0.4,0.229,2
18,ycup,172,79,2,0.4,0.994,2
18,ycup,172,80,2,0.435,1,2
18,ycup,172,81,2,0.4,0.915,2
18,ycup,172,82,2,0.386,0.96,2
18,ycup,172,83,2,0.4,0.94,2
18,ycup,172,84,2,0.455,0.96,2
18,ycup,172,85,2,0.559,0.414,2
18,ycup,172,86,2,0.505,0.419,2
18,ycup,172,87,2,0.505,0.364,2
18,ycup,172,88,2,0.559,0.35,2
18,ycup,172,89,2,0.525,0.35,2
18,ycup,172,90,2,0.525,0.404,2
18,ycup,172,91,2,0.511,0.624,2
18,ycup,172,92,2,0.565,0.644,2
18,ycup,172,93,2,0.545,0.684,2
18,ycup,172,94,2,0.531,0.664,2
18,ycup,172,95,2,0.531,0.644,2
18,ycup,172,96,2,0.565,0.674,2
18,ycup,172,97,2,0.581,0.121,2
18,ycup,172,98,2,0.602,0.135,2
18,ycup,172,99,2,0.596,0.195,2
18,ycup,172,100,2,0.547,0.155,2
18,ycup,172,101,2,0.561,0.189,2
18,ycup,172,102,2,0.561,0.111,2
18,ycup,172,103,2,0.616,0.825,2
18,ycup,172,104,2,0.602,0.839,2
18,ycup,172,105,2,0.616,0.859,2
18,ycup,172,106,2,0.581,0.859,2
18,ycup,172,107,2,0.581,0.825,2
18,ycup,172,108,2,0.561,0.893,2
18,ycup,172,109,2,0.604,0.543,2
18,ycup,172,110,2,0.624,0.509,2
18,ycup,172,111,2,0.658,0.509,2
18,ycup,172,112,2,0.604,0.489,2
18,ycup,172,113,2,0.644,0.489,2
18,ycup,172,114,2,0.624,0.529,2
18,ycup,172,115,2,0.757,0.704,2
18,ycup,172,116,2,0.736,0.744,2
18,ycup,172,117,2,0.688,0.704,2
18,ycup,172,118,2,0.722,0.704,2
18,ycup,172,119,2,0.702,0.738,2
18,ycup,172,120,2,0.702,0.66,2
18,ycup,172,121,2,0.722,0.33,2
18,ycup,172,122,2,0.757,0.34,2
18,ycup,172,123,2,0.722,0.276,2
18,ycup,172,124,2,0.742,0.29,2
18,ycup,172,125,2,0.722,0.31,2
18,ycup,172,126,2,0.757,0.276,2
18,ycup,172,127,2,0.771,0.119,2
18,ycup,172,128,2,0.751,0.153,2
18,ycup,172,129,2,0.805,0.085,2
18,ycup,172,130,2,0.736,0.119,2
18,ycup,172,131,2,0.805,0.119,2
18,ycup,172,132,2,0.771,0.085,2
18,ycup,172,133,2,0.791,0.875,2
18,ycup,172,134,2,0.771,0.861,2
18,ycup,172,135,2,0.805,0.926,2
18,ycup,172,136,2,0.736,0.895,2
18,ycup,172,137,2,0.771,0.895,2
18,ycup,172,138,2,0.751,0.875,2
18,ycup,172,139,2,0.841,0.473,2
18,ycup,172,140,2,0.807,0.527,2
18,ycup,172,141,2,0.841,0.507,2
18,ycup,172,142,2,0.787,0.463,2
18,ycup,172,143,2,0.787,0.541,2
18,ycup,172,144,2,0.807,0.507,2
18,ycup,173,1,2,0.034,0.473,3
18,ycup,173,2,2,0,0.507,3
18,ycup,173,3,2,0.014,0.487,3
18,ycup,173,4,2,0.014,0.541,3
18,ycup,173,5,2,0.014,0.463,3
18,ycup,173,6,2,0.068,0.507,3
18,ycup,173,7,2,0.044,0.105,3
18,ycup,173,8,2,0.064,0.145,3
18,ycup,173,9,2,0.078,0.165,3
18,ycup,173,10,2,0.044,0.159,3
18,ycup,173,11,2,0.03,0.125,3
18,ycup,173,12,2,0.064,0.125,3
18,ycup,173,13,2,0.078,0.93,3
18,ycup,173,14,2,0.099,0.855,3
18,ycup,173,15,2,0.044,0.869,3
18,ycup,173,16,2,0.099,0.92,3
18,ycup,173,17,2,0.064,0.855,3
18,ycup,173,18,2,0.044,0.845,3
18,ycup,173,19,2,0.139,0.684,3
18,ycup,173,20,2,0.099,0.66,3
18,ycup,173,21,2,0.099,0.684,3
18,ycup,173,22,2,0.119,0.704,3
18,ycup,173,23,2,0.153,0.734,3
18,ycup,173,24,2,0.085,0.704,3
18,ycup,173,25,2,0.169,0.326,3
18,ycup,173,26,2,0.183,0.376,3
18,ycup,173,27,2,0.149,0.346,3
18,ycup,173,28,2,0.163,0.386,3
18,ycup,173,29,2,0.149,0.366,3
18,ycup,173,30,2,0.129,0.326,3
18,ycup,173,31,2,0.185,0.465,3
18,ycup,173,32,2,0.185,0.543,3
18,ycup,173,33,2,0.239,0.509,3
18,ycup,173,34,2,0.239,0.539,3
18,ycup,173,35,2,0.185,0.489,3
18,ycup,173,36,2,0.205,0.475,3
18,ycup,173,37,2,0.28,0.145,3
18,ycup,173,38,2,0.239,0.199,3
18,ycup,173,39,2,0.225,0.165,3
18,ycup,173,40,2,0.274,0.205,3
18,ycup,173,41,2,0.294,0.195,3
18,ycup,173,42,2,0.26,0.185,3
18,ycup,173,43,2,0.294,0.815,3
18,ycup,173,44,2,0.294,0.849,3
18,ycup,173,45,2,0.28,0.829,3
18,ycup,173,46,2,0.26,0.815,3
18,ycup,173,47,2,0.26,0.849,3
18,ycup,173,48,2,0.239,0.883,3
18,ycup,173,49,2,0.298,0.626,3
18,ycup,173,50,2,0.352,0.606,3
18,ycup,173,51,2,0.366,0.626,3
18,ycup,173,52,2,0.332,0.592,3
18,ycup,173,53,2,0.366,0.656,3
18,ycup,173,54,2,0.312,0.606,3
18,ycup,173,55,2,0.334,0.37,3
18,ycup,173,56,2,0.3,0.404,3
18,ycup,173,57,2,0.314,0.384,3
18,ycup,173,58,2,0.314,0.439,3
18,ycup,173,59,2,0.348,0.445,3
18,ycup,173,60,2,0.334,0.404,3
18,ycup,173,61,2,0.453,0.738,3
18,ycup,173,62,2,0.453,0.773,3
18,ycup,173,63,2,0.453,0.803,3
18,ycup,173,64,2,0.419,0.793,3
18,ycup,173,65,2,0.419,0.773,3
18,ycup,173,66,2,0.398,0.807,3
18,ycup,173,67,2,0.386,0.044,3
18,ycup,173,68,2,0.4,0.078,3
18,ycup,173,69,2,0.4,0,3
18,ycup,173,70,2,0.441,0.024,3
18,ycup,173,71,2,0.421,0.044,3
18,ycup,173,72,2,0.455,0.01,3
18,ycup,173,73,2,0.421,0.27,3
18,ycup,173,74,2,0.386,0.249,3
18,ycup,173,75,2,0.421,0.249,3
18,ycup,173,76,2,0.421,0.215,3
18,ycup,173,77,2,0.435,0.29,3
18,ycup,173,78,2,0.4,0.229,3
18,ycup,173,79,2,0.4,0.994,3
18,ycup,173,80,2,0.435,1,3
18,ycup,173,81,2,0.4,0.915,3
18,ycup,173,82,2,0.386,0.96,3
18,ycup,173,83,2,0.4,0.94,3
18,ycup,173,84,2,0.455,0.96,3
18,ycup,173,85,2,0.559,0.414,3
18,ycup,173,86,2,0.505,0.419,3
18,ycup,173,87,2,0.505,0.364,3
18,ycup,173,88,2,0.559,0.35,3
18,ycup,173,89,2,0.525,0.35,3
18,ycup,173,90,2,0.525,0.404,3
18,ycup,173,91,2,0.511,0.624,3
18,ycup,173,92,2,0.565,0.644,3
18,ycup,173,93,2,0.545,0.684,3
18,ycup,173,94,2,0.531,0.664,3
18,ycup,173,95,2,0.531,0.644,3
18,ycup,173,96,2,0.565,0.674,3
18,ycup,173,97,2,0.561,0.111,3
18,ycup,173,98,2,0.596,0.195,3
18,ycup,173,99,2,0.581,0.121,3
18,ycup,173,100,2,0.561,0.189,3
18,ycup,173,101,2,0.547,0.155,3
18,ycup,173,102,2,0.602,0.135,3
18,ycup,173,103,2,0.616,0.825,3
18,ycup,173,104,2,0.602,0.839,3
18,ycup,173,105,2,0.616,0.859,3
18,ycup,173,106,2,0.581,0.859,3
18,ycup,173,107,2,0.581,0.825,3
18,ycup,173,108,2,0.561,0.893,3
18,ycup,173,109,2,0.624,0.529,3
18,ycup,173,110,2,0.624,0.509,3
18,ycup,173,111,2,0.604,0.543,3
18,ycup,173,112,2,0.658,0.509,3
18,ycup,173,113,2,0.644,0.489,3
18,ycup,173,114,2,0.604,0.489,3
18,ycup,173,115,2,0.757,0.704,3
18,ycup,173,116,2,0.736,0.744,3
18,ycup,173,117,2,0.688,0.704,3
18,ycup,173,118,2,0.722,0.704,3
18,ycup,173,119,2,0.702,0.738,3
18,ycup,173,120,2,0.702,0.66,3
18,ycup,173,121,2,0.722,0.33,3
18,ycup,173,122,2,0.757,0.34,3
18,ycup,173,123,2,0.757,0.276,3
18,ycup,173,124,2,0.742,0.29,3
18,ycup,173,125,2,0.722,0.276,3
18,ycup,173,126,2,0.722,0.31,3
18,ycup,173,127,2,0.805,0.119,3
18,ycup,173,128,2,0.805,0.085,3
18,ycup,173,129,2,0.736,0.119,3
18,ycup,173,130,2,0.771,0.119,3
18,ycup,173,131,2,0.751,0.153,3
18,ycup,173,132,2,0.771,0.085,3
18,ycup,173,133,2,0.791,0.875,3
18,ycup,173,134,2,0.771,0.861,3
18,ycup,173,135,2,0.805,0.926,3
18,ycup,173,136,2,0.736,0.895,3
18,ycup,173,137,2,0.771,0.895,3
18,ycup,173,138,2,0.751,0.875,3
18,ycup,173,139,2,0.841,0.507,3
18,ycup,173,140,2,0.807,0.507,3
18,ycup,173,141,2,0.787,0.463,3
18,ycup,173,142,2,0.807,0.527,3
18,ycup,173,143,2,0.841,0.473,3
18,ycup,173,144,2,0.787,0.541,3
18,ycup,174,1,2,0.014,0.463,4
18,ycup,174,2,2,0,0.507,4
18,ycup,174,3,2,0.014,0.487,4
18,ycup,174,4,2,0.034,0.473,4
18,ycup,174,5,2,0.014,0.541,4
18,ycup,174,6,2,0.068,0.507,4
18,ycup,174,7,2,0.078,0.165,4
18,ycup,174,8,2,0.044,0.105,4
18,ycup,174,9,2,0.044,0.159,4
18,ycup,174,10,2,0.064,0.145,4
18,ycup,174,11,2,0.064,0.125,4
18,ycup,174,12,2,0.03,0.125,4
18,ycup,174,13,2,0.064,0.855,4
18,ycup,174,14,2,0.078,0.93,4
18,ycup,174,15,2,0.099,0.92,4
18,ycup,174,16,2,0.044,0.845,4
18,ycup,174,17,2,0.099,0.855,4
18,ycup,174,18,2,0.044,0.869,4
18,ycup,174,19,2,0.099,0.684,4
18,ycup,174,20,2,0.139,0.684,4
18,ycup,174,21,2,0.085,0.704,4
18,ycup,174,22,2,0.153,0.734,4
18,ycup,174,23,2,0.119,0.704,4
18,ycup,174,24,2,0.099,0.66,4
18,ycup,174,25,2,0.149,0.366,4
18,ycup,174,26,2,0.183,0.376,4
18,ycup,174,27,2,0.169,0.326,4
18,ycup,174,28,2,0.129,0.326,4
18,ycup,174,29,2,0.163,0.386,4
18,ycup,174,30,2,0.149,0.346,4
18,ycup,174,31,2,0.185,0.465,4
18,ycup,174,32,2,0.185,0.543,4
18,ycup,174,33,2,0.239,0.509,4
18,ycup,174,34,2,0.239,0.539,4
18,ycup,174,35,2,0.185,0.489,4
18,ycup,174,36,2,0.205,0.475,4
18,ycup,174,37,2,0.28,0.145,4
18,ycup,174,38,2,0.274,0.205,4
18,ycup,174,39,2,0.225,0.165,4
18,ycup,174,40,2,0.239,0.199,4
18,ycup,174,41,2,0.26,0.185,4
18,ycup,174,42,2,0.294,0.195,4
18,ycup,174,43,2,0.294,0.849,4
18,ycup,174,44,2,0.294,0.815,4
18,ycup,174,45,2,0.239,0.883,4
18,ycup,174,46,2,0.26,0.849,4
18,ycup,174,47,2,0.26,0.815,4
18,ycup,174,48,2,0.28,0.829,4
18,ycup,174,49,2,0.298,0.626,4
18,ycup,174,50,2,0.352,0.606,4
18,ycup,174,51,2,0.366,0.626,4
18,ycup,174,52,2,0.332,0.592,4
18,ycup,174,53,2,0.366,0.656,4
18,ycup,174,54,2,0.312,0.606,4
18,ycup,174,55,2,0.334,0.37,4
18,ycup,174,56,2,0.3,0.404,4
18,ycup,174,57,2,0.314,0.384,4
18,ycup,174,58,2,0.314,0.439,4
18,ycup,174,59,2,0.348,0.445,4
18,ycup,174,60,2,0.334,0.404,4
18,ycup,174,61,2,0.419,0.793,4
18,ycup,174,62,2,0.419,0.773,4
18,ycup,174,63,2,0.398,0.807,4
18,ycup,174,64,2,0.453,0.738,4
18,ycup,174,65,2,0.453,0.773,4
18,ycup,174,66,2,0.453,0.803,4
18,ycup,174,67,2,0.455,0.01,4
18,ycup,174,68,2,0.386,0.044,4
18,ycup,174,69,2,0.4,0.078,4
18,ycup,174,70,2,0.4,0,4
18,ycup,174,71,2,0.421,0.044,4
18,ycup,174,72,2,0.441,0.024,4
18,ycup,174,73,2,0.421,0.249,4
18,ycup,174,74,2,0.435,0.29,4
18,ycup,174,75,2,0.386,0.249,4
18,ycup,174,76,2,0.421,0.27,4
18,ycup,174,77,2,0.421,0.215,4
18,ycup,174,78,2,0.4,0.229,4
18,ycup,174,79,2,0.4,0.994,4
18,ycup,174,80,2,0.435,1,4
18,ycup,174,81,2,0.4,0.915,4
18,ycup,174,82,2,0.386,0.96,4
18,ycup,174,83,2,0.4,0.94,4
18,ycup,174,84,2,0.455,0.96,4
18,ycup,174,85,2,0.559,0.414,4
18,ycup,174,86,2,0.505,0.419,4
18,ycup,174,87,2,0.505,0.364,4
18,ycup,174,88,2,0.559,0.35,4
18,ycup,174,89,2,0.525,0.35,4
18,ycup,174,90,2,0.525,0.404,4
18,ycup,174,91,2,0.511,0.624,4
18,ycup,174,92,2,0.565,0.674,4
18,ycup,174,93,2,0.531,0.664,4
18,ycup,174,94,2,0.545,0.684,4
18,ycup,174,95,2,0.565,0.644,4
18,ycup,174,96,2,0.531,0.644,4
18,ycup,174,97,2,0.581,0.121,4
18,ycup,174,98,2,0.602,0.135,4
18,ycup,174,99,2,0.596,0.195,4
18,ycup,174,100,2,0.547,0.155,4
18,ycup,174,101,2,0.561,0.189,4
18,ycup,174,102,2,0.561,0.111,4
18,ycup,174,103,2,0.616,0.825,4
18,ycup,174,104,2,0.602,0.839,4
18,ycup,174,105,2,0.616,0.859,4
18,ycup,174,106,2,0.581,0.859,4
18,ycup,174,107,2,0.581,0.825,4
18,ycup,174,108,2,0.561,0.893,4
18,ycup,174,109,2,0.624,0.529,4
18,ycup,174,110,2,0.624,0.509,4
18,ycup,174,111,2,0.604,0.543,4
18,ycup,174,112,2,0.658,0.509,4
18,ycup,174,113,2,0.644,0.489,4
18,ycup,174,114,2,0.604,0.489,4
18,ycup,174,115,2,0.702,0.66,4
18,ycup,174,116,2,0.702,0.738,4
18,ycup,174,117,2,0.757,0.704,4
18,ycup,174,118,2,0.688,0.704,4
18,ycup,174,119,2,0.722,0.704,4
18,ycup,174,120,2,0.736,0.744,4
18,ycup,174,121,2,0.757,0.34,4
18,ycup,174,122,2,0.722,0.33,4
18,ycup,174,123,2,0.722,0.276,4
18,ycup,174,124,2,0.742,0.29,4
18,ycup,174,125,2,0.722,0.31,4
18,ycup,174,126,2,0.757,0.276,4
18,ycup,174,127,2,0.771,0.085,4
18,ycup,174,128,2,0.751,0.153,4
18,ycup,174,129,2,0.805,0.085,4
18,ycup,174,130,2,0.736,0.119,4
18,ycup,174,131,2,0.805,0.119,4
18,ycup,174,132,2,0.771,0.119,4
18,ycup,174,133,2,0.791,0.875,4
18,ycup,174,134,2,0.771,0.861,4
18,ycup,174,135,2,0.805,0.926,4
18,ycup,174,136,2,0.736,0.895,4
18,ycup,174,137,2,0.771,0.895,4
18,ycup,174,138,2,0.751,0.875,4
18,ycup,174,139,2,0.841,0.473,4
18,ycup,174,140,2,0.807,0.527,4
18,ycup,174,141,2,0.807,0.507,4
18,ycup,174,142,2,0.807,0.507,4
18,ycup,174,143,2,0.787,0.541,4
18,ycup,174,144,2,0.841,0.507,4
18,ycup,175,1,2,0.034,0.473,5
18,ycup,175,2,2,0,0.507,5
18,ycup,175,3,2,0.014,0.487,5
18,ycup,175,4,2,0.014,0.541,5
18,ycup,175,5,2,0.014,0.463,5
18,ycup,175,6,2,0.068,0.507,5
18,ycup,175,7,2,0.078,0.165,5
18,ycup,175,8,2,0.044,0.105,5
18,ycup,175,9,2,0.044,0.159,5
18,ycup,175,10,2,0.064,0.145,5
18,ycup,175,11,2,0.064,0.125,5
18,ycup,175,12,2,0.03,0.125,5
18,ycup,175,13,2,0.099,0.855,5
18,ycup,175,14,2,0.078,0.93,5
18,ycup,175,15,2,0.064,0.855,5
18,ycup,175,16,2,0.044,0.845,5
18,ycup,175,17,2,0.099,0.92,5
18,ycup,175,18,2,0.044,0.869,5
18,ycup,175,19,2,0.139,0.684,5
18,ycup,175,20,2,0.119,0.704,5
18,ycup,175,21,2,0.099,0.684,5
18,ycup,175,22,2,0.099,0.66,5
18,ycup,175,23,2,0.153,0.734,5
18,ycup,175,24,2,0.085,0.704,5
18,ycup,175,25,2,0.169,0.326,5
18,ycup,175,26,2,0.183,0.376,5
18,ycup,175,27,2,0.149,0.346,5
18,ycup,175,28,2,0.163,0.386,5
18,ycup,175,29,2,0.149,0.366,5
18,ycup,175,30,2,0.129,0.326,5
18,ycup,175,31,2,0.239,0.509,5
18,ycup,175,32,2,0.185,0.465,5
18,ycup,175,33,2,0.205,0.475,5
18,ycup,175,34,2,0.205,0.509,5
18,ycup,175,35,2,0.185,0.543,5
18,ycup,175,36,2,0.239,0.539,5
18,ycup,175,37,2,0.26,0.185,5
18,ycup,175,38,2,0.274,0.205,5
18,ycup,175,39,2,0.28,0.145,5
18,ycup,175,40,2,0.239,0.199,5
18,ycup,175,41,2,0.294,0.195,5
18,ycup,175,42,2,0.225,0.165,5
18,ycup,175,43,2,0.294,0.815,5
18,ycup,175,44,2,0.294,0.849,5
18,ycup,175,45,2,0.28,0.829,5
18,ycup,175,46,2,0.26,0.815,5
18,ycup,175,47,2,0.26,0.849,5
18,ycup,175,48,2,0.239,0.883,5
18,ycup,175,49,2,0.312,0.606,5
18,ycup,175,50,2,0.366,0.626,5
18,ycup,175,51,2,0.298,0.626,5
18,ycup,175,52,2,0.332,0.592,5
18,ycup,175,53,2,0.352,0.606,5
18,ycup,175,54,2,0.366,0.656,5
18,ycup,175,55,2,0.334,0.37,5
18,ycup,175,56,2,0.3,0.404,5
18,ycup,175,57,2,0.314,0.384,5
18,ycup,175,58,2,0.314,0.439,5
18,ycup,175,59,2,0.348,0.445,5
18,ycup,175,60,2,0.334,0.404,5
18,ycup,175,61,2,0.453,0.738,5
18,ycup,175,62,2,0.453,0.773,5
18,ycup,175,63,2,0.453,0.803,5
18,ycup,175,64,2,0.419,0.793,5
18,ycup,175,65,2,0.419,0.773,5
18,ycup,175,66,2,0.398,0.807,5
18,ycup,175,67,2,0.421,0.044,5
18,ycup,175,68,2,0.441,0.024,5
18,ycup,175,69,2,0.455,0.01,5
18,ycup,175,70,2,0.386,0.044,5
18,ycup,175,71,2,0.4,0.078,5
18,ycup,175,72,2,0.4,0,5
18,ycup,175,73,2,0.421,0.27,5
18,ycup,175,74,2,0.386,0.249,5
18,ycup,175,75,2,0.421,0.249,5
18,ycup,175,76,2,0.421,0.215,5
18,ycup,175,77,2,0.435,0.29,5
18,ycup,175,78,2,0.4,0.229,5
18,ycup,175,79,2,0.386,0.96,5
18,ycup,175,80,2,0.4,0.94,5
18,ycup,175,81,2,0.4,0.994,5
18,ycup,175,82,2,0.4,0.915,5
18,ycup,175,83,2,0.435,1,5
18,ycup,175,84,2,0.455,0.96,5
18,ycup,175,85,2,0.559,0.414,5
18,ycup,175,86,2,0.505,0.419,5
18,ycup,175,87,2,0.505,0.364,5
18,ycup,175,88,2,0.559,0.35,5
18,ycup,175,89,2,0.525,0.35,5
18,ycup,175,90,2,0.525,0.404,5
18,ycup,175,91,2,0.511,0.624,5
18,ycup,175,92,2,0.565,0.644,5
18,ycup,175,93,2,0.545,0.684,5
18,ycup,175,94,2,0.531,0.664,5
18,ycup,175,95,2,0.531,0.644,5
18,ycup,175,96,2,0.565,0.674,5
18,ycup,175,97,2,0.561,0.111,5
18,ycup,175,98,2,0.596,0.195,5
18,ycup,175,99,2,0.581,0.121,5
18,ycup,175,100,2,0.561,0.189,5
18,ycup,175,101,2,0.547,0.155,5
18,ycup,175,102,2,0.602,0.135,5
18,ycup,175,103,2,0.616,0.825,5
18,ycup,175,104,2,0.602,0.839,5
18,ycup,175,105,2,0.616,0.859,5
18,ycup,175,106,2,0.581,0.859,5
18,ycup,175,107,2,0.581,0.825,5
18,ycup,175,108,2,0.561,0.893,5
18,ycup,175,109,2,0.624,0.529,5
18,ycup,175,110,2,0.624,0.509,5
18,ycup,175,111,2,0.604,0.543,5
18,ycup,175,112,2,0.658,0.509,5
18,ycup,175,113,2,0.644,0.489,5
18,ycup,175,114,2,0.604,0.489,5
18,ycup,175,115,2,0.757,0.704,5
18,ycup,175,116,2,0.736,0.744,5
18,ycup,175,117,2,0.688,0.704,5
18,ycup,175,118,2,0.722,0.704,5
18,ycup,175,119,2,0.702,0.738,5
18,ycup,175,120,2,0.702,0.66,5
18,ycup,175,121,2,0.722,0.33,5
18,ycup,175,122,2,0.757,0.34,5
18,ycup,175,123,2,0.757,0.276,5
18,ycup,175,124,2,0.742,0.29,5
18,ycup,175,125,2,0.722,0.276,5
18,ycup,175,126,2,0.722,0.31,5
18,ycup,175,127,2,0.805,0.119,5
18,ycup,175,128,2,0.805,0.085,5
18,ycup,175,129,2,0.736,0.119,5
18,ycup,175,130,2,0.771,0.119,5
18,ycup,175,131,2,0.751,0.153,5
18,ycup,175,132,2,0.771,0.085,5
18,ycup,175,133,2,0.791,0.875,5
18,ycup,175,134,2,0.771,0.861,5
18,ycup,175,135,2,0.805,0.926,5
18,ycup,175,136,2,0.736,0.895,5
18,ycup,175,137,2,0.771,0.895,5
18,ycup,175,138,2,0.751,0.875,5
18,ycup,175,139,2,0.841,0.507,5
18,ycup,175,140,2,0.807,0.507,5
18,ycup,175,141,2,0.787,0.463,5
18,ycup,175,142,2,0.807,0.527,5
18,ycup,175,143,2,0.841,0.473,5
18,ycup,175,144,2,0.787,0.541,5
18,ycup,176,1,2,0.014,0.463,6
18,ycup,176,2,2,0,0.507,6
18,ycup,176,3,2,0.014,0.487,6
18,ycup,176,4,2,0.034,0.473,6
18,ycup,176,5,2,0.014,0.541,6
18,ycup,176,6,2,0.068,0.507,6
18,ycup,176,7,2,0.078,0.165,6
18,ycup,176,8,2,0.044,0.105,6
18,ycup,176,9,2,0.044,0.159,6
18,ycup,176,10,2,0.064,0.145,6
18,ycup,176,11,2,0.064,0.125,6
18,ycup,176,12,2,0.03,0.125,6
18,ycup,176,13,2,0.064,0.855,6
18,ycup,176,14,2,0.078,0.93,6
18,ycup,176,15,2,0.099,0.92,6
18,ycup,176,16,2,0.044,0.845,6
18,ycup,176,17,2,0.099,0.855,6
18,ycup,176,18,2,0.044,0.869,6
18,ycup,176,19,2,0.099,0.684,6
18,ycup,176,20,2,0.139,0.684,6
18,ycup,176,21,2,0.085,0.704,6
18,ycup,176,22,2,0.153,0.734,6
18,ycup,176,23,2,0.119,0.704,6
18,ycup,176,24,2,0.099,0.66,6
18,ycup,176,25,2,0.149,0.366,6
18,ycup,176,26,2,0.183,0.376,6
18,ycup,176,27,2,0.169,0.326,6
18,ycup,176,28,2,0.129,0.326,6
18,ycup,176,29,2,0.163,0.386,6
18,ycup,176,30,2,0.149,0.346,6
18,ycup,176,31,2,0.185,0.465,6
18,ycup,176,32,2,0.185,0.543,6
18,ycup,176,33,2,0.239,0.509,6
18,ycup,176,34,2,0.239,0.539,6
18,ycup,176,35,2,0.185,0.489,6
18,ycup,176,36,2,0.205,0.475,6
18,ycup,176,37,2,0.239,0.199,6
18,ycup,176,38,2,0.225,0.165,6
18,ycup,176,39,2,0.274,0.205,6
18,ycup,176,40,2,0.28,0.145,6
18,ycup,176,41,2,0.26,0.185,6
18,ycup,176,42,2,0.294,0.195,6
18,ycup,176,43,2,0.294,0.849,6
18,ycup,176,44,2,0.294,0.815,6
18,ycup,176,45,2,0.239,0.883,6
18,ycup,176,46,2,0.26,0.849,6
18,ycup,176,47,2,0.26,0.815,6
18,ycup,176,48,2,0.28,0.829,6
18,ycup,176,49,2,0.298,0.626,6
18,ycup,176,50,2,0.352,0.606,6
18,ycup,176,51,2,0.366,0.626,6
18,ycup,176,52,2,0.332,0.592,6
18,ycup,176,53,2,0.366,0.656,6
18,ycup,176,54,2,0.312,0.606,6
18,ycup,176,55,2,0.334,0.37,6
18,ycup,176,56,2,0.3,0.404,6
18,ycup,176,57,2,0.314,0.384,6
18,ycup,176,58,2,0.314,0.439,6
18,ycup,176,59,2,0.348,0.445,6
18,ycup,176,60,2,0.334,0.404,6
18,ycup,176,61,2,0.419,0.793,6
18,ycup,176,62,2,0.419,0.773,6
18,ycup,176,63,2,0.398,0.807,6
18,ycup,176,64,2,0.453,0.738,6
18,ycup,176,65,2,0.453,0.773,6
18,ycup,176,66,2,0.453,0.803,6
18,ycup,176,67,2,0.455,0.01,6
18,ycup,176,68,2,0.441,0.024,6
18,ycup,176,69,2,0.421,0.044,6
18,ycup,176,70,2,0.4,0.078,6
18,ycup,176,71,2,0.4,0,6
18,ycup,176,72,2,0.386,0.044,6
18,ycup,176,73,2,0.435,0.29,6
18,ycup,176,74,2,0.421,0.249,6
18,ycup,176,75,2,0.421,0.215,6
18,ycup,176,76,2,0.421,0.27,6
18,ycup,176,77,2,0.4,0.229,6
18,ycup,176,78,2,0.386,0.249,6
18,ycup,176,79,2,0.4,0.994,6
18,ycup,176,80,2,0.435,1,6
18,ycup,176,81,2,0.4,0.915,6
18,ycup,176,82,2,0.386,0.96,6
18,ycup,176,83,2,0.4,0.94,6
18,ycup,176,84,2,0.455,0.96,6
18,ycup,176,85,2,0.559,0.414,6
18,ycup,176,86,2,0.505,0.419,6
18,ycup,176,87,2,0.505,0.364,6
18,ycup,176,88,2,0.559,0.35,6
18,ycup,176,89,2,0.525,0.35,6
18,ycup,176,90,2,0.525,0.404,6
18,ycup,176,91,2,0.511,0.624,6
18,ycup,176,92,2,0.565,0.674,6
18,ycup,176,93,2,0.531,0.664,6
18,ycup,176,94,2,0.545,0.684,6
18,ycup,176,95,2,0.565,0.644,6
18,ycup,176,96,2,0.531,0.644,6
18,ycup,176,97,2,0.581,0.121,6
18,ycup,176,98,2,0.602,0.135,6
18,ycup,176,99,2,0.596,0.195,6
18,ycup,176,100,2,0.547,0.155,6
18,ycup,176,101,2,0.561,0.189,6
18,ycup,176,102,2,0.561,0.111,6
18,ycup,176,103,2,0.616,0.825,6
18,ycup,176,104,2,0.602,0.839,6
18,ycup,176,105,2,0.616,0.859,6
18,ycup,176,106,2,0.581,0.859,6
18,ycup,176,107,2,0.581,0.825,6
18,ycup,176,108,2,0.561,0.893,6
18,ycup,176,109,2,0.624,0.529,6
18,ycup,176,110,2,0.624,0.509,6
18,ycup,176,111,2,0.604,0.543,6
18,ycup,176,112,2,0.658,0.509,6
18,ycup,176,113,2,0.644,0.489,6
18,ycup,176,114,2,0.604,0.489,6
18,ycup,176,115,2,0.702,0.66,6
18,ycup,176,116,2,0.702,0.738,6
18,ycup,176,117,2,0.736,0.744,6
18,ycup,176,118,2,0.688,0.704,6
18,ycup,176,119,2,0.722,0.704,6
18,ycup,176,120,2,0.757,0.704,6
18,ycup,176,121,2,0.722,0.33,6
18,ycup,176,122,2,0.722,0.31,6
18,ycup,176,123,2,0.722,0.276,6
18,ycup,176,124,2,0.742,0.29,6
18,ycup,176,125,2,0.757,0.276,6
18,ycup,176,126,2,0.757,0.34,6
18,ycup,176,127,2,0.771,0.119,6
18,ycup,176,128,2,0.751,0.153,6
18,ycup,176,129,2,0.805,0.085,6
18,ycup,176,130,2,0.736,0.119,6
18,ycup,176,131,2,0.805,0.119,6
18,ycup,176,132,2,0.771,0.085,6
18,ycup,176,133,2,0.791,0.875,6
18,ycup,176,134,2,0.771,0.861,6
18,ycup,176,135,2,0.805,0.926,6
18,ycup,176,136,2,0.736,0.895,6
18,ycup,176,137,2,0.771,0.895,6
18,ycup,176,138,2,0.751,0.875,6
18,ycup,176,139,2,0.807,0.527,6
18,ycup,176,140,2,0.807,0.507,6
18,ycup,176,141,2,0.787,0.541,6
18,ycup,176,142,2,0.787,0.463,6
18,ycup,176,143,2,0.841,0.473,6
18,ycup,176,144,2,0.841,0.507,6
18,ycup,177,1,2,0,0.507,7
18,ycup,177,2,2,0.014,0.541,7
18,ycup,177,3,2,0.034,0.473,7
18,ycup,177,4,2,0.014,0.487,7
18,ycup,177,5,2,0.068,0.507,7
18,ycup,177,6,2,0.014,0.463,7
18,ycup,177,7,2,0.078,0.165,7
18,ycup,177,8,2,0.044,0.105,7
18,ycup,177,9,2,0.044,0.159,7
18,ycup,177,10,2,0.064,0.145,7
18,ycup,177,11,2,0.064,0.125,7
18,ycup,177,12,2,0.03,0.125,7
18,ycup,177,13,2,0.078,0.93,7
18,ycup,177,14,2,0.044,0.869,7
18,ycup,177,15,2,0.099,0.855,7
18,ycup,177,16,2,0.099,0.92,7
18,ycup,177,17,2,0.064,0.855,7
18,ycup,177,18,2,0.044,0.845,7
18,ycup,177,19,2,0.153,0.734,7
18,ycup,177,20,2,0.139,0.684,7
18,ycup,177,21,2,0.085,0.704,7
18,ycup,177,22,2,0.099,0.66,7
18,ycup,177,23,2,0.119,0.704,7
18,ycup,177,24,2,0.099,0.684,7
18,ycup,177,25,2,0.149,0.366,7
18,ycup,177,26,2,0.183,0.376,7
18,ycup,177,27,2,0.169,0.326,7
18,ycup,177,28,2,0.129,0.326,7
18,ycup,177,29,2,0.163,0.386,7
18,ycup,177,30,2,0.149,0.346,7
18,ycup,177,31,2,0.205,0.475,7
18,ycup,177,32,2,0.239,0.509,7
18,ycup,177,33,2,0.185,0.543,7
18,ycup,177,34,2,0.185,0.465,7
18,ycup,177,35,2,0.239,0.539,7
18,ycup,177,36,2,0.185,0.489,7
18,ycup,177,37,2,0.26,0.185,7
18,ycup,177,38,2,0.274,0.205,7
18,ycup,177,39,2,0.28,0.145,7
18,ycup,177,40,2,0.239,0.199,7
18,ycup,177,41,2,0.294,0.195,7
18,ycup,177,42,2,0.225,0.165,7
18,ycup,177,43,2,0.28,0.829,7
18,ycup,177,44,2,0.26,0.815,7
18,ycup,177,45,2,0.294,0.849,7
18,ycup,177,46,2,0.294,0.815,7
18,ycup,177,47,2,0.239,0.883,7
18,ycup,177,48,2,0.26,0.849,7
18,ycup,177,49,2,0.312,0.606,7
18,ycup,177,50,2,0.366,0.626,7
18,ycup,177,51,2,0.298,0.626,7
18,ycup,177,52,2,0.332,0.592,7
18,ycup,177,53,2,0.352,0.606,7
18,ycup,177,54,2,0.366,0.656,7
18,ycup,177,55,2,0.334,0.37,7
18,ycup,177,56,2,0.3,0.404,7
18,ycup,177,57,2,0.314,0.384,7
18,ycup,177,58,2,0.314,0.439,7
18,ycup,177,59,2,0.348,0.445,7
18,ycup,177,60,2,0.334,0.404,7
18,ycup,177,61,2,0.419,0.773,7
18,ycup,177,62,2,0.398,0.807,7
18,ycup,177,63,2,0.453,0.738,7
18,ycup,177,64,2,0.453,0.773,7
18,ycup,177,65,2,0.453,0.803,7
18,ycup,177,66,2,0.419,0.793,7
18,ycup,177,67,2,0.421,0.044,7
18,ycup,177,68,2,0.441,0.024,7
18,ycup,177,69,2,0.455,0.01,7
18,ycup,177,70,2,0.386,0.044,7
18,ycup,177,71,2,0.4,0.078,7
18,ycup,177,72,2,0.4,0,7
18,ycup,177,73,2,0.421,0.27,7
18,ycup,177,74,2,0.386,0.249,7
18,ycup,177,75,2,0.421,0.249,7
18,ycup,177,76,2,0.421,0.215,7
18,ycup,177,77,2,0.435,0.29,7
18,ycup,177,78,2,0.4,0.229,7
18,ycup,177,79,2,0.386,0.96,7
18,ycup,177,80,2,0.4,0.94,7
18,ycup,177,81,2,0.4,0.994,7
18,ycup,177,82,2,0.4,0.915,7
18,ycup,177,83,2,0.435,1,7
18,ycup,177,84,2,0.455,0.96,7
18,ycup,177,85,2,0.559,0.414,7
18,ycup,177,86,2,0.505,0.419,7
18,ycup,177,87,2,0.505,0.364,7
18,ycup,177,88,2,0.559,0.35,7
18,ycup,177,89,2,0.525,0.35,7
18,ycup,177,90,2,0.525,0.404,7
18,ycup,177,91,2,0.511,0.624,7
18,ycup,177,92,2,0.565,0.644,7
18,ycup,177,93,2,0.545,0.684,7
18,ycup,177,94,2,0.531,0.664,7
18,ycup,177,95,2,0.531,0.644,7
18,ycup,177,96,2,0.565,0.674,7
18,ycup,177,97,2,0.561,0.111,7
18,ycup,177,98,2,0.596,0.195,7
18,ycup,177,99,2,0.581,0.121,7
18,ycup,177,100,2,0.561,0.189,7
18,ycup,177,101,2,0.547,0.155,7
18,ycup,177,102,2,0.602,0.135,7
18,ycup,177,103,2,0.616,0.825,7
18,ycup,177,104,2,0.602,0.839,7
18,ycup,177,105,2,0.616,0.859,7
18,ycup,177,106,2,0.581,0.859,7
18,ycup,177,107,2,0.581,0.825,7
18,ycup,177,108,2,0.561,0.893,7
18,ycup,177,109,2,0.624,0.529,7
18,ycup,177,110,2,0.624,0.509,7
18,ycup,177,111,2,0.604,0.543,7
18,ycup,177,112,2,0.658,0.509,7
18,ycup,177,113,2,0.644,0.489,7
18,ycup,177,114,2,0.604,0.489,7
18,ycup,177,115,2,0.757,0.704,7
18,ycup,177,116,2,0.736,0.744,7
18,ycup,177,117,2,0.688,0.704,7
18,ycup,177,118,2,0.722,0.704,7
18,ycup,177,119,2,0.702,0.738,7
18,ycup,177,120,2,0.702,0.66,7
18,ycup,177,121,2,0.722,0.33,7
18,ycup,177,122,2,0.757,0.34,7
18,ycup,177,123,2,0.757,0.276,7
18,ycup,177,124,2,0.742,0.29,7
18,ycup,177,125,2,0.722,0.276,7
18,ycup,177,126,2,0.722,0.31,7
18,ycup,177,127,2,0.805,0.119,7
18,ycup,177,128,2,0.805,0.085,7
18,ycup,177,129,2,0.736,0.119,7
18,ycup,177,130,2,0.771,0.119,7
18,ycup,177,131,2,0.751,0.153,7
18,ycup,177,132,2,0.771,0.085,7
18,ycup,177,133,2,0.791,0.875,7
18,ycup,177,134,2,0.771,0.861,7
18,ycup,177,135,2,0.805,0.926,7
18,ycup,177,136,2,0.736,0.895,7
18,ycup,177,137,2,0.771,0.895,7
18,ycup,177,138,2,0.751,0.875,7
18,ycup,177,139,2,0.841,0.507,7
18,ycup,177,140,2,0.807,0.507,7
18,ycup,177,141,2,0.787,0.463,7
18,ycup,177,142,2,0.807,0.527,7
18,ycup,177,143,2,0.841,0.473,7
18,ycup,177,144,2,0.787,0.541,7
18,ycup,178,1,2,0.014,0.463,8
18,ycup,178,2,2,0,0.507,8
18,ycup,178,3,2,0.014,0.487,8
18,ycup,178,4,2,0.034,0.473,8
18,ycup,178,5,2,0.014,0.541,8
18,ycup,178,6,2,0.068,0.507,8
18,ycup,178,7,2,0.078,0.165,8
18,ycup,178,8,2,0.044,0.105,8
18,ycup,178,9,2,0.044,0.159,8
18,ycup,178,10,2,0.064,0.145,8
18,ycup,178,11,2,0.064,0.125,8
18,ycup,178,12,2,0.03,0.125,8
18,ycup,178,13,2,0.064,0.855,8
18,ycup,178,14,2,0.078,0.93,8
18,ycup,178,15,2,0.099,0.92,8
18,ycup,178,16,2,0.044,0.845,8
18,ycup,178,17,2,0.099,0.855,8
18,ycup,178,18,2,0.044,0.869,8
18,ycup,178,19,2,0.099,0.684,8
18,ycup,178,20,2,0.139,0.684,8
18,ycup,178,21,2,0.085,0.704,8
18,ycup,178,22,2,0.153,0.734,8
18,ycup,178,23,2,0.119,0.704,8
18,ycup,178,24,2,0.099,0.66,8
18,ycup,178,25,2,0.149,0.366,8
18,ycup,178,26,2,0.183,0.376,8
18,ycup,178,27,2,0.169,0.326,8
18,ycup,178,28,2,0.129,0.326,8
18,ycup,178,29,2,0.163,0.386,8
18,ycup,178,30,2,0.149,0.346,8
18,ycup,178,31,2,0.185,0.465,8
18,ycup,178,32,2,0.185,0.543,8
18,ycup,178,33,2,0.239,0.509,8
18,ycup,178,34,2,0.239,0.539,8
18,ycup,178,35,2,0.185,0.489,8
18,ycup,178,36,2,0.205,0.475,8
18,ycup,178,37,2,0.26,0.185,8
18,ycup,178,38,2,0.274,0.205,8
18,ycup,178,39,2,0.28,0.145,8
18,ycup,178,40,2,0.239,0.199,8
18,ycup,178,41,2,0.294,0.195,8
18,ycup,178,42,2,0.225,0.165,8
18,ycup,178,43,2,0.294,0.849,8
18,ycup,178,44,2,0.294,0.815,8
18,ycup,178,45,2,0.239,0.883,8
18,ycup,178,46,2,0.26,0.849,8
18,ycup,178,47,2,0.26,0.815,8
18,ycup,178,48,2,0.28,0.829,8
18,ycup,178,49,2,0.298,0.626,8
18,ycup,178,50,2,0.352,0.606,8
18,ycup,178,51,2,0.366,0.626,8
18,ycup,178,52,2,0.332,0.592,8
18,ycup,178,53,2,0.366,0.656,8
18,ycup,178,54,2,0.312,0.606,8
18,ycup,178,55,2,0.334,0.404,8
18,ycup,178,56,2,0.314,0.384,8
18,ycup,178,57,2,0.348,0.445,8
18,ycup,178,58,2,0.3,0.404,8
18,ycup,178,59,2,0.334,0.37,8
18,ycup,178,60,2,0.314,0.439,8
18,ycup,178,61,2,0.419,0.793,8
18,ycup,178,62,2,0.419,0.773,8
18,ycup,178,63,2,0.398,0.807,8
18,ycup,178,64,2,0.453,0.738,8
18,ycup,178,65,2,0.453,0.773,8
18,ycup,178,66,2,0.453,0.803,8
18,ycup,178,67,2,0.421,0.044,8
18,ycup,178,68,2,0.441,0.024,8
18,ycup,178,69,2,0.455,0.01,8
18,ycup,178,70,2,0.386,0.044,8
18,ycup,178,71,2,0.4,0.078,8
18,ycup,178,72,2,0.4,0,8
18,ycup,178,73,2,0.435,0.29,8
18,ycup,178,74,2,0.421,0.27,8
18,ycup,178,75,2,0.421,0.215,8
18,ycup,178,76,2,0.421,0.249,8
18,ycup,178,77,2,0.4,0.229,8
18,ycup,178,78,2,0.386,0.249,8
18,ycup,178,79,2,0.4,0.994,8
18,ycup,178,80,2,0.435,1,8
18,ycup,178,81,2,0.4,0.915,8
18,ycup,178,82,2,0.386,0.96,8
18,ycup,178,83,2,0.4,0.94,8
18,ycup,178,84,2,0.455,0.96,8
18,ycup,178,85,2,0.559,0.35,8
18,ycup,178,86,2,0.525,0.404,8
18,ycup,178,87,2,0.559,0.414,8
18,ycup,178,88,2,0.505,0.364,8
18,ycup,178,89,2,0.505,0.419,8
18,ycup,178,90,2,0.525,0.35,8
18,ycup,178,91,2,0.511,0.624,8
18,ycup,178,92,2,0.565,0.644,8
18,ycup,178,93,2,0.545,0.684,8
18,ycup,178,94,2,0.531,0.664,8
18,ycup,178,95,2,0.531,0.644,8
18,ycup,178,96,2,0.565,0.674,8
18,ycup,178,97,2,0.561,0.111,8
18,ycup,178,98,2,0.596,0.195,8
18,ycup,178,99,2,0.581,0.121,8
18,ycup,178,100,2,0.561,0.189,8
18,ycup,178,101,2,0.547,0.155,8
18,ycup,178,102,2,0.602,0.135,8
18,ycup,178,103,2,0.616,0.825,8
18,ycup,178,104,2,0.602,0.839,8
18,ycup,178,105,2,0.616,0.859,8
18,ycup,178,106,2,0.581,0.859,8
18,ycup,178,107,2,0.581,0.825,8
18,ycup,178,108,2,0.561,0.893,8
18,ycup,178,109,2,0.624,0.529,8
18,ycup,178,110,2,0.624,0.509,8
18,ycup,178,111,2,0.604,0.543,8
18,ycup,178,112,2,0.658,0.509,8
18,ycup,178,113,2,0.644,0.489,8
18,ycup,178,114,2,0.604,0.489,8
18,ycup,178,115,2,0.702,0.66,8
18,ycup,178,116,2,0.702,0.738,8
18,ycup,178,117,2,0.688,0.704,8
18,ycup,178,118,2,0.736,0.744,8
18,ycup,178,119,2,0.722,0.704,8
18,ycup,178,120,2,0.757,0.704,8
18,ycup,178,121,2,0.722,0.33,8
18,ycup,178,122,2,0.722,0.31,8
18,ycup,178,123,2,0.722,0.276,8
18,ycup,178,124,2,0.742,0.29,8
18,ycup,178,125,2,0.757,0.276,8
18,ycup,178,126,2,0.757,0.34,8
18,ycup,178,127,2,0.771,0.085,8
18,ycup,178,128,2,0.751,0.153,8
18,ycup,178,129,2,0.805,0.085,8
18,ycup,178,130,2,0.736,0.119,8
18,ycup,178,131,2,0.805,0.119,8
18,ycup,178,132,2,0.771,0.119,8
18,ycup,178,133,2,0.771,0.861,8
18,ycup,178,134,2,0.736,0.895,8
18,ycup,178,135,2,0.791,0.875,8
18,ycup,178,136,2,0.771,0.895,8
18,ycup,178,137,2,0.751,0.875,8
18,ycup,178,138,2,0.805,0.926,8
18,ycup,178,139,2,0.807,0.507,8
18,ycup,178,140,2,0.787,0.463,8
18,ycup,178,141,2,0.807,0.507,8
18,ycup,178,142,2,0.841,0.473,8
18,ycup,178,143,2,0.841,0.507,8
18,ycup,178,144,2,0.787,0.541,8
18,ycup,179,1,2,0.014,0.463,9
18,ycup,179,2,2,0.014,0.541,9
18,ycup,179,3,2,0.034,0.473,9
18,ycup,179,4,2,0,0.507,9
18,ycup,179,5,2,0.068,0.507,9
18,ycup,179,6,2,0.014,0.487,9
18,ycup,179,7,2,0.078,0.165,9
18,ycup,179,8,2,0.03,0.125,9
18,ycup,179,9,2,0.044,0.105,9
18,ycup,179,10,2,0.044,0.159,9
18,ycup,179,11,2,0.064,0.145,9
18,ycup,179,12,2,0.064,0.125,9
18,ycup,179,13,2,0.078,0.93,9
18,ycup,179,14,2,0.044,0.869,9
18,ycup,179,15,2,0.099,0.855,9
18,ycup,179,16,2,0.064,0.855,9
18,ycup,179,17,2,0.044,0.845,9
18,ycup,179,18,2,0.099,0.92,9
18,ycup,179,19,2,0.139,0.684,9
18,ycup,179,20,2,0.119,0.704,9
18,ycup,179,21,2,0.085,0.704,9
18,ycup,179,22,2,0.099,0.66,9
18,ycup,179,23,2,0.153,0.734,9
18,ycup,179,24,2,0.099,0.684,9
18,ycup,179,25,2,0.129,0.326,9
18,ycup,179,26,2,0.149,0.346,9
18,ycup,179,27,2,0.149,0.366,9
18,ycup,179,28,2,0.169,0.326,9
18,ycup,179,29,2,0.163,0.386,9
18,ycup,179,30,2,0.183,0.376,9
18,ycup,179,31,2,0.185,0.465,9
18,ycup,179,32,2,0.185,0.543,9
18,ycup,179,33,2,0.239,0.509,9
18,ycup,179,34,2,0.239,0.539,9
18,ycup,179,35,2,0.185,0.489,9
18,ycup,179,36,2,0.205,0.475,9
18,ycup,179,37,2,0.239,0.199,9
18,ycup,179,38,2,0.274,0.205,9
18,ycup,179,39,2,0.225,0.165,9
18,ycup,179,40,2,0.26,0.185,9
18,ycup,179,41,2,0.28,0.145,9
18,ycup,179,42,2,0.294,0.195,9
18,ycup,179,43,2,0.28,0.829,9
18,ycup,179,44,2,0.26,0.815,9
18,ycup,179,45,2,0.294,0.849,9
18,ycup,179,46,2,0.294,0.815,9
18,ycup,179,47,2,0.26,0.849,9
18,ycup,179,48,2,0.239,0.883,9
18,ycup,179,49,2,0.298,0.626,9
18,ycup,179,50,2,0.352,0.606,9
18,ycup,179,51,2,0.366,0.626,9
18,ycup,179,52,2,0.332,0.592,9
18,ycup,179,53,2,0.366,0.656,9
18,ycup,179,54,2,0.312,0.606,9
18,ycup,179,55,2,0.334,0.404,9
18,ycup,179,56,2,0.314,0.384,9
18,ycup,179,57,2,0.348,0.445,9
18,ycup,179,58,2,0.3,0.404,9
18,ycup,179,59,2,0.334,0.37,9
18,ycup,179,60,2,0.314,0.439,9
18,ycup,179,61,2,0.419,0.793,9
18,ycup,179,62,2,0.419,0.773,9
18,ycup,179,63,2,0.398,0.807,9
18,ycup,179,64,2,0.453,0.738,9
18,ycup,179,65,2,0.453,0.773,9
18,ycup,179,66,2,0.453,0.803,9
18,ycup,179,67,2,0.421,0.044,9
18,ycup,179,68,2,0.441,0.024,9
18,ycup,179,69,2,0.455,0.01,9
18,ycup,179,70,2,0.386,0.044,9
18,ycup,179,71,2,0.4,0.078,9
18,ycup,179,72,2,0.4,0,9
18,ycup,179,73,2,0.421,0.27,9
18,ycup,179,74,2,0.386,0.249,9
18,ycup,179,75,2,0.421,0.249,9
18,ycup,179,76,2,0.421,0.215,9
18,ycup,179,77,2,0.435,0.29,9
18,ycup,179,78,2,0.4,0.229,9
18,ycup,179,79,2,0.386,0.96,9
18,ycup,179,80,2,0.4,0.94,9
18,ycup,179,81,2,0.4,0.994,9
18,ycup,179,82,2,0.4,0.915,9
18,ycup,179,83,2,0.435,1,9
18,ycup,179,84,2,0.455,0.96,9
18,ycup,179,85,2,0.559,0.414,9
18,ycup,179,86,2,0.505,0.419,9
18,ycup,179,87,2,0.505,0.364,9
18,ycup,179,88,2,0.559,0.35,9
18,ycup,179,89,2,0.525,0.35,9
18,ycup,179,90,2,0.525,0.404,9
18,ycup,179,91,2,0.511,0.624,9
18,ycup,179,92,2,0.565,0.644,9
18,ycup,179,93,2,0.545,0.684,9
18,ycup,179,94,2,0.531,0.664,9
18,ycup,179,95,2,0.531,0.644,9
18,ycup,179,96,2,0.565,0.674,9
18,ycup,179,97,2,0.561,0.111,9
18,ycup,179,98,2,0.596,0.195,9
18,ycup,179,99,2,0.581,0.121,9
18,ycup,179,100,2,0.561,0.189,9
18,ycup,179,101,2,0.547,0.155,9
18,ycup,179,102,2,0.602,0.135,9
18,ycup,179,103,2,0.561,0.893,9
18,ycup,179,104,2,0.581,0.859,9
18,ycup,179,105,2,0.581,0.825,9
18,ycup,179,106,2,0.602,0.839,9
18,ycup,179,107,2,0.616,0.859,9
18,ycup,179,108,2,0.616,0.825,9
18,ycup,179,109,2,0.624,0.529,9
18,ycup,179,110,2,0.624,0.509,9
18,ycup,179,111,2,0.604,0.543,9
18,ycup,179,112,2,0.658,0.509,9
18,ycup,179,113,2,0.644,0.489,9
18,ycup,179,114,2,0.604,0.489,9
18,ycup,179,115,2,0.757,0.704,9
18,ycup,179,116,2,0.736,0.744,9
18,ycup,179,117,2,0.688,0.704,9
18,ycup,179,118,2,0.722,0.704,9
18,ycup,179,119,2,0.702,0.738,9
18,ycup,179,120,2,0.702,0.66,9
18,ycup,179,121,2,0.722,0.33,9
18,ycup,179,122,2,0.757,0.34,9
18,ycup,179,123,2,0.757,0.276,9
18,ycup,179,124,2,0.742,0.29,9
18,ycup,179,125,2,0.722,0.276,9
18,ycup,179,126,2,0.722,0.31,9
18,ycup,179,127,2,0.805,0.119,9
18,ycup,179,128,2,0.805,0.085,9
18,ycup,179,129,2,0.736,0.119,9
18,ycup,179,130,2,0.771,0.119,9
18,ycup,179,131,2,0.751,0.153,9
18,ycup,179,132,2,0.771,0.085,9
18,ycup,179,133,2,0.791,0.875,9
18,ycup,179,134,2,0.771,0.861,9
18,ycup,179,135,2,0.805,0.926,9
18,ycup,179,136,2,0.736,0.895,9
18,ycup,179,137,2,0.771,0.895,9
18,ycup,179,138,2,0.751,0.875,9
18,ycup,179,139,2,0.841,0.507,9
18,ycup,179,140,2,0.807,0.507,9
18,ycup,179,141,2,0.787,0.463,9
18,ycup,179,142,2,0.807,0.527,9
18,ycup,179,143,2,0.841,0.473,9
18,ycup,179,144,2,0.787,0.541,9
18,ycup,180,1,2,0.014,0.463,10
18,ycup,180,2,2,0,0.507,10
18,ycup,180,3,2,0.014,0.487,10
18,ycup,180,4,2,0.034,0.473,10
18,ycup,180,5,2,0.014,0.541,10
18,ycup,180,6,2,0.068,0.507,10
18,ycup,180,7,2,0.078,0.165,10
18,ycup,180,8,2,0.044,0.105,10
18,ycup,180,9,2,0.044,0.159,10
18,ycup,180,10,2,0.064,0.145,10
18,ycup,180,11,2,0.064,0.125,10
18,ycup,180,12,2,0.03,0.125,10
18,ycup,180,13,2,0.064,0.855,10
18,ycup,180,14,2,0.078,0.93,10
18,ycup,180,15,2,0.099,0.92,10
18,ycup,180,16,2,0.044,0.845,10
18,ycup,180,17,2,0.099,0.855,10
18,ycup,180,18,2,0.044,0.869,10
18,ycup,180,19,2,0.099,0.684,10
18,ycup,180,20,2,0.139,0.684,10
18,ycup,180,21,2,0.085,0.704,10
18,ycup,180,22,2,0.153,0.734,10
18,ycup,180,23,2,0.119,0.704,10
18,ycup,180,24,2,0.099,0.66,10
18,ycup,180,25,2,0.149,0.366,10
18,ycup,180,26,2,0.183,0.376,10
18,ycup,180,27,2,0.169,0.326,10
18,ycup,180,28,2,0.129,0.326,10
18,ycup,180,29,2,0.163,0.386,10
18,ycup,180,30,2,0.149,0.346,10
18,ycup,180,31,2,0.185,0.465,10
18,ycup,180,32,2,0.185,0.543,10
18,ycup,180,33,2,0.239,0.509,10
18,ycup,180,34,2,0.239,0.539,10
18,ycup,180,35,2,0.185,0.489,10
18,ycup,180,36,2,0.205,0.475,10
18,ycup,180,37,2,0.26,0.185,10
18,ycup,180,38,2,0.274,0.205,10
18,ycup,180,39,2,0.28,0.145,10
18,ycup,180,40,2,0.239,0.199,10
18,ycup,180,41,2,0.294,0.195,10
18,ycup,180,42,2,0.225,0.165,10
18,ycup,180,43,2,0.294,0.849,10
18,ycup,180,44,2,0.294,0.815,10
18,ycup,180,45,2,0.239,0.883,10
18,ycup,180,46,2,0.26,0.849,10
18,ycup,180,47,2,0.26,0.815,10
18,ycup,180,48,2,0.28,0.829,10
18,ycup,180,49,2,0.298,0.626,10
18,ycup,180,50,2,0.352,0.606,10
18,ycup,180,51,2,0.366,0.626,10
18,ycup,180,52,2,0.332,0.592,10
18,ycup,180,53,2,0.366,0.656,10
18,ycup,180,54,2,0.312,0.606,10
18,ycup,180,55,2,0.334,0.37,10
18,ycup,180,56,2,0.3,0.404,10
18,ycup,180,57,2,0.314,0.384,10
18,ycup,180,58,2,0.314,0.439,10
18,ycup,180,59,2,0.348,0.445,10
18,ycup,180,60,2,0.334,0.404,10
18,ycup,180,61,2,0.419,0.793,10
18,ycup,180,62,2,0.419,0.773,10
18,ycup,180,63,2,0.398,0.807,10
18,ycup,180,64,2,0.453,0.738,10
18,ycup,180,65,2,0.453,0.773,10
18,ycup,180,66,2,0.453,0.803,10
18,ycup,180,67,2,0.421,0.044,10
18,ycup,180,68,2,0.441,0.024,10
18,ycup,180,69,2,0.455,0.01,10
18,ycup,180,70,2,0.386,0.044,10
18,ycup,180,71,2,0.4,0.078,10
18,ycup,180,72,2,0.4,0,10
18,ycup,180,73,2,0.421,0.27,10
18,ycup,180,74,2,0.386,0.249,10
18,ycup,180,75,2,0.421,0.249,10
18,ycup,180,76,2,0.421,0.215,10
18,ycup,180,77,2,0.435,0.29,10
18,ycup,180,78,2,0.4,0.229,10
18,ycup,180,79,2,0.4,0.915,10
18,ycup,180,80,2,0.435,1,10
18,ycup,180,81,2,0.455,0.96,10
18,ycup,180,82,2,0.386,0.96,10
18,ycup,180,83,2,0.4,0.94,10
18,ycup,180,84,2,0.4,0.994,10
18,ycup,180,85,2,0.505,0.364,10
18,ycup,180,86,2,0.559,0.414,10
18,ycup,180,87,2,0.559,0.35,10
18,ycup,180,88,2,0.525,0.404,10
18,ycup,180,89,2,0.525,0.35,10
18,ycup,180,90,2,0.505,0.419,10
18,ycup,180,91,2,0.511,0.624,10
18,ycup,180,92,2,0.565,0.644,10
18,ycup,180,93,2,0.545,0.684,10
18,ycup,180,94,2,0.531,0.664,10
18,ycup,180,95,2,0.531,0.644,10
18,ycup,180,96,2,0.565,0.674,10
18,ycup,180,97,2,0.561,0.189,10
18,ycup,180,98,2,0.581,0.121,10
18,ycup,180,99,2,0.547,0.155,10
18,ycup,180,100,2,0.561,0.111,10
18,ycup,180,101,2,0.596,0.195,10
18,ycup,180,102,2,0.602,0.135,10
18,ycup,180,103,2,0.602,0.839,10
18,ycup,180,104,2,0.616,0.859,10
18,ycup,180,105,2,0.616,0.825,10
18,ycup,180,106,2,0.581,0.825,10
18,ycup,180,107,2,0.581,0.859,10
18,ycup,180,108,2,0.561,0.893,10
18,ycup,180,109,2,0.624,0.529,10
18,ycup,180,110,2,0.624,0.509,10
18,ycup,180,111,2,0.604,0.543,10
18,ycup,180,112,2,0.658,0.509,10
18,ycup,180,113,2,0.644,0.489,10
18,ycup,180,114,2,0.604,0.489,10
18,ycup,180,115,2,0.688,0.704,10
18,ycup,180,116,2,0.722,0.704,10
18,ycup,180,117,2,0.702,0.66,10
18,ycup,180,118,2,0.736,0.744,10
18,ycup,180,119,2,0.702,0.738,10
18,ycup,180,120,2,0.757,0.704,10
18,ycup,180,121,2,0.722,0.276,10
18,ycup,180,122,2,0.722,0.31,10
18,ycup,180,123,2,0.722,0.33,10
18,ycup,180,124,2,0.757,0.276,10
18,ycup,180,125,2,0.757,0.34,10
18,ycup,180,126,2,0.742,0.29,10
18,ycup,180,127,2,0.771,0.085,10
18,ycup,180,128,2,0.751,0.153,10
18,ycup,180,129,2,0.805,0.119,10
18,ycup,180,130,2,0.736,0.119,10
18,ycup,180,131,2,0.805,0.085,10
18,ycup,180,132,2,0.771,0.119,10
18,ycup,180,133,2,0.771,0.861,10
18,ycup,180,134,2,0.791,0.875,10
18,ycup,180,135,2,0.751,0.875,10
18,ycup,180,136,2,0.771,0.895,10
18,ycup,180,137,2,0.805,0.926,10
18,ycup,180,138,2,0.736,0.895,10
18,ycup,180,139,2,0.807,0.507,10
18,ycup,180,140,2,0.787,0.463,10
18,ycup,180,141,2,0.807,0.507,10
18,ycup,180,142,2,0.807,0.507,10
18,ycup,180,143,2,0.841,0.507,10
18,ycup,180,144,2,0.807,0.527,10
19,ycup,181,1,2,0.054,0.497,1
19,ycup,181,2,2,0,0.477,1
19,ycup,181,3,2,0.02,0.463,1
19,ycup,181,4,2,0,0.531,1
19,ycup,181,5,2,0.054,0.463,1
19,ycup,181,6,2,0.04,0.477,1
19,ycup,181,7,2,0.03,0.149,1
19,ycup,181,8,2,0.05,0.135,1
19,ycup,181,9,2,0.085,0.115,1
19,ycup,181,10,2,0.05,0.08,1
19,ycup,181,11,2,0.03,0.07,1
19,ycup,181,12,2,0.064,0.155,1
19,ycup,181,13,2,0.07,0.859,1
19,ycup,181,14,2,0.03,0.835,1
19,ycup,181,15,2,0.016,0.879,1
19,ycup,181,16,2,0.085,0.909,1
19,ycup,181,17,2,0.085,0.845,1
19,ycup,181,18,2,0.03,0.859,1
19,ycup,181,19,2,0.105,0.694,1
19,ycup,181,20,2,0.139,0.724,1
19,ycup,181,21,2,0.085,0.65,1
19,ycup,181,22,2,0.085,0.674,1
19,ycup,181,23,2,0.119,0.734,1
19,ycup,181,24,2,0.105,0.66,1
19,ycup,181,25,2,0.101,0.336,1
19,ycup,181,26,2,0.135,0.356,1
19,ycup,181,27,2,0.169,0.302,1
19,ycup,181,28,2,0.149,0.376,1
19,ycup,181,29,2,0.115,0.316,1
19,ycup,181,30,2,0.135,0.336,1
19,ycup,181,31,2,0.205,0.539,1
19,ycup,181,32,2,0.191,0.519,1
19,ycup,181,33,2,0.171,0.533,1
19,ycup,181,34,2,0.157,0.499,1
19,ycup,181,35,2,0.225,0.499,1
19,ycup,181,36,2,0.225,0.465,1
19,ycup,181,37,2,0.225,0.189,1
19,ycup,181,38,2,0.245,0.155,1
19,ycup,181,39,2,0.28,0.155,1
19,ycup,181,40,2,0.245,0.175,1
19,ycup,181,41,2,0.26,0.195,1
19,ycup,181,42,2,0.225,0.111,1
19,ycup,181,43,2,0.266,0.819,1
19,ycup,181,44,2,0.28,0.869,1
19,ycup,181,45,2,0.26,0.879,1
19,ycup,181,46,2,0.211,0.839,1
19,ycup,181,47,2,0.28,0.805,1
19,ycup,181,48,2,0.245,0.805,1
19,ycup,181,49,2,0.298,0.571,1
19,ycup,181,50,2,0.352,0.646,1
19,ycup,181,51,2,0.318,0.616,1
19,ycup,181,52,2,0.338,0.596,1
19,ycup,181,53,2,0.352,0.581,1
19,ycup,181,54,2,0.318,0.636,1
19,ycup,181,55,2,0.354,0.394,1
19,ycup,181,56,2,0.32,0.394,1
19,ycup,181,57,2,0.32,0.36,1
19,ycup,181,58,2,0.32,0.414,1
19,ycup,181,59,2,0.334,0.435,1
19,ycup,181,60,2,0.34,0.374,1
19,ycup,181,61,2,0.384,0.797,1
19,ycup,181,62,2,0.404,0.783,1
19,ycup,181,63,2,0.439,0.763,1
19,ycup,181,64,2,0.384,0.742,1
19,ycup,181,65,2,0.419,0.803,1
19,ycup,181,66,2,0.439,0.793,1
19,ycup,181,67,2,0.427,0.014,1
19,ycup,181,68,2,0.372,0.034,1
19,ycup,181,69,2,0.441,0.034,1
19,ycup,181,70,2,0.441,0,1
19,ycup,181,71,2,0.406,0,1
19,ycup,181,72,2,0.441,0.064,1
19,ycup,181,73,2,0.441,0.27,1
19,ycup,181,74,2,0.421,0.28,1
19,ycup,181,75,2,0.406,0.205,1
19,ycup,181,76,2,0.386,0.219,1
19,ycup,181,77,2,0.372,0.239,1
19,ycup,181,78,2,0.406,0.26,1
19,ycup,181,79,2,0.406,0.915,1
19,ycup,181,80,2,0.441,0.915,1
19,ycup,181,81,2,0.372,0.95,1
19,ycup,181,82,2,0.406,0.95,1
19,ycup,181,83,2,0.386,0.93,1
19,ycup,181,84,2,0.386,0.984,1
19,ycup,181,85,2,0.545,0.374,1
19,ycup,181,86,2,0.511,0.34,1
19,ycup,181,87,2,0.525,0.414,1
19,ycup,181,88,2,0.531,0.354,1
19,ycup,181,89,2,0.491,0.354,1
19,ycup,181,90,2,0.477,0.374,1
19,ycup,181,91,2,0.537,0.614,1
19,ycup,181,92,2,0.517,0.6,1
19,ycup,181,93,2,0.551,0.6,1
19,ycup,181,94,2,0.517,0.634,1
19,ycup,181,95,2,0.551,0.664,1
19,ycup,181,96,2,0.531,0.674,1
19,ycup,181,97,2,0.581,0.185,1
19,ycup,181,98,2,0.567,0.145,1
19,ycup,181,99,2,0.547,0.125,1
19,ycup,181,100,2,0.547,0.179,1
19,ycup,181,101,2,0.533,0.145,1
19,ycup,181,102,2,0.567,0.111,1
19,ycup,181,103,2,0.602,0.815,1
19,ycup,181,104,2,0.567,0.815,1
19,ycup,181,105,2,0.588,0.829,1
19,ycup,181,106,2,0.567,0.849,1
19,ycup,181,107,2,0.567,0.869,1
19,ycup,181,108,2,0.581,0.889,1
19,ycup,181,109,2,0.644,0.465,1
19,ycup,181,110,2,0.59,0.479,1
19,ycup,181,111,2,0.644,0.499,1
19,ycup,181,112,2,0.59,0.533,1
19,ycup,181,113,2,0.61,0.519,1
19,ycup,181,114,2,0.61,0.499,1
19,ycup,181,115,2,0.674,0.694,1
19,ycup,181,116,2,0.708,0.714,1
19,ycup,181,117,2,0.708,0.694,1
19,ycup,181,118,2,0.742,0.724,1
19,ycup,181,119,2,0.708,0.66,1
19,ycup,181,120,2,0.728,0.674,1
19,ycup,181,121,2,0.708,0.266,1
19,ycup,181,122,2,0.688,0.28,1
19,ycup,181,123,2,0.742,0.3,1
19,ycup,181,124,2,0.688,0.334,1
19,ycup,181,125,2,0.722,0.34,1
19,ycup,181,126,2,0.742,0.33,1
19,ycup,181,127,2,0.771,0.149,1
19,ycup,181,128,2,0.791,0.109,1
19,ycup,181,129,2,0.791,0.074,1
19,ycup,181,130,2,0.736,0.064,1
19,ycup,181,131,2,0.777,0.089,1
19,ycup,181,132,2,0.757,0.129,1
19,ycup,181,133,2,0.736,0.865,1
19,ycup,181,134,2,0.757,0.885,1
19,ycup,181,135,2,0.791,0.885,1
19,ycup,181,136,2,0.736,0.92,1
19,ycup,181,137,2,0.757,0.851,1
19,ycup,181,138,2,0.771,0.926,1
19,ycup,181,139,2,0.793,0.517,1
19,ycup,181,140,2,0.807,0.537,1
19,ycup,181,141,2,0.827,0.497,1
19,ycup,181,142,2,0.827,0.463,1
19,ycup,181,143,2,0.813,0.477,1
19,ycup,181,144,2,0.827,0.527,1
19,ycup,182,1,2,0.054,0.463,2
19,ycup,182,2,2,0.054,0.497,2
19,ycup,182,3,2,0,0.531,2
19,ycup,182,4,2,0.04,0.477,2
19,ycup,182,5,2,0,0.477,2
19,ycup,182,6,2,0.02,0.463,2
19,ycup,182,7,2,0.03,0.149,2
19,ycup,182,8,2,0.085,0.115,2
19,ycup,182,9,2,0.05,0.08,2
19,ycup,182,10,2,0.03,0.07,2
19,ycup,182,11,2,0.064,0.155,2
19,ycup,182,12,2,0.05,0.135,2
19,ycup,182,13,2,0.085,0.909,2
19,ycup,182,14,2,0.016,0.879,2
19,ycup,182,15,2,0.07,0.859,2
19,ycup,182,16,2,0.085,0.845,2
19,ycup,182,17,2,0.03,0.859,2
19,ycup,182,18,2,0.03,0.835,2
19,ycup,182,19,2,0.105,0.66,2
19,ycup,182,20,2,0.085,0.65,2
19,ycup,182,21,2,0.119,0.734,2
19,ycup,182,22,2,0.085,0.674,2
19,ycup,182,23,2,0.105,0.694,2
19,ycup,182,24,2,0.139,0.724,2
19,ycup,182,25,2,0.135,0.336,2
19,ycup,182,26,2,0.169,0.302,2
19,ycup,182,27,2,0.101,0.336,2
19,ycup,182,28,2,0.135,0.356,2
19,ycup,182,29,2,0.115,0.316,2
19,ycup,182,30,2,0.149,0.376,2
19,ycup,182,31,2,0.205,0.539,2
19,ycup,182,32,2,0.171,0.533,2
19,ycup,182,33,2,0.191,0.519,2
19,ycup,182,34,2,0.225,0.465,2
19,ycup,182,35,2,0.225,0.499,2
19,ycup,182,36,2,0.157,0.499,2
19,ycup,182,37,2,0.245,0.155,2
19,ycup,182,38,2,0.245,0.175,2
19,ycup,182,39,2,0.26,0.195,2
19,ycup,182,40,2,0.28,0.155,2
19,ycup,182,41,2,0.225,0.189,2
19,ycup,182,42,2,0.225,0.111,2
19,ycup,182,43,2,0.28,0.805,2
19,ycup,182,44,2,0.245,0.805,2
19,ycup,182,45,2,0.211,0.839,2
19,ycup,182,46,2,0.266,0.819,2
19,ycup,182,47,2,0.28,0.869,2
19,ycup,182,48,2,0.26,0.879,2
19,ycup,182,49,2,0.318,0.636,2
19,ycup,182,50,2,0.298,0.571,2
19,ycup,182,51,2,0.338,0.596,2
19,ycup,182,52,2,0.318,0.616,2
19,ycup,182,53,2,0.352,0.581,2
19,ycup,182,54,2,0.352,0.646,2
19,ycup,182,55,2,0.354,0.394,2
19,ycup,182,56,2,0.32,0.414,2
19,ycup,182,57,2,0.34,0.374,2
19,ycup,182,58,2,0.32,0.36,2
19,ycup,182,59,2,0.32,0.394,2
19,ycup,182,60,2,0.334,0.435,2
19,ycup,182,61,2,0.384,0.742,2
19,ycup,182,62,2,0.419,0.803,2
19,ycup,182,63,2,0.404,0.783,2
19,ycup,182,64,2,0.439,0.763,2
19,ycup,182,65,2,0.439,0.793,2
19,ycup,182,66,2,0.384,0.797,2
19,ycup,182,67,2,0.441,0.034,2
19,ycup,182,68,2,0.427,0.014,2
19,ycup,182,69,2,0.406,0,2
19,ycup,182,70,2,0.441,0,2
19,ycup,182,71,2,0.372,0.034,2
19,ycup,182,72,2,0.441,0.064,2
19,ycup,182,73,2,0.421,0.28,2
19,ycup,182,74,2,0.441,0.27,2
19,ycup,182,75,2,0.406,0.26,2
19,ycup,182,76,2,0.372,0.239,2
19,ycup,182,77,2,0.386,0.219,2
19,ycup,182,78,2,0.406,0.205,2
19,ycup,182,79,2,0.406,0.915,2
19,ycup,182,80,2,0.386,0.984,2
19,ycup,182,81,2,0.386,0.93,2
19,ycup,182,82,2,0.372,0.95,2
19,ycup,182,83,2,0.406,0.95,2
19,ycup,182,84,2,0.441,0.915,2
19,ycup,182,85,2,0.511,0.34,2
19,ycup,182,86,2,0.531,0.354,2
19,ycup,182,87,2,0.545,0.374,2
19,ycup,182,88,2,0.525,0.414,2
19,ycup,182,89,2,0.491,0.354,2
19,ycup,182,90,2,0.477,0.374,2
19,ycup,182,91,2,0.517,0.6,2
19,ycup,182,92,2,0.537,0.614,2
19,ycup,182,93,2,0.551,0.6,2
19,ycup,182,94,2,0.531,0.674,2
19,ycup,182,95,2,0.551,0.664,2
19,ycup,182,96,2,0.517,0.634,2
19,ycup,182,97,2,0.567,0.111,2
19,ycup,182,98,2,0.533,0.145,2
19,ycup,182,99,2,0.547,0.125,2
19,ycup,182,100,2,0.567,0.145,2
19,ycup,182,101,2,0.581,0.185,2
19,ycup,182,102,2,0.547,0.179,2
19,ycup,182,103,2,0.567,0.849,2
19,ycup,182,104,2,0.588,0.829,2
19,ycup,182,105,2,0.567,0.815,2
19,ycup,182,106,2,0.602,0.815,2
19,ycup,182,107,2,0.581,0.889,2
19,ycup,182,108,2,0.567,0.869,2
19,ycup,182,109,2,0.61,0.519,2
19,ycup,182,110,2,0.61,0.499,2
19,ycup,182,111,2,0.59,0.533,2
19,ycup,182,112,2,0.644,0.465,2
19,ycup,182,113,2,0.59,0.479,2
19,ycup,182,114,2,0.644,0.499,2
19,ycup,182,115,2,0.674,0.694,2
19,ycup,182,116,2,0.708,0.714,2
19,ycup,182,117,2,0.708,0.694,2
19,ycup,182,118,2,0.728,0.674,2
19,ycup,182,119,2,0.742,0.724,2
19,ycup,182,120,2,0.708,0.66,2
19,ycup,182,121,2,0.688,0.28,2
19,ycup,182,122,2,0.708,0.266,2
19,ycup,182,123,2,0.742,0.3,2
19,ycup,182,124,2,0.708,0.3,2
19,ycup,182,125,2,0.742,0.33,2
19,ycup,182,126,2,0.688,0.334,2
19,ycup,182,127,2,0.771,0.149,2
19,ycup,182,128,2,0.791,0.074,2
19,ycup,182,129,2,0.777,0.089,2
19,ycup,182,130,2,0.757,0.129,2
19,ycup,182,131,2,0.736,0.064,2
19,ycup,182,132,2,0.791,0.109,2
19,ycup,182,133,2,0.736,0.865,2
19,ycup,182,134,2,0.736,0.92,2
19,ycup,182,135,2,0.771,0.926,2
19,ycup,182,136,2,0.757,0.851,2
19,ycup,182,137,2,0.791,0.885,2
19,ycup,182,138,2,0.757,0.885,2
19,ycup,182,139,2,0.793,0.517,2
19,ycup,182,140,2,0.807,0.537,2
19,ycup,182,141,2,0.827,0.497,2
19,ycup,182,142,2,0.827,0.463,2
19,ycup,182,143,2,0.813,0.477,2
19,ycup,182,144,2,0.827,0.527,2
19,ycup,183,1,2,0.02,0.463,3
19,ycup,183,2,2,0.054,0.463,3
19,ycup,183,3,2,0.054,0.497,3
19,ycup,183,4,2,0,0.531,3
19,ycup,183,5,2,0,0.477,3
19,ycup,183,6,2,0.04,0.477,3
19,ycup,183,7,2,0.03,0.07,3
19,ycup,183,8,2,0.05,0.08,3
19,ycup,183,9,2,0.03,0.149,3
19,ycup,183,10,2,0.05,0.135,3
19,ycup,183,11,2,0.085,0.115,3
19,ycup,183,12,2,0.064,0.155,3
19,ycup,183,13,2,0.03,0.835,3
19,ycup,183,14,2,0.03,0.859,3
19,ycup,183,15,2,0.016,0.879,3
19,ycup,183,16,2,0.085,0.909,3
19,ycup,183,17,2,0.085,0.845,3
19,ycup,183,18,2,0.07,0.859,3
19,ycup,183,19,2,0.085,0.65,3
19,ycup,183,20,2,0.105,0.66,3
19,ycup,183,21,2,0.105,0.694,3
19,ycup,183,22,2,0.119,0.734,3
19,ycup,183,23,2,0.085,0.674,3
19,ycup,183,24,2,0.139,0.724,3
19,ycup,183,25,2,0.149,0.376,3
19,ycup,183,26,2,0.115,0.316,3
19,ycup,183,27,2,0.135,0.356,3
19,ycup,183,28,2,0.135,0.336,3
19,ycup,183,29,2,0.101,0.336,3
19,ycup,183,30,2,0.169,0.302,3
19,ycup,183,31,2,0.225,0.465,3
19,ycup,183,32,2,0.171,0.533,3
19,ycup,183,33,2,0.191,0.519,3
19,ycup,183,34,2,0.157,0.499,3
19,ycup,183,35,2,0.225,0.499,3
19,ycup,183,36,2,0.205,0.539,3
19,ycup,183,37,2,0.245,0.155,3
19,ycup,183,38,2,0.245,0.175,3
19,ycup,183,39,2,0.26,0.195,3
19,ycup,183,40,2,0.28,0.155,3
19,ycup,183,41,2,0.225,0.189,3
19,ycup,183,42,2,0.225,0.111,3
19,ycup,183,43,2,0.245,0.805,3
19,ycup,183,44,2,0.28,0.805,3
19,ycup,183,45,2,0.26,0.879,3
19,ycup,183,46,2,0.211,0.839,3
19,ycup,183,47,2,0.266,0.819,3
19,ycup,183,48,2,0.28,0.869,3
19,ycup,183,49,2,0.318,0.636,3
19,ycup,183,50,2,0.352,0.646,3
19,ycup,183,51,2,0.318,0.616,3
19,ycup,183,52,2,0.338,0.596,3
19,ycup,183,53,2,0.352,0.581,3
19,ycup,183,54,2,0.298,0.571,3
19,ycup,183,55,2,0.32,0.414,3
19,ycup,183,56,2,0.32,0.36,3
19,ycup,183,57,2,0.34,0.374,3
19,ycup,183,58,2,0.32,0.394,3
19,ycup,183,59,2,0.354,0.394,3
19,ycup,183,60,2,0.334,0.435,3
19,ycup,183,61,2,0.384,0.742,3
19,ycup,183,62,2,0.404,0.783,3
19,ycup,183,63,2,0.439,0.763,3
19,ycup,183,64,2,0.439,0.793,3
19,ycup,183,65,2,0.384,0.797,3
19,ycup,183,66,2,0.419,0.803,3
19,ycup,183,67,2,0.427,0.014,3
19,ycup,183,68,2,0.372,0.034,3
19,ycup,183,69,2,0.441,0.034,3
19,ycup,183,70,2,0.441,0,3
19,ycup,183,71,2,0.406,0,3
19,ycup,183,72,2,0.441,0.064,3
19,ycup,183,73,2,0.421,0.28,3
19,ycup,183,74,2,0.441,0.27,3
19,ycup,183,75,2,0.406,0.239,3
19,ycup,183,76,2,0.406,0.26,3
19,ycup,183,77,2,0.386,0.219,3
19,ycup,183,78,2,0.406,0.205,3
19,ycup,183,79,2,0.406,0.915,3
19,ycup,183,80,2,0.386,0.984,3
19,ycup,183,81,2,0.386,0.93,3
19,ycup,183,82,2,0.372,0.95,3
19,ycup,183,83,2,0.406,0.95,3
19,ycup,183,84,2,0.441,0.915,3
19,ycup,183,85,2,0.491,0.354,3
19,ycup,183,86,2,0.525,0.414,3
19,ycup,183,87,2,0.477,0.374,3
19,ycup,183,88,2,0.531,0.354,3
19,ycup,183,89,2,0.511,0.34,3
19,ycup,183,90,2,0.545,0.374,3
19,ycup,183,91,2,0.551,0.6,3
19,ycup,183,92,2,0.537,0.614,3
19,ycup,183,93,2,0.517,0.6,3
19,ycup,183,94,2,0.551,0.664,3
19,ycup,183,95,2,0.517,0.634,3
19,ycup,183,96,2,0.531,0.674,3
19,ycup,183,97,2,0.581,0.185,3
19,ycup,183,98,2,0.567,0.145,3
19,ycup,183,99,2,0.547,0.125,3
19,ycup,183,100,2,0.547,0.179,3
19,ycup,183,101,2,0.533,0.145,3
19,ycup,183,102,2,0.567,0.111,3
19,ycup,183,103,2,0.567,0.849,3
19,ycup,183,104,2,0.588,0.829,3
19,ycup,183,105,2,0.567,0.815,3
19,ycup,183,106,2,0.602,0.815,3
19,ycup,183,107,2,0.581,0.889,3
19,ycup,183,108,2,0.567,0.869,3
19,ycup,183,109,2,0.644,0.465,3
19,ycup,183,110,2,0.59,0.479,3
19,ycup,183,111,2,0.644,0.499,3
19,ycup,183,112,2,0.59,0.533,3
19,ycup,183,113,2,0.61,0.519,3
19,ycup,183,114,2,0.61,0.499,3
19,ycup,183,115,2,0.674,0.694,3
19,ycup,183,116,2,0.708,0.714,3
19,ycup,183,117,2,0.708,0.694,3
19,ycup,183,118,2,0.728,0.674,3
19,ycup,183,119,2,0.742,0.724,3
19,ycup,183,120,2,0.708,0.66,3
19,ycup,183,121,2,0.708,0.266,3
19,ycup,183,122,2,0.688,0.28,3
19,ycup,183,123,2,0.742,0.3,3
19,ycup,183,124,2,0.688,0.334,3
19,ycup,183,125,2,0.722,0.34,3
19,ycup,183,126,2,0.742,0.33,3
19,ycup,183,127,2,0.771,0.149,3
19,ycup,183,128,2,0.791,0.109,3
19,ycup,183,129,2,0.791,0.074,3
19,ycup,183,130,2,0.736,0.064,3
19,ycup,183,131,2,0.777,0.089,3
19,ycup,183,132,2,0.757,0.129,3
19,ycup,183,133,2,0.736,0.865,3
19,ycup,183,134,2,0.736,0.92,3
19,ycup,183,135,2,0.771,0.926,3
19,ycup,183,136,2,0.757,0.851,3
19,ycup,183,137,2,0.791,0.885,3
19,ycup,183,138,2,0.757,0.885,3
19,ycup,183,139,2,0.793,0.517,3
19,ycup,183,140,2,0.807,0.537,3
19,ycup,183,141,2,0.827,0.497,3
19,ycup,183,142,2,0.827,0.463,3
19,ycup,183,143,2,0.813,0.477,3
19,ycup,183,144,2,0.827,0.527,3
19,ycup,184,1,2,0,0.477,4
19,ycup,184,2,2,0.054,0.497,4
19,ycup,184,3,2,0.02,0.463,4
19,ycup,184,4,2,0,0.531,4
19,ycup,184,5,2,0.054,0.463,4
19,ycup,184,6,2,0.04,0.477,4
19,ycup,184,7,2,0.03,0.149,4
19,ycup,184,8,2,0.05,0.135,4
19,ycup,184,9,2,0.085,0.115,4
19,ycup,184,10,2,0.05,0.08,4
19,ycup,184,11,2,0.03,0.07,4
19,ycup,184,12,2,0.064,0.155,4
19,ycup,184,13,2,0.016,0.879,4
19,ycup,184,14,2,0.07,0.859,4
19,ycup,184,15,2,0.085,0.845,4
19,ycup,184,16,2,0.085,0.909,4
19,ycup,184,17,2,0.03,0.859,4
19,ycup,184,18,2,0.03,0.835,4
19,ycup,184,19,2,0.105,0.694,4
19,ycup,184,20,2,0.139,0.724,4
19,ycup,184,21,2,0.085,0.65,4
19,ycup,184,22,2,0.085,0.674,4
19,ycup,184,23,2,0.119,0.734,4
19,ycup,184,24,2,0.105,0.66,4
19,ycup,184,25,2,0.101,0.336,4
19,ycup,184,26,2,0.135,0.356,4
19,ycup,184,27,2,0.169,0.302,4
19,ycup,184,28,2,0.149,0.376,4
19,ycup,184,29,2,0.115,0.316,4
19,ycup,184,30,2,0.135,0.336,4
19,ycup,184,31,2,0.205,0.539,4
19,ycup,184,32,2,0.171,0.533,4
19,ycup,184,33,2,0.191,0.519,4
19,ycup,184,34,2,0.225,0.465,4
19,ycup,184,35,2,0.225,0.499,4
19,ycup,184,36,2,0.157,0.499,4
19,ycup,184,37,2,0.225,0.189,4
19,ycup,184,38,2,0.245,0.155,4
19,ycup,184,39,2,0.28,0.155,4
19,ycup,184,40,2,0.245,0.175,4
19,ycup,184,41,2,0.26,0.195,4
19,ycup,184,42,2,0.225,0.111,4
19,ycup,184,43,2,0.266,0.819,4
19,ycup,184,44,2,0.28,0.869,4
19,ycup,184,45,2,0.26,0.879,4
19,ycup,184,46,2,0.211,0.839,4
19,ycup,184,47,2,0.28,0.805,4
19,ycup,184,48,2,0.245,0.805,4
19,ycup,184,49,2,0.318,0.616,4
19,ycup,184,50,2,0.352,0.646,4
19,ycup,184,51,2,0.298,0.571,4
19,ycup,184,52,2,0.352,0.581,4
19,ycup,184,53,2,0.318,0.636,4
19,ycup,184,54,2,0.338,0.596,4
19,ycup,184,55,2,0.32,0.414,4
19,ycup,184,56,2,0.32,0.36,4
19,ycup,184,57,2,0.34,0.374,4
19,ycup,184,58,2,0.32,0.394,4
19,ycup,184,59,2,0.354,0.394,4
19,ycup,184,60,2,0.334,0.435,4
19,ycup,184,61,2,0.384,0.742,4
19,ycup,184,62,2,0.439,0.763,4
19,ycup,184,63,2,0.439,0.793,4
19,ycup,184,64,2,0.419,0.803,4
19,ycup,184,65,2,0.404,0.783,4
19,ycup,184,66,2,0.384,0.797,4
19,ycup,184,67,2,0.427,0.014,4
19,ycup,184,68,2,0.372,0.034,4
19,ycup,184,69,2,0.441,0.034,4
19,ycup,184,70,2,0.441,0,4
19,ycup,184,71,2,0.406,0,4
19,ycup,184,72,2,0.441,0.064,4
19,ycup,184,73,2,0.441,0.27,4
19,ycup,184,74,2,0.421,0.28,4
19,ycup,184,75,2,0.406,0.205,4
19,ycup,184,76,2,0.386,0.219,4
19,ycup,184,77,2,0.372,0.239,4
19,ycup,184,78,2,0.406,0.26,4
19,ycup,184,79,2,0.386,0.984,4
19,ycup,184,80,2,0.406,0.95,4
19,ycup,184,81,2,0.386,0.93,4
19,ycup,184,82,2,0.441,0.915,4
19,ycup,184,83,2,0.372,0.95,4
19,ycup,184,84,2,0.406,0.915,4
19,ycup,184,85,2,0.491,0.354,4
19,ycup,184,86,2,0.525,0.414,4
19,ycup,184,87,2,0.477,0.374,4
19,ycup,184,88,2,0.531,0.354,4
19,ycup,184,89,2,0.511,0.34,4
19,ycup,184,90,2,0.545,0.374,4
19,ycup,184,91,2,0.537,0.614,4
19,ycup,184,92,2,0.517,0.6,4
19,ycup,184,93,2,0.551,0.6,4
19,ycup,184,94,2,0.517,0.634,4
19,ycup,184,95,2,0.551,0.664,4
19,ycup,184,96,2,0.531,0.674,4
19,ycup,184,97,2,0.581,0.185,4
19,ycup,184,98,2,0.567,0.145,4
19,ycup,184,99,2,0.547,0.125,4
19,ycup,184,100,2,0.547,0.179,4
19,ycup,184,101,2,0.533,0.145,4
19,ycup,184,102,2,0.567,0.111,4
19,ycup,184,103,2,0.602,0.815,4
19,ycup,184,104,2,0.567,0.815,4
19,ycup,184,105,2,0.567,0.849,4
19,ycup,184,106,2,0.588,0.829,4
19,ycup,184,107,2,0.567,0.869,4
19,ycup,184,108,2,0.581,0.889,4
19,ycup,184,109,2,0.61,0.499,4
19,ycup,184,110,2,0.644,0.465,4
19,ycup,184,111,2,0.61,0.519,4
19,ycup,184,112,2,0.59,0.533,4
19,ycup,184,113,2,0.644,0.499,4
19,ycup,184,114,2,0.59,0.479,4
19,ycup,184,115,2,0.708,0.694,4
19,ycup,184,116,2,0.708,0.714,4
19,ycup,184,117,2,0.728,0.674,4
19,ycup,184,118,2,0.742,0.724,4
19,ycup,184,119,2,0.674,0.694,4
19,ycup,184,120,2,0.708,0.66,4
19,ycup,184,121,2,0.708,0.266,4
19,ycup,184,122,2,0.688,0.28,4
19,ycup,184,123,2,0.742,0.3,4
19,ycup,184,124,2,0.688,0.334,4
19,ycup,184,125,2,0.722,0.34,4
19,ycup,184,126,2,0.742,0.33,4
19,ycup,184,127,2,0.771,0.149,4
19,ycup,184,128,2,0.791,0.109,4
19,ycup,184,129,2,0.791,0.074,4
19,ycup,184,130,2,0.736,0.064,4
19,ycup,184,131,2,0.777,0.089,4
19,ycup,184,132,2,0.757,0.129,4
19,ycup,184,133,2,0.736,0.865,4
19,ycup,184,134,2,0.757,0.885,4
19,ycup,184,135,2,0.791,0.885,4
19,ycup,184,136,2,0.736,0.92,4
19,ycup,184,137,2,0.757,0.851,4
19,ycup,184,138,2,0.771,0.926,4
19,ycup,184,139,2,0.793,0.517,4
19,ycup,184,140,2,0.807,0.537,4
19,ycup,184,141,2,0.827,0.497,4
19,ycup,184,142,2,0.827,0.463,4
19,ycup,184,143,2,0.813,0.477,4
19,ycup,184,144,2,0.827,0.527,4
19,ycup,185,1,2,0,0.477,5
19,ycup,185,2,2,0.054,0.497,5
19,ycup,185,3,2,0.02,0.463,5
19,ycup,185,4,2,0,0.531,5
19,ycup,185,5,2,0.054,0.463,5
19,ycup,185,6,2,0.04,0.477,5
19,ycup,185,7,2,0.05,0.135,5
19,ycup,185,8,2,0.085,0.115,5
19,ycup,185,9,2,0.05,0.08,5
19,ycup,185,10,2,0.03,0.07,5
19,ycup,185,11,2,0.064,0.155,5
19,ycup,185,12,2,0.03,0.149,5
19,ycup,185,13,2,0.085,0.909,5
19,ycup,185,14,2,0.016,0.879,5
19,ycup,185,15,2,0.07,0.859,5
19,ycup,185,16,2,0.085,0.845,5
19,ycup,185,17,2,0.03,0.859,5
19,ycup,185,18,2,0.03,0.835,5
19,ycup,185,19,2,0.105,0.66,5
19,ycup,185,20,2,0.085,0.65,5
19,ycup,185,21,2,0.119,0.734,5
19,ycup,185,22,2,0.085,0.674,5
19,ycup,185,23,2,0.105,0.694,5
19,ycup,185,24,2,0.139,0.724,5
19,ycup,185,25,2,0.115,0.316,5
19,ycup,185,26,2,0.169,0.302,5
19,ycup,185,27,2,0.101,0.336,5
19,ycup,185,28,2,0.149,0.376,5
19,ycup,185,29,2,0.135,0.336,5
19,ycup,185,30,2,0.135,0.356,5
19,ycup,185,31,2,0.205,0.539,5
19,ycup,185,32,2,0.171,0.533,5
19,ycup,185,33,2,0.191,0.519,5
19,ycup,185,34,2,0.225,0.465,5
19,ycup,185,35,2,0.225,0.499,5
19,ycup,185,36,2,0.157,0.499,5
19,ycup,185,37,2,0.245,0.155,5
19,ycup,185,38,2,0.26,0.195,5
19,ycup,185,39,2,0.245,0.175,5
19,ycup,185,40,2,0.28,0.155,5
19,ycup,185,41,2,0.225,0.189,5
19,ycup,185,42,2,0.225,0.111,5
19,ycup,185,43,2,0.28,0.805,5
19,ycup,185,44,2,0.245,0.805,5
19,ycup,185,45,2,0.211,0.839,5
19,ycup,185,46,2,0.266,0.819,5
19,ycup,185,47,2,0.28,0.869,5
19,ycup,185,48,2,0.26,0.879,5
19,ycup,185,49,2,0.318,0.636,5
19,ycup,185,50,2,0.298,0.571,5
19,ycup,185,51,2,0.338,0.596,5
19,ycup,185,52,2,0.318,0.616,5
19,ycup,185,53,2,0.352,0.581,5
19,ycup,185,54,2,0.352,0.646,5
19,ycup,185,55,2,0.354,0.394,5
19,ycup,185,56,2,0.32,0.414,5
19,ycup,185,57,2,0.34,0.374,5
19,ycup,185,58,2,0.32,0.36,5
19,ycup,185,59,2,0.32,0.394,5
19,ycup,185,60,2,0.334,0.435,5
19,ycup,185,61,2,0.384,0.742,5
19,ycup,185,62,2,0.419,0.803,5
19,ycup,185,63,2,0.404,0.783,5
19,ycup,185,64,2,0.439,0.763,5
19,ycup,185,65,2,0.439,0.793,5
19,ycup,185,66,2,0.384,0.797,5
19,ycup,185,67,2,0.441,0.034,5
19,ycup,185,68,2,0.427,0.014,5
19,ycup,185,69,2,0.406,0,5
19,ycup,185,70,2,0.441,0,5
19,ycup,185,71,2,0.372,0.034,5
19,ycup,185,72,2,0.441,0.064,5
19,ycup,185,73,2,0.421,0.28,5
19,ycup,185,74,2,0.441,0.27,5
19,ycup,185,75,2,0.406,0.26,5
19,ycup,185,76,2,0.372,0.239,5
19,ycup,185,77,2,0.386,0.219,5
19,ycup,185,78,2,0.406,0.205,5
19,ycup,185,79,2,0.406,0.915,5
19,ycup,185,80,2,0.386,0.984,5
19,ycup,185,81,2,0.386,0.93,5
19,ycup,185,82,2,0.372,0.95,5
19,ycup,185,83,2,0.406,0.95,5
19,ycup,185,84,2,0.441,0.915,5
19,ycup,185,85,2,0.511,0.34,5
19,ycup,185,86,2,0.531,0.354,5
19,ycup,185,87,2,0.545,0.374,5
19,ycup,185,88,2,0.525,0.414,5
19,ycup,185,89,2,0.491,0.354,5
19,ycup,185,90,2,0.477,0.374,5
19,ycup,185,91,2,0.551,0.6,5
19,ycup,185,92,2,0.537,0.614,5
19,ycup,185,93,2,0.517,0.6,5
19,ycup,185,94,2,0.551,0.664,5
19,ycup,185,95,2,0.517,0.634,5
19,ycup,185,96,2,0.531,0.674,5
19,ycup,185,97,2,0.567,0.111,5
19,ycup,185,98,2,0.547,0.179,5
19,ycup,185,99,2,0.567,0.145,5
19,ycup,185,100,2,0.533,0.145,5
19,ycup,185,101,2,0.581,0.185,5
19,ycup,185,102,2,0.547,0.125,5
19,ycup,185,103,2,0.602,0.815,5
19,ycup,185,104,2,0.567,0.869,5
19,ycup,185,105,2,0.567,0.815,5
19,ycup,185,106,2,0.588,0.829,5
19,ycup,185,107,2,0.567,0.849,5
19,ycup,185,108,2,0.581,0.889,5
19,ycup,185,109,2,0.644,0.465,5
19,ycup,185,110,2,0.59,0.533,5
19,ycup,185,111,2,0.59,0.479,5
19,ycup,185,112,2,0.61,0.499,5
19,ycup,185,113,2,0.61,0.519,5
19,ycup,185,114,2,0.644,0.499,5
19,ycup,185,115,2,0.708,0.66,5
19,ycup,185,116,2,0.728,0.674,5
19,ycup,185,117,2,0.708,0.694,5
19,ycup,185,118,2,0.708,0.714,5
19,ycup,185,119,2,0.742,0.724,5
19,ycup,185,120,2,0.674,0.694,5
19,ycup,185,121,2,0.688,0.28,5
19,ycup,185,122,2,0.708,0.266,5
19,ycup,185,123,2,0.742,0.3,5
19,ycup,185,124,2,0.742,0.33,5
19,ycup,185,125,2,0.722,0.34,5
19,ycup,185,126,2,0.688,0.334,5
19,ycup,185,127,2,0.771,0.149,5
19,ycup,185,128,2,0.791,0.074,5
19,ycup,185,129,2,0.736,0.064,5
19,ycup,185,130,2,0.757,0.129,5
19,ycup,185,131,2,0.777,0.089,5
19,ycup,185,132,2,0.791,0.109,5
19,ycup,185,133,2,0.736,0.865,5
19,ycup,185,134,2,0.736,0.92,5
19,ycup,185,135,2,0.771,0.926,5
19,ycup,185,136,2,0.757,0.851,5
19,ycup,185,137,2,0.791,0.885,5
19,ycup,185,138,2,0.757,0.885,5
19,ycup,185,139,2,0.793,0.517,5
19,ycup,185,140,2,0.807,0.537,5
19,ycup,185,141,2,0.827,0.463,5
19,ycup,185,142,2,0.827,0.527,5
19,ycup,185,143,2,0.813,0.477,5
19,ycup,185,144,2,0.827,0.497,5
19,ycup,186,1,2,0.054,0.463,6
19,ycup,186,2,2,0,0.477,6
19,ycup,186,3,2,0,0.531,6
19,ycup,186,4,2,0.04,0.477,6
19,ycup,186,5,2,0.054,0.497,6
19,ycup,186,6,2,0.02,0.463,6
19,ycup,186,7,2,0.03,0.07,6
19,ycup,186,8,2,0.05,0.08,6
19,ycup,186,9,2,0.03,0.149,6
19,ycup,186,10,2,0.05,0.135,6
19,ycup,186,11,2,0.085,0.115,6
19,ycup,186,12,2,0.064,0.155,6
19,ycup,186,13,2,0.03,0.835,6
19,ycup,186,14,2,0.03,0.859,6
19,ycup,186,15,2,0.016,0.879,6
19,ycup,186,16,2,0.085,0.909,6
19,ycup,186,17,2,0.085,0.845,6
19,ycup,186,18,2,0.07,0.859,6
19,ycup,186,19,2,0.085,0.65,6
19,ycup,186,20,2,0.139,0.724,6
19,ycup,186,21,2,0.105,0.66,6
19,ycup,186,22,2,0.119,0.734,6
19,ycup,186,23,2,0.085,0.674,6
19,ycup,186,24,2,0.105,0.694,6
19,ycup,186,25,2,0.169,0.302,6
19,ycup,186,26,2,0.115,0.316,6
19,ycup,186,27,2,0.101,0.336,6
19,ycup,186,28,2,0.135,0.336,6
19,ycup,186,29,2,0.135,0.356,6
19,ycup,186,30,2,0.149,0.376,6
19,ycup,186,31,2,0.225,0.465,6
19,ycup,186,32,2,0.225,0.499,6
19,ycup,186,33,2,0.191,0.519,6
19,ycup,186,34,2,0.205,0.539,6
19,ycup,186,35,2,0.171,0.533,6
19,ycup,186,36,2,0.157,0.499,6
19,ycup,186,37,2,0.26,0.195,6
19,ycup,186,38,2,0.245,0.175,6
19,ycup,186,39,2,0.225,0.189,6
19,ycup,186,40,2,0.28,0.155,6
19,ycup,186,41,2,0.245,0.155,6
19,ycup,186,42,2,0.225,0.111,6
19,ycup,186,43,2,0.245,0.805,6
19,ycup,186,44,2,0.28,0.805,6
19,ycup,186,45,2,0.26,0.879,6
19,ycup,186,46,2,0.211,0.839,6
19,ycup,186,47,2,0.266,0.819,6
19,ycup,186,48,2,0.28,0.869,6
19,ycup,186,49,2,0.318,0.636,6
19,ycup,186,50,2,0.298,0.571,6
19,ycup,186,51,2,0.338,0.596,6
19,ycup,186,52,2,0.318,0.616,6
19,ycup,186,53,2,0.352,0.581,6
19,ycup,186,54,2,0.352,0.646,6
19,ycup,186,55,2,0.32,0.414,6
19,ycup,186,56,2,0.32,0.36,6
19,ycup,186,57,2,0.34,0.374,6
19,ycup,186,58,2,0.32,0.394,6
19,ycup,186,59,2,0.354,0.394,6
19,ycup,186,60,2,0.334,0.435,6
19,ycup,186,61,2,0.384,0.742,6
19,ycup,186,62,2,0.419,0.803,6
19,ycup,186,63,2,0.404,0.783,6
19,ycup,186,64,2,0.439,0.763,6
19,ycup,186,65,2,0.439,0.793,6
19,ycup,186,66,2,0.384,0.797,6
19,ycup,186,67,2,0.441,0.034,6
19,ycup,186,68,2,0.441,0.064,6
19,ycup,186,69,2,0.372,0.034,6
19,ycup,186,70,2,0.441,0,6
19,ycup,186,71,2,0.406,0,6
19,ycup,186,72,2,0.427,0.014,6
19,ycup,186,73,2,0.421,0.28,6
19,ycup,186,74,2,0.441,0.27,6
19,ycup,186,75,2,0.406,0.26,6
19,ycup,186,76,2,0.372,0.239,6
19,ycup,186,77,2,0.386,0.219,6
19,ycup,186,78,2,0.406,0.205,6
19,ycup,186,79,2,0.386,0.93,6
19,ycup,186,80,2,0.386,0.984,6
19,ycup,186,81,2,0.372,0.95,6
19,ycup,186,82,2,0.406,0.95,6
19,ycup,186,83,2,0.406,0.915,6
19,ycup,186,84,2,0.441,0.915,6
19,ycup,186,85,2,0.491,0.354,6
19,ycup,186,86,2,0.525,0.414,6
19,ycup,186,87,2,0.477,0.374,6
19,ycup,186,88,2,0.531,0.354,6
19,ycup,186,89,2,0.545,0.374,6
19,ycup,186,90,2,0.511,0.34,6
19,ycup,186,91,2,0.551,0.6,6
19,ycup,186,92,2,0.537,0.614,6
19,ycup,186,93,2,0.517,0.6,6
19,ycup,186,94,2,0.551,0.664,6
19,ycup,186,95,2,0.517,0.634,6
19,ycup,186,96,2,0.531,0.674,6
19,ycup,186,97,2,0.567,0.111,6
19,ycup,186,98,2,0.533,0.145,6
19,ycup,186,99,2,0.547,0.125,6
19,ycup,186,100,2,0.581,0.185,6
19,ycup,186,101,2,0.567,0.145,6
19,ycup,186,102,2,0.547,0.179,6
19,ycup,186,103,2,0.567,0.849,6
19,ycup,186,104,2,0.588,0.829,6
19,ycup,186,105,2,0.567,0.815,6
19,ycup,186,106,2,0.602,0.815,6
19,ycup,186,107,2,0.581,0.889,6
19,ycup,186,108,2,0.567,0.869,6
19,ycup,186,109,2,0.644,0.465,6
19,ycup,186,110,2,0.59,0.479,6
19,ycup,186,111,2,0.644,0.499,6
19,ycup,186,112,2,0.59,0.533,6
19,ycup,186,113,2,0.61,0.519,6
19,ycup,186,114,2,0.61,0.499,6
19,ycup,186,115,2,0.674,0.694,6
19,ycup,186,116,2,0.708,0.714,6
19,ycup,186,117,2,0.708,0.694,6
19,ycup,186,118,2,0.728,0.674,6
19,ycup,186,119,2,0.742,0.724,6
19,ycup,186,120,2,0.708,0.66,6
19,ycup,186,121,2,0.708,0.266,6
19,ycup,186,122,2,0.688,0.28,6
19,ycup,186,123,2,0.742,0.3,6
19,ycup,186,124,2,0.688,0.334,6
19,ycup,186,125,2,0.722,0.34,6
19,ycup,186,126,2,0.742,0.33,6
19,ycup,186,127,2,0.771,0.149,6
19,ycup,186,128,2,0.791,0.109,6
19,ycup,186,129,2,0.791,0.074,6
19,ycup,186,130,2,0.736,0.064,6
19,ycup,186,131,2,0.777,0.089,6
19,ycup,186,132,2,0.757,0.129,6
19,ycup,186,133,2,0.736,0.865,6
19,ycup,186,134,2,0.736,0.92,6
19,ycup,186,135,2,0.771,0.926,6
19,ycup,186,136,2,0.757,0.851,6
19,ycup,186,137,2,0.791,0.885,6
19,ycup,186,138,2,0.757,0.885,6
19,ycup,186,139,2,0.793,0.517,6
19,ycup,186,140,2,0.807,0.537,6
19,ycup,186,141,2,0.827,0.497,6
19,ycup,186,142,2,0.827,0.463,6
19,ycup,186,143,2,0.813,0.477,6
19,ycup,186,144,2,0.827,0.527,6
19,ycup,187,1,2,0,0.477,7
19,ycup,187,2,2,0.054,0.497,7
19,ycup,187,3,2,0.02,0.463,7
19,ycup,187,4,2,0,0.531,7
19,ycup,187,5,2,0.054,0.463,7
19,ycup,187,6,2,0.04,0.477,7
19,ycup,187,7,2,0.03,0.07,7
19,ycup,187,8,2,0.05,0.08,7
19,ycup,187,9,2,0.03,0.149,7
19,ycup,187,10,2,0.05,0.135,7
19,ycup,187,11,2,0.085,0.115,7
19,ycup,187,12,2,0.064,0.155,7
19,ycup,187,13,2,0.085,0.909,7
19,ycup,187,14,2,0.016,0.879,7
19,ycup,187,15,2,0.07,0.859,7
19,ycup,187,16,2,0.085,0.845,7
19,ycup,187,17,2,0.03,0.859,7
19,ycup,187,18,2,0.03,0.835,7
19,ycup,187,19,2,0.105,0.66,7
19,ycup,187,20,2,0.085,0.65,7
19,ycup,187,21,2,0.119,0.734,7
19,ycup,187,22,2,0.085,0.674,7
19,ycup,187,23,2,0.105,0.694,7
19,ycup,187,24,2,0.139,0.724,7
19,ycup,187,25,2,0.101,0.336,7
19,ycup,187,26,2,0.135,0.356,7
19,ycup,187,27,2,0.169,0.302,7
19,ycup,187,28,2,0.149,0.376,7
19,ycup,187,29,2,0.115,0.316,7
19,ycup,187,30,2,0.135,0.336,7
19,ycup,187,31,2,0.205,0.539,7
19,ycup,187,32,2,0.171,0.533,7
19,ycup,187,33,2,0.191,0.519,7
19,ycup,187,34,2,0.225,0.465,7
19,ycup,187,35,2,0.225,0.499,7
19,ycup,187,36,2,0.157,0.499,7
19,ycup,187,37,2,0.26,0.195,7
19,ycup,187,38,2,0.245,0.155,7
19,ycup,187,39,2,0.225,0.189,7
19,ycup,187,40,2,0.28,0.155,7
19,ycup,187,41,2,0.245,0.175,7
19,ycup,187,42,2,0.225,0.111,7
19,ycup,187,43,2,0.28,0.805,7
19,ycup,187,44,2,0.245,0.805,7
19,ycup,187,45,2,0.211,0.839,7
19,ycup,187,46,2,0.266,0.819,7
19,ycup,187,47,2,0.28,0.869,7
19,ycup,187,48,2,0.26,0.879,7
19,ycup,187,49,2,0.318,0.636,7
19,ycup,187,50,2,0.298,0.571,7
19,ycup,187,51,2,0.338,0.596,7
19,ycup,187,52,2,0.318,0.616,7
19,ycup,187,53,2,0.352,0.581,7
19,ycup,187,54,2,0.352,0.646,7
19,ycup,187,55,2,0.354,0.394,7
19,ycup,187,56,2,0.32,0.394,7
19,ycup,187,57,2,0.32,0.36,7
19,ycup,187,58,2,0.32,0.414,7
19,ycup,187,59,2,0.334,0.435,7
19,ycup,187,60,2,0.34,0.374,7
19,ycup,187,61,2,0.384,0.742,7
19,ycup,187,62,2,0.419,0.803,7
19,ycup,187,63,2,0.404,0.783,7
19,ycup,187,64,2,0.439,0.763,7
19,ycup,187,65,2,0.439,0.793,7
19,ycup,187,66,2,0.384,0.797,7
19,ycup,187,67,2,0.441,0,7
19,ycup,187,68,2,0.441,0.064,7
19,ycup,187,69,2,0.372,0.034,7
19,ycup,187,70,2,0.441,0.034,7
19,ycup,187,71,2,0.406,0,7
19,ycup,187,72,2,0.427,0.014,7
19,ycup,187,73,2,0.441,0.27,7
19,ycup,187,74,2,0.421,0.28,7
19,ycup,187,75,2,0.386,0.219,7
19,ycup,187,76,2,0.372,0.239,7
19,ycup,187,77,2,0.406,0.26,7
19,ycup,187,78,2,0.406,0.205,7
19,ycup,187,79,2,0.406,0.915,7
19,ycup,187,80,2,0.386,0.984,7
19,ycup,187,81,2,0.386,0.93,7
19,ycup,187,82,2,0.372,0.95,7
19,ycup,187,83,2,0.406,0.95,7
19,ycup,187,84,2,0.441,0.915,7
19,ycup,187,85,2,0.511,0.34,7
19,ycup,187,86,2,0.531,0.354,7
19,ycup,187,87,2,0.545,0.374,7
19,ycup,187,88,2,0.525,0.414,7
19,ycup,187,89,2,0.491,0.354,7
19,ycup,187,90,2,0.477,0.374,7
19,ycup,187,91,2,0.551,0.6,7
19,ycup,187,92,2,0.517,0.6,7
19,ycup,187,93,2,0.537,0.614,7
19,ycup,187,94,2,0.531,0.674,7
19,ycup,187,95,2,0.551,0.664,7
19,ycup,187,96,2,0.517,0.634,7
19,ycup,187,97,2,0.581,0.185,7
19,ycup,187,98,2,0.533,0.145,7
19,ycup,187,99,2,0.547,0.179,7
19,ycup,187,100,2,0.567,0.145,7
19,ycup,187,101,2,0.547,0.125,7
19,ycup,187,102,2,0.567,0.111,7
19,ycup,187,103,2,0.567,0.849,7
19,ycup,187,104,2,0.588,0.829,7
19,ycup,187,105,2,0.567,0.815,7
19,ycup,187,106,2,0.602,0.815,7
19,ycup,187,107,2,0.581,0.889,7
19,ycup,187,108,2,0.567,0.869,7
19,ycup,187,109,2,0.61,0.499,7
19,ycup,187,110,2,0.644,0.465,7
19,ycup,187,111,2,0.61,0.519,7
19,ycup,187,112,2,0.59,0.533,7
19,ycup,187,113,2,0.644,0.499,7
19,ycup,187,114,2,0.59,0.479,7
19,ycup,187,115,2,0.674,0.694,7
19,ycup,187,116,2,0.708,0.714,7
19,ycup,187,117,2,0.708,0.694,7
19,ycup,187,118,2,0.742,0.724,7
19,ycup,187,119,2,0.708,0.66,7
19,ycup,187,120,2,0.728,0.674,7
19,ycup,187,121,2,0.742,0.33,7
19,ycup,187,122,2,0.722,0.34,7
19,ycup,187,123,2,0.742,0.3,7
19,ycup,187,124,2,0.688,0.334,7
19,ycup,187,125,2,0.708,0.266,7
19,ycup,187,126,2,0.688,0.28,7
19,ycup,187,127,2,0.771,0.149,7
19,ycup,187,128,2,0.791,0.074,7
19,ycup,187,129,2,0.777,0.089,7
19,ycup,187,130,2,0.757,0.129,7
19,ycup,187,131,2,0.736,0.064,7
19,ycup,187,132,2,0.791,0.109,7
19,ycup,187,133,2,0.736,0.865,7
19,ycup,187,134,2,0.736,0.92,7
19,ycup,187,135,2,0.771,0.926,7
19,ycup,187,136,2,0.757,0.851,7
19,ycup,187,137,2,0.791,0.885,7
19,ycup,187,138,2,0.757,0.885,7
19,ycup,187,139,2,0.827,0.527,7
19,ycup,187,140,2,0.793,0.517,7
19,ycup,187,141,2,0.827,0.497,7
19,ycup,187,142,2,0.813,0.477,7
19,ycup,187,143,2,0.827,0.463,7
19,ycup,187,144,2,0.807,0.537,7
19,ycup,188,1,2,0,0.477,8
19,ycup,188,2,2,0.054,0.497,8
19,ycup,188,3,2,0.02,0.463,8
19,ycup,188,4,2,0,0.531,8
19,ycup,188,5,2,0.054,0.463,8
19,ycup,188,6,2,0.04,0.477,8
19,ycup,188,7,2,0.03,0.149,8
19,ycup,188,8,2,0.05,0.135,8
19,ycup,188,9,2,0.085,0.115,8
19,ycup,188,10,2,0.05,0.08,8
19,ycup,188,11,2,0.03,0.07,8
19,ycup,188,12,2,0.064,0.155,8
19,ycup,188,13,2,0.07,0.859,8
19,ycup,188,14,2,0.085,0.845,8
19,ycup,188,15,2,0.03,0.859,8
19,ycup,188,16,2,0.016,0.879,8
19,ycup,188,17,2,0.03,0.835,8
19,ycup,188,18,2,0.085,0.909,8
19,ycup,188,19,2,0.105,0.694,8
19,ycup,188,20,2,0.139,0.724,8
19,ycup,188,21,2,0.085,0.65,8
19,ycup,188,22,2,0.085,0.674,8
19,ycup,188,23,2,0.119,0.734,8
19,ycup,188,24,2,0.105,0.66,8
19,ycup,188,25,2,0.101,0.336,8
19,ycup,188,26,2,0.135,0.356,8
19,ycup,188,27,2,0.169,0.302,8
19,ycup,188,28,2,0.149,0.376,8
19,ycup,188,29,2,0.115,0.316,8
19,ycup,188,30,2,0.135,0.336,8
19,ycup,188,31,2,0.205,0.539,8
19,ycup,188,32,2,0.171,0.533,8
19,ycup,188,33,2,0.191,0.519,8
19,ycup,188,34,2,0.157,0.499,8
19,ycup,188,35,2,0.225,0.499,8
19,ycup,188,36,2,0.225,0.465,8
19,ycup,188,37,2,0.225,0.189,8
19,ycup,188,38,2,0.245,0.155,8
19,ycup,188,39,2,0.28,0.155,8
19,ycup,188,40,2,0.245,0.175,8
19,ycup,188,41,2,0.26,0.195,8
19,ycup,188,42,2,0.225,0.111,8
19,ycup,188,43,2,0.266,0.819,8
19,ycup,188,44,2,0.28,0.869,8
19,ycup,188,45,2,0.26,0.879,8
19,ycup,188,46,2,0.211,0.839,8
19,ycup,188,47,2,0.28,0.805,8
19,ycup,188,48,2,0.245,0.805,8
19,ycup,188,49,2,0.318,0.616,8
19,ycup,188,50,2,0.352,0.646,8
19,ycup,188,51,2,0.298,0.571,8
19,ycup,188,52,2,0.338,0.596,8
19,ycup,188,53,2,0.318,0.636,8
19,ycup,188,54,2,0.352,0.581,8
19,ycup,188,55,2,0.34,0.374,8
19,ycup,188,56,2,0.32,0.36,8
19,ycup,188,57,2,0.32,0.414,8
19,ycup,188,58,2,0.32,0.394,8
19,ycup,188,59,2,0.354,0.394,8
19,ycup,188,60,2,0.334,0.435,8
19,ycup,188,61,2,0.384,0.797,8
19,ycup,188,62,2,0.404,0.783,8
19,ycup,188,63,2,0.439,0.763,8
19,ycup,188,64,2,0.384,0.742,8
19,ycup,188,65,2,0.419,0.803,8
19,ycup,188,66,2,0.439,0.793,8
19,ycup,188,67,2,0.427,0.014,8
19,ycup,188,68,2,0.372,0.034,8
19,ycup,188,69,2,0.441,0.034,8
19,ycup,188,70,2,0.441,0,8
19,ycup,188,71,2,0.406,0,8
19,ycup,188,72,2,0.441,0.064,8
19,ycup,188,73,2,0.441,0.27,8
19,ycup,188,74,2,0.421,0.28,8
19,ycup,188,75,2,0.406,0.205,8
19,ycup,188,76,2,0.386,0.219,8
19,ycup,188,77,2,0.372,0.239,8
19,ycup,188,78,2,0.406,0.26,8
19,ycup,188,79,2,0.406,0.915,8
19,ycup,188,80,2,0.441,0.915,8
19,ycup,188,81,2,0.372,0.95,8
19,ycup,188,82,2,0.406,0.95,8
19,ycup,188,83,2,0.386,0.93,8
19,ycup,188,84,2,0.386,0.984,8
19,ycup,188,85,2,0.491,0.354,8
19,ycup,188,86,2,0.525,0.414,8
19,ycup,188,87,2,0.477,0.374,8
19,ycup,188,88,2,0.531,0.354,8
19,ycup,188,89,2,0.511,0.34,8
19,ycup,188,90,2,0.545,0.374,8
19,ycup,188,91,2,0.537,0.614,8
19,ycup,188,92,2,0.517,0.6,8
19,ycup,188,93,2,0.551,0.6,8
19,ycup,188,94,2,0.531,0.674,8
19,ycup,188,95,2,0.551,0.664,8
19,ycup,188,96,2,0.517,0.634,8
19,ycup,188,97,2,0.581,0.185,8
19,ycup,188,98,2,0.567,0.145,8
19,ycup,188,99,2,0.547,0.125,8
19,ycup,188,100,2,0.547,0.179,8
19,ycup,188,101,2,0.533,0.145,8
19,ycup,188,102,2,0.567,0.111,8
19,ycup,188,103,2,0.602,0.815,8
19,ycup,188,104,2,0.567,0.815,8
19,ycup,188,105,2,0.588,0.829,8
19,ycup,188,106,2,0.567,0.849,8
19,ycup,188,107,2,0.567,0.869,8
19,ycup,188,108,2,0.581,0.889,8
19,ycup,188,109,2,0.61,0.499,8
19,ycup,188,110,2,0.644,0.465,8
19,ycup,188,111,2,0.61,0.519,8
19,ycup,188,112,2,0.59,0.533,8
19,ycup,188,113,2,0.644,0.499,8
19,ycup,188,114,2,0.59,0.479,8
19,ycup,188,115,2,0.674,0.694,8
19,ycup,188,116,2,0.742,0.724,8
19,ycup,188,117,2,0.708,0.714,8
19,ycup,188,118,2,0.708,0.694,8
19,ycup,188,119,2,0.708,0.66,8
19,ycup,188,120,2,0.728,0.674,8
19,ycup,188,121,2,0.708,0.266,8
19,ycup,188,122,2,0.688,0.28,8
19,ycup,188,123,2,0.742,0.3,8
19,ycup,188,124,2,0.688,0.334,8
19,ycup,188,125,2,0.722,0.34,8
19,ycup,188,126,2,0.742,0.33,8
19,ycup,188,127,2,0.771,0.149,8
19,ycup,188,128,2,0.791,0.109,8
19,ycup,188,129,2,0.791,0.074,8
19,ycup,188,130,2,0.736,0.064,8
19,ycup,188,131,2,0.777,0.089,8
19,ycup,188,132,2,0.757,0.129,8
19,ycup,188,133,2,0.736,0.865,8
19,ycup,188,134,2,0.757,0.885,8
19,ycup,188,135,2,0.791,0.885,8
19,ycup,188,136,2,0.736,0.92,8
19,ycup,188,137,2,0.757,0.851,8
19,ycup,188,138,2,0.771,0.926,8
19,ycup,188,139,2,0.807,0.537,8
19,ycup,188,140,2,0.793,0.517,8
19,ycup,188,141,2,0.827,0.463,8
19,ycup,188,142,2,0.827,0.527,8
19,ycup,188,143,2,0.813,0.477,8
19,ycup,188,144,2,0.827,0.497,8
19,ycup,189,1,2,0.04,0.477,9
19,ycup,189,2,2,0.054,0.497,9
19,ycup,189,3,2,0.054,0.463,9
19,ycup,189,4,2,0,0.477,9
19,ycup,189,5,2,0.02,0.463,9
19,ycup,189,6,2,0,0.531,9
19,ycup,189,7,2,0.05,0.135,9
19,ycup,189,8,2,0.085,0.115,9
19,ycup,189,9,2,0.05,0.08,9
19,ycup,189,10,2,0.03,0.07,9
19,ycup,189,11,2,0.064,0.155,9
19,ycup,189,12,2,0.03,0.149,9
19,ycup,189,13,2,0.085,0.909,9
19,ycup,189,14,2,0.016,0.879,9
19,ycup,189,15,2,0.07,0.859,9
19,ycup,189,16,2,0.085,0.845,9
19,ycup,189,17,2,0.03,0.859,9
19,ycup,189,18,2,0.03,0.835,9
19,ycup,189,19,2,0.085,0.674,9
19,ycup,189,20,2,0.139,0.724,9
19,ycup,189,21,2,0.085,0.65,9
19,ycup,189,22,2,0.105,0.694,9
19,ycup,189,23,2,0.119,0.734,9
19,ycup,189,24,2,0.105,0.66,9
19,ycup,189,25,2,0.169,0.302,9
19,ycup,189,26,2,0.135,0.356,9
19,ycup,189,27,2,0.135,0.336,9
19,ycup,189,28,2,0.101,0.336,9
19,ycup,189,29,2,0.149,0.376,9
19,ycup,189,30,2,0.115,0.316,9
19,ycup,189,31,2,0.225,0.465,9
19,ycup,189,32,2,0.225,0.499,9
19,ycup,189,33,2,0.191,0.519,9
19,ycup,189,34,2,0.171,0.533,9
19,ycup,189,35,2,0.205,0.539,9
19,ycup,189,36,2,0.157,0.499,9
19,ycup,189,37,2,0.245,0.175,9
19,ycup,189,38,2,0.245,0.155,9
19,ycup,189,39,2,0.225,0.111,9
19,ycup,189,40,2,0.28,0.155,9
19,ycup,189,41,2,0.26,0.195,9
19,ycup,189,42,2,0.225,0.189,9
19,ycup,189,43,2,0.28,0.805,9
19,ycup,189,44,2,0.245,0.805,9
19,ycup,189,45,2,0.211,0.839,9
19,ycup,189,46,2,0.266,0.819,9
19,ycup,189,47,2,0.28,0.869,9
19,ycup,189,48,2,0.26,0.879,9
19,ycup,189,49,2,0.352,0.581,9
19,ycup,189,50,2,0.318,0.636,9
19,ycup,189,51,2,0.338,0.596,9
19,ycup,189,52,2,0.318,0.616,9
19,ycup,189,53,2,0.298,0.571,9
19,ycup,189,54,2,0.352,0.646,9
19,ycup,189,55,2,0.354,0.394,9
19,ycup,189,56,2,0.32,0.414,9
19,ycup,189,57,2,0.32,0.36,9
19,ycup,189,58,2,0.334,0.435,9
19,ycup,189,59,2,0.34,0.374,9
19,ycup,189,60,2,0.32,0.394,9
19,ycup,189,61,2,0.384,0.742,9
19,ycup,189,62,2,0.419,0.803,9
19,ycup,189,63,2,0.404,0.783,9
19,ycup,189,64,2,0.439,0.763,9
19,ycup,189,65,2,0.439,0.793,9
19,ycup,189,66,2,0.384,0.797,9
19,ycup,189,67,2,0.441,0.034,9
19,ycup,189,68,2,0.427,0.014,9
19,ycup,189,69,2,0.406,0,9
19,ycup,189,70,2,0.441,0,9
19,ycup,189,71,2,0.372,0.034,9
19,ycup,189,72,2,0.441,0.064,9
19,ycup,189,73,2,0.441,0.27,9
19,ycup,189,74,2,0.421,0.28,9
19,ycup,189,75,2,0.406,0.205,9
19,ycup,189,76,2,0.386,0.219,9
19,ycup,189,77,2,0.372,0.239,9
19,ycup,189,78,2,0.406,0.26,9
19,ycup,189,79,2,0.406,0.915,9
19,ycup,189,80,2,0.386,0.984,9
19,ycup,189,81,2,0.386,0.93,9
19,ycup,189,82,2,0.372,0.95,9
19,ycup,189,83,2,0.406,0.95,9
19,ycup,189,84,2,0.441,0.915,9
19,ycup,189,85,2,0.511,0.34,9
19,ycup,189,86,2,0.531,0.354,9
19,ycup,189,87,2,0.545,0.374,9
19,ycup,189,88,2,0.525,0.414,9
19,ycup,189,89,2,0.491,0.354,9
19,ycup,189,90,2,0.477,0.374,9
19,ycup,189,91,2,0.551,0.6,9
19,ycup,189,92,2,0.537,0.614,9
19,ycup,189,93,2,0.517,0.6,9
19,ycup,189,94,2,0.551,0.664,9
19,ycup,189,95,2,0.517,0.634,9
19,ycup,189,96,2,0.531,0.674,9
19,ycup,189,97,2,0.567,0.111,9
19,ycup,189,98,2,0.547,0.179,9
19,ycup,189,99,2,0.567,0.145,9
19,ycup,189,100,2,0.533,0.145,9
19,ycup,189,101,2,0.581,0.185,9
19,ycup,189,102,2,0.547,0.125,9
19,ycup,189,103,2,0.567,0.849,9
19,ycup,189,104,2,0.588,0.829,9
19,ycup,189,105,2,0.567,0.815,9
19,ycup,189,106,2,0.602,0.815,9
19,ycup,189,107,2,0.581,0.889,9
19,ycup,189,108,2,0.567,0.869,9
19,ycup,189,109,2,0.61,0.519,9
19,ycup,189,110,2,0.61,0.499,9
19,ycup,189,111,2,0.59,0.533,9
19,ycup,189,112,2,0.644,0.465,9
19,ycup,189,113,2,0.59,0.479,9
19,ycup,189,114,2,0.644,0.499,9
19,ycup,189,115,2,0.742,0.724,9
19,ycup,189,116,2,0.708,0.66,9
19,ycup,189,117,2,0.708,0.694,9
19,ycup,189,118,2,0.708,0.714,9
19,ycup,189,119,2,0.728,0.674,9
19,ycup,189,120,2,0.674,0.694,9
19,ycup,189,121,2,0.722,0.34,9
19,ycup,189,122,2,0.742,0.33,9
19,ycup,189,123,2,0.688,0.334,9
19,ycup,189,124,2,0.708,0.266,9
19,ycup,189,125,2,0.688,0.28,9
19,ycup,189,126,2,0.742,0.3,9
19,ycup,189,127,2,0.771,0.149,9
19,ycup,189,128,2,0.791,0.074,9
19,ycup,189,129,2,0.777,0.089,9
19,ycup,189,130,2,0.757,0.129,9
19,ycup,189,131,2,0.736,0.064,9
19,ycup,189,132,2,0.791,0.109,9
19,ycup,189,133,2,0.736,0.865,9
19,ycup,189,134,2,0.736,0.92,9
19,ycup,189,135,2,0.771,0.926,9
19,ycup,189,136,2,0.757,0.851,9
19,ycup,189,137,2,0.791,0.885,9
19,ycup,189,138,2,0.757,0.885,9
19,ycup,189,139,2,0.827,0.463,9
19,ycup,189,140,2,0.813,0.477,9
19,ycup,189,141,2,0.827,0.497,9
19,ycup,189,142,2,0.793,0.517,9
19,ycup,189,143,2,0.807,0.537,9
19,ycup,189,144,2,0.827,0.527,9
19,ycup,190,1,2,0,0.477,10
19,ycup,190,2,2,0.054,0.497,10
19,ycup,190,3,2,0.02,0.463,10
19,ycup,190,4,2,0,0.531,10
19,ycup,190,5,2,0.054,0.463,10
19,ycup,190,6,2,0.04,0.477,10
19,ycup,190,7,2,0.05,0.135,10
19,ycup,190,8,2,0.085,0.115,10
19,ycup,190,9,2,0.05,0.08,10
19,ycup,190,10,2,0.03,0.07,10
19,ycup,190,11,2,0.064,0.155,10
19,ycup,190,12,2,0.03,0.149,10
19,ycup,190,13,2,0.085,0.909,10
19,ycup,190,14,2,0.016,0.879,10
19,ycup,190,15,2,0.07,0.859,10
19,ycup,190,16,2,0.085,0.845,10
19,ycup,190,17,2,0.03,0.859,10
19,ycup,190,18,2,0.03,0.835,10
19,ycup,190,19,2,0.105,0.66,10
19,ycup,190,20,2,0.085,0.65,10
19,ycup,190,21,2,0.119,0.734,10
19,ycup,190,22,2,0.085,0.674,10
19,ycup,190,23,2,0.105,0.694,10
19,ycup,190,24,2,0.139,0.724,10
19,ycup,190,25,2,0.135,0.336,10
19,ycup,190,26,2,0.169,0.302,10
19,ycup,190,27,2,0.101,0.336,10
19,ycup,190,28,2,0.135,0.356,10
19,ycup,190,29,2,0.115,0.316,10
19,ycup,190,30,2,0.149,0.376,10
19,ycup,190,31,2,0.225,0.465,10
19,ycup,190,32,2,0.225,0.499,10
19,ycup,190,33,2,0.191,0.519,10
19,ycup,190,34,2,0.205,0.539,10
19,ycup,190,35,2,0.171,0.533,10
19,ycup,190,36,2,0.157,0.499,10
19,ycup,190,37,2,0.245,0.155,10
19,ycup,190,38,2,0.245,0.175,10
19,ycup,190,39,2,0.26,0.195,10
19,ycup,190,40,2,0.28,0.155,10
19,ycup,190,41,2,0.225,0.189,10
19,ycup,190,42,2,0.225,0.111,10
19,ycup,190,43,2,0.28,0.805,10
19,ycup,190,44,2,0.245,0.805,10
19,ycup,190,45,2,0.211,0.839,10
19,ycup,190,46,2,0.266,0.819,10
19,ycup,190,47,2,0.28,0.869,10
19,ycup,190,48,2,0.26,0.879,10
19,ycup,190,49,2,0.352,0.581,10
19,ycup,190,50,2,0.318,0.636,10
19,ycup,190,51,2,0.298,0.571,10
19,ycup,190,52,2,0.318,0.616,10
19,ycup,190,53,2,0.338,0.596,10
19,ycup,190,54,2,0.352,0.646,10
19,ycup,190,55,2,0.32,0.414,10
19,ycup,190,56,2,0.32,0.36,10
19,ycup,190,57,2,0.34,0.374,10
19,ycup,190,58,2,0.32,0.394,10
19,ycup,190,59,2,0.354,0.394,10
19,ycup,190,60,2,0.334,0.435,10
19,ycup,190,61,2,0.384,0.742,10
19,ycup,190,62,2,0.419,0.803,10
19,ycup,190,63,2,0.404,0.783,10
19,ycup,190,64,2,0.439,0.763,10
19,ycup,190,65,2,0.439,0.793,10
19,ycup,190,66,2,0.384,0.797,10
19,ycup,190,67,2,0.441,0.034,10
19,ycup,190,68,2,0.427,0.014,10
19,ycup,190,69,2,0.406,0,10
19,ycup,190,70,2,0.441,0,10
19,ycup,190,71,2,0.372,0.034,10
19,ycup,190,72,2,0.441,0.064,10
19,ycup,190,73,2,0.441,0.27,10
19,ycup,190,74,2,0.421,0.28,10
19,ycup,190,75,2,0.406,0.26,10
19,ycup,190,76,2,0.372,0.239,10
19,ycup,190,77,2,0.386,0.219,10
19,ycup,190,78,2,0.406,0.205,10
19,ycup,190,79,2,0.406,0.915,10
19,ycup,190,80,2,0.386,0.984,10
19,ycup,190,81,2,0.386,0.93,10
19,ycup,190,82,2,0.372,0.95,10
19,ycup,190,83,2,0.406,0.95,10
19,ycup,190,84,2,0.441,0.915,10
19,ycup,190,85,2,0.511,0.34,10
19,ycup,190,86,2,0.477,0.374,10
19,ycup,190,87,2,0.545,0.374,10
19,ycup,190,88,2,0.525,0.414,10
19,ycup,190,89,2,0.491,0.354,10
19,ycup,190,90,2,0.531,0.354,10
19,ycup,190,91,2,0.537,0.614,10
19,ycup,190,92,2,0.517,0.6,10
19,ycup,190,93,2,0.551,0.6,10
19,ycup,190,94,2,0.517,0.634,10
19,ycup,190,95,2,0.551,0.664,10
19,ycup,190,96,2,0.531,0.674,10
19,ycup,190,97,2,0.547,0.125,10
19,ycup,190,98,2,0.547,0.179,10
19,ycup,190,99,2,0.533,0.145,10
19,ycup,190,100,2,0.567,0.145,10
19,ycup,190,101,2,0.581,0.185,10
19,ycup,190,102,2,0.567,0.111,10
19,ycup,190,103,2,0.567,0.849,10
19,ycup,190,104,2,0.588,0.829,10
19,ycup,190,105,2,0.567,0.815,10
19,ycup,190,106,2,0.602,0.815,10
19,ycup,190,107,2,0.581,0.889,10
19,ycup,190,108,2,0.567,0.869,10
19,ycup,190,109,2,0.61,0.499,10
19,ycup,190,110,2,0.59,0.533,10
19,ycup,190,111,2,0.61,0.519,10
19,ycup,190,112,2,0.644,0.465,10
19,ycup,190,113,2,0.644,0.499,10
19,ycup,190,114,2,0.59,0.479,10
19,ycup,190,115,2,0.742,0.724,10
19,ycup,190,116,2,0.728,0.674,10
19,ycup,190,117,2,0.708,0.66,10
19,ycup,190,118,2,0.708,0.714,10
19,ycup,190,119,2,0.708,0.694,10
19,ycup,190,120,2,0.674,0.694,10
19,ycup,190,121,2,0.688,0.28,10
19,ycup,190,122,2,0.708,0.266,10
19,ycup,190,123,2,0.742,0.3,10
19,ycup,190,124,2,0.742,0.33,10
19,ycup,190,125,2,0.722,0.34,10
19,ycup,190,126,2,0.688,0.334,10
19,ycup,190,127,2,0.771,0.149,10
19,ycup,190,128,2,0.791,0.074,10
19,ycup,190,129,2,0.777,0.089,10
19,ycup,190,130,2,0.757,0.129,10
19,ycup,190,131,2,0.736,0.064,10
19,ycup,190,132,2,0.791,0.109,10
19,ycup,190,133,2,0.736,0.865,10
19,ycup,190,134,2,0.736,0.92,10
19,ycup,190,135,2,0.771,0.926,10
19,ycup,190,136,2,0.757,0.851,10
19,ycup,190,137,2,0.791,0.885,10
19,ycup,190,138,2,0.757,0.885,10
19,ycup,190,139,2,0.827,0.527,10
19,ycup,190,140,2,0.813,0.477,10
19,ycup,190,141,2,0.827,0.497,10
19,ycup,190,142,2,0.793,0.517,10
19,ycup,190,143,2,0.807,0.537,10
19,ycup,190,144,2,0.827,0.463,10
20,ycup,191,1,2,0.034,0.527,1
20,ycup,191,2,2,0.034,0.473,1
20,ycup,191,3,2,0.068,0.473,1
20,ycup,191,4,2,0.014,0.487,1
20,ycup,191,5,2,0.014,0.541,1
20,ycup,191,6,2,0,0.507,1
20,ycup,191,7,2,0.099,0.125,1
20,ycup,191,8,2,0.044,0.159,1
20,ycup,191,9,2,0.064,0.125,1
20,ycup,191,10,2,0.03,0.125,1
20,ycup,191,11,2,0.085,0.105,1
20,ycup,191,12,2,0.099,0.155,1
20,ycup,191,13,2,0.044,0.924,1
20,ycup,191,14,2,0.064,0.909,1
20,ycup,191,15,2,0.099,0.92,1
20,ycup,191,16,2,0.064,0.855,1
20,ycup,191,17,2,0.078,0.93,1
20,ycup,191,18,2,0.03,0.889,1
20,ycup,191,19,2,0.085,0.704,1
20,ycup,191,20,2,0.153,0.704,1
20,ycup,191,21,2,0.119,0.704,1
20,ycup,191,22,2,0.099,0.684,1
20,ycup,191,23,2,0.139,0.684,1
20,ycup,191,24,2,0.153,0.67,1
20,ycup,191,25,2,0.163,0.386,1
20,ycup,191,26,2,0.169,0.326,1
20,ycup,191,27,2,0.149,0.312,1
20,ycup,191,28,2,0.183,0.376,1
20,ycup,191,29,2,0.149,0.346,1
20,ycup,191,30,2,0.183,0.346,1
20,ycup,191,31,2,0.205,0.529,1
20,ycup,191,32,2,0.185,0.489,1
20,ycup,191,33,2,0.225,0.489,1
20,ycup,191,34,2,0.185,0.465,1
20,ycup,191,35,2,0.239,0.475,1
20,ycup,191,36,2,0.205,0.509,1
20,ycup,191,37,2,0.294,0.195,1
20,ycup,191,38,2,0.28,0.145,1
20,ycup,191,39,2,0.239,0.199,1
20,ycup,191,40,2,0.26,0.165,1
20,ycup,191,41,2,0.239,0.121,1
20,ycup,191,42,2,0.294,0.165,1
20,ycup,191,43,2,0.239,0.883,1
20,ycup,191,44,2,0.239,0.829,1
20,ycup,191,45,2,0.225,0.849,1
20,ycup,191,46,2,0.26,0.869,1
20,ycup,191,47,2,0.274,0.889,1
20,ycup,191,48,2,0.294,0.879,1
20,ycup,191,49,2,0.298,0.626,1
20,ycup,191,50,2,0.366,0.592,1
20,ycup,191,51,2,0.366,0.656,1
20,ycup,191,52,2,0.332,0.626,1
20,ycup,191,53,2,0.346,0.666,1
20,ycup,191,54,2,0.332,0.592,1
20,ycup,191,55,2,0.334,0.37,1
20,ycup,191,56,2,0.334,0.404,1
20,ycup,191,57,2,0.334,0.425,1
20,ycup,191,58,2,0.368,0.404,1
20,ycup,191,59,2,0.368,0.435,1
20,ycup,191,60,2,0.348,0.445,1
20,ycup,191,61,2,0.453,0.738,1
20,ycup,191,62,2,0.453,0.773,1
20,ycup,191,63,2,0.433,0.813,1
20,ycup,191,64,2,0.384,0.773,1
20,ycup,191,65,2,0.419,0.793,1
20,ycup,191,66,2,0.419,0.773,1
20,ycup,191,67,2,0.455,0.044,1
20,ycup,191,68,2,0.4,0,1
20,ycup,191,69,2,0.421,0.044,1
20,ycup,191,70,2,0.4,0.024,1
20,ycup,191,71,2,0.421,0.01,1
20,ycup,191,72,2,0.441,0.024,1
20,ycup,191,73,2,0.441,0.229,1
20,ycup,191,74,2,0.421,0.215,1
20,ycup,191,75,2,0.455,0.249,1
20,ycup,191,76,2,0.455,0.215,1
20,ycup,191,77,2,0.421,0.27,1
20,ycup,191,78,2,0.4,0.229,1
20,ycup,191,79,2,0.455,0.96,1
20,ycup,191,80,2,0.455,0.99,1
20,ycup,191,81,2,0.421,0.96,1
20,ycup,191,82,2,0.435,1,1
20,ycup,191,83,2,0.386,0.96,1
20,ycup,191,84,2,0.421,0.926,1
20,ycup,191,85,2,0.505,0.34,1
20,ycup,191,86,2,0.505,0.419,1
20,ycup,191,87,2,0.525,0.404,1
20,ycup,191,88,2,0.525,0.35,1
20,ycup,191,89,2,0.559,0.414,1
20,ycup,191,90,2,0.545,0.364,1
20,ycup,191,91,2,0.511,0.6,1
20,ycup,191,92,2,0.511,0.678,1
20,ycup,191,93,2,0.531,0.644,1
20,ycup,191,94,2,0.551,0.624,1
20,ycup,191,95,2,0.497,0.644,1
20,ycup,191,96,2,0.531,0.664,1
20,ycup,191,97,2,0.561,0.135,1
20,ycup,191,98,2,0.596,0.195,1
20,ycup,191,99,2,0.547,0.155,1
20,ycup,191,100,2,0.581,0.121,1
20,ycup,191,101,2,0.616,0.185,1
20,ycup,191,102,2,0.616,0.121,1
20,ycup,191,103,2,0.561,0.815,1
20,ycup,191,104,2,0.581,0.859,1
20,ycup,191,105,2,0.547,0.859,1
20,ycup,191,106,2,0.581,0.825,1
20,ycup,191,107,2,0.616,0.825,1
20,ycup,191,108,2,0.561,0.839,1
20,ycup,191,109,2,0.638,0.549,1
20,ycup,191,110,2,0.658,0.475,1
20,ycup,191,111,2,0.624,0.475,1
20,ycup,191,112,2,0.644,0.489,1
20,ycup,191,113,2,0.604,0.465,1
20,ycup,191,114,2,0.624,0.529,1
20,ycup,191,115,2,0.702,0.738,1
20,ycup,191,116,2,0.757,0.704,1
20,ycup,191,117,2,0.722,0.704,1
20,ycup,191,118,2,0.736,0.744,1
20,ycup,191,119,2,0.757,0.734,1
20,ycup,191,120,2,0.702,0.66,1
20,ycup,191,121,2,0.702,0.344,1
20,ycup,191,122,2,0.757,0.31,1
20,ycup,191,123,2,0.722,0.33,1
20,ycup,191,124,2,0.722,0.276,1
20,ycup,191,125,2,0.722,0.31,1
20,ycup,191,126,2,0.702,0.266,1
20,ycup,191,127,2,0.805,0.119,1
20,ycup,191,128,2,0.736,0.119,1
20,ycup,191,129,2,0.771,0.085,1
20,ycup,191,130,2,0.791,0.099,1
20,ycup,191,131,2,0.771,0.139,1
20,ycup,191,132,2,0.805,0.085,1
20,ycup,191,133,2,0.771,0.861,1
20,ycup,191,134,2,0.751,0.875,1
20,ycup,191,135,2,0.736,0.895,1
20,ycup,191,136,2,0.791,0.875,1
20,ycup,191,137,2,0.771,0.895,1
20,ycup,191,138,2,0.751,0.851,1
20,ycup,191,139,2,0.807,0.507,1
20,ycup,191,140,2,0.787,0.487,1
20,ycup,191,141,2,0.841,0.507,1
20,ycup,191,142,2,0.841,0.473,1
20,ycup,191,143,2,0.807,0.527,1
20,ycup,191,144,2,0.807,0.473,1
20,ycup,192,1,2,0.068,0.473,2
20,ycup,192,2,2,0,0.507,2
20,ycup,192,3,2,0.014,0.541,2
20,ycup,192,4,2,0.014,0.487,2
20,ycup,192,5,2,0.034,0.527,2
20,ycup,192,6,2,0.034,0.473,2
20,ycup,192,7,2,0.044,0.159,2
20,ycup,192,8,2,0.099,0.155,2
20,ycup,192,9,2,0.03,0.125,2
20,ycup,192,10,2,0.064,0.125,2
20,ycup,192,11,2,0.085,0.105,2
20,ycup,192,12,2,0.099,0.125,2
20,ycup,192,13,2,0.099,0.92,2
20,ycup,192,14,2,0.078,0.93,2
20,ycup,192,15,2,0.064,0.855,2
20,ycup,192,16,2,0.03,0.889,2
20,ycup,192,17,2,0.044,0.924,2
20,ycup,192,18,2,0.064,0.909,2
20,ycup,192,19,2,0.153,0.704,2
20,ycup,192,20,2,0.099,0.684,2
20,ycup,192,21,2,0.119,0.704,2
20,ycup,192,22,2,0.139,0.684,2
20,ycup,192,23,2,0.153,0.67,2
20,ycup,192,24,2,0.085,0.704,2
20,ycup,192,25,2,0.163,0.386,2
20,ycup,192,26,2,0.149,0.312,2
20,ycup,192,27,2,0.183,0.376,2
20,ycup,192,28,2,0.149,0.346,2
20,ycup,192,29,2,0.183,0.346,2
20,ycup,192,30,2,0.169,0.326,2
20,ycup,192,31,2,0.225,0.489,2
20,ycup,192,32,2,0.239,0.475,2
20,ycup,192,33,2,0.185,0.489,2
20,ycup,192,34,2,0.205,0.509,2
20,ycup,192,35,2,0.205,0.529,2
20,ycup,192,36,2,0.185,0.465,2
20,ycup,192,37,2,0.294,0.195,2
20,ycup,192,38,2,0.239,0.121,2
20,ycup,192,39,2,0.294,0.165,2
20,ycup,192,40,2,0.26,0.165,2
20,ycup,192,41,2,0.239,0.199,2
20,ycup,192,42,2,0.28,0.145,2
20,ycup,192,43,2,0.239,0.883,2
20,ycup,192,44,2,0.239,0.829,2
20,ycup,192,45,2,0.225,0.849,2
20,ycup,192,46,2,0.26,0.869,2
20,ycup,192,47,2,0.274,0.889,2
20,ycup,192,48,2,0.294,0.879,2
20,ycup,192,49,2,0.346,0.666,2
20,ycup,192,50,2,0.366,0.656,2
20,ycup,192,51,2,0.332,0.592,2
20,ycup,192,52,2,0.332,0.626,2
20,ycup,192,53,2,0.366,0.592,2
20,ycup,192,54,2,0.298,0.626,2
20,ycup,192,55,2,0.334,0.37,2
20,ycup,192,56,2,0.334,0.404,2
20,ycup,192,57,2,0.334,0.425,2
20,ycup,192,58,2,0.368,0.404,2
20,ycup,192,59,2,0.368,0.435,2
20,ycup,192,60,2,0.348,0.445,2
20,ycup,192,61,2,0.433,0.813,2
20,ycup,192,62,2,0.419,0.793,2
20,ycup,192,63,2,0.453,0.738,2
20,ycup,192,64,2,0.384,0.773,2
20,ycup,192,65,2,0.453,0.773,2
20,ycup,192,66,2,0.419,0.773,2
20,ycup,192,67,2,0.455,0.044,2
20,ycup,192,68,2,0.4,0,2
20,ycup,192,69,2,0.421,0.044,2
20,ycup,192,70,2,0.4,0.024,2
20,ycup,192,71,2,0.421,0.01,2
20,ycup,192,72,2,0.441,0.024,2
20,ycup,192,73,2,0.441,0.229,2
20,ycup,192,74,2,0.421,0.215,2
20,ycup,192,75,2,0.455,0.249,2
20,ycup,192,76,2,0.455,0.215,2
20,ycup,192,77,2,0.421,0.27,2
20,ycup,192,78,2,0.4,0.229,2
20,ycup,192,79,2,0.455,0.96,2
20,ycup,192,80,2,0.455,0.99,2
20,ycup,192,81,2,0.421,0.96,2
20,ycup,192,82,2,0.435,1,2
20,ycup,192,83,2,0.386,0.96,2
20,ycup,192,84,2,0.421,0.926,2
20,ycup,192,85,2,0.525,0.404,2
20,ycup,192,86,2,0.505,0.34,2
20,ycup,192,87,2,0.505,0.419,2
20,ycup,192,88,2,0.525,0.35,2
20,ycup,192,89,2,0.559,0.414,2
20,ycup,192,90,2,0.545,0.364,2
20,ycup,192,91,2,0.511,0.6,2
20,ycup,192,92,2,0.511,0.678,2
20,ycup,192,93,2,0.531,0.644,2
20,ycup,192,94,2,0.551,0.624,2
20,ycup,192,95,2,0.497,0.644,2
20,ycup,192,96,2,0.531,0.664,2
20,ycup,192,97,2,0.561,0.135,2
20,ycup,192,98,2,0.596,0.195,2
20,ycup,192,99,2,0.547,0.155,2
20,ycup,192,100,2,0.581,0.121,2
20,ycup,192,101,2,0.616,0.185,2
20,ycup,192,102,2,0.616,0.121,2
20,ycup,192,103,2,0.561,0.815,2
20,ycup,192,104,2,0.581,0.825,2
20,ycup,192,105,2,0.581,0.859,2
20,ycup,192,106,2,0.616,0.825,2
20,ycup,192,107,2,0.561,0.839,2
20,ycup,192,108,2,0.547,0.859,2
20,ycup,192,109,2,0.644,0.489,2
20,ycup,192,110,2,0.604,0.465,2
20,ycup,192,111,2,0.638,0.549,2
20,ycup,192,112,2,0.624,0.529,2
20,ycup,192,113,2,0.624,0.475,2
20,ycup,192,114,2,0.658,0.475,2
20,ycup,192,115,2,0.757,0.734,2
20,ycup,192,116,2,0.702,0.738,2
20,ycup,192,117,2,0.722,0.704,2
20,ycup,192,118,2,0.702,0.66,2
20,ycup,192,119,2,0.736,0.744,2
20,ycup,192,120,2,0.757,0.704,2
20,ycup,192,121,2,0.702,0.344,2
20,ycup,192,122,2,0.757,0.31,2
20,ycup,192,123,2,0.722,0.33,2
20,ycup,192,124,2,0.722,0.276,2
20,ycup,192,125,2,0.722,0.31,2
20,ycup,192,126,2,0.702,0.266,2
20,ycup,192,127,2,0.805,0.119,2
20,ycup,192,128,2,0.736,0.119,2
20,ycup,192,129,2,0.771,0.085,2
20,ycup,192,130,2,0.791,0.099,2
20,ycup,192,131,2,0.771,0.139,2
20,ycup,192,132,2,0.805,0.085,2
20,ycup,192,133,2,0.751,0.875,2
20,ycup,192,134,2,0.751,0.851,2
20,ycup,192,135,2,0.791,0.875,2
20,ycup,192,136,2,0.771,0.895,2
20,ycup,192,137,2,0.771,0.861,2
20,ycup,192,138,2,0.736,0.895,2
20,ycup,192,139,2,0.807,0.507,2
20,ycup,192,140,2,0.787,0.487,2
20,ycup,192,141,2,0.841,0.507,2
20,ycup,192,142,2,0.841,0.473,2
20,ycup,192,143,2,0.807,0.527,2
20,ycup,192,144,2,0.807,0.473,2
20,ycup,193,1,2,0.034,0.527,3
20,ycup,193,2,2,0.034,0.473,3
20,ycup,193,3,2,0.068,0.473,3
20,ycup,193,4,2,0.014,0.487,3
20,ycup,193,5,2,0.014,0.541,3
20,ycup,193,6,2,0,0.507,3
20,ycup,193,7,2,0.099,0.125,3
20,ycup,193,8,2,0.044,0.159,3
20,ycup,193,9,2,0.064,0.125,3
20,ycup,193,10,2,0.03,0.125,3
20,ycup,193,11,2,0.085,0.105,3
20,ycup,193,12,2,0.099,0.155,3
20,ycup,193,13,2,0.044,0.924,3
20,ycup,193,14,2,0.064,0.909,3
20,ycup,193,15,2,0.099,0.92,3
20,ycup,193,16,2,0.064,0.855,3
20,ycup,193,17,2,0.078,0.93,3
20,ycup,193,18,2,0.03,0.889,3
20,ycup,193,19,2,0.085,0.704,3
20,ycup,193,20,2,0.153,0.704,3
20,ycup,193,21,2,0.119,0.704,3
20,ycup,193,22,2,0.099,0.684,3
20,ycup,193,23,2,0.139,0.684,3
20,ycup,193,24,2,0.153,0.67,3
20,ycup,193,25,2,0.163,0.386,3
20,ycup,193,26,2,0.169,0.326,3
20,ycup,193,27,2,0.149,0.312,3
20,ycup,193,28,2,0.183,0.376,3
20,ycup,193,29,2,0.149,0.346,3
20,ycup,193,30,2,0.183,0.346,3
20,ycup,193,31,2,0.205,0.529,3
20,ycup,193,32,2,0.185,0.489,3
20,ycup,193,33,2,0.225,0.489,3
20,ycup,193,34,2,0.185,0.465,3
20,ycup,193,35,2,0.239,0.475,3
20,ycup,193,36,2,0.205,0.509,3
20,ycup,193,37,2,0.294,0.195,3
20,ycup,193,38,2,0.28,0.145,3
20,ycup,193,39,2,0.239,0.199,3
20,ycup,193,40,2,0.26,0.165,3
20,ycup,193,41,2,0.239,0.121,3
20,ycup,193,42,2,0.294,0.165,3
20,ycup,193,43,2,0.239,0.883,3
20,ycup,193,44,2,0.239,0.829,3
20,ycup,193,45,2,0.225,0.849,3
20,ycup,193,46,2,0.26,0.869,3
20,ycup,193,47,2,0.274,0.889,3
20,ycup,193,48,2,0.294,0.879,3
20,ycup,193,49,2,0.346,0.666,3
20,ycup,193,50,2,0.366,0.656,3
20,ycup,193,51,2,0.332,0.592,3
20,ycup,193,52,2,0.332,0.626,3
20,ycup,193,53,2,0.366,0.592,3
20,ycup,193,54,2,0.298,0.626,3
20,ycup,193,55,2,0.334,0.37,3
20,ycup,193,56,2,0.334,0.404,3
20,ycup,193,57,2,0.334,0.425,3
20,ycup,193,58,2,0.368,0.404,3
20,ycup,193,59,2,0.368,0.435,3
20,ycup,193,60,2,0.348,0.445,3
20,ycup,193,61,2,0.433,0.813,3
20,ycup,193,62,2,0.419,0.793,3
20,ycup,193,63,2,0.453,0.738,3
20,ycup,193,64,2,0.384,0.773,3
20,ycup,193,65,2,0.453,0.773,3
20,ycup,193,66,2,0.419,0.773,3
20,ycup,193,67,2,0.455,0.044,3
20,ycup,193,68,2,0.4,0,3
20,ycup,193,69,2,0.421,0.044,3
20,ycup,193,70,2,0.4,0.024,3
20,ycup,193,71,2,0.421,0.01,3
20,ycup,193,72,2,0.441,0.024,3
20,ycup,193,73,2,0.441,0.229,3
20,ycup,193,74,2,0.421,0.215,3
20,ycup,193,75,2,0.455,0.249,3
20,ycup,193,76,2,0.455,0.215,3
20,ycup,193,77,2,0.421,0.27,3
20,ycup,193,78,2,0.4,0.229,3
20,ycup,193,79,2,0.455,0.96,3
20,ycup,193,80,2,0.455,0.99,3
20,ycup,193,81,2,0.421,0.96,3
20,ycup,193,82,2,0.435,1,3
20,ycup,193,83,2,0.386,0.96,3
20,ycup,193,84,2,0.421,0.926,3
20,ycup,193,85,2,0.505,0.419,3
20,ycup,193,86,2,0.525,0.35,3
20,ycup,193,87,2,0.559,0.414,3
20,ycup,193,88,2,0.545,0.364,3
20,ycup,193,89,2,0.525,0.404,3
20,ycup,193,90,2,0.505,0.34,3
20,ycup,193,91,2,0.531,0.644,3
20,ycup,193,92,2,0.531,0.664,3
20,ycup,193,93,2,0.511,0.6,3
20,ycup,193,94,2,0.497,0.644,3
20,ycup,193,95,2,0.511,0.678,3
20,ycup,193,96,2,0.551,0.624,3
20,ycup,193,97,2,0.581,0.121,3
20,ycup,193,98,2,0.616,0.121,3
20,ycup,193,99,2,0.616,0.185,3
20,ycup,193,100,2,0.547,0.155,3
20,ycup,193,101,2,0.561,0.135,3
20,ycup,193,102,2,0.596,0.195,3
20,ycup,193,103,2,0.561,0.815,3
20,ycup,193,104,2,0.581,0.825,3
20,ycup,193,105,2,0.581,0.859,3
20,ycup,193,106,2,0.616,0.825,3
20,ycup,193,107,2,0.561,0.839,3
20,ycup,193,108,2,0.547,0.859,3
20,ycup,193,109,2,0.624,0.529,3
20,ycup,193,110,2,0.638,0.549,3
20,ycup,193,111,2,0.624,0.475,3
20,ycup,193,112,2,0.644,0.489,3
20,ycup,193,113,2,0.658,0.475,3
20,ycup,193,114,2,0.604,0.465,3
20,ycup,193,115,2,0.722,0.704,3
20,ycup,193,116,2,0.757,0.704,3
20,ycup,193,117,2,0.736,0.744,3
20,ycup,193,118,2,0.757,0.734,3
20,ycup,193,119,2,0.702,0.738,3
20,ycup,193,120,2,0.702,0.66,3
20,ycup,193,121,2,0.702,0.344,3
20,ycup,193,122,2,0.722,0.33,3
20,ycup,193,123,2,0.757,0.31,3
20,ycup,193,124,2,0.722,0.276,3
20,ycup,193,125,2,0.722,0.31,3
20,ycup,193,126,2,0.702,0.266,3
20,ycup,193,127,2,0.736,0.119,3
20,ycup,193,128,2,0.771,0.139,3
20,ycup,193,129,2,0.805,0.119,3
20,ycup,193,130,2,0.805,0.085,3
20,ycup,193,131,2,0.791,0.099,3
20,ycup,193,132,2,0.771,0.085,3
20,ycup,193,133,2,0.751,0.851,3
20,ycup,193,134,2,0.771,0.895,3
20,ycup,193,135,2,0.751,0.875,3
20,ycup,193,136,2,0.771,0.861,3
20,ycup,193,137,2,0.736,0.895,3
20,ycup,193,138,2,0.791,0.875,3
20,ycup,193,139,2,0.807,0.527,3
20,ycup,193,140,2,0.841,0.507,3
20,ycup,193,141,2,0.807,0.473,3
20,ycup,193,142,2,0.841,0.473,3
20,ycup,193,143,2,0.787,0.487,3
20,ycup,193,144,2,0.807,0.507,3
20,ycup,194,1,2,0.014,0.487,4
20,ycup,194,2,2,0.034,0.473,4
20,ycup,194,3,2,0.014,0.541,4
20,ycup,194,4,2,0.034,0.527,4
20,ycup,194,5,2,0,0.507,4
20,ycup,194,6,2,0.068,0.473,4
20,ycup,194,7,2,0.099,0.125,4
20,ycup,194,8,2,0.044,0.159,4
20,ycup,194,9,2,0.064,0.125,4
20,ycup,194,10,2,0.03,0.125,4
20,ycup,194,11,2,0.085,0.105,4
20,ycup,194,12,2,0.099,0.155,4
20,ycup,194,13,2,0.064,0.855,4
20,ycup,194,14,2,0.099,0.92,4
20,ycup,194,15,2,0.03,0.889,4
20,ycup,194,16,2,0.044,0.924,4
20,ycup,194,17,2,0.078,0.93,4
20,ycup,194,18,2,0.064,0.909,4
20,ycup,194,19,2,0.153,0.704,4
20,ycup,194,20,2,0.139,0.684,4
20,ycup,194,21,2,0.119,0.704,4
20,ycup,194,22,2,0.153,0.67,4
20,ycup,194,23,2,0.099,0.684,4
20,ycup,194,24,2,0.085,0.704,4
20,ycup,194,25,2,0.149,0.346,4
20,ycup,194,26,2,0.149,0.346,4
20,ycup,194,27,2,0.183,0.376,4
20,ycup,194,28,2,0.169,0.326,4
20,ycup,194,29,2,0.149,0.312,4
20,ycup,194,30,2,0.163,0.386,4
20,ycup,194,31,2,0.205,0.529,4
20,ycup,194,32,2,0.225,0.489,4
20,ycup,194,33,2,0.185,0.465,4
20,ycup,194,34,2,0.239,0.475,4
20,ycup,194,35,2,0.185,0.489,4
20,ycup,194,36,2,0.205,0.509,4
20,ycup,194,37,2,0.294,0.195,4
20,ycup,194,38,2,0.28,0.145,4
20,ycup,194,39,2,0.239,0.199,4
20,ycup,194,40,2,0.26,0.165,4
20,ycup,194,41,2,0.239,0.121,4
20,ycup,194,42,2,0.294,0.165,4
20,ycup,194,43,2,0.225,0.849,4
20,ycup,194,44,2,0.294,0.879,4
20,ycup,194,45,2,0.239,0.883,4
20,ycup,194,46,2,0.239,0.829,4
20,ycup,194,47,2,0.26,0.869,4
20,ycup,194,48,2,0.274,0.889,4
20,ycup,194,49,2,0.346,0.666,4
20,ycup,194,50,2,0.366,0.656,4
20,ycup,194,51,2,0.332,0.592,4
20,ycup,194,52,2,0.332,0.626,4
20,ycup,194,53,2,0.366,0.592,4
20,ycup,194,54,2,0.298,0.626,4
20,ycup,194,55,2,0.368,0.435,4
20,ycup,194,56,2,0.348,0.445,4
20,ycup,194,57,2,0.334,0.425,4
20,ycup,194,58,2,0.368,0.404,4
20,ycup,194,59,2,0.334,0.404,4
20,ycup,194,60,2,0.334,0.37,4
20,ycup,194,61,2,0.433,0.813,4
20,ycup,194,62,2,0.419,0.793,4
20,ycup,194,63,2,0.453,0.738,4
20,ycup,194,64,2,0.384,0.773,4
20,ycup,194,65,2,0.453,0.773,4
20,ycup,194,66,2,0.419,0.773,4
20,ycup,194,67,2,0.455,0.044,4
20,ycup,194,68,2,0.4,0,4
20,ycup,194,69,2,0.421,0.044,4
20,ycup,194,70,2,0.4,0.024,4
20,ycup,194,71,2,0.421,0.01,4
20,ycup,194,72,2,0.441,0.024,4
20,ycup,194,73,2,0.441,0.229,4
20,ycup,194,74,2,0.421,0.215,4
20,ycup,194,75,2,0.455,0.249,4
20,ycup,194,76,2,0.455,0.215,4
20,ycup,194,77,2,0.421,0.27,4
20,ycup,194,78,2,0.4,0.229,4
20,ycup,194,79,2,0.455,0.96,4
20,ycup,194,80,2,0.455,0.99,4
20,ycup,194,81,2,0.421,0.96,4
20,ycup,194,82,2,0.435,1,4
20,ycup,194,83,2,0.386,0.96,4
20,ycup,194,84,2,0.421,0.926,4
20,ycup,194,85,2,0.525,0.404,4
20,ycup,194,86,2,0.505,0.34,4
20,ycup,194,87,2,0.505,0.419,4
20,ycup,194,88,2,0.525,0.35,4
20,ycup,194,89,2,0.559,0.414,4
20,ycup,194,90,2,0.545,0.364,4
20,ycup,194,91,2,0.511,0.6,4
20,ycup,194,92,2,0.511,0.678,4
20,ycup,194,93,2,0.531,0.644,4
20,ycup,194,94,2,0.551,0.624,4
20,ycup,194,95,2,0.497,0.644,4
20,ycup,194,96,2,0.531,0.664,4
20,ycup,194,97,2,0.561,0.135,4
20,ycup,194,98,2,0.596,0.195,4
20,ycup,194,99,2,0.547,0.155,4
20,ycup,194,100,2,0.581,0.121,4
20,ycup,194,101,2,0.616,0.185,4
20,ycup,194,102,2,0.616,0.121,4
20,ycup,194,103,2,0.561,0.815,4
20,ycup,194,104,2,0.581,0.825,4
20,ycup,194,105,2,0.581,0.859,4
20,ycup,194,106,2,0.616,0.825,4
20,ycup,194,107,2,0.561,0.839,4
20,ycup,194,108,2,0.547,0.859,4
20,ycup,194,109,2,0.644,0.489,4
20,ycup,194,110,2,0.604,0.465,4
20,ycup,194,111,2,0.638,0.549,4
20,ycup,194,112,2,0.624,0.529,4
20,ycup,194,113,2,0.624,0.475,4
20,ycup,194,114,2,0.658,0.475,4
20,ycup,194,115,2,0.757,0.734,4
20,ycup,194,116,2,0.702,0.738,4
20,ycup,194,117,2,0.722,0.704,4
20,ycup,194,118,2,0.702,0.66,4
20,ycup,194,119,2,0.736,0.744,4
20,ycup,194,120,2,0.757,0.704,4
20,ycup,194,121,2,0.702,0.344,4
20,ycup,194,122,2,0.757,0.31,4
20,ycup,194,123,2,0.722,0.33,4
20,ycup,194,124,2,0.722,0.276,4
20,ycup,194,125,2,0.722,0.31,4
20,ycup,194,126,2,0.702,0.266,4
20,ycup,194,127,2,0.805,0.119,4
20,ycup,194,128,2,0.736,0.119,4
20,ycup,194,129,2,0.771,0.085,4
20,ycup,194,130,2,0.791,0.099,4
20,ycup,194,131,2,0.771,0.139,4
20,ycup,194,132,2,0.805,0.085,4
20,ycup,194,133,2,0.751,0.875,4
20,ycup,194,134,2,0.751,0.851,4
20,ycup,194,135,2,0.791,0.875,4
20,ycup,194,136,2,0.771,0.895,4
20,ycup,194,137,2,0.771,0.861,4
20,ycup,194,138,2,0.736,0.895,4
20,ycup,194,139,2,0.807,0.507,4
20,ycup,194,140,2,0.787,0.487,4
20,ycup,194,141,2,0.841,0.507,4
20,ycup,194,142,2,0.841,0.473,4
20,ycup,194,143,2,0.807,0.527,4
20,ycup,194,144,2,0.807,0.473,4
20,ycup,195,1,2,0.034,0.527,5
20,ycup,195,2,2,0.034,0.473,5
20,ycup,195,3,2,0.068,0.473,5
20,ycup,195,4,2,0.014,0.487,5
20,ycup,195,5,2,0.014,0.541,5
20,ycup,195,6,2,0,0.507,5
20,ycup,195,7,2,0.044,0.159,5
20,ycup,195,8,2,0.085,0.105,5
20,ycup,195,9,2,0.03,0.125,5
20,ycup,195,10,2,0.099,0.155,5
20,ycup,195,11,2,0.064,0.125,5
20,ycup,195,12,2,0.099,0.125,5
20,ycup,195,13,2,0.044,0.924,5
20,ycup,195,14,2,0.064,0.909,5
20,ycup,195,15,2,0.099,0.92,5
20,ycup,195,16,2,0.064,0.855,5
20,ycup,195,17,2,0.078,0.93,5
20,ycup,195,18,2,0.03,0.889,5
20,ycup,195,19,2,0.085,0.704,5
20,ycup,195,20,2,0.153,0.704,5
20,ycup,195,21,2,0.119,0.704,5
20,ycup,195,22,2,0.099,0.684,5
20,ycup,195,23,2,0.139,0.684,5
20,ycup,195,24,2,0.153,0.67,5
20,ycup,195,25,2,0.163,0.386,5
20,ycup,195,26,2,0.169,0.326,5
20,ycup,195,27,2,0.149,0.312,5
20,ycup,195,28,2,0.183,0.376,5
20,ycup,195,29,2,0.149,0.346,5
20,ycup,195,30,2,0.183,0.346,5
20,ycup,195,31,2,0.205,0.529,5
20,ycup,195,32,2,0.185,0.489,5
20,ycup,195,33,2,0.225,0.489,5
20,ycup,195,34,2,0.185,0.465,5
20,ycup,195,35,2,0.239,0.475,5
20,ycup,195,36,2,0.205,0.509,5
20,ycup,195,37,2,0.294,0.195,5
20,ycup,195,38,2,0.239,0.199,5
20,ycup,195,39,2,0.239,0.121,5
20,ycup,195,40,2,0.26,0.165,5
20,ycup,195,41,2,0.294,0.165,5
20,ycup,195,42,2,0.28,0.145,5
20,ycup,195,43,2,0.239,0.883,5
20,ycup,195,44,2,0.239,0.829,5
20,ycup,195,45,2,0.225,0.849,5
20,ycup,195,46,2,0.26,0.869,5
20,ycup,195,47,2,0.274,0.889,5
20,ycup,195,48,2,0.294,0.879,5
20,ycup,195,49,2,0.346,0.666,5
20,ycup,195,50,2,0.366,0.656,5
20,ycup,195,51,2,0.332,0.592,5
20,ycup,195,52,2,0.332,0.626,5
20,ycup,195,53,2,0.366,0.592,5
20,ycup,195,54,2,0.298,0.626,5
20,ycup,195,55,2,0.334,0.37,5
20,ycup,195,56,2,0.334,0.404,5
20,ycup,195,57,2,0.334,0.425,5
20,ycup,195,58,2,0.368,0.404,5
20,ycup,195,59,2,0.368,0.435,5
20,ycup,195,60,2,0.348,0.445,5
20,ycup,195,61,2,0.433,0.813,5
20,ycup,195,62,2,0.419,0.793,5
20,ycup,195,63,2,0.453,0.738,5
20,ycup,195,64,2,0.384,0.773,5
20,ycup,195,65,2,0.453,0.773,5
20,ycup,195,66,2,0.419,0.773,5
20,ycup,195,67,2,0.421,0.01,5
20,ycup,195,68,2,0.4,0,5
20,ycup,195,69,2,0.441,0.024,5
20,ycup,195,70,2,0.455,0.044,5
20,ycup,195,71,2,0.421,0.044,5
20,ycup,195,72,2,0.4,0.024,5
20,ycup,195,73,2,0.455,0.249,5
20,ycup,195,74,2,0.421,0.27,5
20,ycup,195,75,2,0.421,0.215,5
20,ycup,195,76,2,0.455,0.215,5
20,ycup,195,77,2,0.441,0.229,5
20,ycup,195,78,2,0.4,0.229,5
20,ycup,195,79,2,0.455,0.96,5
20,ycup,195,80,2,0.455,0.99,5
20,ycup,195,81,2,0.421,0.96,5
20,ycup,195,82,2,0.435,1,5
20,ycup,195,83,2,0.386,0.96,5
20,ycup,195,84,2,0.421,0.926,5
20,ycup,195,85,2,0.505,0.34,5
20,ycup,195,86,2,0.545,0.364,5
20,ycup,195,87,2,0.505,0.419,5
20,ycup,195,88,2,0.559,0.414,5
20,ycup,195,89,2,0.525,0.404,5
20,ycup,195,90,2,0.525,0.35,5
20,ycup,195,91,2,0.511,0.6,5
20,ycup,195,92,2,0.531,0.644,5
20,ycup,195,93,2,0.511,0.678,5
20,ycup,195,94,2,0.551,0.624,5
20,ycup,195,95,2,0.497,0.644,5
20,ycup,195,96,2,0.531,0.664,5
20,ycup,195,97,2,0.596,0.195,5
20,ycup,195,98,2,0.616,0.121,5
20,ycup,195,99,2,0.561,0.135,5
20,ycup,195,100,2,0.547,0.155,5
20,ycup,195,101,2,0.616,0.185,5
20,ycup,195,102,2,0.581,0.121,5
20,ycup,195,103,2,0.561,0.815,5
20,ycup,195,104,2,0.581,0.825,5
20,ycup,195,105,2,0.581,0.859,5
20,ycup,195,106,2,0.616,0.825,5
20,ycup,195,107,2,0.561,0.839,5
20,ycup,195,108,2,0.547,0.859,5
20,ycup,195,109,2,0.644,0.489,5
20,ycup,195,110,2,0.638,0.549,5
20,ycup,195,111,2,0.604,0.465,5
20,ycup,195,112,2,0.624,0.529,5
20,ycup,195,113,2,0.624,0.475,5
20,ycup,195,114,2,0.658,0.475,5
20,ycup,195,115,2,0.757,0.734,5
20,ycup,195,116,2,0.702,0.738,5
20,ycup,195,117,2,0.722,0.704,5
20,ycup,195,118,2,0.702,0.66,5
20,ycup,195,119,2,0.736,0.744,5
20,ycup,195,120,2,0.757,0.704,5
20,ycup,195,121,2,0.702,0.344,5
20,ycup,195,122,2,0.757,0.31,5
20,ycup,195,123,2,0.722,0.33,5
20,ycup,195,124,2,0.722,0.276,5
20,ycup,195,125,2,0.722,0.31,5
20,ycup,195,126,2,0.702,0.266,5
20,ycup,195,127,2,0.771,0.085,5
20,ycup,195,128,2,0.805,0.119,5
20,ycup,195,129,2,0.805,0.085,5
20,ycup,195,130,2,0.791,0.099,5
20,ycup,195,131,2,0.736,0.119,5
20,ycup,195,132,2,0.771,0.139,5
20,ycup,195,133,2,0.751,0.875,5
20,ycup,195,134,2,0.751,0.851,5
20,ycup,195,135,2,0.791,0.875,5
20,ycup,195,136,2,0.771,0.895,5
20,ycup,195,137,2,0.771,0.861,5
20,ycup,195,138,2,0.736,0.895,5
20,ycup,195,139,2,0.807,0.507,5
20,ycup,195,140,2,0.787,0.487,5
20,ycup,195,141,2,0.841,0.507,5
20,ycup,195,142,2,0.841,0.473,5
20,ycup,195,143,2,0.807,0.527,5
20,ycup,195,144,2,0.807,0.473,5
20,ycup,196,1,2,0.034,0.527,6
20,ycup,196,2,2,0.034,0.473,6
20,ycup,196,3,2,0.068,0.473,6
20,ycup,196,4,2,0.014,0.487,6
20,ycup,196,5,2,0.014,0.541,6
20,ycup,196,6,2,0,0.507,6
20,ycup,196,7,2,0.099,0.125,6
20,ycup,196,8,2,0.044,0.159,6
20,ycup,196,9,2,0.064,0.125,6
20,ycup,196,10,2,0.03,0.125,6
20,ycup,196,11,2,0.085,0.105,6
20,ycup,196,12,2,0.099,0.155,6
20,ycup,196,13,2,0.099,0.92,6
20,ycup,196,14,2,0.064,0.855,6
20,ycup,196,15,2,0.044,0.924,6
20,ycup,196,16,2,0.03,0.889,6
20,ycup,196,17,2,0.064,0.909,6
20,ycup,196,18,2,0.078,0.93,6
20,ycup,196,19,2,0.099,0.684,6
20,ycup,196,20,2,0.085,0.704,6
20,ycup,196,21,2,0.139,0.684,6
20,ycup,196,22,2,0.153,0.67,6
20,ycup,196,23,2,0.119,0.704,6
20,ycup,196,24,2,0.153,0.704,6
20,ycup,196,25,2,0.163,0.386,6
20,ycup,196,26,2,0.169,0.326,6
20,ycup,196,27,2,0.149,0.312,6
20,ycup,196,28,2,0.183,0.376,6
20,ycup,196,29,2,0.149,0.346,6
20,ycup,196,30,2,0.183,0.346,6
20,ycup,196,31,2,0.205,0.529,6
20,ycup,196,32,2,0.185,0.489,6
20,ycup,196,33,2,0.225,0.489,6
20,ycup,196,34,2,0.185,0.465,6
20,ycup,196,35,2,0.239,0.475,6
20,ycup,196,36,2,0.205,0.509,6
20,ycup,196,37,2,0.294,0.195,6
20,ycup,196,38,2,0.28,0.145,6
20,ycup,196,39,2,0.239,0.199,6
20,ycup,196,40,2,0.26,0.165,6
20,ycup,196,41,2,0.239,0.121,6
20,ycup,196,42,2,0.294,0.165,6
20,ycup,196,43,2,0.26,0.869,6
20,ycup,196,44,2,0.294,0.879,6
20,ycup,196,45,2,0.274,0.889,6
20,ycup,196,46,2,0.225,0.849,6
20,ycup,196,47,2,0.239,0.829,6
20,ycup,196,48,2,0.239,0.883,6
20,ycup,196,49,2,0.366,0.592,6
20,ycup,196,50,2,0.298,0.626,6
20,ycup,196,51,2,0.366,0.656,6
20,ycup,196,52,2,0.332,0.592,6
20,ycup,196,53,2,0.346,0.666,6
20,ycup,196,54,2,0.332,0.626,6
20,ycup,196,55,2,0.348,0.445,6
20,ycup,196,56,2,0.368,0.404,6
20,ycup,196,57,2,0.334,0.425,6
20,ycup,196,58,2,0.368,0.435,6
20,ycup,196,59,2,0.334,0.37,6
20,ycup,196,60,2,0.334,0.404,6
20,ycup,196,61,2,0.433,0.813,6
20,ycup,196,62,2,0.419,0.793,6
20,ycup,196,63,2,0.453,0.738,6
20,ycup,196,64,2,0.384,0.773,6
20,ycup,196,65,2,0.453,0.773,6
20,ycup,196,66,2,0.419,0.773,6
20,ycup,196,67,2,0.455,0.044,6
20,ycup,196,68,2,0.4,0,6
20,ycup,196,69,2,0.421,0.044,6
20,ycup,196,70,2,0.4,0.024,6
20,ycup,196,71,2,0.421,0.01,6
20,ycup,196,72,2,0.441,0.024,6
20,ycup,196,73,2,0.441,0.229,6
20,ycup,196,74,2,0.421,0.215,6
20,ycup,196,75,2,0.455,0.249,6
20,ycup,196,76,2,0.455,0.215,6
20,ycup,196,77,2,0.421,0.27,6
20,ycup,196,78,2,0.4,0.229,6
20,ycup,196,79,2,0.455,0.99,6
20,ycup,196,80,2,0.421,0.96,6
20,ycup,196,81,2,0.386,0.96,6
20,ycup,196,82,2,0.435,1,6
20,ycup,196,83,2,0.421,0.926,6
20,ycup,196,84,2,0.455,0.96,6
20,ycup,196,85,2,0.505,0.34,6
20,ycup,196,86,2,0.545,0.364,6
20,ycup,196,87,2,0.525,0.404,6
20,ycup,196,88,2,0.559,0.414,6
20,ycup,196,89,2,0.505,0.419,6
20,ycup,196,90,2,0.525,0.35,6
20,ycup,196,91,2,0.531,0.664,6
20,ycup,196,92,2,0.511,0.678,6
20,ycup,196,93,2,0.551,0.624,6
20,ycup,196,94,2,0.497,0.644,6
20,ycup,196,95,2,0.511,0.6,6
20,ycup,196,96,2,0.531,0.644,6
20,ycup,196,97,2,0.561,0.135,6
20,ycup,196,98,2,0.596,0.195,6
20,ycup,196,99,2,0.547,0.155,6
20,ycup,196,100,2,0.581,0.121,6
20,ycup,196,101,2,0.616,0.185,6
20,ycup,196,102,2,0.616,0.121,6
20,ycup,196,103,2,0.581,0.859,6
20,ycup,196,104,2,0.581,0.825,6
20,ycup,196,105,2,0.561,0.839,6
20,ycup,196,106,2,0.561,0.815,6
20,ycup,196,107,2,0.616,0.825,6
20,ycup,196,108,2,0.547,0.859,6
20,ycup,196,109,2,0.638,0.549,6
20,ycup,196,110,2,0.644,0.489,6
20,ycup,196,111,2,0.658,0.475,6
20,ycup,196,112,2,0.624,0.475,6
20,ycup,196,113,2,0.604,0.465,6
20,ycup,196,114,2,0.624,0.529,6
20,ycup,196,115,2,0.702,0.66,6
20,ycup,196,116,2,0.757,0.704,6
20,ycup,196,117,2,0.702,0.738,6
20,ycup,196,118,2,0.757,0.734,6
20,ycup,196,119,2,0.736,0.744,6
20,ycup,196,120,2,0.722,0.704,6
20,ycup,196,121,2,0.702,0.344,6
20,ycup,196,122,2,0.757,0.31,6
20,ycup,196,123,2,0.722,0.33,6
20,ycup,196,124,2,0.722,0.276,6
20,ycup,196,125,2,0.722,0.31,6
20,ycup,196,126,2,0.702,0.266,6
20,ycup,196,127,2,0.805,0.119,6
20,ycup,196,128,2,0.736,0.119,6
20,ycup,196,129,2,0.771,0.085,6
20,ycup,196,130,2,0.791,0.099,6
20,ycup,196,131,2,0.771,0.139,6
20,ycup,196,132,2,0.805,0.085,6
20,ycup,196,133,2,0.751,0.851,6
20,ycup,196,134,2,0.751,0.875,6
20,ycup,196,135,2,0.736,0.895,6
20,ycup,196,136,2,0.771,0.895,6
20,ycup,196,137,2,0.771,0.861,6
20,ycup,196,138,2,0.791,0.875,6
20,ycup,196,139,2,0.807,0.507,6
20,ycup,196,140,2,0.787,0.487,6
20,ycup,196,141,2,0.841,0.507,6
20,ycup,196,142,2,0.841,0.473,6
20,ycup,196,143,2,0.807,0.527,6
20,ycup,196,144,2,0.807,0.473,6
20,ycup,197,1,2,0.034,0.527,7
20,ycup,197,2,2,0.034,0.473,7
20,ycup,197,3,2,0.068,0.473,7
20,ycup,197,4,2,0.014,0.487,7
20,ycup,197,5,2,0.014,0.541,7
20,ycup,197,6,2,0,0.507,7
20,ycup,197,7,2,0.099,0.125,7
20,ycup,197,8,2,0.044,0.159,7
20,ycup,197,9,2,0.064,0.125,7
20,ycup,197,10,2,0.03,0.125,7
20,ycup,197,11,2,0.085,0.105,7
20,ycup,197,12,2,0.099,0.155,7
20,ycup,197,13,2,0.03,0.889,7
20,ycup,197,14,2,0.099,0.92,7
20,ycup,197,15,2,0.078,0.93,7
20,ycup,197,16,2,0.044,0.924,7
20,ycup,197,17,2,0.064,0.855,7
20,ycup,197,18,2,0.064,0.909,7
20,ycup,197,19,2,0.153,0.67,7
20,ycup,197,20,2,0.085,0.704,7
20,ycup,197,21,2,0.099,0.684,7
20,ycup,197,22,2,0.139,0.684,7
20,ycup,197,23,2,0.153,0.704,7
20,ycup,197,24,2,0.119,0.704,7
20,ycup,197,25,2,0.163,0.386,7
20,ycup,197,26,2,0.169,0.326,7
20,ycup,197,27,2,0.149,0.312,7
20,ycup,197,28,2,0.183,0.376,7
20,ycup,197,29,2,0.149,0.346,7
20,ycup,197,30,2,0.183,0.346,7
20,ycup,197,31,2,0.205,0.529,7
20,ycup,197,32,2,0.185,0.489,7
20,ycup,197,33,2,0.225,0.489,7
20,ycup,197,34,2,0.185,0.465,7
20,ycup,197,35,2,0.239,0.475,7
20,ycup,197,36,2,0.205,0.509,7
20,ycup,197,37,2,0.294,0.195,7
20,ycup,197,38,2,0.28,0.145,7
20,ycup,197,39,2,0.239,0.199,7
20,ycup,197,40,2,0.26,0.165,7
20,ycup,197,41,2,0.239,0.121,7
20,ycup,197,42,2,0.294,0.165,7
20,ycup,197,43,2,0.26,0.869,7
20,ycup,197,44,2,0.239,0.883,7
20,ycup,197,45,2,0.239,0.829,7
20,ycup,197,46,2,0.225,0.849,7
20,ycup,197,47,2,0.274,0.889,7
20,ycup,197,48,2,0.294,0.879,7
20,ycup,197,49,2,0.298,0.626,7
20,ycup,197,50,2,0.366,0.592,7
20,ycup,197,51,2,0.366,0.656,7
20,ycup,197,52,2,0.332,0.592,7
20,ycup,197,53,2,0.346,0.666,7
20,ycup,197,54,2,0.332,0.626,7
20,ycup,197,55,2,0.334,0.37,7
20,ycup,197,56,2,0.334,0.404,7
20,ycup,197,57,2,0.334,0.425,7
20,ycup,197,58,2,0.368,0.404,7
20,ycup,197,59,2,0.368,0.435,7
20,ycup,197,60,2,0.348,0.445,7
20,ycup,197,61,2,0.384,0.773,7
20,ycup,197,62,2,0.453,0.738,7
20,ycup,197,63,2,0.419,0.773,7
20,ycup,197,64,2,0.433,0.813,7
20,ycup,197,65,2,0.453,0.773,7
20,ycup,197,66,2,0.419,0.793,7
20,ycup,197,67,2,0.455,0.044,7
20,ycup,197,68,2,0.4,0,7
20,ycup,197,69,2,0.421,0.044,7
20,ycup,197,70,2,0.4,0.024,7
20,ycup,197,71,2,0.421,0.01,7
20,ycup,197,72,2,0.441,0.024,7
20,ycup,197,73,2,0.441,0.229,7
20,ycup,197,74,2,0.421,0.215,7
20,ycup,197,75,2,0.455,0.249,7
20,ycup,197,76,2,0.455,0.215,7
20,ycup,197,77,2,0.421,0.27,7
20,ycup,197,78,2,0.4,0.229,7
20,ycup,197,79,2,0.421,0.96,7
20,ycup,197,80,2,0.435,1,7
20,ycup,197,81,2,0.455,0.99,7
20,ycup,197,82,2,0.386,0.96,7
20,ycup,197,83,2,0.455,0.96,7
20,ycup,197,84,2,0.421,0.926,7
20,ycup,197,85,2,0.525,0.404,7
20,ycup,197,86,2,0.505,0.34,7
20,ycup,197,87,2,0.505,0.419,7
20,ycup,197,88,2,0.525,0.35,7
20,ycup,197,89,2,0.559,0.414,7
20,ycup,197,90,2,0.545,0.364,7
20,ycup,197,91,2,0.511,0.6,7
20,ycup,197,92,2,0.531,0.664,7
20,ycup,197,93,2,0.531,0.644,7
20,ycup,197,94,2,0.511,0.678,7
20,ycup,197,95,2,0.531,0.644,7
20,ycup,197,96,2,0.497,0.644,7
20,ycup,197,97,2,0.616,0.185,7
20,ycup,197,98,2,0.561,0.135,7
20,ycup,197,99,2,0.616,0.121,7
20,ycup,197,100,2,0.581,0.121,7
20,ycup,197,101,2,0.596,0.195,7
20,ycup,197,102,2,0.547,0.155,7
20,ycup,197,103,2,0.581,0.859,7
20,ycup,197,104,2,0.616,0.825,7
20,ycup,197,105,2,0.547,0.859,7
20,ycup,197,106,2,0.561,0.839,7
20,ycup,197,107,2,0.581,0.825,7
20,ycup,197,108,2,0.561,0.815,7
20,ycup,197,109,2,0.638,0.549,7
20,ycup,197,110,2,0.658,0.475,7
20,ycup,197,111,2,0.644,0.489,7
20,ycup,197,112,2,0.604,0.465,7
20,ycup,197,113,2,0.624,0.475,7
20,ycup,197,114,2,0.624,0.529,7
20,ycup,197,115,2,0.702,0.738,7
20,ycup,197,116,2,0.757,0.704,7
20,ycup,197,117,2,0.736,0.744,7
20,ycup,197,118,2,0.702,0.66,7
20,ycup,197,119,2,0.757,0.734,7
20,ycup,197,120,2,0.722,0.704,7
20,ycup,197,121,2,0.702,0.344,7
20,ycup,197,122,2,0.722,0.276,7
20,ycup,197,123,2,0.757,0.31,7
20,ycup,197,124,2,0.722,0.31,7
20,ycup,197,125,2,0.722,0.33,7
20,ycup,197,126,2,0.702,0.266,7
20,ycup,197,127,2,0.771,0.085,7
20,ycup,197,128,2,0.805,0.085,7
20,ycup,197,129,2,0.805,0.119,7
20,ycup,197,130,2,0.771,0.139,7
20,ycup,197,131,2,0.791,0.099,7
20,ycup,197,132,2,0.736,0.119,7
20,ycup,197,133,2,0.771,0.861,7
20,ycup,197,134,2,0.751,0.875,7
20,ycup,197,135,2,0.791,0.875,7
20,ycup,197,136,2,0.771,0.895,7
20,ycup,197,137,2,0.751,0.851,7
20,ycup,197,138,2,0.736,0.895,7
20,ycup,197,139,2,0.787,0.487,7
20,ycup,197,140,2,0.807,0.473,7
20,ycup,197,141,2,0.841,0.507,7
20,ycup,197,142,2,0.841,0.473,7
20,ycup,197,143,2,0.807,0.507,7
20,ycup,197,144,2,0.807,0.527,7
20,ycup,198,1,2,0.014,0.541,8
20,ycup,198,2,2,0.034,0.473,8
20,ycup,198,3,2,0.034,0.527,8
20,ycup,198,4,2,0.068,0.473,8
20,ycup,198,5,2,0,0.507,8
20,ycup,198,6,2,0.014,0.487,8
20,ycup,198,7,2,0.085,0.105,8
20,ycup,198,8,2,0.099,0.125,8
20,ycup,198,9,2,0.064,0.125,8
20,ycup,198,10,2,0.044,0.159,8
20,ycup,198,11,2,0.03,0.125,8
20,ycup,198,12,2,0.099,0.155,8
20,ycup,198,13,2,0.044,0.924,8
20,ycup,198,14,2,0.064,0.909,8
20,ycup,198,15,2,0.099,0.92,8
20,ycup,198,16,2,0.064,0.855,8
20,ycup,198,17,2,0.078,0.93,8
20,ycup,198,18,2,0.03,0.889,8
20,ycup,198,19,2,0.085,0.704,8
20,ycup,198,20,2,0.153,0.704,8
20,ycup,198,21,2,0.119,0.704,8
20,ycup,198,22,2,0.099,0.684,8
20,ycup,198,23,2,0.139,0.684,8
20,ycup,198,24,2,0.153,0.67,8
20,ycup,198,25,2,0.169,0.326,8
20,ycup,198,26,2,0.183,0.376,8
20,ycup,198,27,2,0.183,0.346,8
20,ycup,198,28,2,0.163,0.386,8
20,ycup,198,29,2,0.149,0.346,8
20,ycup,198,30,2,0.149,0.312,8
20,ycup,198,31,2,0.185,0.465,8
20,ycup,198,32,2,0.239,0.475,8
20,ycup,198,33,2,0.185,0.489,8
20,ycup,198,34,2,0.205,0.509,8
20,ycup,198,35,2,0.205,0.529,8
20,ycup,198,36,2,0.225,0.489,8
20,ycup,198,37,2,0.28,0.145,8
20,ycup,198,38,2,0.239,0.121,8
20,ycup,198,39,2,0.294,0.195,8
20,ycup,198,40,2,0.26,0.165,8
20,ycup,198,41,2,0.294,0.165,8
20,ycup,198,42,2,0.239,0.199,8
20,ycup,198,43,2,0.239,0.883,8
20,ycup,198,44,2,0.239,0.829,8
20,ycup,198,45,2,0.225,0.849,8
20,ycup,198,46,2,0.26,0.869,8
20,ycup,198,47,2,0.274,0.889,8
20,ycup,198,48,2,0.294,0.879,8
20,ycup,198,49,2,0.346,0.666,8
20,ycup,198,50,2,0.366,0.656,8
20,ycup,198,51,2,0.332,0.592,8
20,ycup,198,52,2,0.332,0.626,8
20,ycup,198,53,2,0.366,0.592,8
20,ycup,198,54,2,0.298,0.626,8
20,ycup,198,55,2,0.334,0.37,8
20,ycup,198,56,2,0.334,0.404,8
20,ycup,198,57,2,0.334,0.425,8
20,ycup,198,58,2,0.368,0.404,8
20,ycup,198,59,2,0.368,0.435,8
20,ycup,198,60,2,0.348,0.445,8
20,ycup,198,61,2,0.453,0.773,8
20,ycup,198,62,2,0.384,0.773,8
20,ycup,198,63,2,0.433,0.813,8
20,ycup,198,64,2,0.419,0.773,8
20,ycup,198,65,2,0.419,0.793,8
20,ycup,198,66,2,0.453,0.738,8
20,ycup,198,67,2,0.441,0.024,8
20,ycup,198,68,2,0.455,0.044,8
20,ycup,198,69,2,0.4,0.024,8
20,ycup,198,70,2,0.421,0.044,8
20,ycup,198,71,2,0.4,0,8
20,ycup,198,72,2,0.421,0.01,8
20,ycup,198,73,2,0.455,0.249,8
20,ycup,198,74,2,0.441,0.229,8
20,ycup,198,75,2,0.455,0.215,8
20,ycup,198,76,2,0.421,0.215,8
20,ycup,198,77,2,0.421,0.27,8
20,ycup,198,78,2,0.4,0.229,8
20,ycup,198,79,2,0.421,0.96,8
20,ycup,198,80,2,0.435,1,8
20,ycup,198,81,2,0.386,0.96,8
20,ycup,198,82,2,0.455,0.99,8
20,ycup,198,83,2,0.421,0.926,8
20,ycup,198,84,2,0.455,0.96,8
20,ycup,198,85,2,0.525,0.404,8
20,ycup,198,86,2,0.505,0.34,8
20,ycup,198,87,2,0.505,0.419,8
20,ycup,198,88,2,0.525,0.35,8
20,ycup,198,89,2,0.559,0.414,8
20,ycup,198,90,2,0.545,0.364,8
20,ycup,198,91,2,0.531,0.664,8
20,ycup,198,92,2,0.511,0.6,8
20,ycup,198,93,2,0.511,0.678,8
20,ycup,198,94,2,0.551,0.624,8
20,ycup,198,95,2,0.497,0.644,8
20,ycup,198,96,2,0.531,0.644,8
20,ycup,198,97,2,0.596,0.195,8
20,ycup,198,98,2,0.616,0.185,8
20,ycup,198,99,2,0.561,0.135,8
20,ycup,198,100,2,0.547,0.155,8
20,ycup,198,101,2,0.616,0.121,8
20,ycup,198,102,2,0.581,0.121,8
20,ycup,198,103,2,0.581,0.859,8
20,ycup,198,104,2,0.581,0.825,8
20,ycup,198,105,2,0.561,0.839,8
20,ycup,198,106,2,0.561,0.815,8
20,ycup,198,107,2,0.616,0.825,8
20,ycup,198,108,2,0.547,0.859,8
20,ycup,198,109,2,0.624,0.529,8
20,ycup,198,110,2,0.638,0.549,8
20,ycup,198,111,2,0.658,0.475,8
20,ycup,198,112,2,0.624,0.475,8
20,ycup,198,113,2,0.604,0.465,8
20,ycup,198,114,2,0.644,0.489,8
20,ycup,198,115,2,0.702,0.66,8
20,ycup,198,116,2,0.757,0.704,8
20,ycup,198,117,2,0.702,0.738,8
20,ycup,198,118,2,0.757,0.734,8
20,ycup,198,119,2,0.736,0.744,8
20,ycup,198,120,2,0.722,0.704,8
20,ycup,198,121,2,0.722,0.31,8
20,ycup,198,122,2,0.702,0.266,8
20,ycup,198,123,2,0.722,0.276,8
20,ycup,198,124,2,0.757,0.31,8
20,ycup,198,125,2,0.722,0.33,8
20,ycup,198,126,2,0.702,0.344,8
20,ycup,198,127,2,0.805,0.085,8
20,ycup,198,128,2,0.805,0.119,8
20,ycup,198,129,2,0.791,0.099,8
20,ycup,198,130,2,0.771,0.085,8
20,ycup,198,131,2,0.736,0.119,8
20,ycup,198,132,2,0.771,0.139,8
20,ycup,198,133,2,0.771,0.861,8
20,ycup,198,134,2,0.751,0.875,8
20,ycup,198,135,2,0.791,0.875,8
20,ycup,198,136,2,0.771,0.895,8
20,ycup,198,137,2,0.751,0.851,8
20,ycup,198,138,2,0.736,0.895,8
20,ycup,198,139,2,0.841,0.473,8
20,ycup,198,140,2,0.807,0.473,8
20,ycup,198,141,2,0.841,0.507,8
20,ycup,198,142,2,0.787,0.487,8
20,ycup,198,143,2,0.807,0.527,8
20,ycup,198,144,2,0.807,0.507,8
20,ycup,199,1,2,0.034,0.527,9
20,ycup,199,2,2,0.034,0.473,9
20,ycup,199,3,2,0.068,0.473,9
20,ycup,199,4,2,0.014,0.487,9
20,ycup,199,5,2,0.014,0.541,9
20,ycup,199,6,2,0,0.507,9
20,ycup,199,7,2,0.099,0.125,9
20,ycup,199,8,2,0.044,0.159,9
20,ycup,199,9,2,0.064,0.125,9
20,ycup,199,10,2,0.03,0.125,9
20,ycup,199,11,2,0.085,0.105,9
20,ycup,199,12,2,0.099,0.155,9
20,ycup,199,13,2,0.064,0.855,9
20,ycup,199,14,2,0.099,0.92,9
20,ycup,199,15,2,0.03,0.889,9
20,ycup,199,16,2,0.044,0.924,9
20,ycup,199,17,2,0.078,0.93,9
20,ycup,199,18,2,0.064,0.909,9
20,ycup,199,19,2,0.153,0.67,9
20,ycup,199,20,2,0.153,0.704,9
20,ycup,199,21,2,0.099,0.684,9
20,ycup,199,22,2,0.139,0.684,9
20,ycup,199,23,2,0.119,0.704,9
20,ycup,199,24,2,0.085,0.704,9
20,ycup,199,25,2,0.163,0.386,9
20,ycup,199,26,2,0.169,0.326,9
20,ycup,199,27,2,0.149,0.312,9
20,ycup,199,28,2,0.183,0.376,9
20,ycup,199,29,2,0.149,0.346,9
20,ycup,199,30,2,0.183,0.346,9
20,ycup,199,31,2,0.205,0.529,9
20,ycup,199,32,2,0.185,0.489,9
20,ycup,199,33,2,0.225,0.489,9
20,ycup,199,34,2,0.185,0.465,9
20,ycup,199,35,2,0.239,0.475,9
20,ycup,199,36,2,0.205,0.509,9
20,ycup,199,37,2,0.294,0.195,9
20,ycup,199,38,2,0.28,0.145,9
20,ycup,199,39,2,0.239,0.199,9
20,ycup,199,40,2,0.26,0.165,9
20,ycup,199,41,2,0.239,0.121,9
20,ycup,199,42,2,0.294,0.165,9
20,ycup,199,43,2,0.239,0.883,9
20,ycup,199,44,2,0.225,0.849,9
20,ycup,199,45,2,0.239,0.829,9
20,ycup,199,46,2,0.26,0.869,9
20,ycup,199,47,2,0.274,0.889,9
20,ycup,199,48,2,0.294,0.879,9
20,ycup,199,49,2,0.366,0.656,9
20,ycup,199,50,2,0.346,0.666,9
20,ycup,199,51,2,0.332,0.626,9
20,ycup,199,52,2,0.332,0.592,9
20,ycup,199,53,2,0.366,0.592,9
20,ycup,199,54,2,0.298,0.626,9
20,ycup,199,55,2,0.334,0.37,9
20,ycup,199,56,2,0.334,0.404,9
20,ycup,199,57,2,0.334,0.425,9
20,ycup,199,58,2,0.368,0.404,9
20,ycup,199,59,2,0.368,0.435,9
20,ycup,199,60,2,0.348,0.445,9
20,ycup,199,61,2,0.453,0.738,9
20,ycup,199,62,2,0.384,0.773,9
20,ycup,199,63,2,0.433,0.813,9
20,ycup,199,64,2,0.419,0.773,9
20,ycup,199,65,2,0.419,0.793,9
20,ycup,199,66,2,0.453,0.773,9
20,ycup,199,67,2,0.455,0.044,9
20,ycup,199,68,2,0.4,0,9
20,ycup,199,69,2,0.421,0.044,9
20,ycup,199,70,2,0.4,0.024,9
20,ycup,199,71,2,0.421,0.01,9
20,ycup,199,72,2,0.441,0.024,9
20,ycup,199,73,2,0.441,0.229,9
20,ycup,199,74,2,0.421,0.215,9
20,ycup,199,75,2,0.455,0.249,9
20,ycup,199,76,2,0.455,0.215,9
20,ycup,199,77,2,0.421,0.27,9
20,ycup,199,78,2,0.4,0.229,9
20,ycup,199,79,2,0.435,1,9
20,ycup,199,80,2,0.386,0.96,9
20,ycup,199,81,2,0.455,0.99,9
20,ycup,199,82,2,0.421,0.926,9
20,ycup,199,83,2,0.455,0.96,9
20,ycup,199,84,2,0.421,0.96,9
20,ycup,199,85,2,0.525,0.404,9
20,ycup,199,86,2,0.505,0.34,9
20,ycup,199,87,2,0.505,0.419,9
20,ycup,199,88,2,0.525,0.35,9
20,ycup,199,89,2,0.559,0.414,9
20,ycup,199,90,2,0.545,0.364,9
20,ycup,199,91,2,0.511,0.678,9
20,ycup,199,92,2,0.531,0.664,9
20,ycup,199,93,2,0.497,0.644,9
20,ycup,199,94,2,0.531,0.644,9
20,ycup,199,95,2,0.511,0.6,9
20,ycup,199,96,2,0.551,0.624,9
20,ycup,199,97,2,0.581,0.121,9
20,ycup,199,98,2,0.616,0.185,9
20,ycup,199,99,2,0.561,0.135,9
20,ycup,199,100,2,0.616,0.121,9
20,ycup,199,101,2,0.547,0.155,9
20,ycup,199,102,2,0.596,0.195,9
20,ycup,199,103,2,0.581,0.859,9
20,ycup,199,104,2,0.616,0.825,9
20,ycup,199,105,2,0.561,0.839,9
20,ycup,199,106,2,0.547,0.859,9
20,ycup,199,107,2,0.581,0.825,9
20,ycup,199,108,2,0.561,0.815,9
20,ycup,199,109,2,0.638,0.549,9
20,ycup,199,110,2,0.658,0.475,9
20,ycup,199,111,2,0.644,0.489,9
20,ycup,199,112,2,0.604,0.465,9
20,ycup,199,113,2,0.624,0.475,9
20,ycup,199,114,2,0.624,0.529,9
20,ycup,199,115,2,0.702,0.738,9
20,ycup,199,116,2,0.736,0.744,9
20,ycup,199,117,2,0.702,0.66,9
20,ycup,199,118,2,0.757,0.704,9
20,ycup,199,119,2,0.757,0.734,9
20,ycup,199,120,2,0.722,0.704,9
20,ycup,199,121,2,0.702,0.344,9
20,ycup,199,122,2,0.702,0.266,9
20,ycup,199,123,2,0.757,0.31,9
20,ycup,199,124,2,0.722,0.276,9
20,ycup,199,125,2,0.722,0.33,9
20,ycup,199,126,2,0.722,0.31,9
20,ycup,199,127,2,0.805,0.119,9
20,ycup,199,128,2,0.736,0.119,9
20,ycup,199,129,2,0.771,0.085,9
20,ycup,199,130,2,0.791,0.099,9
20,ycup,199,131,2,0.771,0.139,9
20,ycup,199,132,2,0.805,0.085,9
20,ycup,199,133,2,0.751,0.851,9
20,ycup,199,134,2,0.771,0.895,9
20,ycup,199,135,2,0.771,0.861,9
20,ycup,199,136,2,0.736,0.895,9
20,ycup,199,137,2,0.791,0.875,9
20,ycup,199,138,2,0.751,0.875,9
20,ycup,199,139,2,0.787,0.487,9
20,ycup,199,140,2,0.807,0.473,9
20,ycup,199,141,2,0.841,0.507,9
20,ycup,199,142,2,0.841,0.473,9
20,ycup,199,143,2,0.807,0.507,9
20,ycup,199,144,2,0.807,0.527,9
20,ycup,200,1,2,0,0.507,10
20,ycup,200,2,2,0.034,0.473,10
20,ycup,200,3,2,0.034,0.527,10
20,ycup,200,4,2,0.068,0.473,10
20,ycup,200,5,2,0.014,0.541,10
20,ycup,200,6,2,0.014,0.487,10
20,ycup,200,7,2,0.099,0.155,10
20,ycup,200,8,2,0.044,0.159,10
20,ycup,200,9,2,0.03,0.125,10
20,ycup,200,10,2,0.064,0.125,10
20,ycup,200,11,2,0.085,0.105,10
20,ycup,200,12,2,0.099,0.125,10
20,ycup,200,13,2,0.044,0.924,10
20,ycup,200,14,2,0.064,0.909,10
20,ycup,200,15,2,0.099,0.92,10
20,ycup,200,16,2,0.064,0.855,10
20,ycup,200,17,2,0.078,0.93,10
20,ycup,200,18,2,0.03,0.889,10
20,ycup,200,19,2,0.085,0.704,10
20,ycup,200,20,2,0.153,0.704,10
20,ycup,200,21,2,0.119,0.704,10
20,ycup,200,22,2,0.099,0.684,10
20,ycup,200,23,2,0.139,0.684,10
20,ycup,200,24,2,0.153,0.67,10
20,ycup,200,25,2,0.163,0.386,10
20,ycup,200,26,2,0.149,0.346,10
20,ycup,200,27,2,0.183,0.346,10
20,ycup,200,28,2,0.169,0.326,10
20,ycup,200,29,2,0.183,0.376,10
20,ycup,200,30,2,0.149,0.312,10
20,ycup,200,31,2,0.239,0.475,10
20,ycup,200,32,2,0.205,0.509,10
20,ycup,200,33,2,0.225,0.489,10
20,ycup,200,34,2,0.205,0.509,10
20,ycup,200,35,2,0.205,0.529,10
20,ycup,200,36,2,0.185,0.489,10
20,ycup,200,37,2,0.294,0.165,10
20,ycup,200,38,2,0.239,0.199,10
20,ycup,200,39,2,0.294,0.195,10
20,ycup,200,40,2,0.28,0.145,10
20,ycup,200,41,2,0.26,0.165,10
20,ycup,200,42,2,0.239,0.121,10
20,ycup,200,43,2,0.239,0.883,10
20,ycup,200,44,2,0.239,0.829,10
20,ycup,200,45,2,0.225,0.849,10
20,ycup,200,46,2,0.26,0.869,10
20,ycup,200,47,2,0.274,0.889,10
20,ycup,200,48,2,0.294,0.879,10
20,ycup,200,49,2,0.366,0.592,10
20,ycup,200,50,2,0.298,0.626,10
20,ycup,200,51,2,0.366,0.656,10
20,ycup,200,52,2,0.332,0.592,10
20,ycup,200,53,2,0.346,0.666,10
20,ycup,200,54,2,0.332,0.626,10
20,ycup,200,55,2,0.334,0.37,10
20,ycup,200,56,2,0.334,0.404,10
20,ycup,200,57,2,0.334,0.425,10
20,ycup,200,58,2,0.368,0.404,10
20,ycup,200,59,2,0.368,0.435,10
20,ycup,200,60,2,0.348,0.445,10
20,ycup,200,61,2,0.433,0.813,10
20,ycup,200,62,2,0.419,0.793,10
20,ycup,200,63,2,0.453,0.738,10
20,ycup,200,64,2,0.384,0.773,10
20,ycup,200,65,2,0.453,0.773,10
20,ycup,200,66,2,0.419,0.773,10
20,ycup,200,67,2,0.441,0.024,10
20,ycup,200,68,2,0.421,0.044,10
20,ycup,200,69,2,0.455,0.044,10
20,ycup,200,70,2,0.4,0,10
20,ycup,200,71,2,0.4,0.024,10
20,ycup,200,72,2,0.421,0.01,10
20,ycup,200,73,2,0.455,0.249,10
20,ycup,200,74,2,0.441,0.229,10
20,ycup,200,75,2,0.455,0.215,10
20,ycup,200,76,2,0.421,0.215,10
20,ycup,200,77,2,0.4,0.229,10
20,ycup,200,78,2,0.421,0.27,10
20,ycup,200,79,2,0.455,0.96,10
20,ycup,200,80,2,0.455,0.99,10
20,ycup,200,81,2,0.421,0.96,10
20,ycup,200,82,2,0.435,1,10
20,ycup,200,83,2,0.386,0.96,10
20,ycup,200,84,2,0.421,0.926,10
20,ycup,200,85,2,0.525,0.35,10
20,ycup,200,86,2,0.505,0.34,10
20,ycup,200,87,2,0.559,0.414,10
20,ycup,200,88,2,0.525,0.404,10
20,ycup,200,89,2,0.545,0.364,10
20,ycup,200,90,2,0.505,0.419,10
20,ycup,200,91,2,0.531,0.644,10
20,ycup,200,92,2,0.551,0.624,10
20,ycup,200,93,2,0.531,0.664,10
20,ycup,200,94,2,0.511,0.678,10
20,ycup,200,95,2,0.511,0.6,10
20,ycup,200,96,2,0.497,0.644,10
20,ycup,200,97,2,0.596,0.195,10
20,ycup,200,98,2,0.616,0.121,10
20,ycup,200,99,2,0.561,0.135,10
20,ycup,200,100,2,0.547,0.155,10
20,ycup,200,101,2,0.616,0.185,10
20,ycup,200,102,2,0.581,0.121,10
20,ycup,200,103,2,0.561,0.815,10
20,ycup,200,104,2,0.581,0.825,10
20,ycup,200,105,2,0.581,0.859,10
20,ycup,200,106,2,0.616,0.825,10
20,ycup,200,107,2,0.561,0.839,10
20,ycup,200,108,2,0.547,0.859,10
20,ycup,200,109,2,0.638,0.549,10
20,ycup,200,110,2,0.644,0.489,10
20,ycup,200,111,2,0.658,0.475,10
20,ycup,200,112,2,0.624,0.475,10
20,ycup,200,113,2,0.604,0.465,10
20,ycup,200,114,2,0.624,0.529,10
20,ycup,200,115,2,0.702,0.66,10
20,ycup,200,116,2,0.757,0.704,10
20,ycup,200,117,2,0.702,0.738,10
20,ycup,200,118,2,0.757,0.734,10
20,ycup,200,119,2,0.736,0.744,10
20,ycup,200,120,2,0.722,0.704,10
20,ycup,200,121,2,0.722,0.31,10
20,ycup,200,122,2,0.702,0.266,10
20,ycup,200,123,2,0.722,0.276,10
20,ycup,200,124,2,0.757,0.31,10
20,ycup,200,125,2,0.722,0.33,10
20,ycup,200,126,2,0.702,0.344,10
20,ycup,200,127,2,0.791,0.099,10
20,ycup,200,128,2,0.805,0.119,10
20,ycup,200,129,2,0.805,0.085,10
20,ycup,200,130,2,0.771,0.085,10
20,ycup,200,131,2,0.736,0.119,10
20,ycup,200,132,2,0.771,0.139,10
20,ycup,200,133,2,0.751,0.875,10
20,ycup,200,134,2,0.751,0.851,10
20,ycup,200,135,2,0.791,0.875,10
20,ycup,200,136,2,0.771,0.895,10
20,ycup,200,137,2,0.771,0.861,10
20,ycup,200,138,2,0.736,0.895,10
20,ycup,200,139,2,0.787,0.487,10
20,ycup,200,140,2,0.807,0.507,10
20,ycup,200,141,2,0.841,0.473,10
20,ycup,200,142,2,0.807,0.473,10
20,ycup,200,143,2,0.841,0.507,10
20,ycup,200,144,2,0.807,0.527,10
