person,block,condition,trial,attempt,id,item_class,x,y
7,prac2_conj,conj_grid,1,1,1,dist_class1,-325.0,-314.0
7,prac2_conj,conj_grid,1,1,2,dist_class1,-243.0,-314.0
7,prac2_conj,conj_grid,1,1,3,dist_class2,-106.0,-332.0
7,prac2_conj,conj_grid,1,1,4,targ_class1,4.0,-328.0
7,prac2_conj,conj_grid,1,1,5,dist_class1,116.0,-311.0
7,prac2_conj,conj_grid,1,1,6,dist_class2,214.0,-348.0
7,prac2_conj,conj_grid,1,1,7,targ_class1,315.0,-323.0
7,prac2_conj,conj_grid,1,1,8,targ_class2,-317.0,-218.0
7,prac2_conj,conj_grid,1,1,9,targ_class2,-223.0,-238.0
7,prac2_conj,conj_grid,1,1,10,targ_class1,-95.0,-213.0
7,prac2_conj,conj_grid,1,1,11,targ_class1,-7.0,-219.0
7,prac2_conj,conj_grid,1,1,12,targ_class2,111.0,-210.0
7,prac2_conj,conj_grid,1,1,13,targ_class1,213.0,-204.0
7,prac2_conj,conj_grid,1,1,14,dist_class1,339.0,-222.0
7,prac2_conj,conj_grid,1,1,15,dist_class2,-330.0,-91.0
7,prac2_conj,conj_grid,1,1,16,targ_class2,-220.0,-113.0
7,prac2_conj,conj_grid,1,1,17,dist_class2,-107.0,-108.0
7,prac2_conj,conj_grid,1,1,18,targ_class1,2.0,-109.0
7,prac2_conj,conj_grid,1,1,19,dist_class1,98.0,-101.0
7,prac2_conj,conj_grid,1,1,20,dist_class1,232.0,-126.0
7,prac2_conj,conj_grid,1,1,21,dist_class1,326.0,-89.0
7,prac2_conj,conj_grid,1,1,22,dist_class2,-326.0,8.0
7,prac2_conj,conj_grid,1,1,23,targ_class2,-219.0,-7.0
7,prac2_conj,conj_grid,1,1,24,targ_class1,-100.0,-10.0
7,prac2_conj,conj_grid,1,1,25,targ_class1,-10.0,4.0
7,prac2_conj,conj_grid,1,1,26,targ_class1,124.0,-0.0
7,prac2_conj,conj_grid,1,1,27,targ_class2,216.0,4.0
7,prac2_conj,conj_grid,1,1,28,dist_class2,298.0,-3.0
7,prac2_conj,conj_grid,1,1,29,targ_class2,-322.0,120.0
7,prac2_conj,conj_grid,1,1,30,targ_class2,-195.0,92.0
7,prac2_conj,conj_grid,1,1,31,dist_class1,-116.0,99.0
7,prac2_conj,conj_grid,1,1,32,targ_class1,6.0,100.0
7,prac2_conj,conj_grid,1,1,33,dist_class2,101.0,105.0
7,prac2_conj,conj_grid,1,1,34,targ_class1,195.0,100.0
7,prac2_conj,conj_grid,1,1,35,dist_class2,324.0,122.0
7,prac2_conj,conj_grid,1,1,36,dist_class1,-324.0,231.0
7,prac2_conj,conj_grid,1,1,37,dist_class2,-220.0,216.0
7,prac2_conj,conj_grid,1,1,38,dist_class2,-111.0,212.0
7,prac2_conj,conj_grid,1,1,39,dist_class1,-5.0,213.0
7,prac2_conj,conj_grid,1,1,40,targ_class2,129.0,208.0
7,prac2_conj,conj_grid,1,1,41,dist_class2,223.0,222.0
7,prac2_conj,conj_grid,1,1,42,dist_class2,326.0,206.0
7,prac2_conj,conj_grid,1,1,43,targ_class2,-310.0,313.0
7,prac2_conj,conj_grid,1,1,44,targ_class1,-216.0,314.0
7,prac2_conj,conj_grid,1,1,45,dist_class2,-102.0,325.0
7,prac2_conj,conj_grid,1,1,46,targ_class2,-1.0,329.0
7,prac2_conj,conj_grid,1,1,47,dist_class1,111.0,310.0
7,prac2_conj,conj_grid,1,1,48,dist_class1,201.0,320.0
7,prac2_conj,conj_grid,1,1,49,targ_class2,312.0,332.0
7,prac2_conj,conj_grid,1,2,1,dist_class2,-318.0,-344.0
7,prac2_conj,conj_grid,1,2,2,dist_class2,-234.0,-317.0
7,prac2_conj,conj_grid,1,2,3,dist_class1,-114.0,-332.0
7,prac2_conj,conj_grid,1,2,4,targ_class2,10.0,-322.0
7,prac2_conj,conj_grid,1,2,5,dist_class2,114.0,-344.0
7,prac2_conj,conj_grid,1,2,6,targ_class2,203.0,-324.0
7,prac2_conj,conj_grid,1,2,7,dist_class1,325.0,-323.0
7,prac2_conj,conj_grid,1,2,8,dist_class2,-314.0,-207.0
7,prac2_conj,conj_grid,1,2,9,dist_class2,-220.0,-211.0
7,prac2_conj,conj_grid,1,2,10,dist_class1,-116.0,-199.0
7,prac2_conj,conj_grid,1,2,11,dist_class2,6.0,-213.0
7,prac2_conj,conj_grid,1,2,12,dist_class1,131.0,-223.0
7,prac2_conj,conj_grid,1,2,13,dist_class2,237.0,-212.0
7,prac2_conj,conj_grid,1,2,14,dist_class1,327.0,-219.0
7,prac2_conj,conj_grid,1,2,15,targ_class1,-338.0,-110.0
7,prac2_conj,conj_grid,1,2,16,dist_class1,-209.0,-101.0
7,prac2_conj,conj_grid,1,2,17,targ_class2,-123.0,-106.0
7,prac2_conj,conj_grid,1,2,18,targ_class2,12.0,-103.0
7,prac2_conj,conj_grid,1,2,19,dist_class1,109.0,-84.0
7,prac2_conj,conj_grid,1,2,20,dist_class1,203.0,-118.0
7,prac2_conj,conj_grid,1,2,21,dist_class1,320.0,-118.0
7,prac2_conj,conj_grid,1,2,22,targ_class1,-316.0,9.0
7,prac2_conj,conj_grid,1,2,23,dist_class2,-212.0,-10.0
7,prac2_conj,conj_grid,1,2,24,targ_class1,-102.0,-14.0
7,prac2_conj,conj_grid,1,2,25,targ_class2,-1.0,6.0
7,prac2_conj,conj_grid,1,2,26,dist_class1,123.0,-2.0
7,prac2_conj,conj_grid,1,2,27,targ_class2,197.0,-7.0
7,prac2_conj,conj_grid,1,2,28,dist_class1,318.0,16.0
7,prac2_conj,conj_grid,1,2,29,targ_class1,-326.0,119.0
7,prac2_conj,conj_grid,1,2,30,targ_class2,-208.0,114.0
7,prac2_conj,conj_grid,1,2,31,dist_class2,-103.0,95.0
7,prac2_conj,conj_grid,1,2,32,targ_class2,11.0,94.0
7,prac2_conj,conj_grid,1,2,33,targ_class1,112.0,102.0
7,prac2_conj,conj_grid,1,2,34,dist_class2,223.0,127.0
7,prac2_conj,conj_grid,1,2,35,targ_class2,331.0,118.0
7,prac2_conj,conj_grid,1,2,36,targ_class2,-323.0,209.0
7,prac2_conj,conj_grid,1,2,37,dist_class2,-221.0,206.0
7,prac2_conj,conj_grid,1,2,38,targ_class2,-100.0,206.0
7,prac2_conj,conj_grid,1,2,39,targ_class1,1.0,204.0
7,prac2_conj,conj_grid,1,2,40,targ_class1,105.0,212.0
7,prac2_conj,conj_grid,1,2,41,targ_class1,241.0,209.0
7,prac2_conj,conj_grid,1,2,42,targ_class1,348.0,190.0
7,prac2_conj,conj_grid,1,2,43,dist_class2,-328.0,322.0
7,prac2_conj,conj_grid,1,2,44,targ_class1,-216.0,330.0
7,prac2_conj,conj_grid,1,2,45,targ_class1,-102.0,327.0
7,prac2_conj,conj_grid,1,2,46,dist_class2,2.0,335.0
7,prac2_conj,conj_grid,1,2,47,targ_class1,101.0,339.0
7,prac2_conj,conj_grid,1,2,48,dist_class1,213.0,307.0
7,prac2_conj,conj_grid,1,2,49,targ_class2,313.0,338.0
7,prac2_conj,conj_grid,1,3,1,targ_class1,-326.0,-324.0
7,prac2_conj,conj_grid,1,3,2,targ_class2,-217.0,-320.0
7,prac2_conj,conj_grid,1,3,3,dist_class1,-101.0,-317.0
7,prac2_conj,conj_grid,1,3,4,targ_class1,-2.0,-313.0
7,prac2_conj,conj_grid,1,3,5,targ_class2,104.0,-307.0
7,prac2_conj,conj_grid,1,3,6,dist_class1,236.0,-332.0
7,prac2_conj,conj_grid,1,3,7,dist_class2,307.0,-316.0
7,prac2_conj,conj_grid,1,3,8,targ_class2,-320.0,-217.0
7,prac2_conj,conj_grid,1,3,9,dist_class1,-208.0,-197.0
7,prac2_conj,conj_grid,1,3,10,dist_class2,-90.0,-223.0
7,prac2_conj,conj_grid,1,3,11,targ_class1,18.0,-203.0
7,prac2_conj,conj_grid,1,3,12,targ_class1,129.0,-221.0
7,prac2_conj,conj_grid,1,3,13,targ_class1,206.0,-204.0
7,prac2_conj,conj_grid,1,3,14,targ_class1,328.0,-206.0
7,prac2_conj,conj_grid,1,3,15,dist_class1,-327.0,-85.0
7,prac2_conj,conj_grid,1,3,16,dist_class2,-233.0,-130.0
7,prac2_conj,conj_grid,1,3,17,dist_class2,-87.0,-107.0
7,prac2_conj,conj_grid,1,3,18,targ_class2,5.0,-105.0
7,prac2_conj,conj_grid,1,3,19,dist_class1,103.0,-129.0
7,prac2_conj,conj_grid,1,3,20,targ_class2,221.0,-115.0
7,prac2_conj,conj_grid,1,3,21,dist_class2,311.0,-100.0
7,prac2_conj,conj_grid,1,3,22,dist_class1,-323.0,8.0
7,prac2_conj,conj_grid,1,3,23,targ_class2,-215.0,-4.0
7,prac2_conj,conj_grid,1,3,24,dist_class2,-105.0,6.0
7,prac2_conj,conj_grid,1,3,25,targ_class1,-4.0,9.0
7,prac2_conj,conj_grid,1,3,26,targ_class1,113.0,-11.0
7,prac2_conj,conj_grid,1,3,27,dist_class2,228.0,-10.0
7,prac2_conj,conj_grid,1,3,28,dist_class1,301.0,-1.0
7,prac2_conj,conj_grid,1,3,29,dist_class1,-343.0,99.0
7,prac2_conj,conj_grid,1,3,30,targ_class2,-214.0,119.0
7,prac2_conj,conj_grid,1,3,31,dist_class1,-108.0,101.0
7,prac2_conj,conj_grid,1,3,32,targ_class2,24.0,102.0
7,prac2_conj,conj_grid,1,3,33,dist_class2,117.0,103.0
7,prac2_conj,conj_grid,1,3,34,dist_class2,225.0,93.0
7,prac2_conj,conj_grid,1,3,35,dist_class2,318.0,114.0
7,prac2_conj,conj_grid,1,3,36,targ_class2,-309.0,226.0
7,prac2_conj,conj_grid,1,3,37,dist_class2,-197.0,214.0
7,prac2_conj,conj_grid,1,3,38,dist_class1,-120.0,220.0
7,prac2_conj,conj_grid,1,3,39,targ_class1,17.0,238.0
7,prac2_conj,conj_grid,1,3,40,dist_class1,94.0,214.0
7,prac2_conj,conj_grid,1,3,41,targ_class2,206.0,227.0
7,prac2_conj,conj_grid,1,3,42,dist_class2,300.0,232.0
7,prac2_conj,conj_grid,1,3,43,targ_class1,-328.0,333.0
7,prac2_conj,conj_grid,1,3,44,targ_class2,-200.0,318.0
7,prac2_conj,conj_grid,1,3,45,targ_class2,-101.0,317.0
7,prac2_conj,conj_grid,1,3,46,targ_class1,9.0,312.0
7,prac2_conj,conj_grid,1,3,47,dist_class2,124.0,307.0
7,prac2_conj,conj_grid,1,3,48,dist_class1,202.0,333.0
7,prac2_conj,conj_grid,1,3,49,targ_class1,325.0,319.0
7,prac2_conj,conj_grid,1,4,1,dist_class1,-341.0,-337.0
7,prac2_conj,conj_grid,1,4,2,dist_class2,-221.0,-321.0
7,prac2_conj,conj_grid,1,4,3,targ_class2,-101.0,-318.0
7,prac2_conj,conj_grid,1,4,4,targ_class1,13.0,-331.0
7,prac2_conj,conj_grid,1,4,5,targ_class1,94.0,-329.0
7,prac2_conj,conj_grid,1,4,6,dist_class2,233.0,-322.0
7,prac2_conj,conj_grid,1,4,7,targ_class2,322.0,-325.0
7,prac2_conj,conj_grid,1,4,8,targ_class2,-321.0,-218.0
7,prac2_conj,conj_grid,1,4,9,dist_class2,-207.0,-219.0
7,prac2_conj,conj_grid,1,4,10,targ_class2,-103.0,-193.0
7,prac2_conj,conj_grid,1,4,11,targ_class2,8.0,-220.0
7,prac2_conj,conj_grid,1,4,12,targ_class2,113.0,-213.0
7,prac2_conj,conj_grid,1,4,13,dist_class2,223.0,-227.0
7,prac2_conj,conj_grid,1,4,14,targ_class2,315.0,-206.0
7,prac2_conj,conj_grid,1,4,15,dist_class1,-331.0,-102.0
7,prac2_conj,conj_grid,1,4,16,targ_class1,-201.0,-109.0
7,prac2_conj,conj_grid,1,4,17,dist_class1,-108.0,-83.0
7,prac2_conj,conj_grid,1,4,18,dist_class2,-9.0,-107.0
7,prac2_conj,conj_grid,1,4,19,dist_class2,103.0,-112.0
7,prac2_conj,conj_grid,1,4,20,targ_class1,249.0,-102.0
7,prac2_conj,conj_grid,1,4,21,targ_class1,315.0,-108.0
7,prac2_conj,conj_grid,1,4,22,dist_class1,-328.0,-17.0
7,prac2_conj,conj_grid,1,4,23,dist_class2,-201.0,17.0
7,prac2_conj,conj_grid,1,4,24,dist_class2,-100.0,-9.0
7,prac2_conj,conj_grid,1,4,25,dist_class2,-11.0,8.0
7,prac2_conj,conj_grid,1,4,26,dist_class2,122.0,-12.0
7,prac2_conj,conj_grid,1,4,27,targ_class1,224.0,3.0
7,prac2_conj,conj_grid,1,4,28,targ_class1,325.0,2.0
7,prac2_conj,conj_grid,1,4,29,targ_class1,-316.0,109.0
7,prac2_conj,conj_grid,1,4,30,dist_class2,-218.0,98.0
7,prac2_conj,conj_grid,1,4,31,dist_class1,-108.0,108.0
7,prac2_conj,conj_grid,1,4,32,targ_class1,-0.0,103.0
7,prac2_conj,conj_grid,1,4,33,targ_class1,124.0,100.0
7,prac2_conj,conj_grid,1,4,34,dist_class1,234.0,118.0
7,prac2_conj,conj_grid,1,4,35,targ_class2,322.0,102.0
7,prac2_conj,conj_grid,1,4,36,targ_class2,-329.0,207.0
7,prac2_conj,conj_grid,1,4,37,targ_class1,-227.0,214.0
7,prac2_conj,conj_grid,1,4,38,targ_class2,-112.0,208.0
7,prac2_conj,conj_grid,1,4,39,targ_class1,-7.0,208.0
7,prac2_conj,conj_grid,1,4,40,targ_class2,102.0,203.0
7,prac2_conj,conj_grid,1,4,41,dist_class2,219.0,205.0
7,prac2_conj,conj_grid,1,4,42,dist_class2,337.0,217.0
7,prac2_conj,conj_grid,1,4,43,dist_class1,-319.0,330.0
7,prac2_conj,conj_grid,1,4,44,targ_class2,-237.0,317.0
7,prac2_conj,conj_grid,1,4,45,dist_class1,-126.0,317.0
7,prac2_conj,conj_grid,1,4,46,dist_class1,12.0,341.0
7,prac2_conj,conj_grid,1,4,47,dist_class1,106.0,305.0
7,prac2_conj,conj_grid,1,4,48,dist_class1,217.0,320.0
7,prac2_conj,conj_grid,1,4,49,dist_class1,341.0,312.0
7,prac2_conj,conj_grid,1,5,1,targ_class2,-326.0,-337.0
7,prac2_conj,conj_grid,1,5,2,targ_class2,-220.0,-320.0
7,prac2_conj,conj_grid,1,5,3,dist_class2,-112.0,-321.0
7,prac2_conj,conj_grid,1,5,4,dist_class1,-6.0,-331.0
7,prac2_conj,conj_grid,1,5,5,dist_class1,91.0,-323.0
7,prac2_conj,conj_grid,1,5,6,dist_class1,211.0,-326.0
7,prac2_conj,conj_grid,1,5,7,targ_class1,333.0,-324.0
7,prac2_conj,conj_grid,1,5,8,dist_class2,-321.0,-215.0
7,prac2_conj,conj_grid,1,5,9,dist_class2,-226.0,-212.0
7,prac2_conj,conj_grid,1,5,10,dist_class2,-93.0,-201.0
7,prac2_conj,conj_grid,1,5,11,targ_class2,12.0,-224.0
7,prac2_conj,conj_grid,1,5,12,dist_class1,93.0,-195.0
7,prac2_conj,conj_grid,1,5,13,dist_class1,211.0,-218.0
7,prac2_conj,conj_grid,1,5,14,dist_class1,334.0,-217.0
7,prac2_conj,conj_grid,1,5,15,dist_class1,-316.0,-114.0
7,prac2_conj,conj_grid,1,5,16,dist_class2,-223.0,-107.0
7,prac2_conj,conj_grid,1,5,17,targ_class1,-109.0,-111.0
7,prac2_conj,conj_grid,1,5,18,targ_class2,-5.0,-93.0
7,prac2_conj,conj_grid,1,5,19,dist_class2,94.0,-103.0
7,prac2_conj,conj_grid,1,5,20,dist_class2,219.0,-118.0
7,prac2_conj,conj_grid,1,5,21,targ_class1,331.0,-98.0
7,prac2_conj,conj_grid,1,5,22,targ_class2,-316.0,-6.0
7,prac2_conj,conj_grid,1,5,23,dist_class1,-215.0,16.0
7,prac2_conj,conj_grid,1,5,24,dist_class2,-118.0,-6.0
7,prac2_conj,conj_grid,1,5,25,targ_class2,-10.0,20.0
7,prac2_conj,conj_grid,1,5,26,targ_class1,111.0,-11.0
7,prac2_conj,conj_grid,1,5,27,dist_class2,227.0,-0.0
7,prac2_conj,conj_grid,1,5,28,targ_class1,320.0,-7.0
7,prac2_conj,conj_grid,1,5,29,dist_class2,-334.0,104.0
7,prac2_conj,conj_grid,1,5,30,targ_class2,-214.0,121.0
7,prac2_conj,conj_grid,1,5,31,targ_class1,-116.0,119.0
7,prac2_conj,conj_grid,1,5,32,targ_class2,4.0,105.0
7,prac2_conj,conj_grid,1,5,33,targ_class1,115.0,121.0
7,prac2_conj,conj_grid,1,5,34,dist_class2,220.0,126.0
7,prac2_conj,conj_grid,1,5,35,dist_class2,325.0,105.0
7,prac2_conj,conj_grid,1,5,36,targ_class1,-346.0,206.0
7,prac2_conj,conj_grid,1,5,37,dist_class1,-221.0,215.0
7,prac2_conj,conj_grid,1,5,38,targ_class2,-100.0,224.0
7,prac2_conj,conj_grid,1,5,39,targ_class1,7.0,220.0
7,prac2_conj,conj_grid,1,5,40,dist_class1,110.0,210.0
7,prac2_conj,conj_grid,1,5,41,targ_class1,221.0,218.0
7,prac2_conj,conj_grid,1,5,42,targ_class2,338.0,214.0
7,prac2_conj,conj_grid,1,5,43,targ_class1,-325.0,323.0
7,prac2_conj,conj_grid,1,5,44,dist_class2,-217.0,336.0
7,prac2_conj,conj_grid,1,5,45,targ_class2,-112.0,328.0
7,prac2_conj,conj_grid,1,5,46,targ_class2,2.0,347.0
7,prac2_conj,conj_grid,1,5,47,dist_class1,117.0,330.0
7,prac2_conj,conj_grid,1,5,48,targ_class1,195.0,311.0
7,prac2_conj,conj_grid,1,5,49,dist_class1,338.0,319.0
7,prac2_conj,conj_grid,1,6,1,dist_class1,-314.0,-323.0
7,prac2_conj,conj_grid,1,6,2,dist_class1,-220.0,-330.0
7,prac2_conj,conj_grid,1,6,3,dist_class1,-105.0,-319.0
7,prac2_conj,conj_grid,1,6,4,dist_class2,6.0,-319.0
7,prac2_conj,conj_grid,1,6,5,dist_class2,104.0,-309.0
7,prac2_conj,conj_grid,1,6,6,dist_class2,217.0,-316.0
7,prac2_conj,conj_grid,1,6,7,targ_class2,336.0,-328.0
7,prac2_conj,conj_grid,1,6,8,targ_class1,-324.0,-212.0
7,prac2_conj,conj_grid,1,6,9,targ_class2,-231.0,-202.0
7,prac2_conj,conj_grid,1,6,10,targ_class1,-108.0,-207.0
7,prac2_conj,conj_grid,1,6,11,dist_class1,25.0,-217.0
7,prac2_conj,conj_grid,1,6,12,targ_class2,123.0,-220.0
7,prac2_conj,conj_grid,1,6,13,targ_class1,218.0,-203.0
7,prac2_conj,conj_grid,1,6,14,targ_class1,318.0,-215.0
7,prac2_conj,conj_grid,1,6,15,targ_class1,-337.0,-125.0
7,prac2_conj,conj_grid,1,6,16,targ_class2,-209.0,-115.0
7,prac2_conj,conj_grid,1,6,17,dist_class1,-109.0,-107.0
7,prac2_conj,conj_grid,1,6,18,dist_class2,11.0,-115.0
7,prac2_conj,conj_grid,1,6,19,dist_class2,112.0,-129.0
7,prac2_conj,conj_grid,1,6,20,dist_class2,227.0,-116.0
7,prac2_conj,conj_grid,1,6,21,dist_class1,317.0,-105.0
7,prac2_conj,conj_grid,1,6,22,dist_class2,-343.0,11.0
7,prac2_conj,conj_grid,1,6,23,dist_class1,-217.0,-17.0
7,prac2_conj,conj_grid,1,6,24,dist_class2,-87.0,-10.0
7,prac2_conj,conj_grid,1,6,25,targ_class2,-2.0,3.0
7,prac2_conj,conj_grid,1,6,26,targ_class2,119.0,-2.0
7,prac2_conj,conj_grid,1,6,27,targ_class1,215.0,1.0
7,prac2_conj,conj_grid,1,6,28,dist_class2,317.0,-26.0
7,prac2_conj,conj_grid,1,6,29,targ_class1,-324.0,107.0
7,prac2_conj,conj_grid,1,6,30,targ_class1,-238.0,132.0
7,prac2_conj,conj_grid,1,6,31,dist_class1,-99.0,89.0
7,prac2_conj,conj_grid,1,6,32,dist_class2,6.0,119.0
7,prac2_conj,conj_grid,1,6,33,dist_class1,123.0,120.0
7,prac2_conj,conj_grid,1,6,34,dist_class2,211.0,108.0
7,prac2_conj,conj_grid,1,6,35,targ_class1,315.0,104.0
7,prac2_conj,conj_grid,1,6,36,dist_class1,-311.0,200.0
7,prac2_conj,conj_grid,1,6,37,targ_class1,-228.0,216.0
7,prac2_conj,conj_grid,1,6,38,dist_class2,-114.0,210.0
7,prac2_conj,conj_grid,1,6,39,dist_class1,-14.0,223.0
7,prac2_conj,conj_grid,1,6,40,targ_class2,121.0,203.0
7,prac2_conj,conj_grid,1,6,41,dist_class1,228.0,212.0
7,prac2_conj,conj_grid,1,6,42,targ_class2,326.0,208.0
7,prac2_conj,conj_grid,1,6,43,dist_class2,-325.0,328.0
7,prac2_conj,conj_grid,1,6,44,targ_class2,-201.0,321.0
7,prac2_conj,conj_grid,1,6,45,targ_class2,-101.0,324.0
7,prac2_conj,conj_grid,1,6,46,targ_class2,-11.0,318.0
7,prac2_conj,conj_grid,1,6,47,targ_class1,116.0,337.0
7,prac2_conj,conj_grid,1,6,48,targ_class1,231.0,330.0
7,prac2_conj,conj_grid,1,6,49,targ_class2,329.0,322.0
7,prac2_conj,conj_grid,0,1,1,targ_class1,-348.0,-301.0
7,prac2_conj,conj_grid,0,1,2,targ_class1,-209.0,-315.0
7,prac2_conj,conj_grid,0,1,3,dist_class1,-113.0,-321.0
7,prac2_conj,conj_grid,0,1,4,dist_class1,-0.0,-355.0
7,prac2_conj,conj_grid,0,1,5,targ_class2,113.0,-319.0
7,prac2_conj,conj_grid,0,1,6,targ_class2,210.0,-332.0
7,prac2_conj,conj_grid,0,1,7,dist_class1,321.0,-333.0
7,prac2_conj,conj_grid,0,1,8,dist_class2,-328.0,-210.0
7,prac2_conj,conj_grid,0,1,9,dist_class1,-217.0,-233.0
7,prac2_conj,conj_grid,0,1,10,dist_class2,-119.0,-229.0
7,prac2_conj,conj_grid,0,1,11,targ_class2,-17.0,-207.0
7,prac2_conj,conj_grid,0,1,12,targ_class2,118.0,-200.0
7,prac2_conj,conj_grid,0,1,13,targ_class2,231.0,-208.0
7,prac2_conj,conj_grid,0,1,14,dist_class1,334.0,-223.0
7,prac2_conj,conj_grid,0,1,15,targ_class1,-327.0,-107.0
7,prac2_conj,conj_grid,0,1,16,targ_class2,-218.0,-107.0
7,prac2_conj,conj_grid,0,1,17,dist_class1,-97.0,-111.0
7,prac2_conj,conj_grid,0,1,18,targ_class2,-11.0,-118.0
7,prac2_conj,conj_grid,0,1,19,dist_class1,121.0,-94.0
7,prac2_conj,conj_grid,0,1,20,dist_class1,218.0,-127.0
7,prac2_conj,conj_grid,0,1,21,dist_class1,314.0,-86.0
7,prac2_conj,conj_grid,0,1,22,dist_class2,-319.0,-15.0
7,prac2_conj,conj_grid,0,1,23,dist_class2,-222.0,6.0
7,prac2_conj,conj_grid,0,1,24,dist_class1,-91.0,19.0
7,prac2_conj,conj_grid,0,1,25,targ_class1,-8.0,-3.0
7,prac2_conj,conj_grid,0,1,26,targ_class1,112.0,-13.0
7,prac2_conj,conj_grid,0,1,27,targ_class1,225.0,3.0
7,prac2_conj,conj_grid,0,1,28,dist_class2,311.0,-0.0
7,prac2_conj,conj_grid,0,1,29,dist_class1,-324.0,114.0
7,prac2_conj,conj_grid,0,1,30,dist_class1,-211.0,101.0
7,prac2_conj,conj_grid,0,1,31,dist_class2,-105.0,105.0
7,prac2_conj,conj_grid,0,1,32,dist_class2,-6.0,100.0
7,prac2_conj,conj_grid,0,1,33,targ_class1,106.0,95.0
7,prac2_conj,conj_grid,0,1,34,targ_class1,223.0,101.0
7,prac2_conj,conj_grid,0,1,35,dist_class2,308.0,109.0
7,prac2_conj,conj_grid,0,1,36,dist_class2,-342.0,216.0
7,prac2_conj,conj_grid,0,1,37,targ_class2,-219.0,189.0
7,prac2_conj,conj_grid,0,1,38,targ_class2,-111.0,215.0
7,prac2_conj,conj_grid,0,1,39,targ_class2,7.0,214.0
7,prac2_conj,conj_grid,0,1,40,dist_class2,120.0,221.0
7,prac2_conj,conj_grid,0,1,41,dist_class2,231.0,216.0
7,prac2_conj,conj_grid,0,1,42,targ_class2,329.0,205.0
7,prac2_conj,conj_grid,0,1,43,dist_class2,-331.0,328.0
7,prac2_conj,conj_grid,0,1,44,targ_class1,-217.0,303.0
7,prac2_conj,conj_grid,0,1,45,targ_class1,-104.0,338.0
7,prac2_conj,conj_grid,0,1,46,dist_class2,2.0,313.0
7,prac2_conj,conj_grid,0,1,47,targ_class1,101.0,308.0
7,prac2_conj,conj_grid,0,1,48,targ_class1,205.0,322.0
7,prac2_conj,conj_grid,0,1,49,targ_class2,326.0,338.0
7,conjunction_blocks,conj_rot,2,1,1,targ_class1,2.0,-451.0
7,conjunction_blocks,conj_rot,2,1,2,targ_class1,64.0,-391.0
7,conjunction_blocks,conj_rot,2,1,3,targ_class1,168.0,-299.0
7,conjunction_blocks,conj_rot,2,1,4,targ_class2,217.0,-224.0
7,conjunction_blocks,conj_rot,2,1,5,targ_class2,309.0,-150.0
7,conjunction_blocks,conj_rot,2,1,6,dist_class2,382.0,-85.0
7,conjunction_blocks,conj_rot,2,1,7,dist_class2,467.0,7.0
7,conjunction_blocks,conj_rot,2,1,8,targ_class1,-53.0,-345.0
7,conjunction_blocks,conj_rot,2,1,9,targ_class1,23.0,-298.0
7,conjunction_blocks,conj_rot,2,1,10,dist_class2,90.0,-234.0
7,conjunction_blocks,conj_rot,2,1,11,dist_class1,153.0,-146.0
7,conjunction_blocks,conj_rot,2,1,12,targ_class1,226.0,-73.0
7,conjunction_blocks,conj_rot,2,1,13,dist_class2,304.0,3.0
7,conjunction_blocks,conj_rot,2,1,14,dist_class1,375.0,76.0
7,conjunction_blocks,conj_rot,2,1,15,dist_class1,-175.0,-310.0
7,conjunction_blocks,conj_rot,2,1,16,dist_class1,-85.0,-212.0
7,conjunction_blocks,conj_rot,2,1,17,targ_class2,18.0,-149.0
7,conjunction_blocks,conj_rot,2,1,18,targ_class1,73.0,-80.0
7,conjunction_blocks,conj_rot,2,1,19,dist_class1,161.0,2.0
7,conjunction_blocks,conj_rot,2,1,20,dist_class2,234.0,73.0
7,conjunction_blocks,conj_rot,2,1,21,targ_class2,310.0,163.0
7,conjunction_blocks,conj_rot,2,1,22,targ_class2,-222.0,-245.0
7,conjunction_blocks,conj_rot,2,1,23,targ_class2,-148.0,-164.0
7,conjunction_blocks,conj_rot,2,1,24,targ_class1,-82.0,-75.0
7,conjunction_blocks,conj_rot,2,1,25,dist_class1,2.0,-10.0
7,conjunction_blocks,conj_rot,2,1,26,dist_class2,57.0,96.0
7,conjunction_blocks,conj_rot,2,1,27,dist_class2,148.0,161.0
7,conjunction_blocks,conj_rot,2,1,28,targ_class2,219.0,229.0
7,conjunction_blocks,conj_rot,2,1,29,targ_class2,-293.0,-164.0
7,conjunction_blocks,conj_rot,2,1,30,dist_class1,-239.0,-95.0
7,conjunction_blocks,conj_rot,2,1,31,dist_class2,-151.0,-9.0
7,conjunction_blocks,conj_rot,2,1,32,targ_class1,-83.0,71.0
7,conjunction_blocks,conj_rot,2,1,33,targ_class2,3.0,143.0
7,conjunction_blocks,conj_rot,2,1,34,dist_class2,77.0,246.0
7,conjunction_blocks,conj_rot,2,1,35,targ_class1,145.0,307.0
7,conjunction_blocks,conj_rot,2,1,36,dist_class2,-388.0,-75.0
7,conjunction_blocks,conj_rot,2,1,37,dist_class2,-320.0,-2.0
7,conjunction_blocks,conj_rot,2,1,38,dist_class2,-208.0,81.0
7,conjunction_blocks,conj_rot,2,1,39,dist_class2,-141.0,154.0
7,conjunction_blocks,conj_rot,2,1,40,targ_class2,-82.0,247.0
7,conjunction_blocks,conj_rot,2,1,41,targ_class1,-4.0,308.0
7,conjunction_blocks,conj_rot,2,1,42,targ_class2,81.0,387.0
7,conjunction_blocks,conj_rot,2,1,43,targ_class2,-462.0,-14.0
7,conjunction_blocks,conj_rot,2,1,44,dist_class1,-384.0,74.0
7,conjunction_blocks,conj_rot,2,1,45,dist_class1,-313.0,162.0
7,conjunction_blocks,conj_rot,2,1,46,dist_class1,-218.0,221.0
7,conjunction_blocks,conj_rot,2,1,47,targ_class1,-156.0,311.0
7,conjunction_blocks,conj_rot,2,1,48,dist_class1,-87.0,390.0
7,conjunction_blocks,conj_rot,2,1,49,dist_class1,-24.0,446.0
7,conjunction_blocks,conj_rot,2,2,1,dist_class2,-1.0,-446.0
7,conjunction_blocks,conj_rot,2,2,2,dist_class1,80.0,-389.0
7,conjunction_blocks,conj_rot,2,2,3,targ_class2,159.0,-315.0
7,conjunction_blocks,conj_rot,2,2,4,targ_class1,226.0,-212.0
7,conjunction_blocks,conj_rot,2,2,5,targ_class2,296.0,-163.0
7,conjunction_blocks,conj_rot,2,2,6,dist_class1,387.0,-72.0
7,conjunction_blocks,conj_rot,2,2,7,dist_class2,461.0,11.0
7,conjunction_blocks,conj_rot,2,2,8,targ_class2,-63.0,-382.0
7,conjunction_blocks,conj_rot,2,2,9,targ_class1,-10.0,-288.0
7,conjunction_blocks,conj_rot,2,2,10,targ_class1,85.0,-214.0
7,conjunction_blocks,conj_rot,2,2,11,dist_class1,162.0,-148.0
7,conjunction_blocks,conj_rot,2,2,12,targ_class2,234.0,-69.0
7,conjunction_blocks,conj_rot,2,2,13,dist_class2,322.0,-0.0
7,conjunction_blocks,conj_rot,2,2,14,targ_class2,373.0,71.0
7,conjunction_blocks,conj_rot,2,2,15,targ_class1,-169.0,-308.0
7,conjunction_blocks,conj_rot,2,2,16,targ_class1,-74.0,-220.0
7,conjunction_blocks,conj_rot,2,2,17,dist_class1,-11.0,-141.0
7,conjunction_blocks,conj_rot,2,2,18,dist_class2,69.0,-82.0
7,conjunction_blocks,conj_rot,2,2,19,targ_class2,158.0,-2.0
7,conjunction_blocks,conj_rot,2,2,20,dist_class2,234.0,80.0
7,conjunction_blocks,conj_rot,2,2,21,targ_class2,307.0,141.0
7,conjunction_blocks,conj_rot,2,2,22,dist_class1,-214.0,-228.0
7,conjunction_blocks,conj_rot,2,2,23,dist_class1,-140.0,-143.0
7,conjunction_blocks,conj_rot,2,2,24,targ_class1,-68.0,-89.0
7,conjunction_blocks,conj_rot,2,2,25,targ_class2,-9.0,-6.0
7,conjunction_blocks,conj_rot,2,2,26,dist_class1,68.0,72.0
7,conjunction_blocks,conj_rot,2,2,27,targ_class2,149.0,158.0
7,conjunction_blocks,conj_rot,2,2,28,dist_class2,240.0,226.0
7,conjunction_blocks,conj_rot,2,2,29,dist_class1,-303.0,-153.0
7,conjunction_blocks,conj_rot,2,2,30,dist_class2,-239.0,-76.0
7,conjunction_blocks,conj_rot,2,2,31,targ_class1,-164.0,-6.0
7,conjunction_blocks,conj_rot,2,2,32,targ_class1,-71.0,77.0
7,conjunction_blocks,conj_rot,2,2,33,dist_class1,-1.0,145.0
7,conjunction_blocks,conj_rot,2,2,34,dist_class2,92.0,234.0
7,conjunction_blocks,conj_rot,2,2,35,dist_class2,143.0,302.0
7,conjunction_blocks,conj_rot,2,2,36,dist_class1,-384.0,-74.0
7,conjunction_blocks,conj_rot,2,2,37,targ_class1,-308.0,5.0
7,conjunction_blocks,conj_rot,2,2,38,targ_class1,-235.0,80.0
7,conjunction_blocks,conj_rot,2,2,39,dist_class2,-151.0,149.0
7,conjunction_blocks,conj_rot,2,2,40,targ_class2,-63.0,221.0
7,conjunction_blocks,conj_rot,2,2,41,targ_class1,-5.0,291.0
7,conjunction_blocks,conj_rot,2,2,42,targ_class1,68.0,400.0
7,conjunction_blocks,conj_rot,2,2,43,dist_class2,-441.0,-9.0
7,conjunction_blocks,conj_rot,2,2,44,dist_class2,-393.0,71.0
7,conjunction_blocks,conj_rot,2,2,45,targ_class2,-302.0,158.0
7,conjunction_blocks,conj_rot,2,2,46,dist_class1,-229.0,231.0
7,conjunction_blocks,conj_rot,2,2,47,targ_class2,-153.0,317.0
7,conjunction_blocks,conj_rot,2,2,48,dist_class1,-73.0,371.0
7,conjunction_blocks,conj_rot,2,2,49,dist_class2,-12.0,477.0
7,conjunction_blocks,conj_grid,0,1,1,targ_class1,-331.0,-321.0
7,conjunction_blocks,conj_grid,0,1,2,dist_class1,-205.0,-320.0
7,conjunction_blocks,conj_grid,0,1,3,targ_class1,-109.0,-321.0
7,conjunction_blocks,conj_grid,0,1,4,targ_class2,1.0,-317.0
7,conjunction_blocks,conj_grid,0,1,5,dist_class2,123.0,-327.0
7,conjunction_blocks,conj_grid,0,1,6,dist_class1,213.0,-325.0
7,conjunction_blocks,conj_grid,0,1,7,dist_class2,313.0,-309.0
7,conjunction_blocks,conj_grid,0,1,8,targ_class2,-325.0,-206.0
7,conjunction_blocks,conj_grid,0,1,9,dist_class2,-207.0,-223.0
7,conjunction_blocks,conj_grid,0,1,10,dist_class1,-111.0,-208.0
7,conjunction_blocks,conj_grid,0,1,11,targ_class2,-3.0,-222.0
7,conjunction_blocks,conj_grid,0,1,12,targ_class2,102.0,-235.0
7,conjunction_blocks,conj_grid,0,1,13,dist_class1,213.0,-225.0
7,conjunction_blocks,conj_grid,0,1,14,dist_class2,304.0,-240.0
7,conjunction_blocks,conj_grid,0,1,15,dist_class2,-323.0,-104.0
7,conjunction_blocks,conj_grid,0,1,16,targ_class1,-223.0,-92.0
7,conjunction_blocks,conj_grid,0,1,17,targ_class1,-129.0,-117.0
7,conjunction_blocks,conj_grid,0,1,18,dist_class1,9.0,-115.0
7,conjunction_blocks,conj_grid,0,1,19,dist_class2,128.0,-109.0
7,conjunction_blocks,conj_grid,0,1,20,dist_class1,222.0,-113.0
7,conjunction_blocks,conj_grid,0,1,21,dist_class1,311.0,-113.0
7,conjunction_blocks,conj_grid,0,1,22,dist_class2,-331.0,-3.0
7,conjunction_blocks,conj_grid,0,1,23,dist_class1,-204.0,9.0
7,conjunction_blocks,conj_grid,0,1,24,dist_class1,-86.0,14.0
7,conjunction_blocks,conj_grid,0,1,25,targ_class1,3.0,-30.0
7,conjunction_blocks,conj_grid,0,1,26,dist_class2,138.0,-2.0
7,conjunction_blocks,conj_grid,0,1,27,targ_class1,214.0,-14.0
7,conjunction_blocks,conj_grid,0,1,28,targ_class2,321.0,6.0
7,conjunction_blocks,conj_grid,0,1,29,targ_class2,-304.0,124.0
7,conjunction_blocks,conj_grid,0,1,30,targ_class2,-208.0,98.0
7,conjunction_blocks,conj_grid,0,1,31,targ_class1,-116.0,99.0
7,conjunction_blocks,conj_grid,0,1,32,targ_class1,-25.0,94.0
7,conjunction_blocks,conj_grid,0,1,33,dist_class2,96.0,114.0
7,conjunction_blocks,conj_grid,0,1,34,targ_class2,232.0,104.0
7,conjunction_blocks,conj_grid,0,1,35,targ_class2,320.0,96.0
7,conjunction_blocks,conj_grid,0,1,36,targ_class1,-320.0,222.0
7,conjunction_blocks,conj_grid,0,1,37,dist_class1,-217.0,230.0
7,conjunction_blocks,conj_grid,0,1,38,targ_class2,-102.0,215.0
7,conjunction_blocks,conj_grid,0,1,39,dist_class2,8.0,212.0
7,conjunction_blocks,conj_grid,0,1,40,dist_class2,103.0,216.0
7,conjunction_blocks,conj_grid,0,1,41,dist_class1,224.0,208.0
7,conjunction_blocks,conj_grid,0,1,42,targ_class2,324.0,218.0
7,conjunction_blocks,conj_grid,0,1,43,targ_class2,-317.0,327.0
7,conjunction_blocks,conj_grid,0,1,44,dist_class2,-231.0,330.0
7,conjunction_blocks,conj_grid,0,1,45,dist_class1,-112.0,336.0
7,conjunction_blocks,conj_grid,0,1,46,targ_class1,-4.0,326.0
7,conjunction_blocks,conj_grid,0,1,47,dist_class2,103.0,305.0
7,conjunction_blocks,conj_grid,0,1,48,targ_class1,218.0,324.0
7,conjunction_blocks,conj_grid,0,1,49,targ_class1,325.0,327.0
7,conjunction_blocks,conj_rot,1,1,1,targ_class2,-2.0,-457.0
7,conjunction_blocks,conj_rot,1,1,2,dist_class2,61.0,-394.0
7,conjunction_blocks,conj_rot,1,1,3,targ_class2,150.0,-305.0
7,conjunction_blocks,conj_rot,1,1,4,targ_class1,250.0,-235.0
7,conjunction_blocks,conj_rot,1,1,5,targ_class2,292.0,-143.0
7,conjunction_blocks,conj_rot,1,1,6,targ_class2,382.0,-68.0
7,conjunction_blocks,conj_rot,1,1,7,targ_class2,461.0,-15.0
7,conjunction_blocks,conj_rot,1,1,8,dist_class1,-76.0,-392.0
7,conjunction_blocks,conj_rot,1,1,9,targ_class2,-0.0,-308.0
7,conjunction_blocks,conj_rot,1,1,10,dist_class2,76.0,-245.0
7,conjunction_blocks,conj_rot,1,1,11,dist_class1,136.0,-151.0
7,conjunction_blocks,conj_rot,1,1,12,targ_class2,210.0,-80.0
7,conjunction_blocks,conj_rot,1,1,13,dist_class2,307.0,4.0
7,conjunction_blocks,conj_rot,1,1,14,dist_class1,391.0,74.0
7,conjunction_blocks,conj_rot,1,1,15,dist_class2,-163.0,-308.0
7,conjunction_blocks,conj_rot,1,1,16,dist_class2,-95.0,-226.0
7,conjunction_blocks,conj_rot,1,1,17,targ_class2,1.0,-146.0
7,conjunction_blocks,conj_rot,1,1,18,targ_class2,68.0,-65.0
7,conjunction_blocks,conj_rot,1,1,19,dist_class2,145.0,19.0
7,conjunction_blocks,conj_rot,1,1,20,dist_class2,233.0,87.0
7,conjunction_blocks,conj_rot,1,1,21,dist_class1,320.0,149.0
7,conjunction_blocks,conj_rot,1,1,22,dist_class1,-217.0,-227.0
7,conjunction_blocks,conj_rot,1,1,23,targ_class1,-138.0,-141.0
7,conjunction_blocks,conj_rot,1,1,24,targ_class1,-78.0,-84.0
7,conjunction_blocks,conj_rot,1,1,25,dist_class1,14.0,2.0
7,conjunction_blocks,conj_rot,1,1,26,dist_class1,78.0,83.0
7,conjunction_blocks,conj_rot,1,1,27,targ_class2,175.0,171.0
7,conjunction_blocks,conj_rot,1,1,28,dist_class1,223.0,228.0
7,conjunction_blocks,conj_rot,1,1,29,dist_class1,-301.0,-175.0
7,conjunction_blocks,conj_rot,1,1,30,targ_class2,-249.0,-89.0
7,conjunction_blocks,conj_rot,1,1,31,dist_class2,-161.0,7.0
7,conjunction_blocks,conj_rot,1,1,32,targ_class1,-86.0,82.0
7,conjunction_blocks,conj_rot,1,1,33,dist_class2,-15.0,151.0
7,conjunction_blocks,conj_rot,1,1,34,targ_class1,81.0,232.0
7,conjunction_blocks,conj_rot,1,1,35,targ_class1,168.0,285.0
7,conjunction_blocks,conj_rot,1,1,36,targ_class1,-376.0,-81.0
7,conjunction_blocks,conj_rot,1,1,37,targ_class2,-296.0,19.0
7,conjunction_blocks,conj_rot,1,1,38,dist_class2,-246.0,66.0
7,conjunction_blocks,conj_rot,1,1,39,dist_class2,-147.0,160.0
7,conjunction_blocks,conj_rot,1,1,40,targ_class1,-81.0,227.0
7,conjunction_blocks,conj_rot,1,1,41,dist_class1,-10.0,306.0
7,conjunction_blocks,conj_rot,1,1,42,targ_class1,69.0,380.0
7,conjunction_blocks,conj_rot,1,1,43,dist_class2,-456.0,-14.0
7,conjunction_blocks,conj_rot,1,1,44,targ_class1,-374.0,71.0
7,conjunction_blocks,conj_rot,1,1,45,targ_class1,-297.0,153.0
7,conjunction_blocks,conj_rot,1,1,46,targ_class1,-239.0,221.0
7,conjunction_blocks,conj_rot,1,1,47,dist_class1,-161.0,320.0
7,conjunction_blocks,conj_rot,1,1,48,dist_class2,-101.0,376.0
7,conjunction_blocks,conj_rot,1,1,49,dist_class1,12.0,447.0
7,conjunction_blocks,conj_grid,4,1,1,dist_class1,-319.0,-337.0
7,conjunction_blocks,conj_grid,4,1,2,targ_class1,-227.0,-328.0
7,conjunction_blocks,conj_grid,4,1,3,targ_class1,-98.0,-325.0
7,conjunction_blocks,conj_grid,4,1,4,targ_class2,0.0,-324.0
7,conjunction_blocks,conj_grid,4,1,5,targ_class1,105.0,-312.0
7,conjunction_blocks,conj_grid,4,1,6,targ_class2,211.0,-327.0
7,conjunction_blocks,conj_grid,4,1,7,targ_class2,324.0,-322.0
7,conjunction_blocks,conj_grid,4,1,8,dist_class1,-311.0,-229.0
7,conjunction_blocks,conj_grid,4,1,9,targ_class1,-204.0,-216.0
7,conjunction_blocks,conj_grid,4,1,10,dist_class2,-138.0,-217.0
7,conjunction_blocks,conj_grid,4,1,11,dist_class1,-5.0,-196.0
7,conjunction_blocks,conj_grid,4,1,12,dist_class2,116.0,-231.0
7,conjunction_blocks,conj_grid,4,1,13,targ_class1,226.0,-231.0
7,conjunction_blocks,conj_grid,4,1,14,targ_class1,315.0,-234.0
7,conjunction_blocks,conj_grid,4,1,15,targ_class1,-339.0,-106.0
7,conjunction_blocks,conj_grid,4,1,16,targ_class1,-213.0,-102.0
7,conjunction_blocks,conj_grid,4,1,17,dist_class1,-104.0,-105.0
7,conjunction_blocks,conj_grid,4,1,18,targ_class1,10.0,-112.0
7,conjunction_blocks,conj_grid,4,1,19,targ_class2,111.0,-113.0
7,conjunction_blocks,conj_grid,4,1,20,dist_class2,226.0,-112.0
7,conjunction_blocks,conj_grid,4,1,21,dist_class1,330.0,-102.0
7,conjunction_blocks,conj_grid,4,1,22,dist_class1,-336.0,8.0
7,conjunction_blocks,conj_grid,4,1,23,dist_class2,-221.0,-3.0
7,conjunction_blocks,conj_grid,4,1,24,dist_class1,-113.0,19.0
7,conjunction_blocks,conj_grid,4,1,25,targ_class2,12.0,1.0
7,conjunction_blocks,conj_grid,4,1,26,dist_class2,118.0,6.0
7,conjunction_blocks,conj_grid,4,1,27,dist_class2,202.0,-17.0
7,conjunction_blocks,conj_grid,4,1,28,dist_class2,326.0,-10.0
7,conjunction_blocks,conj_grid,4,1,29,targ_class2,-329.0,112.0
7,conjunction_blocks,conj_grid,4,1,30,targ_class1,-232.0,127.0
7,conjunction_blocks,conj_grid,4,1,31,dist_class1,-108.0,100.0
7,conjunction_blocks,conj_grid,4,1,32,dist_class1,-10.0,119.0
7,conjunction_blocks,conj_grid,4,1,33,targ_class2,115.0,98.0
7,conjunction_blocks,conj_grid,4,1,34,dist_class2,226.0,102.0
7,conjunction_blocks,conj_grid,4,1,35,targ_class1,319.0,120.0
7,conjunction_blocks,conj_grid,4,1,36,dist_class2,-313.0,225.0
7,conjunction_blocks,conj_grid,4,1,37,targ_class2,-216.0,204.0
7,conjunction_blocks,conj_grid,4,1,38,targ_class1,-112.0,222.0
7,conjunction_blocks,conj_grid,4,1,39,targ_class2,11.0,224.0
7,conjunction_blocks,conj_grid,4,1,40,dist_class2,105.0,219.0
7,conjunction_blocks,conj_grid,4,1,41,targ_class2,201.0,204.0
7,conjunction_blocks,conj_grid,4,1,42,targ_class2,298.0,228.0
7,conjunction_blocks,conj_grid,4,1,43,targ_class2,-314.0,304.0
7,conjunction_blocks,conj_grid,4,1,44,dist_class1,-225.0,330.0
7,conjunction_blocks,conj_grid,4,1,45,dist_class1,-102.0,337.0
7,conjunction_blocks,conj_grid,4,1,46,dist_class2,8.0,310.0
7,conjunction_blocks,conj_grid,4,1,47,dist_class2,114.0,307.0
7,conjunction_blocks,conj_grid,4,1,48,dist_class2,222.0,305.0
7,conjunction_blocks,conj_grid,4,1,49,dist_class1,325.0,312.0
7,conjunction_blocks,conj_grid,3,1,1,targ_class2,-304.0,-322.0
7,conjunction_blocks,conj_grid,3,1,2,dist_class2,-218.0,-326.0
7,conjunction_blocks,conj_grid,3,1,3,targ_class1,-108.0,-324.0
7,conjunction_blocks,conj_grid,3,1,4,targ_class1,15.0,-314.0
7,conjunction_blocks,conj_grid,3,1,5,dist_class1,90.0,-325.0
7,conjunction_blocks,conj_grid,3,1,6,targ_class1,200.0,-318.0
7,conjunction_blocks,conj_grid,3,1,7,dist_class2,311.0,-320.0
7,conjunction_blocks,conj_grid,3,1,8,dist_class2,-345.0,-225.0
7,conjunction_blocks,conj_grid,3,1,9,dist_class2,-218.0,-230.0
7,conjunction_blocks,conj_grid,3,1,10,targ_class1,-106.0,-218.0
7,conjunction_blocks,conj_grid,3,1,11,targ_class2,27.0,-220.0
7,conjunction_blocks,conj_grid,3,1,12,targ_class2,103.0,-223.0
7,conjunction_blocks,conj_grid,3,1,13,dist_class1,218.0,-217.0
7,conjunction_blocks,conj_grid,3,1,14,targ_class1,314.0,-223.0
7,conjunction_blocks,conj_grid,3,1,15,dist_class1,-334.0,-117.0
7,conjunction_blocks,conj_grid,3,1,16,targ_class1,-221.0,-114.0
7,conjunction_blocks,conj_grid,3,1,17,targ_class2,-107.0,-101.0
7,conjunction_blocks,conj_grid,3,1,18,dist_class1,20.0,-97.0
7,conjunction_blocks,conj_grid,3,1,19,dist_class1,103.0,-124.0
7,conjunction_blocks,conj_grid,3,1,20,targ_class1,222.0,-115.0
7,conjunction_blocks,conj_grid,3,1,21,dist_class1,332.0,-106.0
7,conjunction_blocks,conj_grid,3,1,22,dist_class1,-332.0,-10.0
7,conjunction_blocks,conj_grid,3,1,23,dist_class2,-229.0,4.0
7,conjunction_blocks,conj_grid,3,1,24,dist_class2,-112.0,-2.0
7,conjunction_blocks,conj_grid,3,1,25,targ_class2,15.0,6.0
7,conjunction_blocks,conj_grid,3,1,26,targ_class2,93.0,0.0
7,conjunction_blocks,conj_grid,3,1,27,targ_class1,216.0,-0.0
7,conjunction_blocks,conj_grid,3,1,28,dist_class1,311.0,1.0
7,conjunction_blocks,conj_grid,3,1,29,targ_class2,-312.0,100.0
7,conjunction_blocks,conj_grid,3,1,30,dist_class2,-230.0,116.0
7,conjunction_blocks,conj_grid,3,1,31,dist_class1,-108.0,117.0
7,conjunction_blocks,conj_grid,3,1,32,targ_class2,6.0,102.0
7,conjunction_blocks,conj_grid,3,1,33,dist_class1,80.0,105.0
7,conjunction_blocks,conj_grid,3,1,34,dist_class2,219.0,123.0
7,conjunction_blocks,conj_grid,3,1,35,dist_class1,323.0,113.0
7,conjunction_blocks,conj_grid,3,1,36,targ_class1,-309.0,226.0
7,conjunction_blocks,conj_grid,3,1,37,targ_class2,-237.0,204.0
7,conjunction_blocks,conj_grid,3,1,38,dist_class2,-103.0,215.0
7,conjunction_blocks,conj_grid,3,1,39,targ_class2,-7.0,222.0
7,conjunction_blocks,conj_grid,3,1,40,targ_class2,97.0,227.0
7,conjunction_blocks,conj_grid,3,1,41,dist_class1,199.0,211.0
7,conjunction_blocks,conj_grid,3,1,42,targ_class1,343.0,217.0
7,conjunction_blocks,conj_grid,3,1,43,dist_class2,-339.0,321.0
7,conjunction_blocks,conj_grid,3,1,44,dist_class2,-219.0,333.0
7,conjunction_blocks,conj_grid,3,1,45,dist_class2,-111.0,321.0
7,conjunction_blocks,conj_grid,3,1,46,targ_class2,5.0,322.0
7,conjunction_blocks,conj_grid,3,1,47,targ_class1,92.0,331.0
7,conjunction_blocks,conj_grid,3,1,48,targ_class1,214.0,334.0
7,conjunction_blocks,conj_grid,3,1,49,dist_class2,323.0,327.0
7,conjunction_blocks,conj_rot,0,1,1,targ_class2,-10.0,-454.0
7,conjunction_blocks,conj_rot,0,1,2,dist_class1,69.0,-398.0
7,conjunction_blocks,conj_rot,0,1,3,targ_class1,153.0,-312.0
7,conjunction_blocks,conj_rot,0,1,4,targ_class1,246.0,-213.0
7,conjunction_blocks,conj_rot,0,1,5,dist_class2,320.0,-153.0
7,conjunction_blocks,conj_rot,0,1,6,dist_class1,384.0,-65.0
7,conjunction_blocks,conj_rot,0,1,7,dist_class2,454.0,-10.0
7,conjunction_blocks,conj_rot,0,1,8,dist_class1,-88.0,-384.0
7,conjunction_blocks,conj_rot,0,1,9,dist_class1,-2.0,-299.0
7,conjunction_blocks,conj_rot,0,1,10,dist_class2,72.0,-236.0
7,conjunction_blocks,conj_rot,0,1,11,targ_class1,166.0,-138.0
7,conjunction_blocks,conj_rot,0,1,12,dist_class2,234.0,-69.0
7,conjunction_blocks,conj_rot,0,1,13,targ_class2,300.0,-12.0
7,conjunction_blocks,conj_rot,0,1,14,dist_class2,395.0,87.0
7,conjunction_blocks,conj_rot,0,1,15,targ_class1,-157.0,-297.0
7,conjunction_blocks,conj_rot,0,1,16,targ_class1,-57.0,-246.0
7,conjunction_blocks,conj_rot,0,1,17,dist_class1,-4.0,-153.0
7,conjunction_blocks,conj_rot,0,1,18,targ_class1,79.0,-65.0
7,conjunction_blocks,conj_rot,0,1,19,dist_class1,153.0,-12.0
7,conjunction_blocks,conj_rot,0,1,20,targ_class2,236.0,73.0
7,conjunction_blocks,conj_rot,0,1,21,targ_class2,308.0,143.0
7,conjunction_blocks,conj_rot,0,1,22,targ_class1,-234.0,-221.0
7,conjunction_blocks,conj_rot,0,1,23,targ_class2,-173.0,-170.0
7,conjunction_blocks,conj_rot,0,1,24,dist_class2,-77.0,-87.0
7,conjunction_blocks,conj_rot,0,1,25,targ_class1,0.0,16.0
7,conjunction_blocks,conj_rot,0,1,26,dist_class2,77.0,56.0
7,conjunction_blocks,conj_rot,0,1,27,dist_class2,159.0,147.0
7,conjunction_blocks,conj_rot,0,1,28,dist_class1,248.0,232.0
7,conjunction_blocks,conj_rot,0,1,29,dist_class1,-318.0,-151.0
7,conjunction_blocks,conj_rot,0,1,30,dist_class2,-218.0,-69.0
7,conjunction_blocks,conj_rot,0,1,31,dist_class2,-144.0,-6.0
7,conjunction_blocks,conj_rot,0,1,32,targ_class1,-74.0,79.0
7,conjunction_blocks,conj_rot,0,1,33,dist_class1,7.0,149.0
7,conjunction_blocks,conj_rot,0,1,34,targ_class1,84.0,223.0
7,conjunction_blocks,conj_rot,0,1,35,dist_class2,129.0,308.0
7,conjunction_blocks,conj_rot,0,1,36,targ_class2,-379.0,-84.0
7,conjunction_blocks,conj_rot,0,1,37,targ_class2,-327.0,-2.0
7,conjunction_blocks,conj_rot,0,1,38,targ_class2,-211.0,88.0
7,conjunction_blocks,conj_rot,0,1,39,targ_class2,-146.0,150.0
7,conjunction_blocks,conj_rot,0,1,40,targ_class2,-73.0,240.0
7,conjunction_blocks,conj_rot,0,1,41,dist_class1,-1.0,328.0
7,conjunction_blocks,conj_rot,0,1,42,dist_class2,89.0,381.0
7,conjunction_blocks,conj_rot,0,1,43,targ_class1,-454.0,-4.0
7,conjunction_blocks,conj_rot,0,1,44,dist_class1,-385.0,83.0
7,conjunction_blocks,conj_rot,0,1,45,targ_class1,-312.0,145.0
7,conjunction_blocks,conj_rot,0,1,46,dist_class2,-236.0,239.0
7,conjunction_blocks,conj_rot,0,1,47,targ_class2,-160.0,296.0
7,conjunction_blocks,conj_rot,0,1,48,targ_class2,-113.0,371.0
7,conjunction_blocks,conj_rot,0,1,49,dist_class1,1.0,460.0
7,conjunction_blocks,conj_grid,2,1,1,targ_class2,-333.0,-330.0
7,conjunction_blocks,conj_grid,2,1,2,targ_class2,-208.0,-331.0
7,conjunction_blocks,conj_grid,2,1,3,targ_class1,-128.0,-332.0
7,conjunction_blocks,conj_grid,2,1,4,dist_class1,-10.0,-308.0
7,conjunction_blocks,conj_grid,2,1,5,dist_class2,108.0,-304.0
7,conjunction_blocks,conj_grid,2,1,6,targ_class2,217.0,-314.0
7,conjunction_blocks,conj_grid,2,1,7,dist_class2,327.0,-312.0
7,conjunction_blocks,conj_grid,2,1,8,dist_class2,-329.0,-218.0
7,conjunction_blocks,conj_grid,2,1,9,dist_class1,-220.0,-222.0
7,conjunction_blocks,conj_grid,2,1,10,dist_class2,-104.0,-199.0
7,conjunction_blocks,conj_grid,2,1,11,dist_class1,-14.0,-220.0
7,conjunction_blocks,conj_grid,2,1,12,dist_class2,111.0,-215.0
7,conjunction_blocks,conj_grid,2,1,13,dist_class1,243.0,-202.0
7,conjunction_blocks,conj_grid,2,1,14,targ_class2,344.0,-233.0
7,conjunction_blocks,conj_grid,2,1,15,targ_class1,-320.0,-117.0
7,conjunction_blocks,conj_grid,2,1,16,dist_class1,-207.0,-96.0
7,conjunction_blocks,conj_grid,2,1,17,dist_class1,-98.0,-111.0
7,conjunction_blocks,conj_grid,2,1,18,dist_class2,-6.0,-107.0
7,conjunction_blocks,conj_grid,2,1,19,dist_class2,98.0,-109.0
7,conjunction_blocks,conj_grid,2,1,20,targ_class1,203.0,-110.0
7,conjunction_blocks,conj_grid,2,1,21,targ_class2,316.0,-122.0
7,conjunction_blocks,conj_grid,2,1,22,targ_class1,-334.0,3.0
7,conjunction_blocks,conj_grid,2,1,23,dist_class2,-217.0,-5.0
7,conjunction_blocks,conj_grid,2,1,24,dist_class1,-98.0,4.0
7,conjunction_blocks,conj_grid,2,1,25,targ_class2,-14.0,2.0
7,conjunction_blocks,conj_grid,2,1,26,dist_class2,106.0,12.0
7,conjunction_blocks,conj_grid,2,1,27,dist_class1,208.0,-1.0
7,conjunction_blocks,conj_grid,2,1,28,targ_class1,315.0,11.0
7,conjunction_blocks,conj_grid,2,1,29,dist_class2,-312.0,104.0
7,conjunction_blocks,conj_grid,2,1,30,dist_class1,-228.0,106.0
7,conjunction_blocks,conj_grid,2,1,31,targ_class2,-101.0,110.0
7,conjunction_blocks,conj_grid,2,1,32,dist_class1,8.0,107.0
7,conjunction_blocks,conj_grid,2,1,33,targ_class1,93.0,106.0
7,conjunction_blocks,conj_grid,2,1,34,dist_class2,215.0,122.0
7,conjunction_blocks,conj_grid,2,1,35,targ_class1,323.0,104.0
7,conjunction_blocks,conj_grid,2,1,36,targ_class2,-328.0,221.0
7,conjunction_blocks,conj_grid,2,1,37,dist_class1,-225.0,214.0
7,conjunction_blocks,conj_grid,2,1,38,targ_class2,-111.0,208.0
7,conjunction_blocks,conj_grid,2,1,39,targ_class1,2.0,221.0
7,conjunction_blocks,conj_grid,2,1,40,targ_class1,108.0,231.0
7,conjunction_blocks,conj_grid,2,1,41,targ_class1,209.0,235.0
7,conjunction_blocks,conj_grid,2,1,42,targ_class1,327.0,217.0
7,conjunction_blocks,conj_grid,2,1,43,targ_class2,-327.0,323.0
7,conjunction_blocks,conj_grid,2,1,44,dist_class2,-220.0,313.0
7,conjunction_blocks,conj_grid,2,1,45,targ_class2,-94.0,325.0
7,conjunction_blocks,conj_grid,2,1,46,dist_class2,8.0,327.0
7,conjunction_blocks,conj_grid,2,1,47,targ_class2,91.0,339.0
7,conjunction_blocks,conj_grid,2,1,48,dist_class1,229.0,321.0
7,conjunction_blocks,conj_grid,2,1,49,targ_class1,332.0,328.0
7,conjunction_blocks,conj_grid,1,1,1,targ_class2,-320.0,-319.0
7,conjunction_blocks,conj_grid,1,1,2,targ_class1,-222.0,-311.0
7,conjunction_blocks,conj_grid,1,1,3,dist_class2,-121.0,-330.0
7,conjunction_blocks,conj_grid,1,1,4,dist_class2,-16.0,-316.0
7,conjunction_blocks,conj_grid,1,1,5,targ_class2,126.0,-337.0
7,conjunction_blocks,conj_grid,1,1,6,targ_class1,217.0,-324.0
7,conjunction_blocks,conj_grid,1,1,7,dist_class2,316.0,-316.0
7,conjunction_blocks,conj_grid,1,1,8,dist_class1,-317.0,-234.0
7,conjunction_blocks,conj_grid,1,1,9,targ_class1,-201.0,-199.0
7,conjunction_blocks,conj_grid,1,1,10,targ_class2,-119.0,-223.0
7,conjunction_blocks,conj_grid,1,1,11,dist_class1,-6.0,-221.0
7,conjunction_blocks,conj_grid,1,1,12,targ_class1,123.0,-213.0
7,conjunction_blocks,conj_grid,1,1,13,targ_class2,219.0,-216.0
7,conjunction_blocks,conj_grid,1,1,14,targ_class2,317.0,-213.0
7,conjunction_blocks,conj_grid,1,1,15,dist_class1,-329.0,-110.0
7,conjunction_blocks,conj_grid,1,1,16,dist_class2,-236.0,-115.0
7,conjunction_blocks,conj_grid,1,1,17,targ_class1,-119.0,-95.0
7,conjunction_blocks,conj_grid,1,1,18,targ_class1,-15.0,-117.0
7,conjunction_blocks,conj_grid,1,1,19,targ_class2,96.0,-106.0
7,conjunction_blocks,conj_grid,1,1,20,dist_class2,214.0,-115.0
7,conjunction_blocks,conj_grid,1,1,21,targ_class1,316.0,-115.0
7,conjunction_blocks,conj_grid,1,1,22,dist_class1,-335.0,-10.0
7,conjunction_blocks,conj_grid,1,1,23,targ_class1,-235.0,8.0
7,conjunction_blocks,conj_grid,1,1,24,dist_class1,-104.0,0.0
7,conjunction_blocks,conj_grid,1,1,25,dist_class1,-5.0,15.0
7,conjunction_blocks,conj_grid,1,1,26,targ_class2,105.0,12.0
7,conjunction_blocks,conj_grid,1,1,27,dist_class2,214.0,11.0
7,conjunction_blocks,conj_grid,1,1,28,dist_class2,333.0,-13.0
7,conjunction_blocks,conj_grid,1,1,29,dist_class2,-319.0,118.0
7,conjunction_blocks,conj_grid,1,1,30,dist_class2,-217.0,114.0
7,conjunction_blocks,conj_grid,1,1,31,targ_class2,-114.0,118.0
7,conjunction_blocks,conj_grid,1,1,32,dist_class2,25.0,110.0
7,conjunction_blocks,conj_grid,1,1,33,targ_class2,85.0,106.0
7,conjunction_blocks,conj_grid,1,1,34,dist_class1,230.0,90.0
7,conjunction_blocks,conj_grid,1,1,35,targ_class1,329.0,95.0
7,conjunction_blocks,conj_grid,1,1,36,dist_class2,-322.0,208.0
7,conjunction_blocks,conj_grid,1,1,37,dist_class1,-220.0,205.0
7,conjunction_blocks,conj_grid,1,1,38,dist_class1,-100.0,208.0
7,conjunction_blocks,conj_grid,1,1,39,targ_class1,1.0,208.0
7,conjunction_blocks,conj_grid,1,1,40,dist_class1,121.0,209.0
7,conjunction_blocks,conj_grid,1,1,41,dist_class1,218.0,220.0
7,conjunction_blocks,conj_grid,1,1,42,dist_class2,309.0,214.0
7,conjunction_blocks,conj_grid,1,1,43,dist_class1,-319.0,313.0
7,conjunction_blocks,conj_grid,1,1,44,targ_class2,-221.0,320.0
7,conjunction_blocks,conj_grid,1,1,45,targ_class2,-103.0,318.0
7,conjunction_blocks,conj_grid,1,1,46,targ_class1,12.0,327.0
7,conjunction_blocks,conj_grid,1,1,47,dist_class2,112.0,323.0
7,conjunction_blocks,conj_grid,1,1,48,targ_class1,220.0,320.0
7,conjunction_blocks,conj_grid,1,1,49,targ_class2,344.0,334.0
7,conjunction_blocks,conj_uni,4,1,1,targ_class1,128.0,-174.0
7,conjunction_blocks,conj_uni,4,1,2,dist_class1,182.0,-298.0
7,conjunction_blocks,conj_uni,4,1,3,targ_class2,-308.0,-117.0
7,conjunction_blocks,conj_uni,4,1,4,targ_class2,133.0,-90.0
7,conjunction_blocks,conj_uni,4,1,5,targ_class2,276.0,75.0
7,conjunction_blocks,conj_uni,4,1,6,dist_class2,54.0,119.0
7,conjunction_blocks,conj_uni,4,1,7,targ_class1,232.0,-146.0
7,conjunction_blocks,conj_uni,4,1,8,dist_class2,347.0,300.0
7,conjunction_blocks,conj_uni,4,1,9,targ_class2,260.0,242.0
7,conjunction_blocks,conj_uni,4,1,10,dist_class1,-66.0,-171.0
7,conjunction_blocks,conj_uni,4,1,11,dist_class1,-188.0,-160.0
7,conjunction_blocks,conj_uni,4,1,12,dist_class1,-17.0,-145.0
7,conjunction_blocks,conj_uni,4,1,13,dist_class1,223.0,-347.0
7,conjunction_blocks,conj_uni,4,1,14,targ_class2,34.0,-167.0
7,conjunction_blocks,conj_uni,4,1,15,targ_class2,-115.0,-198.0
7,conjunction_blocks,conj_uni,4,1,16,targ_class1,50.0,-349.0
7,conjunction_blocks,conj_uni,4,1,17,dist_class2,-168.0,-213.0
7,conjunction_blocks,conj_uni,4,1,18,targ_class1,222.0,333.0
7,conjunction_blocks,conj_uni,4,1,19,dist_class2,45.0,323.0
7,conjunction_blocks,conj_uni,4,1,20,targ_class2,-332.0,210.0
7,conjunction_blocks,conj_uni,4,1,21,dist_class1,-57.0,124.0
7,conjunction_blocks,conj_uni,4,1,22,dist_class2,243.0,-293.0
7,conjunction_blocks,conj_uni,4,1,23,dist_class2,347.0,-13.0
7,conjunction_blocks,conj_uni,4,1,24,targ_class1,-117.0,-137.0
7,conjunction_blocks,conj_uni,4,1,25,targ_class1,-262.0,-356.0
7,conjunction_blocks,conj_uni,4,1,26,dist_class1,152.0,138.0
7,conjunction_blocks,conj_uni,4,1,27,targ_class2,73.0,275.0
7,conjunction_blocks,conj_uni,4,1,28,targ_class2,-31.0,229.0
7,conjunction_blocks,conj_uni,4,1,29,dist_class2,-279.0,174.0
7,conjunction_blocks,conj_uni,4,1,30,targ_class2,-223.0,212.0
7,conjunction_blocks,conj_uni,4,1,31,dist_class2,255.0,-95.0
7,conjunction_blocks,conj_uni,4,1,32,dist_class2,-173.0,54.0
7,conjunction_blocks,conj_uni,4,1,33,dist_class2,-335.0,154.0
7,conjunction_blocks,conj_uni,4,1,34,targ_class1,-11.0,91.0
7,conjunction_blocks,conj_uni,4,1,35,targ_class1,-231.0,-100.0
7,conjunction_blocks,conj_uni,4,1,36,dist_class1,-9.0,337.0
7,conjunction_blocks,conj_uni,4,1,37,targ_class2,208.0,165.0
7,conjunction_blocks,conj_uni,4,1,38,dist_class1,-302.0,-173.0
7,conjunction_blocks,conj_uni,4,1,39,dist_class1,19.0,-102.0
7,conjunction_blocks,conj_uni,4,1,40,dist_class2,285.0,16.0
7,conjunction_blocks,conj_uni,4,1,41,dist_class1,-268.0,246.0
7,conjunction_blocks,conj_uni,4,1,42,dist_class2,-359.0,-143.0
7,conjunction_blocks,conj_uni,4,1,43,targ_class1,330.0,58.0
7,conjunction_blocks,conj_uni,4,1,44,targ_class1,81.0,-205.0
7,conjunction_blocks,conj_uni,4,1,45,targ_class1,184.0,-174.0
7,conjunction_blocks,conj_uni,4,1,46,targ_class1,-175.0,-105.0
7,conjunction_blocks,conj_uni,4,1,47,dist_class2,329.0,-130.0
7,conjunction_blocks,conj_uni,4,1,48,targ_class2,94.0,159.0
7,conjunction_blocks,conj_uni,4,1,49,dist_class1,-62.0,-274.0
7,conjunction_blocks,conj_rot,3,1,1,targ_class2,-18.0,-462.0
7,conjunction_blocks,conj_rot,3,1,2,targ_class1,90.0,-371.0
7,conjunction_blocks,conj_rot,3,1,3,dist_class1,163.0,-303.0
7,conjunction_blocks,conj_rot,3,1,4,dist_class1,214.0,-229.0
7,conjunction_blocks,conj_rot,3,1,5,dist_class2,307.0,-168.0
7,conjunction_blocks,conj_rot,3,1,6,targ_class1,372.0,-96.0
7,conjunction_blocks,conj_rot,3,1,7,targ_class1,467.0,17.0
7,conjunction_blocks,conj_rot,3,1,8,dist_class2,-67.0,-392.0
7,conjunction_blocks,conj_rot,3,1,9,targ_class2,20.0,-317.0
7,conjunction_blocks,conj_rot,3,1,10,dist_class2,81.0,-220.0
7,conjunction_blocks,conj_rot,3,1,11,dist_class1,154.0,-156.0
7,conjunction_blocks,conj_rot,3,1,12,dist_class2,217.0,-68.0
7,conjunction_blocks,conj_rot,3,1,13,targ_class1,303.0,8.0
7,conjunction_blocks,conj_rot,3,1,14,dist_class2,395.0,51.0
7,conjunction_blocks,conj_rot,3,1,15,targ_class2,-150.0,-311.0
7,conjunction_blocks,conj_rot,3,1,16,targ_class2,-57.0,-224.0
7,conjunction_blocks,conj_rot,3,1,17,dist_class1,-1.0,-142.0
7,conjunction_blocks,conj_rot,3,1,18,dist_class1,89.0,-71.0
7,conjunction_blocks,conj_rot,3,1,19,dist_class1,166.0,-16.0
7,conjunction_blocks,conj_rot,3,1,20,dist_class1,252.0,79.0
7,conjunction_blocks,conj_rot,3,1,21,dist_class1,288.0,151.0
7,conjunction_blocks,conj_rot,3,1,22,targ_class1,-218.0,-219.0
7,conjunction_blocks,conj_rot,3,1,23,targ_class2,-154.0,-137.0
7,conjunction_blocks,conj_rot,3,1,24,targ_class1,-74.0,-72.0
7,conjunction_blocks,conj_rot,3,1,25,targ_class2,10.0,-2.0
7,conjunction_blocks,conj_rot,3,1,26,targ_class1,75.0,91.0
7,conjunction_blocks,conj_rot,3,1,27,dist_class2,154.0,135.0
7,conjunction_blocks,conj_rot,3,1,28,dist_class1,214.0,239.0
7,conjunction_blocks,conj_rot,3,1,29,dist_class1,-293.0,-152.0
7,conjunction_blocks,conj_rot,3,1,30,targ_class1,-238.0,-78.0
7,conjunction_blocks,conj_rot,3,1,31,targ_class1,-159.0,-11.0
7,conjunction_blocks,conj_rot,3,1,32,dist_class2,-80.0,82.0
7,conjunction_blocks,conj_rot,3,1,33,targ_class1,6.0,172.0
7,conjunction_blocks,conj_rot,3,1,34,targ_class2,61.0,220.0
7,conjunction_blocks,conj_rot,3,1,35,targ_class1,162.0,300.0
7,conjunction_blocks,conj_rot,3,1,36,targ_class2,-377.0,-68.0
7,conjunction_blocks,conj_rot,3,1,37,targ_class2,-294.0,-22.0
7,conjunction_blocks,conj_rot,3,1,38,dist_class1,-223.0,77.0
7,conjunction_blocks,conj_rot,3,1,39,dist_class2,-136.0,149.0
7,conjunction_blocks,conj_rot,3,1,40,dist_class2,-65.0,217.0
7,conjunction_blocks,conj_rot,3,1,41,targ_class2,-5.0,328.0
7,conjunction_blocks,conj_rot,3,1,42,targ_class2,90.0,384.0
7,conjunction_blocks,conj_rot,3,1,43,dist_class1,-461.0,4.0
7,conjunction_blocks,conj_rot,3,1,44,dist_class2,-390.0,88.0
7,conjunction_blocks,conj_rot,3,1,45,dist_class2,-307.0,136.0
7,conjunction_blocks,conj_rot,3,1,46,targ_class1,-238.0,240.0
7,conjunction_blocks,conj_rot,3,1,47,targ_class2,-139.0,322.0
7,conjunction_blocks,conj_rot,3,1,48,dist_class2,-75.0,379.0
7,conjunction_blocks,conj_rot,3,1,49,dist_class2,-10.0,439.0
7,conjunction_blocks,conj_rot,4,1,1,targ_class1,9.0,-451.0
7,conjunction_blocks,conj_rot,4,1,2,dist_class1,77.0,-393.0
7,conjunction_blocks,conj_rot,4,1,3,dist_class1,141.0,-292.0
7,conjunction_blocks,conj_rot,4,1,4,dist_class1,218.0,-218.0
7,conjunction_blocks,conj_rot,4,1,5,dist_class1,310.0,-154.0
7,conjunction_blocks,conj_rot,4,1,6,dist_class2,397.0,-67.0
7,conjunction_blocks,conj_rot,4,1,7,targ_class1,453.0,3.0
7,conjunction_blocks,conj_rot,4,1,8,targ_class1,-71.0,-387.0
7,conjunction_blocks,conj_rot,4,1,9,dist_class1,-6.0,-295.0
7,conjunction_blocks,conj_rot,4,1,10,dist_class2,71.0,-210.0
7,conjunction_blocks,conj_rot,4,1,11,dist_class2,153.0,-165.0
7,conjunction_blocks,conj_rot,4,1,12,targ_class1,232.0,-73.0
7,conjunction_blocks,conj_rot,4,1,13,targ_class1,301.0,5.0
7,conjunction_blocks,conj_rot,4,1,14,targ_class1,367.0,84.0
7,conjunction_blocks,conj_rot,4,1,15,dist_class2,-146.0,-302.0
7,conjunction_blocks,conj_rot,4,1,16,dist_class2,-79.0,-220.0
7,conjunction_blocks,conj_rot,4,1,17,dist_class1,-1.0,-155.0
7,conjunction_blocks,conj_rot,4,1,18,dist_class2,83.0,-78.0
7,conjunction_blocks,conj_rot,4,1,19,targ_class2,143.0,-7.0
7,conjunction_blocks,conj_rot,4,1,20,targ_class1,222.0,65.0
7,conjunction_blocks,conj_rot,4,1,21,dist_class2,297.0,155.0
7,conjunction_blocks,conj_rot,4,1,22,dist_class2,-225.0,-225.0
7,conjunction_blocks,conj_rot,4,1,23,targ_class1,-141.0,-145.0
7,conjunction_blocks,conj_rot,4,1,24,dist_class2,-87.0,-89.0
7,conjunction_blocks,conj_rot,4,1,25,dist_class2,-5.0,-18.0
7,conjunction_blocks,conj_rot,4,1,26,targ_class2,78.0,81.0
7,conjunction_blocks,conj_rot,4,1,27,dist_class1,164.0,147.0
7,conjunction_blocks,conj_rot,4,1,28,targ_class1,232.0,249.0
7,conjunction_blocks,conj_rot,4,1,29,targ_class2,-298.0,-175.0
7,conjunction_blocks,conj_rot,4,1,30,dist_class1,-229.0,-68.0
7,conjunction_blocks,conj_rot,4,1,31,targ_class2,-143.0,5.0
7,conjunction_blocks,conj_rot,4,1,32,dist_class1,-66.0,73.0
7,conjunction_blocks,conj_rot,4,1,33,targ_class2,1.0,160.0
7,conjunction_blocks,conj_rot,4,1,34,targ_class2,81.0,223.0
7,conjunction_blocks,conj_rot,4,1,35,targ_class2,151.0,320.0
7,conjunction_blocks,conj_rot,4,1,36,targ_class1,-367.0,-54.0
7,conjunction_blocks,conj_rot,4,1,37,targ_class2,-307.0,17.0
7,conjunction_blocks,conj_rot,4,1,38,dist_class1,-227.0,82.0
7,conjunction_blocks,conj_rot,4,1,39,dist_class2,-152.0,160.0
7,conjunction_blocks,conj_rot,4,1,40,targ_class1,-62.0,244.0
7,conjunction_blocks,conj_rot,4,1,41,dist_class2,-3.0,295.0
7,conjunction_blocks,conj_rot,4,1,42,targ_class1,63.0,384.0
7,conjunction_blocks,conj_rot,4,1,43,targ_class2,-461.0,0.0
7,conjunction_blocks,conj_rot,4,1,44,dist_class1,-394.0,72.0
7,conjunction_blocks,conj_rot,4,1,45,dist_class1,-297.0,170.0
7,conjunction_blocks,conj_rot,4,1,46,targ_class2,-239.0,238.0
7,conjunction_blocks,conj_rot,4,1,47,targ_class2,-155.0,292.0
7,conjunction_blocks,conj_rot,4,1,48,targ_class2,-106.0,386.0
7,conjunction_blocks,conj_rot,4,1,49,dist_class2,-7.0,443.0
7,conjunction_blocks,conj_uni,3,1,1,dist_class2,-107.0,88.0
7,conjunction_blocks,conj_uni,3,1,2,dist_class1,-77.0,25.0
7,conjunction_blocks,conj_uni,3,1,3,targ_class2,74.0,-319.0
7,conjunction_blocks,conj_uni,3,1,4,targ_class1,256.0,113.0
7,conjunction_blocks,conj_uni,3,1,5,targ_class1,-66.0,162.0
7,conjunction_blocks,conj_uni,3,1,6,targ_class2,-166.0,269.0
7,conjunction_blocks,conj_uni,3,1,7,targ_class1,-20.0,323.0
7,conjunction_blocks,conj_uni,3,1,8,targ_class2,-326.0,314.0
7,conjunction_blocks,conj_uni,3,1,9,dist_class1,-173.0,-106.0
7,conjunction_blocks,conj_uni,3,1,10,dist_class2,126.0,260.0
7,conjunction_blocks,conj_uni,3,1,11,dist_class2,172.0,155.0
7,conjunction_blocks,conj_uni,3,1,12,targ_class1,-54.0,271.0
7,conjunction_blocks,conj_uni,3,1,13,targ_class2,29.0,147.0
7,conjunction_blocks,conj_uni,3,1,14,targ_class1,-141.0,-279.0
7,conjunction_blocks,conj_uni,3,1,15,dist_class2,92.0,22.0
7,conjunction_blocks,conj_uni,3,1,16,dist_class2,-39.0,-332.0
7,conjunction_blocks,conj_uni,3,1,17,dist_class2,182.0,-364.0
7,conjunction_blocks,conj_uni,3,1,18,dist_class1,-42.0,-254.0
7,conjunction_blocks,conj_uni,3,1,19,targ_class2,116.0,-355.0
7,conjunction_blocks,conj_uni,3,1,20,targ_class2,-84.0,-32.0
7,conjunction_blocks,conj_uni,3,1,21,dist_class1,245.0,-37.0
7,conjunction_blocks,conj_uni,3,1,22,dist_class2,269.0,241.0
7,conjunction_blocks,conj_uni,3,1,23,dist_class1,64.0,-55.0
7,conjunction_blocks,conj_uni,3,1,24,dist_class2,-10.0,106.0
7,conjunction_blocks,conj_uni,3,1,25,targ_class2,-6.0,-202.0
7,conjunction_blocks,conj_uni,3,1,26,dist_class2,248.0,-248.0
7,conjunction_blocks,conj_uni,3,1,27,dist_class1,-166.0,209.0
7,conjunction_blocks,conj_uni,3,1,28,targ_class2,269.0,-88.0
7,conjunction_blocks,conj_uni,3,1,29,targ_class1,-287.0,-113.0
7,conjunction_blocks,conj_uni,3,1,30,targ_class2,-329.0,-76.0
7,conjunction_blocks,conj_uni,3,1,31,dist_class2,33.0,251.0
7,conjunction_blocks,conj_uni,3,1,32,targ_class1,-134.0,19.0
7,conjunction_blocks,conj_uni,3,1,33,dist_class2,-213.0,238.0
7,conjunction_blocks,conj_uni,3,1,34,dist_class1,162.0,-247.0
7,conjunction_blocks,conj_uni,3,1,35,targ_class2,175.0,232.0
7,conjunction_blocks,conj_uni,3,1,36,targ_class1,-257.0,114.0
7,conjunction_blocks,conj_uni,3,1,37,dist_class1,138.0,315.0
7,conjunction_blocks,conj_uni,3,1,38,targ_class2,-110.0,208.0
7,conjunction_blocks,conj_uni,3,1,39,dist_class1,-146.0,-341.0
7,conjunction_blocks,conj_uni,3,1,40,dist_class1,-338.0,-352.0
7,conjunction_blocks,conj_uni,3,1,41,targ_class1,210.0,-303.0
7,conjunction_blocks,conj_uni,3,1,42,targ_class2,152.0,-312.0
7,conjunction_blocks,conj_uni,3,1,43,targ_class1,319.0,-167.0
7,conjunction_blocks,conj_uni,3,1,44,dist_class2,326.0,-315.0
7,conjunction_blocks,conj_uni,3,1,45,dist_class2,-110.0,265.0
7,conjunction_blocks,conj_uni,3,1,46,dist_class1,-93.0,-310.0
7,conjunction_blocks,conj_uni,3,1,47,targ_class1,-277.0,45.0
7,conjunction_blocks,conj_uni,3,1,48,dist_class1,215.0,-102.0
7,conjunction_blocks,conj_uni,3,1,49,targ_class1,-273.0,206.0
7,conjunction_blocks,conj_uni,1,1,1,targ_class1,-252.0,-240.0
7,conjunction_blocks,conj_uni,1,1,2,dist_class1,290.0,138.0
7,conjunction_blocks,conj_uni,1,1,3,dist_class1,184.0,304.0
7,conjunction_blocks,conj_uni,1,1,4,targ_class1,200.0,-206.0
7,conjunction_blocks,conj_uni,1,1,5,dist_class2,167.0,-22.0
7,conjunction_blocks,conj_uni,1,1,6,dist_class2,-270.0,-157.0
7,conjunction_blocks,conj_uni,1,1,7,targ_class1,-169.0,-295.0
7,conjunction_blocks,conj_uni,1,1,8,dist_class2,281.0,35.0
7,conjunction_blocks,conj_uni,1,1,9,dist_class2,337.0,-186.0
7,conjunction_blocks,conj_uni,1,1,10,dist_class1,-219.0,-14.0
7,conjunction_blocks,conj_uni,1,1,11,dist_class2,11.0,74.0
7,conjunction_blocks,conj_uni,1,1,12,dist_class2,267.0,-274.0
7,conjunction_blocks,conj_uni,1,1,13,dist_class2,-24.0,-23.0
7,conjunction_blocks,conj_uni,1,1,14,dist_class1,33.0,212.0
7,conjunction_blocks,conj_uni,1,1,15,targ_class2,308.0,-355.0
7,conjunction_blocks,conj_uni,1,1,16,targ_class2,-43.0,-289.0
7,conjunction_blocks,conj_uni,1,1,17,dist_class1,25.0,267.0
7,conjunction_blocks,conj_uni,1,1,18,targ_class2,-249.0,276.0
7,conjunction_blocks,conj_uni,1,1,19,dist_class1,-220.0,346.0
7,conjunction_blocks,conj_uni,1,1,20,targ_class2,34.0,322.0
7,conjunction_blocks,conj_uni,1,1,21,targ_class1,61.0,-113.0
7,conjunction_blocks,conj_uni,1,1,22,targ_class2,120.0,18.0
7,conjunction_blocks,conj_uni,1,1,23,dist_class2,-206.0,199.0
7,conjunction_blocks,conj_uni,1,1,24,targ_class1,-65.0,221.0
7,conjunction_blocks,conj_uni,1,1,25,targ_class1,-54.0,140.0
7,conjunction_blocks,conj_uni,1,1,26,targ_class2,244.0,247.0
7,conjunction_blocks,conj_uni,1,1,27,targ_class1,173.0,38.0
7,conjunction_blocks,conj_uni,1,1,28,dist_class2,-31.0,273.0
7,conjunction_blocks,conj_uni,1,1,29,targ_class2,-6.0,-245.0
7,conjunction_blocks,conj_uni,1,1,30,targ_class1,-317.0,-193.0
7,conjunction_blocks,conj_uni,1,1,31,dist_class1,53.0,-57.0
7,conjunction_blocks,conj_uni,1,1,32,dist_class2,334.0,70.0
7,conjunction_blocks,conj_uni,1,1,33,targ_class1,255.0,-334.0
7,conjunction_blocks,conj_uni,1,1,34,dist_class2,103.0,-150.0
7,conjunction_blocks,conj_uni,1,1,35,targ_class2,109.0,212.0
7,conjunction_blocks,conj_uni,1,1,36,targ_class2,59.0,45.0
7,conjunction_blocks,conj_uni,1,1,37,targ_class2,-185.0,-349.0
7,conjunction_blocks,conj_uni,1,1,38,dist_class1,-134.0,-68.0
7,conjunction_blocks,conj_uni,1,1,39,dist_class2,21.0,-197.0
7,conjunction_blocks,conj_uni,1,1,40,targ_class2,-89.0,273.0
7,conjunction_blocks,conj_uni,1,1,41,targ_class2,316.0,-299.0
7,conjunction_blocks,conj_uni,1,1,42,dist_class1,-184.0,-203.0
7,conjunction_blocks,conj_uni,1,1,43,targ_class1,-180.0,276.0
7,conjunction_blocks,conj_uni,1,1,44,dist_class1,359.0,-262.0
7,conjunction_blocks,conj_uni,1,1,45,targ_class1,-172.0,-112.0
7,conjunction_blocks,conj_uni,1,1,46,dist_class1,-227.0,-97.0
7,conjunction_blocks,conj_uni,1,1,47,dist_class2,101.0,-205.0
7,conjunction_blocks,conj_uni,1,1,48,dist_class1,-158.0,158.0
7,conjunction_blocks,conj_uni,1,1,49,targ_class1,-275.0,332.0
7,conjunction_blocks,conj_uni,0,1,1,dist_class2,160.0,-354.0
7,conjunction_blocks,conj_uni,0,1,2,targ_class1,-206.0,-151.0
7,conjunction_blocks,conj_uni,0,1,3,dist_class1,-357.0,250.0
7,conjunction_blocks,conj_uni,0,1,4,targ_class1,-350.0,-238.0
7,conjunction_blocks,conj_uni,0,1,5,dist_class2,-188.0,-45.0
7,conjunction_blocks,conj_uni,0,1,6,dist_class2,346.0,7.0
7,conjunction_blocks,conj_uni,0,1,7,dist_class1,88.0,179.0
7,conjunction_blocks,conj_uni,0,1,8,dist_class1,143.0,45.0
7,conjunction_blocks,conj_uni,0,1,9,targ_class2,-47.0,-349.0
7,conjunction_blocks,conj_uni,0,1,10,targ_class2,-266.0,-101.0
7,conjunction_blocks,conj_uni,0,1,11,targ_class2,-251.0,-346.0
7,conjunction_blocks,conj_uni,0,1,12,dist_class1,-337.0,-183.0
7,conjunction_blocks,conj_uni,0,1,13,targ_class2,321.0,-52.0
7,conjunction_blocks,conj_uni,0,1,14,dist_class1,-103.0,271.0
7,conjunction_blocks,conj_uni,0,1,15,targ_class1,-134.0,-312.0
7,conjunction_blocks,conj_uni,0,1,16,dist_class2,196.0,-53.0
7,conjunction_blocks,conj_uni,0,1,17,dist_class2,-195.0,160.0
7,conjunction_blocks,conj_uni,0,1,18,dist_class2,-77.0,-153.0
7,conjunction_blocks,conj_uni,0,1,19,targ_class2,-188.0,-353.0
7,conjunction_blocks,conj_uni,0,1,20,dist_class1,-339.0,-122.0
7,conjunction_blocks,conj_uni,0,1,21,dist_class1,235.0,193.0
7,conjunction_blocks,conj_uni,0,1,22,targ_class2,-49.0,-293.0
7,conjunction_blocks,conj_uni,0,1,23,targ_class1,-181.0,106.0
7,conjunction_blocks,conj_uni,0,1,24,dist_class2,114.0,-117.0
7,conjunction_blocks,conj_uni,0,1,25,targ_class1,27.0,-23.0
7,conjunction_blocks,conj_uni,0,1,26,dist_class2,237.0,-330.0
7,conjunction_blocks,conj_uni,0,1,27,targ_class2,278.0,-97.0
7,conjunction_blocks,conj_uni,0,1,28,dist_class2,115.0,-186.0
7,conjunction_blocks,conj_uni,0,1,29,targ_class1,46.0,-213.0
7,conjunction_blocks,conj_uni,0,1,30,dist_class1,165.0,-160.0
7,conjunction_blocks,conj_uni,0,1,31,targ_class1,-335.0,-66.0
7,conjunction_blocks,conj_uni,0,1,32,dist_class2,-16.0,163.0
7,conjunction_blocks,conj_uni,0,1,33,targ_class2,-213.0,-260.0
7,conjunction_blocks,conj_uni,0,1,34,targ_class2,-185.0,343.0
7,conjunction_blocks,conj_uni,0,1,35,targ_class1,1.0,222.0
7,conjunction_blocks,conj_uni,0,1,36,dist_class2,183.0,-107.0
7,conjunction_blocks,conj_uni,0,1,37,targ_class1,289.0,178.0
7,conjunction_blocks,conj_uni,0,1,38,targ_class1,-285.0,149.0
7,conjunction_blocks,conj_uni,0,1,39,targ_class2,31.0,128.0
7,conjunction_blocks,conj_uni,0,1,40,targ_class2,-255.0,-194.0
7,conjunction_blocks,conj_uni,0,1,41,targ_class2,-291.0,-150.0
7,conjunction_blocks,conj_uni,0,1,42,dist_class1,-278.0,-46.0
7,conjunction_blocks,conj_uni,0,1,43,dist_class1,-138.0,211.0
7,conjunction_blocks,conj_uni,0,1,44,dist_class1,-325.0,189.0
7,conjunction_blocks,conj_uni,0,1,45,dist_class2,85.0,310.0
7,conjunction_blocks,conj_uni,0,1,46,targ_class1,-211.0,-96.0
7,conjunction_blocks,conj_uni,0,1,47,dist_class2,190.0,301.0
7,conjunction_blocks,conj_uni,0,1,48,targ_class1,325.0,330.0
7,conjunction_blocks,conj_uni,0,1,49,dist_class1,-91.0,-48.0
7,conjunction_blocks,conj_uni,2,1,1,targ_class2,-7.0,-335.0
7,conjunction_blocks,conj_uni,2,1,2,dist_class2,335.0,269.0
7,conjunction_blocks,conj_uni,2,1,3,dist_class2,-200.0,-161.0
7,conjunction_blocks,conj_uni,2,1,4,dist_class2,38.0,228.0
7,conjunction_blocks,conj_uni,2,1,5,dist_class1,-364.0,-336.0
7,conjunction_blocks,conj_uni,2,1,6,dist_class1,-63.0,275.0
7,conjunction_blocks,conj_uni,2,1,7,targ_class2,-148.0,-140.0
7,conjunction_blocks,conj_uni,2,1,8,targ_class1,283.0,-91.0
7,conjunction_blocks,conj_uni,2,1,9,targ_class2,-254.0,129.0
7,conjunction_blocks,conj_uni,2,1,10,dist_class1,-175.0,-288.0
7,conjunction_blocks,conj_uni,2,1,11,dist_class2,-308.0,-343.0
7,conjunction_blocks,conj_uni,2,1,12,targ_class2,47.0,-124.0
7,conjunction_blocks,conj_uni,2,1,13,targ_class2,-193.0,66.0
7,conjunction_blocks,conj_uni,2,1,14,dist_class2,-115.0,-329.0
7,conjunction_blocks,conj_uni,2,1,15,targ_class1,271.0,240.0
7,conjunction_blocks,conj_uni,2,1,16,targ_class1,39.0,318.0
7,conjunction_blocks,conj_uni,2,1,17,targ_class2,-136.0,193.0
7,conjunction_blocks,conj_uni,2,1,18,dist_class2,-245.0,325.0
7,conjunction_blocks,conj_uni,2,1,19,targ_class2,-216.0,-350.0
7,conjunction_blocks,conj_uni,2,1,20,dist_class1,320.0,-148.0
7,conjunction_blocks,conj_uni,2,1,21,targ_class2,-287.0,-56.0
7,conjunction_blocks,conj_uni,2,1,22,targ_class1,349.0,-241.0
7,conjunction_blocks,conj_uni,2,1,23,targ_class1,-82.0,-221.0
7,conjunction_blocks,conj_uni,2,1,24,targ_class1,294.0,110.0
7,conjunction_blocks,conj_uni,2,1,25,targ_class2,-26.0,29.0
7,conjunction_blocks,conj_uni,2,1,26,dist_class1,229.0,101.0
7,conjunction_blocks,conj_uni,2,1,27,targ_class2,-344.0,114.0
7,conjunction_blocks,conj_uni,2,1,28,targ_class1,171.0,-98.0
7,conjunction_blocks,conj_uni,2,1,29,dist_class1,-248.0,57.0
7,conjunction_blocks,conj_uni,2,1,30,targ_class1,172.0,32.0
7,conjunction_blocks,conj_uni,2,1,31,targ_class2,-176.0,6.0
7,conjunction_blocks,conj_uni,2,1,32,dist_class1,275.0,-351.0
7,conjunction_blocks,conj_uni,2,1,33,dist_class1,-295.0,89.0
7,conjunction_blocks,conj_uni,2,1,34,dist_class2,309.0,-203.0
7,conjunction_blocks,conj_uni,2,1,35,dist_class2,141.0,234.0
7,conjunction_blocks,conj_uni,2,1,36,dist_class1,-359.0,-80.0
7,conjunction_blocks,conj_uni,2,1,37,dist_class2,-176.0,233.0
7,conjunction_blocks,conj_uni,2,1,38,dist_class2,227.0,-93.0
7,conjunction_blocks,conj_uni,2,1,39,dist_class1,-87.0,-90.0
7,conjunction_blocks,conj_uni,2,1,40,dist_class2,-14.0,246.0
7,conjunction_blocks,conj_uni,2,1,41,targ_class1,261.0,-37.0
7,conjunction_blocks,conj_uni,2,1,42,targ_class1,297.0,190.0
7,conjunction_blocks,conj_uni,2,1,43,dist_class2,243.0,340.0
7,conjunction_blocks,conj_uni,2,1,44,dist_class1,-244.0,-20.0
7,conjunction_blocks,conj_uni,2,1,45,targ_class1,104.0,-118.0
7,conjunction_blocks,conj_uni,2,1,46,targ_class1,-156.0,285.0
7,conjunction_blocks,conj_uni,2,1,47,targ_class2,277.0,56.0
7,conjunction_blocks,conj_uni,2,1,48,dist_class1,-353.0,-22.0
7,conjunction_blocks,conj_uni,2,1,49,dist_class2,-313.0,-218.0
7,prac_feat,feat_grid,0,1,1,targ_class2,-326.0,-321.0
7,prac_feat,feat_grid,0,1,2,dist_class2,-223.0,-331.0
7,prac_feat,feat_grid,0,1,3,dist_class1,-109.0,-322.0
7,prac_feat,feat_grid,0,1,4,targ_class1,15.0,-309.0
7,prac_feat,feat_grid,0,1,5,dist_class2,102.0,-321.0
7,prac_feat,feat_grid,0,1,6,dist_class1,214.0,-325.0
7,prac_feat,feat_grid,0,1,7,dist_class2,332.0,-327.0
7,prac_feat,feat_grid,0,1,8,targ_class2,-331.0,-224.0
7,prac_feat,feat_grid,0,1,9,targ_class1,-227.0,-215.0
7,prac_feat,feat_grid,0,1,10,targ_class1,-106.0,-202.0
7,prac_feat,feat_grid,0,1,11,dist_class1,-2.0,-209.0
7,prac_feat,feat_grid,0,1,12,dist_class1,118.0,-215.0
7,prac_feat,feat_grid,0,1,13,targ_class2,212.0,-193.0
7,prac_feat,feat_grid,0,1,14,targ_class1,327.0,-233.0
7,prac_feat,feat_grid,0,1,15,targ_class2,-339.0,-106.0
7,prac_feat,feat_grid,0,1,16,targ_class1,-212.0,-110.0
7,prac_feat,feat_grid,0,1,17,dist_class1,-99.0,-116.0
7,prac_feat,feat_grid,0,1,18,targ_class1,-1.0,-119.0
7,prac_feat,feat_grid,0,1,19,targ_class1,100.0,-94.0
7,prac_feat,feat_grid,0,1,20,targ_class2,223.0,-109.0
7,prac_feat,feat_grid,0,1,21,targ_class2,323.0,-125.0
7,prac_feat,feat_grid,0,1,22,targ_class1,-339.0,5.0
7,prac_feat,feat_grid,0,1,23,targ_class2,-219.0,0.0
7,prac_feat,feat_grid,0,1,24,dist_class2,-111.0,1.0
7,prac_feat,feat_grid,0,1,25,targ_class1,11.0,-4.0
7,prac_feat,feat_grid,0,1,26,dist_class1,110.0,0.0
7,prac_feat,feat_grid,0,1,27,dist_class1,210.0,-2.0
7,prac_feat,feat_grid,0,1,28,dist_class1,314.0,5.0
7,prac_feat,feat_grid,0,1,29,dist_class2,-302.0,103.0
7,prac_feat,feat_grid,0,1,30,targ_class1,-206.0,94.0
7,prac_feat,feat_grid,0,1,31,targ_class2,-113.0,102.0
7,prac_feat,feat_grid,0,1,32,targ_class2,12.0,113.0
7,prac_feat,feat_grid,0,1,33,dist_class1,121.0,108.0
7,prac_feat,feat_grid,0,1,34,dist_class2,213.0,95.0
7,prac_feat,feat_grid,0,1,35,dist_class2,326.0,110.0
7,prac_feat,feat_grid,0,1,36,dist_class2,-327.0,212.0
7,prac_feat,feat_grid,0,1,37,targ_class1,-224.0,211.0
7,prac_feat,feat_grid,0,1,38,targ_class1,-108.0,223.0
7,prac_feat,feat_grid,0,1,39,targ_class2,2.0,217.0
7,prac_feat,feat_grid,0,1,40,targ_class2,109.0,242.0
7,prac_feat,feat_grid,0,1,41,targ_class2,229.0,211.0
7,prac_feat,feat_grid,0,1,42,dist_class2,319.0,223.0
7,prac_feat,feat_grid,0,1,43,dist_class1,-320.0,331.0
7,prac_feat,feat_grid,0,1,44,dist_class2,-234.0,327.0
7,prac_feat,feat_grid,0,1,45,dist_class1,-111.0,302.0
7,prac_feat,feat_grid,0,1,46,dist_class2,20.0,324.0
7,prac_feat,feat_grid,0,1,47,dist_class2,94.0,312.0
7,prac_feat,feat_grid,0,1,48,dist_class1,210.0,317.0
7,prac_feat,feat_grid,0,1,49,dist_class2,316.0,331.0
7,prac_feat,feat_grid,1,1,1,dist_class2,-331.0,-323.0
7,prac_feat,feat_grid,1,1,2,dist_class1,-224.0,-339.0
7,prac_feat,feat_grid,1,1,3,dist_class2,-119.0,-338.0
7,prac_feat,feat_grid,1,1,4,targ_class2,-17.0,-333.0
7,prac_feat,feat_grid,1,1,5,dist_class1,108.0,-323.0
7,prac_feat,feat_grid,1,1,6,targ_class1,231.0,-328.0
7,prac_feat,feat_grid,1,1,7,dist_class1,313.0,-328.0
7,prac_feat,feat_grid,1,1,8,targ_class1,-319.0,-202.0
7,prac_feat,feat_grid,1,1,9,dist_class1,-208.0,-223.0
7,prac_feat,feat_grid,1,1,10,targ_class2,-105.0,-226.0
7,prac_feat,feat_grid,1,1,11,targ_class2,-2.0,-245.0
7,prac_feat,feat_grid,1,1,12,targ_class1,102.0,-220.0
7,prac_feat,feat_grid,1,1,13,targ_class1,225.0,-227.0
7,prac_feat,feat_grid,1,1,14,dist_class2,326.0,-215.0
7,prac_feat,feat_grid,1,1,15,dist_class1,-320.0,-114.0
7,prac_feat,feat_grid,1,1,16,targ_class2,-212.0,-98.0
7,prac_feat,feat_grid,1,1,17,dist_class1,-119.0,-129.0
7,prac_feat,feat_grid,1,1,18,targ_class1,-6.0,-85.0
7,prac_feat,feat_grid,1,1,19,dist_class2,111.0,-94.0
7,prac_feat,feat_grid,1,1,20,dist_class2,220.0,-96.0
7,prac_feat,feat_grid,1,1,21,dist_class1,316.0,-110.0
7,prac_feat,feat_grid,1,1,22,dist_class2,-313.0,-1.0
7,prac_feat,feat_grid,1,1,23,targ_class1,-209.0,-6.0
7,prac_feat,feat_grid,1,1,24,dist_class2,-107.0,-4.0
7,prac_feat,feat_grid,1,1,25,targ_class1,8.0,1.0
7,prac_feat,feat_grid,1,1,26,targ_class1,126.0,1.0
7,prac_feat,feat_grid,1,1,27,dist_class1,205.0,2.0
7,prac_feat,feat_grid,1,1,28,dist_class2,319.0,-2.0
7,prac_feat,feat_grid,1,1,29,dist_class1,-327.0,119.0
7,prac_feat,feat_grid,1,1,30,dist_class2,-205.0,123.0
7,prac_feat,feat_grid,1,1,31,targ_class2,-104.0,114.0
7,prac_feat,feat_grid,1,1,32,dist_class1,-1.0,105.0
7,prac_feat,feat_grid,1,1,33,targ_class2,105.0,88.0
7,prac_feat,feat_grid,1,1,34,dist_class2,202.0,112.0
7,prac_feat,feat_grid,1,1,35,dist_class2,321.0,102.0
7,prac_feat,feat_grid,1,1,36,targ_class2,-316.0,227.0
7,prac_feat,feat_grid,1,1,37,targ_class1,-218.0,208.0
7,prac_feat,feat_grid,1,1,38,targ_class1,-99.0,206.0
7,prac_feat,feat_grid,1,1,39,targ_class1,1.0,213.0
7,prac_feat,feat_grid,1,1,40,dist_class1,102.0,212.0
7,prac_feat,feat_grid,1,1,41,dist_class1,208.0,213.0
7,prac_feat,feat_grid,1,1,42,targ_class1,314.0,220.0
7,prac_feat,feat_grid,1,1,43,targ_class2,-338.0,324.0
7,prac_feat,feat_grid,1,1,44,dist_class2,-220.0,322.0
7,prac_feat,feat_grid,1,1,45,targ_class2,-86.0,317.0
7,prac_feat,feat_grid,1,1,46,targ_class2,-15.0,315.0
7,prac_feat,feat_grid,1,1,47,dist_class2,108.0,318.0
7,prac_feat,feat_grid,1,1,48,targ_class2,215.0,327.0
7,prac_feat,feat_grid,1,1,49,targ_class2,329.0,334.0
7,feature_blocks,feat_grid,1,1,1,targ_class1,-318.0,-320.0
7,feature_blocks,feat_grid,1,1,2,dist_class1,-195.0,-312.0
7,feature_blocks,feat_grid,1,1,3,targ_class2,-110.0,-316.0
7,feature_blocks,feat_grid,1,1,4,targ_class1,-7.0,-326.0
7,feature_blocks,feat_grid,1,1,5,dist_class1,113.0,-340.0
7,feature_blocks,feat_grid,1,1,6,dist_class2,228.0,-333.0
7,feature_blocks,feat_grid,1,1,7,targ_class1,323.0,-321.0
7,feature_blocks,feat_grid,1,1,8,targ_class2,-313.0,-219.0
7,feature_blocks,feat_grid,1,1,9,targ_class2,-209.0,-220.0
7,feature_blocks,feat_grid,1,1,10,dist_class2,-132.0,-223.0
7,feature_blocks,feat_grid,1,1,11,dist_class2,11.0,-213.0
7,feature_blocks,feat_grid,1,1,12,targ_class1,108.0,-241.0
7,feature_blocks,feat_grid,1,1,13,targ_class2,224.0,-219.0
7,feature_blocks,feat_grid,1,1,14,targ_class1,339.0,-216.0
7,feature_blocks,feat_grid,1,1,15,targ_class1,-318.0,-100.0
7,feature_blocks,feat_grid,1,1,16,dist_class2,-229.0,-111.0
7,feature_blocks,feat_grid,1,1,17,dist_class1,-101.0,-122.0
7,feature_blocks,feat_grid,1,1,18,targ_class1,2.0,-114.0
7,feature_blocks,feat_grid,1,1,19,dist_class1,139.0,-102.0
7,feature_blocks,feat_grid,1,1,20,dist_class2,228.0,-119.0
7,feature_blocks,feat_grid,1,1,21,targ_class2,302.0,-111.0
7,feature_blocks,feat_grid,1,1,22,dist_class1,-329.0,12.0
7,feature_blocks,feat_grid,1,1,23,dist_class1,-222.0,-24.0
7,feature_blocks,feat_grid,1,1,24,dist_class2,-118.0,19.0
7,feature_blocks,feat_grid,1,1,25,dist_class1,-10.0,0.0
7,feature_blocks,feat_grid,1,1,26,targ_class2,89.0,7.0
7,feature_blocks,feat_grid,1,1,27,targ_class1,217.0,15.0
7,feature_blocks,feat_grid,1,1,28,dist_class1,325.0,-6.0
7,feature_blocks,feat_grid,1,1,29,dist_class1,-332.0,88.0
7,feature_blocks,feat_grid,1,1,30,targ_class1,-221.0,95.0
7,feature_blocks,feat_grid,1,1,31,dist_class2,-117.0,102.0
7,feature_blocks,feat_grid,1,1,32,dist_class2,5.0,107.0
7,feature_blocks,feat_grid,1,1,33,targ_class1,118.0,118.0
7,feature_blocks,feat_grid,1,1,34,dist_class1,217.0,111.0
7,feature_blocks,feat_grid,1,1,35,targ_class2,322.0,96.0
7,feature_blocks,feat_grid,1,1,36,dist_class1,-343.0,207.0
7,feature_blocks,feat_grid,1,1,37,targ_class2,-229.0,221.0
7,feature_blocks,feat_grid,1,1,38,targ_class1,-110.0,219.0
7,feature_blocks,feat_grid,1,1,39,targ_class2,7.0,210.0
7,feature_blocks,feat_grid,1,1,40,dist_class2,89.0,204.0
7,feature_blocks,feat_grid,1,1,41,dist_class1,200.0,223.0
7,feature_blocks,feat_grid,1,1,42,targ_class2,320.0,205.0
7,feature_blocks,feat_grid,1,1,43,dist_class2,-326.0,315.0
7,feature_blocks,feat_grid,1,1,44,dist_class2,-232.0,309.0
7,feature_blocks,feat_grid,1,1,45,targ_class1,-102.0,335.0
7,feature_blocks,feat_grid,1,1,46,targ_class2,6.0,325.0
7,feature_blocks,feat_grid,1,1,47,targ_class2,124.0,307.0
7,feature_blocks,feat_grid,1,1,48,dist_class2,198.0,296.0
7,feature_blocks,feat_grid,1,1,49,dist_class2,318.0,336.0
7,feature_blocks,feat_rot,2,1,1,dist_class1,10.0,-448.0
7,feature_blocks,feat_rot,2,1,2,dist_class1,77.0,-369.0
7,feature_blocks,feat_rot,2,1,3,dist_class1,149.0,-301.0
7,feature_blocks,feat_rot,2,1,4,targ_class1,219.0,-228.0
7,feature_blocks,feat_rot,2,1,5,dist_class2,306.0,-161.0
7,feature_blocks,feat_rot,2,1,6,targ_class1,369.0,-83.0
7,feature_blocks,feat_rot,2,1,7,targ_class2,452.0,2.0
7,feature_blocks,feat_rot,2,1,8,dist_class1,-79.0,-394.0
7,feature_blocks,feat_rot,2,1,9,targ_class1,11.0,-286.0
7,feature_blocks,feat_rot,2,1,10,targ_class1,55.0,-224.0
7,feature_blocks,feat_rot,2,1,11,dist_class1,144.0,-168.0
7,feature_blocks,feat_rot,2,1,12,dist_class2,234.0,-72.0
7,feature_blocks,feat_rot,2,1,13,dist_class1,295.0,-6.0
7,feature_blocks,feat_rot,2,1,14,dist_class2,380.0,79.0
7,feature_blocks,feat_rot,2,1,15,targ_class2,-168.0,-314.0
7,feature_blocks,feat_rot,2,1,16,targ_class2,-93.0,-234.0
7,feature_blocks,feat_rot,2,1,17,targ_class2,16.0,-143.0
7,feature_blocks,feat_rot,2,1,18,dist_class2,60.0,-85.0
7,feature_blocks,feat_rot,2,1,19,targ_class1,140.0,1.0
7,feature_blocks,feat_rot,2,1,20,dist_class2,233.0,75.0
7,feature_blocks,feat_rot,2,1,21,targ_class2,292.0,156.0
7,feature_blocks,feat_rot,2,1,22,dist_class1,-229.0,-224.0
7,feature_blocks,feat_rot,2,1,23,dist_class2,-166.0,-151.0
7,feature_blocks,feat_rot,2,1,24,dist_class2,-112.0,-63.0
7,feature_blocks,feat_rot,2,1,25,dist_class1,1.0,19.0
7,feature_blocks,feat_rot,2,1,26,targ_class2,70.0,79.0
7,feature_blocks,feat_rot,2,1,27,targ_class1,161.0,135.0
7,feature_blocks,feat_rot,2,1,28,dist_class2,236.0,244.0
7,feature_blocks,feat_rot,2,1,29,targ_class1,-294.0,-161.0
7,feature_blocks,feat_rot,2,1,30,targ_class1,-214.0,-69.0
7,feature_blocks,feat_rot,2,1,31,targ_class1,-144.0,13.0
7,feature_blocks,feat_rot,2,1,32,dist_class2,-93.0,88.0
7,feature_blocks,feat_rot,2,1,33,dist_class2,7.0,138.0
7,feature_blocks,feat_rot,2,1,34,targ_class2,80.0,217.0
7,feature_blocks,feat_rot,2,1,35,targ_class1,165.0,304.0
7,feature_blocks,feat_rot,2,1,36,dist_class2,-369.0,-67.0
7,feature_blocks,feat_rot,2,1,37,targ_class1,-303.0,-14.0
7,feature_blocks,feat_rot,2,1,38,dist_class1,-233.0,94.0
7,feature_blocks,feat_rot,2,1,39,targ_class2,-144.0,170.0
7,feature_blocks,feat_rot,2,1,40,dist_class1,-49.0,207.0
7,feature_blocks,feat_rot,2,1,41,dist_class1,7.0,322.0
7,feature_blocks,feat_rot,2,1,42,targ_class2,73.0,385.0
7,feature_blocks,feat_rot,2,1,43,targ_class2,-453.0,10.0
7,feature_blocks,feat_rot,2,1,44,targ_class2,-358.0,72.0
7,feature_blocks,feat_rot,2,1,45,dist_class1,-312.0,151.0
7,feature_blocks,feat_rot,2,1,46,targ_class2,-241.0,232.0
7,feature_blocks,feat_rot,2,1,47,dist_class2,-145.0,304.0
7,feature_blocks,feat_rot,2,1,48,dist_class2,-84.0,385.0
7,feature_blocks,feat_rot,2,1,49,targ_class1,1.0,469.0
7,feature_blocks,feat_rot,0,1,1,targ_class1,-4.0,-449.0
7,feature_blocks,feat_rot,0,1,2,targ_class2,86.0,-382.0
7,feature_blocks,feat_rot,0,1,3,dist_class2,139.0,-307.0
7,feature_blocks,feat_rot,0,1,4,dist_class2,230.0,-228.0
7,feature_blocks,feat_rot,0,1,5,targ_class1,323.0,-164.0
7,feature_blocks,feat_rot,0,1,6,dist_class1,400.0,-91.0
7,feature_blocks,feat_rot,0,1,7,targ_class2,467.0,27.0
7,feature_blocks,feat_rot,0,1,8,targ_class2,-84.0,-378.0
7,feature_blocks,feat_rot,0,1,9,targ_class2,3.0,-296.0
7,feature_blocks,feat_rot,0,1,10,dist_class2,77.0,-236.0
7,feature_blocks,feat_rot,0,1,11,dist_class1,159.0,-149.0
7,feature_blocks,feat_rot,0,1,12,targ_class2,235.0,-89.0
7,feature_blocks,feat_rot,0,1,13,dist_class2,316.0,18.0
7,feature_blocks,feat_rot,0,1,14,dist_class1,387.0,73.0
7,feature_blocks,feat_rot,0,1,15,dist_class2,-147.0,-284.0
7,feature_blocks,feat_rot,0,1,16,targ_class1,-82.0,-217.0
7,feature_blocks,feat_rot,0,1,17,dist_class1,-7.0,-148.0
7,feature_blocks,feat_rot,0,1,18,targ_class1,84.0,-81.0
7,feature_blocks,feat_rot,0,1,19,dist_class2,156.0,7.0
7,feature_blocks,feat_rot,0,1,20,targ_class1,221.0,63.0
7,feature_blocks,feat_rot,0,1,21,targ_class2,307.0,140.0
7,feature_blocks,feat_rot,0,1,22,targ_class1,-198.0,-220.0
7,feature_blocks,feat_rot,0,1,23,dist_class1,-144.0,-169.0
7,feature_blocks,feat_rot,0,1,24,dist_class2,-82.0,-72.0
7,feature_blocks,feat_rot,0,1,25,dist_class1,-10.0,19.0
7,feature_blocks,feat_rot,0,1,26,targ_class1,88.0,91.0
7,feature_blocks,feat_rot,0,1,27,targ_class2,161.0,153.0
7,feature_blocks,feat_rot,0,1,28,dist_class2,224.0,221.0
7,feature_blocks,feat_rot,0,1,29,targ_class2,-304.0,-161.0
7,feature_blocks,feat_rot,0,1,30,targ_class2,-223.0,-84.0
7,feature_blocks,feat_rot,0,1,31,targ_class1,-150.0,6.0
7,feature_blocks,feat_rot,0,1,32,dist_class1,-66.0,66.0
7,feature_blocks,feat_rot,0,1,33,dist_class2,-10.0,155.0
7,feature_blocks,feat_rot,0,1,34,dist_class1,83.0,226.0
7,feature_blocks,feat_rot,0,1,35,targ_class1,134.0,309.0
7,feature_blocks,feat_rot,0,1,36,targ_class1,-380.0,-75.0
7,feature_blocks,feat_rot,0,1,37,targ_class2,-305.0,-7.0
7,feature_blocks,feat_rot,0,1,38,dist_class1,-235.0,74.0
7,feature_blocks,feat_rot,0,1,39,targ_class1,-160.0,147.0
7,feature_blocks,feat_rot,0,1,40,targ_class2,-59.0,226.0
7,feature_blocks,feat_rot,0,1,41,dist_class2,20.0,309.0
7,feature_blocks,feat_rot,0,1,42,dist_class2,75.0,389.0
7,feature_blocks,feat_rot,0,1,43,dist_class1,-448.0,-17.0
7,feature_blocks,feat_rot,0,1,44,targ_class2,-380.0,66.0
7,feature_blocks,feat_rot,0,1,45,dist_class1,-302.0,156.0
7,feature_blocks,feat_rot,0,1,46,dist_class2,-218.0,218.0
7,feature_blocks,feat_rot,0,1,47,targ_class1,-137.0,300.0
7,feature_blocks,feat_rot,0,1,48,dist_class1,-77.0,387.0
7,feature_blocks,feat_rot,0,1,49,dist_class2,-1.0,468.0
7,feature_blocks,feat_uni,2,1,1,dist_class1,-215.0,-64.0
7,feature_blocks,feat_uni,2,1,2,dist_class1,284.0,-129.0
7,feature_blocks,feat_uni,2,1,3,dist_class2,93.0,204.0
7,feature_blocks,feat_uni,2,1,4,dist_class2,-149.0,-301.0
7,feature_blocks,feat_uni,2,1,5,targ_class1,-305.0,-324.0
7,feature_blocks,feat_uni,2,1,6,dist_class2,-243.0,42.0
7,feature_blocks,feat_uni,2,1,7,targ_class1,96.0,-199.0
7,feature_blocks,feat_uni,2,1,8,dist_class1,65.0,-90.0
7,feature_blocks,feat_uni,2,1,9,targ_class1,354.0,-76.0
7,feature_blocks,feat_uni,2,1,10,targ_class2,103.0,-306.0
7,feature_blocks,feat_uni,2,1,11,targ_class2,-187.0,33.0
7,feature_blocks,feat_uni,2,1,12,targ_class2,-121.0,-120.0
7,feature_blocks,feat_uni,2,1,13,targ_class2,-140.0,322.0
7,feature_blocks,feat_uni,2,1,14,targ_class2,-325.0,-377.0
7,feature_blocks,feat_uni,2,1,15,dist_class2,-157.0,-14.0
7,feature_blocks,feat_uni,2,1,16,dist_class1,-338.0,214.0
7,feature_blocks,feat_uni,2,1,17,dist_class2,158.0,-187.0
7,feature_blocks,feat_uni,2,1,18,targ_class2,337.0,-328.0
7,feature_blocks,feat_uni,2,1,19,targ_class2,285.0,-20.0
7,feature_blocks,feat_uni,2,1,20,dist_class1,-296.0,264.0
7,feature_blocks,feat_uni,2,1,21,targ_class2,229.0,-15.0
7,feature_blocks,feat_uni,2,1,22,targ_class1,129.0,21.0
7,feature_blocks,feat_uni,2,1,23,targ_class1,130.0,-138.0
7,feature_blocks,feat_uni,2,1,24,targ_class2,-175.0,103.0
7,feature_blocks,feat_uni,2,1,25,targ_class1,2.0,-199.0
7,feature_blocks,feat_uni,2,1,26,targ_class2,208.0,-119.0
7,feature_blocks,feat_uni,2,1,27,targ_class1,28.0,121.0
7,feature_blocks,feat_uni,2,1,28,targ_class2,-295.0,-269.0
7,feature_blocks,feat_uni,2,1,29,dist_class1,-147.0,-70.0
7,feature_blocks,feat_uni,2,1,30,dist_class1,183.0,-47.0
7,feature_blocks,feat_uni,2,1,31,targ_class1,353.0,-20.0
7,feature_blocks,feat_uni,2,1,32,dist_class2,150.0,98.0
7,feature_blocks,feat_uni,2,1,33,dist_class1,251.0,207.0
7,feature_blocks,feat_uni,2,1,34,targ_class2,-267.0,-43.0
7,feature_blocks,feat_uni,2,1,35,dist_class2,75.0,-146.0
7,feature_blocks,feat_uni,2,1,36,dist_class2,295.0,318.0
7,feature_blocks,feat_uni,2,1,37,dist_class2,-333.0,319.0
7,feature_blocks,feat_uni,2,1,38,dist_class2,-265.0,-138.0
7,feature_blocks,feat_uni,2,1,39,dist_class2,45.0,2.0
7,feature_blocks,feat_uni,2,1,40,targ_class1,-227.0,125.0
7,feature_blocks,feat_uni,2,1,41,dist_class1,-74.0,369.0
7,feature_blocks,feat_uni,2,1,42,dist_class2,-111.0,225.0
7,feature_blocks,feat_uni,2,1,43,dist_class1,-120.0,111.0
7,feature_blocks,feat_uni,2,1,44,dist_class2,3.0,-142.0
7,feature_blocks,feat_uni,2,1,45,targ_class1,-85.0,314.0
7,feature_blocks,feat_uni,2,1,46,dist_class1,279.0,256.0
7,feature_blocks,feat_uni,2,1,47,targ_class1,48.0,273.0
7,feature_blocks,feat_uni,2,1,48,dist_class1,3.0,-254.0
7,feature_blocks,feat_uni,2,1,49,targ_class1,-367.0,274.0
7,feature_blocks,feat_grid,2,1,1,dist_class1,-323.0,-315.0
7,feature_blocks,feat_grid,2,1,2,dist_class1,-219.0,-340.0
7,feature_blocks,feat_grid,2,1,3,dist_class2,-109.0,-321.0
7,feature_blocks,feat_grid,2,1,4,targ_class2,-5.0,-320.0
7,feature_blocks,feat_grid,2,1,5,targ_class2,105.0,-314.0
7,feature_blocks,feat_grid,2,1,6,dist_class2,230.0,-325.0
7,feature_blocks,feat_grid,2,1,7,targ_class1,337.0,-345.0
7,feature_blocks,feat_grid,2,1,8,dist_class1,-314.0,-227.0
7,feature_blocks,feat_grid,2,1,9,targ_class1,-198.0,-214.0
7,feature_blocks,feat_grid,2,1,10,targ_class2,-96.0,-225.0
7,feature_blocks,feat_grid,2,1,11,targ_class1,11.0,-210.0
7,feature_blocks,feat_grid,2,1,12,targ_class2,116.0,-225.0
7,feature_blocks,feat_grid,2,1,13,targ_class1,225.0,-211.0
7,feature_blocks,feat_grid,2,1,14,dist_class2,327.0,-214.0
7,feature_blocks,feat_grid,2,1,15,dist_class1,-336.0,-122.0
7,feature_blocks,feat_grid,2,1,16,targ_class1,-213.0,-105.0
7,feature_blocks,feat_grid,2,1,17,targ_class2,-113.0,-96.0
7,feature_blocks,feat_grid,2,1,18,dist_class2,6.0,-98.0
7,feature_blocks,feat_grid,2,1,19,dist_class1,116.0,-112.0
7,feature_blocks,feat_grid,2,1,20,targ_class2,225.0,-109.0
7,feature_blocks,feat_grid,2,1,21,targ_class2,330.0,-97.0
7,feature_blocks,feat_grid,2,1,22,targ_class1,-313.0,-3.0
7,feature_blocks,feat_grid,2,1,23,dist_class2,-239.0,15.0
7,feature_blocks,feat_grid,2,1,24,targ_class2,-110.0,8.0
7,feature_blocks,feat_grid,2,1,25,dist_class2,9.0,13.0
7,feature_blocks,feat_grid,2,1,26,dist_class1,108.0,2.0
7,feature_blocks,feat_grid,2,1,27,dist_class1,210.0,-4.0
7,feature_blocks,feat_grid,2,1,28,targ_class2,322.0,6.0
7,feature_blocks,feat_grid,2,1,29,targ_class1,-318.0,130.0
7,feature_blocks,feat_grid,2,1,30,targ_class2,-217.0,108.0
7,feature_blocks,feat_grid,2,1,31,dist_class2,-84.0,108.0
7,feature_blocks,feat_grid,2,1,32,targ_class1,7.0,113.0
7,feature_blocks,feat_grid,2,1,33,targ_class2,113.0,108.0
7,feature_blocks,feat_grid,2,1,34,dist_class1,215.0,116.0
7,feature_blocks,feat_grid,2,1,35,targ_class1,320.0,95.0
7,feature_blocks,feat_grid,2,1,36,dist_class2,-326.0,220.0
7,feature_blocks,feat_grid,2,1,37,targ_class1,-228.0,220.0
7,feature_blocks,feat_grid,2,1,38,dist_class2,-117.0,214.0
7,feature_blocks,feat_grid,2,1,39,dist_class1,8.0,210.0
7,feature_blocks,feat_grid,2,1,40,dist_class2,92.0,218.0
7,feature_blocks,feat_grid,2,1,41,dist_class1,203.0,216.0
7,feature_blocks,feat_grid,2,1,42,targ_class1,318.0,225.0
7,feature_blocks,feat_grid,2,1,43,dist_class1,-301.0,323.0
7,feature_blocks,feat_grid,2,1,44,dist_class2,-223.0,315.0
7,feature_blocks,feat_grid,2,1,45,targ_class1,-106.0,335.0
7,feature_blocks,feat_grid,2,1,46,dist_class1,-16.0,335.0
7,feature_blocks,feat_grid,2,1,47,dist_class2,109.0,323.0
7,feature_blocks,feat_grid,2,1,48,targ_class2,228.0,339.0
7,feature_blocks,feat_grid,2,1,49,dist_class2,323.0,318.0
7,feature_blocks,feat_uni,3,1,1,targ_class2,130.0,199.0
7,feature_blocks,feat_uni,3,1,2,dist_class1,-100.0,-155.0
7,feature_blocks,feat_uni,3,1,3,dist_class2,-112.0,-12.0
7,feature_blocks,feat_uni,3,1,4,dist_class1,179.0,-318.0
7,feature_blocks,feat_uni,3,1,5,targ_class2,263.0,268.0
7,feature_blocks,feat_uni,3,1,6,targ_class1,-348.0,297.0
7,feature_blocks,feat_uni,3,1,7,targ_class1,-246.0,60.0
7,feature_blocks,feat_uni,3,1,8,targ_class2,-167.0,312.0
7,feature_blocks,feat_uni,3,1,9,targ_class2,216.0,300.0
7,feature_blocks,feat_uni,3,1,10,targ_class1,162.0,289.0
7,feature_blocks,feat_uni,3,1,11,dist_class2,-129.0,-297.0
7,feature_blocks,feat_uni,3,1,12,dist_class2,-191.0,-317.0
7,feature_blocks,feat_uni,3,1,13,targ_class2,120.0,-217.0
7,feature_blocks,feat_uni,3,1,14,dist_class2,343.0,196.0
7,feature_blocks,feat_uni,3,1,15,dist_class2,330.0,103.0
7,feature_blocks,feat_uni,3,1,16,dist_class2,-71.0,94.0
7,feature_blocks,feat_uni,3,1,17,dist_class2,21.0,221.0
7,feature_blocks,feat_uni,3,1,18,targ_class2,44.0,42.0
7,feature_blocks,feat_uni,3,1,19,dist_class1,10.0,-153.0
7,feature_blocks,feat_uni,3,1,20,targ_class1,-338.0,-145.0
7,feature_blocks,feat_uni,3,1,21,targ_class2,-301.0,-81.0
7,feature_blocks,feat_uni,3,1,22,targ_class1,-176.0,-226.0
7,feature_blocks,feat_uni,3,1,23,dist_class2,-81.0,335.0
7,feature_blocks,feat_uni,3,1,24,targ_class2,34.0,276.0
7,feature_blocks,feat_uni,3,1,25,targ_class1,-103.0,43.0
7,feature_blocks,feat_uni,3,1,26,dist_class1,-16.0,-3.0
7,feature_blocks,feat_uni,3,1,27,targ_class1,16.0,92.0
7,feature_blocks,feat_uni,3,1,28,dist_class2,50.0,-321.0
7,feature_blocks,feat_uni,3,1,29,dist_class1,95.0,262.0
7,feature_blocks,feat_uni,3,1,30,dist_class1,-213.0,12.0
7,feature_blocks,feat_uni,3,1,31,dist_class2,-357.0,-92.0
7,feature_blocks,feat_uni,3,1,32,targ_class1,328.0,-51.0
7,feature_blocks,feat_uni,3,1,33,dist_class2,-70.0,-310.0
7,feature_blocks,feat_uni,3,1,34,targ_class1,292.0,220.0
7,feature_blocks,feat_uni,3,1,35,dist_class1,-8.0,342.0
7,feature_blocks,feat_uni,3,1,36,targ_class1,30.0,-213.0
7,feature_blocks,feat_uni,3,1,37,targ_class1,174.0,234.0
7,feature_blocks,feat_uni,3,1,38,dist_class1,339.0,-109.0
7,feature_blocks,feat_uni,3,1,39,dist_class1,-208.0,-174.0
7,feature_blocks,feat_uni,3,1,40,dist_class2,207.0,-256.0
7,feature_blocks,feat_uni,3,1,41,targ_class2,221.0,150.0
7,feature_blocks,feat_uni,3,1,42,targ_class2,-246.0,-131.0
7,feature_blocks,feat_uni,3,1,43,targ_class2,13.0,-51.0
7,feature_blocks,feat_uni,3,1,44,dist_class1,-40.0,297.0
7,feature_blocks,feat_uni,3,1,45,targ_class1,-186.0,62.0
7,feature_blocks,feat_uni,3,1,46,targ_class2,346.0,-171.0
7,feature_blocks,feat_uni,3,1,47,dist_class1,-41.0,241.0
7,feature_blocks,feat_uni,3,1,48,dist_class1,103.0,-10.0
7,feature_blocks,feat_uni,3,1,49,dist_class2,66.0,-147.0
7,feature_blocks,feat_grid,4,1,1,targ_class1,-340.0,-332.0
7,feature_blocks,feat_grid,4,1,2,dist_class1,-198.0,-310.0
7,feature_blocks,feat_grid,4,1,3,dist_class1,-98.0,-313.0
7,feature_blocks,feat_grid,4,1,4,targ_class2,-25.0,-317.0
7,feature_blocks,feat_grid,4,1,5,dist_class1,113.0,-315.0
7,feature_blocks,feat_grid,4,1,6,dist_class1,231.0,-314.0
7,feature_blocks,feat_grid,4,1,7,targ_class2,324.0,-315.0
7,feature_blocks,feat_grid,4,1,8,targ_class2,-344.0,-214.0
7,feature_blocks,feat_grid,4,1,9,dist_class2,-220.0,-208.0
7,feature_blocks,feat_grid,4,1,10,targ_class1,-109.0,-210.0
7,feature_blocks,feat_grid,4,1,11,targ_class2,-4.0,-211.0
7,feature_blocks,feat_grid,4,1,12,dist_class1,115.0,-222.0
7,feature_blocks,feat_grid,4,1,13,dist_class1,226.0,-224.0
7,feature_blocks,feat_grid,4,1,14,targ_class1,330.0,-211.0
7,feature_blocks,feat_grid,4,1,15,targ_class1,-311.0,-130.0
7,feature_blocks,feat_grid,4,1,16,dist_class2,-223.0,-132.0
7,feature_blocks,feat_grid,4,1,17,targ_class2,-107.0,-105.0
7,feature_blocks,feat_grid,4,1,18,targ_class2,4.0,-97.0
7,feature_blocks,feat_grid,4,1,19,targ_class1,91.0,-129.0
7,feature_blocks,feat_grid,4,1,20,dist_class2,218.0,-105.0
7,feature_blocks,feat_grid,4,1,21,dist_class2,341.0,-104.0
7,feature_blocks,feat_grid,4,1,22,dist_class1,-326.0,6.0
7,feature_blocks,feat_grid,4,1,23,dist_class2,-220.0,7.0
7,feature_blocks,feat_grid,4,1,24,dist_class1,-108.0,0.0
7,feature_blocks,feat_grid,4,1,25,targ_class1,3.0,-2.0
7,feature_blocks,feat_grid,4,1,26,targ_class1,105.0,-2.0
7,feature_blocks,feat_grid,4,1,27,targ_class2,222.0,-12.0
7,feature_blocks,feat_grid,4,1,28,dist_class2,323.0,-2.0
7,feature_blocks,feat_grid,4,1,29,dist_class2,-321.0,102.0
7,feature_blocks,feat_grid,4,1,30,targ_class2,-221.0,113.0
7,feature_blocks,feat_grid,4,1,31,dist_class1,-99.0,90.0
7,feature_blocks,feat_grid,4,1,32,targ_class1,9.0,124.0
7,feature_blocks,feat_grid,4,1,33,dist_class1,95.0,120.0
7,feature_blocks,feat_grid,4,1,34,dist_class2,232.0,100.0
7,feature_blocks,feat_grid,4,1,35,dist_class2,333.0,104.0
7,feature_blocks,feat_grid,4,1,36,dist_class2,-335.0,223.0
7,feature_blocks,feat_grid,4,1,37,dist_class1,-206.0,213.0
7,feature_blocks,feat_grid,4,1,38,dist_class2,-127.0,227.0
7,feature_blocks,feat_grid,4,1,39,targ_class2,-0.0,219.0
7,feature_blocks,feat_grid,4,1,40,targ_class2,102.0,220.0
7,feature_blocks,feat_grid,4,1,41,targ_class1,208.0,213.0
7,feature_blocks,feat_grid,4,1,42,targ_class1,315.0,197.0
7,feature_blocks,feat_grid,4,1,43,targ_class2,-335.0,330.0
7,feature_blocks,feat_grid,4,1,44,targ_class1,-210.0,331.0
7,feature_blocks,feat_grid,4,1,45,dist_class1,-116.0,334.0
7,feature_blocks,feat_grid,4,1,46,dist_class2,-16.0,320.0
7,feature_blocks,feat_grid,4,1,47,targ_class1,98.0,324.0
7,feature_blocks,feat_grid,4,1,48,targ_class2,220.0,320.0
7,feature_blocks,feat_grid,4,1,49,dist_class2,317.0,328.0
7,feature_blocks,feat_uni,1,1,1,dist_class2,290.0,356.0
7,feature_blocks,feat_uni,1,1,2,dist_class2,-79.0,127.0
7,feature_blocks,feat_uni,1,1,3,dist_class2,-126.0,-132.0
7,feature_blocks,feat_uni,1,1,4,targ_class2,51.0,-208.0
7,feature_blocks,feat_uni,1,1,5,targ_class1,-115.0,-193.0
7,feature_blocks,feat_uni,1,1,6,targ_class1,-302.0,-198.0
7,feature_blocks,feat_uni,1,1,7,dist_class1,-6.0,-103.0
7,feature_blocks,feat_uni,1,1,8,targ_class2,59.0,333.0
7,feature_blocks,feat_uni,1,1,9,targ_class1,294.0,45.0
7,feature_blocks,feat_uni,1,1,10,targ_class1,45.0,43.0
7,feature_blocks,feat_uni,1,1,11,targ_class1,-344.0,173.0
7,feature_blocks,feat_uni,1,1,12,dist_class1,-22.0,229.0
7,feature_blocks,feat_uni,1,1,13,targ_class2,235.0,-140.0
7,feature_blocks,feat_uni,1,1,14,dist_class1,-225.0,133.0
7,feature_blocks,feat_uni,1,1,15,targ_class2,114.0,222.0
7,feature_blocks,feat_uni,1,1,16,targ_class1,278.0,156.0
7,feature_blocks,feat_uni,1,1,17,targ_class2,-265.0,250.0
7,feature_blocks,feat_uni,1,1,18,dist_class2,-188.0,181.0
7,feature_blocks,feat_uni,1,1,19,dist_class1,-287.0,12.0
7,feature_blocks,feat_uni,1,1,20,dist_class1,-70.0,-12.0
7,feature_blocks,feat_uni,1,1,21,dist_class1,-77.0,-236.0
7,feature_blocks,feat_uni,1,1,22,targ_class2,-282.0,68.0
7,feature_blocks,feat_uni,1,1,23,targ_class2,-192.0,44.0
7,feature_blocks,feat_uni,1,1,24,targ_class1,-36.0,32.0
7,feature_blocks,feat_uni,1,1,25,dist_class1,-2.0,304.0
7,feature_blocks,feat_uni,1,1,26,dist_class2,-53.0,279.0
7,feature_blocks,feat_uni,1,1,27,targ_class1,-298.0,204.0
7,feature_blocks,feat_uni,1,1,28,dist_class2,-53.0,-332.0
7,feature_blocks,feat_uni,1,1,29,dist_class1,240.0,73.0
7,feature_blocks,feat_uni,1,1,30,dist_class2,-257.0,306.0
7,feature_blocks,feat_uni,1,1,31,dist_class1,59.0,-151.0
7,feature_blocks,feat_uni,1,1,32,dist_class2,346.0,144.0
7,feature_blocks,feat_uni,1,1,33,dist_class1,-157.0,354.0
7,feature_blocks,feat_uni,1,1,34,dist_class2,50.0,-90.0
7,feature_blocks,feat_uni,1,1,35,targ_class2,-50.0,181.0
7,feature_blocks,feat_uni,1,1,36,dist_class1,291.0,101.0
7,feature_blocks,feat_uni,1,1,37,dist_class2,310.0,-58.0
7,feature_blocks,feat_uni,1,1,38,targ_class1,-94.0,64.0
7,feature_blocks,feat_uni,1,1,39,targ_class1,-294.0,-142.0
7,feature_blocks,feat_uni,1,1,40,dist_class2,-112.0,172.0
7,feature_blocks,feat_uni,1,1,41,targ_class2,187.0,241.0
7,feature_blocks,feat_uni,1,1,42,dist_class1,114.0,-330.0
7,feature_blocks,feat_uni,1,1,43,targ_class2,-242.0,195.0
7,feature_blocks,feat_uni,1,1,44,dist_class2,-115.0,315.0
7,feature_blocks,feat_uni,1,1,45,targ_class1,170.0,-264.0
7,feature_blocks,feat_uni,1,1,46,targ_class2,285.0,-166.0
7,feature_blocks,feat_uni,1,1,47,targ_class1,-304.0,-332.0
7,feature_blocks,feat_uni,1,1,48,dist_class2,-92.0,225.0
7,feature_blocks,feat_uni,1,1,49,targ_class2,238.0,-25.0
7,feature_blocks,feat_rot,4,1,1,dist_class2,-10.0,-465.0
7,feature_blocks,feat_rot,4,1,2,dist_class1,75.0,-393.0
7,feature_blocks,feat_rot,4,1,3,targ_class1,129.0,-293.0
7,feature_blocks,feat_rot,4,1,4,targ_class2,233.0,-226.0
7,feature_blocks,feat_rot,4,1,5,targ_class1,312.0,-157.0
7,feature_blocks,feat_rot,4,1,6,targ_class2,374.0,-76.0
7,feature_blocks,feat_rot,4,1,7,dist_class2,460.0,-11.0
7,feature_blocks,feat_rot,4,1,8,dist_class2,-79.0,-384.0
7,feature_blocks,feat_rot,4,1,9,targ_class2,11.0,-306.0
7,feature_blocks,feat_rot,4,1,10,targ_class2,61.0,-221.0
7,feature_blocks,feat_rot,4,1,11,targ_class2,152.0,-150.0
7,feature_blocks,feat_rot,4,1,12,targ_class1,234.0,-86.0
7,feature_blocks,feat_rot,4,1,13,dist_class1,292.0,-6.0
7,feature_blocks,feat_rot,4,1,14,dist_class2,400.0,72.0
7,feature_blocks,feat_rot,4,1,15,targ_class1,-147.0,-312.0
7,feature_blocks,feat_rot,4,1,16,targ_class2,-59.0,-225.0
7,feature_blocks,feat_rot,4,1,17,targ_class2,-2.0,-156.0
7,feature_blocks,feat_rot,4,1,18,targ_class2,87.0,-71.0
7,feature_blocks,feat_rot,4,1,19,targ_class1,151.0,20.0
7,feature_blocks,feat_rot,4,1,20,targ_class1,221.0,88.0
7,feature_blocks,feat_rot,4,1,21,targ_class1,301.0,152.0
7,feature_blocks,feat_rot,4,1,22,dist_class1,-226.0,-232.0
7,feature_blocks,feat_rot,4,1,23,dist_class2,-138.0,-163.0
7,feature_blocks,feat_rot,4,1,24,targ_class2,-74.0,-79.0
7,feature_blocks,feat_rot,4,1,25,dist_class2,-1.0,-8.0
7,feature_blocks,feat_rot,4,1,26,dist_class1,86.0,85.0
7,feature_blocks,feat_rot,4,1,27,targ_class2,142.0,146.0
7,feature_blocks,feat_rot,4,1,28,dist_class1,242.0,226.0
7,feature_blocks,feat_rot,4,1,29,targ_class1,-319.0,-150.0
7,feature_blocks,feat_rot,4,1,30,dist_class1,-208.0,-79.0
7,feature_blocks,feat_rot,4,1,31,dist_class1,-140.0,17.0
7,feature_blocks,feat_rot,4,1,32,dist_class2,-56.0,84.0
7,feature_blocks,feat_rot,4,1,33,dist_class2,-9.0,164.0
7,feature_blocks,feat_rot,4,1,34,targ_class1,86.0,226.0
7,feature_blocks,feat_rot,4,1,35,targ_class2,156.0,319.0
7,feature_blocks,feat_rot,4,1,36,dist_class1,-370.0,-68.0
7,feature_blocks,feat_rot,4,1,37,dist_class2,-310.0,-11.0
7,feature_blocks,feat_rot,4,1,38,dist_class2,-218.0,65.0
7,feature_blocks,feat_rot,4,1,39,targ_class2,-157.0,151.0
7,feature_blocks,feat_rot,4,1,40,targ_class1,-77.0,234.0
7,feature_blocks,feat_rot,4,1,41,dist_class2,-5.0,317.0
7,feature_blocks,feat_rot,4,1,42,dist_class1,64.0,385.0
7,feature_blocks,feat_rot,4,1,43,targ_class1,-457.0,9.0
7,feature_blocks,feat_rot,4,1,44,dist_class1,-387.0,77.0
7,feature_blocks,feat_rot,4,1,45,dist_class1,-292.0,152.0
7,feature_blocks,feat_rot,4,1,46,targ_class1,-225.0,248.0
7,feature_blocks,feat_rot,4,1,47,dist_class1,-146.0,302.0
7,feature_blocks,feat_rot,4,1,48,dist_class2,-73.0,396.0
7,feature_blocks,feat_rot,4,1,49,dist_class2,-1.0,492.0
7,feature_blocks,feat_uni,4,1,1,dist_class2,-124.0,247.0
7,feature_blocks,feat_uni,4,1,2,targ_class2,-277.0,187.0
7,feature_blocks,feat_uni,4,1,3,targ_class1,-47.0,-29.0
7,feature_blocks,feat_uni,4,1,4,targ_class2,312.0,-160.0
7,feature_blocks,feat_uni,4,1,5,dist_class1,-233.0,241.0
7,feature_blocks,feat_uni,4,1,6,targ_class2,-161.0,26.0
7,feature_blocks,feat_uni,4,1,7,dist_class2,-162.0,-140.0
7,feature_blocks,feat_uni,4,1,8,dist_class1,7.0,-44.0
7,feature_blocks,feat_uni,4,1,9,dist_class1,-262.0,41.0
7,feature_blocks,feat_uni,4,1,10,dist_class2,80.0,-252.0
7,feature_blocks,feat_uni,4,1,11,dist_class2,325.0,-235.0
7,feature_blocks,feat_uni,4,1,12,targ_class1,112.0,100.0
7,feature_blocks,feat_uni,4,1,13,dist_class1,-311.0,13.0
7,feature_blocks,feat_uni,4,1,14,dist_class1,-337.0,-37.0
7,feature_blocks,feat_uni,4,1,15,targ_class2,-180.0,257.0
7,feature_blocks,feat_uni,4,1,16,targ_class1,259.0,146.0
7,feature_blocks,feat_uni,4,1,17,targ_class1,-157.0,308.0
7,feature_blocks,feat_uni,4,1,18,targ_class2,-340.0,221.0
7,feature_blocks,feat_uni,4,1,19,targ_class2,-209.0,64.0
7,feature_blocks,feat_uni,4,1,20,targ_class2,-98.0,14.0
7,feature_blocks,feat_uni,4,1,21,targ_class1,195.0,149.0
7,feature_blocks,feat_uni,4,1,22,dist_class1,2.0,-348.0
7,feature_blocks,feat_uni,4,1,23,dist_class2,190.0,65.0
7,feature_blocks,feat_uni,4,1,24,dist_class2,-290.0,125.0
7,feature_blocks,feat_uni,4,1,25,dist_class1,-333.0,-333.0
7,feature_blocks,feat_uni,4,1,26,dist_class2,-212.0,-101.0
7,feature_blocks,feat_uni,4,1,27,dist_class1,229.0,283.0
7,feature_blocks,feat_uni,4,1,28,dist_class2,209.0,-80.0
7,feature_blocks,feat_uni,4,1,29,targ_class1,119.0,-208.0
7,feature_blocks,feat_uni,4,1,30,dist_class2,-137.0,-207.0
7,feature_blocks,feat_uni,4,1,31,dist_class1,75.0,57.0
7,feature_blocks,feat_uni,4,1,32,dist_class2,-216.0,8.0
7,feature_blocks,feat_uni,4,1,33,targ_class2,-92.0,293.0
7,feature_blocks,feat_uni,4,1,34,targ_class2,29.0,88.0
7,feature_blocks,feat_uni,4,1,35,targ_class1,-219.0,-236.0
7,feature_blocks,feat_uni,4,1,36,dist_class1,-189.0,-188.0
7,feature_blocks,feat_uni,4,1,37,targ_class1,-26.0,101.0
7,feature_blocks,feat_uni,4,1,38,dist_class1,150.0,-347.0
7,feature_blocks,feat_uni,4,1,39,dist_class2,-239.0,-51.0
7,feature_blocks,feat_uni,4,1,40,targ_class1,97.0,-55.0
7,feature_blocks,feat_uni,4,1,41,targ_class1,-328.0,326.0
7,feature_blocks,feat_uni,4,1,42,dist_class2,35.0,244.0
7,feature_blocks,feat_uni,4,1,43,targ_class1,135.0,-261.0
7,feature_blocks,feat_uni,4,1,44,targ_class2,222.0,18.0
7,feature_blocks,feat_uni,4,1,45,targ_class2,-157.0,-271.0
7,feature_blocks,feat_uni,4,1,46,targ_class2,167.0,305.0
7,feature_blocks,feat_uni,4,1,47,dist_class1,48.0,-83.0
7,feature_blocks,feat_uni,4,1,48,dist_class2,-233.0,-331.0
7,feature_blocks,feat_uni,4,1,49,targ_class1,107.0,274.0
7,feature_blocks,feat_uni,0,1,1,targ_class2,-211.0,-220.0
7,feature_blocks,feat_uni,0,1,2,targ_class2,-68.0,57.0
7,feature_blocks,feat_uni,0,1,3,targ_class2,-60.0,127.0
7,feature_blocks,feat_uni,0,1,4,dist_class1,348.0,-62.0
7,feature_blocks,feat_uni,0,1,5,dist_class2,-241.0,107.0
7,feature_blocks,feat_uni,0,1,6,targ_class1,120.0,193.0
7,feature_blocks,feat_uni,0,1,7,dist_class2,-154.0,-291.0
7,feature_blocks,feat_uni,0,1,8,dist_class2,10.0,48.0
7,feature_blocks,feat_uni,0,1,9,targ_class2,178.0,4.0
7,feature_blocks,feat_uni,0,1,10,dist_class1,-311.0,-245.0
7,feature_blocks,feat_uni,0,1,11,targ_class2,216.0,-184.0
7,feature_blocks,feat_uni,0,1,12,targ_class2,-4.0,-138.0
7,feature_blocks,feat_uni,0,1,13,targ_class1,70.0,61.0
7,feature_blocks,feat_uni,0,1,14,dist_class2,28.0,253.0
7,feature_blocks,feat_uni,0,1,15,dist_class1,-280.0,321.0
7,feature_blocks,feat_uni,0,1,16,targ_class2,-73.0,244.0
7,feature_blocks,feat_uni,0,1,17,dist_class1,267.0,31.0
7,feature_blocks,feat_uni,0,1,18,dist_class1,-351.0,94.0
7,feature_blocks,feat_uni,0,1,19,targ_class2,241.0,-133.0
7,feature_blocks,feat_uni,0,1,20,dist_class2,-329.0,353.0
7,feature_blocks,feat_uni,0,1,21,dist_class2,254.0,-235.0
7,feature_blocks,feat_uni,0,1,22,targ_class1,101.0,-161.0
7,feature_blocks,feat_uni,0,1,23,dist_class2,-283.0,56.0
7,feature_blocks,feat_uni,0,1,24,dist_class2,-157.0,-235.0
7,feature_blocks,feat_uni,0,1,25,targ_class1,231.0,-287.0
7,feature_blocks,feat_uni,0,1,26,dist_class2,10.0,-310.0
7,feature_blocks,feat_uni,0,1,27,targ_class1,321.0,-214.0
7,feature_blocks,feat_uni,0,1,28,dist_class2,-298.0,109.0
7,feature_blocks,feat_uni,0,1,29,dist_class2,-80.0,-171.0
7,feature_blocks,feat_uni,0,1,30,dist_class1,-87.0,-114.0
7,feature_blocks,feat_uni,0,1,31,dist_class2,156.0,-190.0
7,feature_blocks,feat_uni,0,1,32,dist_class1,-271.0,159.0
7,feature_blocks,feat_uni,0,1,33,targ_class2,-39.0,-339.0
7,feature_blocks,feat_uni,0,1,34,targ_class2,197.0,326.0
7,feature_blocks,feat_uni,0,1,35,dist_class2,53.0,-14.0
7,feature_blocks,feat_uni,0,1,36,targ_class1,-268.0,-283.0
7,feature_blocks,feat_uni,0,1,37,targ_class1,-323.0,-41.0
7,feature_blocks,feat_uni,0,1,38,targ_class1,213.0,47.0
7,feature_blocks,feat_uni,0,1,39,targ_class1,-268.0,-56.0
7,feature_blocks,feat_uni,0,1,40,dist_class1,293.0,-70.0
7,feature_blocks,feat_uni,0,1,41,targ_class2,-36.0,-91.0
7,feature_blocks,feat_uni,0,1,42,dist_class1,191.0,-107.0
7,feature_blocks,feat_uni,0,1,43,targ_class1,296.0,-126.0
7,feature_blocks,feat_uni,0,1,44,dist_class1,209.0,102.0
7,feature_blocks,feat_uni,0,1,45,dist_class1,352.0,112.0
7,feature_blocks,feat_uni,0,1,46,targ_class1,-135.0,-141.0
7,feature_blocks,feat_uni,0,1,47,targ_class2,123.0,-27.0
7,feature_blocks,feat_uni,0,1,48,dist_class1,86.0,360.0
7,feature_blocks,feat_uni,0,1,49,targ_class1,359.0,300.0
7,feature_blocks,feat_rot,1,1,1,dist_class2,-7.0,-444.0
7,feature_blocks,feat_rot,1,1,2,targ_class1,87.0,-394.0
7,feature_blocks,feat_rot,1,1,3,dist_class1,124.0,-312.0
7,feature_blocks,feat_rot,1,1,4,targ_class2,220.0,-231.0
7,feature_blocks,feat_rot,1,1,5,targ_class1,299.0,-156.0
7,feature_blocks,feat_rot,1,1,6,targ_class1,409.0,-78.0
7,feature_blocks,feat_rot,1,1,7,dist_class2,473.0,3.0
7,feature_blocks,feat_rot,1,1,8,targ_class2,-79.0,-368.0
7,feature_blocks,feat_rot,1,1,9,dist_class2,8.0,-290.0
7,feature_blocks,feat_rot,1,1,10,targ_class1,58.0,-220.0
7,feature_blocks,feat_rot,1,1,11,dist_class1,155.0,-152.0
7,feature_blocks,feat_rot,1,1,12,dist_class2,217.0,-86.0
7,feature_blocks,feat_rot,1,1,13,dist_class1,312.0,8.0
7,feature_blocks,feat_rot,1,1,14,dist_class1,380.0,93.0
7,feature_blocks,feat_rot,1,1,15,dist_class1,-139.0,-315.0
7,feature_blocks,feat_rot,1,1,16,dist_class1,-75.0,-226.0
7,feature_blocks,feat_rot,1,1,17,dist_class2,20.0,-164.0
7,feature_blocks,feat_rot,1,1,18,dist_class2,85.0,-80.0
7,feature_blocks,feat_rot,1,1,19,dist_class2,143.0,5.0
7,feature_blocks,feat_rot,1,1,20,targ_class1,239.0,83.0
7,feature_blocks,feat_rot,1,1,21,targ_class2,311.0,159.0
7,feature_blocks,feat_rot,1,1,22,targ_class2,-212.0,-241.0
7,feature_blocks,feat_rot,1,1,23,dist_class1,-158.0,-146.0
7,feature_blocks,feat_rot,1,1,24,targ_class2,-75.0,-63.0
7,feature_blocks,feat_rot,1,1,25,dist_class2,9.0,10.0
7,feature_blocks,feat_rot,1,1,26,targ_class2,83.0,87.0
7,feature_blocks,feat_rot,1,1,27,targ_class2,146.0,161.0
7,feature_blocks,feat_rot,1,1,28,dist_class1,238.0,222.0
7,feature_blocks,feat_rot,1,1,29,dist_class1,-313.0,-144.0
7,feature_blocks,feat_rot,1,1,30,dist_class2,-235.0,-73.0
7,feature_blocks,feat_rot,1,1,31,dist_class2,-143.0,4.0
7,feature_blocks,feat_rot,1,1,32,targ_class2,-88.0,76.0
7,feature_blocks,feat_rot,1,1,33,targ_class1,0.0,155.0
7,feature_blocks,feat_rot,1,1,34,dist_class1,71.0,235.0
7,feature_blocks,feat_rot,1,1,35,targ_class1,156.0,288.0
7,feature_blocks,feat_rot,1,1,36,targ_class2,-389.0,-78.0
7,feature_blocks,feat_rot,1,1,37,targ_class2,-301.0,-1.0
7,feature_blocks,feat_rot,1,1,38,targ_class1,-259.0,73.0
7,feature_blocks,feat_rot,1,1,39,targ_class1,-148.0,160.0
7,feature_blocks,feat_rot,1,1,40,targ_class2,-85.0,250.0
7,feature_blocks,feat_rot,1,1,41,targ_class2,12.0,320.0
7,feature_blocks,feat_rot,1,1,42,targ_class1,56.0,381.0
7,feature_blocks,feat_rot,1,1,43,dist_class2,-461.0,11.0
7,feature_blocks,feat_rot,1,1,44,dist_class1,-394.0,74.0
7,feature_blocks,feat_rot,1,1,45,dist_class2,-307.0,151.0
7,feature_blocks,feat_rot,1,1,46,targ_class1,-233.0,232.0
7,feature_blocks,feat_rot,1,1,47,dist_class2,-177.0,291.0
7,feature_blocks,feat_rot,1,1,48,targ_class1,-78.0,396.0
7,feature_blocks,feat_rot,1,1,49,dist_class1,6.0,453.0
7,feature_blocks,feat_grid,3,1,1,dist_class2,-329.0,-337.0
7,feature_blocks,feat_grid,3,1,2,dist_class1,-230.0,-336.0
7,feature_blocks,feat_grid,3,1,3,targ_class2,-102.0,-327.0
7,feature_blocks,feat_grid,3,1,4,dist_class1,-13.0,-315.0
7,feature_blocks,feat_grid,3,1,5,dist_class1,106.0,-309.0
7,feature_blocks,feat_grid,3,1,6,dist_class1,208.0,-336.0
7,feature_blocks,feat_grid,3,1,7,targ_class1,325.0,-333.0
7,feature_blocks,feat_grid,3,1,8,targ_class1,-336.0,-197.0
7,feature_blocks,feat_grid,3,1,9,targ_class1,-223.0,-237.0
7,feature_blocks,feat_grid,3,1,10,dist_class2,-115.0,-217.0
7,feature_blocks,feat_grid,3,1,11,targ_class1,10.0,-209.0
7,feature_blocks,feat_grid,3,1,12,targ_class2,105.0,-197.0
7,feature_blocks,feat_grid,3,1,13,dist_class1,206.0,-203.0
7,feature_blocks,feat_grid,3,1,14,dist_class1,328.0,-207.0
7,feature_blocks,feat_grid,3,1,15,dist_class2,-323.0,-108.0
7,feature_blocks,feat_grid,3,1,16,dist_class2,-214.0,-121.0
7,feature_blocks,feat_grid,3,1,17,targ_class1,-111.0,-95.0
7,feature_blocks,feat_grid,3,1,18,dist_class2,21.0,-110.0
7,feature_blocks,feat_grid,3,1,19,targ_class1,91.0,-104.0
7,feature_blocks,feat_grid,3,1,20,targ_class2,219.0,-96.0
7,feature_blocks,feat_grid,3,1,21,targ_class1,322.0,-119.0
7,feature_blocks,feat_grid,3,1,22,targ_class2,-326.0,7.0
7,feature_blocks,feat_grid,3,1,23,targ_class1,-211.0,5.0
7,feature_blocks,feat_grid,3,1,24,dist_class1,-114.0,5.0
7,feature_blocks,feat_grid,3,1,25,targ_class2,8.0,14.0
7,feature_blocks,feat_grid,3,1,26,dist_class2,122.0,-7.0
7,feature_blocks,feat_grid,3,1,27,dist_class2,215.0,5.0
7,feature_blocks,feat_grid,3,1,28,targ_class1,332.0,-2.0
7,feature_blocks,feat_grid,3,1,29,dist_class2,-328.0,102.0
7,feature_blocks,feat_grid,3,1,30,targ_class1,-228.0,121.0
7,feature_blocks,feat_grid,3,1,31,dist_class2,-125.0,108.0
7,feature_blocks,feat_grid,3,1,32,targ_class2,5.0,105.0
7,feature_blocks,feat_grid,3,1,33,dist_class2,121.0,114.0
7,feature_blocks,feat_grid,3,1,34,targ_class1,204.0,103.0
7,feature_blocks,feat_grid,3,1,35,targ_class1,322.0,105.0
7,feature_blocks,feat_grid,3,1,36,dist_class1,-313.0,217.0
7,feature_blocks,feat_grid,3,1,37,dist_class1,-222.0,223.0
7,feature_blocks,feat_grid,3,1,38,dist_class1,-95.0,221.0
7,feature_blocks,feat_grid,3,1,39,dist_class2,0.0,218.0
7,feature_blocks,feat_grid,3,1,40,dist_class1,111.0,229.0
7,feature_blocks,feat_grid,3,1,41,dist_class1,205.0,214.0
7,feature_blocks,feat_grid,3,1,42,targ_class2,317.0,214.0
7,feature_blocks,feat_grid,3,1,43,dist_class2,-330.0,325.0
7,feature_blocks,feat_grid,3,1,44,targ_class2,-226.0,344.0
7,feature_blocks,feat_grid,3,1,45,targ_class2,-114.0,320.0
7,feature_blocks,feat_grid,3,1,46,targ_class2,2.0,331.0
7,feature_blocks,feat_grid,3,1,47,targ_class2,106.0,323.0
7,feature_blocks,feat_grid,3,1,48,targ_class2,216.0,331.0
7,feature_blocks,feat_grid,3,1,49,dist_class2,330.0,316.0
7,feature_blocks,feat_rot,3,1,1,targ_class1,-6.0,-448.0
7,feature_blocks,feat_rot,3,1,2,targ_class1,90.0,-378.0
7,feature_blocks,feat_rot,3,1,3,targ_class2,145.0,-295.0
7,feature_blocks,feat_rot,3,1,4,dist_class2,219.0,-238.0
7,feature_blocks,feat_rot,3,1,5,dist_class1,295.0,-145.0
7,feature_blocks,feat_rot,3,1,6,dist_class2,364.0,-80.0
7,feature_blocks,feat_rot,3,1,7,dist_class1,473.0,-9.0
7,feature_blocks,feat_rot,3,1,8,dist_class1,-82.0,-379.0
7,feature_blocks,feat_rot,3,1,9,dist_class2,8.0,-312.0
7,feature_blocks,feat_rot,3,1,10,targ_class1,53.0,-242.0
7,feature_blocks,feat_rot,3,1,11,dist_class1,137.0,-151.0
7,feature_blocks,feat_rot,3,1,12,dist_class1,227.0,-98.0
7,feature_blocks,feat_rot,3,1,13,targ_class2,305.0,-10.0
7,feature_blocks,feat_rot,3,1,14,dist_class1,385.0,88.0
7,feature_blocks,feat_rot,3,1,15,targ_class1,-157.0,-292.0
7,feature_blocks,feat_rot,3,1,16,targ_class2,-79.0,-235.0
7,feature_blocks,feat_rot,3,1,17,dist_class2,10.0,-149.0
7,feature_blocks,feat_rot,3,1,18,dist_class2,87.0,-91.0
7,feature_blocks,feat_rot,3,1,19,targ_class1,159.0,11.0
7,feature_blocks,feat_rot,3,1,20,targ_class1,228.0,77.0
7,feature_blocks,feat_rot,3,1,21,targ_class2,313.0,159.0
7,feature_blocks,feat_rot,3,1,22,targ_class1,-227.0,-239.0
7,feature_blocks,feat_rot,3,1,23,dist_class2,-139.0,-151.0
7,feature_blocks,feat_rot,3,1,24,dist_class1,-84.0,-68.0
7,feature_blocks,feat_rot,3,1,25,targ_class1,-13.0,-3.0
7,feature_blocks,feat_rot,3,1,26,targ_class1,82.0,71.0
7,feature_blocks,feat_rot,3,1,27,dist_class1,153.0,138.0
7,feature_blocks,feat_rot,3,1,28,dist_class2,221.0,223.0
7,feature_blocks,feat_rot,3,1,29,dist_class1,-303.0,-142.0
7,feature_blocks,feat_rot,3,1,30,targ_class2,-228.0,-73.0
7,feature_blocks,feat_rot,3,1,31,targ_class2,-156.0,-9.0
7,feature_blocks,feat_rot,3,1,32,targ_class2,-67.0,75.0
7,feature_blocks,feat_rot,3,1,33,dist_class2,-4.0,136.0
7,feature_blocks,feat_rot,3,1,34,targ_class2,79.0,238.0
7,feature_blocks,feat_rot,3,1,35,dist_class2,150.0,302.0
7,feature_blocks,feat_rot,3,1,36,dist_class1,-356.0,-73.0
7,feature_blocks,feat_rot,3,1,37,targ_class2,-289.0,-14.0
7,feature_blocks,feat_rot,3,1,38,targ_class2,-227.0,55.0
7,feature_blocks,feat_rot,3,1,39,dist_class2,-159.0,150.0
7,feature_blocks,feat_rot,3,1,40,targ_class1,-80.0,229.0
7,feature_blocks,feat_rot,3,1,41,dist_class1,3.0,314.0
7,feature_blocks,feat_rot,3,1,42,targ_class2,82.0,383.0
7,feature_blocks,feat_rot,3,1,43,dist_class2,-455.0,1.0
7,feature_blocks,feat_rot,3,1,44,targ_class2,-390.0,68.0
7,feature_blocks,feat_rot,3,1,45,dist_class2,-298.0,129.0
7,feature_blocks,feat_rot,3,1,46,dist_class2,-242.0,230.0
7,feature_blocks,feat_rot,3,1,47,targ_class1,-156.0,300.0
7,feature_blocks,feat_rot,3,1,48,targ_class1,-93.0,392.0
7,feature_blocks,feat_rot,3,1,49,dist_class1,8.0,482.0
7,feature_blocks,feat_grid,0,1,1,targ_class1,-317.0,-323.0
7,feature_blocks,feat_grid,0,1,2,dist_class1,-210.0,-339.0
7,feature_blocks,feat_grid,0,1,3,targ_class2,-101.0,-334.0
7,feature_blocks,feat_grid,0,1,4,dist_class1,-1.0,-335.0
7,feature_blocks,feat_grid,0,1,5,dist_class1,107.0,-325.0
7,feature_blocks,feat_grid,0,1,6,dist_class1,214.0,-319.0
7,feature_blocks,feat_grid,0,1,7,targ_class1,323.0,-320.0
7,feature_blocks,feat_grid,0,1,8,dist_class2,-316.0,-211.0
7,feature_blocks,feat_grid,0,1,9,targ_class1,-217.0,-211.0
7,feature_blocks,feat_grid,0,1,10,targ_class2,-101.0,-223.0
7,feature_blocks,feat_grid,0,1,11,dist_class2,-14.0,-220.0
7,feature_blocks,feat_grid,0,1,12,dist_class1,123.0,-219.0
7,feature_blocks,feat_grid,0,1,13,dist_class2,220.0,-210.0
7,feature_blocks,feat_grid,0,1,14,targ_class1,319.0,-216.0
7,feature_blocks,feat_grid,0,1,15,targ_class2,-304.0,-102.0
7,feature_blocks,feat_grid,0,1,16,dist_class2,-213.0,-102.0
7,feature_blocks,feat_grid,0,1,17,targ_class1,-120.0,-111.0
7,feature_blocks,feat_grid,0,1,18,dist_class1,1.0,-101.0
7,feature_blocks,feat_grid,0,1,19,targ_class1,111.0,-121.0
7,feature_blocks,feat_grid,0,1,20,targ_class2,220.0,-121.0
7,feature_blocks,feat_grid,0,1,21,targ_class2,322.0,-89.0
7,feature_blocks,feat_grid,0,1,22,dist_class1,-322.0,8.0
7,feature_blocks,feat_grid,0,1,23,targ_class1,-238.0,9.0
7,feature_blocks,feat_grid,0,1,24,targ_class2,-122.0,6.0
7,feature_blocks,feat_grid,0,1,25,targ_class1,1.0,3.0
7,feature_blocks,feat_grid,0,1,26,targ_class2,98.0,-12.0
7,feature_blocks,feat_grid,0,1,27,dist_class2,213.0,10.0
7,feature_blocks,feat_grid,0,1,28,targ_class2,328.0,2.0
7,feature_blocks,feat_grid,0,1,29,targ_class1,-319.0,101.0
7,feature_blocks,feat_grid,0,1,30,dist_class1,-205.0,109.0
7,feature_blocks,feat_grid,0,1,31,dist_class2,-90.0,92.0
7,feature_blocks,feat_grid,0,1,32,dist_class2,-1.0,103.0
7,feature_blocks,feat_grid,0,1,33,dist_class2,123.0,109.0
7,feature_blocks,feat_grid,0,1,34,targ_class1,213.0,109.0
7,feature_blocks,feat_grid,0,1,35,dist_class2,333.0,109.0
7,feature_blocks,feat_grid,0,1,36,dist_class1,-317.0,210.0
7,feature_blocks,feat_grid,0,1,37,targ_class2,-207.0,229.0
7,feature_blocks,feat_grid,0,1,38,targ_class2,-107.0,209.0
7,feature_blocks,feat_grid,0,1,39,dist_class2,-3.0,226.0
7,feature_blocks,feat_grid,0,1,40,dist_class1,110.0,211.0
7,feature_blocks,feat_grid,0,1,41,targ_class1,228.0,227.0
7,feature_blocks,feat_grid,0,1,42,dist_class2,335.0,233.0
7,feature_blocks,feat_grid,0,1,43,targ_class2,-331.0,328.0
7,feature_blocks,feat_grid,0,1,44,dist_class1,-206.0,335.0
7,feature_blocks,feat_grid,0,1,45,dist_class2,-103.0,320.0
7,feature_blocks,feat_grid,0,1,46,dist_class2,4.0,326.0
7,feature_blocks,feat_grid,0,1,47,dist_class1,114.0,314.0
7,feature_blocks,feat_grid,0,1,48,targ_class1,217.0,321.0
7,feature_blocks,feat_grid,0,1,49,targ_class2,314.0,330.0
7,feature_blocks,feat_grid,0,2,1,targ_class2,-325.0,-332.0
7,feature_blocks,feat_grid,0,2,2,dist_class1,-196.0,-333.0
7,feature_blocks,feat_grid,0,2,3,dist_class2,-108.0,-338.0
7,feature_blocks,feat_grid,0,2,4,dist_class2,13.0,-343.0
7,feature_blocks,feat_grid,0,2,5,targ_class1,98.0,-314.0
7,feature_blocks,feat_grid,0,2,6,dist_class1,213.0,-316.0
7,feature_blocks,feat_grid,0,2,7,dist_class1,323.0,-307.0
7,feature_blocks,feat_grid,0,2,8,dist_class2,-322.0,-209.0
7,feature_blocks,feat_grid,0,2,9,targ_class2,-231.0,-229.0
7,feature_blocks,feat_grid,0,2,10,targ_class2,-106.0,-218.0
7,feature_blocks,feat_grid,0,2,11,dist_class1,-0.0,-216.0
7,feature_blocks,feat_grid,0,2,12,dist_class2,95.0,-222.0
7,feature_blocks,feat_grid,0,2,13,targ_class2,215.0,-212.0
7,feature_blocks,feat_grid,0,2,14,targ_class1,322.0,-239.0
7,feature_blocks,feat_grid,0,2,15,targ_class2,-323.0,-125.0
7,feature_blocks,feat_grid,0,2,16,targ_class2,-229.0,-103.0
7,feature_blocks,feat_grid,0,2,17,dist_class1,-110.0,-113.0
7,feature_blocks,feat_grid,0,2,18,targ_class1,12.0,-118.0
7,feature_blocks,feat_grid,0,2,19,targ_class2,97.0,-101.0
7,feature_blocks,feat_grid,0,2,20,dist_class1,216.0,-113.0
7,feature_blocks,feat_grid,0,2,21,dist_class1,324.0,-118.0
7,feature_blocks,feat_grid,0,2,22,dist_class1,-335.0,3.0
7,feature_blocks,feat_grid,0,2,23,targ_class1,-204.0,15.0
7,feature_blocks,feat_grid,0,2,24,targ_class2,-110.0,11.0
7,feature_blocks,feat_grid,0,2,25,targ_class1,-17.0,-0.0
7,feature_blocks,feat_grid,0,2,26,targ_class2,93.0,-1.0
7,feature_blocks,feat_grid,0,2,27,dist_class2,222.0,8.0
7,feature_blocks,feat_grid,0,2,28,targ_class1,321.0,23.0
7,feature_blocks,feat_grid,0,2,29,dist_class1,-322.0,102.0
7,feature_blocks,feat_grid,0,2,30,targ_class2,-219.0,94.0
7,feature_blocks,feat_grid,0,2,31,targ_class1,-113.0,117.0
7,feature_blocks,feat_grid,0,2,32,dist_class2,0.0,113.0
7,feature_blocks,feat_grid,0,2,33,dist_class2,106.0,105.0
7,feature_blocks,feat_grid,0,2,34,dist_class2,209.0,124.0
7,feature_blocks,feat_grid,0,2,35,targ_class1,336.0,102.0
7,feature_blocks,feat_grid,0,2,36,targ_class2,-320.0,234.0
7,feature_blocks,feat_grid,0,2,37,dist_class1,-212.0,195.0
7,feature_blocks,feat_grid,0,2,38,dist_class2,-106.0,211.0
7,feature_blocks,feat_grid,0,2,39,targ_class2,-1.0,202.0
7,feature_blocks,feat_grid,0,2,40,targ_class1,97.0,219.0
7,feature_blocks,feat_grid,0,2,41,dist_class2,195.0,234.0
7,feature_blocks,feat_grid,0,2,42,targ_class1,320.0,227.0
7,feature_blocks,feat_grid,0,2,43,dist_class2,-340.0,316.0
7,feature_blocks,feat_grid,0,2,44,dist_class1,-186.0,320.0
7,feature_blocks,feat_grid,0,2,45,targ_class1,-115.0,324.0
7,feature_blocks,feat_grid,0,2,46,dist_class2,-10.0,313.0
7,feature_blocks,feat_grid,0,2,47,targ_class1,104.0,326.0
7,feature_blocks,feat_grid,0,2,48,dist_class1,205.0,322.0
7,feature_blocks,feat_grid,0,2,49,dist_class2,333.0,312.0
