person,condition,trial,id,item_class,x,y,trial_p
1,conj_grid,1,1,2,0.131,0,1
1,conj_grid,1,2,1,0.7,0.02,1
1,conj_grid,1,3,2,0.012,0.132,1
1,conj_grid,1,4,1,0.236,0.129,1
1,conj_grid,1,5,1,0.337,0.133,1
1,conj_grid,1,6,2,0.471,0.124,1
1,conj_grid,1,7,1,0.58,0.106,1
1,conj_grid,1,8,2,0,0.241,1
1,conj_grid,1,9,1,0.359,0.213,1
1,conj_grid,1,10,2,0.462,0.255,1
1,conj_grid,1,11,2,0.589,0.226,1
1,conj_grid,1,12,1,0.333,0.353,1
1,conj_grid,1,13,2,0.454,0.336,1
1,conj_grid,1,14,1,0.109,0.475,1
1,conj_grid,1,15,2,0.226,0.474,1
1,conj_grid,1,16,2,0.693,0.482,1
1,conj_grid,1,17,2,0.123,0.576,1
1,conj_grid,1,18,1,0.24,0.589,1
1,conj_grid,1,19,1,0.464,0.587,1
1,conj_grid,1,20,2,0.57,0.569,1
1,conj_grid,1,21,1,0.696,0.594,1
1,conj_grid,1,22,1,0.026,0.711,1
1,conj_grid,1,23,2,0.227,0.694,1
1,conj_grid,1,24,1,0.579,0.695,1
1,conj_grid,2,1,2,0,0.015,2
1,conj_grid,2,2,1,0.25,0.016,2
1,conj_grid,2,3,2,0.349,0,2
1,conj_grid,2,4,2,0.467,0.006,2
1,conj_grid,2,5,1,0.708,0.001,2
1,conj_grid,2,6,2,0.228,0.121,2
1,conj_grid,2,7,2,0.352,0.121,2
1,conj_grid,2,8,2,0.681,0.097,2
1,conj_grid,2,9,2,0.016,0.244,2
1,conj_grid,2,10,1,0.121,0.243,2
1,conj_grid,2,11,1,0.237,0.249,2
1,conj_grid,2,12,2,0.587,0.226,2
1,conj_grid,2,13,2,0.016,0.343,2
1,conj_grid,2,14,1,0.239,0.349,2
1,conj_grid,2,15,1,0.13,0.472,2
1,conj_grid,2,16,1,0.468,0.462,2
1,conj_grid,2,17,1,0.713,0.475,2
1,conj_grid,2,18,2,0.028,0.58,2
1,conj_grid,2,19,1,0.115,0.557,2
1,conj_grid,2,20,1,0.228,0.574,2
1,conj_grid,2,21,1,0.465,0.564,2
1,conj_grid,2,22,1,0.137,0.721,2
1,conj_grid,2,23,2,0.37,0.683,2
1,conj_grid,2,24,2,0.448,0.715,2
1,conj_grid,3,1,2,0.228,0,3
1,conj_grid,3,2,1,0.368,0.009,3
1,conj_grid,3,3,1,0.592,0.026,3
1,conj_grid,3,4,2,0,0.136,3
1,conj_grid,3,5,2,0.134,0.135,3
1,conj_grid,3,6,2,0.247,0.12,3
1,conj_grid,3,7,1,0.357,0.128,3
1,conj_grid,3,8,1,0.478,0.14,3
1,conj_grid,3,9,2,0.598,0.119,3
1,conj_grid,3,10,2,0.011,0.243,3
1,conj_grid,3,11,1,0.135,0.243,3
1,conj_grid,3,12,1,0.357,0.233,3
1,conj_grid,3,13,2,0.475,0.26,3
1,conj_grid,3,14,2,0.452,0.363,3
1,conj_grid,3,15,2,0.604,0.361,3
1,conj_grid,3,16,1,0.711,0.359,3
1,conj_grid,3,17,1,0.023,0.471,3
1,conj_grid,3,18,2,0.357,0.479,3
1,conj_grid,3,19,1,0.456,0.463,3
1,conj_grid,3,20,1,0.117,0.58,3
1,conj_grid,3,21,2,0.122,0.692,3
1,conj_grid,3,22,1,0.223,0.701,3
1,conj_grid,3,23,1,0.457,0.704,3
1,conj_grid,3,24,2,0.683,0.706,3
1,conj_grid,4,1,1,0,0,4
1,conj_grid,4,2,1,0.128,0.001,4
1,conj_grid,4,3,2,0.348,0.029,4
1,conj_grid,4,4,2,0.471,0.015,4
1,conj_grid,4,5,2,0,0.138,4
1,conj_grid,4,6,1,0.111,0.131,4
1,conj_grid,4,7,1,0.573,0.13,4
1,conj_grid,4,8,2,0.684,0.122,4
1,conj_grid,4,9,2,0.235,0.228,4
1,conj_grid,4,10,1,0.353,0.239,4
1,conj_grid,4,11,1,0.465,0.247,4
1,conj_grid,4,12,1,0.118,0.36,4
1,conj_grid,4,13,2,0.227,0.371,4
1,conj_grid,4,14,1,0.698,0.38,4
1,conj_grid,4,15,2,0.006,0.471,4
1,conj_grid,4,16,2,0.116,0.473,4
1,conj_grid,4,17,1,0.675,0.461,4
1,conj_grid,4,18,2,0.004,0.575,4
1,conj_grid,4,19,2,0.44,0.584,4
1,conj_grid,4,20,1,0.681,0.59,4
1,conj_grid,4,21,2,0.125,0.685,4
1,conj_grid,4,22,1,0.354,0.683,4
1,conj_grid,4,23,2,0.492,0.69,4
1,conj_grid,4,24,1,0.574,0.689,4
1,conj_grid,5,1,2,0.245,0.02,5
1,conj_grid,5,2,1,0.465,0,5
1,conj_grid,5,3,1,0.575,0.022,5
1,conj_grid,5,4,2,0.006,0.122,5
1,conj_grid,5,5,2,0.109,0.141,5
1,conj_grid,5,6,1,0.218,0.119,5
1,conj_grid,5,7,2,0.564,0.125,5
1,conj_grid,5,8,1,0.691,0.12,5
1,conj_grid,5,9,2,0.106,0.25,5
1,conj_grid,5,10,1,0.224,0.227,5
1,conj_grid,5,11,1,0.699,0.243,5
1,conj_grid,5,12,1,0,0.355,5
1,conj_grid,5,13,1,0.238,0.356,5
1,conj_grid,5,14,1,0.452,0.338,5
1,conj_grid,5,15,2,0.234,0.453,5
1,conj_grid,5,16,2,0.351,0.465,5
1,conj_grid,5,17,2,0.575,0.468,5
1,conj_grid,5,18,1,0.115,0.589,5
1,conj_grid,5,19,2,0.338,0.586,5
1,conj_grid,5,20,1,0.576,0.574,5
1,conj_grid,5,21,1,0.699,0.589,5
1,conj_grid,5,22,2,0,0.683,5
1,conj_grid,5,23,2,0.224,0.711,5
1,conj_grid,5,24,2,0.471,0.694,5
1,conj_rot,6,1,2,0.392,0,1
1,conj_rot,6,2,1,0.474,0.102,1
1,conj_rot,6,3,1,0.633,0.248,1
1,conj_rot,6,4,1,0.809,0.394,1
1,conj_rot,6,5,2,0.889,0.477,1
1,conj_rot,6,6,2,0.344,0.075,1
1,conj_rot,6,7,2,0.397,0.167,1
1,conj_rot,6,8,2,0.558,0.308,1
1,conj_rot,6,9,2,0.64,0.401,1
1,conj_rot,6,10,2,0.724,0.489,1
1,conj_rot,6,11,1,0.799,0.561,1
1,conj_rot,6,12,2,0.336,0.243,1
1,conj_rot,6,13,1,0.639,0.567,1
1,conj_rot,6,14,1,0.219,0.349,1
1,conj_rot,6,15,1,0.386,0.494,1
1,conj_rot,6,16,1,0.095,0.322,1
1,conj_rot,6,17,1,0.175,0.409,1
1,conj_rot,6,18,1,0.394,0.655,1
1,conj_rot,6,19,1,0.474,0.73,1
1,conj_rot,6,20,2,0,0.418,1
1,conj_rot,6,21,2,0.169,0.562,1
1,conj_rot,6,22,1,0,0.556,1
1,conj_rot,6,23,2,0.148,0.733,1
1,conj_rot,6,24,2,0.308,0.896,1
1,conj_rot,7,1,2,0.393,0,2
1,conj_rot,7,2,2,0.494,0.1,2
1,conj_rot,7,3,2,0.629,0.253,2
1,conj_rot,7,4,1,0.801,0.403,2
1,conj_rot,7,5,1,0.889,0.485,2
1,conj_rot,7,6,1,0.62,0.42,2
1,conj_rot,7,7,2,0.804,0.58,2
1,conj_rot,7,8,1,0.248,0.179,2
1,conj_rot,7,9,1,0.402,0.349,2
1,conj_rot,7,10,2,0.474,0.413,2
1,conj_rot,7,11,1,0.547,0.521,2
1,conj_rot,7,12,1,0.635,0.601,2
1,conj_rot,7,13,1,0.228,0.336,2
1,conj_rot,7,14,2,0.3,0.425,2
1,conj_rot,7,15,1,0.639,0.75,2
1,conj_rot,7,16,1,0.407,0.664,2
1,conj_rot,7,17,1,0.559,0.824,2
1,conj_rot,7,18,2,0.241,0.659,2
1,conj_rot,7,19,1,0.316,0.729,2
1,conj_rot,7,20,2,0,0.594,2
1,conj_rot,7,21,2,0.058,0.652,2
1,conj_rot,7,22,2,0.138,0.74,2
1,conj_rot,7,23,2,0.323,0.908,2
1,conj_rot,7,24,2,0.409,1,2
1,conj_rot,8,1,1,0.886,0.34,3
1,conj_rot,8,2,1,0.404,0,3
1,conj_rot,8,3,1,0.493,0.092,3
1,conj_rot,8,4,2,0.816,0.417,3
1,conj_rot,8,5,2,0.899,0.482,3
1,conj_rot,8,6,2,0.646,0.413,3
1,conj_rot,8,7,2,0.722,0.497,3
1,conj_rot,8,8,2,0.826,0.57,3
1,conj_rot,8,9,2,0.34,0.286,3
1,conj_rot,8,10,1,0.473,0.412,3
1,conj_rot,8,11,1,0.638,0.589,3
1,conj_rot,8,12,2,0.733,0.647,3
1,conj_rot,8,13,1,0.16,0.256,3
1,conj_rot,8,14,2,0.245,0.336,3
1,conj_rot,8,15,2,0.413,0.491,3
1,conj_rot,8,16,2,0.491,0.576,3
1,conj_rot,8,17,1,0.575,0.651,3
1,conj_rot,8,18,2,0.086,0.356,3
1,conj_rot,8,19,2,0.16,0.414,3
1,conj_rot,8,20,1,0.242,0.506,3
1,conj_rot,8,21,1,0.321,0.571,3
1,conj_rot,8,22,1,0.486,0.738,3
1,conj_rot,8,23,1,0,0.421,3
1,conj_rot,8,24,1,0.171,0.563,3
1,conj_rot,9,1,2,0.474,0,4
1,conj_rot,9,2,1,0.545,0.061,4
1,conj_rot,9,3,1,0.709,0.221,4
1,conj_rot,9,4,1,0.792,0.328,4
1,conj_rot,9,5,2,0.965,0.475,4
1,conj_rot,9,6,1,0.709,0.404,4
1,conj_rot,9,7,2,0.798,0.481,4
1,conj_rot,9,8,2,0.862,0.539,4
1,conj_rot,9,9,2,0.463,0.309,4
1,conj_rot,9,10,2,0.564,0.376,4
1,conj_rot,9,11,2,0.804,0.647,4
1,conj_rot,9,12,1,0.462,0.474,4
1,conj_rot,9,13,1,0.629,0.631,4
1,conj_rot,9,14,2,0.71,0.741,4
1,conj_rot,9,15,1,0.224,0.384,4
1,conj_rot,9,16,1,0.332,0.467,4
1,conj_rot,9,17,2,0.628,0.791,4
1,conj_rot,9,18,2,0.13,0.491,4
1,conj_rot,9,19,2,0.232,0.553,4
1,conj_rot,9,20,2,0.311,0.608,4
1,conj_rot,9,21,1,0.387,0.7,4
1,conj_rot,9,22,1,0.555,0.896,4
1,conj_rot,9,23,1,0,0.476,4
1,conj_rot,9,24,1,0.378,0.883,4
1,conj_rot,10,1,1,0.473,0,5
1,conj_rot,10,2,1,0.631,0.173,5
1,conj_rot,10,3,1,0.712,0.239,5
1,conj_rot,10,4,1,0.793,0.311,5
1,conj_rot,10,5,2,0.952,0.51,5
1,conj_rot,10,6,1,0.387,0.073,5
1,conj_rot,10,7,1,0.64,0.313,5
1,conj_rot,10,8,2,0.728,0.407,5
1,conj_rot,10,9,2,0.883,0.565,5
1,conj_rot,10,10,2,0.303,0.174,5
1,conj_rot,10,11,2,0.622,0.481,5
1,conj_rot,10,12,1,0.38,0.406,5
1,conj_rot,10,13,2,0.544,0.573,5
1,conj_rot,10,14,2,0.646,0.652,5
1,conj_rot,10,15,2,0.712,0.725,5
1,conj_rot,10,16,1,0.15,0.332,5
1,conj_rot,10,17,1,0.313,0.491,5
1,conj_rot,10,18,2,0.475,0.638,5
1,conj_rot,10,19,1,0.557,0.735,5
1,conj_rot,10,20,1,0.065,0.401,5
1,conj_rot,10,21,2,0.13,0.472,5
1,conj_rot,10,22,2,0,0.474,5
1,conj_rot,10,23,2,0.153,0.662,5
1,conj_rot,10,24,1,0.213,0.748,5
1,conj_uni,11,1,2,0.002,0.267,1
1,conj_uni,11,2,2,0.471,0.155,1
1,conj_uni,11,3,1,0.341,0.442,1
1,conj_uni,11,4,1,0.304,0.396,1
1,conj_uni,11,5,1,0.166,0.038,1
1,conj_uni,11,6,2,0.566,0.442,1
1,conj_uni,11,7,2,0.05,0.724,1
1,conj_uni,11,8,2,0.216,0.52,1
1,conj_uni,11,9,1,0,0.671,1
1,conj_uni,11,10,1,0.27,0.054,1
1,conj_uni,11,11,1,0.13,0.307,1
1,conj_uni,11,12,1,0.068,0.014,1
1,conj_uni,11,13,1,0.003,0.574,1
1,conj_uni,11,14,1,0.312,0.338,1
1,conj_uni,11,15,1,0.169,0.741,1
1,conj_uni,11,16,2,0.751,0.535,1
1,conj_uni,11,17,1,0.437,0.09,1
1,conj_uni,11,18,2,0.015,0.039,1
1,conj_uni,11,19,2,0.186,0.215,1
1,conj_uni,11,20,2,0.413,0.714,1
1,conj_uni,11,21,1,0.69,0.573,1
1,conj_uni,11,22,2,0.576,0,1
1,conj_uni,11,23,2,0.553,0.651,1
1,conj_uni,11,24,2,0.394,0.015,1
1,conj_uni,12,1,2,0.587,0,2
1,conj_uni,12,2,1,0.04,0.207,2
1,conj_uni,12,3,1,0.132,0.661,2
1,conj_uni,12,4,2,0,0.12,2
1,conj_uni,12,5,2,0.159,0.006,2
1,conj_uni,12,6,1,0.647,0.546,2
1,conj_uni,12,7,1,0.145,0.256,2
1,conj_uni,12,8,1,0.356,0.587,2
1,conj_uni,12,9,2,0.064,0.038,2
1,conj_uni,12,10,2,0.079,0.689,2
1,conj_uni,12,11,2,0.208,0.673,2
1,conj_uni,12,12,2,0.644,0.719,2
1,conj_uni,12,13,2,0.266,0.518,2
1,conj_uni,12,14,1,0.265,0.412,2
1,conj_uni,12,15,1,0.001,0.061,2
1,conj_uni,12,16,1,0.12,0.313,2
1,conj_uni,12,17,1,0.708,0.17,2
1,conj_uni,12,18,2,0.489,0.094,2
1,conj_uni,12,19,2,0.658,0.635,2
1,conj_uni,12,20,2,0.03,0.722,2
1,conj_uni,12,21,2,0.475,0.222,2
1,conj_uni,12,22,1,0.19,0.515,2
1,conj_uni,12,23,1,0.666,0.04,2
1,conj_uni,12,24,1,0.379,0.051,2
1,conj_uni,13,1,1,0.185,0.702,3
1,conj_uni,13,2,2,0.309,0.345,3
1,conj_uni,13,3,2,0.572,0.47,3
1,conj_uni,13,4,2,0.413,0,3
1,conj_uni,13,5,2,0.172,0.251,3
1,conj_uni,13,6,1,0.162,0.132,3
1,conj_uni,13,7,1,0.112,0.311,3
1,conj_uni,13,8,1,0.486,0.635,3
1,conj_uni,13,9,1,0.196,0.084,3
1,conj_uni,13,10,2,0.401,0.228,3
1,conj_uni,13,11,1,0.09,0.116,3
1,conj_uni,13,12,2,0.26,0.311,3
1,conj_uni,13,13,1,0.369,0.736,3
1,conj_uni,13,14,2,0.077,0.361,3
1,conj_uni,13,15,2,0.352,0.12,3
1,conj_uni,13,16,2,0.231,0.252,3
1,conj_uni,13,17,2,0.137,0.079,3
1,conj_uni,13,18,1,0.465,0.363,3
1,conj_uni,13,19,1,0.488,0.039,3
1,conj_uni,13,20,2,0.056,0.286,3
1,conj_uni,13,21,1,0.014,0.191,3
1,conj_uni,13,22,2,0.676,0.407,3
1,conj_uni,13,23,1,0.168,0.581,3
1,conj_uni,13,24,1,0,0.302,3
1,conj_uni,14,1,2,0.333,0.658,4
1,conj_uni,14,2,2,0.541,0.157,4
1,conj_uni,14,3,1,0.697,0.691,4
1,conj_uni,14,4,1,0.578,0.358,4
1,conj_uni,14,5,1,0.069,0.497,4
1,conj_uni,14,6,1,0.04,0.035,4
1,conj_uni,14,7,2,0.402,0.009,4
1,conj_uni,14,8,2,0.695,0.486,4
1,conj_uni,14,9,1,0.032,0.138,4
1,conj_uni,14,10,2,0.199,0.559,4
1,conj_uni,14,11,1,0.377,0.255,4
1,conj_uni,14,12,1,0.104,0.357,4
1,conj_uni,14,13,1,0.196,0,4
1,conj_uni,14,14,2,0.502,0.112,4
1,conj_uni,14,15,1,0.716,0.05,4
1,conj_uni,14,16,1,0.4,0.339,4
1,conj_uni,14,17,2,0.54,0.216,4
1,conj_uni,14,18,2,0.095,0.607,4
1,conj_uni,14,19,1,0.407,0.149,4
1,conj_uni,14,20,2,0.232,0.333,4
1,conj_uni,14,21,2,0.233,0.109,4
1,conj_uni,14,22,1,0.451,0.63,4
1,conj_uni,14,23,2,0.113,0.285,4
1,conj_uni,14,24,2,0,0.726,4
1,conj_uni,15,1,1,0.592,0,5
1,conj_uni,15,2,1,0.348,0.732,5
1,conj_uni,15,3,1,0.553,0.249,5
1,conj_uni,15,4,2,0.004,0.651,5
1,conj_uni,15,5,1,0.528,0.024,5
1,conj_uni,15,6,2,0.6,0.741,5
1,conj_uni,15,7,2,0.556,0.463,5
1,conj_uni,15,8,1,0.085,0.493,5
1,conj_uni,15,9,2,0.247,0.326,5
1,conj_uni,15,10,2,0.439,0.299,5
1,conj_uni,15,11,2,0.12,0.437,5
1,conj_uni,15,12,1,0.342,0.354,5
1,conj_uni,15,13,1,0.096,0.009,5
1,conj_uni,15,14,2,0.458,0.742,5
1,conj_uni,15,15,2,0.376,0.304,5
1,conj_uni,15,16,1,0.424,0.079,5
1,conj_uni,15,17,2,0.219,0.274,5
1,conj_uni,15,18,2,0.622,0.607,5
1,conj_uni,15,19,2,0.326,0.421,5
1,conj_uni,15,20,1,0.089,0.277,5
1,conj_uni,15,21,1,0.223,0.07,5
1,conj_uni,15,22,2,0.071,0.743,5
1,conj_uni,15,23,1,0,0.588,5
1,conj_uni,15,24,1,0.068,0.673,5
1,feat_grid,16,1,1,0,0.018,1
1,feat_grid,16,2,2,0.133,0.015,1
1,feat_grid,16,3,2,0.461,0.005,1
1,feat_grid,16,4,1,0.597,0,1
1,feat_grid,16,5,2,0.723,0.017,1
1,feat_grid,16,6,2,0.011,0.134,1
1,feat_grid,16,7,1,0.444,0.15,1
1,feat_grid,16,8,1,0.145,0.239,1
1,feat_grid,16,9,2,0.714,0.238,1
1,feat_grid,16,10,2,0.141,0.372,1
1,feat_grid,16,11,2,0.692,0.369,1
1,feat_grid,16,12,2,0.015,0.476,1
1,feat_grid,16,13,1,0.13,0.469,1
1,feat_grid,16,14,2,0.368,0.469,1
1,feat_grid,16,15,1,0.491,0.47,1
1,feat_grid,16,16,1,0.714,0.472,1
1,feat_grid,16,17,1,0.128,0.583,1
1,feat_grid,16,18,2,0.362,0.577,1
1,feat_grid,16,19,1,0.476,0.59,1
1,feat_grid,16,20,1,0.012,0.716,1
1,feat_grid,16,21,1,0.131,0.721,1
1,feat_grid,16,22,1,0.371,0.704,1
1,feat_grid,16,23,2,0.467,0.695,1
1,feat_grid,16,24,2,0.701,0.716,1
1,feat_grid,17,1,2,0.12,0.007,2
1,feat_grid,17,2,2,0.22,0.021,2
1,feat_grid,17,3,2,0.56,0.015,2
1,feat_grid,17,4,2,0.681,0,2
1,feat_grid,17,5,1,0,0.137,2
1,feat_grid,17,6,1,0.124,0.117,2
1,feat_grid,17,7,1,0.352,0.124,2
1,feat_grid,17,8,1,0.702,0.125,2
1,feat_grid,17,9,1,0.014,0.242,2
1,feat_grid,17,10,2,0.115,0.223,2
1,feat_grid,17,11,2,0.234,0.24,2
1,feat_grid,17,12,1,0.59,0.259,2
1,feat_grid,17,13,2,0.469,0.366,2
1,feat_grid,17,14,2,0.691,0.344,2
1,feat_grid,17,15,1,0.351,0.476,2
1,feat_grid,17,16,2,0.468,0.451,2
1,feat_grid,17,17,1,0.105,0.607,2
1,feat_grid,17,18,2,0.238,0.596,2
1,feat_grid,17,19,2,0.471,0.573,2
1,feat_grid,17,20,1,0.711,0.586,2
1,feat_grid,17,21,1,0.019,0.721,2
1,feat_grid,17,22,2,0.147,0.711,2
1,feat_grid,17,23,1,0.451,0.696,2
1,feat_grid,17,24,1,0.68,0.717,2
1,feat_grid,18,1,1,0.01,0,3
1,feat_grid,18,2,1,0.129,0.022,3
1,feat_grid,18,3,1,0.584,0.029,3
1,feat_grid,18,4,1,0.022,0.123,3
1,feat_grid,18,5,2,0.234,0.123,3
1,feat_grid,18,6,1,0.36,0.116,3
1,feat_grid,18,7,2,0.59,0.12,3
1,feat_grid,18,8,1,0.704,0.134,3
1,feat_grid,18,9,1,0.112,0.25,3
1,feat_grid,18,10,2,0.244,0.223,3
1,feat_grid,18,11,2,0.341,0.237,3
1,feat_grid,18,12,1,0.472,0.255,3
1,feat_grid,18,13,2,0.719,0.256,3
1,feat_grid,18,14,2,0.117,0.356,3
1,feat_grid,18,15,2,0,0.478,3
1,feat_grid,18,16,1,0.116,0.474,3
1,feat_grid,18,17,2,0.362,0.469,3
1,feat_grid,18,18,2,0.465,0.489,3
1,feat_grid,18,19,2,0.46,0.579,3
1,feat_grid,18,20,2,0.588,0.579,3
1,feat_grid,18,21,2,0.694,0.586,3
1,feat_grid,18,22,1,0.015,0.698,3
1,feat_grid,18,23,1,0.36,0.701,3
1,feat_grid,18,24,1,0.587,0.691,3
1,feat_grid,19,1,1,0.132,0.004,4
1,feat_grid,19,2,1,0.357,0,4
1,feat_grid,19,3,1,0.465,0.02,4
1,feat_grid,19,4,2,0.584,0.011,4
1,feat_grid,19,5,1,0.122,0.108,4
1,feat_grid,19,6,1,0.236,0.125,4
1,feat_grid,19,7,2,0.596,0.123,4
1,feat_grid,19,8,2,0.015,0.235,4
1,feat_grid,19,9,1,0.125,0.237,4
1,feat_grid,19,10,2,0.224,0.23,4
1,feat_grid,19,11,2,0.36,0.226,4
1,feat_grid,19,12,2,0.587,0.248,4
1,feat_grid,19,13,2,0.005,0.339,4
1,feat_grid,19,14,1,0.23,0.338,4
1,feat_grid,19,15,1,0,0.459,4
1,feat_grid,19,16,1,0.245,0.444,4
1,feat_grid,19,17,2,0.468,0.454,4
1,feat_grid,19,18,1,0.577,0.456,4
1,feat_grid,19,19,2,0.011,0.565,4
1,feat_grid,19,20,1,0.116,0.564,4
1,feat_grid,19,21,2,0.719,0.572,4
1,feat_grid,19,22,2,0.011,0.691,4
1,feat_grid,19,23,2,0.566,0.697,4
1,feat_grid,19,24,1,0.71,0.69,4
1,feat_grid,20,1,1,0.141,0.035,5
1,feat_grid,20,2,1,0.358,0,5
1,feat_grid,20,3,1,0.468,0.018,5
1,feat_grid,20,4,1,0.577,0.018,5
1,feat_grid,20,5,1,0.452,0.136,5
1,feat_grid,20,6,2,0.694,0.136,5
1,feat_grid,20,7,2,0,0.266,5
1,feat_grid,20,8,2,0.124,0.265,5
1,feat_grid,20,9,1,0.589,0.248,5
1,feat_grid,20,10,1,0.716,0.249,5
1,feat_grid,20,11,2,0.018,0.354,5
1,feat_grid,20,12,1,0.118,0.376,5
1,feat_grid,20,13,2,0.358,0.362,5
1,feat_grid,20,14,2,0.12,0.473,5
1,feat_grid,20,15,2,0.701,0.469,5
1,feat_grid,20,16,2,0.007,0.598,5
1,feat_grid,20,17,1,0.123,0.609,5
1,feat_grid,20,18,2,0.354,0.6,5
1,feat_grid,20,19,2,0.478,0.592,5
1,feat_grid,20,20,2,0.113,0.707,5
1,feat_grid,20,21,1,0.225,0.706,5
1,feat_grid,20,22,2,0.356,0.695,5
1,feat_grid,20,23,1,0.461,0.712,5
1,feat_grid,20,24,1,0.709,0.69,5
1,feat_rot,21,1,1,0.486,0,1
1,feat_rot,21,2,1,0.56,0.084,1
1,feat_rot,21,3,2,0.648,0.146,1
1,feat_rot,21,4,1,0.81,0.313,1
1,feat_rot,21,5,2,0.972,0.471,1
1,feat_rot,21,6,2,0.417,0.083,1
1,feat_rot,21,7,1,0.504,0.175,1
1,feat_rot,21,8,1,0.567,0.232,1
1,feat_rot,21,9,1,0.897,0.53,1
1,feat_rot,21,10,2,0.4,0.245,1
1,feat_rot,21,11,2,0.549,0.391,1
1,feat_rot,21,12,1,0.232,0.241,1
1,feat_rot,21,13,2,0.418,0.394,1
1,feat_rot,21,14,2,0.734,0.736,1
1,feat_rot,21,15,2,0.329,0.463,1
1,feat_rot,21,16,1,0.406,0.544,1
1,feat_rot,21,17,2,0.474,0.663,1
1,feat_rot,21,18,2,0.57,0.711,1
1,feat_rot,21,19,1,0.64,0.798,1
1,feat_rot,21,20,1,0.242,0.549,1
1,feat_rot,21,21,1,0.558,0.875,1
1,feat_rot,21,22,2,0,0.487,1
1,feat_rot,21,23,2,0.3,0.804,1
1,feat_rot,21,24,1,0.497,0.969,1
1,feat_rot,22,1,2,0.504,0,2
1,feat_rot,22,2,1,0.582,0.077,2
1,feat_rot,22,3,2,0.749,0.235,2
1,feat_rot,22,4,1,0.818,0.334,2
1,feat_rot,22,5,2,0.918,0.392,2
1,feat_rot,22,6,2,0.407,0.072,2
1,feat_rot,22,7,2,0.668,0.322,2
1,feat_rot,22,8,1,0.74,0.395,2
1,feat_rot,22,9,2,0.425,0.235,2
1,feat_rot,22,10,1,0.501,0.316,2
1,feat_rot,22,11,2,0.741,0.56,2
1,feat_rot,22,12,1,0.841,0.644,2
1,feat_rot,22,13,2,0.159,0.319,2
1,feat_rot,22,14,2,0.337,0.491,2
1,feat_rot,22,15,1,0.494,0.667,2
1,feat_rot,22,16,1,0.657,0.794,2
1,feat_rot,22,17,1,0.179,0.481,2
1,feat_rot,22,18,1,0.254,0.556,2
1,feat_rot,22,19,1,0.404,0.731,2
1,feat_rot,22,20,2,0.496,0.798,2
1,feat_rot,22,21,1,0.576,0.883,2
1,feat_rot,22,22,2,0,0.476,2
1,feat_rot,22,23,2,0.181,0.65,2
1,feat_rot,22,24,1,0.413,0.879,2
1,feat_rot,23,1,1,0.485,0,3
1,feat_rot,23,2,2,0.569,0.083,3
1,feat_rot,23,3,2,0.61,0.16,3
1,feat_rot,23,4,1,0.725,0.234,3
1,feat_rot,23,5,2,0.808,0.336,3
1,feat_rot,23,6,1,0.883,0.409,3
1,feat_rot,23,7,2,0.479,0.149,3
1,feat_rot,23,8,1,0.563,0.253,3
1,feat_rot,23,9,1,0.731,0.404,3
1,feat_rot,23,10,1,0.791,0.479,3
1,feat_rot,23,11,1,0.884,0.575,3
1,feat_rot,23,12,2,0.47,0.299,3
1,feat_rot,23,13,2,0.652,0.479,3
1,feat_rot,23,14,2,0.826,0.651,3
1,feat_rot,23,15,1,0.387,0.404,3
1,feat_rot,23,16,1,0.621,0.65,3
1,feat_rot,23,17,1,0.171,0.324,3
1,feat_rot,23,18,2,0.456,0.659,3
1,feat_rot,23,19,2,0.224,0.567,3
1,feat_rot,23,20,2,0.315,0.663,3
1,feat_rot,23,21,2,0.384,0.73,3
1,feat_rot,23,22,2,0,0.475,3
1,feat_rot,23,23,1,0.08,0.574,3
1,feat_rot,23,24,1,0.382,0.896,3
1,feat_rot,24,1,2,0.427,0,4
1,feat_rot,24,2,2,0.495,0.074,4
1,feat_rot,24,3,1,0.682,0.259,4
1,feat_rot,24,4,2,0.768,0.33,4
1,feat_rot,24,5,1,0.425,0.185,4
1,feat_rot,24,6,2,0.67,0.439,4
1,feat_rot,24,7,2,0.746,0.49,4
1,feat_rot,24,8,1,0.838,0.588,4
1,feat_rot,24,9,2,0.276,0.169,4
1,feat_rot,24,10,2,0.433,0.334,4
1,feat_rot,24,11,1,0.42,0.495,4
1,feat_rot,24,12,1,0.513,0.582,4
1,feat_rot,24,13,1,0.609,0.667,4
1,feat_rot,24,14,2,0.344,0.575,4
1,feat_rot,24,15,1,0.433,0.652,4
1,feat_rot,24,16,1,0.512,0.73,4
1,feat_rot,24,17,1,0.02,0.422,4
1,feat_rot,24,18,2,0.096,0.497,4
1,feat_rot,24,19,2,0.502,0.888,4
1,feat_rot,24,20,1,0,0.584,4
1,feat_rot,24,21,2,0.104,0.663,4
1,feat_rot,24,22,1,0.18,0.734,4
1,feat_rot,24,23,1,0.266,0.804,4
1,feat_rot,24,24,2,0.431,0.987,4
1,feat_rot,25,1,1,0.793,0.245,5
1,feat_rot,25,2,1,0.875,0.312,5
1,feat_rot,25,3,1,0.409,0,5
1,feat_rot,25,4,2,0.649,0.228,5
1,feat_rot,25,5,1,0.315,0.069,5
1,feat_rot,25,6,2,0.416,0.177,5
1,feat_rot,25,7,1,0.58,0.324,5
1,feat_rot,25,8,1,0.651,0.405,5
1,feat_rot,25,9,2,0.713,0.499,5
1,feat_rot,25,10,2,0.219,0.176,5
1,feat_rot,25,11,1,0.315,0.248,5
1,feat_rot,25,12,2,0.42,0.315,5
1,feat_rot,25,13,1,0.563,0.499,5
1,feat_rot,25,14,2,0.721,0.66,5
1,feat_rot,25,15,2,0.386,0.492,5
1,feat_rot,25,16,2,0.487,0.573,5
1,feat_rot,25,17,1,0.573,0.664,5
1,feat_rot,25,18,1,0.659,0.721,5
1,feat_rot,25,19,1,0.169,0.405,5
1,feat_rot,25,20,2,0.223,0.478,5
1,feat_rot,25,21,2,0.326,0.563,5
1,feat_rot,25,22,1,0.482,0.743,5
1,feat_rot,25,23,2,0,0.397,5
1,feat_rot,25,24,2,0.395,0.826,5
1,feat_uni,26,1,2,0.109,0.472,1
1,feat_uni,26,2,1,0.451,0.757,1
1,feat_uni,26,3,2,0.162,0.434,1
1,feat_uni,26,4,1,0.278,0.662,1
1,feat_uni,26,5,1,0.175,0.492,1
1,feat_uni,26,6,1,0.532,0.554,1
1,feat_uni,26,7,2,0.234,0.593,1
1,feat_uni,26,8,1,0.471,0,1
1,feat_uni,26,9,2,0.469,0.094,1
1,feat_uni,26,10,2,0.339,0.238,1
1,feat_uni,26,11,2,0.586,0.75,1
1,feat_uni,26,12,1,0.098,0.182,1
1,feat_uni,26,13,2,0.38,0.643,1
1,feat_uni,26,14,2,0.558,0.215,1
1,feat_uni,26,15,2,0.62,0.536,1
1,feat_uni,26,16,2,0,0.382,1
1,feat_uni,26,17,1,0.473,0.48,1
1,feat_uni,26,18,1,0.545,0.045,1
1,feat_uni,26,19,1,0.536,0.321,1
1,feat_uni,26,20,1,0.299,0.717,1
1,feat_uni,26,21,1,0.133,0.318,1
1,feat_uni,26,22,2,0.611,0.038,1
1,feat_uni,26,23,2,0.1,0.693,1
1,feat_uni,26,24,1,0.392,0.528,1
1,feat_uni,27,1,1,0.525,0.497,2
1,feat_uni,27,2,1,0.273,0,2
1,feat_uni,27,3,1,0.673,0.44,2
1,feat_uni,27,4,1,0.248,0.605,2
1,feat_uni,27,5,1,0.329,0.634,2
1,feat_uni,27,6,1,0.603,0.546,2
1,feat_uni,27,7,1,0.406,0.681,2
1,feat_uni,27,8,2,0.155,0.266,2
1,feat_uni,27,9,2,0.337,0.199,2
1,feat_uni,27,10,1,0.404,0.202,2
1,feat_uni,27,11,1,0.393,0.317,2
1,feat_uni,27,12,2,0.154,0.02,2
1,feat_uni,27,13,2,0.07,0.657,2
1,feat_uni,27,14,2,0.378,0.374,2
1,feat_uni,27,15,1,0.256,0.521,2
1,feat_uni,27,16,2,0.44,0.254,2
1,feat_uni,27,17,2,0.677,0.532,2
1,feat_uni,27,18,2,0.327,0.524,2
1,feat_uni,27,19,2,0.194,0.531,2
1,feat_uni,27,20,2,0.214,0.049,2
1,feat_uni,27,21,1,0.437,0.59,2
1,feat_uni,27,22,2,0,0.072,2
1,feat_uni,27,23,2,0.583,0.49,2
1,feat_uni,27,24,1,0.631,0.067,2
1,feat_uni,28,1,2,0.4,0.193,3
1,feat_uni,28,2,1,0.633,0.675,3
1,feat_uni,28,3,1,0.592,0.164,3
1,feat_uni,28,4,2,0.286,0.503,3
1,feat_uni,28,5,1,0.02,0.058,3
1,feat_uni,28,6,2,0.635,0.1,3
1,feat_uni,28,7,1,0.507,0.244,3
1,feat_uni,28,8,2,0.029,0.284,3
1,feat_uni,28,9,2,0.478,0.599,3
1,feat_uni,28,10,2,0.339,0.7,3
1,feat_uni,28,11,1,0.082,0.098,3
1,feat_uni,28,12,1,0.533,0.622,3
1,feat_uni,28,13,2,0.471,0.525,3
1,feat_uni,28,14,1,0.206,0.472,3
1,feat_uni,28,15,2,0,0.362,3
1,feat_uni,28,16,2,0.65,0.003,3
1,feat_uni,28,17,1,0.411,0.532,3
1,feat_uni,28,18,1,0.342,0.31,3
1,feat_uni,28,19,1,0.441,0.717,3
1,feat_uni,28,20,1,0.058,0,3
1,feat_uni,28,21,1,0.306,0.25,3
1,feat_uni,28,22,2,0.604,0.54,3
1,feat_uni,28,23,2,0.278,0.311,3
1,feat_uni,28,24,2,0.504,0.184,3
1,feat_uni,29,1,1,0.208,0.185,4
1,feat_uni,29,2,2,0.444,0.119,4
1,feat_uni,29,3,2,0.607,0.67,4
1,feat_uni,29,4,1,0.098,0.497,4
1,feat_uni,29,5,1,0,0.258,4
1,feat_uni,29,6,1,0.013,0.335,4
1,feat_uni,29,7,2,0.591,0.562,4
1,feat_uni,29,8,1,0.355,0.441,4
1,feat_uni,29,9,2,0.644,0,4
1,feat_uni,29,10,2,0.76,0.651,4
1,feat_uni,29,11,2,0.125,0.586,4
1,feat_uni,29,12,2,0.236,0.355,4
1,feat_uni,29,13,2,0.596,0.237,4
1,feat_uni,29,14,1,0.278,0.689,4
1,feat_uni,29,15,1,0.265,0.572,4
1,feat_uni,29,16,1,0.701,0.57,4
1,feat_uni,29,17,2,0.094,0.373,4
1,feat_uni,29,18,2,0.151,0.472,4
1,feat_uni,29,19,1,0.046,0.218,4
1,feat_uni,29,20,1,0.66,0.058,4
1,feat_uni,29,21,2,0.068,0.163,4
1,feat_uni,29,22,1,0.245,0.067,4
1,feat_uni,29,23,2,0.577,0.494,4
1,feat_uni,29,24,1,0.208,0.454,4
1,feat_uni,30,1,2,0.436,0.335,5
1,feat_uni,30,2,1,0.57,0.501,5
1,feat_uni,30,3,2,0.693,0.109,5
1,feat_uni,30,4,1,0.439,0.118,5
1,feat_uni,30,5,1,0.68,0.214,5
1,feat_uni,30,6,1,0.532,0.092,5
1,feat_uni,30,7,1,0.105,0,5
1,feat_uni,30,8,2,0.453,0.175,5
1,feat_uni,30,9,2,0.505,0.204,5
1,feat_uni,30,10,2,0.322,0.173,5
1,feat_uni,30,11,1,0.368,0.104,5
1,feat_uni,30,12,2,0.346,0.009,5
1,feat_uni,30,13,1,0.147,0.25,5
1,feat_uni,30,14,1,0.436,0.266,5
1,feat_uni,30,15,1,0.561,0.56,5
1,feat_uni,30,16,2,0.724,0.171,5
1,feat_uni,30,17,1,0.405,0.216,5
1,feat_uni,30,18,2,0.175,0.515,5
1,feat_uni,30,19,1,0.07,0.499,5
1,feat_uni,30,20,2,0.275,0.565,5
1,feat_uni,30,21,1,0.108,0.586,5
1,feat_uni,30,22,2,0.325,0.287,5
1,feat_uni,30,23,2,0.173,0.026,5
1,feat_uni,30,24,2,0,0.469,5
2,conj_grid,31,1,2,0.03,0.016,1
2,conj_grid,31,2,1,0.122,0.024,1
2,conj_grid,31,3,2,0.258,0,1
2,conj_grid,31,4,2,0.472,0.006,1
2,conj_grid,31,5,1,0.727,0.007,1
2,conj_grid,31,6,1,0.124,0.113,1
2,conj_grid,31,7,2,0.254,0.115,1
2,conj_grid,31,8,2,0.351,0.098,1
2,conj_grid,31,9,1,0.481,0.128,1
2,conj_grid,31,10,1,0.707,0.141,1
2,conj_grid,31,11,2,0,0.243,1
2,conj_grid,31,12,1,0.134,0.231,1
2,conj_grid,31,13,2,0.352,0.248,1
2,conj_grid,31,14,2,0.489,0.252,1
2,conj_grid,31,15,2,0.697,0.24,1
2,conj_grid,31,16,2,0.119,0.36,1
2,conj_grid,31,17,2,0.281,0.332,1
2,conj_grid,31,18,1,0.377,0.351,1
2,conj_grid,31,19,1,0.571,0.329,1
2,conj_grid,31,20,1,0.128,0.462,1
2,conj_grid,31,21,2,0.248,0.445,1
2,conj_grid,31,22,1,0.359,0.477,1
2,conj_grid,31,23,1,0.702,0.564,1
2,conj_grid,31,24,1,0.498,0.699,1
2,conj_grid,32,1,2,0.242,0,2
2,conj_grid,32,2,1,0.608,0.002,2
2,conj_grid,32,3,2,0.026,0.122,2
2,conj_grid,32,4,2,0.255,0.132,2
2,conj_grid,32,5,1,0.367,0.104,2
2,conj_grid,32,6,2,0.488,0.105,2
2,conj_grid,32,7,1,0.719,0.13,2
2,conj_grid,32,8,1,0.126,0.237,2
2,conj_grid,32,9,2,0.149,0.352,2
2,conj_grid,32,10,1,0.228,0.383,2
2,conj_grid,32,11,2,0.35,0.372,2
2,conj_grid,32,12,1,0.484,0.359,2
2,conj_grid,32,13,1,0.696,0.34,2
2,conj_grid,32,14,2,0.023,0.469,2
2,conj_grid,32,15,1,0.132,0.45,2
2,conj_grid,32,16,1,0.244,0.446,2
2,conj_grid,32,17,1,0.358,0.45,2
2,conj_grid,32,18,2,0.473,0.47,2
2,conj_grid,32,19,2,0.009,0.574,2
2,conj_grid,32,20,2,0.233,0.575,2
2,conj_grid,32,21,1,0.473,0.579,2
2,conj_grid,32,22,2,0,0.684,2
2,conj_grid,32,23,1,0.573,0.683,2
2,conj_grid,32,24,2,0.728,0.69,2
2,conj_grid,33,1,2,0.013,0.049,3
2,conj_grid,33,2,2,0.124,0.027,3
2,conj_grid,33,3,1,0.35,0.034,3
2,conj_grid,33,4,2,0.479,0.023,3
2,conj_grid,33,5,1,0.574,0,3
2,conj_grid,33,6,1,0.131,0.133,3
2,conj_grid,33,7,1,0.35,0.146,3
2,conj_grid,33,8,2,0.597,0.126,3
2,conj_grid,33,9,2,0.711,0.132,3
2,conj_grid,33,10,2,0.116,0.274,3
2,conj_grid,33,11,2,0.365,0.265,3
2,conj_grid,33,12,2,0.477,0.251,3
2,conj_grid,33,13,1,0.581,0.261,3
2,conj_grid,33,14,1,0.722,0.239,3
2,conj_grid,33,15,2,0.003,0.369,3
2,conj_grid,33,16,1,0.272,0.378,3
2,conj_grid,33,17,1,0.016,0.49,3
2,conj_grid,33,18,1,0,0.599,3
2,conj_grid,33,19,2,0.38,0.59,3
2,conj_grid,33,20,1,0.469,0.599,3
2,conj_grid,33,21,2,0.132,0.712,3
2,conj_grid,33,22,2,0.477,0.728,3
2,conj_grid,33,23,1,0.583,0.722,3
2,conj_grid,33,24,1,0.694,0.73,3
2,conj_grid,34,1,1,0.001,0.001,4
2,conj_grid,34,2,2,0.104,0.017,4
2,conj_grid,34,3,2,0.238,0,4
2,conj_grid,34,4,1,0.368,0.018,4
2,conj_grid,34,5,2,0.573,0.016,4
2,conj_grid,34,6,2,0.123,0.137,4
2,conj_grid,34,7,2,0.232,0.134,4
2,conj_grid,34,8,1,0.688,0.124,4
2,conj_grid,34,9,1,0.129,0.251,4
2,conj_grid,34,10,1,0.241,0.242,4
2,conj_grid,34,11,2,0.576,0.247,4
2,conj_grid,34,12,1,0,0.368,4
2,conj_grid,34,13,1,0.227,0.344,4
2,conj_grid,34,14,2,0.693,0.357,4
2,conj_grid,34,15,2,0.116,0.446,4
2,conj_grid,34,16,2,0.22,0.46,4
2,conj_grid,34,17,1,0.458,0.445,4
2,conj_grid,34,18,1,0.698,0.489,4
2,conj_grid,34,19,1,0.471,0.58,4
2,conj_grid,34,20,2,0.018,0.699,4
2,conj_grid,34,21,1,0.344,0.694,4
2,conj_grid,34,22,1,0.451,0.699,4
2,conj_grid,34,23,2,0.596,0.704,4
2,conj_grid,34,24,2,0.691,0.709,4
2,conj_grid,35,1,2,0,0,5
2,conj_grid,35,2,1,0.109,0.004,5
2,conj_grid,35,3,1,0.365,0,5
2,conj_grid,35,4,1,0.113,0.106,5
2,conj_grid,35,5,2,0.252,0.122,5
2,conj_grid,35,6,2,0.491,0.104,5
2,conj_grid,35,7,2,0.7,0.108,5
2,conj_grid,35,8,1,0.003,0.225,5
2,conj_grid,35,9,2,0.228,0.215,5
2,conj_grid,35,10,1,0.575,0.232,5
2,conj_grid,35,11,1,0.131,0.361,5
2,conj_grid,35,12,2,0.344,0.37,5
2,conj_grid,35,13,2,0.47,0.442,5
2,conj_grid,35,14,2,0.702,0.461,5
2,conj_grid,35,15,1,0.126,0.582,5
2,conj_grid,35,16,1,0.224,0.569,5
2,conj_grid,35,17,2,0.459,0.579,5
2,conj_grid,35,18,1,0.571,0.582,5
2,conj_grid,35,19,2,0.698,0.591,5
2,conj_grid,35,20,1,0.004,0.687,5
2,conj_grid,35,21,2,0.122,0.701,5
2,conj_grid,35,22,2,0.237,0.681,5
2,conj_grid,35,23,1,0.451,0.702,5
2,conj_grid,35,24,1,0.685,0.706,5
2,conj_rot,36,1,2,0.866,0.174,1
2,conj_rot,36,2,2,0.641,0.103,1
2,conj_rot,36,3,2,0.799,0.241,1
2,conj_rot,36,4,2,0.481,0.098,1
2,conj_rot,36,5,2,0.58,0.172,1
2,conj_rot,36,6,1,0.664,0.241,1
2,conj_rot,36,7,1,0.806,0.407,1
2,conj_rot,36,8,2,0.271,0,1
2,conj_rot,36,9,2,0.303,0.079,1
2,conj_rot,36,10,1,0.399,0.169,1
2,conj_rot,36,11,2,0.474,0.266,1
2,conj_rot,36,12,2,0.574,0.335,1
2,conj_rot,36,13,2,0.735,0.487,1
2,conj_rot,36,14,1,0.309,0.225,1
2,conj_rot,36,15,2,0.566,0.48,1
2,conj_rot,36,16,2,0.17,0.243,1
2,conj_rot,36,17,1,0.394,0.491,1
2,conj_rot,36,18,1,0.464,0.573,1
2,conj_rot,36,19,1,0.567,0.662,1
2,conj_rot,36,20,1,0,0.269,1
2,conj_rot,36,21,1,0.1,0.335,1
2,conj_rot,36,22,1,0.328,0.581,1
2,conj_rot,36,23,1,0.395,0.647,1
2,conj_rot,36,24,1,0.494,0.732,1
2,conj_rot,37,1,1,0.64,0,2
2,conj_rot,37,2,1,0.982,0.32,2
2,conj_rot,37,3,2,0.56,0.065,2
2,conj_rot,37,4,2,0.724,0.239,2
2,conj_rot,37,5,2,0.326,0,2
2,conj_rot,37,6,1,0.409,0.069,2
2,conj_rot,37,7,2,0.583,0.226,2
2,conj_rot,37,8,1,0.232,0.079,2
2,conj_rot,37,9,1,0.327,0.143,2
2,conj_rot,37,10,2,0.416,0.237,2
2,conj_rot,37,11,2,0.486,0.308,2
2,conj_rot,37,12,1,0.638,0.474,2
2,conj_rot,37,13,2,0.245,0.24,2
2,conj_rot,37,14,2,0.311,0.303,2
2,conj_rot,37,15,2,0.492,0.478,2
2,conj_rot,37,16,1,0.579,0.565,2
2,conj_rot,37,17,1,0.159,0.329,2
2,conj_rot,37,18,1,0.259,0.39,2
2,conj_rot,37,19,2,0.344,0.469,2
2,conj_rot,37,20,1,0.564,0.71,2
2,conj_rot,37,21,1,0,0.323,2
2,conj_rot,37,22,2,0.074,0.399,2
2,conj_rot,37,23,2,0.23,0.554,2
2,conj_rot,37,24,1,0.323,0.657,2
2,conj_rot,38,1,1,0.395,0,3
2,conj_rot,38,2,2,0.821,0.4,3
2,conj_rot,38,3,1,0.34,0.094,3
2,conj_rot,38,4,1,0.418,0.148,3
2,conj_rot,38,5,1,0.648,0.401,3
2,conj_rot,38,6,1,0.259,0.155,3
2,conj_rot,38,7,1,0.325,0.239,3
2,conj_rot,38,8,2,0.496,0.397,3
2,conj_rot,38,9,1,0.575,0.473,3
2,conj_rot,38,10,2,0.685,0.558,3
2,conj_rot,38,11,1,0.75,0.632,3
2,conj_rot,38,12,2,0.257,0.312,3
2,conj_rot,38,13,2,0.33,0.414,3
2,conj_rot,38,14,1,0.578,0.646,3
2,conj_rot,38,15,1,0.087,0.307,3
2,conj_rot,38,16,2,0.33,0.577,3
2,conj_rot,38,17,1,0.422,0.65,3
2,conj_rot,38,18,2,0.582,0.806,3
2,conj_rot,38,19,2,0,0.424,3
2,conj_rot,38,20,2,0.245,0.641,3
2,conj_rot,38,21,2,0.343,0.712,3
2,conj_rot,38,22,1,0.506,0.872,3
2,conj_rot,38,23,2,0.26,0.806,3
2,conj_rot,38,24,2,0.395,0.964,3
2,conj_rot,39,1,1,0.893,0.328,4
2,conj_rot,39,2,2,0.981,0.426,4
2,conj_rot,39,3,2,0.397,0,4
2,conj_rot,39,4,2,0.639,0.256,4
2,conj_rot,39,5,1,0.739,0.313,4
2,conj_rot,39,6,2,0.882,0.499,4
2,conj_rot,39,7,1,0.391,0.174,4
2,conj_rot,39,8,2,0.485,0.25,4
2,conj_rot,39,9,1,0.226,0.17,4
2,conj_rot,39,10,2,0.334,0.254,4
2,conj_rot,39,11,2,0.654,0.577,4
2,conj_rot,39,12,1,0.174,0.244,4
2,conj_rot,39,13,2,0.245,0.328,4
2,conj_rot,39,14,1,0.324,0.414,4
2,conj_rot,39,15,1,0.424,0.522,4
2,conj_rot,39,16,1,0.49,0.576,4
2,conj_rot,39,17,2,0.264,0.486,4
2,conj_rot,39,18,2,0.33,0.581,4
2,conj_rot,39,19,1,0.41,0.647,4
2,conj_rot,39,20,1,0.49,0.732,4
2,conj_rot,39,21,1,0,0.43,4
2,conj_rot,39,22,2,0.181,0.601,4
2,conj_rot,39,23,2,0.236,0.641,4
2,conj_rot,39,24,1,0.487,0.91,4
2,conj_rot,40,1,1,0.419,0,5
2,conj_rot,40,2,2,0.482,0.097,5
2,conj_rot,40,3,1,0.649,0.238,5
2,conj_rot,40,4,1,0.296,0.073,5
2,conj_rot,40,5,1,0.399,0.17,5
2,conj_rot,40,6,2,0.497,0.237,5
2,conj_rot,40,7,2,0.644,0.439,5
2,conj_rot,40,8,2,0.732,0.513,5
2,conj_rot,40,9,1,0.319,0.253,5
2,conj_rot,40,10,2,0.408,0.341,5
2,conj_rot,40,11,1,0.495,0.435,5
2,conj_rot,40,12,1,0.658,0.594,5
2,conj_rot,40,13,2,0.081,0.166,5
2,conj_rot,40,14,1,0.171,0.265,5
2,conj_rot,40,15,1,0.23,0.357,5
2,conj_rot,40,16,1,0.305,0.41,5
2,conj_rot,40,17,1,0.603,0.642,5
2,conj_rot,40,18,2,0.184,0.426,5
2,conj_rot,40,19,2,0,0.429,5
2,conj_rot,40,20,2,0.099,0.504,5
2,conj_rot,40,21,2,0.154,0.574,5
2,conj_rot,40,22,2,0.252,0.659,5
2,conj_rot,40,23,1,0.325,0.721,5
2,conj_rot,40,24,2,0.322,0.894,5
2,conj_uni,41,1,1,0.441,0.525,1
2,conj_uni,41,2,2,0.685,0.468,1
2,conj_uni,41,3,2,0.474,0.367,1
2,conj_uni,41,4,2,0.113,0.119,1
2,conj_uni,41,5,1,0.641,0,1
2,conj_uni,41,6,1,0.642,0.382,1
2,conj_uni,41,7,1,0.603,0.228,1
2,conj_uni,41,8,2,0.083,0.637,1
2,conj_uni,41,9,2,0.165,0.172,1
2,conj_uni,41,10,2,0.327,0.563,1
2,conj_uni,41,11,1,0.68,0.614,1
2,conj_uni,41,12,1,0.259,0.629,1
2,conj_uni,41,13,2,0.153,0.074,1
2,conj_uni,41,14,1,0,0.128,1
2,conj_uni,41,15,2,0.038,0.259,1
2,conj_uni,41,16,1,0.369,0.739,1
2,conj_uni,41,17,2,0.081,0.75,1
2,conj_uni,41,18,2,0.098,0.265,1
2,conj_uni,41,19,2,0.561,0.573,1
2,conj_uni,41,20,1,0.265,0.349,1
2,conj_uni,41,21,1,0.166,0.733,1
2,conj_uni,41,22,2,0.442,0.467,1
2,conj_uni,41,23,1,0.574,0.088,1
2,conj_uni,41,24,1,0.566,0.332,1
2,conj_uni,42,1,1,0.555,0.209,2
2,conj_uni,42,2,2,0.567,0.152,2
2,conj_uni,42,3,1,0.252,0.273,2
2,conj_uni,42,4,1,0.605,0.092,2
2,conj_uni,42,5,2,0.219,0.224,2
2,conj_uni,42,6,2,0.505,0.445,2
2,conj_uni,42,7,2,0.085,0.375,2
2,conj_uni,42,8,1,0.033,0.405,2
2,conj_uni,42,9,2,0.222,0.352,2
2,conj_uni,42,10,1,0.438,0.3,2
2,conj_uni,42,11,2,0.193,0,2
2,conj_uni,42,12,2,0.168,0.326,2
2,conj_uni,42,13,2,0.436,0.36,2
2,conj_uni,42,14,2,0.132,0.194,2
2,conj_uni,42,15,1,0.572,0.363,2
2,conj_uni,42,16,1,0.552,0.615,2
2,conj_uni,42,17,1,0.081,0.074,2
2,conj_uni,42,18,2,0.542,0.035,2
2,conj_uni,42,19,2,0,0.714,2
2,conj_uni,42,20,1,0.355,0.227,2
2,conj_uni,42,21,1,0.626,0.151,2
2,conj_uni,42,22,1,0.376,0.448,2
2,conj_uni,42,23,1,0.138,0.404,2
2,conj_uni,42,24,2,0.51,0.385,2
2,conj_uni,43,1,2,0.005,0.221,3
2,conj_uni,43,2,1,0.667,0.514,3
2,conj_uni,43,3,1,0.22,0.536,3
2,conj_uni,43,4,2,0,0.623,3
2,conj_uni,43,5,1,0.074,0.147,3
2,conj_uni,43,6,1,0.134,0.154,3
2,conj_uni,43,7,2,0.503,0.134,3
2,conj_uni,43,8,2,0.666,0.386,3
2,conj_uni,43,9,1,0.672,0.244,3
2,conj_uni,43,10,1,0.545,0.369,3
2,conj_uni,43,11,1,0.453,0.205,3
2,conj_uni,43,12,2,0.272,0.028,3
2,conj_uni,43,13,2,0.241,0.687,3
2,conj_uni,43,14,2,0.554,0.482,3
2,conj_uni,43,15,2,0.196,0.057,3
2,conj_uni,43,16,1,0.259,0.111,3
2,conj_uni,43,17,2,0.567,0.424,3
2,conj_uni,43,18,1,0.219,0,3
2,conj_uni,43,19,2,0.414,0.668,3
2,conj_uni,43,20,1,0.487,0.376,3
2,conj_uni,43,21,1,0.249,0.321,3
2,conj_uni,43,22,2,0.508,0.708,3
2,conj_uni,43,23,2,0.442,0.13,3
2,conj_uni,43,24,1,0.317,0.187,3
2,conj_uni,44,1,1,0.366,0.089,4
2,conj_uni,44,2,1,0.467,0.433,4
2,conj_uni,44,3,2,0.225,0.499,4
2,conj_uni,44,4,1,0.255,0.657,4
2,conj_uni,44,5,2,0.665,0.43,4
2,conj_uni,44,6,2,0.716,0.46,4
2,conj_uni,44,7,1,0.712,0.519,4
2,conj_uni,44,8,1,0.278,0.242,4
2,conj_uni,44,9,1,0.508,0.272,4
2,conj_uni,44,10,2,0.154,0.133,4
2,conj_uni,44,11,1,0.033,0.099,4
2,conj_uni,44,12,2,0.218,0.141,4
2,conj_uni,44,13,2,0.406,0.045,4
2,conj_uni,44,14,1,0.19,0.618,4
2,conj_uni,44,15,1,0.326,0.206,4
2,conj_uni,44,16,2,0.392,0.476,4
2,conj_uni,44,17,2,0.077,0.514,4
2,conj_uni,44,18,2,0.341,0,4
2,conj_uni,44,19,1,0.211,0.33,4
2,conj_uni,44,20,2,0.349,0.284,4
2,conj_uni,44,21,2,0.512,0.559,4
2,conj_uni,44,22,1,0,0.48,4
2,conj_uni,44,23,1,0.758,0.367,4
2,conj_uni,44,24,2,0.555,0.012,4
2,conj_uni,45,1,1,0.455,0.353,5
2,conj_uni,45,2,2,0.187,0.292,5
2,conj_uni,45,3,2,0.047,0.41,5
2,conj_uni,45,4,2,0.275,0.458,5
2,conj_uni,45,5,1,0.348,0.358,5
2,conj_uni,45,6,2,0.438,0.66,5
2,conj_uni,45,7,2,0.388,0.512,5
2,conj_uni,45,8,1,0.037,0.495,5
2,conj_uni,45,9,1,0.397,0.757,5
2,conj_uni,45,10,1,0.59,0.465,5
2,conj_uni,45,11,1,0.218,0.402,5
2,conj_uni,45,12,2,0.121,0.544,5
2,conj_uni,45,13,1,0.519,0.458,5
2,conj_uni,45,14,1,0.022,0.151,5
2,conj_uni,45,15,2,0.489,0.145,5
2,conj_uni,45,16,2,0.402,0.324,5
2,conj_uni,45,17,2,0.656,0.668,5
2,conj_uni,45,18,1,0.654,0.302,5
2,conj_uni,45,19,2,0.67,0.241,5
2,conj_uni,45,20,1,0.083,0.143,5
2,conj_uni,45,21,1,0,0.037,5
2,conj_uni,45,22,2,0.082,0.595,5
2,conj_uni,45,23,2,0.277,0,5
2,conj_uni,45,24,1,0.245,0.647,5
2,feat_grid,46,1,1,0.007,0,1
2,feat_grid,46,2,2,0.567,0.003,1
2,feat_grid,46,3,2,0.701,0.005,1
2,feat_grid,46,4,1,0.001,0.111,1
2,feat_grid,46,5,1,0.235,0.124,1
2,feat_grid,46,6,1,0.349,0.137,1
2,feat_grid,46,7,1,0.461,0.105,1
2,feat_grid,46,8,1,0.566,0.118,1
2,feat_grid,46,9,1,0.115,0.22,1
2,feat_grid,46,10,2,0.348,0.221,1
2,feat_grid,46,11,1,0.461,0.219,1
2,feat_grid,46,12,1,0,0.351,1
2,feat_grid,46,13,2,0.223,0.352,1
2,feat_grid,46,14,1,0.344,0.33,1
2,feat_grid,46,15,2,0.582,0.349,1
2,feat_grid,46,16,2,0.69,0.349,1
2,feat_grid,46,17,1,0.13,0.469,1
2,feat_grid,46,18,2,0.238,0.48,1
2,feat_grid,46,19,2,0.578,0.451,1
2,feat_grid,46,20,1,0.473,0.562,1
2,feat_grid,46,21,2,0.57,0.575,1
2,feat_grid,46,22,2,0.012,0.693,1
2,feat_grid,46,23,2,0.36,0.712,1
2,feat_grid,46,24,2,0.569,0.69,1
2,feat_grid,47,1,2,0.119,0,2
2,feat_grid,47,2,2,0.225,0.011,2
2,feat_grid,47,3,1,0.708,0.02,2
2,feat_grid,47,4,2,0.235,0.133,2
2,feat_grid,47,5,1,0.348,0.114,2
2,feat_grid,47,6,2,0.467,0.128,2
2,feat_grid,47,7,2,0.469,0.238,2
2,feat_grid,47,8,1,0.579,0.237,2
2,feat_grid,47,9,2,0,0.363,2
2,feat_grid,47,10,1,0.13,0.365,2
2,feat_grid,47,11,2,0.332,0.351,2
2,feat_grid,47,12,2,0.702,0.356,2
2,feat_grid,47,13,2,0.129,0.471,2
2,feat_grid,47,14,1,0.233,0.471,2
2,feat_grid,47,15,1,0.45,0.47,2
2,feat_grid,47,16,2,0.581,0.467,2
2,feat_grid,47,17,1,0.105,0.584,2
2,feat_grid,47,18,1,0.458,0.588,2
2,feat_grid,47,19,1,0.572,0.575,2
2,feat_grid,47,20,2,0.699,0.599,2
2,feat_grid,47,21,1,0.231,0.701,2
2,feat_grid,47,22,1,0.354,0.679,2
2,feat_grid,47,23,1,0.47,0.68,2
2,feat_grid,47,24,2,0.566,0.685,2
2,feat_grid,48,1,1,0.002,0.017,3
2,feat_grid,48,2,1,0.222,0.007,3
2,feat_grid,48,3,1,0.313,0,3
2,feat_grid,48,4,2,0.573,0.003,3
2,feat_grid,48,5,2,0.111,0.122,3
2,feat_grid,48,6,2,0.558,0.136,3
2,feat_grid,48,7,2,0,0.219,3
2,feat_grid,48,8,2,0.438,0.227,3
2,feat_grid,48,9,1,0.573,0.236,3
2,feat_grid,48,10,2,0.68,0.228,3
2,feat_grid,48,11,2,0.005,0.344,3
2,feat_grid,48,12,1,0.217,0.335,3
2,feat_grid,48,13,1,0.584,0.361,3
2,feat_grid,48,14,2,0.676,0.345,3
2,feat_grid,48,15,2,0.104,0.443,3
2,feat_grid,48,16,1,0.348,0.464,3
2,feat_grid,48,17,1,0.563,0.441,3
2,feat_grid,48,18,2,0.001,0.58,3
2,feat_grid,48,19,1,0.234,0.576,3
2,feat_grid,48,20,1,0.447,0.581,3
2,feat_grid,48,21,1,0.575,0.566,3
2,feat_grid,48,22,2,0.234,0.696,3
2,feat_grid,48,23,2,0.571,0.678,3
2,feat_grid,48,24,1,0.705,0.677,3
2,feat_grid,49,1,2,0.007,0.021,4
2,feat_grid,49,2,1,0.481,0,4
2,feat_grid,49,3,2,0.362,0.091,4
2,feat_grid,49,4,1,0.459,0.116,4
2,feat_grid,49,5,2,0.695,0.1,4
2,feat_grid,49,6,2,0.032,0.22,4
2,feat_grid,49,7,1,0.124,0.239,4
2,feat_grid,49,8,2,0.252,0.225,4
2,feat_grid,49,9,1,0.344,0.249,4
2,feat_grid,49,10,2,0.251,0.328,4
2,feat_grid,49,11,2,0.457,0.325,4
2,feat_grid,49,12,2,0.709,0.338,4
2,feat_grid,49,13,1,0.024,0.467,4
2,feat_grid,49,14,1,0.146,0.469,4
2,feat_grid,49,15,2,0.247,0.441,4
2,feat_grid,49,16,1,0.359,0.467,4
2,feat_grid,49,17,2,0.472,0.444,4
2,feat_grid,49,18,1,0.696,0.467,4
2,feat_grid,49,19,1,0,0.562,4
2,feat_grid,49,20,2,0.244,0.574,4
2,feat_grid,49,21,1,0.354,0.564,4
2,feat_grid,49,22,2,0.479,0.594,4
2,feat_grid,49,23,1,0.343,0.688,4
2,feat_grid,49,24,1,0.595,0.702,4
2,feat_grid,50,1,2,0.228,0.02,5
2,feat_grid,50,2,2,0.366,0.009,5
2,feat_grid,50,3,1,0.69,0,5
2,feat_grid,50,4,2,0.243,0.111,5
2,feat_grid,50,5,2,0.37,0.114,5
2,feat_grid,50,6,2,0.461,0.125,5
2,feat_grid,50,7,1,0.601,0.122,5
2,feat_grid,50,8,1,0,0.214,5
2,feat_grid,50,9,1,0.367,0.226,5
2,feat_grid,50,10,2,0.478,0.232,5
2,feat_grid,50,11,1,0.112,0.346,5
2,feat_grid,50,12,2,0.36,0.379,5
2,feat_grid,50,13,1,0.012,0.456,5
2,feat_grid,50,14,1,0.128,0.475,5
2,feat_grid,50,15,2,0.218,0.459,5
2,feat_grid,50,16,2,0.601,0.462,5
2,feat_grid,50,17,1,0.114,0.593,5
2,feat_grid,50,18,2,0.468,0.569,5
2,feat_grid,50,19,1,0.581,0.582,5
2,feat_grid,50,20,1,0.007,0.719,5
2,feat_grid,50,21,1,0.348,0.68,5
2,feat_grid,50,22,2,0.452,0.695,5
2,feat_grid,50,23,2,0.582,0.678,5
2,feat_grid,50,24,1,0.697,0.696,5
2,feat_rot,51,1,2,0.493,0,1
2,feat_rot,51,2,2,0.645,0.146,1
2,feat_rot,51,3,1,0.394,0.087,1
2,feat_rot,51,4,1,0.817,0.475,1
2,feat_rot,51,5,1,0.889,0.571,1
2,feat_rot,51,6,2,0.33,0.149,1
2,feat_rot,51,7,2,0.643,0.485,1
2,feat_rot,51,8,2,0.311,0.322,1
2,feat_rot,51,9,2,0.494,0.505,1
2,feat_rot,51,10,2,0.547,0.549,1
2,feat_rot,51,11,2,0.738,0.741,1
2,feat_rot,51,12,1,0.324,0.477,1
2,feat_rot,51,13,1,0.382,0.576,1
2,feat_rot,51,14,1,0.576,0.748,1
2,feat_rot,51,15,1,0.638,0.795,1
2,feat_rot,51,16,1,0.243,0.559,1
2,feat_rot,51,17,1,0.378,0.716,1
2,feat_rot,51,18,2,0.476,0.796,1
2,feat_rot,51,19,2,0.546,0.887,1
2,feat_rot,51,20,1,0,0.494,1
2,feat_rot,51,21,2,0.184,0.647,1
2,feat_rot,51,22,2,0.233,0.739,1
2,feat_rot,51,23,1,0.322,0.792,1
2,feat_rot,51,24,1,0.473,0.969,1
2,feat_rot,52,1,2,0.804,0.159,2
2,feat_rot,52,2,1,0.893,0.256,2
2,feat_rot,52,3,2,0.452,0,2
2,feat_rot,52,4,2,0.555,0.086,2
2,feat_rot,52,5,1,0.816,0.322,2
2,feat_rot,52,6,1,0.401,0.107,2
2,feat_rot,52,7,1,0.493,0.163,2
2,feat_rot,52,8,1,0.549,0.275,2
2,feat_rot,52,9,1,0.635,0.346,2
2,feat_rot,52,10,1,0.409,0.244,2
2,feat_rot,52,11,2,0.645,0.491,2
2,feat_rot,52,12,1,0.732,0.574,2
2,feat_rot,52,13,1,0.311,0.349,2
2,feat_rot,52,14,2,0.478,0.494,2
2,feat_rot,52,15,1,0.57,0.576,2
2,feat_rot,52,16,2,0.139,0.33,2
2,feat_rot,52,17,2,0.227,0.419,2
2,feat_rot,52,18,1,0.383,0.57,2
2,feat_rot,52,19,2,0.571,0.723,2
2,feat_rot,52,20,2,0,0.327,2
2,feat_rot,52,21,2,0.25,0.564,2
2,feat_rot,52,22,2,0.32,0.657,2
2,feat_rot,52,23,2,0.394,0.728,2
2,feat_rot,52,24,1,0.463,0.824,2
2,feat_rot,53,1,2,0.431,0,3
2,feat_rot,53,2,1,0.577,0.155,3
2,feat_rot,53,3,2,0.741,0.325,3
2,feat_rot,53,4,1,0.82,0.406,3
2,feat_rot,53,5,2,0.319,0.065,3
2,feat_rot,53,6,2,0.421,0.146,3
2,feat_rot,53,7,2,0.574,0.319,3
2,feat_rot,53,8,2,0.752,0.467,3
2,feat_rot,53,9,1,0.253,0.163,3
2,feat_rot,53,10,2,0.345,0.226,3
2,feat_rot,53,11,1,0.565,0.492,3
2,feat_rot,53,12,1,0.672,0.558,3
2,feat_rot,53,13,1,0.102,0.163,3
2,feat_rot,53,14,2,0.244,0.293,3
2,feat_rot,53,15,2,0.343,0.409,3
2,feat_rot,53,16,1,0.42,0.485,3
2,feat_rot,53,17,1,0.105,0.308,3
2,feat_rot,53,18,1,0.437,0.634,3
2,feat_rot,53,19,2,0,0.403,3
2,feat_rot,53,20,2,0.243,0.644,3
2,feat_rot,53,21,1,0.328,0.729,3
2,feat_rot,53,22,1,0.414,0.8,3
2,feat_rot,53,23,2,0.034,0.567,3
2,feat_rot,53,24,1,0.079,0.633,3
2,feat_rot,54,1,1,0.474,0,4
2,feat_rot,54,2,1,0.707,0.226,4
2,feat_rot,54,3,1,0.811,0.299,4
2,feat_rot,54,4,2,0.903,0.401,4
2,feat_rot,54,5,2,0.548,0.226,4
2,feat_rot,54,6,1,0.652,0.29,4
2,feat_rot,54,7,1,0.888,0.554,4
2,feat_rot,54,8,2,0.392,0.24,4
2,feat_rot,54,9,2,0.667,0.457,4
2,feat_rot,54,10,2,0.726,0.559,4
2,feat_rot,54,11,1,0.393,0.401,4
2,feat_rot,54,12,2,0.495,0.48,4
2,feat_rot,54,13,1,0.575,0.56,4
2,feat_rot,54,14,1,0.654,0.621,4
2,feat_rot,54,15,1,0.738,0.719,4
2,feat_rot,54,16,2,0.477,0.634,4
2,feat_rot,54,17,2,0.564,0.714,4
2,feat_rot,54,18,1,0.148,0.469,4
2,feat_rot,54,19,1,0.29,0.647,4
2,feat_rot,54,20,2,0.399,0.706,4
2,feat_rot,54,21,2,0.555,0.896,4
2,feat_rot,54,22,1,0,0.468,4
2,feat_rot,54,23,2,0.082,0.552,4
2,feat_rot,54,24,2,0.293,0.797,4
2,feat_rot,55,1,1,0.629,0,5
2,feat_rot,55,2,1,0.813,0.163,5
2,feat_rot,55,3,2,0.88,0.248,5
2,feat_rot,55,4,1,0.482,0.016,5
2,feat_rot,55,5,2,0.648,0.154,5
2,feat_rot,55,6,1,0.487,0.148,5
2,feat_rot,55,7,2,0.549,0.236,5
2,feat_rot,55,8,2,0.325,0.141,5
2,feat_rot,55,9,1,0.389,0.258,5
2,feat_rot,55,10,2,0.479,0.311,5
2,feat_rot,55,11,2,0.646,0.471,5
2,feat_rot,55,12,2,0.221,0.228,5
2,feat_rot,55,13,1,0.307,0.313,5
2,feat_rot,55,14,2,0.567,0.578,5
2,feat_rot,55,15,1,0.629,0.651,5
2,feat_rot,55,16,1,0.14,0.35,5
2,feat_rot,55,17,2,0.234,0.411,5
2,feat_rot,55,18,1,0.288,0.472,5
2,feat_rot,55,19,2,0.399,0.564,5
2,feat_rot,55,20,1,0.484,0.66,5
2,feat_rot,55,21,1,0,0.322,5
2,feat_rot,55,22,2,0.064,0.418,5
2,feat_rot,55,23,1,0.305,0.637,5
2,feat_rot,55,24,2,0.39,0.733,5
2,feat_uni,56,1,1,0.362,0,1
2,feat_uni,56,2,2,0.265,0.609,1
2,feat_uni,56,3,2,0.128,0.342,1
2,feat_uni,56,4,1,0.485,0.046,1
2,feat_uni,56,5,2,0.223,0.274,1
2,feat_uni,56,6,2,0.203,0.451,1
2,feat_uni,56,7,2,0.303,0.524,1
2,feat_uni,56,8,1,0.077,0.271,1
2,feat_uni,56,9,2,0.699,0.67,1
2,feat_uni,56,10,2,0.283,0.467,1
2,feat_uni,56,11,1,0.156,0.744,1
2,feat_uni,56,12,1,0.586,0.317,1
2,feat_uni,56,13,1,0.658,0.355,1
2,feat_uni,56,14,2,0.419,0.34,1
2,feat_uni,56,15,2,0.423,0,1
2,feat_uni,56,16,1,0.307,0.069,1
2,feat_uni,56,17,2,0.36,0.335,1
2,feat_uni,56,18,1,0.638,0.141,1
2,feat_uni,56,19,1,0.691,0.305,1
2,feat_uni,56,20,2,0.365,0.599,1
2,feat_uni,56,21,1,0.576,0.583,1
2,feat_uni,56,22,1,0,0.732,1
2,feat_uni,56,23,2,0.308,0.721,1
2,feat_uni,56,24,1,0.523,0.545,1
2,feat_uni,57,1,2,0.743,0.377,2
2,feat_uni,57,2,1,0.03,0.185,2
2,feat_uni,57,3,2,0.508,0.539,2
2,feat_uni,57,4,2,0.56,0.033,2
2,feat_uni,57,5,1,0.569,0.114,2
2,feat_uni,57,6,1,0.039,0.672,2
2,feat_uni,57,7,1,0.556,0.576,2
2,feat_uni,57,8,2,0.524,0.637,2
2,feat_uni,57,9,1,0.101,0.399,2
2,feat_uni,57,10,1,0.329,0.358,2
2,feat_uni,57,11,2,0.348,0.559,2
2,feat_uni,57,12,1,0.312,0.231,2
2,feat_uni,57,13,2,0.661,0.04,2
2,feat_uni,57,14,1,0.224,0.134,2
2,feat_uni,57,15,2,0.313,0.444,2
2,feat_uni,57,16,1,0.443,0.345,2
2,feat_uni,57,17,2,0.218,0.193,2
2,feat_uni,57,18,2,0.222,0.554,2
2,feat_uni,57,19,2,0.537,0.209,2
2,feat_uni,57,20,1,0.684,0.207,2
2,feat_uni,57,21,2,0,0.569,2
2,feat_uni,57,22,1,0.548,0.442,2
2,feat_uni,57,23,2,0.707,0,2
2,feat_uni,57,24,1,0.287,0.559,2
2,feat_uni,58,1,1,0.574,0.464,3
2,feat_uni,58,2,1,0.665,0.742,3
2,feat_uni,58,3,1,0.422,0.615,3
2,feat_uni,58,4,1,0.319,0.067,3
2,feat_uni,58,5,1,0.739,0.131,3
2,feat_uni,58,6,2,0.702,0.344,3
2,feat_uni,58,7,2,0.16,0.761,3
2,feat_uni,58,8,1,0.09,0.281,3
2,feat_uni,58,9,1,0,0.124,3
2,feat_uni,58,10,1,0.526,0.391,3
2,feat_uni,58,11,2,0.489,0.124,3
2,feat_uni,58,12,2,0.665,0.682,3
2,feat_uni,58,13,1,0.21,0.607,3
2,feat_uni,58,14,2,0.745,0.531,3
2,feat_uni,58,15,2,0.1,0.124,3
2,feat_uni,58,16,2,0.468,0.379,3
2,feat_uni,58,17,1,0.316,0.575,3
2,feat_uni,58,18,2,0.522,0.31,3
2,feat_uni,58,19,1,0.632,0.475,3
2,feat_uni,58,20,2,0.115,0.335,3
2,feat_uni,58,21,2,0.673,0,3
2,feat_uni,58,22,2,0.389,0.396,3
2,feat_uni,58,23,1,0.606,0.752,3
2,feat_uni,58,24,2,0.371,0.706,3
2,feat_uni,59,1,2,0.334,0.291,4
2,feat_uni,59,2,1,0.275,0.397,4
2,feat_uni,59,3,2,0.235,0.313,4
2,feat_uni,59,4,2,0.313,0.2,4
2,feat_uni,59,5,2,0.397,0.119,4
2,feat_uni,59,6,2,0.328,0.054,4
2,feat_uni,59,7,1,0.272,0.488,4
2,feat_uni,59,8,2,0.749,0.472,4
2,feat_uni,59,9,1,0.047,0.148,4
2,feat_uni,59,10,1,0.116,0.275,4
2,feat_uni,59,11,2,0.184,0.283,4
2,feat_uni,59,12,1,0.4,0.651,4
2,feat_uni,59,13,2,0.117,0.049,4
2,feat_uni,59,14,2,0.532,0.49,4
2,feat_uni,59,15,1,0.152,0,4
2,feat_uni,59,16,2,0.32,0.113,4
2,feat_uni,59,17,1,0.216,0.409,4
2,feat_uni,59,18,1,0.163,0.143,4
2,feat_uni,59,19,1,0.557,0.15,4
2,feat_uni,59,20,1,0.469,0.421,4
2,feat_uni,59,21,2,0.659,0.324,4
2,feat_uni,59,22,1,0.395,0.283,4
2,feat_uni,59,23,2,0.169,0.461,4
2,feat_uni,59,24,1,0,0.053,4
2,feat_uni,60,1,2,0.053,0.204,5
2,feat_uni,60,2,2,0.552,0.711,5
2,feat_uni,60,3,2,0.119,0.463,5
2,feat_uni,60,4,2,0.444,0.493,5
2,feat_uni,60,5,1,0.296,0.692,5
2,feat_uni,60,6,1,0.674,0.69,5
2,feat_uni,60,7,1,0.053,0.145,5
2,feat_uni,60,8,2,0.13,0.694,5
2,feat_uni,60,9,1,0,0.231,5
2,feat_uni,60,10,2,0.133,0.152,5
2,feat_uni,60,11,2,0.14,0.084,5
2,feat_uni,60,12,1,0.573,0.656,5
2,feat_uni,60,13,2,0.157,0.609,5
2,feat_uni,60,14,1,0.201,0.68,5
2,feat_uni,60,15,1,0.693,0.492,5
2,feat_uni,60,16,1,0.632,0.188,5
2,feat_uni,60,17,2,0.245,0,5
2,feat_uni,60,18,2,0.392,0.56,5
2,feat_uni,60,19,1,0.231,0.496,5
2,feat_uni,60,20,2,0.58,0.405,5
2,feat_uni,60,21,1,0.273,0.414,5
2,feat_uni,60,22,1,0.42,0.647,5
2,feat_uni,60,23,1,0.691,0.552,5
2,feat_uni,60,24,2,0.438,0.047,5
3,conj_grid,61,1,1,0.227,0,1
3,conj_grid,61,2,2,0.022,0.134,1
3,conj_grid,61,3,1,0.223,0.146,1
3,conj_grid,61,4,2,0.35,0.116,1
3,conj_grid,61,5,1,0.46,0.129,1
3,conj_grid,61,6,1,0.605,0.14,1
3,conj_grid,61,7,1,0.705,0.149,1
3,conj_grid,61,8,1,0.011,0.238,1
3,conj_grid,61,9,1,0.458,0.237,1
3,conj_grid,61,10,2,0.691,0.238,1
3,conj_grid,61,11,2,0.371,0.359,1
3,conj_grid,61,12,1,0.462,0.354,1
3,conj_grid,61,13,1,0.119,0.471,1
3,conj_grid,61,14,2,0.375,0.499,1
3,conj_grid,61,15,1,0.458,0.475,1
3,conj_grid,61,16,2,0.607,0.48,1
3,conj_grid,61,17,2,0.705,0.476,1
3,conj_grid,61,18,1,0,0.591,1
3,conj_grid,61,19,2,0.467,0.581,1
3,conj_grid,61,20,1,0.699,0.582,1
3,conj_grid,61,21,2,0.113,0.695,1
3,conj_grid,61,22,2,0.36,0.698,1
3,conj_grid,61,23,2,0.577,0.71,1
3,conj_grid,61,24,2,0.696,0.71,1
3,conj_grid,62,1,2,0.001,0,2
3,conj_grid,62,2,1,0.343,0.002,2
3,conj_grid,62,3,2,0,0.113,2
3,conj_grid,62,4,1,0.121,0.115,2
3,conj_grid,62,5,1,0.579,0.129,2
3,conj_grid,62,6,2,0.701,0.121,2
3,conj_grid,62,7,1,0.017,0.231,2
3,conj_grid,62,8,1,0.348,0.233,2
3,conj_grid,62,9,2,0.476,0.232,2
3,conj_grid,62,10,2,0.58,0.227,2
3,conj_grid,62,11,1,0.708,0.219,2
3,conj_grid,62,12,1,0.03,0.346,2
3,conj_grid,62,13,2,0.138,0.344,2
3,conj_grid,62,14,1,0.251,0.346,2
3,conj_grid,62,15,2,0.461,0.359,2
3,conj_grid,62,16,2,0.584,0.349,2
3,conj_grid,62,17,2,0.017,0.445,2
3,conj_grid,62,18,2,0.353,0.477,2
3,conj_grid,62,19,1,0.706,0.477,2
3,conj_grid,62,20,2,0.22,0.576,2
3,conj_grid,62,21,1,0.343,0.562,2
3,conj_grid,62,22,1,0.13,0.696,2
3,conj_grid,62,23,2,0.48,0.696,2
3,conj_grid,62,24,1,0.7,0.694,2
3,conj_grid,63,1,1,0.373,0,3
3,conj_grid,63,2,1,0.698,0.012,3
3,conj_grid,63,3,2,0.022,0.138,3
3,conj_grid,63,4,2,0.117,0.122,3
3,conj_grid,63,5,2,0.22,0.113,3
3,conj_grid,63,6,2,0.692,0.117,3
3,conj_grid,63,7,1,0,0.227,3
3,conj_grid,63,8,2,0.107,0.245,3
3,conj_grid,63,9,2,0.459,0.25,3
3,conj_grid,63,10,1,0.018,0.384,3
3,conj_grid,63,11,1,0.222,0.371,3
3,conj_grid,63,12,1,0.471,0.361,3
3,conj_grid,63,13,1,0.584,0.348,3
3,conj_grid,63,14,2,0.684,0.35,3
3,conj_grid,63,15,1,0.005,0.453,3
3,conj_grid,63,16,2,0.125,0.463,3
3,conj_grid,63,17,1,0.457,0.475,3
3,conj_grid,63,18,2,0.011,0.581,3
3,conj_grid,63,19,1,0.242,0.589,3
3,conj_grid,63,20,2,0.46,0.586,3
3,conj_grid,63,21,2,0.693,0.569,3
3,conj_grid,63,22,1,0.001,0.716,3
3,conj_grid,63,23,2,0.447,0.683,3
3,conj_grid,63,24,1,0.576,0.717,3
3,conj_grid,64,1,2,0.345,0,4
3,conj_grid,64,2,2,0.579,0.012,4
3,conj_grid,64,3,1,0.704,0.015,4
3,conj_grid,64,4,2,0.024,0.107,4
3,conj_grid,64,5,1,0.098,0.112,4
3,conj_grid,64,6,1,0.218,0.115,4
3,conj_grid,64,7,1,0.684,0.09,4
3,conj_grid,64,8,2,0.107,0.245,4
3,conj_grid,64,9,1,0.236,0.227,4
3,conj_grid,64,10,2,0.222,0.362,4
3,conj_grid,64,11,2,0.583,0.329,4
3,conj_grid,64,12,1,0.704,0.372,4
3,conj_grid,64,13,1,0,0.478,4
3,conj_grid,64,14,2,0.126,0.447,4
3,conj_grid,64,15,2,0.221,0.461,4
3,conj_grid,64,16,2,0.447,0.473,4
3,conj_grid,64,17,2,0.004,0.581,4
3,conj_grid,64,18,1,0.122,0.575,4
3,conj_grid,64,19,1,0.252,0.575,4
3,conj_grid,64,20,1,0.689,0.569,4
3,conj_grid,64,21,1,0.22,0.668,4
3,conj_grid,64,22,1,0.353,0.697,4
3,conj_grid,64,23,2,0.484,0.702,4
3,conj_grid,64,24,2,0.586,0.692,4
3,conj_grid,65,1,1,0.007,0.01,5
3,conj_grid,65,2,1,0.133,0.014,5
3,conj_grid,65,3,1,0.469,0,5
3,conj_grid,65,4,2,0.006,0.102,5
3,conj_grid,65,5,2,0.108,0.112,5
3,conj_grid,65,6,2,0.236,0.112,5
3,conj_grid,65,7,2,0.478,0.103,5
3,conj_grid,65,8,2,0,0.214,5
3,conj_grid,65,9,2,0.129,0.259,5
3,conj_grid,65,10,2,0.464,0.226,5
3,conj_grid,65,11,1,0.69,0.225,5
3,conj_grid,65,12,1,0.123,0.361,5
3,conj_grid,65,13,2,0.485,0.356,5
3,conj_grid,65,14,1,0.59,0.343,5
3,conj_grid,65,15,2,0.36,0.465,5
3,conj_grid,65,16,2,0.574,0.47,5
3,conj_grid,65,17,1,0.696,0.465,5
3,conj_grid,65,18,1,0.373,0.578,5
3,conj_grid,65,19,1,0.475,0.577,5
3,conj_grid,65,20,1,0.702,0.587,5
3,conj_grid,65,21,2,0.012,0.719,5
3,conj_grid,65,22,1,0.136,0.69,5
3,conj_grid,65,23,2,0.605,0.685,5
3,conj_grid,65,24,1,0.701,0.676,5
3,conj_rot,66,1,2,0.577,0,1
3,conj_rot,66,2,2,0.713,0.138,1
3,conj_rot,66,3,2,0.988,0.384,1
3,conj_rot,66,4,2,0.49,0.062,1
3,conj_rot,66,5,1,0.646,0.202,1
3,conj_rot,66,6,1,0.732,0.308,1
3,conj_rot,66,7,2,0.32,0.08,1
3,conj_rot,66,8,1,0.56,0.308,1
3,conj_rot,66,9,2,0.627,0.367,1
3,conj_rot,66,10,1,0.318,0.224,1
3,conj_rot,66,11,2,0.41,0.288,1
3,conj_rot,66,12,1,0.574,0.447,1
3,conj_rot,66,13,2,0.649,0.553,1
3,conj_rot,66,14,2,0.245,0.319,1
3,conj_rot,66,15,1,0.313,0.391,1
3,conj_rot,66,16,1,0.553,0.638,1
3,conj_rot,66,17,2,0.175,0.378,1
3,conj_rot,66,18,1,0.236,0.485,1
3,conj_rot,66,19,1,0.33,0.533,1
3,conj_rot,66,20,1,0.404,0.63,1
3,conj_rot,66,21,2,0.476,0.704,1
3,conj_rot,66,22,1,0.572,0.809,1
3,conj_rot,66,23,2,0,0.385,1
3,conj_rot,66,24,1,0.15,0.552,1
3,conj_rot,67,1,1,0.468,0,2
3,conj_rot,67,2,1,0.547,0.088,2
3,conj_rot,67,3,2,0.735,0.253,2
3,conj_rot,67,4,2,0.793,0.322,2
3,conj_rot,67,5,2,0.893,0.418,2
3,conj_rot,67,6,2,0.334,0.001,2
3,conj_rot,67,7,1,0.484,0.159,2
3,conj_rot,67,8,2,0.559,0.252,2
3,conj_rot,67,9,1,0.798,0.479,2
3,conj_rot,67,10,2,0.457,0.324,2
3,conj_rot,67,11,1,0.56,0.412,2
3,conj_rot,67,12,2,0.632,0.516,2
3,conj_rot,67,13,2,0.162,0.162,2
3,conj_rot,67,14,1,0.237,0.219,2
3,conj_rot,67,15,1,0.397,0.405,2
3,conj_rot,67,16,2,0.473,0.475,2
3,conj_rot,67,17,2,0.089,0.238,2
3,conj_rot,67,18,2,0.242,0.414,2
3,conj_rot,67,19,2,0.479,0.654,2
3,conj_rot,67,20,1,0.255,0.556,2
3,conj_rot,67,21,1,0,0.496,2
3,conj_rot,67,22,1,0.089,0.578,2
3,conj_rot,67,23,1,0.319,0.793,2
3,conj_rot,67,24,1,0.388,0.914,2
3,conj_rot,68,1,2,0.562,0.024,3
3,conj_rot,68,2,1,0.883,0.324,3
3,conj_rot,68,3,2,0.424,0.021,3
3,conj_rot,68,4,1,0.485,0.092,3
3,conj_rot,68,5,1,0.572,0.16,3
3,conj_rot,68,6,2,0.656,0.248,3
3,conj_rot,68,7,1,0.234,0,3
3,conj_rot,68,8,2,0.313,0.072,3
3,conj_rot,68,9,2,0.475,0.224,3
3,conj_rot,68,10,1,0.572,0.334,3
3,conj_rot,68,11,2,0.656,0.428,3
3,conj_rot,68,12,1,0.711,0.505,3
3,conj_rot,68,13,2,0.151,0.091,3
3,conj_rot,68,14,1,0.316,0.224,3
3,conj_rot,68,15,1,0.481,0.394,3
3,conj_rot,68,16,2,0.259,0.341,3
3,conj_rot,68,17,1,0.308,0.392,3
3,conj_rot,68,18,1,0.47,0.723,3
3,conj_rot,68,19,1,0,0.406,3
3,conj_rot,68,20,2,0.078,0.473,3
3,conj_rot,68,21,1,0.156,0.584,3
3,conj_rot,68,22,2,0.255,0.654,3
3,conj_rot,68,23,2,0.319,0.739,3
3,conj_rot,68,24,2,0.408,0.821,3
3,conj_rot,69,1,1,0.572,0,4
3,conj_rot,69,2,1,0.985,0.391,4
3,conj_rot,69,3,2,0.592,0.155,4
3,conj_rot,69,4,1,0.892,0.49,4
3,conj_rot,69,5,2,0.499,0.225,4
3,conj_rot,69,6,2,0.823,0.56,4
3,conj_rot,69,7,2,0.313,0.233,4
3,conj_rot,69,8,2,0.417,0.315,4
3,conj_rot,69,9,1,0.495,0.408,4
3,conj_rot,69,10,2,0.586,0.494,4
3,conj_rot,69,11,2,0.643,0.565,4
3,conj_rot,69,12,1,0.745,0.643,4
3,conj_rot,69,13,2,0.158,0.261,4
3,conj_rot,69,14,1,0.236,0.332,4
3,conj_rot,69,15,2,0.421,0.497,4
3,conj_rot,69,16,1,0.486,0.561,4
3,conj_rot,69,17,2,0.082,0.32,4
3,conj_rot,69,18,1,0.251,0.487,4
3,conj_rot,69,19,1,0.321,0.564,4
3,conj_rot,69,20,1,0.431,0.64,4
3,conj_rot,69,21,2,0.577,0.803,4
3,conj_rot,69,22,1,0,0.399,4
3,conj_rot,69,23,2,0.248,0.647,4
3,conj_rot,69,24,1,0.42,0.819,4
3,conj_rot,70,1,1,0.406,0,5
3,conj_rot,70,2,2,0.506,0.087,5
3,conj_rot,70,3,2,0.834,0.402,5
3,conj_rot,70,4,1,0.899,0.497,5
3,conj_rot,70,5,2,0.344,0.268,5
3,conj_rot,70,6,2,0.446,0.315,5
3,conj_rot,70,7,2,0.586,0.462,5
3,conj_rot,70,8,2,0.267,0.334,5
3,conj_rot,70,9,1,0.493,0.566,5
3,conj_rot,70,10,1,0.589,0.629,5
3,conj_rot,70,11,1,0.665,0.736,5
3,conj_rot,70,12,2,0.184,0.392,5
3,conj_rot,70,13,2,0.252,0.485,5
3,conj_rot,70,14,1,0.424,0.648,5
3,conj_rot,70,15,1,0.508,0.748,5
3,conj_rot,70,16,1,0,0.42,5
3,conj_rot,70,17,2,0.098,0.498,5
3,conj_rot,70,18,1,0.17,0.577,5
3,conj_rot,70,19,2,0.262,0.645,5
3,conj_rot,70,20,1,0.425,0.801,5
3,conj_rot,70,21,1,0.501,0.879,5
3,conj_rot,70,22,2,0.109,0.632,5
3,conj_rot,70,23,1,0.241,0.792,5
3,conj_rot,70,24,2,0.404,0.976,5
3,conj_uni,71,1,2,0.401,0.339,1
3,conj_uni,71,2,2,0.021,0.097,1
3,conj_uni,71,3,1,0.405,0.692,1
3,conj_uni,71,4,2,0.587,0.472,1
3,conj_uni,71,5,1,0.089,0.117,1
3,conj_uni,71,6,2,0.537,0.135,1
3,conj_uni,71,7,1,0.392,0.051,1
3,conj_uni,71,8,1,0.225,0.035,1
3,conj_uni,71,9,2,0.357,0.726,1
3,conj_uni,71,10,1,0.117,0.612,1
3,conj_uni,71,11,2,0.45,0.067,1
3,conj_uni,71,12,1,0.497,0.442,1
3,conj_uni,71,13,1,0.697,0.366,1
3,conj_uni,71,14,1,0.368,0.106,1
3,conj_uni,71,15,2,0.158,0.341,1
3,conj_uni,71,16,1,0.463,0.676,1
3,conj_uni,71,17,2,0.274,0,1
3,conj_uni,71,18,1,0.17,0.056,1
3,conj_uni,71,19,2,0.105,0.369,1
3,conj_uni,71,20,2,0,0.343,1
3,conj_uni,71,21,2,0.473,0.735,1
3,conj_uni,71,22,1,0.601,0.253,1
3,conj_uni,71,23,1,0.286,0.3,1
3,conj_uni,71,24,2,0.452,0.234,1
3,conj_uni,72,1,1,0.59,0.584,2
3,conj_uni,72,2,1,0.649,0.482,2
3,conj_uni,72,3,2,0.067,0.124,2
3,conj_uni,72,4,2,0.63,0.539,2
3,conj_uni,72,5,2,0.135,0.196,2
3,conj_uni,72,6,2,0.196,0.199,2
3,conj_uni,72,7,2,0.343,0.028,2
3,conj_uni,72,8,2,0.384,0.085,2
3,conj_uni,72,9,1,0.112,0.072,2
3,conj_uni,72,10,1,0.436,0.649,2
3,conj_uni,72,11,1,0.698,0.45,2
3,conj_uni,72,12,1,0.19,0.131,2
3,conj_uni,72,13,1,0.689,0.531,2
3,conj_uni,72,14,2,0.664,0.359,2
3,conj_uni,72,15,1,0,0,2
3,conj_uni,72,16,2,0.368,0.345,2
3,conj_uni,72,17,1,0.352,0.135,2
3,conj_uni,72,18,2,0.594,0.46,2
3,conj_uni,72,19,2,0.659,0.206,2
3,conj_uni,72,20,2,0.673,0.265,2
3,conj_uni,72,21,2,0.556,0.044,2
3,conj_uni,72,22,1,0.282,0.3,2
3,conj_uni,72,23,1,0.193,0.542,2
3,conj_uni,72,24,1,0.26,0.185,2
3,conj_uni,73,1,1,0.758,0.112,3
3,conj_uni,73,2,1,0.336,0.156,3
3,conj_uni,73,3,2,0.526,0.145,3
3,conj_uni,73,4,2,0.479,0.311,3
3,conj_uni,73,5,1,0.434,0.241,3
3,conj_uni,73,6,2,0,0.26,3
3,conj_uni,73,7,1,0.261,0.238,3
3,conj_uni,73,8,2,0.17,0.048,3
3,conj_uni,73,9,2,0.323,0.221,3
3,conj_uni,73,10,2,0.593,0.234,3
3,conj_uni,73,11,2,0.787,0,3
3,conj_uni,73,12,1,0.639,0.299,3
3,conj_uni,73,13,1,0.743,0.255,3
3,conj_uni,73,14,2,0.651,0.24,3
3,conj_uni,73,15,1,0.583,0.098,3
3,conj_uni,73,16,1,0.746,0.17,3
3,conj_uni,73,17,1,0.742,0.038,3
3,conj_uni,73,18,1,0.275,0.355,3
3,conj_uni,73,19,2,0.692,0.197,3
3,conj_uni,73,20,1,0.689,0.655,3
3,conj_uni,73,21,2,0.673,0.561,3
3,conj_uni,73,22,1,0.016,0.045,3
3,conj_uni,73,23,2,0.406,0.678,3
3,conj_uni,73,24,2,0.68,0.138,3
3,conj_uni,74,1,2,0.498,0.081,4
3,conj_uni,74,2,1,0.429,0.37,4
3,conj_uni,74,3,1,0.167,0.543,4
3,conj_uni,74,4,2,0.496,0.36,4
3,conj_uni,74,5,2,0.407,0.084,4
3,conj_uni,74,6,1,0.35,0.641,4
3,conj_uni,74,7,2,0.051,0.04,4
3,conj_uni,74,8,1,0.66,0.586,4
3,conj_uni,74,9,2,0.665,0.287,4
3,conj_uni,74,10,1,0.465,0.655,4
3,conj_uni,74,11,2,0.409,0.693,4
3,conj_uni,74,12,2,0,0.072,4
3,conj_uni,74,13,1,0.382,0.436,4
3,conj_uni,74,14,1,0.207,0.712,4
3,conj_uni,74,15,2,0.557,0.723,4
3,conj_uni,74,16,1,0.569,0.651,4
3,conj_uni,74,17,1,0.151,0.481,4
3,conj_uni,74,18,2,0.107,0.058,4
3,conj_uni,74,19,2,0.237,0.017,4
3,conj_uni,74,20,1,0.695,0,4
3,conj_uni,74,21,2,0.081,0.111,4
3,conj_uni,74,22,1,0.259,0.202,4
3,conj_uni,74,23,1,0.167,0.361,4
3,conj_uni,74,24,2,0.644,0.111,4
3,conj_uni,75,1,2,0.457,0.308,5
3,conj_uni,75,2,2,0.302,0.052,5
3,conj_uni,75,3,2,0.637,0.518,5
3,conj_uni,75,4,2,0.328,0.638,5
3,conj_uni,75,5,1,0.316,0.3,5
3,conj_uni,75,6,1,0.019,0.377,5
3,conj_uni,75,7,2,0.016,0.317,5
3,conj_uni,75,8,2,0.723,0.163,5
3,conj_uni,75,9,2,0.192,0.573,5
3,conj_uni,75,10,1,0.465,0.25,5
3,conj_uni,75,11,1,0.438,0.637,5
3,conj_uni,75,12,1,0.39,0,5
3,conj_uni,75,13,1,0,0.705,5
3,conj_uni,75,14,1,0.676,0.694,5
3,conj_uni,75,15,2,0.523,0.388,5
3,conj_uni,75,16,1,0.185,0.46,5
3,conj_uni,75,17,2,0.12,0.634,5
3,conj_uni,75,18,1,0.176,0.389,5
3,conj_uni,75,19,1,0.717,0.407,5
3,conj_uni,75,20,2,0.244,0.328,5
3,conj_uni,75,21,1,0.268,0.695,5
3,conj_uni,75,22,2,0.253,0.478,5
3,conj_uni,75,23,2,0.121,0.168,5
3,conj_uni,75,24,1,0.525,0.088,5
3,feat_grid,76,1,1,0,0.029,1
3,feat_grid,76,2,1,0.262,0,1
3,feat_grid,76,3,2,0.379,0.014,1
3,feat_grid,76,4,1,0.49,0.039,1
3,feat_grid,76,5,1,0.61,0.028,1
3,feat_grid,76,6,2,0.027,0.135,1
3,feat_grid,76,7,2,0.359,0.129,1
3,feat_grid,76,8,1,0.491,0.139,1
3,feat_grid,76,9,1,0.712,0.137,1
3,feat_grid,76,10,2,0.012,0.238,1
3,feat_grid,76,11,1,0.129,0.251,1
3,feat_grid,76,12,2,0.599,0.244,1
3,feat_grid,76,13,1,0.007,0.367,1
3,feat_grid,76,14,2,0.136,0.353,1
3,feat_grid,76,15,1,0.267,0.353,1
3,feat_grid,76,16,2,0.589,0.348,1
3,feat_grid,76,17,2,0.139,0.473,1
3,feat_grid,76,18,2,0.257,0.476,1
3,feat_grid,76,19,2,0.704,0.478,1
3,feat_grid,76,20,2,0.145,0.601,1
3,feat_grid,76,21,1,0.475,0.581,1
3,feat_grid,76,22,1,0.583,0.6,1
3,feat_grid,76,23,2,0.599,0.722,1
3,feat_grid,76,24,1,0.685,0.71,1
3,feat_grid,77,1,2,0.358,0,2
3,feat_grid,77,2,2,0.015,0.122,2
3,feat_grid,77,3,2,0.362,0.112,2
3,feat_grid,77,4,1,0.117,0.228,2
3,feat_grid,77,5,1,0.22,0.23,2
3,feat_grid,77,6,2,0.35,0.248,2
3,feat_grid,77,7,1,0.714,0.224,2
3,feat_grid,77,8,1,0.01,0.344,2
3,feat_grid,77,9,2,0.452,0.324,2
3,feat_grid,77,10,1,0.578,0.358,2
3,feat_grid,77,11,2,0.024,0.461,2
3,feat_grid,77,12,1,0.266,0.475,2
3,feat_grid,77,13,2,0.351,0.44,2
3,feat_grid,77,14,1,0.586,0.441,2
3,feat_grid,77,15,2,0.014,0.559,2
3,feat_grid,77,16,1,0.142,0.566,2
3,feat_grid,77,17,2,0.594,0.571,2
3,feat_grid,77,18,2,0.699,0.564,2
3,feat_grid,77,19,2,0,0.677,2
3,feat_grid,77,20,1,0.232,0.688,2
3,feat_grid,77,21,1,0.36,0.677,2
3,feat_grid,77,22,2,0.479,0.668,2
3,feat_grid,77,23,1,0.583,0.693,2
3,feat_grid,77,24,1,0.682,0.682,2
3,feat_grid,78,1,2,0,0.033,3
3,feat_grid,78,2,2,0.239,0.014,3
3,feat_grid,78,3,2,0.346,0.017,3
3,feat_grid,78,4,2,0.465,0.024,3
3,feat_grid,78,5,1,0.582,0.021,3
3,feat_grid,78,6,2,0.698,0,3
3,feat_grid,78,7,1,0.231,0.139,3
3,feat_grid,78,8,1,0.365,0.139,3
3,feat_grid,78,9,2,0.591,0.145,3
3,feat_grid,78,10,2,0.14,0.253,3
3,feat_grid,78,11,2,0.721,0.244,3
3,feat_grid,78,12,1,0.026,0.386,3
3,feat_grid,78,13,1,0.136,0.378,3
3,feat_grid,78,14,2,0.493,0.344,3
3,feat_grid,78,15,1,0.591,0.344,3
3,feat_grid,78,16,1,0.356,0.481,3
3,feat_grid,78,17,1,0.695,0.468,3
3,feat_grid,78,18,1,0.135,0.601,3
3,feat_grid,78,19,2,0.367,0.608,3
3,feat_grid,78,20,2,0.594,0.597,3
3,feat_grid,78,21,1,0.713,0.617,3
3,feat_grid,78,22,1,0.234,0.702,3
3,feat_grid,78,23,2,0.351,0.697,3
3,feat_grid,78,24,1,0.612,0.73,3
3,feat_grid,79,1,2,0,0.01,4
3,feat_grid,79,2,1,0.105,0.013,4
3,feat_grid,79,3,2,0.231,0.017,4
3,feat_grid,79,4,1,0.343,0,4
3,feat_grid,79,5,1,0.572,0.014,4
3,feat_grid,79,6,2,0.002,0.129,4
3,feat_grid,79,7,1,0.256,0.105,4
3,feat_grid,79,8,1,0.446,0.131,4
3,feat_grid,79,9,1,0.572,0.122,4
3,feat_grid,79,10,2,0.69,0.117,4
3,feat_grid,79,11,2,0.006,0.227,4
3,feat_grid,79,12,1,0.352,0.217,4
3,feat_grid,79,13,2,0.595,0.24,4
3,feat_grid,79,14,2,0.118,0.346,4
3,feat_grid,79,15,1,0.343,0.365,4
3,feat_grid,79,16,2,0.446,0.349,4
3,feat_grid,79,17,1,0.709,0.355,4
3,feat_grid,79,18,2,0.7,0.488,4
3,feat_grid,79,19,2,0.007,0.594,4
3,feat_grid,79,20,2,0.357,0.573,4
3,feat_grid,79,21,1,0.695,0.573,4
3,feat_grid,79,22,2,0.325,0.691,4
3,feat_grid,79,23,1,0.574,0.688,4
3,feat_grid,79,24,1,0.687,0.709,4
3,feat_grid,80,1,2,0.015,0,5
3,feat_grid,80,2,2,0.121,0.002,5
3,feat_grid,80,3,1,0,0.104,5
3,feat_grid,80,4,1,0.447,0.102,5
3,feat_grid,80,5,2,0.557,0.108,5
3,feat_grid,80,6,1,0.344,0.236,5
3,feat_grid,80,7,2,0.442,0.227,5
3,feat_grid,80,8,2,0.562,0.204,5
3,feat_grid,80,9,1,0.662,0.221,5
3,feat_grid,80,10,1,0.136,0.332,5
3,feat_grid,80,11,2,0.326,0.333,5
3,feat_grid,80,12,2,0.562,0.332,5
3,feat_grid,80,13,2,0.708,0.33,5
3,feat_grid,80,14,1,0.002,0.444,5
3,feat_grid,80,15,2,0.2,0.46,5
3,feat_grid,80,16,1,0.333,0.437,5
3,feat_grid,80,17,2,0.472,0.446,5
3,feat_grid,80,18,1,0.566,0.441,5
3,feat_grid,80,19,1,0.097,0.563,5
3,feat_grid,80,20,1,0.343,0.567,5
3,feat_grid,80,21,2,0.105,0.668,5
3,feat_grid,80,22,1,0.224,0.68,5
3,feat_grid,80,23,1,0.327,0.7,5
3,feat_grid,80,24,2,0.455,0.673,5
3,feat_rot,81,1,2,0.464,0,1
3,feat_rot,81,2,1,0.795,0.303,1
3,feat_rot,81,3,1,0.885,0.388,1
3,feat_rot,81,4,1,0.386,0.06,1
3,feat_rot,81,5,1,0.476,0.174,1
3,feat_rot,81,6,2,0.624,0.321,1
3,feat_rot,81,7,2,0.709,0.391,1
3,feat_rot,81,8,1,0.797,0.492,1
3,feat_rot,81,9,1,0.306,0.15,1
3,feat_rot,81,10,2,0.463,0.323,1
3,feat_rot,81,11,1,0.559,0.393,1
3,feat_rot,81,12,1,0.634,0.48,1
3,feat_rot,81,13,2,0.216,0.228,1
3,feat_rot,81,14,2,0.315,0.311,1
3,feat_rot,81,15,1,0.376,0.399,1
3,feat_rot,81,16,2,0.448,0.481,1
3,feat_rot,81,17,1,0.456,0.655,1
3,feat_rot,81,18,2,0.555,0.718,1
3,feat_rot,81,19,2,0.075,0.387,1
3,feat_rot,81,20,2,0.379,0.716,1
3,feat_rot,81,21,2,0.451,0.808,1
3,feat_rot,81,22,1,0.546,0.881,1
3,feat_rot,81,23,1,0,0.476,1
3,feat_rot,81,24,2,0.126,0.64,1
3,feat_rot,82,1,1,0.407,0.016,2
3,feat_rot,82,2,1,0.67,0.243,2
3,feat_rot,82,3,1,0.802,0.417,2
3,feat_rot,82,4,2,0.255,0,2
3,feat_rot,82,5,1,0.334,0.08,2
3,feat_rot,82,6,2,0.396,0.165,2
3,feat_rot,82,7,1,0.495,0.228,2
3,feat_rot,82,8,1,0.573,0.311,2
3,feat_rot,82,9,1,0.66,0.4,2
3,feat_rot,82,10,2,0.172,0.081,2
3,feat_rot,82,11,1,0.18,0.252,2
3,feat_rot,82,12,1,0.226,0.352,2
3,feat_rot,82,13,2,0.479,0.565,2
3,feat_rot,82,14,2,0.564,0.65,2
3,feat_rot,82,15,2,0.163,0.396,2
3,feat_rot,82,16,2,0.325,0.565,2
3,feat_rot,82,17,1,0.406,0.633,2
3,feat_rot,82,18,2,0.167,0.572,2
3,feat_rot,82,19,2,0.35,0.739,2
3,feat_rot,82,20,2,0.423,0.829,2
3,feat_rot,82,21,1,0,0.578,2
3,feat_rot,82,22,2,0.087,0.645,2
3,feat_rot,82,23,2,0.176,0.725,2
3,feat_rot,82,24,1,0.243,0.813,2
3,feat_rot,83,1,2,0.319,0,3
3,feat_rot,83,2,2,0.597,0.233,3
3,feat_rot,83,3,1,0.665,0.312,3
3,feat_rot,83,4,2,0.818,0.482,3
3,feat_rot,83,5,1,0.243,0.08,3
3,feat_rot,83,6,1,0.332,0.148,3
3,feat_rot,83,7,2,0.421,0.232,3
3,feat_rot,83,8,2,0.495,0.328,3
3,feat_rot,83,9,2,0.657,0.484,3
3,feat_rot,83,10,1,0.332,0.308,3
3,feat_rot,83,11,1,0.42,0.402,3
3,feat_rot,83,12,2,0.51,0.476,3
3,feat_rot,83,13,1,0.582,0.545,3
3,feat_rot,83,14,2,0.157,0.31,3
3,feat_rot,83,15,1,0.25,0.409,3
3,feat_rot,83,16,1,0.325,0.46,3
3,feat_rot,83,17,1,0.411,0.559,3
3,feat_rot,83,18,2,0,0.303,3
3,feat_rot,83,19,2,0.49,0.821,3
3,feat_rot,83,20,1,0.105,0.548,3
3,feat_rot,83,21,1,0.244,0.733,3
3,feat_rot,83,22,2,0.335,0.803,3
3,feat_rot,83,23,2,0.411,0.864,3
3,feat_rot,83,24,1,0.224,0.903,3
3,feat_rot,84,1,2,0.554,0,4
3,feat_rot,84,2,2,0.621,0.09,4
3,feat_rot,84,3,1,0.697,0.184,4
3,feat_rot,84,4,1,0.951,0.395,4
3,feat_rot,84,5,2,0.389,0.009,4
3,feat_rot,84,6,2,0.48,0.072,4
3,feat_rot,84,7,1,0.642,0.255,4
3,feat_rot,84,8,1,0.874,0.492,4
3,feat_rot,84,9,1,0.479,0.257,4
3,feat_rot,84,10,1,0.82,0.582,4
3,feat_rot,84,11,1,0.238,0.163,4
3,feat_rot,84,12,2,0.385,0.315,4
3,feat_rot,84,13,1,0.571,0.489,4
3,feat_rot,84,14,2,0.632,0.58,4
3,feat_rot,84,15,1,0.306,0.408,4
3,feat_rot,84,16,1,0.404,0.493,4
3,feat_rot,84,17,2,0.558,0.631,4
3,feat_rot,84,18,2,0.63,0.745,4
3,feat_rot,84,19,1,0.139,0.4,4
3,feat_rot,84,20,2,0.285,0.576,4
3,feat_rot,84,21,1,0.388,0.659,4
3,feat_rot,84,22,2,0,0.414,4
3,feat_rot,84,23,2,0.239,0.631,4
3,feat_rot,84,24,2,0.287,0.731,4
3,feat_rot,85,1,1,0.488,0,5
3,feat_rot,85,2,1,0.825,0.316,5
3,feat_rot,85,3,2,0.973,0.478,5
3,feat_rot,85,4,2,0.411,0.061,5
3,feat_rot,85,5,1,0.565,0.219,5
3,feat_rot,85,6,2,0.66,0.299,5
3,feat_rot,85,7,1,0.726,0.41,5
3,feat_rot,85,8,2,0.816,0.458,5
3,feat_rot,85,9,1,0.902,0.556,5
3,feat_rot,85,10,2,0.328,0.148,5
3,feat_rot,85,11,2,0.412,0.231,5
3,feat_rot,85,12,1,0.506,0.295,5
3,feat_rot,85,13,1,0.581,0.402,5
3,feat_rot,85,14,1,0.732,0.545,5
3,feat_rot,85,15,1,0.339,0.295,5
3,feat_rot,85,16,2,0.402,0.379,5
3,feat_rot,85,17,2,0.494,0.475,5
3,feat_rot,85,18,1,0.157,0.309,5
3,feat_rot,85,19,1,0.412,0.544,5
3,feat_rot,85,20,2,0.088,0.396,5
3,feat_rot,85,21,1,0.481,0.787,5
3,feat_rot,85,22,2,0,0.452,5
3,feat_rot,85,23,2,0.097,0.545,5
3,feat_rot,85,24,2,0.33,0.79,5
3,feat_uni,86,1,2,0.01,0.324,1
3,feat_uni,86,2,1,0.605,0.152,1
3,feat_uni,86,3,2,0.226,0.167,1
3,feat_uni,86,4,1,0.495,0.006,1
3,feat_uni,86,5,1,0.061,0.671,1
3,feat_uni,86,6,2,0.237,0.283,1
3,feat_uni,86,7,2,0.319,0.53,1
3,feat_uni,86,8,2,0.433,0.005,1
3,feat_uni,86,9,1,0.393,0.443,1
3,feat_uni,86,10,1,0.135,0.67,1
3,feat_uni,86,11,2,0.187,0.123,1
3,feat_uni,86,12,1,0.401,0.523,1
3,feat_uni,86,13,1,0.31,0.332,1
3,feat_uni,86,14,1,0.707,0.024,1
3,feat_uni,86,15,2,0.536,0.561,1
3,feat_uni,86,16,2,0.6,0.092,1
3,feat_uni,86,17,1,0,0.62,1
3,feat_uni,86,18,2,0.729,0.262,1
3,feat_uni,86,19,1,0.068,0.085,1
3,feat_uni,86,20,1,0,0.234,1
3,feat_uni,86,21,2,0.272,0.399,1
3,feat_uni,86,22,2,0.555,0,1
3,feat_uni,86,23,2,0.458,0.353,1
3,feat_uni,86,24,1,0.541,0.704,1
3,feat_uni,87,1,2,0.604,0.765,2
3,feat_uni,87,2,2,0.262,0.406,2
3,feat_uni,87,3,1,0.395,0,2
3,feat_uni,87,4,2,0.259,0.072,2
3,feat_uni,87,5,2,0.362,0.641,2
3,feat_uni,87,6,1,0.176,0.082,2
3,feat_uni,87,7,2,0,0.608,2
3,feat_uni,87,8,2,0.126,0.763,2
3,feat_uni,87,9,2,0.354,0.488,2
3,feat_uni,87,10,1,0.057,0.154,2
3,feat_uni,87,11,2,0.468,0.215,2
3,feat_uni,87,12,1,0.693,0.064,2
3,feat_uni,87,13,1,0.673,0.123,2
3,feat_uni,87,14,1,0.615,0.104,2
3,feat_uni,87,15,2,0.359,0.352,2
3,feat_uni,87,16,1,0.4,0.69,2
3,feat_uni,87,17,2,0.564,0.041,2
3,feat_uni,87,18,1,0.337,0.55,2
3,feat_uni,87,19,1,0.169,0.203,2
3,feat_uni,87,20,1,0.558,0.397,2
3,feat_uni,87,21,1,0.332,0.298,2
3,feat_uni,87,22,1,0.498,0.132,2
3,feat_uni,87,23,2,0.032,0.377,2
3,feat_uni,87,24,2,0.608,0.203,2
3,feat_uni,88,1,1,0.265,0.623,3
3,feat_uni,88,2,2,0.411,0.689,3
3,feat_uni,88,3,2,0,0.316,3
3,feat_uni,88,4,2,0.045,0.403,3
3,feat_uni,88,5,1,0.015,0.476,3
3,feat_uni,88,6,2,0.67,0.33,3
3,feat_uni,88,7,1,0.45,0.048,3
3,feat_uni,88,8,1,0.226,0.668,3
3,feat_uni,88,9,1,0.744,0.033,3
3,feat_uni,88,10,2,0.104,0.069,3
3,feat_uni,88,11,2,0.473,0.152,3
3,feat_uni,88,12,1,0.25,0.007,3
3,feat_uni,88,13,1,0.453,0.647,3
3,feat_uni,88,14,1,0.752,0.457,3
3,feat_uni,88,15,2,0.74,0.399,3
3,feat_uni,88,16,2,0.07,0.668,3
3,feat_uni,88,17,2,0.239,0.525,3
3,feat_uni,88,18,1,0.189,0,3
3,feat_uni,88,19,1,0.338,0.289,3
3,feat_uni,88,20,2,0.684,0.506,3
3,feat_uni,88,21,1,0.689,0.052,3
3,feat_uni,88,22,2,0.384,0.366,3
3,feat_uni,88,23,1,0.501,0.204,3
3,feat_uni,88,24,2,0.165,0.488,3
3,feat_uni,89,1,1,0.569,0.511,4
3,feat_uni,89,2,2,0.299,0.397,4
3,feat_uni,89,3,2,0.141,0.519,4
3,feat_uni,89,4,1,0.442,0.671,4
3,feat_uni,89,5,2,0.365,0.56,4
3,feat_uni,89,6,1,0.37,0.092,4
3,feat_uni,89,7,1,0.106,0.164,4
3,feat_uni,89,8,1,0.624,0.532,4
3,feat_uni,89,9,1,0.502,0.667,4
3,feat_uni,89,10,2,0.087,0.004,4
3,feat_uni,89,11,2,0.714,0.589,4
3,feat_uni,89,12,2,0.74,0.181,4
3,feat_uni,89,13,2,0.239,0.046,4
3,feat_uni,89,14,2,0.429,0.361,4
3,feat_uni,89,15,1,0.567,0.605,4
3,feat_uni,89,16,2,0.143,0.049,4
3,feat_uni,89,17,1,0.673,0.003,4
3,feat_uni,89,18,2,0.328,0.683,4
3,feat_uni,89,19,2,0.714,0.234,4
3,feat_uni,89,20,1,0.516,0.274,4
3,feat_uni,89,21,1,0.318,0.755,4
3,feat_uni,89,22,1,0,0,4
3,feat_uni,89,23,2,0.505,0.528,4
3,feat_uni,89,24,1,0.689,0.668,4
3,feat_uni,90,1,2,0.399,0.055,5
3,feat_uni,90,2,2,0.103,0.446,5
3,feat_uni,90,3,1,0.546,0.661,5
3,feat_uni,90,4,1,0.262,0.57,5
3,feat_uni,90,5,2,0.411,0.758,5
3,feat_uni,90,6,1,0.357,0.169,5
3,feat_uni,90,7,1,0.486,0.322,5
3,feat_uni,90,8,1,0,0.22,5
3,feat_uni,90,9,2,0.711,0.128,5
3,feat_uni,90,10,2,0.433,0.538,5
3,feat_uni,90,11,1,0.508,0,5
3,feat_uni,90,12,2,0.358,0.73,5
3,feat_uni,90,13,1,0.714,0.695,5
3,feat_uni,90,14,1,0.047,0.562,5
3,feat_uni,90,15,2,0.024,0.327,5
3,feat_uni,90,16,2,0.662,0.787,5
3,feat_uni,90,17,1,0.419,0.197,5
3,feat_uni,90,18,2,0.597,0.487,5
3,feat_uni,90,19,2,0.476,0.656,5
3,feat_uni,90,20,2,0.134,0.599,5
3,feat_uni,90,21,1,0.159,0.422,5
3,feat_uni,90,22,1,0.06,0.622,5
3,feat_uni,90,23,2,0.561,0.38,5
3,feat_uni,90,24,1,0.739,0.205,5
4,conj_grid,91,1,2,0.122,0.004,1
4,conj_grid,91,2,1,0.236,0.007,1
4,conj_grid,91,3,1,0.356,0,1
4,conj_grid,91,4,1,0,0.122,1
4,conj_grid,91,5,2,0.126,0.118,1
4,conj_grid,91,6,2,0.467,0.132,1
4,conj_grid,91,7,2,0.566,0.119,1
4,conj_grid,91,8,2,0.682,0.106,1
4,conj_grid,91,9,1,0.023,0.238,1
4,conj_grid,91,10,1,0.125,0.234,1
4,conj_grid,91,11,2,0.694,0.219,1
4,conj_grid,91,12,2,0.012,0.358,1
4,conj_grid,91,13,1,0.132,0.344,1
4,conj_grid,91,14,1,0.47,0.329,1
4,conj_grid,91,15,2,0.618,0.355,1
4,conj_grid,91,16,1,0.011,0.465,1
4,conj_grid,91,17,1,0.231,0.461,1
4,conj_grid,91,18,1,0.357,0.45,1
4,conj_grid,91,19,2,0.119,0.571,1
4,conj_grid,91,20,2,0.361,0.577,1
4,conj_grid,91,21,2,0.131,0.701,1
4,conj_grid,91,22,1,0.238,0.697,1
4,conj_grid,91,23,2,0.368,0.694,1
4,conj_grid,91,24,1,0.694,0.693,1
4,conj_grid,92,1,2,0.247,0.027,2
4,conj_grid,92,2,2,0.371,0.034,2
4,conj_grid,92,3,2,0.496,0.03,2
4,conj_grid,92,4,2,0.59,0.018,2
4,conj_grid,92,5,2,0.691,0,2
4,conj_grid,92,6,2,0,0.15,2
4,conj_grid,92,7,1,0.365,0.136,2
4,conj_grid,92,8,2,0.715,0.149,2
4,conj_grid,92,9,2,0.239,0.247,2
4,conj_grid,92,10,2,0.492,0.276,2
4,conj_grid,92,11,1,0.604,0.256,2
4,conj_grid,92,12,1,0.711,0.252,2
4,conj_grid,92,13,1,0.472,0.373,2
4,conj_grid,92,14,1,0.573,0.371,2
4,conj_grid,92,15,1,0.705,0.379,2
4,conj_grid,92,16,1,0.454,0.488,2
4,conj_grid,92,17,1,0.597,0.489,2
4,conj_grid,92,18,2,0.255,0.618,2
4,conj_grid,92,19,2,0.36,0.611,2
4,conj_grid,92,20,2,0.48,0.607,2
4,conj_grid,92,21,1,0.578,0.605,2
4,conj_grid,92,22,1,0.719,0.614,2
4,conj_grid,92,23,1,0.253,0.712,2
4,conj_grid,92,24,1,0.584,0.705,2
4,conj_grid,93,1,1,0.216,0.028,3
4,conj_grid,93,2,2,0.325,0,3
4,conj_grid,93,3,2,0.465,0.033,3
4,conj_grid,93,4,2,0.57,0.023,3
4,conj_grid,93,5,2,0.671,0.011,3
4,conj_grid,93,6,1,0.427,0.151,3
4,conj_grid,93,7,1,0.192,0.256,3
4,conj_grid,93,8,1,0.445,0.26,3
4,conj_grid,93,9,1,0.113,0.377,3
4,conj_grid,93,10,2,0.563,0.362,3
4,conj_grid,93,11,1,0.675,0.352,3
4,conj_grid,93,12,1,0.203,0.493,3
4,conj_grid,93,13,2,0.335,0.487,3
4,conj_grid,93,14,2,0.442,0.489,3
4,conj_grid,93,15,1,0.676,0.48,3
4,conj_grid,93,16,1,0,0.609,3
4,conj_grid,93,17,1,0.119,0.58,3
4,conj_grid,93,18,2,0.189,0.592,3
4,conj_grid,93,19,1,0.311,0.594,3
4,conj_grid,93,20,2,0.451,0.599,3
4,conj_grid,93,21,2,0.215,0.7,3
4,conj_grid,93,22,1,0.323,0.729,3
4,conj_grid,93,23,2,0.444,0.719,3
4,conj_grid,93,24,2,0.552,0.716,3
4,conj_grid,94,1,1,0.25,0,4
4,conj_grid,94,2,1,0.379,0.021,4
4,conj_grid,94,3,2,0.037,0.113,4
4,conj_grid,94,4,2,0.383,0.128,4
4,conj_grid,94,5,1,0.154,0.228,4
4,conj_grid,94,6,2,0.492,0.241,4
4,conj_grid,94,7,1,0.609,0.218,4
4,conj_grid,94,8,2,0.704,0.264,4
4,conj_grid,94,9,2,0.035,0.357,4
4,conj_grid,94,10,2,0.605,0.337,4
4,conj_grid,94,11,1,0.706,0.355,4
4,conj_grid,94,12,1,0.133,0.467,4
4,conj_grid,94,13,2,0.46,0.467,4
4,conj_grid,94,14,2,0.613,0.489,4
4,conj_grid,94,15,2,0.006,0.581,4
4,conj_grid,94,16,1,0.147,0.58,4
4,conj_grid,94,17,1,0.376,0.582,4
4,conj_grid,94,18,1,0.464,0.581,4
4,conj_grid,94,19,1,0,0.687,4
4,conj_grid,94,20,1,0.146,0.699,4
4,conj_grid,94,21,1,0.251,0.707,4
4,conj_grid,94,22,2,0.485,0.705,4
4,conj_grid,94,23,2,0.59,0.698,4
4,conj_grid,94,24,2,0.709,0.701,4
4,conj_grid,95,1,1,0,0.02,5
4,conj_grid,95,2,1,0.342,0.006,5
4,conj_grid,95,3,2,0.461,0,5
4,conj_grid,95,4,1,0.107,0.113,5
4,conj_grid,95,5,2,0.696,0.122,5
4,conj_grid,95,6,2,0.006,0.22,5
4,conj_grid,95,7,2,0.24,0.235,5
4,conj_grid,95,8,2,0.467,0.234,5
4,conj_grid,95,9,1,0.57,0.251,5
4,conj_grid,95,10,2,0.69,0.236,5
4,conj_grid,95,11,1,0.354,0.373,5
4,conj_grid,95,12,1,0.581,0.354,5
4,conj_grid,95,13,2,0.709,0.353,5
4,conj_grid,95,14,2,0.121,0.465,5
4,conj_grid,95,15,1,0.238,0.47,5
4,conj_grid,95,16,1,0.367,0.467,5
4,conj_grid,95,17,1,0.586,0.476,5
4,conj_grid,95,18,1,0.696,0.456,5
4,conj_grid,95,19,1,0.113,0.588,5
4,conj_grid,95,20,2,0.118,0.691,5
4,conj_grid,95,21,2,0.231,0.696,5
4,conj_grid,95,22,2,0.373,0.702,5
4,conj_grid,95,23,1,0.453,0.698,5
4,conj_grid,95,24,2,0.605,0.698,5
4,conj_rot,96,1,2,0.485,0,1
4,conj_rot,96,2,1,0.732,0.244,1
4,conj_rot,96,3,2,0.879,0.418,1
4,conj_rot,96,4,1,0.985,0.486,1
4,conj_rot,96,5,1,0.403,0.101,1
4,conj_rot,96,6,2,0.898,0.575,1
4,conj_rot,96,7,2,0.431,0.267,1
4,conj_rot,96,8,2,0.732,0.584,1
4,conj_rot,96,9,1,0.821,0.658,1
4,conj_rot,96,10,2,0.236,0.249,1
4,conj_rot,96,11,1,0.523,0.498,1
4,conj_rot,96,12,1,0.573,0.577,1
4,conj_rot,96,13,1,0.175,0.339,1
4,conj_rot,96,14,2,0.236,0.416,1
4,conj_rot,96,15,1,0.336,0.495,1
4,conj_rot,96,16,2,0.56,0.738,1
4,conj_rot,96,17,2,0.676,0.818,1
4,conj_rot,96,18,1,0.114,0.416,1
4,conj_rot,96,19,2,0.358,0.676,1
4,conj_rot,96,20,1,0.584,0.902,1
4,conj_rot,96,21,2,0,0.507,1
4,conj_rot,96,22,1,0.171,0.675,1
4,conj_rot,96,23,1,0.425,0.896,1
4,conj_rot,96,24,2,0.497,0.973,1
4,conj_rot,97,1,1,0.742,0.274,2
4,conj_rot,97,2,1,0.325,0,2
4,conj_rot,97,3,1,0.438,0.084,2
4,conj_rot,97,4,1,0.631,0.328,2
4,conj_rot,97,5,1,0.825,0.507,2
4,conj_rot,97,6,1,0.242,0.102,2
4,conj_rot,97,7,2,0.395,0.249,2
4,conj_rot,97,8,2,0.491,0.317,2
4,conj_rot,97,9,1,0.646,0.488,2
4,conj_rot,97,10,2,0.738,0.574,2
4,conj_rot,97,11,2,0.17,0.172,2
4,conj_rot,97,12,2,0.393,0.395,2
4,conj_rot,97,13,2,0.492,0.495,2
4,conj_rot,97,14,2,0.569,0.564,2
4,conj_rot,97,15,2,0.661,0.628,2
4,conj_rot,97,16,1,0.158,0.333,2
4,conj_rot,97,17,1,0,0.32,2
4,conj_rot,97,18,1,0.316,0.654,2
4,conj_rot,97,19,2,0.395,0.746,2
4,conj_rot,97,20,2,0.018,0.489,2
4,conj_rot,97,21,2,0.089,0.573,2
4,conj_rot,97,22,1,0.175,0.647,2
4,conj_rot,97,23,2,0.3,0.817,2
4,conj_rot,97,24,1,0.397,0.903,2
4,conj_rot,98,1,2,0.482,0,3
4,conj_rot,98,2,1,0.886,0.402,3
4,conj_rot,98,3,1,0.48,0.174,3
4,conj_rot,98,4,1,0.58,0.256,3
4,conj_rot,98,5,2,0.728,0.4,3
4,conj_rot,98,6,2,0.787,0.512,3
4,conj_rot,98,7,2,0.713,0.579,3
4,conj_rot,98,8,1,0.23,0.259,3
4,conj_rot,98,9,1,0.404,0.423,3
4,conj_rot,98,10,1,0.541,0.572,3
4,conj_rot,98,11,2,0.062,0.244,3
4,conj_rot,98,12,1,0.141,0.318,3
4,conj_rot,98,13,1,0.556,0.763,3
4,conj_rot,98,14,2,0.001,0.341,3
4,conj_rot,98,15,2,0.064,0.418,3
4,conj_rot,98,16,2,0.155,0.497,3
4,conj_rot,98,17,2,0.216,0.591,3
4,conj_rot,98,18,1,0.407,0.733,3
4,conj_rot,98,19,2,0.497,0.827,3
4,conj_rot,98,20,1,0,0.499,3
4,conj_rot,98,21,1,0.092,0.591,3
4,conj_rot,98,22,2,0.157,0.68,3
4,conj_rot,98,23,1,0.315,0.826,3
4,conj_rot,98,24,2,0.383,0.899,3
4,conj_rot,99,1,2,0.509,0,4
4,conj_rot,99,2,2,0.609,0.085,4
4,conj_rot,99,3,2,0.656,0.15,4
4,conj_rot,99,4,2,0.755,0.258,4
4,conj_rot,99,5,2,0.847,0.313,4
4,conj_rot,99,6,1,0.981,0.469,4
4,conj_rot,99,7,1,0.508,0.156,4
4,conj_rot,99,8,1,0.584,0.221,4
4,conj_rot,99,9,2,0.821,0.469,4
4,conj_rot,99,10,1,0.348,0.159,4
4,conj_rot,99,11,1,0.525,0.311,4
4,conj_rot,99,12,1,0.589,0.4,4
4,conj_rot,99,13,1,0.662,0.485,4
4,conj_rot,99,14,2,0.265,0.253,4
4,conj_rot,99,15,2,0.368,0.321,4
4,conj_rot,99,16,2,0.426,0.401,4
4,conj_rot,99,17,1,0.187,0.327,4
4,conj_rot,99,18,1,0.346,0.479,4
4,conj_rot,99,19,2,0.515,0.64,4
4,conj_rot,99,20,1,0.252,0.565,4
4,conj_rot,99,21,2,0.513,0.818,4
4,conj_rot,99,22,1,0,0.479,4
4,conj_rot,99,23,1,0.423,0.892,4
4,conj_rot,99,24,2,0.519,0.967,4
4,conj_rot,100,1,1,0.418,0,5
4,conj_rot,100,2,2,0.659,0.255,5
4,conj_rot,100,3,2,0.426,0.167,5
4,conj_rot,100,4,2,0.571,0.327,5
4,conj_rot,100,5,1,0.671,0.416,5
4,conj_rot,100,6,1,0.182,0.069,5
4,conj_rot,100,7,2,0.243,0.154,5
4,conj_rot,100,8,2,0.337,0.223,5
4,conj_rot,100,9,1,0.581,0.484,5
4,conj_rot,100,10,1,0.013,0.091,5
4,conj_rot,100,11,2,0.107,0.162,5
4,conj_rot,100,12,1,0.183,0.238,5
4,conj_rot,100,13,2,0.254,0.337,5
4,conj_rot,100,14,2,0.426,0.485,5
4,conj_rot,100,15,2,0,0.247,5
4,conj_rot,100,16,1,0.088,0.324,5
4,conj_rot,100,17,1,0.159,0.388,5
4,conj_rot,100,18,1,0.237,0.489,5
4,conj_rot,100,19,2,0.433,0.667,5
4,conj_rot,100,20,1,0,0.379,5
4,conj_rot,100,21,1,0.346,0.709,5
4,conj_rot,100,22,2,0.005,0.579,5
4,conj_rot,100,23,1,0.081,0.645,5
4,conj_rot,100,24,2,0.243,0.8,5
4,conj_uni,101,1,1,0.137,0.264,1
4,conj_uni,101,2,2,0.641,0.674,1
4,conj_uni,101,3,2,0.469,0.495,1
4,conj_uni,101,4,2,0.243,0.213,1
4,conj_uni,101,5,1,0.633,0.528,1
4,conj_uni,101,6,1,0.006,0.566,1
4,conj_uni,101,7,1,0.305,0.615,1
4,conj_uni,101,8,1,0.186,0.536,1
4,conj_uni,101,9,2,0.706,0.049,1
4,conj_uni,101,10,2,0.604,0.039,1
4,conj_uni,101,11,1,0,0.407,1
4,conj_uni,101,12,2,0.581,0.448,1
4,conj_uni,101,13,2,0.454,0.267,1
4,conj_uni,101,14,1,0.697,0.696,1
4,conj_uni,101,15,1,0.626,0.301,1
4,conj_uni,101,16,2,0.143,0.593,1
4,conj_uni,101,17,1,0.225,0.661,1
4,conj_uni,101,18,2,0.366,0.42,1
4,conj_uni,101,19,2,0.675,0.431,1
4,conj_uni,101,20,2,0.269,0.716,1
4,conj_uni,101,21,2,0.057,0.6,1
4,conj_uni,101,22,1,0.082,0.33,1
4,conj_uni,101,23,1,0.379,0.299,1
4,conj_uni,101,24,1,0.557,0,1
4,conj_uni,102,1,2,0.217,0.573,2
4,conj_uni,102,2,2,0.676,0.237,2
4,conj_uni,102,3,2,0.253,0.427,2
4,conj_uni,102,4,2,0.697,0.181,2
4,conj_uni,102,5,1,0.051,0.249,2
4,conj_uni,102,6,1,0.046,0.562,2
4,conj_uni,102,7,1,0.22,0.496,2
4,conj_uni,102,8,1,0.135,0.136,2
4,conj_uni,102,9,2,0.278,0.199,2
4,conj_uni,102,10,2,0.128,0.197,2
4,conj_uni,102,11,1,0.073,0.304,2
4,conj_uni,102,12,1,0.19,0.106,2
4,conj_uni,102,13,1,0.424,0.036,2
4,conj_uni,102,14,1,0.111,0.254,2
4,conj_uni,102,15,2,0.174,0.245,2
4,conj_uni,102,16,2,0.659,0.335,2
4,conj_uni,102,17,1,0.285,0.13,2
4,conj_uni,102,18,2,0.505,0.179,2
4,conj_uni,102,19,2,0.501,0.722,2
4,conj_uni,102,20,1,0.543,0,2
4,conj_uni,102,21,1,0.308,0.023,2
4,conj_uni,102,22,1,0.498,0.087,2
4,conj_uni,102,23,2,0,0.22,2
4,conj_uni,102,24,2,0.553,0.66,2
4,conj_uni,103,1,1,0.315,0.289,3
4,conj_uni,103,2,2,0.192,0.615,3
4,conj_uni,103,3,2,0.194,0.674,3
4,conj_uni,103,4,2,0.018,0.199,3
4,conj_uni,103,5,2,0.463,0.084,3
4,conj_uni,103,6,2,0.646,0.266,3
4,conj_uni,103,7,1,0.562,0.105,3
4,conj_uni,103,8,2,0.52,0.063,3
4,conj_uni,103,9,1,0.191,0.34,3
4,conj_uni,103,10,2,0.701,0.192,3
4,conj_uni,103,11,2,0,0.104,3
4,conj_uni,103,12,1,0.505,0.125,3
4,conj_uni,103,13,1,0.704,0.045,3
4,conj_uni,103,14,2,0.296,0.729,3
4,conj_uni,103,15,1,0.135,0.001,3
4,conj_uni,103,16,1,0.596,0.154,3
4,conj_uni,103,17,1,0.365,0.399,3
4,conj_uni,103,18,1,0.284,0.567,3
4,conj_uni,103,19,2,0.493,0,3
4,conj_uni,103,20,1,0.012,0.499,3
4,conj_uni,103,21,1,0.038,0.018,3
4,conj_uni,103,22,1,0.457,0.589,3
4,conj_uni,103,23,2,0.241,0.001,3
4,conj_uni,103,24,2,0.306,0.231,3
4,conj_uni,104,1,1,0.109,0.518,4
4,conj_uni,104,2,2,0.379,0.542,4
4,conj_uni,104,3,2,0.194,0.658,4
4,conj_uni,104,4,1,0.18,0.594,4
4,conj_uni,104,5,1,0.109,0.028,4
4,conj_uni,104,6,2,0.68,0.577,4
4,conj_uni,104,7,1,0.296,0.071,4
4,conj_uni,104,8,2,0.42,0.22,4
4,conj_uni,104,9,1,0,0.072,4
4,conj_uni,104,10,2,0.098,0.728,4
4,conj_uni,104,11,1,0.079,0.605,4
4,conj_uni,104,12,1,0.578,0.565,4
4,conj_uni,104,13,2,0.132,0.631,4
4,conj_uni,104,14,1,0.392,0,4
4,conj_uni,104,15,1,0.539,0.367,4
4,conj_uni,104,16,2,0.342,0.223,4
4,conj_uni,104,17,1,0.261,0.645,4
4,conj_uni,104,18,2,0.271,0.19,4
4,conj_uni,104,19,2,0.226,0.24,4
4,conj_uni,104,20,2,0.169,0.038,4
4,conj_uni,104,21,2,0.7,0.634,4
4,conj_uni,104,22,1,0.164,0.098,4
4,conj_uni,104,23,2,0.286,0.248,4
4,conj_uni,104,24,1,0.45,0.411,4
4,conj_uni,105,1,1,0.556,0.294,5
4,conj_uni,105,2,2,0.677,0.237,5
4,conj_uni,105,3,2,0.494,0.08,5
4,conj_uni,105,4,1,0.192,0.372,5
4,conj_uni,105,5,1,0.567,0.237,5
4,conj_uni,105,6,2,0.215,0.427,5
4,conj_uni,105,7,1,0.434,0.597,5
4,conj_uni,105,8,2,0,0.659,5
4,conj_uni,105,9,1,0.59,0.343,5
4,conj_uni,105,10,1,0.668,0.176,5
4,conj_uni,105,11,2,0.482,0.451,5
4,conj_uni,105,12,1,0.334,0.326,5
4,conj_uni,105,13,1,0.412,0.437,5
4,conj_uni,105,14,1,0.074,0.393,5
4,conj_uni,105,15,1,0.25,0,5
4,conj_uni,105,16,2,0.071,0.098,5
4,conj_uni,105,17,2,0.514,0.338,5
4,conj_uni,105,18,2,0.616,0.609,5
4,conj_uni,105,19,2,0.164,0.565,5
4,conj_uni,105,20,2,0.15,0.018,5
4,conj_uni,105,21,1,0.732,0.52,5
4,conj_uni,105,22,1,0.226,0.485,5
4,conj_uni,105,23,2,0.002,0.425,5
4,conj_uni,105,24,2,0.427,0.538,5
4,feat_grid,106,1,1,0.122,0.024,1
4,feat_grid,106,2,1,0.216,0.017,1
4,feat_grid,106,3,1,0.45,0,1
4,feat_grid,106,4,2,0.567,0.029,1
4,feat_grid,106,5,1,0.699,0.001,1
4,feat_grid,106,6,1,0.002,0.142,1
4,feat_grid,106,7,1,0.228,0.112,1
4,feat_grid,106,8,1,0.571,0.122,1
4,feat_grid,106,9,2,0.708,0.136,1
4,feat_grid,106,10,2,0.002,0.247,1
4,feat_grid,106,11,2,0.34,0.269,1
4,feat_grid,106,12,2,0.701,0.259,1
4,feat_grid,106,13,2,0.115,0.362,1
4,feat_grid,106,14,1,0.243,0.369,1
4,feat_grid,106,15,2,0.678,0.354,1
4,feat_grid,106,16,1,0,0.488,1
4,feat_grid,106,17,2,0.124,0.457,1
4,feat_grid,106,18,2,0.249,0.479,1
4,feat_grid,106,19,2,0.58,0.485,1
4,feat_grid,106,20,2,0.02,0.573,1
4,feat_grid,106,21,1,0.473,0.578,1
4,feat_grid,106,22,1,0.58,0.594,1
4,feat_grid,106,23,2,0.706,0.596,1
4,feat_grid,106,24,1,0.447,0.702,1
4,feat_grid,107,1,2,0.238,0.024,2
4,feat_grid,107,2,1,0.339,0,2
4,feat_grid,107,3,1,0.004,0.107,2
4,feat_grid,107,4,1,0.596,0.133,2
4,feat_grid,107,5,2,0.225,0.249,2
4,feat_grid,107,6,1,0.469,0.249,2
4,feat_grid,107,7,2,0.363,0.342,2
4,feat_grid,107,8,1,0.684,0.35,2
4,feat_grid,107,9,2,0.007,0.452,2
4,feat_grid,107,10,1,0.141,0.47,2
4,feat_grid,107,11,2,0.344,0.455,2
4,feat_grid,107,12,1,0.447,0.467,2
4,feat_grid,107,13,1,0.693,0.471,2
4,feat_grid,107,14,2,0.014,0.581,2
4,feat_grid,107,15,2,0.451,0.586,2
4,feat_grid,107,16,1,0.567,0.575,2
4,feat_grid,107,17,1,0.704,0.578,2
4,feat_grid,107,18,1,0,0.689,2
4,feat_grid,107,19,2,0.116,0.695,2
4,feat_grid,107,20,2,0.243,0.706,2
4,feat_grid,107,21,1,0.356,0.688,2
4,feat_grid,107,22,2,0.461,0.687,2
4,feat_grid,107,23,2,0.582,0.708,2
4,feat_grid,107,24,2,0.691,0.684,2
4,feat_grid,108,1,2,0,0.01,3
4,feat_grid,108,2,1,0.132,0,3
4,feat_grid,108,3,2,0.353,0.004,3
4,feat_grid,108,4,2,0.695,0.004,3
4,feat_grid,108,5,1,0.245,0.145,3
4,feat_grid,108,6,1,0.375,0.107,3
4,feat_grid,108,7,2,0.705,0.121,3
4,feat_grid,108,8,1,0.244,0.237,3
4,feat_grid,108,9,1,0.35,0.242,3
4,feat_grid,108,10,2,0.576,0.253,3
4,feat_grid,108,11,1,0.706,0.237,3
4,feat_grid,108,12,2,0.249,0.356,3
4,feat_grid,108,13,2,0.606,0.374,3
4,feat_grid,108,14,2,0.128,0.452,3
4,feat_grid,108,15,1,0.248,0.468,3
4,feat_grid,108,16,1,0.464,0.478,3
4,feat_grid,108,17,1,0.587,0.473,3
4,feat_grid,108,18,1,0.704,0.467,3
4,feat_grid,108,19,2,0.129,0.596,3
4,feat_grid,108,20,2,0.353,0.578,3
4,feat_grid,108,21,2,0.478,0.58,3
4,feat_grid,108,22,1,0.603,0.583,3
4,feat_grid,108,23,1,0.251,0.71,3
4,feat_grid,108,24,2,0.354,0.698,3
4,feat_grid,109,1,1,0.027,0.007,4
4,feat_grid,109,2,2,0.239,0.03,4
4,feat_grid,109,3,1,0.366,0.026,4
4,feat_grid,109,4,2,0.463,0.021,4
4,feat_grid,109,5,2,0.695,0,4
4,feat_grid,109,6,2,0,0.132,4
4,feat_grid,109,7,2,0.137,0.126,4
4,feat_grid,109,8,1,0.239,0.155,4
4,feat_grid,109,9,1,0.362,0.115,4
4,feat_grid,109,10,2,0.478,0.138,4
4,feat_grid,109,11,1,0.02,0.242,4
4,feat_grid,109,12,2,0.593,0.24,4
4,feat_grid,109,13,2,0.719,0.254,4
4,feat_grid,109,14,1,0.13,0.361,4
4,feat_grid,109,15,1,0.249,0.366,4
4,feat_grid,109,16,1,0.712,0.388,4
4,feat_grid,109,17,1,0.006,0.472,4
4,feat_grid,109,18,1,0.705,0.46,4
4,feat_grid,109,19,1,0.018,0.593,4
4,feat_grid,109,20,1,0.24,0.591,4
4,feat_grid,109,21,2,0.463,0.599,4
4,feat_grid,109,22,2,0.597,0.581,4
4,feat_grid,109,23,2,0.695,0.587,4
4,feat_grid,109,24,2,0.713,0.718,4
4,feat_grid,110,1,2,0.024,0,5
4,feat_grid,110,2,1,0.367,0.022,5
4,feat_grid,110,3,2,0.595,0.03,5
4,feat_grid,110,4,2,0.112,0.141,5
4,feat_grid,110,5,2,0.249,0.133,5
4,feat_grid,110,6,1,0.699,0.097,5
4,feat_grid,110,7,1,0.128,0.25,5
4,feat_grid,110,8,1,0.241,0.25,5
4,feat_grid,110,9,1,0.346,0.255,5
4,feat_grid,110,10,1,0.46,0.25,5
4,feat_grid,110,11,1,0.56,0.23,5
4,feat_grid,110,12,1,0.024,0.356,5
4,feat_grid,110,13,2,0.131,0.362,5
4,feat_grid,110,14,1,0.348,0.349,5
4,feat_grid,110,15,2,0.683,0.358,5
4,feat_grid,110,16,2,0.132,0.473,5
4,feat_grid,110,17,2,0.369,0.486,5
4,feat_grid,110,18,2,0.577,0.48,5
4,feat_grid,110,19,2,0.691,0.488,5
4,feat_grid,110,20,1,0,0.606,5
4,feat_grid,110,21,2,0.359,0.562,5
4,feat_grid,110,22,1,0.588,0.594,5
4,feat_grid,110,23,2,0.149,0.712,5
4,feat_grid,110,24,1,0.713,0.728,5
4,feat_rot,111,1,2,0.338,0,1
4,feat_rot,111,2,1,0.497,0.168,1
4,feat_rot,111,3,1,0.674,0.345,1
4,feat_rot,111,4,2,0.749,0.436,1
4,feat_rot,111,5,1,0.258,0.089,1
4,feat_rot,111,6,1,0.503,0.354,1
4,feat_rot,111,7,2,0.598,0.424,1
4,feat_rot,111,8,1,0.729,0.578,1
4,feat_rot,111,9,1,0.269,0.237,1
4,feat_rot,111,10,2,0.337,0.325,1
4,feat_rot,111,11,1,0.418,0.43,1
4,feat_rot,111,12,1,0.499,0.505,1
4,feat_rot,111,13,1,0.673,0.659,1
4,feat_rot,111,14,2,0.254,0.433,1
4,feat_rot,111,15,2,0.51,0.685,1
4,feat_rot,111,16,2,0.088,0.441,1
4,feat_rot,111,17,1,0.249,0.565,1
4,feat_rot,111,18,2,0.324,0.684,1
4,feat_rot,111,19,2,0.402,0.736,1
4,feat_rot,111,20,2,0.496,0.816,1
4,feat_rot,111,21,2,0,0.487,1
4,feat_rot,111,22,1,0.084,0.57,1
4,feat_rot,111,23,2,0.165,0.817,1
4,feat_rot,111,24,1,0.33,0.99,1
4,feat_rot,112,1,2,0.324,0,2
4,feat_rot,112,2,1,0.557,0.244,2
4,feat_rot,112,3,2,0.645,0.346,2
4,feat_rot,112,4,2,0.806,0.476,2
4,feat_rot,112,5,1,0.26,0.077,2
4,feat_rot,112,6,2,0.329,0.155,2
4,feat_rot,112,7,1,0.412,0.234,2
4,feat_rot,112,8,1,0.586,0.402,2
4,feat_rot,112,9,1,0.652,0.488,2
4,feat_rot,112,10,2,0.181,0.168,2
4,feat_rot,112,11,2,0.226,0.244,2
4,feat_rot,112,12,2,0.322,0.344,2
4,feat_rot,112,13,1,0.486,0.488,2
4,feat_rot,112,14,1,0.573,0.571,2
4,feat_rot,112,15,1,0.649,0.647,2
4,feat_rot,112,16,2,0.164,0.329,2
4,feat_rot,112,17,1,0.482,0.63,2
4,feat_rot,112,18,2,0,0.333,2
4,feat_rot,112,19,1,0.332,0.635,2
4,feat_rot,112,20,1,0.165,0.646,2
4,feat_rot,112,21,2,0.326,0.806,2
4,feat_rot,112,22,2,0.163,0.809,2
4,feat_rot,112,23,2,0.238,0.879,2
4,feat_rot,112,24,1,0.332,0.965,2
4,feat_rot,113,1,1,0.468,0,3
4,feat_rot,113,2,1,0.798,0.323,3
4,feat_rot,113,3,2,0.403,0.071,3
4,feat_rot,113,4,2,0.48,0.149,3
4,feat_rot,113,5,1,0.631,0.328,3
4,feat_rot,113,6,2,0.724,0.408,3
4,feat_rot,113,7,1,0.215,0.073,3
4,feat_rot,113,8,2,0.322,0.141,3
4,feat_rot,113,9,1,0.631,0.489,3
4,feat_rot,113,10,2,0.227,0.242,3
4,feat_rot,113,11,2,0.489,0.496,3
4,feat_rot,113,12,1,0.153,0.335,3
4,feat_rot,113,13,1,0.225,0.408,3
4,feat_rot,113,14,1,0.479,0.662,3
4,feat_rot,113,15,1,0.077,0.401,3
4,feat_rot,113,16,2,0.141,0.472,3
4,feat_rot,113,17,2,0.224,0.559,3
4,feat_rot,113,18,2,0.318,0.667,3
4,feat_rot,113,19,2,0.382,0.749,3
4,feat_rot,113,20,1,0,0.492,3
4,feat_rot,113,21,2,0.07,0.562,3
4,feat_rot,113,22,2,0.236,0.71,3
4,feat_rot,113,23,1,0.316,0.834,3
4,feat_rot,113,24,1,0.394,0.891,3
4,feat_rot,114,1,2,0.62,0.054,4
4,feat_rot,114,2,2,0.781,0.238,4
4,feat_rot,114,3,2,0.949,0.419,4
4,feat_rot,114,4,1,0.393,0,4
4,feat_rot,114,5,2,0.482,0.07,4
4,feat_rot,114,6,2,0.543,0.15,4
4,feat_rot,114,7,1,0.812,0.403,4
4,feat_rot,114,8,1,0.467,0.262,4
4,feat_rot,114,9,2,0.223,0.156,4
4,feat_rot,114,10,1,0.329,0.232,4
4,feat_rot,114,11,1,0.732,0.648,4
4,feat_rot,114,12,1,0.248,0.309,4
4,feat_rot,114,13,1,0.308,0.411,4
4,feat_rot,114,14,2,0.47,0.566,4
4,feat_rot,114,15,1,0.623,0.733,4
4,feat_rot,114,16,1,0.053,0.334,4
4,feat_rot,114,17,2,0.227,0.494,4
4,feat_rot,114,18,1,0.309,0.557,4
4,feat_rot,114,19,1,0.478,0.708,4
4,feat_rot,114,20,2,0,0.405,4
4,feat_rot,114,21,2,0.155,0.574,4
4,feat_rot,114,22,2,0.22,0.652,4
4,feat_rot,114,23,2,0.395,0.842,4
4,feat_rot,114,24,1,0.491,0.887,4
4,feat_rot,115,1,1,0.451,0,5
4,feat_rot,115,2,1,0.777,0.299,5
4,feat_rot,115,3,2,0.65,0.305,5
4,feat_rot,115,4,1,0.741,0.392,5
4,feat_rot,115,5,2,0.811,0.482,5
4,feat_rot,115,6,2,0.411,0.234,5
4,feat_rot,115,7,2,0.642,0.489,5
4,feat_rot,115,8,1,0.237,0.225,5
4,feat_rot,115,9,2,0.324,0.316,5
4,feat_rot,115,10,1,0.564,0.56,5
4,feat_rot,115,11,2,0.644,0.621,5
4,feat_rot,115,12,2,0.724,0.721,5
4,feat_rot,115,13,2,0.177,0.303,5
4,feat_rot,115,14,1,0.317,0.471,5
4,feat_rot,115,15,1,0.399,0.558,5
4,feat_rot,115,16,2,0.484,0.634,5
4,feat_rot,115,17,1,0.644,0.804,5
4,feat_rot,115,18,1,0.243,0.555,5
4,feat_rot,115,19,2,0.32,0.644,5
4,feat_rot,115,20,1,0.56,0.864,5
4,feat_rot,115,21,2,0,0.47,5
4,feat_rot,115,22,1,0.162,0.646,5
4,feat_rot,115,23,2,0.319,0.795,5
4,feat_rot,115,24,1,0.469,0.964,5
4,feat_uni,116,1,2,0.345,0.109,1
4,feat_uni,116,2,1,0.221,0.29,1
4,feat_uni,116,3,2,0.681,0.022,1
4,feat_uni,116,4,2,0.378,0.541,1
4,feat_uni,116,5,1,0.004,0.176,1
4,feat_uni,116,6,1,0.116,0.578,1
4,feat_uni,116,7,2,0.696,0.143,1
4,feat_uni,116,8,1,0.53,0,1
4,feat_uni,116,9,2,0.474,0.588,1
4,feat_uni,116,10,2,0.581,0.176,1
4,feat_uni,116,11,1,0.715,0.608,1
4,feat_uni,116,12,2,0.307,0.418,1
4,feat_uni,116,13,2,0.275,0.545,1
4,feat_uni,116,14,2,0.552,0.577,1
4,feat_uni,116,15,1,0.576,0.243,1
4,feat_uni,116,16,2,0.631,0.055,1
4,feat_uni,116,17,1,0,0.1,1
4,feat_uni,116,18,1,0.666,0.24,1
4,feat_uni,116,19,1,0.383,0.063,1
4,feat_uni,116,20,1,0.46,0.009,1
4,feat_uni,116,21,2,0.484,0.258,1
4,feat_uni,116,22,2,0.429,0.281,1
4,feat_uni,116,23,1,0.017,0.597,1
4,feat_uni,116,24,1,0.638,0.156,1
4,feat_uni,117,1,2,0.121,0.012,2
4,feat_uni,117,2,1,0.467,0.16,2
4,feat_uni,117,3,1,0.214,0.3,2
4,feat_uni,117,4,2,0.272,0.293,2
4,feat_uni,117,5,2,0.495,0.512,2
4,feat_uni,117,6,1,0.407,0.149,2
4,feat_uni,117,7,1,0.439,0.289,2
4,feat_uni,117,8,1,0,0.647,2
4,feat_uni,117,9,1,0.579,0.061,2
4,feat_uni,117,10,1,0.521,0.074,2
4,feat_uni,117,11,2,0.073,0.18,2
4,feat_uni,117,12,2,0.714,0.63,2
4,feat_uni,117,13,2,0.285,0,2
4,feat_uni,117,14,1,0.514,0.299,2
4,feat_uni,117,15,2,0.015,0.499,2
4,feat_uni,117,16,2,0.136,0.301,2
4,feat_uni,117,17,2,0.316,0.335,2
4,feat_uni,117,18,2,0.34,0.192,2
4,feat_uni,117,19,1,0.052,0.684,2
4,feat_uni,117,20,2,0.112,0.689,2
4,feat_uni,117,21,1,0.627,0.625,2
4,feat_uni,117,22,1,0.404,0.031,2
4,feat_uni,117,23,1,0.424,0.353,2
4,feat_uni,117,24,2,0.332,0.391,2
4,feat_uni,118,1,1,0.216,0.148,3
4,feat_uni,118,2,2,0.316,0.687,3
4,feat_uni,118,3,2,0.136,0.112,3
4,feat_uni,118,4,1,0.401,0.487,3
4,feat_uni,118,5,2,0.135,0.546,3
4,feat_uni,118,6,1,0.007,0.674,3
4,feat_uni,118,7,1,0.023,0.226,3
4,feat_uni,118,8,1,0.599,0.464,3
4,feat_uni,118,9,1,0.509,0.277,3
4,feat_uni,118,10,2,0.606,0.095,3
4,feat_uni,118,11,2,0.63,0.32,3
4,feat_uni,118,12,2,0.131,0.283,3
4,feat_uni,118,13,2,0.032,0.403,3
4,feat_uni,118,14,1,0.289,0.457,3
4,feat_uni,118,15,1,0.576,0.552,3
4,feat_uni,118,16,2,0.572,0.031,3
4,feat_uni,118,17,1,0.349,0.054,3
4,feat_uni,118,18,2,0,0,3
4,feat_uni,118,19,1,0.4,0.086,3
4,feat_uni,118,20,1,0.507,0.216,3
4,feat_uni,118,21,1,0.228,0.658,3
4,feat_uni,118,22,2,0.23,0.353,3
4,feat_uni,118,23,2,0.238,0.016,3
4,feat_uni,118,24,2,0.51,0.507,3
4,feat_uni,119,1,1,0.27,0.623,4
4,feat_uni,119,2,2,0.57,0.596,4
4,feat_uni,119,3,1,0.626,0.566,4
4,feat_uni,119,4,1,0.391,0.476,4
4,feat_uni,119,5,1,0.513,0.576,4
4,feat_uni,119,6,1,0.223,0.664,4
4,feat_uni,119,7,2,0.06,0.166,4
4,feat_uni,119,8,2,0.375,0.276,4
4,feat_uni,119,9,2,0.028,0.031,4
4,feat_uni,119,10,2,0.717,0.642,4
4,feat_uni,119,11,1,0.253,0.436,4
4,feat_uni,119,12,2,0.103,0.576,4
4,feat_uni,119,13,1,0.217,0.593,4
4,feat_uni,119,14,1,0.187,0.445,4
4,feat_uni,119,15,1,0.504,0.436,4
4,feat_uni,119,16,1,0.699,0.259,4
4,feat_uni,119,17,2,0.202,0.03,4
4,feat_uni,119,18,2,0.633,0.289,4
4,feat_uni,119,19,2,0.141,0.096,4
4,feat_uni,119,20,2,0.43,0.719,4
4,feat_uni,119,21,1,0.511,0.261,4
4,feat_uni,119,22,2,0,0.48,4
4,feat_uni,119,23,2,0.343,0,4
4,feat_uni,119,24,1,0.216,0.241,4
4,feat_uni,120,1,1,0.657,0.709,5
4,feat_uni,120,2,1,0.167,0.699,5
4,feat_uni,120,3,2,0.249,0.378,5
4,feat_uni,120,4,2,0.113,0.181,5
4,feat_uni,120,5,2,0,0.104,5
4,feat_uni,120,6,1,0.002,0.009,5
4,feat_uni,120,7,1,0.321,0.53,5
4,feat_uni,120,8,2,0.355,0,5
4,feat_uni,120,9,1,0.705,0.317,5
4,feat_uni,120,10,2,0.138,0.017,5
4,feat_uni,120,11,1,0.086,0.323,5
4,feat_uni,120,12,2,0.277,0.439,5
4,feat_uni,120,13,2,0.729,0.59,5
4,feat_uni,120,14,1,0.596,0.626,5
4,feat_uni,120,15,2,0.412,0.428,5
4,feat_uni,120,16,2,0.516,0.312,5
4,feat_uni,120,17,1,0.028,0.417,5
4,feat_uni,120,18,1,0.205,0.329,5
4,feat_uni,120,19,2,0.603,0.684,5
4,feat_uni,120,20,2,0.429,0.105,5
4,feat_uni,120,21,1,0.542,0.065,5
4,feat_uni,120,22,2,0.168,0.074,5
4,feat_uni,120,23,1,0.252,0.638,5
4,feat_uni,120,24,1,0.306,0.034,5
5,conj_grid,121,1,1,0,0,1
5,conj_grid,121,2,1,0.236,0,1
5,conj_grid,121,3,2,0.353,0.004,1
5,conj_grid,121,4,2,0.006,0.122,1
5,conj_grid,121,5,2,0.349,0.105,1
5,conj_grid,121,6,2,0.46,0.091,1
5,conj_grid,121,7,1,0.115,0.243,1
5,conj_grid,121,8,1,0.215,0.217,1
5,conj_grid,121,9,1,0.355,0.309,1
5,conj_grid,121,10,1,0.579,0.326,1
5,conj_grid,121,11,2,0.693,0.348,1
5,conj_grid,121,12,2,0.029,0.473,1
5,conj_grid,121,13,2,0.131,0.445,1
5,conj_grid,121,14,1,0.228,0.446,1
5,conj_grid,121,15,1,0.325,0.441,1
5,conj_grid,121,16,2,0.598,0.452,1
5,conj_grid,121,17,2,0.692,0.443,1
5,conj_grid,121,18,1,0.012,0.577,1
5,conj_grid,121,19,2,0.243,0.57,1
5,conj_grid,121,20,2,0.696,0.573,1
5,conj_grid,121,21,2,0.015,0.689,1
5,conj_grid,121,22,1,0.348,0.688,1
5,conj_grid,121,23,1,0.583,0.685,1
5,conj_grid,121,24,1,0.697,0.689,1
5,conj_grid,122,1,2,0,0.019,2
5,conj_grid,122,2,1,0.104,0.028,2
5,conj_grid,122,3,2,0.474,0,2
5,conj_grid,122,4,1,0.571,0.014,2
5,conj_grid,122,5,1,0.126,0.147,2
5,conj_grid,122,6,2,0.214,0.121,2
5,conj_grid,122,7,1,0.471,0.132,2
5,conj_grid,122,8,2,0.573,0.129,2
5,conj_grid,122,9,2,0.677,0.132,2
5,conj_grid,122,10,1,0.214,0.257,2
5,conj_grid,122,11,1,0.324,0.234,2
5,conj_grid,122,12,2,0.442,0.245,2
5,conj_grid,122,13,1,0.676,0.236,2
5,conj_grid,122,14,1,0.09,0.367,2
5,conj_grid,122,15,2,0.452,0.371,2
5,conj_grid,122,16,2,0.219,0.484,2
5,conj_grid,122,17,2,0.43,0.471,2
5,conj_grid,122,18,1,0.69,0.459,2
5,conj_grid,122,19,1,0.341,0.579,2
5,conj_grid,122,20,2,0.105,0.698,2
5,conj_grid,122,21,2,0.231,0.696,2
5,conj_grid,122,22,1,0.353,0.706,2
5,conj_grid,122,23,1,0.574,0.698,2
5,conj_grid,122,24,2,0.706,0.713,2
5,conj_grid,123,1,2,0.001,0.002,3
5,conj_grid,123,2,2,0.134,0.001,3
5,conj_grid,123,3,1,0.219,0,3
5,conj_grid,123,4,2,0.586,0.019,3
5,conj_grid,123,5,2,0.721,0.105,3
5,conj_grid,123,6,1,0.015,0.228,3
5,conj_grid,123,7,1,0.571,0.236,3
5,conj_grid,123,8,2,0.691,0.223,3
5,conj_grid,123,9,1,0,0.356,3
5,conj_grid,123,10,2,0.34,0.355,3
5,conj_grid,123,11,1,0.69,0.365,3
5,conj_grid,123,12,2,0.248,0.47,3
5,conj_grid,123,13,1,0.454,0.465,3
5,conj_grid,123,14,1,0.698,0.463,3
5,conj_grid,123,15,2,0.006,0.588,3
5,conj_grid,123,16,2,0.237,0.574,3
5,conj_grid,123,17,1,0.357,0.588,3
5,conj_grid,123,18,1,0.47,0.598,3
5,conj_grid,123,19,1,0.577,0.603,3
5,conj_grid,123,20,1,0.702,0.583,3
5,conj_grid,123,21,2,0.007,0.696,3
5,conj_grid,123,22,2,0.255,0.698,3
5,conj_grid,123,23,2,0.452,0.713,3
5,conj_grid,123,24,1,0.708,0.701,3
5,conj_grid,124,1,2,0.009,0.002,4
5,conj_grid,124,2,1,0.217,0,4
5,conj_grid,124,3,1,0.348,0.011,4
5,conj_grid,124,4,1,0.544,0.006,4
5,conj_grid,124,5,1,0.219,0.113,4
5,conj_grid,124,6,2,0.36,0.111,4
5,conj_grid,124,7,2,0.441,0.107,4
5,conj_grid,124,8,1,0.665,0.107,4
5,conj_grid,124,9,1,0.097,0.223,4
5,conj_grid,124,10,2,0.218,0.237,4
5,conj_grid,124,11,1,0.567,0.222,4
5,conj_grid,124,12,2,0.348,0.351,4
5,conj_grid,124,13,2,0.43,0.344,4
5,conj_grid,124,14,1,0.561,0.344,4
5,conj_grid,124,15,2,0,0.451,4
5,conj_grid,124,16,2,0.338,0.453,4
5,conj_grid,124,17,1,0.003,0.584,4
5,conj_grid,124,18,2,0.08,0.561,4
5,conj_grid,124,19,2,0.324,0.58,4
5,conj_grid,124,20,2,0.435,0.586,4
5,conj_grid,124,21,1,0.696,0.575,4
5,conj_grid,124,22,2,0.337,0.687,4
5,conj_grid,124,23,1,0.429,0.696,4
5,conj_grid,124,24,1,0.559,0.699,4
5,conj_grid,125,1,1,0.119,0,5
5,conj_grid,125,2,1,0.256,0.003,5
5,conj_grid,125,3,2,0.36,0.004,5
5,conj_grid,125,4,1,0.472,0.017,5
5,conj_grid,125,5,2,0.584,0.001,5
5,conj_grid,125,6,2,0.705,0.006,5
5,conj_grid,125,7,1,0.143,0.119,5
5,conj_grid,125,8,1,0.6,0.103,5
5,conj_grid,125,9,1,0.695,0.1,5
5,conj_grid,125,10,1,0,0.236,5
5,conj_grid,125,11,1,0.134,0.24,5
5,conj_grid,125,12,1,0.371,0.23,5
5,conj_grid,125,13,2,0.478,0.228,5
5,conj_grid,125,14,2,0.373,0.35,5
5,conj_grid,125,15,2,0.011,0.468,5
5,conj_grid,125,16,1,0.114,0.484,5
5,conj_grid,125,17,2,0.482,0.453,5
5,conj_grid,125,18,1,0.699,0.476,5
5,conj_grid,125,19,2,0.131,0.565,5
5,conj_grid,125,20,1,0.241,0.584,5
5,conj_grid,125,21,2,0.372,0.587,5
5,conj_grid,125,22,2,0.574,0.565,5
5,conj_grid,125,23,2,0.677,0.591,5
5,conj_grid,125,24,2,0.027,0.672,5
5,conj_rot,126,1,2,0.472,0,1
5,conj_rot,126,2,1,0.645,0.151,1
5,conj_rot,126,3,1,0.744,0.256,1
5,conj_rot,126,4,1,0.659,0.336,1
5,conj_rot,126,5,2,0.801,0.47,1
5,conj_rot,126,6,1,0.316,0.167,1
5,conj_rot,126,7,1,0.422,0.221,1
5,conj_rot,126,8,1,0.566,0.413,1
5,conj_rot,126,9,2,0.733,0.56,1
5,conj_rot,126,10,2,0.81,0.634,1
5,conj_rot,126,11,1,0.234,0.248,1
5,conj_rot,126,12,2,0.299,0.302,1
5,conj_rot,126,13,1,0.482,0.499,1
5,conj_rot,126,14,1,0.404,0.566,1
5,conj_rot,126,15,1,0.572,0.719,1
5,conj_rot,126,16,2,0.08,0.393,1
5,conj_rot,126,17,2,0.135,0.48,1
5,conj_rot,126,18,2,0.258,0.576,1
5,conj_rot,126,19,2,0.327,0.642,1
5,conj_rot,126,20,2,0.405,0.738,1
5,conj_rot,126,21,1,0,0.478,1
5,conj_rot,126,22,1,0.151,0.637,1
5,conj_rot,126,23,2,0.312,0.797,1
5,conj_rot,126,24,2,0.362,0.877,1
5,conj_rot,127,1,2,0.397,0,2
5,conj_rot,127,2,2,0.559,0.162,2
5,conj_rot,127,3,1,0.665,0.236,2
5,conj_rot,127,4,2,0.71,0.334,2
5,conj_rot,127,5,2,0.806,0.413,2
5,conj_rot,127,6,2,0.889,0.47,2
5,conj_rot,127,7,2,0.4,0.158,2
5,conj_rot,127,8,2,0.623,0.401,2
5,conj_rot,127,9,2,0.401,0.33,2
5,conj_rot,127,10,2,0.472,0.417,2
5,conj_rot,127,11,1,0.253,0.336,2
5,conj_rot,127,12,1,0.317,0.396,2
5,conj_rot,127,13,2,0.586,0.667,2
5,conj_rot,127,14,2,0.135,0.391,2
5,conj_rot,127,15,1,0.308,0.573,2
5,conj_rot,127,16,1,0.486,0.732,2
5,conj_rot,127,17,1,0.578,0.789,2
5,conj_rot,127,18,1,0,0.4,2
5,conj_rot,127,19,2,0.085,0.506,2
5,conj_rot,127,20,1,0.313,0.727,2
5,conj_rot,127,21,1,0.473,0.889,2
5,conj_rot,127,22,1,0.002,0.561,2
5,conj_rot,127,23,1,0.084,0.648,2
5,conj_rot,127,24,1,0.146,0.721,2
5,conj_rot,128,1,2,0.496,0.071,3
5,conj_rot,128,2,1,0.567,0.181,3
5,conj_rot,128,3,2,0.642,0.233,3
5,conj_rot,128,4,2,0.26,0,3
5,conj_rot,128,5,1,0.317,0.1,3
5,conj_rot,128,6,1,0.418,0.179,3
5,conj_rot,128,7,2,0.576,0.333,3
5,conj_rot,128,8,2,0.724,0.481,3
5,conj_rot,128,9,1,0.148,0.079,3
5,conj_rot,128,10,1,0.249,0.172,3
5,conj_rot,128,11,2,0.495,0.404,3
5,conj_rot,128,12,2,0.654,0.556,3
5,conj_rot,128,13,1,0.255,0.311,3
5,conj_rot,128,14,2,0.318,0.4,3
5,conj_rot,128,15,2,0.486,0.574,3
5,conj_rot,128,16,1,0.153,0.4,3
5,conj_rot,128,17,1,0.252,0.488,3
5,conj_rot,128,18,1,0,0.411,3
5,conj_rot,128,19,1,0.078,0.491,3
5,conj_rot,128,20,2,0.26,0.641,3
5,conj_rot,128,21,1,0.322,0.715,3
5,conj_rot,128,22,1,0.4,0.831,3
5,conj_rot,128,23,2,0.006,0.574,3
5,conj_rot,128,24,2,0.165,0.743,3
5,conj_rot,129,1,2,0.382,0,4
5,conj_rot,129,2,1,0.496,0.097,4
5,conj_rot,129,3,1,0.796,0.389,4
5,conj_rot,129,4,1,0.897,0.509,4
5,conj_rot,129,5,2,0.422,0.154,4
5,conj_rot,129,6,1,0.723,0.499,4
5,conj_rot,129,7,2,0.241,0.16,4
5,conj_rot,129,8,2,0.34,0.253,4
5,conj_rot,129,9,1,0.169,0.258,4
5,conj_rot,129,10,2,0.237,0.345,4
5,conj_rot,129,11,1,0.322,0.414,4
5,conj_rot,129,12,2,0.411,0.489,4
5,conj_rot,129,13,1,0.48,0.588,4
5,conj_rot,129,14,1,0.148,0.408,4
5,conj_rot,129,15,1,0.232,0.479,4
5,conj_rot,129,16,1,0.407,0.674,4
5,conj_rot,129,17,2,0.465,0.725,4
5,conj_rot,129,18,1,0.573,0.81,4
5,conj_rot,129,19,2,0,0.419,4
5,conj_rot,129,20,2,0.088,0.468,4
5,conj_rot,129,21,2,0.395,0.84,4
5,conj_rot,129,22,2,0.496,0.899,4
5,conj_rot,129,23,1,0.148,0.746,4
5,conj_rot,129,24,2,0.253,0.833,4
5,conj_rot,130,1,1,0.499,0,5
5,conj_rot,130,2,1,0.971,0.482,5
5,conj_rot,130,3,1,0.414,0.068,5
5,conj_rot,130,4,1,0.736,0.402,5
5,conj_rot,130,5,1,0.81,0.485,5
5,conj_rot,130,6,1,0.88,0.569,5
5,conj_rot,130,7,2,0.642,0.472,5
5,conj_rot,130,8,1,0.726,0.548,5
5,conj_rot,130,9,1,0.34,0.325,5
5,conj_rot,130,10,2,0.573,0.565,5
5,conj_rot,130,11,1,0.736,0.744,5
5,conj_rot,130,12,2,0.173,0.293,5
5,conj_rot,130,13,2,0.338,0.485,5
5,conj_rot,130,14,2,0.491,0.649,5
5,conj_rot,130,15,2,0.576,0.716,5
5,conj_rot,130,16,2,0.65,0.819,5
5,conj_rot,130,17,1,0.1,0.422,5
5,conj_rot,130,18,2,0.164,0.497,5
5,conj_rot,130,19,1,0.424,0.739,5
5,conj_rot,130,20,1,0.557,0.887,5
5,conj_rot,130,21,2,0,0.479,5
5,conj_rot,130,22,2,0.236,0.732,5
5,conj_rot,130,23,2,0.325,0.79,5
5,conj_rot,130,24,2,0.377,0.889,5
5,conj_uni,131,1,1,0.153,0.215,1
5,conj_uni,131,2,1,0,0.122,1
5,conj_uni,131,3,2,0.322,0.004,1
5,conj_uni,131,4,2,0.089,0.268,1
5,conj_uni,131,5,2,0.105,0.007,1
5,conj_uni,131,6,2,0.713,0.32,1
5,conj_uni,131,7,1,0.23,0.044,1
5,conj_uni,131,8,2,0.172,0,1
5,conj_uni,131,9,2,0.32,0.064,1
5,conj_uni,131,10,1,0.18,0.488,1
5,conj_uni,131,11,1,0.401,0.351,1
5,conj_uni,131,12,2,0.667,0.272,1
5,conj_uni,131,13,1,0.421,0.149,1
5,conj_uni,131,14,1,0.016,0.305,1
5,conj_uni,131,15,2,0.146,0.099,1
5,conj_uni,131,16,2,0.175,0.74,1
5,conj_uni,131,17,1,0.373,0.611,1
5,conj_uni,131,18,1,0.679,0.564,1
5,conj_uni,131,19,1,0.069,0.533,1
5,conj_uni,131,20,2,0.405,0.511,1
5,conj_uni,131,21,2,0.101,0.169,1
5,conj_uni,131,22,2,0.063,0.216,1
5,conj_uni,131,23,1,0.148,0.273,1
5,conj_uni,131,24,1,0.717,0.726,1
5,conj_uni,132,1,1,0.069,0.122,2
5,conj_uni,132,2,1,0.549,0.158,2
5,conj_uni,132,3,1,0.157,0.064,2
5,conj_uni,132,4,2,0.664,0,2
5,conj_uni,132,5,2,0.291,0.07,2
5,conj_uni,132,6,2,0.072,0.671,2
5,conj_uni,132,7,2,0.373,0.719,2
5,conj_uni,132,8,1,0.402,0.257,2
5,conj_uni,132,9,2,0.464,0.396,2
5,conj_uni,132,10,1,0.268,0.612,2
5,conj_uni,132,11,1,0.279,0.526,2
5,conj_uni,132,12,2,0.596,0.64,2
5,conj_uni,132,13,1,0.521,0.418,2
5,conj_uni,132,14,2,0.33,0.117,2
5,conj_uni,132,15,1,0,0.172,2
5,conj_uni,132,16,1,0.608,0.022,2
5,conj_uni,132,17,2,0.453,0.603,2
5,conj_uni,132,18,2,0.4,0.425,2
5,conj_uni,132,19,2,0.14,0.006,2
5,conj_uni,132,20,2,0.242,0.667,2
5,conj_uni,132,21,2,0.673,0.06,2
5,conj_uni,132,22,1,0.146,0.671,2
5,conj_uni,132,23,1,0.154,0.258,2
5,conj_uni,132,24,1,0.045,0.73,2
5,conj_uni,133,1,2,0.358,0.016,3
5,conj_uni,133,2,2,0.208,0.223,3
5,conj_uni,133,3,1,0.666,0.275,3
5,conj_uni,133,4,2,0.096,0.509,3
5,conj_uni,133,5,2,0.416,0.24,3
5,conj_uni,133,6,2,0.16,0.442,3
5,conj_uni,133,7,1,0.654,0.627,3
5,conj_uni,133,8,1,0.407,0.71,3
5,conj_uni,133,9,2,0.221,0.577,3
5,conj_uni,133,10,2,0.136,0,3
5,conj_uni,133,11,2,0.061,0.312,3
5,conj_uni,133,12,1,0.736,0.116,3
5,conj_uni,133,13,1,0.278,0.137,3
5,conj_uni,133,14,1,0.678,0.489,3
5,conj_uni,133,15,2,0.338,0.403,3
5,conj_uni,133,16,2,0,0.493,3
5,conj_uni,133,17,1,0.547,0.268,3
5,conj_uni,133,18,1,0.548,0.406,3
5,conj_uni,133,19,2,0.179,0.378,3
5,conj_uni,133,20,1,0.643,0.333,3
5,conj_uni,133,21,1,0.681,0.574,3
5,conj_uni,133,22,1,0.476,0.247,3
5,conj_uni,133,23,1,0.2,0.675,3
5,conj_uni,133,24,2,0.66,0.431,3
5,conj_uni,134,1,2,0.428,0.038,4
5,conj_uni,134,2,1,0.622,0.497,4
5,conj_uni,134,3,1,0.279,0.549,4
5,conj_uni,134,4,2,0.173,0.663,4
5,conj_uni,134,5,1,0.328,0.721,4
5,conj_uni,134,6,2,0.003,0.711,4
5,conj_uni,134,7,1,0.292,0.665,4
5,conj_uni,134,8,2,0.38,0.533,4
5,conj_uni,134,9,1,0.2,0.081,4
5,conj_uni,134,10,2,0.473,0,4
5,conj_uni,134,11,2,0.26,0.343,4
5,conj_uni,134,12,2,0.343,0.163,4
5,conj_uni,134,13,2,0.635,0.284,4
5,conj_uni,134,14,1,0.045,0.257,4
5,conj_uni,134,15,2,0,0.296,4
5,conj_uni,134,16,1,0.207,0.397,4
5,conj_uni,134,17,2,0.536,0.624,4
5,conj_uni,134,18,1,0.077,0.498,4
5,conj_uni,134,19,2,0.233,0.598,4
5,conj_uni,134,20,1,0.573,0.055,4
5,conj_uni,134,21,2,0.511,0.046,4
5,conj_uni,134,22,1,0.689,0.2,4
5,conj_uni,134,23,1,0.055,0.425,4
5,conj_uni,134,24,1,0.06,0.596,4
5,conj_uni,135,1,1,0.489,0.193,5
5,conj_uni,135,2,2,0.026,0.254,5
5,conj_uni,135,3,2,0.494,0.283,5
5,conj_uni,135,4,2,0.646,0.458,5
5,conj_uni,135,5,1,0.599,0.223,5
5,conj_uni,135,6,2,0.629,0.635,5
5,conj_uni,135,7,2,0.389,0.201,5
5,conj_uni,135,8,2,0.231,0.168,5
5,conj_uni,135,9,1,0.406,0.007,5
5,conj_uni,135,10,1,0.589,0.732,5
5,conj_uni,135,11,2,0,0.601,5
5,conj_uni,135,12,1,0.228,0.233,5
5,conj_uni,135,13,1,0.074,0,5
5,conj_uni,135,14,2,0.43,0.671,5
5,conj_uni,135,15,2,0.32,0.622,5
5,conj_uni,135,16,2,0.116,0.604,5
5,conj_uni,135,17,1,0.341,0.475,5
5,conj_uni,135,18,1,0.107,0.272,5
5,conj_uni,135,19,2,0.574,0.554,5
5,conj_uni,135,20,1,0.704,0.44,5
5,conj_uni,135,21,1,0.439,0.16,5
5,conj_uni,135,22,1,0.548,0.193,5
5,conj_uni,135,23,1,0.167,0.267,5
5,conj_uni,135,24,2,0.453,0.547,5
5,feat_grid,136,1,2,0,0,1
5,feat_grid,136,2,1,0.45,0.019,1
5,feat_grid,136,3,2,0.1,0.109,1
5,feat_grid,136,4,2,0.233,0.121,1
5,feat_grid,136,5,2,0.574,0.128,1
5,feat_grid,136,6,1,0.688,0.099,1
5,feat_grid,136,7,2,0.002,0.22,1
5,feat_grid,136,8,2,0.102,0.243,1
5,feat_grid,136,9,1,0.358,0.227,1
5,feat_grid,136,10,2,0.448,0.245,1
5,feat_grid,136,11,1,0.129,0.369,1
5,feat_grid,136,12,2,0.228,0.365,1
5,feat_grid,136,13,1,0.327,0.353,1
5,feat_grid,136,14,2,0.444,0.352,1
5,feat_grid,136,15,1,0.687,0.377,1
5,feat_grid,136,16,2,0.113,0.453,1
5,feat_grid,136,17,1,0.225,0.477,1
5,feat_grid,136,18,1,0.702,0.461,1
5,feat_grid,136,19,2,0.005,0.601,1
5,feat_grid,136,20,2,0.344,0.567,1
5,feat_grid,136,21,1,0.448,0.586,1
5,feat_grid,136,22,1,0.685,0.594,1
5,feat_grid,136,23,1,0.223,0.697,1
5,feat_grid,136,24,1,0.456,0.699,1
5,feat_grid,137,1,1,0,0.006,2
5,feat_grid,137,2,2,0.221,0.011,2
5,feat_grid,137,3,1,0.33,0,2
5,feat_grid,137,4,1,0.681,0.005,2
5,feat_grid,137,5,2,0.005,0.114,2
5,feat_grid,137,6,2,0.116,0.113,2
5,feat_grid,137,7,1,0.453,0.09,2
5,feat_grid,137,8,2,0.576,0.114,2
5,feat_grid,137,9,1,0.698,0.117,2
5,feat_grid,137,10,1,0,0.24,2
5,feat_grid,137,11,1,0.34,0.225,2
5,feat_grid,137,12,2,0.659,0.228,2
5,feat_grid,137,13,2,0.433,0.354,2
5,feat_grid,137,14,1,0.569,0.362,2
5,feat_grid,137,15,1,0.103,0.447,2
5,feat_grid,137,16,1,0.463,0.472,2
5,feat_grid,137,17,2,0.68,0.448,2
5,feat_grid,137,18,2,0.095,0.581,2
5,feat_grid,137,19,1,0.221,0.579,2
5,feat_grid,137,20,2,0.345,0.57,2
5,feat_grid,137,21,2,0.678,0.564,2
5,feat_grid,137,22,1,0.23,0.702,2
5,feat_grid,137,23,2,0.344,0.692,2
5,feat_grid,137,24,2,0.47,0.673,2
5,feat_grid,138,1,2,0.333,0.027,3
5,feat_grid,138,2,2,0.45,0.033,3
5,feat_grid,138,3,1,0.696,0,3
5,feat_grid,138,4,1,0.128,0.139,3
5,feat_grid,138,5,2,0.236,0.128,3
5,feat_grid,138,6,1,0.35,0.143,3
5,feat_grid,138,7,2,0.461,0.128,3
5,feat_grid,138,8,1,0.577,0.142,3
5,feat_grid,138,9,1,0.112,0.255,3
5,feat_grid,138,10,2,0.218,0.265,3
5,feat_grid,138,11,2,0.577,0.251,3
5,feat_grid,138,12,2,0.689,0.264,3
5,feat_grid,138,13,1,0.005,0.363,3
5,feat_grid,138,14,2,0.221,0.375,3
5,feat_grid,138,15,2,0.68,0.373,3
5,feat_grid,138,16,1,0,0.505,3
5,feat_grid,138,17,2,0.107,0.481,3
5,feat_grid,138,18,1,0.345,0.487,3
5,feat_grid,138,19,2,0.458,0.481,3
5,feat_grid,138,20,1,0.678,0.468,3
5,feat_grid,138,21,1,0.096,0.6,3
5,feat_grid,138,22,1,0.676,0.606,3
5,feat_grid,138,23,1,0.225,0.723,3
5,feat_grid,138,24,2,0.58,0.727,3
5,feat_grid,139,1,2,0.249,0.006,4
5,feat_grid,139,2,1,0.702,0,4
5,feat_grid,139,3,1,0,0.145,4
5,feat_grid,139,4,1,0.12,0.102,4
5,feat_grid,139,5,1,0.368,0.132,4
5,feat_grid,139,6,2,0.469,0.145,4
5,feat_grid,139,7,1,0.239,0.253,4
5,feat_grid,139,8,1,0.454,0.243,4
5,feat_grid,139,9,2,0.59,0.252,4
5,feat_grid,139,10,1,0.699,0.227,4
5,feat_grid,139,11,2,0.011,0.361,4
5,feat_grid,139,12,1,0.133,0.359,4
5,feat_grid,139,13,2,0.366,0.369,4
5,feat_grid,139,14,1,0.71,0.352,4
5,feat_grid,139,15,1,0.115,0.482,4
5,feat_grid,139,16,2,0.362,0.465,4
5,feat_grid,139,17,1,0.574,0.463,4
5,feat_grid,139,18,1,0.699,0.465,4
5,feat_grid,139,19,2,0.694,0.581,4
5,feat_grid,139,20,2,0.117,0.719,4
5,feat_grid,139,21,2,0.236,0.694,4
5,feat_grid,139,22,2,0.359,0.706,4
5,feat_grid,139,23,2,0.47,0.697,4
5,feat_grid,139,24,2,0.587,0.706,4
5,feat_grid,140,1,1,0.004,0,5
5,feat_grid,140,2,2,0.339,0.016,5
5,feat_grid,140,3,2,0.71,0.018,5
5,feat_grid,140,4,2,0,0.125,5
5,feat_grid,140,5,1,0.25,0.13,5
5,feat_grid,140,6,2,0.361,0.129,5
5,feat_grid,140,7,1,0.716,0.129,5
5,feat_grid,140,8,1,0.035,0.215,5
5,feat_grid,140,9,2,0.252,0.241,5
5,feat_grid,140,10,2,0.37,0.25,5
5,feat_grid,140,11,1,0.462,0.216,5
5,feat_grid,140,12,1,0.369,0.351,5
5,feat_grid,140,13,1,0.477,0.351,5
5,feat_grid,140,14,2,0.601,0.34,5
5,feat_grid,140,15,2,0.131,0.473,5
5,feat_grid,140,16,1,0.375,0.485,5
5,feat_grid,140,17,2,0.366,0.586,5
5,feat_grid,140,18,2,0.474,0.587,5
5,feat_grid,140,19,1,0.587,0.579,5
5,feat_grid,140,20,1,0.7,0.562,5
5,feat_grid,140,21,2,0.01,0.704,5
5,feat_grid,140,22,1,0.142,0.705,5
5,feat_grid,140,23,1,0.47,0.697,5
5,feat_grid,140,24,2,0.599,0.693,5
5,feat_rot,141,1,1,0.4,0,1
5,feat_rot,141,2,2,0.495,0.071,1
5,feat_rot,141,3,1,0.747,0.303,1
5,feat_rot,141,4,2,0.9,0.506,1
5,feat_rot,141,5,2,0.315,0.075,1
5,feat_rot,141,6,2,0.407,0.163,1
5,feat_rot,141,7,2,0.654,0.383,1
5,feat_rot,141,8,1,0.317,0.247,1
5,feat_rot,141,9,1,0.493,0.391,1
5,feat_rot,141,10,1,0.639,0.544,1
5,feat_rot,141,11,2,0.73,0.626,1
5,feat_rot,141,12,1,0.193,0.243,1
5,feat_rot,141,13,1,0.497,0.574,1
5,feat_rot,141,14,2,0.575,0.64,1
5,feat_rot,141,15,2,0.081,0.306,1
5,feat_rot,141,16,2,0.167,0.388,1
5,feat_rot,141,17,1,0.244,0.484,1
5,feat_rot,141,18,1,0.546,0.806,1
5,feat_rot,141,19,1,0,0.397,1
5,feat_rot,141,20,2,0.08,0.47,1
5,feat_rot,141,21,1,0.234,0.633,1
5,feat_rot,141,22,2,0.341,0.717,1
5,feat_rot,141,23,2,0,0.547,1
5,feat_rot,141,24,1,0.258,0.796,1
5,feat_rot,142,1,1,0.506,0,2
5,feat_rot,142,2,2,0.647,0.173,2
5,feat_rot,142,3,1,0.731,0.253,2
5,feat_rot,142,4,1,0.848,0.336,2
5,feat_rot,142,5,2,0.329,0.028,2
5,feat_rot,142,6,1,0.475,0.185,2
5,feat_rot,142,7,1,0.667,0.507,2
5,feat_rot,142,8,2,0.744,0.588,2
5,feat_rot,142,9,2,0.188,0.163,2
5,feat_rot,142,10,2,0.334,0.352,2
5,feat_rot,142,11,2,0.502,0.511,2
5,feat_rot,142,12,2,0.569,0.59,2
5,feat_rot,142,13,2,0.32,0.499,2
5,feat_rot,142,14,1,0.413,0.583,2
5,feat_rot,142,15,1,0.579,0.725,2
5,feat_rot,142,16,2,0,0.336,2
5,feat_rot,142,17,2,0.094,0.418,2
5,feat_rot,142,18,1,0.138,0.496,2
5,feat_rot,142,19,1,0.256,0.589,2
5,feat_rot,142,20,2,0.323,0.684,2
5,feat_rot,142,21,2,0.426,0.759,2
5,feat_rot,142,22,1,0.473,0.824,2
5,feat_rot,142,23,1,0.166,0.665,2
5,feat_rot,142,24,1,0.33,0.84,2
5,feat_rot,143,1,1,0.714,0.091,3
5,feat_rot,143,2,1,0.874,0.245,3
5,feat_rot,143,3,2,0.962,0.336,3
5,feat_rot,143,4,1,0.493,0.03,3
5,feat_rot,143,5,1,0.54,0.096,3
5,feat_rot,143,6,2,0.303,0,3
5,feat_rot,143,7,2,0.383,0.085,3
5,feat_rot,143,8,2,0.498,0.182,3
5,feat_rot,143,9,1,0.63,0.335,3
5,feat_rot,143,10,2,0.792,0.499,3
5,feat_rot,143,11,2,0.556,0.418,3
5,feat_rot,143,12,1,0.652,0.477,3
5,feat_rot,143,13,1,0.169,0.163,3
5,feat_rot,143,14,1,0.254,0.26,3
5,feat_rot,143,15,1,0.328,0.348,3
5,feat_rot,143,16,2,0.566,0.564,3
5,feat_rot,143,17,1,0.657,0.657,3
5,feat_rot,143,18,1,0.159,0.319,3
5,feat_rot,143,19,2,0.328,0.514,3
5,feat_rot,143,20,2,0.559,0.743,3
5,feat_rot,143,21,2,0,0.344,3
5,feat_rot,143,22,2,0.101,0.41,3
5,feat_rot,143,23,2,0.225,0.58,3
5,feat_rot,143,24,1,0.482,0.832,3
5,feat_rot,144,1,1,0.408,0,4
5,feat_rot,144,2,1,0.51,0.074,4
5,feat_rot,144,3,2,0.569,0.163,4
5,feat_rot,144,4,1,0.471,0.219,4
5,feat_rot,144,5,2,0.739,0.465,4
5,feat_rot,144,6,1,0.248,0.166,4
5,feat_rot,144,7,2,0.33,0.226,4
5,feat_rot,144,8,1,0.583,0.488,4
5,feat_rot,144,9,1,0.657,0.558,4
5,feat_rot,144,10,2,0.747,0.645,4
5,feat_rot,144,11,1,0.173,0.222,4
5,feat_rot,144,12,1,0.401,0.473,4
5,feat_rot,144,13,1,0.502,0.552,4
5,feat_rot,144,14,2,0.172,0.399,4
5,feat_rot,144,15,2,0.249,0.467,4
5,feat_rot,144,16,2,0.343,0.556,4
5,feat_rot,144,17,2,0.498,0.729,4
5,feat_rot,144,18,2,0.107,0.461,4
5,feat_rot,144,19,2,0.173,0.535,4
5,feat_rot,144,20,1,0.329,0.719,4
5,feat_rot,144,21,2,0.502,0.883,4
5,feat_rot,144,22,2,0,0.548,4
5,feat_rot,144,23,1,0.249,0.795,4
5,feat_rot,144,24,1,0.316,0.893,4
5,feat_rot,145,1,1,0.623,0.02,5
5,feat_rot,145,2,2,0.733,0.091,5
5,feat_rot,145,3,1,0.817,0.165,5
5,feat_rot,145,4,2,0.883,0.251,5
5,feat_rot,145,5,2,0.497,0.006,5
5,feat_rot,145,6,2,0.55,0.097,5
5,feat_rot,145,7,2,0.647,0.172,5
5,feat_rot,145,8,1,0.734,0.24,5
5,feat_rot,145,9,1,0.329,0,5
5,feat_rot,145,10,2,0.423,0.092,5
5,feat_rot,145,11,2,0.484,0.166,5
5,feat_rot,145,12,2,0.578,0.256,5
5,feat_rot,145,13,1,0.646,0.353,5
5,feat_rot,145,14,1,0.721,0.425,5
5,feat_rot,145,15,1,0.806,0.493,5
5,feat_rot,145,16,2,0.407,0.248,5
5,feat_rot,145,17,2,0.637,0.487,5
5,feat_rot,145,18,1,0.147,0.172,5
5,feat_rot,145,19,1,0.577,0.572,5
5,feat_rot,145,20,2,0.651,0.671,5
5,feat_rot,145,21,2,0.319,0.492,5
5,feat_rot,145,22,1,0.404,0.58,5
5,feat_rot,145,23,1,0,0.341,5
5,feat_rot,145,24,1,0.247,0.595,5
5,feat_uni,146,1,2,0.119,0.126,1
5,feat_uni,146,2,2,0.271,0.421,1
5,feat_uni,146,3,2,0.279,0.495,1
5,feat_uni,146,4,1,0.471,0.565,1
5,feat_uni,146,5,2,0.532,0.365,1
5,feat_uni,146,6,2,0.573,0.165,1
5,feat_uni,146,7,2,0.339,0.214,1
5,feat_uni,146,8,1,0.418,0.425,1
5,feat_uni,146,9,2,0.266,0.62,1
5,feat_uni,146,10,2,0.599,0.219,1
5,feat_uni,146,11,1,0.451,0.189,1
5,feat_uni,146,12,1,0.589,0.055,1
5,feat_uni,146,13,1,0.684,0.133,1
5,feat_uni,146,14,2,0.302,0,1
5,feat_uni,146,15,2,0.553,0.707,1
5,feat_uni,146,16,1,0.058,0.06,1
5,feat_uni,146,17,1,0,0.317,1
5,feat_uni,146,18,1,0.57,0.41,1
5,feat_uni,146,19,1,0.058,0.301,1
5,feat_uni,146,20,2,0.305,0.264,1
5,feat_uni,146,21,1,0.658,0.226,1
5,feat_uni,146,22,1,0.2,0.21,1
5,feat_uni,146,23,2,0.474,0.332,1
5,feat_uni,146,24,1,0.725,0.679,1
5,feat_uni,147,1,2,0.42,0.132,2
5,feat_uni,147,2,1,0.243,0.148,2
5,feat_uni,147,3,1,0.045,0.142,2
5,feat_uni,147,4,2,0.428,0.707,2
5,feat_uni,147,5,1,0.678,0.401,2
5,feat_uni,147,6,1,0.413,0.399,2
5,feat_uni,147,7,1,0,0.537,2
5,feat_uni,147,8,2,0.615,0.204,2
5,feat_uni,147,9,2,0.487,0.589,2
5,feat_uni,147,10,1,0.661,0.519,2
5,feat_uni,147,11,2,0.084,0.618,2
5,feat_uni,147,12,2,0.066,0.425,2
5,feat_uni,147,13,2,0.162,0.4,2
5,feat_uni,147,14,1,0.327,0.387,2
5,feat_uni,147,15,1,0.049,0.57,2
5,feat_uni,147,16,2,0.312,0.545,2
5,feat_uni,147,17,1,0.266,0.421,2
5,feat_uni,147,18,1,0.053,0.202,2
5,feat_uni,147,19,2,0.564,0.609,2
5,feat_uni,147,20,2,0.108,0.56,2
5,feat_uni,147,21,1,0.546,0.072,2
5,feat_uni,147,22,2,0.668,0.176,2
5,feat_uni,147,23,1,0.043,0,2
5,feat_uni,147,24,2,0.618,0.326,2
5,feat_uni,148,1,1,0.066,0.056,3
5,feat_uni,148,2,1,0.492,0.189,3
5,feat_uni,148,3,1,0.766,0.32,3
5,feat_uni,148,4,2,0.499,0.075,3
5,feat_uni,148,5,2,0.191,0.436,3
5,feat_uni,148,6,2,0.261,0.273,3
5,feat_uni,148,7,2,0.241,0.743,3
5,feat_uni,148,8,2,0.045,0,3
5,feat_uni,148,9,2,0.748,0.052,3
5,feat_uni,148,10,2,0.693,0.379,3
5,feat_uni,148,11,2,0.633,0.385,3
5,feat_uni,148,12,1,0.527,0.423,3
5,feat_uni,148,13,1,0.528,0.254,3
5,feat_uni,148,14,2,0.204,0.51,3
5,feat_uni,148,15,1,0.392,0.189,3
5,feat_uni,148,16,2,0.611,0.274,3
5,feat_uni,148,17,1,0.42,0.529,3
5,feat_uni,148,18,2,0.077,0.115,3
5,feat_uni,148,19,1,0.765,0.379,3
5,feat_uni,148,20,2,0.106,0.355,3
5,feat_uni,148,21,1,0.149,0.533,3
5,feat_uni,148,22,1,0.3,0.734,3
5,feat_uni,148,23,1,0.441,0.691,3
5,feat_uni,148,24,1,0,0.692,3
5,feat_uni,149,1,2,0.508,0.452,4
5,feat_uni,149,2,2,0.649,0.525,4
5,feat_uni,149,3,1,0,0.556,4
5,feat_uni,149,4,1,0.108,0.304,4
5,feat_uni,149,5,2,0.192,0.572,4
5,feat_uni,149,6,2,0.599,0.559,4
5,feat_uni,149,7,1,0.542,0.547,4
5,feat_uni,149,8,2,0.497,0.01,4
5,feat_uni,149,9,2,0.417,0.285,4
5,feat_uni,149,10,1,0.011,0.086,4
5,feat_uni,149,11,2,0.05,0.154,4
5,feat_uni,149,12,1,0.183,0,4
5,feat_uni,149,13,2,0.406,0.533,4
5,feat_uni,149,14,1,0.26,0.286,4
5,feat_uni,149,15,1,0.387,0.338,4
5,feat_uni,149,16,1,0.718,0.186,4
5,feat_uni,149,17,1,0.68,0.474,4
5,feat_uni,149,18,1,0.402,0.014,4
5,feat_uni,149,19,1,0.555,0.489,4
5,feat_uni,149,20,2,0.605,0.4,4
5,feat_uni,149,21,2,0.108,0.101,4
5,feat_uni,149,22,2,0.384,0.186,4
5,feat_uni,149,23,1,0.172,0.306,4
5,feat_uni,149,24,2,0.738,0.058,4
5,feat_uni,150,1,2,0.067,0.487,5
5,feat_uni,150,2,1,0.311,0.257,5
5,feat_uni,150,3,2,0.693,0.118,5
5,feat_uni,150,4,2,0.19,0.316,5
5,feat_uni,150,5,1,0.48,0.394,5
5,feat_uni,150,6,2,0.17,0.561,5
5,feat_uni,150,7,1,0.637,0.443,5
5,feat_uni,150,8,1,0.194,0.615,5
5,feat_uni,150,9,2,0,0.523,5
5,feat_uni,150,10,2,0.139,0.356,5
5,feat_uni,150,11,2,0.257,0.303,5
5,feat_uni,150,12,1,0.569,0.446,5
5,feat_uni,150,13,1,0.488,0.067,5
5,feat_uni,150,14,2,0.264,0.599,5
5,feat_uni,150,15,2,0.392,0.382,5
5,feat_uni,150,16,1,0.129,0.037,5
5,feat_uni,150,17,1,0.334,0.395,5
5,feat_uni,150,18,1,0.464,0.23,5
5,feat_uni,150,19,1,0.013,0.634,5
5,feat_uni,150,20,1,0.505,0.011,5
5,feat_uni,150,21,2,0.597,0.307,5
5,feat_uni,150,22,2,0.194,0,5
5,feat_uni,150,23,2,0.539,0.612,5
5,feat_uni,150,24,1,0.475,0.579,5
6,conj_grid,151,1,2,0.019,0.022,1
6,conj_grid,151,2,1,0.35,0,1
6,conj_grid,151,3,1,0.137,0.128,1
6,conj_grid,151,4,2,0.252,0.097,1
6,conj_grid,151,5,2,0.469,0.111,1
6,conj_grid,151,6,2,0.718,0.129,1
6,conj_grid,151,7,2,0,0.251,1
6,conj_grid,151,8,1,0.363,0.226,1
6,conj_grid,151,9,2,0.482,0.226,1
6,conj_grid,151,10,1,0.591,0.217,1
6,conj_grid,151,11,1,0.701,0.232,1
6,conj_grid,151,12,2,0.138,0.346,1
6,conj_grid,151,13,2,0.603,0.344,1
6,conj_grid,151,14,1,0.704,0.35,1
6,conj_grid,151,15,2,0.128,0.448,1
6,conj_grid,151,16,1,0.249,0.469,1
6,conj_grid,151,17,1,0.37,0.465,1
6,conj_grid,151,18,1,0.461,0.468,1
6,conj_grid,151,19,2,0.588,0.444,1
6,conj_grid,151,20,1,0.024,0.564,1
6,conj_grid,151,21,1,0.448,0.576,1
6,conj_grid,151,22,1,0.476,0.701,1
6,conj_grid,151,23,2,0.578,0.694,1
6,conj_grid,151,24,2,0.698,0.694,1
6,conj_grid,152,1,1,0,0.009,2
6,conj_grid,152,2,1,0.237,0,2
6,conj_grid,152,3,1,0.366,0.004,2
6,conj_grid,152,4,2,0.683,0.016,2
6,conj_grid,152,5,1,0.133,0.109,2
6,conj_grid,152,6,2,0.35,0.131,2
6,conj_grid,152,7,2,0.256,0.237,2
6,conj_grid,152,8,2,0.374,0.216,2
6,conj_grid,152,9,2,0.492,0.224,2
6,conj_grid,152,10,1,0.692,0.252,2
6,conj_grid,152,11,2,0.244,0.351,2
6,conj_grid,152,12,2,0.357,0.353,2
6,conj_grid,152,13,1,0.708,0.367,2
6,conj_grid,152,14,1,0.016,0.461,2
6,conj_grid,152,15,2,0.125,0.476,2
6,conj_grid,152,16,2,0.473,0.486,2
6,conj_grid,152,17,1,0.581,0.464,2
6,conj_grid,152,18,1,0.714,0.461,2
6,conj_grid,152,19,2,0.018,0.572,2
6,conj_grid,152,20,2,0.248,0.572,2
6,conj_grid,152,21,2,0.366,0.581,2
6,conj_grid,152,22,1,0.479,0.587,2
6,conj_grid,152,23,1,0.015,0.7,2
6,conj_grid,152,24,1,0.71,0.717,2
6,conj_grid,153,1,1,0.029,0,3
6,conj_grid,153,2,2,0.242,0.003,3
6,conj_grid,153,3,1,0.113,0.108,3
6,conj_grid,153,4,2,0.452,0.095,3
6,conj_grid,153,5,2,0.579,0.099,3
6,conj_grid,153,6,1,0.693,0.121,3
6,conj_grid,153,7,1,0.109,0.222,3
6,conj_grid,153,8,2,0.227,0.238,3
6,conj_grid,153,9,1,0.46,0.205,3
6,conj_grid,153,10,1,0.571,0.235,3
6,conj_grid,153,11,2,0.689,0.228,3
6,conj_grid,153,12,2,0.107,0.338,3
6,conj_grid,153,13,1,0.239,0.341,3
6,conj_grid,153,14,2,0.472,0.346,3
6,conj_grid,153,15,2,0.245,0.439,3
6,conj_grid,153,16,2,0.458,0.454,3
6,conj_grid,153,17,2,0.57,0.474,3
6,conj_grid,153,18,2,0.013,0.603,3
6,conj_grid,153,19,1,0.13,0.584,3
6,conj_grid,153,20,1,0.24,0.575,3
6,conj_grid,153,21,1,0,0.685,3
6,conj_grid,153,22,2,0.228,0.674,3
6,conj_grid,153,23,1,0.361,0.718,3
6,conj_grid,153,24,1,0.705,0.71,3
6,conj_grid,154,1,2,0,0.011,4
6,conj_grid,154,2,2,0.359,0.016,4
6,conj_grid,154,3,1,0.49,0.014,4
6,conj_grid,154,4,1,0.59,0,4
6,conj_grid,154,5,1,0.258,0.14,4
6,conj_grid,154,6,2,0.699,0.102,4
6,conj_grid,154,7,1,0.148,0.236,4
6,conj_grid,154,8,1,0.252,0.242,4
6,conj_grid,154,9,2,0.57,0.227,4
6,conj_grid,154,10,1,0.705,0.256,4
6,conj_grid,154,11,2,0.018,0.363,4
6,conj_grid,154,12,2,0.25,0.358,4
6,conj_grid,154,13,1,0.489,0.323,4
6,conj_grid,154,14,2,0.156,0.463,4
6,conj_grid,154,15,1,0.593,0.441,4
6,conj_grid,154,16,1,0.017,0.571,4
6,conj_grid,154,17,2,0.137,0.574,4
6,conj_grid,154,18,2,0.236,0.581,4
6,conj_grid,154,19,2,0.36,0.582,4
6,conj_grid,154,20,2,0.489,0.599,4
6,conj_grid,154,21,1,0.247,0.709,4
6,conj_grid,154,22,1,0.369,0.693,4
6,conj_grid,154,23,2,0.508,0.693,4
6,conj_grid,154,24,1,0.584,0.696,4
6,conj_grid,155,1,2,0.24,0.022,5
6,conj_grid,155,2,2,0.348,0.011,5
6,conj_grid,155,3,2,0.469,0,5
6,conj_grid,155,4,2,0.592,0.03,5
6,conj_grid,155,5,1,0.115,0.146,5
6,conj_grid,155,6,1,0.589,0.137,5
6,conj_grid,155,7,1,0.015,0.243,5
6,conj_grid,155,8,2,0.255,0.255,5
6,conj_grid,155,9,1,0.456,0.252,5
6,conj_grid,155,10,2,0.572,0.226,5
6,conj_grid,155,11,1,0.688,0.245,5
6,conj_grid,155,12,1,0.465,0.351,5
6,conj_grid,155,13,1,0.579,0.361,5
6,conj_grid,155,14,1,0.012,0.475,5
6,conj_grid,155,15,2,0.474,0.477,5
6,conj_grid,155,16,2,0.56,0.474,5
6,conj_grid,155,17,2,0.124,0.578,5
6,conj_grid,155,18,1,0.489,0.593,5
6,conj_grid,155,19,1,0,0.723,5
6,conj_grid,155,20,2,0.135,0.699,5
6,conj_grid,155,21,2,0.253,0.724,5
6,conj_grid,155,22,2,0.358,0.725,5
6,conj_grid,155,23,1,0.599,0.699,5
6,conj_grid,155,24,1,0.702,0.708,5
6,conj_rot,156,1,1,0.409,0,1
6,conj_rot,156,2,2,0.477,0.089,1
6,conj_rot,156,3,2,0.566,0.17,1
6,conj_rot,156,4,2,0.646,0.262,1
6,conj_rot,156,5,1,0.327,0.084,1
6,conj_rot,156,6,2,0.732,0.65,1
6,conj_rot,156,7,1,0.168,0.268,1
6,conj_rot,156,8,2,0.333,0.394,1
6,conj_rot,156,9,2,0.394,0.486,1
6,conj_rot,156,10,1,0.474,0.555,1
6,conj_rot,156,11,2,0.577,0.634,1
6,conj_rot,156,12,1,0.065,0.328,1
6,conj_rot,156,13,2,0.225,0.494,1
6,conj_rot,156,14,2,0.312,0.556,1
6,conj_rot,156,15,1,0.403,0.652,1
6,conj_rot,156,16,1,0.481,0.744,1
6,conj_rot,156,17,1,0.553,0.8,1
6,conj_rot,156,18,1,0,0.411,1
6,conj_rot,156,19,1,0.311,0.734,1
6,conj_rot,156,20,2,0.407,0.833,1
6,conj_rot,156,21,2,0.484,0.928,1
6,conj_rot,156,22,2,0.094,0.657,1
6,conj_rot,156,23,1,0.316,0.892,1
6,conj_rot,156,24,1,0.385,0.981,1
6,conj_rot,157,1,2,0.542,0,2
6,conj_rot,157,2,1,0.715,0.176,2
6,conj_rot,157,3,2,0.56,0.167,2
6,conj_rot,157,4,2,0.731,0.319,2
6,conj_rot,157,5,2,0.797,0.402,2
6,conj_rot,157,6,2,0.877,0.484,2
6,conj_rot,157,7,1,0.478,0.241,2
6,conj_rot,157,8,2,0.721,0.487,2
6,conj_rot,157,9,2,0.797,0.563,2
6,conj_rot,157,10,2,0.419,0.32,2
6,conj_rot,157,11,1,0.484,0.413,2
6,conj_rot,157,12,1,0.556,0.506,2
6,conj_rot,157,13,1,0.624,0.582,2
6,conj_rot,157,14,1,0.152,0.233,2
6,conj_rot,157,15,1,0.245,0.316,2
6,conj_rot,157,16,1,0.468,0.571,2
6,conj_rot,157,17,2,0.559,0.64,2
6,conj_rot,157,18,1,0.23,0.503,2
6,conj_rot,157,19,2,0.473,0.73,2
6,conj_rot,157,20,1,0.562,0.811,2
6,conj_rot,157,21,1,0,0.41,2
6,conj_rot,157,22,1,0.231,0.661,2
6,conj_rot,157,23,2,0.298,0.722,2
6,conj_rot,157,24,2,0.382,0.797,2
6,conj_rot,158,1,2,0.579,0,3
6,conj_rot,158,2,1,0.666,0.078,3
6,conj_rot,158,3,1,0.744,0.146,3
6,conj_rot,158,4,1,0.982,0.396,3
6,conj_rot,158,5,1,0.676,0.233,3
6,conj_rot,158,6,2,0.829,0.404,3
6,conj_rot,158,7,1,0.409,0.142,3
6,conj_rot,158,8,1,0.57,0.316,3
6,conj_rot,158,9,2,0.82,0.559,3
6,conj_rot,158,10,2,0.269,0.139,3
6,conj_rot,158,11,2,0.584,0.455,3
6,conj_rot,158,12,2,0.671,0.542,3
6,conj_rot,158,13,2,0.243,0.321,3
6,conj_rot,158,14,1,0.332,0.384,3
6,conj_rot,158,15,2,0.506,0.564,3
6,conj_rot,158,16,2,0.655,0.697,3
6,conj_rot,158,17,1,0.101,0.299,3
6,conj_rot,158,18,1,0.176,0.405,3
6,conj_rot,158,19,2,0.253,0.458,3
6,conj_rot,158,20,1,0.571,0.8,3
6,conj_rot,158,21,1,0,0.394,3
6,conj_rot,158,22,1,0.078,0.472,3
6,conj_rot,158,23,2,0.168,0.574,3
6,conj_rot,158,24,2,0.493,0.882,3
6,conj_rot,159,1,1,0.303,0.068,4
6,conj_rot,159,2,2,0.388,0.146,4
6,conj_rot,159,3,1,0.495,0.234,4
6,conj_rot,159,4,2,0.664,0.396,4
6,conj_rot,159,5,2,0.096,0,4
6,conj_rot,159,6,1,0.177,0.066,4
6,conj_rot,159,7,2,0.259,0.176,4
6,conj_rot,159,8,1,0.326,0.239,4
6,conj_rot,159,9,2,0.396,0.323,4
6,conj_rot,159,10,2,0.496,0.426,4
6,conj_rot,159,11,1,0.003,0.086,4
6,conj_rot,159,12,2,0.07,0.172,4
6,conj_rot,159,13,1,0.233,0.319,4
6,conj_rot,159,14,2,0.321,0.413,4
6,conj_rot,159,15,1,0.138,0.408,4
6,conj_rot,159,16,2,0.25,0.48,4
6,conj_rot,159,17,2,0.335,0.547,4
6,conj_rot,159,18,2,0.41,0.659,4
6,conj_rot,159,19,1,0,0.424,4
6,conj_rot,159,20,1,0.085,0.499,4
6,conj_rot,159,21,2,0.07,0.65,4
6,conj_rot,159,22,1,0.252,0.809,4
6,conj_rot,159,23,1,0.065,0.829,4
6,conj_rot,159,24,1,0.168,0.88,4
6,conj_rot,160,1,1,0.391,0,5
6,conj_rot,160,2,2,0.53,0.174,5
6,conj_rot,160,3,1,0.716,0.336,5
6,conj_rot,160,4,1,0.31,0.074,5
6,conj_rot,160,5,2,0.402,0.157,5
6,conj_rot,160,6,2,0.482,0.237,5
6,conj_rot,160,7,1,0.561,0.336,5
6,conj_rot,160,8,1,0.624,0.39,5
6,conj_rot,160,9,1,0.234,0.159,5
6,conj_rot,160,10,1,0.302,0.23,5
6,conj_rot,160,11,1,0.469,0.402,5
6,conj_rot,160,12,2,0.539,0.472,5
6,conj_rot,160,13,1,0.726,0.633,5
6,conj_rot,160,14,2,0.211,0.32,5
6,conj_rot,160,15,2,0.296,0.405,5
6,conj_rot,160,16,1,0.384,0.485,5
6,conj_rot,160,17,2,0.474,0.56,5
6,conj_rot,160,18,2,0.555,0.637,5
6,conj_rot,160,19,2,0.139,0.407,5
6,conj_rot,160,20,1,0.461,0.712,5
6,conj_rot,160,21,2,0.553,0.776,5
6,conj_rot,160,22,1,0,0.563,5
6,conj_rot,160,23,2,0.234,0.79,5
6,conj_rot,160,24,2,0.393,0.973,5
6,conj_uni,161,1,2,0.525,0,1
6,conj_uni,161,2,2,0.236,0.119,1
6,conj_uni,161,3,1,0.425,0.362,1
6,conj_uni,161,4,1,0.373,0.113,1
6,conj_uni,161,5,2,0.505,0.086,1
6,conj_uni,161,6,2,0.343,0.537,1
6,conj_uni,161,7,2,0.692,0.647,1
6,conj_uni,161,8,2,0.131,0.086,1
6,conj_uni,161,9,1,0.442,0.239,1
6,conj_uni,161,10,1,0.392,0.661,1
6,conj_uni,161,11,1,0.36,0.325,1
6,conj_uni,161,12,2,0.499,0.217,1
6,conj_uni,161,13,2,0.407,0.003,1
6,conj_uni,161,14,1,0.559,0.05,1
6,conj_uni,161,15,2,0.351,0.056,1
6,conj_uni,161,16,2,0.323,0.417,1
6,conj_uni,161,17,1,0.049,0.231,1
6,conj_uni,161,18,1,0.185,0.428,1
6,conj_uni,161,19,2,0,0.727,1
6,conj_uni,161,20,1,0.621,0.611,1
6,conj_uni,161,21,1,0.041,0.325,1
6,conj_uni,161,22,1,0.4,0.279,1
6,conj_uni,161,23,1,0.528,0.443,1
6,conj_uni,161,24,2,0.455,0.311,1
6,conj_uni,162,1,2,0.045,0.739,2
6,conj_uni,162,2,1,0.261,0.634,2
6,conj_uni,162,3,1,0.386,0.049,2
6,conj_uni,162,4,1,0.482,0.267,2
6,conj_uni,162,5,1,0.583,0.689,2
6,conj_uni,162,6,1,0.036,0.372,2
6,conj_uni,162,7,2,0.129,0.672,2
6,conj_uni,162,8,1,0.028,0.572,2
6,conj_uni,162,9,2,0.501,0.499,2
6,conj_uni,162,10,2,0.137,0,2
6,conj_uni,162,11,2,0,0.02,2
6,conj_uni,162,12,2,0.258,0.103,2
6,conj_uni,162,13,2,0.305,0.271,2
6,conj_uni,162,14,1,0.264,0.396,2
6,conj_uni,162,15,2,0.003,0.283,2
6,conj_uni,162,16,2,0.563,0.094,2
6,conj_uni,162,17,1,0.203,0.298,2
6,conj_uni,162,18,1,0.029,0.512,2
6,conj_uni,162,19,2,0.436,0.016,2
6,conj_uni,162,20,1,0.164,0.148,2
6,conj_uni,162,21,2,0.539,0.638,2
6,conj_uni,162,22,2,0.621,0.004,2
6,conj_uni,162,23,1,0.583,0.426,2
6,conj_uni,162,24,1,0.289,0.04,2
6,conj_uni,163,1,2,0.47,0.107,3
6,conj_uni,163,2,1,0.114,0.728,3
6,conj_uni,163,3,2,0.067,0.64,3
6,conj_uni,163,4,2,0.072,0.357,3
6,conj_uni,163,5,1,0.43,0.756,3
6,conj_uni,163,6,2,0.239,0.495,3
6,conj_uni,163,7,1,0.592,0.343,3
6,conj_uni,163,8,2,0.611,0.231,3
6,conj_uni,163,9,2,0,0.277,3
6,conj_uni,163,10,1,0.143,0.351,3
6,conj_uni,163,11,1,0.435,0.156,3
6,conj_uni,163,12,2,0.022,0.222,3
6,conj_uni,163,13,1,0.468,0.207,3
6,conj_uni,163,14,1,0.464,0.037,3
6,conj_uni,163,15,1,0.505,0.298,3
6,conj_uni,163,16,1,0.35,0.645,3
6,conj_uni,163,17,2,0.139,0.64,3
6,conj_uni,163,18,1,0.695,0.103,3
6,conj_uni,163,19,2,0.741,0.533,3
6,conj_uni,163,20,1,0.574,0.414,3
6,conj_uni,163,21,1,0.198,0,3
6,conj_uni,163,22,2,0.487,0.469,3
6,conj_uni,163,23,2,0.267,0.04,3
6,conj_uni,163,24,2,0.136,0.245,3
6,conj_uni,164,1,1,0.532,0.751,4
6,conj_uni,164,2,2,0.528,0.497,4
6,conj_uni,164,3,2,0.394,0.359,4
6,conj_uni,164,4,1,0.213,0.663,4
6,conj_uni,164,5,1,0.39,0.707,4
6,conj_uni,164,6,2,0.239,0,4
6,conj_uni,164,7,2,0.397,0.563,4
6,conj_uni,164,8,2,0.458,0.292,4
6,conj_uni,164,9,2,0.57,0.444,4
6,conj_uni,164,10,2,0.417,0.774,4
6,conj_uni,164,11,1,0.726,0.562,4
6,conj_uni,164,12,1,0.335,0.198,4
6,conj_uni,164,13,1,0.069,0.542,4
6,conj_uni,164,14,1,0.139,0.515,4
6,conj_uni,164,15,2,0.711,0.399,4
6,conj_uni,164,16,1,0,0.343,4
6,conj_uni,164,17,1,0.537,0.092,4
6,conj_uni,164,18,2,0.385,0.084,4
6,conj_uni,164,19,1,0.402,0.497,4
6,conj_uni,164,20,2,0.629,0.435,4
6,conj_uni,164,21,2,0.365,0.417,4
6,conj_uni,164,22,2,0.642,0.281,4
6,conj_uni,164,23,1,0.192,0.721,4
6,conj_uni,164,24,1,0.727,0.747,4
6,conj_uni,165,1,1,0.654,0.575,5
6,conj_uni,165,2,1,0.158,0.467,5
6,conj_uni,165,3,1,0.292,0.459,5
6,conj_uni,165,4,2,0,0.296,5
6,conj_uni,165,5,2,0.702,0.072,5
6,conj_uni,165,6,1,0.716,0.575,5
6,conj_uni,165,7,2,0.665,0.632,5
6,conj_uni,165,8,2,0.267,0.4,5
6,conj_uni,165,9,2,0.036,0.085,5
6,conj_uni,165,10,2,0.69,0.522,5
6,conj_uni,165,11,1,0.623,0.186,5
6,conj_uni,165,12,2,0.326,0.408,5
6,conj_uni,165,13,1,0.456,0.499,5
6,conj_uni,165,14,2,0,0.531,5
6,conj_uni,165,15,1,0.277,0,5
6,conj_uni,165,16,1,0.205,0.427,5
6,conj_uni,165,17,1,0.108,0.436,5
6,conj_uni,165,18,1,0.593,0.073,5
6,conj_uni,165,19,1,0.464,0.334,5
6,conj_uni,165,20,2,0.326,0.349,5
6,conj_uni,165,21,2,0.075,0.156,5
6,conj_uni,165,22,2,0.23,0.202,5
6,conj_uni,165,23,1,0.766,0.606,5
6,conj_uni,165,24,2,0.434,0.555,5
6,feat_grid,166,1,2,0,0.036,1
6,feat_grid,166,2,1,0.119,0.002,1
6,feat_grid,166,3,1,0.241,0.011,1
6,feat_grid,166,4,2,0.482,0,1
6,feat_grid,166,5,1,0.567,0.012,1
6,feat_grid,166,6,1,0.002,0.136,1
6,feat_grid,166,7,2,0.242,0.111,1
6,feat_grid,166,8,2,0.567,0.129,1
6,feat_grid,166,9,2,0.023,0.242,1
6,feat_grid,166,10,1,0.124,0.234,1
6,feat_grid,166,11,1,0.348,0.259,1
6,feat_grid,166,12,2,0.579,0.24,1
6,feat_grid,166,13,2,0.122,0.36,1
6,feat_grid,166,14,1,0.359,0.346,1
6,feat_grid,166,15,2,0.012,0.446,1
6,feat_grid,166,16,1,0.108,0.454,1
6,feat_grid,166,17,2,0.57,0.468,1
6,feat_grid,166,18,1,0.117,0.589,1
6,feat_grid,166,19,2,0.256,0.594,1
6,feat_grid,166,20,1,0.456,0.557,1
6,feat_grid,166,21,1,0.265,0.708,1
6,feat_grid,166,22,1,0.342,0.688,1
6,feat_grid,166,23,2,0.485,0.694,1
6,feat_grid,166,24,2,0.595,0.693,1
6,feat_grid,167,1,1,0.106,0,2
6,feat_grid,167,2,1,0.23,0.004,2
6,feat_grid,167,3,1,0.342,0.018,2
6,feat_grid,167,4,1,0.471,0.005,2
6,feat_grid,167,5,2,0.685,0,2
6,feat_grid,167,6,1,0.005,0.112,2
6,feat_grid,167,7,2,0.566,0.115,2
6,feat_grid,167,8,2,0.007,0.221,2
6,feat_grid,167,9,1,0.145,0.252,2
6,feat_grid,167,10,1,0.231,0.241,2
6,feat_grid,167,11,2,0.463,0.241,2
6,feat_grid,167,12,2,0.214,0.358,2
6,feat_grid,167,13,2,0.577,0.357,2
6,feat_grid,167,14,1,0.709,0.367,2
6,feat_grid,167,15,2,0,0.484,2
6,feat_grid,167,16,2,0.116,0.474,2
6,feat_grid,167,17,1,0.343,0.468,2
6,feat_grid,167,18,1,0.687,0.451,2
6,feat_grid,167,19,2,0.122,0.579,2
6,feat_grid,167,20,2,0.471,0.587,2
6,feat_grid,167,21,1,0.14,0.716,2
6,feat_grid,167,22,2,0.345,0.685,2
6,feat_grid,167,23,2,0.571,0.702,2
6,feat_grid,167,24,1,0.688,0.697,2
6,feat_grid,168,1,1,0.028,0.027,3
6,feat_grid,168,2,1,0.142,0.034,3
6,feat_grid,168,3,1,0.264,0,3
6,feat_grid,168,4,2,0.274,0.105,3
6,feat_grid,168,5,2,0.371,0.131,3
6,feat_grid,168,6,2,0.48,0.141,3
6,feat_grid,168,7,2,0.584,0.148,3
6,feat_grid,168,8,2,0,0.258,3
6,feat_grid,168,9,1,0.121,0.253,3
6,feat_grid,168,10,2,0.254,0.23,3
6,feat_grid,168,11,2,0.377,0.245,3
6,feat_grid,168,12,1,0.485,0.238,3
6,feat_grid,168,13,2,0.574,0.259,3
6,feat_grid,168,14,1,0.02,0.359,3
6,feat_grid,168,15,2,0.363,0.361,3
6,feat_grid,168,16,1,0.473,0.357,3
6,feat_grid,168,17,2,0.598,0.348,3
6,feat_grid,168,18,1,0.131,0.482,3
6,feat_grid,168,19,1,0.362,0.478,3
6,feat_grid,168,20,2,0.723,0.479,3
6,feat_grid,168,21,1,0.457,0.589,3
6,feat_grid,168,22,1,0.245,0.709,3
6,feat_grid,168,23,2,0.351,0.705,3
6,feat_grid,168,24,1,0.59,0.721,3
6,feat_grid,169,1,1,0,0,4
6,feat_grid,169,2,2,0.227,0.018,4
6,feat_grid,169,3,1,0.37,0.01,4
6,feat_grid,169,4,2,0.461,0.017,4
6,feat_grid,169,5,2,0.251,0.133,4
6,feat_grid,169,6,2,0.496,0.151,4
6,feat_grid,169,7,1,0.142,0.238,4
6,feat_grid,169,8,2,0.598,0.253,4
6,feat_grid,169,9,1,0.694,0.248,4
6,feat_grid,169,10,1,0.247,0.368,4
6,feat_grid,169,11,2,0.344,0.344,4
6,feat_grid,169,12,2,0.138,0.477,4
6,feat_grid,169,13,1,0.243,0.473,4
6,feat_grid,169,14,2,0.345,0.486,4
6,feat_grid,169,15,1,0.487,0.452,4
6,feat_grid,169,16,1,0.698,0.482,4
6,feat_grid,169,17,2,0.112,0.575,4
6,feat_grid,169,18,1,0.366,0.58,4
6,feat_grid,169,19,1,0.476,0.598,4
6,feat_grid,169,20,1,0.14,0.689,4
6,feat_grid,169,21,1,0.254,0.691,4
6,feat_grid,169,22,2,0.365,0.698,4
6,feat_grid,169,23,2,0.481,0.721,4
6,feat_grid,169,24,2,0.701,0.714,4
6,feat_grid,170,1,1,0.048,0.017,5
6,feat_grid,170,2,2,0.276,0.002,5
6,feat_grid,170,3,2,0.61,0,5
6,feat_grid,170,4,1,0.711,0.018,5
6,feat_grid,170,5,1,0.044,0.118,5
6,feat_grid,170,6,1,0.148,0.141,5
6,feat_grid,170,7,1,0.382,0.125,5
6,feat_grid,170,8,1,0.715,0.123,5
6,feat_grid,170,9,2,0.031,0.237,5
6,feat_grid,170,10,1,0.497,0.232,5
6,feat_grid,170,11,2,0.733,0.245,5
6,feat_grid,170,12,1,0.14,0.341,5
6,feat_grid,170,13,2,0.376,0.357,5
6,feat_grid,170,14,2,0.591,0.346,5
6,feat_grid,170,15,2,0,0.456,5
6,feat_grid,170,16,2,0.282,0.456,5
6,feat_grid,170,17,1,0.393,0.451,5
6,feat_grid,170,18,2,0.627,0.484,5
6,feat_grid,170,19,2,0.265,0.559,5
6,feat_grid,170,20,1,0.388,0.586,5
6,feat_grid,170,21,1,0.709,0.58,5
6,feat_grid,170,22,2,0.372,0.696,5
6,feat_grid,170,23,1,0.485,0.704,5
6,feat_grid,170,24,2,0.721,0.696,5
6,feat_rot,171,1,1,0.487,0,1
6,feat_rot,171,2,2,0.563,0.092,1
6,feat_rot,171,3,2,0.64,0.151,1
6,feat_rot,171,4,1,0.713,0.23,1
6,feat_rot,171,5,1,0.645,0.318,1
6,feat_rot,171,6,2,0.889,0.56,1
6,feat_rot,171,7,1,0.481,0.31,1
6,feat_rot,171,8,2,0.632,0.48,1
6,feat_rot,171,9,2,0.726,0.579,1
6,feat_rot,171,10,2,0.796,0.67,1
6,feat_rot,171,11,1,0.236,0.257,1
6,feat_rot,171,12,1,0.645,0.645,1
6,feat_rot,171,13,1,0.332,0.491,1
6,feat_rot,171,14,2,0.471,0.649,1
6,feat_rot,171,15,1,0.541,0.717,1
6,feat_rot,171,16,2,0.153,0.489,1
6,feat_rot,171,17,2,0.243,0.56,1
6,feat_rot,171,18,2,0.317,0.647,1
6,feat_rot,171,19,2,0.396,0.73,1
6,feat_rot,171,20,1,0.476,0.797,1
6,feat_rot,171,21,1,0.549,0.913,1
6,feat_rot,171,22,1,0,0.492,1
6,feat_rot,171,23,2,0.143,0.659,1
6,feat_rot,171,24,1,0.489,0.96,1
6,feat_rot,172,1,1,0.496,0,2
6,feat_rot,172,2,2,0.412,0.099,2
6,feat_rot,172,3,2,0.482,0.179,2
6,feat_rot,172,4,2,0.569,0.262,2
6,feat_rot,172,5,2,0.645,0.348,2
6,feat_rot,172,6,1,0.722,0.413,2
6,feat_rot,172,7,2,0.889,0.582,2
6,feat_rot,172,8,1,0.34,0.158,2
6,feat_rot,172,9,1,0.427,0.245,2
6,feat_rot,172,10,1,0.261,0.242,2
6,feat_rot,172,11,2,0.332,0.323,2
6,feat_rot,172,12,2,0.587,0.591,2
6,feat_rot,172,13,2,0.174,0.333,2
6,feat_rot,172,14,2,0.401,0.575,2
6,feat_rot,172,15,1,0.513,0.645,2
6,feat_rot,172,16,1,0.647,0.844,2
6,feat_rot,172,17,1,0.162,0.506,2
6,feat_rot,172,18,1,0.257,0.58,2
6,feat_rot,172,19,2,0.333,0.647,2
6,feat_rot,172,20,1,0.572,0.904,2
6,feat_rot,172,21,1,0,0.508,2
6,feat_rot,172,22,1,0.175,0.67,2
6,feat_rot,172,23,2,0.24,0.749,2
6,feat_rot,172,24,2,0.397,0.91,2
6,feat_rot,173,1,2,0.336,0,3
6,feat_rot,173,2,2,0.416,0.08,3
6,feat_rot,173,3,2,0.582,0.226,3
6,feat_rot,173,4,1,0.666,0.298,3
6,feat_rot,173,5,2,0.828,0.471,3
6,feat_rot,173,6,2,0.255,0.073,3
6,feat_rot,173,7,1,0.342,0.133,3
6,feat_rot,173,8,1,0.504,0.334,3
6,feat_rot,173,9,1,0.342,0.316,3
6,feat_rot,173,10,1,0.406,0.393,3
6,feat_rot,173,11,1,0.208,0.324,3
6,feat_rot,173,12,1,0.258,0.388,3
6,feat_rot,173,13,2,0.567,0.701,3
6,feat_rot,173,14,1,0.016,0.307,3
6,feat_rot,173,15,1,0.087,0.388,3
6,feat_rot,173,16,2,0.175,0.457,3
6,feat_rot,173,17,2,0.433,0.719,3
6,feat_rot,173,18,2,0.499,0.818,3
6,feat_rot,173,19,1,0,0.465,3
6,feat_rot,173,20,1,0.27,0.713,3
6,feat_rot,173,21,2,0.315,0.79,3
6,feat_rot,173,22,2,0.021,0.632,3
6,feat_rot,173,23,1,0.073,0.692,3
6,feat_rot,173,24,2,0.253,0.881,3
6,feat_rot,174,1,1,0.649,0.007,4
6,feat_rot,174,2,2,0.742,0.083,4
6,feat_rot,174,3,1,0.883,0.26,4
6,feat_rot,174,4,2,0.976,0.322,4
6,feat_rot,174,5,2,0.48,0,4
6,feat_rot,174,6,2,0.561,0.102,4
6,feat_rot,174,7,1,0.649,0.186,4
6,feat_rot,174,8,2,0.416,0.081,4
6,feat_rot,174,9,1,0.485,0.157,4
6,feat_rot,174,10,2,0.732,0.419,4
6,feat_rot,174,11,1,0.226,0.114,4
6,feat_rot,174,12,1,0.395,0.242,4
6,feat_rot,174,13,2,0.48,0.337,4
6,feat_rot,174,14,2,0.557,0.412,4
6,feat_rot,174,15,2,0.139,0.158,4
6,feat_rot,174,16,1,0.232,0.245,4
6,feat_rot,174,17,1,0.323,0.348,4
6,feat_rot,174,18,2,0.531,0.587,4
6,feat_rot,174,19,1,0.14,0.334,4
6,feat_rot,174,20,2,0.408,0.58,4
6,feat_rot,174,21,2,0,0.332,4
6,feat_rot,174,22,1,0.078,0.419,4
6,feat_rot,174,23,1,0.15,0.494,4
6,feat_rot,174,24,1,0.249,0.581,4
6,feat_rot,175,1,1,0.542,0.009,5
6,feat_rot,175,2,1,0.78,0.248,5
6,feat_rot,175,3,2,0.867,0.334,5
6,feat_rot,175,4,1,0.952,0.425,5
6,feat_rot,175,5,1,0.39,0,5
6,feat_rot,175,6,2,0.555,0.156,5
6,feat_rot,175,7,2,0.625,0.242,5
6,feat_rot,175,8,1,0.863,0.481,5
6,feat_rot,175,9,2,0.635,0.416,5
6,feat_rot,175,10,1,0.723,0.475,5
6,feat_rot,175,11,2,0.242,0.164,5
6,feat_rot,175,12,1,0.553,0.484,5
6,feat_rot,175,13,2,0.166,0.231,5
6,feat_rot,175,14,2,0.216,0.333,5
6,feat_rot,175,15,2,0.396,0.495,5
6,feat_rot,175,16,2,0.548,0.665,5
6,feat_rot,175,17,2,0.23,0.493,5
6,feat_rot,175,18,2,0.301,0.572,5
6,feat_rot,175,19,1,0.488,0.736,5
6,feat_rot,175,20,1,0,0.396,5
6,feat_rot,175,21,1,0.132,0.575,5
6,feat_rot,175,22,2,0.234,0.645,5
6,feat_rot,175,23,1,0.308,0.724,5
6,feat_rot,175,24,1,0.397,0.809,5
6,feat_uni,176,1,1,0.222,0.328,1
6,feat_uni,176,2,1,0.227,0.501,1
6,feat_uni,176,3,2,0.286,0.535,1
6,feat_uni,176,4,2,0.624,0.259,1
6,feat_uni,176,5,1,0.409,0.07,1
6,feat_uni,176,6,2,0.23,0.697,1
6,feat_uni,176,7,1,0.119,0.666,1
6,feat_uni,176,8,1,0.591,0.639,1
6,feat_uni,176,9,2,0,0.172,1
6,feat_uni,176,10,1,0.679,0.606,1
6,feat_uni,176,11,2,0.24,0.572,1
6,feat_uni,176,12,2,0.401,0.131,1
6,feat_uni,176,13,1,0.461,0.336,1
6,feat_uni,176,14,2,0.371,0.223,1
6,feat_uni,176,15,2,0.116,0.599,1
6,feat_uni,176,16,2,0.09,0,1
6,feat_uni,176,17,2,0.527,0.65,1
6,feat_uni,176,18,1,0.523,0.16,1
6,feat_uni,176,19,1,0.181,0.421,1
6,feat_uni,176,20,1,0.274,0.621,1
6,feat_uni,176,21,1,0.168,0.228,1
6,feat_uni,176,22,2,0.035,0.715,1
6,feat_uni,176,23,2,0.581,0.361,1
6,feat_uni,176,24,1,0.035,0.656,1
6,feat_uni,177,1,2,0.036,0.273,2
6,feat_uni,177,2,2,0.48,0.054,2
6,feat_uni,177,3,2,0.325,0.257,2
6,feat_uni,177,4,2,0.094,0.569,2
6,feat_uni,177,5,2,0.349,0.312,2
6,feat_uni,177,6,1,0.199,0.577,2
6,feat_uni,177,7,1,0.325,0.748,2
6,feat_uni,177,8,1,0.145,0.599,2
6,feat_uni,177,9,2,0.695,0.644,2
6,feat_uni,177,10,2,0.095,0.632,2
6,feat_uni,177,11,1,0.129,0.328,2
6,feat_uni,177,12,1,0.473,0.74,2
6,feat_uni,177,13,2,0.627,0.493,2
6,feat_uni,177,14,2,0.65,0.316,2
6,feat_uni,177,15,1,0.343,0.54,2
6,feat_uni,177,16,1,0.506,0,2
6,feat_uni,177,17,1,0.697,0.438,2
6,feat_uni,177,18,2,0,0.186,2
6,feat_uni,177,19,1,0.186,0.651,2
6,feat_uni,177,20,2,0.525,0.443,2
6,feat_uni,177,21,2,0.231,0.156,2
6,feat_uni,177,22,1,0.413,0.311,2
6,feat_uni,177,23,1,0.527,0.762,2
6,feat_uni,177,24,1,0.546,0.693,2
6,feat_uni,178,1,1,0.545,0.611,3
6,feat_uni,178,2,1,0.499,0.051,3
6,feat_uni,178,3,1,0.583,0.712,3
6,feat_uni,178,4,1,0.655,0.228,3
6,feat_uni,178,5,2,0.296,0.418,3
6,feat_uni,178,6,1,0.547,0.089,3
6,feat_uni,178,7,1,0,0.699,3
6,feat_uni,178,8,2,0.538,0.244,3
6,feat_uni,178,9,2,0.469,0.453,3
6,feat_uni,178,10,2,0.342,0.583,3
6,feat_uni,178,11,2,0.431,0.369,3
6,feat_uni,178,12,2,0.041,0.213,3
6,feat_uni,178,13,1,0.065,0.661,3
6,feat_uni,178,14,2,0.475,0.27,3
6,feat_uni,178,15,1,0.708,0.528,3
6,feat_uni,178,16,2,0.167,0.21,3
6,feat_uni,178,17,2,0.231,0.565,3
6,feat_uni,178,18,2,0.08,0.149,3
6,feat_uni,178,19,2,0.081,0.089,3
6,feat_uni,178,20,1,0.429,0.31,3
6,feat_uni,178,21,2,0.386,0.543,3
6,feat_uni,178,22,1,0.583,0.136,3
6,feat_uni,178,23,1,0.29,0,3
6,feat_uni,178,24,1,0.402,0.056,3
6,feat_uni,179,1,2,0,0.079,4
6,feat_uni,179,2,1,0.047,0.3,4
6,feat_uni,179,3,1,0.227,0.519,4
6,feat_uni,179,4,1,0.318,0.612,4
6,feat_uni,179,5,2,0.214,0.451,4
6,feat_uni,179,6,2,0.525,0.626,4
6,feat_uni,179,7,2,0.383,0.201,4
6,feat_uni,179,8,2,0.17,0.409,4
6,feat_uni,179,9,2,0.047,0.359,4
6,feat_uni,179,10,1,0.335,0,4
6,feat_uni,179,11,2,0.353,0.262,4
6,feat_uni,179,12,1,0.158,0.12,4
6,feat_uni,179,13,2,0.628,0.677,4
6,feat_uni,179,14,2,0.353,0.057,4
6,feat_uni,179,15,1,0.479,0.739,4
6,feat_uni,179,16,1,0.422,0.718,4
6,feat_uni,179,17,2,0.456,0.553,4
6,feat_uni,179,18,1,0.18,0.257,4
6,feat_uni,179,19,1,0.431,0.497,4
6,feat_uni,179,20,1,0.196,0.342,4
6,feat_uni,179,21,1,0.369,0.402,4
6,feat_uni,179,22,2,0.124,0.029,4
6,feat_uni,179,23,2,0.082,0.156,4
6,feat_uni,179,24,1,0.334,0.319,4
6,feat_uni,180,1,1,0.582,0.683,5
6,feat_uni,180,2,2,0.227,0.743,5
6,feat_uni,180,3,1,0.22,0.373,5
6,feat_uni,180,4,1,0.757,0.732,5
6,feat_uni,180,5,1,0.699,0.138,5
6,feat_uni,180,6,1,0.031,0.694,5
6,feat_uni,180,7,2,0.248,0.261,5
6,feat_uni,180,8,1,0.735,0.589,5
6,feat_uni,180,9,2,0.397,0.628,5
6,feat_uni,180,10,1,0.267,0.46,5
6,feat_uni,180,11,1,0.58,0.016,5
6,feat_uni,180,12,2,0.506,0.728,5
6,feat_uni,180,13,1,0.218,0.313,5
6,feat_uni,180,14,1,0.746,0.366,5
6,feat_uni,180,15,2,0.524,0.671,5
6,feat_uni,180,16,1,0.698,0.745,5
6,feat_uni,180,17,2,0.131,0.59,5
6,feat_uni,180,18,2,0.652,0,5
6,feat_uni,180,19,2,0.356,0.116,5
6,feat_uni,180,20,2,0.102,0.641,5
6,feat_uni,180,21,2,0,0.371,5
6,feat_uni,180,22,2,0.182,0.002,5
6,feat_uni,180,23,2,0.537,0.464,5
6,feat_uni,180,24,1,0.713,0,5
7,conj_grid,181,1,1,0.011,0,1
7,conj_grid,181,2,1,0.251,0.003,1
7,conj_grid,181,3,1,0.592,0.032,1
7,conj_grid,181,4,2,0.011,0.147,1
7,conj_grid,181,5,2,0.137,0.125,1
7,conj_grid,181,6,1,0.362,0.125,1
7,conj_grid,181,7,2,0.031,0.236,1
7,conj_grid,181,8,1,0.148,0.241,1
7,conj_grid,181,9,2,0.243,0.242,1
7,conj_grid,181,10,1,0.342,0.238,1
7,conj_grid,181,11,1,0.479,0.248,1
7,conj_grid,181,12,2,0.701,0.25,1
7,conj_grid,181,13,2,0.019,0.36,1
7,conj_grid,181,14,2,0.356,0.366,1
7,conj_grid,181,15,2,0.59,0.363,1
7,conj_grid,181,16,1,0.718,0.351,1
7,conj_grid,181,17,2,0.024,0.463,1
7,conj_grid,181,18,1,0.467,0.47,1
7,conj_grid,181,19,2,0.005,0.607,1
7,conj_grid,181,20,1,0.57,0.604,1
7,conj_grid,181,21,1,0,0.708,1
7,conj_grid,181,22,2,0.135,0.698,1
7,conj_grid,181,23,2,0.356,0.705,1
7,conj_grid,181,24,1,0.588,0.694,1
7,conj_grid,182,1,2,0.002,0,2
7,conj_grid,182,2,1,0.131,0.007,2
7,conj_grid,182,3,1,0.223,0.13,2
7,conj_grid,182,4,1,0.345,0.134,2
7,conj_grid,182,5,2,0.691,0.149,2
7,conj_grid,182,6,1,0.031,0.254,2
7,conj_grid,182,7,2,0.335,0.26,2
7,conj_grid,182,8,1,0.457,0.256,2
7,conj_grid,182,9,2,0.557,0.231,2
7,conj_grid,182,10,2,0,0.351,2
7,conj_grid,182,11,2,0.237,0.357,2
7,conj_grid,182,12,2,0.349,0.352,2
7,conj_grid,182,13,2,0.592,0.366,2
7,conj_grid,182,14,1,0.133,0.484,2
7,conj_grid,182,15,2,0.222,0.485,2
7,conj_grid,182,16,1,0.468,0.471,2
7,conj_grid,182,17,1,0.013,0.592,2
7,conj_grid,182,18,1,0.358,0.589,2
7,conj_grid,182,19,2,0.579,0.596,2
7,conj_grid,182,20,2,0.709,0.584,2
7,conj_grid,182,21,1,0.018,0.711,2
7,conj_grid,182,22,2,0.36,0.699,2
7,conj_grid,182,23,1,0.45,0.706,2
7,conj_grid,182,24,1,0.69,0.711,2
7,conj_grid,183,1,1,0.023,0,3
7,conj_grid,183,2,1,0.114,0.003,3
7,conj_grid,183,3,2,0.465,0.002,3
7,conj_grid,183,4,1,0,0.115,3
7,conj_grid,183,5,2,0.107,0.13,3
7,conj_grid,183,6,2,0.222,0.12,3
7,conj_grid,183,7,2,0.356,0.097,3
7,conj_grid,183,8,2,0.576,0.133,3
7,conj_grid,183,9,1,0.231,0.238,3
7,conj_grid,183,10,2,0.451,0.249,3
7,conj_grid,183,11,2,0.588,0.23,3
7,conj_grid,183,12,2,0.674,0.24,3
7,conj_grid,183,13,2,0.115,0.336,3
7,conj_grid,183,14,1,0.452,0.33,3
7,conj_grid,183,15,2,0.559,0.334,3
7,conj_grid,183,16,1,0.241,0.444,3
7,conj_grid,183,17,1,0.698,0.456,3
7,conj_grid,183,18,1,0.124,0.554,3
7,conj_grid,183,19,1,0.24,0.587,3
7,conj_grid,183,20,1,0.453,0.573,3
7,conj_grid,183,21,2,0.7,0.576,3
7,conj_grid,183,22,1,0.137,0.692,3
7,conj_grid,183,23,2,0.224,0.701,3
7,conj_grid,183,24,1,0.367,0.69,3
7,conj_grid,184,1,1,0.012,0,4
7,conj_grid,184,2,1,0.336,0.003,4
7,conj_grid,184,3,2,0.697,0.002,4
7,conj_grid,184,4,2,0.23,0.119,4
7,conj_grid,184,5,2,0.244,0.219,4
7,conj_grid,184,6,2,0.345,0.211,4
7,conj_grid,184,7,2,0.447,0.218,4
7,conj_grid,184,8,1,0.592,0.231,4
7,conj_grid,184,9,1,0.706,0.213,4
7,conj_grid,184,10,1,0,0.334,4
7,conj_grid,184,11,1,0.12,0.341,4
7,conj_grid,184,12,1,0.208,0.339,4
7,conj_grid,184,13,2,0.334,0.356,4
7,conj_grid,184,14,2,0.683,0.328,4
7,conj_grid,184,15,1,0.095,0.465,4
7,conj_grid,184,16,1,0.468,0.456,4
7,conj_grid,184,17,2,0.563,0.453,4
7,conj_grid,184,18,1,0.692,0.48,4
7,conj_grid,184,19,1,0.104,0.598,4
7,conj_grid,184,20,2,0.457,0.583,4
7,conj_grid,184,21,2,0.233,0.693,4
7,conj_grid,184,22,1,0.326,0.697,4
7,conj_grid,184,23,2,0.557,0.678,4
7,conj_grid,184,24,2,0.684,0.67,4
7,conj_grid,185,1,1,0.012,0.001,5
7,conj_grid,185,2,2,0.131,0.006,5
7,conj_grid,185,3,1,0.231,0,5
7,conj_grid,185,4,1,0,0.111,5
7,conj_grid,185,5,1,0.117,0.111,5
7,conj_grid,185,6,2,0.361,0.121,5
7,conj_grid,185,7,1,0.475,0.118,5
7,conj_grid,185,8,2,0.597,0.116,5
7,conj_grid,185,9,2,0.223,0.204,5
7,conj_grid,185,10,2,0.458,0.231,5
7,conj_grid,185,11,1,0.692,0.23,5
7,conj_grid,185,12,2,0.024,0.349,5
7,conj_grid,185,13,1,0.128,0.329,5
7,conj_grid,185,14,2,0.242,0.35,5
7,conj_grid,185,15,1,0.349,0.349,5
7,conj_grid,185,16,1,0.685,0.365,5
7,conj_grid,185,17,1,0.014,0.474,5
7,conj_grid,185,18,2,0.228,0.457,5
7,conj_grid,185,19,1,0.687,0.475,5
7,conj_grid,185,20,2,0.348,0.576,5
7,conj_grid,185,21,2,0.454,0.578,5
7,conj_grid,185,22,2,0.342,0.718,5
7,conj_grid,185,23,1,0.477,0.694,5
7,conj_grid,185,24,2,0.699,0.685,5
7,conj_rot,186,1,2,0.476,0.016,1
7,conj_rot,186,2,2,0.637,0.156,1
7,conj_rot,186,3,1,0.719,0.252,1
7,conj_rot,186,4,1,0.326,0,1
7,conj_rot,186,5,2,0.407,0.087,1
7,conj_rot,186,6,1,0.732,0.42,1
7,conj_rot,186,7,2,0.802,0.489,1
7,conj_rot,186,8,1,0.23,0.089,1
7,conj_rot,186,9,1,0.577,0.412,1
7,conj_rot,186,10,1,0.724,0.573,1
7,conj_rot,186,11,1,0.232,0.238,1
7,conj_rot,186,12,1,0.309,0.341,1
7,conj_rot,186,13,2,0.472,0.497,1
7,conj_rot,186,14,2,0.572,0.577,1
7,conj_rot,186,15,1,0.632,0.664,1
7,conj_rot,186,16,1,0.319,0.499,1
7,conj_rot,186,17,2,0.554,0.724,1
7,conj_rot,186,18,1,0.152,0.504,1
7,conj_rot,186,19,1,0.236,0.576,1
7,conj_rot,186,20,2,0.328,0.654,1
7,conj_rot,186,21,2,0.397,0.748,1
7,conj_rot,186,22,2,0,0.489,1
7,conj_rot,186,23,2,0.232,0.726,1
7,conj_rot,186,24,2,0.32,0.8,1
7,conj_rot,187,1,1,0.501,0,2
7,conj_rot,187,2,2,0.569,0.092,2
7,conj_rot,187,3,2,0.733,0.224,2
7,conj_rot,187,4,2,0.819,0.333,2
7,conj_rot,187,5,1,0.898,0.402,2
7,conj_rot,187,6,2,1,0.485,2
7,conj_rot,187,7,2,0.392,0.072,2
7,conj_rot,187,8,2,0.583,0.247,2
7,conj_rot,187,9,1,0.747,0.39,2
7,conj_rot,187,10,2,0.803,0.484,2
7,conj_rot,187,11,1,0.635,0.48,2
7,conj_rot,187,12,1,0.761,0.554,2
7,conj_rot,187,13,1,0.252,0.248,2
7,conj_rot,187,14,1,0.423,0.405,2
7,conj_rot,187,15,2,0.563,0.558,2
7,conj_rot,187,16,2,0.671,0.65,2
7,conj_rot,187,17,2,0.165,0.346,2
7,conj_rot,187,18,1,0.425,0.55,2
7,conj_rot,187,19,1,0.321,0.651,2
7,conj_rot,187,20,1,0.402,0.726,2
7,conj_rot,187,21,2,0,0.481,2
7,conj_rot,187,22,2,0.087,0.577,2
7,conj_rot,187,23,1,0.241,0.748,2
7,conj_rot,187,24,1,0.499,0.963,2
7,conj_rot,188,1,1,0.524,0.155,3
7,conj_rot,188,2,1,0.627,0.23,3
7,conj_rot,188,3,1,0.713,0.285,3
7,conj_rot,188,4,1,0.209,0,3
7,conj_rot,188,5,1,0.316,0.026,3
7,conj_rot,188,6,2,0.553,0.298,3
7,conj_rot,188,7,2,0.143,0.057,3
7,conj_rot,188,8,1,0.221,0.147,3
7,conj_rot,188,9,1,0.29,0.209,3
7,conj_rot,188,10,1,0.382,0.307,3
7,conj_rot,188,11,1,0.476,0.384,3
7,conj_rot,188,12,2,0.539,0.456,3
7,conj_rot,188,13,2,0.609,0.539,3
7,conj_rot,188,14,1,0.222,0.306,3
7,conj_rot,188,15,2,0.301,0.387,3
7,conj_rot,188,16,1,0.463,0.55,3
7,conj_rot,188,17,2,0.523,0.627,3
7,conj_rot,188,18,2,0.045,0.31,3
7,conj_rot,188,19,2,0.367,0.627,3
7,conj_rot,188,20,2,0.056,0.453,3
7,conj_rot,188,21,2,0.236,0.6,3
7,conj_rot,188,22,2,0.385,0.774,3
7,conj_rot,188,23,1,0,0.539,3
7,conj_rot,188,24,2,0.293,0.879,3
7,conj_rot,189,1,2,0.497,0,4
7,conj_rot,189,2,1,0.613,0.192,4
7,conj_rot,189,3,2,0.815,0.334,4
7,conj_rot,189,4,1,0.976,0.514,4
7,conj_rot,189,5,2,0.804,0.485,4
7,conj_rot,189,6,2,0.422,0.274,4
7,conj_rot,189,7,2,0.497,0.336,4
7,conj_rot,189,8,1,0.627,0.506,4
7,conj_rot,189,9,1,0.725,0.583,4
7,conj_rot,189,10,1,0.82,0.652,4
7,conj_rot,189,11,1,0.408,0.412,4
7,conj_rot,189,12,2,0.499,0.499,4
7,conj_rot,189,13,1,0.739,0.747,4
7,conj_rot,189,14,2,0.32,0.503,4
7,conj_rot,189,15,1,0.4,0.579,4
7,conj_rot,189,16,1,0.49,0.66,4
7,conj_rot,189,17,1,0.071,0.414,4
7,conj_rot,189,18,1,0.167,0.492,4
7,conj_rot,189,19,2,0.245,0.586,4
7,conj_rot,189,20,2,0.424,0.75,4
7,conj_rot,189,21,2,0.58,0.914,4
7,conj_rot,189,22,2,0,0.491,4
7,conj_rot,189,23,1,0.177,0.671,4
7,conj_rot,189,24,2,0.399,0.928,4
7,conj_rot,190,1,1,0.472,0,5
7,conj_rot,190,2,2,0.583,0.063,5
7,conj_rot,190,3,2,0.646,0.156,5
7,conj_rot,190,4,2,0.748,0.21,5
7,conj_rot,190,5,1,0.831,0.309,5
7,conj_rot,190,6,2,0.919,0.376,5
7,conj_rot,190,7,2,0.644,0.284,5
7,conj_rot,190,8,1,0.901,0.537,5
7,conj_rot,190,9,2,0.413,0.219,5
7,conj_rot,190,10,2,0.506,0.31,5
7,conj_rot,190,11,1,0.658,0.465,5
7,conj_rot,190,12,2,0.722,0.555,5
7,conj_rot,190,13,1,0.245,0.228,5
7,conj_rot,190,14,1,0.335,0.306,5
7,conj_rot,190,15,1,0.422,0.386,5
7,conj_rot,190,16,1,0.496,0.453,5
7,conj_rot,190,17,2,0.648,0.638,5
7,conj_rot,190,18,1,0.238,0.383,5
7,conj_rot,190,19,2,0.586,0.709,5
7,conj_rot,190,20,1,0.421,0.714,5
7,conj_rot,190,21,1,0.509,0.8,5
7,conj_rot,190,22,2,0,0.471,5
7,conj_rot,190,23,1,0.166,0.646,5
7,conj_rot,190,24,2,0.513,0.971,5
7,conj_uni,191,1,2,0.069,0.722,1
7,conj_uni,191,2,2,0.387,0.536,1
7,conj_uni,191,3,1,0.681,0.086,1
7,conj_uni,191,4,1,0.016,0.642,1
7,conj_uni,191,5,2,0.739,0.068,1
7,conj_uni,191,6,1,0.57,0.611,1
7,conj_uni,191,7,2,0.234,0.598,1
7,conj_uni,191,8,1,0.295,0.005,1
7,conj_uni,191,9,1,0.004,0,1
7,conj_uni,191,10,1,0,0.442,1
7,conj_uni,191,11,2,0.066,0.411,1
7,conj_uni,191,12,2,0.047,0.544,1
7,conj_uni,191,13,2,0.015,0.256,1
7,conj_uni,191,14,1,0.704,0.192,1
7,conj_uni,191,15,1,0.441,0.365,1
7,conj_uni,191,16,2,0.257,0.308,1
7,conj_uni,191,17,2,0.408,0.088,1
7,conj_uni,191,18,1,0.727,0.135,1
7,conj_uni,191,19,1,0.521,0.39,1
7,conj_uni,191,20,2,0.591,0.667,1
7,conj_uni,191,21,1,0.342,0.249,1
7,conj_uni,191,22,1,0.717,0.468,1
7,conj_uni,191,23,2,0.648,0.427,1
7,conj_uni,191,24,2,0.649,0.652,1
7,conj_uni,192,1,1,0.709,0.245,2
7,conj_uni,192,2,2,0.179,0.401,2
7,conj_uni,192,3,2,0.646,0.232,2
7,conj_uni,192,4,2,0.179,0.284,2
7,conj_uni,192,5,2,0.472,0.094,2
7,conj_uni,192,6,2,0.444,0.173,2
7,conj_uni,192,7,1,0.264,0.447,2
7,conj_uni,192,8,1,0.4,0.562,2
7,conj_uni,192,9,1,0.755,0.043,2
7,conj_uni,192,10,2,0.595,0.714,2
7,conj_uni,192,11,1,0,0.717,2
7,conj_uni,192,12,2,0.527,0.167,2
7,conj_uni,192,13,1,0.207,0.52,2
7,conj_uni,192,14,1,0.389,0.15,2
7,conj_uni,192,15,1,0.343,0.578,2
7,conj_uni,192,16,2,0.3,0.099,2
7,conj_uni,192,17,2,0.676,0.748,2
7,conj_uni,192,18,1,0.362,0.037,2
7,conj_uni,192,19,2,0.081,0.463,2
7,conj_uni,192,20,1,0.038,0.621,2
7,conj_uni,192,21,1,0.315,0,2
7,conj_uni,192,22,2,0.166,0.464,2
7,conj_uni,192,23,2,0.6,0.655,2
7,conj_uni,192,24,1,0.123,0.422,2
7,conj_uni,193,1,2,0.31,0.102,3
7,conj_uni,193,2,2,0.138,0.591,3
7,conj_uni,193,3,2,0.078,0.387,3
7,conj_uni,193,4,2,0.408,0.088,3
7,conj_uni,193,5,1,0.677,0.037,3
7,conj_uni,193,6,2,0.102,0.215,3
7,conj_uni,193,7,1,0.535,0.365,3
7,conj_uni,193,8,1,0.013,0.079,3
7,conj_uni,193,9,1,0.124,0.348,3
7,conj_uni,193,10,2,0.387,0.665,3
7,conj_uni,193,11,1,0.26,0.136,3
7,conj_uni,193,12,2,0.633,0.52,3
7,conj_uni,193,13,1,0.684,0.552,3
7,conj_uni,193,14,1,0.726,0.072,3
7,conj_uni,193,15,1,0.548,0.574,3
7,conj_uni,193,16,2,0.213,0.675,3
7,conj_uni,193,17,2,0.106,0,3
7,conj_uni,193,18,2,0.486,0.243,3
7,conj_uni,193,19,2,0,0.343,3
7,conj_uni,193,20,1,0.307,0.414,3
7,conj_uni,193,21,2,0.221,0.615,3
7,conj_uni,193,22,1,0.325,0.316,3
7,conj_uni,193,23,1,0.089,0.684,3
7,conj_uni,193,24,1,0.319,0.237,3
7,conj_uni,194,1,1,0.469,0.488,4
7,conj_uni,194,2,1,0.467,0.249,4
7,conj_uni,194,3,2,0.511,0.529,4
7,conj_uni,194,4,1,0.25,0.649,4
7,conj_uni,194,5,1,0.558,0.206,4
7,conj_uni,194,6,2,0.599,0,4
7,conj_uni,194,7,1,0.163,0.488,4
7,conj_uni,194,8,2,0.208,0.605,4
7,conj_uni,194,9,2,0,0.607,4
7,conj_uni,194,10,2,0.61,0.058,4
7,conj_uni,194,11,2,0.329,0.087,4
7,conj_uni,194,12,1,0.054,0.201,4
7,conj_uni,194,13,1,0.469,0.361,4
7,conj_uni,194,14,1,0.676,0.29,4
7,conj_uni,194,15,1,0.508,0.117,4
7,conj_uni,194,16,2,0.496,0.587,4
7,conj_uni,194,17,1,0.018,0.418,4
7,conj_uni,194,18,2,0.711,0.509,4
7,conj_uni,194,19,2,0.562,0.329,4
7,conj_uni,194,20,2,0.215,0.546,4
7,conj_uni,194,21,1,0.554,0.478,4
7,conj_uni,194,22,2,0.29,0.132,4
7,conj_uni,194,23,1,0.365,0.501,4
7,conj_uni,194,24,2,0.625,0.484,4
7,conj_uni,195,1,2,0.281,0.615,5
7,conj_uni,195,2,2,0.574,0.367,5
7,conj_uni,195,3,1,0.519,0.682,5
7,conj_uni,195,4,1,0.299,0.035,5
7,conj_uni,195,5,2,0.499,0.579,5
7,conj_uni,195,6,1,0.117,0.642,5
7,conj_uni,195,7,2,0.354,0.574,5
7,conj_uni,195,8,1,0.719,0.57,5
7,conj_uni,195,9,1,0.704,0,5
7,conj_uni,195,10,1,0.061,0.682,5
7,conj_uni,195,11,2,0.583,0.425,5
7,conj_uni,195,12,2,0.675,0.234,5
7,conj_uni,195,13,1,0,0.197,5
7,conj_uni,195,14,2,0.631,0.459,5
7,conj_uni,195,15,1,0.523,0.431,5
7,conj_uni,195,16,2,0.071,0.541,5
7,conj_uni,195,17,1,0.578,0.69,5
7,conj_uni,195,18,2,0.705,0.488,5
7,conj_uni,195,19,1,0.068,0.37,5
7,conj_uni,195,20,2,0.456,0.175,5
7,conj_uni,195,21,1,0.543,0.751,5
7,conj_uni,195,22,1,0.03,0.319,5
7,conj_uni,195,23,2,0.333,0.296,5
7,conj_uni,195,24,2,0.009,0.376,5
7,feat_grid,196,1,1,0.015,0.015,1
7,feat_grid,196,2,1,0.676,0,1
7,feat_grid,196,3,1,0.374,0.114,1
7,feat_grid,196,4,1,0.453,0.117,1
7,feat_grid,196,5,2,0.563,0.123,1
7,feat_grid,196,6,1,0.687,0.142,1
7,feat_grid,196,7,2,0,0.233,1
7,feat_grid,196,8,2,0.231,0.243,1
7,feat_grid,196,9,2,0.334,0.234,1
7,feat_grid,196,10,1,0.463,0.244,1
7,feat_grid,196,11,1,0.119,0.348,1
7,feat_grid,196,12,2,0.681,0.34,1
7,feat_grid,196,13,1,0.028,0.464,1
7,feat_grid,196,14,2,0.108,0.471,1
7,feat_grid,196,15,2,0.239,0.474,1
7,feat_grid,196,16,1,0.345,0.454,1
7,feat_grid,196,17,1,0.562,0.456,1
7,feat_grid,196,18,2,0.123,0.581,1
7,feat_grid,196,19,2,0.231,0.597,1
7,feat_grid,196,20,2,0.342,0.578,1
7,feat_grid,196,21,1,0.473,0.581,1
7,feat_grid,196,22,1,0.596,0.582,1
7,feat_grid,196,23,2,0.699,0.594,1
7,feat_grid,196,24,2,0.699,0.681,1
7,feat_grid,197,1,2,0.001,0.015,2
7,feat_grid,197,2,2,0.128,0.013,2
7,feat_grid,197,3,2,0.225,0,2
7,feat_grid,197,4,2,0.346,0.129,2
7,feat_grid,197,5,2,0.573,0.122,2
7,feat_grid,197,6,2,0.696,0.112,2
7,feat_grid,197,7,1,0.003,0.244,2
7,feat_grid,197,8,1,0.363,0.258,2
7,feat_grid,197,9,2,0.475,0.238,2
7,feat_grid,197,10,1,0.687,0.238,2
7,feat_grid,197,11,1,0,0.366,2
7,feat_grid,197,12,2,0.106,0.354,2
7,feat_grid,197,13,1,0.335,0.467,2
7,feat_grid,197,14,1,0.452,0.457,2
7,feat_grid,197,15,2,0.698,0.491,2
7,feat_grid,197,16,2,0.016,0.588,2
7,feat_grid,197,17,1,0.121,0.58,2
7,feat_grid,197,18,2,0.248,0.57,2
7,feat_grid,197,19,1,0.336,0.578,2
7,feat_grid,197,20,2,0.469,0.594,2
7,feat_grid,197,21,1,0.569,0.56,2
7,feat_grid,197,22,1,0.699,0.578,2
7,feat_grid,197,23,1,0.125,0.709,2
7,feat_grid,197,24,1,0.469,0.717,2
7,feat_grid,198,1,1,0.256,0.016,3
7,feat_grid,198,2,1,0.472,0.021,3
7,feat_grid,198,3,1,0.701,0,3
7,feat_grid,198,4,2,0.001,0.126,3
7,feat_grid,198,5,2,0.133,0.119,3
7,feat_grid,198,6,1,0.002,0.227,3
7,feat_grid,198,7,2,0.14,0.261,3
7,feat_grid,198,8,1,0.476,0.24,3
7,feat_grid,198,9,2,0.586,0.254,3
7,feat_grid,198,10,1,0.704,0.222,3
7,feat_grid,198,11,2,0.114,0.328,3
7,feat_grid,198,12,1,0.587,0.369,3
7,feat_grid,198,13,2,0.131,0.426,3
7,feat_grid,198,14,1,0.223,0.467,3
7,feat_grid,198,15,1,0.339,0.478,3
7,feat_grid,198,16,2,0.469,0.459,3
7,feat_grid,198,17,2,0.015,0.593,3
7,feat_grid,198,18,1,0.248,0.572,3
7,feat_grid,198,19,2,0.359,0.586,3
7,feat_grid,198,20,2,0,0.698,3
7,feat_grid,198,21,1,0.237,0.706,3
7,feat_grid,198,22,2,0.349,0.695,3
7,feat_grid,198,23,2,0.47,0.679,3
7,feat_grid,198,24,1,0.709,0.694,3
7,feat_grid,199,1,2,0,0,4
7,feat_grid,199,2,2,0.226,0.019,4
7,feat_grid,199,3,1,0.376,0.011,4
7,feat_grid,199,4,1,0.472,0.03,4
7,feat_grid,199,5,2,0.702,0.014,4
7,feat_grid,199,6,1,0.117,0.112,4
7,feat_grid,199,7,1,0.356,0.122,4
7,feat_grid,199,8,2,0.011,0.243,4
7,feat_grid,199,9,2,0.237,0.239,4
7,feat_grid,199,10,1,0.441,0.242,4
7,feat_grid,199,11,1,0.567,0.231,4
7,feat_grid,199,12,2,0.131,0.349,4
7,feat_grid,199,13,2,0.447,0.343,4
7,feat_grid,199,14,1,0.705,0.362,4
7,feat_grid,199,15,2,0.096,0.469,4
7,feat_grid,199,16,1,0.234,0.465,4
7,feat_grid,199,17,1,0.47,0.48,4
7,feat_grid,199,18,2,0.679,0.462,4
7,feat_grid,199,19,1,0.009,0.557,4
7,feat_grid,199,20,2,0.234,0.573,4
7,feat_grid,199,21,1,0.352,0.583,4
7,feat_grid,199,22,2,0.01,0.695,4
7,feat_grid,199,23,2,0.474,0.716,4
7,feat_grid,199,24,1,0.59,0.692,4
7,feat_grid,200,1,1,0.227,0.023,5
7,feat_grid,200,2,1,0.455,0.023,5
7,feat_grid,200,3,2,0.696,0,5
7,feat_grid,200,4,2,0.344,0.108,5
7,feat_grid,200,5,1,0.581,0.131,5
7,feat_grid,200,6,2,0.019,0.234,5
7,feat_grid,200,7,1,0.143,0.253,5
7,feat_grid,200,8,2,0.24,0.242,5
7,feat_grid,200,9,2,0.456,0.252,5
7,feat_grid,200,10,1,0.587,0.25,5
7,feat_grid,200,11,2,0.706,0.239,5
7,feat_grid,200,12,1,0.003,0.342,5
7,feat_grid,200,13,2,0.25,0.371,5
7,feat_grid,200,14,2,0.477,0.357,5
7,feat_grid,200,15,1,0.598,0.351,5
7,feat_grid,200,16,1,0.566,0.493,5
7,feat_grid,200,17,1,0.239,0.596,5
7,feat_grid,200,18,2,0.358,0.589,5
7,feat_grid,200,19,1,0.469,0.613,5
7,feat_grid,200,20,1,0,0.724,5
7,feat_grid,200,21,1,0.123,0.706,5
7,feat_grid,200,22,2,0.35,0.712,5
7,feat_grid,200,23,2,0.572,0.685,5
7,feat_grid,200,24,2,0.69,0.723,5
7,feat_rot,201,1,1,0.469,0,1
7,feat_rot,201,2,1,0.57,0.087,1
7,feat_rot,201,3,1,0.898,0.391,1
7,feat_rot,201,4,2,0.968,0.47,1
7,feat_rot,201,5,2,0.489,0.154,1
7,feat_rot,201,6,2,0.556,0.255,1
7,feat_rot,201,7,1,0.626,0.306,1
7,feat_rot,201,8,2,0.458,0.334,1
7,feat_rot,201,9,1,0.575,0.41,1
7,feat_rot,201,10,2,0.63,0.48,1
7,feat_rot,201,11,1,0.808,0.628,1
7,feat_rot,201,12,1,0.495,0.486,1
7,feat_rot,201,13,2,0.232,0.395,1
7,feat_rot,201,14,2,0.301,0.482,1
7,feat_rot,201,15,2,0.472,0.662,1
7,feat_rot,201,16,1,0.569,0.727,1
7,feat_rot,201,17,2,0.234,0.566,1
7,feat_rot,201,18,1,0.395,0.731,1
7,feat_rot,201,19,2,0.475,0.802,1
7,feat_rot,201,20,1,0,0.488,1
7,feat_rot,201,21,1,0.082,0.574,1
7,feat_rot,201,22,2,0.169,0.642,1
7,feat_rot,201,23,2,0.41,0.881,1
7,feat_rot,201,24,1,0.488,0.967,1
7,feat_rot,202,1,1,0.58,0.068,2
7,feat_rot,202,2,1,0.67,0.156,2
7,feat_rot,202,3,2,0.814,0.308,2
7,feat_rot,202,4,1,0.334,0,2
7,feat_rot,202,5,1,0.655,0.326,2
7,feat_rot,202,6,1,0.241,0.066,2
7,feat_rot,202,7,1,0.324,0.163,2
7,feat_rot,202,8,2,0.431,0.247,2
7,feat_rot,202,9,1,0.561,0.418,2
7,feat_rot,202,10,1,0.664,0.489,2
7,feat_rot,202,11,1,0.098,0.08,2
7,feat_rot,202,12,2,0.247,0.239,2
7,feat_rot,202,13,2,0.334,0.319,2
7,feat_rot,202,14,2,0.587,0.552,2
7,feat_rot,202,15,2,0,0.15,2
7,feat_rot,202,16,2,0.082,0.237,2
7,feat_rot,202,17,2,0.019,0.326,2
7,feat_rot,202,18,1,0.17,0.498,2
7,feat_rot,202,19,2,0.25,0.579,2
7,feat_rot,202,20,1,0.326,0.652,2
7,feat_rot,202,21,1,0.414,0.732,2
7,feat_rot,202,22,2,0.004,0.503,2
7,feat_rot,202,23,2,0.075,0.581,2
7,feat_rot,202,24,2,0.34,0.798,2
7,feat_rot,203,1,2,0.402,0,3
7,feat_rot,203,2,1,0.563,0.166,3
7,feat_rot,203,3,1,0.728,0.303,3
7,feat_rot,203,4,1,0.867,0.494,3
7,feat_rot,203,5,2,0.408,0.154,3
7,feat_rot,203,6,2,0.631,0.391,3
7,feat_rot,203,7,1,0.79,0.567,3
7,feat_rot,203,8,1,0.295,0.225,3
7,feat_rot,203,9,1,0.641,0.565,3
7,feat_rot,203,10,1,0.156,0.266,3
7,feat_rot,203,11,2,0.209,0.318,3
7,feat_rot,203,12,2,0.313,0.411,3
7,feat_rot,203,13,1,0.565,0.651,3
7,feat_rot,203,14,1,0.096,0.328,3
7,feat_rot,203,15,1,0.322,0.567,3
7,feat_rot,203,16,2,0.392,0.639,3
7,feat_rot,203,17,2,0,0.4,3
7,feat_rot,203,18,2,0.062,0.508,3
7,feat_rot,203,19,1,0.168,0.573,3
7,feat_rot,203,20,1,0.397,0.818,3
7,feat_rot,203,21,2,0.14,0.74,3
7,feat_rot,203,22,2,0.235,0.811,3
7,feat_rot,203,23,2,0.309,0.885,3
7,feat_rot,203,24,2,0.397,0.984,3
7,feat_rot,204,1,2,0.574,0,4
7,feat_rot,204,2,2,0.901,0.332,4
7,feat_rot,204,3,2,0.986,0.405,4
7,feat_rot,204,4,1,0.472,0.071,4
7,feat_rot,204,5,1,0.564,0.157,4
7,feat_rot,204,6,2,0.658,0.239,4
7,feat_rot,204,7,2,0.81,0.402,4
7,feat_rot,204,8,1,0.899,0.462,4
7,feat_rot,204,9,1,0.573,0.319,4
7,feat_rot,204,10,1,0.734,0.507,4
7,feat_rot,204,11,1,0.819,0.566,4
7,feat_rot,204,12,1,0.32,0.252,4
7,feat_rot,204,13,2,0.498,0.391,4
7,feat_rot,204,14,2,0.724,0.65,4
7,feat_rot,204,15,2,0.316,0.4,4
7,feat_rot,204,16,1,0.595,0.632,4
7,feat_rot,204,17,2,0.075,0.316,4
7,feat_rot,204,18,1,0.167,0.413,4
7,feat_rot,204,19,2,0.304,0.555,4
7,feat_rot,204,20,1,0.414,0.646,4
7,feat_rot,204,21,1,0,0.416,4
7,feat_rot,204,22,2,0.16,0.555,4
7,feat_rot,204,23,1,0.33,0.744,4
7,feat_rot,204,24,2,0.399,0.812,4
7,feat_rot,205,1,1,0.488,0,5
7,feat_rot,205,2,2,0.563,0.084,5
7,feat_rot,205,3,1,0.492,0.149,5
7,feat_rot,205,4,1,0.57,0.236,5
7,feat_rot,205,5,1,0.728,0.394,5
7,feat_rot,205,6,1,0.825,0.459,5
7,feat_rot,205,7,2,0.911,0.533,5
7,feat_rot,205,8,2,0.316,0.146,5
7,feat_rot,205,9,1,0.565,0.392,5
7,feat_rot,205,10,2,0.732,0.545,5
7,feat_rot,205,11,1,0.223,0.227,5
7,feat_rot,205,12,2,0.323,0.312,5
7,feat_rot,205,13,2,0.484,0.453,5
7,feat_rot,205,14,2,0.58,0.558,5
7,feat_rot,205,15,1,0.641,0.646,5
7,feat_rot,205,16,2,0.728,0.721,5
7,feat_rot,205,17,2,0.464,0.617,5
7,feat_rot,205,18,1,0.632,0.794,5
7,feat_rot,205,19,2,0.179,0.495,5
7,feat_rot,205,20,1,0.318,0.629,5
7,feat_rot,205,21,1,0.469,0.804,5
7,feat_rot,205,22,2,0,0.46,5
7,feat_rot,205,23,2,0.095,0.557,5
7,feat_rot,205,24,1,0.42,0.896,5
7,feat_uni,206,1,2,0.507,0.642,1
7,feat_uni,206,2,1,0.467,0.173,1
7,feat_uni,206,3,1,0.613,0.439,1
7,feat_uni,206,4,2,0.147,0.589,1
7,feat_uni,206,5,2,0.062,0.061,1
7,feat_uni,206,6,2,0.651,0.281,1
7,feat_uni,206,7,2,0.062,0,1
7,feat_uni,206,8,2,0.239,0.16,1
7,feat_uni,206,9,1,0.117,0.216,1
7,feat_uni,206,10,1,0.592,0.223,1
7,feat_uni,206,11,2,0.681,0.048,1
7,feat_uni,206,12,1,0.291,0.655,1
7,feat_uni,206,13,2,0.525,0.187,1
7,feat_uni,206,14,2,0.203,0.451,1
7,feat_uni,206,15,1,0.473,0.564,1
7,feat_uni,206,16,2,0.718,0.25,1
7,feat_uni,206,17,1,0.1,0.628,1
7,feat_uni,206,18,1,0,0.586,1
7,feat_uni,206,19,2,0.541,0.369,1
7,feat_uni,206,20,1,0.406,0.616,1
7,feat_uni,206,21,2,0.537,0.247,1
7,feat_uni,206,22,1,0.392,0.343,1
7,feat_uni,206,23,1,0.651,0.391,1
7,feat_uni,206,24,1,0.532,0.427,1
7,feat_uni,207,1,2,0.647,0.544,2
7,feat_uni,207,2,2,0.09,0.011,2
7,feat_uni,207,3,2,0.354,0.649,2
7,feat_uni,207,4,2,0.729,0.343,2
7,feat_uni,207,5,2,0.43,0.458,2
7,feat_uni,207,6,1,0.514,0.276,2
7,feat_uni,207,7,1,0.026,0.621,2
7,feat_uni,207,8,1,0.502,0.036,2
7,feat_uni,207,9,1,0,0.375,2
7,feat_uni,207,10,1,0.25,0.525,2
7,feat_uni,207,11,1,0.357,0.063,2
7,feat_uni,207,12,1,0.215,0.471,2
7,feat_uni,207,13,2,0.71,0.645,2
7,feat_uni,207,14,1,0.078,0.674,2
7,feat_uni,207,15,2,0.408,0.345,2
7,feat_uni,207,16,2,0.188,0.688,2
7,feat_uni,207,17,1,0.275,0.633,2
7,feat_uni,207,18,2,0.674,0.375,2
7,feat_uni,207,19,2,0.007,0.268,2
7,feat_uni,207,20,1,0.722,0.409,2
7,feat_uni,207,21,1,0.681,0.594,2
7,feat_uni,207,22,1,0.579,0.052,2
7,feat_uni,207,23,2,0.241,0.417,2
7,feat_uni,207,24,2,0.306,0,2
7,feat_uni,208,1,2,0.118,0.706,3
7,feat_uni,208,2,2,0.428,0.332,3
7,feat_uni,208,3,2,0.133,0,3
7,feat_uni,208,4,1,0.726,0.073,3
7,feat_uni,208,5,1,0.467,0.378,3
7,feat_uni,208,6,1,0.428,0.423,3
7,feat_uni,208,7,2,0.112,0.176,3
7,feat_uni,208,8,1,0.649,0.56,3
7,feat_uni,208,9,1,0.414,0.65,3
7,feat_uni,208,10,2,0.455,0.023,3
7,feat_uni,208,11,2,0.082,0.044,3
7,feat_uni,208,12,2,0,0.642,3
7,feat_uni,208,13,2,0.171,0.678,3
7,feat_uni,208,14,1,0.485,0.254,3
7,feat_uni,208,15,2,0.699,0.39,3
7,feat_uni,208,16,1,0.651,0.732,3
7,feat_uni,208,17,2,0.485,0.442,3
7,feat_uni,208,18,1,0.33,0.723,3
7,feat_uni,208,19,2,0.024,0.253,3
7,feat_uni,208,20,2,0.152,0.757,3
7,feat_uni,208,21,1,0.33,0.074,3
7,feat_uni,208,22,1,0.399,0.262,3
7,feat_uni,208,23,1,0.292,0.201,3
7,feat_uni,208,24,1,0.475,0.539,3
7,feat_uni,209,1,1,0.186,0.085,4
7,feat_uni,209,2,1,0.486,0.554,4
7,feat_uni,209,3,2,0.424,0.451,4
7,feat_uni,209,4,1,0.34,0.479,4
7,feat_uni,209,5,2,0.644,0.154,4
7,feat_uni,209,6,2,0.147,0.595,4
7,feat_uni,209,7,2,0,0.558,4
7,feat_uni,209,8,1,0.354,0.311,4
7,feat_uni,209,9,1,0.041,0.107,4
7,feat_uni,209,10,1,0.604,0.233,4
7,feat_uni,209,11,1,0.416,0,4
7,feat_uni,209,12,1,0.524,0.61,4
7,feat_uni,209,13,2,0.176,0.189,4
7,feat_uni,209,14,1,0.222,0.021,4
7,feat_uni,209,15,2,0.369,0.251,4
7,feat_uni,209,16,2,0.328,0.593,4
7,feat_uni,209,17,1,0.183,0.389,4
7,feat_uni,209,18,2,0.163,0.03,4
7,feat_uni,209,19,2,0.033,0.288,4
7,feat_uni,209,20,2,0.099,0.125,4
7,feat_uni,209,21,1,0.33,0.722,4
7,feat_uni,209,22,1,0.405,0.651,4
7,feat_uni,209,23,2,0.287,0.345,4
7,feat_uni,209,24,2,0.56,0.192,4
7,feat_uni,210,1,1,0.186,0.086,5
7,feat_uni,210,2,1,0.687,0.611,5
7,feat_uni,210,3,2,0,0.647,5
7,feat_uni,210,4,2,0.366,0.367,5
7,feat_uni,210,5,2,0.329,0.413,5
7,feat_uni,210,6,2,0.173,0.275,5
7,feat_uni,210,7,2,0.44,0.043,5
7,feat_uni,210,8,2,0.232,0,5
7,feat_uni,210,9,1,0.292,0.105,5
7,feat_uni,210,10,1,0.506,0.655,5
7,feat_uni,210,11,2,0.373,0.094,5
7,feat_uni,210,12,2,0.52,0.748,5
7,feat_uni,210,13,1,0.48,0.429,5
7,feat_uni,210,14,1,0.236,0.486,5
7,feat_uni,210,15,1,0.019,0.219,5
7,feat_uni,210,16,2,0.401,0.74,5
7,feat_uni,210,17,2,0.071,0.014,5
7,feat_uni,210,18,1,0.702,0.12,5
7,feat_uni,210,19,2,0.367,0.031,5
7,feat_uni,210,20,1,0.273,0.383,5
7,feat_uni,210,21,1,0.17,0.028,5
7,feat_uni,210,22,1,0.58,0.332,5
7,feat_uni,210,23,2,0.644,0.105,5
7,feat_uni,210,24,1,0.016,0.394,5
8,conj_grid,211,1,1,0.719,0,1
8,conj_grid,211,2,1,0.028,0.107,1
8,conj_grid,211,3,1,0.122,0.112,1
8,conj_grid,211,4,2,0.228,0.106,1
8,conj_grid,211,5,2,0.367,0.111,1
8,conj_grid,211,6,2,0.581,0.129,1
8,conj_grid,211,7,2,0.012,0.238,1
8,conj_grid,211,8,1,0.586,0.225,1
8,conj_grid,211,9,2,0.361,0.33,1
8,conj_grid,211,10,2,0.469,0.339,1
8,conj_grid,211,11,1,0.01,0.451,1
8,conj_grid,211,12,1,0.242,0.456,1
8,conj_grid,211,13,2,0.343,0.452,1
8,conj_grid,211,14,2,0.586,0.459,1
8,conj_grid,211,15,2,0,0.564,1
8,conj_grid,211,16,1,0.258,0.571,1
8,conj_grid,211,17,1,0.351,0.561,1
8,conj_grid,211,18,2,0.569,0.57,1
8,conj_grid,211,19,2,0.721,0.565,1
8,conj_grid,211,20,2,0.134,0.704,1
8,conj_grid,211,21,1,0.242,0.688,1
8,conj_grid,211,22,1,0.352,0.695,1
8,conj_grid,211,23,1,0.468,0.69,1
8,conj_grid,211,24,1,0.581,0.695,1
8,conj_grid,212,1,2,0.026,0.014,2
8,conj_grid,212,2,2,0.25,0.006,2
8,conj_grid,212,3,1,0.713,0,2
8,conj_grid,212,4,1,0.028,0.112,2
8,conj_grid,212,5,1,0.128,0.108,2
8,conj_grid,212,6,1,0.251,0.122,2
8,conj_grid,212,7,1,0.345,0.131,2
8,conj_grid,212,8,1,0.601,0.117,2
8,conj_grid,212,9,2,0.035,0.234,2
8,conj_grid,212,10,2,0.156,0.244,2
8,conj_grid,212,11,2,0.369,0.226,2
8,conj_grid,212,12,1,0.594,0.223,2
8,conj_grid,212,13,1,0.018,0.341,2
8,conj_grid,212,14,2,0.493,0.365,2
8,conj_grid,212,15,2,0.717,0.348,2
8,conj_grid,212,16,2,0.017,0.459,2
8,conj_grid,212,17,2,0.262,0.446,2
8,conj_grid,212,18,2,0.723,0.464,2
8,conj_grid,212,19,2,0.479,0.578,2
8,conj_grid,212,20,1,0.612,0.575,2
8,conj_grid,212,21,2,0.707,0.569,2
8,conj_grid,212,22,1,0,0.69,2
8,conj_grid,212,23,1,0.236,0.702,2
8,conj_grid,212,24,1,0.359,0.702,2
8,conj_grid,213,1,1,0.119,0,3
8,conj_grid,213,2,1,0.219,0.017,3
8,conj_grid,213,3,2,0.473,0.013,3
8,conj_grid,213,4,1,0.699,0.003,3
8,conj_grid,213,5,1,0.122,0.135,3
8,conj_grid,213,6,1,0.221,0.12,3
8,conj_grid,213,7,2,0.457,0.123,3
8,conj_grid,213,8,2,0.001,0.237,3
8,conj_grid,213,9,1,0.332,0.245,3
8,conj_grid,213,10,2,0.448,0.237,3
8,conj_grid,213,11,2,0.567,0.22,3
8,conj_grid,213,12,2,0.236,0.366,3
8,conj_grid,213,13,1,0.454,0.334,3
8,conj_grid,213,14,2,0.694,0.35,3
8,conj_grid,213,15,1,0.004,0.472,3
8,conj_grid,213,16,2,0,0.569,3
8,conj_grid,213,17,2,0.337,0.564,3
8,conj_grid,213,18,1,0.456,0.564,3
8,conj_grid,213,19,1,0.581,0.586,3
8,conj_grid,213,20,2,0.69,0.566,3
8,conj_grid,213,21,1,0.104,0.707,3
8,conj_grid,213,22,2,0.477,0.701,3
8,conj_grid,213,23,1,0.569,0.697,3
8,conj_grid,213,24,2,0.671,0.69,3
8,conj_grid,214,1,2,0.043,0.017,4
8,conj_grid,214,2,1,0.362,0,4
8,conj_grid,214,3,2,0.715,0.01,4
8,conj_grid,214,4,2,0,0.132,4
8,conj_grid,214,5,2,0.12,0.125,4
8,conj_grid,214,6,2,0.608,0.13,4
8,conj_grid,214,7,2,0.027,0.248,4
8,conj_grid,214,8,1,0.236,0.251,4
8,conj_grid,214,9,2,0.366,0.252,4
8,conj_grid,214,10,1,0.582,0.245,4
8,conj_grid,214,11,2,0.715,0.256,4
8,conj_grid,214,12,2,0.009,0.372,4
8,conj_grid,214,13,1,0.141,0.365,4
8,conj_grid,214,14,2,0.363,0.351,4
8,conj_grid,214,15,2,0.458,0.354,4
8,conj_grid,214,16,1,0.592,0.36,4
8,conj_grid,214,17,1,0.015,0.467,4
8,conj_grid,214,18,1,0.128,0.485,4
8,conj_grid,214,19,2,0.014,0.572,4
8,conj_grid,214,20,1,0.349,0.593,4
8,conj_grid,214,21,1,0.016,0.699,4
8,conj_grid,214,22,1,0.138,0.701,4
8,conj_grid,214,23,1,0.268,0.695,4
8,conj_grid,214,24,1,0.704,0.712,4
8,conj_grid,215,1,2,0.012,0.023,5
8,conj_grid,215,2,2,0.122,0.034,5
8,conj_grid,215,3,1,0.33,0.006,5
8,conj_grid,215,4,2,0.465,0,5
8,conj_grid,215,5,2,0.58,0.014,5
8,conj_grid,215,6,2,0.698,0.002,5
8,conj_grid,215,7,1,0.014,0.114,5
8,conj_grid,215,8,1,0.46,0.137,5
8,conj_grid,215,9,1,0.579,0.12,5
8,conj_grid,215,10,2,0.695,0.13,5
8,conj_grid,215,11,1,0.104,0.251,5
8,conj_grid,215,12,1,0.486,0.261,5
8,conj_grid,215,13,2,0.37,0.372,5
8,conj_grid,215,14,2,0.574,0.353,5
8,conj_grid,215,15,2,0.7,0.35,5
8,conj_grid,215,16,1,0.115,0.477,5
8,conj_grid,215,17,2,0.586,0.478,5
8,conj_grid,215,18,2,0.707,0.476,5
8,conj_grid,215,19,2,0.122,0.582,5
8,conj_grid,215,20,1,0.239,0.61,5
8,conj_grid,215,21,1,0.565,0.612,5
8,conj_grid,215,22,1,0,0.694,5
8,conj_grid,215,23,1,0.335,0.692,5
8,conj_grid,215,24,1,0.454,0.709,5
8,conj_rot,216,1,1,0.411,0.011,1
8,conj_rot,216,2,2,0.494,0.094,1
8,conj_rot,216,3,2,0.565,0.184,1
8,conj_rot,216,4,2,0.734,0.337,1
8,conj_rot,216,5,2,0.351,0.095,1
8,conj_rot,216,6,2,0.515,0.237,1
8,conj_rot,216,7,2,0.092,0,1
8,conj_rot,216,8,2,0.199,0.088,1
8,conj_rot,216,9,1,0.248,0.187,1
8,conj_rot,216,10,1,0.571,0.497,1
8,conj_rot,216,11,1,0,0.107,1
8,conj_rot,216,12,2,0.1,0.165,1
8,conj_rot,216,13,2,0.155,0.232,1
8,conj_rot,216,14,2,0.237,0.315,1
8,conj_rot,216,15,1,0.508,0.571,1
8,conj_rot,216,16,1,0.022,0.256,1
8,conj_rot,216,17,2,0.103,0.33,1
8,conj_rot,216,18,1,0.176,0.418,1
8,conj_rot,216,19,2,0.258,0.504,1
8,conj_rot,216,20,1,0.027,0.409,1
8,conj_rot,216,21,1,0.326,0.724,1
8,conj_rot,216,22,1,0.097,0.647,1
8,conj_rot,216,23,1,0.167,0.715,1
8,conj_rot,216,24,1,0.277,0.831,1
8,conj_rot,217,1,1,0.576,0.017,2
8,conj_rot,217,2,2,0.664,0.1,2
8,conj_rot,217,3,2,0.747,0.17,2
8,conj_rot,217,4,2,0.988,0.427,2
8,conj_rot,217,5,1,0.416,0,2
8,conj_rot,217,6,2,0.487,0.073,2
8,conj_rot,217,7,2,0.668,0.271,2
8,conj_rot,217,8,1,0.816,0.423,2
8,conj_rot,217,9,1,0.491,0.269,2
8,conj_rot,217,10,2,0.658,0.412,2
8,conj_rot,217,11,2,0.714,0.516,2
8,conj_rot,217,12,2,0.322,0.23,2
8,conj_rot,217,13,1,0.49,0.435,2
8,conj_rot,217,14,1,0.736,0.656,2
8,conj_rot,217,15,1,0.155,0.267,2
8,conj_rot,217,16,1,0.567,0.67,2
8,conj_rot,217,17,2,0.098,0.351,2
8,conj_rot,217,18,1,0.255,0.49,2
8,conj_rot,217,19,2,0.335,0.584,2
8,conj_rot,217,20,1,0.413,0.651,2
8,conj_rot,217,21,2,0.493,0.733,2
8,conj_rot,217,22,1,0,0.405,2
8,conj_rot,217,23,1,0.07,0.497,2
8,conj_rot,217,24,2,0.247,0.672,2
8,conj_rot,218,1,1,0.645,0,3
8,conj_rot,218,2,1,0.743,0.088,3
8,conj_rot,218,3,1,0.972,0.353,3
8,conj_rot,218,4,2,0.569,0.095,3
8,conj_rot,218,5,1,0.674,0.171,3
8,conj_rot,218,6,1,0.916,0.378,3
8,conj_rot,218,7,2,0.346,0.026,3
8,conj_rot,218,8,2,0.649,0.332,3
8,conj_rot,218,9,2,0.825,0.515,3
8,conj_rot,218,10,2,0.279,0.099,3
8,conj_rot,218,11,1,0.352,0.173,3
8,conj_rot,218,12,1,0.67,0.488,3
8,conj_rot,218,13,1,0.731,0.561,3
8,conj_rot,218,14,1,0.257,0.238,3
8,conj_rot,218,15,2,0.508,0.52,3
8,conj_rot,218,16,1,0.589,0.6,3
8,conj_rot,218,17,2,0.104,0.243,3
8,conj_rot,218,18,1,0.26,0.414,3
8,conj_rot,218,19,1,0.41,0.583,3
8,conj_rot,218,20,2,0.496,0.634,3
8,conj_rot,218,21,2,0,0.318,3
8,conj_rot,218,22,2,0.248,0.577,3
8,conj_rot,218,23,2,0.335,0.664,3
8,conj_rot,218,24,2,0.423,0.736,3
8,conj_rot,219,1,2,0.467,0,4
8,conj_rot,219,2,1,0.796,0.345,4
8,conj_rot,219,3,2,0.883,0.437,4
8,conj_rot,219,4,2,0.397,0.087,4
8,conj_rot,219,5,1,0.545,0.265,4
8,conj_rot,219,6,2,0.635,0.328,4
8,conj_rot,219,7,1,0.792,0.496,4
8,conj_rot,219,8,2,0.801,0.68,4
8,conj_rot,219,9,2,0.316,0.321,4
8,conj_rot,219,10,1,0.408,0.427,4
8,conj_rot,219,11,2,0.495,0.496,4
8,conj_rot,219,12,2,0.723,0.747,4
8,conj_rot,219,13,1,0.313,0.482,4
8,conj_rot,219,14,1,0.399,0.581,4
8,conj_rot,219,15,1,0.485,0.659,4
8,conj_rot,219,16,1,0.554,0.762,4
8,conj_rot,219,17,2,0.621,0.827,4
8,conj_rot,219,18,2,0.066,0.416,4
8,conj_rot,219,19,1,0.324,0.656,4
8,conj_rot,219,20,1,0.558,0.897,4
8,conj_rot,219,21,1,0,0.487,4
8,conj_rot,219,22,1,0.071,0.567,4
8,conj_rot,219,23,2,0.223,0.738,4
8,conj_rot,219,24,2,0.283,0.814,4
8,conj_rot,220,1,1,0.558,0,5
8,conj_rot,220,2,2,0.716,0.156,5
8,conj_rot,220,3,1,0.879,0.322,5
8,conj_rot,220,4,2,0.963,0.4,5
8,conj_rot,220,5,1,0.473,0.078,5
8,conj_rot,220,6,2,0.558,0.169,5
8,conj_rot,220,7,1,0.8,0.384,5
8,conj_rot,220,8,1,0.3,0.082,5
8,conj_rot,220,9,2,0.383,0.162,5
8,conj_rot,220,10,2,0.545,0.31,5
8,conj_rot,220,11,2,0.718,0.474,5
8,conj_rot,220,12,1,0.786,0.58,5
8,conj_rot,220,13,2,0.463,0.401,5
8,conj_rot,220,14,2,0.52,0.479,5
8,conj_rot,220,15,1,0.645,0.558,5
8,conj_rot,220,16,2,0.698,0.647,5
8,conj_rot,220,17,1,0.159,0.264,5
8,conj_rot,220,18,1,0.477,0.555,5
8,conj_rot,220,19,2,0.644,0.744,5
8,conj_rot,220,20,1,0.482,0.742,5
8,conj_rot,220,21,2,0,0.416,5
8,conj_rot,220,22,1,0.083,0.486,5
8,conj_rot,220,23,1,0.234,0.665,5
8,conj_rot,220,24,2,0.456,0.894,5
8,conj_uni,221,1,1,0.473,0,1
8,conj_uni,221,2,1,0.25,0.599,1
8,conj_uni,221,3,2,0.257,0.496,1
8,conj_uni,221,4,1,0.397,0.184,1
8,conj_uni,221,5,1,0.644,0.227,1
8,conj_uni,221,6,1,0.328,0.181,1
8,conj_uni,221,7,1,0.349,0.305,1
8,conj_uni,221,8,1,0.222,0.672,1
8,conj_uni,221,9,1,0.436,0.652,1
8,conj_uni,221,10,2,0.01,0.084,1
8,conj_uni,221,11,1,0.43,0.242,1
8,conj_uni,221,12,2,0.303,0.123,1
8,conj_uni,221,13,1,0.1,0.057,1
8,conj_uni,221,14,2,0.386,0.457,1
8,conj_uni,221,15,2,0.56,0.477,1
8,conj_uni,221,16,2,0,0.273,1
8,conj_uni,221,17,1,0.695,0.518,1
8,conj_uni,221,18,1,0.461,0.444,1
8,conj_uni,221,19,2,0.044,0.579,1
8,conj_uni,221,20,2,0.301,0.382,1
8,conj_uni,221,21,2,0.291,0.323,1
8,conj_uni,221,22,2,0.022,0.385,1
8,conj_uni,221,23,2,0.305,0.26,1
8,conj_uni,221,24,2,0.443,0.101,1
8,conj_uni,222,1,1,0.215,0.028,2
8,conj_uni,222,2,1,0,0.679,2
8,conj_uni,222,3,2,0.698,0.493,2
8,conj_uni,222,4,1,0.007,0.621,2
8,conj_uni,222,5,1,0.729,0.096,2
8,conj_uni,222,6,2,0.747,0.527,2
8,conj_uni,222,7,2,0.027,0.012,2
8,conj_uni,222,8,2,0.356,0.352,2
8,conj_uni,222,9,2,0.203,0.343,2
8,conj_uni,222,10,1,0.204,0.611,2
8,conj_uni,222,11,2,0.693,0.319,2
8,conj_uni,222,12,1,0.211,0.095,2
8,conj_uni,222,13,2,0.433,0.329,2
8,conj_uni,222,14,1,0.017,0.501,2
8,conj_uni,222,15,2,0.318,0.552,2
8,conj_uni,222,16,1,0.518,0.475,2
8,conj_uni,222,17,2,0.714,0.617,2
8,conj_uni,222,18,1,0.142,0,2
8,conj_uni,222,19,1,0.68,0.251,2
8,conj_uni,222,20,1,0.42,0.516,2
8,conj_uni,222,21,1,0.383,0.299,2
8,conj_uni,222,22,2,0.545,0.422,2
8,conj_uni,222,23,2,0.283,0.424,2
8,conj_uni,222,24,2,0.316,0,2
8,conj_uni,223,1,2,0.643,0.277,3
8,conj_uni,223,2,2,0.382,0.422,3
8,conj_uni,223,3,2,0.049,0.37,3
8,conj_uni,223,4,1,0.03,0.241,3
8,conj_uni,223,5,1,0.08,0.707,3
8,conj_uni,223,6,2,0.726,0.369,3
8,conj_uni,223,7,1,0.159,0.109,3
8,conj_uni,223,8,1,0.594,0.35,3
8,conj_uni,223,9,1,0.429,0.045,3
8,conj_uni,223,10,2,0.698,0.256,3
8,conj_uni,223,11,2,0.105,0.354,3
8,conj_uni,223,12,1,0.687,0.478,3
8,conj_uni,223,13,1,0.07,0.566,3
8,conj_uni,223,14,2,0.332,0.652,3
8,conj_uni,223,15,2,0.227,0.222,3
8,conj_uni,223,16,1,0.459,0.192,3
8,conj_uni,223,17,1,0.217,0.281,3
8,conj_uni,223,18,1,0.64,0.389,3
8,conj_uni,223,19,2,0.497,0.55,3
8,conj_uni,223,20,1,0.463,0.502,3
8,conj_uni,223,21,2,0.39,0,3
8,conj_uni,223,22,2,0,0.292,3
8,conj_uni,223,23,2,0.352,0.281,3
8,conj_uni,223,24,1,0.293,0.296,3
8,conj_uni,224,1,1,0.256,0.226,4
8,conj_uni,224,2,2,0.299,0.649,4
8,conj_uni,224,3,2,0.733,0.663,4
8,conj_uni,224,4,1,0.224,0.718,4
8,conj_uni,224,5,1,0.023,0.312,4
8,conj_uni,224,6,1,0.67,0.134,4
8,conj_uni,224,7,2,0.742,0.604,4
8,conj_uni,224,8,1,0.675,0.673,4
8,conj_uni,224,9,1,0.632,0.199,4
8,conj_uni,224,10,1,0.62,0.29,4
8,conj_uni,224,11,1,0,0,4
8,conj_uni,224,12,2,0.547,0.476,4
8,conj_uni,224,13,1,0.359,0.01,4
8,conj_uni,224,14,1,0.548,0.287,4
8,conj_uni,224,15,2,0.472,0.479,4
8,conj_uni,224,16,2,0.44,0.136,4
8,conj_uni,224,17,2,0.561,0.383,4
8,conj_uni,224,18,2,0.677,0.271,4
8,conj_uni,224,19,2,0.081,0.326,4
8,conj_uni,224,20,1,0.203,0.464,4
8,conj_uni,224,21,2,0.034,0.656,4
8,conj_uni,224,22,2,0.658,0.598,4
8,conj_uni,224,23,2,0.164,0.419,4
8,conj_uni,224,24,1,0.054,0.261,4
8,conj_uni,225,1,1,0.696,0.169,5
8,conj_uni,225,2,1,0.078,0.117,5
8,conj_uni,225,3,2,0.269,0.555,5
8,conj_uni,225,4,1,0.605,0.245,5
8,conj_uni,225,5,2,0.441,0.272,5
8,conj_uni,225,6,1,0.62,0,5
8,conj_uni,225,7,1,0,0.62,5
8,conj_uni,225,8,2,0.546,0.142,5
8,conj_uni,225,9,2,0.454,0.393,5
8,conj_uni,225,10,1,0.609,0.429,5
8,conj_uni,225,11,2,0.07,0.57,5
8,conj_uni,225,12,1,0.638,0.526,5
8,conj_uni,225,13,2,0.704,0.507,5
8,conj_uni,225,14,2,0.57,0.198,5
8,conj_uni,225,15,1,0.096,0.057,5
8,conj_uni,225,16,2,0.489,0.234,5
8,conj_uni,225,17,2,0.289,0.075,5
8,conj_uni,225,18,1,0.001,0.561,5
8,conj_uni,225,19,1,0.502,0.329,5
8,conj_uni,225,20,2,0.322,0.287,5
8,conj_uni,225,21,1,0.216,0.087,5
8,conj_uni,225,22,2,0.005,0.231,5
8,conj_uni,225,23,1,0.445,0.526,5
8,conj_uni,225,24,2,0.696,0.588,5
8,feat_grid,226,1,1,0.349,0,1
8,feat_grid,226,2,1,0.471,0.012,1
8,feat_grid,226,3,2,0.689,0.004,1
8,feat_grid,226,4,2,0.006,0.119,1
8,feat_grid,226,5,2,0.241,0.14,1
8,feat_grid,226,6,1,0.582,0.12,1
8,feat_grid,226,7,1,0.709,0.14,1
8,feat_grid,226,8,1,0,0.248,1
8,feat_grid,226,9,2,0.138,0.247,1
8,feat_grid,226,10,1,0.013,0.362,1
8,feat_grid,226,11,2,0.14,0.358,1
8,feat_grid,226,12,1,0.25,0.354,1
8,feat_grid,226,13,2,0.471,0.358,1
8,feat_grid,226,14,2,0.574,0.361,1
8,feat_grid,226,15,2,0.702,0.351,1
8,feat_grid,226,16,2,0.022,0.482,1
8,feat_grid,226,17,2,0.249,0.472,1
8,feat_grid,226,18,2,0.131,0.581,1
8,feat_grid,226,19,1,0.236,0.587,1
8,feat_grid,226,20,1,0.458,0.581,1
8,feat_grid,226,21,1,0.584,0.588,1
8,feat_grid,226,22,1,0.365,0.712,1
8,feat_grid,226,23,1,0.588,0.698,1
8,feat_grid,226,24,2,0.712,0.695,1
8,feat_grid,227,1,1,0,0.003,2
8,feat_grid,227,2,1,0.113,0.02,2
8,feat_grid,227,3,1,0.232,0,2
8,feat_grid,227,4,2,0.34,0.014,2
8,feat_grid,227,5,2,0.464,0.031,2
8,feat_grid,227,6,2,0.576,0.01,2
8,feat_grid,227,7,2,0.687,0.026,2
8,feat_grid,227,8,1,0.003,0.119,2
8,feat_grid,227,9,1,0.343,0.132,2
8,feat_grid,227,10,2,0.465,0.136,2
8,feat_grid,227,11,2,0.561,0.134,2
8,feat_grid,227,12,1,0.69,0.166,2
8,feat_grid,227,13,1,0.125,0.255,2
8,feat_grid,227,14,2,0.327,0.236,2
8,feat_grid,227,15,1,0.599,0.245,2
8,feat_grid,227,16,2,0.101,0.358,2
8,feat_grid,227,17,2,0.576,0.38,2
8,feat_grid,227,18,1,0.332,0.462,2
8,feat_grid,227,19,2,0.465,0.494,2
8,feat_grid,227,20,1,0.118,0.58,2
8,feat_grid,227,21,1,0.357,0.574,2
8,feat_grid,227,22,2,0.691,0.583,2
8,feat_grid,227,23,1,0.236,0.711,2
8,feat_grid,227,24,2,0.326,0.708,2
8,feat_grid,228,1,1,0.146,0.001,3
8,feat_grid,228,2,2,0.358,0,3
8,feat_grid,228,3,2,0.501,0.004,3
8,feat_grid,228,4,1,0.696,0.005,3
8,feat_grid,228,5,2,0.146,0.12,3
8,feat_grid,228,6,1,0.255,0.113,3
8,feat_grid,228,7,1,0.375,0.104,3
8,feat_grid,228,8,1,0.597,0.1,3
8,feat_grid,228,9,2,0.154,0.245,3
8,feat_grid,228,10,1,0.367,0.209,3
8,feat_grid,228,11,2,0.497,0.221,3
8,feat_grid,228,12,1,0.033,0.334,3
8,feat_grid,228,13,1,0.256,0.357,3
8,feat_grid,228,14,2,0.356,0.343,3
8,feat_grid,228,15,2,0.496,0.335,3
8,feat_grid,228,16,1,0.699,0.342,3
8,feat_grid,228,17,2,0.031,0.439,3
8,feat_grid,228,18,2,0.36,0.458,3
8,feat_grid,228,19,1,0.262,0.556,3
8,feat_grid,228,20,2,0.488,0.575,3
8,feat_grid,228,21,2,0,0.693,3
8,feat_grid,228,22,1,0.152,0.662,3
8,feat_grid,228,23,1,0.251,0.677,3
8,feat_grid,228,24,2,0.475,0.69,3
8,feat_grid,229,1,2,0.238,0.014,4
8,feat_grid,229,2,1,0.579,0,4
8,feat_grid,229,3,2,0.702,0.013,4
8,feat_grid,229,4,1,0.13,0.108,4
8,feat_grid,229,5,2,0.468,0.128,4
8,feat_grid,229,6,2,0.698,0.128,4
8,feat_grid,229,7,2,0.368,0.227,4
8,feat_grid,229,8,1,0.586,0.227,4
8,feat_grid,229,9,1,0.697,0.231,4
8,feat_grid,229,10,2,0.014,0.363,4
8,feat_grid,229,11,2,0.254,0.367,4
8,feat_grid,229,12,2,0.338,0.328,4
8,feat_grid,229,13,1,0.477,0.36,4
8,feat_grid,229,14,2,0.599,0.354,4
8,feat_grid,229,15,1,0.706,0.371,4
8,feat_grid,229,16,1,0,0.455,4
8,feat_grid,229,17,1,0.099,0.472,4
8,feat_grid,229,18,2,0.693,0.453,4
8,feat_grid,229,19,2,0.249,0.584,4
8,feat_grid,229,20,1,0.587,0.574,4
8,feat_grid,229,21,1,0.136,0.694,4
8,feat_grid,229,22,1,0.259,0.701,4
8,feat_grid,229,23,1,0.356,0.693,4
8,feat_grid,229,24,2,0.47,0.682,4
8,feat_grid,230,1,1,0.021,0.005,5
8,feat_grid,230,2,1,0.129,0.007,5
8,feat_grid,230,3,1,0.239,0.015,5
8,feat_grid,230,4,1,0.708,0,5
8,feat_grid,230,5,2,0.019,0.131,5
8,feat_grid,230,6,2,0.251,0.128,5
8,feat_grid,230,7,2,0.14,0.228,5
8,feat_grid,230,8,2,0.259,0.234,5
8,feat_grid,230,9,2,0.36,0.238,5
8,feat_grid,230,10,2,0.697,0.243,5
8,feat_grid,230,11,1,0,0.36,5
8,feat_grid,230,12,1,0.136,0.345,5
8,feat_grid,230,13,2,0.351,0.357,5
8,feat_grid,230,14,2,0.509,0.354,5
8,feat_grid,230,15,2,0.04,0.455,5
8,feat_grid,230,16,1,0.477,0.479,5
8,feat_grid,230,17,1,0.692,0.453,5
8,feat_grid,230,18,1,0.032,0.584,5
8,feat_grid,230,19,2,0.138,0.569,5
8,feat_grid,230,20,1,0.236,0.589,5
8,feat_grid,230,21,2,0.376,0.578,5
8,feat_grid,230,22,2,0.473,0.567,5
8,feat_grid,230,23,1,0.698,0.571,5
8,feat_grid,230,24,1,0.471,0.695,5
8,feat_rot,231,1,2,0.471,0,1
8,feat_rot,231,2,2,0.642,0.138,1
8,feat_rot,231,3,1,0.711,0.207,1
8,feat_rot,231,4,2,0.879,0.363,1
8,feat_rot,231,5,1,0.4,0.05,1
8,feat_rot,231,6,2,0.47,0.131,1
8,feat_rot,231,7,1,0.63,0.298,1
8,feat_rot,231,8,2,0.722,0.388,1
8,feat_rot,231,9,1,0.472,0.296,1
8,feat_rot,231,10,2,0.558,0.377,1
8,feat_rot,231,11,1,0.795,0.615,1
8,feat_rot,231,12,2,0.237,0.204,1
8,feat_rot,231,13,1,0.403,0.373,1
8,feat_rot,231,14,1,0.552,0.554,1
8,feat_rot,231,15,1,0.625,0.614,1
8,feat_rot,231,16,1,0.712,0.705,1
8,feat_rot,231,17,2,0.557,0.698,1
8,feat_rot,231,18,2,0.616,0.791,1
8,feat_rot,231,19,1,0.052,0.388,1
8,feat_rot,231,20,1,0.147,0.458,1
8,feat_rot,231,21,1,0.227,0.53,1
8,feat_rot,231,22,2,0.388,0.724,1
8,feat_rot,231,23,2,0,0.458,1
8,feat_rot,231,24,2,0.062,0.522,1
8,feat_rot,232,1,1,0.471,0,2
8,feat_rot,232,2,2,0.571,0.079,2
8,feat_rot,232,3,1,0.668,0.163,2
8,feat_rot,232,4,2,0.742,0.207,2
8,feat_rot,232,5,2,0.815,0.317,2
8,feat_rot,232,6,1,0.417,0.073,2
8,feat_rot,232,7,1,0.47,0.163,2
8,feat_rot,232,8,2,0.319,0.16,2
8,feat_rot,232,9,2,0.377,0.252,2
8,feat_rot,232,10,1,0.562,0.402,2
8,feat_rot,232,11,2,0.733,0.567,2
8,feat_rot,232,12,1,0.241,0.244,2
8,feat_rot,232,13,1,0.319,0.311,2
8,feat_rot,232,14,1,0.402,0.407,2
8,feat_rot,232,15,1,0.649,0.644,2
8,feat_rot,232,16,2,0.079,0.256,2
8,feat_rot,232,17,1,0.145,0.324,2
8,feat_rot,232,18,2,0.324,0.475,2
8,feat_rot,232,19,2,0.565,0.731,2
8,feat_rot,232,20,1,0.157,0.481,2
8,feat_rot,232,21,2,0.423,0.726,2
8,feat_rot,232,22,2,0,0.471,2
8,feat_rot,232,23,2,0.33,0.802,2
8,feat_rot,232,24,1,0.397,0.906,2
8,feat_rot,233,1,2,0.571,0,3
8,feat_rot,233,2,2,0.652,0.08,3
8,feat_rot,233,3,2,0.801,0.237,3
8,feat_rot,233,4,1,0.877,0.313,3
8,feat_rot,233,5,2,0.475,0.072,3
8,feat_rot,233,6,2,0.642,0.23,3
8,feat_rot,233,7,2,0.81,0.397,3
8,feat_rot,233,8,2,0.21,0.004,3
8,feat_rot,233,9,1,0.317,0.079,3
8,feat_rot,233,10,1,0.411,0.315,3
8,feat_rot,233,11,2,0.082,0.163,3
8,feat_rot,233,12,1,0.158,0.235,3
8,feat_rot,233,13,2,0.235,0.31,3
8,feat_rot,233,14,1,0.409,0.493,3
8,feat_rot,233,15,1,0.509,0.573,3
8,feat_rot,233,16,1,0,0.255,3
8,feat_rot,233,17,1,0.252,0.468,3
8,feat_rot,233,18,2,0.333,0.556,3
8,feat_rot,233,19,1,0.385,0.634,3
8,feat_rot,233,20,2,0.469,0.721,3
8,feat_rot,233,21,1,0.151,0.55,3
8,feat_rot,233,22,1,0.215,0.624,3
8,feat_rot,233,23,2,0.303,0.708,3
8,feat_rot,233,24,1,0.399,0.81,3
8,feat_rot,234,1,1,0.516,0,4
8,feat_rot,234,2,1,0.565,0.081,4
8,feat_rot,234,3,1,0.834,0.324,4
8,feat_rot,234,4,2,0.419,0.052,4
8,feat_rot,234,5,2,0.574,0.234,4
8,feat_rot,234,6,1,0.661,0.321,4
8,feat_rot,234,7,1,0.824,0.48,4
8,feat_rot,234,8,1,0.41,0.232,4
8,feat_rot,234,9,1,0.502,0.321,4
8,feat_rot,234,10,1,0.657,0.502,4
8,feat_rot,234,11,2,0.827,0.656,4
8,feat_rot,234,12,1,0.32,0.3,4
8,feat_rot,234,13,2,0.421,0.396,4
8,feat_rot,234,14,2,0.575,0.573,4
8,feat_rot,234,15,1,0.414,0.545,4
8,feat_rot,234,16,2,0.656,0.801,4
8,feat_rot,234,17,2,0.102,0.418,4
8,feat_rot,234,18,1,0.163,0.493,4
8,feat_rot,234,19,2,0.408,0.722,4
8,feat_rot,234,20,2,0,0.491,4
8,feat_rot,234,21,2,0.098,0.548,4
8,feat_rot,234,22,2,0.167,0.634,4
8,feat_rot,234,23,2,0.423,0.898,4
8,feat_rot,234,24,1,0.495,0.984,4
8,feat_rot,235,1,2,0.389,0,5
8,feat_rot,235,2,2,0.579,0.165,5
8,feat_rot,235,3,1,0.655,0.254,5
8,feat_rot,235,4,1,0.804,0.424,5
8,feat_rot,235,5,1,0.237,0.012,5
8,feat_rot,235,6,1,0.309,0.069,5
8,feat_rot,235,7,2,0.409,0.199,5
8,feat_rot,235,8,2,0.566,0.349,5
8,feat_rot,235,9,2,0.664,0.412,5
8,feat_rot,235,10,1,0.729,0.488,5
8,feat_rot,235,11,1,0.494,0.408,5
8,feat_rot,235,12,2,0.084,0.179,5
8,feat_rot,235,13,2,0.238,0.346,5
8,feat_rot,235,14,2,0.164,0.412,5
8,feat_rot,235,15,2,0.257,0.487,5
8,feat_rot,235,16,2,0.322,0.571,5
8,feat_rot,235,17,1,0.426,0.652,5
8,feat_rot,235,18,1,0.496,0.757,5
8,feat_rot,235,19,2,0.259,0.667,5
8,feat_rot,235,20,1,0.332,0.735,5
8,feat_rot,235,21,1,0,0.584,5
8,feat_rot,235,22,1,0.068,0.651,5
8,feat_rot,235,23,1,0.152,0.729,5
8,feat_rot,235,24,2,0.261,0.852,5
8,feat_uni,236,1,1,0.573,0.265,1
8,feat_uni,236,2,1,0.447,0.47,1
8,feat_uni,236,3,2,0.238,0.009,1
8,feat_uni,236,4,2,0.04,0.21,1
8,feat_uni,236,5,1,0.554,0.143,1
8,feat_uni,236,6,2,0.2,0.358,1
8,feat_uni,236,7,2,0.656,0.231,1
8,feat_uni,236,8,1,0.614,0.543,1
8,feat_uni,236,9,1,0.299,0.262,1
8,feat_uni,236,10,2,0.591,0.416,1
8,feat_uni,236,11,1,0.67,0.311,1
8,feat_uni,236,12,2,0,0.605,1
8,feat_uni,236,13,2,0.164,0.038,1
8,feat_uni,236,14,1,0.597,0,1
8,feat_uni,236,15,2,0.039,0.139,1
8,feat_uni,236,16,1,0.406,0.427,1
8,feat_uni,236,17,2,0.468,0.379,1
8,feat_uni,236,18,2,0.16,0.313,1
8,feat_uni,236,19,1,0.279,0.318,1
8,feat_uni,236,20,2,0.578,0.199,1
8,feat_uni,236,21,2,0.083,0.273,1
8,feat_uni,236,22,1,0.05,0.061,1
8,feat_uni,236,23,1,0.169,0.099,1
8,feat_uni,236,24,1,0.529,0.083,1
8,feat_uni,237,1,1,0.294,0.372,2
8,feat_uni,237,2,2,0.454,0.745,2
8,feat_uni,237,3,2,0,0.299,2
8,feat_uni,237,4,1,0.211,0.522,2
8,feat_uni,237,5,1,0.526,0.084,2
8,feat_uni,237,6,1,0.353,0.46,2
8,feat_uni,237,7,2,0.091,0.357,2
8,feat_uni,237,8,1,0.708,0.271,2
8,feat_uni,237,9,2,0.598,0.306,2
8,feat_uni,237,10,2,0.6,0.735,2
8,feat_uni,237,11,2,0.106,0,2
8,feat_uni,237,12,2,0.43,0.673,2
8,feat_uni,237,13,2,0.418,0.03,2
8,feat_uni,237,14,1,0.411,0.452,2
8,feat_uni,237,15,1,0.028,0.169,2
8,feat_uni,237,16,1,0.586,0.072,2
8,feat_uni,237,17,1,0.196,0.286,2
8,feat_uni,237,18,2,0.66,0.307,2
8,feat_uni,237,19,2,0.207,0.661,2
8,feat_uni,237,20,2,0.166,0.338,2
8,feat_uni,237,21,1,0.665,0.571,2
8,feat_uni,237,22,2,0.336,0.213,2
8,feat_uni,237,23,1,0.563,0.508,2
8,feat_uni,237,24,1,0.622,0.679,2
8,feat_uni,238,1,1,0.267,0.245,3
8,feat_uni,238,2,1,0.074,0.077,3
8,feat_uni,238,3,2,0.064,0.583,3
8,feat_uni,238,4,2,0.126,0.682,3
8,feat_uni,238,5,1,0.36,0.502,3
8,feat_uni,238,6,1,0.371,0.179,3
8,feat_uni,238,7,1,0.075,0.526,3
8,feat_uni,238,8,1,0.641,0.317,3
8,feat_uni,238,9,2,0.605,0.421,3
8,feat_uni,238,10,2,0.21,0.06,3
8,feat_uni,238,11,2,0.07,0.446,3
8,feat_uni,238,12,2,0.078,0.312,3
8,feat_uni,238,13,1,0.069,0.228,3
8,feat_uni,238,14,2,0.139,0.528,3
8,feat_uni,238,15,1,0.077,0.648,3
8,feat_uni,238,16,2,0.553,0.658,3
8,feat_uni,238,17,1,0.044,0.145,3
8,feat_uni,238,18,1,0.746,0.223,3
8,feat_uni,238,19,2,0.372,0.38,3
8,feat_uni,238,20,2,0.645,0.376,3
8,feat_uni,238,21,2,0.254,0.32,3
8,feat_uni,238,22,1,0.318,0.566,3
8,feat_uni,238,23,2,0.484,0.528,3
8,feat_uni,238,24,1,0,0,3
8,feat_uni,239,1,2,0.37,0.496,4
8,feat_uni,239,2,2,0.122,0.701,4
8,feat_uni,239,3,2,0.301,0.238,4
8,feat_uni,239,4,1,0.288,0.377,4
8,feat_uni,239,5,1,0.019,0.515,4
8,feat_uni,239,6,2,0.188,0.036,4
8,feat_uni,239,7,2,0.311,0.518,4
8,feat_uni,239,8,1,0.304,0.101,4
8,feat_uni,239,9,2,0.541,0,4
8,feat_uni,239,10,2,0.037,0.24,4
8,feat_uni,239,11,1,0.317,0.577,4
8,feat_uni,239,12,1,0.512,0.379,4
8,feat_uni,239,13,1,0.366,0.612,4
8,feat_uni,239,14,2,0.152,0.462,4
8,feat_uni,239,15,2,0.112,0.162,4
8,feat_uni,239,16,2,0.463,0.485,4
8,feat_uni,239,17,1,0.418,0.388,4
8,feat_uni,239,18,1,0.12,0.344,4
8,feat_uni,239,19,1,0.688,0.497,4
8,feat_uni,239,20,2,0,0.725,4
8,feat_uni,239,21,1,0.091,0.468,4
8,feat_uni,239,22,2,0.738,0.348,4
8,feat_uni,239,23,1,0.217,0.165,4
8,feat_uni,239,24,1,0.532,0.122,4
8,feat_uni,240,1,1,0.549,0.101,5
8,feat_uni,240,2,2,0.098,0.241,5
8,feat_uni,240,3,2,0.682,0.467,5
8,feat_uni,240,4,1,0.271,0.503,5
8,feat_uni,240,5,1,0.292,0.097,5
8,feat_uni,240,6,2,0.56,0.327,5
8,feat_uni,240,7,2,0,0.081,5
8,feat_uni,240,8,2,0.083,0.55,5
8,feat_uni,240,9,1,0.417,0.261,5
8,feat_uni,240,10,2,0.412,0,5
8,feat_uni,240,11,2,0.337,0.587,5
8,feat_uni,240,12,1,0.569,0.158,5
8,feat_uni,240,13,1,0.412,0.06,5
8,feat_uni,240,14,2,0.683,0.378,5
8,feat_uni,240,15,1,0.018,0.279,5
8,feat_uni,240,16,2,0.769,0.044,5
8,feat_uni,240,17,1,0.035,0.033,5
8,feat_uni,240,18,2,0.276,0.633,5
8,feat_uni,240,19,1,0.099,0.109,5
8,feat_uni,240,20,2,0.027,0.664,5
8,feat_uni,240,21,1,0.343,0.244,5
8,feat_uni,240,22,1,0.462,0.708,5
8,feat_uni,240,23,1,0.356,0.74,5
8,feat_uni,240,24,2,0.285,0.258,5
9,conj_grid,241,1,1,0,0.002,1
9,conj_grid,241,2,2,0.145,0.012,1
9,conj_grid,241,3,1,0.24,0.016,1
9,conj_grid,241,4,1,0.473,0.004,1
9,conj_grid,241,5,2,0.597,0,1
9,conj_grid,241,6,2,0.705,0.013,1
9,conj_grid,241,7,2,0.148,0.107,1
9,conj_grid,241,8,2,0.247,0.131,1
9,conj_grid,241,9,1,0.58,0.123,1
9,conj_grid,241,10,1,0.725,0.124,1
9,conj_grid,241,11,1,0.257,0.207,1
9,conj_grid,241,12,1,0.468,0.226,1
9,conj_grid,241,13,1,0.604,0.234,1
9,conj_grid,241,14,2,0.138,0.351,1
9,conj_grid,241,15,2,0.254,0.354,1
9,conj_grid,241,16,2,0.129,0.475,1
9,conj_grid,241,17,1,0.598,0.442,1
9,conj_grid,241,18,2,0.04,0.565,1
9,conj_grid,241,19,2,0.486,0.58,1
9,conj_grid,241,20,1,0.624,0.579,1
9,conj_grid,241,21,2,0.708,0.592,1
9,conj_grid,241,22,1,0.037,0.693,1
9,conj_grid,241,23,1,0.258,0.715,1
9,conj_grid,241,24,2,0.579,0.685,1
9,conj_grid,242,1,2,0.578,0.011,2
9,conj_grid,242,2,2,0.684,0,2
9,conj_grid,242,3,1,0.022,0.119,2
9,conj_grid,242,4,2,0.24,0.108,2
9,conj_grid,242,5,2,0.351,0.12,2
9,conj_grid,242,6,1,0.484,0.102,2
9,conj_grid,242,7,2,0.598,0.109,2
9,conj_grid,242,8,1,0.004,0.21,2
9,conj_grid,242,9,1,0.385,0.233,2
9,conj_grid,242,10,2,0,0.343,2
9,conj_grid,242,11,2,0.145,0.352,2
9,conj_grid,242,12,1,0.228,0.35,2
9,conj_grid,242,13,2,0.591,0.337,2
9,conj_grid,242,14,1,0.698,0.351,2
9,conj_grid,242,15,2,0.028,0.479,2
9,conj_grid,242,16,2,0.126,0.464,2
9,conj_grid,242,17,2,0.465,0.455,2
9,conj_grid,242,18,2,0.605,0.462,2
9,conj_grid,242,19,1,0.117,0.58,2
9,conj_grid,242,20,1,0.255,0.57,2
9,conj_grid,242,21,1,0.496,0.547,2
9,conj_grid,242,22,1,0.253,0.688,2
9,conj_grid,242,23,1,0.597,0.693,2
9,conj_grid,242,24,1,0.7,0.695,2
9,conj_grid,243,1,1,0.12,0.022,3
9,conj_grid,243,2,1,0.7,0,3
9,conj_grid,243,3,1,0.232,0.128,3
9,conj_grid,243,4,2,0.341,0.126,3
9,conj_grid,243,5,2,0.456,0.13,3
9,conj_grid,243,6,1,0.693,0.149,3
9,conj_grid,243,7,2,0.007,0.25,3
9,conj_grid,243,8,2,0.733,0.242,3
9,conj_grid,243,9,2,0,0.34,3
9,conj_grid,243,10,1,0.241,0.36,3
9,conj_grid,243,11,1,0.577,0.344,3
9,conj_grid,243,12,1,0.002,0.469,3
9,conj_grid,243,13,2,0.114,0.486,3
9,conj_grid,243,14,2,0.237,0.486,3
9,conj_grid,243,15,1,0.344,0.461,3
9,conj_grid,243,16,2,0.47,0.457,3
9,conj_grid,243,17,2,0.556,0.461,3
9,conj_grid,243,18,1,0.015,0.587,3
9,conj_grid,243,19,2,0.262,0.575,3
9,conj_grid,243,20,1,0.485,0.6,3
9,conj_grid,243,21,1,0.238,0.688,3
9,conj_grid,243,22,1,0.354,0.702,3
9,conj_grid,243,23,2,0.58,0.713,3
9,conj_grid,243,24,2,0.691,0.709,3
9,conj_grid,244,1,1,0.011,0.026,4
9,conj_grid,244,2,2,0.249,0,4
9,conj_grid,244,3,1,0.493,0.011,4
9,conj_grid,244,4,2,0.596,0.017,4
9,conj_grid,244,5,1,0.009,0.156,4
9,conj_grid,244,6,1,0.125,0.128,4
9,conj_grid,244,7,1,0.245,0.146,4
9,conj_grid,244,8,1,0.369,0.134,4
9,conj_grid,244,9,1,0.462,0.111,4
9,conj_grid,244,10,2,0.252,0.242,4
9,conj_grid,244,11,2,0.583,0.249,4
9,conj_grid,244,12,1,0.011,0.359,4
9,conj_grid,244,13,2,0.106,0.356,4
9,conj_grid,244,14,1,0.473,0.34,4
9,conj_grid,244,15,2,0.58,0.362,4
9,conj_grid,244,16,2,0.705,0.376,4
9,conj_grid,244,17,1,0.141,0.484,4
9,conj_grid,244,18,2,0.341,0.482,4
9,conj_grid,244,19,2,0.707,0.467,4
9,conj_grid,244,20,2,0,0.581,4
9,conj_grid,244,21,2,0.469,0.581,4
9,conj_grid,244,22,1,0.6,0.596,4
9,conj_grid,244,23,1,0.696,0.59,4
9,conj_grid,244,24,2,0.143,0.695,4
9,conj_grid,245,1,2,0.461,0.009,5
9,conj_grid,245,2,1,0.697,0,5
9,conj_grid,245,3,2,0.011,0.115,5
9,conj_grid,245,4,1,0.24,0.107,5
9,conj_grid,245,5,2,0.44,0.111,5
9,conj_grid,245,6,2,0.688,0.109,5
9,conj_grid,245,7,1,0.107,0.204,5
9,conj_grid,245,8,1,0.245,0.225,5
9,conj_grid,245,9,1,0.321,0.227,5
9,conj_grid,245,10,2,0.448,0.242,5
9,conj_grid,245,11,1,0.704,0.236,5
9,conj_grid,245,12,1,0,0.327,5
9,conj_grid,245,13,2,0.236,0.362,5
9,conj_grid,245,14,2,0.464,0.338,5
9,conj_grid,245,15,1,0.701,0.333,5
9,conj_grid,245,16,2,0.352,0.47,5
9,conj_grid,245,17,2,0.458,0.453,5
9,conj_grid,245,18,2,0.12,0.582,5
9,conj_grid,245,19,1,0.357,0.575,5
9,conj_grid,245,20,2,0.455,0.569,5
9,conj_grid,245,21,1,0.01,0.694,5
9,conj_grid,245,22,1,0.341,0.7,5
9,conj_grid,245,23,1,0.465,0.708,5
9,conj_grid,245,24,2,0.68,0.67,5
9,conj_rot,246,1,1,0.413,0,1
9,conj_rot,246,2,2,0.648,0.239,1
9,conj_rot,246,3,2,0.816,0.4,1
9,conj_rot,246,4,1,0.404,0.162,1
9,conj_rot,246,5,2,0.57,0.32,1
9,conj_rot,246,6,1,0.637,0.405,1
9,conj_rot,246,7,1,0.237,0.147,1
9,conj_rot,246,8,1,0.486,0.395,1
9,conj_rot,246,9,1,0.627,0.605,1
9,conj_rot,246,10,2,0.239,0.326,1
9,conj_rot,246,11,2,0.335,0.406,1
9,conj_rot,246,12,2,0.397,0.492,1
9,conj_rot,246,13,1,0.553,0.665,1
9,conj_rot,246,14,1,0.306,0.584,1
9,conj_rot,246,15,2,0.476,0.743,1
9,conj_rot,246,16,2,0.071,0.497,1
9,conj_rot,246,17,1,0.157,0.564,1
9,conj_rot,246,18,2,0.37,0.823,1
9,conj_rot,246,19,2,0.48,0.909,1
9,conj_rot,246,20,2,0,0.577,1
9,conj_rot,246,21,1,0.077,0.665,1
9,conj_rot,246,22,2,0.154,0.769,1
9,conj_rot,246,23,1,0.235,0.831,1
9,conj_rot,246,24,1,0.393,0.999,1
9,conj_rot,247,1,2,0.567,0,2
9,conj_rot,247,2,2,0.826,0.225,2
9,conj_rot,247,3,1,0.898,0.332,2
9,conj_rot,247,4,2,0.484,0.083,2
9,conj_rot,247,5,2,0.649,0.24,2
9,conj_rot,247,6,2,0.752,0.344,2
9,conj_rot,247,7,1,0.406,0.164,2
9,conj_rot,247,8,2,0.499,0.243,2
9,conj_rot,247,9,2,0.646,0.417,2
9,conj_rot,247,10,2,0.74,0.485,2
9,conj_rot,247,11,2,0.238,0.16,2
9,conj_rot,247,12,1,0.488,0.388,2
9,conj_rot,247,13,1,0.1,0.172,2
9,conj_rot,247,14,1,0.414,0.468,2
9,conj_rot,247,15,1,0.478,0.589,2
9,conj_rot,247,16,2,0,0.224,2
9,conj_rot,247,17,1,0.249,0.488,2
9,conj_rot,247,18,1,0.318,0.578,2
9,conj_rot,247,19,1,0.408,0.658,2
9,conj_rot,247,20,1,0.495,0.715,2
9,conj_rot,247,21,2,0.011,0.383,2
9,conj_rot,247,22,1,0.094,0.495,2
9,conj_rot,247,23,1,0.165,0.584,2
9,conj_rot,247,24,2,0.258,0.644,2
9,conj_rot,248,1,1,0.467,0,3
9,conj_rot,248,2,1,0.726,0.25,3
9,conj_rot,248,3,1,0.88,0.389,3
9,conj_rot,248,4,2,0.569,0.232,3
9,conj_rot,248,5,2,0.639,0.305,3
9,conj_rot,248,6,1,0.803,0.485,3
9,conj_rot,248,7,2,0.304,0.17,3
9,conj_rot,248,8,2,0.431,0.225,3
9,conj_rot,248,9,2,0.459,0.303,3
9,conj_rot,248,10,1,0.544,0.407,3
9,conj_rot,248,11,1,0.796,0.618,3
9,conj_rot,248,12,2,0.335,0.309,3
9,conj_rot,248,13,1,0.394,0.38,3
9,conj_rot,248,14,1,0.556,0.557,3
9,conj_rot,248,15,1,0.717,0.73,3
9,conj_rot,248,16,2,0.553,0.726,3
9,conj_rot,248,17,1,0.239,0.562,3
9,conj_rot,248,18,2,0.328,0.643,3
9,conj_rot,248,19,2,0.49,0.796,3
9,conj_rot,248,20,2,0.553,0.867,3
9,conj_rot,248,21,2,0,0.482,3
9,conj_rot,248,22,1,0.155,0.648,3
9,conj_rot,248,23,1,0.33,0.783,3
9,conj_rot,248,24,2,0.388,0.879,3
9,conj_rot,249,1,1,0.31,0,4
9,conj_rot,249,2,1,0.591,0.228,4
9,conj_rot,249,3,2,0.641,0.325,4
9,conj_rot,249,4,2,0.236,0.074,4
9,conj_rot,249,5,2,0.411,0.218,4
9,conj_rot,249,6,1,0.485,0.304,4
9,conj_rot,249,7,2,0.557,0.402,4
9,conj_rot,249,8,1,0.64,0.459,4
9,conj_rot,249,9,2,0.153,0.142,4
9,conj_rot,249,10,2,0.648,0.647,4
9,conj_rot,249,11,1,0.071,0.23,4
9,conj_rot,249,12,1,0.237,0.376,4
9,conj_rot,249,13,1,0.503,0.655,4
9,conj_rot,249,14,1,0.564,0.734,4
9,conj_rot,249,15,2,0.005,0.307,4
9,conj_rot,249,16,1,0.099,0.393,4
9,conj_rot,249,17,2,0.169,0.488,4
9,conj_rot,249,18,1,0.332,0.632,4
9,conj_rot,249,19,2,0,0.485,4
9,conj_rot,249,20,1,0.106,0.561,4
9,conj_rot,249,21,2,0.152,0.634,4
9,conj_rot,249,22,2,0.406,0.902,4
9,conj_rot,249,23,2,0.003,0.654,4
9,conj_rot,249,24,1,0.325,0.962,4
9,conj_rot,250,1,2,0.52,0.075,5
9,conj_rot,250,2,1,0.68,0.235,5
9,conj_rot,250,3,1,0.821,0.413,5
9,conj_rot,250,4,2,0.272,0,5
9,conj_rot,250,5,2,0.361,0.077,5
9,conj_rot,250,6,1,0.435,0.158,5
9,conj_rot,250,7,1,0.515,0.236,5
9,conj_rot,250,8,2,0.663,0.42,5
9,conj_rot,250,9,2,0.786,0.486,5
9,conj_rot,250,10,2,0.283,0.165,5
9,conj_rot,250,11,2,0.6,0.476,5
9,conj_rot,250,12,1,0.203,0.253,5
9,conj_rot,250,13,1,0.504,0.57,5
9,conj_rot,250,14,1,0,0.24,5
9,conj_rot,250,15,2,0.077,0.318,5
9,conj_rot,250,16,1,0.192,0.414,5
9,conj_rot,250,17,2,0.445,0.643,5
9,conj_rot,250,18,1,0.09,0.49,5
9,conj_rot,250,19,1,0.162,0.547,5
9,conj_rot,250,20,2,0.259,0.647,5
9,conj_rot,250,21,2,0.433,0.812,5
9,conj_rot,250,22,1,0,0.567,5
9,conj_rot,250,23,1,0.285,0.802,5
9,conj_rot,250,24,2,0.362,0.889,5
9,conj_uni,251,1,2,0.033,0.349,1
9,conj_uni,251,2,1,0.266,0.087,1
9,conj_uni,251,3,2,0.569,0.049,1
9,conj_uni,251,4,1,0.613,0.597,1
9,conj_uni,251,5,2,0.056,0.282,1
9,conj_uni,251,6,2,0.463,0.169,1
9,conj_uni,251,7,2,0,0.299,1
9,conj_uni,251,8,2,0.224,0.204,1
9,conj_uni,251,9,1,0.232,0.556,1
9,conj_uni,251,10,2,0.26,0.631,1
9,conj_uni,251,11,1,0.425,0.437,1
9,conj_uni,251,12,1,0.157,0,1
9,conj_uni,251,13,1,0.352,0.075,1
9,conj_uni,251,14,2,0.565,0.465,1
9,conj_uni,251,15,1,0.237,0.495,1
9,conj_uni,251,16,2,0.022,0.474,1
9,conj_uni,251,17,2,0.368,0.726,1
9,conj_uni,251,18,2,0.194,0.71,1
9,conj_uni,251,19,1,0.376,0.225,1
9,conj_uni,251,20,1,0.542,0.248,1
9,conj_uni,251,21,2,0.226,0.762,1
9,conj_uni,251,22,1,0.622,0.27,1
9,conj_uni,251,23,1,0.128,0.591,1
9,conj_uni,251,24,1,0.083,0.481,1
9,conj_uni,252,1,1,0.298,0.481,2
9,conj_uni,252,2,2,0.278,0.228,2
9,conj_uni,252,3,2,0.211,0.393,2
9,conj_uni,252,4,1,0.25,0,2
9,conj_uni,252,5,2,0.62,0.745,2
9,conj_uni,252,6,2,0.396,0.424,2
9,conj_uni,252,7,1,0.337,0.243,2
9,conj_uni,252,8,1,0.519,0.408,2
9,conj_uni,252,9,2,0.244,0.181,2
9,conj_uni,252,10,1,0.555,0.615,2
9,conj_uni,252,11,2,0.146,0.231,2
9,conj_uni,252,12,2,0.117,0.674,2
9,conj_uni,252,13,2,0.255,0.533,2
9,conj_uni,252,14,1,0.597,0.69,2
9,conj_uni,252,15,1,0,0.054,2
9,conj_uni,252,16,2,0.365,0.339,2
9,conj_uni,252,17,1,0.733,0.423,2
9,conj_uni,252,18,2,0.344,0.395,2
9,conj_uni,252,19,1,0.031,0.104,2
9,conj_uni,252,20,2,0.282,0.411,2
9,conj_uni,252,21,1,0.672,0.699,2
9,conj_uni,252,22,2,0.079,0.719,2
9,conj_uni,252,23,1,0.136,0.473,2
9,conj_uni,252,24,1,0.493,0.104,2
9,conj_uni,253,1,2,0.591,0.444,3
9,conj_uni,253,2,2,0.599,0.379,3
9,conj_uni,253,3,1,0.666,0.022,3
9,conj_uni,253,4,2,0.599,0.32,3
9,conj_uni,253,5,2,0.467,0.167,3
9,conj_uni,253,6,1,0.089,0.034,3
9,conj_uni,253,7,1,0.507,0,3
9,conj_uni,253,8,2,0.622,0.24,3
9,conj_uni,253,9,1,0.436,0.261,3
9,conj_uni,253,10,2,0.322,0.218,3
9,conj_uni,253,11,1,0.563,0.038,3
9,conj_uni,253,12,1,0.192,0.307,3
9,conj_uni,253,13,1,0.374,0.284,3
9,conj_uni,253,14,2,0.468,0.311,3
9,conj_uni,253,15,1,0.542,0.478,3
9,conj_uni,253,16,1,0.043,0.536,3
9,conj_uni,253,17,1,0.288,0.579,3
9,conj_uni,253,18,2,0.39,0.527,3
9,conj_uni,253,19,2,0.444,0.366,3
9,conj_uni,253,20,2,0.695,0.31,3
9,conj_uni,253,21,1,0.009,0.428,3
9,conj_uni,253,22,1,0.311,0.633,3
9,conj_uni,253,23,2,0.345,0.481,3
9,conj_uni,253,24,2,0,0.109,3
9,conj_uni,254,1,2,0.198,0.512,4
9,conj_uni,254,2,1,0.446,0.175,4
9,conj_uni,254,3,1,0.59,0.591,4
9,conj_uni,254,4,1,0.473,0,4
9,conj_uni,254,5,2,0.343,0.661,4
9,conj_uni,254,6,2,0.663,0.311,4
9,conj_uni,254,7,1,0.542,0.118,4
9,conj_uni,254,8,2,0.473,0.265,4
9,conj_uni,254,9,1,0.057,0.613,4
9,conj_uni,254,10,2,0.392,0.626,4
9,conj_uni,254,11,2,0.662,0.548,4
9,conj_uni,254,12,2,0,0.628,4
9,conj_uni,254,13,1,0.566,0.433,4
9,conj_uni,254,14,2,0.285,0.666,4
9,conj_uni,254,15,1,0.634,0.074,4
9,conj_uni,254,16,2,0.033,0.543,4
9,conj_uni,254,17,2,0.384,0.706,4
9,conj_uni,254,18,1,0.503,0.194,4
9,conj_uni,254,19,1,0.361,0.014,4
9,conj_uni,254,20,1,0.508,0.434,4
9,conj_uni,254,21,1,0.08,0.353,4
9,conj_uni,254,22,1,0.028,0.02,4
9,conj_uni,254,23,2,0.576,0.061,4
9,conj_uni,254,24,2,0,0.122,4
9,conj_uni,255,1,2,0.436,0.106,5
9,conj_uni,255,2,2,0.377,0.083,5
9,conj_uni,255,3,1,0.641,0.337,5
9,conj_uni,255,4,1,0.718,0.41,5
9,conj_uni,255,5,1,0.341,0.344,5
9,conj_uni,255,6,1,0.137,0.003,5
9,conj_uni,255,7,1,0.684,0,5
9,conj_uni,255,8,1,0.231,0.403,5
9,conj_uni,255,9,2,0.303,0.299,5
9,conj_uni,255,10,1,0.471,0.17,5
9,conj_uni,255,11,2,0.394,0.416,5
9,conj_uni,255,12,2,0.716,0.198,5
9,conj_uni,255,13,1,0.559,0.489,5
9,conj_uni,255,14,2,0.511,0.272,5
9,conj_uni,255,15,1,0.244,0.496,5
9,conj_uni,255,16,2,0.505,0.333,5
9,conj_uni,255,17,1,0.472,0.06,5
9,conj_uni,255,18,1,0.018,0.015,5
9,conj_uni,255,19,2,0.553,0.003,5
9,conj_uni,255,20,1,0.641,0.04,5
9,conj_uni,255,21,2,0.16,0.057,5
9,conj_uni,255,22,2,0,0.604,5
9,conj_uni,255,23,2,0.106,0.443,5
9,conj_uni,255,24,2,0.177,0.561,5
9,feat_grid,256,1,2,0.006,0.005,1
9,feat_grid,256,2,1,0.111,0,1
9,feat_grid,256,3,1,0.225,0.013,1
9,feat_grid,256,4,1,0,0.154,1
9,feat_grid,256,5,1,0.106,0.136,1
9,feat_grid,256,6,1,0.342,0.15,1
9,feat_grid,256,7,2,0.571,0.135,1
9,feat_grid,256,8,2,0.673,0.128,1
9,feat_grid,256,9,2,0.131,0.253,1
9,feat_grid,256,10,1,0.333,0.254,1
9,feat_grid,256,11,1,0.123,0.369,1
9,feat_grid,256,12,2,0.346,0.369,1
9,feat_grid,256,13,2,0.464,0.359,1
9,feat_grid,256,14,2,0.688,0.378,1
9,feat_grid,256,15,2,0.111,0.492,1
9,feat_grid,256,16,1,0.435,0.482,1
9,feat_grid,256,17,1,0.572,0.497,1
9,feat_grid,256,18,2,0.258,0.595,1
9,feat_grid,256,19,1,0.454,0.587,1
9,feat_grid,256,20,2,0.586,0.607,1
9,feat_grid,256,21,1,0.681,0.574,1
9,feat_grid,256,22,2,0.468,0.713,1
9,feat_grid,256,23,1,0.549,0.711,1
9,feat_grid,256,24,2,0.676,0.706,1
9,feat_grid,257,1,1,0.007,0.024,2
9,feat_grid,257,2,2,0.115,0,2
9,feat_grid,257,3,2,0.46,0.012,2
9,feat_grid,257,4,1,0.016,0.115,2
9,feat_grid,257,5,1,0.119,0.13,2
9,feat_grid,257,6,2,0.346,0.123,2
9,feat_grid,257,7,2,0.125,0.232,2
9,feat_grid,257,8,2,0.696,0.22,2
9,feat_grid,257,9,1,0.005,0.37,2
9,feat_grid,257,10,2,0.46,0.349,2
9,feat_grid,257,11,2,0.7,0.34,2
9,feat_grid,257,12,1,0.021,0.479,2
9,feat_grid,257,13,1,0.114,0.47,2
9,feat_grid,257,14,1,0.353,0.47,2
9,feat_grid,257,15,1,0.713,0.464,2
9,feat_grid,257,16,2,0,0.559,2
9,feat_grid,257,17,1,0.243,0.575,2
9,feat_grid,257,18,1,0.357,0.583,2
9,feat_grid,257,19,2,0.56,0.577,2
9,feat_grid,257,20,2,0.688,0.61,2
9,feat_grid,257,21,2,0.011,0.695,2
9,feat_grid,257,22,1,0.112,0.716,2
9,feat_grid,257,23,2,0.225,0.7,2
9,feat_grid,257,24,1,0.356,0.699,2
9,feat_grid,258,1,2,0.239,0.032,3
9,feat_grid,258,2,2,0.339,0,3
9,feat_grid,258,3,1,0.672,0.003,3
9,feat_grid,258,4,1,0.436,0.163,3
9,feat_grid,258,5,1,0.553,0.139,3
9,feat_grid,258,6,2,0.674,0.124,3
9,feat_grid,258,7,2,0.226,0.258,3
9,feat_grid,258,8,1,0.335,0.244,3
9,feat_grid,258,9,2,0.47,0.252,3
9,feat_grid,258,10,1,0.684,0.262,3
9,feat_grid,258,11,2,0.445,0.374,3
9,feat_grid,258,12,2,0.671,0.371,3
9,feat_grid,258,13,1,0.109,0.485,3
9,feat_grid,258,14,1,0.237,0.481,3
9,feat_grid,258,15,2,0.332,0.463,3
9,feat_grid,258,16,1,0.677,0.482,3
9,feat_grid,258,17,1,0,0.589,3
9,feat_grid,258,18,1,0.089,0.586,3
9,feat_grid,258,19,1,0.332,0.614,3
9,feat_grid,258,20,2,0.46,0.592,3
9,feat_grid,258,21,2,0.111,0.713,3
9,feat_grid,258,22,2,0.221,0.695,3
9,feat_grid,258,23,1,0.441,0.704,3
9,feat_grid,258,24,2,0.574,0.704,3
9,feat_grid,259,1,1,0.576,0,4
9,feat_grid,259,2,1,0.136,0.114,4
9,feat_grid,259,3,1,0.248,0.139,4
9,feat_grid,259,4,2,0.597,0.133,4
9,feat_grid,259,5,2,0.693,0.148,4
9,feat_grid,259,6,1,0.562,0.253,4
9,feat_grid,259,7,2,0,0.375,4
9,feat_grid,259,8,2,0.114,0.367,4
9,feat_grid,259,9,1,0.244,0.366,4
9,feat_grid,259,10,1,0.362,0.351,4
9,feat_grid,259,11,1,0.701,0.386,4
9,feat_grid,259,12,2,0.012,0.461,4
9,feat_grid,259,13,1,0.124,0.477,4
9,feat_grid,259,14,2,0.351,0.474,4
9,feat_grid,259,15,2,0.596,0.476,4
9,feat_grid,259,16,1,0.006,0.582,4
9,feat_grid,259,17,2,0.141,0.583,4
9,feat_grid,259,18,2,0.352,0.578,4
9,feat_grid,259,19,2,0.597,0.592,4
9,feat_grid,259,20,1,0.709,0.598,4
9,feat_grid,259,21,1,0.007,0.715,4
9,feat_grid,259,22,2,0.145,0.699,4
9,feat_grid,259,23,1,0.236,0.7,4
9,feat_grid,259,24,2,0.356,0.701,4
9,feat_grid,260,1,2,0.257,0,5
9,feat_grid,260,2,1,0.7,0.016,5
9,feat_grid,260,3,2,0.129,0.146,5
9,feat_grid,260,4,1,0.223,0.108,5
9,feat_grid,260,5,1,0.479,0.145,5
9,feat_grid,260,6,1,0.586,0.145,5
9,feat_grid,260,7,1,0.698,0.143,5
9,feat_grid,260,8,1,0.116,0.238,5
9,feat_grid,260,9,1,0.241,0.247,5
9,feat_grid,260,10,1,0.46,0.249,5
9,feat_grid,260,11,1,0,0.37,5
9,feat_grid,260,12,2,0.12,0.37,5
9,feat_grid,260,13,2,0.369,0.373,5
9,feat_grid,260,14,2,0.573,0.35,5
9,feat_grid,260,15,2,0.725,0.376,5
9,feat_grid,260,16,2,0.236,0.491,5
9,feat_grid,260,17,1,0.346,0.49,5
9,feat_grid,260,18,2,0.479,0.486,5
9,feat_grid,260,19,1,0.576,0.491,5
9,feat_grid,260,20,2,0.125,0.609,5
9,feat_grid,260,21,2,0.584,0.606,5
9,feat_grid,260,22,2,0.023,0.71,5
9,feat_grid,260,23,1,0.125,0.712,5
9,feat_grid,260,24,2,0.594,0.706,5
9,feat_rot,261,1,1,0.548,0,1
9,feat_rot,261,2,1,0.645,0.101,1
9,feat_rot,261,3,2,0.497,0.111,1
9,feat_rot,261,4,2,0.56,0.179,1
9,feat_rot,261,5,1,0.647,0.255,1
9,feat_rot,261,6,2,0.716,0.33,1
9,feat_rot,261,7,1,0.797,0.411,1
9,feat_rot,261,8,2,0.868,0.503,1
9,feat_rot,261,9,1,0.408,0.16,1
9,feat_rot,261,10,2,0.457,0.251,1
9,feat_rot,261,11,1,0.491,0.418,1
9,feat_rot,261,12,2,0.729,0.668,1
9,feat_rot,261,13,2,0.166,0.255,1
9,feat_rot,261,14,1,0.404,0.498,1
9,feat_rot,261,15,1,0.493,0.583,1
9,feat_rot,261,16,2,0.662,0.73,1
9,feat_rot,261,17,2,0.069,0.343,1
9,feat_rot,261,18,1,0.313,0.594,1
9,feat_rot,261,19,1,0,0.401,1
9,feat_rot,261,20,2,0.051,0.499,1
9,feat_rot,261,21,2,0.159,0.573,1
9,feat_rot,261,22,2,0.308,0.736,1
9,feat_rot,261,23,1,0.388,0.811,1
9,feat_rot,261,24,1,0.464,0.888,1
9,feat_rot,262,1,2,0.393,0,2
9,feat_rot,262,2,1,0.345,0.06,2
9,feat_rot,262,3,2,0.397,0.146,2
9,feat_rot,262,4,1,0.495,0.224,2
9,feat_rot,262,5,1,0.558,0.323,2
9,feat_rot,262,6,2,0.721,0.47,2
9,feat_rot,262,7,2,0.792,0.561,2
9,feat_rot,262,8,1,0.48,0.402,2
9,feat_rot,262,9,2,0.559,0.479,2
9,feat_rot,262,10,1,0.172,0.215,2
9,feat_rot,262,11,2,0.313,0.406,2
9,feat_rot,262,12,2,0.569,0.647,2
9,feat_rot,262,13,1,0.652,0.704,2
9,feat_rot,262,14,2,0.064,0.298,2
9,feat_rot,262,15,2,0.226,0.473,2
9,feat_rot,262,16,1,0.385,0.633,2
9,feat_rot,262,17,1,0.48,0.73,2
9,feat_rot,262,18,1,0.538,0.792,2
9,feat_rot,262,19,1,0.14,0.56,2
9,feat_rot,262,20,1,0.239,0.637,2
9,feat_rot,262,21,1,0.34,0.721,2
9,feat_rot,262,22,2,0.477,0.875,2
9,feat_rot,262,23,2,0,0.552,2
9,feat_rot,262,24,2,0.09,0.63,2
9,feat_rot,263,1,2,0.472,0,3
9,feat_rot,263,2,1,0.651,0.165,3
9,feat_rot,263,3,1,0.812,0.329,3
9,feat_rot,263,4,1,0.991,0.509,3
9,feat_rot,263,5,2,0.407,0.086,3
9,feat_rot,263,6,2,0.577,0.233,3
9,feat_rot,263,7,1,0.898,0.556,3
9,feat_rot,263,8,1,0.414,0.257,3
9,feat_rot,263,9,2,0.575,0.413,3
9,feat_rot,263,10,1,0.648,0.482,3
9,feat_rot,263,11,2,0.734,0.577,3
9,feat_rot,263,12,2,0.495,0.487,3
9,feat_rot,263,13,2,0.548,0.571,3
9,feat_rot,263,14,2,0.635,0.66,3
9,feat_rot,263,15,2,0.732,0.728,3
9,feat_rot,263,16,1,0.174,0.336,3
9,feat_rot,263,17,1,0.309,0.471,3
9,feat_rot,263,18,2,0.55,0.719,3
9,feat_rot,263,19,1,0.397,0.742,3
9,feat_rot,263,20,1,0,0.497,3
9,feat_rot,263,21,1,0.22,0.73,3
9,feat_rot,263,22,2,0.318,0.814,3
9,feat_rot,263,23,2,0.387,0.894,3
9,feat_rot,263,24,1,0.477,0.979,3
9,feat_rot,264,1,1,0.484,0,4
9,feat_rot,264,2,2,0.586,0.102,4
9,feat_rot,264,3,2,0.677,0.16,4
9,feat_rot,264,4,2,0.821,0.324,4
9,feat_rot,264,5,2,0.397,0.077,4
9,feat_rot,264,6,1,0.582,0.242,4
9,feat_rot,264,7,2,0.663,0.324,4
9,feat_rot,264,8,2,0.284,0.085,4
9,feat_rot,264,9,2,0.649,0.488,4
9,feat_rot,264,10,1,0.099,0.086,4
9,feat_rot,264,11,1,0.158,0.154,4
9,feat_rot,264,12,2,0.236,0.236,4
9,feat_rot,264,13,1,0.353,0.337,4
9,feat_rot,264,14,1,0.426,0.401,4
9,feat_rot,264,15,1,0,0.162,4
9,feat_rot,264,16,2,0.078,0.226,4
9,feat_rot,264,17,1,0.181,0.319,4
9,feat_rot,264,18,1,0.414,0.557,4
9,feat_rot,264,19,1,0.013,0.327,4
9,feat_rot,264,20,2,0.165,0.49,4
9,feat_rot,264,21,2,0.242,0.574,4
9,feat_rot,264,22,2,0.321,0.641,4
9,feat_rot,264,23,1,0.427,0.742,4
9,feat_rot,264,24,1,0.267,0.74,4
9,feat_rot,265,1,1,0.496,0,5
9,feat_rot,265,2,2,0.573,0.087,5
9,feat_rot,265,3,2,0.903,0.417,5
9,feat_rot,265,4,2,0.409,0.077,5
9,feat_rot,265,5,1,0.501,0.179,5
9,feat_rot,265,6,2,0.744,0.41,5
9,feat_rot,265,7,2,0.833,0.502,5
9,feat_rot,265,8,1,0.902,0.563,5
9,feat_rot,265,9,2,0.496,0.333,5
9,feat_rot,265,10,2,0.659,0.482,5
9,feat_rot,265,11,1,0.744,0.564,5
9,feat_rot,265,12,1,0.828,0.629,5
9,feat_rot,265,13,1,0.408,0.425,5
9,feat_rot,265,14,1,0.578,0.57,5
9,feat_rot,265,15,1,0.654,0.646,5
9,feat_rot,265,16,2,0.166,0.32,5
9,feat_rot,265,17,2,0.663,0.824,5
9,feat_rot,265,18,1,0.102,0.42,5
9,feat_rot,265,19,2,0.419,0.736,5
9,feat_rot,265,20,2,0.475,0.789,5
9,feat_rot,265,21,1,0.578,0.899,5
9,feat_rot,265,22,1,0,0.502,5
9,feat_rot,265,23,2,0.163,0.651,5
9,feat_rot,265,24,1,0.419,0.914,5
9,feat_uni,266,1,2,0.167,0.717,1
9,feat_uni,266,2,2,0.321,0.245,1
9,feat_uni,266,3,2,0.41,0.594,1
9,feat_uni,266,4,1,0.06,0.454,1
9,feat_uni,266,5,1,0.454,0.75,1
9,feat_uni,266,6,2,0.301,0,1
9,feat_uni,266,7,1,0.592,0.55,1
9,feat_uni,266,8,1,0.258,0.757,1
9,feat_uni,266,9,2,0.493,0.346,1
9,feat_uni,266,10,1,0.154,0.285,1
9,feat_uni,266,11,2,0.65,0.126,1
9,feat_uni,266,12,1,0.621,0.428,1
9,feat_uni,266,13,2,0.59,0.377,1
9,feat_uni,266,14,2,0.418,0.408,1
9,feat_uni,266,15,2,0.691,0.438,1
9,feat_uni,266,16,1,0,0.455,1
9,feat_uni,266,17,1,0,0.562,1
9,feat_uni,266,18,1,0.357,0.021,1
9,feat_uni,266,19,2,0.592,0.63,1
9,feat_uni,266,20,2,0.606,0.165,1
9,feat_uni,266,21,1,0.488,0.138,1
9,feat_uni,266,22,1,0.462,0.565,1
9,feat_uni,266,23,1,0.519,0.086,1
9,feat_uni,266,24,2,0.521,0.028,1
9,feat_uni,267,1,2,0.14,0.462,2
9,feat_uni,267,2,1,0.75,0.165,2
9,feat_uni,267,3,1,0.017,0.394,2
9,feat_uni,267,4,1,0.491,0.116,2
9,feat_uni,267,5,2,0.187,0.624,2
9,feat_uni,267,6,2,0.485,0,2
9,feat_uni,267,7,2,0.427,0.652,2
9,feat_uni,267,8,1,0,0.682,2
9,feat_uni,267,9,2,0.729,0.365,2
9,feat_uni,267,10,1,0.63,0.513,2
9,feat_uni,267,11,2,0.594,0.325,2
9,feat_uni,267,12,1,0.392,0.494,2
9,feat_uni,267,13,2,0.372,0.705,2
9,feat_uni,267,14,2,0.558,0.071,2
9,feat_uni,267,15,2,0.479,0.058,2
9,feat_uni,267,16,1,0.397,0.573,2
9,feat_uni,267,17,2,0.296,0.273,2
9,feat_uni,267,18,1,0.048,0.502,2
9,feat_uni,267,19,2,0.217,0.285,2
9,feat_uni,267,20,1,0.098,0.226,2
9,feat_uni,267,21,1,0.256,0.684,2
9,feat_uni,267,22,2,0.298,0.365,2
9,feat_uni,267,23,1,0.464,0.294,2
9,feat_uni,267,24,1,0.495,0.404,2
9,feat_uni,268,1,1,0.564,0.255,3
9,feat_uni,268,2,1,0.434,0.081,3
9,feat_uni,268,3,2,0.064,0.694,3
9,feat_uni,268,4,1,0.433,0.512,3
9,feat_uni,268,5,2,0.46,0,3
9,feat_uni,268,6,2,0.35,0.375,3
9,feat_uni,268,7,2,0.373,0.187,3
9,feat_uni,268,8,1,0.682,0.293,3
9,feat_uni,268,9,1,0,0.481,3
9,feat_uni,268,10,1,0.34,0.541,3
9,feat_uni,268,11,2,0.248,0.633,3
9,feat_uni,268,12,2,0.71,0.348,3
9,feat_uni,268,13,1,0.328,0.23,3
9,feat_uni,268,14,1,0.384,0.252,3
9,feat_uni,268,15,2,0.067,0.564,3
9,feat_uni,268,16,2,0.491,0.495,3
9,feat_uni,268,17,2,0.744,0.596,3
9,feat_uni,268,18,2,0.336,0.317,3
9,feat_uni,268,19,1,0.693,0.23,3
9,feat_uni,268,20,2,0.375,0.492,3
9,feat_uni,268,21,1,0.072,0.088,3
9,feat_uni,268,22,1,0.219,0.306,3
9,feat_uni,268,23,2,0.268,0.023,3
9,feat_uni,268,24,1,0.489,0.052,3
9,feat_uni,269,1,1,0.403,0.447,4
9,feat_uni,269,2,2,0.07,0.341,4
9,feat_uni,269,3,2,0.336,0.592,4
9,feat_uni,269,4,1,0.304,0.437,4
9,feat_uni,269,5,1,0.583,0.61,4
9,feat_uni,269,6,1,0.62,0.477,4
9,feat_uni,269,7,1,0.234,0.532,4
9,feat_uni,269,8,2,0.112,0.296,4
9,feat_uni,269,9,2,0.591,0.079,4
9,feat_uni,269,10,2,0.53,0.003,4
9,feat_uni,269,11,1,0.049,0.559,4
9,feat_uni,269,12,2,0.126,0.726,4
9,feat_uni,269,13,2,0.014,0.243,4
9,feat_uni,269,14,1,0.401,0.196,4
9,feat_uni,269,15,2,0.374,0.639,4
9,feat_uni,269,16,1,0.382,0.124,4
9,feat_uni,269,17,2,0.601,0.15,4
9,feat_uni,269,18,2,0.1,0.228,4
9,feat_uni,269,19,1,0.416,0.075,4
9,feat_uni,269,20,1,0,0.523,4
9,feat_uni,269,21,1,0.58,0.723,4
9,feat_uni,269,22,2,0.708,0.553,4
9,feat_uni,269,23,1,0.67,0,4
9,feat_uni,269,24,2,0.182,0.189,4
9,feat_uni,270,1,1,0.024,0.591,5
9,feat_uni,270,2,2,0.639,0.174,5
9,feat_uni,270,3,1,0.062,0.252,5
9,feat_uni,270,4,2,0.345,0.663,5
9,feat_uni,270,5,1,0.463,0.172,5
9,feat_uni,270,6,1,0.685,0,5
9,feat_uni,270,7,1,0.213,0.056,5
9,feat_uni,270,8,1,0.385,0.317,5
9,feat_uni,270,9,2,0.603,0.559,5
9,feat_uni,270,10,1,0.225,0.115,5
9,feat_uni,270,11,1,0,0.265,5
9,feat_uni,270,12,2,0.047,0.44,5
9,feat_uni,270,13,2,0.337,0.232,5
9,feat_uni,270,14,2,0.633,0.038,5
9,feat_uni,270,15,1,0.132,0.485,5
9,feat_uni,270,16,1,0.319,0.086,5
9,feat_uni,270,17,1,0.286,0.199,5
9,feat_uni,270,18,2,0.584,0.001,5
9,feat_uni,270,19,2,0.546,0.586,5
9,feat_uni,270,20,2,0.279,0.039,5
9,feat_uni,270,21,1,0.109,0.601,5
9,feat_uni,270,22,2,0.637,0.663,5
9,feat_uni,270,23,2,0.25,0.379,5
9,feat_uni,270,24,2,0.587,0.143,5
10,conj_grid,271,1,2,0.247,0.011,1
10,conj_grid,271,2,2,0.48,0,1
10,conj_grid,271,3,1,0,0.109,1
10,conj_grid,271,4,2,0.129,0.136,1
10,conj_grid,271,5,2,0.256,0.101,1
10,conj_grid,271,6,2,0.474,0.124,1
10,conj_grid,271,7,1,0.598,0.111,1
10,conj_grid,271,8,1,0.707,0.119,1
10,conj_grid,271,9,1,0.143,0.227,1
10,conj_grid,271,10,2,0.365,0.226,1
10,conj_grid,271,11,2,0.462,0.341,1
10,conj_grid,271,12,1,0.027,0.467,1
10,conj_grid,271,13,2,0.352,0.465,1
10,conj_grid,271,14,1,0.471,0.473,1
10,conj_grid,271,15,1,0.723,0.468,1
10,conj_grid,271,16,2,0.016,0.579,1
10,conj_grid,271,17,2,0.142,0.566,1
10,conj_grid,271,18,1,0.374,0.589,1
10,conj_grid,271,19,1,0.029,0.699,1
10,conj_grid,271,20,1,0.249,0.693,1
10,conj_grid,271,21,1,0.382,0.68,1
10,conj_grid,271,22,2,0.482,0.693,1
10,conj_grid,271,23,1,0.59,0.681,1
10,conj_grid,271,24,2,0.697,0.688,1
10,conj_grid,272,1,1,0.122,0.005,2
10,conj_grid,272,2,1,0.224,0,2
10,conj_grid,272,3,2,0.34,0.005,2
10,conj_grid,272,4,2,0.575,0,2
10,conj_grid,272,5,2,0.457,0.113,2
10,conj_grid,272,6,1,0.684,0.107,2
10,conj_grid,272,7,2,0.009,0.225,2
10,conj_grid,272,8,1,0.345,0.25,2
10,conj_grid,272,9,2,0.46,0.249,2
10,conj_grid,272,10,1,0.569,0.232,2
10,conj_grid,272,11,2,0,0.343,2
10,conj_grid,272,12,1,0.225,0.342,2
10,conj_grid,272,13,2,0.323,0.341,2
10,conj_grid,272,14,2,0.469,0.335,2
10,conj_grid,272,15,1,0.562,0.323,2
10,conj_grid,272,16,1,0.705,0.34,2
10,conj_grid,272,17,2,0.111,0.46,2
10,conj_grid,272,18,2,0.225,0.457,2
10,conj_grid,272,19,2,0.464,0.431,2
10,conj_grid,272,20,1,0.584,0.456,2
10,conj_grid,272,21,1,0.711,0.461,2
10,conj_grid,272,22,1,0.573,0.579,2
10,conj_grid,272,23,2,0.355,0.693,2
10,conj_grid,272,24,1,0.458,0.682,2
10,conj_grid,273,1,2,0.587,0,3
10,conj_grid,273,2,2,0.709,0,3
10,conj_grid,273,3,1,0.126,0.092,3
10,conj_grid,273,4,2,0.481,0.103,3
10,conj_grid,273,5,1,0.581,0.078,3
10,conj_grid,273,6,2,0.696,0.107,3
10,conj_grid,273,7,2,0.121,0.221,3
10,conj_grid,273,8,1,0.365,0.216,3
10,conj_grid,273,9,2,0.472,0.225,3
10,conj_grid,273,10,1,0.6,0.208,3
10,conj_grid,273,11,2,0.702,0.21,3
10,conj_grid,273,12,2,0,0.319,3
10,conj_grid,273,13,1,0.247,0.335,3
10,conj_grid,273,14,1,0.369,0.329,3
10,conj_grid,273,15,2,0.472,0.333,3
10,conj_grid,273,16,1,0.564,0.327,3
10,conj_grid,273,17,1,0.244,0.434,3
10,conj_grid,273,18,1,0.462,0.442,3
10,conj_grid,273,19,2,0.361,0.569,3
10,conj_grid,273,20,1,0.137,0.678,3
10,conj_grid,273,21,2,0.236,0.692,3
10,conj_grid,273,22,2,0.465,0.688,3
10,conj_grid,273,23,1,0.589,0.668,3
10,conj_grid,273,24,1,0.707,0.691,3
10,conj_grid,274,1,2,0.004,0.016,4
10,conj_grid,274,2,1,0.113,0.001,4
10,conj_grid,274,3,2,0.576,0,4
10,conj_grid,274,4,2,0.718,0.006,4
10,conj_grid,274,5,1,0.345,0.125,4
10,conj_grid,274,6,1,0.561,0.137,4
10,conj_grid,274,7,2,0.69,0.125,4
10,conj_grid,274,8,2,0.254,0.24,4
10,conj_grid,274,9,2,0.345,0.23,4
10,conj_grid,274,10,1,0.677,0.238,4
10,conj_grid,274,11,1,0.342,0.359,4
10,conj_grid,274,12,1,0.455,0.348,4
10,conj_grid,274,13,2,0.574,0.369,4
10,conj_grid,274,14,1,0.236,0.455,4
10,conj_grid,274,15,1,0.345,0.45,4
10,conj_grid,274,16,2,0.448,0.457,4
10,conj_grid,274,17,1,0.221,0.582,4
10,conj_grid,274,18,2,0.342,0.588,4
10,conj_grid,274,19,1,0.582,0.574,4
10,conj_grid,274,20,1,0.697,0.591,4
10,conj_grid,274,21,1,0,0.692,4
10,conj_grid,274,22,2,0.121,0.698,4
10,conj_grid,274,23,2,0.357,0.69,4
10,conj_grid,274,24,2,0.573,0.676,4
10,conj_grid,275,1,2,0.021,0.009,5
10,conj_grid,275,2,1,0.348,0,5
10,conj_grid,275,3,1,0.598,0.009,5
10,conj_grid,275,4,1,0,0.122,5
10,conj_grid,275,5,2,0.253,0.113,5
10,conj_grid,275,6,2,0.359,0.121,5
10,conj_grid,275,7,2,0.469,0.117,5
10,conj_grid,275,8,2,0.576,0.096,5
10,conj_grid,275,9,2,0.224,0.252,5
10,conj_grid,275,10,2,0.702,0.234,5
10,conj_grid,275,11,2,0.358,0.356,5
10,conj_grid,275,12,2,0.461,0.351,5
10,conj_grid,275,13,1,0.581,0.323,5
10,conj_grid,275,14,1,0.142,0.464,5
10,conj_grid,275,15,1,0.35,0.445,5
10,conj_grid,275,16,1,0.44,0.451,5
10,conj_grid,275,17,1,0.121,0.578,5
10,conj_grid,275,18,1,0.251,0.558,5
10,conj_grid,275,19,2,0.34,0.586,5
10,conj_grid,275,20,1,0.716,0.57,5
10,conj_grid,275,21,1,0.128,0.679,5
10,conj_grid,275,22,2,0.24,0.664,5
10,conj_grid,275,23,2,0.36,0.692,5
10,conj_grid,275,24,1,0.704,0.685,5
10,conj_rot,276,1,2,0.591,0.09,1
10,conj_rot,276,2,1,0.417,0.087,1
10,conj_rot,276,3,1,0.609,0.258,1
10,conj_rot,276,4,1,0.659,0.332,1
10,conj_rot,276,5,1,0.182,0,1
10,conj_rot,276,6,2,0.267,0.097,1
10,conj_rot,276,7,1,0.324,0.152,1
10,conj_rot,276,8,2,0.522,0.338,1
10,conj_rot,276,9,2,0.594,0.405,1
10,conj_rot,276,10,1,0.678,0.475,1
10,conj_rot,276,11,2,0.345,0.323,1
10,conj_rot,276,12,2,0.034,0.162,1
10,conj_rot,276,13,1,0.073,0.257,1
10,conj_rot,276,14,2,0.18,0.336,1
10,conj_rot,276,15,2,0.019,0.334,1
10,conj_rot,276,16,2,0.114,0.411,1
10,conj_rot,276,17,2,0.175,0.492,1
10,conj_rot,276,18,1,0.256,0.56,1
10,conj_rot,276,19,2,0.361,0.652,1
10,conj_rot,276,20,2,0,0.485,1
10,conj_rot,276,21,1,0.1,0.576,1
10,conj_rot,276,22,1,0.198,0.652,1
10,conj_rot,276,23,1,0.266,0.726,1
10,conj_rot,276,24,1,0.341,0.836,1
10,conj_rot,277,1,2,0.581,0.08,2
10,conj_rot,277,2,2,0.654,0.159,2
10,conj_rot,277,3,2,0.745,0.249,2
10,conj_rot,277,4,1,0.828,0.317,2
10,conj_rot,277,5,1,0.329,0,2
10,conj_rot,277,6,2,0.659,0.358,2
10,conj_rot,277,7,1,0.248,0.084,2
10,conj_rot,277,8,2,0.664,0.482,2
10,conj_rot,277,9,2,0.2,0.151,2
10,conj_rot,277,10,1,0.338,0.321,2
10,conj_rot,277,11,1,0.421,0.394,2
10,conj_rot,277,12,2,0.651,0.667,2
10,conj_rot,277,13,2,0.084,0.25,2
10,conj_rot,277,14,2,0.171,0.339,2
10,conj_rot,277,15,1,0.576,0.731,2
10,conj_rot,277,16,1,0,0.326,2
10,conj_rot,277,17,2,0.1,0.383,2
10,conj_rot,277,18,1,0.153,0.486,2
10,conj_rot,277,19,2,0.253,0.574,2
10,conj_rot,277,20,1,0.345,0.657,2
10,conj_rot,277,21,1,0.074,0.577,2
10,conj_rot,277,22,2,0.159,0.637,2
10,conj_rot,277,23,1,0.248,0.732,2
10,conj_rot,277,24,1,0.407,0.908,2
10,conj_rot,278,1,1,0.586,0.177,3
10,conj_rot,278,2,1,0.672,0.254,3
10,conj_rot,278,3,1,0.748,0.342,3
10,conj_rot,278,4,1,0.845,0.436,3
10,conj_rot,278,5,1,0.264,0,3
10,conj_rot,278,6,2,0.413,0.189,3
10,conj_rot,278,7,2,0.499,0.254,3
10,conj_rot,278,8,2,0.156,0.126,3
10,conj_rot,278,9,2,0.348,0.262,3
10,conj_rot,278,10,1,0.408,0.353,3
10,conj_rot,278,11,2,0.087,0.187,3
10,conj_rot,278,12,2,0.184,0.247,3
10,conj_rot,278,13,2,0.255,0.343,3
10,conj_rot,278,14,2,0.427,0.512,3
10,conj_rot,278,15,2,0.491,0.607,3
10,conj_rot,278,16,1,0,0.252,3
10,conj_rot,278,17,1,0.256,0.512,3
10,conj_rot,278,18,1,0.321,0.575,3
10,conj_rot,278,19,2,0.476,0.769,3
10,conj_rot,278,20,1,0.105,0.516,3
10,conj_rot,278,21,1,0.338,0.749,3
10,conj_rot,278,22,2,0.013,0.592,3
10,conj_rot,278,23,2,0.235,0.86,3
10,conj_rot,278,24,1,0.337,0.919,3
10,conj_rot,279,1,1,0.584,0.006,4
10,conj_rot,279,2,1,0.748,0.177,4
10,conj_rot,279,3,1,0.91,0.318,4
10,conj_rot,279,4,2,0.423,0,4
10,conj_rot,279,5,2,0.759,0.335,4
10,conj_rot,279,6,2,0.834,0.405,4
10,conj_rot,279,7,2,0.345,0.078,4
10,conj_rot,279,8,2,0.749,0.489,4
10,conj_rot,279,9,1,0.348,0.249,4
10,conj_rot,279,10,2,0.515,0.403,4
10,conj_rot,279,11,1,0.67,0.571,4
10,conj_rot,279,12,2,0.185,0.261,4
10,conj_rot,279,13,1,0.267,0.346,4
10,conj_rot,279,14,2,0.419,0.501,4
10,conj_rot,279,15,2,0.511,0.58,4
10,conj_rot,279,16,1,0.574,0.674,4
10,conj_rot,279,17,2,0.111,0.321,4
10,conj_rot,279,18,1,0.183,0.409,4
10,conj_rot,279,19,1,0.335,0.578,4
10,conj_rot,279,20,2,0.427,0.648,4
10,conj_rot,279,21,1,0.525,0.732,4
10,conj_rot,279,22,2,0,0.404,4
10,conj_rot,279,23,1,0.336,0.735,4
10,conj_rot,279,24,1,0.428,0.826,4
10,conj_rot,280,1,2,0.392,0,5
10,conj_rot,280,2,2,0.484,0.062,5
10,conj_rot,280,3,1,0.714,0.313,5
10,conj_rot,280,4,2,0.806,0.405,5
10,conj_rot,280,5,1,0.884,0.481,5
10,conj_rot,280,6,2,0.394,0.168,5
10,conj_rot,280,7,1,0.472,0.24,5
10,conj_rot,280,8,1,0.81,0.566,5
10,conj_rot,280,9,1,0.244,0.156,5
10,conj_rot,280,10,2,0.393,0.323,5
10,conj_rot,280,11,1,0.471,0.388,5
10,conj_rot,280,12,2,0.562,0.459,5
10,conj_rot,280,13,2,0.63,0.546,5
10,conj_rot,280,14,1,0.294,0.392,5
10,conj_rot,280,15,1,0.393,0.464,5
10,conj_rot,280,16,2,0.626,0.715,5
10,conj_rot,280,17,1,0.409,0.639,5
10,conj_rot,280,18,1,0.309,0.699,5
10,conj_rot,280,19,2,0.403,0.8,5
10,conj_rot,280,20,1,0.496,0.866,5
10,conj_rot,280,21,2,0,0.569,5
10,conj_rot,280,22,2,0.049,0.633,5
10,conj_rot,280,23,1,0.147,0.723,5
10,conj_rot,280,24,2,0.29,0.893,5
10,conj_uni,281,1,2,0.571,0.148,1
10,conj_uni,281,2,2,0.09,0.377,1
10,conj_uni,281,3,2,0.417,0.272,1
10,conj_uni,281,4,1,0.026,0.227,1
10,conj_uni,281,5,2,0.245,0.139,1
10,conj_uni,281,6,1,0.441,0.133,1
10,conj_uni,281,7,1,0.429,0.447,1
10,conj_uni,281,8,1,0.074,0.192,1
10,conj_uni,281,9,1,0.316,0.52,1
10,conj_uni,281,10,2,0.459,0.012,1
10,conj_uni,281,11,1,0.396,0.632,1
10,conj_uni,281,12,1,0,0.035,1
10,conj_uni,281,13,1,0.638,0.213,1
10,conj_uni,281,14,2,0.337,0.688,1
10,conj_uni,281,15,2,0.616,0.56,1
10,conj_uni,281,16,1,0.318,0.251,1
10,conj_uni,281,17,2,0.426,0.075,1
10,conj_uni,281,18,1,0.086,0.526,1
10,conj_uni,281,19,2,0.309,0.627,1
10,conj_uni,281,20,2,0.458,0.313,1
10,conj_uni,281,21,1,0.646,0,1
10,conj_uni,281,22,1,0.514,0.274,1
10,conj_uni,281,23,2,0.284,0.311,1
10,conj_uni,281,24,2,0.478,0.197,1
10,conj_uni,282,1,1,0.163,0,2
10,conj_uni,282,2,2,0.707,0.617,2
10,conj_uni,282,3,2,0.642,0.622,2
10,conj_uni,282,4,1,0.569,0.249,2
10,conj_uni,282,5,2,0.34,0.548,2
10,conj_uni,282,6,2,0.124,0.52,2
10,conj_uni,282,7,1,0.589,0.646,2
10,conj_uni,282,8,1,0.567,0.112,2
10,conj_uni,282,9,2,0.628,0.27,2
10,conj_uni,282,10,2,0.43,0.493,2
10,conj_uni,282,11,1,0.103,0.069,2
10,conj_uni,282,12,2,0,0.034,2
10,conj_uni,282,13,1,0.045,0.718,2
10,conj_uni,282,14,2,0.7,0.191,2
10,conj_uni,282,15,2,0.526,0.529,2
10,conj_uni,282,16,2,0.328,0.704,2
10,conj_uni,282,17,1,0.236,0.259,2
10,conj_uni,282,18,1,0.446,0.383,2
10,conj_uni,282,19,1,0.206,0.34,2
10,conj_uni,282,20,1,0.469,0.326,2
10,conj_uni,282,21,2,0.725,0.475,2
10,conj_uni,282,22,1,0.642,0.756,2
10,conj_uni,282,23,1,0.329,0.332,2
10,conj_uni,282,24,2,0.756,0.652,2
10,conj_uni,283,1,2,0.644,0.506,3
10,conj_uni,283,2,1,0.546,0.282,3
10,conj_uni,283,3,2,0.508,0.644,3
10,conj_uni,283,4,2,0.425,0.18,3
10,conj_uni,283,5,1,0.515,0.122,3
10,conj_uni,283,6,1,0.593,0,3
10,conj_uni,283,7,2,0.471,0.386,3
10,conj_uni,283,8,1,0.184,0.215,3
10,conj_uni,283,9,2,0.479,0.048,3
10,conj_uni,283,10,2,0.203,0.61,3
10,conj_uni,283,11,1,0.306,0.304,3
10,conj_uni,283,12,2,0.595,0.058,3
10,conj_uni,283,13,1,0.499,0.194,3
10,conj_uni,283,14,2,0.573,0.158,3
10,conj_uni,283,15,2,0.095,0.022,3
10,conj_uni,283,16,1,0,0.727,3
10,conj_uni,283,17,2,0.077,0.316,3
10,conj_uni,283,18,1,0.349,0.007,3
10,conj_uni,283,19,1,0.374,0.062,3
10,conj_uni,283,20,1,0.345,0.711,3
10,conj_uni,283,21,1,0.399,0.252,3
10,conj_uni,283,22,2,0.378,0.661,3
10,conj_uni,283,23,1,0.655,0.065,3
10,conj_uni,283,24,2,0.119,0.6,3
10,conj_uni,284,1,2,0.23,0.099,4
10,conj_uni,284,2,1,0.103,0.205,4
10,conj_uni,284,3,2,0.576,0.237,4
10,conj_uni,284,4,1,0.094,0.537,4
10,conj_uni,284,5,1,0.065,0.464,4
10,conj_uni,284,6,2,0.328,0.256,4
10,conj_uni,284,7,2,0.36,0.037,4
10,conj_uni,284,8,2,0.591,0.351,4
10,conj_uni,284,9,2,0.558,0.18,4
10,conj_uni,284,10,1,0.302,0.055,4
10,conj_uni,284,11,1,0.122,0.049,4
10,conj_uni,284,12,1,0.146,0.68,4
10,conj_uni,284,13,2,0.687,0.092,4
10,conj_uni,284,14,2,0.457,0,4
10,conj_uni,284,15,1,0,0.452,4
10,conj_uni,284,16,1,0.046,0.193,4
10,conj_uni,284,17,2,0.36,0.639,4
10,conj_uni,284,18,1,0.207,0.706,4
10,conj_uni,284,19,2,0.16,0.597,4
10,conj_uni,284,20,1,0.587,0.409,4
10,conj_uni,284,21,2,0.577,0.029,4
10,conj_uni,284,22,2,0.524,0.055,4
10,conj_uni,284,23,1,0.001,0.673,4
10,conj_uni,284,24,1,0.181,0.065,4
10,conj_uni,285,1,1,0.538,0.641,5
10,conj_uni,285,2,2,0.755,0.455,5
10,conj_uni,285,3,2,0.091,0.015,5
10,conj_uni,285,4,1,0.163,0.09,5
10,conj_uni,285,5,2,0.21,0.17,5
10,conj_uni,285,6,2,0,0.265,5
10,conj_uni,285,7,1,0.527,0.055,5
10,conj_uni,285,8,2,0.582,0.316,5
10,conj_uni,285,9,1,0.661,0.543,5
10,conj_uni,285,10,1,0.522,0.489,5
10,conj_uni,285,11,1,0.464,0.656,5
10,conj_uni,285,12,2,0.028,0.555,5
10,conj_uni,285,13,2,0.668,0,5
10,conj_uni,285,14,1,0.416,0.25,5
10,conj_uni,285,15,1,0.586,0.676,5
10,conj_uni,285,16,1,0.085,0.665,5
10,conj_uni,285,17,1,0.614,0.506,5
10,conj_uni,285,18,1,0.072,0.383,5
10,conj_uni,285,19,2,0.141,0.259,5
10,conj_uni,285,20,2,0.475,0.085,5
10,conj_uni,285,21,2,0.218,0.111,5
10,conj_uni,285,22,2,0.324,0.464,5
10,conj_uni,285,23,2,0.755,0.623,5
10,conj_uni,285,24,1,0.151,0.177,5
10,feat_grid,286,1,2,0.245,0.029,1
10,feat_grid,286,2,1,0.458,0,1
10,feat_grid,286,3,1,0.574,0.034,1
10,feat_grid,286,4,1,0.004,0.13,1
10,feat_grid,286,5,1,0.138,0.115,1
10,feat_grid,286,6,1,0.269,0.137,1
10,feat_grid,286,7,2,0.356,0.143,1
10,feat_grid,286,8,2,0.46,0.136,1
10,feat_grid,286,9,2,0.128,0.257,1
10,feat_grid,286,10,1,0.222,0.249,1
10,feat_grid,286,11,2,0.342,0.241,1
10,feat_grid,286,12,1,0.013,0.378,1
10,feat_grid,286,13,1,0.249,0.369,1
10,feat_grid,286,14,2,0,0.479,1
10,feat_grid,286,15,1,0.124,0.484,1
10,feat_grid,286,16,2,0.232,0.458,1
10,feat_grid,286,17,2,0.366,0.486,1
10,feat_grid,286,18,2,0.583,0.488,1
10,feat_grid,286,19,1,0.133,0.607,1
10,feat_grid,286,20,1,0.356,0.604,1
10,feat_grid,286,21,2,0.587,0.597,1
10,feat_grid,286,22,1,0.015,0.729,1
10,feat_grid,286,23,2,0.119,0.721,1
10,feat_grid,286,24,2,0.341,0.707,1
10,feat_grid,287,1,1,0.245,0,2
10,feat_grid,287,2,1,0.464,0.016,2
10,feat_grid,287,3,2,0.692,0.01,2
10,feat_grid,287,4,2,0.124,0.13,2
10,feat_grid,287,5,2,0.227,0.124,2
10,feat_grid,287,6,1,0.355,0.113,2
10,feat_grid,287,7,1,0.465,0.121,2
10,feat_grid,287,8,1,0.691,0.129,2
10,feat_grid,287,9,2,0.244,0.23,2
10,feat_grid,287,10,2,0.349,0.239,2
10,feat_grid,287,11,1,0.707,0.248,2
10,feat_grid,287,12,2,0.242,0.338,2
10,feat_grid,287,13,1,0.351,0.355,2
10,feat_grid,287,14,1,0.579,0.362,2
10,feat_grid,287,15,1,0.68,0.342,2
10,feat_grid,287,16,1,0.124,0.49,2
10,feat_grid,287,17,2,0.345,0.469,2
10,feat_grid,287,18,2,0.582,0.46,2
10,feat_grid,287,19,2,0.702,0.445,2
10,feat_grid,287,20,2,0,0.586,2
10,feat_grid,287,21,2,0.597,0.603,2
10,feat_grid,287,22,1,0.68,0.58,2
10,feat_grid,287,23,1,0.237,0.702,2
10,feat_grid,287,24,2,0.575,0.687,2
10,feat_grid,288,1,2,0.199,0,3
10,feat_grid,288,2,1,0.452,0.007,3
10,feat_grid,288,3,2,0.675,0.013,3
10,feat_grid,288,4,1,0.002,0.119,3
10,feat_grid,288,5,2,0.333,0.132,3
10,feat_grid,288,6,2,0.464,0.143,3
10,feat_grid,288,7,2,0.552,0.135,3
10,feat_grid,288,8,2,0,0.251,3
10,feat_grid,288,9,2,0.096,0.258,3
10,feat_grid,288,10,1,0.222,0.256,3
10,feat_grid,288,11,2,0.339,0.241,3
10,feat_grid,288,12,1,0.096,0.368,3
10,feat_grid,288,13,2,0.21,0.352,3
10,feat_grid,288,14,2,0.452,0.359,3
10,feat_grid,288,15,1,0.586,0.377,3
10,feat_grid,288,16,1,0.03,0.481,3
10,feat_grid,288,17,1,0.128,0.476,3
10,feat_grid,288,18,1,0.213,0.472,3
10,feat_grid,288,19,1,0.304,0.485,3
10,feat_grid,288,20,2,0.548,0.461,3
10,feat_grid,288,21,1,0.679,0.48,3
10,feat_grid,288,22,1,0.438,0.597,3
10,feat_grid,288,23,1,0.563,0.588,3
10,feat_grid,288,24,2,0.566,0.713,3
10,feat_grid,289,1,1,0.013,0.004,4
10,feat_grid,289,2,2,0.358,0,4
10,feat_grid,289,3,2,0.683,0.012,4
10,feat_grid,289,4,2,0,0.119,4
10,feat_grid,289,5,2,0.242,0.115,4
10,feat_grid,289,6,2,0.35,0.133,4
10,feat_grid,289,7,1,0.02,0.249,4
10,feat_grid,289,8,2,0.115,0.233,4
10,feat_grid,289,9,1,0.241,0.235,4
10,feat_grid,289,10,1,0.711,0.258,4
10,feat_grid,289,11,2,0.001,0.354,4
10,feat_grid,289,12,1,0.122,0.349,4
10,feat_grid,289,13,1,0.465,0.348,4
10,feat_grid,289,14,1,0.579,0.343,4
10,feat_grid,289,15,1,0.685,0.352,4
10,feat_grid,289,16,2,0.128,0.457,4
10,feat_grid,289,17,1,0.239,0.477,4
10,feat_grid,289,18,1,0.576,0.474,4
10,feat_grid,289,19,2,0.261,0.606,4
10,feat_grid,289,20,1,0.485,0.57,4
10,feat_grid,289,21,1,0.709,0.597,4
10,feat_grid,289,22,2,0.01,0.699,4
10,feat_grid,289,23,2,0.598,0.676,4
10,feat_grid,289,24,2,0.713,0.705,4
10,feat_grid,290,1,2,0.111,0.033,5
10,feat_grid,290,2,2,0.228,0.032,5
10,feat_grid,290,3,1,0.349,0.026,5
10,feat_grid,290,4,1,0.447,0.034,5
10,feat_grid,290,5,2,0.594,0,5
10,feat_grid,290,6,2,0.014,0.113,5
10,feat_grid,290,7,1,0.12,0.132,5
10,feat_grid,290,8,1,0.698,0.145,5
10,feat_grid,290,9,2,0.014,0.262,5
10,feat_grid,290,10,2,0.111,0.248,5
10,feat_grid,290,11,1,0.233,0.276,5
10,feat_grid,290,12,1,0.46,0.255,5
10,feat_grid,290,13,1,0.58,0.256,5
10,feat_grid,290,14,1,0.006,0.379,5
10,feat_grid,290,15,1,0.357,0.38,5
10,feat_grid,290,16,2,0.458,0.358,5
10,feat_grid,290,17,2,0.329,0.462,5
10,feat_grid,290,18,1,0.707,0.492,5
10,feat_grid,290,19,2,0,0.591,5
10,feat_grid,290,20,2,0.458,0.599,5
10,feat_grid,290,21,1,0.566,0.613,5
10,feat_grid,290,22,2,0.697,0.587,5
10,feat_grid,290,23,2,0.007,0.717,5
10,feat_grid,290,24,1,0.698,0.707,5
10,feat_rot,291,1,1,0.502,0,1
10,feat_rot,291,2,2,0.639,0.173,1
10,feat_rot,291,3,2,0.817,0.339,1
10,feat_rot,291,4,2,0.987,0.499,1
10,feat_rot,291,5,1,0.554,0.247,1
10,feat_rot,291,6,2,0.744,0.42,1
10,feat_rot,291,7,2,0.881,0.57,1
10,feat_rot,291,8,2,0.311,0.172,1
10,feat_rot,291,9,1,0.419,0.243,1
10,feat_rot,291,10,1,0.494,0.326,1
10,feat_rot,291,11,1,0.58,0.419,1
10,feat_rot,291,12,2,0.809,0.674,1
10,feat_rot,291,13,2,0.232,0.241,1
10,feat_rot,291,14,1,0.402,0.416,1
10,feat_rot,291,15,1,0.47,0.491,1
10,feat_rot,291,16,2,0.559,0.575,1
10,feat_rot,291,17,1,0.649,0.68,1
10,feat_rot,291,18,1,0.722,0.76,1
10,feat_rot,291,19,1,0.153,0.325,1
10,feat_rot,291,20,2,0.393,0.726,1
10,feat_rot,291,21,2,0.502,0.81,1
10,feat_rot,291,22,1,0,0.501,1
10,feat_rot,291,23,1,0.067,0.565,1
10,feat_rot,291,24,2,0.406,0.908,1
10,feat_rot,292,1,2,0.312,0,2
10,feat_rot,292,2,1,0.408,0.078,2
10,feat_rot,292,3,1,0.796,0.482,2
10,feat_rot,292,4,1,0.231,0.083,2
10,feat_rot,292,5,1,0.323,0.15,2
10,feat_rot,292,6,1,0.555,0.418,2
10,feat_rot,292,7,2,0.726,0.579,2
10,feat_rot,292,8,2,0.307,0.326,2
10,feat_rot,292,9,1,0.407,0.401,2
10,feat_rot,292,10,2,0.492,0.488,2
10,feat_rot,292,11,2,0.562,0.562,2
10,feat_rot,292,12,1,0.079,0.236,2
10,feat_rot,292,13,2,0.155,0.326,2
10,feat_rot,292,14,1,0.4,0.558,2
10,feat_rot,292,15,1,0.145,0.486,2
10,feat_rot,292,16,1,0.258,0.556,2
10,feat_rot,292,17,1,0.305,0.642,2
10,feat_rot,292,18,2,0.461,0.809,2
10,feat_rot,292,19,2,0.004,0.485,2
10,feat_rot,292,20,2,0.41,0.915,2
10,feat_rot,292,21,2,0,0.643,2
10,feat_rot,292,22,2,0.072,0.739,2
10,feat_rot,292,23,2,0.238,0.9,2
10,feat_rot,292,24,1,0.325,0.968,2
10,feat_rot,293,1,2,0.327,0,3
10,feat_rot,293,2,1,0.402,0.079,3
10,feat_rot,293,3,2,0.481,0.154,3
10,feat_rot,293,4,2,0.649,0.319,3
10,feat_rot,293,5,2,0.73,0.412,3
10,feat_rot,293,6,2,0.476,0.34,3
10,feat_rot,293,7,1,0.589,0.404,3
10,feat_rot,293,8,1,0.755,0.565,3
10,feat_rot,293,9,1,0.159,0.156,3
10,feat_rot,293,10,1,0.329,0.339,3
10,feat_rot,293,11,1,0.584,0.586,3
10,feat_rot,293,12,2,0.645,0.649,3
10,feat_rot,293,13,1,0.169,0.313,3
10,feat_rot,293,14,2,0.247,0.419,3
10,feat_rot,293,15,2,0.01,0.318,3
10,feat_rot,293,16,1,0.085,0.401,3
10,feat_rot,293,17,2,0.196,0.481,3
10,feat_rot,293,18,1,0.323,0.66,3
10,feat_rot,293,19,2,0.511,0.812,3
10,feat_rot,293,20,1,0,0.498,3
10,feat_rot,293,21,2,0.406,0.884,3
10,feat_rot,293,22,1,0.079,0.74,3
10,feat_rot,293,23,2,0.169,0.815,3
10,feat_rot,293,24,1,0.242,0.902,3
10,feat_rot,294,1,1,0.493,0,4
10,feat_rot,294,2,2,0.566,0.077,4
10,feat_rot,294,3,2,0.621,0.147,4
10,feat_rot,294,4,1,0.738,0.228,4
10,feat_rot,294,5,1,0.422,0.075,4
10,feat_rot,294,6,2,0.656,0.298,4
10,feat_rot,294,7,2,0.745,0.392,4
10,feat_rot,294,8,1,0.803,0.484,4
10,feat_rot,294,9,2,0.321,0.165,4
10,feat_rot,294,10,2,0.498,0.32,4
10,feat_rot,294,11,2,0.542,0.383,4
10,feat_rot,294,12,2,0.658,0.482,4
10,feat_rot,294,13,1,0.823,0.643,4
10,feat_rot,294,14,1,0.334,0.309,4
10,feat_rot,294,15,1,0.657,0.642,4
10,feat_rot,294,16,2,0.733,0.748,4
10,feat_rot,294,17,1,0.311,0.491,4
10,feat_rot,294,18,1,0.661,0.8,4
10,feat_rot,294,19,2,0.089,0.4,4
10,feat_rot,294,20,2,0.163,0.464,4
10,feat_rot,294,21,1,0.315,0.67,4
10,feat_rot,294,22,1,0,0.497,4
10,feat_rot,294,23,1,0.327,0.803,4
10,feat_rot,294,24,2,0.488,0.984,4
10,feat_rot,295,1,1,0.431,0,5
10,feat_rot,295,2,1,0.654,0.267,5
10,feat_rot,295,3,2,0.722,0.337,5
10,feat_rot,295,4,1,0.847,0.411,5
10,feat_rot,295,5,2,0.408,0.173,5
10,feat_rot,295,6,2,0.492,0.25,5
10,feat_rot,295,7,1,0.576,0.334,5
10,feat_rot,295,8,1,0.744,0.482,5
10,feat_rot,295,9,2,0.244,0.177,5
10,feat_rot,295,10,1,0.421,0.336,5
10,feat_rot,295,11,2,0.57,0.486,5
10,feat_rot,295,12,2,0.171,0.259,5
10,feat_rot,295,13,1,0.276,0.345,5
10,feat_rot,295,14,1,0.342,0.425,5
10,feat_rot,295,15,2,0.095,0.315,5
10,feat_rot,295,16,2,0.171,0.423,5
10,feat_rot,295,17,2,0.267,0.505,5
10,feat_rot,295,18,1,0.421,0.66,5
10,feat_rot,295,19,1,0.584,0.827,5
10,feat_rot,295,20,1,0,0.425,5
10,feat_rot,295,21,2,0.244,0.654,5
10,feat_rot,295,22,1,0.48,0.899,5
10,feat_rot,295,23,2,0.103,0.663,5
10,feat_rot,295,24,2,0.319,0.9,5
10,feat_uni,296,1,1,0.635,0.191,1
10,feat_uni,296,2,2,0.412,0.673,1
10,feat_uni,296,3,1,0.457,0.632,1
10,feat_uni,296,4,2,0.096,0.142,1
10,feat_uni,296,5,1,0.655,0.495,1
10,feat_uni,296,6,1,0.553,0.492,1
10,feat_uni,296,7,1,0.723,0.166,1
10,feat_uni,296,8,2,0.454,0.419,1
10,feat_uni,296,9,1,0.396,0.399,1
10,feat_uni,296,10,1,0.348,0.644,1
10,feat_uni,296,11,2,0.573,0.233,1
10,feat_uni,296,12,1,0.512,0.279,1
10,feat_uni,296,13,1,0.182,0.06,1
10,feat_uni,296,14,1,0.14,0.586,1
10,feat_uni,296,15,2,0.262,0.632,1
10,feat_uni,296,16,2,0.056,0.087,1
10,feat_uni,296,17,2,0.504,0.532,1
10,feat_uni,296,18,2,0.407,0.463,1
10,feat_uni,296,19,1,0,0.151,1
10,feat_uni,296,20,2,0.611,0,1
10,feat_uni,296,21,2,0.249,0.303,1
10,feat_uni,296,22,2,0.3,0.098,1
10,feat_uni,296,23,1,0.506,0.665,1
10,feat_uni,296,24,2,0.401,0.613,1
10,feat_uni,297,1,1,0,0.113,2
10,feat_uni,297,2,2,0.269,0.048,2
10,feat_uni,297,3,1,0.379,0.406,2
10,feat_uni,297,4,2,0.444,0.3,2
10,feat_uni,297,5,1,0.479,0.575,2
10,feat_uni,297,6,1,0.14,0.418,2
10,feat_uni,297,7,1,0.34,0,2
10,feat_uni,297,8,1,0.055,0.094,2
10,feat_uni,297,9,2,0.139,0.196,2
10,feat_uni,297,10,1,0.231,0.457,2
10,feat_uni,297,11,2,0.327,0.631,2
10,feat_uni,297,12,2,0.051,0.035,2
10,feat_uni,297,13,1,0.685,0.046,2
10,feat_uni,297,14,2,0.293,0.317,2
10,feat_uni,297,15,1,0.055,0.533,2
10,feat_uni,297,16,2,0.605,0.348,2
10,feat_uni,297,17,2,0.005,0.635,2
10,feat_uni,297,18,1,0.274,0.133,2
10,feat_uni,297,19,1,0.249,0.188,2
10,feat_uni,297,20,1,0.337,0.362,2
10,feat_uni,297,21,2,0.244,0.281,2
10,feat_uni,297,22,2,0.661,0.509,2
10,feat_uni,297,23,2,0.629,0.267,2
10,feat_uni,297,24,2,0.141,0.477,2
10,feat_uni,298,1,2,0.73,0.16,3
10,feat_uni,298,2,1,0.014,0.359,3
10,feat_uni,298,3,1,0.032,0.061,3
10,feat_uni,298,4,1,0.643,0.766,3
10,feat_uni,298,5,1,0.47,0.572,3
10,feat_uni,298,6,1,0.57,0.566,3
10,feat_uni,298,7,2,0.186,0.69,3
10,feat_uni,298,8,1,0.532,0.701,3
10,feat_uni,298,9,1,0.536,0.14,3
10,feat_uni,298,10,1,0.379,0.77,3
10,feat_uni,298,11,2,0.205,0.482,3
10,feat_uni,298,12,2,0.256,0.036,3
10,feat_uni,298,13,2,0.088,0.024,3
10,feat_uni,298,14,2,0.259,0.509,3
10,feat_uni,298,15,1,0.316,0.529,3
10,feat_uni,298,16,1,0.676,0.457,3
10,feat_uni,298,17,2,0.056,0.611,3
10,feat_uni,298,18,1,0.027,0,3
10,feat_uni,298,19,2,0.089,0.375,3
10,feat_uni,298,20,2,0.564,0.752,3
10,feat_uni,298,21,1,0.286,0.088,3
10,feat_uni,298,22,2,0.707,0.228,3
10,feat_uni,298,23,2,0.634,0.223,3
10,feat_uni,298,24,2,0,0.671,3
10,feat_uni,299,1,1,0.125,0,4
10,feat_uni,299,2,1,0.058,0.194,4
10,feat_uni,299,3,2,0.268,0.005,4
10,feat_uni,299,4,2,0.496,0.506,4
10,feat_uni,299,5,1,0,0.447,4
10,feat_uni,299,6,2,0.305,0.465,4
10,feat_uni,299,7,2,0.258,0.361,4
10,feat_uni,299,8,1,0.099,0.706,4
10,feat_uni,299,9,1,0.645,0.62,4
10,feat_uni,299,10,1,0.03,0.676,4
10,feat_uni,299,11,2,0.101,0.39,4
10,feat_uni,299,12,2,0.643,0.063,4
10,feat_uni,299,13,1,0.592,0.37,4
10,feat_uni,299,14,2,0.308,0.674,4
10,feat_uni,299,15,1,0.171,0.133,4
10,feat_uni,299,16,2,0.241,0.482,4
10,feat_uni,299,17,2,0.437,0.525,4
10,feat_uni,299,18,2,0.505,0.194,4
10,feat_uni,299,19,1,0.743,0.334,4
10,feat_uni,299,20,1,0.489,0.59,4
10,feat_uni,299,21,1,0.07,0.136,4
10,feat_uni,299,22,2,0.418,0.244,4
10,feat_uni,299,23,1,0.478,0.141,4
10,feat_uni,299,24,2,0.366,0.656,4
10,feat_uni,300,1,2,0.369,0.667,5
10,feat_uni,300,2,1,0.651,0.18,5
10,feat_uni,300,3,2,0.569,0.73,5
10,feat_uni,300,4,2,0.598,0.238,5
10,feat_uni,300,5,1,0.706,0.279,5
10,feat_uni,300,6,2,0.3,0.586,5
10,feat_uni,300,7,2,0.496,0,5
10,feat_uni,300,8,2,0.468,0.051,5
10,feat_uni,300,9,2,0.658,0.244,5
10,feat_uni,300,10,1,0.304,0.159,5
10,feat_uni,300,11,1,0.475,0.318,5
10,feat_uni,300,12,1,0.535,0.291,5
10,feat_uni,300,13,1,0.084,0.363,5
10,feat_uni,300,14,1,0.515,0.362,5
10,feat_uni,300,15,1,0.574,0.401,5
10,feat_uni,300,16,2,0.146,0.544,5
10,feat_uni,300,17,1,0.312,0.282,5
10,feat_uni,300,18,1,0,0.429,5
10,feat_uni,300,19,2,0.668,0.526,5
10,feat_uni,300,20,2,0.022,0.151,5
10,feat_uni,300,21,2,0.294,0.049,5
10,feat_uni,300,22,1,0.571,0.34,5
10,feat_uni,300,23,1,0.026,0.256,5
10,feat_uni,300,24,2,0.59,0.664,5
11,conj_grid,301,1,1,0.002,0,1
11,conj_grid,301,2,1,0.115,0.018,1
11,conj_grid,301,3,2,0.239,0.018,1
11,conj_grid,301,4,1,0.708,0.022,1
11,conj_grid,301,5,2,0.103,0.109,1
11,conj_grid,301,6,1,0.554,0.133,1
11,conj_grid,301,7,1,0.693,0.113,1
11,conj_grid,301,8,2,0,0.252,1
11,conj_grid,301,9,1,0.565,0.249,1
11,conj_grid,301,10,1,0.582,0.36,1
11,conj_grid,301,11,2,0,0.462,1
11,conj_grid,301,12,1,0.119,0.486,1
11,conj_grid,301,13,1,0.216,0.473,1
11,conj_grid,301,14,1,0.357,0.458,1
11,conj_grid,301,15,2,0.569,0.484,1
11,conj_grid,301,16,2,0.698,0.461,1
11,conj_grid,301,17,2,0.131,0.569,1
11,conj_grid,301,18,2,0.235,0.58,1
11,conj_grid,301,19,1,0.467,0.586,1
11,conj_grid,301,20,2,0.572,0.591,1
11,conj_grid,301,21,2,0.109,0.702,1
11,conj_grid,301,22,2,0.228,0.69,1
11,conj_grid,301,23,2,0.35,0.71,1
11,conj_grid,301,24,1,0.584,0.723,1
11,conj_grid,302,1,2,0,0,2
11,conj_grid,302,2,2,0.325,0.009,2
11,conj_grid,302,3,2,0.705,0.013,2
11,conj_grid,302,4,1,0.465,0.129,2
11,conj_grid,302,5,2,0.112,0.253,2
11,conj_grid,302,6,2,0.22,0.255,2
11,conj_grid,302,7,1,0.467,0.228,2
11,conj_grid,302,8,1,0.591,0.247,2
11,conj_grid,302,9,2,0.233,0.358,2
11,conj_grid,302,10,1,0.335,0.348,2
11,conj_grid,302,11,2,0.463,0.359,2
11,conj_grid,302,12,2,0.689,0.357,2
11,conj_grid,302,13,1,0.121,0.46,2
11,conj_grid,302,14,1,0.238,0.485,2
11,conj_grid,302,15,2,0.327,0.454,2
11,conj_grid,302,16,2,0.462,0.478,2
11,conj_grid,302,17,1,0.569,0.482,2
11,conj_grid,302,18,2,0.668,0.467,2
11,conj_grid,302,19,1,0,0.6,2
11,conj_grid,302,20,1,0.23,0.58,2
11,conj_grid,302,21,2,0.445,0.595,2
11,conj_grid,302,22,1,0.571,0.596,2
11,conj_grid,302,23,1,0.455,0.708,2
11,conj_grid,302,24,1,0.681,0.693,2
11,conj_grid,303,1,1,0,0,3
11,conj_grid,303,2,1,0.373,0.011,3
11,conj_grid,303,3,1,0.484,0.002,3
11,conj_grid,303,4,2,0.606,0.003,3
11,conj_grid,303,5,2,0.153,0.095,3
11,conj_grid,303,6,1,0.376,0.124,3
11,conj_grid,303,7,2,0.372,0.233,3
11,conj_grid,303,8,2,0.487,0.219,3
11,conj_grid,303,9,1,0.023,0.355,3
11,conj_grid,303,10,2,0.156,0.355,3
11,conj_grid,303,11,1,0.26,0.356,3
11,conj_grid,303,12,2,0.603,0.355,3
11,conj_grid,303,13,1,0.716,0.351,3
11,conj_grid,303,14,2,0.023,0.48,3
11,conj_grid,303,15,1,0.373,0.46,3
11,conj_grid,303,16,2,0.498,0.462,3
11,conj_grid,303,17,2,0.708,0.47,3
11,conj_grid,303,18,1,0.036,0.584,3
11,conj_grid,303,19,2,0.592,0.594,3
11,conj_grid,303,20,1,0.715,0.571,3
11,conj_grid,303,21,1,0.024,0.694,3
11,conj_grid,303,22,1,0.501,0.683,3
11,conj_grid,303,23,2,0.626,0.701,3
11,conj_grid,303,24,2,0.74,0.682,3
11,conj_grid,304,1,2,0.014,0,4
11,conj_grid,304,2,1,0.241,0.019,4
11,conj_grid,304,3,2,0.353,0.012,4
11,conj_grid,304,4,1,0.459,0.014,4
11,conj_grid,304,5,2,0.004,0.12,4
11,conj_grid,304,6,1,0.219,0.131,4
11,conj_grid,304,7,1,0.005,0.247,4
11,conj_grid,304,8,1,0.471,0.254,4
11,conj_grid,304,9,1,0.678,0.258,4
11,conj_grid,304,10,2,0.133,0.37,4
11,conj_grid,304,11,2,0.22,0.376,4
11,conj_grid,304,12,2,0.342,0.35,4
11,conj_grid,304,13,2,0.58,0.369,4
11,conj_grid,304,14,2,0.705,0.366,4
11,conj_grid,304,15,1,0.119,0.474,4
11,conj_grid,304,16,1,0.358,0.487,4
11,conj_grid,304,17,2,0.468,0.47,4
11,conj_grid,304,18,2,0.584,0.485,4
11,conj_grid,304,19,1,0,0.607,4
11,conj_grid,304,20,1,0.243,0.617,4
11,conj_grid,304,21,1,0.329,0.584,4
11,conj_grid,304,22,2,0.591,0.564,4
11,conj_grid,304,23,2,0.105,0.716,4
11,conj_grid,304,24,1,0.363,0.71,4
11,conj_grid,305,1,1,0,0.001,5
11,conj_grid,305,2,1,0.145,0.017,5
11,conj_grid,305,3,1,0.355,0,5
11,conj_grid,305,4,1,0.447,0.022,5
11,conj_grid,305,5,2,0.583,0.023,5
11,conj_grid,305,6,1,0.016,0.124,5
11,conj_grid,305,7,2,0.118,0.109,5
11,conj_grid,305,8,2,0.346,0.131,5
11,conj_grid,305,9,1,0.579,0.123,5
11,conj_grid,305,10,2,0.013,0.23,5
11,conj_grid,305,11,2,0.369,0.25,5
11,conj_grid,305,12,2,0.579,0.227,5
11,conj_grid,305,13,1,0.25,0.37,5
11,conj_grid,305,14,2,0.351,0.463,5
11,conj_grid,305,15,2,0.471,0.458,5
11,conj_grid,305,16,1,0.569,0.476,5
11,conj_grid,305,17,1,0.007,0.595,5
11,conj_grid,305,18,2,0.13,0.606,5
11,conj_grid,305,19,2,0.348,0.583,5
11,conj_grid,305,20,1,0.677,0.583,5
11,conj_grid,305,21,2,0.358,0.705,5
11,conj_grid,305,22,2,0.484,0.694,5
11,conj_grid,305,23,1,0.6,0.691,5
11,conj_grid,305,24,1,0.708,0.708,5
11,conj_rot,306,1,1,0.482,0.007,1
11,conj_rot,306,2,2,0.339,0,1
11,conj_rot,306,3,2,0.43,0.07,1
11,conj_rot,306,4,2,0.487,0.162,1
11,conj_rot,306,5,1,0.58,0.247,1
11,conj_rot,306,6,2,0.252,0.089,1
11,conj_rot,306,7,1,0.334,0.156,1
11,conj_rot,306,8,1,0.433,0.224,1
11,conj_rot,306,9,1,0.574,0.407,1
11,conj_rot,306,10,2,0.668,0.473,1
11,conj_rot,306,11,1,0.751,0.552,1
11,conj_rot,306,12,2,0.419,0.401,1
11,conj_rot,306,13,1,0.556,0.566,1
11,conj_rot,306,14,1,0.173,0.325,1
11,conj_rot,306,15,1,0.338,0.479,1
11,conj_rot,306,16,1,0.41,0.563,1
11,conj_rot,306,17,1,0.509,0.646,1
11,conj_rot,306,18,2,0,0.326,1
11,conj_rot,306,19,1,0.086,0.394,1
11,conj_rot,306,20,2,0.24,0.557,1
11,conj_rot,306,21,2,0.34,0.664,1
11,conj_rot,306,22,2,0.51,0.801,1
11,conj_rot,306,23,2,0.252,0.719,1
11,conj_rot,306,24,2,0.41,0.887,1
11,conj_rot,307,1,1,0.395,0,2
11,conj_rot,307,2,2,0.489,0.098,2
11,conj_rot,307,3,1,0.644,0.244,2
11,conj_rot,307,4,1,0.727,0.328,2
11,conj_rot,307,5,2,0.884,0.487,2
11,conj_rot,307,6,2,0.329,0.107,2
11,conj_rot,307,7,1,0.408,0.16,2
11,conj_rot,307,8,1,0.645,0.407,2
11,conj_rot,307,9,2,0.257,0.162,2
11,conj_rot,307,10,1,0.34,0.252,2
11,conj_rot,307,11,2,0.571,0.495,2
11,conj_rot,307,12,2,0.65,0.595,2
11,conj_rot,307,13,1,0.169,0.252,2
11,conj_rot,307,14,1,0.394,0.48,2
11,conj_rot,307,15,2,0.461,0.573,2
11,conj_rot,307,16,1,0.561,0.65,2
11,conj_rot,307,17,2,0.374,0.634,2
11,conj_rot,307,18,2,0.48,0.751,2
11,conj_rot,307,19,1,0,0.419,2
11,conj_rot,307,20,2,0.232,0.639,2
11,conj_rot,307,21,2,0.472,0.891,2
11,conj_rot,307,22,2,0.082,0.649,2
11,conj_rot,307,23,1,0.164,0.75,2
11,conj_rot,307,24,1,0.403,0.967,2
11,conj_rot,308,1,2,0.421,0,3
11,conj_rot,308,2,1,0.82,0.42,3
11,conj_rot,308,3,2,0.251,0.016,3
11,conj_rot,308,4,2,0.348,0.123,3
11,conj_rot,308,5,2,0.441,0.167,3
11,conj_rot,308,6,1,0.174,0.095,3
11,conj_rot,308,7,1,0.419,0.352,3
11,conj_rot,308,8,1,0.499,0.444,3
11,conj_rot,308,9,2,0.183,0.268,3
11,conj_rot,308,10,1,0.257,0.36,3
11,conj_rot,308,11,1,0.419,0.506,3
11,conj_rot,308,12,2,0.492,0.589,3
11,conj_rot,308,13,2,0.072,0.336,3
11,conj_rot,308,14,1,0.167,0.416,3
11,conj_rot,308,15,1,0.258,0.518,3
11,conj_rot,308,16,2,0.419,0.665,3
11,conj_rot,308,17,2,0.003,0.404,3
11,conj_rot,308,18,1,0.097,0.494,3
11,conj_rot,308,19,1,0.254,0.666,3
11,conj_rot,308,20,2,0,0.567,3
11,conj_rot,308,21,1,0.09,0.661,3
11,conj_rot,308,22,1,0.19,0.761,3
11,conj_rot,308,23,2,0.242,0.84,3
11,conj_rot,308,24,2,0.35,0.915,3
11,conj_rot,309,1,1,0.659,0.07,4
11,conj_rot,309,2,2,0.734,0.157,4
11,conj_rot,309,3,1,0.923,0.33,4
11,conj_rot,309,4,1,0.978,0.405,4
11,conj_rot,309,5,1,0.411,0,4
11,conj_rot,309,6,2,0.509,0.061,4
11,conj_rot,309,7,1,0.581,0.165,4
11,conj_rot,309,8,2,0.739,0.312,4
11,conj_rot,309,9,1,0.902,0.495,4
11,conj_rot,309,10,1,0.741,0.468,4
11,conj_rot,309,11,2,0.818,0.577,4
11,conj_rot,309,12,1,0.241,0.155,4
11,conj_rot,309,13,2,0.338,0.259,4
11,conj_rot,309,14,2,0.417,0.337,4
11,conj_rot,309,15,1,0.494,0.407,4
11,conj_rot,309,16,2,0.583,0.493,4
11,conj_rot,309,17,2,0.751,0.638,4
11,conj_rot,309,18,1,0.174,0.256,4
11,conj_rot,309,19,2,0.234,0.329,4
11,conj_rot,309,20,2,0.501,0.55,4
11,conj_rot,309,21,2,0.083,0.303,4
11,conj_rot,309,22,1,0.414,0.657,4
11,conj_rot,309,23,1,0,0.404,4
11,conj_rot,309,24,2,0.503,0.897,4
11,conj_rot,310,1,1,0.575,0,5
11,conj_rot,310,2,1,0.657,0.075,5
11,conj_rot,310,3,2,0.714,0.165,5
11,conj_rot,310,4,2,0.812,0.249,5
11,conj_rot,310,5,1,0.959,0.401,5
11,conj_rot,310,6,1,0.58,0.167,5
11,conj_rot,310,7,2,0.64,0.265,5
11,conj_rot,310,8,1,0.711,0.318,5
11,conj_rot,310,9,2,0.413,0.182,5
11,conj_rot,310,10,1,0.461,0.25,5
11,conj_rot,310,11,1,0.561,0.319,5
11,conj_rot,310,12,1,0.73,0.492,5
11,conj_rot,310,13,2,0.804,0.554,5
11,conj_rot,310,14,1,0.316,0.262,5
11,conj_rot,310,15,2,0.647,0.563,5
11,conj_rot,310,16,1,0.22,0.333,5
11,conj_rot,310,17,2,0.499,0.567,5
11,conj_rot,310,18,1,0.087,0.325,5
11,conj_rot,310,19,1,0.321,0.582,5
11,conj_rot,310,20,2,0.414,0.671,5
11,conj_rot,310,21,2,0.474,0.739,5
11,conj_rot,310,22,2,0.56,0.797,5
11,conj_rot,310,23,2,0,0.412,5
11,conj_rot,310,24,2,0.496,0.929,5
11,conj_uni,311,1,1,0.022,0.072,1
11,conj_uni,311,2,1,0.538,0,1
11,conj_uni,311,3,1,0.172,0.017,1
11,conj_uni,311,4,2,0.659,0.192,1
11,conj_uni,311,5,2,0.662,0.654,1
11,conj_uni,311,6,1,0.053,0.021,1
11,conj_uni,311,7,2,0.182,0.269,1
11,conj_uni,311,8,2,0.599,0.173,1
11,conj_uni,311,9,2,0.311,0.429,1
11,conj_uni,311,10,2,0.762,0.214,1
11,conj_uni,311,11,2,0.236,0.172,1
11,conj_uni,311,12,1,0.75,0.489,1
11,conj_uni,311,13,1,0.605,0.641,1
11,conj_uni,311,14,2,0.464,0.152,1
11,conj_uni,311,15,1,0.13,0.086,1
11,conj_uni,311,16,2,0.21,0.368,1
11,conj_uni,311,17,1,0.699,0.29,1
11,conj_uni,311,18,1,0.278,0.537,1
11,conj_uni,311,19,1,0,0.323,1
11,conj_uni,311,20,2,0.482,0.348,1
11,conj_uni,311,21,1,0.338,0.732,1
11,conj_uni,311,22,2,0.107,0.322,1
11,conj_uni,311,23,1,0.113,0.029,1
11,conj_uni,311,24,2,0.606,0.58,1
11,conj_uni,312,1,1,0.274,0.618,2
11,conj_uni,312,2,2,0.236,0,2
11,conj_uni,312,3,2,0.758,0.734,2
11,conj_uni,312,4,1,0.622,0.293,2
11,conj_uni,312,5,1,0.215,0.437,2
11,conj_uni,312,6,2,0.129,0.17,2
11,conj_uni,312,7,1,0.272,0.692,2
11,conj_uni,312,8,2,0.346,0.401,2
11,conj_uni,312,9,2,0.321,0.657,2
11,conj_uni,312,10,1,0.453,0.112,2
11,conj_uni,312,11,2,0.19,0.592,2
11,conj_uni,312,12,2,0.718,0.519,2
11,conj_uni,312,13,2,0.694,0.142,2
11,conj_uni,312,14,1,0.382,0.463,2
11,conj_uni,312,15,1,0.268,0.261,2
11,conj_uni,312,16,2,0.547,0.516,2
11,conj_uni,312,17,1,0.696,0.261,2
11,conj_uni,312,18,2,0.289,0.206,2
11,conj_uni,312,19,1,0,0.586,2
11,conj_uni,312,20,2,0.74,0.185,2
11,conj_uni,312,21,1,0.603,0.54,2
11,conj_uni,312,22,2,0.004,0.031,2
11,conj_uni,312,23,1,0.482,0.739,2
11,conj_uni,312,24,1,0.207,0.231,2
11,conj_uni,313,1,2,0.561,0.378,3
11,conj_uni,313,2,1,0.559,0.778,3
11,conj_uni,313,3,1,0.183,0.13,3
11,conj_uni,313,4,2,0.253,0.245,3
11,conj_uni,313,5,1,0,0.067,3
11,conj_uni,313,6,1,0.693,0.45,3
11,conj_uni,313,7,2,0.109,0,3
11,conj_uni,313,8,2,0.068,0.561,3
11,conj_uni,313,9,1,0.298,0.083,3
11,conj_uni,313,10,1,0.545,0.15,3
11,conj_uni,313,11,2,0.429,0.762,3
11,conj_uni,313,12,2,0.224,0.776,3
11,conj_uni,313,13,2,0.23,0.36,3
11,conj_uni,313,14,2,0.224,0.174,3
11,conj_uni,313,15,1,0.304,0.642,3
11,conj_uni,313,16,2,0.238,0.1,3
11,conj_uni,313,17,2,0.135,0.165,3
11,conj_uni,313,18,2,0.422,0.702,3
11,conj_uni,313,19,1,0.186,0.435,3
11,conj_uni,313,20,1,0.103,0.512,3
11,conj_uni,313,21,2,0.566,0.238,3
11,conj_uni,313,22,1,0.577,0.713,3
11,conj_uni,313,23,1,0.341,0.003,3
11,conj_uni,313,24,1,0.62,0.756,3
11,conj_uni,314,1,2,0.458,0.171,4
11,conj_uni,314,2,2,0.096,0.674,4
11,conj_uni,314,3,1,0.01,0.065,4
11,conj_uni,314,4,2,0.31,0.56,4
11,conj_uni,314,5,1,0.485,0.522,4
11,conj_uni,314,6,1,0.458,0.083,4
11,conj_uni,314,7,1,0.034,0.583,4
11,conj_uni,314,8,2,0.021,0.39,4
11,conj_uni,314,9,2,0.167,0.441,4
11,conj_uni,314,10,1,0.284,0.506,4
11,conj_uni,314,11,1,0,0,4
11,conj_uni,314,12,1,0.389,0.629,4
11,conj_uni,314,13,2,0.469,0.407,4
11,conj_uni,314,14,1,0.49,0.677,4
11,conj_uni,314,15,2,0.535,0.491,4
11,conj_uni,314,16,2,0.073,0.204,4
11,conj_uni,314,17,1,0.34,0.365,4
11,conj_uni,314,18,1,0.105,0.733,4
11,conj_uni,314,19,2,0.284,0.348,4
11,conj_uni,314,20,1,0.642,0.163,4
11,conj_uni,314,21,2,0.126,0.29,4
11,conj_uni,314,22,2,0.698,0.192,4
11,conj_uni,314,23,1,0.157,0.701,4
11,conj_uni,314,24,2,0.389,0.454,4
11,conj_uni,315,1,1,0.33,0.75,5
11,conj_uni,315,2,2,0.337,0.292,5
11,conj_uni,315,3,1,0.303,0.448,5
11,conj_uni,315,4,1,0.177,0.561,5
11,conj_uni,315,5,1,0.543,0.629,5
11,conj_uni,315,6,2,0.035,0.171,5
11,conj_uni,315,7,1,0.369,0,5
11,conj_uni,315,8,1,0.237,0.009,5
11,conj_uni,315,9,2,0.162,0.26,5
11,conj_uni,315,10,2,0.04,0.391,5
11,conj_uni,315,11,2,0.032,0.493,5
11,conj_uni,315,12,1,0.52,0.012,5
11,conj_uni,315,13,1,0.719,0.376,5
11,conj_uni,315,14,2,0.348,0.489,5
11,conj_uni,315,15,2,0,0.442,5
11,conj_uni,315,16,2,0.338,0.616,5
11,conj_uni,315,17,2,0.487,0.65,5
11,conj_uni,315,18,1,0.765,0.154,5
11,conj_uni,315,19,1,0.259,0.064,5
11,conj_uni,315,20,2,0.18,0.66,5
11,conj_uni,315,21,2,0.359,0.561,5
11,conj_uni,315,22,2,0.464,0.536,5
11,conj_uni,315,23,1,0.639,0.479,5
11,conj_uni,315,24,1,0.344,0.405,5
11,feat_grid,316,1,1,0.252,0.005,1
11,feat_grid,316,2,1,0.473,0,1
11,feat_grid,316,3,1,0.566,0.01,1
11,feat_grid,316,4,1,0,0.112,1
11,feat_grid,316,5,1,0.251,0.107,1
11,feat_grid,316,6,2,0.479,0.124,1
11,feat_grid,316,7,2,0.687,0.108,1
11,feat_grid,316,8,1,0.241,0.234,1
11,feat_grid,316,9,1,0.36,0.228,1
11,feat_grid,316,10,2,0.476,0.218,1
11,feat_grid,316,11,2,0.578,0.224,1
11,feat_grid,316,12,2,0.584,0.353,1
11,feat_grid,316,13,1,0.108,0.453,1
11,feat_grid,316,14,1,0.339,0.472,1
11,feat_grid,316,15,2,0.476,0.48,1
11,feat_grid,316,16,1,0.56,0.469,1
11,feat_grid,316,17,2,0.705,0.459,1
11,feat_grid,316,18,2,0.134,0.572,1
11,feat_grid,316,19,2,0.341,0.584,1
11,feat_grid,316,20,1,0.698,0.581,1
11,feat_grid,316,21,2,0,0.705,1
11,feat_grid,316,22,1,0.134,0.696,1
11,feat_grid,316,23,2,0.363,0.684,1
11,feat_grid,316,24,2,0.451,0.694,1
11,feat_grid,317,1,1,0.473,0,2
11,feat_grid,317,2,2,0.011,0.12,2
11,feat_grid,317,3,2,0.114,0.105,2
11,feat_grid,317,4,1,0.465,0.112,2
11,feat_grid,317,5,2,0.106,0.216,2
11,feat_grid,317,6,1,0.332,0.216,2
11,feat_grid,317,7,1,0.571,0.244,2
11,feat_grid,317,8,2,0.118,0.343,2
11,feat_grid,317,9,2,0.262,0.343,2
11,feat_grid,317,10,1,0.342,0.351,2
11,feat_grid,317,11,1,0.448,0.353,2
11,feat_grid,317,12,2,0.682,0.335,2
11,feat_grid,317,13,2,0.231,0.448,2
11,feat_grid,317,14,2,0.003,0.565,2
11,feat_grid,317,15,2,0.112,0.583,2
11,feat_grid,317,16,1,0.36,0.593,2
11,feat_grid,317,17,2,0.456,0.576,2
11,feat_grid,317,18,2,0.564,0.576,2
11,feat_grid,317,19,1,0.708,0.563,2
11,feat_grid,317,20,1,0,0.674,2
11,feat_grid,317,21,2,0.117,0.699,2
11,feat_grid,317,22,1,0.215,0.671,2
11,feat_grid,317,23,1,0.359,0.693,2
11,feat_grid,317,24,1,0.476,0.68,2
11,feat_grid,318,1,2,0.223,0.011,3
11,feat_grid,318,2,2,0.33,0.006,3
11,feat_grid,318,3,1,0.459,0.001,3
11,feat_grid,318,4,1,0.586,0,3
11,feat_grid,318,5,2,0.714,0.006,3
11,feat_grid,318,6,2,0,0.132,3
11,feat_grid,318,7,2,0.095,0.123,3
11,feat_grid,318,8,1,0.208,0.124,3
11,feat_grid,318,9,2,0.339,0.143,3
11,feat_grid,318,10,1,0.455,0.117,3
11,feat_grid,318,11,2,0.108,0.253,3
11,feat_grid,318,12,2,0.348,0.253,3
11,feat_grid,318,13,1,0.688,0.244,3
11,feat_grid,318,14,2,0.337,0.356,3
11,feat_grid,318,15,2,0.681,0.363,3
11,feat_grid,318,16,1,0.346,0.462,3
11,feat_grid,318,17,2,0.007,0.587,3
11,feat_grid,318,18,1,0.328,0.581,3
11,feat_grid,318,19,1,0.456,0.576,3
11,feat_grid,318,20,1,0.68,0.589,3
11,feat_grid,318,21,1,0.1,0.699,3
11,feat_grid,318,22,2,0.225,0.721,3
11,feat_grid,318,23,1,0.33,0.695,3
11,feat_grid,318,24,1,0.675,0.696,3
11,feat_grid,319,1,1,0,0.024,4
11,feat_grid,319,2,1,0.218,0,4
11,feat_grid,319,3,2,0.108,0.134,4
11,feat_grid,319,4,1,0.239,0.111,4
11,feat_grid,319,5,1,0.355,0.114,4
11,feat_grid,319,6,2,0.455,0.141,4
11,feat_grid,319,7,1,0.673,0.123,4
11,feat_grid,319,8,1,0.448,0.261,4
11,feat_grid,319,9,2,0.575,0.222,4
11,feat_grid,319,10,2,0.702,0.248,4
11,feat_grid,319,11,2,0.016,0.372,4
11,feat_grid,319,12,2,0.109,0.362,4
11,feat_grid,319,13,1,0.228,0.356,4
11,feat_grid,319,14,2,0.352,0.367,4
11,feat_grid,319,15,1,0.588,0.358,4
11,feat_grid,319,16,2,0.013,0.478,4
11,feat_grid,319,17,2,0.109,0.453,4
11,feat_grid,319,18,1,0.326,0.455,4
11,feat_grid,319,19,1,0.564,0.462,4
11,feat_grid,319,20,2,0.688,0.484,4
11,feat_grid,319,21,1,0.234,0.586,4
11,feat_grid,319,22,1,0.563,0.574,4
11,feat_grid,319,23,2,0.367,0.71,4
11,feat_grid,319,24,2,0.575,0.693,4
11,feat_grid,320,1,1,0.104,0.019,5
11,feat_grid,320,2,2,0.348,0.021,5
11,feat_grid,320,3,1,0.464,0.003,5
11,feat_grid,320,4,1,0.57,0.012,5
11,feat_grid,320,5,1,0.704,0,5
11,feat_grid,320,6,1,0.004,0.125,5
11,feat_grid,320,7,1,0.12,0.128,5
11,feat_grid,320,8,1,0.453,0.14,5
11,feat_grid,320,9,2,0,0.243,5
11,feat_grid,320,10,2,0.1,0.253,5
11,feat_grid,320,11,2,0.23,0.244,5
11,feat_grid,320,12,2,0.36,0.275,5
11,feat_grid,320,13,2,0.23,0.371,5
11,feat_grid,320,14,1,0.443,0.382,5
11,feat_grid,320,15,1,0.69,0.36,5
11,feat_grid,320,16,2,0.124,0.493,5
11,feat_grid,320,17,1,0.346,0.49,5
11,feat_grid,320,18,2,0.681,0.485,5
11,feat_grid,320,19,2,0.133,0.594,5
11,feat_grid,320,20,1,0.573,0.591,5
11,feat_grid,320,21,2,0.111,0.698,5
11,feat_grid,320,22,1,0.345,0.731,5
11,feat_grid,320,23,2,0.468,0.708,5
11,feat_grid,320,24,2,0.571,0.691,5
11,feat_rot,321,1,2,0.577,0,1
11,feat_rot,321,2,2,0.662,0.082,1
11,feat_rot,321,3,2,0.81,0.25,1
11,feat_rot,321,4,1,0.997,0.425,1
11,feat_rot,321,5,1,0.417,0.001,1
11,feat_rot,321,6,2,0.501,0.106,1
11,feat_rot,321,7,2,0.574,0.173,1
11,feat_rot,321,8,1,0.741,0.336,1
11,feat_rot,321,9,1,0.902,0.507,1
11,feat_rot,321,10,1,0.421,0.182,1
11,feat_rot,321,11,2,0.498,0.265,1
11,feat_rot,321,12,1,0.756,0.48,1
11,feat_rot,321,13,1,0.416,0.334,1
11,feat_rot,321,14,1,0.499,0.414,1
11,feat_rot,321,15,1,0.654,0.589,1
11,feat_rot,321,16,2,0.341,0.421,1
11,feat_rot,321,17,1,0.429,0.503,1
11,feat_rot,321,18,1,0.567,0.655,1
11,feat_rot,321,19,1,0.096,0.325,1
11,feat_rot,321,20,2,0.164,0.406,1
11,feat_rot,321,21,2,0.243,0.502,1
11,feat_rot,321,22,2,0,0.4,1
11,feat_rot,321,23,2,0.325,0.734,1
11,feat_rot,321,24,2,0.401,0.824,1
11,feat_rot,322,1,2,0.656,0.1,2
11,feat_rot,322,2,1,0.847,0.269,2
11,feat_rot,322,3,2,0.42,0,2
11,feat_rot,322,4,1,0.484,0.097,2
11,feat_rot,322,5,1,0.66,0.269,2
11,feat_rot,322,6,1,0.867,0.424,2
11,feat_rot,322,7,2,0.252,0.02,2
11,feat_rot,322,8,1,0.592,0.341,2
11,feat_rot,322,9,2,0.599,0.501,2
11,feat_rot,322,10,1,0.667,0.595,2
11,feat_rot,322,11,1,0.174,0.24,2
11,feat_rot,322,12,2,0.273,0.339,2
11,feat_rot,322,13,1,0.344,0.44,2
11,feat_rot,322,14,2,0.502,0.572,2
11,feat_rot,322,15,2,0.588,0.676,2
11,feat_rot,322,16,2,0,0.257,2
11,feat_rot,322,17,1,0.18,0.426,2
11,feat_rot,322,18,1,0.267,0.52,2
11,feat_rot,322,19,2,0.348,0.573,2
11,feat_rot,322,20,1,0.501,0.756,2
11,feat_rot,322,21,1,0.19,0.578,2
11,feat_rot,322,22,2,0.248,0.677,2
11,feat_rot,322,23,2,0.362,0.742,2
11,feat_rot,322,24,2,0.423,0.846,2
11,feat_rot,323,1,1,0.325,0,3
11,feat_rot,323,2,1,0.393,0.067,3
11,feat_rot,323,3,2,0.502,0.145,3
11,feat_rot,323,4,2,0.726,0.392,3
11,feat_rot,323,5,2,0.808,0.477,3
11,feat_rot,323,6,1,0.335,0.145,3
11,feat_rot,323,7,2,0.411,0.22,3
11,feat_rot,323,8,2,0.59,0.408,3
11,feat_rot,323,9,1,0.658,0.497,3
11,feat_rot,323,10,1,0.176,0.16,3
11,feat_rot,323,11,2,0.496,0.485,3
11,feat_rot,323,12,2,0.102,0.231,3
11,feat_rot,323,13,1,0.162,0.316,3
11,feat_rot,323,14,2,0.339,0.479,3
11,feat_rot,323,15,2,0.497,0.646,3
11,feat_rot,323,16,1,0.572,0.722,3
11,feat_rot,323,17,1,0.096,0.391,3
11,feat_rot,323,18,1,0.304,0.661,3
11,feat_rot,323,19,1,0.164,0.657,3
11,feat_rot,323,20,1,0.411,0.891,3
11,feat_rot,323,21,2,0,0.649,3
11,feat_rot,323,22,1,0.15,0.828,3
11,feat_rot,323,23,2,0.254,0.886,3
11,feat_rot,323,24,2,0.326,0.969,3
11,feat_rot,324,1,2,0.4,0,4
11,feat_rot,324,2,1,0.479,0.082,4
11,feat_rot,324,3,2,0.565,0.156,4
11,feat_rot,324,4,1,0.639,0.253,4
11,feat_rot,324,5,2,0.728,0.346,4
11,feat_rot,324,6,1,0.326,0.084,4
11,feat_rot,324,7,1,0.429,0.167,4
11,feat_rot,324,8,2,0.484,0.239,4
11,feat_rot,324,9,1,0.57,0.337,4
11,feat_rot,324,10,2,0.405,0.309,4
11,feat_rot,324,11,1,0.67,0.587,4
11,feat_rot,324,12,1,0.258,0.342,4
11,feat_rot,324,13,1,0.491,0.557,4
11,feat_rot,324,14,2,0.645,0.715,4
11,feat_rot,324,15,2,0.154,0.41,4
11,feat_rot,324,16,1,0.242,0.501,4
11,feat_rot,324,17,2,0.431,0.655,4
11,feat_rot,324,18,1,0.471,0.73,4
11,feat_rot,324,19,2,0,0.418,4
11,feat_rot,324,20,2,0.154,0.572,4
11,feat_rot,324,21,2,0.409,0.815,4
11,feat_rot,324,22,2,0.172,0.733,4
11,feat_rot,324,23,1,0.327,0.899,4
11,feat_rot,324,24,1,0.402,0.977,4
11,feat_rot,325,1,1,0.486,0.006,5
11,feat_rot,325,2,2,0.573,0.068,5
11,feat_rot,325,3,2,0.681,0.147,5
11,feat_rot,325,4,1,0.74,0.234,5
11,feat_rot,325,5,1,0.834,0.324,5
11,feat_rot,325,6,2,0.913,0.404,5
11,feat_rot,325,7,2,0.329,0,5
11,feat_rot,325,8,1,0.578,0.238,5
11,feat_rot,325,9,1,0.674,0.319,5
11,feat_rot,325,10,2,0.643,0.492,5
11,feat_rot,325,11,1,0.163,0.158,5
11,feat_rot,325,12,1,0.35,0.33,5
11,feat_rot,325,13,1,0.399,0.412,5
11,feat_rot,325,14,2,0.675,0.645,5
11,feat_rot,325,15,1,0.17,0.318,5
11,feat_rot,325,16,2,0.249,0.42,5
11,feat_rot,325,17,2,0.422,0.554,5
11,feat_rot,325,18,1,0,0.313,5
11,feat_rot,325,19,2,0.073,0.4,5
11,feat_rot,325,20,2,0.254,0.569,5
11,feat_rot,325,21,2,0.323,0.638,5
11,feat_rot,325,22,1,0.498,0.81,5
11,feat_rot,325,23,1,0.234,0.741,5
11,feat_rot,325,24,2,0.42,0.875,5
11,feat_uni,326,1,1,0.13,0.048,1
11,feat_uni,326,2,2,0.103,0.317,1
11,feat_uni,326,3,1,0.243,0.033,1
11,feat_uni,326,4,2,0,0.124,1
11,feat_uni,326,5,2,0.428,0.671,1
11,feat_uni,326,6,1,0.355,0.185,1
11,feat_uni,326,7,2,0.667,0.487,1
11,feat_uni,326,8,2,0.191,0.362,1
11,feat_uni,326,9,2,0.223,0.616,1
11,feat_uni,326,10,2,0.559,0.646,1
11,feat_uni,326,11,1,0.625,0.119,1
11,feat_uni,326,12,1,0.294,0.54,1
11,feat_uni,326,13,1,0.311,0.125,1
11,feat_uni,326,14,2,0.643,0.308,1
11,feat_uni,326,15,2,0.281,0.176,1
11,feat_uni,326,16,2,0.307,0.397,1
11,feat_uni,326,17,1,0.283,0.708,1
11,feat_uni,326,18,1,0.399,0.57,1
11,feat_uni,326,19,1,0.302,0.637,1
11,feat_uni,326,20,1,0.581,0.701,1
11,feat_uni,326,21,1,0.056,0.612,1
11,feat_uni,326,22,2,0.414,0,1
11,feat_uni,326,23,1,0.393,0.776,1
11,feat_uni,326,24,2,0.189,0.056,1
11,feat_uni,327,1,2,0.026,0.255,2
11,feat_uni,327,2,2,0.595,0.579,2
11,feat_uni,327,3,2,0.397,0.119,2
11,feat_uni,327,4,2,0.7,0.374,2
11,feat_uni,327,5,1,0.665,0.013,2
11,feat_uni,327,6,1,0.055,0.561,2
11,feat_uni,327,7,2,0.697,0.315,2
11,feat_uni,327,8,1,0.495,0.224,2
11,feat_uni,327,9,1,0.668,0.133,2
11,feat_uni,327,10,2,0.457,0.728,2
11,feat_uni,327,11,2,0.627,0.477,2
11,feat_uni,327,12,1,0.343,0.142,2
11,feat_uni,327,13,1,0.57,0.198,2
11,feat_uni,327,14,1,0.325,0.659,2
11,feat_uni,327,15,1,0.242,0,2
11,feat_uni,327,16,1,0.04,0.174,2
11,feat_uni,327,17,1,0.266,0.21,2
11,feat_uni,327,18,1,0.053,0.645,2
11,feat_uni,327,19,2,0,0.368,2
11,feat_uni,327,20,2,0.108,0.068,2
11,feat_uni,327,21,1,0.371,0.451,2
11,feat_uni,327,22,2,0.324,0.199,2
11,feat_uni,327,23,2,0.682,0.191,2
11,feat_uni,327,24,2,0.499,0.346,2
11,feat_uni,328,1,2,0.146,0.012,3
11,feat_uni,328,2,1,0.458,0.047,3
11,feat_uni,328,3,1,0.325,0.475,3
11,feat_uni,328,4,1,0.567,0.173,3
11,feat_uni,328,5,2,0,0.359,3
11,feat_uni,328,6,1,0.446,0.705,3
11,feat_uni,328,7,2,0.071,0.503,3
11,feat_uni,328,8,2,0.358,0.418,3
11,feat_uni,328,9,2,0.479,0.599,3
11,feat_uni,328,10,1,0.35,0.625,3
11,feat_uni,328,11,1,0.531,0.453,3
11,feat_uni,328,12,1,0.024,0.712,3
11,feat_uni,328,13,2,0.622,0,3
11,feat_uni,328,14,2,0.532,0.393,3
11,feat_uni,328,15,1,0.37,0.281,3
11,feat_uni,328,16,1,0.539,0.089,3
11,feat_uni,328,17,2,0.084,0.71,3
11,feat_uni,328,18,2,0.039,0.58,3
11,feat_uni,328,19,1,0.48,0.162,3
11,feat_uni,328,20,2,0.194,0.582,3
11,feat_uni,328,21,1,0.29,0.546,3
11,feat_uni,328,22,2,0.16,0.199,3
11,feat_uni,328,23,2,0.019,0.429,3
11,feat_uni,328,24,1,0.185,0.424,3
11,feat_uni,329,1,1,0.54,0.024,4
11,feat_uni,329,2,1,0.61,0.235,4
11,feat_uni,329,3,2,0.549,0.227,4
11,feat_uni,329,4,2,0.05,0.682,4
11,feat_uni,329,5,2,0.08,0.734,4
11,feat_uni,329,6,2,0.685,0.542,4
11,feat_uni,329,7,1,0,0.028,4
11,feat_uni,329,8,1,0.51,0.493,4
11,feat_uni,329,9,2,0.157,0.699,4
11,feat_uni,329,10,1,0.363,0.711,4
11,feat_uni,329,11,1,0.629,0.618,4
11,feat_uni,329,12,2,0.51,0.561,4
11,feat_uni,329,13,1,0.472,0.1,4
11,feat_uni,329,14,1,0.243,0.017,4
11,feat_uni,329,15,2,0.604,0.728,4
11,feat_uni,329,16,1,0.269,0.071,4
11,feat_uni,329,17,1,0.613,0.295,4
11,feat_uni,329,18,2,0.562,0.456,4
11,feat_uni,329,19,2,0.151,0.639,4
11,feat_uni,329,20,1,0.091,0.148,4
11,feat_uni,329,21,1,0.322,0.629,4
11,feat_uni,329,22,2,0.66,0,4
11,feat_uni,329,23,2,0.4,0.378,4
11,feat_uni,329,24,2,0.391,0.658,4
11,feat_uni,330,1,1,0.514,0.247,5
11,feat_uni,330,2,1,0.709,0.342,5
11,feat_uni,330,3,2,0.233,0.388,5
11,feat_uni,330,4,1,0.401,0.516,5
11,feat_uni,330,5,2,0.622,0.158,5
11,feat_uni,330,6,1,0.285,0.508,5
11,feat_uni,330,7,1,0.389,0.459,5
11,feat_uni,330,8,1,0.324,0.176,5
11,feat_uni,330,9,2,0.332,0.117,5
11,feat_uni,330,10,2,0.379,0,5
11,feat_uni,330,11,1,0.009,0.357,5
11,feat_uni,330,12,2,0.236,0.663,5
11,feat_uni,330,13,2,0.075,0.577,5
11,feat_uni,330,14,2,0.758,0.268,5
11,feat_uni,330,15,2,0.46,0.327,5
11,feat_uni,330,16,2,0.708,0.402,5
11,feat_uni,330,17,1,0.645,0.504,5
11,feat_uni,330,18,1,0.338,0.044,5
11,feat_uni,330,19,1,0.745,0.555,5
11,feat_uni,330,20,1,0.444,0.44,5
11,feat_uni,330,21,2,0.348,0.715,5
11,feat_uni,330,22,2,0.545,0.417,5
11,feat_uni,330,23,2,0,0.083,5
11,feat_uni,330,24,1,0.31,0.321,5
12,conj_grid,331,1,1,0,0.018,1
12,conj_grid,331,2,2,0.106,0.004,1
12,conj_grid,331,3,2,0.452,0,1
12,conj_grid,331,4,2,0.575,0.013,1
12,conj_grid,331,5,2,0.712,0.019,1
12,conj_grid,331,6,1,0.238,0.123,1
12,conj_grid,331,7,1,0.57,0.132,1
12,conj_grid,331,8,2,0.227,0.247,1
12,conj_grid,331,9,2,0.682,0.247,1
12,conj_grid,331,10,2,0.002,0.37,1
12,conj_grid,331,11,1,0.224,0.362,1
12,conj_grid,331,12,1,0.368,0.353,1
12,conj_grid,331,13,1,0.473,0.362,1
12,conj_grid,331,14,1,0.687,0.33,1
12,conj_grid,331,15,2,0.346,0.477,1
12,conj_grid,331,16,1,0.459,0.467,1
12,conj_grid,331,17,2,0.697,0.474,1
12,conj_grid,331,18,1,0.455,0.567,1
12,conj_grid,331,19,1,0.57,0.609,1
12,conj_grid,331,20,1,0.673,0.581,1
12,conj_grid,331,21,2,0.012,0.695,1
12,conj_grid,331,22,2,0.232,0.71,1
12,conj_grid,331,23,2,0.346,0.692,1
12,conj_grid,331,24,1,0.578,0.696,1
12,conj_grid,332,1,1,0.007,0.027,2
12,conj_grid,332,2,2,0.128,0.022,2
12,conj_grid,332,3,2,0.256,0,2
12,conj_grid,332,4,2,0.35,0.007,2
12,conj_grid,332,5,2,0.693,0.005,2
12,conj_grid,332,6,2,0.154,0.12,2
12,conj_grid,332,7,1,0.573,0.148,2
12,conj_grid,332,8,1,0.129,0.248,2
12,conj_grid,332,9,1,0.248,0.233,2
12,conj_grid,332,10,2,0.716,0.267,2
12,conj_grid,332,11,1,0,0.374,2
12,conj_grid,332,12,1,0.125,0.351,2
12,conj_grid,332,13,1,0.247,0.379,2
12,conj_grid,332,14,2,0.36,0.328,2
12,conj_grid,332,15,1,0.455,0.349,2
12,conj_grid,332,16,1,0.019,0.471,2
12,conj_grid,332,17,2,0.345,0.472,2
12,conj_grid,332,18,2,0.589,0.46,2
12,conj_grid,332,19,2,0.708,0.462,2
12,conj_grid,332,20,1,0.02,0.584,2
12,conj_grid,332,21,2,0.459,0.574,2
12,conj_grid,332,22,1,0.599,0.583,2
12,conj_grid,332,23,1,0.134,0.695,2
12,conj_grid,332,24,2,0.57,0.684,2
12,conj_grid,333,1,2,0.462,0,3
12,conj_grid,333,2,2,0.699,0.002,3
12,conj_grid,333,3,1,0.002,0.136,3
12,conj_grid,333,4,1,0.463,0.111,3
12,conj_grid,333,5,2,0.019,0.225,3
12,conj_grid,333,6,2,0.118,0.22,3
12,conj_grid,333,7,1,0.244,0.242,3
12,conj_grid,333,8,2,0.57,0.225,3
12,conj_grid,333,9,2,0.012,0.348,3
12,conj_grid,333,10,1,0.247,0.345,3
12,conj_grid,333,11,2,0.354,0.327,3
12,conj_grid,333,12,1,0.471,0.355,3
12,conj_grid,333,13,1,0.711,0.34,3
12,conj_grid,333,14,1,0.005,0.441,3
12,conj_grid,333,15,2,0.472,0.478,3
12,conj_grid,333,16,2,0.002,0.57,3
12,conj_grid,333,17,1,0.261,0.579,3
12,conj_grid,333,18,1,0.335,0.555,3
12,conj_grid,333,19,1,0.474,0.567,3
12,conj_grid,333,20,2,0.612,0.57,3
12,conj_grid,333,21,1,0.715,0.588,3
12,conj_grid,333,22,1,0,0.702,3
12,conj_grid,333,23,2,0.128,0.685,3
12,conj_grid,333,24,2,0.595,0.692,3
12,conj_grid,334,1,2,0.392,0,4
12,conj_grid,334,2,1,0.471,0.033,4
12,conj_grid,334,3,1,0.463,0.117,4
12,conj_grid,334,4,1,0.596,0.136,4
12,conj_grid,334,5,2,0.705,0.104,4
12,conj_grid,334,6,2,0,0.247,4
12,conj_grid,334,7,2,0.159,0.237,4
12,conj_grid,334,8,2,0.257,0.223,4
12,conj_grid,334,9,2,0.45,0.239,4
12,conj_grid,334,10,1,0.705,0.25,4
12,conj_grid,334,11,2,0.25,0.374,4
12,conj_grid,334,12,1,0.709,0.34,4
12,conj_grid,334,13,1,0.116,0.468,4
12,conj_grid,334,14,1,0.368,0.472,4
12,conj_grid,334,15,2,0.463,0.485,4
12,conj_grid,334,16,1,0.692,0.474,4
12,conj_grid,334,17,1,0.033,0.592,4
12,conj_grid,334,18,1,0.109,0.586,4
12,conj_grid,334,19,1,0.484,0.577,4
12,conj_grid,334,20,2,0.714,0.591,4
12,conj_grid,334,21,2,0.114,0.689,4
12,conj_grid,334,22,1,0.254,0.696,4
12,conj_grid,334,23,2,0.368,0.691,4
12,conj_grid,334,24,2,0.718,0.729,4
12,conj_grid,335,1,2,0.124,0.018,5
12,conj_grid,335,2,2,0.377,0,5
12,conj_grid,335,3,2,0.461,0.004,5
12,conj_grid,335,4,1,0.031,0.128,5
12,conj_grid,335,5,2,0.129,0.118,5
12,conj_grid,335,6,1,0.361,0.137,5
12,conj_grid,335,7,2,0.487,0.142,5
12,conj_grid,335,8,2,0.607,0.129,5
12,conj_grid,335,9,1,0.018,0.235,5
12,conj_grid,335,10,1,0.255,0.248,5
12,conj_grid,335,11,2,0.367,0.233,5
12,conj_grid,335,12,1,0.716,0.241,5
12,conj_grid,335,13,1,0,0.358,5
12,conj_grid,335,14,2,0.48,0.365,5
12,conj_grid,335,15,2,0.02,0.463,5
12,conj_grid,335,16,2,0.157,0.45,5
12,conj_grid,335,17,2,0.353,0.472,5
12,conj_grid,335,18,1,0.594,0.465,5
12,conj_grid,335,19,2,0.261,0.58,5
12,conj_grid,335,20,1,0.491,0.591,5
12,conj_grid,335,21,1,0.609,0.572,5
12,conj_grid,335,22,1,0.704,0.566,5
12,conj_grid,335,23,1,0.61,0.689,5
12,conj_grid,335,24,1,0.713,0.697,5
12,conj_rot,336,1,1,0.469,0,1
12,conj_rot,336,2,1,0.548,0.077,1
12,conj_rot,336,3,1,0.721,0.237,1
12,conj_rot,336,4,1,0.312,0.001,1
12,conj_rot,336,5,2,0.723,0.41,1
12,conj_rot,336,6,2,0.804,0.482,1
12,conj_rot,336,7,1,0.303,0.176,1
12,conj_rot,336,8,2,0.395,0.252,1
12,conj_rot,336,9,1,0.566,0.412,1
12,conj_rot,336,10,2,0.642,0.48,1
12,conj_rot,336,11,1,0.732,0.581,1
12,conj_rot,336,12,2,0.228,0.234,1
12,conj_rot,336,13,2,0.319,0.313,1
12,conj_rot,336,14,1,0.65,0.629,1
12,conj_rot,336,15,1,0.065,0.222,1
12,conj_rot,336,16,2,0.225,0.412,1
12,conj_rot,336,17,2,0.31,0.492,1
12,conj_rot,336,18,1,0.565,0.74,1
12,conj_rot,336,19,2,0,0.332,1
12,conj_rot,336,20,1,0.073,0.407,1
12,conj_rot,336,21,1,0.39,0.715,1
12,conj_rot,336,22,2,0.062,0.588,1
12,conj_rot,336,23,2,0.129,0.663,1
12,conj_rot,336,24,2,0.335,0.809,1
12,conj_rot,337,1,1,0.43,0,2
12,conj_rot,337,2,2,0.652,0.244,2
12,conj_rot,337,3,1,0.886,0.478,2
12,conj_rot,337,4,2,0.34,0.061,2
12,conj_rot,337,5,1,0.485,0.242,2
12,conj_rot,337,6,1,0.738,0.471,2
12,conj_rot,337,7,2,0.811,0.569,2
12,conj_rot,337,8,1,0.418,0.313,2
12,conj_rot,337,9,1,0.556,0.461,2
12,conj_rot,337,10,2,0.156,0.245,2
12,conj_rot,337,11,2,0.336,0.391,2
12,conj_rot,337,12,2,0.418,0.469,2
12,conj_rot,337,13,1,0.567,0.644,2
12,conj_rot,337,14,1,0.257,0.496,2
12,conj_rot,337,15,2,0.321,0.547,2
12,conj_rot,337,16,1,0.569,0.799,2
12,conj_rot,337,17,2,0.011,0.387,2
12,conj_rot,337,18,1,0.112,0.453,2
12,conj_rot,337,19,1,0.242,0.637,2
12,conj_rot,337,20,2,0.358,0.725,2
12,conj_rot,337,21,2,0.422,0.794,2
12,conj_rot,337,22,2,0,0.556,2
12,conj_rot,337,23,1,0.082,0.63,2
12,conj_rot,337,24,2,0.245,0.806,2
12,conj_rot,338,1,2,0.418,0,3
12,conj_rot,338,2,1,0.571,0.145,3
12,conj_rot,338,3,2,0.652,0.233,3
12,conj_rot,338,4,2,0.728,0.322,3
12,conj_rot,338,5,2,0.901,0.482,3
12,conj_rot,338,6,2,0.338,0.056,3
12,conj_rot,338,7,1,0.403,0.151,3
12,conj_rot,338,8,2,0.633,0.404,3
12,conj_rot,338,9,1,0.339,0.24,3
12,conj_rot,338,10,1,0.492,0.39,3
12,conj_rot,338,11,1,0.564,0.451,3
12,conj_rot,338,12,2,0.651,0.562,3
12,conj_rot,338,13,2,0.724,0.621,3
12,conj_rot,338,14,1,0.406,0.472,3
12,conj_rot,338,15,1,0.581,0.629,3
12,conj_rot,338,16,2,0.105,0.318,3
12,conj_rot,338,17,1,0.168,0.377,3
12,conj_rot,338,18,1,0.326,0.536,3
12,conj_rot,338,19,1,0.48,0.717,3
12,conj_rot,338,20,2,0.002,0.379,3
12,conj_rot,338,21,2,0.16,0.564,3
12,conj_rot,338,22,1,0,0.558,3
12,conj_rot,338,23,1,0.172,0.725,3
12,conj_rot,338,24,2,0.414,0.965,3
12,conj_rot,339,1,2,0.48,0.009,4
12,conj_rot,339,2,1,0.587,0.085,4
12,conj_rot,339,3,2,0.633,0.16,4
12,conj_rot,339,4,1,0.706,0.254,4
12,conj_rot,339,5,1,0.321,0,4
12,conj_rot,339,6,2,0.392,0.086,4
12,conj_rot,339,7,1,0.557,0.22,4
12,conj_rot,339,8,2,0.655,0.323,4
12,conj_rot,339,9,1,0.743,0.393,4
12,conj_rot,339,10,2,0.698,0.574,4
12,conj_rot,339,11,1,0.162,0.171,4
12,conj_rot,339,12,2,0.235,0.25,4
12,conj_rot,339,13,1,0.311,0.318,4
12,conj_rot,339,14,1,0.478,0.479,4
12,conj_rot,339,15,1,0.538,0.544,4
12,conj_rot,339,16,2,0.623,0.645,4
12,conj_rot,339,17,2,0.073,0.238,4
12,conj_rot,339,18,2,0.15,0.321,4
12,conj_rot,339,19,2,0.232,0.396,4
12,conj_rot,339,20,1,0.321,0.468,4
12,conj_rot,339,21,2,0.504,0.643,4
12,conj_rot,339,22,1,0,0.485,4
12,conj_rot,339,23,1,0.153,0.633,4
12,conj_rot,339,24,2,0.324,0.794,4
12,conj_rot,340,1,1,0.494,0,5
12,conj_rot,340,2,1,0.589,0.084,5
12,conj_rot,340,3,1,0.758,0.23,5
12,conj_rot,340,4,2,0.847,0.319,5
12,conj_rot,340,5,2,0.422,0.084,5
12,conj_rot,340,6,2,0.493,0.156,5
12,conj_rot,340,7,1,0.59,0.233,5
12,conj_rot,340,8,2,0.758,0.417,5
12,conj_rot,340,9,1,0.814,0.472,5
12,conj_rot,340,10,2,0.262,0.087,5
12,conj_rot,340,11,2,0.423,0.241,5
12,conj_rot,340,12,2,0.743,0.555,5
12,conj_rot,340,13,1,0.43,0.423,5
12,conj_rot,340,14,1,0.511,0.485,5
12,conj_rot,340,15,1,0.577,0.574,5
12,conj_rot,340,16,2,0.203,0.334,5
12,conj_rot,340,17,1,0.434,0.56,5
12,conj_rot,340,18,1,0,0.317,5
12,conj_rot,340,19,1,0.191,0.487,5
12,conj_rot,340,20,2,0.264,0.554,5
12,conj_rot,340,21,2,0.334,0.665,5
12,conj_rot,340,22,2,0.009,0.477,5
12,conj_rot,340,23,1,0.242,0.711,5
12,conj_rot,340,24,2,0.417,0.889,5
12,conj_uni,341,1,2,0.139,0.63,1
12,conj_uni,341,2,2,0.685,0.036,1
12,conj_uni,341,3,2,0.42,0.099,1
12,conj_uni,341,4,2,0.724,0.405,1
12,conj_uni,341,5,2,0.747,0.741,1
12,conj_uni,341,6,1,0.727,0.632,1
12,conj_uni,341,7,2,0.567,0.114,1
12,conj_uni,341,8,2,0.46,0.146,1
12,conj_uni,341,9,1,0.543,0.344,1
12,conj_uni,341,10,2,0.113,0.051,1
12,conj_uni,341,11,2,0.323,0.318,1
12,conj_uni,341,12,1,0.58,0.725,1
12,conj_uni,341,13,1,0.583,0.241,1
12,conj_uni,341,14,2,0.255,0.55,1
12,conj_uni,341,15,2,0.009,0.601,1
12,conj_uni,341,16,1,0.218,0,1
12,conj_uni,341,17,1,0.06,0.504,1
12,conj_uni,341,18,1,0.66,0.227,1
12,conj_uni,341,19,1,0.24,0.061,1
12,conj_uni,341,20,2,0.303,0.06,1
12,conj_uni,341,21,1,0.203,0.295,1
12,conj_uni,341,22,1,0.52,0.15,1
12,conj_uni,341,23,1,0.608,0.487,1
12,conj_uni,341,24,1,0,0.745,1
12,conj_uni,342,1,1,0.586,0.577,2
12,conj_uni,342,2,2,0.197,0.046,2
12,conj_uni,342,3,1,0.391,0.63,2
12,conj_uni,342,4,1,0.095,0,2
12,conj_uni,342,5,2,0.269,0.391,2
12,conj_uni,342,6,2,0.107,0.545,2
12,conj_uni,342,7,1,0,0.676,2
12,conj_uni,342,8,2,0.138,0.04,2
12,conj_uni,342,9,2,0.057,0.659,2
12,conj_uni,342,10,1,0.395,0.741,2
12,conj_uni,342,11,2,0.054,0.599,2
12,conj_uni,342,12,2,0.45,0.339,2
12,conj_uni,342,13,1,0.292,0.544,2
12,conj_uni,342,14,1,0.102,0.254,2
12,conj_uni,342,15,1,0.205,0.329,2
12,conj_uni,342,16,2,0.011,0.376,2
12,conj_uni,342,17,2,0.57,0.447,2
12,conj_uni,342,18,2,0.265,0.072,2
12,conj_uni,342,19,1,0.236,0.247,2
12,conj_uni,342,20,1,0.367,0.165,2
12,conj_uni,342,21,1,0.643,0.476,2
12,conj_uni,342,22,2,0.518,0.74,2
12,conj_uni,342,23,1,0.541,0.678,2
12,conj_uni,342,24,2,0.072,0.404,2
12,conj_uni,343,1,2,0.029,0.736,3
12,conj_uni,343,2,1,0,0.309,3
12,conj_uni,343,3,2,0.253,0.656,3
12,conj_uni,343,4,1,0.258,0.274,3
12,conj_uni,343,5,2,0.148,0.02,3
12,conj_uni,343,6,1,0.116,0.295,3
12,conj_uni,343,7,2,0.226,0.603,3
12,conj_uni,343,8,1,0.372,0.439,3
12,conj_uni,343,9,1,0.544,0.019,3
12,conj_uni,343,10,1,0.106,0.065,3
12,conj_uni,343,11,2,0.145,0.112,3
12,conj_uni,343,12,2,0.69,0.537,3
12,conj_uni,343,13,2,0.141,0.564,3
12,conj_uni,343,14,2,0.175,0.294,3
12,conj_uni,343,15,2,0.604,0.096,3
12,conj_uni,343,16,1,0.19,0.23,3
12,conj_uni,343,17,2,0.488,0,3
12,conj_uni,343,18,2,0.749,0.526,3
12,conj_uni,343,19,1,0.761,0.173,3
12,conj_uni,343,20,2,0.187,0.066,3
12,conj_uni,343,21,1,0.064,0.265,3
12,conj_uni,343,22,1,0.333,0.033,3
12,conj_uni,343,23,1,0.13,0.236,3
12,conj_uni,343,24,1,0.34,0.19,3
12,conj_uni,344,1,1,0.588,0.403,4
12,conj_uni,344,2,2,0.388,0.405,4
12,conj_uni,344,3,1,0.035,0.292,4
12,conj_uni,344,4,2,0.45,0.184,4
12,conj_uni,344,5,1,0.292,0.512,4
12,conj_uni,344,6,2,0.505,0.05,4
12,conj_uni,344,7,2,0.694,0.591,4
12,conj_uni,344,8,2,0.535,0.243,4
12,conj_uni,344,9,1,0.444,0.251,4
12,conj_uni,344,10,2,0.116,0.693,4
12,conj_uni,344,11,1,0.367,0.248,4
12,conj_uni,344,12,2,0.441,0,4
12,conj_uni,344,13,1,0.612,0.528,4
12,conj_uni,344,14,2,0.132,0.214,4
12,conj_uni,344,15,2,0.268,0.605,4
12,conj_uni,344,16,2,0.207,0.504,4
12,conj_uni,344,17,1,0.176,0.124,4
12,conj_uni,344,18,1,0.244,0.549,4
12,conj_uni,344,19,1,0.041,0.006,4
12,conj_uni,344,20,1,0.615,0.163,4
12,conj_uni,344,21,2,0.198,0.635,4
12,conj_uni,344,22,2,0,0.571,4
12,conj_uni,344,23,1,0.694,0.099,4
12,conj_uni,344,24,1,0.674,0.155,4
12,conj_uni,345,1,2,0.587,0.326,5
12,conj_uni,345,2,1,0.569,0.476,5
12,conj_uni,345,3,2,0.122,0.052,5
12,conj_uni,345,4,1,0,0.549,5
12,conj_uni,345,5,2,0.511,0.495,5
12,conj_uni,345,6,1,0.217,0.26,5
12,conj_uni,345,7,2,0.664,0.544,5
12,conj_uni,345,8,2,0.078,0.536,5
12,conj_uni,345,9,1,0.198,0.674,5
12,conj_uni,345,10,2,0.225,0.546,5
12,conj_uni,345,11,2,0.094,0.646,5
12,conj_uni,345,12,2,0.156,0.26,5
12,conj_uni,345,13,1,0.242,0.001,5
12,conj_uni,345,14,1,0,0.609,5
12,conj_uni,345,15,2,0.4,0.052,5
12,conj_uni,345,16,1,0.444,0.16,5
12,conj_uni,345,17,1,0.218,0.611,5
12,conj_uni,345,18,1,0.373,0.525,5
12,conj_uni,345,19,2,0.446,0.541,5
12,conj_uni,345,20,2,0.279,0.519,5
12,conj_uni,345,21,1,0.166,0.58,5
12,conj_uni,345,22,2,0.73,0,5
12,conj_uni,345,23,1,0.763,0.71,5
12,conj_uni,345,24,1,0.219,0.187,5
12,feat_grid,346,1,1,0.247,0.021,1
12,feat_grid,346,2,2,0.344,0,1
12,feat_grid,346,3,1,0.484,0.016,1
12,feat_grid,346,4,2,0.583,0.006,1
12,feat_grid,346,5,2,0.248,0.129,1
12,feat_grid,346,6,1,0.353,0.106,1
12,feat_grid,346,7,1,0.711,0.133,1
12,feat_grid,346,8,1,0,0.25,1
12,feat_grid,346,9,2,0.098,0.242,1
12,feat_grid,346,10,1,0.693,0.239,1
12,feat_grid,346,11,2,0.007,0.348,1
12,feat_grid,346,12,2,0.122,0.339,1
12,feat_grid,346,13,2,0.235,0.359,1
12,feat_grid,346,14,2,0.7,0.37,1
12,feat_grid,346,15,2,0.243,0.469,1
12,feat_grid,346,16,2,0.463,0.477,1
12,feat_grid,346,17,2,0.589,0.481,1
12,feat_grid,346,18,2,0.147,0.586,1
12,feat_grid,346,19,1,0.267,0.581,1
12,feat_grid,346,20,1,0.455,0.595,1
12,feat_grid,346,21,1,0.129,0.712,1
12,feat_grid,346,22,1,0.35,0.696,1
12,feat_grid,346,23,1,0.591,0.68,1
12,feat_grid,346,24,1,0.701,0.682,1
12,feat_grid,347,1,1,0,0,2
12,feat_grid,347,2,2,0.12,0.013,2
12,feat_grid,347,3,1,0.256,0.009,2
12,feat_grid,347,4,1,0.367,0.017,2
12,feat_grid,347,5,1,0.493,0.023,2
12,feat_grid,347,6,2,0.701,0.014,2
12,feat_grid,347,7,1,0.043,0.139,2
12,feat_grid,347,8,2,0.125,0.137,2
12,feat_grid,347,9,2,0.374,0.14,2
12,feat_grid,347,10,2,0.478,0.254,2
12,feat_grid,347,11,2,0.707,0.259,2
12,feat_grid,347,12,1,0.022,0.368,2
12,feat_grid,347,13,1,0.136,0.378,2
12,feat_grid,347,14,2,0.257,0.36,2
12,feat_grid,347,15,2,0.481,0.372,2
12,feat_grid,347,16,1,0.608,0.365,2
12,feat_grid,347,17,1,0.709,0.36,2
12,feat_grid,347,18,1,0.597,0.452,2
12,feat_grid,347,19,1,0.698,0.476,2
12,feat_grid,347,20,2,0.057,0.578,2
12,feat_grid,347,21,2,0.376,0.595,2
12,feat_grid,347,22,1,0.491,0.607,2
12,feat_grid,347,23,2,0.598,0.591,2
12,feat_grid,347,24,2,0.019,0.713,2
12,feat_grid,348,1,1,0.016,0.018,3
12,feat_grid,348,2,2,0.58,0.023,3
12,feat_grid,348,3,2,0.691,0,3
12,feat_grid,348,4,1,0,0.129,3
12,feat_grid,348,5,2,0.122,0.119,3
12,feat_grid,348,6,2,0.257,0.123,3
12,feat_grid,348,7,2,0.362,0.119,3
12,feat_grid,348,8,1,0.457,0.117,3
12,feat_grid,348,9,1,0.698,0.122,3
12,feat_grid,348,10,1,0.227,0.245,3
12,feat_grid,348,11,1,0.576,0.25,3
12,feat_grid,348,12,2,0.342,0.35,3
12,feat_grid,348,13,1,0.558,0.343,3
12,feat_grid,348,14,2,0.128,0.452,3
12,feat_grid,348,15,2,0.238,0.48,3
12,feat_grid,348,16,2,0.363,0.474,3
12,feat_grid,348,17,1,0.476,0.484,3
12,feat_grid,348,18,1,0.563,0.493,3
12,feat_grid,348,19,2,0.71,0.464,3
12,feat_grid,348,20,2,0.689,0.595,3
12,feat_grid,348,21,2,0.131,0.701,3
12,feat_grid,348,22,1,0.473,0.709,3
12,feat_grid,348,23,1,0.589,0.705,3
12,feat_grid,348,24,1,0.693,0.699,3
12,feat_grid,349,1,1,0,0.026,4
12,feat_grid,349,2,1,0.477,0.027,4
12,feat_grid,349,3,2,0.701,0,4
12,feat_grid,349,4,1,0.001,0.14,4
12,feat_grid,349,5,1,0.142,0.13,4
12,feat_grid,349,6,2,0.567,0.134,4
12,feat_grid,349,7,2,0.115,0.276,4
12,feat_grid,349,8,2,0.342,0.235,4
12,feat_grid,349,9,1,0.457,0.257,4
12,feat_grid,349,10,1,0.583,0.248,4
12,feat_grid,349,11,2,0.003,0.367,4
12,feat_grid,349,12,2,0.359,0.379,4
12,feat_grid,349,13,2,0.566,0.378,4
12,feat_grid,349,14,2,0.679,0.375,4
12,feat_grid,349,15,1,0.002,0.486,4
12,feat_grid,349,16,1,0.235,0.477,4
12,feat_grid,349,17,2,0.348,0.472,4
12,feat_grid,349,18,1,0.565,0.476,4
12,feat_grid,349,19,2,0.103,0.609,4
12,feat_grid,349,20,1,0.218,0.578,4
12,feat_grid,349,21,1,0.464,0.606,4
12,feat_grid,349,22,1,0.572,0.596,4
12,feat_grid,349,23,2,0.695,0.618,4
12,feat_grid,349,24,2,0.467,0.698,4
12,feat_grid,350,1,2,0.351,0.006,5
12,feat_grid,350,2,1,0.7,0,5
12,feat_grid,350,3,2,0,0.121,5
12,feat_grid,350,4,2,0.262,0.118,5
12,feat_grid,350,5,2,0.601,0.116,5
12,feat_grid,350,6,2,0.714,0.113,5
12,feat_grid,350,7,1,0.023,0.238,5
12,feat_grid,350,8,2,0.138,0.241,5
12,feat_grid,350,9,2,0.704,0.224,5
12,feat_grid,350,10,2,0.018,0.362,5
12,feat_grid,350,11,2,0.15,0.337,5
12,feat_grid,350,12,1,0.276,0.359,5
12,feat_grid,350,13,2,0.358,0.345,5
12,feat_grid,350,14,1,0.49,0.354,5
12,feat_grid,350,15,1,0.6,0.351,5
12,feat_grid,350,16,2,0.729,0.353,5
12,feat_grid,350,17,1,0.244,0.457,5
12,feat_grid,350,18,1,0.362,0.462,5
12,feat_grid,350,19,1,0.47,0.481,5
12,feat_grid,350,20,2,0.579,0.48,5
12,feat_grid,350,21,1,0.118,0.711,5
12,feat_grid,350,22,1,0.253,0.713,5
12,feat_grid,350,23,1,0.373,0.695,5
12,feat_grid,350,24,1,0.47,0.713,5
12,feat_rot,351,1,1,0.552,0,1
12,feat_rot,351,2,1,0.641,0.089,1
12,feat_rot,351,3,2,0.909,0.341,1
12,feat_rot,351,4,2,0.986,0.387,1
12,feat_rot,351,5,1,0.572,0.157,1
12,feat_rot,351,6,2,0.796,0.396,1
12,feat_rot,351,7,1,0.879,0.485,1
12,feat_rot,351,8,1,0.311,0.081,1
12,feat_rot,351,9,1,0.509,0.24,1
12,feat_rot,351,10,2,0.245,0.17,1
12,feat_rot,351,11,1,0.412,0.328,1
12,feat_rot,351,12,1,0.488,0.411,1
12,feat_rot,351,13,2,0.664,0.566,1
12,feat_rot,351,14,2,0.242,0.34,1
12,feat_rot,351,15,1,0.325,0.411,1
12,feat_rot,351,16,2,0.397,0.479,1
12,feat_rot,351,17,1,0.476,0.573,1
12,feat_rot,351,18,2,0.563,0.654,1
12,feat_rot,351,19,2,0.065,0.316,1
12,feat_rot,351,20,2,0.238,0.478,1
12,feat_rot,351,21,2,0.558,0.792,1
12,feat_rot,351,22,1,0,0.404,1
12,feat_rot,351,23,2,0.141,0.588,1
12,feat_rot,351,24,1,0.238,0.662,1
12,feat_rot,352,1,1,0.403,0,2
12,feat_rot,352,2,1,0.47,0.068,2
12,feat_rot,352,3,2,0.324,0.079,2
12,feat_rot,352,4,1,0.42,0.162,2
12,feat_rot,352,5,2,0.558,0.335,2
12,feat_rot,352,6,2,0.672,0.404,2
12,feat_rot,352,7,2,0.799,0.566,2
12,feat_rot,352,8,1,0.337,0.244,2
12,feat_rot,352,9,1,0.488,0.399,2
12,feat_rot,352,10,1,0.554,0.486,2
12,feat_rot,352,11,2,0.643,0.564,2
12,feat_rot,352,12,1,0.726,0.651,2
12,feat_rot,352,13,2,0.162,0.238,2
12,feat_rot,352,14,1,0.323,0.413,2
12,feat_rot,352,15,1,0.412,0.491,2
12,feat_rot,352,16,2,0.554,0.658,2
12,feat_rot,352,17,2,0.397,0.651,2
12,feat_rot,352,18,2,0.554,0.816,2
12,feat_rot,352,19,1,0,0.395,2
12,feat_rot,352,20,2,0.313,0.717,2
12,feat_rot,352,21,2,0.41,0.795,2
12,feat_rot,352,22,2,0.084,0.644,2
12,feat_rot,352,23,1,0.318,0.909,2
12,feat_rot,352,24,1,0.423,0.971,2
12,feat_rot,353,1,2,0.49,0,3
12,feat_rot,353,2,2,0.556,0.094,3
12,feat_rot,353,3,1,0.705,0.23,3
12,feat_rot,353,4,1,0.497,0.159,3
12,feat_rot,353,5,2,0.811,0.508,3
12,feat_rot,353,6,2,0.31,0.159,3
12,feat_rot,353,7,2,0.425,0.243,3
12,feat_rot,353,8,1,0.492,0.338,3
12,feat_rot,353,9,2,0.388,0.422,3
12,feat_rot,353,10,2,0.729,0.733,3
12,feat_rot,353,11,1,0.155,0.336,3
12,feat_rot,353,12,1,0.254,0.421,3
12,feat_rot,353,13,1,0.494,0.656,3
12,feat_rot,353,14,2,0.652,0.833,3
12,feat_rot,353,15,1,0.154,0.493,3
12,feat_rot,353,16,1,0.323,0.665,3
12,feat_rot,353,17,1,0.38,0.738,3
12,feat_rot,353,18,2,0.48,0.818,3
12,feat_rot,353,19,1,0.569,0.894,3
12,feat_rot,353,20,2,0,0.501,3
12,feat_rot,353,21,2,0.091,0.55,3
12,feat_rot,353,22,1,0.169,0.664,3
12,feat_rot,353,23,2,0.33,0.818,3
12,feat_rot,353,24,1,0.491,1,3
12,feat_rot,354,1,2,0.635,0.007,4
12,feat_rot,354,2,2,0.724,0.09,4
12,feat_rot,354,3,2,0.884,0.24,4
12,feat_rot,354,4,1,0.993,0.324,4
12,feat_rot,354,5,1,0.494,0,4
12,feat_rot,354,6,1,0.659,0.16,4
12,feat_rot,354,7,2,0.746,0.249,4
12,feat_rot,354,8,2,0.409,0.083,4
12,feat_rot,354,9,2,0.571,0.248,4
12,feat_rot,354,10,2,0.661,0.328,4
12,feat_rot,354,11,2,0.724,0.425,4
12,feat_rot,354,12,1,0.248,0.07,4
12,feat_rot,354,13,2,0.335,0.31,4
12,feat_rot,354,14,2,0.417,0.387,4
12,feat_rot,354,15,1,0.661,0.641,4
12,feat_rot,354,16,1,0.096,0.25,4
12,feat_rot,354,17,1,0.332,0.49,4
12,feat_rot,354,18,1,0.436,0.559,4
12,feat_rot,354,19,2,0.471,0.652,4
12,feat_rot,354,20,1,0.576,0.727,4
12,feat_rot,354,21,1,0,0.333,4
12,feat_rot,354,22,1,0.351,0.672,4
12,feat_rot,354,23,1,0.43,0.724,4
12,feat_rot,354,24,2,0.499,0.817,4
12,feat_rot,355,1,2,0.504,0,5
12,feat_rot,355,2,1,0.556,0.072,5
12,feat_rot,355,3,1,0.658,0.147,5
12,feat_rot,355,4,2,0.796,0.32,5
12,feat_rot,355,5,2,0.893,0.383,5
12,feat_rot,355,6,1,0.406,0.064,5
12,feat_rot,355,7,2,0.51,0.17,5
12,feat_rot,355,8,1,0.572,0.247,5
12,feat_rot,355,9,2,0.745,0.388,5
12,feat_rot,355,10,1,0.505,0.306,5
12,feat_rot,355,11,2,0.578,0.391,5
12,feat_rot,355,12,1,0.654,0.503,5
12,feat_rot,355,13,1,0.831,0.649,5
12,feat_rot,355,14,2,0.391,0.397,5
12,feat_rot,355,15,2,0.67,0.652,5
12,feat_rot,355,16,1,0.733,0.719,5
12,feat_rot,355,17,1,0.251,0.397,5
12,feat_rot,355,18,2,0.396,0.555,5
12,feat_rot,355,19,1,0.078,0.403,5
12,feat_rot,355,20,1,0.404,0.743,5
12,feat_rot,355,21,2,0,0.465,5
12,feat_rot,355,22,2,0.322,0.792,5
12,feat_rot,355,23,1,0.401,0.885,5
12,feat_rot,355,24,2,0.481,0.972,5
12,feat_uni,356,1,1,0.233,0.469,1
12,feat_uni,356,2,1,0.282,0.661,1
12,feat_uni,356,3,2,0.684,0.39,1
12,feat_uni,356,4,1,0.537,0.638,1
12,feat_uni,356,5,2,0.514,0.47,1
12,feat_uni,356,6,1,0.472,0.673,1
12,feat_uni,356,7,2,0.023,0,1
12,feat_uni,356,8,1,0.181,0.683,1
12,feat_uni,356,9,2,0.443,0.488,1
12,feat_uni,356,10,2,0.541,0.578,1
12,feat_uni,356,11,2,0.163,0.266,1
12,feat_uni,356,12,2,0.682,0.245,1
12,feat_uni,356,13,1,0.71,0.193,1
12,feat_uni,356,14,1,0.264,0.268,1
12,feat_uni,356,15,1,0.683,0.45,1
12,feat_uni,356,16,1,0.09,0.225,1
12,feat_uni,356,17,2,0.689,0.138,1
12,feat_uni,356,18,2,0.188,0.005,1
12,feat_uni,356,19,2,0.48,0.535,1
12,feat_uni,356,20,1,0.458,0.408,1
12,feat_uni,356,21,1,0.286,0.736,1
12,feat_uni,356,22,1,0,0.741,1
12,feat_uni,356,23,2,0.101,0.284,1
12,feat_uni,356,24,2,0.183,0.743,1
12,feat_uni,357,1,1,0.215,0.03,2
12,feat_uni,357,2,2,0.264,0.273,2
12,feat_uni,357,3,1,0.116,0.734,2
12,feat_uni,357,4,1,0.733,0.402,2
12,feat_uni,357,5,2,0.64,0.342,2
12,feat_uni,357,6,1,0.444,0.262,2
12,feat_uni,357,7,2,0.037,0.438,2
12,feat_uni,357,8,1,0.206,0.484,2
12,feat_uni,357,9,1,0.718,0,2
12,feat_uni,357,10,1,0.193,0.558,2
12,feat_uni,357,11,2,0.29,0.46,2
12,feat_uni,357,12,2,0.087,0.618,2
12,feat_uni,357,13,2,0.313,0.241,2
12,feat_uni,357,14,1,0.154,0.513,2
12,feat_uni,357,15,2,0.581,0.211,2
12,feat_uni,357,16,1,0.416,0.067,2
12,feat_uni,357,17,2,0.404,0.716,2
12,feat_uni,357,18,2,0.243,0.387,2
12,feat_uni,357,19,1,0.327,0.01,2
12,feat_uni,357,20,2,0.68,0.638,2
12,feat_uni,357,21,2,0,0.176,2
12,feat_uni,357,22,1,0.132,0.061,2
12,feat_uni,357,23,1,0.172,0.191,2
12,feat_uni,357,24,2,0.596,0.73,2
12,feat_uni,358,1,1,0.227,0.192,3
12,feat_uni,358,2,2,0.47,0.196,3
12,feat_uni,358,3,1,0.109,0,3
12,feat_uni,358,4,2,0.07,0.761,3
12,feat_uni,358,5,2,0.728,0.618,3
12,feat_uni,358,6,2,0.724,0.104,3
12,feat_uni,358,7,1,0.359,0.611,3
12,feat_uni,358,8,2,0.665,0.04,3
12,feat_uni,358,9,2,0.675,0.648,3
12,feat_uni,358,10,1,0.629,0.592,3
12,feat_uni,358,11,2,0.729,0.339,3
12,feat_uni,358,12,1,0.171,0.171,3
12,feat_uni,358,13,1,0.049,0.704,3
12,feat_uni,358,14,1,0.581,0.558,3
12,feat_uni,358,15,2,0.202,0.267,3
12,feat_uni,358,16,2,0.219,0.718,3
12,feat_uni,358,17,2,0.113,0.181,3
12,feat_uni,358,18,1,0.503,0.684,3
12,feat_uni,358,19,1,0.627,0.682,3
12,feat_uni,358,20,1,0.513,0.318,3
12,feat_uni,358,21,1,0,0.32,3
12,feat_uni,358,22,1,0.187,0.769,3
12,feat_uni,358,23,2,0.305,0.257,3
12,feat_uni,358,24,2,0.157,0.113,3
12,feat_uni,359,1,1,0.544,0.259,4
12,feat_uni,359,2,1,0.004,0.75,4
12,feat_uni,359,3,1,0.676,0.275,4
12,feat_uni,359,4,2,0.631,0.428,4
12,feat_uni,359,5,1,0.724,0.679,4
12,feat_uni,359,6,1,0.08,0.344,4
12,feat_uni,359,7,1,0.584,0.488,4
12,feat_uni,359,8,2,0.683,0.125,4
12,feat_uni,359,9,2,0.023,0.327,4
12,feat_uni,359,10,1,0.133,0,4
12,feat_uni,359,11,1,0.536,0.092,4
12,feat_uni,359,12,2,0.426,0.273,4
12,feat_uni,359,13,2,0.563,0.581,4
12,feat_uni,359,14,2,0.454,0.02,4
12,feat_uni,359,15,1,0.485,0.123,4
12,feat_uni,359,16,2,0.103,0.515,4
12,feat_uni,359,17,2,0.129,0.267,4
12,feat_uni,359,18,1,0.641,0.506,4
12,feat_uni,359,19,2,0,0.097,4
12,feat_uni,359,20,2,0.078,0.404,4
12,feat_uni,359,21,2,0.581,0.649,4
12,feat_uni,359,22,2,0.188,0.257,4
12,feat_uni,359,23,1,0.028,0.696,4
12,feat_uni,359,24,1,0.681,0.461,4
12,feat_uni,360,1,2,0.058,0.017,5
12,feat_uni,360,2,1,0.58,0.461,5
12,feat_uni,360,3,2,0.629,0.637,5
12,feat_uni,360,4,2,0.705,0.333,5
12,feat_uni,360,5,2,0.07,0.298,5
12,feat_uni,360,6,1,0.12,0.041,5
12,feat_uni,360,7,1,0.166,0.335,5
12,feat_uni,360,8,2,0,0.309,5
12,feat_uni,360,9,2,0.305,0.027,5
12,feat_uni,360,10,2,0.508,0.225,5
12,feat_uni,360,11,2,0.496,0.096,5
12,feat_uni,360,12,2,0.058,0.691,5
12,feat_uni,360,13,1,0.032,0.183,5
12,feat_uni,360,14,1,0.385,0.306,5
12,feat_uni,360,15,1,0.654,0.301,5
12,feat_uni,360,16,1,0.712,0.623,5
12,feat_uni,360,17,1,0.58,0.215,5
12,feat_uni,360,18,1,0.386,0.367,5
12,feat_uni,360,19,1,0.458,0.048,5
12,feat_uni,360,20,2,0.171,0,5
12,feat_uni,360,21,2,0.442,0.262,5
12,feat_uni,360,22,1,0.099,0.357,5
12,feat_uni,360,23,2,0.337,0.707,5
12,feat_uni,360,24,1,0.699,0.067,5
13,conj_grid,361,1,1,0.353,0.006,1
13,conj_grid,361,2,2,0.475,0,1
13,conj_grid,361,3,2,0.597,0.012,1
13,conj_grid,361,4,1,0.595,0.108,1
13,conj_grid,361,5,1,0.011,0.239,1
13,conj_grid,361,6,2,0.133,0.248,1
13,conj_grid,361,7,2,0.239,0.227,1
13,conj_grid,361,8,1,0.476,0.25,1
13,conj_grid,361,9,1,0.581,0.231,1
13,conj_grid,361,10,2,0.704,0.231,1
13,conj_grid,361,11,1,0.004,0.36,1
13,conj_grid,361,12,2,0.245,0.342,1
13,conj_grid,361,13,2,0.462,0.373,1
13,conj_grid,361,14,1,0.017,0.454,1
13,conj_grid,361,15,1,0.478,0.464,1
13,conj_grid,361,16,1,0.596,0.463,1
13,conj_grid,361,17,2,0.693,0.459,1
13,conj_grid,361,18,2,0,0.565,1
13,conj_grid,361,19,2,0.358,0.564,1
13,conj_grid,361,20,2,0.467,0.593,1
13,conj_grid,361,21,2,0.71,0.573,1
13,conj_grid,361,22,1,0.021,0.702,1
13,conj_grid,361,23,1,0.232,0.696,1
13,conj_grid,361,24,1,0.334,0.681,1
13,conj_grid,362,1,1,0.37,0,2
13,conj_grid,362,2,1,0.116,0.089,2
13,conj_grid,362,3,1,0.236,0.087,2
13,conj_grid,362,4,1,0.47,0.092,2
13,conj_grid,362,5,1,0.603,0.048,2
13,conj_grid,362,6,2,0.137,0.208,2
13,conj_grid,362,7,1,0.216,0.208,2
13,conj_grid,362,8,2,0.468,0.214,2
13,conj_grid,362,9,1,0,0.319,2
13,conj_grid,362,10,2,0.107,0.333,2
13,conj_grid,362,11,2,0.219,0.319,2
13,conj_grid,362,12,2,0.472,0.32,2
13,conj_grid,362,13,2,0.018,0.452,2
13,conj_grid,362,14,1,0.116,0.438,2
13,conj_grid,362,15,2,0.594,0.445,2
13,conj_grid,362,16,2,0.716,0.446,2
13,conj_grid,362,17,1,0.003,0.556,2
13,conj_grid,362,18,1,0.131,0.552,2
13,conj_grid,362,19,1,0.47,0.54,2
13,conj_grid,362,20,1,0.594,0.537,2
13,conj_grid,362,21,2,0.701,0.554,2
13,conj_grid,362,22,2,0.249,0.664,2
13,conj_grid,362,23,2,0.35,0.648,2
13,conj_grid,362,24,2,0.573,0.668,2
13,conj_grid,363,1,2,0.017,0.012,3
13,conj_grid,363,2,1,0.251,0.007,3
13,conj_grid,363,3,1,0.459,0.011,3
13,conj_grid,363,4,2,0.704,0,3
13,conj_grid,363,5,2,0.349,0.138,3
13,conj_grid,363,6,1,0.481,0.124,3
13,conj_grid,363,7,2,0.031,0.238,3
13,conj_grid,363,8,1,0.358,0.226,3
13,conj_grid,363,9,2,0.487,0.21,3
13,conj_grid,363,10,1,0.591,0.201,3
13,conj_grid,363,11,1,0.02,0.36,3
13,conj_grid,363,12,1,0.134,0.371,3
13,conj_grid,363,13,1,0.37,0.363,3
13,conj_grid,363,14,2,0.348,0.462,3
13,conj_grid,363,15,1,0.586,0.461,3
13,conj_grid,363,16,2,0.701,0.457,3
13,conj_grid,363,17,2,0.007,0.582,3
13,conj_grid,363,18,2,0.148,0.587,3
13,conj_grid,363,19,2,0.471,0.581,3
13,conj_grid,363,20,2,0.592,0.601,3
13,conj_grid,363,21,1,0.702,0.589,3
13,conj_grid,363,22,2,0,0.682,3
13,conj_grid,363,23,1,0.37,0.692,3
13,conj_grid,363,24,1,0.584,0.698,3
13,conj_grid,364,1,2,0.264,0.005,4
13,conj_grid,364,2,1,0.496,0,4
13,conj_grid,364,3,1,0.726,0.01,4
13,conj_grid,364,4,1,0,0.12,4
13,conj_grid,364,5,1,0.139,0.122,4
13,conj_grid,364,6,1,0.243,0.12,4
13,conj_grid,364,7,2,0.367,0.111,4
13,conj_grid,364,8,2,0.705,0.113,4
13,conj_grid,364,9,1,0.262,0.239,4
13,conj_grid,364,10,2,0.376,0.238,4
13,conj_grid,364,11,2,0.591,0.228,4
13,conj_grid,364,12,2,0.011,0.348,4
13,conj_grid,364,13,1,0.376,0.352,4
13,conj_grid,364,14,1,0.502,0.345,4
13,conj_grid,364,15,2,0.607,0.361,4
13,conj_grid,364,16,1,0.152,0.474,4
13,conj_grid,364,17,2,0.261,0.484,4
13,conj_grid,364,18,2,0.47,0.452,4
13,conj_grid,364,19,2,0.699,0.46,4
13,conj_grid,364,20,1,0.138,0.583,4
13,conj_grid,364,21,2,0.235,0.582,4
13,conj_grid,364,22,1,0.477,0.597,4
13,conj_grid,364,23,1,0.708,0.578,4
13,conj_grid,364,24,2,0.139,0.702,4
13,conj_grid,365,1,1,0.239,0.007,5
13,conj_grid,365,2,1,0.338,0.015,5
13,conj_grid,365,3,1,0.693,0,5
13,conj_grid,365,4,2,0,0.112,5
13,conj_grid,365,5,2,0.317,0.122,5
13,conj_grid,365,6,1,0.461,0.112,5
13,conj_grid,365,7,2,0.572,0.121,5
13,conj_grid,365,8,1,0.005,0.214,5
13,conj_grid,365,9,1,0.132,0.234,5
13,conj_grid,365,10,2,0.564,0.233,5
13,conj_grid,365,11,2,0.006,0.336,5
13,conj_grid,365,12,2,0.454,0.35,5
13,conj_grid,365,13,1,0.588,0.352,5
13,conj_grid,365,14,2,0.699,0.34,5
13,conj_grid,365,15,1,0.005,0.473,5
13,conj_grid,365,16,2,0.255,0.477,5
13,conj_grid,365,17,2,0.445,0.472,5
13,conj_grid,365,18,1,0.597,0.458,5
13,conj_grid,365,19,2,0.125,0.581,5
13,conj_grid,365,20,2,0.219,0.575,5
13,conj_grid,365,21,2,0.352,0.583,5
13,conj_grid,365,22,1,0.57,0.573,5
13,conj_grid,365,23,1,0.003,0.679,5
13,conj_grid,365,24,1,0.694,0.672,5
13,conj_rot,366,1,1,0.581,0,1
13,conj_rot,366,2,1,0.827,0.237,1
13,conj_rot,366,3,1,0.883,0.316,1
13,conj_rot,366,4,2,0.972,0.399,1
13,conj_rot,366,5,1,0.672,0.25,1
13,conj_rot,366,6,2,0.726,0.328,1
13,conj_rot,366,7,2,0.826,0.412,1
13,conj_rot,366,8,2,0.343,0.084,1
13,conj_rot,366,9,1,0.494,0.232,1
13,conj_rot,366,10,1,0.277,0.156,1
13,conj_rot,366,11,1,0.351,0.251,1
13,conj_rot,366,12,2,0.416,0.337,1
13,conj_rot,366,13,1,0.495,0.414,1
13,conj_rot,366,14,2,0.573,0.505,1
13,conj_rot,366,15,1,0.65,0.558,1
13,conj_rot,366,16,1,0.745,0.656,1
13,conj_rot,366,17,2,0.335,0.571,1
13,conj_rot,366,18,1,0.44,0.666,1
13,conj_rot,366,19,2,0.496,0.716,1
13,conj_rot,366,20,2,0,0.427,1
13,conj_rot,366,21,2,0.085,0.497,1
13,conj_rot,366,22,2,0.187,0.603,1
13,conj_rot,366,23,1,0.313,0.732,1
13,conj_rot,366,24,2,0.491,0.897,1
13,conj_rot,367,1,2,0.468,0,2
13,conj_rot,367,2,2,0.55,0.1,2
13,conj_rot,367,3,2,0.326,0.012,2
13,conj_rot,367,4,1,0.399,0.086,2
13,conj_rot,367,5,1,0.563,0.272,2
13,conj_rot,367,6,1,0.642,0.334,2
13,conj_rot,367,7,1,0.228,0.094,2
13,conj_rot,367,8,1,0.319,0.177,2
13,conj_rot,367,9,2,0.404,0.253,2
13,conj_rot,367,10,1,0.478,0.329,2
13,conj_rot,367,11,2,0.725,0.594,2
13,conj_rot,367,12,2,0.407,0.421,2
13,conj_rot,367,13,1,0.556,0.594,2
13,conj_rot,367,14,2,0.643,0.658,2
13,conj_rot,367,15,2,0.05,0.235,2
13,conj_rot,367,16,1,0.152,0.345,2
13,conj_rot,367,17,1,0.32,0.497,2
13,conj_rot,367,18,2,0.014,0.334,2
13,conj_rot,367,19,2,0.159,0.487,2
13,conj_rot,367,20,1,0.232,0.592,2
13,conj_rot,367,21,1,0.411,0.725,2
13,conj_rot,367,22,1,0,0.495,2
13,conj_rot,367,23,2,0.153,0.661,2
13,conj_rot,367,24,2,0.303,0.828,2
13,conj_rot,368,1,2,0.498,0,3
13,conj_rot,368,2,2,0.57,0.079,3
13,conj_rot,368,3,1,0.643,0.169,3
13,conj_rot,368,4,2,0.733,0.221,3
13,conj_rot,368,5,1,0.385,0.083,3
13,conj_rot,368,6,1,0.487,0.159,3
13,conj_rot,368,7,2,0.566,0.239,3
13,conj_rot,368,8,1,0.725,0.416,3
13,conj_rot,368,9,2,0.82,0.503,3
13,conj_rot,368,10,2,0.341,0.177,3
13,conj_rot,368,11,2,0.465,0.33,3
13,conj_rot,368,12,1,0.572,0.41,3
13,conj_rot,368,13,2,0.729,0.565,3
13,conj_rot,368,14,2,0.801,0.658,3
13,conj_rot,368,15,1,0.6,0.583,3
13,conj_rot,368,16,1,0.399,0.564,3
13,conj_rot,368,17,2,0.083,0.401,3
13,conj_rot,368,18,1,0.25,0.563,3
13,conj_rot,368,19,1,0.319,0.645,3
13,conj_rot,368,20,2,0.4,0.73,3
13,conj_rot,368,21,2,0,0.508,3
13,conj_rot,368,22,1,0.319,0.813,3
13,conj_rot,368,23,1,0.409,0.894,3
13,conj_rot,368,24,1,0.486,0.985,3
13,conj_rot,369,1,1,0.577,0,4
13,conj_rot,369,2,1,0.648,0.058,4
13,conj_rot,369,3,2,0.758,0.145,4
13,conj_rot,369,4,1,0.812,0.242,4
13,conj_rot,369,5,1,0.812,0.392,4
13,conj_rot,369,6,2,0.893,0.494,4
13,conj_rot,369,7,2,0.329,0.073,4
13,conj_rot,369,8,2,0.475,0.228,4
13,conj_rot,369,9,1,0.651,0.394,4
13,conj_rot,369,10,1,0.309,0.234,4
13,conj_rot,369,11,2,0.661,0.563,4
13,conj_rot,369,12,1,0.158,0.211,4
13,conj_rot,369,13,2,0.248,0.316,4
13,conj_rot,369,14,2,0.406,0.481,4
13,conj_rot,369,15,2,0.542,0.654,4
13,conj_rot,369,16,1,0.242,0.489,4
13,conj_rot,369,17,1,0.334,0.557,4
13,conj_rot,369,18,1,0.563,0.806,4
13,conj_rot,369,19,2,0,0.385,4
13,conj_rot,369,20,1,0.153,0.549,4
13,conj_rot,369,21,2,0.244,0.635,4
13,conj_rot,369,22,2,0.326,0.724,4
13,conj_rot,369,23,1,0.409,0.798,4
13,conj_rot,369,24,2,0.489,0.88,4
13,conj_rot,370,1,1,0.396,0,5
13,conj_rot,370,2,2,0.493,0.077,5
13,conj_rot,370,3,2,0.57,0.185,5
13,conj_rot,370,4,2,0.629,0.24,5
13,conj_rot,370,5,1,0.733,0.31,5
13,conj_rot,370,6,1,0.786,0.395,5
13,conj_rot,370,7,2,0.869,0.503,5
13,conj_rot,370,8,2,0.387,0.16,5
13,conj_rot,370,9,2,0.485,0.248,5
13,conj_rot,370,10,2,0.629,0.391,5
13,conj_rot,370,11,1,0.812,0.572,5
13,conj_rot,370,12,1,0.224,0.166,5
13,conj_rot,370,13,2,0.404,0.324,5
13,conj_rot,370,14,2,0.496,0.399,5
13,conj_rot,370,15,2,0.321,0.423,5
13,conj_rot,370,16,2,0.552,0.635,5
13,conj_rot,370,17,1,0.634,0.716,5
13,conj_rot,370,18,1,0.242,0.503,5
13,conj_rot,370,19,1,0.368,0.626,5
13,conj_rot,370,20,1,0.496,0.734,5
13,conj_rot,370,21,1,0,0.413,5
13,conj_rot,370,22,1,0.071,0.464,5
13,conj_rot,370,23,2,0.238,0.654,5
13,conj_rot,370,24,1,0.404,0.826,5
13,conj_uni,371,1,1,0.545,0.152,1
13,conj_uni,371,2,1,0.526,0.476,1
13,conj_uni,371,3,1,0.626,0.307,1
13,conj_uni,371,4,2,0.182,0.514,1
13,conj_uni,371,5,1,0.17,0.132,1
13,conj_uni,371,6,2,0.594,0.583,1
13,conj_uni,371,7,2,0.242,0.499,1
13,conj_uni,371,8,2,0.675,0.101,1
13,conj_uni,371,9,2,0.701,0.535,1
13,conj_uni,371,10,1,0.018,0.214,1
13,conj_uni,371,11,1,0.573,0.662,1
13,conj_uni,371,12,2,0.242,0.559,1
13,conj_uni,371,13,2,0.368,0.353,1
13,conj_uni,371,14,1,0.501,0.62,1
13,conj_uni,371,15,2,0.197,0.419,1
13,conj_uni,371,16,1,0.48,0.696,1
13,conj_uni,371,17,2,0.501,0.112,1
13,conj_uni,371,18,2,0.002,0.562,1
13,conj_uni,371,19,1,0.259,0.442,1
13,conj_uni,371,20,1,0.664,0,1
13,conj_uni,371,21,2,0.21,0.205,1
13,conj_uni,371,22,1,0,0.002,1
13,conj_uni,371,23,1,0.493,0.427,1
13,conj_uni,371,24,2,0.431,0.111,1
13,conj_uni,372,1,1,0.352,0.479,2
13,conj_uni,372,2,2,0.257,0.575,2
13,conj_uni,372,3,2,0,0.657,2
13,conj_uni,372,4,1,0.61,0.228,2
13,conj_uni,372,5,1,0.131,0.53,2
13,conj_uni,372,6,1,0.087,0.572,2
13,conj_uni,372,7,1,0.611,0.352,2
13,conj_uni,372,8,2,0.549,0.563,2
13,conj_uni,372,9,2,0.181,0.668,2
13,conj_uni,372,10,2,0.624,0.575,2
13,conj_uni,372,11,1,0.423,0.419,2
13,conj_uni,372,12,2,0.535,0.009,2
13,conj_uni,372,13,1,0.058,0.661,2
13,conj_uni,372,14,2,0.104,0.699,2
13,conj_uni,372,15,1,0.201,0.593,2
13,conj_uni,372,16,1,0.614,0.516,2
13,conj_uni,372,17,2,0.049,0.494,2
13,conj_uni,372,18,2,0.024,0.051,2
13,conj_uni,372,19,2,0.323,0,2
13,conj_uni,372,20,1,0.089,0.45,2
13,conj_uni,372,21,2,0.106,0.758,2
13,conj_uni,372,22,1,0.49,0.559,2
13,conj_uni,372,23,1,0.041,0.346,2
13,conj_uni,372,24,2,0.503,0.118,2
13,conj_uni,373,1,1,0.299,0.242,3
13,conj_uni,373,2,2,0.725,0.628,3
13,conj_uni,373,3,2,0.472,0.357,3
13,conj_uni,373,4,1,0.48,0.158,3
13,conj_uni,373,5,1,0.767,0.427,3
13,conj_uni,373,6,1,0.152,0.521,3
13,conj_uni,373,7,2,0.029,0.163,3
13,conj_uni,373,8,1,0.003,0.309,3
13,conj_uni,373,9,2,0.058,0.532,3
13,conj_uni,373,10,2,0.055,0.436,3
13,conj_uni,373,11,2,0.662,0.045,3
13,conj_uni,373,12,1,0.421,0.391,3
13,conj_uni,373,13,1,0.454,0.067,3
13,conj_uni,373,14,2,0,0.521,3
13,conj_uni,373,15,1,0.578,0.486,3
13,conj_uni,373,16,2,0.321,0.114,3
13,conj_uni,373,17,1,0.389,0.125,3
13,conj_uni,373,18,2,0.615,0,3
13,conj_uni,373,19,2,0.554,0.115,3
13,conj_uni,373,20,2,0.539,0.259,3
13,conj_uni,373,21,1,0.012,0.22,3
13,conj_uni,373,22,1,0.445,0.009,3
13,conj_uni,373,23,2,0.299,0.463,3
13,conj_uni,373,24,1,0.336,0.056,3
13,conj_uni,374,1,2,0.089,0.422,4
13,conj_uni,374,2,1,0.36,0.487,4
13,conj_uni,374,3,1,0.106,0.359,4
13,conj_uni,374,4,1,0.521,0.389,4
13,conj_uni,374,5,2,0.194,0.548,4
13,conj_uni,374,6,2,0.05,0.071,4
13,conj_uni,374,7,1,0.353,0.222,4
13,conj_uni,374,8,1,0.452,0.146,4
13,conj_uni,374,9,2,0.116,0.012,4
13,conj_uni,374,10,2,0.152,0.074,4
13,conj_uni,374,11,2,0.725,0.559,4
13,conj_uni,374,12,1,0.605,0.442,4
13,conj_uni,374,13,1,0.716,0.413,4
13,conj_uni,374,14,1,0.643,0.264,4
13,conj_uni,374,15,1,0.393,0.131,4
13,conj_uni,374,16,2,0.767,0.177,4
13,conj_uni,374,17,2,0.582,0.044,4
13,conj_uni,374,18,2,0.196,0,4
13,conj_uni,374,19,2,0.608,0.731,4
13,conj_uni,374,20,2,0,0.673,4
13,conj_uni,374,21,1,0.068,0.497,4
13,conj_uni,374,22,1,0.061,0.673,4
13,conj_uni,374,23,2,0.609,0.382,4
13,conj_uni,374,24,1,0.777,0.624,4
13,conj_uni,375,1,1,0.236,0.227,5
13,conj_uni,375,2,1,0.472,0.351,5
13,conj_uni,375,3,2,0.242,0.537,5
13,conj_uni,375,4,2,0.676,0.115,5
13,conj_uni,375,5,1,0.529,0.372,5
13,conj_uni,375,6,2,0.214,0.485,5
13,conj_uni,375,7,1,0.302,0.536,5
13,conj_uni,375,8,2,0.056,0.332,5
13,conj_uni,375,9,2,0.145,0.488,5
13,conj_uni,375,10,2,0.288,0.476,5
13,conj_uni,375,11,2,0.165,0.296,5
13,conj_uni,375,12,1,0.578,0.622,5
13,conj_uni,375,13,1,0.322,0.29,5
13,conj_uni,375,14,1,0.527,0.21,5
13,conj_uni,375,15,2,0,0.306,5
13,conj_uni,375,16,1,0.183,0.646,5
13,conj_uni,375,17,2,0.71,0.323,5
13,conj_uni,375,18,1,0.18,0.437,5
13,conj_uni,375,19,2,0.136,0.099,5
13,conj_uni,375,20,1,0.223,0.286,5
13,conj_uni,375,21,2,0.013,0.191,5
13,conj_uni,375,22,1,0.609,0.676,5
13,conj_uni,375,23,2,0.429,0.098,5
13,conj_uni,375,24,1,0.422,0,5
13,feat_grid,376,1,1,0.004,0.003,1
13,feat_grid,376,2,2,0.258,0.009,1
13,feat_grid,376,3,1,0.359,0,1
13,feat_grid,376,4,1,0.1,0.109,1
13,feat_grid,376,5,2,0.274,0.119,1
13,feat_grid,376,6,2,0.341,0.128,1
13,feat_grid,376,7,2,0.576,0.13,1
13,feat_grid,376,8,2,0.118,0.237,1
13,feat_grid,376,9,1,0.235,0.225,1
13,feat_grid,376,10,1,0.372,0.25,1
13,feat_grid,376,11,1,0.589,0.252,1
13,feat_grid,376,12,1,0.022,0.343,1
13,feat_grid,376,13,2,0.137,0.353,1
13,feat_grid,376,14,2,0.481,0.359,1
13,feat_grid,376,15,2,0.02,0.458,1
13,feat_grid,376,16,1,0.232,0.495,1
13,feat_grid,376,17,2,0.477,0.471,1
13,feat_grid,376,18,2,0.576,0.454,1
13,feat_grid,376,19,2,0,0.582,1
13,feat_grid,376,20,1,0.138,0.592,1
13,feat_grid,376,21,1,0.383,0.575,1
13,feat_grid,376,22,1,0.473,0.588,1
13,feat_grid,376,23,1,0.016,0.691,1
13,feat_grid,376,24,2,0.14,0.698,1
13,feat_grid,377,1,2,0.018,0.004,2
13,feat_grid,377,2,1,0.136,0,2
13,feat_grid,377,3,1,0.232,0.017,2
13,feat_grid,377,4,1,0.367,0.013,2
13,feat_grid,377,5,1,0.604,0.005,2
13,feat_grid,377,6,2,0.012,0.112,2
13,feat_grid,377,7,2,0.595,0.125,2
13,feat_grid,377,8,1,0.708,0.099,2
13,feat_grid,377,9,1,0.005,0.23,2
13,feat_grid,377,10,1,0.152,0.213,2
13,feat_grid,377,11,2,0.584,0.227,2
13,feat_grid,377,12,2,0.716,0.235,2
13,feat_grid,377,13,2,0.369,0.343,2
13,feat_grid,377,14,2,0.707,0.349,2
13,feat_grid,377,15,2,0.124,0.487,2
13,feat_grid,377,16,1,0.357,0.464,2
13,feat_grid,377,17,1,0.469,0.438,2
13,feat_grid,377,18,2,0.587,0.456,2
13,feat_grid,377,19,1,0.715,0.46,2
13,feat_grid,377,20,2,0,0.549,2
13,feat_grid,377,21,2,0.145,0.574,2
13,feat_grid,377,22,1,0.573,0.572,2
13,feat_grid,377,23,2,0.697,0.574,2
13,feat_grid,377,24,1,0.372,0.711,2
13,feat_grid,378,1,1,0,0,3
13,feat_grid,378,2,2,0.592,0.007,3
13,feat_grid,378,3,1,0.004,0.133,3
13,feat_grid,378,4,1,0.133,0.135,3
13,feat_grid,378,5,2,0.475,0.12,3
13,feat_grid,378,6,2,0.115,0.239,3
13,feat_grid,378,7,2,0.451,0.242,3
13,feat_grid,378,8,1,0.566,0.224,3
13,feat_grid,378,9,2,0.698,0.241,3
13,feat_grid,378,10,1,0.221,0.352,3
13,feat_grid,378,11,1,0.356,0.351,3
13,feat_grid,378,12,1,0.578,0.348,3
13,feat_grid,378,13,2,0.688,0.334,3
13,feat_grid,378,14,2,0.012,0.454,3
13,feat_grid,378,15,1,0.111,0.458,3
13,feat_grid,378,16,2,0.228,0.469,3
13,feat_grid,378,17,1,0.353,0.47,3
13,feat_grid,378,18,1,0.691,0.469,3
13,feat_grid,378,19,2,0.031,0.589,3
13,feat_grid,378,20,1,0.12,0.573,3
13,feat_grid,378,21,2,0.596,0.565,3
13,feat_grid,378,22,1,0.009,0.692,3
13,feat_grid,378,23,2,0.111,0.691,3
13,feat_grid,378,24,2,0.587,0.682,3
13,feat_grid,379,1,1,0,0.005,4
13,feat_grid,379,2,2,0.115,0.014,4
13,feat_grid,379,3,2,0.248,0.019,4
13,feat_grid,379,4,2,0.337,0,4
13,feat_grid,379,5,1,0.47,0.009,4
13,feat_grid,379,6,2,0.698,0.004,4
13,feat_grid,379,7,1,0.221,0.121,4
13,feat_grid,379,8,1,0.012,0.232,4
13,feat_grid,379,9,1,0.228,0.235,4
13,feat_grid,379,10,1,0.358,0.243,4
13,feat_grid,379,11,2,0.604,0.253,4
13,feat_grid,379,12,2,0.467,0.356,4
13,feat_grid,379,13,2,0.592,0.337,4
13,feat_grid,379,14,1,0.68,0.362,4
13,feat_grid,379,15,1,0.35,0.472,4
13,feat_grid,379,16,1,0.002,0.588,4
13,feat_grid,379,17,2,0.225,0.59,4
13,feat_grid,379,18,2,0.34,0.58,4
13,feat_grid,379,19,1,0.465,0.592,4
13,feat_grid,379,20,2,0.587,0.6,4
13,feat_grid,379,21,1,0.7,0.586,4
13,feat_grid,379,22,2,0.027,0.679,4
13,feat_grid,379,23,1,0.13,0.704,4
13,feat_grid,379,24,2,0.232,0.714,4
13,feat_grid,380,1,1,0.016,0,5
13,feat_grid,380,2,1,0.113,0.018,5
13,feat_grid,380,3,2,0.259,0.013,5
13,feat_grid,380,4,2,0.578,0,5
13,feat_grid,380,5,1,0.702,0.028,5
13,feat_grid,380,6,2,0.335,0.132,5
13,feat_grid,380,7,2,0.692,0.142,5
13,feat_grid,380,8,2,0.226,0.236,5
13,feat_grid,380,9,1,0.482,0.243,5
13,feat_grid,380,10,2,0.596,0.249,5
13,feat_grid,380,11,2,0.698,0.261,5
13,feat_grid,380,12,1,0,0.374,5
13,feat_grid,380,13,1,0.005,0.473,5
13,feat_grid,380,14,1,0.227,0.491,5
13,feat_grid,380,15,1,0.461,0.477,5
13,feat_grid,380,16,1,0.694,0.461,5
13,feat_grid,380,17,1,0.005,0.607,5
13,feat_grid,380,18,2,0.113,0.578,5
13,feat_grid,380,19,2,0.244,0.588,5
13,feat_grid,380,20,2,0.586,0.582,5
13,feat_grid,380,21,1,0.01,0.69,5
13,feat_grid,380,22,2,0.113,0.689,5
13,feat_grid,380,23,1,0.336,0.696,5
13,feat_grid,380,24,2,0.701,0.702,5
13,feat_rot,381,1,1,0.57,0.087,1
13,feat_rot,381,2,2,0.662,0.151,1
13,feat_rot,381,3,1,0.902,0.396,1
13,feat_rot,381,4,2,0.338,0,1
13,feat_rot,381,5,2,0.418,0.085,1
13,feat_rot,381,6,1,0.469,0.165,1
13,feat_rot,381,7,1,0.571,0.214,1
13,feat_rot,381,8,2,0.718,0.403,1
13,feat_rot,381,9,1,0.244,0.06,1
13,feat_rot,381,10,2,0.392,0.242,1
13,feat_rot,381,11,1,0.488,0.32,1
13,feat_rot,381,12,1,0.655,0.473,1
13,feat_rot,381,13,2,0.094,0.236,1
13,feat_rot,381,14,2,0.156,0.319,1
13,feat_rot,381,15,2,0.231,0.393,1
13,feat_rot,381,16,1,0.4,0.547,1
13,feat_rot,381,17,1,0.481,0.647,1
13,feat_rot,381,18,2,0.556,0.733,1
13,feat_rot,381,19,1,0,0.316,1
13,feat_rot,381,20,1,0.172,0.489,1
13,feat_rot,381,21,2,0.25,0.55,1
13,feat_rot,381,22,2,0.334,0.633,1
13,feat_rot,381,23,1,0.065,0.561,1
13,feat_rot,381,24,2,0.32,0.812,1
13,feat_rot,382,1,1,0.565,0.002,2
13,feat_rot,382,2,2,0.674,0.072,2
13,feat_rot,382,3,2,0.826,0.25,2
13,feat_rot,382,4,1,0.431,0,2
13,feat_rot,382,5,2,0.502,0.088,2
13,feat_rot,382,6,2,0.588,0.349,2
13,feat_rot,382,7,1,0.655,0.419,2
13,feat_rot,382,8,1,0.747,0.503,2
13,feat_rot,382,9,2,0.826,0.558,2
13,feat_rot,382,10,2,0.225,0.169,2
13,feat_rot,382,11,1,0.41,0.336,2
13,feat_rot,382,12,2,0.579,0.512,2
13,feat_rot,382,13,2,0.658,0.579,2
13,feat_rot,382,14,1,0.247,0.348,2
13,feat_rot,382,15,1,0.338,0.404,2
13,feat_rot,382,16,2,0.413,0.499,2
13,feat_rot,382,17,2,0.581,0.646,2
13,feat_rot,382,18,2,0.671,0.727,2
13,feat_rot,382,19,1,0.284,0.492,2
13,feat_rot,382,20,1,0.422,0.649,2
13,feat_rot,382,21,1,0.573,0.819,2
13,feat_rot,382,22,2,0,0.424,2
13,feat_rot,382,23,1,0.256,0.645,2
13,feat_rot,382,24,1,0.341,0.745,2
13,feat_rot,383,1,2,0.473,0,3
13,feat_rot,383,2,1,0.581,0.079,3
13,feat_rot,383,3,2,0.658,0.188,3
13,feat_rot,383,4,2,0.725,0.277,3
13,feat_rot,383,5,1,0.98,0.502,3
13,feat_rot,383,6,2,0.488,0.188,3
13,feat_rot,383,7,2,0.567,0.271,3
13,feat_rot,383,8,1,0.645,0.324,3
13,feat_rot,383,9,2,0.896,0.571,3
13,feat_rot,383,10,2,0.481,0.328,3
13,feat_rot,383,11,1,0.637,0.497,3
13,feat_rot,383,12,1,0.803,0.668,3
13,feat_rot,383,13,1,0.406,0.429,3
13,feat_rot,383,14,1,0.272,0.426,3
13,feat_rot,383,15,2,0.324,0.489,3
13,feat_rot,383,16,1,0.642,0.827,3
13,feat_rot,383,17,2,0.071,0.431,3
13,feat_rot,383,18,1,0.172,0.506,3
13,feat_rot,383,19,1,0.249,0.583,3
13,feat_rot,383,20,1,0.486,0.826,3
13,feat_rot,383,21,2,0.576,0.918,3
13,feat_rot,383,22,1,0,0.495,3
13,feat_rot,383,23,2,0.079,0.577,3
13,feat_rot,383,24,2,0.155,0.658,3
13,feat_rot,384,1,2,0.58,0.022,4
13,feat_rot,384,2,1,0.829,0.228,4
13,feat_rot,384,3,2,0.893,0.338,4
13,feat_rot,384,4,1,0.42,0,4
13,feat_rot,384,5,2,0.482,0.105,4
13,feat_rot,384,6,2,0.644,0.248,4
13,feat_rot,384,7,2,0.332,0.109,4
13,feat_rot,384,8,2,0.667,0.421,4
13,feat_rot,384,9,2,0.736,0.49,4
13,feat_rot,384,10,1,0.192,0.108,4
13,feat_rot,384,11,2,0.311,0.243,4
13,feat_rot,384,12,1,0.486,0.426,4
13,feat_rot,384,13,2,0.596,0.519,4
13,feat_rot,384,14,1,0.092,0.187,4
13,feat_rot,384,15,1,0.323,0.437,4
13,feat_rot,384,16,2,0.571,0.652,4
13,feat_rot,384,17,1,0.102,0.352,4
13,feat_rot,384,18,1,0.17,0.423,4
13,feat_rot,384,19,1,0.333,0.589,4
13,feat_rot,384,20,1,0,0.409,4
13,feat_rot,384,21,2,0.09,0.518,4
13,feat_rot,384,22,1,0.158,0.592,4
13,feat_rot,384,23,1,0.25,0.646,4
13,feat_rot,384,24,2,0.332,0.729,4
13,feat_rot,385,1,2,0.481,0,5
13,feat_rot,385,2,2,0.728,0.268,5
13,feat_rot,385,3,1,0.724,0.437,5
13,feat_rot,385,4,1,0.819,0.508,5
13,feat_rot,385,5,2,0.897,0.598,5
13,feat_rot,385,6,2,0.393,0.254,5
13,feat_rot,385,7,2,0.646,0.489,5
13,feat_rot,385,8,1,0.73,0.573,5
13,feat_rot,385,9,2,0.806,0.65,5
13,feat_rot,385,10,1,0.322,0.336,5
13,feat_rot,385,11,2,0.651,0.659,5
13,feat_rot,385,12,1,0.318,0.499,5
13,feat_rot,385,13,1,0.422,0.575,5
13,feat_rot,385,14,2,0.57,0.729,5
13,feat_rot,385,15,2,0.648,0.836,5
13,feat_rot,385,16,1,0.084,0.416,5
13,feat_rot,385,17,2,0.317,0.666,5
13,feat_rot,385,18,2,0.478,0.817,5
13,feat_rot,385,19,1,0.581,0.902,5
13,feat_rot,385,20,2,0,0.501,5
13,feat_rot,385,21,1,0.084,0.578,5
13,feat_rot,385,22,1,0.154,0.667,5
13,feat_rot,385,23,1,0.344,0.814,5
13,feat_rot,385,24,1,0.397,0.909,5
13,feat_uni,386,1,2,0.302,0.248,1
13,feat_uni,386,2,2,0.47,0.236,1
13,feat_uni,386,3,2,0.036,0,1
13,feat_uni,386,4,2,0.003,0.273,1
13,feat_uni,386,5,1,0.587,0.382,1
13,feat_uni,386,6,1,0.005,0.549,1
13,feat_uni,386,7,2,0.663,0.196,1
13,feat_uni,386,8,2,0.742,0.435,1
13,feat_uni,386,9,2,0.374,0.099,1
13,feat_uni,386,10,2,0.447,0.719,1
13,feat_uni,386,11,1,0.738,0.705,1
13,feat_uni,386,12,1,0.142,0.021,1
13,feat_uni,386,13,2,0,0.133,1
13,feat_uni,386,14,1,0.625,0.022,1
13,feat_uni,386,15,1,0.504,0.738,1
13,feat_uni,386,16,1,0.036,0.355,1
13,feat_uni,386,17,2,0.521,0.457,1
13,feat_uni,386,18,1,0.057,0.299,1
13,feat_uni,386,19,2,0.687,0.137,1
13,feat_uni,386,20,2,0.313,0.333,1
13,feat_uni,386,21,1,0.616,0.33,1
13,feat_uni,386,22,1,0.525,0.26,1
13,feat_uni,386,23,1,0.066,0.645,1
13,feat_uni,386,24,1,0.696,0.475,1
13,feat_uni,387,1,1,0.627,0.071,2
13,feat_uni,387,2,2,0.207,0.209,2
13,feat_uni,387,3,2,0.375,0.706,2
13,feat_uni,387,4,1,0.396,0.598,2
13,feat_uni,387,5,2,0.489,0.153,2
13,feat_uni,387,6,2,0.572,0.36,2
13,feat_uni,387,7,1,0.596,0.456,2
13,feat_uni,387,8,1,0.541,0.184,2
13,feat_uni,387,9,2,0.045,0.02,2
13,feat_uni,387,10,2,0.617,0.012,2
13,feat_uni,387,11,1,0,0.244,2
13,feat_uni,387,12,1,0.08,0.475,2
13,feat_uni,387,13,2,0.562,0.527,2
13,feat_uni,387,14,2,0.041,0.416,2
13,feat_uni,387,15,2,0.662,0.543,2
13,feat_uni,387,16,1,0.64,0.416,2
13,feat_uni,387,17,1,0.547,0.584,2
13,feat_uni,387,18,1,0.679,0.704,2
13,feat_uni,387,19,1,0.552,0.418,2
13,feat_uni,387,20,1,0.6,0.225,2
13,feat_uni,387,21,1,0.38,0,2
13,feat_uni,387,22,2,0.077,0.105,2
13,feat_uni,387,23,2,0.119,0.555,2
13,feat_uni,387,24,2,0.332,0.592,2
13,feat_uni,388,1,2,0.516,0.561,3
13,feat_uni,388,2,1,0.258,0.247,3
13,feat_uni,388,3,2,0.063,0.304,3
13,feat_uni,388,4,1,0.532,0.742,3
13,feat_uni,388,5,1,0.099,0.505,3
13,feat_uni,388,6,1,0.665,0.168,3
13,feat_uni,388,7,1,0,0.03,3
13,feat_uni,388,8,2,0.645,0.293,3
13,feat_uni,388,9,2,0.571,0.019,3
13,feat_uni,388,10,1,0.481,0.171,3
13,feat_uni,388,11,2,0.47,0.713,3
13,feat_uni,388,12,2,0.757,0.255,3
13,feat_uni,388,13,1,0.401,0.702,3
13,feat_uni,388,14,2,0.751,0,3
13,feat_uni,388,15,2,0.129,0.719,3
13,feat_uni,388,16,1,0.116,0.447,3
13,feat_uni,388,17,1,0.017,0.204,3
13,feat_uni,388,18,1,0.111,0.145,3
13,feat_uni,388,19,2,0.548,0.203,3
13,feat_uni,388,20,2,0.24,0.433,3
13,feat_uni,388,21,1,0.269,0.033,3
13,feat_uni,388,22,2,0.147,0.307,3
13,feat_uni,388,23,2,0.732,0.621,3
13,feat_uni,388,24,1,0.349,0.6,3
13,feat_uni,389,1,1,0.41,0.298,4
13,feat_uni,389,2,2,0.697,0.21,4
13,feat_uni,389,3,2,0.049,0.431,4
13,feat_uni,389,4,1,0.566,0.279,4
13,feat_uni,389,5,1,0,0.571,4
13,feat_uni,389,6,1,0.218,0,4
13,feat_uni,389,7,1,0.199,0.173,4
13,feat_uni,389,8,1,0.068,0.658,4
13,feat_uni,389,9,1,0.639,0.186,4
13,feat_uni,389,10,2,0.181,0.715,4
13,feat_uni,389,11,1,0.128,0.661,4
13,feat_uni,389,12,1,0.089,0.267,4
13,feat_uni,389,13,2,0.509,0.013,4
13,feat_uni,389,14,2,0.402,0.151,4
13,feat_uni,389,15,2,0.397,0.576,4
13,feat_uni,389,16,1,0.267,0.311,4
13,feat_uni,389,17,2,0.326,0.152,4
13,feat_uni,389,18,2,0.307,0.095,4
13,feat_uni,389,19,2,0.225,0.757,4
13,feat_uni,389,20,1,0.552,0.346,4
13,feat_uni,389,21,2,0.571,0.447,4
13,feat_uni,389,22,1,0.243,0.374,4
13,feat_uni,389,23,2,0.556,0.051,4
13,feat_uni,389,24,2,0.045,0.49,4
13,feat_uni,390,1,1,0.079,0.581,5
13,feat_uni,390,2,1,0,0.069,5
13,feat_uni,390,3,1,0.476,0.19,5
13,feat_uni,390,4,1,0.066,0.644,5
13,feat_uni,390,5,1,0.639,0.278,5
13,feat_uni,390,6,2,0.564,0.562,5
13,feat_uni,390,7,1,0.282,0.133,5
13,feat_uni,390,8,1,0.617,0.535,5
13,feat_uni,390,9,1,0.558,0.622,5
13,feat_uni,390,10,2,0.679,0.377,5
13,feat_uni,390,11,2,0.607,0.441,5
13,feat_uni,390,12,1,0.016,0.173,5
13,feat_uni,390,13,2,0.44,0.057,5
13,feat_uni,390,14,2,0.505,0.597,5
13,feat_uni,390,15,2,0.588,0.308,5
13,feat_uni,390,16,2,0.394,0.385,5
13,feat_uni,390,17,2,0.668,0.565,5
13,feat_uni,390,18,1,0.014,0.365,5
13,feat_uni,390,19,2,0.556,0.473,5
13,feat_uni,390,20,2,0.491,0,5
13,feat_uni,390,21,2,0.12,0.67,5
13,feat_uni,390,22,1,0.421,0.65,5
13,feat_uni,390,23,2,0.24,0.004,5
13,feat_uni,390,24,1,0.458,0.561,5
14,conj_grid,391,1,1,0.236,0.013,1
14,conj_grid,391,2,1,0.339,0.014,1
14,conj_grid,391,3,2,0.452,0,1
14,conj_grid,391,4,2,0.586,0.01,1
14,conj_grid,391,5,1,0.113,0.123,1
14,conj_grid,391,6,2,0.34,0.099,1
14,conj_grid,391,7,2,0.469,0.117,1
14,conj_grid,391,8,1,0.571,0.123,1
14,conj_grid,391,9,1,0,0.241,1
14,conj_grid,391,10,2,0.105,0.242,1
14,conj_grid,391,11,1,0.214,0.235,1
14,conj_grid,391,12,2,0.462,0.23,1
14,conj_grid,391,13,2,0.691,0.233,1
14,conj_grid,391,14,1,0.119,0.368,1
14,conj_grid,391,15,2,0.23,0.353,1
14,conj_grid,391,16,1,0.352,0.349,1
14,conj_grid,391,17,1,0.224,0.47,1
14,conj_grid,391,18,2,0.336,0.477,1
14,conj_grid,391,19,2,0.561,0.478,1
14,conj_grid,391,20,1,0.688,0.463,1
14,conj_grid,391,21,2,0.565,0.572,1
14,conj_grid,391,22,2,0.106,0.693,1
14,conj_grid,391,23,1,0.356,0.692,1
14,conj_grid,391,24,1,0.584,0.681,1
14,conj_grid,392,1,2,0,0,2
14,conj_grid,392,2,1,0.121,0.03,2
14,conj_grid,392,3,1,0.239,0.013,2
14,conj_grid,392,4,1,0.353,0.034,2
14,conj_grid,392,5,1,0.683,0.003,2
14,conj_grid,392,6,2,0.029,0.129,2
14,conj_grid,392,7,2,0.693,0.141,2
14,conj_grid,392,8,2,0.001,0.275,2
14,conj_grid,392,9,1,0.363,0.234,2
14,conj_grid,392,10,1,0.704,0.257,2
14,conj_grid,392,11,1,0.139,0.373,2
14,conj_grid,392,12,2,0.251,0.355,2
14,conj_grid,392,13,2,0.486,0.369,2
14,conj_grid,392,14,1,0.696,0.358,2
14,conj_grid,392,15,1,0.021,0.479,2
14,conj_grid,392,16,2,0.123,0.486,2
14,conj_grid,392,17,1,0.022,0.606,2
14,conj_grid,392,18,2,0.128,0.603,2
14,conj_grid,392,19,2,0.232,0.589,2
14,conj_grid,392,20,2,0.715,0.589,2
14,conj_grid,392,21,1,0.007,0.708,2
14,conj_grid,392,22,2,0.222,0.7,2
14,conj_grid,392,23,1,0.479,0.704,2
14,conj_grid,392,24,2,0.581,0.717,2
14,conj_grid,393,1,2,0.685,0,3
14,conj_grid,393,2,2,0.118,0.129,3
14,conj_grid,393,3,2,0.448,0.096,3
14,conj_grid,393,4,2,0.579,0.112,3
14,conj_grid,393,5,1,0.232,0.232,3
14,conj_grid,393,6,1,0.333,0.233,3
14,conj_grid,393,7,2,0.451,0.233,3
14,conj_grid,393,8,2,0.56,0.22,3
14,conj_grid,393,9,1,0.237,0.34,3
14,conj_grid,393,10,1,0.332,0.335,3
14,conj_grid,393,11,2,0.475,0.323,3
14,conj_grid,393,12,2,0.564,0.354,3
14,conj_grid,393,13,1,0.694,0.34,3
14,conj_grid,393,14,2,0,0.461,3
14,conj_grid,393,15,1,0.337,0.455,3
14,conj_grid,393,16,1,0.566,0.46,3
14,conj_grid,393,17,1,0.705,0.474,3
14,conj_grid,393,18,2,0.001,0.573,3
14,conj_grid,393,19,1,0.111,0.572,3
14,conj_grid,393,20,1,0.344,0.575,3
14,conj_grid,393,21,1,0.583,0.575,3
14,conj_grid,393,22,1,0.701,0.587,3
14,conj_grid,393,23,2,0.097,0.699,3
14,conj_grid,393,24,2,0.371,0.696,3
14,conj_grid,394,1,1,0.592,0,4
14,conj_grid,394,2,2,0.575,0.134,4
14,conj_grid,394,3,1,0.695,0.135,4
14,conj_grid,394,4,1,0.362,0.242,4
14,conj_grid,394,5,2,0.597,0.245,4
14,conj_grid,394,6,2,0.699,0.24,4
14,conj_grid,394,7,1,0.01,0.363,4
14,conj_grid,394,8,1,0.234,0.385,4
14,conj_grid,394,9,2,0.345,0.363,4
14,conj_grid,394,10,1,0.453,0.365,4
14,conj_grid,394,11,1,0.565,0.358,4
14,conj_grid,394,12,2,0.015,0.505,4
14,conj_grid,394,13,1,0.113,0.476,4
14,conj_grid,394,14,2,0.233,0.481,4
14,conj_grid,394,15,1,0.356,0.49,4
14,conj_grid,394,16,2,0.457,0.475,4
14,conj_grid,394,17,2,0.699,0.484,4
14,conj_grid,394,18,2,0.105,0.577,4
14,conj_grid,394,19,1,0.461,0.577,4
14,conj_grid,394,20,2,0.583,0.6,4
14,conj_grid,394,21,1,0,0.711,4
14,conj_grid,394,22,2,0.103,0.716,4
14,conj_grid,394,23,1,0.222,0.719,4
14,conj_grid,394,24,2,0.57,0.707,4
14,conj_grid,395,1,2,0.143,0,5
14,conj_grid,395,2,2,0.358,0.02,5
14,conj_grid,395,3,2,0.007,0.122,5
14,conj_grid,395,4,1,0.121,0.118,5
14,conj_grid,395,5,1,0.478,0.126,5
14,conj_grid,395,6,2,0,0.244,5
14,conj_grid,395,7,2,0.265,0.233,5
14,conj_grid,395,8,1,0.471,0.238,5
14,conj_grid,395,9,1,0.597,0.231,5
14,conj_grid,395,10,2,0.708,0.25,5
14,conj_grid,395,11,1,0.003,0.322,5
14,conj_grid,395,12,1,0.249,0.346,5
14,conj_grid,395,13,2,0.479,0.337,5
14,conj_grid,395,14,1,0.596,0.342,5
14,conj_grid,395,15,1,0.022,0.472,5
14,conj_grid,395,16,1,0.241,0.452,5
14,conj_grid,395,17,1,0.368,0.456,5
14,conj_grid,395,18,1,0.021,0.575,5
14,conj_grid,395,19,2,0.25,0.578,5
14,conj_grid,395,20,2,0.35,0.572,5
14,conj_grid,395,21,2,0.473,0.557,5
14,conj_grid,395,22,2,0.371,0.683,5
14,conj_grid,395,23,1,0.47,0.694,5
14,conj_grid,395,24,2,0.603,0.685,5
14,conj_rot,396,1,2,0.479,0.014,1
14,conj_rot,396,2,2,0.315,0,1
14,conj_rot,396,3,1,0.412,0.101,1
14,conj_rot,396,4,2,0.553,0.27,1
14,conj_rot,396,5,2,0.252,0.075,1
14,conj_rot,396,6,1,0.332,0.185,1
14,conj_rot,396,7,2,0.479,0.332,1
14,conj_rot,396,8,2,0.563,0.423,1
14,conj_rot,396,9,1,0.729,0.594,1
14,conj_rot,396,10,1,0.151,0.189,1
14,conj_rot,396,11,2,0.23,0.264,1
14,conj_rot,396,12,1,0.323,0.321,1
14,conj_rot,396,13,1,0.394,0.419,1
14,conj_rot,396,14,2,0.472,0.508,1
14,conj_rot,396,15,1,0.629,0.674,1
14,conj_rot,396,16,2,0.092,0.258,1
14,conj_rot,396,17,1,0.408,0.564,1
14,conj_rot,396,18,2,0.014,0.342,1
14,conj_rot,396,19,1,0.402,0.73,1
14,conj_rot,396,20,2,0.465,0.816,1
14,conj_rot,396,21,2,0,0.489,1
14,conj_rot,396,22,1,0.074,0.57,1
14,conj_rot,396,23,1,0.146,0.648,1
14,conj_rot,396,24,1,0.308,0.823,1
14,conj_rot,397,1,1,0.503,0,2
14,conj_rot,397,2,1,0.573,0.075,2
14,conj_rot,397,3,1,0.664,0.153,2
14,conj_rot,397,4,2,0.833,0.325,2
14,conj_rot,397,5,2,0.505,0.159,2
14,conj_rot,397,6,2,0.67,0.325,2
14,conj_rot,397,7,1,0.424,0.259,2
14,conj_rot,397,8,1,0.497,0.318,2
14,conj_rot,397,9,1,0.582,0.418,2
14,conj_rot,397,10,2,0.241,0.228,2
14,conj_rot,397,11,1,0.339,0.33,2
14,conj_rot,397,12,2,0.433,0.394,2
14,conj_rot,397,13,2,0.726,0.747,2
14,conj_rot,397,14,2,0.16,0.321,2
14,conj_rot,397,15,2,0.248,0.406,2
14,conj_rot,397,16,2,0.439,0.561,2
14,conj_rot,397,17,2,0.089,0.391,2
14,conj_rot,397,18,2,0.167,0.493,2
14,conj_rot,397,19,1,0.407,0.723,2
14,conj_rot,397,20,1,0.586,0.886,2
14,conj_rot,397,21,1,0,0.49,2
14,conj_rot,397,22,2,0.155,0.638,2
14,conj_rot,397,23,1,0.247,0.738,2
14,conj_rot,397,24,1,0.501,0.98,2
14,conj_rot,398,1,1,0.434,0,3
14,conj_rot,398,2,2,0.819,0.413,3
14,conj_rot,398,3,2,0.904,0.476,3
14,conj_rot,398,4,2,0.424,0.15,3
14,conj_rot,398,5,1,0.659,0.413,3
14,conj_rot,398,6,2,0.815,0.546,3
14,conj_rot,398,7,2,0.27,0.147,3
14,conj_rot,398,8,2,0.528,0.41,3
14,conj_rot,398,9,2,0.59,0.461,3
14,conj_rot,398,10,1,0.172,0.24,3
14,conj_rot,398,11,1,0.265,0.326,3
14,conj_rot,398,12,2,0.574,0.627,3
14,conj_rot,398,13,2,0.651,0.712,3
14,conj_rot,398,14,1,0.167,0.4,3
14,conj_rot,398,15,2,0.25,0.486,3
14,conj_rot,398,16,1,0.337,0.553,3
14,conj_rot,398,17,2,0.003,0.412,3
14,conj_rot,398,18,1,0.095,0.477,3
14,conj_rot,398,19,1,0.16,0.565,3
14,conj_rot,398,20,1,0.249,0.635,3
14,conj_rot,398,21,1,0.339,0.702,3
14,conj_rot,398,22,1,0,0.556,3
14,conj_rot,398,23,2,0.266,0.811,3
14,conj_rot,398,24,1,0.446,0.955,3
14,conj_rot,399,1,2,0.555,0,4
14,conj_rot,399,2,1,0.713,0.154,4
14,conj_rot,399,3,1,0.798,0.219,4
14,conj_rot,399,4,2,0.985,0.394,4
14,conj_rot,399,5,1,0.474,0.069,4
14,conj_rot,399,6,2,0.552,0.153,4
14,conj_rot,399,7,2,0.629,0.245,4
14,conj_rot,399,8,2,0.709,0.315,4
14,conj_rot,399,9,2,0.798,0.392,4
14,conj_rot,399,10,1,0.32,0.078,4
14,conj_rot,399,11,1,0.563,0.298,4
14,conj_rot,399,12,1,0.637,0.406,4
14,conj_rot,399,13,2,0.717,0.47,4
14,conj_rot,399,14,1,0.798,0.56,4
14,conj_rot,399,15,1,0.228,0.156,4
14,conj_rot,399,16,2,0.247,0.318,4
14,conj_rot,399,17,2,0.327,0.401,4
14,conj_rot,399,18,2,0.642,0.723,4
14,conj_rot,399,19,2,0.04,0.33,4
14,conj_rot,399,20,1,0.247,0.462,4
14,conj_rot,399,21,1,0.4,0.652,4
14,conj_rot,399,22,2,0.555,0.803,4
14,conj_rot,399,23,1,0,0.403,4
14,conj_rot,399,24,1,0.478,0.886,4
14,conj_rot,400,1,1,0.403,0,5
14,conj_rot,400,2,1,0.329,0.103,5
14,conj_rot,400,3,2,0.418,0.166,5
14,conj_rot,400,4,1,0.641,0.418,5
14,conj_rot,400,5,1,0.82,0.571,5
14,conj_rot,400,6,2,0.317,0.244,5
14,conj_rot,400,7,2,0.549,0.484,5
14,conj_rot,400,8,1,0.722,0.65,5
14,conj_rot,400,9,1,0.142,0.256,5
14,conj_rot,400,10,2,0.235,0.33,5
14,conj_rot,400,11,2,0.407,0.495,5
14,conj_rot,400,12,2,0.555,0.648,5
14,conj_rot,400,13,1,0.165,0.422,5
14,conj_rot,400,14,2,0.391,0.63,5
14,conj_rot,400,15,1,0.498,0.741,5
14,conj_rot,400,16,2,0.572,0.803,5
14,conj_rot,400,17,2,0.08,0.482,5
14,conj_rot,400,18,1,0.23,0.662,5
14,conj_rot,400,19,2,0.409,0.81,5
14,conj_rot,400,20,1,0,0.593,5
14,conj_rot,400,21,2,0.087,0.668,5
14,conj_rot,400,22,1,0.172,0.732,5
14,conj_rot,400,23,2,0.23,0.816,5
14,conj_rot,400,24,1,0.399,0.987,5
14,conj_uni,401,1,2,0.24,0.614,1
14,conj_uni,401,2,2,0.019,0.204,1
14,conj_uni,401,3,1,0.412,0.288,1
14,conj_uni,401,4,2,0.191,0.433,1
14,conj_uni,401,5,1,0.135,0.37,1
14,conj_uni,401,6,1,0.072,0.377,1
14,conj_uni,401,7,1,0.451,0.241,1
14,conj_uni,401,8,1,0.175,0.504,1
14,conj_uni,401,9,2,0.48,0.71,1
14,conj_uni,401,10,1,0.177,0.617,1
14,conj_uni,401,11,1,0.583,0.312,1
14,conj_uni,401,12,2,0.1,0,1
14,conj_uni,401,13,2,0.504,0.416,1
14,conj_uni,401,14,1,0.108,0.424,1
14,conj_uni,401,15,2,0.006,0.349,1
14,conj_uni,401,16,2,0.066,0.078,1
14,conj_uni,401,17,1,0.532,0.584,1
14,conj_uni,401,18,2,0.327,0.044,1
14,conj_uni,401,19,1,0.565,0.694,1
14,conj_uni,401,20,2,0.448,0.66,1
14,conj_uni,401,21,1,0.074,0.225,1
14,conj_uni,401,22,2,0.248,0.451,1
14,conj_uni,401,23,2,0.692,0.65,1
14,conj_uni,401,24,1,0,0.625,1
14,conj_uni,402,1,1,0.58,0.044,2
14,conj_uni,402,2,2,0.32,0.416,2
14,conj_uni,402,3,2,0.678,0.267,2
14,conj_uni,402,4,1,0.477,0.521,2
14,conj_uni,402,5,2,0.371,0.052,2
14,conj_uni,402,6,1,0.522,0.464,2
14,conj_uni,402,7,1,0.334,0.1,2
14,conj_uni,402,8,2,0.31,0.356,2
14,conj_uni,402,9,1,0.373,0.277,2
14,conj_uni,402,10,2,0.739,0.07,2
14,conj_uni,402,11,2,0.623,0,2
14,conj_uni,402,12,1,0.563,0.372,2
14,conj_uni,402,13,2,0.22,0.045,2
14,conj_uni,402,14,1,0.259,0.475,2
14,conj_uni,402,15,2,0.623,0.362,2
14,conj_uni,402,16,1,0.694,0.696,2
14,conj_uni,402,17,2,0.066,0.134,2
14,conj_uni,402,18,2,0.105,0.03,2
14,conj_uni,402,19,1,0.456,0.348,2
14,conj_uni,402,20,2,0.413,0.437,2
14,conj_uni,402,21,1,0.751,0.715,2
14,conj_uni,402,22,2,0.509,0.063,2
14,conj_uni,402,23,1,0,0.572,2
14,conj_uni,402,24,1,0.313,0.034,2
14,conj_uni,403,1,2,0.539,0.693,3
14,conj_uni,403,2,2,0.333,0.504,3
14,conj_uni,403,3,2,0.118,0.262,3
14,conj_uni,403,4,2,0.59,0.409,3
14,conj_uni,403,5,1,0.091,0.424,3
14,conj_uni,403,6,1,0.317,0.382,3
14,conj_uni,403,7,2,0.098,0,3
14,conj_uni,403,8,2,0.192,0.174,3
14,conj_uni,403,9,1,0.138,0.639,3
14,conj_uni,403,10,2,0.245,0.687,3
14,conj_uni,403,11,1,0.567,0.355,3
14,conj_uni,403,12,2,0.592,0.473,3
14,conj_uni,403,13,1,0.306,0.629,3
14,conj_uni,403,14,2,0.131,0.378,3
14,conj_uni,403,15,1,0.64,0.606,3
14,conj_uni,403,16,1,0.202,0.59,3
14,conj_uni,403,17,1,0.361,0.747,3
14,conj_uni,403,18,2,0.4,0.652,3
14,conj_uni,403,19,2,0,0.271,3
14,conj_uni,403,20,1,0.536,0.454,3
14,conj_uni,403,21,2,0.214,0.464,3
14,conj_uni,403,22,1,0.292,0.126,3
14,conj_uni,403,23,1,0.145,0.575,3
14,conj_uni,403,24,1,0.014,0.377,3
14,conj_uni,404,1,2,0,0,4
14,conj_uni,404,2,1,0.368,0.404,4
14,conj_uni,404,3,2,0.159,0.535,4
14,conj_uni,404,4,2,0.322,0.361,4
14,conj_uni,404,5,2,0.289,0.282,4
14,conj_uni,404,6,1,0.335,0.074,4
14,conj_uni,404,7,2,0.646,0.291,4
14,conj_uni,404,8,2,0.414,0.618,4
14,conj_uni,404,9,1,0.111,0.019,4
14,conj_uni,404,10,1,0.274,0.074,4
14,conj_uni,404,11,1,0.318,0.139,4
14,conj_uni,404,12,1,0.346,0.294,4
14,conj_uni,404,13,2,0.217,0.062,4
14,conj_uni,404,14,1,0.687,0.377,4
14,conj_uni,404,15,2,0.502,0.393,4
14,conj_uni,404,16,1,0.258,0.131,4
14,conj_uni,404,17,2,0.391,0.056,4
14,conj_uni,404,18,2,0.394,0.235,4
14,conj_uni,404,19,2,0.152,0.672,4
14,conj_uni,404,20,1,0.492,0.658,4
14,conj_uni,404,21,1,0.438,0.356,4
14,conj_uni,404,22,1,0.419,0.542,4
14,conj_uni,404,23,1,0.677,0.665,4
14,conj_uni,404,24,2,0.207,0.496,4
14,conj_uni,405,1,1,0.746,0.071,5
14,conj_uni,405,2,1,0.104,0.617,5
14,conj_uni,405,3,2,0.42,0.248,5
14,conj_uni,405,4,1,0.498,0.281,5
14,conj_uni,405,5,2,0.565,0.061,5
14,conj_uni,405,6,2,0.187,0.459,5
14,conj_uni,405,7,2,0.336,0.571,5
14,conj_uni,405,8,2,0.365,0.628,5
14,conj_uni,405,9,2,0.736,0.426,5
14,conj_uni,405,10,2,0.16,0.646,5
14,conj_uni,405,11,2,0.341,0.156,5
14,conj_uni,405,12,1,0.684,0.625,5
14,conj_uni,405,13,1,0.626,0.614,5
14,conj_uni,405,14,1,0.087,0.374,5
14,conj_uni,405,15,1,0.419,0.014,5
14,conj_uni,405,16,1,0.674,0.262,5
14,conj_uni,405,17,1,0.247,0.579,5
14,conj_uni,405,18,2,0.685,0.393,5
14,conj_uni,405,19,2,0,0,5
14,conj_uni,405,20,1,0.238,0.012,5
14,conj_uni,405,21,2,0.197,0.399,5
14,conj_uni,405,22,1,0.573,0.001,5
14,conj_uni,405,23,2,0.105,0.158,5
14,conj_uni,405,24,1,0.261,0.711,5
14,feat_grid,406,1,1,0.007,0,1
14,feat_grid,406,2,2,0.129,0.018,1
14,feat_grid,406,3,1,0.225,0.021,1
14,feat_grid,406,4,1,0.348,0.017,1
14,feat_grid,406,5,2,0.476,0.012,1
14,feat_grid,406,6,2,0.667,0.017,1
14,feat_grid,406,7,1,0.006,0.135,1
14,feat_grid,406,8,1,0.112,0.131,1
14,feat_grid,406,9,1,0.249,0.131,1
14,feat_grid,406,10,1,0.37,0.123,1
14,feat_grid,406,11,2,0.022,0.224,1
14,feat_grid,406,12,1,0.349,0.226,1
14,feat_grid,406,13,1,0,0.363,1
14,feat_grid,406,14,1,0.119,0.352,1
14,feat_grid,406,15,2,0.23,0.345,1
14,feat_grid,406,16,2,0.023,0.481,1
14,feat_grid,406,17,1,0.107,0.476,1
14,feat_grid,406,18,2,0.247,0.479,1
14,feat_grid,406,19,2,0.358,0.477,1
14,feat_grid,406,20,2,0.132,0.569,1
14,feat_grid,406,21,2,0.231,0.593,1
14,feat_grid,406,22,2,0.342,0.591,1
14,feat_grid,406,23,1,0.219,0.702,1
14,feat_grid,406,24,2,0.345,0.709,1
14,feat_grid,407,1,2,0.023,0.003,2
14,feat_grid,407,2,2,0.569,0,2
14,feat_grid,407,3,2,0.128,0.103,2
14,feat_grid,407,4,1,0.35,0.111,2
14,feat_grid,407,5,1,0.693,0.118,2
14,feat_grid,407,6,2,0,0.23,2
14,feat_grid,407,7,2,0.363,0.217,2
14,feat_grid,407,8,1,0.473,0.234,2
14,feat_grid,407,9,2,0.591,0.203,2
14,feat_grid,407,10,1,0.697,0.215,2
14,feat_grid,407,11,1,0.121,0.33,2
14,feat_grid,407,12,2,0.346,0.343,2
14,feat_grid,407,13,2,0.477,0.345,2
14,feat_grid,407,14,1,0.465,0.437,2
14,feat_grid,407,15,1,0.583,0.447,2
14,feat_grid,407,16,2,0.702,0.442,2
14,feat_grid,407,17,2,0.114,0.577,2
14,feat_grid,407,18,2,0.241,0.567,2
14,feat_grid,407,19,1,0.49,0.561,2
14,feat_grid,407,20,1,0.597,0.571,2
14,feat_grid,407,21,1,0.699,0.565,2
14,feat_grid,407,22,2,0.469,0.675,2
14,feat_grid,407,23,1,0.577,0.678,2
14,feat_grid,407,24,1,0.705,0.701,2
14,feat_grid,408,1,2,0.121,0.041,3
14,feat_grid,408,2,1,0.357,0.024,3
14,feat_grid,408,3,1,0.459,0,3
14,feat_grid,408,4,1,0.591,0.014,3
14,feat_grid,408,5,2,0.456,0.112,3
14,feat_grid,408,6,1,0.7,0.134,3
14,feat_grid,408,7,1,0.476,0.218,3
14,feat_grid,408,8,2,0.581,0.238,3
14,feat_grid,408,9,1,0.708,0.244,3
14,feat_grid,408,10,2,0,0.359,3
14,feat_grid,408,11,1,0.111,0.374,3
14,feat_grid,408,12,2,0.223,0.342,3
14,feat_grid,408,13,2,0.015,0.471,3
14,feat_grid,408,14,1,0.116,0.455,3
14,feat_grid,408,15,2,0.227,0.469,3
14,feat_grid,408,16,2,0.576,0.485,3
14,feat_grid,408,17,1,0.121,0.58,3
14,feat_grid,408,18,2,0.251,0.592,3
14,feat_grid,408,19,1,0.454,0.581,3
14,feat_grid,408,20,2,0.006,0.721,3
14,feat_grid,408,21,2,0.232,0.704,3
14,feat_grid,408,22,2,0.36,0.724,3
14,feat_grid,408,23,1,0.448,0.695,3
14,feat_grid,408,24,1,0.591,0.701,3
14,feat_grid,409,1,2,0.122,0.013,4
14,feat_grid,409,2,1,0.217,0.02,4
14,feat_grid,409,3,1,0.362,0.032,4
14,feat_grid,409,4,2,0.487,0.009,4
14,feat_grid,409,5,2,0.587,0,4
14,feat_grid,409,6,2,0.456,0.139,4
14,feat_grid,409,7,2,0.571,0.097,4
14,feat_grid,409,8,1,0.01,0.233,4
14,feat_grid,409,9,1,0.141,0.228,4
14,feat_grid,409,10,1,0.469,0.244,4
14,feat_grid,409,11,1,0.591,0.242,4
14,feat_grid,409,12,2,0.693,0.253,4
14,feat_grid,409,13,1,0.002,0.35,4
14,feat_grid,409,14,2,0.115,0.368,4
14,feat_grid,409,15,1,0.472,0.344,4
14,feat_grid,409,16,1,0.575,0.356,4
14,feat_grid,409,17,2,0.002,0.46,4
14,feat_grid,409,18,1,0,0.592,4
14,feat_grid,409,19,2,0.334,0.592,4
14,feat_grid,409,20,2,0.479,0.584,4
14,feat_grid,409,21,2,0.68,0.59,4
14,feat_grid,409,22,1,0.118,0.709,4
14,feat_grid,409,23,2,0.216,0.708,4
14,feat_grid,409,24,1,0.594,0.679,4
14,feat_grid,410,1,2,0.474,0,5
14,feat_grid,410,2,2,0.604,0.001,5
14,feat_grid,410,3,2,0.718,0.005,5
14,feat_grid,410,4,1,0.01,0.086,5
14,feat_grid,410,5,2,0.23,0.106,5
14,feat_grid,410,6,1,0.353,0.117,5
14,feat_grid,410,7,1,0.714,0.106,5
14,feat_grid,410,8,2,0.023,0.232,5
14,feat_grid,410,9,2,0.231,0.231,5
14,feat_grid,410,10,2,0,0.329,5
14,feat_grid,410,11,1,0.262,0.34,5
14,feat_grid,410,12,1,0.006,0.44,5
14,feat_grid,410,13,2,0.247,0.453,5
14,feat_grid,410,14,1,0.351,0.453,5
14,feat_grid,410,15,1,0.448,0.457,5
14,feat_grid,410,16,1,0.582,0.45,5
14,feat_grid,410,17,2,0.7,0.457,5
14,feat_grid,410,18,1,0.129,0.559,5
14,feat_grid,410,19,2,0.457,0.563,5
14,feat_grid,410,20,1,0.573,0.559,5
14,feat_grid,410,21,1,0.685,0.58,5
14,feat_grid,410,22,1,0.113,0.684,5
14,feat_grid,410,23,2,0.244,0.688,5
14,feat_grid,410,24,2,0.572,0.694,5
14,feat_rot,411,1,2,0.472,0.009,1
14,feat_rot,411,2,1,0.59,0.082,1
14,feat_rot,411,3,2,0.735,0.242,1
14,feat_rot,411,4,1,0.896,0.431,1
14,feat_rot,411,5,1,0.332,0,1
14,feat_rot,411,6,1,0.394,0.105,1
14,feat_rot,411,7,2,0.567,0.26,1
14,feat_rot,411,8,1,0.668,0.324,1
14,feat_rot,411,9,2,0.816,0.509,1
14,feat_rot,411,10,2,0.422,0.266,1
14,feat_rot,411,11,2,0.734,0.58,1
14,feat_rot,411,12,2,0.257,0.218,1
14,feat_rot,411,13,1,0.322,0.343,1
14,feat_rot,411,14,1,0.487,0.495,1
14,feat_rot,411,15,2,0.589,0.58,1
14,feat_rot,411,16,2,0.248,0.423,1
14,feat_rot,411,17,1,0.424,0.574,1
14,feat_rot,411,18,2,0.024,0.323,1
14,feat_rot,411,19,1,0.091,0.419,1
14,feat_rot,411,20,2,0.26,0.564,1
14,feat_rot,411,21,2,0,0.504,1
14,feat_rot,411,22,1,0.102,0.565,1
14,feat_rot,411,23,1,0.251,0.723,1
14,feat_rot,411,24,1,0.412,0.895,1
14,feat_rot,412,1,2,0.245,0,2
14,feat_rot,412,2,2,0.412,0.194,2
14,feat_rot,412,3,1,0.481,0.256,2
14,feat_rot,412,4,1,0.567,0.354,2
14,feat_rot,412,5,2,0.183,0.095,2
14,feat_rot,412,6,1,0.242,0.174,2
14,feat_rot,412,7,1,0.345,0.24,2
14,feat_rot,412,8,1,0.57,0.496,2
14,feat_rot,412,9,2,0.082,0.154,2
14,feat_rot,412,10,2,0.257,0.344,2
14,feat_rot,412,11,1,0.324,0.433,2
14,feat_rot,412,12,1,0.096,0.328,2
14,feat_rot,412,13,2,0.258,0.503,2
14,feat_rot,412,14,1,0.311,0.571,2
14,feat_rot,412,15,2,0.183,0.583,2
14,feat_rot,412,16,1,0.25,0.663,2
14,feat_rot,412,17,2,0.414,0.82,2
14,feat_rot,412,18,1,0,0.57,2
14,feat_rot,412,19,2,0.182,0.744,2
14,feat_rot,412,20,2,0.253,0.825,2
14,feat_rot,412,21,1,0.019,0.745,2
14,feat_rot,412,22,2,0.085,0.809,2
14,feat_rot,412,23,1,0.166,0.92,2
14,feat_rot,412,24,2,0.283,0.977,2
14,feat_rot,413,1,1,0.52,0,3
14,feat_rot,413,2,1,0.603,0.063,3
14,feat_rot,413,3,1,0.647,0.14,3
14,feat_rot,413,4,1,0.756,0.24,3
14,feat_rot,413,5,2,0.507,0.138,3
14,feat_rot,413,6,1,0.756,0.387,3
14,feat_rot,413,7,2,0.939,0.544,3
14,feat_rot,413,8,1,0.359,0.17,3
14,feat_rot,413,9,2,0.512,0.318,3
14,feat_rot,413,10,1,0.654,0.501,3
14,feat_rot,413,11,2,0.742,0.538,3
14,feat_rot,413,12,1,0.828,0.646,3
14,feat_rot,413,13,2,0.675,0.651,3
14,feat_rot,413,14,1,0.766,0.736,3
14,feat_rot,413,15,2,0.188,0.311,3
14,feat_rot,413,16,1,0.339,0.479,3
14,feat_rot,413,17,1,0.172,0.468,3
14,feat_rot,413,18,2,0.261,0.554,3
14,feat_rot,413,19,2,0.579,0.87,3
14,feat_rot,413,20,2,0,0.479,3
14,feat_rot,413,21,2,0.099,0.557,3
14,feat_rot,413,22,2,0.267,0.721,3
14,feat_rot,413,23,1,0.335,0.804,3
14,feat_rot,413,24,2,0.427,0.886,3
14,feat_rot,414,1,1,0.302,0,4
14,feat_rot,414,2,1,0.629,0.309,4
14,feat_rot,414,3,2,0.712,0.416,4
14,feat_rot,414,4,1,0.334,0.147,4
14,feat_rot,414,5,1,0.454,0.334,4
14,feat_rot,414,6,2,0.552,0.383,4
14,feat_rot,414,7,2,0.238,0.226,4
14,feat_rot,414,8,2,0.32,0.327,4
14,feat_rot,414,9,1,0.494,0.489,4
14,feat_rot,414,10,2,0.652,0.648,4
14,feat_rot,414,11,1,0.075,0.235,4
14,feat_rot,414,12,2,0.164,0.321,4
14,feat_rot,414,13,2,0.401,0.562,4
14,feat_rot,414,14,1,0.464,0.648,4
14,feat_rot,414,15,2,0.005,0.327,4
14,feat_rot,414,16,1,0.081,0.411,4
14,feat_rot,414,17,2,0.311,0.648,4
14,feat_rot,414,18,2,0.393,0.724,4
14,feat_rot,414,19,1,0,0.478,4
14,feat_rot,414,20,2,0.168,0.638,4
14,feat_rot,414,21,2,0.234,0.71,4
14,feat_rot,414,22,1,0.396,0.888,4
14,feat_rot,414,23,1,0.087,0.717,4
14,feat_rot,414,24,1,0.157,0.808,4
14,feat_rot,415,1,1,0.405,0,5
14,feat_rot,415,2,1,0.732,0.312,5
14,feat_rot,415,3,2,0.336,0.063,5
14,feat_rot,415,4,1,0.579,0.321,5
14,feat_rot,415,5,2,0.637,0.408,5
14,feat_rot,415,6,1,0.708,0.48,5
14,feat_rot,415,7,1,0.806,0.545,5
14,feat_rot,415,8,1,0.416,0.302,5
14,feat_rot,415,9,1,0.503,0.378,5
14,feat_rot,415,10,2,0.665,0.531,5
14,feat_rot,415,11,1,0.313,0.388,5
14,feat_rot,415,12,2,0.411,0.465,5
14,feat_rot,415,13,1,0.558,0.631,5
14,feat_rot,415,14,2,0.647,0.692,5
14,feat_rot,415,15,2,0.103,0.301,5
14,feat_rot,415,16,1,0.169,0.383,5
14,feat_rot,415,17,2,0.512,0.708,5
14,feat_rot,415,18,1,0.577,0.791,5
14,feat_rot,415,19,2,0.012,0.388,5
14,feat_rot,415,20,2,0.088,0.476,5
14,feat_rot,415,21,2,0.165,0.538,5
14,feat_rot,415,22,2,0.258,0.635,5
14,feat_rot,415,23,2,0,0.547,5
14,feat_rot,415,24,1,0.087,0.628,5
14,feat_uni,416,1,1,0.281,0.211,1
14,feat_uni,416,2,1,0.055,0.156,1
14,feat_uni,416,3,1,0.469,0.676,1
14,feat_uni,416,4,1,0.69,0,1
14,feat_uni,416,5,2,0.61,0.08,1
14,feat_uni,416,6,2,0.051,0.344,1
14,feat_uni,416,7,2,0.074,0.693,1
14,feat_uni,416,8,2,0.639,0.223,1
14,feat_uni,416,9,2,0.153,0.456,1
14,feat_uni,416,10,2,0.349,0.14,1
14,feat_uni,416,11,1,0.489,0.51,1
14,feat_uni,416,12,1,0.455,0.078,1
14,feat_uni,416,13,2,0.656,0.132,1
14,feat_uni,416,14,1,0.441,0.285,1
14,feat_uni,416,15,1,0.565,0.033,1
14,feat_uni,416,16,2,0,0.135,1
14,feat_uni,416,17,2,0.438,0.214,1
14,feat_uni,416,18,1,0.492,0.126,1
14,feat_uni,416,19,2,0.456,0.576,1
14,feat_uni,416,20,1,0.351,0.081,1
14,feat_uni,416,21,2,0.504,0.448,1
14,feat_uni,416,22,2,0.058,0.033,1
14,feat_uni,416,23,1,0.128,0.722,1
14,feat_uni,416,24,1,0.586,0.272,1
14,feat_uni,417,1,2,0.438,0,2
14,feat_uni,417,2,1,0.209,0.593,2
14,feat_uni,417,3,1,0,0.309,2
14,feat_uni,417,4,1,0.708,0.284,2
14,feat_uni,417,5,2,0.505,0.613,2
14,feat_uni,417,6,2,0.755,0.322,2
14,feat_uni,417,7,1,0.272,0.537,2
14,feat_uni,417,8,2,0.729,0.074,2
14,feat_uni,417,9,1,0.131,0.683,2
14,feat_uni,417,10,1,0.312,0.385,2
14,feat_uni,417,11,1,0.638,0.283,2
14,feat_uni,417,12,2,0.028,0.683,2
14,feat_uni,417,13,2,0.638,0.032,2
14,feat_uni,417,14,2,0.393,0.327,2
14,feat_uni,417,15,2,0.188,0.43,2
14,feat_uni,417,16,1,0.671,0.333,2
14,feat_uni,417,17,1,0.316,0.269,2
14,feat_uni,417,18,1,0.08,0.402,2
14,feat_uni,417,19,1,0.599,0.594,2
14,feat_uni,417,20,2,0.559,0.638,2
14,feat_uni,417,21,1,0.337,0.696,2
14,feat_uni,417,22,2,0.556,0.221,2
14,feat_uni,417,23,2,0.579,0.027,2
14,feat_uni,417,24,2,0.7,0.395,2
14,feat_uni,418,1,2,0.34,0.638,3
14,feat_uni,418,2,2,0.648,0.099,3
14,feat_uni,418,3,1,0.122,0.421,3
14,feat_uni,418,4,2,0.235,0.133,3
14,feat_uni,418,5,2,0.428,0.46,3
14,feat_uni,418,6,1,0.162,0.026,3
14,feat_uni,418,7,2,0.253,0.539,3
14,feat_uni,418,8,1,0.662,0.672,3
14,feat_uni,418,9,2,0.269,0.078,3
14,feat_uni,418,10,1,0.253,0.477,3
14,feat_uni,418,11,1,0.454,0.104,3
14,feat_uni,418,12,1,0.197,0.197,3
14,feat_uni,418,13,2,0.478,0.378,3
14,feat_uni,418,14,1,0.691,0.053,3
14,feat_uni,418,15,1,0.499,0.499,3
14,feat_uni,418,16,1,0,0.393,3
14,feat_uni,418,17,1,0.236,0.321,3
14,feat_uni,418,18,2,0.158,0.15,3
14,feat_uni,418,19,1,0.721,0,3
14,feat_uni,418,20,2,0.635,0.031,3
14,feat_uni,418,21,2,0.492,0.15,3
14,feat_uni,418,22,1,0.035,0.005,3
14,feat_uni,418,23,2,0.334,0.376,3
14,feat_uni,418,24,2,0.274,0.368,3
14,feat_uni,419,1,2,0,0.565,4
14,feat_uni,419,2,2,0.713,0.207,4
14,feat_uni,419,3,2,0.56,0.028,4
14,feat_uni,419,4,2,0.182,0.681,4
14,feat_uni,419,5,1,0.372,0.724,4
14,feat_uni,419,6,2,0.635,0.208,4
14,feat_uni,419,7,1,0.425,0.765,4
14,feat_uni,419,8,1,0.544,0.775,4
14,feat_uni,419,9,2,0.225,0.571,4
14,feat_uni,419,10,1,0.143,0.599,4
14,feat_uni,419,11,1,0.158,0,4
14,feat_uni,419,12,2,0.53,0.259,4
14,feat_uni,419,13,1,0.429,0.706,4
14,feat_uni,419,14,2,0.134,0.541,4
14,feat_uni,419,15,2,0.401,0.427,4
14,feat_uni,419,16,1,0.51,0.667,4
14,feat_uni,419,17,2,0.57,0.662,4
14,feat_uni,419,18,2,0.32,0.751,4
14,feat_uni,419,19,1,0.628,0.685,4
14,feat_uni,419,20,1,0.732,0.403,4
14,feat_uni,419,21,2,0.338,0.485,4
14,feat_uni,419,22,1,0.572,0.722,4
14,feat_uni,419,23,1,0.283,0.604,4
14,feat_uni,419,24,1,0.482,0.004,4
14,feat_uni,420,1,1,0.302,0.157,5
14,feat_uni,420,2,1,0.322,0,5
14,feat_uni,420,3,2,0.01,0.438,5
14,feat_uni,420,4,2,0.68,0.702,5
14,feat_uni,420,5,2,0.4,0.06,5
14,feat_uni,420,6,2,0.485,0.369,5
14,feat_uni,420,7,1,0.249,0.578,5
14,feat_uni,420,8,2,0.679,0.148,5
14,feat_uni,420,9,1,0.041,0.743,5
14,feat_uni,420,10,2,0.026,0.026,5
14,feat_uni,420,11,2,0.716,0.533,5
14,feat_uni,420,12,1,0.396,0.557,5
14,feat_uni,420,13,1,0.383,0.617,5
14,feat_uni,420,14,2,0.336,0.549,5
14,feat_uni,420,15,1,0.583,0.162,5
14,feat_uni,420,16,1,0,0.578,5
14,feat_uni,420,17,1,0.493,0.511,5
14,feat_uni,420,18,2,0.767,0.469,5
14,feat_uni,420,19,1,0.755,0.045,5
14,feat_uni,420,20,1,0.4,0.243,5
14,feat_uni,420,21,2,0.519,0.051,5
14,feat_uni,420,22,1,0.34,0.056,5
14,feat_uni,420,23,2,0.747,0.613,5
14,feat_uni,420,24,2,0.727,0.424,5
15,conj_grid,421,1,2,0.12,0.038,1
15,conj_grid,421,2,1,0.236,0.019,1
15,conj_grid,421,3,1,0.573,0.016,1
15,conj_grid,421,4,2,0.695,0,1
15,conj_grid,421,5,1,0.119,0.135,1
15,conj_grid,421,6,1,0.34,0.128,1
15,conj_grid,421,7,2,0.129,0.262,1
15,conj_grid,421,8,2,0.248,0.271,1
15,conj_grid,421,9,1,0.476,0.232,1
15,conj_grid,421,10,1,0,0.349,1
15,conj_grid,421,11,1,0.137,0.38,1
15,conj_grid,421,12,1,0.228,0.367,1
15,conj_grid,421,13,2,0.354,0.348,1
15,conj_grid,421,14,2,0.481,0.366,1
15,conj_grid,421,15,1,0.705,0.342,1
15,conj_grid,421,16,2,0.117,0.469,1
15,conj_grid,421,17,2,0.233,0.485,1
15,conj_grid,421,18,2,0.457,0.49,1
15,conj_grid,421,19,1,0.698,0.49,1
15,conj_grid,421,20,1,0.234,0.581,1
15,conj_grid,421,21,2,0.484,0.595,1
15,conj_grid,421,22,2,0.58,0.588,1
15,conj_grid,421,23,1,0.355,0.711,1
15,conj_grid,421,24,2,0.57,0.711,1
15,conj_grid,422,1,1,0.344,0.005,2
15,conj_grid,422,2,2,0.584,0,2
15,conj_grid,422,3,2,0.005,0.114,2
15,conj_grid,422,4,2,0.12,0.095,2
15,conj_grid,422,5,2,0.24,0.112,2
15,conj_grid,422,6,2,0.464,0.117,2
15,conj_grid,422,7,2,0.709,0.1,2
15,conj_grid,422,8,2,0,0.223,2
15,conj_grid,422,9,1,0.227,0.23,2
15,conj_grid,422,10,2,0.457,0.205,2
15,conj_grid,422,11,2,0.599,0.207,2
15,conj_grid,422,12,1,0.242,0.341,2
15,conj_grid,422,13,1,0.705,0.325,2
15,conj_grid,422,14,1,0.337,0.455,2
15,conj_grid,422,15,1,0.579,0.451,2
15,conj_grid,422,16,2,0.02,0.557,2
15,conj_grid,422,17,1,0.13,0.577,2
15,conj_grid,422,18,1,0.269,0.563,2
15,conj_grid,422,19,1,0.468,0.544,2
15,conj_grid,422,20,1,0.601,0.565,2
15,conj_grid,422,21,2,0.677,0.559,2
15,conj_grid,422,22,1,0.009,0.679,2
15,conj_grid,422,23,2,0.226,0.662,2
15,conj_grid,422,24,1,0.48,0.671,2
15,conj_grid,423,1,1,0.128,0.007,3
15,conj_grid,423,2,2,0.251,0,3
15,conj_grid,423,3,1,0.461,0.002,3
15,conj_grid,423,4,2,0,0.129,3
15,conj_grid,423,5,2,0.573,0.114,3
15,conj_grid,423,6,1,0.711,0.113,3
15,conj_grid,423,7,1,0.011,0.232,3
15,conj_grid,423,8,1,0.244,0.219,3
15,conj_grid,423,9,1,0.477,0.234,3
15,conj_grid,423,10,2,0.566,0.222,3
15,conj_grid,423,11,1,0.708,0.242,3
15,conj_grid,423,12,1,0.006,0.374,3
15,conj_grid,423,13,2,0.233,0.356,3
15,conj_grid,423,14,1,0.469,0.335,3
15,conj_grid,423,15,2,0.569,0.361,3
15,conj_grid,423,16,2,0.124,0.462,3
15,conj_grid,423,17,1,0.362,0.473,3
15,conj_grid,423,18,2,0.692,0.455,3
15,conj_grid,423,19,2,0.006,0.587,3
15,conj_grid,423,20,2,0.126,0.564,3
15,conj_grid,423,21,1,0.26,0.583,3
15,conj_grid,423,22,1,0.464,0.578,3
15,conj_grid,423,23,2,0.582,0.566,3
15,conj_grid,423,24,2,0.224,0.7,3
15,conj_grid,424,1,2,0.121,0.018,4
15,conj_grid,424,2,1,0.34,0.011,4
15,conj_grid,424,3,2,0.454,0.006,4
15,conj_grid,424,4,2,0.574,0,4
15,conj_grid,424,5,1,0.693,0.019,4
15,conj_grid,424,6,2,0.018,0.101,4
15,conj_grid,424,7,2,0.236,0.117,4
15,conj_grid,424,8,1,0.713,0.244,4
15,conj_grid,424,9,2,0.001,0.336,4
15,conj_grid,424,10,1,0.254,0.37,4
15,conj_grid,424,11,1,0.359,0.351,4
15,conj_grid,424,12,2,0.463,0.354,4
15,conj_grid,424,13,2,0.589,0.376,4
15,conj_grid,424,14,2,0.704,0.354,4
15,conj_grid,424,15,1,0.485,0.458,4
15,conj_grid,424,16,1,0.583,0.444,4
15,conj_grid,424,17,1,0.697,0.471,4
15,conj_grid,424,18,2,0.012,0.58,4
15,conj_grid,424,19,1,0.24,0.574,4
15,conj_grid,424,20,1,0.454,0.596,4
15,conj_grid,424,21,1,0.724,0.587,4
15,conj_grid,424,22,1,0,0.695,4
15,conj_grid,424,23,2,0.346,0.721,4
15,conj_grid,424,24,2,0.582,0.697,4
15,conj_grid,425,1,1,0.047,0.02,5
15,conj_grid,425,2,1,0.275,0.023,5
15,conj_grid,425,3,1,0.499,0.006,5
15,conj_grid,425,4,1,0.628,0,5
15,conj_grid,425,5,1,0.731,0.018,5
15,conj_grid,425,6,1,0.057,0.128,5
15,conj_grid,425,7,2,0.403,0.118,5
15,conj_grid,425,8,2,0.045,0.24,5
15,conj_grid,425,9,2,0.157,0.258,5
15,conj_grid,425,10,1,0.718,0.242,5
15,conj_grid,425,11,2,0.143,0.361,5
15,conj_grid,425,12,2,0.403,0.346,5
15,conj_grid,425,13,1,0.723,0.365,5
15,conj_grid,425,14,2,0.034,0.474,5
15,conj_grid,425,15,2,0.157,0.473,5
15,conj_grid,425,16,2,0.482,0.467,5
15,conj_grid,425,17,2,0.716,0.459,5
15,conj_grid,425,18,1,0,0.586,5
15,conj_grid,425,19,1,0.505,0.586,5
15,conj_grid,425,20,2,0.603,0.587,5
15,conj_grid,425,21,2,0.729,0.592,5
15,conj_grid,425,22,1,0.269,0.711,5
15,conj_grid,425,23,2,0.386,0.684,5
15,conj_grid,425,24,1,0.723,0.695,5
15,conj_rot,426,1,2,0.493,0,1
15,conj_rot,426,2,1,0.558,0.097,1
15,conj_rot,426,3,1,0.725,0.252,1
15,conj_rot,426,4,1,0.811,0.319,1
15,conj_rot,426,5,1,0.792,0.488,1
15,conj_rot,426,6,1,0.474,0.322,1
15,conj_rot,426,7,1,0.697,0.572,1
15,conj_rot,426,8,2,0.312,0.312,1
15,conj_rot,426,9,1,0.399,0.401,1
15,conj_rot,426,10,2,0.639,0.639,1
15,conj_rot,426,11,2,0.17,0.316,1
15,conj_rot,426,12,2,0.221,0.408,1
15,conj_rot,426,13,2,0.392,0.542,1
15,conj_rot,426,14,1,0.482,0.631,1
15,conj_rot,426,15,2,0.574,0.738,1
15,conj_rot,426,16,2,0.001,0.307,1
15,conj_rot,426,17,1,0.077,0.394,1
15,conj_rot,426,18,2,0.249,0.567,1
15,conj_rot,426,19,1,0.389,0.711,1
15,conj_rot,426,20,1,0.478,0.813,1
15,conj_rot,426,21,2,0,0.501,1
15,conj_rot,426,22,1,0.086,0.554,1
15,conj_rot,426,23,2,0.254,0.714,1
15,conj_rot,426,24,2,0.388,0.893,1
15,conj_rot,427,1,1,0.359,0,2
15,conj_rot,427,2,2,0.41,0.077,2
15,conj_rot,427,3,2,0.514,0.175,2
15,conj_rot,427,4,2,0.59,0.239,2
15,conj_rot,427,5,1,0.341,0.16,2
15,conj_rot,427,6,2,0.403,0.258,2
15,conj_rot,427,7,1,0.486,0.326,2
15,conj_rot,427,8,2,0.173,0.174,2
15,conj_rot,427,9,1,0.481,0.49,2
15,conj_rot,427,10,2,0.573,0.572,2
15,conj_rot,427,11,2,0.664,0.655,2
15,conj_rot,427,12,1,0.105,0.269,2
15,conj_rot,427,13,2,0.268,0.413,2
15,conj_rot,427,14,1,0.412,0.587,2
15,conj_rot,427,15,2,0.497,0.651,2
15,conj_rot,427,16,1,0.098,0.429,2
15,conj_rot,427,17,2,0.315,0.671,2
15,conj_rot,427,18,1,0,0.493,2
15,conj_rot,427,19,2,0.25,0.756,2
15,conj_rot,427,20,2,0.315,0.824,2
15,conj_rot,427,21,1,0.396,0.897,2
15,conj_rot,427,22,1,0.026,0.66,2
15,conj_rot,427,23,1,0.083,0.741,2
15,conj_rot,427,24,1,0.167,0.835,2
15,conj_rot,428,1,2,0.475,0,3
15,conj_rot,428,2,2,0.572,0.081,3
15,conj_rot,428,3,1,0.733,0.238,3
15,conj_rot,428,4,2,0.339,0.016,3
15,conj_rot,428,5,2,0.648,0.33,3
15,conj_rot,428,6,2,0.717,0.411,3
15,conj_rot,428,7,2,0.236,0.09,3
15,conj_rot,428,8,2,0.344,0.182,3
15,conj_rot,428,9,2,0.401,0.243,3
15,conj_rot,428,10,2,0.475,0.325,3
15,conj_rot,428,11,1,0.55,0.401,3
15,conj_rot,428,12,1,0.252,0.228,3
15,conj_rot,428,13,1,0.317,0.332,3
15,conj_rot,428,14,2,0.394,0.417,3
15,conj_rot,428,15,1,0.665,0.66,3
15,conj_rot,428,16,1,0.079,0.266,3
15,conj_rot,428,17,1,0.159,0.339,3
15,conj_rot,428,18,1,0.244,0.402,3
15,conj_rot,428,19,1,0.413,0.558,3
15,conj_rot,428,20,2,0,0.319,3
15,conj_rot,428,21,1,0.084,0.423,3
15,conj_rot,428,22,1,0.177,0.494,3
15,conj_rot,428,23,1,0.232,0.743,3
15,conj_rot,428,24,2,0.32,0.826,3
15,conj_rot,429,1,2,0.569,0,4
15,conj_rot,429,2,2,0.717,0.185,4
15,conj_rot,429,3,1,0.816,0.241,4
15,conj_rot,429,4,1,0.949,0.413,4
15,conj_rot,429,5,2,0.395,0.024,4
15,conj_rot,429,6,1,0.721,0.333,4
15,conj_rot,429,7,2,0.915,0.502,4
15,conj_rot,429,8,1,0.325,0.096,4
15,conj_rot,429,9,1,0.702,0.49,4
15,conj_rot,429,10,1,0.235,0.198,4
15,conj_rot,429,11,1,0.33,0.265,4
15,conj_rot,429,12,1,0.563,0.494,4
15,conj_rot,429,13,1,0.623,0.57,4
15,conj_rot,429,14,2,0.39,0.501,4
15,conj_rot,429,15,1,0.494,0.571,4
15,conj_rot,429,16,2,0.547,0.658,4
15,conj_rot,429,17,2,0.073,0.325,4
15,conj_rot,429,18,2,0.16,0.406,4
15,conj_rot,429,19,2,0.302,0.573,4
15,conj_rot,429,20,2,0.391,0.661,4
15,conj_rot,429,21,1,0,0.417,4
15,conj_rot,429,22,1,0.157,0.587,4
15,conj_rot,429,23,2,0.236,0.668,4
15,conj_rot,429,24,2,0.475,0.916,4
15,conj_rot,430,1,2,0.497,0,5
15,conj_rot,430,2,1,0.815,0.346,5
15,conj_rot,430,3,1,0.967,0.49,5
15,conj_rot,430,4,1,0.582,0.256,5
15,conj_rot,430,5,2,0.901,0.588,5
15,conj_rot,430,6,1,0.325,0.168,5
15,conj_rot,430,7,2,0.414,0.265,5
15,conj_rot,430,8,2,0.512,0.324,5
15,conj_rot,430,9,2,0.591,0.425,5
15,conj_rot,430,10,1,0.817,0.642,5
15,conj_rot,430,11,2,0.492,0.489,5
15,conj_rot,430,12,1,0.651,0.667,5
15,conj_rot,430,13,2,0.333,0.484,5
15,conj_rot,430,14,2,0.414,0.581,5
15,conj_rot,430,15,2,0.501,0.672,5
15,conj_rot,430,16,2,0.59,0.724,5
15,conj_rot,430,17,1,0.656,0.82,5
15,conj_rot,430,18,2,0.092,0.436,5
15,conj_rot,430,19,1,0.157,0.484,5
15,conj_rot,430,20,1,0.325,0.668,5
15,conj_rot,430,21,1,0.434,0.743,5
15,conj_rot,430,22,1,0,0.505,5
15,conj_rot,430,23,1,0.251,0.748,5
15,conj_rot,430,24,2,0.327,0.831,5
15,conj_uni,431,1,2,0.139,0.197,1
15,conj_uni,431,2,2,0.289,0.419,1
15,conj_uni,431,3,2,0.049,0.444,1
15,conj_uni,431,4,1,0.593,0.276,1
15,conj_uni,431,5,2,0.496,0.113,1
15,conj_uni,431,6,1,0.147,0.575,1
15,conj_uni,431,7,2,0.538,0.299,1
15,conj_uni,431,8,1,0.164,0.501,1
15,conj_uni,431,9,1,0.232,0.435,1
15,conj_uni,431,10,1,0.298,0.274,1
15,conj_uni,431,11,2,0,0.203,1
15,conj_uni,431,12,1,0.632,0.505,1
15,conj_uni,431,13,1,0.437,0.469,1
15,conj_uni,431,14,2,0.262,0.724,1
15,conj_uni,431,15,1,0.348,0.319,1
15,conj_uni,431,16,1,0.118,0,1
15,conj_uni,431,17,2,0.05,0.543,1
15,conj_uni,431,18,2,0.248,0.621,1
15,conj_uni,431,19,2,0.511,0.369,1
15,conj_uni,431,20,1,0.681,0.635,1
15,conj_uni,431,21,2,0.309,0.162,1
15,conj_uni,431,22,2,0.367,0.573,1
15,conj_uni,431,23,1,0.626,0.325,1
15,conj_uni,431,24,1,0.623,0.743,1
15,conj_uni,432,1,1,0.684,0.645,2
15,conj_uni,432,2,1,0.41,0.626,2
15,conj_uni,432,3,2,0.19,0.723,2
15,conj_uni,432,4,2,0.333,0.628,2
15,conj_uni,432,5,1,0,0.243,2
15,conj_uni,432,6,1,0.176,0.607,2
15,conj_uni,432,7,2,0.62,0.487,2
15,conj_uni,432,8,1,0.454,0.288,2
15,conj_uni,432,9,2,0.098,0.365,2
15,conj_uni,432,10,2,0.109,0,2
15,conj_uni,432,11,2,0.243,0.55,2
15,conj_uni,432,12,1,0.236,0.101,2
15,conj_uni,432,13,1,0.004,0.404,2
15,conj_uni,432,14,2,0.401,0.099,2
15,conj_uni,432,15,2,0.126,0.243,2
15,conj_uni,432,16,1,0.699,0.291,2
15,conj_uni,432,17,1,0.024,0.148,2
15,conj_uni,432,18,2,0.66,0.003,2
15,conj_uni,432,19,2,0.318,0.54,2
15,conj_uni,432,20,1,0.514,0.422,2
15,conj_uni,432,21,2,0.029,0.65,2
15,conj_uni,432,22,1,0.666,0.524,2
15,conj_uni,432,23,2,0.496,0.329,2
15,conj_uni,432,24,1,0.523,0.637,2
15,conj_uni,433,1,1,0.505,0.462,3
15,conj_uni,433,2,2,0.244,0.693,3
15,conj_uni,433,3,2,0.366,0,3
15,conj_uni,433,4,2,0.613,0.095,3
15,conj_uni,433,5,1,0.148,0.302,3
15,conj_uni,433,6,1,0.512,0.547,3
15,conj_uni,433,7,2,0.099,0.45,3
15,conj_uni,433,8,1,0,0.417,3
15,conj_uni,433,9,2,0.374,0.102,3
15,conj_uni,433,10,2,0.147,0.362,3
15,conj_uni,433,11,1,0.298,0.315,3
15,conj_uni,433,12,2,0.073,0.072,3
15,conj_uni,433,13,1,0.616,0.293,3
15,conj_uni,433,14,1,0.515,0.029,3
15,conj_uni,433,15,1,0.742,0.439,3
15,conj_uni,433,16,2,0.324,0.704,3
15,conj_uni,433,17,1,0.072,0.741,3
15,conj_uni,433,18,1,0.583,0.155,3
15,conj_uni,433,19,1,0.6,0.63,3
15,conj_uni,433,20,1,0.348,0.542,3
15,conj_uni,433,21,2,0.133,0.738,3
15,conj_uni,433,22,2,0.47,0.066,3
15,conj_uni,433,23,2,0.494,0.403,3
15,conj_uni,433,24,2,0.564,0.321,3
15,conj_uni,434,1,2,0.349,0.305,4
15,conj_uni,434,2,1,0.215,0.224,4
15,conj_uni,434,3,1,0.497,0.013,4
15,conj_uni,434,4,2,0.692,0.419,4
15,conj_uni,434,5,2,0.117,0.295,4
15,conj_uni,434,6,1,0.321,0.554,4
15,conj_uni,434,7,1,0.581,0.374,4
15,conj_uni,434,8,2,0.638,0,4
15,conj_uni,434,9,2,0.714,0.112,4
15,conj_uni,434,10,1,0.099,0.461,4
15,conj_uni,434,11,1,0.052,0.245,4
15,conj_uni,434,12,1,0.578,0.596,4
15,conj_uni,434,13,2,0.447,0.487,4
15,conj_uni,434,14,1,0.7,0.529,4
15,conj_uni,434,15,1,0.581,0.069,4
15,conj_uni,434,16,1,0.521,0.068,4
15,conj_uni,434,17,2,0.456,0.106,4
15,conj_uni,434,18,2,0,0.62,4
15,conj_uni,434,19,1,0.258,0.182,4
15,conj_uni,434,20,1,0.494,0.557,4
15,conj_uni,434,21,2,0.655,0.107,4
15,conj_uni,434,22,2,0.164,0.505,4
15,conj_uni,434,23,2,0.134,0.647,4
15,conj_uni,434,24,2,0.101,0.117,4
15,conj_uni,435,1,1,0.105,0.46,5
15,conj_uni,435,2,1,0.717,0.278,5
15,conj_uni,435,3,2,0.764,0.652,5
15,conj_uni,435,4,2,0.717,0.053,5
15,conj_uni,435,5,1,0.334,0.306,5
15,conj_uni,435,6,2,0.65,0.508,5
15,conj_uni,435,7,1,0.253,0.601,5
15,conj_uni,435,8,1,0.436,0,5
15,conj_uni,435,9,2,0.571,0.167,5
15,conj_uni,435,10,1,0.097,0.107,5
15,conj_uni,435,11,1,0.223,0.361,5
15,conj_uni,435,12,1,0.465,0.403,5
15,conj_uni,435,13,2,0.156,0.233,5
15,conj_uni,435,14,1,0.236,0.544,5
15,conj_uni,435,15,2,0.116,0.164,5
15,conj_uni,435,16,1,0.165,0.452,5
15,conj_uni,435,17,2,0,0.642,5
15,conj_uni,435,18,2,0.741,0.223,5
15,conj_uni,435,19,2,0.285,0.478,5
15,conj_uni,435,20,2,0.194,0.503,5
15,conj_uni,435,21,2,0.148,0.339,5
15,conj_uni,435,22,1,0.176,0.56,5
15,conj_uni,435,23,2,0.172,0.393,5
15,conj_uni,435,24,1,0.503,0.053,5
15,feat_grid,436,1,2,0.012,0.018,1
15,feat_grid,436,2,2,0.141,0.023,1
15,feat_grid,436,3,2,0.353,0.038,1
15,feat_grid,436,4,1,0.478,0.013,1
15,feat_grid,436,5,1,0.582,0,1
15,feat_grid,436,6,1,0.238,0.121,1
15,feat_grid,436,7,1,0.354,0.129,1
15,feat_grid,436,8,1,0.597,0.134,1
15,feat_grid,436,9,2,0.351,0.243,1
15,feat_grid,436,10,1,0.607,0.226,1
15,feat_grid,436,11,2,0.706,0.249,1
15,feat_grid,436,12,2,0,0.359,1
15,feat_grid,436,13,2,0.141,0.362,1
15,feat_grid,436,14,2,0.254,0.363,1
15,feat_grid,436,15,2,0.359,0.363,1
15,feat_grid,436,16,1,0.471,0.35,1
15,feat_grid,436,17,2,0.725,0.358,1
15,feat_grid,436,18,2,0.265,0.458,1
15,feat_grid,436,19,1,0.612,0.462,1
15,feat_grid,436,20,2,0.123,0.581,1
15,feat_grid,436,21,1,0.359,0.58,1
15,feat_grid,436,22,1,0.716,0.578,1
15,feat_grid,436,23,1,0.252,0.689,1
15,feat_grid,436,24,1,0.369,0.695,1
15,feat_grid,437,1,2,0.349,0.001,2
15,feat_grid,437,2,1,0.717,0,2
15,feat_grid,437,3,1,0.024,0.105,2
15,feat_grid,437,4,2,0.251,0.091,2
15,feat_grid,437,5,2,0.47,0.097,2
15,feat_grid,437,6,2,0.597,0.118,2
15,feat_grid,437,7,2,0.685,0.105,2
15,feat_grid,437,8,2,0.138,0.225,2
15,feat_grid,437,9,1,0.707,0.211,2
15,feat_grid,437,10,1,0,0.326,2
15,feat_grid,437,11,2,0.13,0.327,2
15,feat_grid,437,12,2,0.459,0.33,2
15,feat_grid,437,13,1,0.598,0.348,2
15,feat_grid,437,14,2,0.026,0.453,2
15,feat_grid,437,15,2,0.261,0.445,2
15,feat_grid,437,16,1,0.467,0.425,2
15,feat_grid,437,17,1,0.016,0.561,2
15,feat_grid,437,18,1,0.123,0.581,2
15,feat_grid,437,19,1,0.339,0.572,2
15,feat_grid,437,20,1,0.46,0.574,2
15,feat_grid,437,21,1,0.709,0.562,2
15,feat_grid,437,22,2,0.02,0.677,2
15,feat_grid,437,23,2,0.235,0.695,2
15,feat_grid,437,24,1,0.71,0.668,2
15,feat_grid,438,1,2,0.01,0.019,3
15,feat_grid,438,2,1,0.116,0.022,3
15,feat_grid,438,3,1,0.228,0,3
15,feat_grid,438,4,2,0.362,0.02,3
15,feat_grid,438,5,2,0.583,0.023,3
15,feat_grid,438,6,1,0.713,0.019,3
15,feat_grid,438,7,2,0.247,0.125,3
15,feat_grid,438,8,2,0.355,0.114,3
15,feat_grid,438,9,1,0.717,0.129,3
15,feat_grid,438,10,1,0.345,0.23,3
15,feat_grid,438,11,2,0.475,0.248,3
15,feat_grid,438,12,1,0.007,0.346,3
15,feat_grid,438,13,2,0.234,0.359,3
15,feat_grid,438,14,1,0.357,0.365,3
15,feat_grid,438,15,1,0.699,0.362,3
15,feat_grid,438,16,1,0.362,0.482,3
15,feat_grid,438,17,2,0.705,0.458,3
15,feat_grid,438,18,2,0,0.586,3
15,feat_grid,438,19,1,0.588,0.57,3
15,feat_grid,438,20,1,0.712,0.565,3
15,feat_grid,438,21,2,0.006,0.711,3
15,feat_grid,438,22,2,0.138,0.68,3
15,feat_grid,438,23,1,0.362,0.709,3
15,feat_grid,438,24,2,0.592,0.698,3
15,feat_grid,439,1,2,0.019,0.012,4
15,feat_grid,439,2,2,0.236,0.011,4
15,feat_grid,439,3,2,0.479,0,4
15,feat_grid,439,4,2,0.012,0.117,4
15,feat_grid,439,5,2,0.355,0.112,4
15,feat_grid,439,6,1,0.475,0.114,4
15,feat_grid,439,7,1,0.592,0.111,4
15,feat_grid,439,8,2,0.696,0.115,4
15,feat_grid,439,9,1,0,0.219,4
15,feat_grid,439,10,2,0.131,0.374,4
15,feat_grid,439,11,1,0.369,0.344,4
15,feat_grid,439,12,2,0.494,0.374,4
15,feat_grid,439,13,1,0.121,0.454,4
15,feat_grid,439,14,2,0.71,0.472,4
15,feat_grid,439,15,1,0.013,0.579,4
15,feat_grid,439,16,2,0.137,0.573,4
15,feat_grid,439,17,2,0.264,0.593,4
15,feat_grid,439,18,1,0.361,0.57,4
15,feat_grid,439,19,1,0.594,0.573,4
15,feat_grid,439,20,1,0.712,0.59,4
15,feat_grid,439,21,1,0.243,0.698,4
15,feat_grid,439,22,2,0.365,0.701,4
15,feat_grid,439,23,1,0.579,0.674,4
15,feat_grid,439,24,1,0.717,0.697,4
15,feat_grid,440,1,2,0.013,0,5
15,feat_grid,440,2,1,0.123,0.004,5
15,feat_grid,440,3,2,0.673,0.007,5
15,feat_grid,440,4,2,0.22,0.112,5
15,feat_grid,440,5,2,0.358,0.117,5
15,feat_grid,440,6,1,0.463,0.107,5
15,feat_grid,440,7,2,0,0.248,5
15,feat_grid,440,8,2,0.1,0.238,5
15,feat_grid,440,9,1,0.324,0.238,5
15,feat_grid,440,10,2,0.45,0.255,5
15,feat_grid,440,11,1,0.692,0.234,5
15,feat_grid,440,12,1,0.106,0.352,5
15,feat_grid,440,13,1,0.676,0.356,5
15,feat_grid,440,14,1,0.222,0.461,5
15,feat_grid,440,15,1,0.35,0.46,5
15,feat_grid,440,16,2,0.67,0.441,5
15,feat_grid,440,17,1,0.09,0.596,5
15,feat_grid,440,18,1,0.573,0.578,5
15,feat_grid,440,19,2,0.003,0.673,5
15,feat_grid,440,20,2,0.111,0.687,5
15,feat_grid,440,21,1,0.228,0.69,5
15,feat_grid,440,22,2,0.335,0.696,5
15,feat_grid,440,23,1,0.464,0.705,5
15,feat_grid,440,24,2,0.554,0.689,5
15,feat_rot,441,1,1,0.662,0.099,1
15,feat_rot,441,2,1,0.817,0.25,1
15,feat_rot,441,3,2,0.4,0,1
15,feat_rot,441,4,1,0.559,0.179,1
15,feat_rot,441,5,2,0.813,0.43,1
15,feat_rot,441,6,1,0.911,0.505,1
15,feat_rot,441,7,2,0.351,0.102,1
15,feat_rot,441,8,1,0.41,0.182,1
15,feat_rot,441,9,2,0.569,0.333,1
15,feat_rot,441,10,2,0.659,0.426,1
15,feat_rot,441,11,2,0.813,0.564,1
15,feat_rot,441,12,2,0.403,0.323,1
15,feat_rot,441,13,1,0.714,0.671,1
15,feat_rot,441,14,1,0.338,0.423,1
15,feat_rot,441,15,2,0.567,0.658,1
15,feat_rot,441,16,2,0.665,0.736,1
15,feat_rot,441,17,1,0.083,0.326,1
15,feat_rot,441,18,1,0.169,0.401,1
15,feat_rot,441,19,1,0.336,0.567,1
15,feat_rot,441,20,2,0.492,0.749,1
15,feat_rot,441,21,1,0,0.419,1
15,feat_rot,441,22,1,0.097,0.498,1
15,feat_rot,441,23,2,0.169,0.57,1
15,feat_rot,441,24,2,0.252,0.668,1
15,feat_rot,442,1,1,0.583,0,2
15,feat_rot,442,2,2,0.657,0.036,2
15,feat_rot,442,3,1,0.735,0.126,2
15,feat_rot,442,4,2,0.494,0.067,2
15,feat_rot,442,5,1,0.569,0.136,2
15,feat_rot,442,6,2,0.652,0.22,2
15,feat_rot,442,7,2,0.726,0.305,2
15,feat_rot,442,8,2,0.81,0.387,2
15,feat_rot,442,9,2,0.254,0.135,2
15,feat_rot,442,10,1,0.501,0.376,2
15,feat_rot,442,11,2,0.648,0.54,2
15,feat_rot,442,12,1,0.734,0.626,2
15,feat_rot,442,13,2,0.186,0.224,2
15,feat_rot,442,14,2,0.257,0.299,2
15,feat_rot,442,15,2,0.319,0.383,2
15,feat_rot,442,16,1,0.426,0.46,2
15,feat_rot,442,17,2,0.569,0.623,2
15,feat_rot,442,18,1,0.162,0.401,2
15,feat_rot,442,19,1,0.231,0.462,2
15,feat_rot,442,20,1,0.323,0.535,2
15,feat_rot,442,21,2,0.409,0.605,2
15,feat_rot,442,22,1,0,0.38,2
15,feat_rot,442,23,1,0.337,0.693,2
15,feat_rot,442,24,1,0.488,0.88,2
15,feat_rot,443,1,1,0.655,0.087,3
15,feat_rot,443,2,1,0.418,0,3
15,feat_rot,443,3,1,0.564,0.145,3
15,feat_rot,443,4,2,0.656,0.245,3
15,feat_rot,443,5,1,0.83,0.402,3
15,feat_rot,443,6,1,0.889,0.492,3
15,feat_rot,443,7,2,0.476,0.253,3
15,feat_rot,443,8,2,0.478,0.397,3
15,feat_rot,443,9,1,0.559,0.474,3
15,feat_rot,443,10,2,0.652,0.565,3
15,feat_rot,443,11,1,0.166,0.244,3
15,feat_rot,443,12,1,0.254,0.315,3
15,feat_rot,443,13,2,0.401,0.472,3
15,feat_rot,443,14,1,0.502,0.543,3
15,feat_rot,443,15,2,0.589,0.66,3
15,feat_rot,443,16,2,0.661,0.745,3
15,feat_rot,443,17,2,0.338,0.57,3
15,feat_rot,443,18,1,0.418,0.633,3
15,feat_rot,443,19,2,0.545,0.821,3
15,feat_rot,443,20,1,0,0.388,3
15,feat_rot,443,21,1,0.098,0.477,3
15,feat_rot,443,22,2,0.164,0.589,3
15,feat_rot,443,23,2,0.242,0.658,3
15,feat_rot,443,24,2,0.407,0.808,3
15,feat_rot,444,1,2,0.825,0.24,4
15,feat_rot,444,2,1,0.405,0,4
15,feat_rot,444,3,1,0.573,0.159,4
15,feat_rot,444,4,1,0.649,0.235,4
15,feat_rot,444,5,2,0.741,0.307,4
15,feat_rot,444,6,2,0.328,0.074,4
15,feat_rot,444,7,2,0.647,0.423,4
15,feat_rot,444,8,1,0.744,0.473,4
15,feat_rot,444,9,2,0.825,0.549,4
15,feat_rot,444,10,1,0.255,0.159,4
15,feat_rot,444,11,1,0.491,0.401,4
15,feat_rot,444,12,1,0.567,0.492,4
15,feat_rot,444,13,2,0.739,0.657,4
15,feat_rot,444,14,1,0.168,0.234,4
15,feat_rot,444,15,2,0.335,0.405,4
15,feat_rot,444,16,2,0.406,0.476,4
15,feat_rot,444,17,1,0.476,0.565,4
15,feat_rot,444,18,2,0.072,0.327,4
15,feat_rot,444,19,1,0.239,0.498,4
15,feat_rot,444,20,1,0.493,0.736,4
15,feat_rot,444,21,2,0.56,0.804,4
15,feat_rot,444,22,2,0,0.403,4
15,feat_rot,444,23,2,0.163,0.556,4
15,feat_rot,444,24,1,0.402,0.807,4
15,feat_rot,445,1,1,0.422,0,5
15,feat_rot,445,2,2,0.728,0.283,5
15,feat_rot,445,3,2,0.824,0.395,5
15,feat_rot,445,4,1,0.407,0.118,5
15,feat_rot,445,5,1,0.495,0.25,5
15,feat_rot,445,6,1,0.592,0.308,5
15,feat_rot,445,7,1,0.819,0.557,5
15,feat_rot,445,8,2,0.252,0.172,5
15,feat_rot,445,9,1,0.421,0.293,5
15,feat_rot,445,10,2,0.668,0.547,5
15,feat_rot,445,11,2,0.171,0.227,5
15,feat_rot,445,12,2,0.259,0.299,5
15,feat_rot,445,13,2,0.575,0.631,5
15,feat_rot,445,14,1,0.1,0.313,5
15,feat_rot,445,15,1,0.16,0.391,5
15,feat_rot,445,16,2,0.235,0.459,5
15,feat_rot,445,17,1,0.412,0.645,5
15,feat_rot,445,18,2,0.571,0.79,5
15,feat_rot,445,19,1,0.086,0.49,5
15,feat_rot,445,20,2,0.253,0.627,5
15,feat_rot,445,21,1,0,0.558,5
15,feat_rot,445,22,2,0.184,0.731,5
15,feat_rot,445,23,2,0.25,0.773,5
15,feat_rot,445,24,1,0.329,0.874,5
15,feat_uni,446,1,2,0.531,0.511,1
15,feat_uni,446,2,1,0,0.668,1
15,feat_uni,446,3,2,0.089,0.34,1
15,feat_uni,446,4,1,0.64,0.597,1
15,feat_uni,446,5,2,0.438,0.683,1
15,feat_uni,446,6,2,0.244,0.437,1
15,feat_uni,446,7,1,0.439,0.746,1
15,feat_uni,446,8,1,0.343,0.207,1
15,feat_uni,446,9,2,0.493,0.343,1
15,feat_uni,446,10,2,0.428,0.13,1
15,feat_uni,446,11,1,0.089,0.701,1
15,feat_uni,446,12,1,0.38,0.667,1
15,feat_uni,446,13,2,0.476,0.458,1
15,feat_uni,446,14,2,0.548,0.289,1
15,feat_uni,446,15,1,0.318,0.262,1
15,feat_uni,446,16,2,0.032,0.719,1
15,feat_uni,446,17,2,0.573,0.143,1
15,feat_uni,446,18,1,0.427,0.423,1
15,feat_uni,446,19,2,0.317,0.323,1
15,feat_uni,446,20,2,0.512,0,1
15,feat_uni,446,21,1,0.695,0.574,1
15,feat_uni,446,22,1,0.017,0.196,1
15,feat_uni,446,23,1,0.133,0.612,1
15,feat_uni,446,24,1,0.735,0.145,1
15,feat_uni,447,1,2,0.162,0.471,2
15,feat_uni,447,2,1,0.559,0.357,2
15,feat_uni,447,3,2,0.116,0.274,2
15,feat_uni,447,4,1,0.533,0.172,2
15,feat_uni,447,5,1,0.41,0.231,2
15,feat_uni,447,6,1,0.313,0.672,2
15,feat_uni,447,7,2,0.147,0.047,2
15,feat_uni,447,8,1,0.345,0.157,2
15,feat_uni,447,9,1,0.48,0.683,2
15,feat_uni,447,10,1,0.424,0.017,2
15,feat_uni,447,11,2,0.065,0.451,2
15,feat_uni,447,12,2,0.423,0.611,2
15,feat_uni,447,13,2,0.326,0.55,2
15,feat_uni,447,14,2,0.192,0.01,2
15,feat_uni,447,15,1,0.039,0.268,2
15,feat_uni,447,16,2,0,0.016,2
15,feat_uni,447,17,2,0.376,0.321,2
15,feat_uni,447,18,1,0.446,0.409,2
15,feat_uni,447,19,2,0.597,0.17,2
15,feat_uni,447,20,1,0.3,0.199,2
15,feat_uni,447,21,1,0.583,0.698,2
15,feat_uni,447,22,1,0.03,0.685,2
15,feat_uni,447,23,2,0.496,0,2
15,feat_uni,447,24,2,0.505,0.334,2
15,feat_uni,448,1,1,0.55,0.168,3
15,feat_uni,448,2,1,0.136,0.722,3
15,feat_uni,448,3,1,0.132,0.506,3
15,feat_uni,448,4,1,0.317,0.377,3
15,feat_uni,448,5,2,0.028,0,3
15,feat_uni,448,6,1,0.112,0.667,3
15,feat_uni,448,7,1,0.293,0.05,3
15,feat_uni,448,8,2,0,0.565,3
15,feat_uni,448,9,2,0.523,0.691,3
15,feat_uni,448,10,1,0.149,0.057,3
15,feat_uni,448,11,1,0.357,0.594,3
15,feat_uni,448,12,2,0.614,0.326,3
15,feat_uni,448,13,2,0.445,0.598,3
15,feat_uni,448,14,1,0.366,0.652,3
15,feat_uni,448,15,2,0.526,0.407,3
15,feat_uni,448,16,2,0.601,0.725,3
15,feat_uni,448,17,1,0.207,0.069,3
15,feat_uni,448,18,2,0.118,0.431,3
15,feat_uni,448,19,2,0.302,0.566,3
15,feat_uni,448,20,2,0.425,0.654,3
15,feat_uni,448,21,2,0.698,0.499,3
15,feat_uni,448,22,1,0.501,0.746,3
15,feat_uni,448,23,1,0.504,0.302,3
15,feat_uni,448,24,2,0.24,0.401,3
15,feat_uni,449,1,2,0.482,0.145,4
15,feat_uni,449,2,1,0.626,0.117,4
15,feat_uni,449,3,1,0.718,0.59,4
15,feat_uni,449,4,1,0.474,0.531,4
15,feat_uni,449,5,1,0.073,0.318,4
15,feat_uni,449,6,2,0.417,0.433,4
15,feat_uni,449,7,2,0.605,0.645,4
15,feat_uni,449,8,1,0.566,0.326,4
15,feat_uni,449,9,2,0.412,0.35,4
15,feat_uni,449,10,1,0.252,0.599,4
15,feat_uni,449,11,1,0.194,0.395,4
15,feat_uni,449,12,2,0.66,0.007,4
15,feat_uni,449,13,1,0.575,0.173,4
15,feat_uni,449,14,2,0,0.293,4
15,feat_uni,449,15,2,0.75,0.539,4
15,feat_uni,449,16,2,0.512,0.092,4
15,feat_uni,449,17,2,0.028,0,4
15,feat_uni,449,18,2,0.361,0.645,4
15,feat_uni,449,19,1,0.443,0.189,4
15,feat_uni,449,20,1,0.177,0.176,4
15,feat_uni,449,21,1,0.584,0.405,4
15,feat_uni,449,22,2,0.605,0.224,4
15,feat_uni,449,23,2,0.425,0.495,4
15,feat_uni,449,24,1,0.128,0.141,4
15,feat_uni,450,1,2,0.356,0.184,5
15,feat_uni,450,2,2,0.348,0.32,5
15,feat_uni,450,3,1,0.185,0.696,5
15,feat_uni,450,4,1,0.205,0.168,5
15,feat_uni,450,5,2,0.337,0.673,5
15,feat_uni,450,6,1,0.155,0.209,5
15,feat_uni,450,7,1,0.441,0.519,5
15,feat_uni,450,8,1,0.173,0.526,5
15,feat_uni,450,9,2,0.505,0.687,5
15,feat_uni,450,10,2,0.667,0.691,5
15,feat_uni,450,11,2,0.359,0.123,5
15,feat_uni,450,12,2,0.084,0.395,5
15,feat_uni,450,13,1,0.002,0.431,5
15,feat_uni,450,14,2,0,0.367,5
15,feat_uni,450,15,2,0.343,0.594,5
15,feat_uni,450,16,2,0.421,0.575,5
15,feat_uni,450,17,1,0.42,0.445,5
15,feat_uni,450,18,1,0.632,0.553,5
15,feat_uni,450,19,2,0.607,0.056,5
15,feat_uni,450,20,1,0.077,0.302,5
15,feat_uni,450,21,1,0.626,0.486,5
15,feat_uni,450,22,2,0.589,0,5
15,feat_uni,450,23,1,0.666,0.062,5
15,feat_uni,450,24,1,0.61,0.607,5
16,conj_grid,451,1,2,0.027,0.014,1
16,conj_grid,451,2,2,0.124,0.006,1
16,conj_grid,451,3,1,0.255,0.001,1
16,conj_grid,451,4,1,0.47,0.018,1
16,conj_grid,451,5,1,0.589,0.022,1
16,conj_grid,451,6,1,0.716,0,1
16,conj_grid,451,7,1,0.126,0.139,1
16,conj_grid,451,8,2,0.591,0.156,1
16,conj_grid,451,9,1,0.717,0.121,1
16,conj_grid,451,10,1,0.249,0.235,1
16,conj_grid,451,11,2,0.36,0.242,1
16,conj_grid,451,12,1,0.478,0.233,1
16,conj_grid,451,13,1,0.603,0.24,1
16,conj_grid,451,14,1,0.708,0.24,1
16,conj_grid,451,15,2,0.488,0.344,1
16,conj_grid,451,16,2,0.023,0.467,1
16,conj_grid,451,17,2,0.116,0.48,1
16,conj_grid,451,18,1,0.256,0.45,1
16,conj_grid,451,19,2,0.498,0.48,1
16,conj_grid,451,20,1,0.133,0.599,1
16,conj_grid,451,21,2,0,0.7,1
16,conj_grid,451,22,2,0.136,0.689,1
16,conj_grid,451,23,2,0.247,0.705,1
16,conj_grid,451,24,2,0.367,0.711,1
16,conj_grid,452,1,1,0.104,0.002,2
16,conj_grid,452,2,1,0.239,0,2
16,conj_grid,452,3,1,0.595,0.019,2
16,conj_grid,452,4,1,0.698,0.011,2
16,conj_grid,452,5,2,0.022,0.146,2
16,conj_grid,452,6,2,0.362,0.122,2
16,conj_grid,452,7,2,0.475,0.115,2
16,conj_grid,452,8,1,0.6,0.131,2
16,conj_grid,452,9,1,0.232,0.243,2
16,conj_grid,452,10,1,0.129,0.344,2
16,conj_grid,452,11,2,0.474,0.36,2
16,conj_grid,452,12,2,0.705,0.359,2
16,conj_grid,452,13,1,0.133,0.451,2
16,conj_grid,452,14,2,0.357,0.471,2
16,conj_grid,452,15,1,0.594,0.46,2
16,conj_grid,452,16,2,0.712,0.456,2
16,conj_grid,452,17,2,0,0.581,2
16,conj_grid,452,18,1,0.126,0.574,2
16,conj_grid,452,19,2,0.253,0.589,2
16,conj_grid,452,20,2,0.351,0.581,2
16,conj_grid,452,21,2,0.453,0.575,2
16,conj_grid,452,22,2,0.71,0.566,2
16,conj_grid,452,23,1,0.24,0.712,2
16,conj_grid,452,24,1,0.701,0.678,2
16,conj_grid,453,1,1,0.332,0,3
16,conj_grid,453,2,2,0.443,0.02,3
16,conj_grid,453,3,1,0.716,0.004,3
16,conj_grid,453,4,1,0.007,0.128,3
16,conj_grid,453,5,2,0.35,0.134,3
16,conj_grid,453,6,2,0.692,0.118,3
16,conj_grid,453,7,2,0.23,0.243,3
16,conj_grid,453,8,2,0.477,0.239,3
16,conj_grid,453,9,2,0.573,0.236,3
16,conj_grid,453,10,1,0.694,0.226,3
16,conj_grid,453,11,2,0.016,0.353,3
16,conj_grid,453,12,2,0.1,0.372,3
16,conj_grid,453,13,1,0.227,0.361,3
16,conj_grid,453,14,2,0.692,0.35,3
16,conj_grid,453,15,1,0.122,0.501,3
16,conj_grid,453,16,2,0.679,0.473,3
16,conj_grid,453,17,1,0,0.592,3
16,conj_grid,453,18,1,0.453,0.603,3
16,conj_grid,453,19,2,0.573,0.573,3
16,conj_grid,453,20,1,0.239,0.685,3
16,conj_grid,453,21,1,0.339,0.712,3
16,conj_grid,453,22,2,0.455,0.713,3
16,conj_grid,453,23,1,0.578,0.708,3
16,conj_grid,453,24,1,0.701,0.707,3
16,conj_grid,454,1,1,0.273,0.018,4
16,conj_grid,454,2,2,0.48,0,4
16,conj_grid,454,3,2,0.589,0.027,4
16,conj_grid,454,4,1,0.705,0.02,4
16,conj_grid,454,5,2,0.034,0.148,4
16,conj_grid,454,6,2,0.132,0.131,4
16,conj_grid,454,7,1,0.057,0.252,4
16,conj_grid,454,8,2,0.129,0.241,4
16,conj_grid,454,9,2,0.498,0.248,4
16,conj_grid,454,10,1,0.612,0.25,4
16,conj_grid,454,11,1,0,0.369,4
16,conj_grid,454,12,1,0.237,0.373,4
16,conj_grid,454,13,2,0.375,0.383,4
16,conj_grid,454,14,2,0.142,0.495,4
16,conj_grid,454,15,1,0.25,0.482,4
16,conj_grid,454,16,1,0.486,0.486,4
16,conj_grid,454,17,1,0.712,0.496,4
16,conj_grid,454,18,2,0.022,0.598,4
16,conj_grid,454,19,1,0.379,0.608,4
16,conj_grid,454,20,1,0.521,0.577,4
16,conj_grid,454,21,2,0.712,0.606,4
16,conj_grid,454,22,1,0.041,0.736,4
16,conj_grid,454,23,2,0.133,0.732,4
16,conj_grid,454,24,2,0.268,0.712,4
16,conj_grid,455,1,2,0.236,0.011,5
16,conj_grid,455,2,2,0.353,0.021,5
16,conj_grid,455,3,1,0.693,0,5
16,conj_grid,455,4,1,0,0.151,5
16,conj_grid,455,5,1,0.12,0.117,5
16,conj_grid,455,6,2,0.373,0.116,5
16,conj_grid,455,7,2,0.471,0.112,5
16,conj_grid,455,8,1,0.001,0.26,5
16,conj_grid,455,9,2,0.116,0.243,5
16,conj_grid,455,10,2,0.252,0.247,5
16,conj_grid,455,11,1,0.358,0.257,5
16,conj_grid,455,12,1,0.251,0.372,5
16,conj_grid,455,13,2,0.353,0.348,5
16,conj_grid,455,14,1,0.225,0.461,5
16,conj_grid,455,15,2,0.34,0.463,5
16,conj_grid,455,16,2,0.468,0.468,5
16,conj_grid,455,17,1,0.572,0.503,5
16,conj_grid,455,18,1,0.236,0.601,5
16,conj_grid,455,19,2,0.013,0.711,5
16,conj_grid,455,20,1,0.13,0.704,5
16,conj_grid,455,21,2,0.247,0.692,5
16,conj_grid,455,22,1,0.349,0.717,5
16,conj_grid,455,23,1,0.566,0.693,5
16,conj_grid,455,24,2,0.706,0.705,5
16,conj_rot,456,1,2,0.544,0,1
16,conj_rot,456,2,1,0.639,0.098,1
16,conj_rot,456,3,1,0.894,0.328,1
16,conj_rot,456,4,2,0.944,0.419,1
16,conj_rot,456,5,1,0.471,0.083,1
16,conj_rot,456,6,2,0.407,0.162,1
16,conj_rot,456,7,1,0.485,0.26,1
16,conj_rot,456,8,2,0.564,0.342,1
16,conj_rot,456,9,1,0.651,0.42,1
16,conj_rot,456,10,1,0.729,0.494,1
16,conj_rot,456,11,1,0.328,0.215,1
16,conj_rot,456,12,1,0.486,0.425,1
16,conj_rot,456,13,2,0.299,0.413,1
16,conj_rot,456,14,1,0.542,0.66,1
16,conj_rot,456,15,1,0.071,0.337,1
16,conj_rot,456,16,2,0.15,0.413,1
16,conj_rot,456,17,2,0.25,0.496,1
16,conj_rot,456,18,2,0.563,0.828,1
16,conj_rot,456,19,2,0,0.412,1
16,conj_rot,456,20,1,0.157,0.569,1
16,conj_rot,456,21,2,0.241,0.655,1
16,conj_rot,456,22,2,0.339,0.735,1
16,conj_rot,456,23,1,0.395,0.829,1
16,conj_rot,456,24,2,0.459,0.91,1
16,conj_rot,457,1,2,0.671,0.016,2
16,conj_rot,457,2,2,0.738,0.086,2
16,conj_rot,457,3,2,0.837,0.171,2
16,conj_rot,457,4,1,0.488,0,2
16,conj_rot,457,5,2,0.668,0.166,2
16,conj_rot,457,6,1,0.817,0.317,2
16,conj_rot,457,7,1,0.662,0.352,2
16,conj_rot,457,8,2,0.734,0.412,2
16,conj_rot,457,9,2,0.171,0.019,2
16,conj_rot,457,10,1,0.257,0.08,2
16,conj_rot,457,11,2,0.426,0.257,2
16,conj_rot,457,12,1,0.504,0.336,2
16,conj_rot,457,13,2,0.569,0.4,2
16,conj_rot,457,14,1,0.658,0.502,2
16,conj_rot,457,15,2,0.092,0.08,2
16,conj_rot,457,16,2,0.334,0.329,2
16,conj_rot,457,17,1,0.56,0.564,2
16,conj_rot,457,18,1,0,0.188,2
16,conj_rot,457,19,1,0.094,0.257,2
16,conj_rot,457,20,1,0.24,0.416,2
16,conj_rot,457,21,2,0.334,0.501,2
16,conj_rot,457,22,1,0.014,0.33,2
16,conj_rot,457,23,1,0.109,0.408,2
16,conj_rot,457,24,2,0.328,0.673,2
16,conj_rot,458,1,2,0.666,0.099,3
16,conj_rot,458,2,2,0.405,0,3
16,conj_rot,458,3,1,0.484,0.105,3
16,conj_rot,458,4,1,0.662,0.249,3
16,conj_rot,458,5,2,0.897,0.511,3
16,conj_rot,458,6,2,0.317,0.081,3
16,conj_rot,458,7,1,0.477,0.244,3
16,conj_rot,458,8,2,0.553,0.338,3
16,conj_rot,458,9,2,0.714,0.487,3
16,conj_rot,458,10,1,0.215,0.177,3
16,conj_rot,458,11,1,0.315,0.272,3
16,conj_rot,458,12,2,0.75,0.655,3
16,conj_rot,458,13,2,0.176,0.247,3
16,conj_rot,458,14,1,0.26,0.33,3
16,conj_rot,458,15,1,0.486,0.575,3
16,conj_rot,458,16,2,0.647,0.748,3
16,conj_rot,458,17,1,0.085,0.325,3
16,conj_rot,458,18,1,0.148,0.428,3
16,conj_rot,458,19,1,0.345,0.584,3
16,conj_rot,458,20,2,0.385,0.643,3
16,conj_rot,458,21,1,0.561,0.83,3
16,conj_rot,458,22,1,0,0.413,3
16,conj_rot,458,23,2,0.072,0.487,3
16,conj_rot,458,24,2,0.326,0.733,3
16,conj_rot,459,1,1,0.514,0,4
16,conj_rot,459,2,2,0.77,0.265,4
16,conj_rot,459,3,2,0.937,0.404,4
16,conj_rot,459,4,2,0.827,0.504,4
16,conj_rot,459,5,1,0.509,0.323,4
16,conj_rot,459,6,2,0.588,0.419,4
16,conj_rot,459,7,1,0.679,0.504,4
16,conj_rot,459,8,1,0.368,0.334,4
16,conj_rot,459,9,2,0.525,0.49,4
16,conj_rot,459,10,1,0.6,0.567,4
16,conj_rot,459,11,1,0.683,0.66,4
16,conj_rot,459,12,2,0.268,0.397,4
16,conj_rot,459,13,1,0.491,0.664,4
16,conj_rot,459,14,1,0.121,0.393,4
16,conj_rot,459,15,1,0.192,0.485,4
16,conj_rot,459,16,2,0.274,0.566,4
16,conj_rot,459,17,2,0.372,0.648,4
16,conj_rot,459,18,1,0.426,0.727,4
16,conj_rot,459,19,2,0.513,0.804,4
16,conj_rot,459,20,1,0.592,0.888,4
16,conj_rot,459,21,2,0,0.478,4
16,conj_rot,459,22,2,0.104,0.56,4
16,conj_rot,459,23,1,0.203,0.663,4
16,conj_rot,459,24,2,0.273,0.728,4
16,conj_rot,460,1,1,0.583,0,5
16,conj_rot,460,2,1,0.753,0.17,5
16,conj_rot,460,3,2,0.504,0.099,5
16,conj_rot,460,4,1,0.734,0.32,5
16,conj_rot,460,5,1,0.909,0.495,5
16,conj_rot,460,6,2,0.436,0.153,5
16,conj_rot,460,7,2,0.489,0.241,5
16,conj_rot,460,8,2,0.733,0.486,5
16,conj_rot,460,9,2,0.252,0.171,5
16,conj_rot,460,10,1,0.349,0.248,5
16,conj_rot,460,11,2,0.73,0.649,5
16,conj_rot,460,12,1,0.182,0.235,5
16,conj_rot,460,13,1,0.335,0.409,5
16,conj_rot,460,14,1,0.434,0.482,5
16,conj_rot,460,15,1,0.183,0.417,5
16,conj_rot,460,16,1,0.341,0.582,5
16,conj_rot,460,17,2,0.412,0.646,5
16,conj_rot,460,18,2,0.576,0.82,5
16,conj_rot,460,19,2,0,0.424,5
16,conj_rot,460,20,2,0.097,0.471,5
16,conj_rot,460,21,2,0.154,0.567,5
16,conj_rot,460,22,1,0.249,0.643,5
16,conj_rot,460,23,1,0.326,0.726,5
16,conj_rot,460,24,2,0.498,0.896,5
16,conj_uni,461,1,2,0.058,0.524,1
16,conj_uni,461,2,1,0.353,0.746,1
16,conj_uni,461,3,1,0.267,0.482,1
16,conj_uni,461,4,2,0.223,0.441,1
16,conj_uni,461,5,2,0.284,0,1
16,conj_uni,461,6,2,0.56,0.734,1
16,conj_uni,461,7,1,0.109,0.463,1
16,conj_uni,461,8,1,0.715,0.089,1
16,conj_uni,461,9,1,0,0.617,1
16,conj_uni,461,10,1,0.62,0.233,1
16,conj_uni,461,11,2,0.385,0.696,1
16,conj_uni,461,12,2,0.702,0.724,1
16,conj_uni,461,13,1,0.285,0.652,1
16,conj_uni,461,14,2,0.282,0.311,1
16,conj_uni,461,15,1,0.599,0.69,1
16,conj_uni,461,16,2,0.189,0.393,1
16,conj_uni,461,17,1,0.684,0.573,1
16,conj_uni,461,18,2,0.575,0.274,1
16,conj_uni,461,19,2,0.243,0.114,1
16,conj_uni,461,20,1,0.728,0.031,1
16,conj_uni,461,21,1,0.304,0.709,1
16,conj_uni,461,22,2,0.492,0.021,1
16,conj_uni,461,23,1,0.031,0.728,1
16,conj_uni,461,24,2,0.357,0.643,1
16,conj_uni,462,1,2,0.22,0.014,2
16,conj_uni,462,2,2,0,0.709,2
16,conj_uni,462,3,1,0.168,0.136,2
16,conj_uni,462,4,1,0.104,0.264,2
16,conj_uni,462,5,2,0.692,0.38,2
16,conj_uni,462,6,2,0.677,0.604,2
16,conj_uni,462,7,1,0.04,0.107,2
16,conj_uni,462,8,1,0.104,0.098,2
16,conj_uni,462,9,1,0.671,0.003,2
16,conj_uni,462,10,2,0.255,0.384,2
16,conj_uni,462,11,2,0.227,0.33,2
16,conj_uni,462,12,2,0.282,0.115,2
16,conj_uni,462,13,2,0.032,0.214,2
16,conj_uni,462,14,2,0.248,0.645,2
16,conj_uni,462,15,1,0.131,0.541,2
16,conj_uni,462,16,1,0.073,0.491,2
16,conj_uni,462,17,1,0.261,0.055,2
16,conj_uni,462,18,1,0.219,0.477,2
16,conj_uni,462,19,1,0.492,0,2
16,conj_uni,462,20,1,0.446,0.624,2
16,conj_uni,462,21,2,0.616,0.275,2
16,conj_uni,462,22,2,0.654,0.335,2
16,conj_uni,462,23,2,0.448,0.17,2
16,conj_uni,462,24,1,0.443,0.427,2
16,conj_uni,463,1,1,0.359,0.385,3
16,conj_uni,463,2,1,0.306,0.209,3
16,conj_uni,463,3,2,0.329,0.457,3
16,conj_uni,463,4,2,0,0.44,3
16,conj_uni,463,5,2,0.545,0.262,3
16,conj_uni,463,6,2,0.241,0.183,3
16,conj_uni,463,7,1,0.627,0.695,3
16,conj_uni,463,8,2,0.225,0.39,3
16,conj_uni,463,9,1,0.53,0.105,3
16,conj_uni,463,10,1,0.303,0,3
16,conj_uni,463,11,1,0.23,0.091,3
16,conj_uni,463,12,2,0.316,0.763,3
16,conj_uni,463,13,2,0.544,0.166,3
16,conj_uni,463,14,2,0.609,0.072,3
16,conj_uni,463,15,1,0.658,0.037,3
16,conj_uni,463,16,1,0.225,0.031,3
16,conj_uni,463,17,2,0.185,0.281,3
16,conj_uni,463,18,1,0.272,0.474,3
16,conj_uni,463,19,2,0.629,0.237,3
16,conj_uni,463,20,1,0.507,0.615,3
16,conj_uni,463,21,2,0.387,0.48,3
16,conj_uni,463,22,1,0.675,0.564,3
16,conj_uni,463,23,1,0.444,0.494,3
16,conj_uni,463,24,2,0.181,0.521,3
16,conj_uni,464,1,1,0.251,0.177,4
16,conj_uni,464,2,1,0.299,0,4
16,conj_uni,464,3,1,0.306,0.491,4
16,conj_uni,464,4,2,0.138,0.505,4
16,conj_uni,464,5,1,0.425,0.574,4
16,conj_uni,464,6,1,0.001,0.458,4
16,conj_uni,464,7,1,0.131,0.594,4
16,conj_uni,464,8,1,0.611,0.275,4
16,conj_uni,464,9,2,0.496,0.277,4
16,conj_uni,464,10,2,0.18,0.367,4
16,conj_uni,464,11,1,0.462,0.624,4
16,conj_uni,464,12,2,0,0.152,4
16,conj_uni,464,13,2,0.715,0.129,4
16,conj_uni,464,14,2,0.42,0.666,4
16,conj_uni,464,15,2,0.672,0.086,4
16,conj_uni,464,16,2,0.717,0.271,4
16,conj_uni,464,17,2,0.71,0.211,4
16,conj_uni,464,18,2,0.726,0.697,4
16,conj_uni,464,19,2,0.336,0.046,4
16,conj_uni,464,20,1,0.577,0.717,4
16,conj_uni,464,21,2,0.317,0.102,4
16,conj_uni,464,22,1,0.102,0.457,4
16,conj_uni,464,23,1,0.319,0.163,4
16,conj_uni,464,24,1,0.657,0.396,4
16,conj_uni,465,1,1,0.39,0.425,5
16,conj_uni,465,2,2,0.051,0.06,5
16,conj_uni,465,3,1,0.549,0.634,5
16,conj_uni,465,4,2,0.139,0.211,5
16,conj_uni,465,5,2,0.497,0.328,5
16,conj_uni,465,6,1,0.122,0.647,5
16,conj_uni,465,7,2,0.479,0.055,5
16,conj_uni,465,8,1,0.324,0.207,5
16,conj_uni,465,9,2,0.503,0.673,5
16,conj_uni,465,10,2,0.166,0.158,5
16,conj_uni,465,11,1,0.589,0.688,5
16,conj_uni,465,12,2,0.533,0.134,5
16,conj_uni,465,13,1,0.06,0,5
16,conj_uni,465,14,2,0.232,0.167,5
16,conj_uni,465,15,1,0.608,0.629,5
16,conj_uni,465,16,1,0.204,0.113,5
16,conj_uni,465,17,2,0.386,0.162,5
16,conj_uni,465,18,2,0,0.563,5
16,conj_uni,465,19,1,0.295,0.395,5
16,conj_uni,465,20,1,0.519,0.73,5
16,conj_uni,465,21,2,0.236,0.584,5
16,conj_uni,465,22,2,0.079,0.587,5
16,conj_uni,465,23,1,0.147,0.594,5
16,conj_uni,465,24,1,0.174,0.368,5
16,feat_grid,466,1,1,0.001,0.044,1
16,feat_grid,466,2,2,0.121,0.03,1
16,feat_grid,466,3,1,0.235,0.015,1
16,feat_grid,466,4,2,0.332,0,1
16,feat_grid,466,5,1,0.569,0.033,1
16,feat_grid,466,6,1,0,0.142,1
16,feat_grid,466,7,1,0.214,0.158,1
16,feat_grid,466,8,1,0.346,0.126,1
16,feat_grid,466,9,1,0.001,0.285,1
16,feat_grid,466,10,2,0.345,0.267,1
16,feat_grid,466,11,2,0.359,0.377,1
16,feat_grid,466,12,2,0.589,0.389,1
16,feat_grid,466,13,2,0.695,0.363,1
16,feat_grid,466,14,2,0.121,0.501,1
16,feat_grid,466,15,2,0.237,0.503,1
16,feat_grid,466,16,2,0.675,0.497,1
16,feat_grid,466,17,1,0.017,0.599,1
16,feat_grid,466,18,1,0.134,0.606,1
16,feat_grid,466,19,1,0.231,0.573,1
16,feat_grid,466,20,1,0.461,0.604,1
16,feat_grid,466,21,1,0.589,0.598,1
16,feat_grid,466,22,2,0.001,0.706,1
16,feat_grid,466,23,2,0.465,0.701,1
16,feat_grid,466,24,2,0.571,0.729,1
16,feat_grid,467,1,1,0.012,0,2
16,feat_grid,467,2,1,0.471,0.006,2
16,feat_grid,467,3,2,0.565,0.005,2
16,feat_grid,467,4,1,0.119,0.143,2
16,feat_grid,467,5,2,0.481,0.111,2
16,feat_grid,467,6,2,0.606,0.106,2
16,feat_grid,467,7,1,0,0.25,2
16,feat_grid,467,8,2,0.368,0.247,2
16,feat_grid,467,9,2,0.604,0.249,2
16,feat_grid,467,10,2,0.71,0.245,2
16,feat_grid,467,11,2,0.355,0.325,2
16,feat_grid,467,12,1,0.591,0.362,2
16,feat_grid,467,13,1,0.691,0.372,2
16,feat_grid,467,14,1,0.007,0.467,2
16,feat_grid,467,15,1,0.352,0.435,2
16,feat_grid,467,16,1,0.586,0.462,2
16,feat_grid,467,17,1,0.012,0.578,2
16,feat_grid,467,18,2,0.134,0.569,2
16,feat_grid,467,19,2,0.589,0.586,2
16,feat_grid,467,20,1,0.136,0.688,2
16,feat_grid,467,21,2,0.257,0.708,2
16,feat_grid,467,22,2,0.369,0.685,2
16,feat_grid,467,23,1,0.586,0.706,2
16,feat_grid,467,24,2,0.708,0.683,2
16,feat_grid,468,1,1,0.029,0,3
16,feat_grid,468,2,1,0.123,0.014,3
16,feat_grid,468,3,2,0.459,0.001,3
16,feat_grid,468,4,2,0.591,0.011,3
16,feat_grid,468,5,2,0.129,0.107,3
16,feat_grid,468,6,2,0.475,0.13,3
16,feat_grid,468,7,1,0.122,0.237,3
16,feat_grid,468,8,2,0.358,0.22,3
16,feat_grid,468,9,1,0,0.333,3
16,feat_grid,468,10,1,0.107,0.361,3
16,feat_grid,468,11,1,0.237,0.36,3
16,feat_grid,468,12,2,0.341,0.352,3
16,feat_grid,468,13,1,0.477,0.382,3
16,feat_grid,468,14,2,0.691,0.354,3
16,feat_grid,468,15,2,0.592,0.463,3
16,feat_grid,468,16,1,0.694,0.442,3
16,feat_grid,468,17,2,0.116,0.593,3
16,feat_grid,468,18,2,0.254,0.583,3
16,feat_grid,468,19,1,0.353,0.577,3
16,feat_grid,468,20,2,0.578,0.575,3
16,feat_grid,468,21,1,0.69,0.591,3
16,feat_grid,468,22,2,0.221,0.698,3
16,feat_grid,468,23,1,0.375,0.69,3
16,feat_grid,468,24,1,0.694,0.702,3
16,feat_grid,469,1,1,0.002,0.018,4
16,feat_grid,469,2,2,0.225,0.022,4
16,feat_grid,469,3,1,0.327,0,4
16,feat_grid,469,4,2,0.463,0.014,4
16,feat_grid,469,5,2,0.58,0.02,4
16,feat_grid,469,6,2,0.116,0.139,4
16,feat_grid,469,7,1,0.227,0.143,4
16,feat_grid,469,8,2,0.333,0.132,4
16,feat_grid,469,9,2,0.472,0.123,4
16,feat_grid,469,10,1,0.34,0.228,4
16,feat_grid,469,11,1,0.485,0.235,4
16,feat_grid,469,12,1,0.576,0.241,4
16,feat_grid,469,13,1,0.121,0.363,4
16,feat_grid,469,14,2,0.471,0.366,4
16,feat_grid,469,15,1,0.581,0.376,4
16,feat_grid,469,16,1,0.359,0.474,4
16,feat_grid,469,17,2,0.453,0.471,4
16,feat_grid,469,18,1,0.666,0.489,4
16,feat_grid,469,19,1,0.12,0.576,4
16,feat_grid,469,20,2,0.691,0.578,4
16,feat_grid,469,21,2,0,0.693,4
16,feat_grid,469,22,2,0.118,0.715,4
16,feat_grid,469,23,1,0.351,0.704,4
16,feat_grid,469,24,2,0.584,0.698,4
16,feat_grid,470,1,1,0.25,0,5
16,feat_grid,470,2,2,0.37,0.033,5
16,feat_grid,470,3,1,0.491,0.029,5
16,feat_grid,470,4,1,0.698,0.012,5
16,feat_grid,470,5,2,0.261,0.14,5
16,feat_grid,470,6,2,0.478,0.135,5
16,feat_grid,470,7,2,0.706,0.129,5
16,feat_grid,470,8,1,0.241,0.258,5
16,feat_grid,470,9,1,0.594,0.248,5
16,feat_grid,470,10,2,0.482,0.355,5
16,feat_grid,470,11,2,0.578,0.37,5
16,feat_grid,470,12,2,0.697,0.362,5
16,feat_grid,470,13,1,0.014,0.484,5
16,feat_grid,470,14,1,0.122,0.467,5
16,feat_grid,470,15,1,0.255,0.485,5
16,feat_grid,470,16,2,0.361,0.492,5
16,feat_grid,470,17,1,0.474,0.486,5
16,feat_grid,470,18,1,0,0.593,5
16,feat_grid,470,19,1,0.356,0.596,5
16,feat_grid,470,20,2,0.468,0.582,5
16,feat_grid,470,21,1,0.704,0.595,5
16,feat_grid,470,22,2,0.023,0.705,5
16,feat_grid,470,23,2,0.377,0.715,5
16,feat_grid,470,24,2,0.593,0.704,5
16,feat_rot,471,1,2,0.584,0,1
16,feat_rot,471,2,1,0.632,0.074,1
16,feat_rot,471,3,2,0.974,0.399,1
16,feat_rot,471,4,2,0.489,0.091,1
16,feat_rot,471,5,1,0.722,0.308,1
16,feat_rot,471,6,2,0.795,0.403,1
16,feat_rot,471,7,1,0.316,0.078,1
16,feat_rot,471,8,2,0.377,0.155,1
16,feat_rot,471,9,2,0.326,0.238,1
16,feat_rot,471,10,1,0.474,0.402,1
16,feat_rot,471,11,2,0.584,0.486,1
16,feat_rot,471,12,2,0.644,0.557,1
16,feat_rot,471,13,2,0.153,0.257,1
16,feat_rot,471,14,1,0.396,0.489,1
16,feat_rot,471,15,2,0.477,0.591,1
16,feat_rot,471,16,1,0.099,0.318,1
16,feat_rot,471,17,1,0.318,0.548,1
16,feat_rot,471,18,2,0.39,0.64,1
16,feat_rot,471,19,1,0.485,0.733,1
16,feat_rot,471,20,1,0,0.395,1
16,feat_rot,471,21,1,0.075,0.484,1
16,feat_rot,471,22,1,0.248,0.63,1
16,feat_rot,471,23,1,0.313,0.713,1
16,feat_rot,471,24,2,0.402,0.814,1
16,feat_rot,472,1,1,0.511,0,2
16,feat_rot,472,2,1,0.744,0.233,2
16,feat_rot,472,3,1,0.336,0,2
16,feat_rot,472,4,2,0.487,0.121,2
16,feat_rot,472,5,1,0.649,0.308,2
16,feat_rot,472,6,1,0.421,0.227,2
16,feat_rot,472,7,1,0.503,0.316,2
16,feat_rot,472,8,1,0.654,0.477,2
16,feat_rot,472,9,1,0.743,0.561,2
16,feat_rot,472,10,2,0.183,0.136,2
16,feat_rot,472,11,2,0.248,0.237,2
16,feat_rot,472,12,2,0.439,0.399,2
16,feat_rot,472,13,2,0.095,0.235,2
16,feat_rot,472,14,2,0.262,0.404,2
16,feat_rot,472,15,1,0.497,0.631,2
16,feat_rot,472,16,2,0,0.319,2
16,feat_rot,472,17,2,0.095,0.394,2
16,feat_rot,472,18,1,0.166,0.462,2
16,feat_rot,472,19,2,0.245,0.553,2
16,feat_rot,472,20,2,0.335,0.648,2
16,feat_rot,472,21,2,0.168,0.639,2
16,feat_rot,472,22,1,0.255,0.73,2
16,feat_rot,472,23,2,0.346,0.801,2
16,feat_rot,472,24,1,0.412,0.882,2
16,feat_rot,473,1,2,0.352,0,3
16,feat_rot,473,2,1,0.271,0.06,3
16,feat_rot,473,3,1,0.503,0.321,3
16,feat_rot,473,4,1,0.59,0.4,3
16,feat_rot,473,5,1,0.77,0.557,3
16,feat_rot,473,6,2,0.188,0.173,3
16,feat_rot,473,7,2,0.238,0.226,3
16,feat_rot,473,8,1,0.325,0.326,3
16,feat_rot,473,9,2,0.52,0.48,3
16,feat_rot,473,10,2,0.583,0.571,3
16,feat_rot,473,11,1,0.172,0.322,3
16,feat_rot,473,12,1,0.326,0.475,3
16,feat_rot,473,13,1,0.418,0.544,3
16,feat_rot,473,14,2,0.522,0.625,3
16,feat_rot,473,15,2,0.596,0.717,3
16,feat_rot,473,16,1,0.192,0.484,3
16,feat_rot,473,17,2,0.272,0.536,3
16,feat_rot,473,18,2,0.342,0.655,3
16,feat_rot,473,19,2,0.037,0.468,3
16,feat_rot,473,20,1,0.101,0.556,3
16,feat_rot,473,21,1,0.341,0.81,3
16,feat_rot,473,22,1,0.428,0.887,3
16,feat_rot,473,23,2,0,0.645,3
16,feat_rot,473,24,2,0.096,0.734,3
16,feat_rot,474,1,2,0.474,0,4
16,feat_rot,474,2,2,0.57,0.075,4
16,feat_rot,474,3,1,0.645,0.156,4
16,feat_rot,474,4,2,0.799,0.315,4
16,feat_rot,474,5,2,0.875,0.4,4
16,feat_rot,474,6,2,0.461,0.157,4
16,feat_rot,474,7,1,0.631,0.323,4
16,feat_rot,474,8,2,0.716,0.395,4
16,feat_rot,474,9,1,0.791,0.462,4
16,feat_rot,474,10,1,0.875,0.563,4
16,feat_rot,474,11,2,0.308,0.162,4
16,feat_rot,474,12,1,0.38,0.232,4
16,feat_rot,474,13,1,0.465,0.328,4
16,feat_rot,474,14,2,0.729,0.553,4
16,feat_rot,474,15,2,0.799,0.624,4
16,feat_rot,474,16,2,0.233,0.248,4
16,feat_rot,474,17,2,0.556,0.557,4
16,feat_rot,474,18,1,0.326,0.489,4
16,feat_rot,474,19,1,0.403,0.561,4
16,feat_rot,474,20,1,0.632,0.791,4
16,feat_rot,474,21,1,0.152,0.476,4
16,feat_rot,474,22,1,0.227,0.549,4
16,feat_rot,474,23,2,0.408,0.713,4
16,feat_rot,474,24,1,0,0.467,4
16,feat_rot,475,1,1,0.57,0.156,5
16,feat_rot,475,2,2,0.649,0.251,5
16,feat_rot,475,3,1,0.751,0.333,5
16,feat_rot,475,4,1,0.25,0,5
16,feat_rot,475,5,2,0.346,0.094,5
16,feat_rot,475,6,2,0.411,0.176,5
16,feat_rot,475,7,2,0.578,0.335,5
16,feat_rot,475,8,2,0.746,0.503,5
16,feat_rot,475,9,2,0.15,0.08,5
16,feat_rot,475,10,1,0.262,0.169,5
16,feat_rot,475,11,1,0.338,0.256,5
16,feat_rot,475,12,2,0.421,0.341,5
16,feat_rot,475,13,2,0.506,0.448,5
16,feat_rot,475,14,2,0.18,0.241,5
16,feat_rot,475,15,2,0.338,0.394,5
16,feat_rot,475,16,1,0.426,0.475,5
16,feat_rot,475,17,1,0.167,0.397,5
16,feat_rot,475,18,1,0.276,0.492,5
16,feat_rot,475,19,2,0.001,0.442,5
16,feat_rot,475,20,1,0.304,0.715,5
16,feat_rot,475,21,1,0.419,0.819,5
16,feat_rot,475,22,1,0,0.565,5
16,feat_rot,475,23,2,0.103,0.64,5
16,feat_rot,475,24,1,0.328,0.904,5
16,feat_uni,476,1,1,0.387,0.425,1
16,feat_uni,476,2,2,0.448,0,1
16,feat_uni,476,3,2,0.64,0.01,1
16,feat_uni,476,4,1,0.573,0.217,1
16,feat_uni,476,5,1,0.039,0.507,1
16,feat_uni,476,6,2,0,0.68,1
16,feat_uni,476,7,2,0.135,0.599,1
16,feat_uni,476,8,1,0.186,0.631,1
16,feat_uni,476,9,1,0.443,0.287,1
16,feat_uni,476,10,2,0.695,0.523,1
16,feat_uni,476,11,2,0.7,0.108,1
16,feat_uni,476,12,2,0.211,0.085,1
16,feat_uni,476,13,2,0.039,0.168,1
16,feat_uni,476,14,1,0.254,0.667,1
16,feat_uni,476,15,1,0.344,0.7,1
16,feat_uni,476,16,2,0.077,0.601,1
16,feat_uni,476,17,1,0.438,0.105,1
16,feat_uni,476,18,1,0.098,0.118,1
16,feat_uni,476,19,2,0.382,0.747,1
16,feat_uni,476,20,1,0.47,0.516,1
16,feat_uni,476,21,2,0.547,0.448,1
16,feat_uni,476,22,1,0.351,0.197,1
16,feat_uni,476,23,1,0.6,0.333,1
16,feat_uni,476,24,2,0.232,0.536,1
16,feat_uni,477,1,2,0.288,0,2
16,feat_uni,477,2,2,0.142,0.557,2
16,feat_uni,477,3,2,0.696,0.66,2
16,feat_uni,477,4,2,0.064,0.427,2
16,feat_uni,477,5,1,0.089,0.481,2
16,feat_uni,477,6,1,0.561,0.201,2
16,feat_uni,477,7,1,0.691,0.537,2
16,feat_uni,477,8,1,0.423,0.655,2
16,feat_uni,477,9,2,0.027,0.35,2
16,feat_uni,477,10,2,0.015,0.014,2
16,feat_uni,477,11,1,0.42,0.158,2
16,feat_uni,477,12,2,0.264,0.676,2
16,feat_uni,477,13,2,0.208,0.65,2
16,feat_uni,477,14,1,0.118,0.69,2
16,feat_uni,477,15,1,0.337,0.078,2
16,feat_uni,477,16,2,0.499,0.116,2
16,feat_uni,477,17,1,0.627,0.69,2
16,feat_uni,477,18,2,0.188,0.52,2
16,feat_uni,477,19,1,0,0.112,2
16,feat_uni,477,20,2,0.451,0.08,2
16,feat_uni,477,21,1,0.662,0.124,2
16,feat_uni,477,22,1,0.313,0.284,2
16,feat_uni,477,23,1,0.623,0.482,2
16,feat_uni,477,24,2,0.721,0.122,2
16,feat_uni,478,1,1,0.492,0.624,3
16,feat_uni,478,2,2,0.055,0.081,3
16,feat_uni,478,3,1,0.051,0.662,3
16,feat_uni,478,4,2,0.196,0.502,3
16,feat_uni,478,5,1,0.044,0.292,3
16,feat_uni,478,6,2,0.324,0.362,3
16,feat_uni,478,7,2,0.089,0.031,3
16,feat_uni,478,8,1,0.108,0.518,3
16,feat_uni,478,9,1,0.742,0.514,3
16,feat_uni,478,10,2,0.181,0.698,3
16,feat_uni,478,11,1,0.469,0.032,3
16,feat_uni,478,12,2,0.118,0.203,3
16,feat_uni,478,13,2,0.002,0.723,3
16,feat_uni,478,14,1,0.266,0.352,3
16,feat_uni,478,15,1,0.424,0.667,3
16,feat_uni,478,16,1,0.68,0.264,3
16,feat_uni,478,17,2,0.403,0,3
16,feat_uni,478,18,2,0.742,0.455,3
16,feat_uni,478,19,1,0,0.139,3
16,feat_uni,478,20,2,0.286,0.741,3
16,feat_uni,478,21,2,0.684,0.586,3
16,feat_uni,478,22,2,0.245,0.467,3
16,feat_uni,478,23,1,0.299,0.682,3
16,feat_uni,478,24,1,0.319,0.085,3
16,feat_uni,479,1,2,0.387,0,4
16,feat_uni,479,2,1,0,0.661,4
16,feat_uni,479,3,2,0.258,0.086,4
16,feat_uni,479,4,2,0.359,0.69,4
16,feat_uni,479,5,1,0.143,0.197,4
16,feat_uni,479,6,2,0.043,0.515,4
16,feat_uni,479,7,1,0.035,0.456,4
16,feat_uni,479,8,1,0.07,0.047,4
16,feat_uni,479,9,2,0.374,0.078,4
16,feat_uni,479,10,1,0.593,0.523,4
16,feat_uni,479,11,2,0.397,0.743,4
16,feat_uni,479,12,2,0.482,0.594,4
16,feat_uni,479,13,1,0.354,0.299,4
16,feat_uni,479,14,2,0.641,0.36,4
16,feat_uni,479,15,2,0.588,0.067,4
16,feat_uni,479,16,1,0.387,0.482,4
16,feat_uni,479,17,1,0.471,0.71,4
16,feat_uni,479,18,1,0.547,0.44,4
16,feat_uni,479,19,1,0.307,0.13,4
16,feat_uni,479,20,2,0.523,0.197,4
16,feat_uni,479,21,1,0.599,0.409,4
16,feat_uni,479,22,1,0.19,0.562,4
16,feat_uni,479,23,2,0.418,0.683,4
16,feat_uni,479,24,2,0.652,0.528,4
16,feat_uni,480,1,2,0,0.238,5
16,feat_uni,480,2,2,0.533,0.661,5
16,feat_uni,480,3,2,0.597,0.107,5
16,feat_uni,480,4,2,0.679,0.108,5
16,feat_uni,480,5,1,0.405,0.487,5
16,feat_uni,480,6,2,0.188,0.37,5
16,feat_uni,480,7,1,0.318,0.315,5
16,feat_uni,480,8,1,0.25,0.122,5
16,feat_uni,480,9,2,0.456,0.177,5
16,feat_uni,480,10,1,0.437,0.018,5
16,feat_uni,480,11,2,0.668,0.001,5
16,feat_uni,480,12,1,0.586,0.283,5
16,feat_uni,480,13,1,0.588,0,5
16,feat_uni,480,14,1,0.562,0.338,5
16,feat_uni,480,15,1,0.485,0.622,5
16,feat_uni,480,16,1,0.524,0.285,5
16,feat_uni,480,17,1,0.136,0.189,5
16,feat_uni,480,18,2,0.409,0.333,5
16,feat_uni,480,19,1,0.384,0.544,5
16,feat_uni,480,20,2,0.541,0.6,5
16,feat_uni,480,21,2,0.711,0.052,5
16,feat_uni,480,22,1,0.003,0.513,5
16,feat_uni,480,23,2,0.03,0.016,5
16,feat_uni,480,24,2,0.716,0.349,5
17,conj_grid,481,1,2,0.218,0.005,1
17,conj_grid,481,2,1,0.339,0.015,1
17,conj_grid,481,3,2,0.463,0,1
17,conj_grid,481,4,1,0.584,0.003,1
17,conj_grid,481,5,2,0.68,0.137,1
17,conj_grid,481,6,1,0.013,0.239,1
17,conj_grid,481,7,2,0.122,0.236,1
17,conj_grid,481,8,1,0.224,0.218,1
17,conj_grid,481,9,1,0.46,0.232,1
17,conj_grid,481,10,2,0.009,0.35,1
17,conj_grid,481,11,2,0.679,0.358,1
17,conj_grid,481,12,2,0.02,0.474,1
17,conj_grid,481,13,2,0.217,0.457,1
17,conj_grid,481,14,2,0.359,0.46,1
17,conj_grid,481,15,1,0.465,0.46,1
17,conj_grid,481,16,1,0.692,0.45,1
17,conj_grid,481,17,1,0,0.574,1
17,conj_grid,481,18,1,0.126,0.6,1
17,conj_grid,481,19,2,0.226,0.577,1
17,conj_grid,481,20,1,0.339,0.567,1
17,conj_grid,481,21,2,0.446,0.581,1
17,conj_grid,481,22,2,0.579,0.553,1
17,conj_grid,481,23,1,0.014,0.691,1
17,conj_grid,481,24,1,0.681,0.694,1
17,conj_grid,482,1,1,0,0.017,2
17,conj_grid,482,2,2,0.113,0,2
17,conj_grid,482,3,2,0.234,0,2
17,conj_grid,482,4,1,0.345,0.016,2
17,conj_grid,482,5,2,0.477,0.017,2
17,conj_grid,482,6,2,0.005,0.119,2
17,conj_grid,482,7,1,0.151,0.125,2
17,conj_grid,482,8,1,0.243,0.117,2
17,conj_grid,482,9,1,0.341,0.118,2
17,conj_grid,482,10,1,0.021,0.23,2
17,conj_grid,482,11,1,0.451,0.242,2
17,conj_grid,482,12,2,0.598,0.225,2
17,conj_grid,482,13,2,0.223,0.349,2
17,conj_grid,482,14,1,0.353,0.346,2
17,conj_grid,482,15,2,0.487,0.352,2
17,conj_grid,482,16,1,0.685,0.343,2
17,conj_grid,482,17,2,0.012,0.48,2
17,conj_grid,482,18,1,0.129,0.477,2
17,conj_grid,482,19,1,0.584,0.464,2
17,conj_grid,482,20,2,0.239,0.573,2
17,conj_grid,482,21,2,0.58,0.586,2
17,conj_grid,482,22,1,0.013,0.697,2
17,conj_grid,482,23,2,0.356,0.684,2
17,conj_grid,482,24,2,0.69,0.695,2
17,conj_grid,483,1,2,0.118,0.021,3
17,conj_grid,483,2,1,0.357,0,3
17,conj_grid,483,3,1,0.018,0.125,3
17,conj_grid,483,4,2,0.114,0.141,3
17,conj_grid,483,5,2,0.583,0.117,3
17,conj_grid,483,6,2,0.691,0.14,3
17,conj_grid,483,7,2,0,0.245,3
17,conj_grid,483,8,1,0.478,0.255,3
17,conj_grid,483,9,1,0.674,0.239,3
17,conj_grid,483,10,2,0.017,0.35,3
17,conj_grid,483,11,2,0.349,0.355,3
17,conj_grid,483,12,1,0.455,0.342,3
17,conj_grid,483,13,1,0.692,0.341,3
17,conj_grid,483,14,1,0,0.473,3
17,conj_grid,483,15,2,0.463,0.461,3
17,conj_grid,483,16,1,0.583,0.472,3
17,conj_grid,483,17,1,0.699,0.475,3
17,conj_grid,483,18,1,0.018,0.598,3
17,conj_grid,483,19,2,0.22,0.586,3
17,conj_grid,483,20,1,0.35,0.598,3
17,conj_grid,483,21,2,0.472,0.589,3
17,conj_grid,483,22,2,0.106,0.694,3
17,conj_grid,483,23,2,0.467,0.717,3
17,conj_grid,483,24,1,0.603,0.69,3
17,conj_grid,484,1,2,0.128,0,4
17,conj_grid,484,2,2,0.255,0.006,4
17,conj_grid,484,3,1,0.704,0.011,4
17,conj_grid,484,4,2,0,0.22,4
17,conj_grid,484,5,1,0.131,0.215,4
17,conj_grid,484,6,2,0.253,0.209,4
17,conj_grid,484,7,1,0.247,0.324,4
17,conj_grid,484,8,1,0.695,0.346,4
17,conj_grid,484,9,1,0.141,0.45,4
17,conj_grid,484,10,1,0.252,0.453,4
17,conj_grid,484,11,2,0.358,0.465,4
17,conj_grid,484,12,2,0.579,0.45,4
17,conj_grid,484,13,1,0.029,0.581,4
17,conj_grid,484,14,1,0.142,0.567,4
17,conj_grid,484,15,1,0.248,0.574,4
17,conj_grid,484,16,2,0.375,0.584,4
17,conj_grid,484,17,2,0.463,0.562,4
17,conj_grid,484,18,1,0.584,0.57,4
17,conj_grid,484,19,1,0.717,0.58,4
17,conj_grid,484,20,2,0.111,0.668,4
17,conj_grid,484,21,1,0.361,0.681,4
17,conj_grid,484,22,2,0.493,0.704,4
17,conj_grid,484,23,2,0.593,0.681,4
17,conj_grid,484,24,2,0.698,0.682,4
17,conj_grid,485,1,2,0.01,0.009,5
17,conj_grid,485,2,2,0.221,0.019,5
17,conj_grid,485,3,2,0.354,0.023,5
17,conj_grid,485,4,2,0.705,0,5
17,conj_grid,485,5,1,0.089,0.135,5
17,conj_grid,485,6,1,0.244,0.111,5
17,conj_grid,485,7,1,0.579,0.134,5
17,conj_grid,485,8,1,0.351,0.238,5
17,conj_grid,485,9,2,0.441,0.241,5
17,conj_grid,485,10,2,0.548,0.221,5
17,conj_grid,485,11,1,0.676,0.232,5
17,conj_grid,485,12,2,0,0.357,5
17,conj_grid,485,13,2,0.106,0.368,5
17,conj_grid,485,14,1,0.235,0.367,5
17,conj_grid,485,15,1,0.583,0.353,5
17,conj_grid,485,16,1,0.682,0.359,5
17,conj_grid,485,17,1,0.002,0.488,5
17,conj_grid,485,18,2,0.115,0.48,5
17,conj_grid,485,19,1,0.447,0.46,5
17,conj_grid,485,20,1,0.579,0.487,5
17,conj_grid,485,21,1,0.34,0.577,5
17,conj_grid,485,22,2,0.101,0.689,5
17,conj_grid,485,23,2,0.461,0.7,5
17,conj_grid,485,24,2,0.708,0.696,5
17,conj_rot,486,1,2,0.497,0,1
17,conj_rot,486,2,2,0.668,0.171,1
17,conj_rot,486,3,2,0.82,0.316,1
17,conj_rot,486,4,1,0.905,0.414,1
17,conj_rot,486,5,1,0.487,0.149,1
17,conj_rot,486,6,2,0.684,0.326,1
17,conj_rot,486,7,2,0.751,0.414,1
17,conj_rot,486,8,1,0.815,0.486,1
17,conj_rot,486,9,2,0.925,0.571,1
17,conj_rot,486,10,2,0.417,0.245,1
17,conj_rot,486,11,1,0.749,0.561,1
17,conj_rot,486,12,1,0.245,0.253,1
17,conj_rot,486,13,1,0.572,0.579,1
17,conj_rot,486,14,1,0.69,0.667,1
17,conj_rot,486,15,1,0.499,0.655,1
17,conj_rot,486,16,1,0.566,0.726,1
17,conj_rot,486,17,2,0.261,0.563,1
17,conj_rot,486,18,1,0.326,0.658,1
17,conj_rot,486,19,2,0.414,0.74,1
17,conj_rot,486,20,1,0,0.478,1
17,conj_rot,486,21,2,0.102,0.564,1
17,conj_rot,486,22,2,0.185,0.63,1
17,conj_rot,486,23,1,0.325,0.815,1
17,conj_rot,486,24,2,0.427,0.889,1
17,conj_rot,487,1,2,0.403,0,2
17,conj_rot,487,2,2,0.499,0.08,2
17,conj_rot,487,3,1,0.567,0.137,2
17,conj_rot,487,4,1,0.666,0.231,2
17,conj_rot,487,5,2,0.411,0.126,2
17,conj_rot,487,6,2,0.708,0.46,2
17,conj_rot,487,7,2,0.811,0.544,2
17,conj_rot,487,8,1,0.248,0.142,2
17,conj_rot,487,9,2,0.317,0.233,2
17,conj_rot,487,10,1,0.397,0.313,2
17,conj_rot,487,11,1,0.48,0.402,2
17,conj_rot,487,12,1,0.24,0.308,2
17,conj_rot,487,13,2,0.649,0.742,2
17,conj_rot,487,14,1,0.079,0.305,2
17,conj_rot,487,15,2,0.257,0.462,2
17,conj_rot,487,16,1,0.325,0.572,2
17,conj_rot,487,17,2,0.507,0.724,2
17,conj_rot,487,18,1,0.564,0.796,2
17,conj_rot,487,19,1,0,0.418,2
17,conj_rot,487,20,1,0.214,0.643,2
17,conj_rot,487,21,2,0.325,0.729,2
17,conj_rot,487,22,2,0.405,0.803,2
17,conj_rot,487,23,1,0.146,0.744,2
17,conj_rot,487,24,2,0.33,0.882,2
17,conj_rot,488,1,1,0.487,0,3
17,conj_rot,488,2,1,0.58,0.102,3
17,conj_rot,488,3,2,0.647,0.177,3
17,conj_rot,488,4,1,0.831,0.33,3
17,conj_rot,488,5,2,0.393,0.095,3
17,conj_rot,488,6,1,0.497,0.166,3
17,conj_rot,488,7,1,0.408,0.257,3
17,conj_rot,488,8,2,0.83,0.658,3
17,conj_rot,488,9,1,0.334,0.332,3
17,conj_rot,488,10,2,0.57,0.574,3
17,conj_rot,488,11,2,0.647,0.642,3
17,conj_rot,488,12,1,0.73,0.742,3
17,conj_rot,488,13,2,0.326,0.493,3
17,conj_rot,488,14,2,0.491,0.661,3
17,conj_rot,488,15,1,0.571,0.732,3
17,conj_rot,488,16,1,0.068,0.43,3
17,conj_rot,488,17,1,0.162,0.513,3
17,conj_rot,488,18,2,0.268,0.576,3
17,conj_rot,488,19,2,0.416,0.741,3
17,conj_rot,488,20,2,0,0.478,3
17,conj_rot,488,21,1,0.09,0.589,3
17,conj_rot,488,22,2,0.147,0.661,3
17,conj_rot,488,23,1,0.411,0.902,3
17,conj_rot,488,24,2,0.481,1,3
17,conj_rot,489,1,2,0.736,0.062,4
17,conj_rot,489,2,1,0.807,0.148,4
17,conj_rot,489,3,1,0.912,0.232,4
17,conj_rot,489,4,2,0.981,0.323,4
17,conj_rot,489,5,1,0.488,0,4
17,conj_rot,489,6,1,0.587,0.078,4
17,conj_rot,489,7,2,0.807,0.334,4
17,conj_rot,489,8,2,0.887,0.413,4
17,conj_rot,489,9,1,0.732,0.392,4
17,conj_rot,489,10,2,0.256,0.075,4
17,conj_rot,489,11,2,0.334,0.158,4
17,conj_rot,489,12,1,0.414,0.227,4
17,conj_rot,489,13,2,0.506,0.323,4
17,conj_rot,489,14,1,0.581,0.397,4
17,conj_rot,489,15,1,0.664,0.462,4
17,conj_rot,489,16,1,0.725,0.582,4
17,conj_rot,489,17,2,0.261,0.24,4
17,conj_rot,489,18,1,0.087,0.236,4
17,conj_rot,489,19,2,0.163,0.295,4
17,conj_rot,489,20,2,0.315,0.482,4
17,conj_rot,489,21,2,0.413,0.565,4
17,conj_rot,489,22,2,0.489,0.631,4
17,conj_rot,489,23,1,0,0.328,4
17,conj_rot,489,24,1,0.162,0.489,4
17,conj_rot,490,1,2,0.646,0.017,5
17,conj_rot,490,2,1,0.755,0.086,5
17,conj_rot,490,3,1,0.81,0.166,5
17,conj_rot,490,4,2,0.493,0,5
17,conj_rot,490,5,2,0.586,0.089,5
17,conj_rot,490,6,2,0.819,0.32,5
17,conj_rot,490,7,1,0.326,0.02,5
17,conj_rot,490,8,1,0.577,0.254,5
17,conj_rot,490,9,2,0.66,0.321,5
17,conj_rot,490,10,1,0.748,0.402,5
17,conj_rot,490,11,2,0.82,0.506,5
17,conj_rot,490,12,1,0.489,0.316,5
17,conj_rot,490,13,1,0.741,0.592,5
17,conj_rot,490,14,1,0.184,0.151,5
17,conj_rot,490,15,1,0.506,0.486,5
17,conj_rot,490,16,2,0.663,0.652,5
17,conj_rot,490,17,1,0.583,0.743,5
17,conj_rot,490,18,2,0,0.315,5
17,conj_rot,490,19,1,0.071,0.408,5
17,conj_rot,490,20,1,0.163,0.472,5
17,conj_rot,490,21,2,0.256,0.574,5
17,conj_rot,490,22,2,0.337,0.646,5
17,conj_rot,490,23,2,0.424,0.738,5
17,conj_rot,490,24,2,0.491,0.813,5
17,conj_uni,491,1,1,0.346,0.444,1
17,conj_uni,491,2,2,0.168,0.304,1
17,conj_uni,491,3,1,0.528,0.185,1
17,conj_uni,491,4,1,0.214,0.232,1
17,conj_uni,491,5,1,0.683,0.275,1
17,conj_uni,491,6,2,0.395,0.565,1
17,conj_uni,491,7,2,0,0,1
17,conj_uni,491,8,1,0.427,0.719,1
17,conj_uni,491,9,2,0.04,0.267,1
17,conj_uni,491,10,2,0.257,0.274,1
17,conj_uni,491,11,2,0.678,0.615,1
17,conj_uni,491,12,2,0.021,0.363,1
17,conj_uni,491,13,1,0.277,0.179,1
17,conj_uni,491,14,2,0.082,0.467,1
17,conj_uni,491,15,1,0.401,0.249,1
17,conj_uni,491,16,1,0.37,0.704,1
17,conj_uni,491,17,1,0.685,0.438,1
17,conj_uni,491,18,1,0.307,0.49,1
17,conj_uni,491,19,1,0.054,0.413,1
17,conj_uni,491,20,2,0.721,0.664,1
17,conj_uni,491,21,1,0.482,0.003,1
17,conj_uni,491,22,2,0.641,0.316,1
17,conj_uni,491,23,2,0.597,0.273,1
17,conj_uni,491,24,2,0.156,0.588,1
17,conj_uni,492,1,2,0.103,0.612,2
17,conj_uni,492,2,2,0,0.383,2
17,conj_uni,492,3,1,0.04,0.13,2
17,conj_uni,492,4,1,0.086,0.431,2
17,conj_uni,492,5,2,0.222,0.224,2
17,conj_uni,492,6,1,0.098,0.147,2
17,conj_uni,492,7,2,0.461,0.322,2
17,conj_uni,492,8,1,0.165,0.21,2
17,conj_uni,492,9,1,0.574,0.079,2
17,conj_uni,492,10,1,0.535,0.699,2
17,conj_uni,492,11,2,0.09,0.055,2
17,conj_uni,492,12,2,0.688,0.071,2
17,conj_uni,492,13,1,0.141,0.342,2
17,conj_uni,492,14,2,0.578,0.387,2
17,conj_uni,492,15,1,0.513,0.101,2
17,conj_uni,492,16,2,0.565,0.138,2
17,conj_uni,492,17,1,0.512,0.165,2
17,conj_uni,492,18,2,0.508,0.285,2
17,conj_uni,492,19,1,0.392,0.454,2
17,conj_uni,492,20,1,0.335,0.471,2
17,conj_uni,492,21,1,0.009,0,2
17,conj_uni,492,22,2,0.694,0.164,2
17,conj_uni,492,23,2,0.232,0.075,2
17,conj_uni,492,24,2,0.15,0.652,2
17,conj_uni,493,1,1,0.196,0.223,3
17,conj_uni,493,2,2,0.579,0.428,3
17,conj_uni,493,3,1,0.072,0.643,3
17,conj_uni,493,4,1,0.563,0.245,3
17,conj_uni,493,5,2,0.328,0.168,3
17,conj_uni,493,6,2,0.583,0.544,3
17,conj_uni,493,7,1,0.603,0.484,3
17,conj_uni,493,8,2,0.503,0.261,3
17,conj_uni,493,9,2,0.272,0.205,3
17,conj_uni,493,10,1,0.108,0.521,3
17,conj_uni,493,11,2,0.414,0.353,3
17,conj_uni,493,12,1,0.224,0.079,3
17,conj_uni,493,13,2,0.137,0.267,3
17,conj_uni,493,14,1,0.371,0.282,3
17,conj_uni,493,15,2,0.323,0,3
17,conj_uni,493,16,1,0.132,0.63,3
17,conj_uni,493,17,2,0.503,0.369,3
17,conj_uni,493,18,2,0.66,0.315,3
17,conj_uni,493,19,1,0.431,0.138,3
17,conj_uni,493,20,1,0.327,0.23,3
17,conj_uni,493,21,1,0.316,0.468,3
17,conj_uni,493,22,2,0.37,0.444,3
17,conj_uni,493,23,2,0,0.58,3
17,conj_uni,493,24,1,0.183,0.034,3
17,conj_uni,494,1,2,0.357,0.252,4
17,conj_uni,494,2,1,0.554,0.656,4
17,conj_uni,494,3,2,0.514,0.526,4
17,conj_uni,494,4,1,0.15,0.165,4
17,conj_uni,494,5,1,0.496,0.638,4
17,conj_uni,494,6,2,0.446,0,4
17,conj_uni,494,7,2,0.7,0.441,4
17,conj_uni,494,8,1,0.522,0.463,4
17,conj_uni,494,9,2,0.36,0.311,4
17,conj_uni,494,10,1,0.744,0.487,4
17,conj_uni,494,11,2,0,0.616,4
17,conj_uni,494,12,1,0.155,0.105,4
17,conj_uni,494,13,2,0.061,0.616,4
17,conj_uni,494,14,1,0.143,0.426,4
17,conj_uni,494,15,1,0.717,0.542,4
17,conj_uni,494,16,2,0.12,0.618,4
17,conj_uni,494,17,1,0.426,0.332,4
17,conj_uni,494,18,2,0.134,0.259,4
17,conj_uni,494,19,2,0.728,0.338,4
17,conj_uni,494,20,2,0.407,0.657,4
17,conj_uni,494,21,1,0.424,0.135,4
17,conj_uni,494,22,1,0.03,0.357,4
17,conj_uni,494,23,1,0.13,0.319,4
17,conj_uni,494,24,2,0.187,0.232,4
17,conj_uni,495,1,2,0.407,0.68,5
17,conj_uni,495,2,2,0.056,0.403,5
17,conj_uni,495,3,1,0,0.421,5
17,conj_uni,495,4,1,0.259,0.333,5
17,conj_uni,495,5,2,0.414,0.177,5
17,conj_uni,495,6,1,0.353,0.417,5
17,conj_uni,495,7,2,0.318,0.213,5
17,conj_uni,495,8,1,0.268,0.086,5
17,conj_uni,495,9,1,0.356,0.166,5
17,conj_uni,495,10,1,0.115,0.276,5
17,conj_uni,495,11,2,0.535,0.148,5
17,conj_uni,495,12,2,0.348,0.637,5
17,conj_uni,495,13,2,0.155,0.206,5
17,conj_uni,495,14,2,0.477,0.172,5
17,conj_uni,495,15,1,0.065,0.575,5
17,conj_uni,495,16,1,0.698,0.108,5
17,conj_uni,495,17,1,0.471,0,5
17,conj_uni,495,18,1,0.262,0.191,5
17,conj_uni,495,19,1,0.083,0.457,5
17,conj_uni,495,20,2,0.015,0.266,5
17,conj_uni,495,21,1,0.414,0.468,5
17,conj_uni,495,22,2,0.169,0.328,5
17,conj_uni,495,23,2,0.211,0.224,5
17,conj_uni,495,24,2,0.564,0.075,5
17,feat_grid,496,1,2,0.435,0.001,1
17,feat_grid,496,2,2,0.577,0,1
17,feat_grid,496,3,2,0.004,0.123,1
17,feat_grid,496,4,2,0.587,0.122,1
17,feat_grid,496,5,2,0.01,0.233,1
17,feat_grid,496,6,1,0.583,0.222,1
17,feat_grid,496,7,2,0.702,0.24,1
17,feat_grid,496,8,2,0.003,0.359,1
17,feat_grid,496,9,2,0.468,0.359,1
17,feat_grid,496,10,1,0,0.472,1
17,feat_grid,496,11,1,0.124,0.472,1
17,feat_grid,496,12,2,0.236,0.459,1
17,feat_grid,496,13,1,0.328,0.476,1
17,feat_grid,496,14,2,0.685,0.477,1
17,feat_grid,496,15,1,0.119,0.584,1
17,feat_grid,496,16,1,0.237,0.59,1
17,feat_grid,496,17,2,0.345,0.565,1
17,feat_grid,496,18,1,0.458,0.589,1
17,feat_grid,496,19,1,0,0.701,1
17,feat_grid,496,20,1,0.124,0.702,1
17,feat_grid,496,21,1,0.232,0.683,1
17,feat_grid,496,22,2,0.344,0.689,1
17,feat_grid,496,23,1,0.474,0.711,1
17,feat_grid,496,24,1,0.571,0.694,1
17,feat_grid,497,1,1,0.014,0,2
17,feat_grid,497,2,1,0.247,0.012,2
17,feat_grid,497,3,2,0.597,0.001,2
17,feat_grid,497,4,1,0.022,0.125,2
17,feat_grid,497,5,2,0.13,0.117,2
17,feat_grid,497,6,2,0.477,0.128,2
17,feat_grid,497,7,1,0.582,0.113,2
17,feat_grid,497,8,1,0.716,0.128,2
17,feat_grid,497,9,2,0,0.231,2
17,feat_grid,497,10,2,0.232,0.245,2
17,feat_grid,497,11,1,0.486,0.228,2
17,feat_grid,497,12,1,0.697,0.247,2
17,feat_grid,497,13,2,0.239,0.351,2
17,feat_grid,497,14,1,0.358,0.465,2
17,feat_grid,497,15,2,0.475,0.462,2
17,feat_grid,497,16,2,0.598,0.474,2
17,feat_grid,497,17,2,0.128,0.572,2
17,feat_grid,497,18,1,0.359,0.575,2
17,feat_grid,497,19,2,0.575,0.58,2
17,feat_grid,497,20,1,0.684,0.586,2
17,feat_grid,497,21,2,0.145,0.693,2
17,feat_grid,497,22,1,0.242,0.697,2
17,feat_grid,497,23,1,0.361,0.702,2
17,feat_grid,497,24,2,0.694,0.695,2
17,feat_grid,498,1,1,0.005,0,3
17,feat_grid,498,2,1,0.2,0.033,3
17,feat_grid,498,3,2,0.441,0.015,3
17,feat_grid,498,4,1,0.559,0.01,3
17,feat_grid,498,5,1,0.671,0.016,3
17,feat_grid,498,6,1,0.004,0.122,3
17,feat_grid,498,7,1,0.102,0.139,3
17,feat_grid,498,8,1,0.101,0.26,3
17,feat_grid,498,9,2,0.234,0.254,3
17,feat_grid,498,10,2,0.463,0.244,3
17,feat_grid,498,11,2,0.552,0.255,3
17,feat_grid,498,12,1,0.218,0.359,3
17,feat_grid,498,13,2,0.326,0.376,3
17,feat_grid,498,14,2,0.467,0.352,3
17,feat_grid,498,15,1,0.549,0.36,3
17,feat_grid,498,16,2,0.679,0.36,3
17,feat_grid,498,17,1,0,0.461,3
17,feat_grid,498,18,1,0.22,0.495,3
17,feat_grid,498,19,2,0.115,0.593,3
17,feat_grid,498,20,2,0.33,0.589,3
17,feat_grid,498,21,1,0.452,0.608,3
17,feat_grid,498,22,2,0.667,0.604,3
17,feat_grid,498,23,2,0.328,0.691,3
17,feat_grid,498,24,2,0.689,0.725,3
17,feat_grid,499,1,1,0,0.026,4
17,feat_grid,499,2,1,0.156,0,4
17,feat_grid,499,3,2,0.146,0.125,4
17,feat_grid,499,4,2,0.245,0.114,4
17,feat_grid,499,5,1,0.362,0.108,4
17,feat_grid,499,6,2,0.582,0.118,4
17,feat_grid,499,7,2,0.25,0.232,4
17,feat_grid,499,8,2,0.461,0.239,4
17,feat_grid,499,9,2,0.013,0.353,4
17,feat_grid,499,10,2,0.473,0.34,4
17,feat_grid,499,11,1,0.593,0.352,4
17,feat_grid,499,12,2,0.698,0.333,4
17,feat_grid,499,13,1,0.021,0.463,4
17,feat_grid,499,14,2,0.139,0.467,4
17,feat_grid,499,15,1,0.471,0.473,4
17,feat_grid,499,16,2,0.601,0.481,4
17,feat_grid,499,17,2,0.25,0.594,4
17,feat_grid,499,18,1,0.463,0.589,4
17,feat_grid,499,19,1,0.563,0.591,4
17,feat_grid,499,20,1,0.704,0.581,4
17,feat_grid,499,21,2,0.004,0.705,4
17,feat_grid,499,22,1,0.245,0.68,4
17,feat_grid,499,23,1,0.389,0.682,4
17,feat_grid,499,24,1,0.704,0.696,4
17,feat_grid,500,1,2,0,0.011,5
17,feat_grid,500,2,1,0.344,0,5
17,feat_grid,500,3,2,0.457,0.016,5
17,feat_grid,500,4,1,0.578,0.003,5
17,feat_grid,500,5,2,0.021,0.126,5
17,feat_grid,500,6,2,0.353,0.131,5
17,feat_grid,500,7,2,0.567,0.118,5
17,feat_grid,500,8,1,0.675,0.122,5
17,feat_grid,500,9,1,0.235,0.247,5
17,feat_grid,500,10,1,0.441,0.234,5
17,feat_grid,500,11,2,0.695,0.237,5
17,feat_grid,500,12,2,0.139,0.374,5
17,feat_grid,500,13,1,0.338,0.354,5
17,feat_grid,500,14,1,0.355,0.452,5
17,feat_grid,500,15,2,0.479,0.456,5
17,feat_grid,500,16,1,0.612,0.457,5
17,feat_grid,500,17,1,0.684,0.469,5
17,feat_grid,500,18,1,0.012,0.582,5
17,feat_grid,500,19,2,0.495,0.589,5
17,feat_grid,500,20,1,0.689,0.591,5
17,feat_grid,500,21,2,0.011,0.698,5
17,feat_grid,500,22,2,0.228,0.694,5
17,feat_grid,500,23,2,0.346,0.688,5
17,feat_grid,500,24,1,0.6,0.702,5
17,feat_rot,501,1,2,0.33,0,1
17,feat_rot,501,2,1,0.484,0.167,1
17,feat_rot,501,3,2,0.571,0.222,1
17,feat_rot,501,4,2,0.31,0.156,1
17,feat_rot,501,5,2,0.59,0.392,1
17,feat_rot,501,6,1,0.66,0.478,1
17,feat_rot,501,7,2,0.185,0.139,1
17,feat_rot,501,8,2,0.504,0.484,1
17,feat_rot,501,9,2,0.659,0.643,1
17,feat_rot,501,10,1,0.09,0.231,1
17,feat_rot,501,11,1,0.154,0.31,1
17,feat_rot,501,12,2,0.256,0.407,1
17,feat_rot,501,13,1,0.302,0.478,1
17,feat_rot,501,14,2,0.544,0.725,1
17,feat_rot,501,15,1,0.252,0.554,1
17,feat_rot,501,16,2,0.344,0.641,1
17,feat_rot,501,17,1,0.433,0.722,1
17,feat_rot,501,18,1,0,0.489,1
17,feat_rot,501,19,1,0.069,0.57,1
17,feat_rot,501,20,1,0.233,0.717,1
17,feat_rot,501,21,1,0.419,0.898,1
17,feat_rot,501,22,2,0.003,0.64,1
17,feat_rot,501,23,2,0.249,0.897,1
17,feat_rot,501,24,1,0.316,0.963,1
17,feat_rot,502,1,1,0.82,0.168,2
17,feat_rot,502,2,2,0.895,0.238,2
17,feat_rot,502,3,1,0.496,0,2
17,feat_rot,502,4,2,0.586,0.084,2
17,feat_rot,502,5,1,0.673,0.151,2
17,feat_rot,502,6,2,0.519,0.17,2
17,feat_rot,502,7,2,0.604,0.245,2
17,feat_rot,502,8,2,0.74,0.419,2
17,feat_rot,502,9,2,0.814,0.477,2
17,feat_rot,502,10,1,0.267,0.102,2
17,feat_rot,502,11,1,0.586,0.397,2
17,feat_rot,502,12,1,0.166,0.16,2
17,feat_rot,502,13,1,0.505,0.484,2
17,feat_rot,502,14,2,0.577,0.558,2
17,feat_rot,502,15,1,0.108,0.257,2
17,feat_rot,502,16,1,0.164,0.327,2
17,feat_rot,502,17,2,0.247,0.419,2
17,feat_rot,502,18,1,0.334,0.477,2
17,feat_rot,502,19,1,0.497,0.661,2
17,feat_rot,502,20,2,0.578,0.738,2
17,feat_rot,502,21,2,0,0.316,2
17,feat_rot,502,22,2,0.184,0.49,2
17,feat_rot,502,23,2,0.4,0.73,2
17,feat_rot,502,24,1,0.487,0.836,2
17,feat_rot,503,1,2,0.821,0.148,3
17,feat_rot,503,2,1,0.909,0.241,3
17,feat_rot,503,3,2,0.662,0.147,3
17,feat_rot,503,4,2,0.743,0.257,3
17,feat_rot,503,5,1,0.828,0.321,3
17,feat_rot,503,6,2,0.341,0,3
17,feat_rot,503,7,2,0.497,0.135,3
17,feat_rot,503,8,1,0.667,0.315,3
17,feat_rot,503,9,2,0.75,0.384,3
17,feat_rot,503,10,2,0.335,0.134,3
17,feat_rot,503,11,1,0.513,0.321,3
17,feat_rot,503,12,1,0.681,0.475,3
17,feat_rot,503,13,1,0.749,0.558,3
17,feat_rot,503,14,1,0.176,0.17,3
17,feat_rot,503,15,1,0.334,0.322,3
17,feat_rot,503,16,2,0.437,0.405,3
17,feat_rot,503,17,2,0.498,0.471,3
17,feat_rot,503,18,2,0.595,0.556,3
17,feat_rot,503,19,2,0.09,0.236,3
17,feat_rot,503,20,2,0.17,0.305,3
17,feat_rot,503,21,1,0.504,0.645,3
17,feat_rot,503,22,1,0,0.295,3
17,feat_rot,503,23,1,0.101,0.387,3
17,feat_rot,503,24,1,0.254,0.554,3
17,feat_rot,504,1,1,0.548,0,4
17,feat_rot,504,2,2,0.806,0.277,4
17,feat_rot,504,3,2,0.893,0.344,4
17,feat_rot,504,4,2,0.416,0.033,4
17,feat_rot,504,5,1,0.487,0.119,4
17,feat_rot,504,6,1,0.575,0.191,4
17,feat_rot,504,7,2,0.913,0.51,4
17,feat_rot,504,8,2,0.307,0.1,4
17,feat_rot,504,9,1,0.418,0.182,4
17,feat_rot,504,10,2,0.659,0.444,4
17,feat_rot,504,11,1,0.338,0.269,4
17,feat_rot,504,12,1,0.475,0.423,4
17,feat_rot,504,13,2,0.559,0.484,4
17,feat_rot,504,14,2,0.637,0.566,4
17,feat_rot,504,15,2,0.731,0.674,4
17,feat_rot,504,16,1,0.151,0.27,4
17,feat_rot,504,17,1,0.573,0.667,4
17,feat_rot,504,18,1,0.089,0.342,4
17,feat_rot,504,19,2,0.17,0.428,4
17,feat_rot,504,20,2,0.322,0.609,4
17,feat_rot,504,21,2,0.498,0.765,4
17,feat_rot,504,22,1,0.587,0.84,4
17,feat_rot,504,23,1,0,0.425,4
17,feat_rot,504,24,1,0.155,0.577,4
17,feat_rot,505,1,2,0.731,0.17,5
17,feat_rot,505,2,1,0.803,0.232,5
17,feat_rot,505,3,1,0.4,0,5
17,feat_rot,505,4,2,0.474,0.085,5
17,feat_rot,505,5,2,0.569,0.168,5
17,feat_rot,505,6,1,0.814,0.42,5
17,feat_rot,505,7,1,0.329,0.08,5
17,feat_rot,505,8,2,0.714,0.475,5
17,feat_rot,505,9,1,0.812,0.566,5
17,feat_rot,505,10,1,0.495,0.383,5
17,feat_rot,505,11,2,0.571,0.479,5
17,feat_rot,505,12,2,0.65,0.553,5
17,feat_rot,505,13,2,0.232,0.327,5
17,feat_rot,505,14,1,0.417,0.482,5
17,feat_rot,505,15,1,0.481,0.567,5
17,feat_rot,505,16,2,0.075,0.303,5
17,feat_rot,505,17,1,0.239,0.484,5
17,feat_rot,505,18,2,0.345,0.564,5
17,feat_rot,505,19,2,0.386,0.651,5
17,feat_rot,505,20,1,0.478,0.725,5
17,feat_rot,505,21,1,0.562,0.801,5
17,feat_rot,505,22,2,0,0.391,5
17,feat_rot,505,23,1,0.241,0.647,5
17,feat_rot,505,24,2,0.406,0.808,5
17,feat_uni,506,1,2,0,0.295,1
17,feat_uni,506,2,1,0.379,0.413,1
17,feat_uni,506,3,1,0.12,0.649,1
17,feat_uni,506,4,1,0.578,0.307,1
17,feat_uni,506,5,2,0.565,0,1
17,feat_uni,506,6,2,0.519,0.417,1
17,feat_uni,506,7,1,0.642,0.063,1
17,feat_uni,506,8,2,0.056,0.698,1
17,feat_uni,506,9,2,0.617,0.711,1
17,feat_uni,506,10,2,0.559,0.723,1
17,feat_uni,506,11,1,0.453,0.729,1
17,feat_uni,506,12,2,0.41,0.05,1
17,feat_uni,506,13,1,0.302,0.617,1
17,feat_uni,506,14,1,0.406,0.484,1
17,feat_uni,506,15,1,0.357,0.707,1
17,feat_uni,506,16,1,0.098,0.742,1
17,feat_uni,506,17,2,0.236,0.675,1
17,feat_uni,506,18,1,0.716,0.07,1
17,feat_uni,506,19,2,0.411,0.586,1
17,feat_uni,506,20,2,0.06,0.301,1
17,feat_uni,506,21,1,0.135,0.544,1
17,feat_uni,506,22,2,0.317,0.357,1
17,feat_uni,506,23,1,0.519,0.295,1
17,feat_uni,506,24,2,0.157,0.697,1
17,feat_uni,507,1,1,0.529,0.351,2
17,feat_uni,507,2,1,0.576,0.088,2
17,feat_uni,507,3,2,0.04,0.19,2
17,feat_uni,507,4,2,0.134,0.168,2
17,feat_uni,507,5,1,0.427,0.414,2
17,feat_uni,507,6,1,0.158,0.299,2
17,feat_uni,507,7,2,0.563,0.621,2
17,feat_uni,507,8,2,0.222,0.671,2
17,feat_uni,507,9,2,0.311,0.662,2
17,feat_uni,507,10,1,0.509,0.256,2
17,feat_uni,507,11,2,0,0.676,2
17,feat_uni,507,12,2,0.142,0.056,2
17,feat_uni,507,13,1,0.402,0.109,2
17,feat_uni,507,14,2,0.193,0.504,2
17,feat_uni,507,15,2,0.531,0.13,2
17,feat_uni,507,16,1,0.41,0.319,2
17,feat_uni,507,17,2,0.482,0.308,2
17,feat_uni,507,18,1,0.2,0,2
17,feat_uni,507,19,2,0.488,0.408,2
17,feat_uni,507,20,1,0.509,0.738,2
17,feat_uni,507,21,1,0.356,0.564,2
17,feat_uni,507,22,1,0.303,0.59,2
17,feat_uni,507,23,1,0.643,0.321,2
17,feat_uni,507,24,2,0.07,0.009,2
17,feat_uni,508,1,2,0.04,0.004,3
17,feat_uni,508,2,1,0.498,0,3
17,feat_uni,508,3,2,0.676,0.663,3
17,feat_uni,508,4,1,0.216,0.664,3
17,feat_uni,508,5,2,0.724,0.285,3
17,feat_uni,508,6,1,0.182,0.536,3
17,feat_uni,508,7,1,0.626,0.411,3
17,feat_uni,508,8,2,0.725,0.604,3
17,feat_uni,508,9,2,0.305,0.111,3
17,feat_uni,508,10,2,0.233,0.256,3
17,feat_uni,508,11,1,0.557,0.574,3
17,feat_uni,508,12,1,0.14,0.101,3
17,feat_uni,508,13,1,0.124,0.034,3
17,feat_uni,508,14,2,0.664,0.477,3
17,feat_uni,508,15,1,0.005,0.682,3
17,feat_uni,508,16,2,0.313,0.635,3
17,feat_uni,508,17,2,0.126,0.508,3
17,feat_uni,508,18,2,0.333,0.057,3
17,feat_uni,508,19,1,0.083,0.643,3
17,feat_uni,508,20,1,0.591,0.055,3
17,feat_uni,508,21,2,0,0.214,3
17,feat_uni,508,22,2,0.256,0.06,3
17,feat_uni,508,23,1,0.145,0.643,3
17,feat_uni,508,24,1,0.06,0.203,3
17,feat_uni,509,1,1,0,0.628,4
17,feat_uni,509,2,2,0.213,0.337,4
17,feat_uni,509,3,2,0.256,0.136,4
17,feat_uni,509,4,2,0.664,0.628,4
17,feat_uni,509,5,2,0.207,0.065,4
17,feat_uni,509,6,1,0.711,0.34,4
17,feat_uni,509,7,1,0.755,0.277,4
17,feat_uni,509,8,2,0.271,0.194,4
17,feat_uni,509,9,2,0.251,0.023,4
17,feat_uni,509,10,2,0.213,0.199,4
17,feat_uni,509,11,2,0.146,0.452,4
17,feat_uni,509,12,1,0.315,0.128,4
17,feat_uni,509,13,1,0.463,0.223,4
17,feat_uni,509,14,2,0.13,0.266,4
17,feat_uni,509,15,2,0.511,0,4
17,feat_uni,509,16,1,0.061,0.625,4
17,feat_uni,509,17,1,0.7,0.249,4
17,feat_uni,509,18,2,0.203,0.677,4
17,feat_uni,509,19,1,0.373,0.411,4
17,feat_uni,509,20,1,0.746,0.011,4
17,feat_uni,509,21,2,0.642,0.236,4
17,feat_uni,509,22,1,0.15,0.101,4
17,feat_uni,509,23,1,0.439,0.706,4
17,feat_uni,509,24,1,0.438,0.278,4
17,feat_uni,510,1,1,0.697,0.259,5
17,feat_uni,510,2,2,0.437,0.031,5
17,feat_uni,510,3,1,0.165,0,5
17,feat_uni,510,4,2,0.012,0.233,5
17,feat_uni,510,5,1,0.205,0.215,5
17,feat_uni,510,6,1,0.756,0.289,5
17,feat_uni,510,7,1,0.644,0.286,5
17,feat_uni,510,8,2,0.017,0.156,5
17,feat_uni,510,9,1,0.47,0.162,5
17,feat_uni,510,10,2,0.06,0.199,5
17,feat_uni,510,11,1,0.106,0.162,5
17,feat_uni,510,12,2,0.389,0.435,5
17,feat_uni,510,13,1,0,0.444,5
17,feat_uni,510,14,1,0.302,0.356,5
17,feat_uni,510,15,2,0.543,0.422,5
17,feat_uni,510,16,1,0.438,0.667,5
17,feat_uni,510,17,1,0.112,0.715,5
17,feat_uni,510,18,2,0.382,0.647,5
17,feat_uni,510,19,2,0.268,0.074,5
17,feat_uni,510,20,2,0.719,0.546,5
17,feat_uni,510,21,2,0.575,0.29,5
17,feat_uni,510,22,2,0.663,0.086,5
17,feat_uni,510,23,1,0.593,0.18,5
17,feat_uni,510,24,2,0.563,0.651,5
18,conj_grid,511,1,1,0.35,0.01,1
18,conj_grid,511,2,1,0.594,0,1
18,conj_grid,511,3,1,0.705,0.006,1
18,conj_grid,511,4,1,0.121,0.126,1
18,conj_grid,511,5,2,0.571,0.125,1
18,conj_grid,511,6,2,0.713,0.125,1
18,conj_grid,511,7,1,0.011,0.241,1
18,conj_grid,511,8,1,0.123,0.252,1
18,conj_grid,511,9,2,0.462,0.247,1
18,conj_grid,511,10,2,0.7,0.227,1
18,conj_grid,511,11,2,0.129,0.336,1
18,conj_grid,511,12,2,0.476,0.349,1
18,conj_grid,511,13,1,0.571,0.354,1
18,conj_grid,511,14,2,0.682,0.363,1
18,conj_grid,511,15,2,0.135,0.465,1
18,conj_grid,511,16,1,0.353,0.474,1
18,conj_grid,511,17,2,0.7,0.471,1
18,conj_grid,511,18,1,0.236,0.577,1
18,conj_grid,511,19,2,0.461,0.577,1
18,conj_grid,511,20,1,0.591,0.591,1
18,conj_grid,511,21,1,0.702,0.595,1
18,conj_grid,511,22,2,0,0.698,1
18,conj_grid,511,23,1,0.235,0.706,1
18,conj_grid,511,24,2,0.717,0.687,1
18,conj_grid,512,1,2,0.343,0.012,2
18,conj_grid,512,2,1,0.46,0.011,2
18,conj_grid,512,3,1,0.597,0.018,2
18,conj_grid,512,4,2,0.708,0,2
18,conj_grid,512,5,2,0.013,0.134,2
18,conj_grid,512,6,2,0.257,0.111,2
18,conj_grid,512,7,1,0.456,0.103,2
18,conj_grid,512,8,2,0.707,0.125,2
18,conj_grid,512,9,1,0,0.221,2
18,conj_grid,512,10,1,0.113,0.244,2
18,conj_grid,512,11,1,0.231,0.243,2
18,conj_grid,512,12,2,0.481,0.239,2
18,conj_grid,512,13,2,0.555,0.255,2
18,conj_grid,512,14,1,0.71,0.258,2
18,conj_grid,512,15,2,0.018,0.366,2
18,conj_grid,512,16,2,0.122,0.357,2
18,conj_grid,512,17,2,0.467,0.349,2
18,conj_grid,512,18,1,0.71,0.37,2
18,conj_grid,512,19,2,0.012,0.474,2
18,conj_grid,512,20,1,0.123,0.486,2
18,conj_grid,512,21,1,0.359,0.462,2
18,conj_grid,512,22,1,0.714,0.467,2
18,conj_grid,512,23,2,0.125,0.583,2
18,conj_grid,512,24,1,0.353,0.692,2
18,conj_grid,513,1,1,0,0.004,3
18,conj_grid,513,2,1,0.138,0,3
18,conj_grid,513,3,2,0.235,0.013,3
18,conj_grid,513,4,2,0.588,0.012,3
18,conj_grid,513,5,2,0.696,0.013,3
18,conj_grid,513,6,1,0.146,0.102,3
18,conj_grid,513,7,1,0.36,0.12,3
18,conj_grid,513,8,2,0.687,0.126,3
18,conj_grid,513,9,2,0.019,0.254,3
18,conj_grid,513,10,2,0.221,0.238,3
18,conj_grid,513,11,2,0.375,0.227,3
18,conj_grid,513,12,1,0.691,0.236,3
18,conj_grid,513,13,1,0.146,0.346,3
18,conj_grid,513,14,1,0.236,0.341,3
18,conj_grid,513,15,1,0.458,0.332,3
18,conj_grid,513,16,2,0.112,0.464,3
18,conj_grid,513,17,1,0.249,0.458,3
18,conj_grid,513,18,2,0.357,0.441,3
18,conj_grid,513,19,1,0.121,0.587,3
18,conj_grid,513,20,2,0.356,0.58,3
18,conj_grid,513,21,2,0.705,0.563,3
18,conj_grid,513,22,1,0.217,0.682,3
18,conj_grid,513,23,2,0.592,0.692,3
18,conj_grid,513,24,1,0.716,0.701,3
18,conj_grid,514,1,1,0.125,0,4
18,conj_grid,514,2,1,0.366,0.014,4
18,conj_grid,514,3,2,0.461,0.019,4
18,conj_grid,514,4,2,0.571,0.004,4
18,conj_grid,514,5,1,0.109,0.114,4
18,conj_grid,514,6,2,0.342,0.134,4
18,conj_grid,514,7,1,0.016,0.235,4
18,conj_grid,514,8,1,0.352,0.228,4
18,conj_grid,514,9,2,0.588,0.235,4
18,conj_grid,514,10,1,0.713,0.228,4
18,conj_grid,514,11,2,0.226,0.351,4
18,conj_grid,514,12,2,0.458,0.352,4
18,conj_grid,514,13,2,0.583,0.354,4
18,conj_grid,514,14,1,0.137,0.474,4
18,conj_grid,514,15,2,0.462,0.463,4
18,conj_grid,514,16,2,0.591,0.474,4
18,conj_grid,514,17,2,0,0.575,4
18,conj_grid,514,18,1,0.352,0.574,4
18,conj_grid,514,19,2,0.473,0.58,4
18,conj_grid,514,20,1,0.578,0.569,4
18,conj_grid,514,21,1,0.693,0.601,4
18,conj_grid,514,22,1,0.12,0.705,4
18,conj_grid,514,23,1,0.23,0.694,4
18,conj_grid,514,24,2,0.574,0.701,4
18,conj_grid,515,1,1,0.001,0.004,5
18,conj_grid,515,2,1,0.237,0.02,5
18,conj_grid,515,3,2,0.457,0,5
18,conj_grid,515,4,2,0.573,0.03,5
18,conj_grid,515,5,2,0.682,0.004,5
18,conj_grid,515,6,1,0,0.131,5
18,conj_grid,515,7,2,0.114,0.139,5
18,conj_grid,515,8,2,0.698,0.13,5
18,conj_grid,515,9,2,0.346,0.25,5
18,conj_grid,515,10,2,0.447,0.233,5
18,conj_grid,515,11,2,0.107,0.323,5
18,conj_grid,515,12,1,0.348,0.36,5
18,conj_grid,515,13,2,0.433,0.363,5
18,conj_grid,515,14,1,0.581,0.38,5
18,conj_grid,515,15,1,0.219,0.462,5
18,conj_grid,515,16,1,0.353,0.464,5
18,conj_grid,515,17,2,0.462,0.46,5
18,conj_grid,515,18,1,0.578,0.469,5
18,conj_grid,515,19,2,0.222,0.59,5
18,conj_grid,515,20,1,0.342,0.588,5
18,conj_grid,515,21,1,0.429,0.576,5
18,conj_grid,515,22,1,0.589,0.57,5
18,conj_grid,515,23,1,0.46,0.675,5
18,conj_grid,515,24,2,0.678,0.707,5
18,conj_rot,516,1,1,0.339,0,1
18,conj_rot,516,2,1,0.491,0.148,1
18,conj_rot,516,3,2,0.816,0.497,1
18,conj_rot,516,4,1,0.248,0.097,1
18,conj_rot,516,5,1,0.363,0.17,1
18,conj_rot,516,6,2,0.393,0.222,1
18,conj_rot,516,7,2,0.492,0.319,1
18,conj_rot,516,8,2,0.665,0.509,1
18,conj_rot,516,9,2,0.492,0.486,1
18,conj_rot,516,10,2,0.66,0.675,1
18,conj_rot,516,11,1,0.104,0.259,1
18,conj_rot,516,12,2,0.333,0.486,1
18,conj_rot,516,13,2,0.006,0.322,1
18,conj_rot,516,14,1,0.157,0.494,1
18,conj_rot,516,15,1,0.264,0.583,1
18,conj_rot,516,16,1,0.332,0.645,1
18,conj_rot,516,17,1,0.496,0.821,1
18,conj_rot,516,18,1,0.016,0.511,1
18,conj_rot,516,19,1,0.078,0.588,1
18,conj_rot,516,20,2,0.332,0.819,1
18,conj_rot,516,21,2,0.418,0.917,1
18,conj_rot,516,22,2,0,0.657,1
18,conj_rot,516,23,2,0.08,0.74,1
18,conj_rot,516,24,1,0.332,0.993,1
18,conj_rot,517,1,2,0.421,0,2
18,conj_rot,517,2,2,0.586,0.132,2
18,conj_rot,517,3,1,0.665,0.224,2
18,conj_rot,517,4,2,0.763,0.295,2
18,conj_rot,517,5,1,0.819,0.393,2
18,conj_rot,517,6,2,0.339,0.082,2
18,conj_rot,517,7,1,0.52,0.227,2
18,conj_rot,517,8,1,0.605,0.288,2
18,conj_rot,517,9,2,0.766,0.455,2
18,conj_rot,517,10,2,0.268,0.146,2
18,conj_rot,517,11,1,0.418,0.302,2
18,conj_rot,517,12,2,0.662,0.53,2
18,conj_rot,517,13,1,0.439,0.456,2
18,conj_rot,517,14,2,0.586,0.652,2
18,conj_rot,517,15,1,0.674,0.715,2
18,conj_rot,517,16,1,0.106,0.481,2
18,conj_rot,517,17,2,0.183,0.57,2
18,conj_rot,517,18,2,0.248,0.621,2
18,conj_rot,517,19,1,0.349,0.717,2
18,conj_rot,517,20,2,0,0.543,2
18,conj_rot,517,21,1,0.102,0.644,2
18,conj_rot,517,22,2,0.249,0.784,2
18,conj_rot,517,23,1,0.362,0.877,2
18,conj_rot,517,24,1,0.409,0.962,2
18,conj_rot,518,1,1,0.508,0,3
18,conj_rot,518,2,2,0.658,0.175,3
18,conj_rot,518,3,2,0.891,0.431,3
18,conj_rot,518,4,2,0.501,0.158,3
18,conj_rot,518,5,1,0.664,0.333,3
18,conj_rot,518,6,1,0.75,0.409,3
18,conj_rot,518,7,2,0.923,0.594,3
18,conj_rot,518,8,2,0.356,0.179,3
18,conj_rot,518,9,1,0.497,0.352,3
18,conj_rot,518,10,1,0.574,0.414,3
18,conj_rot,518,11,1,0.649,0.493,3
18,conj_rot,518,12,1,0.749,0.58,3
18,conj_rot,518,13,1,0.836,0.658,3
18,conj_rot,518,14,2,0.274,0.258,3
18,conj_rot,518,15,2,0.651,0.671,3
18,conj_rot,518,16,2,0.337,0.523,3
18,conj_rot,518,17,1,0.407,0.566,3
18,conj_rot,518,18,1,0.606,0.76,3
18,conj_rot,518,19,2,0.343,0.662,3
18,conj_rot,518,20,1,0.425,0.761,3
18,conj_rot,518,21,2,0,0.505,3
18,conj_rot,518,22,1,0.094,0.58,3
18,conj_rot,518,23,2,0.421,0.895,3
18,conj_rot,518,24,2,0.514,0.983,3
18,conj_rot,519,1,1,0.48,0,4
18,conj_rot,519,2,1,0.66,0.16,4
18,conj_rot,519,3,2,0.717,0.238,4
18,conj_rot,519,4,1,0.817,0.326,4
18,conj_rot,519,5,2,0.913,0.42,4
18,conj_rot,519,6,1,0.324,0.004,4
18,conj_rot,519,7,2,0.797,0.481,4
18,conj_rot,519,8,2,0.219,0.102,4
18,conj_rot,519,9,1,0.31,0.183,4
18,conj_rot,519,10,2,0.482,0.325,4
18,conj_rot,519,11,1,0.578,0.401,4
18,conj_rot,519,12,2,0.727,0.555,4
18,conj_rot,519,13,2,0.16,0.153,4
18,conj_rot,519,14,2,0.234,0.244,4
18,conj_rot,519,15,1,0.252,0.407,4
18,conj_rot,519,16,1,0.323,0.499,4
18,conj_rot,519,17,2,0.428,0.562,4
18,conj_rot,519,18,1,0.547,0.718,4
18,conj_rot,519,19,1,0,0.329,4
18,conj_rot,519,20,1,0.241,0.586,4
18,conj_rot,519,21,1,0.387,0.744,4
18,conj_rot,519,22,2,0.477,0.797,4
18,conj_rot,519,23,2,0.327,0.821,4
18,conj_rot,519,24,2,0.392,0.898,4
18,conj_rot,520,1,2,0.399,0,5
18,conj_rot,520,2,1,0.584,0.194,5
18,conj_rot,520,3,1,0.891,0.491,5
18,conj_rot,520,4,1,0.392,0.174,5
18,conj_rot,520,5,1,0.509,0.254,5
18,conj_rot,520,6,2,0.645,0.41,5
18,conj_rot,520,7,2,0.818,0.564,5
18,conj_rot,520,8,1,0.227,0.158,5
18,conj_rot,520,9,2,0.566,0.514,5
18,conj_rot,520,10,1,0.569,0.643,5
18,conj_rot,520,11,2,0.642,0.749,5
18,conj_rot,520,12,1,0.079,0.33,5
18,conj_rot,520,13,2,0.151,0.411,5
18,conj_rot,520,14,2,0.345,0.592,5
18,conj_rot,520,15,2,0.479,0.752,5
18,conj_rot,520,16,1,0.577,0.843,5
18,conj_rot,520,17,2,0,0.434,5
18,conj_rot,520,18,2,0.07,0.487,5
18,conj_rot,520,19,2,0.236,0.655,5
18,conj_rot,520,20,1,0.413,0.792,5
18,conj_rot,520,21,1,0.094,0.656,5
18,conj_rot,520,22,1,0.148,0.743,5
18,conj_rot,520,23,2,0.312,0.911,5
18,conj_rot,520,24,1,0.417,1,5
18,conj_uni,521,1,1,0.401,0.379,1
18,conj_uni,521,2,2,0.074,0.717,1
18,conj_uni,521,3,2,0.058,0.459,1
18,conj_uni,521,4,2,0.254,0.414,1
18,conj_uni,521,5,2,0.31,0.163,1
18,conj_uni,521,6,1,0,0.469,1
18,conj_uni,521,7,1,0.616,0.304,1
18,conj_uni,521,8,1,0.014,0.399,1
18,conj_uni,521,9,1,0.476,0.617,1
18,conj_uni,521,10,2,0.528,0.529,1
18,conj_uni,521,11,2,0.448,0.671,1
18,conj_uni,521,12,1,0.168,0.571,1
18,conj_uni,521,13,2,0.328,0.391,1
18,conj_uni,521,14,2,0.612,0.741,1
18,conj_uni,521,15,1,0.209,0.612,1
18,conj_uni,521,16,1,0.244,0.013,1
18,conj_uni,521,17,1,0.433,0.207,1
18,conj_uni,521,18,2,0.649,0.207,1
18,conj_uni,521,19,1,0.117,0.118,1
18,conj_uni,521,20,1,0.238,0.34,1
18,conj_uni,521,21,2,0.16,0.236,1
18,conj_uni,521,22,2,0.329,0,1
18,conj_uni,521,23,1,0.584,0.55,1
18,conj_uni,521,24,2,0.077,0.651,1
18,conj_uni,522,1,1,0.528,0.139,2
18,conj_uni,522,2,2,0.06,0.065,2
18,conj_uni,522,3,2,0.698,0.36,2
18,conj_uni,522,4,2,0.434,0.46,2
18,conj_uni,522,5,2,0.557,0.026,2
18,conj_uni,522,6,2,0.251,0.527,2
18,conj_uni,522,7,2,0.393,0.719,2
18,conj_uni,522,8,1,0.428,0.022,2
18,conj_uni,522,9,2,0.023,0,2
18,conj_uni,522,10,1,0,0.515,2
18,conj_uni,522,11,1,0.704,0.42,2
18,conj_uni,522,12,1,0.266,0.588,2
18,conj_uni,522,13,1,0.221,0.338,2
18,conj_uni,522,14,2,0.55,0.085,2
18,conj_uni,522,15,1,0.675,0.544,2
18,conj_uni,522,16,1,0.463,0.261,2
18,conj_uni,522,17,2,0.188,0.467,2
18,conj_uni,522,18,1,0.285,0.417,2
18,conj_uni,522,19,2,0.655,0.176,2
18,conj_uni,522,20,1,0.532,0.441,2
18,conj_uni,522,21,2,0.016,0.599,2
18,conj_uni,522,22,2,0.508,0.196,2
18,conj_uni,522,23,1,0.579,0.273,2
18,conj_uni,522,24,1,0.695,0.302,2
18,conj_uni,523,1,2,0.389,0.35,3
18,conj_uni,523,2,1,0.047,0.137,3
18,conj_uni,523,3,2,0.313,0.037,3
18,conj_uni,523,4,1,0.756,0.647,3
18,conj_uni,523,5,1,0.316,0.567,3
18,conj_uni,523,6,1,0.419,0.555,3
18,conj_uni,523,7,1,0.492,0.062,3
18,conj_uni,523,8,2,0.351,0.162,3
18,conj_uni,523,9,2,0.473,0.529,3
18,conj_uni,523,10,2,0.276,0.521,3
18,conj_uni,523,11,1,0.474,0.605,3
18,conj_uni,523,12,1,0.386,0.471,3
18,conj_uni,523,13,2,0.604,0.447,3
18,conj_uni,523,14,2,0.513,0.287,3
18,conj_uni,523,15,1,0.671,0.695,3
18,conj_uni,523,16,2,0.138,0.031,3
18,conj_uni,523,17,2,0.603,0.123,3
18,conj_uni,523,18,2,0,0,3
18,conj_uni,523,19,1,0.529,0.631,3
18,conj_uni,523,20,2,0.746,0.061,3
18,conj_uni,523,21,1,0.721,0.147,3
18,conj_uni,523,22,2,0.469,0.002,3
18,conj_uni,523,23,1,0.753,0.557,3
18,conj_uni,523,24,1,0.696,0.612,3
18,conj_uni,524,1,2,0.742,0.693,4
18,conj_uni,524,2,2,0.555,0.491,4
18,conj_uni,524,3,1,0.1,0.085,4
18,conj_uni,524,4,1,0.021,0.465,4
18,conj_uni,524,5,1,0.639,0,4
18,conj_uni,524,6,2,0.096,0.406,4
18,conj_uni,524,7,1,0.29,0.068,4
18,conj_uni,524,8,2,0.461,0.379,4
18,conj_uni,524,9,1,0.254,0.019,4
18,conj_uni,524,10,2,0.048,0.555,4
18,conj_uni,524,11,2,0.713,0.456,4
18,conj_uni,524,12,1,0.522,0.589,4
18,conj_uni,524,13,1,0.174,0.663,4
18,conj_uni,524,14,2,0.082,0.604,4
18,conj_uni,524,15,1,0.715,0.202,4
18,conj_uni,524,16,2,0.233,0.648,4
18,conj_uni,524,17,2,0.461,0.592,4
18,conj_uni,524,18,1,0.111,0.154,4
18,conj_uni,524,19,2,0,0.221,4
18,conj_uni,524,20,2,0.048,0.187,4
18,conj_uni,524,21,2,0.037,0.403,4
18,conj_uni,524,22,1,0.647,0.176,4
18,conj_uni,524,23,1,0.319,0.687,4
18,conj_uni,524,24,1,0.122,0.459,4
18,conj_uni,525,1,1,0.094,0.408,5
18,conj_uni,525,2,2,0.223,0.062,5
18,conj_uni,525,3,2,0.512,0.196,5
18,conj_uni,525,4,1,0.027,0.25,5
18,conj_uni,525,5,1,0.304,0,5
18,conj_uni,525,6,1,0.497,0.61,5
18,conj_uni,525,7,2,0,0.363,5
18,conj_uni,525,8,2,0.687,0.385,5
18,conj_uni,525,9,2,0.133,0.453,5
18,conj_uni,525,10,2,0.121,0.255,5
18,conj_uni,525,11,1,0.233,0.601,5
18,conj_uni,525,12,2,0.436,0.452,5
18,conj_uni,525,13,1,0.562,0.716,5
18,conj_uni,525,14,1,0.361,0.39,5
18,conj_uni,525,15,1,0.749,0.354,5
18,conj_uni,525,16,2,0.251,0.383,5
18,conj_uni,525,17,2,0.029,0.309,5
18,conj_uni,525,18,1,0.719,0.226,5
18,conj_uni,525,19,2,0.218,0.306,5
18,conj_uni,525,20,1,0.539,0.064,5
18,conj_uni,525,21,2,0.196,0.361,5
18,conj_uni,525,22,2,0.444,0.033,5
18,conj_uni,525,23,1,0.148,0.308,5
18,conj_uni,525,24,1,0.26,0.15,5
18,feat_grid,526,1,2,0.102,0,1
18,feat_grid,526,2,1,0.239,0.029,1
18,feat_grid,526,3,1,0.354,0.007,1
18,feat_grid,526,4,1,0.453,0.018,1
18,feat_grid,526,5,2,0.356,0.12,1
18,feat_grid,526,6,1,0.564,0.141,1
18,feat_grid,526,7,2,0.002,0.225,1
18,feat_grid,526,8,1,0.33,0.241,1
18,feat_grid,526,9,2,0.472,0.247,1
18,feat_grid,526,10,1,0.679,0.232,1
18,feat_grid,526,11,2,0,0.354,1
18,feat_grid,526,12,1,0.105,0.362,1
18,feat_grid,526,13,2,0.323,0.36,1
18,feat_grid,526,14,2,0.666,0.348,1
18,feat_grid,526,15,1,0.003,0.458,1
18,feat_grid,526,16,2,0.131,0.472,1
18,feat_grid,526,17,2,0.217,0.462,1
18,feat_grid,526,18,1,0.445,0.459,1
18,feat_grid,526,19,2,0.659,0.471,1
18,feat_grid,526,20,1,0.13,0.586,1
18,feat_grid,526,21,1,0.451,0.593,1
18,feat_grid,526,22,2,0.561,0.583,1
18,feat_grid,526,23,2,0.002,0.697,1
18,feat_grid,526,24,1,0.238,0.706,1
18,feat_grid,527,1,2,0.131,0,2
18,feat_grid,527,2,1,0.235,0.015,2
18,feat_grid,527,3,1,0.022,0.129,2
18,feat_grid,527,4,2,0.121,0.115,2
18,feat_grid,527,5,1,0.49,0.128,2
18,feat_grid,527,6,1,0.582,0.126,2
18,feat_grid,527,7,1,0.131,0.254,2
18,feat_grid,527,8,1,0.258,0.232,2
18,feat_grid,527,9,1,0.479,0.225,2
18,feat_grid,527,10,1,0.029,0.365,2
18,feat_grid,527,11,2,0.138,0.35,2
18,feat_grid,527,12,1,0.496,0.354,2
18,feat_grid,527,13,2,0.726,0.354,2
18,feat_grid,527,14,2,0.02,0.47,2
18,feat_grid,527,15,2,0.259,0.448,2
18,feat_grid,527,16,2,0.595,0.454,2
18,feat_grid,527,17,2,0.695,0.465,2
18,feat_grid,527,18,2,0,0.572,2
18,feat_grid,527,19,1,0.573,0.596,2
18,feat_grid,527,20,2,0.02,0.732,2
18,feat_grid,527,21,1,0.253,0.693,2
18,feat_grid,527,22,1,0.496,0.712,2
18,feat_grid,527,23,2,0.6,0.724,2
18,feat_grid,527,24,2,0.692,0.716,2
18,feat_grid,528,1,2,0,0,3
18,feat_grid,528,2,2,0.564,0.019,3
18,feat_grid,528,3,1,0.718,0.009,3
18,feat_grid,528,4,2,0.485,0.149,3
18,feat_grid,528,5,1,0.577,0.125,3
18,feat_grid,528,6,2,0.015,0.233,3
18,feat_grid,528,7,1,0.48,0.23,3
18,feat_grid,528,8,2,0.013,0.369,3
18,feat_grid,528,9,1,0.135,0.382,3
18,feat_grid,528,10,1,0.231,0.379,3
18,feat_grid,528,11,1,0.694,0.356,3
18,feat_grid,528,12,2,0.017,0.471,3
18,feat_grid,528,13,2,0.362,0.474,3
18,feat_grid,528,14,1,0.469,0.472,3
18,feat_grid,528,15,1,0.022,0.594,3
18,feat_grid,528,16,2,0.137,0.583,3
18,feat_grid,528,17,1,0.335,0.581,3
18,feat_grid,528,18,1,0.595,0.604,3
18,feat_grid,528,19,2,0.693,0.579,3
18,feat_grid,528,20,2,0.259,0.713,3
18,feat_grid,528,21,1,0.363,0.722,3
18,feat_grid,528,22,2,0.469,0.698,3
18,feat_grid,528,23,1,0.579,0.726,3
18,feat_grid,528,24,2,0.715,0.704,3
18,feat_grid,529,1,1,0.002,0.005,4
18,feat_grid,529,2,2,0.219,0,4
18,feat_grid,529,3,1,0.447,0.015,4
18,feat_grid,529,4,1,0.712,0.009,4
18,feat_grid,529,5,1,0.131,0.106,4
18,feat_grid,529,6,1,0.365,0.119,4
18,feat_grid,529,7,1,0.469,0.107,4
18,feat_grid,529,8,2,0.577,0.122,4
18,feat_grid,529,9,2,0.461,0.231,4
18,feat_grid,529,10,2,0.682,0.224,4
18,feat_grid,529,11,1,0.017,0.363,4
18,feat_grid,529,12,2,0.349,0.349,4
18,feat_grid,529,13,2,0.584,0.338,4
18,feat_grid,529,14,2,0.701,0.341,4
18,feat_grid,529,15,2,0,0.464,4
18,feat_grid,529,16,2,0.135,0.455,4
18,feat_grid,529,17,1,0.226,0.457,4
18,feat_grid,529,18,2,0.357,0.463,4
18,feat_grid,529,19,1,0.582,0.464,4
18,feat_grid,529,20,1,0.121,0.567,4
18,feat_grid,529,21,2,0.357,0.573,4
18,feat_grid,529,22,1,0.461,0.574,4
18,feat_grid,529,23,1,0.688,0.572,4
18,feat_grid,529,24,2,0.588,0.679,4
18,feat_grid,530,1,2,0.003,0,5
18,feat_grid,530,2,1,0.354,0.017,5
18,feat_grid,530,3,2,0.002,0.115,5
18,feat_grid,530,4,1,0.102,0.118,5
18,feat_grid,530,5,1,0.469,0.125,5
18,feat_grid,530,6,2,0.692,0.115,5
18,feat_grid,530,7,2,0.579,0.247,5
18,feat_grid,530,8,1,0.006,0.348,5
18,feat_grid,530,9,1,0.235,0.359,5
18,feat_grid,530,10,1,0.467,0.348,5
18,feat_grid,530,11,2,0.698,0.366,5
18,feat_grid,530,12,1,0.006,0.473,5
18,feat_grid,530,13,2,0.22,0.443,5
18,feat_grid,530,14,2,0.459,0.467,5
18,feat_grid,530,15,2,0.555,0.455,5
18,feat_grid,530,16,2,0.678,0.473,5
18,feat_grid,530,17,2,0,0.593,5
18,feat_grid,530,18,1,0.121,0.589,5
18,feat_grid,530,19,1,0.249,0.58,5
18,feat_grid,530,20,1,0.342,0.591,5
18,feat_grid,530,21,1,0.578,0.58,5
18,feat_grid,530,22,1,0.218,0.697,5
18,feat_grid,530,23,2,0.333,0.694,5
18,feat_grid,530,24,2,0.707,0.695,5
18,feat_rot,531,1,1,0.557,0.123,1
18,feat_rot,531,2,2,0.804,0.383,1
18,feat_rot,531,3,2,0.258,0,1
18,feat_rot,531,4,2,0.393,0.149,1
18,feat_rot,531,5,2,0.586,0.305,1
18,feat_rot,531,6,1,0.624,0.394,1
18,feat_rot,531,7,2,0.724,0.455,1
18,feat_rot,531,8,1,0.179,0.07,1
18,feat_rot,531,9,2,0.325,0.219,1
18,feat_rot,531,10,1,0.404,0.308,1
18,feat_rot,531,11,1,0.505,0.379,1
18,feat_rot,531,12,2,0.169,0.209,1
18,feat_rot,531,13,1,0.24,0.312,1
18,feat_rot,531,14,1,0.333,0.394,1
18,feat_rot,531,15,2,0.485,0.546,1
18,feat_rot,531,16,2,0.549,0.633,1
18,feat_rot,531,17,1,0.403,0.649,1
18,feat_rot,531,18,1,0.002,0.406,1
18,feat_rot,531,19,2,0.172,0.549,1
18,feat_rot,531,20,1,0.24,0.627,1
18,feat_rot,531,21,2,0.391,0.797,1
18,feat_rot,531,22,2,0,0.536,1
18,feat_rot,531,23,1,0.085,0.629,1
18,feat_rot,531,24,1,0.156,0.719,1
18,feat_rot,532,1,1,0.503,0.005,2
18,feat_rot,532,2,2,0.655,0.15,2
18,feat_rot,532,3,1,0.743,0.265,2
18,feat_rot,532,4,1,0.82,0.349,2
18,feat_rot,532,5,1,0.893,0.433,2
18,feat_rot,532,6,2,0.335,0,2
18,feat_rot,532,7,2,0.566,0.251,2
18,feat_rot,532,8,2,0.658,0.336,2
18,feat_rot,532,9,2,0.811,0.492,2
18,feat_rot,532,10,1,0.24,0.071,2
18,feat_rot,532,11,1,0.344,0.167,2
18,feat_rot,532,12,2,0.587,0.411,2
18,feat_rot,532,13,1,0.345,0.326,2
18,feat_rot,532,14,1,0.587,0.563,2
18,feat_rot,532,15,1,0.087,0.253,2
18,feat_rot,532,16,2,0.248,0.395,2
18,feat_rot,532,17,2,0.583,0.756,2
18,feat_rot,532,18,2,0.007,0.343,2
18,feat_rot,532,19,2,0.083,0.429,2
18,feat_rot,532,20,1,0.245,0.592,2
18,feat_rot,532,21,1,0.33,0.658,2
18,feat_rot,532,22,2,0,0.501,2
18,feat_rot,532,23,2,0.239,0.725,2
18,feat_rot,532,24,1,0.333,0.81,2
18,feat_rot,533,1,2,0.569,0.013,3
18,feat_rot,533,2,1,0.629,0.078,3
18,feat_rot,533,3,1,0.978,0.403,3
18,feat_rot,533,4,2,0.422,0,3
18,feat_rot,533,5,1,0.486,0.083,3
18,feat_rot,533,6,1,0.727,0.329,3
18,feat_rot,533,7,2,0.8,0.394,3
18,feat_rot,533,8,1,0.318,0.088,3
18,feat_rot,533,9,1,0.498,0.224,3
18,feat_rot,533,10,2,0.66,0.406,3
18,feat_rot,533,11,1,0.807,0.573,3
18,feat_rot,533,12,2,0.234,0.159,3
18,feat_rot,533,13,1,0.412,0.324,3
18,feat_rot,533,14,1,0.476,0.421,3
18,feat_rot,533,15,2,0.655,0.565,3
18,feat_rot,533,16,2,0.167,0.236,3
18,feat_rot,533,17,2,0.556,0.645,3
18,feat_rot,533,18,2,0.079,0.33,3
18,feat_rot,533,19,1,0.146,0.406,3
18,feat_rot,533,20,1,0.305,0.577,3
18,feat_rot,533,21,2,0.484,0.75,3
18,feat_rot,533,22,2,0,0.428,3
18,feat_rot,533,23,2,0.074,0.496,3
18,feat_rot,533,24,1,0.491,0.891,3
18,feat_rot,534,1,2,0.406,0,4
18,feat_rot,534,2,2,0.544,0.155,4
18,feat_rot,534,3,1,0.731,0.309,4
18,feat_rot,534,4,1,0.794,0.414,4
18,feat_rot,534,5,2,0.277,0.072,4
18,feat_rot,534,6,1,0.467,0.252,4
18,feat_rot,534,7,2,0.55,0.302,4
18,feat_rot,534,8,1,0.712,0.448,4
18,feat_rot,534,9,2,0.397,0.309,4
18,feat_rot,534,10,1,0.47,0.403,4
18,feat_rot,534,11,2,0.535,0.474,4
18,feat_rot,534,12,1,0.624,0.566,4
18,feat_rot,534,13,2,0.721,0.631,4
18,feat_rot,534,14,2,0.134,0.241,4
18,feat_rot,534,15,2,0.319,0.371,4
18,feat_rot,534,16,1,0.379,0.48,4
18,feat_rot,534,17,2,0.457,0.565,4
18,feat_rot,534,18,2,0.632,0.736,4
18,feat_rot,534,19,1,0.053,0.308,4
18,feat_rot,534,20,1,0.385,0.64,4
18,feat_rot,534,21,2,0,0.374,4
18,feat_rot,534,22,1,0.301,0.721,4
18,feat_rot,534,23,1,0.073,0.638,4
18,feat_rot,534,24,1,0.227,0.811,4
18,feat_rot,535,1,1,0.506,0,5
18,feat_rot,535,2,2,0.598,0.089,5
18,feat_rot,535,3,1,0.663,0.168,5
18,feat_rot,535,4,2,0.752,0.251,5
18,feat_rot,535,5,2,0.426,0.082,5
18,feat_rot,535,6,2,0.352,0.165,5
18,feat_rot,535,7,1,0.418,0.244,5
18,feat_rot,535,8,1,0.59,0.418,5
18,feat_rot,535,9,2,0.736,0.588,5
18,feat_rot,535,10,2,0.247,0.24,5
18,feat_rot,535,11,1,0.334,0.343,5
18,feat_rot,535,12,2,0.486,0.506,5
18,feat_rot,535,13,1,0.569,0.576,5
18,feat_rot,535,14,1,0.503,0.649,5
18,feat_rot,535,15,1,0.663,0.834,5
18,feat_rot,535,16,2,0.099,0.396,5
18,feat_rot,535,17,1,0.254,0.575,5
18,feat_rot,535,18,2,0.349,0.639,5
18,feat_rot,535,19,1,0.417,0.755,5
18,feat_rot,535,20,2,0.504,0.815,5
18,feat_rot,535,21,2,0,0.497,5
18,feat_rot,535,22,1,0.175,0.65,5
18,feat_rot,535,23,1,0.346,0.836,5
18,feat_rot,535,24,2,0.511,0.985,5
18,feat_uni,536,1,2,0.168,0.354,1
18,feat_uni,536,2,2,0.751,0,1
18,feat_uni,536,3,2,0.252,0.073,1
18,feat_uni,536,4,1,0.535,0.362,1
18,feat_uni,536,5,2,0.459,0.028,1
18,feat_uni,536,6,1,0.129,0.133,1
18,feat_uni,536,7,1,0.192,0.555,1
18,feat_uni,536,8,2,0.282,0.163,1
18,feat_uni,536,9,1,0.511,0.591,1
18,feat_uni,536,10,1,0.149,0.633,1
18,feat_uni,536,11,2,0.725,0.601,1
18,feat_uni,536,12,1,0,0.453,1
18,feat_uni,536,13,2,0.34,0.052,1
18,feat_uni,536,14,1,0.082,0.027,1
18,feat_uni,536,15,1,0.052,0.485,1
18,feat_uni,536,16,2,0.345,0.639,1
18,feat_uni,536,17,1,0.388,0.171,1
18,feat_uni,536,18,2,0.651,0.184,1
18,feat_uni,536,19,1,0.668,0.276,1
18,feat_uni,536,20,2,0.666,0.452,1
18,feat_uni,536,21,2,0.287,0.026,1
18,feat_uni,536,22,1,0.035,0.157,1
18,feat_uni,536,23,1,0.112,0.236,1
18,feat_uni,536,24,2,0.062,0.307,1
18,feat_uni,537,1,2,0.292,0.593,2
18,feat_uni,537,2,1,0.156,0.287,2
18,feat_uni,537,3,1,0.218,0.632,2
18,feat_uni,537,4,1,0.382,0.443,2
18,feat_uni,537,5,2,0.192,0,2
18,feat_uni,537,6,1,0.388,0.34,2
18,feat_uni,537,7,2,0.136,0.021,2
18,feat_uni,537,8,1,0.256,0.182,2
18,feat_uni,537,9,1,0.273,0.247,2
18,feat_uni,537,10,2,0.639,0.39,2
18,feat_uni,537,11,2,0.169,0.503,2
18,feat_uni,537,12,2,0.481,0.365,2
18,feat_uni,537,13,1,0.322,0.098,2
18,feat_uni,537,14,2,0.671,0.553,2
18,feat_uni,537,15,1,0.402,0.73,2
18,feat_uni,537,16,2,0.334,0.04,2
18,feat_uni,537,17,2,0.476,0.304,2
18,feat_uni,537,18,2,0,0.268,2
18,feat_uni,537,19,1,0.55,0.734,2
18,feat_uni,537,20,2,0.114,0.085,2
18,feat_uni,537,21,1,0.564,0.238,2
18,feat_uni,537,22,1,0.442,0.678,2
18,feat_uni,537,23,2,0.074,0.711,2
18,feat_uni,537,24,1,0.267,0.117,2
18,feat_uni,538,1,2,0.05,0.402,3
18,feat_uni,538,2,1,0.316,0.118,3
18,feat_uni,538,3,1,0.441,0.697,3
18,feat_uni,538,4,1,0.196,0,3
18,feat_uni,538,5,2,0.609,0.427,3
18,feat_uni,538,6,2,0.579,0.265,3
18,feat_uni,538,7,1,0.654,0.145,3
18,feat_uni,538,8,2,0.261,0.387,3
18,feat_uni,538,9,2,0,0.549,3
18,feat_uni,538,10,2,0.194,0.369,3
18,feat_uni,538,11,1,0.456,0.434,3
18,feat_uni,538,12,2,0.141,0.618,3
18,feat_uni,538,13,1,0.086,0.708,3
18,feat_uni,538,14,1,0.352,0.339,3
18,feat_uni,538,15,1,0.037,0.007,3
18,feat_uni,538,16,2,0.15,0.206,3
18,feat_uni,538,17,2,0.33,0.175,3
18,feat_uni,538,18,1,0.545,0.162,3
18,feat_uni,538,19,2,0.006,0.228,3
18,feat_uni,538,20,2,0.205,0.565,3
18,feat_uni,538,21,2,0.255,0.723,3
18,feat_uni,538,22,1,0.097,0.44,3
18,feat_uni,538,23,1,0.439,0.162,3
18,feat_uni,538,24,1,0.375,0.678,3
18,feat_uni,539,1,2,0.284,0.021,4
18,feat_uni,539,2,2,0.281,0.655,4
18,feat_uni,539,3,2,0.271,0.139,4
18,feat_uni,539,4,1,0.214,0.121,4
18,feat_uni,539,5,1,0.498,0.629,4
18,feat_uni,539,6,2,0.118,0.596,4
18,feat_uni,539,7,2,0.443,0.652,4
18,feat_uni,539,8,1,0.09,0.51,4
18,feat_uni,539,9,1,0.487,0,4
18,feat_uni,539,10,2,0.383,0.661,4
18,feat_uni,539,11,1,0.317,0.333,4
18,feat_uni,539,12,2,0.523,0.562,4
18,feat_uni,539,13,1,0.305,0.739,4
18,feat_uni,539,14,1,0.399,0.299,4
18,feat_uni,539,15,1,0,0.682,4
18,feat_uni,539,16,2,0.1,0.652,4
18,feat_uni,539,17,2,0.526,0.295,4
18,feat_uni,539,18,1,0.089,0.137,4
18,feat_uni,539,19,1,0.086,0.711,4
18,feat_uni,539,20,2,0.135,0.221,4
18,feat_uni,539,21,1,0.022,0.442,4
18,feat_uni,539,22,2,0.281,0.081,4
18,feat_uni,539,23,2,0.416,0.182,4
18,feat_uni,539,24,1,0.153,0.344,4
18,feat_uni,540,1,1,0.116,0.113,5
18,feat_uni,540,2,2,0.015,0.166,5
18,feat_uni,540,3,2,0.477,0.597,5
18,feat_uni,540,4,1,0.454,0.181,5
18,feat_uni,540,5,1,0.734,0.627,5
18,feat_uni,540,6,1,0.219,0.083,5
18,feat_uni,540,7,1,0.256,0.488,5
18,feat_uni,540,8,2,0.606,0.443,5
18,feat_uni,540,9,1,0.618,0.502,5
18,feat_uni,540,10,2,0.187,0.268,5
18,feat_uni,540,11,1,0.051,0.667,5
18,feat_uni,540,12,2,0.306,0.589,5
18,feat_uni,540,13,2,0.152,0.397,5
18,feat_uni,540,14,1,0,0.74,5
18,feat_uni,540,15,1,0.256,0.036,5
18,feat_uni,540,16,1,0.456,0.433,5
18,feat_uni,540,17,2,0.633,0.344,5
18,feat_uni,540,18,2,0.627,0.05,5
18,feat_uni,540,19,1,0.053,0.119,5
18,feat_uni,540,20,2,0.718,0.175,5
18,feat_uni,540,21,2,0.742,0.12,5
18,feat_uni,540,22,1,0.482,0.728,5
18,feat_uni,540,23,2,0.393,0,5
18,feat_uni,540,24,2,0.117,0.445,5
19,conj_grid,541,1,2,0.221,0,1
19,conj_grid,541,2,2,0,0.118,1
19,conj_grid,541,3,1,0.09,0.108,1
19,conj_grid,541,4,1,0.233,0.104,1
19,conj_grid,541,5,2,0.573,0.116,1
19,conj_grid,541,6,1,0.674,0.107,1
19,conj_grid,541,7,2,0.57,0.238,1
19,conj_grid,541,8,1,0.011,0.342,1
19,conj_grid,541,9,1,0.111,0.344,1
19,conj_grid,541,10,2,0.338,0.334,1
19,conj_grid,541,11,2,0.563,0.337,1
19,conj_grid,541,12,1,0.343,0.438,1
19,conj_grid,541,13,1,0.461,0.442,1
19,conj_grid,541,14,1,0.659,0.437,1
19,conj_grid,541,15,1,0.01,0.582,1
19,conj_grid,541,16,2,0.474,0.579,1
19,conj_grid,541,17,2,0.677,0.566,1
19,conj_grid,541,18,2,0.003,0.683,1
19,conj_grid,541,19,1,0.105,0.688,1
19,conj_grid,541,20,2,0.236,0.664,1
19,conj_grid,541,21,1,0.326,0.678,1
19,conj_grid,541,22,2,0.441,0.679,1
19,conj_grid,541,23,1,0.563,0.683,1
19,conj_grid,541,24,2,0.673,0.693,1
19,conj_grid,542,1,1,0,0,2
19,conj_grid,542,2,1,0.14,0.03,2
19,conj_grid,542,3,1,0.357,0.001,2
19,conj_grid,542,4,2,0.62,0.031,2
19,conj_grid,542,5,2,0.03,0.131,2
19,conj_grid,542,6,2,0.367,0.145,2
19,conj_grid,542,7,2,0.621,0.125,2
19,conj_grid,542,8,1,0.506,0.251,2
19,conj_grid,542,9,2,0.607,0.25,2
19,conj_grid,542,10,1,0.155,0.36,2
19,conj_grid,542,11,1,0.462,0.369,2
19,conj_grid,542,12,1,0.597,0.368,2
19,conj_grid,542,13,2,0.715,0.363,2
19,conj_grid,542,14,1,0.226,0.48,2
19,conj_grid,542,15,1,0.503,0.484,2
19,conj_grid,542,16,1,0.598,0.479,2
19,conj_grid,542,17,2,0.271,0.596,2
19,conj_grid,542,18,2,0.594,0.595,2
19,conj_grid,542,19,2,0.712,0.6,2
19,conj_grid,542,20,2,0.03,0.735,2
19,conj_grid,542,21,2,0.142,0.727,2
19,conj_grid,542,22,2,0.25,0.7,2
19,conj_grid,542,23,1,0.472,0.707,2
19,conj_grid,542,24,1,0.736,0.711,2
19,conj_grid,543,1,1,0.359,0.01,3
19,conj_grid,543,2,1,0.698,0,3
19,conj_grid,543,3,1,0.016,0.115,3
19,conj_grid,543,4,1,0.236,0.106,3
19,conj_grid,543,5,1,0.476,0.116,3
19,conj_grid,543,6,1,0.565,0.116,3
19,conj_grid,543,7,2,0.688,0.103,3
19,conj_grid,543,8,2,0.353,0.214,3
19,conj_grid,543,9,1,0,0.368,3
19,conj_grid,543,10,1,0.123,0.349,3
19,conj_grid,543,11,2,0.361,0.34,3
19,conj_grid,543,12,2,0.486,0.328,3
19,conj_grid,543,13,1,0.693,0.345,3
19,conj_grid,543,14,2,0.126,0.459,3
19,conj_grid,543,15,2,0.328,0.464,3
19,conj_grid,543,16,1,0.705,0.437,3
19,conj_grid,543,17,1,0.002,0.566,3
19,conj_grid,543,18,2,0.24,0.553,3
19,conj_grid,543,19,2,0.472,0.58,3
19,conj_grid,543,20,2,0.239,0.702,3
19,conj_grid,543,21,2,0.341,0.692,3
19,conj_grid,543,22,2,0.477,0.679,3
19,conj_grid,543,23,2,0.601,0.685,3
19,conj_grid,543,24,1,0.715,0.678,3
19,conj_grid,544,1,1,0.125,0.003,4
19,conj_grid,544,2,1,0.465,0.01,4
19,conj_grid,544,3,1,0.586,0,4
19,conj_grid,544,4,2,0,0.141,4
19,conj_grid,544,5,2,0.123,0.113,4
19,conj_grid,544,6,2,0.349,0.125,4
19,conj_grid,544,7,1,0.475,0.13,4
19,conj_grid,544,8,1,0.038,0.23,4
19,conj_grid,544,9,1,0.243,0.244,4
19,conj_grid,544,10,1,0.356,0.227,4
19,conj_grid,544,11,1,0.463,0.235,4
19,conj_grid,544,12,2,0.702,0.242,4
19,conj_grid,544,13,2,0.135,0.352,4
19,conj_grid,544,14,2,0.247,0.355,4
19,conj_grid,544,15,2,0.473,0.351,4
19,conj_grid,544,16,2,0.687,0.342,4
19,conj_grid,544,17,2,0.241,0.464,4
19,conj_grid,544,18,1,0.365,0.477,4
19,conj_grid,544,19,2,0.59,0.478,4
19,conj_grid,544,20,2,0.695,0.468,4
19,conj_grid,544,21,1,0.599,0.581,4
19,conj_grid,544,22,2,0.716,0.583,4
19,conj_grid,544,23,1,0.146,0.694,4
19,conj_grid,544,24,1,0.357,0.678,4
19,conj_grid,545,1,2,0.24,0,5
19,conj_grid,545,2,1,0.479,0.005,5
19,conj_grid,545,3,1,0.019,0.105,5
19,conj_grid,545,4,2,0.121,0.122,5
19,conj_grid,545,5,1,0.249,0.12,5
19,conj_grid,545,6,2,0.36,0.138,5
19,conj_grid,545,7,1,0.584,0.112,5
19,conj_grid,545,8,2,0.016,0.235,5
19,conj_grid,545,9,1,0.242,0.234,5
19,conj_grid,545,10,1,0.47,0.23,5
19,conj_grid,545,11,1,0.702,0.213,5
19,conj_grid,545,12,2,0,0.359,5
19,conj_grid,545,13,2,0.704,0.349,5
19,conj_grid,545,14,2,0.018,0.437,5
19,conj_grid,545,15,2,0.445,0.467,5
19,conj_grid,545,16,2,0.685,0.47,5
19,conj_grid,545,17,2,0.252,0.572,5
19,conj_grid,545,18,1,0.352,0.591,5
19,conj_grid,545,19,1,0.603,0.596,5
19,conj_grid,545,20,1,0.716,0.59,5
19,conj_grid,545,21,1,0.266,0.693,5
19,conj_grid,545,22,2,0.47,0.699,5
19,conj_grid,545,23,2,0.571,0.666,5
19,conj_grid,545,24,1,0.691,0.682,5
19,conj_rot,546,1,1,0.511,0.019,1
19,conj_rot,546,2,2,0.922,0.428,1
19,conj_rot,546,3,1,0.336,0,1
19,conj_rot,546,4,1,0.505,0.169,1
19,conj_rot,546,5,2,0.593,0.249,1
19,conj_rot,546,6,1,0.354,0.177,1
19,conj_rot,546,7,1,0.426,0.286,1
19,conj_rot,546,8,1,0.502,0.323,1
19,conj_rot,546,9,2,0.599,0.438,1
19,conj_rot,546,10,1,0.684,0.493,1
19,conj_rot,546,11,1,0.183,0.164,1
19,conj_rot,546,12,2,0.27,0.267,1
19,conj_rot,546,13,2,0.357,0.319,1
19,conj_rot,546,14,1,0.425,0.401,1
19,conj_rot,546,15,1,0.502,0.492,1
19,conj_rot,546,16,2,0.605,0.591,1
19,conj_rot,546,17,2,0.676,0.663,1
19,conj_rot,546,18,2,0.348,0.497,1
19,conj_rot,546,19,2,0.501,0.666,1
19,conj_rot,546,20,2,0.515,0.819,1
19,conj_rot,546,21,1,0,0.508,1
19,conj_rot,546,22,2,0.1,0.598,1
19,conj_rot,546,23,2,0.318,0.808,1
19,conj_rot,546,24,1,0.414,0.91,1
19,conj_rot,547,1,1,0.409,0,2
19,conj_rot,547,2,2,0.484,0.083,2
19,conj_rot,547,3,1,0.731,0.338,2
19,conj_rot,547,4,1,0.813,0.414,2
19,conj_rot,547,5,2,0.877,0.518,2
19,conj_rot,547,6,1,0.494,0.256,2
19,conj_rot,547,7,2,0.626,0.431,2
19,conj_rot,547,8,1,0.222,0.171,2
19,conj_rot,547,9,1,0.328,0.256,2
19,conj_rot,547,10,2,0.404,0.356,2
19,conj_rot,547,11,1,0.49,0.422,2
19,conj_rot,547,12,2,0.562,0.494,2
19,conj_rot,547,13,1,0.641,0.576,2
19,conj_rot,547,14,1,0.738,0.655,2
19,conj_rot,547,15,2,0.396,0.493,2
19,conj_rot,547,16,2,0.083,0.326,2
19,conj_rot,547,17,1,0.241,0.486,2
19,conj_rot,547,18,2,0.004,0.416,2
19,conj_rot,547,19,2,0.09,0.491,2
19,conj_rot,547,20,1,0.158,0.573,2
19,conj_rot,547,21,2,0.407,0.813,2
19,conj_rot,547,22,2,0.488,0.893,2
19,conj_rot,547,23,1,0,0.561,2
19,conj_rot,547,24,2,0.234,0.83,2
19,conj_rot,548,1,2,0.393,0,3
19,conj_rot,548,2,1,0.812,0.414,3
19,conj_rot,548,3,2,0.878,0.481,3
19,conj_rot,548,4,2,0.337,0.072,3
19,conj_rot,548,5,1,0.667,0.395,3
19,conj_rot,548,6,2,0.733,0.492,3
19,conj_rot,548,7,1,0.406,0.34,3
19,conj_rot,548,8,1,0.414,0.493,3
19,conj_rot,548,9,2,0.554,0.63,3
19,conj_rot,548,10,1,0.094,0.333,3
19,conj_rot,548,11,1,0.177,0.412,3
19,conj_rot,548,12,2,0.253,0.478,3
19,conj_rot,548,13,1,0.417,0.666,3
19,conj_rot,548,14,1,0.473,0.728,3
19,conj_rot,548,15,2,0.578,0.81,3
19,conj_rot,548,16,1,0.304,0.731,3
19,conj_rot,548,17,2,0.405,0.79,3
19,conj_rot,548,18,2,0.486,0.901,3
19,conj_rot,548,19,2,0,0.573,3
19,conj_rot,548,20,1,0.09,0.655,3
19,conj_rot,548,21,1,0.18,0.716,3
19,conj_rot,548,22,2,0.226,0.802,3
19,conj_rot,548,23,2,0.32,0.895,3
19,conj_rot,548,24,1,0.371,0.987,3
19,conj_rot,549,1,2,0.558,0,4
19,conj_rot,549,2,1,0.645,0.117,4
19,conj_rot,549,3,1,0.736,0.2,4
19,conj_rot,549,4,2,0.792,0.254,4
19,conj_rot,549,5,1,0.952,0.423,4
19,conj_rot,549,6,2,0.563,0.181,4
19,conj_rot,549,7,2,0.803,0.429,4
19,conj_rot,549,8,2,0.881,0.518,4
19,conj_rot,549,9,1,0.334,0.098,4
19,conj_rot,549,10,1,0.388,0.156,4
19,conj_rot,549,11,2,0.233,0.204,4
19,conj_rot,549,12,1,0.375,0.338,4
19,conj_rot,549,13,2,0.491,0.417,4
19,conj_rot,549,14,1,0.557,0.508,4
19,conj_rot,549,15,1,0.733,0.662,4
19,conj_rot,549,16,2,0.141,0.262,4
19,conj_rot,549,17,2,0.25,0.335,4
19,conj_rot,549,18,1,0.482,0.597,4
19,conj_rot,549,19,2,0.647,0.753,4
19,conj_rot,549,20,1,0.149,0.416,4
19,conj_rot,549,21,2,0.405,0.659,4
19,conj_rot,549,22,1,0,0.405,4
19,conj_rot,549,23,2,0.067,0.485,4
19,conj_rot,549,24,1,0.39,0.832,4
19,conj_rot,550,1,2,0.354,0,5
19,conj_rot,550,2,2,0.423,0.097,5
19,conj_rot,550,3,1,0.575,0.261,5
19,conj_rot,550,4,2,0.826,0.499,5
19,conj_rot,550,5,2,0.25,0.089,5
19,conj_rot,550,6,2,0.414,0.276,5
19,conj_rot,550,7,2,0.673,0.514,5
19,conj_rot,550,8,1,0.579,0.588,5
19,conj_rot,550,9,2,0.085,0.27,5
19,conj_rot,550,10,1,0.194,0.352,5
19,conj_rot,550,11,1,0.565,0.759,5
19,conj_rot,550,12,2,0,0.355,5
19,conj_rot,550,13,2,0.099,0.428,5
19,conj_rot,550,14,1,0.181,0.508,5
19,conj_rot,550,15,1,0.26,0.6,5
19,conj_rot,550,16,2,0.422,0.751,5
19,conj_rot,550,17,1,0.511,0.831,5
19,conj_rot,550,18,2,0.094,0.594,5
19,conj_rot,550,19,1,0.177,0.659,5
19,conj_rot,550,20,1,0.256,0.748,5
19,conj_rot,550,21,1,0.32,0.815,5
19,conj_rot,550,22,1,0.016,0.663,5
19,conj_rot,550,23,2,0.109,0.742,5
19,conj_rot,550,24,1,0.355,0.993,5
19,conj_uni,551,1,1,0.291,0,1
19,conj_uni,551,2,2,0.442,0.09,1
19,conj_uni,551,3,1,0.75,0.155,1
19,conj_uni,551,4,1,0.113,0.328,1
19,conj_uni,551,5,1,0.739,0.295,1
19,conj_uni,551,6,1,0.718,0.497,1
19,conj_uni,551,7,1,0.424,0.007,1
19,conj_uni,551,8,1,0.514,0.2,1
19,conj_uni,551,9,2,0.317,0.65,1
19,conj_uni,551,10,1,0,0.71,1
19,conj_uni,551,11,2,0.094,0.171,1
19,conj_uni,551,12,2,0.158,0.289,1
19,conj_uni,551,13,2,0.16,0.143,1
19,conj_uni,551,14,2,0.597,0.302,1
19,conj_uni,551,15,1,0.592,0.498,1
19,conj_uni,551,16,1,0.319,0.389,1
19,conj_uni,551,17,2,0.289,0.112,1
19,conj_uni,551,18,2,0.079,0.278,1
19,conj_uni,551,19,2,0.054,0.734,1
19,conj_uni,551,20,1,0.27,0.055,1
19,conj_uni,551,21,2,0.125,0.079,1
19,conj_uni,551,22,2,0.601,0.132,1
19,conj_uni,551,23,1,0.02,0.062,1
19,conj_uni,551,24,2,0.125,0.24,1
19,conj_uni,552,1,2,0.434,0.04,2
19,conj_uni,552,2,2,0.494,0.164,2
19,conj_uni,552,3,2,0.143,0.526,2
19,conj_uni,552,4,1,0.441,0.298,2
19,conj_uni,552,5,1,0.627,0.61,2
19,conj_uni,552,6,1,0.302,0.457,2
19,conj_uni,552,7,1,0.083,0.373,2
19,conj_uni,552,8,2,0.462,0.695,2
19,conj_uni,552,9,1,0.734,0.429,2
19,conj_uni,552,10,2,0.345,0.223,2
19,conj_uni,552,11,1,0.681,0.219,2
19,conj_uni,552,12,1,0.239,0.512,2
19,conj_uni,552,13,2,0.601,0.682,2
19,conj_uni,552,14,1,0.683,0.592,2
19,conj_uni,552,15,2,0,0.581,2
19,conj_uni,552,16,2,0.291,0,2
19,conj_uni,552,17,2,0.269,0.407,2
19,conj_uni,552,18,2,0.407,0.25,2
19,conj_uni,552,19,1,0.407,0.349,2
19,conj_uni,552,20,1,0.323,0.512,2
19,conj_uni,552,21,2,0.233,0.168,2
19,conj_uni,552,22,2,0.325,0.641,2
19,conj_uni,552,23,1,0.375,0.082,2
19,conj_uni,552,24,1,0.662,0.537,2
19,conj_uni,553,1,1,0.342,0.209,3
19,conj_uni,553,2,2,0.445,0.236,3
19,conj_uni,553,3,1,0.012,0.046,3
19,conj_uni,553,4,1,0.009,0.277,3
19,conj_uni,553,5,2,0.304,0,3
19,conj_uni,553,6,2,0.365,0.098,3
19,conj_uni,553,7,2,0.304,0.276,3
19,conj_uni,553,8,1,0.405,0.281,3
19,conj_uni,553,9,1,0.451,0.498,3
19,conj_uni,553,10,2,0.033,0.584,3
19,conj_uni,553,11,2,0.032,0.525,3
19,conj_uni,553,12,2,0.476,0.396,3
19,conj_uni,553,13,1,0.205,0.503,3
19,conj_uni,553,14,1,0.529,0.249,3
19,conj_uni,553,15,1,0.179,0.625,3
19,conj_uni,553,16,2,0.088,0.487,3
19,conj_uni,553,17,2,0.185,0.244,3
19,conj_uni,553,18,1,0.21,0.066,3
19,conj_uni,553,19,2,0.348,0.041,3
19,conj_uni,553,20,1,0.685,0.6,3
19,conj_uni,553,21,1,0,0.104,3
19,conj_uni,553,22,1,0.564,0.172,3
19,conj_uni,553,23,2,0.269,0.536,3
19,conj_uni,553,24,2,0.419,0.697,3
19,conj_uni,554,1,2,0.099,0.726,4
19,conj_uni,554,2,1,0.712,0.596,4
19,conj_uni,554,3,2,0.385,0.598,4
19,conj_uni,554,4,1,0.684,0.688,4
19,conj_uni,554,5,1,0.039,0.539,4
19,conj_uni,554,6,2,0.276,0.262,4
19,conj_uni,554,7,2,0.305,0.487,4
19,conj_uni,554,8,1,0.046,0.391,4
19,conj_uni,554,9,1,0.166,0.337,4
19,conj_uni,554,10,1,0.572,0.367,4
19,conj_uni,554,11,2,0.637,0.258,4
19,conj_uni,554,12,2,0.099,0.026,4
19,conj_uni,554,13,1,0.41,0.124,4
19,conj_uni,554,14,2,0.293,0.102,4
19,conj_uni,554,15,2,0.128,0.382,4
19,conj_uni,554,16,1,0.447,0.673,4
19,conj_uni,554,17,1,0.556,0,4
19,conj_uni,554,18,1,0.727,0.305,4
19,conj_uni,554,19,2,0.194,0.674,4
19,conj_uni,554,20,2,0.77,0.584,4
19,conj_uni,554,21,2,0.508,0.137,4
19,conj_uni,554,22,2,0,0.428,4
19,conj_uni,554,23,1,0.217,0.257,4
19,conj_uni,554,24,1,0.373,0.219,4
19,conj_uni,555,1,1,0.167,0,5
19,conj_uni,555,2,2,0,0.4,5
19,conj_uni,555,3,2,0.719,0.097,5
19,conj_uni,555,4,1,0.333,0.349,5
19,conj_uni,555,5,1,0.056,0.472,5
19,conj_uni,555,6,1,0.289,0.644,5
19,conj_uni,555,7,1,0.371,0.299,5
19,conj_uni,555,8,2,0.379,0.239,5
19,conj_uni,555,9,2,0.155,0.37,5
19,conj_uni,555,10,2,0.128,0.065,5
19,conj_uni,555,11,1,0.345,0.521,5
19,conj_uni,555,12,2,0.132,0.285,5
19,conj_uni,555,13,1,0.681,0.48,5
19,conj_uni,555,14,1,0.401,0.497,5
19,conj_uni,555,15,2,0.496,0.368,5
19,conj_uni,555,16,1,0.216,0.369,5
19,conj_uni,555,17,1,0.646,0.194,5
19,conj_uni,555,18,2,0.187,0.058,5
19,conj_uni,555,19,1,0.191,0.187,5
19,conj_uni,555,20,2,0.052,0.227,5
19,conj_uni,555,21,2,0.721,0.727,5
19,conj_uni,555,22,2,0.251,0.487,5
19,conj_uni,555,23,1,0.694,0.612,5
19,conj_uni,555,24,2,0.385,0.394,5
19,feat_grid,556,1,2,0.367,0,1
19,feat_grid,556,2,1,0.478,0,1
19,feat_grid,556,3,2,0.696,0.001,1
19,feat_grid,556,4,2,0,0.113,1
19,feat_grid,556,5,2,0.359,0.106,1
19,feat_grid,556,6,1,0.494,0.104,1
19,feat_grid,556,7,1,0.129,0.218,1
19,feat_grid,556,8,2,0.363,0.226,1
19,feat_grid,556,9,2,0.455,0.196,1
19,feat_grid,556,10,1,0.579,0.203,1
19,feat_grid,556,11,2,0.707,0.232,1
19,feat_grid,556,12,2,0.139,0.339,1
19,feat_grid,556,13,2,0.69,0.319,1
19,feat_grid,556,14,2,0.012,0.438,1
19,feat_grid,556,15,1,0.588,0.458,1
19,feat_grid,556,16,2,0.22,0.548,1
19,feat_grid,556,17,2,0.573,0.559,1
19,feat_grid,556,18,1,0.69,0.575,1
19,feat_grid,556,19,1,0.003,0.671,1
19,feat_grid,556,20,1,0.247,0.671,1
19,feat_grid,556,21,1,0.344,0.674,1
19,feat_grid,556,22,1,0.469,0.688,1
19,feat_grid,556,23,1,0.604,0.666,1
19,feat_grid,556,24,1,0.693,0.661,1
19,feat_grid,557,1,1,0,0.011,2
19,feat_grid,557,2,1,0.133,0,2
19,feat_grid,557,3,2,0.699,0,2
19,feat_grid,557,4,2,0.004,0.114,2
19,feat_grid,557,5,1,0.131,0.106,2
19,feat_grid,557,6,1,0.675,0.105,2
19,feat_grid,557,7,2,0.017,0.211,2
19,feat_grid,557,8,1,0.459,0.206,2
19,feat_grid,557,9,1,0.114,0.35,2
19,feat_grid,557,10,2,0.219,0.339,2
19,feat_grid,557,11,2,0.487,0.352,2
19,feat_grid,557,12,1,0.593,0.348,2
19,feat_grid,557,13,2,0.682,0.34,2
19,feat_grid,557,14,1,0.01,0.481,2
19,feat_grid,557,15,1,0.342,0.462,2
19,feat_grid,557,16,2,0.465,0.46,2
19,feat_grid,557,17,2,0.581,0.473,2
19,feat_grid,557,18,1,0.235,0.564,2
19,feat_grid,557,19,1,0.467,0.578,2
19,feat_grid,557,20,2,0.592,0.569,2
19,feat_grid,557,21,2,0.022,0.676,2
19,feat_grid,557,22,2,0.335,0.675,2
19,feat_grid,557,23,1,0.474,0.692,2
19,feat_grid,557,24,2,0.581,0.684,2
19,feat_grid,558,1,2,0.123,0.007,3
19,feat_grid,558,2,1,0.222,0.01,3
19,feat_grid,558,3,1,0.495,0,3
19,feat_grid,558,4,2,0.003,0.102,3
19,feat_grid,558,5,2,0.113,0.131,3
19,feat_grid,558,6,2,0.344,0.115,3
19,feat_grid,558,7,2,0.468,0.125,3
19,feat_grid,558,8,2,0.57,0.134,3
19,feat_grid,558,9,2,0.675,0.101,3
19,feat_grid,558,10,1,0.136,0.218,3
19,feat_grid,558,11,2,0.698,0.232,3
19,feat_grid,558,12,1,0.108,0.374,3
19,feat_grid,558,13,2,0.238,0.341,3
19,feat_grid,558,14,1,0.33,0.35,3
19,feat_grid,558,15,1,0.694,0.339,3
19,feat_grid,558,16,1,0.219,0.459,3
19,feat_grid,558,17,1,0.469,0.442,3
19,feat_grid,558,18,1,0.705,0.441,3
19,feat_grid,558,19,1,0.017,0.565,3
19,feat_grid,558,20,2,0.227,0.575,3
19,feat_grid,558,21,2,0.47,0.571,3
19,feat_grid,558,22,1,0.671,0.558,3
19,feat_grid,558,23,2,0,0.695,3
19,feat_grid,558,24,1,0.104,0.701,3
19,feat_grid,559,1,2,0.018,0.016,4
19,feat_grid,559,2,1,0.357,0.017,4
19,feat_grid,559,3,1,0.463,0,4
19,feat_grid,559,4,2,0.588,0,4
19,feat_grid,559,5,1,0.474,0.136,4
19,feat_grid,559,6,2,0.244,0.216,4
19,feat_grid,559,7,2,0.482,0.238,4
19,feat_grid,559,8,2,0.707,0.25,4
19,feat_grid,559,9,1,0.009,0.355,4
19,feat_grid,559,10,1,0.253,0.353,4
19,feat_grid,559,11,1,0.467,0.344,4
19,feat_grid,559,12,1,0.582,0.365,4
19,feat_grid,559,13,2,0.257,0.46,4
19,feat_grid,559,14,2,0.591,0.472,4
19,feat_grid,559,15,2,0.716,0.471,4
19,feat_grid,559,16,1,0.017,0.579,4
19,feat_grid,559,17,1,0.134,0.589,4
19,feat_grid,559,18,1,0.256,0.576,4
19,feat_grid,559,19,2,0.362,0.569,4
19,feat_grid,559,20,2,0.612,0.601,4
19,feat_grid,559,21,1,0,0.701,4
19,feat_grid,559,22,2,0.257,0.712,4
19,feat_grid,559,23,2,0.366,0.697,4
19,feat_grid,559,24,1,0.608,0.697,4
19,feat_grid,560,1,2,0.134,0,5
19,feat_grid,560,2,1,0.244,0.111,5
19,feat_grid,560,3,2,0.462,0.138,5
19,feat_grid,560,4,2,0.69,0.105,5
19,feat_grid,560,5,1,0.12,0.216,5
19,feat_grid,560,6,2,0.238,0.22,5
19,feat_grid,560,7,1,0.371,0.209,5
19,feat_grid,560,8,2,0.581,0.214,5
19,feat_grid,560,9,2,0.689,0.203,5
19,feat_grid,560,10,1,0.109,0.356,5
19,feat_grid,560,11,2,0.235,0.34,5
19,feat_grid,560,12,1,0.469,0.34,5
19,feat_grid,560,13,1,0.583,0.357,5
19,feat_grid,560,14,1,0.133,0.441,5
19,feat_grid,560,15,2,0.232,0.473,5
19,feat_grid,560,16,1,0.367,0.463,5
19,feat_grid,560,17,2,0.125,0.591,5
19,feat_grid,560,18,1,0.26,0.569,5
19,feat_grid,560,19,1,0.378,0.584,5
19,feat_grid,560,20,2,0,0.69,5
19,feat_grid,560,21,1,0.226,0.695,5
19,feat_grid,560,22,2,0.359,0.693,5
19,feat_grid,560,23,1,0.469,0.69,5
19,feat_grid,560,24,2,0.58,0.682,5
19,feat_rot,561,1,2,0.403,0,1
19,feat_rot,561,2,2,0.496,0.078,1
19,feat_rot,561,3,2,0.56,0.142,1
19,feat_rot,561,4,1,0.646,0.261,1
19,feat_rot,561,5,2,0.734,0.326,1
19,feat_rot,561,6,2,0.875,0.484,1
19,feat_rot,561,7,2,0.399,0.165,1
19,feat_rot,561,8,1,0.491,0.223,1
19,feat_rot,561,9,1,0.641,0.406,1
19,feat_rot,561,10,2,0.479,0.404,1
19,feat_rot,561,11,2,0.552,0.497,1
19,feat_rot,561,12,1,0.158,0.24,1
19,feat_rot,561,13,2,0.244,0.312,1
19,feat_rot,561,14,1,0.55,0.642,1
19,feat_rot,561,15,1,0.408,0.655,1
19,feat_rot,561,16,2,0.56,0.82,1
19,feat_rot,561,17,1,0,0.402,1
19,feat_rot,561,18,1,0.071,0.49,1
19,feat_rot,561,19,1,0.166,0.567,1
19,feat_rot,561,20,2,0.23,0.629,1
19,feat_rot,561,21,1,0.321,0.723,1
19,feat_rot,561,22,1,0.385,0.826,1
19,feat_rot,561,23,2,0.158,0.769,1
19,feat_rot,561,24,1,0.392,0.969,1
19,feat_rot,562,1,2,0.555,0,2
19,feat_rot,562,2,1,0.705,0.162,2
19,feat_rot,562,3,2,0.979,0.406,2
19,feat_rot,562,4,2,0.562,0.154,2
19,feat_rot,562,5,2,0.645,0.248,2
19,feat_rot,562,6,1,0.811,0.397,2
19,feat_rot,562,7,1,0.891,0.478,2
19,feat_rot,562,8,2,0.391,0.152,2
19,feat_rot,562,9,2,0.495,0.231,2
19,feat_rot,562,10,2,0.319,0.266,2
19,feat_rot,562,11,1,0.399,0.327,2
19,feat_rot,562,12,1,0.569,0.477,2
19,feat_rot,562,13,2,0.747,0.642,2
19,feat_rot,562,14,2,0.157,0.24,2
19,feat_rot,562,15,2,0.237,0.309,2
19,feat_rot,562,16,1,0.396,0.487,2
19,feat_rot,562,17,1,0.477,0.564,2
19,feat_rot,562,18,1,0.071,0.329,2
19,feat_rot,562,19,2,0.167,0.404,2
19,feat_rot,562,20,1,0.254,0.479,2
19,feat_rot,562,21,1,0.329,0.574,2
19,feat_rot,562,22,1,0,0.407,2
19,feat_rot,562,23,1,0.072,0.494,2
19,feat_rot,562,24,2,0.245,0.663,2
19,feat_rot,563,1,1,0.49,0,3
19,feat_rot,563,2,2,0.885,0.408,3
19,feat_rot,563,3,1,0.477,0.176,3
19,feat_rot,563,4,2,0.566,0.244,3
19,feat_rot,563,5,2,0.644,0.348,3
19,feat_rot,563,6,1,0.722,0.387,3
19,feat_rot,563,7,2,0.895,0.599,3
19,feat_rot,563,8,2,0.328,0.175,3
19,feat_rot,563,9,1,0.491,0.322,3
19,feat_rot,563,10,1,0.326,0.333,3
19,feat_rot,563,11,1,0.482,0.501,3
19,feat_rot,563,12,1,0.142,0.357,3
19,feat_rot,563,13,1,0.32,0.494,3
19,feat_rot,563,14,2,0.661,0.821,3
19,feat_rot,563,15,1,0.08,0.435,3
19,feat_rot,563,16,2,0.159,0.505,3
19,feat_rot,563,17,1,0.319,0.671,3
19,feat_rot,563,18,1,0.41,0.75,3
19,feat_rot,563,19,2,0.548,0.929,3
19,feat_rot,563,20,1,0,0.508,3
19,feat_rot,563,21,2,0.085,0.562,3
19,feat_rot,563,22,2,0.152,0.655,3
19,feat_rot,563,23,2,0.316,0.828,3
19,feat_rot,563,24,2,0.491,0.993,3
19,feat_rot,564,1,2,0.4,0,4
19,feat_rot,564,2,2,0.574,0.159,4
19,feat_rot,564,3,2,0.801,0.396,4
19,feat_rot,564,4,1,0.559,0.307,4
19,feat_rot,564,5,1,0.647,0.407,4
19,feat_rot,564,6,1,0.816,0.558,4
19,feat_rot,564,7,2,0.235,0.156,4
19,feat_rot,564,8,1,0.328,0.232,4
19,feat_rot,564,9,1,0.493,0.399,4
19,feat_rot,564,10,2,0.582,0.476,4
19,feat_rot,564,11,2,0.644,0.518,4
19,feat_rot,564,12,1,0.713,0.629,4
19,feat_rot,564,13,1,0.165,0.244,4
19,feat_rot,564,14,2,0.405,0.487,4
19,feat_rot,564,15,1,0.57,0.622,4
19,feat_rot,564,16,2,0.667,0.705,4
19,feat_rot,564,17,1,0.3,0.545,4
19,feat_rot,564,18,2,0.408,0.622,4
19,feat_rot,564,19,2,0.073,0.47,4
19,feat_rot,564,20,1,0.156,0.556,4
19,feat_rot,564,21,1,0.242,0.658,4
19,feat_rot,564,22,1,0.498,0.891,4
19,feat_rot,564,23,2,0,0.558,4
19,feat_rot,564,24,2,0.328,0.892,4
19,feat_rot,565,1,2,0.477,0.003,5
19,feat_rot,565,2,2,0.66,0.155,5
19,feat_rot,565,3,1,0.738,0.26,5
19,feat_rot,565,4,2,0.82,0.344,5
19,feat_rot,565,5,1,0.326,0,5
19,feat_rot,565,6,2,0.492,0.171,5
19,feat_rot,565,7,2,0.578,0.241,5
19,feat_rot,565,8,1,0.338,0.17,5
19,feat_rot,565,9,2,0.488,0.341,5
19,feat_rot,565,10,1,0.649,0.473,5
19,feat_rot,565,11,2,0.349,0.328,5
19,feat_rot,565,12,1,0.408,0.424,5
19,feat_rot,565,13,2,0.092,0.274,5
19,feat_rot,565,14,2,0.354,0.491,5
19,feat_rot,565,15,2,0.42,0.562,5
19,feat_rot,565,16,1,0,0.317,5
19,feat_rot,565,17,1,0.081,0.413,5
19,feat_rot,565,18,1,0.187,0.476,5
19,feat_rot,565,19,2,0.249,0.575,5
19,feat_rot,565,20,2,0.353,0.64,5
19,feat_rot,565,21,1,0.523,0.797,5
19,feat_rot,565,22,1,0.091,0.571,5
19,feat_rot,565,23,1,0.183,0.662,5
19,feat_rot,565,24,1,0.319,0.823,5
19,feat_uni,566,1,1,0.067,0.578,1
19,feat_uni,566,2,1,0,0.018,1
19,feat_uni,566,3,2,0.564,0.181,1
19,feat_uni,566,4,2,0.054,0.173,1
19,feat_uni,566,5,2,0.165,0.09,1
19,feat_uni,566,6,1,0.447,0.013,1
19,feat_uni,566,7,2,0.56,0,1
19,feat_uni,566,8,1,0.069,0.678,1
19,feat_uni,566,9,1,0.557,0.391,1
19,feat_uni,566,10,1,0.321,0.453,1
19,feat_uni,566,11,2,0.447,0.107,1
19,feat_uni,566,12,2,0.269,0.203,1
19,feat_uni,566,13,2,0.586,0.338,1
19,feat_uni,566,14,2,0.527,0.299,1
19,feat_uni,566,15,1,0.172,0.587,1
19,feat_uni,566,16,2,0.367,0.513,1
19,feat_uni,566,17,2,0.643,0.202,1
19,feat_uni,566,18,2,0.19,0.53,1
19,feat_uni,566,19,1,0.289,0.6,1
19,feat_uni,566,20,1,0.471,0.412,1
19,feat_uni,566,21,2,0.506,0.024,1
19,feat_uni,566,22,1,0.552,0.097,1
19,feat_uni,566,23,1,0.6,0.064,1
19,feat_uni,566,24,1,0.468,0.538,1
19,feat_uni,567,1,1,0.327,0.507,2
19,feat_uni,567,2,1,0.131,0.111,2
19,feat_uni,567,3,2,0.642,0.199,2
19,feat_uni,567,4,1,0,0.061,2
19,feat_uni,567,5,1,0.334,0.218,2
19,feat_uni,567,6,2,0.324,0.4,2
19,feat_uni,567,7,1,0.76,0.359,2
19,feat_uni,567,8,2,0.684,0.592,2
19,feat_uni,567,9,2,0.255,0.02,2
19,feat_uni,567,10,2,0.526,0.264,2
19,feat_uni,567,11,2,0.181,0.079,2
19,feat_uni,567,12,1,0.738,0.017,2
19,feat_uni,567,13,2,0.586,0.255,2
19,feat_uni,567,14,1,0.151,0.587,2
19,feat_uni,567,15,2,0.362,0.609,2
19,feat_uni,567,16,1,0.569,0,2
19,feat_uni,567,17,1,0.131,0.27,2
19,feat_uni,567,18,2,0.645,0.547,2
19,feat_uni,567,19,1,0.103,0.164,2
19,feat_uni,567,20,2,0.545,0.38,2
19,feat_uni,567,21,1,0.501,0.092,2
19,feat_uni,567,22,1,0.407,0.76,2
19,feat_uni,567,23,2,0.641,0.125,2
19,feat_uni,567,24,2,0.575,0.661,2
19,feat_uni,568,1,2,0.635,0.112,3
19,feat_uni,568,2,2,0,0.066,3
19,feat_uni,568,3,1,0.411,0.15,3
19,feat_uni,568,4,1,0.031,0.59,3
19,feat_uni,568,5,1,0.592,0.194,3
19,feat_uni,568,6,1,0.75,0.714,3
19,feat_uni,568,7,2,0.091,0.475,3
19,feat_uni,568,8,1,0.423,0.007,3
19,feat_uni,568,9,1,0.168,0,3
19,feat_uni,568,10,2,0.515,0.433,3
19,feat_uni,568,11,1,0.31,0.508,3
19,feat_uni,568,12,1,0.244,0.658,3
19,feat_uni,568,13,2,0.695,0.498,3
19,feat_uni,568,14,1,0.438,0.651,3
19,feat_uni,568,15,2,0.062,0.114,3
19,feat_uni,568,16,2,0.337,0.587,3
19,feat_uni,568,17,1,0.015,0.151,3
19,feat_uni,568,18,2,0.224,0.12,3
19,feat_uni,568,19,1,0.299,0.632,3
19,feat_uni,568,20,2,0.35,0.461,3
19,feat_uni,568,21,2,0.589,0.685,3
19,feat_uni,568,22,2,0.512,0.374,3
19,feat_uni,568,23,1,0.673,0.305,3
19,feat_uni,568,24,2,0.709,0.083,3
19,feat_uni,569,1,1,0.112,0.04,4
19,feat_uni,569,2,2,0.213,0.336,4
19,feat_uni,569,3,1,0.051,0,4
19,feat_uni,569,4,1,0.336,0.033,4
19,feat_uni,569,5,2,0.283,0.336,4
19,feat_uni,569,6,2,0.474,0.232,4
19,feat_uni,569,7,1,0.36,0.577,4
19,feat_uni,569,8,1,0.514,0.181,4
19,feat_uni,569,9,2,0.705,0.491,4
19,feat_uni,569,10,1,0.289,0.512,4
19,feat_uni,569,11,1,0.058,0.118,4
19,feat_uni,569,12,1,0,0.036,4
19,feat_uni,569,13,1,0.413,0.453,4
19,feat_uni,569,14,1,0.079,0.447,4
19,feat_uni,569,15,2,0.004,0.763,4
19,feat_uni,569,16,2,0.281,0.236,4
19,feat_uni,569,17,1,0.104,0.728,4
19,feat_uni,569,18,2,0.547,0.232,4
19,feat_uni,569,19,2,0.654,0.02,4
19,feat_uni,569,20,2,0.612,0.578,4
19,feat_uni,569,21,1,0.745,0.029,4
19,feat_uni,569,22,2,0.084,0.278,4
19,feat_uni,569,23,2,0.154,0.156,4
19,feat_uni,569,24,2,0.249,0.287,4
19,feat_uni,570,1,1,0.028,0,5
19,feat_uni,570,2,2,0.19,0.218,5
19,feat_uni,570,3,2,0.031,0.233,5
19,feat_uni,570,4,2,0.168,0.13,5
19,feat_uni,570,5,1,0.341,0.183,5
19,feat_uni,570,6,1,0.512,0.588,5
19,feat_uni,570,7,1,0.385,0.634,5
19,feat_uni,570,8,1,0.681,0.257,5
19,feat_uni,570,9,2,0.57,0.179,5
19,feat_uni,570,10,2,0.403,0.265,5
19,feat_uni,570,11,2,0.378,0.37,5
19,feat_uni,570,12,2,0.448,0.101,5
19,feat_uni,570,13,2,0.1,0.227,5
19,feat_uni,570,14,2,0.638,0.588,5
19,feat_uni,570,15,1,0.457,0.224,5
19,feat_uni,570,16,2,0.34,0.593,5
19,feat_uni,570,17,1,0,0.053,5
19,feat_uni,570,18,1,0.21,0.345,5
19,feat_uni,570,19,2,0.225,0.575,5
19,feat_uni,570,20,1,0.475,0.011,5
19,feat_uni,570,21,1,0.428,0.683,5
19,feat_uni,570,22,2,0.317,0.024,5
19,feat_uni,570,23,1,0.115,0.346,5
19,feat_uni,570,24,1,0.304,0.402,5
20,conj_grid,571,1,1,0.004,0,1
20,conj_grid,571,2,2,0.104,0.013,1
20,conj_grid,571,3,1,0.142,0.134,1
20,conj_grid,571,4,1,0.379,0.117,1
20,conj_grid,571,5,1,0.011,0.236,1
20,conj_grid,571,6,2,0.108,0.255,1
20,conj_grid,571,7,2,0.582,0.232,1
20,conj_grid,571,8,2,0,0.368,1
20,conj_grid,571,9,2,0.136,0.367,1
20,conj_grid,571,10,1,0.382,0.357,1
20,conj_grid,571,11,1,0.7,0.353,1
20,conj_grid,571,12,2,0.124,0.477,1
20,conj_grid,571,13,1,0.255,0.475,1
20,conj_grid,571,14,2,0.482,0.499,1
20,conj_grid,571,15,2,0.589,0.469,1
20,conj_grid,571,16,2,0.714,0.476,1
20,conj_grid,571,17,2,0.146,0.583,1
20,conj_grid,571,18,2,0.353,0.597,1
20,conj_grid,571,19,1,0.486,0.599,1
20,conj_grid,571,20,2,0.695,0.597,1
20,conj_grid,571,21,1,0.015,0.699,1
20,conj_grid,571,22,1,0.128,0.699,1
20,conj_grid,571,23,1,0.24,0.702,1
20,conj_grid,571,24,1,0.475,0.73,1
20,conj_grid,572,1,2,0.712,0,2
20,conj_grid,572,2,1,0.481,0.09,2
20,conj_grid,572,3,1,0.573,0.097,2
20,conj_grid,572,4,1,0,0.221,2
20,conj_grid,572,5,1,0.148,0.238,2
20,conj_grid,572,6,2,0.252,0.22,2
20,conj_grid,572,7,1,0.486,0.216,2
20,conj_grid,572,8,1,0.713,0.225,2
20,conj_grid,572,9,1,0.122,0.346,2
20,conj_grid,572,10,2,0.247,0.358,2
20,conj_grid,572,11,2,0.361,0.324,2
20,conj_grid,572,12,2,0.454,0.354,2
20,conj_grid,572,13,2,0.137,0.442,2
20,conj_grid,572,14,1,0.253,0.453,2
20,conj_grid,572,15,2,0.358,0.427,2
20,conj_grid,572,16,2,0.603,0.448,2
20,conj_grid,572,17,1,0.01,0.547,2
20,conj_grid,572,18,2,0.122,0.569,2
20,conj_grid,572,19,1,0.254,0.572,2
20,conj_grid,572,20,2,0.476,0.57,2
20,conj_grid,572,21,1,0.586,0.561,2
20,conj_grid,572,22,2,0.121,0.664,2
20,conj_grid,572,23,1,0.241,0.679,2
20,conj_grid,572,24,2,0.368,0.691,2
20,conj_grid,573,1,1,0.016,0,3
20,conj_grid,573,2,1,0.678,0.004,3
20,conj_grid,573,3,2,0.013,0.111,3
20,conj_grid,573,4,1,0.337,0.109,3
20,conj_grid,573,5,1,0.469,0.133,3
20,conj_grid,573,6,2,0.699,0.133,3
20,conj_grid,573,7,2,0.235,0.226,3
20,conj_grid,573,8,1,0.348,0.216,3
20,conj_grid,573,9,1,0.468,0.23,3
20,conj_grid,573,10,2,0.231,0.357,3
20,conj_grid,573,11,1,0.45,0.344,3
20,conj_grid,573,12,1,0.574,0.349,3
20,conj_grid,573,13,1,0,0.469,3
20,conj_grid,573,14,2,0.23,0.468,3
20,conj_grid,573,15,2,0.342,0.46,3
20,conj_grid,573,16,1,0.006,0.555,3
20,conj_grid,573,17,2,0.224,0.573,3
20,conj_grid,573,18,2,0.35,0.57,3
20,conj_grid,573,19,2,0.455,0.577,3
20,conj_grid,573,20,1,0.721,0.587,3
20,conj_grid,573,21,2,0.013,0.682,3
20,conj_grid,573,22,1,0.234,0.685,3
20,conj_grid,573,23,2,0.34,0.692,3
20,conj_grid,573,24,2,0.596,0.698,3
20,conj_grid,574,1,2,0.342,0.007,4
20,conj_grid,574,2,1,0.582,0,4
20,conj_grid,574,3,1,0.715,0.002,4
20,conj_grid,574,4,2,0.107,0.123,4
20,conj_grid,574,5,1,0.462,0.09,4
20,conj_grid,574,6,2,0.573,0.124,4
20,conj_grid,574,7,2,0.337,0.232,4
20,conj_grid,574,8,2,0.592,0.219,4
20,conj_grid,574,9,1,0.124,0.344,4
20,conj_grid,574,10,1,0.33,0.351,4
20,conj_grid,574,11,1,0.583,0.362,4
20,conj_grid,574,12,1,0,0.464,4
20,conj_grid,574,13,2,0.249,0.446,4
20,conj_grid,574,14,1,0.452,0.459,4
20,conj_grid,574,15,1,0.7,0.462,4
20,conj_grid,574,16,1,0.019,0.578,4
20,conj_grid,574,17,1,0.266,0.569,4
20,conj_grid,574,18,2,0.456,0.558,4
20,conj_grid,574,19,2,0.704,0.575,4
20,conj_grid,574,20,2,0.015,0.693,4
20,conj_grid,574,21,2,0.355,0.697,4
20,conj_grid,574,22,1,0.456,0.663,4
20,conj_grid,574,23,2,0.594,0.709,4
20,conj_grid,574,24,2,0.707,0.696,4
20,conj_grid,575,1,1,0.028,0.028,5
20,conj_grid,575,2,1,0.15,0.018,5
20,conj_grid,575,3,2,0.248,0,5
20,conj_grid,575,4,1,0.6,0.016,5
20,conj_grid,575,5,1,0.159,0.119,5
20,conj_grid,575,6,1,0.242,0.119,5
20,conj_grid,575,7,1,0.485,0.123,5
20,conj_grid,575,8,1,0.588,0.115,5
20,conj_grid,575,9,2,0.712,0.13,5
20,conj_grid,575,10,1,0.135,0.252,5
20,conj_grid,575,11,2,0.267,0.256,5
20,conj_grid,575,12,2,0.027,0.36,5
20,conj_grid,575,13,1,0.26,0.357,5
20,conj_grid,575,14,2,0.502,0.341,5
20,conj_grid,575,15,1,0.035,0.486,5
20,conj_grid,575,16,2,0.712,0.457,5
20,conj_grid,575,17,2,0,0.569,5
20,conj_grid,575,18,1,0.155,0.573,5
20,conj_grid,575,19,2,0.383,0.573,5
20,conj_grid,575,20,2,0.604,0.593,5
20,conj_grid,575,21,1,0.023,0.69,5
20,conj_grid,575,22,2,0.159,0.683,5
20,conj_grid,575,23,2,0.262,0.695,5
20,conj_grid,575,24,2,0.489,0.71,5
20,conj_rot,576,1,1,0.329,0,1
20,conj_rot,576,2,2,0.418,0.087,1
20,conj_rot,576,3,2,0.494,0.166,1
20,conj_rot,576,4,1,0.358,0.162,1
20,conj_rot,576,5,1,0.492,0.325,1
20,conj_rot,576,6,1,0.652,0.468,1
20,conj_rot,576,7,2,0.729,0.588,1
20,conj_rot,576,8,2,0.249,0.237,1
20,conj_rot,576,9,1,0.32,0.332,1
20,conj_rot,576,10,2,0.413,0.397,1
20,conj_rot,576,11,1,0.576,0.549,1
20,conj_rot,576,12,1,0.645,0.631,1
20,conj_rot,576,13,2,0.08,0.243,1
20,conj_rot,576,14,1,0.31,0.505,1
20,conj_rot,576,15,1,0.409,0.574,1
20,conj_rot,576,16,1,0.56,0.745,1
20,conj_rot,576,17,2,0,0.337,1
20,conj_rot,576,18,1,0.23,0.561,1
20,conj_rot,576,19,2,0.321,0.659,1
20,conj_rot,576,20,2,0.272,0.725,1
20,conj_rot,576,21,2,0.308,0.802,1
20,conj_rot,576,22,2,0.422,0.902,1
20,conj_rot,576,23,2,0.015,0.666,1
20,conj_rot,576,24,1,0.102,0.714,1
20,conj_rot,577,1,2,0.482,0,2
20,conj_rot,577,2,2,0.654,0.167,2
20,conj_rot,577,3,2,0.887,0.392,2
20,conj_rot,577,4,1,0.576,0.24,2
20,conj_rot,577,5,2,0.676,0.32,2
20,conj_rot,577,6,1,0.895,0.565,2
20,conj_rot,577,7,1,0.334,0.155,2
20,conj_rot,577,8,1,0.66,0.485,2
20,conj_rot,577,9,2,0.74,0.571,2
20,conj_rot,577,10,2,0.817,0.648,2
20,conj_rot,577,11,2,0.329,0.311,2
20,conj_rot,577,12,2,0.499,0.463,2
20,conj_rot,577,13,2,0.562,0.571,2
20,conj_rot,577,14,2,0.723,0.721,2
20,conj_rot,577,15,1,0.184,0.313,2
20,conj_rot,577,16,1,0.24,0.39,2
20,conj_rot,577,17,1,0.41,0.565,2
20,conj_rot,577,18,1,0.489,0.662,2
20,conj_rot,577,19,1,0.574,0.728,2
20,conj_rot,577,20,2,0.258,0.565,2
20,conj_rot,577,21,2,0.32,0.627,2
20,conj_rot,577,22,1,0,0.467,2
20,conj_rot,577,23,1,0.248,0.736,2
20,conj_rot,577,24,1,0.323,0.812,2
20,conj_rot,578,1,2,0.489,0,3
20,conj_rot,578,2,1,0.663,0.158,3
20,conj_rot,578,3,2,0.728,0.269,3
20,conj_rot,578,4,1,0.812,0.338,3
20,conj_rot,578,5,1,0.9,0.4,3
20,conj_rot,578,6,1,0.982,0.476,3
20,conj_rot,578,7,1,0.579,0.25,3
20,conj_rot,578,8,2,0.893,0.569,3
20,conj_rot,578,9,1,0.33,0.159,3
20,conj_rot,578,10,2,0.49,0.32,3
20,conj_rot,578,11,2,0.733,0.567,3
20,conj_rot,578,12,2,0.305,0.345,3
20,conj_rot,578,13,2,0.405,0.41,3
20,conj_rot,578,14,1,0.148,0.342,3
20,conj_rot,578,15,1,0.252,0.413,3
20,conj_rot,578,16,2,0.335,0.493,3
20,conj_rot,578,17,2,0.638,0.829,3
20,conj_rot,578,18,1,0.231,0.571,3
20,conj_rot,578,19,1,0.589,0.895,3
20,conj_rot,578,20,2,0,0.497,3
20,conj_rot,578,21,2,0.101,0.553,3
20,conj_rot,578,22,1,0.17,0.667,3
20,conj_rot,578,23,2,0.316,0.806,3
20,conj_rot,578,24,1,0.507,0.957,3
20,conj_rot,579,1,2,0.487,0,4
20,conj_rot,579,2,1,0.582,0.088,4
20,conj_rot,579,3,2,0.643,0.18,4
20,conj_rot,579,4,2,0.896,0.43,4
20,conj_rot,579,5,2,0.408,0.095,4
20,conj_rot,579,6,1,0.668,0.325,4
20,conj_rot,579,7,1,0.733,0.426,4
20,conj_rot,579,8,1,0.881,0.567,4
20,conj_rot,579,9,2,0.324,0.169,4
20,conj_rot,579,10,1,0.399,0.261,4
20,conj_rot,579,11,2,0.321,0.317,4
20,conj_rot,579,12,2,0.487,0.513,4
20,conj_rot,579,13,1,0.648,0.66,4
20,conj_rot,579,14,2,0.251,0.404,4
20,conj_rot,579,15,2,0.419,0.572,4
20,conj_rot,579,16,1,0.488,0.666,4
20,conj_rot,579,17,1,0.663,0.828,4
20,conj_rot,579,18,1,0.253,0.574,4
20,conj_rot,579,19,1,0.425,0.749,4
20,conj_rot,579,20,2,0.561,0.916,4
20,conj_rot,579,21,2,0,0.515,4
20,conj_rot,579,22,1,0.257,0.745,4
20,conj_rot,579,23,1,0.399,0.909,4
20,conj_rot,579,24,2,0.477,0.986,4
20,conj_rot,580,1,1,0.48,0,5
20,conj_rot,580,2,2,0.549,0.054,5
20,conj_rot,580,3,2,0.649,0.145,5
20,conj_rot,580,4,2,0.396,0.067,5
20,conj_rot,580,5,1,0.458,0.15,5
20,conj_rot,580,6,1,0.562,0.233,5
20,conj_rot,580,7,1,0.804,0.467,5
20,conj_rot,580,8,1,0.909,0.554,5
20,conj_rot,580,9,2,0.384,0.239,5
20,conj_rot,580,10,2,0.316,0.304,5
20,conj_rot,580,11,2,0.407,0.39,5
20,conj_rot,580,12,2,0.572,0.558,5
20,conj_rot,580,13,1,0.643,0.646,5
20,conj_rot,580,14,2,0.735,0.727,5
20,conj_rot,580,15,1,0.147,0.294,5
20,conj_rot,580,16,2,0.336,0.467,5
20,conj_rot,580,17,1,0.245,0.561,5
20,conj_rot,580,18,1,0.315,0.635,5
20,conj_rot,580,19,2,0.385,0.713,5
20,conj_rot,580,20,1,0.489,0.801,5
20,conj_rot,580,21,2,0.577,0.877,5
20,conj_rot,580,22,1,0,0.469,5
20,conj_rot,580,23,2,0.396,0.884,5
20,conj_rot,580,24,1,0.489,0.97,5
20,conj_uni,581,1,2,0.645,0.088,1
20,conj_uni,581,2,2,0,0.503,1
20,conj_uni,581,3,1,0.485,0.061,1
20,conj_uni,581,4,2,0.566,0.289,1
20,conj_uni,581,5,1,0.556,0.584,1
20,conj_uni,581,6,2,0.16,0.682,1
20,conj_uni,581,7,1,0.334,0.284,1
20,conj_uni,581,8,2,0.443,0.597,1
20,conj_uni,581,9,1,0.327,0.036,1
20,conj_uni,581,10,1,0.272,0.014,1
20,conj_uni,581,11,2,0.139,0.313,1
20,conj_uni,581,12,1,0.235,0.535,1
20,conj_uni,581,13,1,0.676,0.002,1
20,conj_uni,581,14,2,0.294,0.553,1
20,conj_uni,581,15,1,0.691,0.675,1
20,conj_uni,581,16,1,0.235,0.595,1
20,conj_uni,581,17,2,0.446,0.239,1
20,conj_uni,581,18,1,0.062,0,1
20,conj_uni,581,19,2,0.615,0.492,1
20,conj_uni,581,20,1,0.523,0.329,1
20,conj_uni,581,21,1,0.191,0.174,1
20,conj_uni,581,22,2,0.372,0.519,1
20,conj_uni,581,23,2,0.132,0.458,1
20,conj_uni,581,24,2,0.529,0.166,1
20,conj_uni,582,1,1,0.563,0.208,2
20,conj_uni,582,2,2,0.316,0.251,2
20,conj_uni,582,3,1,0.45,0.448,2
20,conj_uni,582,4,1,0.293,0.592,2
20,conj_uni,582,5,1,0.228,0.245,2
20,conj_uni,582,6,1,0.447,0,2
20,conj_uni,582,7,1,0.363,0.208,2
20,conj_uni,582,8,1,0.702,0.756,2
20,conj_uni,582,9,2,0.167,0.407,2
20,conj_uni,582,10,1,0.222,0.611,2
20,conj_uni,582,11,2,0.04,0.166,2
20,conj_uni,582,12,2,0.508,0.457,2
20,conj_uni,582,13,2,0.193,0.528,2
20,conj_uni,582,14,2,0.414,0.065,2
20,conj_uni,582,15,2,0.147,0.564,2
20,conj_uni,582,16,1,0.232,0.362,2
20,conj_uni,582,17,2,0.51,0.603,2
20,conj_uni,582,18,2,0.528,0.041,2
20,conj_uni,582,19,2,0,0.121,2
20,conj_uni,582,20,1,0.721,0.309,2
20,conj_uni,582,21,1,0.29,0.349,2
20,conj_uni,582,22,2,0.102,0.508,2
20,conj_uni,582,23,1,0.682,0.463,2
20,conj_uni,582,24,2,0.344,0.326,2
20,conj_uni,583,1,2,0.342,0.201,3
20,conj_uni,583,2,1,0.428,0.249,3
20,conj_uni,583,3,1,0.032,0.125,3
20,conj_uni,583,4,1,0.397,0.606,3
20,conj_uni,583,5,1,0.489,0.439,3
20,conj_uni,583,6,1,0.032,0.697,3
20,conj_uni,583,7,2,0.611,0.572,3
20,conj_uni,583,8,2,0.08,0.09,3
20,conj_uni,583,9,1,0.325,0.265,3
20,conj_uni,583,10,2,0.138,0.095,3
20,conj_uni,583,11,1,0.031,0.41,3
20,conj_uni,583,12,2,0.545,0.359,3
20,conj_uni,583,13,1,0.554,0.615,3
20,conj_uni,583,14,2,0,0.18,3
20,conj_uni,583,15,2,0.48,0.634,3
20,conj_uni,583,16,1,0.405,0.365,3
20,conj_uni,583,17,1,0.303,0,3
20,conj_uni,583,18,2,0.673,0.225,3
20,conj_uni,583,19,1,0.591,0.399,3
20,conj_uni,583,20,2,0.475,0.326,3
20,conj_uni,583,21,1,0.081,0.553,3
20,conj_uni,583,22,2,0.678,0.419,3
20,conj_uni,583,23,2,0.06,0.181,3
20,conj_uni,583,24,2,0.407,0.428,3
20,conj_uni,584,1,1,0.075,0.399,4
20,conj_uni,584,2,1,0.536,0.239,4
20,conj_uni,584,3,1,0.149,0.18,4
20,conj_uni,584,4,2,0.311,0.532,4
20,conj_uni,584,5,1,0.526,0.323,4
20,conj_uni,584,6,2,0.479,0.694,4
20,conj_uni,584,7,1,0.321,0.473,4
20,conj_uni,584,8,2,0.446,0.247,4
20,conj_uni,584,9,2,0.253,0.31,4
20,conj_uni,584,10,1,0.426,0.569,4
20,conj_uni,584,11,2,0.197,0.65,4
20,conj_uni,584,12,2,0.142,0.265,4
20,conj_uni,584,13,2,0.682,0.289,4
20,conj_uni,584,14,2,0,0.071,4
20,conj_uni,584,15,2,0.356,0.712,4
20,conj_uni,584,16,1,0.353,0.207,4
20,conj_uni,584,17,2,0.383,0.122,4
20,conj_uni,584,18,2,0.546,0.007,4
20,conj_uni,584,19,2,0.269,0.098,4
20,conj_uni,584,20,1,0.4,0.622,4
20,conj_uni,584,21,1,0.713,0,4
20,conj_uni,584,22,1,0.463,0.316,4
20,conj_uni,584,23,1,0.445,0.029,4
20,conj_uni,584,24,1,0.323,0.154,4
20,conj_uni,585,1,1,0.594,0.622,5
20,conj_uni,585,2,2,0.264,0.461,5
20,conj_uni,585,3,1,0.29,0.514,5
20,conj_uni,585,4,1,0.117,0.739,5
20,conj_uni,585,5,2,0.367,0.089,5
20,conj_uni,585,6,2,0.704,0.306,5
20,conj_uni,585,7,2,0.187,0.46,5
20,conj_uni,585,8,2,0,0.47,5
20,conj_uni,585,9,2,0.631,0.478,5
20,conj_uni,585,10,1,0.323,0.617,5
20,conj_uni,585,11,2,0.437,0.772,5
20,conj_uni,585,12,1,0.658,0,5
20,conj_uni,585,13,1,0.413,0.051,5
20,conj_uni,585,14,2,0.403,0.413,5
20,conj_uni,585,15,2,0.389,0.525,5
20,conj_uni,585,16,1,0.38,0.633,5
20,conj_uni,585,17,1,0.504,0.755,5
20,conj_uni,585,18,1,0.105,0.448,5
20,conj_uni,585,19,2,0.286,0.663,5
20,conj_uni,585,20,1,0.527,0.215,5
20,conj_uni,585,21,1,0.612,0.156,5
20,conj_uni,585,22,1,0.386,0.693,5
20,conj_uni,585,23,2,0.069,0.556,5
20,conj_uni,585,24,2,0.362,0.021,5
20,feat_grid,586,1,1,0.029,0.03,1
20,feat_grid,586,2,2,0.496,0,1
20,feat_grid,586,3,1,0.733,0.012,1
20,feat_grid,586,4,2,0,0.146,1
20,feat_grid,586,5,1,0.148,0.109,1
20,feat_grid,586,6,1,0.401,0.119,1
20,feat_grid,586,7,1,0.485,0.126,1
20,feat_grid,586,8,2,0.728,0.12,1
20,feat_grid,586,9,1,0.281,0.248,1
20,feat_grid,586,10,1,0.717,0.241,1
20,feat_grid,586,11,2,0.036,0.348,1
20,feat_grid,586,12,2,0.291,0.379,1
20,feat_grid,586,13,2,0.375,0.371,1
20,feat_grid,586,14,2,0.51,0.348,1
20,feat_grid,586,15,2,0.04,0.472,1
20,feat_grid,586,16,1,0.15,0.484,1
20,feat_grid,586,17,1,0.267,0.479,1
20,feat_grid,586,18,2,0.49,0.465,1
20,feat_grid,586,19,1,0.732,0.455,1
20,feat_grid,586,20,2,0.156,0.576,1
20,feat_grid,586,21,1,0.606,0.58,1
20,feat_grid,586,22,2,0.261,0.708,1
20,feat_grid,586,23,2,0.499,0.697,1
20,feat_grid,586,24,1,0.701,0.693,1
20,feat_grid,587,1,1,0.111,0,2
20,feat_grid,587,2,2,0.357,0.033,2
20,feat_grid,587,3,2,0.578,0.007,2
20,feat_grid,587,4,1,0.244,0.124,2
20,feat_grid,587,5,2,0.473,0.138,2
20,feat_grid,587,6,1,0.567,0.139,2
20,feat_grid,587,7,2,0.691,0.125,2
20,feat_grid,587,8,2,0.009,0.255,2
20,feat_grid,587,9,1,0.468,0.234,2
20,feat_grid,587,10,2,0.7,0.249,2
20,feat_grid,587,11,2,0.002,0.354,2
20,feat_grid,587,12,2,0.112,0.357,2
20,feat_grid,587,13,1,0.341,0.342,2
20,feat_grid,587,14,2,0.59,0.345,2
20,feat_grid,587,15,1,0.684,0.357,2
20,feat_grid,587,16,1,0.121,0.47,2
20,feat_grid,587,17,2,0.243,0.479,2
20,feat_grid,587,18,1,0.35,0.477,2
20,feat_grid,587,19,2,0.444,0.462,2
20,feat_grid,587,20,1,0.57,0.46,2
20,feat_grid,587,21,1,0.705,0.591,2
20,feat_grid,587,22,1,0,0.706,2
20,feat_grid,587,23,1,0.469,0.695,2
20,feat_grid,587,24,2,0.598,0.708,2
20,feat_grid,588,1,1,0.556,0,3
20,feat_grid,588,2,2,0.673,0.01,3
20,feat_grid,588,3,2,0.226,0.122,3
20,feat_grid,588,4,2,0.431,0.139,3
20,feat_grid,588,5,2,0.548,0.125,3
20,feat_grid,588,6,1,0.693,0.123,3
20,feat_grid,588,7,2,0.226,0.259,3
20,feat_grid,588,8,1,0.231,0.374,3
20,feat_grid,588,9,2,0.564,0.378,3
20,feat_grid,588,10,1,0.092,0.486,3
20,feat_grid,588,11,1,0.216,0.49,3
20,feat_grid,588,12,1,0.307,0.476,3
20,feat_grid,588,13,1,0.547,0.462,3
20,feat_grid,588,14,2,0.677,0.457,3
20,feat_grid,588,15,1,0,0.577,3
20,feat_grid,588,16,1,0.098,0.593,3
20,feat_grid,588,17,2,0.221,0.599,3
20,feat_grid,588,18,2,0.548,0.606,3
20,feat_grid,588,19,1,0.67,0.58,3
20,feat_grid,588,20,1,0,0.715,3
20,feat_grid,588,21,2,0.332,0.704,3
20,feat_grid,588,22,2,0.438,0.693,3
20,feat_grid,588,23,2,0.583,0.709,3
20,feat_grid,588,24,1,0.681,0.711,3
20,feat_grid,589,1,2,0.114,0.001,4
20,feat_grid,589,2,1,0.23,0.009,4
20,feat_grid,589,3,1,0.356,0.013,4
20,feat_grid,589,4,1,0.477,0.002,4
20,feat_grid,589,5,2,0.575,0,4
20,feat_grid,589,6,1,0.13,0.13,4
20,feat_grid,589,7,2,0.259,0.121,4
20,feat_grid,589,8,2,0.57,0.102,4
20,feat_grid,589,9,1,0.681,0.105,4
20,feat_grid,589,10,2,0.121,0.225,4
20,feat_grid,589,11,1,0.357,0.238,4
20,feat_grid,589,12,2,0.477,0.234,4
20,feat_grid,589,13,1,0.578,0.227,4
20,feat_grid,589,14,2,0.723,0.24,4
20,feat_grid,589,15,1,0.234,0.352,4
20,feat_grid,589,16,2,0.017,0.459,4
20,feat_grid,589,17,2,0.124,0.462,4
20,feat_grid,589,18,2,0.461,0.471,4
20,feat_grid,589,19,1,0,0.58,4
20,feat_grid,589,20,1,0.136,0.572,4
20,feat_grid,589,21,1,0.228,0.571,4
20,feat_grid,589,22,1,0.476,0.558,4
20,feat_grid,589,23,2,0.578,0.591,4
20,feat_grid,589,24,2,0.006,0.689,4
20,feat_grid,590,1,1,0.023,0,5
20,feat_grid,590,2,1,0.125,0.017,5
20,feat_grid,590,3,2,0.718,0.012,5
20,feat_grid,590,4,2,0.135,0.129,5
20,feat_grid,590,5,2,0.245,0.119,5
20,feat_grid,590,6,2,0.47,0.105,5
20,feat_grid,590,7,1,0.707,0.126,5
20,feat_grid,590,8,1,0.138,0.225,5
20,feat_grid,590,9,1,0.472,0.226,5
20,feat_grid,590,10,1,0.584,0.233,5
20,feat_grid,590,11,1,0.717,0.23,5
20,feat_grid,590,12,2,0.261,0.359,5
20,feat_grid,590,13,2,0.358,0.362,5
20,feat_grid,590,14,1,0.013,0.448,5
20,feat_grid,590,15,2,0.154,0.469,5
20,feat_grid,590,16,2,0.369,0.457,5
20,feat_grid,590,17,2,0.473,0.467,5
20,feat_grid,590,18,2,0.7,0.463,5
20,feat_grid,590,19,1,0,0.561,5
20,feat_grid,590,20,2,0.13,0.574,5
20,feat_grid,590,21,2,0.361,0.569,5
20,feat_grid,590,22,1,0.014,0.705,5
20,feat_grid,590,23,1,0.484,0.685,5
20,feat_grid,590,24,1,0.701,0.687,5
20,feat_rot,591,1,2,0.642,0,1
20,feat_rot,591,2,1,0.794,0.148,1
20,feat_rot,591,3,1,0.882,0.235,1
20,feat_rot,591,4,1,0.97,0.332,1
20,feat_rot,591,5,2,0.55,0.075,1
20,feat_rot,591,6,1,0.724,0.233,1
20,feat_rot,591,7,1,0.807,0.33,1
20,feat_rot,591,8,1,0.404,0.079,1
20,feat_rot,591,9,2,0.647,0.334,1
20,feat_rot,591,10,2,0.811,0.475,1
20,feat_rot,591,11,1,0.224,0.094,1
20,feat_rot,591,12,2,0.311,0.151,1
20,feat_rot,591,13,2,0.403,0.231,1
20,feat_rot,591,14,2,0.477,0.335,1
20,feat_rot,591,15,2,0.547,0.404,1
20,feat_rot,591,16,2,0.711,0.556,1
20,feat_rot,591,17,1,0.168,0.172,1
20,feat_rot,591,18,1,0.403,0.39,1
20,feat_rot,591,19,2,0.329,0.485,1
20,feat_rot,591,20,1,0.388,0.546,1
20,feat_rot,591,21,1,0,0.317,1
20,feat_rot,591,22,2,0.066,0.393,1
20,feat_rot,591,23,2,0.236,0.548,1
20,feat_rot,591,24,1,0.397,0.728,1
20,feat_rot,592,1,1,0.572,0.095,2
20,feat_rot,592,2,1,0.81,0.34,2
20,feat_rot,592,3,2,0.897,0.423,2
20,feat_rot,592,4,2,0.326,0,2
20,feat_rot,592,5,2,0.326,0.168,2
20,feat_rot,592,6,1,0.396,0.269,2
20,feat_rot,592,7,2,0.492,0.346,2
20,feat_rot,592,8,1,0.573,0.408,2
20,feat_rot,592,9,1,0.138,0.18,2
20,feat_rot,592,10,2,0.25,0.254,2
20,feat_rot,592,11,2,0.34,0.326,2
20,feat_rot,592,12,1,0.418,0.412,2
20,feat_rot,592,13,2,0.556,0.582,2
20,feat_rot,592,14,1,0.651,0.644,2
20,feat_rot,592,15,2,0.155,0.332,2
20,feat_rot,592,16,1,0.313,0.495,2
20,feat_rot,592,17,1,0.496,0.655,2
20,feat_rot,592,18,2,0,0.339,2
20,feat_rot,592,19,1,0.242,0.577,2
20,feat_rot,592,20,2,0.322,0.651,2
20,feat_rot,592,21,2,0.485,0.835,2
20,feat_rot,592,22,2,0,0.512,2
20,feat_rot,592,23,1,0.244,0.743,2
20,feat_rot,592,24,1,0.411,0.888,2
20,feat_rot,593,1,2,0.402,0,3
20,feat_rot,593,2,1,0.563,0.181,3
20,feat_rot,593,3,1,0.81,0.417,3
20,feat_rot,593,4,2,0.399,0.162,3
20,feat_rot,593,5,2,0.498,0.251,3
20,feat_rot,593,6,2,0.731,0.502,3
20,feat_rot,593,7,2,0.249,0.157,3
20,feat_rot,593,8,1,0.417,0.333,3
20,feat_rot,593,9,2,0.487,0.402,3
20,feat_rot,593,10,2,0.577,0.51,3
20,feat_rot,593,11,2,0.671,0.569,3
20,feat_rot,593,12,1,0.167,0.255,3
20,feat_rot,593,13,1,0.249,0.333,3
20,feat_rot,593,14,2,0.332,0.401,3
20,feat_rot,593,15,2,0.429,0.488,3
20,feat_rot,593,16,1,0.162,0.429,3
20,feat_rot,593,17,1,0.253,0.494,3
20,feat_rot,593,18,1,0.335,0.569,3
20,feat_rot,593,19,1,0.57,0.821,3
20,feat_rot,593,20,2,0,0.401,3
20,feat_rot,593,21,1,0.102,0.492,3
20,feat_rot,593,22,1,0.271,0.65,3
20,feat_rot,593,23,1,0.357,0.74,3
20,feat_rot,593,24,2,0.18,0.732,3
20,feat_rot,594,1,1,0.319,0,4
20,feat_rot,594,2,1,0.48,0.149,4
20,feat_rot,594,3,1,0.328,0.143,4
20,feat_rot,594,4,2,0.489,0.312,4
20,feat_rot,594,5,1,0.556,0.404,4
20,feat_rot,594,6,2,0.657,0.481,4
20,feat_rot,594,7,1,0.315,0.316,4
20,feat_rot,594,8,2,0.411,0.409,4
20,feat_rot,594,9,2,0.489,0.474,4
20,feat_rot,594,10,2,0.575,0.557,4
20,feat_rot,594,11,2,0.156,0.317,4
20,feat_rot,594,12,2,0.237,0.395,4
20,feat_rot,594,13,1,0.502,0.638,4
20,feat_rot,594,14,1,0.169,0.503,4
20,feat_rot,594,15,2,0.235,0.555,4
20,feat_rot,594,16,1,0.318,0.641,4
20,feat_rot,594,17,1,0.422,0.71,4
20,feat_rot,594,18,1,0.485,0.816,4
20,feat_rot,594,19,2,0,0.477,4
20,feat_rot,594,20,2,0.25,0.713,4
20,feat_rot,594,21,2,0.023,0.637,4
20,feat_rot,594,22,1,0.182,0.811,4
20,feat_rot,594,23,1,0.251,0.898,4
20,feat_rot,594,24,2,0.318,0.978,4
20,feat_rot,595,1,2,0.557,0,5
20,feat_rot,595,2,2,0.64,0.06,5
20,feat_rot,595,3,2,0.729,0.149,5
20,feat_rot,595,4,1,0.811,0.233,5
20,feat_rot,595,5,1,0.897,0.32,5
20,feat_rot,595,6,2,0.474,0.063,5
20,feat_rot,595,7,2,0.711,0.309,5
20,feat_rot,595,8,1,0.791,0.371,5
20,feat_rot,595,9,1,0.389,0.141,5
20,feat_rot,595,10,1,0.536,0.316,5
20,feat_rot,595,11,2,0.639,0.396,5
20,feat_rot,595,12,2,0.711,0.477,5
20,feat_rot,595,13,2,0.786,0.563,5
20,feat_rot,595,14,2,0.32,0.231,5
20,feat_rot,595,15,1,0.468,0.396,5
20,feat_rot,595,16,1,0.136,0.235,5
20,feat_rot,595,17,1,0.394,0.477,5
20,feat_rot,595,18,1,0.639,0.718,5
20,feat_rot,595,19,1,0.239,0.467,5
20,feat_rot,595,20,1,0.471,0.719,5
20,feat_rot,595,21,1,0,0.38,5
20,feat_rot,595,22,2,0.09,0.473,5
20,feat_rot,595,23,2,0.234,0.642,5
20,feat_rot,595,24,2,0.494,0.893,5
20,feat_uni,596,1,1,0.35,0.209,1
20,feat_uni,596,2,2,0.123,0.39,1
20,feat_uni,596,3,2,0.358,0.606,1
20,feat_uni,596,4,2,0.062,0.116,1
20,feat_uni,596,5,1,0.392,0.411,1
20,feat_uni,596,6,1,0.031,0.455,1
20,feat_uni,596,7,2,0.325,0.284,1
20,feat_uni,596,8,2,0.248,0.283,1
20,feat_uni,596,9,2,0.542,0.22,1
20,feat_uni,596,10,2,0.673,0.175,1
20,feat_uni,596,11,1,0.061,0.387,1
20,feat_uni,596,12,2,0.544,0.592,1
20,feat_uni,596,13,1,0.504,0.548,1
20,feat_uni,596,14,2,0.118,0.625,1
20,feat_uni,596,15,1,0.663,0.505,1
20,feat_uni,596,16,1,0.503,0.296,1
20,feat_uni,596,17,1,0.286,0,1
20,feat_uni,596,18,1,0.225,0.145,1
20,feat_uni,596,19,2,0.496,0.489,1
20,feat_uni,596,20,1,0.444,0.459,1
20,feat_uni,596,21,1,0.581,0.471,1
20,feat_uni,596,22,1,0.41,0.723,1
20,feat_uni,596,23,2,0,0.199,1
20,feat_uni,596,24,2,0.165,0.137,1
20,feat_uni,597,1,1,0.735,0.559,2
20,feat_uni,597,2,1,0.46,0.289,2
20,feat_uni,597,3,1,0.739,0.367,2
20,feat_uni,597,4,1,0.396,0.164,2
20,feat_uni,597,5,1,0.115,0.505,2
20,feat_uni,597,6,2,0.702,0.643,2
20,feat_uni,597,7,2,0.276,0.373,2
20,feat_uni,597,8,2,0,0.569,2
20,feat_uni,597,9,1,0.697,0.441,2
20,feat_uni,597,10,1,0.44,0.089,2
20,feat_uni,597,11,1,0.508,0.228,2
20,feat_uni,597,12,1,0.511,0.131,2
20,feat_uni,597,13,2,0.027,0.111,2
20,feat_uni,597,14,1,0.046,0,2
20,feat_uni,597,15,2,0.054,0.232,2
20,feat_uni,597,16,2,0.099,0.186,2
20,feat_uni,597,17,2,0.694,0.15,2
20,feat_uni,597,18,1,0.254,0.615,2
20,feat_uni,597,19,2,0.628,0.463,2
20,feat_uni,597,20,2,0.289,0.664,2
20,feat_uni,597,21,2,0.546,0.026,2
20,feat_uni,597,22,1,0.228,0.062,2
20,feat_uni,597,23,2,0.175,0.386,2
20,feat_uni,597,24,2,0.563,0.306,2
20,feat_uni,598,1,1,0.594,0.728,3
20,feat_uni,598,2,1,0.651,0.687,3
20,feat_uni,598,3,1,0.508,0.083,3
20,feat_uni,598,4,2,0.21,0.635,3
20,feat_uni,598,5,1,0.208,0,3
20,feat_uni,598,6,1,0.308,0.227,3
20,feat_uni,598,7,1,0.533,0.683,3
20,feat_uni,598,8,2,0.617,0.412,3
20,feat_uni,598,9,2,0.633,0.484,3
20,feat_uni,598,10,1,0.632,0.029,3
20,feat_uni,598,11,2,0.255,0.431,3
20,feat_uni,598,12,2,0.332,0.469,3
20,feat_uni,598,13,1,0.122,0.138,3
20,feat_uni,598,14,2,0.676,0.153,3
20,feat_uni,598,15,1,0.077,0.501,3
20,feat_uni,598,16,2,0.695,0.469,3
20,feat_uni,598,17,2,0.238,0.581,3
20,feat_uni,598,18,2,0.147,0.631,3
20,feat_uni,598,19,2,0.4,0.295,3
20,feat_uni,598,20,1,0.573,0.085,3
20,feat_uni,598,21,1,0.083,0.561,3
20,feat_uni,598,22,2,0.028,0.673,3
20,feat_uni,598,23,1,0,0.149,3
20,feat_uni,598,24,2,0.572,0.478,3
20,feat_uni,599,1,2,0.19,0.651,4
20,feat_uni,599,2,1,0.209,0,4
20,feat_uni,599,3,2,0,0.561,4
20,feat_uni,599,4,2,0.305,0.1,4
20,feat_uni,599,5,1,0.621,0.711,4
20,feat_uni,599,6,1,0.666,0.425,4
20,feat_uni,599,7,1,0.532,0.048,4
20,feat_uni,599,8,2,0.548,0.687,4
20,feat_uni,599,9,1,0.25,0.662,4
20,feat_uni,599,10,1,0.383,0.124,4
20,feat_uni,599,11,2,0.442,0.123,4
20,feat_uni,599,12,2,0.479,0.077,4
20,feat_uni,599,13,1,0.04,0.358,4
20,feat_uni,599,14,2,0.232,0.143,4
20,feat_uni,599,15,1,0.679,0.7,4
20,feat_uni,599,16,1,0.109,0.601,4
20,feat_uni,599,17,2,0.269,0.722,4
20,feat_uni,599,18,2,0.465,0.731,4
20,feat_uni,599,19,2,0.119,0.118,4
20,feat_uni,599,20,2,0.639,0.645,4
20,feat_uni,599,21,2,0.562,0.26,4
20,feat_uni,599,22,1,0.075,0.079,4
20,feat_uni,599,23,1,0.375,0.723,4
20,feat_uni,599,24,1,0.423,0.411,4
20,feat_uni,600,1,2,0.397,0.487,5
20,feat_uni,600,2,2,0.764,0.556,5
20,feat_uni,600,3,1,0.385,0.351,5
20,feat_uni,600,4,1,0.662,0.609,5
20,feat_uni,600,5,2,0.088,0.027,5
20,feat_uni,600,6,2,0.617,0.07,5
20,feat_uni,600,7,2,0.031,0,5
20,feat_uni,600,8,1,0.496,0.757,5
20,feat_uni,600,9,2,0.334,0.32,5
20,feat_uni,600,10,2,0.256,0.27,5
20,feat_uni,600,11,1,0.784,0.024,5
20,feat_uni,600,12,2,0.438,0.323,5
20,feat_uni,600,13,1,0.257,0.388,5
20,feat_uni,600,14,1,0.647,0.354,5
20,feat_uni,600,15,2,0.007,0.633,5
20,feat_uni,600,16,2,0.039,0.488,5
20,feat_uni,600,17,1,0.572,0.513,5
20,feat_uni,600,18,1,0.163,0.353,5
20,feat_uni,600,19,1,0.541,0.462,5
20,feat_uni,600,20,1,0,0.535,5
20,feat_uni,600,21,1,0.555,0.073,5
20,feat_uni,600,22,1,0.094,0.731,5
20,feat_uni,600,23,2,0.44,0.736,5
20,feat_uni,600,24,2,0.538,0.562,5
