person,condition,trial,id,item_class,x,y,rt,trial_p
1,conj_grid,1,25,1,-14,0,1.44,1
1,conj_grid,1,11,1,-10,-207,2.93,1
1,conj_grid,1,18,1,11,-132,3.7,1
1,conj_grid,1,19,2,108,-92,4.67,1
1,conj_grid,1,26,2,100,-16,6.4,1
1,conj_grid,1,38,1,-101,222,7.87,1
1,conj_grid,1,43,1,-303,337,9.07,1
1,conj_grid,1,45,2,-113,321,10.54,1
1,conj_grid,1,48,1,218,322,13.57,1
1,conj_grid,1,42,1,328,227,14.47,1
1,conj_grid,1,40,1,110,220,15.2,1
1,conj_grid,1,37,2,-211,210,17.23,1
1,conj_grid,1,41,2,209,203,18.53,1
1,conj_grid,1,35,2,325,122,19.67,1
1,conj_grid,1,2,2,-204,-332,25.6,1
1,conj_grid,1,8,2,-316,-208,26.73,1
1,conj_grid,1,10,1,-105,-211,28.43,1
1,conj_grid,1,12,2,116,-215,30,1
1,conj_grid,1,13,1,219,-232,31.23,1
1,conj_grid,1,7,1,332,-313,32.2,1
1,conj_grid,1,31,2,-114,114,35.33,1
1,conj_grid,1,20,2,227,-119,36.83,1
1,conj_grid,1,30,1,-224,115,42.08,1
1,conj_grid,1,15,2,-327,-105,47.33,1
1,conj_grid,2,3,1,-100,-315,2.77,2
1,conj_grid,2,10,2,-120,-216,4.03,2
1,conj_grid,2,17,1,-112,-96,4.8,2
1,conj_grid,2,24,1,-110,-2,5.8,2
1,conj_grid,2,38,1,-120,210,6.8,2
1,conj_grid,2,37,1,-227,194,7.8,2
1,conj_grid,2,30,1,-213,114,8.8,2
1,conj_grid,2,36,2,-309,216,10.77,2
1,conj_grid,2,22,2,-320,-7,11.5,2
1,conj_grid,2,15,2,-320,-100,12.23,2
1,conj_grid,2,1,2,-335,-316,13.23,2
1,conj_grid,2,4,2,-7,-330,14.47,2
1,conj_grid,2,5,2,104,-324,15.3,2
1,conj_grid,2,11,2,-4,-216,16.23,2
1,conj_grid,2,7,1,331,-329,17.13,2
1,conj_grid,2,14,2,306,-239,18.23,2
1,conj_grid,2,35,1,336,117,19.57,2
1,conj_grid,2,16,1,-221,-101,22.85,2
1,conj_grid,2,47,2,87,343,25.98,2
1,conj_grid,2,46,2,13,313,27.12,2
1,conj_grid,2,44,1,-206,348,29.02,2
1,conj_grid,2,20,2,217,-117,31.45,2
1,conj_grid,2,33,1,105,105,34.2,2
1,conj_grid,2,40,1,103,201,36.8,2
1,conj_grid,3,29,1,-311,108,2.94,3
1,conj_grid,3,8,2,-333,-207,6.27,3
1,conj_grid,3,15,2,-323,-106,7.47,3
1,conj_grid,3,37,1,-223,211,8.77,3
1,conj_grid,3,45,1,-123,325,9.8,3
1,conj_grid,3,49,2,310,329,12.5,3
1,conj_grid,3,47,1,97,327,13.97,3
1,conj_grid,3,16,1,-206,-106,17.53,3
1,conj_grid,3,18,1,3,-116,18.47,3
1,conj_grid,3,10,2,-101,-222,19.63,3
1,conj_grid,3,3,2,-118,-335,21.73,3
1,conj_grid,3,9,2,-207,-208,22.86,3
1,conj_grid,3,11,1,3,-215,24.1,3
1,conj_grid,3,13,2,230,-223,25.1,3
1,conj_grid,3,27,2,235,5,26.33,3
1,conj_grid,3,19,2,114,-90,27,3
1,conj_grid,3,26,2,92,7,27.66,3
1,conj_grid,3,32,2,3,116,28.85,3
1,conj_grid,3,28,1,336,3,31.55,3
1,conj_grid,3,33,1,96,101,32.78,3
1,conj_grid,3,6,1,224,-311,35.58,3
1,conj_grid,3,4,1,13,-327,36.61,3
1,conj_grid,3,44,2,-218,316,38.51,3
1,conj_grid,3,12,1,117,-203,49.56,3
1,conj_grid,4,23,1,-215,5,2.54,4
1,conj_grid,4,18,1,6,-109,3.5,4
1,conj_grid,4,19,1,112,-102,4.47,4
1,conj_grid,4,5,2,117,-320,5.4,4
1,conj_grid,4,14,2,318,-219,6.47,4
1,conj_grid,4,29,2,-320,109,8.03,4
1,conj_grid,4,1,1,-326,-334,9.37,4
1,conj_grid,4,8,2,-326,-204,10.17,4
1,conj_grid,4,9,1,-222,-211,10.9,4
1,conj_grid,4,4,2,1,-307,12.03,4
1,conj_grid,4,13,1,213,-212,13.3,4
1,conj_grid,4,28,1,331,24,14.6,4
1,conj_grid,4,35,1,309,100,16.73,4
1,conj_grid,4,40,2,88,216,17.93,4
1,conj_grid,4,47,2,137,315,19.07,4
1,conj_grid,4,17,2,-105,-119,21.93,4
1,conj_grid,4,24,2,-112,15,22.5,4
1,conj_grid,4,30,2,-217,111,23.43,4
1,conj_grid,4,36,2,-322,207,24.17,4
1,conj_grid,4,46,1,7,309,26.23,4
1,conj_grid,4,48,1,214,314,27.17,4
1,conj_grid,4,42,1,315,221,28.72,4
1,conj_grid,4,2,1,-206,-333,32.86,4
1,conj_grid,4,44,2,-208,311,42.78,4
1,conj_grid,5,14,1,323,-219,1.8,5
1,conj_grid,5,42,1,331,222,2.97,5
1,conj_grid,5,45,2,-116,337,6.77,5
1,conj_grid,5,47,2,116,321,7.9,5
1,conj_grid,5,43,2,-327,311,9.95,5
1,conj_grid,5,16,2,-227,-97,12.75,5
1,conj_grid,5,9,2,-224,-199,13.68,5
1,conj_grid,5,8,2,-321,-217,14.58,5
1,conj_grid,5,10,1,-122,-220,15.72,5
1,conj_grid,5,3,2,-96,-313,16.65,5
1,conj_grid,5,5,1,111,-332,17.58,5
1,conj_grid,5,13,2,204,-214,18.38,5
1,conj_grid,5,6,1,214,-311,19.11,5
1,conj_grid,5,21,1,331,-103,20.78,5
1,conj_grid,5,26,1,98,-14,22.35,5
1,conj_grid,5,32,2,3,106,24.22,5
1,conj_grid,5,31,2,-107,94,25.28,5
1,conj_grid,5,24,1,-103,3,27.28,5
1,conj_grid,5,34,2,214,108,28.68,5
1,conj_grid,5,41,1,215,208,29.46,5
1,conj_grid,5,37,1,-219,222,36.08,5
1,conj_grid,5,17,1,-116,-118,42.1,5
1,conj_grid,5,39,2,-9,219,43.75,5
1,conj_grid,5,22,1,-327,2,53.78,5
1,conj_rot,6,20,1,223,75,2.33,1
1,conj_rot,6,34,1,68,228,3.17,1
1,conj_rot,6,14,1,374,69,4.3,1
1,conj_rot,6,13,2,303,1,6.03,1
1,conj_rot,6,7,2,459,-10,7.13,1
1,conj_rot,6,12,2,224,-82,8.77,1
1,conj_rot,6,4,1,218,-226,10.7,1
1,conj_rot,6,6,1,383,-88,11.7,1
1,conj_rot,6,11,2,147,-169,12.67,1
1,conj_rot,6,1,2,-9,-459,13.93,1
1,conj_rot,6,36,2,-378,-66,17.17,1
1,conj_rot,6,44,1,-378,64,17.9,1
1,conj_rot,6,30,1,-213,-74,18.8,1
1,conj_rot,6,29,1,-289,-156,19.83,1
1,conj_rot,6,23,1,-172,-131,20.73,1
1,conj_rot,6,46,2,-239,231,22.43,1
1,conj_rot,6,48,2,-88,384,23.47,1
1,conj_rot,6,9,2,-4,-302,26.76,1
1,conj_rot,6,25,1,-15,6,29.38,1
1,conj_rot,6,33,1,-7,157,30.15,1
1,conj_rot,6,8,2,-54,-388,32.35,1
1,conj_rot,6,16,2,-62,-230,36.95,1
1,conj_rot,6,38,2,-219,70,41.55,1
1,conj_rot,6,2,1,68,-363,44.16,1
1,conj_rot,7,12,1,209,-77,1.93,2
1,conj_rot,7,14,2,383,74,3.07,2
1,conj_rot,7,28,1,227,234,4.1,2
1,conj_rot,7,20,1,224,94,6.17,2
1,conj_rot,7,35,1,152,303,7.23,2
1,conj_rot,7,46,2,-244,224,8.07,2
1,conj_rot,7,45,2,-319,142,8.67,2
1,conj_rot,7,44,2,-374,87,9.77,2
1,conj_rot,7,15,1,-141,-304,11.2,2
1,conj_rot,7,23,1,-159,-156,12.1,2
1,conj_rot,7,17,1,4,-144,12.93,2
1,conj_rot,7,19,1,141,18,14.4,2
1,conj_rot,7,4,2,218,-234,15.43,2
1,conj_rot,7,2,2,91,-378,16.2,2
1,conj_rot,7,1,2,-4,-472,17.03,2
1,conj_rot,7,33,1,9,153,19.87,2
1,conj_rot,7,49,2,11,474,20.87,2
1,conj_rot,7,48,2,-70,382,21.95,2
1,conj_rot,7,40,1,-77,214,22.9,2
1,conj_rot,7,18,2,72,-83,24.37,2
1,conj_rot,7,6,1,380,-93,27.66,2
1,conj_rot,7,7,1,463,-16,28.33,2
1,conj_rot,7,24,2,-92,-72,29.96,2
1,conj_rot,7,39,2,-147,148,51.74,2
1,conj_rot,8,9,1,5,-304,1.62,3
1,conj_rot,8,23,2,-139,-122,2.32,3
1,conj_rot,8,30,2,-228,-75,2.85,3
1,conj_rot,8,29,1,-308,-150,4.79,3
1,conj_rot,8,36,2,-378,-56,5.59,3
1,conj_rot,8,37,2,-308,-1,6.49,3
1,conj_rot,8,43,1,-459,5,7.32,3
1,conj_rot,8,8,1,-79,-391,8.35,3
1,conj_rot,8,13,2,309,1,10.98,3
1,conj_rot,8,14,2,387,63,11.95,3
1,conj_rot,8,28,2,231,218,13.42,3
1,conj_rot,8,20,2,220,77,14.12,3
1,conj_rot,8,21,2,318,145,14.88,3
1,conj_rot,8,27,1,141,163,15.68,3
1,conj_rot,8,34,1,82,222,16.85,3
1,conj_rot,8,33,2,3,151,17.55,3
1,conj_rot,8,32,2,-70,71,18.22,3
1,conj_rot,8,25,1,-14,-3,18.92,3
1,conj_rot,8,39,1,-157,146,19.92,3
1,conj_rot,8,41,1,-2,303,20.83,3
1,conj_rot,8,38,1,-231,85,21.88,3
1,conj_rot,8,6,1,375,-71,24.46,3
1,conj_rot,8,45,1,-298,139,26.82,3
1,conj_rot,8,19,2,149,-2,31.98,3
1,conj_rot,9,25,1,-8,-1,1.27,4
1,conj_rot,9,40,1,-79,212,2.24,4
1,conj_rot,9,42,1,79,396,3.3,4
1,conj_rot,9,48,1,-87,384,4.67,4
1,conj_rot,9,28,2,225,250,5.8,4
1,conj_rot,9,35,2,148,297,6.64,4
1,conj_rot,9,21,2,314,162,7.47,4
1,conj_rot,9,7,2,465,0,9.67,4
1,conj_rot,9,5,1,302,-138,11.93,4
1,conj_rot,9,14,2,368,60,12.8,4
1,conj_rot,9,12,1,224,-67,15.43,4
1,conj_rot,9,4,1,224,-239,16.23,4
1,conj_rot,9,1,2,3,-447,18,4
1,conj_rot,9,2,1,70,-390,18.6,4
1,conj_rot,9,30,1,-232,-86,19.8,4
1,conj_rot,9,31,1,-131,-8,20.7,4
1,conj_rot,9,39,2,-150,125,21.97,4
1,conj_rot,9,37,2,-321,15,24.4,4
1,conj_rot,9,38,2,-225,73,25.63,4
1,conj_rot,9,43,1,-443,1,27.47,4
1,conj_rot,9,13,2,308,6,29.55,4
1,conj_rot,9,18,2,88,-93,30.81,4
1,conj_rot,9,27,1,149,147,32.46,4
1,conj_rot,9,17,2,-7,-156,34.98,4
1,conj_rot,10,24,1,-84,-76,1.27,5
1,conj_rot,10,33,2,5,142,3.47,5
1,conj_rot,10,26,2,70,81,4.3,5
1,conj_rot,10,34,1,82,234,5.7,5
1,conj_rot,10,27,2,166,156,8.13,5
1,conj_rot,10,28,2,228,224,9.83,5
1,conj_rot,10,5,1,304,-165,10.76,5
1,conj_rot,10,4,1,228,-233,11.33,5
1,conj_rot,10,3,1,152,-295,12,5
1,conj_rot,10,37,2,-320,-14,15.63,5
1,conj_rot,10,43,2,-442,-12,16.73,5
1,conj_rot,10,15,2,-157,-294,18.26,5
1,conj_rot,10,11,1,160,-163,19.76,5
1,conj_rot,10,1,1,3,-458,21.6,5
1,conj_rot,10,8,1,-78,-389,22.3,5
1,conj_rot,10,45,2,-298,165,25.3,5
1,conj_rot,10,31,1,-147,4,26.36,5
1,conj_rot,10,12,2,243,-75,29.16,5
1,conj_rot,10,7,2,454,22,31.88,5
1,conj_rot,10,14,2,389,74,33.28,5
1,conj_rot,10,29,1,-301,-146,34.65,5
1,conj_rot,10,36,1,-381,-81,35.36,5
1,conj_rot,10,46,1,-242,246,37.53,5
1,conj_rot,10,19,2,143,-5,38.69,5
1,conj_uni,11,30,1,-53,-23,1.37,1
1,conj_uni,11,9,1,-61,32,1.93,1
1,conj_uni,11,7,1,-26,75,2.7,1
1,conj_uni,11,18,2,-300,340,4.33,1
1,conj_uni,11,24,1,-225,-52,5.07,1
1,conj_uni,11,38,2,-172,-139,6,1
1,conj_uni,11,14,1,-191,-305,6.7,1
1,conj_uni,11,22,1,-93,-290,8.2,1
1,conj_uni,11,37,2,-333,-304,9.57,1
1,conj_uni,11,27,1,-283,-328,10.47,1
1,conj_uni,11,4,2,-345,-90,11.3,1
1,conj_uni,11,48,2,24,-327,12.57,1
1,conj_uni,11,36,1,64,-256,13.5,1
1,conj_uni,11,33,2,360,162,16.03,1
1,conj_uni,11,47,2,173,272,17.77,1
1,conj_uni,11,15,2,186,75,20.2,1
1,conj_uni,11,39,2,42,331,21.5,1
1,conj_uni,11,45,1,302,198,23.43,1
1,conj_uni,11,29,1,-344,199,25.65,1
1,conj_uni,11,21,1,-347,290,26.48,1
1,conj_uni,11,46,2,195,-341,28.35,1
1,conj_uni,11,5,2,96,-195,30.51,1
1,conj_uni,11,19,2,-144,148,36.65,1
1,conj_uni,11,32,1,-188,356,38.86,1
1,conj_uni,12,25,1,332,-184,1.83,2
1,conj_uni,12,46,1,293,-306,2.67,2
1,conj_uni,12,2,2,218,-344,3.67,2
1,conj_uni,12,31,2,126,-256,4.53,2
1,conj_uni,12,42,2,113,-135,5.4,2
1,conj_uni,12,19,2,-84,143,7.73,2
1,conj_uni,12,12,1,1,208,8.73,2
1,conj_uni,12,43,1,-155,141,9.5,2
1,conj_uni,12,5,1,-210,278,10.63,2
1,conj_uni,12,17,2,-138,289,11.53,2
1,conj_uni,12,16,2,-260,304,12.27,2
1,conj_uni,12,33,2,-306,335,13.2,2
1,conj_uni,12,11,1,-198,-103,14.1,2
1,conj_uni,12,24,1,-221,-49,14.7,2
1,conj_uni,12,7,2,-334,-231,16.3,2
1,conj_uni,12,23,1,-333,-287,16.77,2
1,conj_uni,12,13,2,-274,-308,17.7,2
1,conj_uni,12,3,1,-296,-149,18.5,2
1,conj_uni,12,47,1,23,-296,20.4,2
1,conj_uni,12,9,2,-184,-338,21.16,2
1,conj_uni,12,20,1,-85,44,24.37,2
1,conj_uni,12,10,1,275,170,25.95,2
1,conj_uni,12,32,2,285,254,26.97,2
1,conj_uni,12,18,2,272,333,28.43,2
1,conj_uni,13,35,1,77,-6,1.4,3
1,conj_uni,13,3,2,-70,-23,2.13,3
1,conj_uni,13,2,1,-187,313,3.27,3
1,conj_uni,13,46,1,-203,199,3.84,3
1,conj_uni,13,5,2,177,94,5.1,3
1,conj_uni,13,44,2,275,35,5.94,3
1,conj_uni,13,36,1,98,-311,6.9,3
1,conj_uni,13,18,1,-177,-269,7.8,3
1,conj_uni,13,33,2,-144,-111,8.73,3
1,conj_uni,13,25,2,-116,-55,9.53,3
1,conj_uni,13,8,2,-199,-112,10.67,3
1,conj_uni,13,29,2,-289,-8,16.37,3
1,conj_uni,13,38,2,-308,-79,17.23,3
1,conj_uni,13,23,1,-276,-239,18.4,3
1,conj_uni,13,10,1,-209,-224,18.93,3
1,conj_uni,13,42,1,-348,-168,19.83,3
1,conj_uni,13,48,1,-361,-64,21,3
1,conj_uni,13,11,1,-256,-55,21.73,3
1,conj_uni,13,20,2,16,-133,23.1,3
1,conj_uni,13,30,2,-30,-235,24.95,3
1,conj_uni,13,7,2,28,-348,26.01,3
1,conj_uni,13,12,1,96,250,28.06,3
1,conj_uni,13,26,1,-14,345,30.03,3
1,conj_uni,13,34,2,-232,-274,58.81,3
1,conj_uni,14,36,2,-114,-257,3.6,4
1,conj_uni,14,12,2,45,-352,4.87,4
1,conj_uni,14,15,2,-146,166,7.23,4
1,conj_uni,14,1,2,-20,259,8.47,4
1,conj_uni,14,46,2,-333,323,9.57,4
1,conj_uni,14,34,2,-115,-47,10.6,4
1,conj_uni,14,9,1,211,-23,12.1,4
1,conj_uni,14,20,1,-235,-24,13.9,4
1,conj_uni,14,17,1,22,-120,15.63,4
1,conj_uni,14,27,1,43,-41,16.37,4
1,conj_uni,14,25,1,341,-313,17.57,4
1,conj_uni,14,21,1,-149,-360,18.77,4
1,conj_uni,14,11,1,-295,-327,19.36,4
1,conj_uni,14,14,1,-303,-230,19.86,4
1,conj_uni,14,42,2,-227,-92,20.77,4
1,conj_uni,14,30,2,-244,211,22.1,4
1,conj_uni,14,10,1,-268,108,22.8,4
1,conj_uni,14,13,2,321,97,24.16,4
1,conj_uni,14,3,1,323,290,27.28,4
1,conj_uni,14,39,1,91,233,28.72,4
1,conj_uni,14,33,1,50,-220,30,4
1,conj_uni,14,2,2,176,-212,32.66,4
1,conj_uni,14,29,2,175,-157,34.71,4
1,conj_uni,14,23,2,139,-255,47.49,4
1,conj_uni,15,18,1,27,-21,1.4,5
1,conj_uni,15,5,1,225,-120,2.63,5
1,conj_uni,15,37,1,-211,-93,3.8,5
1,conj_uni,15,14,2,-63,-47,4.67,5
1,conj_uni,15,29,2,-89,-96,5.43,5
1,conj_uni,15,23,2,59,-68,6.43,5
1,conj_uni,15,15,2,118,-73,7.1,5
1,conj_uni,15,28,1,104,-280,8.2,5
1,conj_uni,15,1,1,262,-354,9.1,5
1,conj_uni,15,7,1,202,-331,9.83,5
1,conj_uni,15,42,1,-85,-288,10.9,5
1,conj_uni,15,20,1,-205,-346,11.87,5
1,conj_uni,15,21,2,136,344,14.73,5
1,conj_uni,15,11,2,270,343,15.87,5
1,conj_uni,15,4,1,32,335,17.86,5
1,conj_uni,15,43,2,-228,345,19.03,5
1,conj_uni,15,6,2,-291,259,20.1,5
1,conj_uni,15,13,1,-215,110,21.75,5
1,conj_uni,15,44,1,-295,199,22.73,5
1,conj_uni,15,45,1,-231,279,23.67,5
1,conj_uni,15,12,2,228,82,26.18,5
1,conj_uni,15,36,2,12,42,27.43,5
1,conj_uni,15,16,2,-182,57,31.01,5
1,conj_uni,15,30,2,290,217,35.68,5
1,feat_grid,16,49,2,323,338,1.1,1
1,feat_grid,16,46,1,12,326,2,1
1,feat_grid,16,47,2,102,318,2.94,1
1,feat_grid,16,44,1,-214,342,5.8,1
1,feat_grid,16,43,1,-326,338,7.04,1
1,feat_grid,16,29,2,-323,112,8.17,1
1,feat_grid,16,37,1,-217,213,9.1,1
1,feat_grid,16,30,1,-215,105,9.87,1
1,feat_grid,16,39,2,4,207,10.83,1
1,feat_grid,16,32,2,9,105,11.73,1
1,feat_grid,16,40,1,111,219,12.43,1
1,feat_grid,16,33,1,125,106,14.93,1
1,feat_grid,16,35,1,335,108,16.47,1
1,feat_grid,16,23,2,-204,14,17.93,1
1,feat_grid,16,16,1,-201,-111,19.17,1
1,feat_grid,16,8,2,-327,-210,20.03,1
1,feat_grid,16,1,1,-337,-319,21.16,1
1,feat_grid,16,2,2,-212,-322,21.76,1
1,feat_grid,16,12,1,81,-195,22.63,1
1,feat_grid,16,5,2,97,-331,23.96,1
1,feat_grid,16,6,1,225,-336,25.06,1
1,feat_grid,16,7,2,343,-320,25.96,1
1,feat_grid,16,21,2,335,-112,26.5,1
1,feat_grid,16,28,2,314,11,27.47,1
1,feat_grid,17,49,1,312,339,1.17,2
1,feat_grid,17,42,1,341,215,1.8,2
1,feat_grid,17,40,2,115,203,3.12,2
1,feat_grid,17,47,1,96,319,4.92,2
1,feat_grid,17,38,2,-104,225,6.22,2
1,feat_grid,17,44,2,-190,333,10.62,2
1,feat_grid,17,43,1,-310,342,11.35,2
1,feat_grid,17,37,1,-229,235,12.28,2
1,feat_grid,17,32,1,2,112,13.08,2
1,feat_grid,17,33,2,112,88,13.75,2
1,feat_grid,17,28,2,322,-12,15.38,2
1,feat_grid,17,26,2,113,8,16.22,2
1,feat_grid,17,20,1,227,-92,17.12,2
1,feat_grid,17,17,2,-108,-110,18.22,2
1,feat_grid,17,16,2,-220,-126,19.65,2
1,feat_grid,17,15,1,-315,-108,20.68,2
1,feat_grid,17,8,1,-328,-207,22.08,2
1,feat_grid,17,9,1,-211,-226,22.88,2
1,feat_grid,17,2,2,-215,-329,23.68,2
1,feat_grid,17,3,2,-121,-316,24.25,2
1,feat_grid,17,11,1,3,-219,24.95,2
1,feat_grid,17,14,1,333,-218,25.93,2
1,feat_grid,17,7,2,313,-336,26.71,2
1,feat_grid,17,6,2,199,-322,27.4,2
1,feat_grid,18,48,1,219,316,1.54,3
1,feat_grid,18,46,1,6,326,2.5,3
1,feat_grid,18,43,1,-319,323,3.57,3
1,feat_grid,18,30,1,-224,112,4.53,3
1,feat_grid,18,29,2,-333,116,5.43,3
1,feat_grid,18,23,2,-223,1,6.17,3
1,feat_grid,18,32,2,8,107,7.17,3
1,feat_grid,18,40,2,100,211,7.83,3
1,feat_grid,18,33,2,105,126,8.8,3
1,feat_grid,18,41,2,220,211,9.67,3
1,feat_grid,18,42,2,320,217,10.6,3
1,feat_grid,18,19,1,111,-94,11.57,3
1,feat_grid,18,21,2,344,-93,12.47,3
1,feat_grid,18,18,2,-12,-111,13.53,3
1,feat_grid,18,17,2,-103,-124,14.47,3
1,feat_grid,18,16,1,-228,-99,15.6,3
1,feat_grid,18,8,1,-312,-218,16.6,3
1,feat_grid,18,1,1,-324,-334,17.2,3
1,feat_grid,18,2,1,-212,-313,18,3
1,feat_grid,18,10,2,-113,-218,18.7,3
1,feat_grid,18,13,2,222,-221,20.1,3
1,feat_grid,18,14,1,329,-208,20.91,3
1,feat_grid,18,6,1,217,-307,21.68,3
1,feat_grid,18,11,1,6,-225,22.4,3
1,feat_grid,19,34,1,212,102,1.14,4
1,feat_grid,19,48,2,202,329,2.74,4
1,feat_grid,19,49,1,337,322,3.37,4
1,feat_grid,19,42,2,346,211,4.1,4
1,feat_grid,19,43,2,-321,323,6.4,4
1,feat_grid,19,36,2,-321,205,7.5,4
1,feat_grid,19,37,1,-222,204,9.03,4
1,feat_grid,19,29,1,-331,105,10,4
1,feat_grid,19,31,1,-100,91,12.27,4
1,feat_grid,19,24,1,-115,-9,12.93,4
1,feat_grid,19,22,2,-326,-8,14.5,4
1,feat_grid,19,15,2,-317,-106,16.1,4
1,feat_grid,19,17,2,-120,-111,17.23,4
1,feat_grid,19,33,2,109,100,18.13,4
1,feat_grid,19,18,2,8,-114,19.13,4
1,feat_grid,19,20,2,221,-94,20.1,4
1,feat_grid,19,13,2,230,-211,21.33,4
1,feat_grid,19,6,2,219,-317,22.2,4
1,feat_grid,19,4,1,5,-327,23.88,4
1,feat_grid,19,5,1,107,-308,24.56,4
1,feat_grid,19,10,1,-109,-209,25.9,4
1,feat_grid,19,16,1,-213,-104,26.78,4
1,feat_grid,19,9,1,-216,-225,27.51,4
1,feat_grid,19,2,1,-207,-323,28.36,4
1,feat_grid,20,47,1,102,330,1.34,5
1,feat_grid,20,46,2,3,314,1.84,5
1,feat_grid,20,44,2,-226,325,3.2,5
1,feat_grid,20,36,2,-325,223,4.1,5
1,feat_grid,20,37,1,-216,233,4.6,5
1,feat_grid,20,45,1,-120,324,5.27,5
1,feat_grid,20,40,2,118,217,6.8,5
1,feat_grid,20,49,1,335,309,7.5,5
1,feat_grid,20,39,2,1,225,8.4,5
1,feat_grid,20,30,2,-219,105,9.3,5
1,feat_grid,20,22,2,-315,-7,10.33,5
1,feat_grid,20,15,2,-332,-90,11.07,5
1,feat_grid,20,16,2,-215,-91,11.87,5
1,feat_grid,20,23,1,-221,14,12.37,5
1,feat_grid,20,25,2,5,1,13.03,5
1,feat_grid,20,35,2,328,101,14.17,5
1,feat_grid,20,20,1,222,-107,15.83,5
1,feat_grid,20,21,1,342,-106,16.8,5
1,feat_grid,20,14,2,321,-212,17.73,5
1,feat_grid,20,12,1,93,-212,18.62,5
1,feat_grid,20,5,1,108,-323,19.31,5
1,feat_grid,20,6,1,211,-323,20.46,5
1,feat_grid,20,4,1,5,-340,21.3,5
1,feat_grid,20,2,1,-199,-307,22.15,5
1,feat_rot,21,18,2,58,-77,1.3,1
1,feat_rot,21,42,1,66,378,2.94,1
1,feat_rot,21,49,1,9,467,3.67,1
1,feat_rot,21,47,2,-177,312,4.34,1
1,feat_rot,21,34,2,77,224,4.97,1
1,feat_rot,21,35,1,143,306,5.53,1
1,feat_rot,21,28,2,232,248,6.37,1
1,feat_rot,21,33,2,-13,179,7,1
1,feat_rot,21,32,1,-77,67,7.6,1
1,feat_rot,21,38,1,-231,72,8.53,1
1,feat_rot,21,43,2,-459,13,9.6,1
1,feat_rot,21,31,2,-149,-9,10.5,1
1,feat_rot,21,24,2,-66,-74,11.73,1
1,feat_rot,21,22,1,-241,-218,12.47,1
1,feat_rot,21,9,1,15,-280,13.17,1
1,feat_rot,21,10,1,75,-227,13.83,1
1,feat_rot,21,14,1,385,54,14.93,1
1,feat_rot,21,5,1,303,-150,15.87,1
1,feat_rot,21,2,1,68,-366,16.91,1
1,feat_rot,21,8,2,-67,-367,18.43,1
1,feat_rot,21,16,2,-83,-214,19.23,1
1,feat_rot,21,3,2,151,-308,20.11,1
1,feat_rot,21,1,1,-2,-445,20.95,1
1,feat_rot,21,7,2,456,-2,22,1
1,feat_rot,22,42,1,73,380,1.2,2
1,feat_rot,22,48,1,-80,376,2.37,2
1,feat_rot,22,40,1,-89,237,3.17,2
1,feat_rot,22,33,1,-4,177,3.77,2
1,feat_rot,22,35,1,149,296,4.67,2
1,feat_rot,22,41,2,-2,300,5.5,2
1,feat_rot,22,45,2,-299,161,6.94,2
1,feat_rot,22,37,1,-301,2,8.13,2
1,feat_rot,22,43,2,-469,-3,9.07,2
1,feat_rot,22,38,1,-230,72,10.8,2
1,feat_rot,22,31,2,-152,11,11.8,2
1,feat_rot,22,29,2,-319,-151,12.63,2
1,feat_rot,22,17,1,2,-154,14.73,2
1,feat_rot,22,16,2,-69,-230,15.3,2
1,feat_rot,22,8,2,-86,-383,16.23,2
1,feat_rot,22,1,2,5,-451,17,2
1,feat_rot,22,2,1,79,-379,17.66,2
1,feat_rot,22,4,2,236,-230,18.56,2
1,feat_rot,22,11,2,160,-148,19.16,2
1,feat_rot,22,12,1,227,-79,19.77,2
1,feat_rot,22,5,1,301,-137,20.3,2
1,feat_rot,22,6,2,395,-82,21,2
1,feat_rot,22,20,2,228,76,21.86,2
1,feat_rot,22,21,1,322,155,22.32,2
1,feat_rot,23,27,1,137,152,1.2,3
1,feat_rot,23,33,2,-18,160,2.44,3
1,feat_rot,23,48,1,-88,383,3.27,3
1,feat_rot,23,40,2,-86,227,4.5,3
1,feat_rot,23,39,2,-151,164,5.04,3
1,feat_rot,23,44,1,-372,80,5.77,3
1,feat_rot,23,38,2,-236,74,6.27,3
1,feat_rot,23,43,2,-447,-13,7.07,3
1,feat_rot,23,29,1,-286,-155,7.77,3
1,feat_rot,23,24,1,-83,-80,8.8,3
1,feat_rot,23,10,1,83,-222,9.57,3
1,feat_rot,23,9,2,4,-320,10.33,3
1,feat_rot,23,17,2,-5,-179,11.13,3
1,feat_rot,23,3,2,127,-309,11.87,3
1,feat_rot,23,2,2,88,-382,12.63,3
1,feat_rot,23,1,1,9,-460,13.27,3
1,feat_rot,23,4,1,235,-240,14.2,3
1,feat_rot,23,19,2,167,-9,15.07,3
1,feat_rot,23,12,1,241,-80,15.87,3
1,feat_rot,23,13,1,297,-9,16.35,3
1,feat_rot,23,21,2,330,153,17.47,3
1,feat_rot,23,14,1,385,81,18.53,3
1,feat_rot,23,5,2,313,-144,19.68,3
1,feat_rot,23,6,1,384,-75,20.61,3
1,feat_rot,24,42,2,68,367,1.24,4
1,feat_rot,24,49,2,2,460,2.04,4
1,feat_rot,24,47,1,-154,288,2.84,4
1,feat_rot,24,46,1,-235,222,3.5,4
1,feat_rot,24,45,2,-306,155,4.1,4
1,feat_rot,24,44,1,-404,81,4.74,4
1,feat_rot,24,37,2,-314,-1,5.44,4
1,feat_rot,24,32,2,-80,72,6.13,4
1,feat_rot,24,33,1,3,145,6.73,4
1,feat_rot,24,34,1,78,218,7.33,4
1,feat_rot,24,36,1,-385,-72,8.3,4
1,feat_rot,24,25,1,-9,-3,9.27,4
1,feat_rot,24,26,1,79,79,10.07,4
1,feat_rot,24,14,1,385,84,11.7,4
1,feat_rot,24,27,1,169,159,12.53,4
1,feat_rot,24,13,2,298,-8,13.33,4
1,feat_rot,24,12,2,226,-56,13.8,4
1,feat_rot,24,17,2,3,-155,14.52,4
1,feat_rot,24,15,2,-144,-310,15.95,4
1,feat_rot,24,2,2,62,-399,17.2,4
1,feat_rot,24,9,1,-4,-295,18.68,4
1,feat_rot,24,4,1,238,-225,19.43,4
1,feat_rot,24,1,2,-2,-469,20.46,4
1,feat_rot,24,5,2,319,-158,21.53,4
1,feat_rot,25,35,1,166,294,1.07,5
1,feat_rot,25,34,1,85,241,1.87,5
1,feat_rot,25,41,1,0,315,2.7,5
1,feat_rot,25,48,2,-82,393,4.3,5
1,feat_rot,25,39,2,-147,146,5.37,5
1,feat_rot,25,38,2,-244,66,6.1,5
1,feat_rot,25,37,1,-295,-3,6.87,5
1,feat_rot,25,43,2,-454,-10,7.63,5
1,feat_rot,25,33,2,4,155,9.2,5
1,feat_rot,25,32,2,-91,79,9.77,5
1,feat_rot,25,26,1,76,86,10.77,5
1,feat_rot,25,28,2,224,237,11.53,5
1,feat_rot,25,20,2,217,86,12.33,5
1,feat_rot,25,19,1,159,-3,12.9,5
1,feat_rot,25,18,1,92,-79,13.83,5
1,feat_rot,25,24,2,-59,-88,14.63,5
1,feat_rot,25,23,1,-158,-151,15.5,5
1,feat_rot,25,16,2,-63,-217,16.17,5
1,feat_rot,25,22,2,-248,-218,16.83,5
1,feat_rot,25,15,1,-158,-319,17.42,5
1,feat_rot,25,8,1,-69,-384,18.51,5
1,feat_rot,25,11,2,157,-169,19.42,5
1,feat_rot,25,5,1,292,-153,20.41,5
1,feat_rot,25,6,1,369,-90,21.03,5
1,feat_uni,26,15,1,188,154,1.17,1
1,feat_uni,26,21,2,238,339,1.83,1
1,feat_uni,26,26,2,45,238,2.77,1
1,feat_uni,26,6,1,111,345,3.37,1
1,feat_uni,26,37,1,-32,308,4.5,1
1,feat_uni,26,9,1,-51,256,5.1,1
1,feat_uni,26,44,2,-219,285,5.84,1
1,feat_uni,26,16,2,-93,191,6.5,1
1,feat_uni,26,5,2,-210,77,7.17,1
1,feat_uni,26,7,2,-161,41,7.73,1
1,feat_uni,26,10,1,-148,96,8.2,1
1,feat_uni,26,30,2,-313,-8,8.77,1
1,feat_uni,26,41,1,-188,-68,9.37,1
1,feat_uni,26,23,1,-221,-196,9.93,1
1,feat_uni,26,33,1,191,-65,10.97,1
1,feat_uni,26,31,1,132,85,11.67,1
1,feat_uni,26,46,1,56,130,12.14,1
1,feat_uni,26,43,2,262,-331,13.1,1
1,feat_uni,26,32,1,200,-325,15.62,1
1,feat_uni,26,17,1,130,-367,16.15,1
1,feat_uni,26,18,2,128,-279,16.65,1
1,feat_uni,26,27,2,212,-165,17.17,1
1,feat_uni,26,19,2,6,-143,18.33,1
1,feat_uni,26,29,2,270,137,20.08,1
1,feat_uni,27,30,2,79,29,0.97,2
1,feat_uni,27,31,1,-36,167,1.84,2
1,feat_uni,27,9,1,-44,246,2.33,2
1,feat_uni,27,25,2,-211,295,3.4,2
1,feat_uni,27,39,2,-94,177,4.34,2
1,feat_uni,27,10,1,33,274,4.9,2
1,feat_uni,27,14,1,105,318,5.83,2
1,feat_uni,27,43,1,134,232,6.4,2
1,feat_uni,27,37,2,31,170,7.27,2
1,feat_uni,27,13,1,290,191,8.07,2
1,feat_uni,27,36,2,360,178,8.87,2
1,feat_uni,27,47,2,272,138,9.33,2
1,feat_uni,27,1,1,217,145,10.03,2
1,feat_uni,27,6,1,356,91,10.57,2
1,feat_uni,27,22,1,93,-25,11.4,2
1,feat_uni,27,20,1,103,-133,12.87,2
1,feat_uni,27,33,2,137,-84,13.4,2
1,feat_uni,27,18,2,40,-136,13.9,2
1,feat_uni,27,16,2,-131,-73,14.7,2
1,feat_uni,27,45,2,-277,-255,15.97,2
1,feat_uni,27,24,2,-132,-304,17,2
1,feat_uni,27,41,2,-76,-277,17.48,2
1,feat_uni,27,49,1,317,-260,19.25,2
1,feat_uni,27,5,1,-20,-323,20.1,2
1,feat_uni,28,20,2,115,150,1.43,3
1,feat_uni,28,14,2,122,220,2,3
1,feat_uni,28,38,1,87,331,2.87,3
1,feat_uni,28,3,1,268,291,4.07,3
1,feat_uni,28,19,1,174,241,4.83,3
1,feat_uni,28,31,1,59,157,5.43,3
1,feat_uni,28,25,1,-134,100,6.23,3
1,feat_uni,28,6,2,-59,129,7.23,3
1,feat_uni,28,16,2,-9,315,7.8,3
1,feat_uni,28,44,2,240,164,8.6,3
1,feat_uni,28,33,1,-6,-52,9.67,3
1,feat_uni,28,42,1,-40,-109,10.37,3
1,feat_uni,28,47,2,-66,-51,10.87,3
1,feat_uni,28,28,2,-328,-3,11.73,3
1,feat_uni,28,13,2,-301,-77,12.7,3
1,feat_uni,28,7,1,-309,-289,13.6,3
1,feat_uni,28,18,1,-251,-252,14.13,3
1,feat_uni,28,41,1,-273,-344,14.73,3
1,feat_uni,28,2,2,48,-162,15.5,3
1,feat_uni,28,12,1,149,-114,16.22,3
1,feat_uni,28,48,2,146,-171,16.67,3
1,feat_uni,28,5,1,229,-190,18.03,3
1,feat_uni,28,10,2,270,-250,18.75,3
1,feat_uni,28,29,2,284,-341,19.38,3
1,feat_uni,29,30,1,-92,287,1.77,4
1,feat_uni,29,31,1,-105,177,2.34,4
1,feat_uni,29,27,2,-236,190,3.2,4
1,feat_uni,29,36,2,-212,83,4.37,4
1,feat_uni,29,48,1,-158,66,4.87,4
1,feat_uni,29,14,1,-262,107,5.8,4
1,feat_uni,29,17,1,-342,-46,6.5,4
1,feat_uni,29,15,1,-354,-118,7.23,4
1,feat_uni,29,40,1,-311,-156,7.74,4
1,feat_uni,29,42,2,-290,-208,8.3,4
1,feat_uni,29,34,2,-266,-10,9.03,4
1,feat_uni,29,28,2,-132,-27,9.57,4
1,feat_uni,29,23,1,-20,54,10.33,4
1,feat_uni,29,33,1,306,175,11.4,4
1,feat_uni,29,26,2,361,252,12.1,4
1,feat_uni,29,11,2,217,269,13,4
1,feat_uni,29,19,2,202,168,13.5,4
1,feat_uni,29,47,2,189,104,14.13,4
1,feat_uni,29,3,1,-158,-187,15.9,4
1,feat_uni,29,45,1,-123,-298,16.62,4
1,feat_uni,29,7,2,64,-249,17.5,4
1,feat_uni,29,29,2,207,-138,18.3,4
1,feat_uni,29,41,1,267,-306,18.85,4
1,feat_uni,29,25,2,252,-361,19.8,4
1,feat_uni,30,25,1,184,250,1.67,5
1,feat_uni,30,3,1,192,194,2.53,5
1,feat_uni,30,41,1,-242,274,3.54,5
1,feat_uni,30,35,1,-278,193,4.17,5
1,feat_uni,30,33,2,-179,208,4.8,5
1,feat_uni,30,39,2,-85,255,5.6,5
1,feat_uni,30,48,2,-344,164,6.5,5
1,feat_uni,30,23,1,-206,-42,7.73,5
1,feat_uni,30,16,1,-245,-277,8.47,5
1,feat_uni,30,44,2,-181,-253,9.17,5
1,feat_uni,30,19,2,-41,-114,9.77,5
1,feat_uni,30,43,2,-38,-7,10.37,5
1,feat_uni,30,1,2,66,38,11.07,5
1,feat_uni,30,24,1,66,-27,11.57,5
1,feat_uni,30,31,1,37,-74,12.13,5
1,feat_uni,30,11,1,69,-166,13.23,5
1,feat_uni,30,20,1,2,-179,13.73,5
1,feat_uni,30,17,2,82,-112,14.33,5
1,feat_uni,30,14,1,296,-76,15.8,5
1,feat_uni,30,30,2,337,-116,16.43,5
1,feat_uni,30,6,2,308,-174,17.1,5
1,feat_uni,30,15,1,157,-190,17.82,5
1,feat_uni,30,18,2,131,-85,18.72,5
1,feat_uni,30,21,2,-18,-269,19.73,5
2,conj_grid,31,47,1,131,328,2.39,1
2,conj_grid,31,42,1,323,201,3.55,1
2,conj_grid,31,32,1,-0,119,4.2,1
2,conj_grid,31,27,1,199,-20,5.2,1
2,conj_grid,31,25,1,17,-0,5.8,1
2,conj_grid,31,30,1,-218,105,6.87,1
2,conj_grid,31,16,1,-212,-113,7.37,1
2,conj_grid,31,9,1,-221,-224,7.77,1
2,conj_grid,31,2,1,-223,-307,8.17,1
2,conj_grid,31,12,1,115,-210,8.97,1
2,conj_grid,31,14,1,327,-197,9.67,1
2,conj_grid,31,5,2,106,-324,10.17,1
2,conj_grid,31,11,2,-8,-238,10.9,1
2,conj_grid,31,10,2,-99,-222,11.37,1
2,conj_grid,31,3,2,-95,-330,11.87,1
2,conj_grid,31,21,2,318,-104,12.93,1
2,conj_grid,31,19,2,122,-93,13.47,1
2,conj_grid,31,18,2,-7,-97,13.83,1
2,conj_grid,31,1,2,-310,-315,14.3,1
2,conj_grid,31,15,2,-338,-101,14.93,1
2,conj_grid,31,23,2,-226,9,15.57,1
2,conj_grid,31,31,2,-105,89,17.1,1
2,conj_grid,31,24,2,-74,-18,17.8,1
2,conj_grid,31,7,1,346,-323,22.85,1
2,conj_grid,32,43,2,-342,315,1.7,2
2,conj_grid,32,36,2,-334,211,2.14,2
2,conj_grid,32,29,2,-320,112,2.53,2
2,conj_grid,32,23,2,-202,2,3.13,2
2,conj_grid,32,25,2,-13,21,3.63,2
2,conj_grid,32,38,2,-123,212,4.3,2
2,conj_grid,32,33,2,103,113,4.9,2
2,conj_grid,32,10,2,-102,-205,6.4,2
2,conj_grid,32,3,2,-114,-329,6.87,2
2,conj_grid,32,8,2,-318,-214,7.63,2
2,conj_grid,32,12,2,117,-230,8.37,2
2,conj_grid,32,11,1,3,-231,8.93,2
2,conj_grid,32,6,1,230,-327,10.7,2
2,conj_grid,32,14,1,335,-207,11.37,2
2,conj_grid,32,28,1,313,-9,12.13,2
2,conj_grid,32,26,1,113,9,12.87,2
2,conj_grid,32,32,1,-5,94,13.37,2
2,conj_grid,32,31,1,-112,91,13.73,2
2,conj_grid,32,24,1,-127,31,14.97,2
2,conj_grid,32,30,1,-218,94,15.47,2
2,conj_grid,32,16,1,-223,-106,16.1,2
2,conj_grid,32,40,1,103,216,16.72,2
2,conj_grid,32,48,1,197,314,17.38,2
2,conj_grid,32,49,2,343,320,19.25,2
2,conj_grid,33,44,2,-211,321,1.2,3
2,conj_grid,33,47,2,114,336,2.07,3
2,conj_grid,33,39,2,23,206,3.34,3
2,conj_grid,33,16,2,-226,-91,4.37,3
2,conj_grid,33,22,2,-332,-2,5.07,3
2,conj_grid,33,1,2,-323,-303,6.17,3
2,conj_grid,33,2,2,-218,-324,6.73,3
2,conj_grid,33,9,1,-212,-224,7.17,3
2,conj_grid,33,11,1,-6,-212,7.73,3
2,conj_grid,33,5,2,116,-327,8.47,3
2,conj_grid,33,13,2,227,-230,9.03,3
2,conj_grid,33,14,2,334,-225,9.87,3
2,conj_grid,33,19,2,114,-113,10.43,3
2,conj_grid,33,20,1,212,-103,11.22,3
2,conj_grid,33,18,2,8,-100,12.18,3
2,conj_grid,33,24,1,-79,7,12.98,3
2,conj_grid,33,29,1,-320,112,14.38,3
2,conj_grid,33,36,1,-335,215,14.88,3
2,conj_grid,33,48,1,214,330,16,3
2,conj_grid,33,40,1,106,215,16.77,3
2,conj_grid,33,49,1,318,338,18.17,3
2,conj_grid,33,21,1,344,-124,19.88,3
2,conj_grid,33,4,1,-6,-317,22.08,3
2,conj_grid,33,6,1,205,-349,22.6,3
2,conj_grid,34,43,2,-311,321,1.47,4
2,conj_grid,34,30,2,-219,83,2.87,4
2,conj_grid,34,31,2,-121,96,3.27,4
2,conj_grid,34,10,2,-110,-211,4.3,4
2,conj_grid,34,9,2,-212,-208,5.63,4
2,conj_grid,34,3,2,-104,-337,6.67,4
2,conj_grid,34,2,2,-230,-321,7.4,4
2,conj_grid,34,6,2,211,-322,8.33,4
2,conj_grid,34,20,2,214,-105,8.93,4
2,conj_grid,34,28,2,324,-1,9.5,4
2,conj_grid,34,49,2,322,330,10.2,4
2,conj_grid,34,48,2,233,325,10.93,4
2,conj_grid,34,46,1,-4,316,12.02,4
2,conj_grid,34,47,1,96,321,12.42,4
2,conj_grid,34,40,1,115,209,12.98,4
2,conj_grid,34,33,1,103,82,14.22,4
2,conj_grid,34,35,1,329,123,14.82,4
2,conj_grid,34,24,1,-114,-13,15.88,4
2,conj_grid,34,17,1,-101,-109,16.33,4
2,conj_grid,34,16,1,-207,-101,17.17,4
2,conj_grid,34,22,1,-328,9,17.85,4
2,conj_grid,34,1,1,-327,-336,18.55,4
2,conj_grid,34,4,1,18,-320,19.15,4
2,conj_grid,34,14,1,319,-220,19.85,4
2,conj_grid,35,38,1,-117,210,1.4,5
2,conj_grid,35,37,1,-209,223,1.97,5
2,conj_grid,35,43,1,-324,321,2.67,5
2,conj_grid,35,23,1,-205,15,3.37,5
2,conj_grid,35,15,1,-325,-113,4.57,5
2,conj_grid,35,9,1,-222,-225,5.13,5
2,conj_grid,35,2,1,-225,-321,5.7,5
2,conj_grid,35,4,1,15,-325,6.5,5
2,conj_grid,35,20,1,213,-107,7.23,5
2,conj_grid,35,41,1,209,223,8.13,5
2,conj_grid,35,49,1,317,339,9.6,5
2,conj_grid,35,47,1,96,336,10.47,5
2,conj_grid,35,45,2,-105,316,10.97,5
2,conj_grid,35,44,2,-213,335,11.34,5
2,conj_grid,35,40,2,104,220,11.9,5
2,conj_grid,35,42,2,329,231,12.33,5
2,conj_grid,35,35,2,333,109,13.6,5
2,conj_grid,35,33,2,114,91,14.23,5
2,conj_grid,35,12,2,134,-227,15.88,5
2,conj_grid,35,14,2,331,-223,16.6,5
2,conj_grid,35,17,2,-113,-123,18.12,5
2,conj_grid,35,10,2,-91,-210,20.3,5
2,conj_grid,35,1,2,-328,-325,21.03,5
2,conj_grid,35,25,2,-4,23,22.23,5
2,conj_rot,36,49,1,9,453,0.97,1
2,conj_rot,36,41,1,-19,303,1.84,1
2,conj_rot,36,42,1,78,387,2.2,1
2,conj_rot,36,48,1,-84,373,2.97,1
2,conj_rot,36,47,1,-147,311,3.37,1
2,conj_rot,36,40,1,-85,226,3.9,1
2,conj_rot,36,44,1,-362,79,4.74,1
2,conj_rot,36,43,1,-456,17,5.2,1
2,conj_rot,36,31,1,-165,-24,5.97,1
2,conj_rot,36,24,1,-81,-77,6.7,1
2,conj_rot,36,19,1,169,-9,7.33,1
2,conj_rot,36,21,1,302,147,8.13,1
2,conj_rot,36,13,2,296,-9,8.7,1
2,conj_rot,36,6,2,359,-72,9.33,1
2,conj_rot,36,28,2,236,222,10.13,1
2,conj_rot,36,34,2,77,216,10.67,1
2,conj_rot,36,26,2,84,79,11.1,1
2,conj_rot,36,11,2,147,-139,12.57,1
2,conj_rot,36,18,2,90,-74,13.08,1
2,conj_rot,36,17,2,-3,-144,13.73,1
2,conj_rot,36,25,2,-10,14,14.4,1
2,conj_rot,36,23,2,-171,-162,15.27,1
2,conj_rot,36,22,2,-201,-236,15.88,1
2,conj_rot,36,37,2,-296,-7,17.13,1
2,conj_rot,37,47,1,-156,319,1.34,2
2,conj_rot,37,42,1,71,369,1.99,2
2,conj_rot,37,34,1,85,233,2.45,2
2,conj_rot,37,27,1,140,147,2.99,2
2,conj_rot,37,7,1,464,2,3.75,2
2,conj_rot,37,3,1,142,-299,4.82,2
2,conj_rot,37,16,1,-75,-234,5.42,2
2,conj_rot,37,23,1,-152,-164,5.85,2
2,conj_rot,37,22,1,-242,-225,6.45,2
2,conj_rot,37,37,1,-310,11,7.09,2
2,conj_rot,37,38,1,-216,68,7.62,2
2,conj_rot,37,43,1,-460,5,8.45,2
2,conj_rot,37,46,2,-244,222,9.49,2
2,conj_rot,37,39,2,-136,142,11.68,2
2,conj_rot,37,31,2,-167,-14,12.22,2
2,conj_rot,37,30,2,-229,-73,12.65,2
2,conj_rot,37,44,2,-390,76,13.25,2
2,conj_rot,37,33,2,3,151,14.28,2
2,conj_rot,37,25,2,-3,-9,14.85,2
2,conj_rot,37,24,2,-69,-76,15.9,2
2,conj_rot,37,15,2,-153,-299,16.75,2
2,conj_rot,37,10,2,67,-238,17.65,2
2,conj_rot,37,18,2,89,-86,18.15,2
2,conj_rot,37,12,2,221,-74,18.96,2
2,conj_rot,38,49,2,-16,454,1.39,3
2,conj_rot,38,35,2,160,305,1.92,3
2,conj_rot,38,40,2,-65,217,2.52,3
2,conj_rot,38,47,2,-143,305,2.89,3
2,conj_rot,38,39,2,-157,150,3.75,3
2,conj_rot,38,32,2,-77,90,4.22,3
2,conj_rot,38,24,2,-77,-63,4.95,3
2,conj_rot,38,23,2,-146,-159,5.69,3
2,conj_rot,38,36,2,-388,-54,6.62,3
2,conj_rot,38,18,2,79,-79,8.05,3
2,conj_rot,38,20,2,257,72,8.85,3
2,conj_rot,38,6,2,385,-77,11.28,3
2,conj_rot,38,12,1,222,-76,11.72,3
2,conj_rot,38,19,1,153,-8,12.18,3
2,conj_rot,38,27,1,156,155,12.78,3
2,conj_rot,38,21,1,318,142,13.52,3
2,conj_rot,38,33,1,9,159,14.45,3
2,conj_rot,38,42,1,88,368,15.35,3
2,conj_rot,38,29,1,-306,-164,16.25,3
2,conj_rot,38,16,1,-82,-228,16.95,3
2,conj_rot,38,15,1,-144,-307,17.35,3
2,conj_rot,38,8,1,-68,-365,18.4,3
2,conj_rot,38,9,1,5,-314,18.98,3
2,conj_rot,38,1,1,-16,-453,19.86,3
2,conj_rot,39,41,1,4,298,1.44,4
2,conj_rot,39,33,1,4,151,2.39,4
2,conj_rot,39,40,1,-71,218,2.9,4
2,conj_rot,39,49,1,1,465,3.47,4
2,conj_rot,39,32,1,-58,100,4.37,4
2,conj_rot,39,31,1,-152,-1,4.87,4
2,conj_rot,39,43,1,-457,14,5.58,4
2,conj_rot,39,29,1,-293,-161,6.62,4
2,conj_rot,39,22,1,-244,-231,6.95,4
2,conj_rot,39,16,1,-89,-227,7.92,4
2,conj_rot,39,6,1,383,-82,8.85,4
2,conj_rot,39,12,1,238,-96,9.62,4
2,conj_rot,39,8,2,-83,-391,11.87,4
2,conj_rot,39,17,2,-1,-156,13.13,4
2,conj_rot,39,11,2,144,-150,13.67,4
2,conj_rot,39,23,2,-143,-152,14.27,4
2,conj_rot,39,30,2,-226,-82,14.9,4
2,conj_rot,39,38,2,-209,66,15.4,4
2,conj_rot,39,39,2,-146,156,16.17,4
2,conj_rot,39,46,2,-235,212,16.87,4
2,conj_rot,39,45,2,-287,175,17.23,4
2,conj_rot,39,27,2,158,152,17.93,4
2,conj_rot,39,14,2,373,79,18.53,4
2,conj_rot,39,7,2,466,10,19.08,4
2,conj_rot,40,49,2,-7,454,1.8,5
2,conj_rot,40,40,2,-73,233,2.4,5
2,conj_rot,40,39,2,-165,153,3.14,5
2,conj_rot,40,38,2,-217,87,3.94,5
2,conj_rot,40,31,2,-137,14,4.52,5
2,conj_rot,40,37,2,-310,17,5.15,5
2,conj_rot,40,22,2,-234,-231,5.95,5
2,conj_rot,40,3,2,144,-296,6.58,5
2,conj_rot,40,11,2,158,-164,7.12,5
2,conj_rot,40,18,2,74,-66,7.78,5
2,conj_rot,40,13,2,296,26,8.75,5
2,conj_rot,40,28,1,257,217,9.48,5
2,conj_rot,40,21,1,309,172,9.88,5
2,conj_rot,40,19,1,156,22,10.48,5
2,conj_rot,40,5,1,301,-163,11.42,5
2,conj_rot,40,2,1,84,-387,12.42,5
2,conj_rot,40,9,1,-31,-318,13.05,5
2,conj_rot,40,10,1,65,-227,13.48,5
2,conj_rot,40,17,1,-10,-149,13.95,5
2,conj_rot,40,25,1,-23,-1,14.32,5
2,conj_rot,40,24,1,-94,-51,14.73,5
2,conj_rot,40,23,1,-149,-138,15.35,5
2,conj_rot,40,41,1,-4,291,16.4,5
2,conj_rot,40,14,2,379,96,18.68,5
2,conj_uni,41,46,1,-146,331,1.14,1
2,conj_uni,41,28,1,-58,233,1.67,1
2,conj_uni,41,38,1,45,336,2.34,1
2,conj_uni,41,2,1,113,135,2.97,1
2,conj_uni,41,27,1,338,219,3.63,1
2,conj_uni,41,18,1,302,0,4.54,1
2,conj_uni,41,49,1,231,-47,5.2,1
2,conj_uni,41,19,1,265,-144,5.8,1
2,conj_uni,41,48,1,238,-276,6.34,1
2,conj_uni,41,17,1,301,-359,8.4,1
2,conj_uni,41,45,1,-53,-31,9.2,1
2,conj_uni,41,31,1,-302,-239,10.27,1
2,conj_uni,41,33,2,-266,-115,11.43,1
2,conj_uni,41,41,2,-210,-110,11.73,1
2,conj_uni,41,11,2,-196,-247,12.73,1
2,conj_uni,41,29,2,-158,-289,13.47,1
2,conj_uni,41,25,2,-147,-197,13.93,1
2,conj_uni,41,20,2,-224,240,15.03,1
2,conj_uni,41,40,2,-226,347,15.63,1
2,conj_uni,41,26,2,6,171,16.38,1
2,conj_uni,41,47,2,114,80,17.1,1
2,conj_uni,41,42,2,226,180,17.72,1
2,conj_uni,41,4,2,343,81,18.38,1
2,conj_uni,41,9,2,144,-14,19,1
2,conj_uni,42,41,1,13,91,4.02,2
2,conj_uni,42,32,1,178,248,5.22,2
2,conj_uni,42,20,1,71,-49,6.65,2
2,conj_uni,42,31,1,197,11,7.08,2
2,conj_uni,42,1,1,181,-134,7.65,2
2,conj_uni,42,40,1,248,-189,8.22,2
2,conj_uni,42,5,1,228,-244,8.65,2
2,conj_uni,42,39,1,-7,-117,9.48,2
2,conj_uni,42,4,1,-104,-74,9.98,2
2,conj_uni,42,45,1,-211,49,10.52,2
2,conj_uni,42,15,1,-310,50,11.02,2
2,conj_uni,42,34,1,-265,-261,11.92,2
2,conj_uni,42,23,2,-159,-331,12.92,2
2,conj_uni,42,29,2,-217,-148,13.62,2
2,conj_uni,42,9,2,-135,-120,14.35,2
2,conj_uni,42,24,2,-183,-24,15.82,2
2,conj_uni,42,11,2,-261,22,17.38,2
2,conj_uni,42,16,2,-132,0,18.15,2
2,conj_uni,42,36,2,169,-298,19.95,2
2,conj_uni,42,2,2,193,-188,20.53,2
2,conj_uni,42,49,2,139,31,21.2,2
2,conj_uni,42,26,2,69,8,22.67,2
2,conj_uni,42,10,2,134,88,23.16,2
2,conj_uni,42,38,2,-341,341,26.98,2
2,conj_uni,43,20,1,187,22,2.53,3
2,conj_uni,43,34,1,132,29,3.14,3
2,conj_uni,43,8,1,302,159,3.77,3
2,conj_uni,43,19,1,306,-95,4.53,3
2,conj_uni,43,22,1,100,-132,5.4,3
2,conj_uni,43,49,1,-28,-149,5.9,3
2,conj_uni,43,40,1,-92,-23,6.57,3
2,conj_uni,43,10,1,-119,179,7.5,3
2,conj_uni,43,28,1,-82,-221,8.3,3
2,conj_uni,43,16,1,-200,-180,8.8,3
2,conj_uni,43,13,1,-256,-187,9.3,3
2,conj_uni,43,31,1,-120,-325,10.5,3
2,conj_uni,43,27,2,-142,-271,11.03,3
2,conj_uni,43,24,2,-70,-299,11.57,3
2,conj_uni,43,46,2,90,-203,12.13,3
2,conj_uni,43,17,2,147,-199,12.7,3
2,conj_uni,43,18,2,301,38,14.13,3
2,conj_uni,43,26,2,195,129,15.03,3
2,conj_uni,43,30,2,208,74,15.43,3
2,conj_uni,43,25,2,-99,321,16.63,3
2,conj_uni,43,42,2,152,341,17.88,3
2,conj_uni,43,33,2,64,304,18.6,3
2,conj_uni,43,11,2,-326,261,19.53,3
2,conj_uni,43,2,2,-321,-117,24.06,3
2,conj_uni,44,11,1,-114,274,1.6,4
2,conj_uni,44,35,1,-175,238,2.17,4
2,conj_uni,44,46,1,-354,108,2.77,4
2,conj_uni,44,41,1,-155,-33,3.37,4
2,conj_uni,44,23,1,-92,-116,4.1,4
2,conj_uni,44,36,1,-47,-150,4.47,4
2,conj_uni,44,1,1,-10,-260,5,4
2,conj_uni,44,26,1,-323,-251,5.6,4
2,conj_uni,44,24,1,124,-88,6.2,4
2,conj_uni,44,3,1,85,63,6.8,4
2,conj_uni,44,48,1,359,1,8.14,4
2,conj_uni,44,21,1,316,144,9.57,4
2,conj_uni,44,18,2,320,89,9.97,4
2,conj_uni,44,15,2,272,61,10.43,4
2,conj_uni,44,49,2,168,-333,11.57,4
2,conj_uni,44,34,2,28,-302,12.1,4
2,conj_uni,44,39,2,-33,-344,12.54,4
2,conj_uni,44,33,2,-149,-211,13.65,4
2,conj_uni,44,25,2,-209,-219,14.15,4
2,conj_uni,44,42,2,-26,-77,15.12,4
2,conj_uni,44,37,2,15,104,15.72,4
2,conj_uni,44,8,2,-142,126,16.48,4
2,conj_uni,44,38,2,-282,140,17.17,4
2,conj_uni,44,45,2,128,182,18,4
2,conj_uni,45,23,1,80,354,1.1,5
2,conj_uni,45,49,1,-63,251,1.77,5
2,conj_uni,45,22,1,-259,108,2.43,5
2,conj_uni,45,29,1,194,73,3.1,5
2,conj_uni,45,25,1,261,80,3.74,5
2,conj_uni,45,40,1,321,-74,4.3,5
2,conj_uni,45,1,1,134,-26,4.77,5
2,conj_uni,45,11,1,33,-21,5.13,5
2,conj_uni,45,27,1,-89,20,5.53,5
2,conj_uni,45,43,1,-216,-223,6.27,5
2,conj_uni,45,31,1,-273,-216,6.73,5
2,conj_uni,45,46,1,-294,-323,7.3,5
2,conj_uni,45,32,2,166,-222,8.03,5
2,conj_uni,45,42,2,336,-131,9.44,5
2,conj_uni,45,48,2,-33,-358,10.17,5
2,conj_uni,45,34,2,84,-53,10.97,5
2,conj_uni,45,8,2,-118,-83,12.27,5
2,conj_uni,45,9,2,-250,28,12.9,5
2,conj_uni,45,10,2,-35,73,13.63,5
2,conj_uni,45,47,2,-217,202,14.42,5
2,conj_uni,45,28,2,-180,154,14.87,5
2,conj_uni,45,13,2,118,263,16.22,5
2,conj_uni,45,39,2,323,271,17.42,5
2,conj_uni,45,14,2,71,124,17.98,5
2,feat_grid,46,43,2,-316,326,1.17,1
2,feat_grid,46,46,2,12,344,2,1
2,feat_grid,46,48,2,208,323,2.54,1
2,feat_grid,46,41,2,209,215,2.94,1
2,feat_grid,46,40,1,118,203,3.3,1
2,feat_grid,46,34,2,217,98,3.67,1
2,feat_grid,46,27,2,221,2,4.2,1
2,feat_grid,46,28,2,322,2,4.6,1
2,feat_grid,46,13,1,206,-215,5.33,1
2,feat_grid,46,12,1,107,-227,5.77,1
2,feat_grid,46,7,2,333,-321,6.53,1
2,feat_grid,46,19,1,107,-120,7.53,1
2,feat_grid,46,11,1,1,-197,8.1,1
2,feat_grid,46,10,1,-106,-209,8.53,1
2,feat_grid,46,16,1,-219,-119,9.23,1
2,feat_grid,46,8,1,-326,-222,9.73,1
2,feat_grid,46,1,1,-320,-326,10.13,1
2,feat_grid,46,6,2,207,-323,10.93,1
2,feat_grid,46,18,2,-0,-118,11.63,1
2,feat_grid,46,25,1,-3,-15,12.13,1
2,feat_grid,46,24,2,-117,5,12.75,1
2,feat_grid,46,31,2,-103,126,13.33,1
2,feat_grid,46,30,1,-205,115,13.95,1
2,feat_grid,46,22,1,-327,4,14.52,1
2,feat_grid,47,45,1,-111,327,0.9,2
2,feat_grid,47,47,1,114,307,1.57,2
2,feat_grid,47,46,1,5,306,2.04,2
2,feat_grid,47,40,1,103,220,2.44,2
2,feat_grid,47,41,1,210,208,3.3,2
2,feat_grid,47,48,2,205,312,3.74,2
2,feat_grid,47,42,2,330,231,4.24,2
2,feat_grid,47,34,2,219,106,5,2
2,feat_grid,47,33,1,95,109,6.17,2
2,feat_grid,47,31,1,-109,110,6.7,2
2,feat_grid,47,30,2,-207,110,7.23,2
2,feat_grid,47,37,1,-229,217,7.67,2
2,feat_grid,47,23,1,-206,10,8.27,2
2,feat_grid,47,22,2,-328,9,8.87,2
2,feat_grid,47,10,2,-107,-208,9.87,2
2,feat_grid,47,2,2,-216,-333,10.8,2
2,feat_grid,47,3,2,-116,-323,11.37,2
2,feat_grid,47,11,1,-1,-226,11.9,2
2,feat_grid,47,12,2,111,-213,12.53,2
2,feat_grid,47,19,2,113,-109,13,2
2,feat_grid,47,25,2,-16,-3,14.02,2
2,feat_grid,47,20,1,217,-110,14.62,2
2,feat_grid,47,28,2,333,2,15.23,2
2,feat_grid,47,7,1,338,-314,15.87,2
2,feat_grid,48,49,1,346,313,1.07,3
2,feat_grid,48,48,2,220,314,2.2,3
2,feat_grid,48,41,1,224,209,2.6,3
2,feat_grid,48,40,1,104,223,3.14,3
2,feat_grid,48,32,1,10,113,3.64,3
2,feat_grid,48,34,1,213,91,4.1,3
2,feat_grid,48,27,1,233,16,4.47,3
2,feat_grid,48,28,2,319,1,4.83,3
2,feat_grid,48,21,2,323,-109,5.2,3
2,feat_grid,48,20,1,222,-102,5.77,3
2,feat_grid,48,13,2,208,-196,6.17,3
2,feat_grid,48,6,2,222,-321,6.63,3
2,feat_grid,48,4,1,-22,-324,7.43,3
2,feat_grid,48,3,1,-108,-317,7.87,3
2,feat_grid,48,1,1,-315,-308,8.4,3
2,feat_grid,48,9,2,-213,-209,8.9,3
2,feat_grid,48,19,2,95,-110,9.5,3
2,feat_grid,48,15,2,-317,-118,10.03,3
2,feat_grid,48,22,2,-312,-0,10.5,3
2,feat_grid,48,24,1,-113,-9,11.23,3
2,feat_grid,48,38,1,-97,218,12.12,3
2,feat_grid,48,30,2,-219,93,13.22,3
2,feat_grid,48,36,2,-316,222,13.73,3
2,feat_grid,48,45,2,-97,331,14.38,3
2,feat_grid,49,46,1,-15,326,1.17,4
2,feat_grid,49,48,1,222,340,1.64,4
2,feat_grid,49,40,2,113,238,2.17,4
2,feat_grid,49,33,2,106,97,3.5,4
2,feat_grid,49,32,1,0,118,4.03,4
2,feat_grid,49,39,1,-5,210,5.17,4
2,feat_grid,49,38,2,-108,219,5.6,4
2,feat_grid,49,31,2,-106,94,6.47,4
2,feat_grid,49,30,1,-201,120,7.13,4
2,feat_grid,49,29,1,-315,118,7.87,4
2,feat_grid,49,36,1,-338,208,8.3,4
2,feat_grid,49,16,1,-221,-96,9.17,4
2,feat_grid,49,15,2,-308,-114,9.53,4
2,feat_grid,49,1,2,-331,-301,10.23,4
2,feat_grid,49,17,2,-101,-109,10.73,4
2,feat_grid,49,24,2,-102,-12,11.17,4
2,feat_grid,49,18,1,-14,-87,11.7,4
2,feat_grid,49,11,2,3,-235,12.17,4
2,feat_grid,49,12,1,94,-212,12.57,4
2,feat_grid,49,5,1,115,-321,13.27,4
2,feat_grid,49,14,2,316,-227,14.03,4
2,feat_grid,49,26,2,92,-15,14.63,4
2,feat_grid,49,28,2,329,-3,15.4,4
2,feat_grid,49,35,1,317,118,15.78,4
2,feat_grid,50,43,1,-328,348,0.84,5
2,feat_grid,50,46,1,-8,311,1.84,5
2,feat_grid,50,47,2,90,325,2.2,5
2,feat_grid,50,48,2,213,309,2.5,5
2,feat_grid,50,49,1,321,326,2.77,5
2,feat_grid,50,41,1,212,219,3.8,5
2,feat_grid,50,34,2,231,106,4.27,5
2,feat_grid,50,40,2,105,206,4.74,5
2,feat_grid,50,25,2,4,28,5.27,5
2,feat_grid,50,31,2,-130,103,6.17,5
2,feat_grid,50,37,1,-228,229,7.24,5
2,feat_grid,50,30,1,-215,118,7.73,5
2,feat_grid,50,29,1,-324,100,8.07,5
2,feat_grid,50,23,1,-230,-3,8.63,5
2,feat_grid,50,15,1,-335,-128,9.17,5
2,feat_grid,50,3,2,-120,-310,9.73,5
2,feat_grid,50,4,2,9,-321,10.7,5
2,feat_grid,50,11,2,13,-222,11.23,5
2,feat_grid,50,10,2,-106,-225,11.6,5
2,feat_grid,50,12,2,99,-211,12.33,5
2,feat_grid,50,18,1,10,-116,13.28,5
2,feat_grid,50,19,2,115,-111,13.72,5
2,feat_grid,50,13,1,231,-214,14.22,5
2,feat_grid,50,7,1,314,-329,14.7,5
2,feat_rot,51,49,1,-6,458,1,1
2,feat_rot,51,42,2,63,381,1.54,1
2,feat_rot,51,35,1,149,294,1.97,1
2,feat_rot,51,34,1,91,250,2.27,1
2,feat_rot,51,41,2,-3,295,3.17,1
2,feat_rot,51,40,1,-95,220,3.77,1
2,feat_rot,51,47,1,-148,291,4.14,1
2,feat_rot,51,46,2,-232,241,4.5,1
2,feat_rot,51,45,2,-278,155,4.97,1
2,feat_rot,51,38,1,-222,72,6.57,1
2,feat_rot,51,43,1,-451,11,7.2,1
2,feat_rot,51,31,1,-146,-5,7.73,1
2,feat_rot,51,32,1,-92,88,8.03,1
2,feat_rot,51,23,2,-158,-151,8.6,1
2,feat_rot,51,15,2,-140,-314,9.43,1
2,feat_rot,51,8,1,-80,-372,9.83,1
2,feat_rot,51,3,2,156,-317,10.87,1
2,feat_rot,51,1,2,13,-454,11.43,1
2,feat_rot,51,25,2,14,21,12.03,1
2,feat_rot,51,26,2,64,63,12.32,1
2,feat_rot,51,19,2,154,2,12.72,1
2,feat_rot,51,13,1,318,-7,13.17,1
2,feat_rot,51,14,1,386,83,13.78,1
2,feat_rot,51,28,2,243,243,14.45,1
2,feat_rot,52,49,1,-15,462,1,2
2,feat_rot,52,48,2,-80,372,1.54,2
2,feat_rot,52,42,2,86,367,2.27,2
2,feat_rot,52,34,1,85,229,2.8,2
2,feat_rot,52,28,1,238,227,3.3,2
2,feat_rot,52,27,2,156,149,3.77,2
2,feat_rot,52,33,2,-1,152,4.44,2
2,feat_rot,52,40,1,-91,223,5.1,2
2,feat_rot,52,47,2,-150,305,5.5,2
2,feat_rot,52,46,2,-216,218,6.04,2
2,feat_rot,52,38,2,-237,81,6.6,2
2,feat_rot,52,37,2,-320,-2,7.1,2
2,feat_rot,52,43,2,-451,-5,7.64,2
2,feat_rot,52,31,1,-158,15,8.13,2
2,feat_rot,52,24,1,-66,-83,8.67,2
2,feat_rot,52,17,1,13,-160,9.03,2
2,feat_rot,52,16,1,-74,-212,9.7,2
2,feat_rot,52,9,2,-26,-313,10.2,2
2,feat_rot,52,10,2,71,-232,10.6,2
2,feat_rot,52,18,1,66,-54,11.08,2
2,feat_rot,52,19,1,147,13,11.47,2
2,feat_rot,52,13,1,317,-10,12.08,2
2,feat_rot,52,6,1,389,-72,12.4,2
2,feat_rot,52,5,2,306,-163,12.88,2
2,feat_rot,53,42,1,75,379,1.04,3
2,feat_rot,53,41,1,-6,312,1.44,3
2,feat_rot,53,40,2,-86,232,1.8,3
2,feat_rot,53,46,1,-241,222,2.4,3
2,feat_rot,53,45,2,-283,160,2.8,3
2,feat_rot,53,37,2,-315,5,3.74,3
2,feat_rot,53,30,1,-216,-84,4.5,3
2,feat_rot,53,16,1,-77,-221,5.5,3
2,feat_rot,53,22,1,-219,-221,6.13,3
2,feat_rot,53,9,2,-15,-313,7.5,3
2,feat_rot,53,2,2,91,-374,8.2,3
2,feat_rot,53,10,2,81,-237,8.77,3
2,feat_rot,53,4,1,228,-228,10.03,3
2,feat_rot,53,17,2,10,-161,10.57,3
2,feat_rot,53,24,2,-85,-98,11.07,3
2,feat_rot,53,25,2,8,11,11.57,3
2,feat_rot,53,26,1,80,82,12.07,3
2,feat_rot,53,12,2,225,-74,13.1,3
2,feat_rot,53,6,2,382,-68,13.7,3
2,feat_rot,53,7,1,457,8,14.32,3
2,feat_rot,53,14,2,393,65,14.72,3
2,feat_rot,53,21,1,317,151,15.33,3
2,feat_rot,53,20,1,217,89,16.12,3
2,feat_rot,53,34,1,96,223,16.8,3
2,feat_rot,54,47,2,-174,304,1.3,4
2,feat_rot,54,40,2,-75,218,1.74,4
2,feat_rot,54,33,2,-1,151,2.2,4
2,feat_rot,54,34,2,81,226,2.77,4
2,feat_rot,54,42,2,72,397,3.2,4
2,feat_rot,54,28,1,244,231,3.83,4
2,feat_rot,54,27,1,165,138,4.2,4
2,feat_rot,54,26,1,91,81,4.57,4
2,feat_rot,54,39,1,-177,163,5.3,4
2,feat_rot,54,37,1,-311,-5,5.87,4
2,feat_rot,54,43,1,-450,-6,6.34,4
2,feat_rot,54,44,2,-373,73,7.9,4
2,feat_rot,54,24,1,-80,-69,8.7,4
2,feat_rot,54,16,2,-81,-220,9.2,4
2,feat_rot,54,10,2,66,-233,9.83,4
2,feat_rot,54,1,1,-4,-446,10.4,4
2,feat_rot,54,4,1,215,-233,10.97,4
2,feat_rot,54,11,1,164,-173,11.37,4
2,feat_rot,54,5,1,313,-165,11.87,4
2,feat_rot,54,6,2,400,-69,12.83,4
2,feat_rot,54,14,1,386,75,13.32,4
2,feat_rot,54,19,2,178,-16,14.47,4
2,feat_rot,54,20,2,233,80,15.05,4
2,feat_rot,54,25,2,16,6,15.73,4
2,feat_rot,55,48,2,-77,383,0.94,5
2,feat_rot,55,41,1,11,314,1.34,5
2,feat_rot,55,35,1,148,306,1.7,5
2,feat_rot,55,34,2,90,237,2,5
2,feat_rot,55,40,2,-69,224,2.47,5
2,feat_rot,55,47,1,-157,292,2.94,5
2,feat_rot,55,39,1,-173,137,3.6,5
2,feat_rot,55,38,2,-224,80,4,5
2,feat_rot,55,44,2,-384,86,5.67,5
2,feat_rot,55,43,1,-444,-4,6.17,5
2,feat_rot,55,37,1,-312,22,7.44,5
2,feat_rot,55,30,2,-236,-92,8.03,5
2,feat_rot,55,23,2,-138,-174,8.57,5
2,feat_rot,55,24,1,-78,-64,9.1,5
2,feat_rot,55,31,1,-155,-12,9.57,5
2,feat_rot,55,17,1,14,-168,10.1,5
2,feat_rot,55,9,1,10,-292,10.57,5
2,feat_rot,55,3,1,148,-307,11.3,5
2,feat_rot,55,5,1,321,-154,11.93,5
2,feat_rot,55,6,2,384,-74,13.15,5
2,feat_rot,55,11,2,166,-162,13.72,5
2,feat_rot,55,18,2,73,-85,14.25,5
2,feat_rot,55,25,2,7,-14,14.73,5
2,feat_rot,55,27,2,164,136,15.47,5
2,feat_uni,56,46,1,-322,348,1.14,1
2,feat_uni,56,25,1,-175,359,1.7,1
2,feat_uni,56,47,2,-32,337,2.17,1
2,feat_uni,56,3,2,-73,232,2.73,1
2,feat_uni,56,39,2,21,223,3.14,1
2,feat_uni,56,13,2,-37,152,3.53,1
2,feat_uni,56,19,2,-56,98,3.77,1
2,feat_uni,56,12,2,-131,83,4.4,1
2,feat_uni,56,4,2,-202,-19,4.93,1
2,feat_uni,56,8,2,-112,-83,5.43,1
2,feat_uni,56,15,1,-250,-86,6.37,1
2,feat_uni,56,33,1,-33,-276,7.13,1
2,feat_uni,56,2,1,19,-341,7.9,1
2,feat_uni,56,6,1,134,-298,8.5,1
2,feat_uni,56,31,2,76,-341,8.77,1
2,feat_uni,56,37,1,278,-208,9.4,1
2,feat_uni,56,38,1,328,-54,10.07,1
2,feat_uni,56,28,1,297,-7,10.43,1
2,feat_uni,56,27,1,229,-43,10.7,1
2,feat_uni,56,29,2,72,-21,11.2,1
2,feat_uni,56,36,2,17,-26,11.77,1
2,feat_uni,56,40,1,220,208,12.63,1
2,feat_uni,56,48,1,170,172,13.15,1
2,feat_uni,56,17,2,336,289,13.83,1
2,feat_uni,57,14,1,-304,336,0.93,2
2,feat_uni,57,21,1,-246,79,2.13,2
2,feat_uni,57,43,2,-341,239,2.64,2
2,feat_uni,57,2,1,-313,-122,3.37,2
2,feat_uni,57,32,1,-130,-170,4,2
2,feat_uni,57,37,2,-136,-114,4.24,2
2,feat_uni,57,28,1,-47,-79,4.9,2
2,feat_uni,57,39,2,164,-99,5.54,2
2,feat_uni,57,13,1,194,-189,6.1,2
2,feat_uni,57,9,2,186,-265,6.5,2
2,feat_uni,57,48,2,324,-296,7.64,2
2,feat_uni,57,29,2,281,-258,8.03,2
2,feat_uni,57,42,1,303,-101,8.53,2
2,feat_uni,57,1,2,358,59,9.2,2
2,feat_uni,57,47,1,175,120,9.63,2
2,feat_uni,57,36,1,76,29,10.37,2
2,feat_uni,57,26,1,-31,41,10.73,2
2,feat_uni,57,33,2,-46,122,11.17,2
2,feat_uni,57,49,1,-71,230,11.57,2
2,feat_uni,57,38,2,-132,225,11.88,2
2,feat_uni,57,27,2,-14,230,12.32,2
2,feat_uni,57,6,2,137,211,12.8,2
2,feat_uni,57,17,1,182,246,13.03,2
2,feat_uni,57,20,2,152,303,13.35,2
2,feat_uni,58,5,1,283,345,1.23,3
2,feat_uni,58,47,1,227,355,1.54,3
2,feat_uni,58,26,2,283,289,2.1,3
2,feat_uni,58,29,2,358,147,2.67,3
2,feat_uni,58,40,1,252,94,3.17,3
2,feat_uni,58,4,1,197,84,3.5,3
2,feat_uni,58,22,1,152,15,3.93,3
2,feat_uni,58,37,2,148,-61,4.3,3
2,feat_uni,58,10,2,318,-29,4.8,3
2,feat_uni,58,9,1,352,-230,5.33,3
2,feat_uni,58,42,2,290,-353,6.1,3
2,feat_uni,58,25,2,117,-236,6.8,3
2,feat_uni,58,8,1,-43,-290,7.4,3
2,feat_uni,58,17,1,-343,-236,8.07,3
2,feat_uni,58,31,2,-249,-236,8.73,3
2,feat_uni,58,13,1,-258,-89,9.37,3
2,feat_uni,58,41,2,-235,-38,10,3
2,feat_uni,58,46,2,23,20,10.53,3
2,feat_uni,58,34,2,97,4,11.57,3
2,feat_uni,58,6,1,54,226,12.18,3
2,feat_uni,58,35,1,-46,188,12.78,3
2,feat_uni,58,28,1,-145,218,13.27,3
2,feat_uni,58,49,2,6,311,13.85,3
2,feat_uni,58,11,2,-192,363,14.43,3
2,feat_uni,59,24,1,36,318,1.07,4
2,feat_uni,59,10,1,-84,164,1.73,4
2,feat_uni,59,4,1,-81,79,2.43,4
2,feat_uni,59,32,1,-137,90,2.8,4
2,feat_uni,59,44,2,-181,139,3.2,4
2,feat_uni,59,22,2,-167,-29,4.23,4
2,feat_uni,59,1,2,-26,-21,4.9,4
2,feat_uni,59,5,2,-119,-0,5.47,4
2,feat_uni,59,18,1,-231,-36,5.93,4
2,feat_uni,59,15,1,-296,-156,6.73,4
2,feat_uni,59,33,1,-187,-160,7.24,4
2,feat_uni,59,25,2,-230,-249,7.7,4
2,feat_uni,59,30,1,-197,-295,8.17,4
2,feat_uni,59,47,1,-340,-245,9,4
2,feat_uni,59,9,2,-31,-244,9.63,4
2,feat_uni,59,31,2,-39,-189,10.13,4
2,feat_uni,59,7,2,34,-183,10.5,4
2,feat_uni,59,6,2,-45,-107,11.07,4
2,feat_uni,59,42,1,32,-29,11.55,4
2,feat_uni,59,35,1,184,-154,12.05,4
2,feat_uni,59,36,1,101,101,12.53,4
2,feat_uni,59,29,2,161,166,12.88,4
2,feat_uni,59,12,2,365,149,13.33,4
2,feat_uni,59,37,2,280,10,14,4
2,feat_uni,60,20,2,-170,306,1,5
2,feat_uni,60,29,2,-144,226,1.74,5
2,feat_uni,60,31,1,-103,293,2.5,5
2,feat_uni,60,17,1,-13,304,2.9,5
2,feat_uni,60,38,1,-75,120,3.37,5
2,feat_uni,60,42,1,-35,43,3.9,5
2,feat_uni,60,11,2,-180,89,4.37,5
2,feat_uni,60,37,2,77,180,4.9,5
2,feat_uni,60,15,2,126,117,5.37,5
2,feat_uni,60,40,2,254,34,5.77,5
2,feat_uni,60,33,1,360,116,6.24,5
2,feat_uni,60,44,1,358,172,6.5,5
2,feat_uni,60,27,1,247,270,6.93,5
2,feat_uni,60,18,1,342,302,7.63,5
2,feat_uni,60,10,2,227,322,8.13,5
2,feat_uni,60,43,1,103,262,8.57,5
2,feat_uni,60,21,1,-292,-130,9.47,5
2,feat_uni,60,19,1,-242,-211,10.1,5
2,feat_uni,60,4,2,-242,-155,10.6,5
2,feat_uni,60,23,2,-167,-204,11,5
2,feat_uni,60,24,2,-160,-268,11.75,5
2,feat_uni,60,35,2,-61,-347,12.32,5
2,feat_uni,60,49,2,120,-303,13.1,5
2,feat_uni,60,34,1,303,-170,14.27,5
3,conj_grid,61,46,2,3,318,2,1
3,conj_grid,61,48,2,207,329,2.5,1
3,conj_grid,61,49,2,319,329,3.2,1
3,conj_grid,61,40,2,103,208,3.94,1
3,conj_grid,61,32,2,17,131,4.47,1
3,conj_grid,61,34,2,235,113,5.17,1
3,conj_grid,61,35,2,327,109,5.67,1
3,conj_grid,61,21,2,314,-115,6.37,1
3,conj_grid,61,11,2,-7,-230,7.13,1
3,conj_grid,61,25,2,13,-1,7.83,1
3,conj_grid,61,44,2,-230,315,8.8,1
3,conj_grid,61,8,2,-315,-213,9.83,1
3,conj_grid,61,15,1,-326,-115,10.63,1
3,conj_grid,61,30,1,-224,104,11.27,1
3,conj_grid,61,36,1,-336,217,12.43,1
3,conj_grid,61,33,1,95,108,13.47,1
3,conj_grid,61,42,1,322,209,14.17,1
3,conj_grid,61,26,1,99,-6,14.9,1
3,conj_grid,61,19,1,95,-116,15.43,1
3,conj_grid,61,12,1,97,-218,16.02,1
3,conj_grid,61,13,1,233,-207,16.52,1
3,conj_grid,61,14,1,327,-199,16.98,1
3,conj_grid,61,3,1,-122,-339,17.96,1
3,conj_grid,61,10,1,-126,-202,18.55,1
3,conj_grid,62,49,1,325,326,2.47,2
3,conj_grid,62,44,1,-212,328,3.44,2
3,conj_grid,62,39,1,-11,202,5.07,2
3,conj_grid,62,24,1,-98,-1,5.7,2
3,conj_grid,62,22,1,-306,-1,7.03,2
3,conj_grid,62,15,1,-318,-110,7.67,2
3,conj_grid,62,9,1,-220,-219,8.5,2
3,conj_grid,62,18,1,-7,-108,9.2,2
3,conj_grid,62,4,1,-11,-325,9.9,2
3,conj_grid,62,13,1,211,-206,10.6,2
3,conj_grid,62,21,1,332,-121,11.23,2
3,conj_grid,62,35,1,330,122,11.9,2
3,conj_grid,62,47,2,118,328,13.3,2
3,conj_grid,62,38,2,-127,215,14.1,2
3,conj_grid,62,32,2,-2,122,14.73,2
3,conj_grid,62,23,2,-204,-3,15.57,2
3,conj_grid,62,29,2,-318,92,16.23,2
3,conj_grid,62,8,2,-334,-221,17.13,2
3,conj_grid,62,1,2,-333,-327,17.7,2
3,conj_grid,62,20,2,212,-113,19.1,2
3,conj_grid,62,19,2,114,-109,19.63,2
3,conj_grid,62,14,2,326,-213,20.41,2
3,conj_grid,62,27,2,216,1,21.28,2
3,conj_grid,62,26,2,100,11,21.97,2
3,conj_grid,63,47,2,89,307,0.97,3
3,conj_grid,63,40,2,101,215,1.44,3
3,conj_grid,63,42,2,320,199,2.4,3
3,conj_grid,63,36,2,-322,211,3.6,3
3,conj_grid,63,30,2,-214,100,4.17,3
3,conj_grid,63,28,2,312,-7,5.3,3
3,conj_grid,63,19,2,100,-101,6.1,3
3,conj_grid,63,16,2,-231,-105,7.17,3
3,conj_grid,63,9,2,-222,-221,7.77,3
3,conj_grid,63,8,2,-311,-206,8.33,3
3,conj_grid,63,10,2,-125,-230,8.9,3
3,conj_grid,63,14,2,319,-226,9.9,3
3,conj_grid,63,7,1,325,-325,10.57,3
3,conj_grid,63,4,1,19,-336,11.33,3
3,conj_grid,63,15,1,-332,-122,12.53,3
3,conj_grid,63,22,1,-315,25,13.23,3
3,conj_grid,63,29,1,-327,90,13.67,3
3,conj_grid,63,24,1,-123,13,14.47,3
3,conj_grid,63,33,1,98,111,15.2,3
3,conj_grid,63,26,1,111,4,15.85,3
3,conj_grid,63,48,1,210,339,16.77,3
3,conj_grid,63,27,1,218,-9,17.5,3
3,conj_grid,63,38,1,-104,218,18.3,3
3,conj_grid,63,43,1,-331,338,18.97,3
3,conj_grid,64,47,2,130,338,1.54,4
3,conj_grid,64,48,2,226,328,2.37,4
3,conj_grid,64,36,2,-321,224,3.57,4
3,conj_grid,64,30,2,-206,98,4.2,4
3,conj_grid,64,31,2,-117,111,4.84,4
3,conj_grid,64,33,2,96,122,5.57,4
3,conj_grid,64,27,2,224,-13,6.33,4
3,conj_grid,64,6,2,220,-312,7.6,4
3,conj_grid,64,4,2,0,-323,8.27,4
3,conj_grid,64,24,2,-116,18,9.13,4
3,conj_grid,64,16,2,-224,-92,9.93,4
3,conj_grid,64,8,2,-302,-222,10.63,4
3,conj_grid,64,29,1,-325,127,11.77,4
3,conj_grid,64,37,1,-210,218,12.4,4
3,conj_grid,64,45,1,-118,306,13,4
3,conj_grid,64,38,1,-88,218,14.13,4
3,conj_grid,64,46,1,7,333,14.9,4
3,conj_grid,64,42,1,323,212,15.73,4
3,conj_grid,64,28,1,337,27,16.4,4
3,conj_grid,64,14,1,319,-238,17.33,4
3,conj_grid,64,7,1,337,-309,17.96,4
3,conj_grid,64,17,1,-103,-109,19.07,4
3,conj_grid,64,10,1,-120,-215,19.8,4
3,conj_grid,64,9,1,-233,-218,20.53,4
3,conj_grid,65,48,2,237,317,2.64,5
3,conj_grid,65,43,2,-321,349,3.34,5
3,conj_grid,65,16,2,-211,-84,4.6,5
3,conj_grid,65,15,2,-332,-127,5.33,5
3,conj_grid,65,8,2,-326,-232,5.93,5
3,conj_grid,65,9,2,-230,-223,6.47,5
3,conj_grid,65,10,2,-110,-223,7.5,5
3,conj_grid,65,12,2,118,-231,8.47,5
3,conj_grid,65,19,2,105,-115,9.57,5
3,conj_grid,65,26,2,124,7,10.07,5
3,conj_grid,65,34,2,208,114,10.7,5
3,conj_grid,65,32,2,7,110,11.4,5
3,conj_grid,65,49,1,328,308,14.37,5
3,conj_grid,65,42,1,329,224,14.83,5
3,conj_grid,65,35,1,323,110,15.4,5
3,conj_grid,65,27,1,223,-5,16.03,5
3,conj_grid,65,21,1,317,-116,16.73,5
3,conj_grid,65,40,1,115,215,17.7,5
3,conj_grid,65,39,1,19,216,18.23,5
3,conj_grid,65,44,1,-204,321,18.92,5
3,conj_grid,65,23,1,-216,12,19.92,5
3,conj_grid,65,1,1,-325,-319,20.71,5
3,conj_grid,65,2,1,-207,-315,21.16,5
3,conj_grid,65,5,1,109,-328,21.9,5
3,conj_rot,66,42,1,80,398,1.64,1
3,conj_rot,66,34,1,62,237,2.27,1
3,conj_rot,66,40,1,-78,230,2.9,1
3,conj_rot,66,39,1,-147,139,3.4,1
3,conj_rot,66,38,1,-236,93,3.84,1
3,conj_rot,66,45,1,-317,156,4.44,1
3,conj_rot,66,31,1,-163,5,5.1,1
3,conj_rot,66,23,1,-159,-152,5.77,1
3,conj_rot,66,18,1,69,-73,6.4,1
3,conj_rot,66,26,1,82,58,7.33,1
3,conj_rot,66,12,1,231,-73,8,1
3,conj_rot,66,11,1,150,-173,8.63,1
3,conj_rot,66,2,2,85,-363,10.03,1
3,conj_rot,66,9,2,3,-305,10.53,1
3,conj_rot,66,15,2,-157,-288,11.43,1
3,conj_rot,66,24,2,-72,-92,12.07,1
3,conj_rot,66,30,2,-227,-63,12.83,1
3,conj_rot,66,37,2,-293,-7,13.4,1
3,conj_rot,66,43,2,-458,-1,14.47,1
3,conj_rot,66,41,2,-10,299,16.02,1
3,conj_rot,66,27,2,153,157,16.7,1
3,conj_rot,66,19,2,132,-18,17.55,1
3,conj_rot,66,7,2,472,-2,18.38,1
3,conj_rot,66,4,2,213,-233,19.61,1
3,conj_rot,67,49,1,-10,479,1.07,2
3,conj_rot,67,48,1,-75,365,1.74,2
3,conj_rot,67,39,1,-135,142,2.64,2
3,conj_rot,67,45,1,-291,163,3.44,2
3,conj_rot,67,44,1,-375,86,4.27,2
3,conj_rot,67,23,1,-152,-175,5.07,2
3,conj_rot,67,25,1,-1,-0,5.87,2
3,conj_rot,67,19,1,152,7,7.17,2
3,conj_rot,67,14,1,376,70,8,2
3,conj_rot,67,3,1,140,-298,9.1,2
3,conj_rot,67,10,1,80,-231,9.63,2
3,conj_rot,67,2,1,65,-381,10.33,2
3,conj_rot,67,8,2,-61,-380,11.07,2
3,conj_rot,67,22,2,-223,-229,11.87,2
3,conj_rot,67,29,2,-291,-157,13.33,2
3,conj_rot,67,31,2,-147,9,14.03,2
3,conj_rot,67,18,2,55,-76,14.8,2
3,conj_rot,67,5,2,317,-143,15.83,2
3,conj_rot,67,6,2,371,-78,16.4,2
3,conj_rot,67,7,2,465,12,17.03,2
3,conj_rot,67,20,2,220,105,17.77,2
3,conj_rot,67,26,2,70,66,18.27,2
3,conj_rot,67,34,2,76,234,19,2
3,conj_rot,67,11,2,151,-144,22.71,2
3,conj_rot,68,42,1,64,374,1.22,3
3,conj_rot,68,46,1,-231,244,1.95,3
3,conj_rot,68,32,1,-88,63,3.09,3
3,conj_rot,68,44,1,-378,76,3.85,3
3,conj_rot,68,24,1,-81,-95,4.85,3
3,conj_rot,68,15,1,-158,-306,5.72,3
3,conj_rot,68,10,1,78,-219,6.48,3
3,conj_rot,68,11,1,160,-155,7.12,3
3,conj_rot,68,19,1,160,8,7.85,3
3,conj_rot,68,26,1,75,65,8.52,3
3,conj_rot,68,21,1,291,169,9.62,3
3,conj_rot,68,7,1,453,-1,10.48,3
3,conj_rot,68,49,2,6,467,11.68,3
3,conj_rot,68,48,2,-78,389,12.32,3
3,conj_rot,68,47,2,-138,309,12.85,3
3,conj_rot,68,45,2,-305,139,13.62,3
3,conj_rot,68,31,2,-134,15,14.62,3
3,conj_rot,68,22,2,-236,-220,15.37,3
3,conj_rot,68,16,2,-83,-238,16.07,3
3,conj_rot,68,9,2,21,-286,16.63,3
3,conj_rot,68,3,2,151,-283,17.6,3
3,conj_rot,68,18,2,69,-95,18.6,3
3,conj_rot,68,12,2,239,-73,19.15,3
3,conj_rot,68,20,2,239,97,19.82,3
3,conj_rot,69,48,1,-69,391,1.07,4
3,conj_rot,69,39,1,-162,151,2.24,4
3,conj_rot,69,40,1,-58,222,2.74,4
3,conj_rot,69,33,1,-7,148,3.17,4
3,conj_rot,69,38,1,-228,78,3.87,4
3,conj_rot,69,43,1,-464,-5,4.57,4
3,conj_rot,69,30,1,-242,-68,5.4,4
3,conj_rot,69,25,1,2,4,6.13,4
3,conj_rot,69,14,1,375,81,6.97,4
3,conj_rot,69,7,1,463,-12,7.63,4
3,conj_rot,69,2,1,74,-380,8.53,4
3,conj_rot,69,10,2,93,-234,10.23,4
3,conj_rot,69,17,2,6,-168,10.8,4
3,conj_rot,69,24,2,-72,-84,11.33,4
3,conj_rot,69,23,2,-169,-161,11.9,4
3,conj_rot,69,29,2,-315,-134,12.73,4
3,conj_rot,69,36,2,-387,-79,13.13,4
3,conj_rot,69,46,2,-231,229,14.44,4
3,conj_rot,69,42,2,79,376,16.75,4
3,conj_rot,69,27,2,141,152,17.45,4
3,conj_rot,69,32,2,-68,88,18.15,4
3,conj_rot,69,21,2,310,147,18.87,4
3,conj_rot,69,26,2,87,85,19.58,4
3,conj_rot,69,28,1,237,225,21.62,4
3,conj_rot,70,42,1,77,374,1.27,5
3,conj_rot,70,41,1,6,301,1.87,5
3,conj_rot,70,34,1,84,251,2.37,5
3,conj_rot,70,28,1,232,240,3,5
3,conj_rot,70,27,1,160,139,3.53,5
3,conj_rot,70,26,1,70,80,4.1,5
3,conj_rot,70,47,1,-167,292,4.94,5
3,conj_rot,70,7,1,452,15,5.93,5
3,conj_rot,70,33,1,5,157,7.34,5
3,conj_rot,70,38,1,-234,90,7.94,5
3,conj_rot,70,36,1,-394,-58,8.83,5
3,conj_rot,70,1,1,-12,-453,9.8,5
3,conj_rot,70,16,2,-70,-201,10.7,5
3,conj_rot,70,23,2,-143,-139,11.23,5
3,conj_rot,70,30,2,-221,-84,11.77,5
3,conj_rot,70,31,2,-157,3,12.3,5
3,conj_rot,70,37,2,-302,16,13.9,5
3,conj_rot,70,45,2,-291,142,14.67,5
3,conj_rot,70,39,2,-147,154,15.33,5
3,conj_rot,70,49,2,-14,465,16.13,5
3,conj_rot,70,19,2,157,-18,17.43,5
3,conj_rot,70,6,2,391,-75,18.2,5
3,conj_rot,70,17,2,26,-157,19.38,5
3,conj_rot,70,2,2,82,-371,20.65,5
3,conj_uni,71,13,2,-24,330,2.03,1
3,conj_uni,71,42,2,85,339,2.74,1
3,conj_uni,71,5,2,192,91,3.47,1
3,conj_uni,71,47,2,65,-133,5.74,1
3,conj_uni,71,1,2,17,-34,6.33,1
3,conj_uni,71,7,2,145,-226,7.2,1
3,conj_uni,71,15,2,63,-290,7.87,1
3,conj_uni,71,28,2,-211,-32,8.67,1
3,conj_uni,71,35,2,-261,-6,9.27,1
3,conj_uni,71,36,2,-360,-30,10.03,1
3,conj_uni,71,3,2,-340,-262,10.77,1
3,conj_uni,71,33,2,-102,-353,11.53,1
3,conj_uni,71,29,1,76,283,13.8,1
3,conj_uni,71,4,1,21,298,14.3,1
3,conj_uni,71,14,1,-250,223,14.93,1
3,conj_uni,71,22,1,108,63,15.97,1
3,conj_uni,71,44,1,206,-115,16.63,1
3,conj_uni,71,25,1,296,-9,17.27,1
3,conj_uni,71,10,1,9,-305,18.12,1
3,conj_uni,71,27,1,-14,-253,18.58,1
3,conj_uni,71,46,1,-91,-71,19.25,1
3,conj_uni,71,6,1,-276,-243,19.96,1
3,conj_uni,71,34,1,-200,-300,20.57,1
3,conj_uni,71,11,1,-148,-320,21.05,1
3,conj_uni,72,20,1,116,303,1.93,2
3,conj_uni,72,1,1,261,242,2.6,2
3,conj_uni,72,24,1,354,192,3.23,2
3,conj_uni,72,2,1,317,146,3.73,2
3,conj_uni,72,22,1,363,115,4.27,2
3,conj_uni,72,45,1,-112,202,5.1,2
3,conj_uni,72,43,1,-29,-26,6.27,2
3,conj_uni,72,29,1,37,-181,7,2
3,conj_uni,72,46,1,-49,-134,7.5,2
3,conj_uni,72,23,1,-115,-185,7.93,2
3,conj_uni,72,19,1,-189,-240,8.43,2
3,conj_uni,72,27,1,-294,-308,8.97,2
3,conj_uni,72,6,2,-231,-191,9.67,2
3,conj_uni,72,10,2,-167,-124,10.2,2
3,conj_uni,72,12,2,-110,-121,10.73,2
3,conj_uni,72,17,2,29,-282,11.37,2
3,conj_uni,72,18,2,67,-228,11.87,2
3,conj_uni,72,35,2,229,-267,12.43,2
3,conj_uni,72,31,2,326,-114,13.2,2
3,conj_uni,72,33,2,339,-59,13.72,2
3,conj_uni,72,28,2,52,17,14.37,2
3,conj_uni,72,26,2,331,30,15.18,2
3,conj_uni,72,30,2,265,125,15.83,2
3,conj_uni,72,7,2,299,199,16.45,2
3,conj_uni,73,47,2,28,331,2.82,3
3,conj_uni,73,43,2,279,221,3.62,3
3,conj_uni,73,14,2,-354,-62,5.22,3
3,conj_uni,73,21,2,-50,-99,6.62,3
3,conj_uni,73,20,2,-194,-262,7.35,3
3,conj_uni,73,6,2,141,-171,8.25,3
3,conj_uni,73,25,2,204,-87,8.88,3
3,conj_uni,73,33,2,259,-81,9.32,3
3,conj_uni,73,40,2,297,-122,9.82,3
3,conj_uni,73,48,2,286,-177,10.25,3
3,conj_uni,73,29,2,387,-307,11.38,3
3,conj_uni,73,10,2,97,-14,13.48,3
3,conj_uni,73,37,1,344,-271,14.35,3
3,conj_uni,73,1,1,359,-202,14.78,3
3,conj_uni,73,35,1,348,-147,15.25,3
3,conj_uni,73,32,1,345,-67,16.12,3
3,conj_uni,73,30,1,247,-26,16.72,3
3,conj_uni,73,34,1,195,-215,17.55,3
3,conj_uni,73,2,1,-38,-160,19.13,3
3,conj_uni,73,11,1,54,-80,19.83,3
3,conj_uni,73,19,1,-108,-83,20.43,3
3,conj_uni,73,38,1,-95,27,21.07,3
3,conj_uni,73,41,1,294,309,22.8,3
3,conj_uni,73,46,1,-339,-265,27.75,3
3,conj_uni,74,12,1,263,220,1.27,4
3,conj_uni,74,36,1,177,282,1.9,4
3,conj_uni,74,19,1,80,285,2.5,4
3,conj_uni,74,8,1,-29,272,2.97,4
3,conj_uni,74,33,1,-163,339,3.64,4
3,conj_uni,74,5,1,-201,180,4.27,4
3,conj_uni,74,37,1,-216,122,4.7,4
3,conj_uni,74,28,1,1,79,5.37,4
3,conj_uni,74,46,1,-201,9,6.07,4
3,conj_uni,74,4,1,46,17,6.8,4
3,conj_uni,74,45,1,-114,-141,7.67,4
3,conj_uni,74,43,1,296,-331,8.7,4
3,conj_uni,74,48,2,248,-227,10,4
3,conj_uni,74,2,2,111,-255,10.6,4
3,conj_uni,74,7,2,25,-252,11.1,4
3,conj_uni,74,41,2,-135,-315,11.93,4
3,conj_uni,74,40,2,-257,-276,12.93,4
3,conj_uni,74,9,2,-310,-293,13.57,4
3,conj_uni,74,22,2,-358,-263,14.27,4
3,conj_uni,74,44,2,-282,-227,14.83,4
3,conj_uni,74,6,2,109,8,15.8,4
3,conj_uni,74,15,2,268,-61,16.42,4
3,conj_uni,74,34,2,166,349,17.92,4
3,conj_uni,74,20,2,27,321,18.73,4
3,conj_uni,75,30,1,-326,319,1.24,5
3,conj_uni,75,44,1,-74,310,2.17,5
3,conj_uni,75,23,1,86,255,2.73,5
3,conj_uni,75,31,1,310,309,3.27,5
3,conj_uni,75,40,1,349,39,3.87,5
3,conj_uni,75,35,1,-152,89,4.67,5
3,conj_uni,75,39,1,-160,22,5.13,5
3,conj_uni,75,14,1,-308,11,5.7,5
3,conj_uni,75,8,1,-29,-62,6.57,5
3,conj_uni,75,22,1,112,-109,7.17,5
3,conj_uni,75,49,1,168,-261,7.94,5
3,conj_uni,75,24,1,41,-344,8.6,5
3,conj_uni,75,4,2,-42,-295,9.1,5
3,conj_uni,75,47,2,-212,-186,9.77,5
3,conj_uni,75,17,2,-311,-46,10.63,5
3,conj_uni,75,41,2,-96,-35,12.3,5
3,conj_uni,75,45,2,-88,106,12.97,5
3,conj_uni,75,21,2,-145,195,13.6,5
3,conj_uni,75,37,2,-213,253,14.13,5
3,conj_uni,75,7,2,-17,256,14.8,5
3,conj_uni,75,5,2,273,143,15.65,5
3,conj_uni,75,33,2,166,21,16.33,5
3,conj_uni,75,1,2,104,-54,17.1,5
3,conj_uni,75,20,2,354,-191,18,5
3,feat_grid,76,49,1,300,325,1.74,1
3,feat_grid,76,48,2,219,336,2.24,1
3,feat_grid,76,41,1,204,222,2.67,1
3,feat_grid,76,40,1,102,204,3.57,1
3,feat_grid,76,37,2,-209,223,4.3,1
3,feat_grid,76,30,2,-214,102,4.73,1
3,feat_grid,76,31,2,-103,105,5.3,1
3,feat_grid,76,23,2,-217,-11,5.87,1
3,feat_grid,76,15,2,-334,-119,6.4,1
3,feat_grid,76,8,2,-320,-216,6.9,1
3,feat_grid,76,11,2,-7,-222,7.67,1
3,feat_grid,76,4,2,12,-330,8.17,1
3,feat_grid,76,20,2,219,-113,8.83,1
3,feat_grid,76,27,2,209,-16,9.3,1
3,feat_grid,76,35,2,317,107,10.07,1
3,feat_grid,76,14,1,325,-214,11.8,1
3,feat_grid,76,6,1,229,-317,12.4,1
3,feat_grid,76,5,1,116,-306,12.8,1
3,feat_grid,76,12,1,117,-212,13.32,1
3,feat_grid,76,3,1,-98,-343,13.93,1
3,feat_grid,76,1,1,-345,-316,14.58,1
3,feat_grid,76,16,1,-224,-107,15.8,1
3,feat_grid,76,24,1,-94,-11,16.47,1
3,feat_grid,76,22,1,-338,2,17.13,1
3,feat_grid,77,45,1,-113,327,1.84,2
3,feat_grid,77,46,1,8,317,2.47,2
3,feat_grid,77,43,2,-331,317,3.27,2
3,feat_grid,77,36,2,-318,206,3.94,2
3,feat_grid,77,37,1,-197,213,4.6,2
3,feat_grid,77,29,2,-308,114,5.64,2
3,feat_grid,77,31,1,-81,127,6.33,2
3,feat_grid,77,32,2,-1,94,6.8,2
3,feat_grid,77,47,2,120,309,7.57,2
3,feat_grid,77,48,1,218,332,8.1,2
3,feat_grid,77,49,1,311,322,8.57,2
3,feat_grid,77,42,2,327,211,9.07,2
3,feat_grid,77,41,2,228,217,9.57,2
3,feat_grid,77,34,1,220,95,10.13,2
3,feat_grid,77,27,1,213,17,10.63,2
3,feat_grid,77,21,1,341,-109,11.8,2
3,feat_grid,77,26,2,94,-15,12.67,2
3,feat_grid,77,18,2,-2,-87,13.23,2
3,feat_grid,77,17,1,-124,-104,13.83,2
3,feat_grid,77,16,1,-221,-105,14.37,2
3,feat_grid,77,22,1,-322,4,14.97,2
3,feat_grid,77,8,2,-317,-205,15.63,2
3,feat_grid,77,11,2,10,-215,16.28,2
3,feat_grid,77,4,2,6,-320,17.01,2
3,feat_grid,78,45,1,-122,315,1.14,3
3,feat_grid,78,46,2,-12,310,1.97,3
3,feat_grid,78,48,1,234,341,2.57,3
3,feat_grid,78,42,1,329,235,3.24,3
3,feat_grid,78,35,1,312,94,3.8,3
3,feat_grid,78,41,2,217,216,4.4,3
3,feat_grid,78,39,2,3,226,4.94,3
3,feat_grid,78,37,1,-215,220,5.7,3
3,feat_grid,78,32,1,-7,107,6.3,3
3,feat_grid,78,27,1,214,-22,7.2,3
3,feat_grid,78,26,2,122,-22,7.67,3
3,feat_grid,78,21,2,336,-116,8.43,3
3,feat_grid,78,13,2,214,-210,9.13,3
3,feat_grid,78,7,2,315,-346,9.7,3
3,feat_grid,78,6,1,206,-326,10.27,3
3,feat_grid,78,5,2,96,-323,10.8,3
3,feat_grid,78,11,1,1,-215,11.53,3
3,feat_grid,78,4,2,-16,-330,12.2,3
3,feat_grid,78,3,2,-117,-333,12.77,3
3,feat_grid,78,10,1,-125,-215,14,3
3,feat_grid,78,1,2,-342,-315,14.78,3
3,feat_grid,78,16,2,-210,-108,15.72,3
3,feat_grid,78,23,1,-214,10,16.25,3
3,feat_grid,78,22,1,-318,17,16.95,3
3,feat_grid,79,46,2,-20,321,1.04,4
3,feat_grid,79,48,1,214,318,1.6,4
3,feat_grid,79,49,1,320,338,2.24,4
3,feat_grid,79,42,1,328,210,2.7,4
3,feat_grid,79,39,2,10,210,3.34,4
3,feat_grid,79,36,2,-319,230,4,4
3,feat_grid,79,25,1,-3,14,4.77,4
3,feat_grid,79,26,2,94,-1,5.13,4
3,feat_grid,79,35,2,333,130,5.97,4
3,feat_grid,79,28,1,341,5,6.5,4
3,feat_grid,79,20,2,234,-103,7.2,4
3,feat_grid,79,14,2,323,-219,7.83,4
3,feat_grid,79,13,1,212,-214,8.27,4
3,feat_grid,79,6,1,212,-316,8.73,4
3,feat_grid,79,12,1,94,-206,9.37,4
3,feat_grid,79,18,1,5,-125,10.07,4
3,feat_grid,79,10,1,-85,-230,10.8,4
3,feat_grid,79,4,1,-3,-329,11.53,4
3,feat_grid,79,3,2,-109,-313,12,4
3,feat_grid,79,2,1,-227,-317,12.4,4
3,feat_grid,79,1,2,-326,-320,12.9,4
3,feat_grid,79,8,2,-324,-208,13.37,4
3,feat_grid,79,15,2,-320,-115,13.8,4
3,feat_grid,79,23,2,-215,-3,14.8,4
3,feat_grid,80,47,2,110,317,0.97,5
3,feat_grid,80,46,1,-10,343,1.6,5
3,feat_grid,80,45,1,-107,324,2,5
3,feat_grid,80,44,2,-219,313,3.2,5
3,feat_grid,80,37,1,-227,214,3.7,5
3,feat_grid,80,39,1,5,218,4.37,5
3,feat_grid,80,32,1,-5,95,4.9,5
3,feat_grid,80,31,2,-130,117,5.47,5
3,feat_grid,80,29,1,-316,102,6.17,5
3,feat_grid,80,23,1,-190,-4,7,5
3,feat_grid,80,8,1,-318,-218,8.13,5
3,feat_grid,80,1,2,-304,-316,8.9,5
3,feat_grid,80,2,2,-204,-314,9.4,5
3,feat_grid,80,18,1,6,-94,10.07,5
3,feat_grid,80,25,2,-11,-3,10.53,5
3,feat_grid,80,33,2,126,104,11.17,5
3,feat_grid,80,34,1,215,99,11.7,5
3,feat_grid,80,27,2,211,-4,12.23,5
3,feat_grid,80,28,2,348,-5,12.87,5
3,feat_grid,80,21,1,305,-108,13.43,5
3,feat_grid,80,20,2,211,-124,13.88,5
3,feat_grid,80,19,2,98,-102,14.35,5
3,feat_grid,80,12,1,103,-220,14.83,5
3,feat_grid,80,13,2,206,-214,15.33,5
3,feat_rot,81,42,1,72,378,0.8,1
3,feat_rot,81,41,2,-18,309,1.34,1
3,feat_rot,81,34,2,80,225,1.97,1
3,feat_rot,81,40,2,-85,223,2.47,1
3,feat_rot,81,33,1,-13,165,3.07,1
3,feat_rot,81,45,2,-323,151,4.04,1
3,feat_rot,81,43,1,-442,-3,4.64,1
3,feat_rot,81,36,2,-371,-87,5.27,1
3,feat_rot,81,22,2,-239,-236,6,1
3,feat_rot,81,23,2,-146,-158,6.57,1
3,feat_rot,81,24,1,-88,-76,7.03,1
3,feat_rot,81,17,2,-6,-147,7.5,1
3,feat_rot,81,18,1,84,-81,8.1,1
3,feat_rot,81,25,2,-20,2,8.63,1
3,feat_rot,81,19,1,155,1,9.2,1
3,feat_rot,81,11,2,145,-149,10,1
3,feat_rot,81,12,2,225,-83,10.47,1
3,feat_rot,81,13,1,308,12,11.13,1
3,feat_rot,81,6,1,391,-86,11.7,1
3,feat_rot,81,5,1,306,-166,12.27,1
3,feat_rot,81,1,2,-5,-451,13.15,1
3,feat_rot,81,8,1,-79,-395,13.65,1
3,feat_rot,81,9,1,6,-287,14.15,1
3,feat_rot,81,15,1,-154,-310,14.65,1
3,feat_rot,82,42,2,88,395,1.8,2
3,feat_rot,82,48,1,-81,380,2.44,2
3,feat_rot,82,41,2,19,310,2.9,2
3,feat_rot,82,47,2,-144,297,3.47,2
3,feat_rot,82,46,2,-228,222,4.04,2
3,feat_rot,82,45,1,-310,159,4.54,2
3,feat_rot,82,39,2,-153,153,5.17,2
3,feat_rot,82,33,2,-4,147,5.83,2
3,feat_rot,82,34,1,72,211,6.33,2
3,feat_rot,82,27,2,141,147,6.77,2
3,feat_rot,82,28,2,221,227,7.3,2
3,feat_rot,82,31,2,-157,-12,8.1,2
3,feat_rot,82,24,1,-97,-54,8.47,2
3,feat_rot,82,23,1,-141,-148,8.87,2
3,feat_rot,82,15,2,-148,-309,9.47,2
3,feat_rot,82,8,2,-70,-385,9.97,2
3,feat_rot,82,9,1,4,-310,11.23,2
3,feat_rot,82,2,1,73,-370,11.77,2
3,feat_rot,82,10,2,63,-230,12.33,2
3,feat_rot,82,11,1,156,-170,12.8,2
3,feat_rot,82,12,1,229,-92,13.23,2
3,feat_rot,82,5,1,320,-156,13.73,2
3,feat_rot,82,13,1,311,-9,14.33,2
3,feat_rot,82,7,1,445,7,15.31,2
3,feat_rot,83,42,2,74,364,0.87,3
3,feat_rot,83,41,2,2,307,1.37,3
3,feat_rot,83,48,1,-102,401,1.8,3
3,feat_rot,83,40,1,-83,241,2.34,3
3,feat_rot,83,35,2,148,324,3.1,3
3,feat_rot,83,26,1,74,77,3.67,3
3,feat_rot,83,20,1,235,64,4.2,3
3,feat_rot,83,13,2,305,6,4.63,3
3,feat_rot,83,7,2,457,5,5.17,3
3,feat_rot,83,19,2,167,-1,5.8,3
3,feat_rot,83,18,1,82,-71,6.3,3
3,feat_rot,83,25,1,-7,-16,6.8,3
3,feat_rot,83,24,1,-78,-64,7.23,3
3,feat_rot,83,38,1,-214,67,7.7,3
3,feat_rot,83,17,1,-1,-159,8.57,3
3,feat_rot,83,11,2,153,-140,9.17,3
3,feat_rot,83,5,1,313,-155,9.63,3
3,feat_rot,83,4,2,249,-230,10.17,3
3,feat_rot,83,10,2,83,-231,10.73,3
3,feat_rot,83,9,1,-1,-310,11.27,3
3,feat_rot,83,8,1,-84,-374,11.82,3
3,feat_rot,83,1,2,-13,-449,12.43,3
3,feat_rot,83,23,2,-165,-157,13.3,3
3,feat_rot,83,29,2,-313,-164,13.8,3
3,feat_rot,84,35,2,151,314,1.37,4
3,feat_rot,84,34,2,83,207,1.87,4
3,feat_rot,84,27,2,153,159,2.47,4
3,feat_rot,84,40,1,-77,233,3.04,4
3,feat_rot,84,47,2,-172,301,3.47,4
3,feat_rot,84,46,2,-217,207,4.07,4
3,feat_rot,84,39,2,-174,155,4.5,4
3,feat_rot,84,32,1,-62,77,5.07,4
3,feat_rot,84,26,1,95,73,5.67,4
3,feat_rot,84,21,1,330,161,6.43,4
3,feat_rot,84,14,1,380,76,7.1,4
3,feat_rot,84,7,1,453,-15,7.67,4
3,feat_rot,84,4,1,214,-214,8.47,4
3,feat_rot,84,11,1,162,-147,9,4
3,feat_rot,84,17,1,9,-145,10.23,4
3,feat_rot,84,24,2,-80,-91,10.8,4
3,feat_rot,84,31,1,-154,-3,11.37,4
3,feat_rot,84,37,1,-311,-11,12.03,4
3,feat_rot,84,43,2,-442,3,12.7,4
3,feat_rot,84,22,1,-218,-234,13.5,4
3,feat_rot,84,8,2,-76,-379,14.25,4
3,feat_rot,84,9,2,10,-319,14.75,4
3,feat_rot,84,2,2,79,-387,15.35,4
3,feat_rot,84,3,2,142,-302,15.87,4
3,feat_rot,85,41,1,-10,298,0.97,5
3,feat_rot,85,47,2,-152,300,2.04,5
3,feat_rot,85,44,2,-372,70,3.04,5
3,feat_rot,85,43,2,-463,-18,3.7,5
3,feat_rot,85,36,2,-380,-70,4.17,5
3,feat_rot,85,29,1,-315,-152,4.73,5
3,feat_rot,85,23,1,-144,-165,5.2,5
3,feat_rot,85,32,1,-75,69,5.83,5
3,feat_rot,85,17,1,13,-165,6.6,5
3,feat_rot,85,10,1,69,-237,7.1,5
3,feat_rot,85,1,1,-4,-443,7.67,5
3,feat_rot,85,5,1,313,-146,8.43,5
3,feat_rot,85,12,1,220,-57,9.03,5
3,feat_rot,85,18,1,84,-65,9.6,5
3,feat_rot,85,20,1,226,70,10.13,5
3,feat_rot,85,14,1,386,80,10.67,5
3,feat_rot,85,7,2,453,7,11.1,5
3,feat_rot,85,13,2,305,-12,11.6,5
3,feat_rot,85,25,2,2,4,12.3,5
3,feat_rot,85,24,2,-85,-86,12.85,5
3,feat_rot,85,16,2,-75,-226,13.32,5
3,feat_rot,85,15,2,-154,-304,13.75,5
3,feat_rot,85,8,2,-76,-386,14.22,5
3,feat_rot,85,11,2,158,-162,14.95,5
3,feat_uni,86,48,1,168,328,1,1
3,feat_uni,86,35,2,163,194,1.67,1
3,feat_uni,86,26,1,36,158,2.3,1
3,feat_uni,86,15,2,-41,165,2.7,1
3,feat_uni,86,23,1,-214,296,3.27,1
3,feat_uni,86,13,1,-284,297,3.67,1
3,feat_uni,86,37,1,-341,249,4.24,1
3,feat_uni,86,18,1,29,83,5.27,1
3,feat_uni,86,44,2,-85,41,5.74,1
3,feat_uni,86,29,1,-49,-22,6.2,1
3,feat_uni,86,46,2,90,-2,6.67,1
3,feat_uni,86,38,2,345,-87,7.5,1
3,feat_uni,86,8,1,228,-191,8.13,1
3,feat_uni,86,36,2,224,-247,8.6,1
3,feat_uni,86,31,1,324,-311,9.27,1
3,feat_uni,86,45,2,181,-334,9.87,1
3,feat_uni,86,12,1,125,-328,10.3,1
3,feat_uni,86,16,2,66,-329,10.67,1
3,feat_uni,86,9,2,-128,-177,11.93,1
3,feat_uni,86,14,2,-118,-68,12.52,1
3,feat_uni,86,24,2,-165,-218,13.12,1
3,feat_uni,86,40,1,-277,-254,13.67,1
3,feat_uni,86,43,1,-341,-114,14.23,1
3,feat_uni,86,2,2,-332,-29,14.7,1
3,feat_uni,87,1,2,249,352,0.93,2
3,feat_uni,87,29,1,57,281,1.67,2
3,feat_uni,87,6,2,22,235,2.07,2
3,feat_uni,87,14,2,-200,350,2.73,2
3,feat_uni,87,9,2,-319,204,3.33,2
3,feat_uni,87,38,1,-2,150,4.14,2
3,feat_uni,87,15,2,14,91,4.87,2
3,feat_uni,87,2,2,-72,14,5.4,2
3,feat_uni,87,25,2,19,-37,5.8,2
3,feat_uni,87,41,1,206,6,6.37,2
3,feat_uni,87,47,2,-289,-13,7.24,2
3,feat_uni,87,43,1,-7,-88,8.03,2
3,feat_uni,87,39,1,-160,-177,8.57,2
3,feat_uni,87,17,1,-265,-223,9.03,2
3,feat_uni,87,7,1,-153,-291,9.8,2
3,feat_uni,87,5,2,-75,-300,10.2,2
3,feat_uni,87,20,2,121,-166,11,2
3,feat_uni,87,49,2,253,-177,11.54,2
3,feat_uni,87,45,1,150,-244,12.07,2
3,feat_uni,87,24,1,260,-270,12.5,2
3,feat_uni,87,23,1,314,-252,12.9,2
3,feat_uni,87,22,1,333,-308,14.12,2
3,feat_uni,87,35,2,212,-329,14.62,2
3,feat_uni,87,3,1,53,-368,15.28,2
3,feat_uni,88,12,1,-147,323,0.9,3
3,feat_uni,88,1,1,-111,280,1.37,3
3,feat_uni,88,32,2,-294,323,1.84,3
3,feat_uni,88,49,2,-205,153,2.44,3
3,feat_uni,88,33,2,-135,188,2.8,3
3,feat_uni,88,2,2,27,342,3.73,3
3,feat_uni,88,25,1,66,303,4.13,3
3,feat_uni,88,42,2,284,170,4.7,3
3,feat_uni,88,26,1,348,124,5.17,3
3,feat_uni,88,28,2,336,69,5.6,3
3,feat_uni,88,10,2,270,5,6.07,3
3,feat_uni,88,46,2,1,38,6.8,3
3,feat_uni,88,40,1,-42,-34,7.27,3
3,feat_uni,88,47,1,111,-114,7.84,3
3,feat_uni,88,22,2,85,-163,8.2,3
3,feat_uni,88,45,1,288,-257,8.8,3
3,feat_uni,88,14,1,340,-275,9.17,3
3,feat_uni,88,11,1,63,-261,9.73,3
3,feat_uni,88,23,1,-125,-299,10.4,3
3,feat_uni,88,39,1,-182,-306,10.73,3
3,feat_uni,88,21,2,-262,-241,11.2,3
3,feat_uni,88,7,2,-318,73,12.77,3
3,feat_uni,88,4,2,-360,-9,13.2,3
3,feat_uni,88,9,1,-346,142,13.82,3
3,feat_uni,89,45,1,-46,367,1.3,4
3,feat_uni,89,40,2,-36,300,1.8,4
3,feat_uni,89,13,1,71,288,2.27,4
3,feat_uni,89,20,1,127,285,2.63,4
3,feat_uni,89,34,1,189,226,3.1,4
3,feat_uni,89,49,1,303,286,3.64,4
3,feat_uni,89,19,1,242,158,4.23,4
3,feat_uni,89,25,2,327,211,4.67,4
3,feat_uni,89,2,1,190,138,5.5,4
3,feat_uni,89,48,2,130,154,6.1,4
3,feat_uni,89,14,2,-2,184,6.7,4
3,feat_uni,89,9,2,-212,145,7.9,4
3,feat_uni,89,4,2,-64,31,8.6,4
3,feat_uni,89,31,2,59,-3,9.07,4
3,feat_uni,89,43,1,141,-85,10.37,4
3,feat_uni,89,41,2,327,-123,10.97,4
3,feat_uni,89,27,2,351,-173,11.37,4
3,feat_uni,89,36,1,288,-340,12.07,4
3,feat_uni,89,15,1,3,-256,12.87,4
3,feat_uni,89,30,2,-120,-300,13.37,4
3,feat_uni,89,35,2,-210,-297,13.88,4
3,feat_uni,89,17,1,-245,-189,14.43,4
3,feat_uni,89,22,2,-263,-339,15.17,4
3,feat_uni,89,47,1,-345,-343,15.72,4
3,feat_uni,90,37,2,276,358,1.2,5
3,feat_uni,90,32,1,325,271,1.64,5
3,feat_uni,90,9,2,40,330,2.34,5
3,feat_uni,90,30,2,-10,304,2.8,5
3,feat_uni,90,4,1,167,239,3.37,5
3,feat_uni,90,41,2,101,234,3.77,5
3,feat_uni,90,23,2,60,123,4.34,5
3,feat_uni,90,39,2,215,75,5,5
3,feat_uni,90,47,2,181,-25,5.5,5
3,feat_uni,90,14,1,110,-80,5.94,5
3,feat_uni,90,48,1,348,-190,6.67,5
3,feat_uni,90,19,2,322,-263,7.24,5
3,feat_uni,90,29,1,131,-383,7.9,5
3,feat_uni,90,2,2,28,-331,8.6,5
3,feat_uni,90,38,1,47,-198,9.07,5
3,feat_uni,90,13,1,-11,-224,9.57,5
3,feat_uni,90,18,1,-347,-176,10.33,5
3,feat_uni,90,36,2,-324,-75,10.84,5
3,feat_uni,90,43,1,-197,14,11.37,5
3,feat_uni,90,3,2,-250,37,11.83,5
3,feat_uni,90,8,1,-100,153,12.47,5
3,feat_uni,90,42,2,-221,181,13.04,5
3,feat_uni,90,34,1,-303,146,13.47,5
3,feat_uni,90,44,1,-291,202,13.89,5
4,conj_grid,91,2,2,-218,-323,3.33,1
4,conj_grid,91,3,1,-111,-320,4.03,1
4,conj_grid,91,4,1,2,-327,4.67,1
4,conj_grid,91,8,1,-333,-212,6.4,1
4,conj_grid,91,9,2,-214,-216,7.57,1
4,conj_grid,91,12,2,106,-203,8.5,1
4,conj_grid,91,13,2,200,-215,9.13,1
4,conj_grid,91,14,2,309,-227,9.67,1
4,conj_grid,91,21,2,320,-121,10.73,1
4,conj_grid,91,16,1,-215,-107,12.2,1
4,conj_grid,91,22,2,-322,10,13,1
4,conj_grid,91,23,1,-209,-3,13.8,1
4,conj_grid,91,26,1,109,-17,14.7,1
4,conj_grid,91,27,2,249,7,15.3,1
4,conj_grid,91,32,1,3,96,17.7,1
4,conj_grid,91,31,1,-116,107,18.27,1
4,conj_grid,91,29,1,-323,111,18.9,1
4,conj_grid,91,37,2,-221,210,20.27,1
4,conj_grid,91,39,2,7,216,22.3,1
4,conj_grid,91,44,2,-210,333,24.7,1
4,conj_grid,91,45,1,-109,329,25.23,1
4,conj_grid,91,46,2,13,326,26.18,1
4,conj_grid,91,49,1,320,325,27.22,1
4,conj_grid,91,15,1,-311,-103,28.25,1
4,conj_grid,92,8,2,-342,-211,3.77,2
4,conj_grid,92,3,2,-110,-327,5.73,2
4,conj_grid,92,5,2,125,-324,6.9,2
4,conj_grid,92,6,2,213,-335,7.57,2
4,conj_grid,92,7,2,308,-352,9.27,2
4,conj_grid,92,14,2,331,-212,9.83,2
4,conj_grid,92,11,1,1,-224,11.27,2
4,conj_grid,92,17,2,-117,-120,13.47,2
4,conj_grid,92,19,2,121,-92,14.5,2
4,conj_grid,92,20,1,226,-111,15.3,2
4,conj_grid,92,21,1,327,-115,16,2
4,conj_grid,92,28,1,321,5,16.63,2
4,conj_grid,92,26,1,102,-1,19.03,2
4,conj_grid,92,27,1,197,-3,19.43,2
4,conj_grid,92,33,1,85,107,23.03,2
4,conj_grid,92,34,1,220,108,24.13,2
4,conj_grid,92,42,1,335,226,25.57,2
4,conj_grid,92,41,1,202,217,26.17,2
4,conj_grid,92,40,2,110,219,26.7,2
4,conj_grid,92,39,2,-3,223,27.13,2
4,conj_grid,92,38,2,-102,230,27.7,2
4,conj_grid,92,45,1,-104,318,29.78,2
4,conj_grid,92,48,1,208,311,31.05,2
4,conj_grid,92,4,2,7,-320,34.66,2
4,conj_grid,93,3,1,-104,-320,1.73,3
4,conj_grid,93,4,2,-1,-346,2.37,3
4,conj_grid,93,5,2,131,-315,3.07,3
4,conj_grid,93,6,2,229,-324,3.47,3
4,conj_grid,93,7,2,324,-336,4.23,3
4,conj_grid,93,12,1,95,-204,5.53,3
4,conj_grid,93,17,1,-126,-105,8.6,3
4,conj_grid,93,19,1,112,-101,9.4,3
4,conj_grid,93,27,2,223,-5,11.1,3
4,conj_grid,93,28,1,328,-15,12.77,3
4,conj_grid,93,23,1,-201,9,14.67,3
4,conj_grid,93,31,1,-116,118,16.23,3
4,conj_grid,93,32,2,8,112,17.07,3
4,conj_grid,93,33,2,109,114,17.83,3
4,conj_grid,93,35,1,329,106,18.3,3
4,conj_grid,93,40,2,117,218,19.73,3
4,conj_grid,93,39,1,-14,213,20.5,3
4,conj_grid,93,38,2,-129,211,21.13,3
4,conj_grid,93,37,1,-195,200,22.88,3
4,conj_grid,93,45,2,-105,313,24.65,3
4,conj_grid,93,46,1,-3,340,25.32,3
4,conj_grid,93,48,2,212,328,26.33,3
4,conj_grid,93,47,2,111,331,29.65,3
4,conj_grid,93,36,1,-307,227,33.91,3
4,conj_grid,94,43,1,-348,313,3.44,4
4,conj_grid,94,36,2,-342,214,4.24,4
4,conj_grid,94,22,2,-315,3,5,4
4,conj_grid,94,8,2,-313,-227,5.8,4
4,conj_grid,94,3,1,-113,-333,8.17,4
4,conj_grid,94,4,1,9,-313,8.73,4
4,conj_grid,94,16,1,-203,-118,14.93,4
4,conj_grid,94,20,1,225,-128,18.53,4
4,conj_grid,94,19,2,115,-106,19.2,4
4,conj_grid,94,21,2,314,-85,19.83,4
4,conj_grid,94,28,1,316,1,20.37,4
4,conj_grid,94,27,2,221,-16,20.87,4
4,conj_grid,94,30,1,-223,106,24.03,4
4,conj_grid,94,33,2,85,106,26.06,4
4,conj_grid,94,34,2,229,127,26.8,4
4,conj_grid,94,40,1,89,214,29.2,4
4,conj_grid,94,39,1,6,215,29.6,4
4,conj_grid,94,37,1,-210,213,30.3,4
4,conj_grid,94,44,1,-211,325,30.9,4
4,conj_grid,94,45,1,-112,332,31.32,4
4,conj_grid,94,47,2,108,330,32.25,4
4,conj_grid,94,48,2,207,324,33.8,4
4,conj_grid,94,49,2,319,327,34.3,4
4,conj_grid,94,11,2,12,-213,37,4
4,conj_grid,95,15,2,-323,-125,4.33,5
4,conj_grid,95,1,1,-329,-313,4.93,5
4,conj_grid,95,9,1,-228,-226,6.77,5
4,conj_grid,95,30,2,-215,106,7.77,5
4,conj_grid,95,37,1,-223,221,8.17,5
4,conj_grid,95,44,2,-218,318,10.64,5
4,conj_grid,95,45,2,-112,323,11.23,5
4,conj_grid,95,31,1,-105,110,12.1,5
4,conj_grid,95,17,2,-103,-111,12.67,5
4,conj_grid,95,4,1,-7,-326,15.57,5
4,conj_grid,95,25,1,4,19,16.77,5
4,conj_grid,95,32,1,16,107,17.47,5
4,conj_grid,95,46,2,22,329,18.87,5
4,conj_grid,95,47,1,97,325,19.8,5
4,conj_grid,95,19,2,110,-112,21.27,5
4,conj_grid,95,20,1,207,-96,24,5
4,conj_grid,95,34,1,222,116,24.93,5
4,conj_grid,95,27,1,218,1,25.4,5
4,conj_grid,95,48,2,240,325,26.6,5
4,conj_grid,95,35,1,326,97,28.03,5
4,conj_grid,95,28,2,338,0,28.86,5
4,conj_grid,95,21,2,320,-110,29.33,5
4,conj_grid,95,14,2,326,-217,29.8,5
4,conj_grid,95,5,2,105,-332,35.2,5
4,conj_rot,96,43,2,-468,10,1.84,1
4,conj_rot,96,36,1,-361,-76,2.54,1
4,conj_rot,96,29,1,-303,-148,2.97,1
4,conj_rot,96,22,2,-246,-233,3.5,1
4,conj_rot,96,8,1,-89,-372,4.9,1
4,conj_rot,96,1,2,-12,-467,5.63,1
4,conj_rot,96,30,2,-246,-76,9.9,1
4,conj_rot,96,16,2,-62,-216,10.87,1
4,conj_rot,96,45,1,-307,168,12.13,1
4,conj_rot,96,31,1,-152,-1,13.27,1
4,conj_rot,96,4,1,221,-237,15.5,1
4,conj_rot,96,39,2,-131,169,18.17,1
4,conj_rot,96,25,1,24,2,19,1
4,conj_rot,96,26,1,71,76,23.3,1
4,conj_rot,96,6,2,359,-74,26.03,1
4,conj_rot,96,20,2,221,83,26.76,1
4,conj_rot,96,34,2,59,227,27.4,1
4,conj_rot,96,48,1,-68,376,28.2,1
4,conj_rot,96,49,2,-0,449,28.85,1
4,conj_rot,96,42,1,82,382,30.43,1
4,conj_rot,96,35,2,168,303,30.9,1
4,conj_rot,96,21,1,305,152,32.15,1
4,conj_rot,96,14,2,377,74,32.81,1
4,conj_rot,96,7,1,459,-10,33.41,1
4,conj_rot,97,44,2,-363,71,1.92,2
4,conj_rot,97,45,2,-296,150,2.39,2
4,conj_rot,97,36,1,-380,-88,3.42,2
4,conj_rot,97,22,2,-220,-227,5.12,2
4,conj_rot,97,15,1,-152,-293,5.65,2
4,conj_rot,97,9,1,32,-310,8.58,2
4,conj_rot,97,17,2,-8,-155,10.75,2
4,conj_rot,97,25,2,-10,-17,11.52,2
4,conj_rot,97,18,2,82,-91,12.42,2
4,conj_rot,97,12,1,214,-80,14.12,2
4,conj_rot,97,5,1,318,-131,15.98,2
4,conj_rot,97,21,2,314,151,17.02,2
4,conj_rot,97,28,2,242,202,17.72,2
4,conj_rot,97,20,1,228,70,18.15,2
4,conj_rot,97,14,1,396,88,19.18,2
4,conj_rot,97,26,2,83,77,20.08,2
4,conj_rot,97,27,2,155,142,20.72,2
4,conj_rot,97,41,2,-8,313,21.78,2
4,conj_rot,97,48,2,-98,380,22.38,2
4,conj_rot,97,49,1,-6,461,22.92,2
4,conj_rot,97,40,1,-83,226,23.68,2
4,conj_rot,97,46,1,-215,220,24.23,2
4,conj_rot,97,30,1,-231,-76,25.85,2
4,conj_rot,97,8,1,-74,-389,28.35,2
4,conj_rot,98,36,2,-373,-70,4.47,3
4,conj_rot,98,29,2,-316,-161,4.9,3
4,conj_rot,98,2,2,80,-391,7.5,3
4,conj_rot,98,23,1,-158,-147,8.87,3
4,conj_rot,98,30,1,-241,-92,9.87,3
4,conj_rot,98,37,2,-314,2,10.8,3
4,conj_rot,98,44,1,-374,79,11.33,3
4,conj_rot,98,45,1,-287,165,12.77,3
4,conj_rot,98,38,2,-228,77,13.53,3
4,conj_rot,98,10,1,78,-227,15.53,3
4,conj_rot,98,11,1,172,-150,16.93,3
4,conj_rot,98,25,1,6,7,18.33,3
4,conj_rot,98,46,2,-226,249,19.73,3
4,conj_rot,98,39,2,-171,165,20.57,3
4,conj_rot,98,13,2,311,-15,26.48,3
4,conj_rot,98,27,1,135,147,27.75,3
4,conj_rot,98,41,1,9,299,28.45,3
4,conj_rot,98,48,1,-78,386,29.12,3
4,conj_rot,98,49,2,-14,455,30.68,3
4,conj_rot,98,42,2,94,387,31.28,3
4,conj_rot,98,35,1,149,327,31.71,3
4,conj_rot,98,21,2,297,154,32.68,3
4,conj_rot,98,14,2,367,91,33.3,3
4,conj_rot,98,7,1,460,-13,34.1,3
4,conj_rot,99,43,1,-479,-3,1.74,4
4,conj_rot,99,29,1,-303,-146,2.6,4
4,conj_rot,99,22,2,-230,-216,3.17,4
4,conj_rot,99,15,1,-152,-304,3.83,4
4,conj_rot,99,1,2,-0,-454,4.47,4
4,conj_rot,99,2,2,94,-374,5.2,4
4,conj_rot,99,9,1,-1,-307,5.83,4
4,conj_rot,99,23,2,-133,-152,6.63,4
4,conj_rot,99,38,1,-242,78,8.93,4
4,conj_rot,99,31,1,-153,-3,9.57,4
4,conj_rot,99,24,2,-78,-77,10.2,4
4,conj_rot,99,17,1,15,-161,10.8,4
4,conj_rot,99,3,2,138,-313,11.93,4
4,conj_rot,99,4,2,231,-211,12.67,4
4,conj_rot,99,18,1,75,-78,13.5,4
4,conj_rot,99,33,2,6,148,17.73,4
4,conj_rot,99,19,1,144,2,18.5,4
4,conj_rot,99,5,2,318,-159,19.73,4
4,conj_rot,99,13,2,294,-13,20.43,4
4,conj_rot,99,41,2,4,316,22,4
4,conj_rot,99,48,1,-81,385,22.87,4
4,conj_rot,99,49,2,9,456,23.78,4
4,conj_rot,99,7,1,444,-13,26.93,4
4,conj_rot,99,10,1,71,-246,31.16,4
4,conj_rot,100,22,1,-228,-223,4.2,5
4,conj_rot,100,16,1,-69,-244,6.23,5
4,conj_rot,100,23,2,-139,-157,6.9,5
4,conj_rot,100,30,2,-240,-77,7.77,5
4,conj_rot,100,38,1,-240,48,9.2,5
4,conj_rot,100,31,1,-157,-4,9.67,5
4,conj_rot,100,32,1,-90,56,10.03,5
4,conj_rot,100,24,1,-68,-85,10.43,5
4,conj_rot,100,17,2,-11,-164,11.33,5
4,conj_rot,100,11,2,161,-152,12.4,5
4,conj_rot,100,18,2,77,-99,12.77,5
4,conj_rot,100,25,2,-1,8,13.4,5
4,conj_rot,100,3,1,153,-309,14.1,5
4,conj_rot,100,46,2,-235,236,17.83,5
4,conj_rot,100,47,1,-164,298,18.97,5
4,conj_rot,100,33,1,-17,151,20.47,5
4,conj_rot,100,27,2,161,147,22.8,5
4,conj_rot,100,13,2,297,-1,23.83,5
4,conj_rot,100,6,2,380,-69,24.41,5
4,conj_rot,100,14,1,391,82,25.08,5
4,conj_rot,100,21,1,307,146,25.65,5
4,conj_rot,100,35,2,167,319,26.52,5
4,conj_rot,100,49,2,-11,444,27.23,5
4,conj_rot,100,42,1,86,358,27.75,5
4,conj_uni,101,15,1,-342,191,1.87,1
4,conj_uni,101,42,2,-294,223,2.44,1
4,conj_uni,101,33,2,-213,216,2.8,1
4,conj_uni,101,20,1,-173,162,3.4,1
4,conj_uni,101,25,1,-348,41,4.53,1
4,conj_uni,101,45,1,-271,-31,4.9,1
4,conj_uni,101,2,1,-219,-94,6.6,1
4,conj_uni,101,6,2,-119,-142,8.17,1
4,conj_uni,101,48,1,9,-61,9.14,1
4,conj_uni,101,28,2,79,-91,9.87,1
4,conj_uni,101,21,2,316,-296,12.3,1
4,conj_uni,101,23,2,220,-305,13.3,1
4,conj_uni,101,49,1,176,-342,13.73,1
4,conj_uni,101,31,1,241,-59,14.83,1
4,conj_uni,101,40,2,287,64,16.2,1
4,conj_uni,101,8,1,248,155,16.73,1
4,conj_uni,101,3,2,255,292,18.53,1
4,conj_uni,101,29,1,308,313,18.9,1
4,conj_uni,101,16,1,-61,237,19.98,1
4,conj_uni,101,4,2,93,124,21.26,1
4,conj_uni,101,38,2,-4,53,21.78,1
4,conj_uni,101,26,2,199,80,22.38,1
4,conj_uni,101,41,2,-95,332,23.78,1
4,conj_uni,101,34,1,-136,280,24.15,1
4,conj_uni,102,36,2,179,326,6.17,2
4,conj_uni,102,49,2,228,268,6.64,2
4,conj_uni,102,9,1,-249,176,8.4,2
4,conj_uni,102,2,2,-88,186,9.33,2
4,conj_uni,102,5,2,-54,49,10.03,2
4,conj_uni,102,13,1,-85,114,10.47,2
4,conj_uni,102,30,2,328,-38,12,2
4,conj_uni,102,3,2,344,-130,12.47,2
4,conj_uni,102,6,2,364,-183,12.9,2
4,conj_uni,102,35,2,183,-185,13.63,2
4,conj_uni,102,18,2,-30,-166,15.57,2
4,conj_uni,102,29,2,-128,-122,16.17,2
4,conj_uni,102,19,2,-172,-168,16.7,2
4,conj_uni,102,46,2,-292,-146,17.27,2
4,conj_uni,102,8,1,-244,-119,17.77,2
4,conj_uni,102,21,1,-223,-67,18.3,2
4,conj_uni,102,26,1,-188,-114,20.03,2
4,conj_uni,102,16,1,-165,-225,21.03,2
4,conj_uni,102,24,1,-113,-253,21.47,2
4,conj_uni,102,31,1,-24,-231,22.02,2
4,conj_uni,102,40,1,-2,-331,22.58,2
4,conj_uni,102,25,1,107,-319,23.15,2
4,conj_uni,102,42,1,177,-271,23.77,2
4,conj_uni,102,38,1,219,-353,24.5,2
4,conj_uni,103,6,2,-163,285,2.5,3
4,conj_uni,103,31,2,-67,337,3.3,3
4,conj_uni,103,5,2,-165,230,4.53,3
4,conj_uni,103,37,1,-79,185,5.07,3
4,conj_uni,103,41,1,-335,121,5.7,3
4,conj_uni,103,10,2,-329,-162,6.53,3
4,conj_uni,103,26,2,-346,-251,7,3
4,conj_uni,103,42,1,-310,-332,7.8,3
4,conj_uni,103,44,2,-119,-348,8.37,3
4,conj_uni,103,47,2,-58,-132,9.7,3
4,conj_uni,103,23,1,-166,-29,10.97,3
4,conj_uni,103,2,1,-50,-77,11.63,3
4,conj_uni,103,17,2,262,-99,14.9,3
4,conj_uni,103,25,2,314,-168,15.4,3
4,conj_uni,103,29,1,316,-307,15.83,3
4,conj_uni,103,18,1,183,-250,16.33,3
4,conj_uni,103,27,1,129,-231,16.73,3
4,conj_uni,103,34,1,215,-204,17.2,3
4,conj_uni,103,22,2,143,-290,17.93,3
4,conj_uni,103,16,2,90,-270,18.37,3
4,conj_uni,103,40,2,118,-349,18.87,3
4,conj_uni,103,43,1,84,205,22.28,3
4,conj_uni,103,36,1,-3,26,22.82,3
4,conj_uni,103,32,1,-219,-348,26.63,3
4,conj_uni,104,18,1,-348,-265,1.33,4
4,conj_uni,104,9,1,-245,-307,2.27,4
4,conj_uni,104,45,1,-194,-241,2.67,4
4,conj_uni,104,11,1,-69,-266,3.43,4
4,conj_uni,104,34,1,21,-333,4.5,4
4,conj_uni,104,41,2,-135,-107,7,4
4,conj_uni,104,40,2,-93,-154,7.67,4
4,conj_uni,104,47,2,-79,-100,8.04,4
4,conj_uni,104,37,2,-26,-123,9.1,4
4,conj_uni,104,13,2,47,-126,9.77,4
4,conj_uni,104,48,1,75,54,13.57,4
4,conj_uni,104,36,1,159,12,14.03,4
4,conj_uni,104,10,2,292,210,16.07,4
4,conj_uni,104,44,2,311,264,16.73,4
4,conj_uni,104,24,1,196,199,17.27,4
4,conj_uni,104,2,1,-245,154,19.73,4
4,conj_uni,104,5,2,9,177,20.36,4
4,conj_uni,104,7,1,-179,226,21.26,4
4,conj_uni,104,23,1,-274,236,21.85,4
4,conj_uni,104,39,1,-102,274,22.38,4
4,conj_uni,104,6,2,-165,286,22.96,4
4,conj_uni,104,21,2,-256,352,24.26,4
4,conj_uni,104,33,2,-224,261,24.78,4
4,conj_uni,104,42,2,-189,-297,28.31,4
4,conj_uni,105,18,2,-337,282,2.07,5
4,conj_uni,105,48,2,-335,62,2.84,5
4,conj_uni,105,34,1,-267,32,3.3,5
4,conj_uni,105,36,2,-270,-246,4.8,5
4,conj_uni,105,43,2,-196,-321,5.87,5
4,conj_uni,105,11,1,-156,12,6.73,5
4,conj_uni,105,35,1,-102,-338,7.6,5
4,conj_uni,105,6,2,128,-263,9.37,5
4,conj_uni,105,23,1,292,-172,9.9,5
4,conj_uni,105,12,1,197,-115,10.6,5
4,conj_uni,105,19,1,218,-15,11.57,5
4,conj_uni,105,4,1,186,-61,12.1,5
4,conj_uni,105,38,2,147,-20,12.6,5
4,conj_uni,105,5,2,300,-115,13.17,5
4,conj_uni,105,30,1,51,73,15,5
4,conj_uni,105,27,2,117,86,15.4,5
4,conj_uni,105,29,1,-23,-31,16.13,5
4,conj_uni,105,13,2,-135,64,17.97,5
4,conj_uni,105,42,2,-183,194,18.57,5
4,conj_uni,105,45,1,-124,118,19.13,5
4,conj_uni,105,49,2,65,168,21.27,5
4,conj_uni,105,14,1,71,224,21.75,5
4,conj_uni,105,41,2,243,235,22.88,5
4,conj_uni,105,44,1,352,151,23.37,5
4,feat_grid,106,36,2,-309,203,1.1,1
4,feat_grid,106,29,1,-328,123,2.14,1
4,feat_grid,106,15,2,-326,-104,3.33,1
4,feat_grid,106,8,1,-326,-202,3.8,1
4,feat_grid,106,2,1,-213,-313,4.7,1
4,feat_grid,106,3,1,-125,-320,5.47,1
4,feat_grid,106,10,1,-113,-231,5.97,1
4,feat_grid,106,5,1,95,-336,6.73,1
4,feat_grid,106,7,1,330,-335,7.63,1
4,feat_grid,106,6,2,206,-309,8.23,1
4,feat_grid,106,13,1,209,-221,8.83,1
4,feat_grid,106,14,2,338,-208,9.3,1
4,feat_grid,106,21,2,332,-92,9.87,1
4,feat_grid,106,28,2,310,-3,10.23,1
4,feat_grid,106,18,2,-8,-83,10.83,1
4,feat_grid,106,24,1,-99,11,11.53,1
4,feat_grid,106,23,2,-220,5,11.97,1
4,feat_grid,106,30,2,-211,94,12.43,1
4,feat_grid,106,31,2,-94,115,12.9,1
4,feat_grid,106,47,1,93,325,13.77,1
4,feat_grid,106,40,1,117,208,14.15,1
4,feat_grid,106,41,1,218,223,14.7,1
4,feat_grid,106,34,2,218,120,15.07,1
4,feat_grid,106,42,2,336,225,15.52,1
4,feat_grid,107,43,1,-330,315,0.9,2
4,feat_grid,107,36,2,-317,214,1.3,2
4,feat_grid,107,29,2,-323,92,1.9,2
4,feat_grid,107,8,1,-326,-232,2.73,2
4,feat_grid,107,17,2,-118,-99,3.67,2
4,feat_grid,107,3,2,-106,-310,4.93,2
4,feat_grid,107,4,1,-11,-333,5.33,2
4,feat_grid,107,19,1,111,-99,6.17,2
4,feat_grid,107,13,1,231,-208,6.67,2
4,feat_grid,107,25,2,12,-11,7.37,2
4,feat_grid,107,32,2,-6,95,7.87,2
4,feat_grid,107,30,1,-197,109,8.27,2
4,feat_grid,107,44,2,-221,321,8.8,2
4,feat_grid,107,45,2,-101,331,10.2,2
4,feat_grid,107,46,1,5,314,10.74,2
4,feat_grid,107,40,2,94,218,11.47,2
4,feat_grid,107,33,1,91,106,11.87,2
4,feat_grid,107,47,2,104,313,12.64,2
4,feat_grid,107,48,2,218,333,13.1,2
4,feat_grid,107,49,2,320,311,13.75,2
4,feat_grid,107,41,1,204,208,14.4,2
4,feat_grid,107,42,1,332,211,14.9,2
4,feat_grid,107,35,1,322,110,15.33,2
4,feat_grid,107,28,1,314,-4,15.83,2
4,feat_grid,108,37,2,-217,224,1.5,3
4,feat_grid,108,45,1,-102,331,2.07,3
4,feat_grid,108,46,2,-5,320,2.43,3
4,feat_grid,108,39,2,-6,207,2.9,3
4,feat_grid,108,40,2,112,209,3.3,3
4,feat_grid,108,41,1,229,212,3.8,3
4,feat_grid,108,35,1,324,102,4.63,3
4,feat_grid,108,34,1,214,108,5.1,3
4,feat_grid,108,33,1,99,113,5.67,3
4,feat_grid,108,31,1,-105,103,6.07,3
4,feat_grid,108,30,2,-218,88,6.6,3
4,feat_grid,108,24,2,-104,-2,7.17,3
4,feat_grid,108,27,2,232,15,7.77,3
4,feat_grid,108,21,1,326,-114,8.33,3
4,feat_grid,108,20,2,204,-99,8.87,3
4,feat_grid,108,18,1,-9,-109,9.8,3
4,feat_grid,108,17,1,-108,-114,10.27,3
4,feat_grid,108,10,1,-107,-201,10.7,3
4,feat_grid,108,11,1,15,-236,11.13,3
4,feat_grid,108,14,2,325,-223,11.93,3
4,feat_grid,108,7,2,316,-333,12.63,3
4,feat_grid,108,4,2,-6,-333,13.25,3
4,feat_grid,108,2,1,-214,-337,13.93,3
4,feat_grid,108,1,2,-338,-328,14.68,3
4,feat_grid,109,36,1,-321,215,1.64,4
4,feat_grid,109,29,1,-332,101,2.07,4
4,feat_grid,109,38,1,-112,213,3.4,4
4,feat_grid,109,40,2,98,221,4.83,4
4,feat_grid,109,41,2,224,204,5.24,4
4,feat_grid,109,42,2,316,209,5.67,4
4,feat_grid,109,49,2,333,333,6.1,4
4,feat_grid,109,35,1,325,90,6.77,4
4,feat_grid,109,28,1,332,22,7.1,4
4,feat_grid,109,21,2,339,-104,7.47,4
4,feat_grid,109,20,2,220,-117,8,4
4,feat_grid,109,24,1,-104,1,8.83,4
4,feat_grid,109,23,1,-216,-3,9.4,4
4,feat_grid,109,15,1,-319,-115,10.03,4
4,feat_grid,109,8,2,-338,-219,10.77,4
4,feat_grid,109,1,1,-313,-336,11.17,4
4,feat_grid,109,9,2,-209,-224,11.67,4
4,feat_grid,109,3,2,-113,-315,12.15,4
4,feat_grid,109,10,1,-113,-197,12.67,4
4,feat_grid,109,11,1,3,-235,13.93,4
4,feat_grid,109,4,1,6,-319,14.27,4
4,feat_grid,109,12,2,112,-213,14.73,4
4,feat_grid,109,5,2,98,-323,15.13,4
4,feat_grid,109,7,2,316,-343,16.1,4
4,feat_grid,110,36,1,-341,229,0.97,5
4,feat_grid,110,44,2,-201,329,1.6,5
4,feat_grid,110,30,2,-217,104,2.13,5
4,feat_grid,110,22,1,-318,-6,2.77,5
4,feat_grid,110,23,2,-218,-0,3.23,5
4,feat_grid,110,16,1,-221,-106,3.97,5
4,feat_grid,110,9,2,-236,-208,4.67,5
4,feat_grid,110,1,2,-318,-341,5.27,5
4,feat_grid,110,10,2,-107,-216,5.9,5
4,feat_grid,110,18,1,-15,-101,7.47,5
4,feat_grid,110,17,1,-114,-106,7.83,5
4,feat_grid,110,25,1,-14,-13,8.3,5
4,feat_grid,110,4,1,4,-320,8.8,5
4,feat_grid,110,6,2,219,-313,9.67,5
4,feat_grid,110,20,1,186,-125,11.2,5
4,feat_grid,110,14,1,317,-250,11.83,5
4,feat_grid,110,19,1,92,-106,12.47,5
4,feat_grid,110,28,2,302,-4,13.7,5
4,feat_grid,110,35,2,309,118,14.53,5
4,feat_grid,110,34,2,202,111,15.33,5
4,feat_grid,110,41,1,212,218,15.72,5
4,feat_grid,110,49,1,330,344,16.22,5
4,feat_grid,110,32,2,6,116,17.47,5
4,feat_grid,110,39,2,-3,188,18.02,5
4,feat_rot,111,49,1,-3,462,1.54,1
4,feat_rot,111,47,2,-159,299,2.3,1
4,feat_rot,111,38,1,-235,66,3.1,1
4,feat_rot,111,37,2,-314,-12,3.7,1
4,feat_rot,111,30,2,-231,-55,4.2,1
4,feat_rot,111,24,2,-75,-63,5.03,1
4,feat_rot,111,32,1,-80,62,5.77,1
4,feat_rot,111,33,2,-9,174,6.17,1
4,feat_rot,111,34,2,64,223,6.47,1
4,feat_rot,111,35,2,153,298,7.13,1
4,feat_rot,111,27,2,166,175,7.7,1
4,feat_rot,111,21,1,319,150,8.27,1
4,feat_rot,111,14,1,372,74,8.77,1
4,feat_rot,111,6,2,391,-60,9.2,1
4,feat_rot,111,12,2,249,-71,9.57,1
4,feat_rot,111,5,1,320,-145,10.03,1
4,feat_rot,111,19,1,156,5,10.6,1
4,feat_rot,111,18,1,79,-65,11.1,1
4,feat_rot,111,11,1,159,-137,11.57,1
4,feat_rot,111,17,2,3,-164,12.25,1
4,feat_rot,111,16,1,-61,-247,12.78,1
4,feat_rot,111,8,1,-71,-386,13.42,1
4,feat_rot,111,1,2,4,-470,13.9,1
4,feat_rot,111,3,1,154,-312,14.53,1
4,feat_rot,112,49,1,6,453,0.97,2
4,feat_rot,112,48,2,-82,372,1.47,2
4,feat_rot,112,47,2,-153,306,2,2
4,feat_rot,112,41,2,1,303,2.67,2
4,feat_rot,112,39,1,-151,153,3.37,2
4,feat_rot,112,33,1,6,143,3.9,2
4,feat_rot,112,27,1,148,138,4.37,2
4,feat_rot,112,20,1,233,82,5.67,2
4,feat_rot,112,19,1,151,4,6.13,2
4,feat_rot,112,21,1,305,154,6.63,2
4,feat_rot,112,13,1,308,4,7.17,2
4,feat_rot,112,12,1,245,-77,7.53,2
4,feat_rot,112,5,2,301,-129,7.97,2
4,feat_rot,112,7,2,452,-7,8.57,2
4,feat_rot,112,4,1,218,-225,9.3,2
4,feat_rot,112,10,1,82,-235,10.07,2
4,feat_rot,112,17,2,-3,-131,10.8,2
4,feat_rot,112,29,2,-306,-142,12.08,2
4,feat_rot,112,23,2,-152,-145,13.52,2
4,feat_rot,112,16,2,-93,-225,13.97,2
4,feat_rot,112,15,2,-136,-297,15.02,2
4,feat_rot,112,9,2,4,-309,15.88,2
4,feat_rot,112,8,1,-61,-383,16.45,2
4,feat_rot,112,1,2,-1,-455,16.98,2
4,feat_rot,113,49,1,-2,456,1.2,3
4,feat_rot,113,48,1,-76,403,1.87,3
4,feat_rot,113,41,2,-14,323,2.5,3
4,feat_rot,113,40,2,-74,246,3.04,3
4,feat_rot,113,47,2,-151,286,3.74,3
4,feat_rot,113,39,2,-162,144,4.1,3
4,feat_rot,113,45,2,-307,147,4.54,3
4,feat_rot,113,44,1,-373,81,4.97,3
4,feat_rot,113,38,2,-240,62,5.57,3
4,feat_rot,113,37,1,-301,-5,6,3
4,feat_rot,113,30,1,-229,-67,6.47,3
4,feat_rot,113,31,1,-161,2,6.9,3
4,feat_rot,113,34,1,78,241,7.67,3
4,feat_rot,113,26,2,87,85,8.07,3
4,feat_rot,113,23,2,-159,-154,9.13,3
4,feat_rot,113,16,2,-70,-249,9.8,3
4,feat_rot,113,15,1,-171,-313,10.5,3
4,feat_rot,113,9,2,6,-315,10.9,3
4,feat_rot,113,2,1,67,-382,11.4,3
4,feat_rot,113,10,2,79,-242,11.97,3
4,feat_rot,113,12,1,221,-73,12.57,3
4,feat_rot,113,6,1,378,-78,13.5,3
4,feat_rot,113,13,2,308,2,13.97,3
4,feat_rot,113,20,1,221,78,14.72,3
4,feat_rot,114,43,2,-442,1,1.1,4
4,feat_rot,114,36,1,-392,-66,1.77,4
4,feat_rot,114,22,2,-232,-233,2.34,4
4,feat_rot,114,8,1,-72,-380,2.93,4
4,feat_rot,114,3,2,141,-329,3.67,4
4,feat_rot,114,9,2,12,-314,4.13,4
4,feat_rot,114,10,2,69,-239,4.77,4
4,feat_rot,114,23,1,-132,-162,5.3,4
4,feat_rot,114,17,1,-3,-133,5.77,4
4,feat_rot,114,30,1,-209,-89,6.3,4
4,feat_rot,114,31,1,-152,7,6.84,4
4,feat_rot,114,38,2,-228,85,7.2,4
4,feat_rot,114,45,2,-296,160,7.7,4
4,feat_rot,114,46,2,-235,234,9.14,4
4,feat_rot,114,39,1,-151,144,9.57,4
4,feat_rot,114,41,1,8,286,10.6,4
4,feat_rot,114,33,2,-0,153,11.23,4
4,feat_rot,114,49,1,20,455,12.2,4
4,feat_rot,114,48,2,-70,412,12.64,4
4,feat_rot,114,35,1,144,310,13.23,4
4,feat_rot,114,28,1,247,230,14,4
4,feat_rot,114,7,2,451,14,14.83,4
4,feat_rot,114,13,1,322,-1,15.42,4
4,feat_rot,114,5,2,293,-156,15.95,4
4,feat_rot,115,43,2,-451,-3,1.14,5
4,feat_rot,115,29,2,-284,-160,1.74,5
4,feat_rot,115,22,1,-228,-233,2.23,5
4,feat_rot,115,23,2,-146,-148,2.7,5
4,feat_rot,115,16,2,-64,-225,3.03,5
4,feat_rot,115,1,1,-27,-445,3.53,5
4,feat_rot,115,5,1,280,-164,4.23,5
4,feat_rot,115,11,2,161,-158,4.83,5
4,feat_rot,115,12,1,246,-76,5.27,5
4,feat_rot,115,13,2,312,9,5.9,5
4,feat_rot,115,19,2,153,15,6.47,5
4,feat_rot,115,26,1,80,82,7.23,5
4,feat_rot,115,33,2,4,152,7.63,5
4,feat_rot,115,32,1,-76,80,8.07,5
4,feat_rot,115,31,1,-153,-2,8.53,5
4,feat_rot,115,38,1,-222,77,9.27,5
4,feat_rot,115,45,1,-299,163,9.83,5
4,feat_rot,115,39,2,-150,161,10.43,5
4,feat_rot,115,47,2,-151,303,11.07,5
4,feat_rot,115,49,1,-10,462,11.98,5
4,feat_rot,115,42,1,76,368,13.18,5
4,feat_rot,115,35,1,155,312,13.72,5
4,feat_rot,115,28,2,230,233,14.08,5
4,feat_rot,115,27,2,155,139,14.57,5
4,feat_uni,116,45,1,-316,343,0.87,1
4,feat_uni,116,8,1,-223,325,1.4,1
4,feat_uni,116,26,2,-73,294,2.37,1
4,feat_uni,116,5,2,24,290,3.07,1
4,feat_uni,116,13,2,114,334,3.6,1
4,feat_uni,116,27,2,187,324,4.4,1
4,feat_uni,116,20,1,341,353,5.2,1
4,feat_uni,116,25,2,-43,174,6.23,1
4,feat_uni,116,43,2,72,45,6.9,1
4,feat_uni,116,39,2,123,24,7.3,1
4,feat_uni,116,28,1,210,10,7.97,1
4,feat_uni,116,33,1,295,7,8.8,1
4,feat_uni,116,2,1,-124,54,9.97,1
4,feat_uni,116,6,1,-328,-53,10.87,1
4,feat_uni,116,32,1,-332,-125,11.23,1
4,feat_uni,116,1,2,-7,-116,12.07,1
4,feat_uni,116,37,1,28,-160,12.47,1
4,feat_uni,116,38,1,101,-211,12.93,1
4,feat_uni,116,12,1,167,-219,13.33,1
4,feat_uni,116,17,2,215,-53,14.3,1
4,feat_uni,116,46,1,268,-72,14.9,1
4,feat_uni,116,10,2,323,-84,15.23,1
4,feat_uni,116,30,2,262,-167,15.8,1
4,feat_uni,116,4,2,309,-198,16.11,1
4,feat_uni,117,41,1,-273,285,0.87,2
4,feat_uni,117,18,1,-322,250,1.33,2
4,feat_uni,117,44,2,-217,289,1.9,2
4,feat_uni,117,30,2,-308,111,2.87,2
4,feat_uni,117,35,2,-194,-76,3.64,2
4,feat_uni,117,25,2,-253,-190,4.5,2
4,feat_uni,117,5,1,-121,-77,5.37,2
4,feat_uni,117,2,2,-208,-348,6.4,2
4,feat_uni,117,27,2,-54,-359,7.17,2
4,feat_uni,117,46,1,58,-330,7.67,2
4,feat_uni,117,23,1,168,-289,8.5,2
4,feat_uni,117,20,1,223,-302,8.97,2
4,feat_uni,117,4,1,117,-208,9.77,2
4,feat_uni,117,16,1,61,-219,10.1,2
4,feat_uni,117,40,2,-2,-178,10.67,2
4,feat_uni,117,13,2,-66,-83,11.23,2
4,feat_uni,117,37,2,-25,-44,11.57,2
4,feat_uni,117,49,2,-10,9,11.97,2
4,feat_uni,117,47,1,77,-27,12.63,2
4,feat_uni,117,17,1,91,-87,12.98,2
4,feat_uni,117,29,1,162,-78,13.35,2
4,feat_uni,117,15,2,144,123,14.45,2
4,feat_uni,117,45,1,268,229,15.13,2
4,feat_uni,117,26,2,350,234,15.57,2
4,feat_uni,118,9,1,-329,302,0.97,3
4,feat_uni,118,2,2,-39,314,2,3
4,feat_uni,118,42,1,-121,287,2.34,3
4,feat_uni,118,7,2,-209,182,3.03,3
4,feat_uni,118,22,2,-306,47,3.57,3
4,feat_uni,118,13,1,-314,-119,4.03,3
4,feat_uni,118,35,2,-336,-332,4.63,3
4,feat_uni,118,5,2,-208,-227,5.27,3
4,feat_uni,118,46,2,-112,-317,5.94,3
4,feat_uni,118,1,1,-133,-193,6.4,3
4,feat_uni,118,44,2,-120,-0,7.47,3
4,feat_uni,118,21,2,-213,-66,8,3
4,feat_uni,118,27,1,-64,98,8.57,3
4,feat_uni,118,6,1,41,126,9.07,3
4,feat_uni,118,47,2,144,145,9.63,3
4,feat_uni,118,31,1,206,187,10.43,3
4,feat_uni,118,14,1,228,105,10.93,3
4,feat_uni,118,15,1,143,-71,11.5,3
4,feat_uni,118,39,1,141,-129,11.87,3
4,feat_uni,118,18,2,257,-31,12.53,3
4,feat_uni,118,17,2,234,-243,13.12,3
4,feat_uni,118,32,2,202,-303,13.42,3
4,feat_uni,118,38,1,40,-251,14.1,3
4,feat_uni,118,34,1,-8,-281,14.43,3
4,feat_uni,119,47,2,-338,133,1.04,4
4,feat_uni,119,24,2,-241,223,1.57,4
4,feat_uni,119,25,1,-134,239,2.33,4
4,feat_uni,119,2,1,-84,267,2.7,4
4,feat_uni,119,12,1,-128,306,3.3,4
4,feat_uni,119,43,2,67,358,3.9,4
4,feat_uni,119,5,1,251,214,4.93,4
4,feat_uni,119,4,2,198,242,5.43,4
4,feat_uni,119,7,1,145,223,5.8,4
4,feat_uni,119,20,2,337,285,6.47,4
4,feat_uni,119,29,1,136,91,7.17,4
4,feat_uni,119,6,1,30,129,7.83,4
4,feat_uni,119,22,1,-100,91,8.43,4
4,feat_uni,119,27,1,-162,100,9,4
4,feat_uni,119,49,1,-135,-92,10.07,4
4,feat_uni,119,15,2,15,-59,10.77,4
4,feat_uni,119,44,1,143,-73,11.37,4
4,feat_uni,119,34,2,258,-47,11.83,4
4,feat_uni,119,31,1,320,-75,12.5,4
4,feat_uni,119,48,2,-15,-319,13.63,4
4,feat_uni,119,33,2,-148,-291,14.17,4
4,feat_uni,119,41,2,-205,-229,14.87,4
4,feat_uni,119,14,2,-282,-163,15.32,4
4,feat_uni,119,16,2,-312,-290,15.82,4
4,feat_uni,120,6,1,-188,345,1.17,5
4,feat_uni,120,41,1,-108,287,1.64,5
4,feat_uni,120,17,1,-43,186,2.07,5
4,feat_uni,120,26,2,-84,100,2.57,5
4,feat_uni,120,11,2,-111,43,2.9,5
4,feat_uni,120,36,1,-152,-3,3.27,5
4,feat_uni,120,24,1,-264,-9,3.97,5
4,feat_uni,120,33,1,-319,79,4.54,5
4,feat_uni,120,3,1,273,354,5.3,5
4,feat_uni,120,37,2,222,331,5.64,5
4,feat_uni,120,28,1,216,276,5.93,5
4,feat_uni,120,27,2,341,242,6.7,5
4,feat_uni,120,29,2,43,90,7.47,5
4,feat_uni,120,32,2,141,-19,8.23,5
4,feat_uni,120,22,1,318,-15,9.63,5
4,feat_uni,120,38,2,59,-214,10.4,5
4,feat_uni,120,39,1,165,-252,10.97,5
4,feat_uni,120,19,2,-11,-313,11.63,5
4,feat_uni,120,48,1,-57,-281,12.17,5
4,feat_uni,120,23,2,-215,-297,12.83,5
4,feat_uni,120,16,1,-343,-305,13.47,5
4,feat_uni,120,14,2,-345,-215,14.03,5
4,feat_uni,120,13,2,-239,-143,14.45,5
4,feat_uni,120,40,2,-187,-243,14.97,5
5,conj_grid,121,16,1,-223,-92,1.8,1
5,conj_grid,121,17,1,-129,-117,2.37,1
5,conj_grid,121,1,1,-331,-321,3.1,1
5,conj_grid,121,3,1,-109,-321,4.6,1
5,conj_grid,121,27,1,214,-14,6.37,1
5,conj_grid,121,25,1,3,-30,7.27,1
5,conj_grid,121,32,1,-25,94,8.3,1
5,conj_grid,121,31,1,-116,99,9.07,1
5,conj_grid,121,36,1,-320,222,9.9,1
5,conj_grid,121,46,1,-4,326,11.23,1
5,conj_grid,121,48,1,218,324,12.3,1
5,conj_grid,121,49,1,325,327,13.03,1
5,conj_grid,121,38,2,-102,215,15.23,1
5,conj_grid,121,43,2,-317,327,16.4,1
5,conj_grid,121,29,2,-304,124,17.53,1
5,conj_grid,121,30,2,-208,98,19,1
5,conj_grid,121,8,2,-325,-206,20.56,1
5,conj_grid,121,11,2,-3,-222,22.23,1
5,conj_grid,121,12,2,102,-235,23.26,1
5,conj_grid,121,4,2,1,-317,24.28,1
5,conj_grid,121,35,2,320,96,26.33,1
5,conj_grid,121,28,2,321,6,27.25,1
5,conj_grid,121,34,2,232,104,28.17,1
5,conj_grid,121,42,2,324,218,29.5,1
5,conj_grid,122,18,1,-15,-117,2.07,2
5,conj_grid,122,17,1,-119,-95,2.93,2
5,conj_grid,122,23,1,-235,8,3.77,2
5,conj_grid,122,39,1,1,208,5.4,2
5,conj_grid,122,46,1,12,327,6.63,2
5,conj_grid,122,48,1,220,320,7.5,2
5,conj_grid,122,35,1,329,95,8.63,2
5,conj_grid,122,21,1,316,-115,9.6,2
5,conj_grid,122,12,1,123,-213,10.57,2
5,conj_grid,122,6,1,217,-324,13.23,2
5,conj_grid,122,5,2,126,-337,14.1,2
5,conj_grid,122,10,2,-119,-223,15.43,2
5,conj_grid,122,9,1,-201,-199,17.56,2
5,conj_grid,122,26,2,105,12,18.5,2
5,conj_grid,122,19,2,96,-106,19.5,2
5,conj_grid,122,13,2,219,-216,20.5,2
5,conj_grid,122,14,2,317,-213,22.2,2
5,conj_grid,122,1,2,-320,-319,23.76,2
5,conj_grid,122,2,1,-222,-311,24.7,2
5,conj_grid,122,44,2,-221,320,27.22,2
5,conj_grid,122,45,2,-103,318,28.08,2
5,conj_grid,122,49,2,344,334,29.4,2
5,conj_grid,122,33,2,85,106,31.48,2
5,conj_grid,122,31,2,-114,118,33.36,2
5,conj_grid,123,33,1,93,106,1.44,3
5,conj_grid,123,39,1,2,221,4.24,3
5,conj_grid,123,40,1,108,231,4.77,3
5,conj_grid,123,41,1,209,235,5.94,3
5,conj_grid,123,42,1,327,217,6.6,3
5,conj_grid,123,49,1,332,328,8,3
5,conj_grid,123,35,1,323,104,8.93,3
5,conj_grid,123,28,1,315,11,9.87,3
5,conj_grid,123,20,1,203,-110,10.57,3
5,conj_grid,123,15,1,-320,-117,11.9,3
5,conj_grid,123,22,1,-334,3,12.73,3
5,conj_grid,123,36,2,-328,221,14.73,3
5,conj_grid,123,43,2,-327,323,15.33,3
5,conj_grid,123,45,2,-94,325,17.78,3
5,conj_grid,123,47,2,91,339,19.25,3
5,conj_grid,123,38,2,-111,208,20.18,3
5,conj_grid,123,31,2,-101,110,20.95,3
5,conj_grid,123,25,2,-14,2,21.85,3
5,conj_grid,123,3,1,-128,-332,23.75,3
5,conj_grid,123,14,2,344,-233,25.58,3
5,conj_grid,123,21,2,316,-122,26.81,3
5,conj_grid,123,1,2,-333,-330,30.86,3
5,conj_grid,123,2,2,-208,-331,31.91,3
5,conj_grid,123,6,2,217,-314,33.25,3
5,conj_grid,124,10,1,-106,-218,2.23,4
5,conj_grid,124,3,1,-108,-324,3.5,4
5,conj_grid,124,4,1,15,-314,4.3,4
5,conj_grid,124,6,1,200,-318,5.37,4
5,conj_grid,124,14,1,314,-223,6.27,4
5,conj_grid,124,20,1,222,-115,7.4,4
5,conj_grid,124,27,1,216,-0,8.17,4
5,conj_grid,124,42,1,343,217,9.8,4
5,conj_grid,124,48,1,214,334,10.5,4
5,conj_grid,124,47,1,92,331,12.43,4
5,conj_grid,124,46,2,5,322,13.03,4
5,conj_grid,124,39,2,-7,222,13.97,4
5,conj_grid,124,40,2,97,227,14.67,4
5,conj_grid,124,37,2,-237,204,16.4,4
5,conj_grid,124,36,1,-309,226,17.53,4
5,conj_grid,124,29,2,-312,100,19.4,4
5,conj_grid,124,32,2,6,102,20.53,4
5,conj_grid,124,25,2,15,6,21.3,4
5,conj_grid,124,11,2,27,-220,22.73,4
5,conj_grid,124,12,2,103,-223,23.73,4
5,conj_grid,124,16,1,-221,-114,25.73,4
5,conj_grid,124,26,2,93,0,28.25,4
5,conj_grid,124,17,2,-107,-101,36.01,4
5,conj_grid,124,1,2,-304,-322,41.76,4
5,conj_grid,125,16,1,-213,-102,1.53,5
5,conj_grid,125,15,1,-339,-106,2.23,5
5,conj_grid,125,9,1,-204,-216,3.8,5
5,conj_grid,125,2,1,-227,-328,4.9,5
5,conj_grid,125,3,1,-98,-325,5.6,5
5,conj_grid,125,5,1,105,-312,6.43,5
5,conj_grid,125,13,1,226,-231,7.1,5
5,conj_grid,125,14,1,315,-234,7.8,5
5,conj_grid,125,38,1,-112,222,9.9,5
5,conj_grid,125,30,1,-232,127,10.87,5
5,conj_grid,125,29,2,-329,112,12.53,5
5,conj_grid,125,37,2,-216,204,13.17,5
5,conj_grid,125,43,2,-314,304,14,5
5,conj_grid,125,39,2,11,224,15.4,5
5,conj_grid,125,33,2,115,98,16.3,5
5,conj_grid,125,41,2,201,204,17.2,5
5,conj_grid,125,42,2,298,228,19.17,5
5,conj_grid,125,25,2,12,1,20.53,5
5,conj_grid,125,19,2,111,-113,21.57,5
5,conj_grid,125,6,2,211,-327,22.9,5
5,conj_grid,125,7,2,324,-322,23.86,5
5,conj_grid,125,4,2,0,-324,25.16,5
5,conj_grid,125,18,1,10,-112,26.75,5
5,conj_grid,125,35,1,319,120,36.01,5
5,conj_rot,126,25,1,0,16,1.3,1
5,conj_rot,126,18,1,79,-65,1.9,1
5,conj_rot,126,11,1,166,-138,2.53,1
5,conj_rot,126,4,1,246,-213,3.3,1
5,conj_rot,126,3,1,153,-312,4.1,1
5,conj_rot,126,32,1,-74,79,5.27,1
5,conj_rot,126,34,1,84,223,7.23,1
5,conj_rot,126,45,1,-312,145,8.47,1
5,conj_rot,126,43,1,-454,-4,9.4,1
5,conj_rot,126,37,2,-327,-2,10.2,1
5,conj_rot,126,36,2,-379,-84,10.83,1
5,conj_rot,126,38,2,-211,88,12.2,1
5,conj_rot,126,39,2,-146,150,13.03,1
5,conj_rot,126,40,2,-73,240,14.27,1
5,conj_rot,126,47,2,-160,296,15.67,1
5,conj_rot,126,48,2,-113,371,16.87,1
5,conj_rot,126,15,1,-157,-297,18.93,1
5,conj_rot,126,22,1,-234,-221,19.8,1
5,conj_rot,126,16,1,-57,-246,20.82,1
5,conj_rot,126,23,2,-173,-170,21.68,1
5,conj_rot,126,1,2,-10,-454,23.31,1
5,conj_rot,126,13,2,300,-12,27.3,1
5,conj_rot,126,20,2,236,73,28.51,1
5,conj_rot,126,21,2,308,143,35.93,1
5,conj_rot,127,32,1,-86,82,1.47,2
5,conj_rot,127,40,1,-81,227,3.2,2
5,conj_rot,127,46,1,-239,221,4.17,2
5,conj_rot,127,45,1,-297,153,4.84,2
5,conj_rot,127,44,1,-374,71,5.54,2
5,conj_rot,127,36,1,-376,-81,7.17,2
5,conj_rot,127,23,1,-138,-141,8.33,2
5,conj_rot,127,24,1,-78,-84,9.03,2
5,conj_rot,127,4,1,250,-235,11.17,2
5,conj_rot,127,34,1,81,232,12.9,2
5,conj_rot,127,35,1,168,285,13.47,2
5,conj_rot,127,42,1,69,380,14.27,2
5,conj_rot,127,1,2,-2,-457,16.46,2
5,conj_rot,127,3,2,150,-305,17.53,2
5,conj_rot,127,9,2,-0,-308,18.7,2
5,conj_rot,127,17,2,1,-146,20.13,2
5,conj_rot,127,30,2,-249,-89,21.17,2
5,conj_rot,127,37,2,-296,19,22.2,2
5,conj_rot,127,18,2,68,-65,23.45,2
5,conj_rot,127,12,2,210,-80,24.73,2
5,conj_rot,127,5,2,292,-143,25.45,2
5,conj_rot,127,6,2,382,-68,26.33,2
5,conj_rot,127,7,2,461,-15,27.23,2
5,conj_rot,127,27,2,175,171,28.38,2
5,conj_rot,128,24,1,-68,-89,1.6,3
5,conj_rot,128,31,1,-164,-6,2.27,3
5,conj_rot,128,38,1,-235,80,3.07,3
5,conj_rot,128,37,1,-308,5,4.04,3
5,conj_rot,128,16,1,-74,-220,5.63,3
5,conj_rot,128,9,1,-10,-288,7.53,3
5,conj_rot,128,15,1,-169,-308,8.43,3
5,conj_rot,128,10,1,85,-214,9.37,3
5,conj_rot,128,4,1,226,-212,10.33,3
5,conj_rot,128,12,2,234,-69,12.57,3
5,conj_rot,128,19,2,158,-2,14,3
5,conj_rot,128,14,2,373,71,14.87,3
5,conj_rot,128,21,2,307,141,16.9,3
5,conj_rot,128,27,2,149,158,18,3
5,conj_rot,128,40,2,-63,221,19.3,3
5,conj_rot,128,47,2,-153,317,21.77,3
5,conj_rot,128,8,2,-63,-382,24.36,3
5,conj_rot,128,3,2,159,-315,26,3
5,conj_rot,128,5,2,296,-163,28.15,3
5,conj_rot,128,25,2,-9,-6,30.73,3
5,conj_rot,128,32,1,-71,77,32.65,3
5,conj_rot,128,41,1,-5,291,34.57,3
5,conj_rot,128,42,1,68,400,35.68,3
5,conj_rot,128,45,2,-302,158,44.53,3
5,conj_rot,129,31,1,-159,-11,1.14,4
5,conj_rot,129,24,1,-74,-72,1.87,4
5,conj_rot,129,30,1,-238,-78,3,4
5,conj_rot,129,22,1,-218,-219,3.9,4
5,conj_rot,129,37,2,-294,-22,6.5,4
5,conj_rot,129,36,2,-377,-68,7.23,4
5,conj_rot,129,23,2,-154,-137,7.97,4
5,conj_rot,129,16,2,-57,-224,9.27,4
5,conj_rot,129,15,2,-150,-311,10.2,4
5,conj_rot,129,9,2,20,-317,11,4
5,conj_rot,129,1,2,-18,-462,11.9,4
5,conj_rot,129,2,1,90,-371,13.43,4
5,conj_rot,129,25,2,10,-2,15.53,4
5,conj_rot,129,26,1,75,91,16.3,4
5,conj_rot,129,33,1,6,172,16.93,4
5,conj_rot,129,35,1,162,300,20.63,4
5,conj_rot,129,42,2,90,384,21.9,4
5,conj_rot,129,47,2,-139,322,23,4
5,conj_rot,129,41,2,-5,328,24.9,4
5,conj_rot,129,34,2,61,220,26.03,4
5,conj_rot,129,6,1,372,-96,29.16,4
5,conj_rot,129,13,1,303,8,29.95,4
5,conj_rot,129,7,1,467,17,31.45,4
5,conj_rot,129,46,1,-238,240,37.71,4
5,conj_rot,130,36,1,-367,-54,3.9,5
5,conj_rot,130,43,2,-461,0,4.7,5
5,conj_rot,130,29,2,-298,-175,5.5,5
5,conj_rot,130,23,1,-141,-145,8.4,5
5,conj_rot,130,37,2,-307,17,9.83,5
5,conj_rot,130,47,2,-155,292,11.7,5
5,conj_rot,130,48,2,-106,386,12.9,5
5,conj_rot,130,46,2,-239,238,14.07,5
5,conj_rot,130,42,1,63,384,15.47,5
5,conj_rot,130,35,2,151,320,17.23,5
5,conj_rot,130,34,2,81,223,18.97,5
5,conj_rot,130,33,2,1,160,19.9,5
5,conj_rot,130,40,1,-62,244,21,5
5,conj_rot,130,28,1,232,249,22.2,5
5,conj_rot,130,14,1,367,84,23.43,5
5,conj_rot,130,7,1,453,3,24.03,5
5,conj_rot,130,13,1,301,5,24.7,5
5,conj_rot,130,12,1,232,-73,25.4,5
5,conj_rot,130,20,1,222,65,26.7,5
5,conj_rot,130,31,2,-143,5,28.6,5
5,conj_rot,130,26,2,78,81,29.7,5
5,conj_rot,130,19,2,143,-7,30.48,5
5,conj_rot,130,8,1,-71,-387,33.35,5
5,conj_rot,130,1,1,9,-451,34.93,5
5,conj_uni,131,25,1,27,-23,1.47,1
5,conj_uni,131,46,1,-211,-96,2.64,1
5,conj_uni,131,2,1,-206,-151,3.3,1
5,conj_uni,131,31,1,-335,-66,4.07,1
5,conj_uni,131,4,1,-350,-238,5.2,1
5,conj_uni,131,40,2,-255,-194,7,1
5,conj_uni,131,41,2,-291,-150,7.87,1
5,conj_uni,131,10,2,-266,-101,8.7,1
5,conj_uni,131,33,2,-213,-260,9.63,1
5,conj_uni,131,19,2,-188,-353,10.83,1
5,conj_uni,131,11,2,-251,-346,11.37,1
5,conj_uni,131,22,2,-49,-293,12.27,1
5,conj_uni,131,9,2,-47,-349,12.8,1
5,conj_uni,131,29,1,46,-213,14.17,1
5,conj_uni,131,15,1,-134,-312,14.87,1
5,conj_uni,131,38,1,-285,149,17.43,1
5,conj_uni,131,23,1,-181,106,18.47,1
5,conj_uni,131,39,2,31,128,19.53,1
5,conj_uni,131,34,2,-185,343,20.77,1
5,conj_uni,131,37,1,289,178,24.07,1
5,conj_uni,131,35,1,1,222,25.28,1
5,conj_uni,131,27,2,278,-97,28.71,1
5,conj_uni,131,13,2,321,-52,29.28,1
5,conj_uni,131,48,1,325,330,30.98,1
5,conj_uni,132,27,1,173,38,1.84,2
5,conj_uni,132,25,1,-54,140,3.37,2
5,conj_uni,132,24,1,-65,221,4.2,2
5,conj_uni,132,43,1,-180,276,5.04,2
5,conj_uni,132,49,1,-275,332,5.84,2
5,conj_uni,132,18,2,-249,276,6.7,2
5,conj_uni,132,40,2,-89,273,7.63,2
5,conj_uni,132,20,2,34,322,9.2,2
5,conj_uni,132,35,2,109,212,10.73,2
5,conj_uni,132,36,2,59,45,11.8,2
5,conj_uni,132,7,1,-169,-295,14.13,2
5,conj_uni,132,1,1,-252,-240,15.4,2
5,conj_uni,132,30,1,-317,-193,16.27,2
5,conj_uni,132,29,2,-6,-245,17.53,2
5,conj_uni,132,16,2,-43,-289,18.47,2
5,conj_uni,132,37,2,-185,-349,19.27,2
5,conj_uni,132,15,2,308,-355,20.17,2
5,conj_uni,132,41,2,316,-299,21.1,2
5,conj_uni,132,33,1,255,-334,21.63,2
5,conj_uni,132,4,1,200,-206,22.96,2
5,conj_uni,132,21,1,61,-113,23.95,2
5,conj_uni,132,22,2,120,18,25.75,2
5,conj_uni,132,45,1,-172,-112,28.1,2
5,conj_uni,132,26,2,244,247,32.35,2
5,conj_uni,133,9,2,-254,129,3.13,3
5,conj_uni,133,13,2,-193,66,3.9,3
5,conj_uni,133,31,2,-176,6,5.33,3
5,conj_uni,133,21,2,-287,-56,6.3,3
5,conj_uni,133,27,2,-344,114,8.7,3
5,conj_uni,133,17,2,-136,193,9.73,3
5,conj_uni,133,46,1,-156,285,10.6,3
5,conj_uni,133,16,1,39,318,11.77,3
5,conj_uni,133,47,2,277,56,13.3,3
5,conj_uni,133,24,1,294,110,13.87,3
5,conj_uni,133,30,1,172,32,14.73,3
5,conj_uni,133,42,1,297,190,15.6,3
5,conj_uni,133,15,1,271,240,16.4,3
5,conj_uni,133,41,1,261,-37,17.4,3
5,conj_uni,133,8,1,283,-91,17.7,3
5,conj_uni,133,28,1,171,-98,19.07,3
5,conj_uni,133,45,1,104,-118,19.7,3
5,conj_uni,133,12,2,47,-124,20.4,3
5,conj_uni,133,7,2,-148,-140,21.55,3
5,conj_uni,133,23,1,-82,-221,22.33,3
5,conj_uni,133,25,2,-26,29,28.46,3
5,conj_uni,133,1,2,-7,-335,29.7,3
5,conj_uni,133,22,1,349,-241,34.18,3
5,conj_uni,133,19,2,-216,-350,37.01,3
5,conj_uni,134,32,1,-134,19,1.3,4
5,conj_uni,134,47,1,-277,45,2.5,4
5,conj_uni,134,36,1,-257,114,2.94,4
5,conj_uni,134,49,1,-273,206,3.44,4
5,conj_uni,134,12,1,-54,271,5.47,4
5,conj_uni,134,7,1,-20,323,7.47,4
5,conj_uni,134,6,2,-166,269,8.57,4
5,conj_uni,134,8,2,-326,314,9.97,4
5,conj_uni,134,30,2,-329,-76,11.87,4
5,conj_uni,134,29,1,-287,-113,12.57,4
5,conj_uni,134,20,2,-84,-32,14.03,4
5,conj_uni,134,43,1,319,-167,15.97,4
5,conj_uni,134,28,2,269,-88,17.17,4
5,conj_uni,134,42,2,152,-312,18.53,4
5,conj_uni,134,19,2,116,-355,19.23,4
5,conj_uni,134,25,2,-6,-202,20.6,4
5,conj_uni,134,35,2,175,232,22.3,4
5,conj_uni,134,5,1,-66,162,23.46,4
5,conj_uni,134,41,1,210,-303,25.2,4
5,conj_uni,134,3,2,74,-319,26.26,4
5,conj_uni,134,14,1,-141,-279,28.21,4
5,conj_uni,134,13,2,29,147,29.96,4
5,conj_uni,134,38,2,-110,208,32.05,4
5,conj_uni,134,4,1,256,113,36.28,4
5,conj_uni,135,34,1,-11,91,0.94,5
5,conj_uni,135,48,2,94,159,3.27,5
5,conj_uni,135,28,2,-31,229,4.03,5
5,conj_uni,135,27,2,73,275,4.53,5
5,conj_uni,135,37,2,208,165,6.97,5
5,conj_uni,135,18,1,222,333,7.67,5
5,conj_uni,135,9,2,260,242,10.83,5
5,conj_uni,135,5,2,276,75,12.07,5
5,conj_uni,135,24,1,-117,-137,13.43,5
5,conj_uni,135,46,1,-175,-105,14.03,5
5,conj_uni,135,35,1,-231,-100,14.6,5
5,conj_uni,135,3,2,-308,-117,15.46,5
5,conj_uni,135,44,1,81,-205,18.57,5
5,conj_uni,135,1,1,128,-174,19.06,5
5,conj_uni,135,45,1,184,-174,19.8,5
5,conj_uni,135,7,1,232,-146,20.33,5
5,conj_uni,135,4,2,133,-90,21.83,5
5,conj_uni,135,14,2,34,-167,23.3,5
5,conj_uni,135,15,2,-115,-198,24.13,5
5,conj_uni,135,20,2,-332,210,26.45,5
5,conj_uni,135,30,2,-223,212,27.93,5
5,conj_uni,135,16,1,50,-349,30.2,5
5,conj_uni,135,43,1,330,58,33.95,5
5,conj_uni,135,25,1,-262,-356,41.11,5
5,feat_grid,136,25,1,-17,-0,0.84,1
5,feat_grid,136,24,2,-110,11,1.5,1
5,feat_grid,136,23,1,-204,15,2.23,1
5,feat_grid,136,30,2,-219,94,2.77,1
5,feat_grid,136,31,1,-113,117,3.63,1
5,feat_grid,136,39,2,-1,202,4.37,1
5,feat_grid,136,40,1,97,219,5.1,1
5,feat_grid,136,47,1,104,326,5.87,1
5,feat_grid,136,45,1,-115,324,6.97,1
5,feat_grid,136,36,2,-320,234,8,1
5,feat_grid,136,16,2,-229,-103,9.6,1
5,feat_grid,136,15,2,-323,-125,10.23,1
5,feat_grid,136,9,2,-231,-229,11.4,1
5,feat_grid,136,1,2,-325,-332,12.43,1
5,feat_grid,136,10,2,-106,-218,14,1
5,feat_grid,136,18,1,12,-118,14.87,1
5,feat_grid,136,19,2,97,-101,15.43,1
5,feat_grid,136,26,2,93,-1,15.93,1
5,feat_grid,136,28,1,321,23,16.9,1
5,feat_grid,136,35,1,336,102,17.67,1
5,feat_grid,136,42,1,320,227,18.27,1
5,feat_grid,136,13,2,215,-212,19.67,1
5,feat_grid,136,14,1,322,-239,20.43,1
5,feat_grid,136,5,1,98,-314,21.3,1
5,feat_grid,137,37,2,-229,221,1.37,2
5,feat_grid,137,30,1,-221,95,2.7,2
5,feat_grid,137,38,1,-110,219,3.34,2
5,feat_grid,137,45,1,-102,335,4.27,2
5,feat_grid,137,46,2,6,325,5.1,2
5,feat_grid,137,47,2,124,307,5.7,2
5,feat_grid,137,39,2,7,210,6.4,2
5,feat_grid,137,42,2,320,205,7.7,2
5,feat_grid,137,35,2,322,96,8.5,2
5,feat_grid,137,21,2,302,-111,9.7,2
5,feat_grid,137,27,1,217,15,10.83,2
5,feat_grid,137,33,1,118,118,11.67,2
5,feat_grid,137,26,2,89,7,12.57,2
5,feat_grid,137,8,2,-313,-219,13.63,2
5,feat_grid,137,9,2,-209,-220,14.43,2
5,feat_grid,137,15,1,-318,-100,15.73,2
5,feat_grid,137,1,1,-318,-320,17.23,2
5,feat_grid,137,3,2,-110,-316,18,2
5,feat_grid,137,4,1,-7,-326,19.68,2
5,feat_grid,137,12,1,108,-241,20.68,2
5,feat_grid,137,18,1,2,-114,21.7,2
5,feat_grid,137,14,1,339,-216,23.08,2
5,feat_grid,137,13,2,224,-219,24.43,2
5,feat_grid,137,7,1,323,-321,26.13,2
5,feat_grid,138,37,1,-228,220,1.17,3
5,feat_grid,138,45,1,-106,335,2.9,3
5,feat_grid,138,22,1,-313,-3,4.63,3
5,feat_grid,138,29,1,-318,130,5.57,3
5,feat_grid,138,30,2,-217,108,7.07,3
5,feat_grid,138,24,2,-110,8,8.97,3
5,feat_grid,138,17,2,-113,-96,10.47,3
5,feat_grid,138,16,1,-213,-105,11.4,3
5,feat_grid,138,9,1,-198,-214,14.93,3
5,feat_grid,138,11,1,11,-210,19.06,3
5,feat_grid,138,10,2,-96,-225,20.06,3
5,feat_grid,138,4,2,-5,-320,20.66,3
5,feat_grid,138,5,2,105,-314,21.66,3
5,feat_grid,138,12,2,116,-225,22.8,3
5,feat_grid,138,13,1,225,-211,23.66,3
5,feat_grid,138,7,1,337,-345,24.93,3
5,feat_grid,138,20,2,225,-109,25.9,3
5,feat_grid,138,21,2,330,-97,26.53,3
5,feat_grid,138,35,1,320,95,28.28,3
5,feat_grid,138,28,2,322,6,29.95,3
5,feat_grid,138,42,1,318,225,31.25,3
5,feat_grid,138,48,2,228,339,32.98,3
5,feat_grid,138,32,1,7,113,34.08,3
5,feat_grid,138,33,2,113,108,35.33,3
5,feat_grid,139,32,2,5,105,1.2,4
5,feat_grid,139,25,2,8,14,1.73,4
5,feat_grid,139,30,1,-228,121,3.35,4
5,feat_grid,139,23,1,-211,5,3.72,4
5,feat_grid,139,22,2,-326,7,4.58,4
5,feat_grid,139,8,1,-336,-197,5.72,4
5,feat_grid,139,9,1,-223,-237,7.12,4
5,feat_grid,139,17,1,-111,-95,7.98,4
5,feat_grid,139,11,1,10,-209,9.28,4
5,feat_grid,139,12,2,105,-197,9.98,4
5,feat_grid,139,19,1,91,-104,10.72,4
5,feat_grid,139,20,2,219,-96,11.28,4
5,feat_grid,139,21,1,322,-119,12.75,4
5,feat_grid,139,28,1,332,-2,13.38,4
5,feat_grid,139,35,1,322,105,14.08,4
5,feat_grid,139,34,1,204,103,14.78,4
5,feat_grid,139,42,2,317,214,15.72,4
5,feat_grid,139,48,2,216,331,16.37,4
5,feat_grid,139,47,2,106,323,17.47,4
5,feat_grid,139,46,2,2,331,18.23,4
5,feat_grid,139,45,2,-114,320,18.75,4
5,feat_grid,139,44,2,-226,344,19.28,4
5,feat_grid,139,3,2,-102,-327,20.75,4
5,feat_grid,139,7,1,325,-333,21.55,4
5,feat_grid,140,25,1,3,-2,1.17,5
5,feat_grid,140,26,1,105,-2,1.9,5
5,feat_grid,140,32,1,9,124,2.77,5
5,feat_grid,140,19,1,91,-129,4.93,5
5,feat_grid,140,18,2,4,-97,6.37,5
5,feat_grid,140,17,2,-107,-105,7,5
5,feat_grid,140,10,1,-109,-210,7.7,5
5,feat_grid,140,11,2,-4,-211,8.53,5
5,feat_grid,140,4,2,-25,-317,9.4,5
5,feat_grid,140,1,1,-340,-332,10.47,5
5,feat_grid,140,8,2,-344,-214,11.3,5
5,feat_grid,140,15,1,-311,-130,12.47,5
5,feat_grid,140,27,2,222,-12,14.33,5
5,feat_grid,140,14,1,330,-211,14.97,5
5,feat_grid,140,7,2,324,-315,15.53,5
5,feat_grid,140,42,1,315,197,16.77,5
5,feat_grid,140,41,1,208,213,17.4,5
5,feat_grid,140,40,2,102,220,17.97,5
5,feat_grid,140,39,2,-0,219,19.27,5
5,feat_grid,140,48,2,220,320,21,5
5,feat_grid,140,47,1,98,324,21.98,5
5,feat_grid,140,44,1,-210,331,23.55,5
5,feat_grid,140,43,2,-335,330,24.35,5
5,feat_grid,140,30,2,-221,113,25.48,5
5,feat_rot,141,44,2,-380,66,1.6,1
5,feat_rot,141,37,2,-305,-7,2.34,1
5,feat_rot,141,30,2,-223,-84,3.7,1
5,feat_rot,141,29,2,-304,-161,4.33,1
5,feat_rot,141,36,1,-380,-75,5.57,1
5,feat_rot,141,22,1,-198,-220,7.67,1
5,feat_rot,141,16,1,-82,-217,9.73,1
5,feat_rot,141,18,1,84,-81,10.4,1
5,feat_rot,141,8,2,-84,-378,13.1,1
5,feat_rot,141,9,2,3,-296,14.53,1
5,feat_rot,141,2,2,86,-382,16.73,1
5,feat_rot,141,1,1,-4,-449,17.86,1
5,feat_rot,141,5,1,323,-164,18.9,1
5,feat_rot,141,12,2,235,-89,19.96,1
5,feat_rot,141,7,2,467,27,21.3,1
5,feat_rot,141,21,2,307,140,22.5,1
5,feat_rot,141,27,2,161,153,24.23,1
5,feat_rot,141,26,1,88,91,25.06,1
5,feat_rot,141,20,1,221,63,25.86,1
5,feat_rot,141,35,1,134,309,27.03,1
5,feat_rot,141,47,1,-137,300,28.58,1
5,feat_rot,141,40,2,-59,226,29.71,1
5,feat_rot,141,39,1,-160,147,30.55,1
5,feat_rot,141,31,1,-150,6,30.9,1
5,feat_rot,142,33,1,0,155,2.1,2
5,feat_rot,142,27,2,146,161,5.3,2
5,feat_rot,142,26,2,83,87,6.53,2
5,feat_rot,142,21,2,311,159,7.57,2
5,feat_rot,142,20,1,239,83,8.63,2
5,feat_rot,142,4,2,220,-231,11.03,2
5,feat_rot,142,5,1,299,-156,11.67,2
5,feat_rot,142,6,1,409,-78,12.73,2
5,feat_rot,142,10,1,58,-220,14.03,2
5,feat_rot,142,2,1,87,-394,15.27,2
5,feat_rot,142,8,2,-79,-368,16.73,2
5,feat_rot,142,22,2,-212,-241,17.9,2
5,feat_rot,142,24,2,-75,-63,18.9,2
5,feat_rot,142,32,2,-88,76,20.07,2
5,feat_rot,142,39,1,-148,160,21.23,2
5,feat_rot,142,46,1,-233,232,22.13,2
5,feat_rot,142,38,1,-259,73,23.13,2
5,feat_rot,142,37,2,-301,-1,23.57,2
5,feat_rot,142,36,2,-389,-78,24.53,2
5,feat_rot,142,48,1,-78,396,25.83,2
5,feat_rot,142,41,2,12,320,27.03,2
5,feat_rot,142,42,1,56,381,27.5,2
5,feat_rot,142,40,2,-85,250,28.15,2
5,feat_rot,142,35,1,156,288,29.16,2
5,feat_rot,143,10,1,55,-224,1.77,3
5,feat_rot,143,9,1,11,-286,2.33,3
5,feat_rot,143,4,1,219,-228,3.8,3
5,feat_rot,143,6,1,369,-83,5.1,3
5,feat_rot,143,7,2,452,2,6.33,3
5,feat_rot,143,21,2,292,156,7.43,3
5,feat_rot,143,35,1,165,304,8.23,3
5,feat_rot,143,27,1,161,135,9.37,3
5,feat_rot,143,34,2,80,217,10.1,3
5,feat_rot,143,26,2,70,79,10.93,3
5,feat_rot,143,19,1,140,1,11.5,3
5,feat_rot,143,17,2,16,-143,12.5,3
5,feat_rot,143,31,1,-144,13,13.6,3
5,feat_rot,143,30,1,-214,-69,14.47,3
5,feat_rot,143,37,1,-303,-14,15.43,3
5,feat_rot,143,29,1,-294,-161,16.2,3
5,feat_rot,143,15,2,-168,-314,17.27,3
5,feat_rot,143,16,2,-93,-234,18.43,3
5,feat_rot,143,44,2,-358,72,20.13,3
5,feat_rot,143,43,2,-453,10,20.83,3
5,feat_rot,143,46,2,-241,232,21.93,3
5,feat_rot,143,39,2,-144,170,22.53,3
5,feat_rot,143,42,2,73,385,23.53,3
5,feat_rot,143,49,1,1,469,24.27,3
5,feat_rot,144,32,2,-67,75,2.17,4
5,feat_rot,144,25,1,-13,-3,2.67,4
5,feat_rot,144,31,2,-156,-9,3.64,4
5,feat_rot,144,38,2,-227,55,4.04,4
5,feat_rot,144,44,2,-390,68,5.2,4
5,feat_rot,144,37,2,-289,-14,5.87,4
5,feat_rot,144,30,2,-228,-73,8.3,4
5,feat_rot,144,22,1,-227,-239,9.3,4
5,feat_rot,144,15,1,-157,-292,10.7,4
5,feat_rot,144,16,2,-79,-235,11.47,4
5,feat_rot,144,10,1,53,-242,13.4,4
5,feat_rot,144,3,2,145,-295,14.27,4
5,feat_rot,144,2,1,90,-378,15.06,4
5,feat_rot,144,1,1,-6,-448,16.53,4
5,feat_rot,144,13,2,305,-10,17.73,4
5,feat_rot,144,20,1,228,77,18.97,4
5,feat_rot,144,19,1,159,11,20,4
5,feat_rot,144,26,1,82,71,20.87,4
5,feat_rot,144,21,2,313,159,21.82,4
5,feat_rot,144,34,2,79,238,22.4,4
5,feat_rot,144,42,2,82,383,23.2,4
5,feat_rot,144,48,1,-93,392,24.7,4
5,feat_rot,144,47,1,-156,300,25.18,4
5,feat_rot,144,40,1,-80,229,25.93,4
5,feat_rot,145,18,2,87,-71,1.37,5
5,feat_rot,145,24,2,-74,-79,2.13,5
5,feat_rot,145,17,2,-2,-156,2.87,5
5,feat_rot,145,16,2,-59,-225,3.67,5
5,feat_rot,145,10,2,61,-221,5.23,5
5,feat_rot,145,9,2,11,-306,5.8,5
5,feat_rot,145,15,1,-147,-312,6.4,5
5,feat_rot,145,3,1,129,-293,7.87,5
5,feat_rot,145,11,2,152,-150,8.73,5
5,feat_rot,145,4,2,233,-226,9.73,5
5,feat_rot,145,5,1,312,-157,10.87,5
5,feat_rot,145,12,1,234,-86,11.73,5
5,feat_rot,145,6,2,374,-76,14.63,5
5,feat_rot,145,19,1,151,20,15.7,5
5,feat_rot,145,20,1,221,88,16.7,5
5,feat_rot,145,21,1,301,152,17.27,5
5,feat_rot,145,27,2,142,146,18.13,5
5,feat_rot,145,34,1,86,226,18.8,5
5,feat_rot,145,35,2,156,319,20.23,5
5,feat_rot,145,40,1,-77,234,20.97,5
5,feat_rot,145,39,2,-157,151,21.63,5
5,feat_rot,145,46,1,-225,248,22.7,5
5,feat_rot,145,43,1,-457,9,23.72,5
5,feat_rot,145,29,1,-319,-150,24.88,5
5,feat_uni,146,16,2,-73,244,1.8,1
5,feat_uni,146,3,2,-60,127,2.47,1
5,feat_uni,146,2,2,-68,57,3.6,1
5,feat_uni,146,39,1,-268,-56,5.14,1
5,feat_uni,146,37,1,-323,-41,5.64,1
5,feat_uni,146,46,1,-135,-141,6.74,1
5,feat_uni,146,41,2,-36,-91,8.04,1
5,feat_uni,146,12,2,-4,-138,14.33,1
5,feat_uni,146,36,1,-268,-283,15.8,1
5,feat_uni,146,1,2,-211,-220,16.46,1
5,feat_uni,146,22,1,101,-161,17.9,1
5,feat_uni,146,33,2,-39,-339,19,1
5,feat_uni,146,11,2,216,-184,20.33,1
5,feat_uni,146,19,2,241,-133,21.2,1
5,feat_uni,146,47,2,123,-27,22.37,1
5,feat_uni,146,9,2,178,4,23.1,1
5,feat_uni,146,13,1,70,61,23.76,1
5,feat_uni,146,6,1,120,193,24.56,1
5,feat_uni,146,38,1,213,47,26.57,1
5,feat_uni,146,34,2,197,326,29.61,1
5,feat_uni,146,49,1,359,300,31.63,1
5,feat_uni,146,43,1,296,-126,33.41,1
5,feat_uni,146,27,1,321,-214,34.5,1
5,feat_uni,146,25,1,231,-287,35.46,1
5,feat_uni,147,24,1,-36,32,0.9,2
5,feat_uni,147,10,1,45,43,1.34,2
5,feat_uni,147,38,1,-94,64,1.84,2
5,feat_uni,147,22,2,-282,68,3,2
5,feat_uni,147,23,2,-192,44,3.74,2
5,feat_uni,147,43,2,-242,195,5.4,2
5,feat_uni,147,17,2,-265,250,6.2,2
5,feat_uni,147,27,1,-298,204,6.77,2
5,feat_uni,147,11,1,-344,173,7.47,2
5,feat_uni,147,35,2,-50,181,8.63,2
5,feat_uni,147,15,2,114,222,9.3,2
5,feat_uni,147,41,2,187,241,10.37,2
5,feat_uni,147,8,2,59,333,11.23,2
5,feat_uni,147,16,1,278,156,12.23,2
5,feat_uni,147,9,1,294,45,13.6,2
5,feat_uni,147,49,2,238,-25,14.07,2
5,feat_uni,147,13,2,235,-140,14.73,2
5,feat_uni,147,46,2,285,-166,15.33,2
5,feat_uni,147,45,1,170,-264,16.4,2
5,feat_uni,147,4,2,51,-208,17.4,2
5,feat_uni,147,5,1,-115,-193,18.13,2
5,feat_uni,147,39,1,-294,-142,19.28,2
5,feat_uni,147,6,1,-302,-198,19.71,2
5,feat_uni,147,47,1,-304,-332,20.77,2
5,feat_uni,148,40,1,-227,125,1.64,3
5,feat_uni,148,24,2,-175,103,1.74,3
5,feat_uni,148,11,2,-187,33,2.77,3
5,feat_uni,148,34,2,-267,-43,4.57,3
5,feat_uni,148,28,2,-295,-269,6.17,3
5,feat_uni,148,14,2,-325,-377,8.33,3
5,feat_uni,148,5,1,-305,-324,9.47,3
5,feat_uni,148,12,2,-121,-120,11,3
5,feat_uni,148,25,1,2,-199,13.87,3
5,feat_uni,148,7,1,96,-199,14.97,3
5,feat_uni,148,23,1,130,-138,15.97,3
5,feat_uni,148,10,2,103,-306,16.97,3
5,feat_uni,148,18,2,337,-328,18.23,3
5,feat_uni,148,26,2,208,-119,19.8,3
5,feat_uni,148,19,2,285,-20,20.63,3
5,feat_uni,148,21,2,229,-15,21.67,3
5,feat_uni,148,9,1,354,-76,22.36,3
5,feat_uni,148,31,1,353,-20,23.1,3
5,feat_uni,148,22,1,129,21,24.5,3
5,feat_uni,148,27,1,28,121,25.51,3
5,feat_uni,148,47,1,48,273,27.28,3
5,feat_uni,148,45,1,-85,314,27.9,3
5,feat_uni,148,13,2,-140,322,28.5,3
5,feat_uni,148,49,1,-367,274,29.62,3
5,feat_uni,149,27,1,16,92,1.2,4
5,feat_uni,149,18,2,44,42,1.67,4
5,feat_uni,149,25,1,-103,43,2.47,4
5,feat_uni,149,45,1,-186,62,2.94,4
5,feat_uni,149,7,1,-246,60,4.23,4
5,feat_uni,149,21,2,-301,-81,5,4
5,feat_uni,149,42,2,-246,-131,6.2,4
5,feat_uni,149,20,1,-338,-145,6.97,4
5,feat_uni,149,22,1,-176,-226,8,4
5,feat_uni,149,36,1,30,-213,9.13,4
5,feat_uni,149,13,2,120,-217,10.17,4
5,feat_uni,149,46,2,346,-171,13.07,4
5,feat_uni,149,32,1,328,-51,14,4
5,feat_uni,149,37,1,174,234,15.43,4
5,feat_uni,149,10,1,162,289,16.3,4
5,feat_uni,149,9,2,216,300,16.93,4
5,feat_uni,149,34,1,292,220,17.6,4
5,feat_uni,149,5,2,263,268,18.6,4
5,feat_uni,149,41,2,221,150,19.3,4
5,feat_uni,149,1,2,130,199,20.4,4
5,feat_uni,149,24,2,34,276,21.42,4
5,feat_uni,149,8,2,-167,312,23.01,4
5,feat_uni,149,6,1,-348,297,23.76,4
5,feat_uni,149,43,2,13,-51,26.62,4
5,feat_uni,150,6,2,-161,26,1.03,5
5,feat_uni,150,20,2,-98,14,1.53,5
5,feat_uni,150,19,2,-209,64,2.47,5
5,feat_uni,150,3,1,-47,-29,3.87,5
5,feat_uni,150,40,1,97,-55,5,5
5,feat_uni,150,12,1,112,100,5.87,5
5,feat_uni,150,34,2,29,88,6.37,5
5,feat_uni,150,37,1,-26,101,7.77,5
5,feat_uni,150,21,1,195,149,8.67,5
5,feat_uni,150,16,1,259,146,10.73,5
5,feat_uni,150,49,1,107,274,11.73,5
5,feat_uni,150,46,2,167,305,13.33,5
5,feat_uni,150,44,2,222,18,14.67,5
5,feat_uni,150,4,2,312,-160,19.23,5
5,feat_uni,150,29,1,119,-208,20.2,5
5,feat_uni,150,43,1,135,-261,20.77,5
5,feat_uni,150,35,1,-219,-236,22.27,5
5,feat_uni,150,45,2,-157,-271,23.9,5
5,feat_uni,150,2,2,-277,187,25.46,5
5,feat_uni,150,18,2,-340,221,26.73,5
5,feat_uni,150,41,1,-328,326,27.67,5
5,feat_uni,150,17,1,-157,308,28.45,5
5,feat_uni,150,15,2,-180,257,28.68,5
5,feat_uni,150,33,2,-92,293,30.3,5
6,conj_grid,151,20,1,214,-119,1.07,1
6,conj_grid,151,21,1,318,-105,1.43,1
6,conj_grid,151,28,1,320,6,1.8,1
6,conj_grid,151,40,1,80,219,3.34,1
6,conj_grid,151,33,1,92,117,3.77,1
6,conj_grid,151,47,1,106,337,4.37,1
6,conj_grid,151,32,1,6,115,4.87,1
6,conj_grid,151,31,1,-108,118,5.27,1
6,conj_grid,151,36,1,-319,208,5.74,1
6,conj_grid,151,9,1,-213,-203,6.47,1
6,conj_grid,151,4,1,-13,-323,7.33,1
6,conj_grid,151,1,2,-324,-302,8.2,1
6,conj_grid,151,15,2,-342,-87,8.73,1
6,conj_grid,151,23,2,-212,3,9.2,1
6,conj_grid,151,30,2,-222,99,9.77,1
6,conj_grid,151,48,2,202,330,10.5,1
6,conj_grid,151,49,2,315,330,10.9,1
6,conj_grid,151,34,2,211,95,11.63,1
6,conj_grid,151,27,2,225,1,12.3,1
6,conj_grid,151,14,2,334,-202,12.83,1
6,conj_grid,151,19,2,112,-110,13.6,1
6,conj_grid,151,12,2,99,-219,14.03,1
6,conj_grid,151,10,2,-105,-232,14.53,1
6,conj_grid,151,18,1,0,-110,15.33,1
6,conj_grid,152,29,1,-323,101,1.07,2
6,conj_grid,152,43,1,-324,326,1.7,2
6,conj_grid,152,40,1,113,219,2.34,2
6,conj_grid,152,49,1,330,342,3.07,2
6,conj_grid,152,35,1,334,101,3.64,2
6,conj_grid,152,34,1,209,104,4.17,2
6,conj_grid,152,28,1,328,12,4.63,2
6,conj_grid,152,21,1,313,-96,5.1,2
6,conj_grid,152,4,1,6,-329,5.87,2
6,conj_grid,152,3,1,-115,-333,6.33,2
6,conj_grid,152,9,1,-213,-230,7,2
6,conj_grid,152,1,1,-338,-325,7.43,2
6,conj_grid,152,36,2,-321,205,8.77,2
6,conj_grid,152,30,2,-220,115,9.2,2
6,conj_grid,152,38,2,-105,205,9.7,2
6,conj_grid,152,39,2,6,214,10.13,2
6,conj_grid,152,33,2,107,124,10.67,2
6,conj_grid,152,25,2,-2,-1,12.03,2
6,conj_grid,152,17,2,-97,-110,13,2
6,conj_grid,152,24,2,-108,-3,13.73,2
6,conj_grid,152,18,2,14,-130,14.23,2
6,conj_grid,152,11,2,-9,-210,14.63,2
6,conj_grid,152,19,2,125,-122,15.23,2
6,conj_grid,152,7,2,305,-318,16.1,2
6,conj_grid,153,24,1,-107,-3,0.63,3
6,conj_grid,153,16,1,-229,-115,1.1,3
6,conj_grid,153,9,1,-226,-222,1.47,3
6,conj_grid,153,1,1,-305,-324,1.87,3
6,conj_grid,153,19,1,101,-131,3.03,3
6,conj_grid,153,20,1,205,-103,3.37,3
6,conj_grid,153,14,1,320,-210,4.7,3
6,conj_grid,153,49,1,331,344,5.44,3
6,conj_grid,153,37,1,-210,226,6.33,3
6,conj_grid,153,43,1,-332,321,6.8,3
6,conj_grid,153,38,1,-106,217,7.37,3
6,conj_grid,153,46,1,8,352,7.9,3
6,conj_grid,153,45,2,-117,310,8.73,3
6,conj_grid,153,36,2,-320,243,9.33,3
6,conj_grid,153,31,2,-101,89,10.13,3
6,conj_grid,153,23,2,-231,-6,10.6,3
6,conj_grid,153,17,2,-118,-100,11.43,3
6,conj_grid,153,3,2,-104,-321,12.23,3
6,conj_grid,153,12,2,93,-235,12.9,3
6,conj_grid,153,13,2,213,-231,13.38,3
6,conj_grid,153,21,2,316,-109,13.92,3
6,conj_grid,153,26,2,112,2,14.65,3
6,conj_grid,153,34,2,204,122,15.88,3
6,conj_grid,153,33,2,99,103,16.32,3
6,conj_grid,154,34,1,216,85,0.77,4
6,conj_grid,154,26,1,118,-26,1.23,4
6,conj_grid,154,21,1,321,-89,1.73,4
6,conj_grid,154,6,1,213,-330,2.3,4
6,conj_grid,154,5,1,119,-317,2.77,4
6,conj_grid,154,10,1,-99,-198,3.53,4
6,conj_grid,154,17,1,-105,-102,3.93,4
6,conj_grid,154,16,1,-203,-108,4.43,4
6,conj_grid,154,36,1,-326,207,5.07,4
6,conj_grid,154,45,1,-110,337,5.6,4
6,conj_grid,154,46,1,5,322,5.94,4
6,conj_grid,154,48,1,208,325,6.54,4
6,conj_grid,154,20,2,194,-116,7.43,4
6,conj_grid,154,14,2,316,-234,8,4
6,conj_grid,154,4,2,-4,-315,8.77,4
6,conj_grid,154,1,2,-342,-320,9.33,4
6,conj_grid,154,24,2,-107,7,10.2,4
6,conj_grid,154,22,2,-325,12,10.73,4
6,conj_grid,154,30,2,-195,106,11.3,4
6,conj_grid,154,37,2,-213,210,11.8,4
6,conj_grid,154,38,2,-120,217,13.15,4
6,conj_grid,154,39,2,-3,218,13.63,4
6,conj_grid,154,40,2,118,234,14.13,4
6,conj_grid,154,47,2,136,322,14.48,4
6,conj_grid,155,26,1,103,-13,0.87,5
6,conj_grid,155,27,1,210,-3,1.24,5
6,conj_grid,155,19,1,94,-106,1.6,5
6,conj_grid,155,13,1,219,-214,2.23,5
6,conj_grid,155,21,1,312,-112,2.73,5
6,conj_grid,155,48,1,229,315,3.5,5
6,conj_grid,155,49,1,326,323,3.94,5
6,conj_grid,155,40,1,125,215,4.47,5
6,conj_grid,155,15,1,-321,-114,5.6,5
6,conj_grid,155,9,1,-227,-206,6.13,5
6,conj_grid,155,29,1,-324,104,6.77,5
6,conj_grid,155,43,1,-335,337,7.6,5
6,conj_grid,155,44,2,-208,315,8.17,5
6,conj_grid,155,45,2,-97,338,8.67,5
6,conj_grid,155,46,2,2,339,9.24,5
6,conj_grid,155,37,2,-218,201,9.87,5
6,conj_grid,155,17,2,-95,-103,10.57,5
6,conj_grid,155,3,2,-109,-322,11.37,5
6,conj_grid,155,4,2,-8,-333,11.77,5
6,conj_grid,155,5,2,106,-343,12.4,5
6,conj_grid,155,6,2,222,-315,12.8,5
6,conj_grid,155,20,2,203,-130,13.28,5
6,conj_grid,155,34,2,192,103,13.73,5
6,conj_grid,155,33,2,111,106,14.25,5
6,conj_rot,156,26,1,68,59,1.04,1
6,conj_rot,156,33,1,1,151,1.5,1
6,conj_rot,156,40,1,-85,228,1.9,1
6,conj_rot,156,48,1,-81,376,2.27,1
6,conj_rot,156,49,1,-16,460,2.74,1
6,conj_rot,156,35,1,142,290,3.47,1
6,conj_rot,156,34,1,75,237,3.77,1
6,conj_rot,156,22,1,-220,-211,5.33,1
6,conj_rot,156,29,1,-317,-154,5.87,1
6,conj_rot,156,36,1,-378,-76,6.23,1
6,conj_rot,156,8,1,-70,-384,6.9,1
6,conj_rot,156,1,1,7,-463,7.27,1
6,conj_rot,156,2,2,71,-379,7.73,1
6,conj_rot,156,3,2,155,-303,8.17,1
6,conj_rot,156,4,2,230,-216,8.67,1
6,conj_rot,156,21,2,311,149,9.33,1
6,conj_rot,156,42,2,77,410,10.53,1
6,conj_rot,156,41,2,5,321,11.17,1
6,conj_rot,156,27,2,165,134,12.07,1
6,conj_rot,156,25,2,-7,-6,12.62,1
6,conj_rot,156,32,2,-84,60,13.05,1
6,conj_rot,156,31,2,-166,2,13.48,1
6,conj_rot,156,24,2,-65,-92,14.03,1
6,conj_rot,156,45,2,-290,155,14.78,1
6,conj_rot,157,25,1,7,9,0.6,2
6,conj_rot,157,26,1,75,96,0.97,2
6,conj_rot,157,33,1,-8,157,1.47,2
6,conj_rot,157,27,1,139,168,2.07,2
6,conj_rot,157,42,1,81,383,2.77,2
6,conj_rot,157,46,1,-231,242,3.47,2
6,conj_rot,157,38,1,-232,93,4.07,2
6,conj_rot,157,43,1,-448,6,4.77,2
6,conj_rot,157,30,1,-217,-83,5.43,2
6,conj_rot,157,29,1,-305,-161,5.9,2
6,conj_rot,157,17,1,2,-153,6.53,2
6,conj_rot,157,4,1,225,-214,7.03,2
6,conj_rot,157,14,2,377,75,8.37,2
6,conj_rot,157,13,2,302,-2,8.83,2
6,conj_rot,157,12,2,240,-80,9.37,2
6,conj_rot,157,10,2,79,-223,9.97,2
6,conj_rot,157,2,2,62,-380,10.7,2
6,conj_rot,157,24,2,-54,-79,11.37,2
6,conj_rot,157,47,2,-168,299,12.54,2
6,conj_rot,157,48,2,-89,370,12.87,2
6,conj_rot,157,41,2,-3,307,13.2,2
6,conj_rot,157,34,2,78,222,13.68,2
6,conj_rot,157,21,2,302,150,14.25,2
6,conj_rot,157,20,2,230,78,15.25,2
6,conj_rot,158,18,1,70,-69,0.8,3
6,conj_rot,158,11,1,170,-147,1.17,3
6,conj_rot,158,4,1,234,-229,1.63,3
6,conj_rot,158,3,1,161,-293,2.03,3
6,conj_rot,158,16,1,-81,-232,2.5,3
6,conj_rot,158,31,1,-154,-5,3,3
6,conj_rot,158,37,1,-300,15,3.4,3
6,conj_rot,158,44,1,-393,78,3.77,3
6,conj_rot,158,43,1,-466,5,4.17,3
6,conj_rot,158,36,1,-371,-85,4.73,3
6,conj_rot,158,42,1,71,387,5.5,3
6,conj_rot,158,7,1,458,7,6.23,3
6,conj_rot,158,13,2,314,14,6.8,3
6,conj_rot,158,21,2,306,160,7.23,3
6,conj_rot,158,33,2,10,165,8.33,3
6,conj_rot,158,35,2,150,290,8.83,3
6,conj_rot,158,27,2,165,144,9.37,3
6,conj_rot,158,26,2,84,62,9.83,3
6,conj_rot,158,49,2,-2,464,10.37,3
6,conj_rot,158,45,2,-308,174,11.17,3
6,conj_rot,158,38,2,-228,65,11.63,3
6,conj_rot,158,30,2,-237,-64,12.2,3
6,conj_rot,158,22,2,-213,-235,12.93,3
6,conj_rot,158,2,2,79,-366,13.65,3
6,conj_rot,159,25,1,-21,1,0.63,4
6,conj_rot,159,32,1,-71,87,0.97,4
6,conj_rot,159,31,1,-151,16,1.33,4
6,conj_rot,159,18,1,68,-83,2.17,4
6,conj_rot,159,11,1,156,-158,2.57,4
6,conj_rot,159,5,1,315,-163,3.07,4
6,conj_rot,159,3,1,134,-319,3.6,4
6,conj_rot,159,9,1,16,-321,4.1,4
6,conj_rot,159,15,1,-148,-302,4.73,4
6,conj_rot,159,42,1,86,378,5.54,4
6,conj_rot,159,49,1,7,445,6.07,4
6,conj_rot,159,48,1,-90,397,6.44,4
6,conj_rot,159,40,2,-85,229,6.93,4
6,conj_rot,159,27,2,164,132,7.47,4
6,conj_rot,159,26,2,84,69,7.83,4
6,conj_rot,159,19,2,151,6,8.17,4
6,conj_rot,159,12,2,222,-79,8.9,4
6,conj_rot,159,13,2,316,18,9.43,4
6,conj_rot,159,28,2,235,237,10,4
6,conj_rot,159,7,2,474,-10,10.67,4
6,conj_rot,159,4,2,214,-246,13.18,4
6,conj_rot,159,10,2,93,-217,13.65,4
6,conj_rot,159,8,2,-61,-383,14.8,4
6,conj_rot,159,16,2,-85,-221,15.37,4
6,conj_rot,160,25,1,-6,2,0.64,5
6,conj_rot,160,18,1,74,-76,1.13,5
6,conj_rot,160,11,1,161,-138,1.6,5
6,conj_rot,160,12,1,220,-87,2.07,5
6,conj_rot,160,5,1,307,-138,2.47,5
6,conj_rot,160,21,1,316,142,3.03,5
6,conj_rot,160,34,1,67,216,3.77,5
6,conj_rot,160,44,1,-367,76,4.44,5
6,conj_rot,160,15,1,-147,-304,5.17,5
6,conj_rot,160,16,1,-83,-238,5.5,5
6,conj_rot,160,8,1,-75,-384,5.9,5
6,conj_rot,160,1,1,1,-454,6.33,5
6,conj_rot,160,9,2,11,-306,6.97,5
6,conj_rot,160,10,2,87,-231,7.43,5
6,conj_rot,160,19,2,140,-10,8.63,5
6,conj_rot,160,3,2,132,-290,9.27,5
6,conj_rot,160,26,2,79,73,10,5
6,conj_rot,160,27,2,155,145,10.37,5
6,conj_rot,160,35,2,153,276,10.83,5
6,conj_rot,160,49,2,3,462,11.65,5
6,conj_rot,160,47,2,-147,289,12.42,5
6,conj_rot,160,24,2,-88,-73,13.6,5
6,conj_rot,160,23,2,-168,-153,14.03,5
6,conj_rot,160,30,2,-236,-71,14.38,5
6,conj_uni,161,21,1,47,-19,0.64,1
6,conj_uni,161,4,1,108,16,1,1
6,conj_uni,161,45,1,84,-62,1.27,1
6,conj_uni,161,17,1,124,-100,1.63,1
6,conj_uni,161,6,1,59,-219,2.1,1
6,conj_uni,161,28,1,234,-278,2.8,1
6,conj_uni,161,36,1,-246,-108,3.5,1
6,conj_uni,161,44,1,-253,-19,3.9,1
6,conj_uni,161,39,1,-118,78,4.4,1
6,conj_uni,161,46,1,205,92,5,1
6,conj_uni,161,42,1,292,250,5.5,1
6,conj_uni,161,19,1,77,297,5.97,1
6,conj_uni,161,10,2,31,180,6.7,1
6,conj_uni,161,31,2,12,67,7.43,1
6,conj_uni,161,22,2,178,-121,8.33,1
6,conj_uni,161,12,2,359,284,9.9,1
6,conj_uni,161,47,2,136,-32,10.94,1
6,conj_uni,161,8,2,183,-244,11.5,1
6,conj_uni,161,1,2,202,-325,11.93,1
6,conj_uni,161,26,2,91,-322,12.7,1
6,conj_uni,161,29,2,38,-272,13.27,1
6,conj_uni,161,3,2,-70,-213,13.63,1
6,conj_uni,161,16,2,-169,-244,14.08,1
6,conj_uni,161,41,2,-292,359,15.13,1
6,conj_uni,162,33,1,-72,10,0.7,2
6,conj_uni,162,37,1,-129,-83,1.14,2
6,conj_uni,162,40,1,-166,-224,1.6,2
6,conj_uni,162,7,1,43,-317,2.2,2
6,conj_uni,162,49,1,-48,-325,2.57,2
6,conj_uni,162,9,1,134,-112,3.1,2
6,conj_uni,162,48,1,229,38,3.64,2
6,conj_uni,162,10,1,229,285,4.17,2
6,conj_uni,162,4,1,-74,234,4.7,2
6,conj_uni,162,14,1,-294,175,5.3,2
6,conj_uni,162,38,1,-293,119,5.64,2
6,conj_uni,162,11,1,-286,-13,6.07,2
6,conj_uni,162,34,2,-317,-97,6.57,2
6,conj_uni,162,21,2,-320,-344,7.47,2
6,conj_uni,162,18,2,-191,-363,8.13,2
6,conj_uni,162,26,2,-77,-266,8.77,2
6,conj_uni,162,39,2,90,-348,9.4,2
6,conj_uni,162,44,2,264,-359,10.17,2
6,conj_uni,162,35,2,210,-275,10.63,2
6,conj_uni,162,43,2,187,237,11.92,2
6,conj_uni,162,16,2,151,107,12.37,2
6,conj_uni,162,13,2,-199,269,13.33,2
6,conj_uni,162,1,2,-278,332,13.86,2
6,conj_uni,162,30,2,-33,-108,14.62,2
6,conj_uni,163,25,1,83,-169,1.54,3
6,conj_uni,163,27,1,80,-329,2.7,3
6,conj_uni,163,23,1,52,-217,3.07,3
6,conj_uni,163,35,1,297,-267,3.64,3
6,conj_uni,163,13,1,200,-41,4.23,3
6,conj_uni,163,28,1,118,-84,4.67,3
6,conj_uni,163,39,1,183,26,5.04,3
6,conj_uni,163,10,1,48,347,5.83,3
6,conj_uni,163,32,1,-28,243,6.2,3
6,conj_uni,163,21,1,-222,-34,6.83,3
6,conj_uni,163,42,1,-171,-364,7.47,3
6,conj_uni,163,48,2,-106,-326,7.94,3
6,conj_uni,163,1,2,85,-263,8.53,3
6,conj_uni,163,14,2,218,-147,9.17,3
6,conj_uni,163,36,2,340,138,10.07,3
6,conj_uni,163,44,2,101,77,10.67,3
6,conj_uni,163,33,2,-226,238,11.37,3
6,conj_uni,163,5,2,-294,238,11.8,3
6,conj_uni,163,12,2,-132,102,12.6,3
6,conj_uni,163,7,2,-289,-28,13.23,3
6,conj_uni,163,24,2,-336,-155,14.23,3
6,conj_uni,163,18,2,-357,-103,14.58,3
6,conj_uni,163,49,2,-229,-133,15.12,3
6,conj_uni,163,4,1,-250,321,15.8,3
6,conj_uni,164,30,1,-36,-184,0.9,4
6,conj_uni,164,31,1,-286,140,1.94,4
6,conj_uni,164,34,1,-351,-47,2.37,4
6,conj_uni,164,32,1,-220,115,2.94,4
6,conj_uni,164,9,1,-151,254,3.3,4
6,conj_uni,164,48,1,-170,308,3.67,4
6,conj_uni,164,10,1,16,295,4.37,4
6,conj_uni,164,2,1,150,337,5.13,4
6,conj_uni,164,49,1,333,333,5.95,4
6,conj_uni,164,41,1,27,98,6.52,4
6,conj_uni,164,29,1,332,159,7.05,4
6,conj_uni,164,36,1,154,-283,7.75,4
6,conj_uni,164,47,2,253,-106,8.29,4
6,conj_uni,164,33,2,318,5,8.98,4
6,conj_uni,164,44,2,241,39,9.45,4
6,conj_uni,164,26,2,185,48,9.82,4
6,conj_uni,164,4,2,146,98,10.25,4
6,conj_uni,164,19,2,23,160,10.92,4
6,conj_uni,164,28,2,41,358,11.52,4
6,conj_uni,164,46,2,-8,22,12.82,4
6,conj_uni,164,8,2,20,-32,13.08,4
6,conj_uni,164,40,2,11,-291,14.08,4
6,conj_uni,164,14,2,-126,-370,14.62,4
6,conj_uni,164,20,2,80,-95,15.53,4
6,conj_uni,165,35,1,77,37,0.67,5
6,conj_uni,165,24,1,226,-102,1.27,5
6,conj_uni,165,34,1,198,-208,1.64,5
6,conj_uni,165,28,1,-99,-277,2.1,5
6,conj_uni,165,31,1,-167,125,2.57,5
6,conj_uni,165,2,1,-211,162,2.87,5
6,conj_uni,165,33,1,-258,133,3.1,5
6,conj_uni,165,5,1,-85,155,3.6,5
6,conj_uni,165,1,1,255,264,4.8,5
6,conj_uni,165,13,1,314,264,5.1,5
6,conj_uni,165,46,1,361,293,5.4,5
6,conj_uni,165,26,1,69,193,6.07,5
6,conj_uni,165,47,2,48,245,6.4,5
6,conj_uni,165,14,2,266,318,7,5
6,conj_uni,165,23,2,289,214,7.47,5
6,conj_uni,165,11,2,301,-209,8.37,5
6,conj_uni,165,44,2,-144,-87,9,5
6,conj_uni,165,40,2,-289,-130,9.6,5
6,conj_uni,165,22,2,-326,-197,10.03,5
6,conj_uni,165,7,2,-360,2,10.57,5
6,conj_uni,165,27,2,-360,223,11.27,5
6,conj_uni,165,19,2,-109,99,11.9,5
6,conj_uni,165,25,2,-53,107,12.22,5
6,conj_uni,165,38,2,-53,51,12.5,5
6,feat_grid,166,23,2,-218,6,0.67,1
6,feat_grid,166,30,1,-231,94,1,1
6,feat_grid,166,29,2,-322,87,1.57,1
6,feat_grid,166,37,1,-223,221,2.17,1
6,feat_grid,166,38,2,-92,226,2.7,1
6,feat_grid,166,45,1,-84,333,3.44,1
6,feat_grid,166,46,1,-11,314,3.8,1
6,feat_grid,166,40,1,96,191,4.24,1
6,feat_grid,166,47,2,123,320,4.77,1
6,feat_grid,166,48,2,227,319,5.27,1
6,feat_grid,166,34,2,203,107,6,1
6,feat_grid,166,25,1,5,-7,6.5,1
6,feat_grid,166,18,1,-6,-89,6.8,1
6,feat_grid,166,20,2,212,-107,7.33,1
6,feat_grid,166,13,2,201,-212,7.7,1
6,feat_grid,166,6,1,201,-322,8.03,1
6,feat_grid,166,5,2,121,-333,8.33,1
6,feat_grid,166,10,2,-105,-229,9,1
6,feat_grid,166,3,1,-106,-323,9.37,1
6,feat_grid,166,2,1,-221,-331,9.7,1
6,feat_grid,166,1,2,-333,-299,10.03,1
6,feat_grid,166,8,1,-331,-205,10.72,1
6,feat_grid,166,15,2,-311,-105,11.13,1
6,feat_grid,166,16,1,-216,-113,11.57,1
6,feat_grid,167,32,1,-5,110,0.87,2
6,feat_grid,167,24,2,-127,7,1.24,2
6,feat_grid,167,16,1,-192,-93,2.4,2
6,feat_grid,167,17,1,-111,-103,2.87,2
6,feat_grid,167,15,2,-321,-122,3.53,2
6,feat_grid,167,8,1,-323,-225,4.1,2
6,feat_grid,167,2,1,-228,-330,4.47,2
6,feat_grid,167,4,1,-6,-313,5.77,2
6,feat_grid,167,3,1,-112,-326,6.17,2
6,feat_grid,167,5,1,115,-325,6.8,2
6,feat_grid,167,7,2,317,-330,7.4,2
6,feat_grid,167,13,2,205,-222,7.77,2
6,feat_grid,167,19,2,108,-103,8.43,2
6,feat_grid,167,27,2,215,6,8.83,2
6,feat_grid,167,28,1,339,15,9.8,2
6,feat_grid,167,35,1,318,94,10.07,2
6,feat_grid,167,49,1,319,326,10.64,2
6,feat_grid,167,48,2,209,331,11.14,2
6,feat_grid,167,40,2,115,222,11.67,2
6,feat_grid,167,46,2,-3,315,12.2,2
6,feat_grid,167,44,1,-196,344,13,2
6,feat_grid,167,37,2,-213,215,13.52,2
6,feat_grid,167,30,2,-219,116,13.87,2
6,feat_grid,167,29,2,-328,125,14.45,2
6,feat_grid,168,25,2,0,-3,0.5,3
6,feat_grid,168,32,1,-1,107,0.84,3
6,feat_grid,168,40,1,88,211,1.44,3
6,feat_grid,168,48,1,213,335,2.34,3
6,feat_grid,168,35,2,338,108,2.97,3
6,feat_grid,168,27,2,221,-16,3.4,3
6,feat_grid,168,26,1,103,-7,3.7,3
6,feat_grid,168,19,1,114,-119,4.23,3
6,feat_grid,168,20,2,198,-99,4.6,3
6,feat_grid,168,13,2,208,-204,4.97,3
6,feat_grid,168,12,2,110,-210,5.27,3
6,feat_grid,168,11,2,7,-220,5.87,3
6,feat_grid,168,18,2,13,-112,6.23,3
6,feat_grid,168,17,2,-103,-127,6.63,3
6,feat_grid,168,10,2,-84,-244,7.33,3
6,feat_grid,168,3,1,-94,-343,7.67,3
6,feat_grid,168,2,1,-208,-311,8,3
6,feat_grid,168,1,1,-316,-318,8.43,3
6,feat_grid,168,16,1,-228,-105,9,3
6,feat_grid,168,15,2,-342,-100,9.5,3
6,feat_grid,168,22,1,-323,-5,9.92,3
6,feat_grid,168,30,1,-219,111,10.43,3
6,feat_grid,168,45,1,-111,324,10.9,3
6,feat_grid,168,46,2,-12,320,11.27,3
6,feat_grid,169,25,2,-15,-12,0.53,4
6,feat_grid,169,31,1,-110,109,1.74,4
6,feat_grid,169,24,1,-107,10,2.1,4
6,feat_grid,169,30,2,-209,113,2.57,4
6,feat_grid,169,37,2,-234,205,2.9,4
6,feat_grid,169,44,1,-207,312,3.37,4
6,feat_grid,169,45,1,-100,314,3.8,4
6,feat_grid,169,46,2,4,321,4.24,4
6,feat_grid,169,39,1,5,210,4.7,4
6,feat_grid,169,32,2,-14,121,5.13,4
6,feat_grid,169,33,1,119,89,5.63,4
6,feat_grid,169,40,1,109,227,6.17,4
6,feat_grid,169,47,2,114,342,6.6,4
6,feat_grid,169,49,2,321,336,7.17,4
6,feat_grid,169,35,1,318,118,8.13,4
6,feat_grid,169,21,1,314,-103,8.7,4
6,feat_grid,169,20,2,224,-98,9.1,4
6,feat_grid,169,12,2,128,-194,9.5,4
6,feat_grid,169,5,2,95,-320,9.97,4
6,feat_grid,169,4,1,9,-327,10.27,4
6,feat_grid,169,10,2,-103,-211,10.73,4
6,feat_grid,169,16,1,-205,-112,11.27,4
6,feat_grid,169,3,2,-125,-319,11.83,4
6,feat_grid,169,1,1,-339,-336,12.33,4
6,feat_grid,170,25,2,-3,6,0.37,5
6,feat_grid,170,32,1,13,94,0.7,5
6,feat_grid,170,31,2,-92,99,1.24,5
6,feat_grid,170,38,2,-108,196,1.54,5
6,feat_grid,170,39,1,8,221,1.94,5
6,feat_grid,170,46,2,-7,325,2.87,5
6,feat_grid,170,47,1,99,332,3.27,5
6,feat_grid,170,49,2,321,325,3.7,5
6,feat_grid,170,42,1,310,216,4.07,5
6,feat_grid,170,34,2,233,125,4.5,5
6,feat_grid,170,27,2,199,-4,5,5
6,feat_grid,170,21,2,333,-99,5.57,5
6,feat_grid,170,14,1,316,-214,5.93,5
6,feat_grid,170,7,1,312,-313,6.4,5
6,feat_grid,170,6,2,217,-330,6.83,5
6,feat_grid,170,19,1,111,-112,7.4,5
6,feat_grid,170,11,1,2,-212,7.9,5
6,feat_grid,170,3,2,-97,-328,8.57,5
6,feat_grid,170,1,1,-312,-314,9.03,5
6,feat_grid,170,8,1,-316,-219,9.37,5
6,feat_grid,170,9,1,-218,-197,9.72,5
6,feat_grid,170,15,2,-328,-107,10.12,5
6,feat_grid,170,23,1,-225,-9,10.83,5
6,feat_grid,170,29,2,-357,99,11.27,5
6,feat_rot,171,31,1,-135,5,0.6,1
6,feat_rot,171,38,2,-218,70,1,1
6,feat_rot,171,37,2,-303,3,1.4,1
6,feat_rot,171,43,1,-447,6,1.77,1
6,feat_rot,171,45,2,-312,163,2.2,1
6,feat_rot,171,39,2,-149,152,2.6,1
6,feat_rot,171,40,2,-74,230,3.04,1
6,feat_rot,171,49,1,13,446,3.77,1
6,feat_rot,171,42,1,70,402,4.1,1
6,feat_rot,171,41,1,1,293,4.67,1
6,feat_rot,171,33,2,-4,154,5.04,1
6,feat_rot,171,34,1,62,218,5.44,1
6,feat_rot,171,27,1,160,150,5.93,1
6,feat_rot,171,21,2,302,173,6.47,1
6,feat_rot,171,14,2,390,70,7,1
6,feat_rot,171,20,2,236,88,7.5,1
6,feat_rot,171,19,2,148,-5,7.97,1
6,feat_rot,171,11,1,160,-158,8.5,1
6,feat_rot,171,4,1,224,-241,9.07,1
6,feat_rot,171,3,2,155,-315,9.47,1
6,feat_rot,171,2,2,83,-370,9.9,1
6,feat_rot,171,1,1,11,-457,10.43,1
6,feat_rot,171,17,1,6,-165,11.02,1
6,feat_rot,171,22,1,-225,-215,11.52,1
6,feat_rot,172,33,1,22,134,0.74,2
6,feat_rot,172,26,2,91,83,1.07,2
6,feat_rot,172,14,2,376,75,1.6,2
6,feat_rot,172,35,1,148,321,2.14,2
6,feat_rot,172,42,1,77,378,2.64,2
6,feat_rot,172,48,2,-87,383,3.07,2
6,feat_rot,172,46,2,-235,232,3.67,2
6,feat_rot,172,39,2,-148,136,4.07,2
6,feat_rot,172,32,2,-84,68,4.4,2
6,feat_rot,172,12,1,218,-84,5.07,2
6,feat_rot,172,11,2,146,-146,5.37,2
6,feat_rot,172,10,2,74,-226,5.67,2
6,feat_rot,172,9,2,-7,-305,6.13,2
6,feat_rot,172,1,1,6,-473,6.83,2
6,feat_rot,172,8,2,-73,-380,7.23,2
6,feat_rot,172,16,1,-59,-242,7.6,2
6,feat_rot,172,15,1,-141,-324,7.93,2
6,feat_rot,172,22,1,-215,-245,8.3,2
6,feat_rot,172,29,2,-297,-160,9.33,2
6,feat_rot,172,23,2,-149,-169,10.15,2
6,feat_rot,172,38,1,-219,73,10.7,2
6,feat_rot,172,45,1,-296,157,11.02,2
6,feat_rot,172,37,1,-309,3,11.48,2
6,feat_rot,172,43,1,-461,5,11.88,2
6,feat_rot,173,24,1,-77,-80,0.84,3
6,feat_rot,173,23,1,-124,-140,1.74,3
6,feat_rot,173,31,2,-155,-15,2.2,3
6,feat_rot,173,30,1,-238,-80,2.64,3
6,feat_rot,173,29,1,-305,-156,3.07,3
6,feat_rot,173,37,1,-320,-7,3.5,3
6,feat_rot,173,45,2,-300,150,4.2,3
6,feat_rot,173,46,1,-251,206,4.54,3
6,feat_rot,173,40,1,-66,226,5.27,3
6,feat_rot,173,48,2,-82,384,5.64,3
6,feat_rot,173,35,2,150,325,6.8,3
6,feat_rot,173,41,2,-24,298,7.2,3
6,feat_rot,173,34,2,87,232,7.67,3
6,feat_rot,173,28,2,214,215,8.2,3
6,feat_rot,173,7,2,459,-2,8.97,3
6,feat_rot,173,5,1,307,-165,9.77,3
6,feat_rot,173,4,2,228,-232,10.1,3
6,feat_rot,173,18,1,62,-75,11,3
6,feat_rot,173,11,1,154,-131,11.47,3
6,feat_rot,173,17,1,2,-148,12.13,3
6,feat_rot,173,9,1,2,-320,12.83,3
6,feat_rot,173,8,2,-80,-376,13.32,3
6,feat_rot,173,1,2,-4,-445,13.78,3
6,feat_rot,173,2,2,71,-370,14.15,3
6,feat_rot,174,25,2,-1,5,0.37,4
6,feat_rot,174,24,1,-81,-84,0.8,4
6,feat_rot,174,31,1,-149,15,1.17,4
6,feat_rot,174,30,1,-235,-81,1.6,4
6,feat_rot,174,37,1,-321,2,1.94,4
6,feat_rot,174,44,1,-380,82,2.24,4
6,feat_rot,174,43,2,-453,0,2.64,4
6,feat_rot,174,29,2,-322,-163,3.17,4
6,feat_rot,174,22,1,-240,-205,3.57,4
6,feat_rot,174,16,2,-62,-236,3.93,4
6,feat_rot,174,17,1,3,-164,4.43,4
6,feat_rot,174,9,2,-1,-312,4.9,4
6,feat_rot,174,10,2,75,-216,5.4,4
6,feat_rot,174,11,1,158,-137,5.73,4
6,feat_rot,174,3,1,158,-305,6.3,4
6,feat_rot,174,4,2,245,-234,6.9,4
6,feat_rot,174,7,2,465,-9,8,4
6,feat_rot,174,6,1,378,-67,8.4,4
6,feat_rot,174,20,2,236,82,9,4
6,feat_rot,174,26,2,71,76,9.4,4
6,feat_rot,174,34,2,47,240,9.93,4
6,feat_rot,174,40,2,-69,234,10.37,4
6,feat_rot,174,46,1,-219,235,11.05,4
6,feat_rot,174,45,1,-312,153,11.63,4
6,feat_rot,175,26,1,75,69,0.77,5
6,feat_rot,175,19,2,153,5,1.14,5
6,feat_rot,175,20,1,235,61,1.5,5
6,feat_rot,175,14,1,367,67,1.9,5
6,feat_rot,175,7,1,451,14,2.27,5
6,feat_rot,175,6,2,371,-72,2.7,5
6,feat_rot,175,5,1,289,-153,3.17,5
6,feat_rot,175,11,2,143,-158,3.7,5
6,feat_rot,175,10,2,77,-239,4.07,5
6,feat_rot,175,2,1,65,-378,4.7,5
6,feat_rot,175,8,1,-78,-386,5.1,5
6,feat_rot,175,22,2,-217,-232,5.7,5
6,feat_rot,175,29,2,-289,-169,6.03,5
6,feat_rot,175,30,2,-242,-73,6.33,5
6,feat_rot,175,43,1,-445,-13,6.84,5
6,feat_rot,175,38,2,-229,78,7.27,5
6,feat_rot,175,45,1,-321,155,7.7,5
6,feat_rot,175,46,2,-225,221,8.3,5
6,feat_rot,175,39,2,-162,152,8.67,5
6,feat_rot,175,32,2,-72,80,9.73,5
6,feat_rot,175,47,1,-155,295,10.4,5
6,feat_rot,175,48,1,-71,375,10.93,5
6,feat_rot,175,41,1,14,307,11.47,5
6,feat_rot,175,34,2,71,240,12.22,5
6,feat_uni,176,1,1,-95,-3,0.8,1
6,feat_uni,176,39,1,-146,-97,1.17,1
6,feat_uni,176,18,2,-304,-150,1.8,1
6,feat_uni,176,30,2,-219,-312,2.57,1
6,feat_uni,176,10,1,81,-246,3.17,1
6,feat_uni,176,24,2,73,-189,3.5,1
6,feat_uni,176,28,2,45,-102,3.93,1
6,feat_uni,176,36,1,188,-161,4.44,1
6,feat_uni,176,8,2,283,-68,5.03,1
6,feat_uni,176,45,2,243,28,5.47,1
6,feat_uni,176,27,1,130,4,5.83,1
6,feat_uni,176,37,1,-134,84,6.37,1
6,feat_uni,176,3,1,-90,159,6.8,1
6,feat_uni,176,6,2,-35,191,7.3,1
6,feat_uni,176,23,2,-78,226,8.17,1
6,feat_uni,176,38,1,-46,272,9,1
6,feat_uni,176,12,2,-88,344,9.6,1
6,feat_uni,176,42,2,-271,361,10.43,1
6,feat_uni,176,46,1,-271,305,10.77,1
6,feat_uni,176,13,1,-192,315,11.1,1
6,feat_uni,176,29,2,-195,252,11.45,1
6,feat_uni,176,34,2,192,300,12.13,1
6,feat_uni,176,16,1,252,289,12.53,1
6,feat_uni,176,20,1,335,258,12.98,1
6,feat_uni,177,12,2,-23,-55,0.77,2
6,feat_uni,177,6,2,-45,-107,1.03,2
6,feat_uni,177,44,2,-134,-202,1.57,2
6,feat_uni,177,47,1,38,-56,2.04,2
6,feat_uni,177,25,1,-230,-40,2.73,2
6,feat_uni,177,2,2,-317,-92,3.33,2
6,feat_uni,177,39,2,-351,-174,4.07,2
6,feat_uni,177,5,2,101,-298,4.6,2
6,feat_uni,177,34,1,125,-349,5.13,2
6,feat_uni,177,29,2,261,-52,5.83,2
6,feat_uni,177,43,2,143,68,6.34,2
6,feat_uni,177,28,2,239,115,6.7,2
6,feat_uni,177,36,1,305,63,7.17,2
6,feat_uni,177,19,2,303,257,7.63,2
6,feat_uni,177,49,1,163,303,8.04,2
6,feat_uni,177,48,1,145,368,8.34,2
6,feat_uni,177,27,1,94,347,8.7,2
6,feat_uni,177,17,1,-45,355,9.03,2
6,feat_uni,177,33,1,-28,159,9.6,2
6,feat_uni,177,15,1,-164,194,10.03,2
6,feat_uni,177,18,1,-215,215,10.3,2
6,feat_uni,177,41,1,-176,264,10.58,2
6,feat_uni,177,23,2,-262,246,11.03,2
6,feat_uni,177,8,2,-263,186,11.47,2
6,feat_uni,178,10,2,-25,71,0.67,3
6,feat_uni,178,33,2,-87,210,1.27,3
6,feat_uni,178,20,2,18,227,1.7,3
6,feat_uni,178,39,2,59,189,2.04,3
6,feat_uni,178,18,2,137,104,2.6,3
6,feat_uni,178,22,2,102,25,3.37,3
6,feat_uni,178,38,1,100,-30,3.64,3
6,feat_uni,178,29,2,143,-68,4,3
6,feat_uni,178,13,2,202,-92,4.3,3
6,feat_uni,178,8,1,312,-107,4.7,3
6,feat_uni,178,41,1,245,-194,5.17,3
6,feat_uni,178,11,1,211,-238,5.53,3
6,feat_uni,178,6,1,166,-274,5.9,3
6,feat_uni,178,49,1,74,-269,6.27,3
6,feat_uni,178,45,1,-31,-322,8,3
6,feat_uni,178,37,2,-228,-238,8.47,3
6,feat_uni,178,36,2,-229,-182,8.73,3
6,feat_uni,178,32,2,-147,-124,9.13,3
6,feat_uni,178,12,1,-304,336,10.45,3
6,feat_uni,178,25,2,-265,-122,11.25,3
6,feat_uni,178,28,1,-243,300,11.93,3
6,feat_uni,178,1,1,209,253,12.63,3
6,feat_uni,178,7,1,245,348,13.02,3
6,feat_uni,178,31,1,362,175,13.48,3
6,feat_uni,179,49,1,24,-49,0.67,4
6,feat_uni,179,24,2,42,-102,1.1,4
6,feat_uni,179,14,2,70,-160,1.9,4
6,feat_uni,179,28,2,42,-295,2.54,4
6,feat_uni,179,21,1,25,-349,2.87,4
6,feat_uni,179,26,1,-141,-236,3.3,4
6,feat_uni,179,47,2,-173,-322,3.7,4
6,feat_uni,179,48,2,-213,-202,4.04,4
6,feat_uni,179,1,2,-290,-275,4.37,4
6,feat_uni,179,3,1,-246,-67,4.77,4
6,feat_uni,179,18,2,-246,-11,5.1,4
6,feat_uni,179,41,1,-106,-27,5.47,4
6,feat_uni,179,37,1,-121,-107,6.3,4
6,feat_uni,179,15,2,-130,36,6.67,4
6,feat_uni,179,7,1,-76,139,7.3,4
6,feat_uni,179,9,2,-89,75,7.63,4
6,feat_uni,179,8,1,9,227,8.27,4
6,feat_uni,179,31,1,107,327,8.7,4
6,feat_uni,179,29,1,161,346,9.05,4
6,feat_uni,179,27,2,301,288,9.65,4
6,feat_uni,179,11,2,204,240,10.02,4
6,feat_uni,179,35,2,139,171,10.37,4
6,feat_uni,179,40,1,116,119,10.67,4
6,feat_uni,179,43,1,57,29,11.08,4
6,feat_uni,180,12,2,-107,-110,0.67,5
6,feat_uni,180,21,1,-135,-61,1.14,5
6,feat_uni,180,3,1,-133,-5,1.47,5
6,feat_uni,180,16,1,-89,77,1.9,5
6,feat_uni,180,43,2,-169,-354,3.14,5
6,feat_uni,180,41,2,-340,-7,3.87,5
6,feat_uni,180,36,2,-5,-247,4.4,5
6,feat_uni,180,18,1,206,-341,5.07,5
6,feat_uni,180,34,2,274,-356,5.37,5
6,feat_uni,180,47,1,331,-356,5.8,5
6,feat_uni,180,10,1,318,-226,6.27,5
6,feat_uni,180,25,1,362,-12,6.7,5
6,feat_uni,180,13,1,352,198,8,5
6,feat_uni,180,44,2,165,81,8.47,5
6,feat_uni,180,1,1,208,287,8.97,5
6,feat_uni,180,30,1,317,345,9.57,5
6,feat_uni,180,7,1,372,333,10.23,5
6,feat_uni,180,19,2,136,329,10.83,5
6,feat_uni,180,29,2,153,275,11.13,5
6,feat_uni,180,14,2,34,235,11.63,5
6,feat_uni,180,2,2,-126,343,12.32,5
6,feat_uni,180,33,2,-217,199,12.77,5
6,feat_uni,180,40,2,-244,247,13.05,5
6,feat_uni,180,11,1,-311,297,13.48,5
7,conj_grid,181,25,2,-4,10,1.4,1
7,conj_grid,181,27,2,216,8,2,1
7,conj_grid,181,21,2,321,-99,2.57,1
7,conj_grid,181,17,2,-110,-106,3.4,1
7,conj_grid,181,9,2,-210,-216,3.97,1
7,conj_grid,181,15,2,-310,-112,4.9,1
7,conj_grid,181,8,2,-329,-196,5.37,1
7,conj_grid,181,22,2,-321,5,5.97,1
7,conj_grid,181,29,2,-316,102,6.8,1
7,conj_grid,181,36,2,-334,237,7.5,1
7,conj_grid,181,44,2,-212,323,8.2,1
7,conj_grid,181,46,2,-4,329,8.8,1
7,conj_grid,181,6,1,218,-304,10.8,1
7,conj_grid,181,11,1,2,-216,11.47,1
7,conj_grid,181,3,1,-103,-331,12.07,1
7,conj_grid,181,1,1,-329,-334,12.7,1
7,conj_grid,181,18,1,-17,-110,13.57,1
7,conj_grid,181,16,1,-200,-107,14.17,1
7,conj_grid,181,19,1,112,-101,14.65,1
7,conj_grid,181,28,1,337,-4,15.25,1
7,conj_grid,181,33,1,100,108,16,1
7,conj_grid,181,41,1,197,234,16.78,1
7,conj_grid,181,48,1,214,319,17.4,1
7,conj_grid,181,43,1,-339,332,18.88,1
7,conj_grid,182,1,2,-329,-341,3.4,2
7,conj_grid,182,10,1,-121,-219,4.6,2
7,conj_grid,182,2,1,-208,-334,5.13,2
7,conj_grid,182,24,2,-108,-5,6.03,2
7,conj_grid,182,18,2,-16,-96,6.5,2
7,conj_grid,182,25,2,-3,-10,7.33,2
7,conj_grid,182,31,2,-122,115,7.9,2
7,conj_grid,182,22,2,-331,-11,8.5,2
7,conj_grid,182,30,1,-206,114,9.4,2
7,conj_grid,182,36,1,-319,216,10.17,2
7,conj_grid,182,43,1,-314,328,10.67,2
7,conj_grid,182,46,2,8,317,11.87,2
7,conj_grid,182,39,1,6,213,12.37,2
7,conj_grid,182,47,1,92,323,12.9,2
7,conj_grid,182,33,1,109,102,13.6,2
7,conj_grid,182,27,2,226,3,14.7,2
7,conj_grid,182,20,2,193,-124,15.2,2
7,conj_grid,182,19,1,99,-100,15.77,2
7,conj_grid,182,11,1,-6,-215,16.3,2
7,conj_grid,182,14,2,319,-201,17.12,2
7,conj_grid,182,49,1,318,328,18.5,2
7,conj_grid,182,41,2,214,220,19.33,2
7,conj_grid,182,42,2,336,209,19.9,2
7,conj_grid,182,15,1,-302,-102,23.11,2
7,conj_grid,183,19,2,95,-93,1.6,3
7,conj_grid,183,20,2,224,-111,2.13,3
7,conj_grid,183,27,2,197,-13,2.63,3
7,conj_grid,183,21,2,305,-101,3.27,3
7,conj_grid,183,13,2,213,-202,3.83,3
7,conj_grid,183,5,2,109,-325,4.53,3
7,conj_grid,183,11,2,6,-236,5.13,3
7,conj_grid,183,10,2,-120,-214,5.7,3
7,conj_grid,183,9,2,-228,-205,6.37,3
7,conj_grid,183,23,2,-221,-11,6.93,3
7,conj_grid,183,45,2,-118,333,7.83,3
7,conj_grid,183,42,2,330,215,8.7,3
7,conj_grid,183,17,1,-112,-103,10.07,3
7,conj_grid,183,26,1,96,-16,10.6,3
7,conj_grid,183,35,1,328,102,11.2,3
7,conj_grid,183,40,1,97,212,11.83,3
7,conj_grid,183,46,1,16,322,12.37,3
7,conj_grid,183,31,1,-102,91,12.9,3
7,conj_grid,183,37,1,-212,194,13.43,3
7,conj_grid,183,38,1,-103,225,13.87,3
7,conj_grid,183,44,1,-200,324,14.47,3
7,conj_grid,183,8,1,-329,-219,15.8,3
7,conj_grid,183,1,1,-307,-327,16.33,3
7,conj_grid,183,2,1,-222,-324,17.81,3
7,conj_grid,184,25,2,-9,11,1.17,4
7,conj_grid,184,18,2,2,-125,1.73,4
7,conj_grid,184,17,2,-93,-118,2.17,4
7,conj_grid,184,10,2,-107,-212,2.6,4
7,conj_grid,184,19,2,98,-119,3.27,4
7,conj_grid,184,4,1,-7,-321,3.93,4
7,conj_grid,184,1,1,-312,-324,4.87,4
7,conj_grid,184,22,1,-323,-10,6.37,4
7,conj_grid,184,23,1,-210,-3,6.77,4
7,conj_grid,184,24,1,-127,-5,7.13,4
7,conj_grid,184,30,1,-234,114,7.7,4
7,conj_grid,184,37,1,-225,239,8.57,4
7,conj_grid,184,45,2,-104,328,9.8,4
7,conj_grid,184,46,1,-16,332,10.43,4
7,conj_grid,184,49,2,321,306,12.27,4
7,conj_grid,184,48,2,201,314,13.4,4
7,conj_grid,184,40,2,107,225,14,4
7,conj_grid,184,33,1,117,105,14.57,4
7,conj_grid,184,34,2,207,102,16.07,4
7,conj_grid,184,28,2,320,-15,16.68,4
7,conj_grid,184,20,1,234,-107,17.22,4
7,conj_grid,184,21,1,341,-124,17.83,4
7,conj_grid,184,7,2,333,-322,18.57,4
7,conj_grid,184,35,1,328,128,20.93,4
7,conj_grid,185,19,2,99,-110,1.07,5
7,conj_grid,185,24,2,-104,2,1.77,5
7,conj_grid,185,17,2,-122,-135,2.23,5
7,conj_grid,185,11,2,8,-213,2.97,5
7,conj_grid,185,2,2,-209,-321,3.67,5
7,conj_grid,185,22,2,-309,1,4.47,5
7,conj_grid,185,31,2,-117,103,5,5
7,conj_grid,185,39,2,-5,215,5.6,5
7,conj_grid,185,40,2,95,217,6.34,5
7,conj_grid,185,46,2,-10,349,7,5
7,conj_grid,185,49,2,326,318,7.84,5
7,conj_grid,185,13,2,230,-218,8.57,5
7,conj_grid,185,21,1,319,-111,9.17,5
7,conj_grid,185,12,1,115,-216,10.13,5
7,conj_grid,185,3,1,-115,-327,10.97,5
7,conj_grid,185,9,1,-222,-223,11.57,5
7,conj_grid,185,1,1,-321,-326,12.23,5
7,conj_grid,185,23,1,-212,-17,13.15,5
7,conj_grid,185,29,1,-319,119,14.15,5
7,conj_grid,185,25,1,-4,1,15.22,5
7,conj_grid,185,28,1,313,16,15.9,5
7,conj_grid,185,35,1,314,120,16.4,5
7,conj_grid,185,47,1,117,326,17.13,5
7,conj_grid,185,8,1,-332,-223,20.6,5
7,conj_rot,186,26,2,67,82,1.3,1
7,conj_rot,186,27,2,161,157,1.77,1
7,conj_rot,186,35,2,144,295,2.4,1
7,conj_rot,186,41,2,-3,318,3.87,1
7,conj_rot,186,48,2,-76,367,4.3,1
7,conj_rot,186,47,2,-159,297,4.7,1
7,conj_rot,186,40,2,-68,229,5.3,1
7,conj_rot,186,44,2,-377,74,6.14,1
7,conj_rot,186,9,2,6,-304,7.03,1
7,conj_rot,186,2,2,71,-371,7.7,1
7,conj_rot,186,4,2,222,-239,8.33,1
7,conj_rot,186,14,2,378,74,9.07,1
7,conj_rot,186,5,1,300,-149,10.03,1
7,conj_rot,186,13,1,312,9,10.53,1
7,conj_rot,186,21,1,304,153,11.1,1
7,conj_rot,186,28,1,218,239,11.67,1
7,conj_rot,186,19,1,166,2,12.2,1
7,conj_rot,186,32,1,-77,84,12.83,1
7,conj_rot,186,39,1,-155,156,13.43,1
7,conj_rot,186,38,1,-234,88,14.02,1
7,conj_rot,186,24,1,-86,-65,14.78,1
7,conj_rot,186,23,1,-159,-162,15.4,1
7,conj_rot,186,15,1,-161,-302,17.23,1
7,conj_rot,186,8,1,-70,-386,17.81,1
7,conj_rot,187,10,2,84,-226,2.33,2
7,conj_rot,187,4,2,225,-247,3,2
7,conj_rot,187,2,2,70,-371,3.5,2
7,conj_rot,187,5,2,306,-145,4.13,2
7,conj_rot,187,8,2,-96,-390,4.93,2
7,conj_rot,187,29,2,-310,-132,5.87,2
7,conj_rot,187,43,2,-465,-5,6.4,2
7,conj_rot,187,44,2,-383,85,7.1,2
7,conj_rot,187,26,2,65,67,7.83,2
7,conj_rot,187,27,2,166,154,8.33,2
7,conj_rot,187,13,2,291,-3,10.47,2
7,conj_rot,187,7,2,476,-2,11.07,2
7,conj_rot,187,6,1,380,-80,11.63,2
7,conj_rot,187,20,1,251,63,12.2,2
7,conj_rot,187,19,1,133,-6,12.83,2
7,conj_rot,187,12,1,238,-91,13.33,2
7,conj_rot,187,24,1,-67,-77,13.97,2
7,conj_rot,187,1,1,6,-458,15.03,2
7,conj_rot,187,22,1,-228,-225,15.8,2
7,conj_rot,187,39,1,-163,155,16.72,2
7,conj_rot,187,46,1,-238,246,17.38,2
7,conj_rot,187,40,1,-87,225,18.03,2
7,conj_rot,187,32,1,-65,60,18.78,2
7,conj_rot,187,49,1,5,448,19.7,2
7,conj_rot,188,24,1,-75,-68,1.24,3
7,conj_rot,188,17,1,-11,-159,1.77,3
7,conj_rot,188,16,1,-76,-218,2.14,3
7,conj_rot,188,9,1,13,-332,2.67,3
7,conj_rot,188,8,1,-87,-356,3.13,3
7,conj_rot,188,18,1,75,-67,3.87,3
7,conj_rot,188,19,1,164,5,4.27,3
7,conj_rot,188,4,1,209,-210,5.07,3
7,conj_rot,188,5,1,306,-140,5.53,3
7,conj_rot,188,6,1,387,-88,6.07,3
7,conj_rot,188,27,1,152,162,6.9,3
7,conj_rot,188,45,1,-284,151,8.2,3
7,conj_rot,188,38,2,-231,70,8.8,3
7,conj_rot,188,30,2,-242,-64,9.37,3
7,conj_rot,188,15,2,-149,-302,10.2,3
7,conj_rot,188,12,2,236,-76,11.27,3
7,conj_rot,188,20,2,223,73,11.97,3
7,conj_rot,188,21,2,289,151,12.4,3
7,conj_rot,188,28,2,208,234,12.83,3
7,conj_rot,188,34,2,61,234,13.6,3
7,conj_rot,188,40,2,-62,209,14.08,3
7,conj_rot,188,42,2,78,372,14.75,3
7,conj_rot,188,49,2,-8,471,15.43,3
7,conj_rot,188,25,2,-1,8,16.27,3
7,conj_rot,189,19,1,131,3,2.33,4
7,conj_rot,189,25,2,11,-3,3.04,4
7,conj_rot,189,31,2,-158,-0,3.47,4
7,conj_rot,189,38,2,-228,78,4.27,4
7,conj_rot,189,32,1,-83,72,4.77,4
7,conj_rot,189,24,1,-75,-85,5.4,4
7,conj_rot,189,37,1,-302,-10,6.04,4
7,conj_rot,189,36,1,-392,-83,6.47,4
7,conj_rot,189,43,2,-459,-11,7.2,4
7,conj_rot,189,40,2,-60,233,8.2,4
7,conj_rot,189,33,1,2,148,9.9,4
7,conj_rot,189,42,2,87,387,10.87,4
7,conj_rot,189,48,2,-84,400,11.54,4
7,conj_rot,189,45,1,-292,158,12.47,4
7,conj_rot,189,21,1,313,141,14.07,4
7,conj_rot,189,20,1,223,76,14.47,4
7,conj_rot,189,28,1,236,230,14.9,4
7,conj_rot,189,7,1,459,11,15.8,4
7,conj_rot,189,13,2,298,-17,17.4,4
7,conj_rot,189,5,2,308,-159,18.07,4
7,conj_rot,189,17,2,9,-157,19.4,4
7,conj_rot,189,16,2,-62,-215,19.87,4
7,conj_rot,189,3,1,118,-292,21.05,4
7,conj_rot,189,1,2,9,-473,23.48,4
7,conj_rot,190,17,2,8,-155,1.43,5
7,conj_rot,190,16,2,-79,-241,1.97,5
7,conj_rot,190,11,2,138,-180,2.63,5
7,conj_rot,190,3,2,140,-300,3.3,5
7,conj_rot,190,4,2,236,-249,3.83,5
7,conj_rot,190,2,2,81,-388,4.53,5
7,conj_rot,190,1,1,-24,-447,5.77,5
7,conj_rot,190,22,1,-237,-232,6.53,5
7,conj_rot,190,23,1,-153,-159,7.3,5
7,conj_rot,190,30,1,-244,-87,7.8,5
7,conj_rot,190,24,1,-71,-84,8.27,5
7,conj_rot,190,25,1,-1,-21,8.67,5
7,conj_rot,190,43,2,-468,-4,9.8,5
7,conj_rot,190,45,1,-312,161,11.97,5
7,conj_rot,190,40,1,-72,225,12.63,5
7,conj_rot,190,41,1,11,306,13.23,5
7,conj_rot,190,34,2,83,220,13.93,5
7,conj_rot,190,27,2,142,153,14.37,5
7,conj_rot,190,20,2,211,75,15.03,5
7,conj_rot,190,6,2,397,-93,15.97,5
7,conj_rot,190,5,1,314,-156,16.47,5
7,conj_rot,190,19,1,151,-9,17.05,5
7,conj_rot,190,14,1,380,58,17.58,5
7,conj_rot,190,49,2,15,467,21.17,5
7,conj_uni,191,39,1,-12,-85,0.94,1
7,conj_uni,191,29,1,81,24,1.4,1
7,conj_uni,191,37,1,156,48,1.87,1
7,conj_uni,191,3,1,307,-238,2.63,1
7,conj_uni,191,33,1,350,-192,2.97,1
7,conj_uni,191,28,1,328,-138,3.3,1
7,conj_uni,191,7,2,361,-255,3.8,1
7,conj_uni,191,32,2,50,-236,4.83,1
7,conj_uni,191,11,1,-56,-314,5.37,1
7,conj_uni,191,18,1,-330,-319,7.63,1
7,conj_uni,191,24,2,-320,-78,8.6,1
7,conj_uni,191,31,2,-92,-29,9.23,1
7,conj_uni,191,22,2,-272,68,10.2,1
7,conj_uni,191,21,1,-334,97,11.77,1
7,conj_uni,191,23,2,-290,193,12.63,1
7,conj_uni,191,1,2,-269,360,13.63,1
7,conj_uni,191,5,1,-319,285,14.23,1
7,conj_uni,191,8,1,202,256,15.13,1
7,conj_uni,191,42,1,341,121,15.87,1
7,conj_uni,191,2,2,30,185,17,1
7,conj_uni,191,10,2,-114,244,17.53,1
7,conj_uni,191,38,2,222,309,18.88,1
7,conj_uni,191,48,2,277,295,19.27,1
7,conj_uni,191,46,2,276,83,20.12,1
7,conj_uni,192,16,1,-106,57,1.4,2
7,conj_uni,192,28,1,-159,125,1.8,2
7,conj_uni,192,48,1,-238,33,2.47,2
7,conj_uni,192,31,1,-31,180,3.14,2
7,conj_uni,192,17,1,22,165,3.5,2
7,conj_uni,192,38,1,-318,220,4.47,2
7,conj_uni,192,22,1,-354,311,5,2
7,conj_uni,192,30,1,12,-223,6.73,2
7,conj_uni,192,36,1,-13,-329,7.14,2
7,conj_uni,192,40,1,-58,-364,7.64,2
7,conj_uni,192,2,1,313,-133,8.43,2
7,conj_uni,192,18,1,356,-324,8.97,2
7,conj_uni,192,25,2,142,-207,10.17,2
7,conj_uni,192,4,2,254,-146,10.7,2
7,conj_uni,192,9,2,90,-276,11.27,2
7,conj_uni,192,10,2,64,-201,11.63,2
7,conj_uni,192,33,2,-72,-271,12.23,2
7,conj_uni,192,7,2,-186,-97,13.57,2
7,conj_uni,192,3,2,-186,13,14.13,2
7,conj_uni,192,44,2,-198,73,14.8,2
7,conj_uni,192,37,2,-278,72,15.22,2
7,conj_uni,192,20,2,206,308,16.48,2
7,conj_uni,192,46,2,211,252,16.83,2
7,conj_uni,192,34,2,282,340,17.38,2
7,conj_uni,193,46,1,-57,-100,1.1,3
7,conj_uni,193,37,1,-68,67,1.6,3
7,conj_uni,193,42,1,-51,-26,2.17,3
7,conj_uni,193,16,1,146,20,2.7,3
7,conj_uni,193,35,2,100,-94,3.2,3
7,conj_uni,193,10,2,27,-240,3.97,3
7,conj_uni,193,1,2,-65,-227,4.47,3
7,conj_uni,193,23,1,-112,-195,4.9,3
7,conj_uni,193,34,2,-257,-323,5.84,3
7,conj_uni,193,17,1,-345,-249,6.53,3
7,conj_uni,193,15,2,-261,-121,7.67,3
7,conj_uni,193,36,2,-357,0,8.43,3
7,conj_uni,193,8,2,-284,41,9.27,3
7,conj_uni,193,18,1,-240,4,9.63,3
7,conj_uni,193,45,1,-273,321,10.47,3
7,conj_uni,193,5,2,-227,233,10.97,3
7,conj_uni,193,40,2,-149,256,11.33,3
7,conj_uni,193,31,2,-157,312,11.7,3
7,conj_uni,193,20,2,7,303,12.23,3
7,conj_uni,193,30,1,159,217,13.07,3
7,conj_uni,193,24,2,239,166,14,3
7,conj_uni,193,25,1,287,196,14.35,3
7,conj_uni,193,14,1,280,-288,16.58,3
7,conj_uni,193,28,1,326,-255,17,3
7,conj_uni,194,38,2,171,1,1.54,4
7,conj_uni,194,21,2,216,-254,2.3,4
7,conj_uni,194,15,2,206,-309,2.8,4
7,conj_uni,194,47,2,230,146,3.67,4
7,conj_uni,194,35,2,311,170,4.17,4
7,conj_uni,194,10,2,123,189,4.7,4
7,conj_uni,194,31,2,109,243,5.03,4
7,conj_uni,194,40,2,-156,205,5.87,4
7,conj_uni,194,19,2,-162,260,6.2,4
7,conj_uni,194,20,2,-358,262,6.9,4
7,conj_uni,194,42,2,-85,-185,8,4
7,conj_uni,194,22,2,-48,-227,8.53,4
7,conj_uni,194,24,1,-307,-120,9.77,4
7,conj_uni,194,33,1,-341,84,10.4,4
7,conj_uni,194,17,1,-205,150,10.83,4
7,conj_uni,194,13,1,-123,302,11.47,4
7,conj_uni,194,45,1,-15,162,12.47,4
7,conj_uni,194,2,1,83,150,12.93,4
7,conj_uni,194,41,1,163,141,13.4,4
7,conj_uni,194,28,1,278,-36,14.17,4
7,conj_uni,194,26,1,83,31,14.77,4
7,conj_uni,194,9,1,81,-75,15.18,4
7,conj_uni,194,14,1,167,-115,15.63,4
7,conj_uni,194,29,1,120,-199,16.1,4
7,conj_uni,195,47,2,-10,-72,2.07,5
7,conj_uni,195,49,2,-315,3,3.97,5
7,conj_uni,195,36,2,-256,158,5.93,5
7,conj_uni,195,20,1,-266,291,6.9,5
7,conj_uni,195,13,1,-213,253,7.3,5
7,conj_uni,195,46,1,-295,-51,8.47,5
7,conj_uni,195,41,1,-259,-3,8.77,5
7,conj_uni,195,24,1,-323,-166,9.43,5
7,conj_uni,195,11,1,-42,-318,12.27,5
7,conj_uni,195,19,1,339,-351,12.93,5
7,conj_uni,195,23,2,312,-131,14.03,5
7,conj_uni,195,42,2,106,-186,14.9,5
7,conj_uni,195,5,2,217,-6,15.63,5
7,conj_uni,195,21,2,226,49,16.1,5
7,conj_uni,195,33,1,169,55,16.5,5
7,conj_uni,195,29,2,271,81,16.87,5
7,conj_uni,195,39,2,340,108,17.27,5
7,conj_uni,195,17,1,354,185,17.83,5
7,conj_uni,195,38,1,221,298,18.87,5
7,conj_uni,195,8,1,165,291,19.4,5
7,conj_uni,195,45,1,188,356,19.82,5
7,conj_uni,195,12,2,147,194,20.73,5
7,conj_uni,195,15,2,10,189,21.23,5
7,conj_uni,195,1,2,-59,228,21.75,5
7,feat_grid,196,17,2,-109,-99,0.93,1
7,feat_grid,196,18,2,-12,-108,1.43,1
7,feat_grid,196,19,1,110,-98,1.83,1
7,feat_grid,196,11,1,26,-221,2.37,1
7,feat_grid,196,12,1,100,-218,2.73,1
7,feat_grid,196,13,2,204,-212,3.1,1
7,feat_grid,196,14,1,320,-194,3.6,1
7,feat_grid,196,7,1,310,-328,4.17,1
7,feat_grid,196,28,2,315,-8,4.9,1
7,feat_grid,196,34,1,203,101,5.63,1
7,feat_grid,196,42,2,332,231,6.23,1
7,feat_grid,196,49,2,332,313,7.04,1
7,feat_grid,196,41,1,235,220,7.8,1
7,feat_grid,196,40,1,119,219,8.33,1
7,feat_grid,196,32,1,-1,99,8.97,1
7,feat_grid,196,39,2,-4,216,9.57,1
7,feat_grid,196,38,2,-109,234,10.17,1
7,feat_grid,196,37,2,-210,219,10.53,1
7,feat_grid,196,30,2,-224,115,11,1
7,feat_grid,196,29,1,-300,109,11.38,1
7,feat_grid,196,31,2,-101,118,12.12,1
7,feat_grid,196,23,1,-214,-1,12.78,1
7,feat_grid,196,15,2,-326,-109,13.32,1
7,feat_grid,196,1,1,-312,-314,14.1,1
7,feat_grid,197,19,2,119,-112,0.87,2
7,feat_grid,197,13,2,211,-221,1.73,2
7,feat_grid,197,14,2,327,-231,2.13,2
7,feat_grid,197,21,1,318,-112,2.63,2
7,feat_grid,197,11,2,-2,-215,3.13,2
7,feat_grid,197,18,1,14,-93,3.67,2
7,feat_grid,197,3,2,-116,-336,4.37,2
7,feat_grid,197,2,2,-208,-324,4.77,2
7,feat_grid,197,1,2,-327,-322,5.3,2
7,feat_grid,197,15,1,-325,-106,5.93,2
7,feat_grid,197,22,1,-328,8,6.43,2
7,feat_grid,197,23,2,-228,-3,7,2
7,feat_grid,197,38,2,-95,200,7.64,2
7,feat_grid,197,39,1,-12,208,8.04,2
7,feat_grid,197,32,1,-13,103,8.47,2
7,feat_grid,197,33,1,97,94,8.9,2
7,feat_grid,197,40,2,113,223,9.67,2
7,feat_grid,197,41,1,207,191,10.07,2
7,feat_grid,197,35,2,329,126,10.7,2
7,feat_grid,197,42,1,330,208,11.1,2
7,feat_grid,197,47,1,113,339,11.74,2
7,feat_grid,197,37,1,-214,210,12.45,2
7,feat_grid,197,36,2,-313,217,12.9,2
7,feat_grid,197,44,1,-210,331,13.5,2
7,feat_grid,198,31,1,-122,111,1.14,3
7,feat_grid,198,32,1,-13,122,1.54,3
7,feat_grid,198,38,1,-99,210,2.1,3
7,feat_grid,198,45,1,-109,336,2.8,3
7,feat_grid,198,43,2,-332,329,3.37,3
7,feat_grid,198,36,2,-318,230,3.9,3
7,feat_grid,198,30,2,-209,73,4.53,3
7,feat_grid,198,23,2,-225,-19,5.03,3
7,feat_grid,198,16,2,-200,-82,5.63,3
7,feat_grid,198,15,1,-330,-114,6.1,3
7,feat_grid,198,8,2,-331,-209,6.6,3
7,feat_grid,198,9,2,-207,-216,7,3
7,feat_grid,198,3,1,-91,-313,7.73,3
7,feat_grid,198,5,1,112,-308,8.43,3
7,feat_grid,198,20,2,219,-89,9,3
7,feat_grid,198,19,1,116,-102,9.43,3
7,feat_grid,198,21,1,330,-119,10,3
7,feat_grid,198,7,1,328,-328,10.93,3
7,feat_grid,198,27,1,220,19,12.07,3
7,feat_grid,198,33,2,109,104,12.67,3
7,feat_grid,198,39,2,6,223,13.27,3
7,feat_grid,198,46,2,-4,326,13.82,3
7,feat_grid,198,47,2,110,311,14.2,3
7,feat_grid,198,49,1,335,325,14.82,3
7,feat_grid,199,17,2,-107,-106,1,4
7,feat_grid,199,23,2,-207,-3,1.43,4
7,feat_grid,199,31,1,-110,107,1.97,4
7,feat_grid,199,30,2,-240,110,2.57,4
7,feat_grid,199,36,1,-322,193,3.1,4
7,feat_grid,199,43,2,-321,323,3.67,4
7,feat_grid,199,38,2,-110,208,5.2,4
7,feat_grid,199,39,1,1,218,5.94,4
7,feat_grid,199,47,2,116,343,6.57,4
7,feat_grid,199,48,1,225,320,7.17,4
7,feat_grid,199,33,1,112,121,7.77,4
7,feat_grid,199,35,2,309,104,8.47,4
7,feat_grid,199,28,1,333,10,8.97,4
7,feat_grid,199,26,2,91,-8,9.6,4
7,feat_grid,199,19,1,85,-103,10.1,4
7,feat_grid,199,20,1,204,-114,10.53,4
7,feat_grid,199,7,2,331,-318,11.2,4
7,feat_grid,199,5,1,114,-303,11.8,4
7,feat_grid,199,4,1,24,-321,12.2,4
7,feat_grid,199,11,1,5,-216,12.92,4
7,feat_grid,199,3,2,-117,-313,13.41,4
7,feat_grid,199,9,1,-220,-226,13.93,4
7,feat_grid,199,1,2,-330,-331,14.73,4
7,feat_grid,199,15,2,-320,-102,15.43,4
7,feat_grid,200,26,2,116,-1,0.87,5
7,feat_grid,200,19,2,96,-100,1.23,5
7,feat_grid,200,13,1,214,-214,1.73,5
7,feat_grid,200,20,1,219,-102,2.2,5
7,feat_grid,200,27,1,230,-7,3,5
7,feat_grid,200,21,2,331,-112,3.5,5
7,feat_grid,200,7,2,322,-337,4.13,5
7,feat_grid,200,5,1,95,-315,4.73,5
7,feat_grid,200,11,2,-9,-235,5.37,5
7,feat_grid,200,3,1,-119,-315,5.93,5
7,feat_grid,200,16,1,-198,-99,6.5,5
7,feat_grid,200,15,2,-315,-117,6.97,5
7,feat_grid,200,17,2,-107,-109,7.53,5
7,feat_grid,200,24,2,-98,12,8.07,5
7,feat_grid,200,22,1,-330,-15,8.67,5
7,feat_grid,200,38,1,-108,224,9.5,5
7,feat_grid,200,44,1,-217,327,10.23,5
7,feat_grid,200,43,1,-333,344,10.73,5
7,feat_grid,200,46,2,-4,333,11.4,5
7,feat_grid,200,39,2,4,217,12,5
7,feat_grid,200,40,1,108,240,12.42,5
7,feat_grid,200,48,2,205,308,12.97,5
7,feat_grid,200,49,2,316,343,13.53,5
7,feat_grid,200,34,1,200,127,14.12,5
7,feat_rot,201,11,1,136,-167,1.13,1
7,feat_rot,201,18,1,88,-69,1.73,1
7,feat_rot,201,19,2,140,-3,2.23,1
7,feat_rot,201,25,1,13,2,2.6,1
7,feat_rot,201,17,2,-22,-141,3.1,1
7,feat_rot,201,10,2,70,-215,3.53,1
7,feat_rot,201,9,2,7,-310,4.57,1
7,feat_rot,201,2,1,83,-373,5.17,1
7,feat_rot,201,1,1,-12,-455,5.67,1
7,feat_rot,201,6,1,392,-87,6.57,1
7,feat_rot,201,7,2,458,-13,7.2,1
7,feat_rot,201,21,1,307,136,7.9,1
7,feat_rot,201,34,1,82,229,8.5,1
7,feat_rot,201,41,2,-6,300,9,1
7,feat_rot,201,48,2,-67,374,9.7,1
7,feat_rot,201,49,1,6,455,10.3,1
7,feat_rot,201,40,1,-81,233,10.77,1
7,feat_rot,201,33,2,-9,168,11.27,1
7,feat_rot,201,38,2,-233,78,11.9,1
7,feat_rot,201,45,2,-294,149,12.32,1
7,feat_rot,201,44,1,-376,85,12.7,1
7,feat_rot,201,43,1,-453,4,13.23,1
7,feat_rot,201,30,2,-235,-83,13.78,1
7,feat_rot,201,31,2,-170,-1,14.13,1
7,feat_rot,202,18,2,95,-71,1.07,2
7,feat_rot,202,25,2,3,-3,1.57,2
7,feat_rot,202,24,2,-79,-78,2.17,2
7,feat_rot,202,17,1,-6,-150,2.57,2
7,feat_rot,202,16,1,-84,-241,3.13,2
7,feat_rot,202,22,1,-219,-228,3.77,2
7,feat_rot,202,9,1,3,-303,4.77,2
7,feat_rot,202,4,1,235,-239,5.37,2
7,feat_rot,202,5,1,319,-156,6.23,2
7,feat_rot,202,13,1,305,4,6.87,2
7,feat_rot,202,7,2,455,-13,7.5,2
7,feat_rot,202,20,1,217,90,8.17,2
7,feat_rot,202,21,1,314,157,8.63,2
7,feat_rot,202,28,2,241,216,9.33,2
7,feat_rot,202,42,1,79,386,10.1,2
7,feat_rot,202,49,2,9,448,10.87,2
7,feat_rot,202,41,1,-4,311,11.37,2
7,feat_rot,202,40,2,-76,242,11.9,2
7,feat_rot,202,39,1,-151,166,12.5,2
7,feat_rot,202,46,2,-240,244,12.93,2
7,feat_rot,202,45,2,-307,170,13.77,2
7,feat_rot,202,37,2,-293,4,14.58,2
7,feat_rot,202,30,2,-234,-80,15.27,2
7,feat_rot,202,29,2,-311,-162,15.95,2
7,feat_rot,203,12,2,221,-91,1.07,3
7,feat_rot,203,5,1,312,-174,1.53,3
7,feat_rot,203,7,1,443,6,2.17,3
7,feat_rot,203,14,1,370,75,2.67,3
7,feat_rot,203,20,1,230,73,3.2,3
7,feat_rot,203,27,1,159,154,4.33,3
7,feat_rot,203,41,1,1,311,4.94,3
7,feat_rot,203,49,2,1,467,5.57,3
7,feat_rot,203,48,2,-82,374,6.14,3
7,feat_rot,203,47,2,-152,304,6.57,3
7,feat_rot,203,46,2,-241,237,7.04,3
7,feat_rot,203,38,1,-215,80,7.5,3
7,feat_rot,203,32,1,-70,75,8.1,3
7,feat_rot,203,33,2,-4,142,8.53,3
7,feat_rot,203,37,2,-315,19,9.23,3
7,feat_rot,203,36,2,-373,-83,9.73,3
7,feat_rot,203,29,1,-283,-150,10.3,3
7,feat_rot,203,22,1,-226,-209,10.7,3
7,feat_rot,203,23,2,-176,-160,11.17,3
7,feat_rot,203,24,2,-78,-72,11.85,3
7,feat_rot,203,16,1,-95,-247,12.78,3
7,feat_rot,203,9,2,11,-314,13.35,3
7,feat_rot,203,1,2,5,-459,13.98,3
7,feat_rot,203,3,1,157,-303,14.9,3
7,feat_rot,204,18,1,75,-82,0.73,4
7,feat_rot,204,25,2,5,-14,1.1,4
7,feat_rot,204,11,2,155,-157,1.6,4
7,feat_rot,204,10,1,67,-234,2.23,4
7,feat_rot,204,9,1,-20,-315,2.7,4
7,feat_rot,204,2,2,76,-382,3.17,4
7,feat_rot,204,6,2,384,-70,3.97,4
7,feat_rot,204,13,2,298,-4,4.43,4
7,feat_rot,204,14,1,382,53,5.43,4
7,feat_rot,204,7,2,464,-1,5.93,4
7,feat_rot,204,21,1,307,151,6.43,4
7,feat_rot,204,20,1,227,95,6.87,4
7,feat_rot,204,28,2,217,230,7.3,4
7,feat_rot,204,34,1,96,213,7.87,4
7,feat_rot,204,40,1,-74,226,8.4,4
7,feat_rot,204,48,2,-89,382,9,4
7,feat_rot,204,47,1,-153,318,9.67,4
7,feat_rot,204,39,2,-178,140,10.63,4
7,feat_rot,204,45,2,-313,140,11.57,4
7,feat_rot,204,37,1,-307,7,12.12,4
7,feat_rot,204,43,1,-464,9,12.68,4
7,feat_rot,204,36,2,-393,-85,13.13,4
7,feat_rot,204,31,2,-167,-6,13.68,4
7,feat_rot,204,23,1,-163,-145,14.25,4
7,feat_rot,205,18,1,79,-75,0.97,5
7,feat_rot,205,10,1,83,-222,1.5,5
7,feat_rot,205,9,1,10,-304,1.93,5
7,feat_rot,205,2,2,77,-365,2.43,5
7,feat_rot,205,1,1,6,-444,2.97,5
7,feat_rot,205,15,2,-156,-307,3.57,5
7,feat_rot,205,22,1,-243,-230,4,5
7,feat_rot,205,23,2,-149,-150,4.47,5
7,feat_rot,205,37,2,-285,22,5.37,5
7,feat_rot,205,44,2,-364,80,5.8,5
7,feat_rot,205,43,2,-453,-11,6.34,5
7,feat_rot,205,25,2,2,-18,7.17,5
7,feat_rot,205,33,2,-16,137,7.63,5
7,feat_rot,205,39,1,-154,148,8.2,5
7,feat_rot,205,41,1,-12,313,8.84,5
7,feat_rot,205,48,1,-58,399,9.44,5
7,feat_rot,205,35,1,142,303,10.1,5
7,feat_rot,205,28,2,232,234,10.57,5
7,feat_rot,205,27,1,150,164,11.1,5
7,feat_rot,205,26,2,93,81,11.67,5
7,feat_rot,205,20,2,236,69,12.13,5
7,feat_rot,205,12,1,232,-73,12.58,5
7,feat_rot,205,13,1,323,-12,13.02,5
7,feat_rot,205,14,2,404,58,13.62,5
7,feat_uni,206,4,1,104,-123,0.9,1
7,feat_uni,206,27,2,159,-110,1.24,1
7,feat_uni,206,45,2,170,-54,1.6,1
7,feat_uni,206,21,1,222,-76,1.97,1
7,feat_uni,206,12,2,278,-22,2.53,1
7,feat_uni,206,32,2,341,-51,2.94,1
7,feat_uni,206,23,2,306,-241,3.77,1
7,feat_uni,206,47,1,278,82,4.57,1
7,feat_uni,206,5,1,242,127,5.17,1
7,feat_uni,206,48,1,166,116,5.54,1
7,feat_uni,206,41,2,174,61,6.1,1
7,feat_uni,206,2,2,142,318,6.8,1
7,feat_uni,206,31,1,110,245,7.33,1
7,feat_uni,206,42,1,47,294,7.74,1
7,feat_uni,206,25,1,-61,330,8.27,1
7,feat_uni,206,6,2,-197,268,8.73,1
7,feat_uni,206,34,1,-241,305,9.13,1
7,feat_uni,206,39,1,-335,265,9.57,1
7,feat_uni,206,29,2,-144,138,10.73,1
7,feat_uni,206,46,1,34,37,11.4,1
7,feat_uni,206,20,1,-225,-83,12.23,1
7,feat_uni,206,17,2,-110,-135,12.82,1
7,feat_uni,206,8,2,-277,-229,13.42,1
7,feat_uni,206,13,2,-277,-286,13.87,1
7,feat_uni,207,34,2,27,-22,0.94,2
7,feat_uni,207,10,2,48,84,1.37,2
7,feat_uni,207,11,1,127,-87,2,2
7,feat_uni,207,39,2,277,6,2.6,2
7,feat_uni,207,9,2,329,-24,3,2
7,feat_uni,207,4,2,252,165,3.87,2
7,feat_uni,207,44,1,284,212,4.3,2
7,feat_uni,207,31,2,311,260,4.7,2
7,feat_uni,207,43,1,322,38,5.47,2
7,feat_uni,207,45,1,188,-298,6.17,2
7,feat_uni,207,19,1,115,-313,6.5,2
7,feat_uni,207,29,1,-21,-288,6.93,2
7,feat_uni,207,49,2,-69,-347,7.4,2
7,feat_uni,207,7,2,-272,-337,7.87,2
7,feat_uni,207,41,2,-350,-95,9.27,2
7,feat_uni,207,27,1,-357,6,9.93,2
7,feat_uni,207,30,1,-155,96,10.63,2
7,feat_uni,207,47,2,-130,45,11,2
7,feat_uni,207,28,1,-122,147,11.47,2
7,feat_uni,207,37,1,-98,249,12.13,2
7,feat_uni,207,8,2,-24,264,12.55,2
7,feat_uni,207,36,2,-180,300,13.12,2
7,feat_uni,207,32,1,-284,287,13.57,2
7,feat_uni,207,17,1,-333,237,13.97,2
7,feat_uni,208,24,1,122,-128,1.07,3
7,feat_uni,208,39,1,41,-120,1.54,3
7,feat_uni,208,9,1,105,-11,1.97,3
7,feat_uni,208,13,1,69,31,2.33,3
7,feat_uni,208,28,2,122,49,2.67,3
7,feat_uni,208,4,2,69,-55,3.2,3
7,feat_uni,208,40,1,-59,-178,3.84,3
7,feat_uni,208,38,1,-23,-297,4.34,3
7,feat_uni,208,18,2,94,-345,4.93,3
7,feat_uni,208,8,1,349,-298,5.67,3
7,feat_uni,208,6,2,-209,-367,6.43,3
7,feat_uni,208,20,2,-257,-326,6.77,3
7,feat_uni,208,14,2,-229,-201,7.43,3
7,feat_uni,208,32,2,-311,-129,7.8,3
7,feat_uni,208,15,1,277,160,9.17,3
7,feat_uni,208,25,2,324,0,9.7,3
7,feat_uni,208,42,1,113,140,10.33,3
7,feat_uni,208,17,1,56,245,11,3
7,feat_uni,208,27,1,279,322,11.65,3
7,feat_uni,208,30,1,-23,313,12.25,3
7,feat_uni,208,23,2,-173,271,12.75,3
7,feat_uni,208,1,2,-223,297,13.07,3
7,feat_uni,208,36,2,-191,345,13.42,3
7,feat_uni,208,22,2,-334,237,13.97,3
7,feat_uni,209,24,2,92,-93,1.17,4
7,feat_uni,209,12,1,78,-36,1.7,4
7,feat_uni,209,48,2,15,-4,2.6,4
7,feat_uni,209,26,1,-83,37,3.34,4
7,feat_uni,209,6,1,65,122,3.9,4
7,feat_uni,209,3,1,202,192,4.53,4
7,feat_uni,209,17,1,238,245,4.97,4
7,feat_uni,209,38,1,126,284,5.54,4
7,feat_uni,209,25,2,54,229,5.97,4
7,feat_uni,209,5,2,144,95,6.6,4
7,feat_uni,209,49,2,272,-148,7.34,4
7,feat_uni,209,15,1,313,-110,7.73,4
7,feat_uni,209,7,2,351,-184,8.4,4
7,feat_uni,209,16,1,136,-329,9.13,4
7,feat_uni,209,22,1,-46,-309,9.73,4
7,feat_uni,209,1,1,-80,-249,10.17,4
7,feat_uni,209,28,2,-102,-301,10.57,4
7,feat_uni,209,31,2,-162,-211,11.13,4
7,feat_uni,209,14,1,-216,-228,11.53,4
7,feat_uni,209,21,2,-89,-151,12.12,4
7,feat_uni,209,29,2,-224,-58,12.87,4
7,feat_uni,209,11,2,-255,196,13.73,4
7,feat_uni,209,10,2,-117,231,14.17,4
7,feat_uni,209,34,1,56,350,14.93,4
7,feat_uni,210,5,2,21,-2,0.87,5
7,feat_uni,210,6,2,-13,42,1.3,5
7,feat_uni,210,42,1,-66,13,1.67,5
7,feat_uni,210,27,1,129,57,2.67,5
7,feat_uni,210,31,1,-101,110,3.34,5
7,feat_uni,210,49,1,-308,24,3.9,5
7,feat_uni,210,4,2,-323,262,4.5,5
7,feat_uni,210,20,1,153,269,5.63,5
7,feat_uni,210,25,2,166,357,6.13,5
7,feat_uni,210,33,2,54,349,6.83,5
7,feat_uni,210,3,1,323,228,7.6,5
7,feat_uni,210,44,1,223,-35,8.4,5
7,feat_uni,210,36,1,338,-234,9,5
7,feat_uni,210,47,2,283,-248,9.44,5
7,feat_uni,210,14,2,91,-307,10.27,5
7,feat_uni,210,22,2,28,-259,10.67,5
7,feat_uni,210,39,2,22,-318,11.1,5
7,feat_uni,210,18,1,-48,-248,11.6,5
7,feat_uni,210,15,2,-105,-347,12.27,5
7,feat_uni,210,43,1,-163,-321,12.63,5
7,feat_uni,210,2,1,-148,-266,13.32,5
7,feat_uni,210,34,2,-256,-334,13.83,5
7,feat_uni,210,32,1,-305,-141,14.47,5
7,feat_uni,210,10,2,-160,-88,14.93,5
8,conj_grid,211,31,1,-107,108,1.3,1
8,conj_grid,211,47,1,105,328,2.44,1
8,conj_grid,211,46,1,-4,333,2.94,1
8,conj_grid,211,45,1,-107,326,3.47,1
8,conj_grid,211,48,1,212,333,4.57,1
8,conj_grid,211,44,2,-209,341,5.17,1
8,conj_grid,211,38,1,-92,216,5.84,1
8,conj_grid,211,39,1,-5,207,6.5,1
8,conj_grid,211,29,1,-326,103,7.14,1
8,conj_grid,211,20,1,216,-109,8.47,1
8,conj_grid,211,9,1,-220,-216,9.1,1
8,conj_grid,211,8,1,-309,-220,9.6,1
8,conj_grid,211,10,2,-120,-221,11,1
8,conj_grid,211,11,2,10,-217,11.53,1
8,conj_grid,211,25,2,5,-10,12.17,1
8,conj_grid,211,34,2,216,111,13.44,1
8,conj_grid,211,42,2,343,211,14.1,1
8,conj_grid,211,41,2,200,215,14.8,1
8,conj_grid,211,32,2,-12,104,15.4,1
8,conj_grid,211,13,2,212,-200,17,1
8,conj_grid,211,7,1,342,-321,18.97,1
8,conj_grid,211,26,2,106,-2,20.07,1
8,conj_grid,211,36,2,-335,210,21.55,1
8,conj_grid,211,15,2,-324,-97,22.13,1
8,conj_grid,212,20,1,212,-119,2.4,2
8,conj_grid,212,13,1,219,-219,2.87,2
8,conj_grid,212,7,1,324,-329,3.7,2
8,conj_grid,212,11,1,-22,-206,4.43,2
8,conj_grid,212,10,1,-111,-214,4.8,2
8,conj_grid,212,9,1,-227,-227,5.13,2
8,conj_grid,212,8,1,-321,-224,5.53,2
8,conj_grid,212,3,2,-112,-323,6.2,2
8,conj_grid,212,1,2,-323,-316,6.7,2
8,conj_grid,212,18,2,-0,-116,7.8,2
8,conj_grid,212,22,1,-330,-8,10.4,2
8,conj_grid,212,28,2,328,-2,11.6,2
8,conj_grid,212,26,2,117,14,12.6,2
8,conj_grid,212,31,2,-100,91,13.33,2
8,conj_grid,212,43,1,-347,320,14.53,2
8,conj_grid,212,45,1,-125,332,15.17,2
8,conj_grid,212,46,1,-9,332,15.57,2
8,conj_grid,212,41,1,229,212,16.4,2
8,conj_grid,212,35,2,333,108,17.58,2
8,conj_grid,212,42,2,318,206,17.93,2
8,conj_grid,212,40,2,104,215,18.53,2
8,conj_grid,212,29,2,-331,103,19.73,2
8,conj_grid,212,15,2,-314,-109,20.3,2
8,conj_grid,212,16,2,-200,-99,20.85,2
8,conj_grid,213,19,2,98,-107,0.84,3
8,conj_grid,213,20,2,210,-123,1.63,3
8,conj_grid,213,42,2,325,203,2.74,3
8,conj_grid,213,28,2,329,-1,3.54,3
8,conj_grid,213,49,2,307,319,4.27,3
8,conj_grid,213,47,2,125,330,4.87,3
8,conj_grid,213,36,2,-324,205,7.37,3
8,conj_grid,213,44,1,-226,335,7.97,3
8,conj_grid,213,48,1,211,326,8.64,3
8,conj_grid,213,41,1,223,221,9.1,3
8,conj_grid,213,40,1,105,201,9.63,3
8,conj_grid,213,39,2,-7,201,10.87,3
8,conj_grid,213,29,1,-320,114,11.97,3
8,conj_grid,213,24,2,-102,14,13.83,3
8,conj_grid,213,18,1,-12,-99,14.73,3
8,conj_grid,213,26,1,103,-16,15.17,3
8,conj_grid,213,15,2,-323,-107,16.3,3
8,conj_grid,213,12,2,106,-214,18.1,3
8,conj_grid,213,3,1,-118,-314,18.83,3
8,conj_grid,213,2,1,-212,-330,19.16,3
8,conj_grid,213,9,1,-209,-203,19.55,3
8,conj_grid,213,10,1,-116,-217,20,3
8,conj_grid,213,5,2,121,-318,21.15,3
8,conj_grid,213,7,1,334,-327,22.51,3
8,conj_grid,214,23,1,-210,10,1.5,4
8,conj_grid,214,30,1,-223,123,1.9,4
8,conj_grid,214,29,1,-329,106,2.27,4
8,conj_grid,214,43,1,-328,325,2.8,4
8,conj_grid,214,44,1,-213,327,3.27,4
8,conj_grid,214,39,1,-15,225,3.9,4
8,conj_grid,214,27,1,214,6,5.93,4
8,conj_grid,214,20,1,205,-102,6.47,4
8,conj_grid,214,17,1,-121,-97,7.13,4
8,conj_grid,214,4,1,-2,-333,8.63,4
8,conj_grid,214,7,2,330,-324,9.73,4
8,conj_grid,214,13,2,229,-211,10.47,4
8,conj_grid,214,21,2,330,-92,11.07,4
8,conj_grid,214,18,2,1,-96,12.73,4
8,conj_grid,214,26,2,88,0,13.8,4
8,conj_grid,214,25,2,-1,-3,14.3,4
8,conj_grid,214,36,2,-330,205,15.8,4
8,conj_grid,214,22,2,-335,17,16.43,4
8,conj_grid,214,15,2,-318,-100,16.9,4
8,conj_grid,214,8,2,-343,-209,17.53,4
8,conj_grid,214,9,2,-230,-215,17.93,4
8,conj_grid,214,1,2,-303,-317,18.55,4
8,conj_grid,214,45,1,-91,321,22.85,4
8,conj_grid,214,49,1,319,337,23.37,4
8,conj_grid,215,25,2,22,8,2.34,5
8,conj_grid,215,19,1,131,-96,3.1,5
8,conj_grid,215,38,1,-101,232,4.1,5
8,conj_grid,215,46,1,-11,309,4.57,5
8,conj_grid,215,47,1,101,325,5.07,5
8,conj_grid,215,41,1,206,234,6.4,5
8,conj_grid,215,34,2,225,108,7.6,5
8,conj_grid,215,35,2,339,106,8.77,5
8,conj_grid,215,28,2,333,-13,9.2,5
8,conj_grid,215,27,2,214,-10,9.73,5
8,conj_grid,215,14,2,328,-220,10.43,5
8,conj_grid,215,7,2,331,-340,11,5
8,conj_grid,215,6,2,220,-329,11.6,5
8,conj_grid,215,2,2,-211,-310,12.97,5
8,conj_grid,215,4,1,-15,-336,13.5,5
8,conj_grid,215,12,1,107,-213,14.13,5
8,conj_grid,215,13,1,219,-229,14.5,5
8,conj_grid,215,8,1,-313,-235,15.27,5
8,conj_grid,215,16,1,-228,-106,15.87,5
8,conj_grid,215,30,1,-218,107,16.33,5
8,conj_grid,215,43,1,-326,311,16.93,5
8,conj_grid,215,5,2,112,-342,18.61,5
8,conj_grid,215,37,2,-211,206,20.07,5
8,conj_grid,215,1,2,-315,-320,21.28,5
8,conj_rot,216,17,1,-9,-138,2.7,1
8,conj_rot,216,32,1,-76,79,3.3,1
8,conj_rot,216,30,1,-221,-73,3.9,1
8,conj_rot,216,38,1,-217,71,4.3,1
8,conj_rot,216,47,1,-151,295,4.87,1
8,conj_rot,216,48,1,-85,359,5.27,1
8,conj_rot,216,49,1,19,468,5.94,1
8,conj_rot,216,42,1,65,367,6.4,1
8,conj_rot,216,28,1,236,223,6.97,1
8,conj_rot,216,21,1,295,154,7.4,1
8,conj_rot,216,3,1,145,-304,8.97,1
8,conj_rot,216,22,1,-242,-213,10,1
8,conj_rot,216,23,2,-148,-159,10.4,1
8,conj_rot,216,31,2,-145,-3,11.57,1
8,conj_rot,216,24,2,-96,-96,11.97,1
8,conj_rot,216,25,2,-19,-18,12.53,1
8,conj_rot,216,33,2,1,160,13.17,1
8,conj_rot,216,4,2,223,-226,17,1
8,conj_rot,216,5,2,290,-141,17.53,1
8,conj_rot,216,7,2,449,3,18.1,1
8,conj_rot,216,12,2,243,-91,18.83,1
8,conj_rot,216,10,2,88,-225,20.35,1
8,conj_rot,216,16,2,-55,-231,20.93,1
8,conj_rot,216,15,2,-155,-314,22.41,1
8,conj_rot,217,25,1,-2,12,1.34,2
8,conj_rot,217,40,1,-74,216,2.4,2
8,conj_rot,217,34,1,71,233,2.9,2
8,conj_rot,217,28,1,230,220,3.47,2
8,conj_rot,217,13,1,305,1,4.03,2
8,conj_rot,217,17,1,-1,-144,4.63,2
8,conj_rot,217,38,1,-223,64,5.9,2
8,conj_rot,217,44,1,-397,71,6.84,2
8,conj_rot,217,43,1,-463,-16,7.24,2
8,conj_rot,217,29,1,-317,-146,7.73,2
8,conj_rot,217,2,1,79,-381,8.5,2
8,conj_rot,217,8,1,-72,-397,9.07,2
8,conj_rot,217,7,2,467,5,12.53,2
8,conj_rot,217,20,2,209,89,13.23,2
8,conj_rot,217,19,2,156,-9,13.87,2
8,conj_rot,217,11,2,166,-142,14.3,2
8,conj_rot,217,4,2,240,-237,14.8,2
8,conj_rot,217,3,2,162,-303,16.83,2
8,conj_rot,217,9,2,-5,-328,17.57,2
8,conj_rot,217,23,2,-160,-181,18.27,2
8,conj_rot,217,36,2,-371,-67,18.98,2
8,conj_rot,217,46,2,-231,235,19.87,2
8,conj_rot,217,39,2,-148,153,20.38,2
8,conj_rot,217,41,2,1,293,21.03,2
8,conj_rot,218,33,2,7,173,3.97,3
8,conj_rot,218,41,2,-4,281,4.37,3
8,conj_rot,218,48,2,-73,377,5.07,3
8,conj_rot,218,47,2,-156,309,5.57,3
8,conj_rot,218,46,2,-238,227,5.97,3
8,conj_rot,218,19,2,140,-4,7.13,3
8,conj_rot,218,21,2,305,169,7.77,3
8,conj_rot,218,28,1,217,212,8.2,3
8,conj_rot,218,27,1,159,143,8.53,3
8,conj_rot,218,34,1,83,249,9.1,3
8,conj_rot,218,40,1,-85,233,9.63,3
8,conj_rot,218,38,1,-226,74,11.57,3
8,conj_rot,218,36,2,-373,-87,12.77,3
8,conj_rot,218,43,2,-471,-17,13.4,3
8,conj_rot,218,30,1,-229,-92,14,3
8,conj_rot,218,23,1,-140,-153,14.57,3
8,conj_rot,218,22,2,-208,-223,15.03,3
8,conj_rot,218,15,2,-145,-292,15.5,3
8,conj_rot,218,10,2,64,-227,17.8,3
8,conj_rot,218,14,1,391,40,19.65,3
8,conj_rot,218,7,1,444,16,20.13,3
8,conj_rot,218,11,1,163,-155,22.83,3
8,conj_rot,218,4,1,228,-233,23.16,3
8,conj_rot,218,3,1,136,-316,24.45,3
8,conj_rot,219,32,1,-72,79,1.77,4
8,conj_rot,219,39,1,-142,149,2.27,4
8,conj_rot,219,33,1,9,152,2.7,4
8,conj_rot,219,42,1,78,376,3.54,4
8,conj_rot,219,34,1,74,249,4.04,4
8,conj_rot,219,13,1,298,-1,4.7,4
8,conj_rot,219,10,1,66,-219,5.63,4
8,conj_rot,219,24,1,-63,-66,6.33,4
8,conj_rot,219,31,1,-152,-14,6.9,4
8,conj_rot,219,44,1,-380,66,7.57,4
8,conj_rot,219,43,1,-447,-10,7.94,4
8,conj_rot,219,5,1,302,-143,8.87,4
8,conj_rot,219,6,2,384,-57,9.4,4
8,conj_rot,219,21,2,307,172,10.07,4
8,conj_rot,219,28,2,233,235,10.63,4
8,conj_rot,219,35,2,137,310,11.17,4
8,conj_rot,219,47,2,-181,298,11.97,4
8,conj_rot,219,25,2,19,-1,12.73,4
8,conj_rot,219,36,2,-385,-77,13.32,4
8,conj_rot,219,23,2,-150,-166,14.08,4
8,conj_rot,219,11,2,151,-159,14.9,4
8,conj_rot,219,8,2,-73,-386,15.7,4
8,conj_rot,219,1,2,-8,-468,16.27,4
8,conj_rot,219,46,2,-237,226,19.78,4
8,conj_rot,220,33,1,5,141,3.59,5
8,conj_rot,220,27,1,163,144,4.05,5
8,conj_rot,220,21,1,296,165,4.65,5
8,conj_rot,220,41,1,10,317,5.42,5
8,conj_rot,220,46,1,-224,245,6.18,5
8,conj_rot,220,44,1,-366,76,9.09,5
8,conj_rot,220,29,1,-294,-133,9.98,5
8,conj_rot,220,15,1,-162,-304,10.55,5
8,conj_rot,220,9,1,1,-308,11.08,5
8,conj_rot,220,2,1,81,-381,11.52,5
8,conj_rot,220,6,1,383,-78,12.35,5
8,conj_rot,220,13,1,309,-20,12.75,5
8,conj_rot,220,7,2,462,-5,13.15,5
8,conj_rot,220,35,2,162,319,14.68,5
8,conj_rot,220,28,2,213,228,15.22,5
8,conj_rot,220,20,2,232,65,15.85,5
8,conj_rot,220,49,2,-15,460,16.82,5
8,conj_rot,220,43,2,-444,10,17.98,5
8,conj_rot,220,26,2,45,70,18.82,5
8,conj_rot,220,25,2,-8,-4,19.22,5
8,conj_rot,220,18,2,69,-89,20.01,5
8,conj_rot,220,10,2,81,-222,20.78,5
8,conj_rot,220,16,2,-84,-229,21.38,5
8,conj_rot,220,4,2,230,-234,23.01,5
8,conj_uni,221,13,1,11,-49,1.03,1
8,conj_uni,221,19,1,88,-108,1.73,1
8,conj_uni,221,10,1,57,-163,2.2,1
8,conj_uni,221,12,1,-8,-166,2.6,1
8,conj_uni,221,37,1,117,82,3.44,1
8,conj_uni,221,15,1,93,278,3.93,1
8,conj_uni,221,36,1,337,151,4.47,1
8,conj_uni,221,11,1,289,-122,5.37,1
8,conj_uni,221,1,1,128,-336,7.37,1
8,conj_uni,221,24,1,-223,-282,8.03,1
8,conj_uni,221,3,1,-82,228,9.07,1
8,conj_uni,221,14,1,-108,296,9.63,1
8,conj_uni,221,9,2,-75,131,10.23,1
8,conj_uni,221,40,2,-276,209,11.53,1
8,conj_uni,221,46,2,-296,26,12.07,1
8,conj_uni,221,31,2,-317,-79,12.6,1
8,conj_uni,221,18,2,-308,-257,13.13,1
8,conj_uni,221,49,2,100,-241,13.9,1
8,conj_uni,221,23,2,-32,-220,14.45,1
8,conj_uni,221,45,2,-43,-32,15.15,1
8,conj_uni,221,42,2,-34,23,15.57,1
8,conj_uni,221,26,2,46,94,16.65,1
8,conj_uni,221,29,2,210,113,17.28,1
8,conj_uni,221,47,2,-30,-91,19.07,1
8,conj_uni,222,43,1,5,-20,1.6,2
8,conj_uni,222,32,1,132,146,2.7,2
8,conj_uni,222,42,1,40,185,3.84,2
8,conj_uni,222,22,1,-163,274,4.73,2
8,conj_uni,222,2,1,-355,338,5.4,2
8,conj_uni,222,5,1,-348,283,5.77,2
8,conj_uni,222,28,1,-339,170,6.4,2
8,conj_uni,222,25,1,-156,-212,7.33,2
8,conj_uni,222,1,1,-153,-275,7.7,2
8,conj_uni,222,37,1,-221,-301,8.4,2
8,conj_uni,222,39,1,285,-65,9.33,2
8,conj_uni,222,6,1,331,-211,9.93,2
8,conj_uni,222,27,2,52,9,10.83,2
8,conj_uni,222,19,2,-20,30,11.4,2
8,conj_uni,222,44,2,158,96,11.87,2
8,conj_uni,222,4,2,302,163,12.5,2
8,conj_uni,222,10,2,348,195,12.83,2
8,conj_uni,222,35,2,317,280,14.33,2
8,conj_uni,222,29,2,-56,218,15.3,2
8,conj_uni,222,45,2,-89,98,15.9,2
8,conj_uni,222,21,2,-164,22,16.4,2
8,conj_uni,222,17,2,-330,-290,17.42,2
8,conj_uni,222,23,2,297,-1,25.16,2
8,conj_uni,222,48,2,-58,-301,26.85,2
8,conj_uni,223,46,2,-4,-32,1,3
8,conj_uni,223,42,2,133,222,2.14,3
8,conj_uni,223,4,2,24,101,2.83,3
8,conj_uni,223,33,2,-23,318,3.5,3
8,conj_uni,223,14,1,-260,369,4.57,3
8,conj_uni,223,31,1,-269,237,5.33,3
8,conj_uni,223,11,2,-289,52,6.1,3
8,conj_uni,223,25,2,-236,37,6.5,3
8,conj_uni,223,45,2,-335,-21,6.94,3
8,conj_uni,223,12,1,-307,-69,9.03,3
8,conj_uni,223,20,1,-185,-193,9.57,3
8,conj_uni,223,35,2,-121,-87,10.43,3
8,conj_uni,223,38,1,-131,-32,11,3
8,conj_uni,223,49,1,-59,-17,11.4,3
8,conj_uni,223,44,2,32,-296,12.47,3
8,conj_uni,223,22,1,69,-254,13.1,3
8,conj_uni,223,36,1,97,-115,13.7,3
8,conj_uni,223,1,2,270,-35,15.2,3
8,conj_uni,223,15,2,348,51,16.27,3
8,conj_uni,223,23,2,322,-55,16.8,3
8,conj_uni,223,21,1,224,33,17.87,3
8,conj_uni,223,40,1,267,70,18.3,3
8,conj_uni,223,30,1,311,154,18.87,3
8,conj_uni,223,43,1,101,176,19.5,3
8,conj_uni,224,10,1,-140,355,3,4
8,conj_uni,224,21,1,284,312,3.93,4
8,conj_uni,224,44,1,-160,116,4.67,4
8,conj_uni,224,49,1,-300,-75,5.3,4
8,conj_uni,224,12,1,-329,-27,5.8,4
8,conj_uni,224,25,1,-351,-321,6.43,4
8,conj_uni,224,27,1,-13,-312,6.97,4
8,conj_uni,224,1,1,-110,-108,7.53,4
8,conj_uni,224,22,1,244,-134,8.33,4
8,conj_uni,224,16,1,279,-195,8.67,4
8,conj_uni,224,23,1,232,-48,9.13,4
8,conj_uni,224,31,1,165,-51,9.8,4
8,conj_uni,224,36,2,63,-193,11.33,4
8,conj_uni,224,40,2,177,39,12.5,4
8,conj_uni,224,26,2,164,127,12.87,4
8,conj_uni,224,34,2,93,130,13.37,4
8,conj_uni,224,17,2,347,247,13.93,4
8,conj_uni,224,9,2,339,303,14.23,4
8,conj_uni,224,47,2,268,242,14.77,4
8,conj_uni,224,45,2,-319,296,16.77,4
8,conj_uni,224,6,2,-70,290,17.28,4
8,conj_uni,224,48,2,-197,73,18.2,4
8,conj_uni,224,42,2,-275,-14,18.82,4
8,conj_uni,224,41,2,286,-66,19.45,4
8,conj_uni,225,6,1,227,-27,1.2,5
8,conj_uni,225,21,1,231,146,1.9,5
8,conj_uni,225,23,1,258,237,2.37,5
8,conj_uni,225,36,1,-341,270,3.1,5
8,conj_uni,225,16,1,-342,325,3.43,5
8,conj_uni,225,30,1,-252,-204,4.5,5
8,conj_uni,225,2,1,-269,-148,4.87,5
8,conj_uni,225,40,1,-139,-176,5.4,5
8,conj_uni,225,37,1,130,52,6.4,5
8,conj_uni,225,46,1,77,237,7.1,5
8,conj_uni,225,1,1,313,-99,8.1,5
8,conj_uni,225,15,1,241,-258,9.1,5
8,conj_uni,225,33,2,-70,-187,11.43,5
8,conj_uni,225,14,2,73,-2,12.07,5
8,conj_uni,225,32,2,118,-38,12.6,5
8,conj_uni,225,28,2,194,-72,13.4,5
8,conj_uni,225,19,2,172,-124,13.77,5
8,conj_uni,225,39,2,-39,12,14.33,5
8,conj_uni,225,20,2,85,112,14.83,5
8,conj_uni,225,48,2,313,295,16.07,5
8,conj_uni,225,26,2,320,219,16.48,5
8,conj_uni,225,3,2,-89,264,17.61,5
8,conj_uni,225,22,2,-276,278,18.33,5
8,conj_uni,225,41,2,-337,-41,19.05,5
8,feat_grid,226,24,1,-104,-1,0.8,1
8,feat_grid,226,31,2,-105,110,1.1,1
8,feat_grid,226,38,1,-117,218,1.7,1
8,feat_grid,226,46,1,4,336,2.1,1
8,feat_grid,226,48,1,214,323,2.84,1
8,feat_grid,226,41,1,211,219,3.2,1
8,feat_grid,226,40,1,92,213,3.67,1
8,feat_grid,226,26,2,104,3,4.33,1
8,feat_grid,226,27,2,201,6,4.93,1
8,feat_grid,226,28,2,322,-4,5.63,1
8,feat_grid,226,49,2,331,320,6.47,1
8,feat_grid,226,37,2,-216,213,7.13,1
8,feat_grid,226,29,2,-318,120,7.53,1
8,feat_grid,226,23,2,-207,3,8.57,1
8,feat_grid,226,16,2,-209,-102,8.93,1
8,feat_grid,226,15,1,-339,-101,9.47,1
8,feat_grid,226,22,1,-327,7,9.83,1
8,feat_grid,226,8,2,-333,-222,10.37,1
8,feat_grid,226,10,2,-112,-202,10.93,1
8,feat_grid,226,4,1,-11,-334,11.58,1
8,feat_grid,226,13,1,209,-221,12.62,1
8,feat_grid,226,14,1,328,-202,13.05,1
8,feat_grid,226,7,2,309,-330,13.47,1
8,feat_grid,226,5,1,104,-323,13.93,1
8,feat_grid,227,45,1,-103,331,0.94,2
8,feat_grid,227,46,2,-18,328,1.6,2
8,feat_grid,227,39,1,11,202,2.44,2
8,feat_grid,227,33,2,113,127,3.74,2
8,feat_grid,227,42,2,325,211,4.3,2
8,feat_grid,227,37,1,-214,208,5.04,2
8,feat_grid,227,32,1,-13,97,5.57,2
8,feat_grid,227,27,2,217,20,6.33,2
8,feat_grid,227,20,1,239,-107,6.77,2
8,feat_grid,227,14,1,324,-182,7.17,2
8,feat_grid,227,13,2,203,-212,7.63,2
8,feat_grid,227,7,2,321,-314,8.3,2
8,feat_grid,227,6,2,217,-329,8.63,2
8,feat_grid,227,5,2,112,-309,9.17,2
8,feat_grid,227,12,2,113,-210,9.87,2
8,feat_grid,227,18,2,-17,-116,10.3,2
8,feat_grid,227,4,2,-5,-325,11.23,2
8,feat_grid,227,11,1,-2,-214,11.87,2
8,feat_grid,227,3,1,-107,-338,12.43,2
8,feat_grid,227,2,1,-219,-319,12.85,2
8,feat_grid,227,1,1,-325,-335,13.2,2
8,feat_grid,227,8,1,-322,-226,13.82,2
8,feat_grid,227,16,1,-207,-98,14.25,2
8,feat_grid,227,23,2,-230,-1,14.62,2
8,feat_grid,228,24,1,-106,19,0.93,3
8,feat_grid,228,45,1,-111,320,1.97,3
8,feat_grid,228,44,1,-204,306,2.4,3
8,feat_grid,228,47,2,100,332,3.54,3
8,feat_grid,228,43,2,-347,335,4.2,3
8,feat_grid,228,38,1,-100,206,4.64,3
8,feat_grid,228,40,2,112,224,5.5,3
8,feat_grid,228,32,2,-8,114,5.93,3
8,feat_grid,228,25,2,-12,6,6.37,3
8,feat_grid,228,26,2,120,-2,6.9,3
8,feat_grid,228,19,2,121,-109,7.43,3
8,feat_grid,228,28,1,311,5,8.23,3
8,feat_grid,228,22,1,-316,-3,9.2,3
8,feat_grid,228,29,2,-318,96,9.6,3
8,feat_grid,228,16,2,-202,-86,10.13,3
8,feat_grid,228,9,2,-210,-204,10.57,3
8,feat_grid,228,10,1,-107,-211,11.1,3
8,feat_grid,228,2,1,-210,-316,11.93,3
8,feat_grid,228,11,1,6,-219,12.57,3
8,feat_grid,228,18,1,-2,-120,13,3
8,feat_grid,228,13,1,215,-223,13.82,3
8,feat_grid,228,7,1,308,-312,14.38,3
8,feat_grid,228,5,2,124,-313,14.98,3
8,feat_grid,228,4,2,-10,-317,15.71,3
8,feat_grid,229,26,1,114,11,0.97,4
8,feat_grid,229,27,2,229,5,1.34,4
8,feat_grid,229,35,2,317,98,1.8,4
8,feat_grid,229,28,1,329,21,2.14,4
8,feat_grid,229,21,1,321,-111,2.47,4
8,feat_grid,229,20,1,216,-114,3.03,4
8,feat_grid,229,7,2,326,-316,3.63,4
8,feat_grid,229,14,2,322,-208,4.07,4
8,feat_grid,229,6,1,210,-328,4.43,4
8,feat_grid,229,12,2,105,-208,5.07,4
8,feat_grid,229,18,2,11,-114,5.63,4
8,feat_grid,229,25,2,-17,-19,5.97,4
8,feat_grid,229,24,2,-96,17,6.4,4
8,feat_grid,229,9,1,-213,-226,6.97,4
8,feat_grid,229,30,1,-242,116,7.37,4
8,feat_grid,229,29,1,-335,100,8.17,4
8,feat_grid,229,22,2,-322,14,8.53,4
8,feat_grid,229,45,1,-91,332,9.57,4
8,feat_grid,229,46,1,0,324,9.97,4
8,feat_grid,229,41,1,217,212,11.14,4
8,feat_grid,229,47,2,107,314,11.68,4
8,feat_grid,229,38,2,-101,222,12.38,4
8,feat_grid,229,44,1,-207,325,12.92,4
8,feat_grid,229,3,2,-111,-315,14.32,4
8,feat_grid,230,25,2,-9,7,0.8,5
8,feat_grid,230,26,2,140,4,1.3,5
8,feat_grid,230,33,1,110,122,1.84,5
8,feat_grid,230,40,2,106,205,2.27,5
8,feat_grid,230,39,2,15,215,2.67,5
8,feat_grid,230,47,1,104,325,3.14,5
8,feat_grid,230,36,1,-309,221,3.74,5
8,feat_grid,230,38,1,-117,225,4.74,5
8,feat_grid,230,37,2,-209,206,5.27,5
8,feat_grid,230,29,2,-301,99,5.73,5
8,feat_grid,230,22,1,-339,10,6.07,5
8,feat_grid,230,23,1,-211,-4,6.7,5
8,feat_grid,230,42,1,318,208,7.54,5
8,feat_grid,230,35,1,312,97,7.87,5
8,feat_grid,230,21,2,317,-100,8.47,5
8,feat_grid,230,7,1,327,-329,9.37,5
8,feat_grid,230,18,2,-0,-105,10,5
8,feat_grid,230,17,2,-95,-109,10.53,5
8,feat_grid,230,10,2,-103,-209,11.07,5
8,feat_grid,230,16,2,-207,-114,11.57,5
8,feat_grid,230,8,2,-321,-206,12.22,5
8,feat_grid,230,1,1,-319,-324,12.75,5
8,feat_grid,230,2,1,-218,-322,12.98,5
8,feat_grid,230,3,1,-114,-315,13.28,5
8,feat_rot,231,26,1,76,91,0.8,1
8,feat_rot,231,27,1,145,148,1.24,1
8,feat_rot,231,34,2,81,227,1.67,1
8,feat_rot,231,35,2,137,314,2.07,1
8,feat_rot,231,40,2,-78,251,2.64,1
8,feat_rot,231,28,1,227,233,3.4,1
8,feat_rot,231,21,1,305,149,4,1
8,feat_rot,231,11,1,150,-150,4.73,1
8,feat_rot,231,4,1,226,-235,5.2,1
8,feat_rot,231,12,2,236,-65,5.77,1
8,feat_rot,231,6,2,384,-88,6.37,1
8,feat_rot,231,18,2,82,-75,7.07,1
8,feat_rot,231,17,1,1,-151,7.5,1
8,feat_rot,231,24,1,-64,-79,7.87,1
8,feat_rot,231,38,1,-229,69,8.57,1
8,feat_rot,231,37,1,-305,1,8.93,1
8,feat_rot,231,36,1,-394,-65,9.7,1
8,feat_rot,231,44,2,-385,61,10.07,1
8,feat_rot,231,43,2,-443,1,10.39,1
8,feat_rot,231,22,2,-220,-238,10.87,1
8,feat_rot,231,9,2,-1,-307,11.73,1
8,feat_rot,231,1,2,-0,-430,12.42,1
8,feat_rot,231,8,1,-67,-383,12.87,1
8,feat_rot,231,3,2,161,-300,13.47,1
8,feat_rot,232,23,1,-150,-146,1.14,2
8,feat_rot,232,30,1,-241,-71,1.7,2
8,feat_rot,232,38,1,-229,77,2.14,2
8,feat_rot,232,44,2,-377,67,3.07,2
8,feat_rot,232,29,2,-303,-135,3.57,2
8,feat_rot,232,25,1,1,7,4.3,2
8,feat_rot,232,32,2,-72,71,4.73,2
8,feat_rot,232,19,1,152,2,5.3,2
8,feat_rot,232,24,1,-77,-83,5.8,2
8,feat_rot,232,16,2,-77,-225,6.23,2
8,feat_rot,232,17,2,-22,-139,6.6,2
8,feat_rot,232,3,2,160,-302,7.3,2
8,feat_rot,232,10,1,65,-223,7.8,2
8,feat_rot,232,9,1,15,-307,8.13,2
8,feat_rot,232,2,1,66,-376,8.5,2
8,feat_rot,232,4,1,252,-223,9.13,2
8,feat_rot,232,5,2,321,-181,9.47,2
8,feat_rot,232,6,2,390,-78,9.9,2
8,feat_rot,232,21,2,313,158,10.8,2
8,feat_rot,232,28,1,234,230,11.3,2
8,feat_rot,232,35,2,155,312,11.8,2
8,feat_rot,232,41,2,21,307,12.32,2
8,feat_rot,232,49,1,-3,477,13.43,2
8,feat_rot,232,48,2,-66,379,13.9,2
8,feat_rot,233,25,1,11,-6,0.7,3
8,feat_rot,233,33,1,9,162,1.17,3
8,feat_rot,233,40,2,-63,221,1.7,3
8,feat_rot,233,49,1,-1,460,3.64,3
8,feat_rot,233,42,2,65,376,4.14,3
8,feat_rot,233,41,1,-14,295,4.44,3
8,feat_rot,233,48,2,-91,364,4.8,3
8,feat_rot,233,47,1,-174,285,5.17,3
8,feat_rot,233,46,1,-234,216,5.57,3
8,feat_rot,233,39,1,-139,138,5.94,3
8,feat_rot,233,34,1,103,237,6.4,3
8,feat_rot,233,7,1,449,-7,7.37,3
8,feat_rot,233,14,2,386,72,7.9,3
8,feat_rot,233,6,2,378,-79,8.4,3
8,feat_rot,233,12,2,228,-86,8.97,3
8,feat_rot,233,4,2,238,-227,9.4,3
8,feat_rot,233,3,2,161,-302,9.8,3
8,feat_rot,233,16,1,-78,-228,10.63,3
8,feat_rot,233,10,2,71,-234,11.03,3
8,feat_rot,233,15,2,-178,-298,11.53,3
8,feat_rot,233,30,1,-227,-81,12.25,3
8,feat_rot,233,36,1,-376,-62,12.8,3
8,feat_rot,233,31,2,-155,-10,13.77,3
8,feat_rot,233,29,2,-299,-149,14.28,3
8,feat_rot,234,49,1,-2,472,1.54,4
8,feat_rot,234,48,2,-70,391,2.07,4
8,feat_rot,234,35,2,149,300,2.7,4
8,feat_rot,234,40,2,-84,225,3.27,4
8,feat_rot,234,19,1,150,18,4,4
8,feat_rot,234,26,2,73,85,4.6,4
8,feat_rot,234,21,2,310,163,5.47,4
8,feat_rot,234,32,1,-78,59,6.44,4
8,feat_rot,234,45,2,-311,143,7.02,4
8,feat_rot,234,44,2,-376,62,7.45,4
8,feat_rot,234,43,2,-468,8,7.85,4
8,feat_rot,234,37,1,-315,10,8.69,4
8,feat_rot,234,36,2,-372,-61,9.32,4
8,feat_rot,234,24,2,-72,-81,9.88,4
8,feat_rot,234,23,1,-167,-172,10.28,4
8,feat_rot,234,17,1,4,-152,11.35,4
8,feat_rot,234,16,1,-82,-236,11.78,4
8,feat_rot,234,8,2,-74,-405,12.42,4
8,feat_rot,234,10,2,72,-234,13.05,4
8,feat_rot,234,11,1,154,-152,13.53,4
8,feat_rot,234,13,1,307,-2,14.17,4
8,feat_rot,234,5,1,317,-149,15.22,4
8,feat_rot,234,2,1,64,-378,15.9,4
8,feat_rot,234,1,1,18,-454,16.03,4
8,feat_rot,235,19,1,157,-7,1.03,5
8,feat_rot,235,14,1,378,68,2.1,5
8,feat_rot,235,7,1,449,8,2.4,5
8,feat_rot,235,13,2,317,-3,2.73,5
8,feat_rot,235,12,2,225,-63,3.13,5
8,feat_rot,235,5,1,308,-152,3.57,5
8,feat_rot,235,9,1,-17,-326,5.47,5
8,feat_rot,235,8,1,-85,-380,5.83,5
8,feat_rot,235,10,2,77,-204,6.7,5
8,feat_rot,235,4,2,237,-236,7.1,5
8,feat_rot,235,2,2,58,-391,7.73,5
8,feat_rot,235,35,1,159,321,10.73,5
8,feat_rot,235,34,1,93,223,11.2,5
8,feat_rot,235,41,1,4,301,11.83,5
8,feat_rot,235,48,2,-62,411,12.37,5
8,feat_rot,235,40,2,-64,237,12.97,5
8,feat_rot,235,47,1,-165,295,14.2,5
8,feat_rot,235,46,1,-244,222,14.67,5
8,feat_rot,235,45,1,-308,159,15.07,5
8,feat_rot,235,33,2,-5,146,15.53,5
8,feat_rot,235,32,2,-66,67,16.3,5
8,feat_rot,235,31,2,-154,-3,16.77,5
8,feat_rot,235,24,2,-84,-65,17.25,5
8,feat_rot,235,22,2,-229,-223,17.8,5
8,feat_uni,236,42,1,-31,77,0.9,1
8,feat_uni,236,22,1,-13,25,1.17,1
8,feat_uni,236,18,2,-106,115,1.67,1
8,feat_uni,236,41,2,-143,73,2,1
8,feat_uni,236,6,1,127,220,3.13,1
8,feat_uni,236,21,1,284,289,3.53,1
8,feat_uni,236,33,1,88,180,4.1,1
8,feat_uni,236,34,2,146,135,4.47,1
8,feat_uni,236,23,2,262,169,4.97,1
8,feat_uni,236,26,2,-294,347,5.67,1
8,feat_uni,236,44,2,-216,35,6.34,1
8,feat_uni,236,13,2,-256,-24,7.3,1
8,feat_uni,236,30,2,-257,-91,7.7,1
8,feat_uni,236,46,1,-135,-129,8.17,1
8,feat_uni,236,45,1,-247,-165,8.6,1
8,feat_uni,236,28,2,-140,-186,8.93,1
8,feat_uni,236,7,2,-70,-214,9.27,1
8,feat_uni,236,49,1,204,-144,9.87,1
8,feat_uni,236,14,1,227,-87,10.23,1
8,feat_uni,236,43,2,250,-35,10.57,1
8,feat_uni,236,2,1,245,27,10.83,1
8,feat_uni,236,19,2,323,-5,11.15,1
8,feat_uni,236,25,1,336,71,11.47,1
8,feat_uni,236,29,1,268,-222,12.07,1
8,feat_uni,237,45,2,-148,-25,1.54,2
8,feat_uni,237,1,1,-27,7,1.9,2
8,feat_uni,237,13,1,28,90,2.27,2
8,feat_uni,237,27,1,83,82,2.63,2
8,feat_uni,237,48,1,226,135,3.17,2
8,feat_uni,237,8,1,-105,148,3.77,2
8,feat_uni,237,43,2,-109,279,4.27,2
8,feat_uni,237,24,2,101,290,4.97,2
8,feat_uni,237,4,2,123,358,5.57,2
8,feat_uni,237,21,2,261,349,6.4,2
8,feat_uni,237,49,1,281,296,6.84,2
8,feat_uni,237,46,1,322,194,7.3,2
8,feat_uni,237,15,2,-218,-7,8.43,2
8,feat_uni,237,36,1,-120,-74,9.07,2
8,feat_uni,237,29,1,-278,-184,9.5,2
8,feat_uni,237,6,2,-304,-62,10,2
8,feat_uni,237,47,2,12,-143,10.53,2
8,feat_uni,237,10,1,191,-264,11.8,2
8,feat_uni,237,34,1,247,-275,11.97,2
8,feat_uni,237,17,2,259,-55,12.92,2
8,feat_uni,237,42,2,317,-54,13.3,2
8,feat_uni,237,16,1,362,-88,13.9,2
8,feat_uni,237,26,2,89,-315,14.6,2
8,feat_uni,237,22,2,-204,-343,15.2,2
8,feat_uni,238,10,1,-26,-122,0.7,3
8,feat_uni,238,1,1,-124,-59,1.03,3
8,feat_uni,238,14,1,228,8,1.87,3
8,feat_uni,238,39,2,232,64,2.17,3
8,feat_uni,238,15,2,194,106,2.47,3
8,feat_uni,238,37,1,327,-80,3.3,3
8,feat_uni,238,18,2,-177,-234,4.53,3
8,feat_uni,238,2,1,-305,-218,5.1,3
8,feat_uni,238,47,1,-375,-290,5.5,3
8,feat_uni,238,31,1,-334,-154,6.1,3
8,feat_uni,238,21,1,-310,-75,6.47,3
8,feat_uni,238,20,2,-302,4,7.13,3
8,feat_uni,238,40,2,-136,11,8.3,3
8,feat_uni,238,38,2,-25,68,8.7,3
8,feat_uni,238,6,1,-36,182,9.3,3
8,feat_uni,238,41,1,-76,243,9.8,3
8,feat_uni,238,19,2,-309,130,10.33,3
8,feat_uni,238,11,1,-304,205,10.67,3
8,feat_uni,238,29,1,-303,320,11.1,3
8,feat_uni,238,4,2,-256,352,11.65,3
8,feat_uni,238,3,2,-315,259,12.17,3
8,feat_uni,238,24,2,-244,207,12.48,3
8,feat_uni,238,30,2,145,329,13.23,3
8,feat_uni,238,42,2,80,207,13.75,3
8,feat_uni,239,22,1,125,23,0.7,4
8,feat_uni,239,34,1,36,31,1.07,4
8,feat_uni,239,31,2,79,122,1.54,4
8,feat_uni,239,1,2,-9,133,1.87,4
8,feat_uni,239,10,2,-64,153,2.23,4
8,feat_uni,239,19,1,-59,209,2.6,4
8,feat_uni,239,24,1,-13,242,2.9,4
8,feat_uni,239,41,1,290,134,3.6,4
8,feat_uni,239,47,1,144,-219,4.6,4
8,feat_uni,239,6,1,-86,21,5.23,4
8,feat_uni,239,46,1,-153,-179,5.74,4
8,feat_uni,239,13,1,-71,-239,6.63,4
8,feat_uni,239,37,1,-244,-10,7.4,4
8,feat_uni,239,44,1,-271,106,7.77,4
8,feat_uni,239,7,1,-339,151,8.73,4
8,feat_uni,239,3,2,-242,326,9.57,4
8,feat_uni,239,43,2,-357,348,10.03,4
8,feat_uni,239,27,2,-214,101,10.6,4
8,feat_uni,239,18,2,-322,-108,11.17,4
8,feat_uni,239,30,2,-252,-182,11.53,4
8,feat_uni,239,5,2,-74,-110,12.03,4
8,feat_uni,239,8,2,-180,-300,12.75,4
8,feat_uni,239,14,2,152,-334,13.22,4
8,feat_uni,239,45,2,337,-7,13.78,4
8,feat_uni,240,18,1,26,-104,0.63,5
8,feat_uni,240,45,1,-43,-120,1.07,5
8,feat_uni,240,49,2,-98,-107,1.44,5
8,feat_uni,240,12,2,161,-42,2.07,5
8,feat_uni,240,26,2,277,6,2.8,5
8,feat_uni,240,4,2,276,89,3.27,5
8,feat_uni,240,7,1,-111,123,4,5
8,feat_uni,240,22,2,-49,202,4.37,5
8,feat_uni,240,35,2,-106,246,4.74,5
8,feat_uni,240,48,1,-31,346,5.14,5
8,feat_uni,240,47,1,69,316,5.67,5
8,feat_uni,240,42,2,-341,275,6.4,5
8,feat_uni,240,15,2,-288,168,6.87,5
8,feat_uni,240,27,1,-349,-87,7.4,5
8,feat_uni,240,3,2,-274,-123,7.77,5
8,feat_uni,240,13,2,-366,-274,8.47,5
8,feat_uni,240,32,1,-333,-319,8.87,5
8,feat_uni,240,40,1,-273,-247,9.2,5
8,feat_uni,240,8,1,-91,-259,9.62,5
8,feat_uni,240,24,1,22,-294,10.57,5
8,feat_uni,240,21,2,22,-350,10.87,5
8,feat_uni,240,1,1,151,-255,11.47,5
8,feat_uni,240,23,1,169,-201,11.93,5
8,feat_uni,240,30,2,358,-309,12.8,5
9,conj_grid,241,34,1,221,90,1.47,1
9,conj_grid,241,41,1,245,219,1.97,1
9,conj_grid,241,45,1,-99,347,3.54,1
9,conj_grid,241,43,1,-307,326,4.24,1
9,conj_grid,241,48,2,203,319,4.9,1
9,conj_grid,241,42,2,324,231,5.6,1
9,conj_grid,241,30,2,-221,121,6.73,1
9,conj_grid,241,36,2,-304,206,9.17,1
9,conj_grid,241,40,2,115,220,9.9,1
9,conj_grid,241,20,1,226,-106,13.57,1
9,conj_grid,241,24,2,-103,7,14.4,1
9,conj_grid,241,23,2,-212,4,14.9,1
9,conj_grid,241,17,1,-100,-131,15.93,1
9,conj_grid,241,10,2,-110,-203,16.57,1
9,conj_grid,241,9,2,-203,-225,17.23,1
9,conj_grid,241,3,1,-116,-311,18.16,1
9,conj_grid,241,5,1,103,-322,18.6,1
9,conj_grid,241,6,2,220,-326,19.16,1
9,conj_grid,241,7,2,321,-314,19.68,1
9,conj_grid,241,2,2,-206,-315,21.08,1
9,conj_grid,241,1,1,-342,-324,22.35,1
9,conj_grid,241,19,1,98,-113,23.58,1
9,conj_grid,241,13,1,204,-210,24.21,1
9,conj_grid,241,14,1,340,-209,24.8,1
9,conj_grid,242,40,1,131,191,1.2,2
9,conj_grid,242,48,1,226,328,2.04,2
9,conj_grid,242,49,1,323,330,2.87,2
9,conj_grid,242,37,1,-226,222,3.67,2
9,conj_grid,242,38,1,-96,212,4.3,2
9,conj_grid,242,30,2,-217,113,5.13,2
9,conj_grid,242,29,2,-310,127,5.54,2
9,conj_grid,242,23,2,-200,7,6.2,2
9,conj_grid,242,22,2,-336,-1,7.37,2
9,conj_grid,242,24,1,-121,5,8,2
9,conj_grid,242,15,1,-332,-126,8.8,2
9,conj_grid,242,8,1,-315,-212,10.57,2
9,conj_grid,242,10,2,-110,-222,11.3,2
9,conj_grid,242,11,2,-6,-211,11.93,2
9,conj_grid,242,18,1,26,-105,12.7,2
9,conj_grid,242,12,1,119,-228,13.33,2
9,conj_grid,242,13,2,227,-221,14.17,2
9,conj_grid,242,6,2,208,-314,14.87,2
9,conj_grid,242,7,2,308,-324,15.57,2
9,conj_grid,242,27,2,220,-7,17.28,2
9,conj_grid,242,28,1,321,6,18.12,2
9,conj_grid,242,34,2,233,111,18.73,2
9,conj_grid,242,33,2,102,104,19.6,2
9,conj_grid,242,45,1,-98,323,20.65,2
9,conj_grid,243,32,1,-5,98,1.27,3
9,conj_grid,243,40,1,127,229,2,3
9,conj_grid,243,46,1,4,325,2.6,3
9,conj_grid,243,45,1,-105,311,3.17,3
9,conj_grid,243,36,1,-315,216,3.94,3
9,conj_grid,243,30,2,-222,121,4.8,3
9,conj_grid,243,38,2,-82,205,5.97,3
9,conj_grid,243,31,2,-106,121,6.7,3
9,conj_grid,243,33,2,113,94,7.4,3
9,conj_grid,243,24,1,-102,3,7.97,3
9,conj_grid,243,27,1,214,-12,8.8,3
9,conj_grid,243,34,2,194,98,9.67,3
9,conj_grid,243,48,2,217,335,10.87,3
9,conj_grid,243,49,2,321,331,11.77,3
9,conj_grid,243,21,2,361,-108,13.27,3
9,conj_grid,243,12,2,100,-214,13.93,3
9,conj_grid,243,11,2,-8,-217,14.57,3
9,conj_grid,243,14,1,323,-196,15.43,3
9,conj_grid,243,7,1,330,-336,16.37,3
9,conj_grid,243,10,1,-111,-216,17.62,3
9,conj_grid,243,2,1,-216,-315,18.28,3
9,conj_grid,243,15,2,-322,-101,19.23,3
9,conj_grid,243,22,2,-329,-16,19.88,3
9,conj_grid,243,29,1,-327,105,20.78,3
9,conj_grid,244,41,1,229,225,2,4
9,conj_grid,244,42,1,319,219,2.77,4
9,conj_grid,244,30,1,-203,119,3.77,4
9,conj_grid,244,44,2,-201,318,4.44,4
9,conj_grid,244,36,2,-336,211,5.17,4
9,conj_grid,244,32,2,-15,118,6.57,4
9,conj_grid,244,40,2,105,211,7.2,4
9,conj_grid,244,22,1,-326,2,9.3,4
9,conj_grid,244,23,2,-236,-1,10.5,4
9,conj_grid,244,26,1,109,-16,12.03,4
9,conj_grid,244,27,2,210,5,13.57,4
9,conj_grid,244,28,2,327,18,14.27,4
9,conj_grid,244,35,2,329,103,14.97,4
9,conj_grid,244,20,2,213,-102,16.07,4
9,conj_grid,244,17,2,-99,-108,17.6,4
9,conj_grid,244,8,1,-328,-189,19.66,4
9,conj_grid,244,9,1,-218,-216,20.53,4
9,conj_grid,244,10,1,-105,-199,21.06,4
9,conj_grid,244,11,1,11,-210,21.76,4
9,conj_grid,244,12,1,99,-232,22.38,4
9,conj_grid,244,3,2,-102,-336,25.9,4
9,conj_grid,244,5,1,128,-326,27.33,4
9,conj_grid,244,6,2,225,-320,28.21,4
9,conj_grid,244,1,1,-326,-312,29.25,4
9,conj_grid,245,33,2,104,105,1.14,5
9,conj_grid,245,40,2,101,214,1.64,5
9,conj_grid,245,32,2,4,121,2.97,5
9,conj_grid,245,26,2,110,-3,3.73,5
9,conj_grid,245,19,2,95,-93,4.47,5
9,conj_grid,245,12,2,87,-217,4.97,5
9,conj_grid,245,5,2,107,-313,5.87,5
9,conj_grid,245,14,2,320,-218,6.87,5
9,conj_grid,245,49,2,313,309,7.9,5
9,conj_grid,245,47,1,111,345,9.07,5
9,conj_grid,245,39,1,9,220,9.9,5
9,conj_grid,245,18,1,-25,-107,10.63,5
9,conj_grid,245,17,1,-96,-109,11.63,5
9,conj_grid,245,10,1,-101,-220,12.27,5
9,conj_grid,245,16,1,-226,-129,13.17,5
9,conj_grid,245,22,1,-327,-13,14.4,5
9,conj_grid,245,43,1,-318,332,15.7,5
9,conj_grid,245,46,1,-6,338,16.63,5
9,conj_grid,245,28,1,333,-8,17.67,5
9,conj_grid,245,21,1,335,-99,19.41,5
9,conj_grid,245,7,1,329,-321,20.13,5
9,conj_grid,245,8,2,-317,-213,22.08,5
9,conj_grid,245,24,2,-105,20,22.78,5
9,conj_grid,245,37,2,-214,227,23.82,5
9,conj_rot,246,27,1,143,159,1,1
9,conj_rot,246,34,2,71,232,1.57,1
9,conj_rot,246,42,2,75,388,2.34,1
9,conj_rot,246,41,2,-29,307,3.07,1
9,conj_rot,246,49,1,-7,473,3.77,1
9,conj_rot,246,47,1,-156,315,4.54,1
9,conj_rot,246,45,1,-305,159,7.44,1
9,conj_rot,246,38,1,-229,64,8.44,1
9,conj_rot,246,32,1,-89,83,8.93,1
9,conj_rot,246,46,2,-232,257,9.77,1
9,conj_rot,246,44,2,-377,76,10.5,1
9,conj_rot,246,37,2,-310,1,11.3,1
9,conj_rot,246,25,2,-3,-4,12.17,1
9,conj_rot,246,24,2,-62,-85,12.77,1
9,conj_rot,246,23,2,-152,-160,13.77,1
9,conj_rot,246,15,1,-154,-329,14.67,1
9,conj_rot,246,9,1,3,-315,15.93,1
9,conj_rot,246,18,1,80,-95,16.57,1
9,conj_rot,246,11,2,159,-166,17.23,1
9,conj_rot,246,4,2,233,-242,17.96,1
9,conj_rot,246,6,2,391,-91,18.96,1
9,conj_rot,246,12,1,222,-86,19.77,1
9,conj_rot,246,20,1,213,102,20.53,1
9,conj_rot,246,1,1,12,-467,24.58,1
9,conj_rot,247,33,1,4,137,0.97,2
9,conj_rot,247,40,1,-87,241,1.4,2
9,conj_rot,247,34,1,64,251,1.84,2
9,conj_rot,247,47,2,-143,303,2.47,2
9,conj_rot,247,46,1,-231,247,3.04,2
9,conj_rot,247,45,1,-298,163,3.9,2
9,conj_rot,247,39,1,-152,156,4.37,2
9,conj_rot,247,44,2,-376,57,5.74,2
9,conj_rot,247,36,2,-386,-92,6.24,2
9,conj_rot,247,26,1,73,62,7.17,2
9,conj_rot,247,17,1,-4,-149,7.87,2
9,conj_rot,247,7,1,459,9,8.7,2
9,conj_rot,247,13,2,322,21,9.2,2
9,conj_rot,247,21,2,310,153,10.77,2
9,conj_rot,247,6,2,391,-91,12.47,2
9,conj_rot,247,12,2,225,-77,13.03,2
9,conj_rot,247,20,2,222,89,13.63,2
9,conj_rot,247,18,2,84,-74,14.43,2
9,conj_rot,247,41,1,-2,316,15.17,2
9,conj_rot,247,42,1,80,370,15.83,2
9,conj_rot,247,23,2,-162,-152,16.95,2
9,conj_rot,247,10,2,69,-225,18.5,2
9,conj_rot,247,3,2,148,-303,20.35,2
9,conj_rot,247,29,1,-292,-141,22.13,2
9,conj_rot,248,41,2,8,302,2.24,3
9,conj_rot,248,42,2,67,369,2.9,3
9,conj_rot,248,48,2,-88,380,3.54,3
9,conj_rot,248,34,2,67,236,4.47,3
9,conj_rot,248,28,1,222,240,5.37,3
9,conj_rot,248,21,1,296,135,5.93,3
9,conj_rot,248,26,1,70,77,7.27,3
9,conj_rot,248,13,1,303,9,8.2,3
9,conj_rot,248,6,1,375,-81,8.97,3
9,conj_rot,248,45,1,-307,163,10.14,3
9,conj_rot,248,38,1,-228,82,10.6,3
9,conj_rot,248,47,1,-142,290,11.43,3
9,conj_rot,248,24,1,-82,-89,12.5,3
9,conj_rot,248,18,1,59,-64,13.23,3
9,conj_rot,248,4,1,230,-212,14.1,3
9,conj_rot,248,1,1,-14,-447,15.53,3
9,conj_rot,248,43,2,-453,7,17.5,3
9,conj_rot,248,15,2,-167,-287,18.97,3
9,conj_rot,248,23,2,-138,-156,19.7,3
9,conj_rot,248,17,2,-21,-162,20.7,3
9,conj_rot,248,16,2,-47,-235,21.4,3
9,conj_rot,248,10,2,82,-229,22.26,3
9,conj_rot,248,11,2,148,-160,22.96,3
9,conj_rot,248,39,2,-144,158,25.48,3
9,conj_rot,249,33,1,8,146,1,4
9,conj_rot,249,38,1,-204,79,1.74,4
9,conj_rot,249,27,1,169,167,2.47,4
9,conj_rot,249,24,1,-81,-95,3.9,4
9,conj_rot,249,12,2,220,-71,4.77,4
9,conj_rot,249,21,2,306,160,5.77,4
9,conj_rot,249,5,2,299,-143,6.8,4
9,conj_rot,249,13,1,298,-17,8.17,4
9,conj_rot,249,4,1,252,-234,8.87,4
9,conj_rot,249,11,1,152,-163,9.4,4
9,conj_rot,249,1,1,-12,-449,10.4,4
9,conj_rot,249,22,1,-237,-233,11.03,4
9,conj_rot,249,30,1,-211,-79,11.63,4
9,conj_rot,249,28,1,227,242,12.5,4
9,conj_rot,249,42,2,78,400,13.57,4
9,conj_rot,249,39,2,-161,148,15.37,4
9,conj_rot,249,37,2,-304,7,16.9,4
9,conj_rot,249,45,2,-301,166,17.5,4
9,conj_rot,249,31,2,-145,10,18.83,4
9,conj_rot,249,29,2,-299,-160,19.52,4
9,conj_rot,249,15,2,-160,-315,20.67,4
9,conj_rot,249,8,2,-82,-379,21.06,4
9,conj_rot,249,10,2,83,-244,22.15,4
9,conj_rot,249,49,1,2,456,25.18,4
9,conj_rot,250,39,1,-181,136,1.1,5
9,conj_rot,250,38,1,-248,82,2.14,5
9,conj_rot,250,45,1,-333,155,2.64,5
9,conj_rot,250,31,1,-152,11,3.7,5
9,conj_rot,250,40,2,-89,230,4.64,5
9,conj_rot,250,48,1,-65,376,6.87,5
9,conj_rot,250,49,2,8,458,7.6,5
9,conj_rot,250,42,2,74,385,8.4,5
9,conj_rot,250,34,2,86,226,9.1,5
9,conj_rot,250,27,1,141,157,9.7,5
9,conj_rot,250,20,2,232,69,10.6,5
9,conj_rot,250,13,2,291,16,11.3,5
9,conj_rot,250,14,2,407,78,12.33,5
9,conj_rot,250,7,1,440,10,13.03,5
9,conj_rot,250,11,1,152,-157,14.4,5
9,conj_rot,250,5,1,307,-158,15.03,5
9,conj_rot,250,10,1,76,-230,15.87,5
9,conj_rot,250,3,2,156,-308,16.7,5
9,conj_rot,250,9,2,7,-307,17.23,5
9,conj_rot,250,16,2,-67,-224,18.3,5
9,conj_rot,250,23,1,-142,-141,19.2,5
9,conj_rot,250,29,1,-333,-153,19.78,5
9,conj_rot,250,30,2,-261,-80,20.58,5
9,conj_rot,250,8,2,-77,-379,22.48,5
9,conj_uni,251,31,1,-37,107,0.97,1
9,conj_uni,251,21,1,-42,164,1.5,1
9,conj_uni,251,47,1,-140,197,2.4,1
9,conj_uni,251,48,1,-182,94,3.2,1
9,conj_uni,251,25,1,140,52,4.03,1
9,conj_uni,251,8,1,317,203,4.73,1
9,conj_uni,251,45,1,325,-105,5.47,1
9,conj_uni,251,41,1,250,-126,5.97,1
9,conj_uni,251,37,1,94,-147,6.57,1
9,conj_uni,251,29,1,71,-288,7.13,1
9,conj_uni,251,5,1,-10,-277,7.77,1
9,conj_uni,251,27,1,-112,-359,8.47,1
9,conj_uni,251,2,2,-229,-31,9.5,1
9,conj_uni,251,9,2,-207,-94,9.97,1
9,conj_uni,251,13,2,-260,-78,10.43,1
9,conj_uni,251,32,2,-239,87,11.3,1
9,conj_uni,251,16,2,-49,-167,13.2,1
9,conj_uni,251,12,2,176,-200,14.27,1
9,conj_uni,251,6,2,275,-313,15.1,1
9,conj_uni,251,30,2,272,79,16.62,1
9,conj_uni,251,33,2,86,324,17.6,1
9,conj_uni,251,43,2,-47,358,18.32,1
9,conj_uni,251,34,2,-77,309,18.95,1
9,conj_uni,251,23,2,-15,235,19.82,1
9,conj_uni,252,1,1,-76,84,1.27,2
9,conj_uni,252,11,1,132,15,1.93,2
9,conj_uni,252,13,1,166,210,2.43,2
9,conj_uni,252,23,1,206,280,3.1,2
9,conj_uni,252,42,1,276,289,3.8,2
9,conj_uni,252,46,1,-228,76,4.84,2
9,conj_uni,252,8,1,-39,-140,5.77,2
9,conj_uni,252,47,1,108,-271,6.67,2
9,conj_uni,252,32,1,334,29,7.77,2
9,conj_uni,252,5,1,-121,-369,8.87,2
9,conj_uni,252,34,1,-327,-271,9.87,2
9,conj_uni,252,25,1,-356,-318,10.4,2
9,conj_uni,252,4,2,-157,1,11.47,2
9,conj_uni,252,40,2,-91,18,11.93,2
9,conj_uni,252,33,2,-32,3,12.43,2
9,conj_uni,252,26,2,-13,-50,13.3,2
9,conj_uni,252,7,2,17,30,13.93,2
9,conj_uni,252,20,2,-116,133,15,2
9,conj_uni,252,19,2,-246,265,15.6,2
9,conj_uni,252,44,2,-282,308,16.23,2
9,conj_uni,252,6,2,227,332,17.63,2
9,conj_uni,252,2,2,-94,-154,19.93,2
9,conj_uni,252,12,2,-126,-199,20.7,2
9,conj_uni,252,18,2,-219,-152,21.6,2
9,conj_uni,253,27,1,-11,-32,0.74,3
9,conj_uni,253,23,1,47,-53,1.2,3
9,conj_uni,253,26,1,-182,-10,1.97,3
9,conj_uni,253,34,1,-92,246,2.94,3
9,conj_uni,253,46,1,-70,297,3.57,3
9,conj_uni,253,41,2,4,197,4.44,3
9,conj_uni,253,47,2,-38,154,5.1,3
9,conj_uni,253,31,1,147,151,5.97,3
9,conj_uni,253,3,2,193,119,6.47,3
9,conj_uni,253,5,2,201,58,6.97,3
9,conj_uni,253,42,2,55,45,7.94,3
9,conj_uni,253,29,2,77,-6,8.37,3
9,conj_uni,253,10,2,201,2,9.1,3
9,conj_uni,253,44,2,291,-7,10.2,3
9,conj_uni,253,20,2,222,-73,11.03,3
9,conj_uni,253,12,2,76,-142,12.67,3
9,conj_uni,253,25,1,167,-263,13.47,3
9,conj_uni,253,6,1,264,-278,14.1,3
9,conj_uni,253,18,1,114,-299,15.03,3
9,conj_uni,253,24,2,-60,-94,16,3
9,conj_uni,253,48,2,-363,-196,16.78,3
9,conj_uni,253,33,1,-323,205,18.27,3
9,conj_uni,253,45,1,-355,104,18.8,3
9,conj_uni,253,16,1,-279,-267,21.85,3
9,conj_uni,254,39,1,122,60,1.11,4
9,conj_uni,254,25,1,177,59,1.75,4
9,conj_uni,254,6,1,199,208,2.28,4
9,conj_uni,254,15,1,-302,229,4.95,4
9,conj_uni,254,40,1,-281,-16,5.99,4
9,conj_uni,254,44,1,-330,-329,6.85,4
9,conj_uni,254,38,1,-16,-335,7.72,4
9,conj_uni,254,7,1,89,-348,8.28,4
9,conj_uni,254,12,1,154,-237,8.92,4
9,conj_uni,254,28,1,241,-278,9.55,4
9,conj_uni,254,34,1,117,-165,10.22,4
9,conj_uni,254,5,1,64,-183,11.15,4
9,conj_uni,254,21,2,267,168,12.95,4
9,conj_uni,254,11,2,268,-55,13.85,4
9,conj_uni,254,14,2,89,-99,14.52,4
9,conj_uni,254,45,2,186,-291,15.48,4
9,conj_uni,254,48,2,-356,-233,16.65,4
9,conj_uni,254,2,2,-170,134,17.48,4
9,conj_uni,254,32,2,-325,163,18.12,4
9,conj_uni,254,22,2,-356,243,18.62,4
9,conj_uni,254,26,2,-88,279,19.23,4
9,conj_uni,254,8,2,-33,274,19.93,4
9,conj_uni,254,33,2,5,316,20.65,4
9,conj_uni,254,18,2,13,241,22.98,4
9,conj_uni,255,14,1,0,35,2.2,5
9,conj_uni,255,19,1,-104,90,3.07,5
9,conj_uni,255,36,1,-91,178,3.57,5
9,conj_uni,255,31,1,205,171,4.37,5
9,conj_uni,255,10,1,355,97,5.13,5
9,conj_uni,255,8,1,282,28,5.73,5
9,conj_uni,255,42,1,282,-251,6.44,5
9,conj_uni,255,16,1,323,-289,7,5
9,conj_uni,255,23,1,122,-129,8.03,5
9,conj_uni,255,39,1,123,-233,8.73,5
9,conj_uni,255,15,1,-192,-286,9.73,5
9,conj_uni,255,40,1,-304,-275,10.3,5
9,conj_uni,255,48,2,-154,239,13.37,5
9,conj_uni,255,45,2,-321,279,14.13,5
9,conj_uni,255,46,2,-221,128,14.8,5
9,conj_uni,255,26,2,50,102,16.1,5
9,conj_uni,255,35,2,160,-33,17.5,5
9,conj_uni,255,37,2,154,24,17.9,5
9,conj_uni,255,22,2,-36,-8,18.83,5
9,conj_uni,255,6,2,34,-211,19.5,5
9,conj_uni,255,5,2,89,-189,20,5
9,conj_uni,255,41,2,199,-286,20.82,5
9,conj_uni,255,29,2,353,-103,21.68,5
9,conj_uni,255,43,2,-170,-235,22.98,5
9,feat_grid,256,33,1,87,112,0.97,1
9,feat_grid,256,40,1,105,210,1.44,1
9,feat_grid,256,41,2,229,229,2.04,1
9,feat_grid,256,49,2,314,322,2.5,1
9,feat_grid,256,42,1,319,198,2.94,1
9,feat_grid,256,34,1,216,126,3.77,1
9,feat_grid,256,48,1,195,327,4.5,1
9,feat_grid,256,47,2,118,329,4.87,1
9,feat_grid,256,38,2,-79,218,6.1,1
9,feat_grid,256,30,2,-218,121,6.8,1
9,feat_grid,256,23,1,-206,5,7.63,1
9,feat_grid,256,25,2,4,5,8.43,1
9,feat_grid,256,28,2,325,14,9.73,1
9,feat_grid,256,26,2,115,-4,10.6,1
9,feat_grid,256,13,2,215,-215,11.3,1
9,feat_grid,256,14,2,311,-222,11.87,1
9,feat_grid,256,18,1,-9,-103,12.6,1
9,feat_grid,256,11,1,0,-201,13.1,1
9,feat_grid,256,16,2,-199,-104,14.23,1
9,feat_grid,256,9,1,-222,-214,14.67,1
9,feat_grid,256,8,1,-322,-197,15.17,1
9,feat_grid,256,1,2,-316,-337,15.93,1
9,feat_grid,256,2,1,-218,-342,16.45,1
9,feat_grid,256,3,1,-110,-330,17.2,1
9,feat_grid,257,30,1,-222,111,1.67,2
9,feat_grid,257,29,1,-309,120,2.24,2
9,feat_grid,257,36,2,-329,195,3,2
9,feat_grid,257,43,2,-319,323,3.57,2
9,feat_grid,257,44,1,-224,343,4.34,2
9,feat_grid,257,45,2,-117,328,4.9,2
9,feat_grid,257,46,1,6,327,5.47,2
9,feat_grid,257,39,1,7,218,5.97,2
9,feat_grid,257,38,1,-100,210,6.67,2
9,feat_grid,257,32,1,3,111,7.33,2
9,feat_grid,257,22,1,-324,17,7.93,2
9,feat_grid,257,16,2,-211,-113,8.5,2
9,feat_grid,257,9,1,-217,-209,9,2
9,feat_grid,257,8,1,-314,-223,9.57,2
9,feat_grid,257,1,1,-322,-308,10.17,2
9,feat_grid,257,2,2,-221,-331,10.97,2
9,feat_grid,257,11,2,-3,-215,12.63,2
9,feat_grid,257,5,2,104,-320,13.47,2
9,feat_grid,257,26,2,104,-3,14.1,2
9,feat_grid,257,28,2,330,-11,15.3,2
9,feat_grid,257,21,2,326,-124,15.87,2
9,feat_grid,257,35,1,342,106,16.37,2
9,feat_grid,257,42,2,318,243,17.02,2
9,feat_grid,257,41,2,198,212,17.57,2
9,feat_grid,258,26,2,102,8,0.97,3
9,feat_grid,258,40,2,116,213,1.64,3
9,feat_grid,258,47,1,98,318,2.14,3
9,feat_grid,258,39,1,-5,234,2.67,3
9,feat_grid,258,32,2,-5,92,3.4,3
9,feat_grid,258,31,1,-94,109,3.87,3
9,feat_grid,258,30,1,-214,112,4.27,3
9,feat_grid,258,37,1,-233,207,4.74,3
9,feat_grid,258,36,1,-317,210,5.1,3
9,feat_grid,258,44,2,-213,327,5.6,3
9,feat_grid,258,45,2,-109,310,6.07,3
9,feat_grid,258,48,2,223,318,7.04,3
9,feat_grid,258,28,2,314,5,8.33,3
9,feat_grid,258,35,1,320,110,8.73,3
9,feat_grid,258,21,1,327,-97,9.3,3
9,feat_grid,258,19,2,125,-107,9.9,3
9,feat_grid,258,12,1,93,-191,10.33,3
9,feat_grid,258,13,1,203,-213,11.13,3
9,feat_grid,258,14,2,317,-227,11.87,3
9,feat_grid,258,7,1,315,-341,12.47,3
9,feat_grid,258,4,2,2,-344,13.12,3
9,feat_grid,258,3,2,-92,-314,13.68,3
9,feat_grid,258,17,2,-104,-101,14.28,3
9,feat_grid,258,18,1,-2,-114,14.75,3
9,feat_grid,259,25,1,3,-8,0.6,4
9,feat_grid,259,32,2,-8,108,1.04,4
9,feat_grid,259,39,2,-7,206,1.67,4
9,feat_grid,259,46,2,-3,322,2.17,4
9,feat_grid,259,44,2,-202,320,2.74,4
9,feat_grid,259,45,1,-116,321,3.3,4
9,feat_grid,259,43,1,-331,335,3.87,4
9,feat_grid,259,37,2,-205,211,4.34,4
9,feat_grid,259,36,1,-332,210,4.8,4
9,feat_grid,259,30,1,-221,111,5.27,4
9,feat_grid,259,29,2,-327,96,5.7,4
9,feat_grid,259,23,2,-231,7,6.2,4
9,feat_grid,259,22,2,-338,15,6.77,4
9,feat_grid,259,24,1,-108,6,7.47,4
9,feat_grid,259,9,1,-210,-231,8.53,4
9,feat_grid,259,10,1,-105,-207,9,4
9,feat_grid,259,20,1,191,-100,9.83,4
9,feat_grid,259,28,1,322,25,10.4,4
9,feat_grid,259,42,1,329,225,11,4
9,feat_grid,259,41,2,224,219,11.8,4
9,feat_grid,259,34,2,223,110,12.53,4
9,feat_grid,259,14,2,314,-199,13.78,4
9,feat_grid,259,13,2,224,-213,14.23,4
9,feat_grid,259,6,1,204,-338,14.88,4
9,feat_grid,260,33,2,114,111,1.04,5
9,feat_grid,260,34,1,205,116,1.47,5
9,feat_grid,260,41,2,213,224,2.04,5
9,feat_grid,260,48,2,222,318,2.54,5
9,feat_grid,260,27,2,202,-17,3.5,5
9,feat_grid,260,28,2,345,8,4.9,5
9,feat_grid,260,14,1,320,-211,5.53,5
9,feat_grid,260,7,1,322,-331,6.03,5
9,feat_grid,260,13,1,214,-210,6.7,5
9,feat_grid,260,12,1,114,-210,7.17,5
9,feat_grid,260,19,1,96,-112,7.63,5
9,feat_grid,260,17,1,-110,-114,8.13,5
9,feat_grid,260,10,1,-127,-244,8.77,5
9,feat_grid,260,9,2,-216,-209,10.47,5
9,feat_grid,260,16,1,-228,-122,10.93,5
9,feat_grid,260,3,2,-95,-346,11.83,5
9,feat_grid,260,25,2,10,5,12.83,5
9,feat_grid,260,32,1,-11,115,13.4,5
9,feat_grid,260,31,2,-115,116,13.8,5
9,feat_grid,260,37,2,-219,227,14.3,5
9,feat_grid,260,44,1,-219,324,14.87,5
9,feat_grid,260,43,2,-315,322,15.35,5
9,feat_grid,260,22,1,-337,2,15.93,5
9,feat_grid,260,23,2,-224,2,16.55,5
9,feat_rot,261,33,1,13,157,0.64,1
9,feat_rot,261,48,1,-86,371,1.37,1
9,feat_rot,261,35,2,172,295,2.8,1
9,feat_rot,261,49,1,-14,444,3.9,1
9,feat_rot,261,28,2,235,237,4.67,1
9,feat_rot,261,14,2,366,81,5.23,1
9,feat_rot,261,13,1,299,-5,5.97,1
9,feat_rot,261,12,2,223,-81,6.47,1
9,feat_rot,261,11,1,158,-152,7,1
9,feat_rot,261,3,1,156,-297,7.7,1
9,feat_rot,261,10,2,76,-224,8.3,1
9,feat_rot,261,9,2,17,-288,8.83,1
9,feat_rot,261,16,1,-67,-241,9.37,1
9,feat_rot,261,17,2,-21,-156,10.07,1
9,feat_rot,261,25,1,11,1,10.63,1
9,feat_rot,261,2,1,65,-392,11.37,1
9,feat_rot,261,29,2,-295,-152,12.17,1
9,feat_rot,261,36,2,-386,-69,12.9,1
9,feat_rot,261,43,1,-451,-15,13.33,1
9,feat_rot,261,44,2,-403,78,13.77,1
9,feat_rot,261,45,2,-301,147,14.33,1
9,feat_rot,261,39,1,-156,167,14.85,1
9,feat_rot,261,32,1,-71,77,15.43,1
9,feat_rot,261,47,2,-161,301,16.73,1
9,feat_rot,262,13,2,301,-5,0.83,2
9,feat_rot,262,14,2,368,81,1.37,2
9,feat_rot,262,28,1,237,215,2.04,2
9,feat_rot,262,27,2,158,162,2.57,2
9,feat_rot,262,35,1,129,298,3.2,2
9,feat_rot,262,34,1,75,240,3.97,2
9,feat_rot,262,42,2,72,376,4.6,2
9,feat_rot,262,40,1,-57,231,5.17,2
9,feat_rot,262,33,1,-15,149,5.64,2
9,feat_rot,262,39,1,-152,152,6.27,2
9,feat_rot,262,38,1,-245,80,6.67,2
9,feat_rot,262,45,2,-292,146,7.1,2
9,feat_rot,262,44,2,-377,72,7.54,2
9,feat_rot,262,31,2,-164,-2,8.1,2
9,feat_rot,262,24,2,-82,-65,8.8,2
9,feat_rot,262,19,2,149,4,9.5,2
9,feat_rot,262,11,1,148,-143,10.23,2
9,feat_rot,262,18,1,75,-69,10.63,2
9,feat_rot,262,10,1,89,-236,11.2,2
9,feat_rot,262,9,2,-3,-310,11.77,2
9,feat_rot,262,8,1,-52,-391,12.15,2
9,feat_rot,262,1,2,-7,-447,12.75,2
9,feat_rot,262,22,1,-215,-245,13.48,2
9,feat_rot,262,29,2,-317,-167,13.87,2
9,feat_rot,263,25,2,13,-6,0.74,3
9,feat_rot,263,26,2,63,73,1.3,3
9,feat_rot,263,28,2,236,221,2.34,3
9,feat_rot,263,20,2,238,79,2.93,3
9,feat_rot,263,27,2,145,157,3.5,3
9,feat_rot,263,34,2,65,213,4,3
9,feat_rot,263,40,1,-79,234,4.84,3
9,feat_rot,263,47,2,-154,302,5.54,3
9,feat_rot,263,48,2,-89,377,6.27,3
9,feat_rot,263,49,1,-4,457,7.44,3
9,feat_rot,263,46,1,-246,223,8.04,3
9,feat_rot,263,31,1,-162,-21,8.77,3
9,feat_rot,263,43,1,-453,4,9.54,3
9,feat_rot,263,29,1,-289,-148,10.6,3
9,feat_rot,263,16,1,-63,-222,11.43,3
9,feat_rot,263,18,2,88,-75,12.13,3
9,feat_rot,263,19,1,157,-10,13.03,3
9,feat_rot,263,14,1,392,59,14.03,3
9,feat_rot,263,7,1,480,15,14.9,3
9,feat_rot,263,5,1,311,-154,15.72,3
9,feat_rot,263,10,2,90,-245,16.45,3
9,feat_rot,263,3,1,160,-309,17.16,3
9,feat_rot,263,1,2,-9,-464,18,3
9,feat_rot,263,8,2,-70,-383,18.61,3
9,feat_rot,264,26,1,88,68,0.97,4
9,feat_rot,264,25,1,19,8,1.34,4
9,feat_rot,264,42,1,89,389,2.59,4
9,feat_rot,264,34,1,77,215,3.19,4
9,feat_rot,264,40,2,-85,231,4.19,4
9,feat_rot,264,41,2,-11,294,4.62,4
9,feat_rot,264,48,1,-62,387,5.25,4
9,feat_rot,264,39,2,-158,152,5.92,4
9,feat_rot,264,37,1,-301,-1,6.92,4
9,feat_rot,264,30,2,-240,-96,7.65,4
9,feat_rot,264,31,1,-143,-9,8.12,4
9,feat_rot,264,24,2,-91,-87,8.52,4
9,feat_rot,264,23,1,-164,-164,9.08,4
9,feat_rot,264,29,1,-313,-157,9.52,4
9,feat_rot,264,22,1,-220,-228,10.15,4
9,feat_rot,264,16,2,-46,-229,10.68,4
9,feat_rot,264,10,2,61,-237,11.12,4
9,feat_rot,264,3,1,142,-309,11.92,4
9,feat_rot,264,5,2,324,-158,13.05,4
9,feat_rot,264,4,2,238,-213,13.52,4
9,feat_rot,264,12,1,235,-81,14.32,4
9,feat_rot,264,13,2,311,-4,14.95,4
9,feat_rot,264,21,2,298,150,15.55,4
9,feat_rot,264,7,2,460,-4,16.45,4
9,feat_rot,265,26,1,78,75,0.9,5
9,feat_rot,265,27,1,149,147,1.47,5
9,feat_rot,265,20,1,234,70,2.2,5
9,feat_rot,265,13,2,318,11,2.9,5
9,feat_rot,265,12,2,234,-75,3.3,5
9,feat_rot,265,19,2,154,-7,4.57,5
9,feat_rot,265,6,2,384,-69,6.73,5
9,feat_rot,265,14,1,383,69,7.43,5
9,feat_rot,265,21,1,313,131,7.9,5
9,feat_rot,265,35,2,158,314,8.6,5
9,feat_rot,265,42,1,78,385,9.23,5
9,feat_rot,265,41,2,-19,281,9.83,5
9,feat_rot,265,40,2,-72,232,10.23,5
9,feat_rot,265,48,1,-72,399,10.73,5
9,feat_rot,265,45,2,-313,152,11.8,5
9,feat_rot,265,43,1,-466,11,12.47,5
9,feat_rot,265,36,1,-370,-66,12.9,5
9,feat_rot,265,29,2,-310,-160,13.77,5
9,feat_rot,265,17,2,1,-148,14.43,5
9,feat_rot,265,24,1,-82,-61,14.95,5
9,feat_rot,265,9,1,5,-293,15.82,5
9,feat_rot,265,2,2,73,-379,16.53,5
9,feat_rot,265,1,1,1,-461,17.15,5
9,feat_rot,265,8,2,-81,-389,17.77,5
9,feat_uni,266,42,1,113,171,1.32,1
9,feat_uni,266,6,2,64,198,1.95,1
9,feat_uni,266,14,1,105,345,2.62,1
9,feat_uni,266,17,1,-79,351,3.08,1
9,feat_uni,266,1,2,-165,314,3.52,1
9,feat_uni,266,34,1,-322,168,4.12,1
9,feat_uni,266,31,1,-322,67,4.72,1
9,feat_uni,266,13,1,-266,66,5.15,1
9,feat_uni,266,19,1,-177,-93,5.98,1
9,feat_uni,266,3,2,-20,-130,6.78,1
9,feat_uni,266,15,2,-39,-361,7.68,1
9,feat_uni,266,35,1,14,-341,8.62,1
9,feat_uni,266,40,1,137,-231,9.55,1
9,feat_uni,266,43,1,166,-280,10.18,1
9,feat_uni,266,45,2,168,-335,10.62,1
9,feat_uni,266,39,2,248,-206,11.55,1
9,feat_uni,266,22,2,290,-242,12.12,1
9,feat_uni,266,29,2,328,51,12.85,1
9,feat_uni,266,25,1,262,42,13.18,1
9,feat_uni,266,26,2,233,-6,13.5,1
9,feat_uni,266,18,2,142,-35,14.03,1
9,feat_uni,266,28,2,71,23,14.55,1
9,feat_uni,266,16,1,235,157,15.1,1
9,feat_uni,266,37,2,235,232,15.68,1
9,feat_uni,267,47,1,111,42,0.74,2
9,feat_uni,267,17,1,238,145,1.33,2
9,feat_uni,267,16,2,331,5,1.83,2
9,feat_uni,267,20,2,204,-32,2.53,2
9,feat_uni,267,21,1,14,127,3.53,2
9,feat_uni,267,26,1,19,201,3.9,2
9,feat_uni,267,10,2,47,276,4.87,2
9,feat_uni,267,22,2,-5,325,5.33,2
9,feat_uni,267,6,2,-179,249,6.13,2
9,feat_uni,267,38,1,-114,306,6.77,2
9,feat_uni,267,2,2,-223,97,7.5,2
9,feat_uni,267,13,1,-355,304,8.43,2
9,feat_uni,267,4,1,-339,33,9.17,2
9,feat_uni,267,36,2,-151,-70,9.7,2
9,feat_uni,267,39,2,-75,5,10.17,2
9,feat_uni,267,30,2,-76,-81,10.83,2
9,feat_uni,267,41,1,82,-61,11.77,2
9,feat_uni,267,5,1,107,-229,12.5,2
9,feat_uni,267,25,2,96,-283,12.93,2
9,feat_uni,267,23,2,170,-271,13.43,2
9,feat_uni,267,3,1,351,-183,14.4,2
9,feat_uni,267,9,2,101,-338,15.1,2
9,feat_uni,267,37,1,-263,-125,15.92,2
9,feat_uni,267,33,1,-310,134,16.62,2
9,feat_uni,268,11,1,62,128,0.97,3
9,feat_uni,268,32,2,117,112,1.57,3
9,feat_uni,268,34,2,355,207,2.44,3
9,feat_uni,268,42,2,8,109,3.1,3
9,feat_uni,268,20,1,-25,155,4.13,3
9,feat_uni,268,21,2,-112,242,4.8,3
9,feat_uni,268,9,2,-285,299,5.5,3
9,feat_uni,268,29,2,-282,177,5.93,3
9,feat_uni,268,18,1,-345,99,6.63,3
9,feat_uni,268,15,2,-16,-1,7.4,3
9,feat_uni,268,39,2,-29,-56,7.8,3
9,feat_uni,268,27,1,16,-117,8.5,3
9,feat_uni,268,26,1,-36,-138,8.87,3
9,feat_uni,268,44,1,-139,-66,9.34,3
9,feat_uni,268,1,1,186,-114,10.13,3
9,feat_uni,268,17,1,297,-78,10.63,3
9,feat_uni,268,24,2,323,-27,11.7,3
9,feat_uni,268,41,1,307,-138,12.17,3
9,feat_uni,268,16,2,6,-178,12.97,3
9,feat_uni,268,5,1,63,-278,13.63,3
9,feat_uni,268,49,1,115,-305,14.08,3
9,feat_uni,268,12,2,88,-354,14.48,3
9,feat_uni,268,48,2,-93,-332,15.47,3
9,feat_uni,268,43,1,-277,-271,16.12,3
9,feat_uni,269,2,1,71,72,0.83,4
9,feat_uni,269,5,1,-22,62,1.17,4
9,feat_uni,269,10,1,-88,152,1.67,4
9,feat_uni,269,4,2,8,208,2.23,4
9,feat_uni,269,26,2,44,252,2.6,4
9,feat_uni,269,6,1,241,225,3.73,4
9,feat_uni,269,36,1,238,331,4.4,4
9,feat_uni,269,38,2,358,171,5.2,4
9,feat_uni,269,8,1,275,100,5.7,4
9,feat_uni,269,20,2,-189,334,6.33,4
9,feat_uni,269,18,1,-262,177,6.93,4
9,feat_uni,269,33,1,-308,143,7.4,4
9,feat_uni,269,3,2,-242,-28,8,4
9,feat_uni,269,11,2,-203,-70,8.6,4
9,feat_uni,269,30,2,-214,-134,8.97,4
9,feat_uni,269,23,2,-295,-120,9.47,4
9,feat_uni,269,47,2,-137,-171,9.97,4
9,feat_uni,269,25,1,69,-165,10.57,4
9,feat_uni,269,28,1,51,-232,10.98,4
9,feat_uni,269,31,1,83,-278,11.62,4
9,feat_uni,269,46,1,322,-349,12.82,4
9,feat_uni,269,13,2,248,-275,13.27,4
9,feat_uni,269,29,2,258,-208,13.88,4
9,feat_uni,269,16,2,191,-346,14.37,4
9,feat_uni,270,18,1,67,-48,0.87,5
9,feat_uni,270,43,2,-60,11,1.64,5
9,feat_uni,270,27,2,22,-128,2.3,5
9,feat_uni,270,32,1,-26,-159,2.67,5
9,feat_uni,270,20,1,-83,-238,3.23,5
9,feat_uni,270,15,1,-95,-293,3.7,5
9,feat_uni,270,37,2,-32,-309,4.27,5
9,feat_uni,270,30,1,5,-265,4.63,5
9,feat_uni,270,33,2,255,-345,5.4,5
9,feat_uni,270,28,2,301,-310,5.87,5
9,feat_uni,270,46,2,257,-211,6.5,5
9,feat_uni,270,2,2,306,-182,6.9,5
9,feat_uni,270,14,1,350,-346,7.67,5
9,feat_uni,270,11,1,141,-184,8.43,5
9,feat_uni,270,19,2,272,180,9.13,5
9,feat_uni,270,34,2,219,205,9.8,5
9,feat_uni,270,39,2,304,278,10.37,5
9,feat_uni,270,8,2,30,278,10.97,5
9,feat_uni,270,38,1,-192,220,11.59,5
9,feat_uni,270,1,1,-272,210,12.72,5
9,feat_uni,270,29,1,-171,110,13.45,5
9,feat_uni,270,25,2,-251,68,14.02,5
9,feat_uni,270,6,1,-237,-109,14.52,5
9,feat_uni,270,24,1,-295,-97,14.95,5
10,conj_grid,271,8,1,-341,-223,1.17,1
10,conj_grid,271,16,1,-206,-112,1.67,1
10,conj_grid,271,29,1,-316,113,2.27,1
10,conj_grid,271,43,1,-314,332,3,1
10,conj_grid,271,45,1,-107,326,3.6,1
10,conj_grid,271,46,1,18,314,4,1
10,conj_grid,271,39,1,11,228,4.37,1
10,conj_grid,271,48,1,214,315,4.97,1
10,conj_grid,271,35,1,339,114,5.67,1
10,conj_grid,271,33,1,102,119,6.23,1
10,conj_grid,271,14,1,324,-214,7.47,1
10,conj_grid,271,13,1,222,-222,8.03,1
10,conj_grid,271,5,2,111,-326,8.57,1
10,conj_grid,271,12,2,105,-209,9,1
10,conj_grid,271,3,2,-109,-316,9.43,1
10,conj_grid,271,10,2,-100,-231,9.8,1
10,conj_grid,271,18,2,2,-113,11.1,1
10,conj_grid,271,9,2,-220,-198,11.73,1
10,conj_grid,271,37,2,-207,207,12.92,1
10,conj_grid,271,36,2,-326,219,13.58,1
10,conj_grid,271,47,2,113,326,14.25,1
10,conj_grid,271,49,2,315,321,15.12,1
10,conj_grid,271,26,2,94,-5,17.27,1
10,conj_grid,271,32,2,-10,112,17.92,1
10,conj_grid,272,2,1,-211,-317,2.6,2
10,conj_grid,272,3,1,-115,-322,3.13,2
10,conj_grid,272,24,1,-114,-0,3.87,2
10,conj_grid,272,18,1,-1,-87,4.37,2
10,conj_grid,272,27,1,203,-18,5,2
10,conj_grid,272,20,1,209,-104,5.43,2
10,conj_grid,272,28,1,337,-2,5.9,2
10,conj_grid,272,14,1,318,-221,6.6,2
10,conj_grid,272,35,1,343,112,7.2,2
10,conj_grid,272,34,1,224,107,7.67,2
10,conj_grid,272,41,1,213,223,8.13,2
10,conj_grid,272,47,1,105,320,8.64,2
10,conj_grid,272,46,2,8,330,10.84,2
10,conj_grid,272,31,2,-114,108,11.67,2
10,conj_grid,272,30,2,-222,111,12.17,2
10,conj_grid,272,22,2,-326,1,12.87,2
10,conj_grid,272,15,2,-318,-110,13.43,2
10,conj_grid,272,4,2,-6,-317,14.43,2
10,conj_grid,272,12,2,104,-216,15.3,2
10,conj_grid,272,6,2,215,-322,17.77,2
10,conj_grid,272,19,2,107,-88,18.4,2
10,conj_grid,272,25,2,-22,-1,19.32,2
10,conj_grid,272,26,2,115,-7,19.75,2
10,conj_grid,272,33,2,111,84,20.28,2
10,conj_grid,273,44,1,-206,328,1.24,3
10,conj_grid,273,48,1,219,319,1.97,3
10,conj_grid,273,49,1,330,340,2.64,3
10,conj_grid,273,33,1,100,106,3.27,3
10,conj_grid,273,31,1,-105,98,3.67,3
10,conj_grid,273,24,1,-103,5,4.04,3
10,conj_grid,273,25,1,12,-0,4.4,3
10,conj_grid,273,27,1,196,-2,4.97,3
10,conj_grid,273,20,1,230,-114,5.43,3
10,conj_grid,273,18,1,8,-107,5.97,3
10,conj_grid,273,9,1,-216,-223,7,3
10,conj_grid,273,13,1,212,-237,8.27,3
10,conj_grid,273,12,2,118,-213,8.7,3
10,conj_grid,273,6,2,217,-310,9.5,3
10,conj_grid,273,7,2,332,-310,10.2,3
10,conj_grid,273,14,2,320,-209,10.57,3
10,conj_grid,273,19,2,109,-98,11.47,3
10,conj_grid,273,21,2,326,-112,12.03,3
10,conj_grid,273,26,2,109,3,12.7,3
10,conj_grid,273,47,2,103,337,13.45,3
10,conj_grid,273,39,2,5,225,13.95,3
10,conj_grid,273,45,2,-113,341,14.58,3
10,conj_grid,273,22,2,-335,-10,15.62,3
10,conj_grid,273,16,2,-221,-102,16.27,3
10,conj_grid,274,44,2,-213,329,1.14,4
10,conj_grid,274,48,2,212,308,2.44,4
10,conj_grid,274,46,2,9,321,4.74,4
10,conj_grid,274,39,2,-5,225,5.3,4
10,conj_grid,274,33,2,95,102,5.87,4
10,conj_grid,274,27,2,213,19,6.43,4
10,conj_grid,274,17,2,-88,-102,7.7,4
10,conj_grid,274,18,2,-2,-112,8.27,4
10,conj_grid,274,14,2,322,-210,9.27,4
10,conj_grid,274,7,2,349,-322,9.93,4
10,conj_grid,274,6,2,215,-328,10.57,4
10,conj_grid,274,1,2,-323,-313,11.6,4
10,conj_grid,274,2,1,-221,-327,12.13,4
10,conj_grid,274,11,1,-2,-210,12.83,4
10,conj_grid,274,13,1,201,-199,13.37,4
10,conj_grid,274,26,1,101,-1,13.9,4
10,conj_grid,274,25,1,-5,10,14.4,4
10,conj_grid,274,32,1,-2,95,14.97,4
10,conj_grid,274,31,1,-105,100,15.47,4
10,conj_grid,274,38,1,-119,220,16.3,4
10,conj_grid,274,41,1,221,212,17,4
10,conj_grid,274,42,1,329,228,17.6,4
10,conj_grid,274,21,1,310,-104,18.85,4
10,conj_grid,274,43,1,-327,323,23.38,4
10,conj_grid,275,44,1,-216,312,1.17,5
10,conj_grid,275,37,1,-222,217,1.64,5
10,conj_grid,275,38,1,-100,198,2.3,5
10,conj_grid,275,30,1,-202,110,2.9,5
10,conj_grid,275,32,1,-7,92,3.47,5
10,conj_grid,275,33,1,78,97,4.17,5
10,conj_grid,275,42,1,338,209,4.94,5
10,conj_grid,275,49,1,326,318,5.54,5
10,conj_grid,275,27,1,211,-23,6.3,5
10,conj_grid,275,6,1,227,-319,7.27,5
10,conj_grid,275,4,1,-9,-327,7.97,5
10,conj_grid,275,8,1,-336,-212,8.87,5
10,conj_grid,275,1,2,-316,-319,9.7,5
10,conj_grid,275,17,2,-125,-90,10.37,5
10,conj_grid,275,10,2,-98,-221,11.37,5
10,conj_grid,275,11,2,2,-213,11.83,5
10,conj_grid,275,12,2,105,-217,12.43,5
10,conj_grid,275,13,2,206,-237,12.9,5
10,conj_grid,275,21,2,325,-107,13.48,5
10,conj_grid,275,26,2,98,3,14.13,5
10,conj_grid,275,25,2,1,8,14.6,5
10,conj_grid,275,46,2,3,324,15.75,5
10,conj_grid,275,39,2,-16,224,16.2,5
10,conj_grid,275,45,2,-110,298,16.68,5
10,conj_rot,276,30,1,-252,-70,1.3,1
10,conj_rot,276,46,1,-227,230,1.94,1
10,conj_rot,276,47,1,-135,302,2.44,1
10,conj_rot,276,48,1,-71,371,3,1
10,conj_rot,276,49,1,-0,475,3.67,1
10,conj_rot,276,40,1,-80,215,4.4,1
10,conj_rot,276,21,1,317,135,5.33,1
10,conj_rot,276,13,1,299,0,5.9,1
10,conj_rot,276,12,1,252,-69,6.4,1
10,conj_rot,276,10,1,71,-230,6.97,1
10,conj_rot,276,17,1,-16,-169,7.43,1
10,conj_rot,276,15,1,-150,-312,8.1,1
10,conj_rot,276,16,2,-70,-221,8.63,1
10,conj_rot,276,29,2,-289,-160,9.1,1
10,conj_rot,276,37,2,-303,2,9.6,1
10,conj_rot,276,38,2,-214,75,10.57,1
10,conj_rot,276,31,2,-152,4,11.23,1
10,conj_rot,276,39,2,-156,151,11.97,1
10,conj_rot,276,45,2,-321,144,12.64,1
10,conj_rot,276,41,2,19,302,13.52,1
10,conj_rot,276,20,2,238,69,14.25,1
10,conj_rot,276,19,2,170,6,14.75,1
10,conj_rot,276,25,2,4,-8,15.22,1
10,conj_rot,276,4,2,235,-227,15.92,1
10,conj_rot,277,8,1,-80,-383,1.37,2
10,conj_rot,277,15,1,-157,-304,1.93,2
10,conj_rot,277,36,1,-390,-76,2.54,2
10,conj_rot,277,38,1,-246,74,3.2,2
10,conj_rot,277,45,1,-320,160,3.6,2
10,conj_rot,277,47,1,-157,306,4.17,2
10,conj_rot,277,40,1,-65,235,4.77,2
10,conj_rot,277,35,1,152,305,5.43,2
10,conj_rot,277,49,1,-7,471,6.2,2
10,conj_rot,277,6,1,389,-85,7.07,2
10,conj_rot,277,25,1,6,-12,7.67,2
10,conj_rot,277,24,1,-72,-81,8.17,2
10,conj_rot,277,30,2,-229,-64,8.73,2
10,conj_rot,277,37,2,-296,-23,10.47,2
10,conj_rot,277,29,2,-311,-148,11,2
10,conj_rot,277,22,2,-202,-241,11.6,2
10,conj_rot,277,3,2,157,-308,12.76,2
10,conj_rot,277,4,2,225,-233,13.13,2
10,conj_rot,277,5,2,311,-149,14.57,2
10,conj_rot,277,12,2,230,-46,15,2
10,conj_rot,277,20,2,235,71,15.53,2
10,conj_rot,277,28,2,223,245,16.1,2
10,conj_rot,277,39,2,-152,157,16.6,2
10,conj_rot,277,46,2,-240,216,17.22,2
10,conj_rot,278,29,1,-315,-166,2.07,3
10,conj_rot,278,22,2,-233,-227,2.87,3
10,conj_rot,278,15,2,-168,-284,3.4,3
10,conj_rot,278,23,2,-142,-171,5.03,3
10,conj_rot,278,24,2,-75,-80,5.63,3
10,conj_rot,278,17,2,12,-156,6.13,3
10,conj_rot,278,18,1,69,-71,6.7,3
10,conj_rot,278,10,2,74,-225,7.3,3
10,conj_rot,278,11,2,155,-164,7.93,3
10,conj_rot,278,4,1,236,-236,8.4,3
10,conj_rot,278,8,1,-67,-403,9.17,3
10,conj_rot,278,5,1,317,-164,10.33,3
10,conj_rot,278,6,1,389,-81,10.9,3
10,conj_rot,278,7,1,480,7,11.6,3
10,conj_rot,278,27,2,147,168,13.27,3
10,conj_rot,278,26,2,87,79,13.87,3
10,conj_rot,278,32,1,-74,79,14.5,3
10,conj_rot,278,33,1,-13,138,14.83,3
10,conj_rot,278,38,1,-216,83,15.8,3
10,conj_rot,278,45,2,-303,154,16.63,3
10,conj_rot,278,35,2,133,321,18.1,3
10,conj_rot,278,48,2,-94,406,18.82,3
10,conj_rot,278,49,1,2,462,19.53,3
10,conj_rot,278,41,1,3,302,20.1,3
10,conj_rot,279,38,1,-228,75,1.57,4
10,conj_rot,279,40,1,-85,234,2.14,4
10,conj_rot,279,31,1,-149,16,2.77,4
10,conj_rot,279,24,1,-73,-76,3.4,4
10,conj_rot,279,3,1,150,-304,4.27,4
10,conj_rot,279,5,1,304,-143,4.9,4
10,conj_rot,279,7,1,456,-11,5.5,4
10,conj_rot,279,28,1,230,227,6.07,4
10,conj_rot,279,35,1,140,324,6.53,4
10,conj_rot,279,42,1,94,379,6.84,4
10,conj_rot,279,49,1,3,467,7.27,4
10,conj_rot,279,48,1,-84,382,7.77,4
10,conj_rot,279,41,2,2,300,8.23,4
10,conj_rot,279,34,2,81,236,8.63,4
10,conj_rot,279,33,2,-6,161,10.2,4
10,conj_rot,279,26,2,85,69,10.8,4
10,conj_rot,279,21,2,305,150,11.43,4
10,conj_rot,279,14,2,385,71,13.3,4
10,conj_rot,279,13,2,314,5,13.73,4
10,conj_rot,279,9,2,-2,-310,15.37,4
10,conj_rot,279,30,2,-226,-64,16.58,4
10,conj_rot,279,37,2,-296,-8,17.72,4
10,conj_rot,279,44,2,-400,70,18.27,4
10,conj_rot,279,16,2,-75,-237,19,4
10,conj_rot,280,44,2,-370,88,1.6,5
10,conj_rot,280,45,2,-324,149,2.14,5
10,conj_rot,280,46,1,-232,233,3.27,5
10,conj_rot,280,40,1,-79,211,3.7,5
10,conj_rot,280,33,1,15,154,4.27,5
10,conj_rot,280,25,1,-0,-10,4.77,5
10,conj_rot,280,24,1,-93,-78,5.37,5
10,conj_rot,280,18,1,73,-82,5.97,5
10,conj_rot,280,10,1,74,-221,6.47,5
10,conj_rot,280,15,1,-140,-300,7.17,5
10,conj_rot,280,5,1,302,-152,8,5
10,conj_rot,280,14,1,392,86,9.03,5
10,conj_rot,280,7,1,462,6,9.63,5
10,conj_rot,280,42,1,97,368,10.43,5
10,conj_rot,280,41,2,9,306,11.93,5
10,conj_rot,280,48,2,-97,393,12.94,5
10,conj_rot,280,28,2,219,226,13.6,5
10,conj_rot,280,20,2,223,67,14.43,5
10,conj_rot,280,19,2,159,-15,15.33,5
10,conj_rot,280,6,2,388,-66,15.98,5
10,conj_rot,280,17,2,-0,-143,16.58,5
10,conj_rot,280,9,2,1,-289,17.08,5
10,conj_rot,280,2,2,85,-389,17.75,5
10,conj_rot,280,1,2,-1,-447,18.4,5
10,conj_uni,281,12,1,-262,-102,1,1
10,conj_uni,281,23,1,-216,-135,1.57,1
10,conj_uni,281,27,1,-286,-283,2.27,1
10,conj_uni,281,14,1,129,-191,2.97,1
10,conj_uni,281,43,1,322,-316,3.67,1
10,conj_uni,281,28,1,314,-116,4.24,1
10,conj_uni,281,44,1,198,-58,4.77,1
10,conj_uni,281,32,1,13,-80,5.3,1
10,conj_uni,281,26,1,87,279,6.1,1
10,conj_uni,281,24,1,11,173,7.27,1
10,conj_uni,281,16,1,118,105,7.9,1
10,conj_uni,281,38,1,-205,179,8.9,1
10,conj_uni,281,41,2,5,274,9.93,1
10,conj_uni,281,29,2,31,331,10.3,1
10,conj_uni,281,31,2,294,211,10.83,1
10,conj_uni,281,45,2,-19,-23,12,1
10,conj_uni,281,42,2,145,-21,12.67,1
10,conj_uni,281,5,2,106,-60,13.6,1
10,conj_uni,281,49,2,164,-131,14.17,1
10,conj_uni,281,1,2,251,-177,14.8,1
10,conj_uni,281,36,2,115,-245,15.4,1
10,conj_uni,281,25,2,146,-305,15.87,1
10,conj_uni,281,13,2,-55,-185,17.47,1
10,conj_uni,281,2,2,-201,39,18.31,1
10,conj_uni,282,24,1,-317,318,1.17,2
10,conj_uni,282,44,1,245,353,1.9,2
10,conj_uni,282,14,1,195,250,3.4,2
10,conj_uni,282,30,1,61,2,4.3,2
10,conj_uni,282,36,1,82,-51,5,2
10,conj_uni,282,7,1,176,-124,5.63,2
10,conj_uni,282,46,1,-49,-46,6.3,2
10,conj_uni,282,31,1,-165,-38,6.93,2
10,conj_uni,282,29,1,-137,-114,7.53,2
10,conj_uni,282,21,1,-262,-293,8.27,2
10,conj_uni,282,1,1,-206,-358,8.8,2
10,conj_uni,282,17,1,175,-253,9.97,2
10,conj_uni,282,26,2,300,-178,10.6,2
10,conj_uni,282,18,2,232,-104,11.13,2
10,conj_uni,282,47,2,352,256,12.4,2
10,conj_uni,282,2,2,306,223,12.73,2
10,conj_uni,282,6,2,245,227,13.23,2
10,conj_uni,282,40,2,323,89,13.97,2
10,conj_uni,282,27,2,136,140,14.57,2
10,conj_uni,282,19,2,46,106,15.1,2
10,conj_uni,282,9,2,-39,158,15.5,2
10,conj_uni,282,28,2,-50,304,16.02,2
10,conj_uni,282,10,2,-242,131,16.82,2
10,conj_uni,282,23,2,-359,-326,18.1,2
10,conj_uni,283,36,1,-254,316,1.47,3
10,conj_uni,283,43,1,71,301,2.14,3
10,conj_uni,283,25,1,34,-82,3.03,3
10,conj_uni,283,19,1,-81,-166,3.63,3
10,conj_uni,283,44,1,121,-131,4.24,3
10,conj_uni,283,4,1,260,-103,4.87,3
10,conj_uni,283,27,1,216,-185,5.5,3
10,conj_uni,283,15,1,231,-253,5.87,3
10,conj_uni,283,48,1,362,-307,6.44,3
10,conj_uni,283,16,1,304,-368,7.03,3
10,conj_uni,283,42,1,98,-310,7.77,3
10,conj_uni,283,41,1,74,-361,8.17,3
10,conj_uni,283,29,2,-165,-347,8.83,3
10,conj_uni,283,20,2,197,-323,9.67,3
10,conj_uni,283,26,2,306,-313,10.33,3
10,conj_uni,283,28,2,285,-219,10.8,3
10,conj_uni,283,12,2,146,-199,11.33,3
10,conj_uni,283,17,2,189,-5,12.07,3
10,conj_uni,283,1,2,352,108,12.63,3
10,conj_uni,283,6,2,224,238,13.2,3
10,conj_uni,283,45,2,102,254,13.67,3
10,conj_uni,283,22,2,-63,206,14.13,3
10,conj_uni,283,39,2,-182,-71,15.15,3
10,conj_uni,283,49,2,-142,197,16.25,3
10,conj_uni,284,45,1,-317,306,0.94,4
10,conj_uni,284,20,1,-181,313,1.57,4
10,conj_uni,284,36,1,-123,337,2.17,4
10,conj_uni,284,9,1,-230,178,2.73,4
10,conj_uni,284,12,1,-257,110,3.23,4
10,conj_uni,284,31,1,-318,98,3.9,4
10,conj_uni,284,32,1,-275,-145,4.64,4
10,conj_uni,284,3,1,-221,-134,5.17,4
10,conj_uni,284,18,1,-203,-281,5.97,4
10,conj_uni,284,49,1,-148,-266,6.37,4
10,conj_uni,284,17,1,-34,-275,7.1,4
10,conj_uni,284,40,1,234,58,9.03,4
10,conj_uni,284,33,2,21,274,10.5,4
10,conj_uni,284,39,2,-167,235,11.3,4
10,conj_uni,284,1,2,-102,-234,12.63,4
10,conj_uni,284,13,2,-9,-86,13.3,4
10,conj_uni,284,26,2,112,-327,14.43,4
10,conj_uni,284,44,2,175,-275,14.93,4
10,conj_uni,284,43,2,225,-300,15.47,4
10,conj_uni,284,14,2,21,-292,16.23,4
10,conj_uni,284,24,2,328,-240,17.02,4
10,conj_uni,284,16,2,207,-158,17.48,4
10,conj_uni,284,15,2,238,3,18.26,4
10,conj_uni,284,7,2,224,-104,19,4
10,conj_uni,285,35,1,-285,28,0.87,5
10,conj_uni,285,29,1,-273,294,1.37,5
10,conj_uni,285,1,1,153,271,1.97,5
10,conj_uni,285,18,1,84,285,2.37,5
10,conj_uni,285,26,1,198,304,2.97,5
10,conj_uni,285,14,1,269,179,3.6,5
10,conj_uni,285,32,1,225,144,3.97,5
10,conj_uni,285,17,1,138,128,4.47,5
10,conj_uni,285,23,1,38,-97,5.03,5
10,conj_uni,285,46,1,-211,-165,5.7,5
10,conj_uni,285,8,1,-200,-247,6.23,5
10,conj_uni,285,11,1,143,-280,7.17,5
10,conj_uni,285,20,2,276,-332,7.77,5
10,conj_uni,285,39,2,94,-252,8.5,5
10,conj_uni,285,12,2,195,-35,9.1,5
10,conj_uni,285,3,2,357,96,9.7,5
10,conj_uni,285,45,2,357,254,12.04,5
10,conj_uni,285,43,2,-48,105,12.8,5
10,conj_uni,285,19,2,-327,190,13.3,5
10,conj_uni,285,10,2,-353,-83,13.98,5
10,conj_uni,285,38,2,-220,-88,14.63,5
10,conj_uni,285,9,2,-155,-172,15.45,5
10,conj_uni,285,4,2,-267,-318,16.77,5
10,conj_uni,285,40,2,-148,-228,19.02,5
10,feat_grid,286,44,1,-210,341,1.24,1
10,feat_grid,286,45,2,-112,333,1.94,1
10,feat_grid,286,38,1,-99,226,2.47,1
10,feat_grid,286,31,1,-107,110,2.97,1
10,feat_grid,286,30,2,-224,106,3.54,1
10,feat_grid,286,23,1,-212,11,4.1,1
10,feat_grid,286,17,2,-104,-103,4.77,1
10,feat_grid,286,9,1,-220,-223,5.5,1
10,feat_grid,286,10,1,-94,-237,6,1
10,feat_grid,286,4,2,7,-318,6.53,1
10,feat_grid,286,11,1,29,-216,7.07,1
10,feat_grid,286,25,1,10,2,8.13,1
10,feat_grid,286,18,1,-15,-111,8.47,1
10,feat_grid,286,32,2,-6,86,8.97,1
10,feat_grid,286,12,2,111,-210,9.87,1
10,feat_grid,286,6,1,207,-345,10.4,1
10,feat_grid,286,7,1,316,-313,11,1
10,feat_grid,286,13,2,209,-217,11.5,1
10,feat_grid,286,19,2,98,-118,12.1,1
10,feat_grid,286,33,2,120,112,12.85,1
10,feat_grid,286,35,2,325,114,13.45,1
10,feat_grid,286,42,2,328,217,13.88,1
10,feat_grid,286,40,1,111,223,14.58,1
10,feat_grid,286,47,2,97,320,15.05,1
10,feat_grid,287,36,2,-331,213,1.14,2
10,feat_grid,287,32,2,-6,103,1.87,2
10,feat_grid,287,30,1,-214,123,2.44,2
10,feat_grid,287,25,1,-1,-4,3.03,2
10,feat_grid,287,18,2,-3,-113,3.73,2
10,feat_grid,287,24,2,-103,-20,4.27,2
10,feat_grid,287,17,2,-101,-122,4.7,2
10,feat_grid,287,10,2,-117,-221,5.2,2
10,feat_grid,287,9,2,-214,-216,5.7,2
10,feat_grid,287,3,1,-100,-338,6.5,2
10,feat_grid,287,11,1,3,-232,7.03,2
10,feat_grid,287,12,1,107,-224,8,2
10,feat_grid,287,5,1,106,-323,8.5,2
10,feat_grid,287,7,2,320,-329,8.93,2
10,feat_grid,287,14,1,319,-217,9.37,2
10,feat_grid,287,21,1,334,-105,9.83,2
10,feat_grid,287,28,1,309,-16,10.37,2
10,feat_grid,287,27,1,214,3,10.87,2
10,feat_grid,287,34,2,217,95,11.47,2
10,feat_grid,287,35,2,330,81,11.87,2
10,feat_grid,287,42,1,309,208,12.42,2
10,feat_grid,287,41,2,231,229,12.8,2
10,feat_grid,287,48,2,210,308,13.37,2
10,feat_grid,287,45,1,-108,323,13.85,2
10,feat_grid,288,8,1,-311,-231,1.23,3
10,feat_grid,288,15,2,-313,-107,1.73,3
10,feat_grid,288,16,2,-223,-100,2.43,3
10,feat_grid,288,23,1,-223,3,3.9,3
10,feat_grid,288,29,1,-285,110,4.4,3
10,feat_grid,288,30,1,-193,105,4.93,3
10,feat_grid,288,31,1,-113,101,5.33,3
10,feat_grid,288,24,2,-115,-12,5.77,3
10,feat_grid,288,17,1,-104,-102,6.17,3
10,feat_grid,288,3,2,-126,-343,6.77,3
10,feat_grid,288,11,2,0,-219,7.33,3
10,feat_grid,288,18,2,6,-116,7.7,3
10,feat_grid,288,5,1,112,-336,8.23,3
10,feat_grid,288,12,2,124,-208,8.7,3
10,feat_grid,288,13,2,206,-216,9.07,3
10,feat_grid,288,7,2,322,-331,9.77,3
10,feat_grid,288,27,1,238,12,10.37,3
10,feat_grid,288,26,2,112,-5,10.77,3
10,feat_grid,288,34,2,203,91,11.3,3
10,feat_grid,288,32,1,-27,113,11.83,3
10,feat_grid,288,40,1,99,219,12.22,3
10,feat_grid,288,41,1,217,210,12.75,3
10,feat_grid,288,48,2,220,328,13.77,3
10,feat_grid,288,35,1,326,109,14.37,3
10,feat_grid,289,43,2,-325,328,1.47,4
10,feat_grid,289,38,2,-88,240,2.17,4
10,feat_grid,289,31,1,-109,119,2.6,4
10,feat_grid,289,30,2,-214,100,3.9,4
10,feat_grid,289,23,1,-219,-2,4.33,4
10,feat_grid,289,22,2,-333,3,4.9,4
10,feat_grid,289,15,1,-315,-96,5.57,4
10,feat_grid,289,16,2,-226,-111,5.93,4
10,feat_grid,289,8,2,-334,-218,7.3,4
10,feat_grid,289,1,1,-322,-326,7.97,4
10,feat_grid,289,17,1,-107,-109,8.8,4
10,feat_grid,289,10,2,-106,-222,9.33,4
10,feat_grid,289,11,2,-5,-205,9.8,4
10,feat_grid,289,4,2,3,-330,10.4,4
10,feat_grid,289,7,2,309,-319,11.03,4
10,feat_grid,289,21,1,335,-87,11.67,4
10,feat_grid,289,28,1,311,1,12.03,4
10,feat_grid,289,27,1,211,-7,12.53,4
10,feat_grid,289,26,1,104,-3,12.9,4
10,feat_grid,289,34,1,208,116,13.53,4
10,feat_grid,289,40,1,122,206,14.07,4
10,feat_grid,289,48,2,229,306,14.58,4
10,feat_grid,289,49,2,337,333,15.57,4
10,feat_grid,289,42,1,333,232,16.05,4
10,feat_grid,290,43,2,-321,330,0.97,5
10,feat_grid,290,36,2,-328,211,2.17,5
10,feat_grid,290,22,1,-322,12,2.77,5
10,feat_grid,290,15,2,-315,-98,3.4,5
10,feat_grid,290,16,2,-224,-112,3.87,5
10,feat_grid,290,8,2,-315,-239,4.47,5
10,feat_grid,290,9,1,-215,-221,4.87,5
10,feat_grid,290,2,2,-224,-314,5.43,5
10,feat_grid,290,3,2,-113,-315,6.07,5
10,feat_grid,290,4,1,0,-321,6.5,5
10,feat_grid,290,5,1,93,-313,6.9,5
10,feat_grid,290,6,2,231,-345,7.4,5
10,feat_grid,290,14,1,329,-209,8.07,5
10,feat_grid,290,20,1,218,-104,8.57,5
10,feat_grid,290,17,1,-109,-85,9.5,5
10,feat_grid,290,19,1,105,-105,10,5
10,feat_grid,290,26,2,103,-8,10.37,5
10,feat_grid,290,25,1,8,13,10.67,5
10,feat_grid,290,32,2,-18,90,11.08,5
10,feat_grid,290,40,2,103,219,11.95,5
10,feat_grid,290,41,1,205,232,12.32,5
10,feat_grid,290,42,2,328,207,12.65,5
10,feat_grid,290,35,1,337,118,13.27,5
10,feat_grid,290,49,1,329,320,14.07,5
10,feat_rot,291,44,1,-392,62,0.77,1
10,feat_rot,291,43,1,-455,1,1.3,1
10,feat_rot,291,29,1,-311,-164,1.97,1
10,feat_rot,291,24,1,-77,-79,2.7,1
10,feat_rot,291,16,1,-61,-241,3.2,1
10,feat_rot,291,17,1,10,-163,3.73,1
10,feat_rot,291,25,1,-13,-8,4.27,1
10,feat_rot,291,18,1,91,-76,5.33,1
10,feat_rot,291,10,1,66,-238,5.87,1
10,feat_rot,291,22,2,-237,-243,6.7,1
10,feat_rot,291,15,2,-162,-308,7.23,1
10,feat_rot,291,1,1,17,-470,7.9,1
10,feat_rot,291,3,2,146,-307,8.6,1
10,feat_rot,291,5,2,314,-151,9.27,1
10,feat_rot,291,12,2,245,-75,9.73,1
10,feat_rot,291,14,2,374,66,10.5,1
10,feat_rot,291,7,2,474,0,10.97,1
10,feat_rot,291,21,2,306,164,12.1,1
10,feat_rot,291,28,1,224,245,12.7,1
10,feat_rot,291,27,1,156,170,13.77,1
10,feat_rot,291,26,2,71,71,14.43,1
10,feat_rot,291,40,2,-85,213,15.1,1
10,feat_rot,291,41,2,17,292,15.67,1
10,feat_rot,291,48,2,-73,384,16.37,1
10,feat_rot,292,45,2,-300,150,1.17,2
10,feat_rot,292,37,2,-296,1,1.8,2
10,feat_rot,292,31,1,-164,2,2.2,2
10,feat_rot,292,23,2,-154,-148,3.47,2
10,feat_rot,292,22,1,-226,-233,3.9,2
10,feat_rot,292,17,2,-11,-148,5.03,2
10,feat_rot,292,9,1,4,-314,5.57,2
10,feat_rot,292,8,1,-83,-377,6.2,2
10,feat_rot,292,1,2,-6,-455,6.6,2
10,feat_rot,292,2,1,84,-382,7.1,2
10,feat_rot,292,18,1,83,-78,7.53,2
10,feat_rot,292,12,1,222,-62,8.2,2
10,feat_rot,292,19,2,163,4,8.57,2
10,feat_rot,292,14,2,383,90,9.63,2
10,feat_rot,292,20,2,229,74,9.97,2
10,feat_rot,292,7,1,449,-1,10.6,2
10,feat_rot,292,26,1,76,70,12.23,2
10,feat_rot,292,33,1,-13,149,12.73,2
10,feat_rot,292,32,1,-57,68,13.3,2
10,feat_rot,292,46,2,-232,240,13.8,2
10,feat_rot,292,48,2,-76,392,14.78,2
10,feat_rot,292,49,1,6,456,15.15,2
10,feat_rot,292,42,2,86,406,15.67,2
10,feat_rot,292,35,2,134,306,16.17,2
10,feat_rot,293,37,1,-310,9,0.9,3
10,feat_rot,293,30,1,-230,-83,1.4,3
10,feat_rot,293,23,1,-151,-165,2,3
10,feat_rot,293,31,2,-126,-7,2.47,3
10,feat_rot,293,24,2,-78,-66,2.84,3
10,feat_rot,293,29,2,-301,-161,3.43,3
10,feat_rot,293,15,1,-160,-313,4.27,3
10,feat_rot,293,1,2,-2,-460,4.93,3
10,feat_rot,293,2,1,68,-386,5.4,3
10,feat_rot,293,3,2,143,-315,6,3
10,feat_rot,293,17,1,-0,-141,7.43,3
10,feat_rot,293,12,1,244,-80,8.73,3
10,feat_rot,293,11,2,138,-140,9.43,3
10,feat_rot,293,5,2,301,-160,10.17,3
10,feat_rot,293,6,2,377,-72,10.87,3
10,feat_rot,293,14,1,400,72,11.63,3
10,feat_rot,293,20,1,240,91,12.2,3
10,feat_rot,293,21,2,297,151,12.67,3
10,feat_rot,293,35,2,171,304,13.13,3
10,feat_rot,293,42,2,72,372,13.6,3
10,feat_rot,293,48,1,-82,389,14.24,3
10,feat_rot,293,47,2,-151,307,14.73,3
10,feat_rot,293,46,1,-236,236,15.75,3
10,feat_rot,293,33,1,-6,161,16.38,3
10,feat_rot,294,43,1,-458,14,1.24,4
10,feat_rot,294,36,2,-374,-78,1.7,4
10,feat_rot,294,37,2,-305,-17,2.17,4
10,feat_rot,294,47,1,-150,302,2.9,4
10,feat_rot,294,39,1,-162,176,3.5,4
10,feat_rot,294,31,1,-165,8,4.04,4
10,feat_rot,294,23,1,-144,-163,4.7,4
10,feat_rot,294,15,2,-156,-299,5.2,4
10,feat_rot,294,8,1,-61,-383,5.73,4
10,feat_rot,294,1,1,6,-454,6.37,4
10,feat_rot,294,2,2,75,-382,6.8,4
10,feat_rot,294,3,2,126,-316,7.17,4
10,feat_rot,294,4,1,236,-239,7.63,4
10,feat_rot,294,11,2,159,-174,8.1,4
10,feat_rot,294,18,2,52,-94,8.57,4
10,feat_rot,294,17,2,11,-153,8.93,4
10,feat_rot,294,19,2,161,-0,9.53,4
10,feat_rot,294,12,2,243,-85,10.13,4
10,feat_rot,294,13,1,298,1,10.63,4
10,feat_rot,294,21,1,316,151,11.43,4
10,feat_rot,294,28,2,232,250,11.92,4
10,feat_rot,294,35,1,164,299,12.35,4
10,feat_rot,294,27,1,160,150,12.73,4
10,feat_rot,294,49,2,1,472,13.52,4
10,feat_rot,295,36,1,-393,-66,0.94,5
10,feat_rot,295,29,2,-304,-170,1.5,5
10,feat_rot,295,22,2,-232,-222,1.9,5
10,feat_rot,295,15,2,-163,-299,2.37,5
10,feat_rot,295,30,2,-232,-68,2.97,5
10,feat_rot,295,31,2,-142,9,3.37,5
10,feat_rot,295,23,1,-133,-141,4.03,5
10,feat_rot,295,24,1,-71,-66,4.4,5
10,feat_rot,295,17,1,3,-150,4.93,5
10,feat_rot,295,10,2,70,-231,5.53,5
10,feat_rot,295,9,2,-9,-303,6.07,5
10,feat_rot,295,1,1,13,-466,6.77,5
10,feat_rot,295,4,1,222,-215,7.4,5
10,feat_rot,295,11,1,149,-152,8.1,5
10,feat_rot,295,5,2,286,-149,8.7,5
10,feat_rot,295,13,1,307,-12,9.23,5
10,feat_rot,295,6,1,404,-79,9.73,5
10,feat_rot,295,19,2,143,-9,10.23,5
10,feat_rot,295,33,1,3,155,10.83,5
10,feat_rot,295,45,2,-296,158,11.92,5
10,feat_rot,295,39,2,-163,149,12.75,5
10,feat_rot,295,48,2,-93,381,13.73,5
10,feat_rot,295,42,1,59,380,14.35,5
10,feat_rot,295,35,1,157,312,14.85,5
10,feat_uni,296,32,1,-323,-148,1,1
10,feat_uni,296,4,2,-233,-156,1.43,1
10,feat_uni,296,25,2,-270,-208,1.93,1
10,feat_uni,296,21,1,-152,-234,2.4,1
10,feat_uni,296,40,2,-41,-198,2.84,1
10,feat_uni,296,39,2,-89,-5,3.37,1
10,feat_uni,296,33,2,252,-290,4.3,1
10,feat_uni,296,8,1,357,-134,4.83,1
10,feat_uni,296,1,1,275,-110,5.23,1
10,feat_uni,296,18,2,216,-71,5.8,1
10,feat_uni,296,19,1,159,-27,7.17,1
10,feat_uni,296,15,1,50,85,7.7,1
10,feat_uni,296,12,2,104,104,8.13,1
10,feat_uni,296,29,2,60,146,8.57,1
10,feat_uni,296,7,1,197,173,9.17,1
10,feat_uni,296,5,1,293,176,9.9,1
10,feat_uni,296,26,2,151,211,10.3,1
10,feat_uni,296,3,1,107,305,10.87,1
10,feat_uni,296,44,1,153,336,11.33,1
10,feat_uni,296,2,2,65,343,11.7,1
10,feat_uni,296,45,2,54,287,12.08,1
10,feat_uni,296,24,2,-76,305,12.92,1
10,feat_uni,296,16,1,4,316,13.3,1
10,feat_uni,296,22,1,-191,261,13.9,1
10,feat_uni,297,1,1,-325,-168,0.93,2
10,feat_uni,297,14,1,-273,-186,1.47,2
10,feat_uni,297,24,2,-277,-241,1.9,2
10,feat_uni,297,15,2,-194,-90,2.47,2
10,feat_uni,297,41,1,-91,-97,3.24,2
10,feat_uni,297,39,1,-67,-149,3.64,2
10,feat_uni,297,3,2,-72,-229,4.23,2
10,feat_uni,297,13,1,-5,-274,4.77,2
10,feat_uni,297,27,1,320,-231,5.5,2
10,feat_uni,297,48,2,267,-23,6,2
10,feat_uni,297,35,2,244,53,6.53,2
10,feat_uni,297,46,2,297,205,7.24,2
10,feat_uni,297,10,1,126,267,7.8,2
10,feat_uni,297,9,2,93,8,8.33,2
10,feat_uni,297,7,1,32,108,8.67,2
10,feat_uni,297,42,1,-8,67,9.1,2
10,feat_uni,297,28,2,-49,24,9.57,2
10,feat_uni,297,45,2,-95,-10,9.97,2
10,feat_uni,297,19,1,-108,156,10.5,2
10,feat_uni,297,11,1,-193,119,11.05,2
10,feat_uni,297,49,2,-192,175,11.33,2
10,feat_uni,297,31,1,-273,228,11.78,2
10,feat_uni,297,38,2,-320,324,12.27,2
10,feat_uni,297,22,2,-17,320,13.47,2
10,feat_uni,298,8,1,-316,-316,1.33,3
10,feat_uni,298,38,1,-321,-373,1.7,3
10,feat_uni,298,26,2,-263,-350,2.1,3
10,feat_uni,298,25,2,-105,-339,2.6,3
10,feat_uni,298,43,1,-77,-290,2.97,3
10,feat_uni,298,22,1,158,-241,3.53,3
10,feat_uni,298,48,2,251,-163,3.94,3
10,feat_uni,298,46,2,319,-158,4.3,3
10,feat_uni,298,1,2,341,-222,4.77,3
10,feat_uni,298,34,1,290,57,5.44,3
10,feat_uni,298,11,1,190,160,6,3
10,feat_uni,298,10,1,96,165,6.37,3
10,feat_uni,298,13,1,155,287,6.9,3
10,feat_uni,298,42,2,185,335,7.5,3
10,feat_uni,298,9,1,259,348,8,3
10,feat_uni,298,23,1,11,352,8.53,3
10,feat_uni,298,12,2,-171,276,9.07,3
10,feat_uni,298,28,1,-49,125,9.53,3
10,feat_uni,298,27,2,-102,106,9.93,3
10,feat_uni,298,24,2,-153,81,10.28,3
10,feat_uni,298,41,2,-262,-20,10.98,3
10,feat_uni,298,6,1,-333,-35,11.27,3
10,feat_uni,298,35,2,-293,202,11.9,3
10,feat_uni,298,49,2,-346,258,12.17,3
10,feat_uni,299,22,1,-264,293,1.53,4
10,feat_uni,299,28,1,-329,265,1.9,4
10,feat_uni,299,14,1,-357,50,2.47,4
10,feat_uni,299,29,2,-262,-4,2.94,4
10,feat_uni,299,20,2,-114,-31,3.43,4
10,feat_uni,299,6,1,-302,-188,3.97,4
10,feat_uni,299,46,1,-291,-243,4.34,4
10,feat_uni,299,37,1,-196,-246,4.74,4
10,feat_uni,299,3,1,-239,-371,5.5,4
10,feat_uni,299,7,2,-105,-366,6.17,4
10,feat_uni,299,47,2,36,-141,7.04,4
10,feat_uni,299,41,2,118,-188,7.67,4
10,feat_uni,299,48,1,93,-238,7.97,4
10,feat_uni,299,30,2,248,-312,8.47,4
10,feat_uni,299,42,1,342,-57,9.1,4
10,feat_uni,299,32,1,200,-23,9.6,4
10,feat_uni,299,27,1,250,212,10.7,4
10,feat_uni,299,44,1,103,184,11.13,4
10,feat_uni,299,13,2,110,105,11.58,4
10,feat_uni,299,39,2,54,123,11.95,4
10,feat_uni,299,18,2,-70,67,12.5,4
10,feat_uni,299,38,2,-130,83,12.8,4
10,feat_uni,299,49,2,-13,246,13.3,4
10,feat_uni,299,33,2,-67,263,13.57,4
10,feat_uni,300,26,2,-212,155,0.95,5
10,feat_uni,300,32,1,-349,47,1.75,5
10,feat_uni,300,23,1,-270,-15,2.48,5
10,feat_uni,300,48,1,-325,-116,3.05,5
10,feat_uni,300,40,2,-328,-215,3.52,5
10,feat_uni,300,18,1,-63,-207,4.28,5
10,feat_uni,300,43,2,-72,-311,4.72,5
10,feat_uni,300,29,1,-55,-92,5.22,5
10,feat_uni,300,12,2,91,-309,5.75,5
10,feat_uni,300,11,2,118,-357,6.08,5
10,feat_uni,300,6,2,214,-133,6.68,5
10,feat_uni,300,14,2,270,-127,7.02,5
10,feat_uni,300,2,1,264,-188,7.32,5
10,feat_uni,300,8,1,315,-94,7.68,5
10,feat_uni,300,22,1,154,-83,8.22,5
10,feat_uni,300,45,1,188,-37,8.52,5
10,feat_uni,300,25,1,191,20,8.78,5
10,feat_uni,300,24,1,136,-16,9.05,5
10,feat_uni,300,21,1,98,-58,9.28,5
10,feat_uni,300,33,2,280,138,9.87,5
10,feat_uni,300,49,2,206,268,10.69,5
10,feat_uni,300,4,2,186,330,10.97,5
10,feat_uni,300,1,2,-2,271,11.55,5
10,feat_uni,300,9,2,-67,194,12.25,5
11,conj_grid,301,46,2,3,333,2.14,1
11,conj_grid,301,45,2,-111,314,2.5,1
11,conj_grid,301,38,2,-105,211,4.14,1
11,conj_grid,301,37,2,-203,200,4.74,1
11,conj_grid,301,44,2,-223,326,5.24,1
11,conj_grid,301,29,2,-326,100,6,1
11,conj_grid,301,15,2,-326,-98,6.57,1
11,conj_grid,301,9,2,-229,-232,7.27,1
11,conj_grid,301,3,2,-101,-318,7.8,1
11,conj_grid,301,34,2,209,120,9.07,1
11,conj_grid,301,41,2,212,221,9.57,1
11,conj_grid,301,35,2,331,99,10.17,1
11,conj_grid,301,48,1,224,345,12.5,1
11,conj_grid,301,40,1,113,216,13.13,1
11,conj_grid,301,30,1,-214,122,14.47,1
11,conj_grid,301,31,1,-123,110,14.87,1
11,conj_grid,301,32,1,10,96,15.47,1
11,conj_grid,301,27,1,222,4,16.03,1
11,conj_grid,301,20,1,206,-101,16.57,1
11,conj_grid,301,13,1,195,-210,17.12,1
11,conj_grid,301,14,1,326,-229,17.55,1
11,conj_grid,301,7,1,340,-314,18.1,1
11,conj_grid,301,2,1,-218,-318,19.41,1
11,conj_grid,301,1,1,-324,-335,19.95,1
11,conj_grid,302,40,2,97,221,3.24,2
11,conj_grid,302,33,2,113,111,3.6,2
11,conj_grid,302,26,2,114,-1,4.5,2
11,conj_grid,302,32,2,-14,88,4.94,2
11,conj_grid,302,35,2,307,100,5.44,2
11,conj_grid,302,28,2,326,-3,5.93,2
11,conj_grid,302,17,2,-115,-99,7.13,2
11,conj_grid,302,24,2,-103,-2,7.53,2
11,conj_grid,302,16,2,-217,-101,9.23,2
11,conj_grid,302,4,2,-16,-331,10.47,2
11,conj_grid,302,1,2,-322,-339,11.57,2
11,conj_grid,302,7,2,341,-327,12.4,2
11,conj_grid,302,36,1,-322,226,14.27,2
11,conj_grid,302,30,1,-208,94,15.07,2
11,conj_grid,302,31,1,-98,117,15.5,2
11,conj_grid,302,38,1,-106,207,16,2
11,conj_grid,302,47,1,106,327,16.77,2
11,conj_grid,302,41,1,215,222,17.5,2
11,conj_grid,302,49,1,319,313,18.73,2
11,conj_grid,302,34,1,213,115,19.42,2
11,conj_grid,302,25,1,-7,-12,20.12,2
11,conj_grid,302,19,1,117,-124,20.67,2
11,conj_grid,302,20,1,234,-107,21.25,2
11,conj_grid,302,12,1,116,-218,22.28,2
11,conj_grid,303,48,2,237,332,1.07,3
11,conj_grid,303,41,2,205,231,1.4,3
11,conj_grid,303,33,2,117,107,2.9,3
11,conj_grid,303,35,2,314,114,3.77,3
11,conj_grid,303,49,2,344,314,4.97,3
11,conj_grid,303,6,2,218,-325,6.37,3
11,conj_grid,303,19,2,106,-122,7.67,3
11,conj_grid,303,27,2,215,6,8.77,3
11,conj_grid,303,18,2,-2,-109,9.53,3
11,conj_grid,303,9,2,-208,-239,10.7,3
11,conj_grid,303,23,2,-205,6,11.73,3
11,conj_grid,303,29,2,-330,124,13.77,3
11,conj_grid,303,36,1,-318,222,14.67,3
11,conj_grid,303,43,1,-329,325,15.3,3
11,conj_grid,303,22,1,-330,6,16.2,3
11,conj_grid,303,1,1,-352,-328,16.96,3
11,conj_grid,303,4,1,-1,-318,17.83,3
11,conj_grid,303,5,1,103,-326,18.3,3
11,conj_grid,303,11,1,2,-211,18.93,3
11,conj_grid,303,24,1,-107,7,19.57,3
11,conj_grid,303,32,1,-1,105,20.2,3
11,conj_grid,303,47,1,119,315,21.07,3
11,conj_grid,303,42,1,321,209,21.68,3
11,conj_grid,303,28,1,322,2,22.53,3
11,conj_grid,304,44,2,-230,336,1.94,4
11,conj_grid,304,24,2,-122,16,2.57,4
11,conj_grid,304,23,2,-204,10,2.9,4
11,conj_grid,304,8,2,-325,-225,3.77,4
11,conj_grid,304,1,2,-316,-338,4.3,4
11,conj_grid,304,4,2,3,-327,5.03,4
11,conj_grid,304,25,2,-7,-9,6.53,4
11,conj_grid,304,34,2,221,118,7.53,4
11,conj_grid,304,33,2,111,104,8.33,4
11,conj_grid,304,41,2,227,193,9,4
11,conj_grid,304,27,2,217,9,9.73,4
11,conj_grid,304,28,2,334,6,10.2,4
11,conj_grid,304,5,1,103,-325,12.37,4
11,conj_grid,304,19,1,114,-99,12.97,4
11,conj_grid,304,21,1,309,-95,13.57,4
11,conj_grid,304,3,1,-102,-320,14.37,4
11,conj_grid,304,10,1,-123,-215,14.83,4
11,conj_grid,304,15,1,-324,-106,15.62,4
11,conj_grid,304,30,1,-217,108,16.42,4
11,conj_grid,304,36,1,-329,233,17.07,4
11,conj_grid,304,38,1,-100,243,17.63,4
11,conj_grid,304,39,1,-19,212,18.13,4
11,conj_grid,304,46,1,13,330,18.63,4
11,conj_grid,304,32,1,8,120,19.2,4
11,conj_grid,305,37,2,-214,238,1.87,5
11,conj_grid,305,46,2,1,331,2.97,5
11,conj_grid,305,39,2,-9,217,3.7,5
11,conj_grid,305,32,2,-6,104,4.6,5
11,conj_grid,305,33,2,107,99,5.04,5
11,conj_grid,305,47,2,119,321,5.57,5
11,conj_grid,305,20,2,209,-118,6.4,5
11,conj_grid,305,11,2,-10,-209,7.07,5
11,conj_grid,305,18,2,11,-97,8.17,5
11,conj_grid,305,6,2,213,-310,8.93,5
11,conj_grid,305,9,2,-225,-229,10.03,5
11,conj_grid,305,15,2,-324,-116,11.6,5
11,conj_grid,305,36,1,-329,228,12.83,5
11,conj_grid,305,24,1,-101,16,13.57,5
11,conj_grid,305,1,1,-336,-331,14.43,5
11,conj_grid,305,8,1,-321,-215,14.77,5
11,conj_grid,305,2,1,-200,-316,15.33,5
11,conj_grid,305,4,1,-2,-332,16.2,5
11,conj_grid,305,5,1,85,-311,16.6,5
11,conj_grid,305,13,1,209,-216,17.27,5
11,conj_grid,305,34,1,199,116,18,5
11,conj_grid,305,42,1,301,217,18.63,5
11,conj_grid,305,49,1,330,334,19.4,5
11,conj_grid,305,48,1,229,318,20.07,5
11,conj_rot,306,49,2,-6,458,2.8,1
11,conj_rot,306,42,2,88,377,3.3,1
11,conj_rot,306,40,2,-72,248,3.94,1
11,conj_rot,306,39,2,-166,147,4.57,1
11,conj_rot,306,47,2,-155,300,5.04,1
11,conj_rot,306,36,2,-392,-70,5.7,1
11,conj_rot,306,15,2,-155,-293,6.5,1
11,conj_rot,306,8,2,-73,-377,7.47,1
11,conj_rot,306,9,2,13,-311,8.07,1
11,conj_rot,306,10,2,66,-225,9.2,1
11,conj_rot,306,25,2,2,0,9.73,1
11,conj_rot,306,20,2,237,68,10.87,1
11,conj_rot,306,2,1,62,-370,12.33,1
11,conj_rot,306,16,1,-78,-230,12.93,1
11,conj_rot,306,17,1,15,-166,13.4,1
11,conj_rot,306,11,1,154,-145,14.57,1
11,conj_rot,306,19,1,148,6,15.13,1
11,conj_rot,306,27,1,131,156,16.47,1
11,conj_rot,306,34,1,87,231,16.93,1
11,conj_rot,306,33,1,-6,153,17.5,1
11,conj_rot,306,32,1,-74,74,17.97,1
11,conj_rot,306,30,1,-229,-71,18.67,1
11,conj_rot,306,37,1,-311,-6,19.2,1
11,conj_rot,306,21,1,315,142,39.85,1
11,conj_rot,307,42,2,66,374,4.64,2
11,conj_rot,307,34,2,74,243,5.17,2
11,conj_rot,307,20,2,234,96,5.97,2
11,conj_rot,307,19,2,159,2,6.8,2
11,conj_rot,307,26,2,56,75,7.27,2
11,conj_rot,307,33,2,-26,133,7.57,2
11,conj_rot,307,39,2,-160,137,7.97,2
11,conj_rot,307,45,2,-301,147,8.4,2
11,conj_rot,307,8,2,-68,-363,9.53,2
11,conj_rot,307,15,2,-136,-312,9.87,2
11,conj_rot,307,2,2,82,-372,10.67,2
11,conj_rot,307,7,2,454,-6,12.2,2
11,conj_rot,307,27,1,150,148,13.47,2
11,conj_rot,307,49,1,1,446,14.5,2
11,conj_rot,307,46,1,-224,242,15.33,2
11,conj_rot,307,36,1,-378,-70,16.4,2
11,conj_rot,307,22,1,-219,-227,17.07,2
11,conj_rot,307,25,1,-7,-12,17.7,2
11,conj_rot,307,16,1,-58,-227,18.27,2
11,conj_rot,307,9,1,6,-313,18.78,2
11,conj_rot,307,1,1,-6,-464,19.28,2
11,conj_rot,307,4,1,228,-234,19.98,2
11,conj_rot,307,5,1,306,-155,20.7,2
11,conj_rot,307,12,1,229,-81,21.38,2
11,conj_rot,308,48,2,-86,396,1.54,3
11,conj_rot,308,49,2,15,467,2.3,3
11,conj_rot,308,45,2,-314,140,3.34,3
11,conj_rot,308,37,2,-311,-14,3.9,3
11,conj_rot,308,30,2,-246,-78,4.44,3
11,conj_rot,308,23,2,-142,-142,5.07,3
11,conj_rot,308,8,2,-78,-379,6,3
11,conj_rot,308,9,2,13,-278,6.5,3
11,conj_rot,308,10,2,101,-237,6.93,3
11,conj_rot,308,2,2,82,-394,7.57,3
11,conj_rot,308,27,2,149,160,8.77,3
11,conj_rot,308,34,2,80,232,9.17,3
11,conj_rot,308,7,1,458,1,12.27,3
11,conj_rot,308,19,1,156,24,13.17,3
11,conj_rot,308,26,1,80,82,13.77,3
11,conj_rot,308,32,1,-71,93,14.47,3
11,conj_rot,308,40,1,-75,233,15.1,3
11,conj_rot,308,47,1,-135,322,15.74,3
11,conj_rot,308,46,1,-229,228,16.27,3
11,conj_rot,308,38,1,-223,71,16.9,3
11,conj_rot,308,31,1,-157,-3,17.47,3
11,conj_rot,308,24,1,-72,-55,18.1,3
11,conj_rot,308,18,1,80,-63,18.6,3
11,conj_rot,308,15,1,-150,-305,19.6,3
11,conj_rot,309,49,2,5,462,2.9,4
11,conj_rot,309,21,2,302,161,4.74,4
11,conj_rot,309,28,2,239,218,5.3,4
11,conj_rot,309,26,2,81,82,5.9,4
11,conj_rot,309,24,2,-76,-65,7.1,4
11,conj_rot,309,23,2,-150,-138,7.6,4
11,conj_rot,309,30,2,-248,-72,8.07,4
11,conj_rot,309,36,2,-390,-97,8.9,4
11,conj_rot,309,33,2,3,136,9.97,4
11,conj_rot,309,12,2,227,-88,11.3,4
11,conj_rot,309,4,2,223,-234,12.2,4
11,conj_rot,309,9,2,11,-325,13.37,4
11,conj_rot,309,3,1,152,-316,14.43,4
11,conj_rot,309,10,1,79,-227,14.97,4
11,conj_rot,309,8,1,-81,-382,15.6,4
11,conj_rot,309,22,1,-241,-236,17.23,4
11,conj_rot,309,29,1,-304,-141,17.73,4
11,conj_rot,309,43,1,-468,-2,18.87,4
11,conj_rot,309,25,1,-3,1,19.63,4
11,conj_rot,309,40,1,-78,236,20.53,4
11,conj_rot,309,20,1,229,58,21.3,4
11,conj_rot,309,14,1,381,84,22.1,4
11,conj_rot,309,7,1,452,-1,22.61,4
11,conj_rot,309,6,1,401,-71,23.03,4
11,conj_rot,310,49,2,14,489,2.47,5
11,conj_rot,310,42,2,74,365,3.6,5
11,conj_rot,310,41,2,-7,310,4.47,5
11,conj_rot,310,40,2,-63,246,4.77,5
11,conj_rot,310,43,2,-453,3,6.2,5
11,conj_rot,310,33,2,17,149,6.83,5
11,conj_rot,310,21,2,304,136,8.23,5
11,conj_rot,310,27,2,156,145,10.1,5
11,conj_rot,310,11,2,149,-136,10.97,5
11,conj_rot,310,16,2,-64,-214,11.73,5
11,conj_rot,310,4,2,219,-230,12.4,5
11,conj_rot,310,5,2,311,-151,13.47,5
11,conj_rot,310,2,1,88,-385,16.73,5
11,conj_rot,310,3,1,165,-314,17.46,5
11,conj_rot,310,10,1,93,-228,17.97,5
11,conj_rot,310,18,1,75,-85,19.2,5
11,conj_rot,310,17,1,-19,-150,19.63,5
11,conj_rot,310,23,1,-156,-138,20.13,5
11,conj_rot,310,30,1,-246,-72,20.53,5
11,conj_rot,310,36,1,-371,-79,21.63,5
11,conj_rot,310,39,1,-151,163,22.63,5
11,conj_rot,310,20,1,234,78,23.4,5
11,conj_rot,310,7,1,449,-8,24.13,5
11,conj_rot,310,12,1,216,-86,26.33,5
11,conj_uni,311,13,2,-64,71,3.27,1
11,conj_uni,311,26,2,-159,13,4.1,1
11,conj_uni,311,10,2,-186,-80,4.7,1
11,conj_uni,311,46,2,-256,-30,5.17,1
11,conj_uni,311,16,2,-135,-171,6.27,1
11,conj_uni,311,23,2,80,-190,7.6,1
11,conj_uni,311,4,2,263,-152,8.6,1
11,conj_uni,311,11,2,207,-170,8.97,1
11,conj_uni,311,15,2,360,-132,9.53,1
11,conj_uni,311,49,2,213,213,10.63,1
11,conj_uni,311,6,2,266,282,11.33,1
11,conj_uni,311,43,2,97,-6,12.27,1
11,conj_uni,311,2,1,149,-333,13.86,1
11,conj_uni,311,31,1,301,-60,14.77,1
11,conj_uni,311,21,1,349,127,15.33,1
11,conj_uni,311,22,1,212,270,16.03,1
11,conj_uni,311,44,1,-39,356,16.8,1
11,conj_uni,311,33,1,-95,172,17.43,1
11,conj_uni,311,35,1,-357,-29,18.1,1
11,conj_uni,311,24,1,-235,-252,18.93,1
11,conj_uni,311,48,1,-251,-306,19.25,1
11,conj_uni,311,8,1,-307,-313,19.8,1
11,conj_uni,311,1,1,-336,-265,20.3,1
11,conj_uni,311,3,1,-195,-317,20.75,1
11,conj_uni,312,7,2,365,349,2.05,2
11,conj_uni,312,16,2,-46,276,3.68,2
11,conj_uni,312,19,2,-169,215,5.22,2
11,conj_uni,312,11,2,-227,-182,6.45,2
11,conj_uni,312,41,2,-344,-313,8.19,2
11,conj_uni,312,6,2,-126,-342,8.78,2
11,conj_uni,312,32,2,-76,-148,9.45,2
11,conj_uni,312,14,2,-22,35,10.02,2
11,conj_uni,312,29,2,167,144,10.62,2
11,conj_uni,312,21,2,328,146,11.18,2
11,conj_uni,312,36,2,348,-168,12.75,2
11,conj_uni,312,22,2,305,-208,13.15,2
11,conj_uni,312,44,1,106,353,15.42,2
11,conj_uni,312,12,1,-92,309,16.65,2
11,conj_uni,312,4,1,-90,240,17.02,2
11,conj_uni,312,35,1,-348,209,17.78,2
11,conj_uni,312,9,1,-146,69,19.48,2
11,conj_uni,312,27,1,11,94,19.95,2
11,conj_uni,312,40,1,219,166,20.78,2
11,conj_uni,312,8,1,237,-66,21.42,2
11,conj_uni,312,31,1,307,-96,21.95,2
11,conj_uni,312,28,1,-96,-96,24.02,2
11,conj_uni,312,49,1,-153,-125,24.75,2
11,conj_uni,312,17,1,78,-237,25.65,2
11,conj_uni,313,21,2,86,360,1.4,3
11,conj_uni,313,38,2,79,304,1.77,3
11,conj_uni,313,24,2,-107,373,2.57,3
11,conj_uni,313,17,2,-254,171,4.1,3
11,conj_uni,313,28,2,-102,-18,4.7,3
11,conj_uni,313,11,2,-80,-126,5.73,3
11,conj_uni,313,29,2,-107,-193,6.53,3
11,conj_uni,313,33,2,-191,-202,7.77,3
11,conj_uni,313,31,2,-94,-263,8.27,3
11,conj_uni,313,15,2,-215,-357,8.8,3
11,conj_uni,313,1,2,210,-1,9.6,3
11,conj_uni,313,41,2,215,-133,10.37,3
11,conj_uni,313,42,1,225,314,14.13,3
11,conj_uni,313,2,1,208,375,14.47,3
11,conj_uni,313,49,1,265,354,15.13,3
11,conj_uni,313,14,1,334,66,15.8,3
11,conj_uni,313,30,1,-32,247,16.43,3
11,conj_uni,313,40,1,-221,125,17.13,3
11,conj_uni,313,39,1,-143,52,17.57,3
11,conj_uni,313,5,1,-146,-235,19.03,3
11,conj_uni,313,13,1,-318,-294,19.75,3
11,conj_uni,313,18,1,-38,-279,20.37,3
11,conj_uni,313,48,1,3,-354,21.1,3
11,conj_uni,313,20,1,195,-216,21.78,3
11,conj_uni,314,2,2,-263,302,1.97,4
11,conj_uni,314,16,2,-196,83,2.6,4
11,conj_uni,314,13,2,-333,35,3.2,4
11,conj_uni,314,6,2,-61,195,4.37,4
11,conj_uni,314,40,2,-86,-5,5.07,4
11,conj_uni,314,44,2,-234,-59,5.57,4
11,conj_uni,314,49,2,13,95,6.7,4
11,conj_uni,314,29,2,150,130,7.64,4
11,conj_uni,314,23,2,88,51,8.47,4
11,conj_uni,314,33,2,-284,-140,9.23,4
11,conj_uni,314,1,2,78,-171,9.9,4
11,conj_uni,314,46,2,304,-151,11.47,4
11,conj_uni,314,43,1,251,-179,13.97,4
11,conj_uni,314,9,1,103,159,15.23,4
11,conj_uni,314,21,1,13,260,15.67,4
11,conj_uni,314,26,1,108,305,16.07,4
11,conj_uni,314,48,1,-205,328,16.73,4
11,conj_uni,314,38,1,-254,358,17.77,4
11,conj_uni,314,12,1,-321,217,18.37,4
11,conj_uni,314,17,1,-86,144,19,4
11,conj_uni,314,35,1,-33,11,19.47,4
11,conj_uni,314,11,1,78,-254,20.4,4
11,conj_uni,314,3,1,-344,-271,21.23,4
11,conj_uni,314,19,1,-353,-332,21.52,4
11,conj_uni,315,41,2,-193,271,1.24,5
11,conj_uni,315,32,2,-44,230,1.9,5
11,conj_uni,315,30,2,-35,110,2.77,5
11,conj_uni,315,44,2,75,154,3.6,5
11,conj_uni,315,34,2,96,262,4.5,5
11,conj_uni,315,43,2,-24,178,6,5
11,conj_uni,315,23,2,-324,18,6.77,5
11,conj_uni,315,31,2,-362,66,7.4,5
11,conj_uni,315,25,2,-332,114,7.77,5
11,conj_uni,315,17,2,-210,-105,8.5,5
11,conj_uni,315,12,2,-329,-189,9.33,5
11,conj_uni,315,2,2,-45,-75,11.4,5
11,conj_uni,315,36,1,358,-205,12.7,5
11,conj_uni,315,28,1,127,-339,13.5,5
11,conj_uni,315,14,1,-15,-350,14.2,5
11,conj_uni,315,37,1,-118,-290,14.67,5
11,conj_uni,315,15,1,-139,-342,15.1,5
11,conj_uni,315,5,1,-77,72,16.07,5
11,conj_uni,315,48,1,-38,31,16.53,5
11,conj_uni,315,7,1,-195,178,17.27,5
11,conj_uni,315,1,1,-51,356,17.87,5
11,conj_uni,315,8,1,149,242,18.9,5
11,conj_uni,315,45,1,239,101,20.4,5
11,conj_uni,315,29,1,315,4,21.03,5
11,feat_grid,316,43,2,-330,335,1.74,1
11,feat_grid,316,44,1,-204,327,2.2,1
11,feat_grid,316,37,2,-204,210,2.74,1
11,feat_grid,316,30,1,-228,98,3.17,1
11,feat_grid,316,8,1,-330,-223,4.57,1
11,feat_grid,316,3,1,-93,-323,5.2,1
11,feat_grid,316,10,1,-94,-227,5.6,1
11,feat_grid,316,17,1,-103,-108,6,1
11,feat_grid,316,32,1,-11,116,7.54,1
11,feat_grid,316,39,2,-9,222,8.84,1
11,feat_grid,316,46,2,12,316,9.37,1
11,feat_grid,316,47,2,94,325,10.57,1
11,feat_grid,316,33,2,118,124,11.13,1
11,feat_grid,316,18,1,9,-113,11.9,1
11,feat_grid,316,12,2,121,-211,12.93,1
11,feat_grid,316,5,1,115,-328,13.6,1
11,feat_grid,316,19,2,118,-123,14.43,1
11,feat_grid,316,20,2,214,-117,14.9,1
11,feat_grid,316,27,2,220,4,15.37,1
11,feat_grid,316,34,1,197,113,15.93,1
11,feat_grid,316,35,2,333,104,17.95,1
11,feat_grid,316,14,2,316,-226,19.42,1
11,feat_grid,316,6,1,203,-319,20.32,1
11,feat_grid,316,42,1,327,219,22.28,1
11,feat_grid,317,43,1,-328,311,1.57,2
11,feat_grid,317,44,2,-218,335,1.97,2
11,feat_grid,317,37,2,-223,226,2.34,2
11,feat_grid,317,36,2,-325,209,3.04,2
11,feat_grid,317,45,1,-126,308,3.5,2
11,feat_grid,317,46,1,10,329,4.34,2
11,feat_grid,317,39,1,11,235,4.74,2
11,feat_grid,317,47,1,120,317,5.24,2
11,feat_grid,317,40,2,101,219,5.7,2
11,feat_grid,317,41,2,203,219,6.4,2
11,feat_grid,317,42,1,338,207,7.73,2
11,feat_grid,317,26,1,94,9,8.6,2
11,feat_grid,317,25,1,-6,7,9.07,2
11,feat_grid,317,24,2,-81,-0,9.47,2
11,feat_grid,317,31,2,-111,99,10.2,2
11,feat_grid,317,23,2,-217,-0,10.63,2
11,feat_grid,317,16,2,-228,-120,11.1,2
11,feat_grid,317,9,2,-221,-224,12.1,2
11,feat_grid,317,8,2,-318,-210,12.5,2
11,feat_grid,317,18,1,-16,-120,13.03,2
11,feat_grid,317,12,1,110,-218,13.57,2
11,feat_grid,317,5,1,117,-323,14.08,2
11,feat_grid,317,20,1,209,-93,14.7,2
11,feat_grid,317,28,2,314,-8,15.68,2
11,feat_grid,318,44,1,-224,324,1.17,3
11,feat_grid,318,45,2,-106,344,1.6,3
11,feat_grid,318,46,1,-7,320,2,3
11,feat_grid,318,39,1,-9,213,2.34,3
11,feat_grid,318,40,1,111,208,3.54,3
11,feat_grid,318,32,1,8,101,4.17,3
11,feat_grid,318,36,2,-311,218,4.97,3
11,feat_grid,318,49,1,317,321,6.2,3
11,feat_grid,318,42,1,322,220,6.57,3
11,feat_grid,318,21,1,329,-104,7.63,3
11,feat_grid,318,28,2,323,8,8.1,3
11,feat_grid,318,25,2,-1,1,8.87,3
11,feat_grid,318,18,2,9,-96,9.27,3
11,feat_grid,318,11,2,1,-199,9.7,3
11,feat_grid,318,4,2,-7,-328,10.17,3
11,feat_grid,318,5,1,114,-333,10.6,3
11,feat_grid,318,12,1,110,-224,10.97,3
11,feat_grid,318,6,1,233,-334,11.4,3
11,feat_grid,318,7,2,354,-328,12.13,3
11,feat_grid,318,3,2,-108,-324,13.6,3
11,feat_grid,318,10,1,-122,-217,13.97,3
11,feat_grid,318,9,2,-229,-218,14.3,3
11,feat_grid,318,16,2,-216,-96,14.62,3
11,feat_grid,318,8,2,-318,-210,15.08,3
11,feat_grid,319,46,2,21,330,3.07,4
11,feat_grid,319,48,2,217,314,3.77,4
11,feat_grid,319,25,2,7,7,5.9,4
11,feat_grid,319,35,2,323,117,6.54,4
11,feat_grid,319,21,2,337,-105,7.1,4
11,feat_grid,319,20,2,217,-129,8.13,4
11,feat_grid,319,12,2,104,-205,8.67,4
11,feat_grid,319,9,2,-222,-212,9.47,4
11,feat_grid,319,23,2,-221,3,10.03,4
11,feat_grid,319,22,2,-309,12,10.4,4
11,feat_grid,319,29,2,-312,112,10.83,4
11,feat_grid,319,30,2,-221,88,11.23,4
11,feat_grid,319,32,1,-17,90,12.27,4
11,feat_grid,319,24,1,-109,-3,12.87,4
11,feat_grid,319,38,1,-104,213,13.43,4
11,feat_grid,319,41,1,206,202,14.17,4
11,feat_grid,319,34,1,207,97,14.87,4
11,feat_grid,319,27,1,229,-1,15.43,4
11,feat_grid,319,11,1,10,-231,16.53,4
11,feat_grid,319,19,1,98,-92,17.13,4
11,feat_grid,319,10,1,-99,-234,17.82,4
11,feat_grid,319,3,1,-119,-338,18.25,4
11,feat_grid,319,1,1,-324,-315,18.88,4
11,feat_grid,319,14,1,309,-222,19.83,4
11,feat_grid,320,44,2,-219,314,1.37,5
11,feat_grid,320,37,2,-198,216,1.8,5
11,feat_grid,320,30,2,-206,121,2.17,5
11,feat_grid,320,16,2,-229,-105,2.7,5
11,feat_grid,320,15,2,-323,-114,3.6,5
11,feat_grid,320,17,2,-107,-113,4.33,5
11,feat_grid,320,24,2,-107,6,4.77,5
11,feat_grid,320,18,2,16,-84,5.2,5
11,feat_grid,320,26,1,94,16,5.67,5
11,feat_grid,320,32,1,3,118,6.17,5
11,feat_grid,320,46,1,2,345,7.37,5
11,feat_grid,320,47,2,117,323,8.1,5
11,feat_grid,320,48,2,214,307,8.64,5
11,feat_grid,320,35,2,318,113,9.8,5
11,feat_grid,320,41,1,216,213,10.3,5
11,feat_grid,320,28,1,326,-4,10.87,5
11,feat_grid,320,12,1,103,-211,11.77,5
11,feat_grid,320,5,1,114,-340,12.47,5
11,feat_grid,320,6,1,213,-332,12.9,5
11,feat_grid,320,7,1,339,-343,13.37,5
11,feat_grid,320,4,2,4,-323,14.2,5
11,feat_grid,320,2,1,-225,-325,14.73,5
11,feat_grid,320,9,1,-210,-223,15.1,5
11,feat_grid,320,8,1,-319,-225,15.8,5
11,feat_rot,321,48,2,-94,384,1.14,1
11,feat_rot,321,47,2,-165,300,2.04,1
11,feat_rot,321,31,2,-150,5,3.6,1
11,feat_rot,321,38,2,-242,81,4,1
11,feat_rot,321,37,2,-317,-9,4.57,1
11,feat_rot,321,36,1,-381,-85,5,1
11,feat_rot,321,43,2,-471,-15,5.44,1
11,feat_rot,321,32,1,-67,82,6.2,1
11,feat_rot,321,25,1,-1,-1,6.6,1
11,feat_rot,321,24,1,-80,-77,6.97,1
11,feat_rot,321,34,1,63,225,7.63,1
11,feat_rot,321,27,1,144,163,8.2,1
11,feat_rot,321,20,1,240,61,8.63,1
11,feat_rot,321,14,1,378,86,9.43,1
11,feat_rot,321,7,1,467,9,9.9,1
11,feat_rot,321,5,2,291,-156,11.47,1
11,feat_rot,321,12,1,226,-75,11.97,1
11,feat_rot,321,10,2,69,-228,12.97,1
11,feat_rot,321,9,2,0,-291,13.4,1
11,feat_rot,321,16,1,-75,-220,13.73,1
11,feat_rot,321,17,2,-2,-142,15.23,1
11,feat_rot,321,3,2,152,-314,15.78,1
11,feat_rot,321,2,2,72,-391,16.45,1
11,feat_rot,321,8,1,-79,-390,17.03,1
11,feat_rot,322,49,2,-1,475,1.24,2
11,feat_rot,322,48,2,-58,377,1.64,2
11,feat_rot,322,40,2,-72,218,2.44,2
11,feat_rot,322,47,2,-166,316,2.94,2
11,feat_rot,322,39,1,-148,168,3.34,2
11,feat_rot,322,46,1,-220,223,3.77,2
11,feat_rot,322,38,1,-230,80,4.2,2
11,feat_rot,322,32,1,-75,93,5.03,2
11,feat_rot,322,31,2,-142,-2,5.5,2
11,feat_rot,322,30,1,-235,-95,6.13,2
11,feat_rot,322,35,2,154,315,7.7,2
11,feat_rot,322,34,2,73,217,8.47,2
11,feat_rot,322,28,1,229,239,9.6,2
11,feat_rot,322,27,2,165,150,10,2
11,feat_rot,322,42,1,72,390,10.83,2
11,feat_rot,322,36,2,-399,-79,12.37,2
11,feat_rot,322,15,2,-162,-302,13.17,2
11,feat_rot,322,9,2,-4,-321,13.67,2
11,feat_rot,322,4,2,218,-227,14.47,2
11,feat_rot,322,12,1,222,-68,15.95,2
11,feat_rot,322,6,1,398,-68,16.83,2
11,feat_rot,322,14,1,417,78,17.63,2
11,feat_rot,322,19,1,158,-0,18.73,2
11,feat_rot,322,10,1,56,-230,19.36,2
11,feat_rot,323,49,2,-4,462,1.17,3
11,feat_rot,323,48,2,-72,384,1.64,3
11,feat_rot,323,47,1,-170,329,2.27,3
11,feat_rot,323,42,1,76,388,2.74,3
11,feat_rot,323,33,1,-25,172,3.3,3
11,feat_rot,323,39,1,-157,168,3.6,3
11,feat_rot,323,45,2,-311,161,4.3,3
11,feat_rot,323,28,1,227,229,5,3
11,feat_rot,323,27,2,157,158,5.43,3
11,feat_rot,323,13,1,308,18,6.8,3
11,feat_rot,323,12,2,244,-66,7.47,3
11,feat_rot,323,19,2,156,6,7.93,3
11,feat_rot,323,25,2,8,1,8.53,3
11,feat_rot,323,23,1,-159,-153,9.23,3
11,feat_rot,323,30,1,-221,-82,10.17,3
11,feat_rot,323,22,2,-215,-233,10.7,3
11,feat_rot,323,15,1,-145,-299,11.43,3
11,feat_rot,323,9,1,4,-314,11.97,3
11,feat_rot,323,2,1,59,-387,12.37,3
11,feat_rot,323,1,1,-5,-450,12.82,3
11,feat_rot,323,3,2,161,-314,13.58,3
11,feat_rot,323,10,2,76,-243,13.98,3
11,feat_rot,323,6,2,372,-81,15.27,3
11,feat_rot,323,7,2,449,-1,15.98,3
11,feat_rot,324,48,1,-78,385,2.17,4
11,feat_rot,324,49,1,-8,458,2.8,4
11,feat_rot,324,41,2,-1,306,3.34,4
11,feat_rot,324,34,1,57,226,3.8,4
11,feat_rot,324,33,2,20,155,4.17,4
11,feat_rot,324,46,2,-224,229,5.2,4
11,feat_rot,324,38,2,-241,77,5.7,4
11,feat_rot,324,36,2,-386,-68,6.37,4
11,feat_rot,324,30,2,-241,-75,6.77,4
11,feat_rot,324,31,1,-158,10,7.2,4
11,feat_rot,324,23,1,-143,-139,7.67,4
11,feat_rot,324,17,2,-5,-170,8.57,4
11,feat_rot,324,26,1,76,63,9.03,4
11,feat_rot,324,28,2,221,212,9.73,4
11,feat_rot,324,20,1,244,91,10.03,4
11,feat_rot,324,11,1,150,-144,11.03,4
11,feat_rot,324,4,1,215,-223,11.8,4
11,feat_rot,324,5,2,299,-135,12.33,4
11,feat_rot,324,3,2,146,-314,13.07,4
11,feat_rot,324,10,2,69,-236,14.03,4
11,feat_rot,324,9,1,18,-304,14.42,4
11,feat_rot,324,8,1,-79,-382,15.1,4
11,feat_rot,324,1,2,-10,-461,15.6,4
11,feat_rot,324,2,1,65,-384,15.95,4
11,feat_rot,325,42,1,78,387,1.67,5
11,feat_rot,325,49,2,4,448,2.04,5
11,feat_rot,325,47,1,-171,322,2.8,5
11,feat_rot,325,40,2,-87,225,3.27,5
11,feat_rot,325,39,2,-152,160,3.77,5
11,feat_rot,325,33,2,6,146,4.5,5
11,feat_rot,325,31,2,-157,20,5.27,5
11,feat_rot,325,37,2,-322,1,5.77,5
11,feat_rot,325,36,1,-391,-80,6.2,5
11,feat_rot,325,30,1,-231,-76,6.67,5
11,feat_rot,325,25,1,-16,13,7.63,5
11,feat_rot,325,24,1,-62,-64,8.4,5
11,feat_rot,325,22,1,-238,-226,9.37,5
11,feat_rot,325,2,1,66,-369,9.97,5
11,feat_rot,325,3,2,148,-311,10.67,5
11,feat_rot,325,8,2,-81,-375,11.2,5
11,feat_rot,325,4,2,250,-237,12.1,5
11,feat_rot,325,11,1,153,-151,12.57,5
11,feat_rot,325,12,1,243,-75,12.97,5
11,feat_rot,325,5,1,305,-155,13.43,5
11,feat_rot,325,6,1,394,-70,14.22,5
11,feat_rot,325,7,2,468,5,14.68,5
11,feat_rot,325,20,2,214,88,15.23,5
11,feat_rot,325,28,2,244,232,15.92,5
11,feat_uni,326,41,1,-263,201,1.34,1
11,feat_uni,326,15,2,-106,205,1.9,1
11,feat_uni,326,39,1,-32,224,2.34,1
11,feat_uni,326,36,1,-50,291,2.7,1
11,feat_uni,326,46,1,54,355,3.37,1
11,feat_uni,326,8,2,87,256,3.93,1
11,feat_uni,326,17,2,210,233,4.47,1
11,feat_uni,326,40,1,231,285,4.77,1
11,feat_uni,326,38,1,59,161,5.54,1
11,feat_uni,326,21,1,-39,133,5.93,1
11,feat_uni,326,13,2,312,83,6.67,1
11,feat_uni,326,30,2,289,-85,7.2,1
11,feat_uni,326,20,1,272,-263,8.07,1
11,feat_uni,326,29,1,-23,-257,8.77,1
11,feat_uni,326,11,1,18,-201,9.13,1
11,feat_uni,326,31,2,-52,-209,9.5,1
11,feat_uni,326,3,1,-87,-344,10,1
11,feat_uni,326,47,2,-138,-322,10.3,1
11,feat_uni,326,1,1,-194,-330,10.6,1
11,feat_uni,326,7,2,-316,-258,11.27,1
11,feat_uni,326,43,2,74,-375,12.12,1
11,feat_uni,326,2,2,-219,-77,12.83,1
11,feat_uni,326,14,2,-136,-34,13.62,1
11,feat_uni,326,33,2,-27,-1,14.12,1
11,feat_uni,327,24,1,-45,278,1.64,2
11,feat_uni,327,13,2,79,343,2.33,2
11,feat_uni,327,29,1,-301,265,3,2
11,feat_uni,327,8,1,-299,186,3.57,2
11,feat_uni,327,31,2,-351,4,5.14,2
11,feat_uni,327,1,2,-327,-102,5.53,2
11,feat_uni,327,27,1,-313,-178,6.8,2
11,feat_uni,327,32,2,-249,-278,7.24,2
11,feat_uni,327,25,1,-123,-342,7.9,2
11,feat_uni,327,21,1,-28,-208,8.47,2
11,feat_uni,327,46,2,-46,-155,8.8,2
11,feat_uni,327,28,1,-101,-144,9.13,2
11,feat_uni,327,4,2,23,-230,9.63,2
11,feat_uni,327,22,1,185,-156,10.3,2
11,feat_uni,327,10,1,115,-131,10.67,2
11,feat_uni,327,49,2,119,-16,11.04,2
11,feat_uni,327,45,1,-2,82,11.67,2
11,feat_uni,327,3,2,209,203,12.6,2
11,feat_uni,327,19,2,239,107,13.03,2
11,feat_uni,327,5,2,308,10,13.47,2
11,feat_uni,327,9,2,305,-46,13.77,2
11,feat_uni,327,47,2,291,-162,14.3,2
11,feat_uni,327,11,1,278,-217,14.73,2
11,feat_uni,327,7,1,275,-330,15.72,2
11,feat_uni,328,28,2,263,-340,2.14,3
11,feat_uni,328,32,1,185,-256,2.77,3
11,feat_uni,328,9,1,212,-177,3.27,3
11,feat_uni,328,36,1,130,-188,3.64,3
11,feat_uni,328,7,1,109,-296,4.07,3
11,feat_uni,328,6,2,-185,-329,5.6,3
11,feat_uni,328,44,2,-171,-153,6.34,3
11,feat_uni,328,47,1,-148,59,7.07,3
11,feat_uni,328,30,1,26,-76,7.73,3
11,feat_uni,328,29,2,179,30,8.4,3
11,feat_uni,328,21,1,178,86,8.87,3
11,feat_uni,328,17,2,15,53,9.4,3
11,feat_uni,328,8,1,-16,107,9.83,3
11,feat_uni,328,40,1,-49,174,10.23,3
11,feat_uni,328,19,1,7,248,11.87,3
11,feat_uni,328,13,1,98,323,12.37,3
11,feat_uni,328,18,2,129,224,12.83,3
11,feat_uni,328,37,2,-139,208,13.53,3
11,feat_uni,328,14,2,-255,133,14,3
11,feat_uni,328,34,2,-285,206,14.37,3
11,feat_uni,328,33,2,-243,328,14.88,3
11,feat_uni,328,26,1,-299,330,15.38,3
11,feat_uni,328,45,2,-304,64,16.03,3
11,feat_uni,328,10,2,-322,-2,16.68,3
11,feat_uni,329,12,2,-280,332,1,4
11,feat_uni,329,10,2,-308,283,1.33,4
11,feat_uni,329,38,2,-213,242,2.1,4
11,feat_uni,329,18,2,-207,299,2.4,4
11,feat_uni,329,20,1,-13,310,3.14,4
11,feat_uni,329,47,2,13,260,4.27,4
11,feat_uni,329,42,1,-52,233,4.67,4
11,feat_uni,329,27,2,213,326,5.37,4
11,feat_uni,329,23,2,125,169,6,4
11,feat_uni,329,13,2,290,151,7.2,4
11,feat_uni,329,35,2,174,70,7.73,4
11,feat_uni,329,45,2,21,-3,8.4,4
11,feat_uni,329,8,2,162,-145,9.33,4
11,feat_uni,329,33,1,222,-81,10.17,4
11,feat_uni,329,5,1,219,-138,10.43,4
11,feat_uni,329,16,1,125,105,11.77,4
11,feat_uni,329,22,1,237,223,12.57,4
11,feat_uni,329,44,2,266,-359,13.37,4
11,feat_uni,329,1,1,153,-336,13.87,4
11,feat_uni,329,25,1,89,-265,14.68,4
11,feat_uni,329,28,1,-102,-292,15.37,4
11,feat_uni,329,26,1,-126,-343,15.75,4
11,feat_uni,329,41,1,-269,-220,16.35,4
11,feat_uni,329,15,1,-355,-333,18.23,4
11,feat_uni,330,24,2,-138,310,1.83,5
11,feat_uni,330,36,2,-33,359,2.24,5
11,feat_uni,330,25,2,-289,229,2.84,5
11,feat_uni,330,23,1,-352,22,3.5,5
11,feat_uni,330,46,2,-360,-236,4.2,5
11,feat_uni,330,9,2,-141,51,5.1,5
11,feat_uni,330,15,1,-92,164,6.3,5
11,feat_uni,330,11,1,17,172,6.7,5
11,feat_uni,330,16,1,6,118,7.03,5
11,feat_uni,330,35,1,58,100,7.34,5
11,feat_uni,330,49,1,-68,-12,8.34,5
11,feat_uni,330,1,1,124,-82,8.93,5
11,feat_uni,330,45,2,153,78,9.44,5
11,feat_uni,330,29,2,73,-6,9.87,5
11,feat_uni,330,31,1,247,160,10.43,5
11,feat_uni,330,34,1,341,208,11.27,5
11,feat_uni,330,30,2,306,64,11.87,5
11,feat_uni,330,4,1,307,8,12.2,5
11,feat_uni,330,27,2,353,-62,12.77,5
11,feat_uni,330,14,2,225,-165,13.47,5
11,feat_uni,330,33,1,-42,-273,14.08,5
11,feat_uni,330,21,2,-48,-204,14.38,5
11,feat_uni,330,20,1,-55,-148,14.72,5
11,feat_uni,330,22,2,-3,-314,15.42,5
12,conj_grid,331,17,2,-109,-103,1.37,1
12,conj_grid,331,32,2,3,114,2.93,1
12,conj_grid,331,46,2,3,316,3.47,1
12,conj_grid,331,45,2,-105,333,3.97,1
12,conj_grid,331,43,2,-312,319,4.47,1
12,conj_grid,331,2,2,-223,-331,5.9,1
12,conj_grid,331,22,2,-321,13,6.73,1
12,conj_grid,331,5,2,102,-335,7.73,1
12,conj_grid,331,6,2,218,-323,8.17,1
12,conj_grid,331,7,2,347,-317,8.83,1
12,conj_grid,331,21,2,319,-103,9.3,1
12,conj_grid,331,35,2,333,111,9.9,1
12,conj_grid,331,40,1,105,199,10.83,1
12,conj_grid,331,41,1,213,238,11.5,1
12,conj_grid,331,48,1,221,320,11.84,1
12,conj_grid,331,42,1,310,212,13.07,1
12,conj_grid,331,33,1,109,104,13.93,1
12,conj_grid,331,26,1,122,6,14.2,1
12,conj_grid,331,28,1,323,-24,14.63,1
12,conj_grid,331,13,1,213,-211,15.03,1
12,conj_grid,331,25,1,23,-3,15.53,1
12,conj_grid,331,24,1,-112,6,16,1
12,conj_grid,331,10,1,-99,-219,17.2,1
12,conj_grid,331,1,1,-323,-318,18.06,1
12,conj_grid,332,25,2,-1,-23,1.57,2
12,conj_grid,332,9,2,-195,-219,2.23,2
12,conj_grid,332,2,2,-220,-311,2.6,2
12,conj_grid,332,4,2,-11,-325,3.3,2
12,conj_grid,332,3,2,-99,-332,3.6,2
12,conj_grid,332,7,2,312,-327,4.33,2
12,conj_grid,332,21,2,334,-81,5.13,2
12,conj_grid,332,35,2,326,103,5.7,2
12,conj_grid,332,34,2,214,101,6.1,2
12,conj_grid,332,32,2,-15,112,7,2
12,conj_grid,332,40,2,92,208,7.47,2
12,conj_grid,332,48,2,196,312,8.37,2
12,conj_grid,332,36,1,-321,218,9.7,2
12,conj_grid,332,29,1,-322,111,10.03,2
12,conj_grid,332,22,1,-340,20,10.4,2
12,conj_grid,332,44,1,-214,322,11,2
12,conj_grid,332,23,1,-222,-2,11.57,2
12,conj_grid,332,24,1,-108,25,11.87,2
12,conj_grid,332,17,1,-107,-113,12.27,2
12,conj_grid,332,16,1,-219,-99,12.62,2
12,conj_grid,332,1,1,-333,-307,13.03,2
12,conj_grid,332,26,1,88,-4,13.78,2
12,conj_grid,332,13,1,199,-193,14.15,2
12,conj_grid,332,41,1,224,217,15,2
12,conj_grid,333,25,2,-3,-20,1.1,3
12,conj_grid,333,33,2,108,122,1.63,3
12,conj_grid,333,48,2,224,323,2.67,3
12,conj_grid,333,41,2,240,208,3.3,3
12,conj_grid,333,20,2,200,-116,4.07,3
12,conj_grid,333,7,2,322,-326,4.8,3
12,conj_grid,333,5,2,99,-328,5.43,3
12,conj_grid,333,15,2,-318,-116,6.37,3
12,conj_grid,333,16,2,-225,-121,6.7,3
12,conj_grid,333,22,2,-325,-1,7.33,3
12,conj_grid,333,36,2,-334,208,7.97,3
12,conj_grid,333,44,2,-216,317,8.54,3
12,conj_grid,333,40,1,110,206,10.37,3
12,conj_grid,333,42,1,337,225,11,3
12,conj_grid,333,39,1,-21,194,11.67,3
12,conj_grid,333,38,1,-90,217,12,3
12,conj_grid,333,29,1,-331,87,12.67,3
12,conj_grid,333,43,1,-336,333,13.2,3
12,conj_grid,333,24,1,-104,-3,13.73,3
12,conj_grid,333,17,1,-106,-100,14.07,3
12,conj_grid,333,26,1,107,6,14.67,3
12,conj_grid,333,28,1,333,-8,15.15,3
12,conj_grid,333,8,1,-334,-200,16.3,3
12,conj_grid,333,12,1,100,-224,16.9,3
12,conj_grid,334,24,2,-105,19,1.1,4
12,conj_grid,334,17,2,-98,-123,1.43,4
12,conj_grid,334,16,2,-190,-110,2.07,4
12,conj_grid,334,15,2,-340,-101,2.5,4
12,conj_grid,334,4,2,29,-333,3.4,4
12,conj_grid,334,33,2,96,123,4.97,4
12,conj_grid,334,19,2,83,-108,5.73,4
12,conj_grid,334,14,2,323,-235,6.37,4
12,conj_grid,334,42,2,332,223,7.27,4
12,conj_grid,334,49,2,336,353,7.67,4
12,conj_grid,334,46,2,6,317,8.34,4
12,conj_grid,334,44,2,-233,315,9.04,4
12,conj_grid,334,12,1,96,-223,11.23,4
12,conj_grid,334,5,1,103,-302,11.53,4
12,conj_grid,334,13,1,221,-205,11.97,4
12,conj_grid,334,28,1,327,-13,12.8,4
12,conj_grid,334,21,1,323,-98,13.07,4
12,conj_grid,334,35,1,311,113,13.6,4
12,conj_grid,334,40,1,115,210,14.3,4
12,conj_grid,334,45,1,-101,322,15.18,4
12,conj_grid,334,37,1,-237,218,15.78,4
12,conj_grid,334,36,1,-309,224,16.1,4
12,conj_grid,334,30,1,-231,107,16.55,4
12,conj_grid,334,32,1,6,111,17.35,4
12,conj_grid,335,30,2,-201,88,1.1,5
12,conj_grid,335,29,2,-330,101,1.64,5
12,conj_grid,335,38,2,-103,211,2.34,5
12,conj_grid,335,26,2,103,8,3.24,5
12,conj_grid,335,32,2,-17,109,3.94,5
12,conj_grid,335,18,2,-4,-116,4.57,5
12,conj_grid,335,12,2,109,-201,5.07,5
12,conj_grid,335,13,2,222,-214,5.7,5
12,conj_grid,335,5,2,85,-331,6.2,5
12,conj_grid,335,4,2,6,-335,6.6,5
12,conj_grid,335,2,2,-232,-318,7.5,5
12,conj_grid,335,9,2,-228,-224,7.93,5
12,conj_grid,335,17,1,-109,-102,8.4,5
12,conj_grid,335,8,1,-320,-215,9,5
12,conj_grid,335,11,1,-9,-206,9.47,5
12,conj_grid,335,15,1,-332,-114,10.37,5
12,conj_grid,335,22,1,-349,2,10.8,5
12,conj_grid,335,40,1,113,221,12.24,5
12,conj_grid,335,41,1,224,203,12.7,5
12,conj_grid,335,48,1,225,313,13.07,5
12,conj_grid,335,49,1,322,321,14.02,5
12,conj_grid,335,42,1,313,198,14.47,5
12,conj_grid,335,34,1,210,103,14.97,5
12,conj_grid,335,21,1,325,-108,15.53,5
12,conj_rot,336,32,2,-78,80,0.9,1
12,conj_rot,336,31,2,-158,5,1.2,1
12,conj_rot,336,24,2,-70,-88,1.6,1
12,conj_rot,336,23,2,-155,-163,2.07,1
12,conj_rot,336,17,2,2,-146,2.57,1
12,conj_rot,336,36,2,-370,-71,3.24,1
12,conj_rot,336,45,2,-312,170,3.9,1
12,conj_rot,336,46,2,-249,241,4.8,1
12,conj_rot,336,48,2,-55,378,5.6,1
12,conj_rot,336,20,2,234,69,6.6,1
12,conj_rot,336,14,2,387,71,7.43,1
12,conj_rot,336,13,2,310,3,7.9,1
12,conj_rot,336,37,1,-301,0,9.44,1
12,conj_rot,336,29,1,-309,-174,10.03,1
12,conj_rot,336,16,1,-85,-217,10.6,1
12,conj_rot,336,8,1,-76,-382,11.13,1
12,conj_rot,336,2,1,71,-383,11.5,1
12,conj_rot,336,3,1,146,-311,12.6,1
12,conj_rot,336,5,1,308,-160,13.3,1
12,conj_rot,336,19,1,163,5,13.77,1
12,conj_rot,336,28,1,242,209,14.15,1
12,conj_rot,336,21,1,319,164,14.52,1
12,conj_rot,336,35,1,162,313,15.05,1
12,conj_rot,336,41,1,-3,290,16.17,1
12,conj_rot,337,25,2,2,-5,0.74,2
12,conj_rot,337,24,2,-75,-78,1.05,2
12,conj_rot,337,32,2,-89,69,1.59,2
12,conj_rot,337,44,2,-391,77,2.29,2
12,conj_rot,337,47,2,-160,312,2.82,2
12,conj_rot,337,40,2,-54,236,3.45,2
12,conj_rot,337,41,2,6,301,4.35,2
12,conj_rot,337,14,2,372,89,5.55,2
12,conj_rot,337,4,2,223,-216,7.08,2
12,conj_rot,337,8,2,-71,-389,8.22,2
12,conj_rot,337,22,2,-244,-215,8.95,2
12,conj_rot,337,36,2,-381,-82,9.52,2
12,conj_rot,337,45,1,-314,147,10.19,2
12,conj_rot,337,37,1,-286,-20,10.62,2
12,conj_rot,337,31,1,-149,21,11.22,2
12,conj_rot,337,39,1,-163,153,11.82,2
12,conj_rot,337,35,1,144,306,12.75,2
12,conj_rot,337,27,1,143,160,13.15,2
12,conj_rot,337,19,1,132,-12,13.58,2
12,conj_rot,337,13,1,303,-3,14.18,2
12,conj_rot,337,7,1,443,4,14.65,2
12,conj_rot,337,17,1,2,-151,15.5,2
12,conj_rot,337,10,1,65,-218,15.82,2
12,conj_rot,337,1,1,14,-446,16.43,2
12,conj_rot,338,36,2,-381,-89,1.8,3
12,conj_rot,338,38,2,-232,85,2.44,3
12,conj_rot,338,49,2,7,462,3.3,3
12,conj_rot,338,21,2,298,138,4.23,3
12,conj_rot,338,20,2,230,83,4.53,3
12,conj_rot,338,7,2,465,8,5.13,3
12,conj_rot,338,12,2,213,-66,6.3,3
12,conj_rot,338,5,2,302,-143,6.77,3
12,conj_rot,338,4,2,231,-227,7.13,3
12,conj_rot,338,1,2,10,-446,8.17,3
12,conj_rot,338,8,2,-65,-393,8.73,3
12,conj_rot,338,29,2,-284,-147,9.43,3
12,conj_rot,338,34,1,69,229,10.37,3
12,conj_rot,338,27,1,164,146,10.83,3
12,conj_rot,338,32,1,-76,58,11.53,3
12,conj_rot,338,25,1,-1,-2,11.93,3
12,conj_rot,338,18,1,80,-79,12.27,3
12,conj_rot,338,19,1,148,-22,12.57,3
12,conj_rot,338,30,1,-225,-91,13.47,3
12,conj_rot,338,44,1,-383,79,13.97,3
12,conj_rot,338,46,1,-221,236,14.5,3
12,conj_rot,338,16,1,-64,-220,15.97,3
12,conj_rot,338,9,1,-4,-304,16.23,3
12,conj_rot,338,3,1,154,-310,16.68,3
12,conj_rot,339,31,2,-156,-4,0.77,4
12,conj_rot,339,30,2,-233,-75,1.04,4
12,conj_rot,339,29,2,-305,-153,1.4,4
12,conj_rot,339,48,2,-69,370,2.57,4
12,conj_rot,339,28,2,212,230,3.27,4
12,conj_rot,339,34,2,100,228,3.64,4
12,conj_rot,339,21,2,283,163,4.24,4
12,conj_rot,339,12,2,242,-73,4.93,4
12,conj_rot,339,4,2,222,-226,5.37,4
12,conj_rot,339,2,2,78,-369,6,4
12,conj_rot,339,9,2,-5,-296,6.33,4
12,conj_rot,339,23,2,-153,-142,6.9,4
12,conj_rot,339,26,1,76,74,8.27,4
12,conj_rot,339,24,1,-81,-78,8.9,4
12,conj_rot,339,32,1,-72,63,9.47,4
12,conj_rot,339,27,1,132,135,10.07,4
12,conj_rot,339,13,1,325,-7,11.1,4
12,conj_rot,339,5,1,290,-138,11.63,4
12,conj_rot,339,3,1,178,-297,12.2,4
12,conj_rot,339,11,1,150,-170,12.73,4
12,conj_rot,339,8,1,-72,-377,13.53,4
12,conj_rot,339,22,1,-222,-216,13.98,4
12,conj_rot,339,44,1,-374,79,14.87,4
12,conj_rot,339,46,1,-230,219,15.67,4
12,conj_rot,340,30,2,-206,-63,1.24,5
12,conj_rot,340,44,2,-389,72,1.9,5
12,conj_rot,340,39,2,-149,144,2.8,5
12,conj_rot,340,49,2,-5,460,4.14,5
12,conj_rot,340,40,2,-83,249,4.7,5
12,conj_rot,340,21,2,302,145,5.67,5
12,conj_rot,340,13,2,316,15,6.1,5
12,conj_rot,340,6,2,400,-77,6.67,5
12,conj_rot,340,10,2,67,-230,7.53,5
12,conj_rot,340,17,2,1,-150,8.07,5
12,conj_rot,340,9,2,0,-298,8.47,5
12,conj_rot,340,15,2,-150,-295,9.6,5
12,conj_rot,340,36,1,-397,-79,10.4,5
12,conj_rot,340,38,1,-217,81,11,5
12,conj_rot,340,47,1,-169,292,11.67,5
12,conj_rot,340,33,1,11,150,12.47,5
12,conj_rot,340,26,1,84,79,12.83,5
12,conj_rot,340,27,1,146,163,13.5,5
12,conj_rot,340,25,1,8,21,14.23,5
12,conj_rot,340,14,1,369,67,14.9,5
12,conj_rot,340,5,1,316,-161,15.45,5
12,conj_rot,340,11,1,158,-158,15.97,5
12,conj_rot,340,3,1,157,-298,16.61,5
12,conj_rot,340,2,1,68,-377,17.16,5
12,conj_uni,341,26,2,-351,222,2.83,1
12,conj_uni,341,2,2,-228,249,3.2,1
12,conj_uni,341,25,2,-119,174,3.77,1
12,conj_uni,341,20,2,-55,-45,4.47,1
12,conj_uni,341,19,2,-253,-296,5.2,1
12,conj_uni,341,41,2,-74,-288,5.87,1
12,conj_uni,341,17,2,74,-207,6.57,1
12,conj_uni,341,4,2,36,-251,6.93,1
12,conj_uni,341,13,2,175,-237,7.77,1
12,conj_uni,341,3,2,286,-310,8.4,1
12,conj_uni,341,7,2,322,37,9.27,1
12,conj_uni,341,8,2,344,353,9.9,1
12,conj_uni,341,11,1,325,251,10.4,1
12,conj_uni,341,46,1,213,114,10.87,1
12,conj_uni,341,22,1,187,338,11.4,1
12,conj_uni,341,49,1,-359,357,12.27,1
12,conj_uni,341,30,1,-303,130,12.93,1
12,conj_uni,341,43,1,-168,-66,13.6,1
12,conj_uni,341,29,1,-154,-344,14.37,1
12,conj_uni,341,39,1,-133,-287,14.73,1
12,conj_uni,341,44,1,130,-203,15.23,1
12,conj_uni,341,24,1,190,-117,15.57,1
12,conj_uni,341,18,1,152,-20,16.03,1
12,conj_uni,341,36,1,262,-130,16.43,1
12,conj_uni,342,12,2,-13,21,2.07,2
12,conj_uni,342,30,2,-256,7,3.3,2
12,conj_uni,342,44,2,-198,33,3.7,2
12,conj_uni,342,14,2,-165,166,4.57,2
12,conj_uni,342,25,2,-215,217,5.07,2
12,conj_uni,342,21,2,-212,273,5.7,2
12,conj_uni,342,38,2,221,349,6.64,2
12,conj_uni,342,32,2,270,74,7.44,2
12,conj_uni,342,26,2,157,-28,7.93,2
12,conj_uni,342,19,2,-136,-309,9.13,2
12,conj_uni,342,3,2,-81,-304,9.57,2
12,conj_uni,342,33,2,-17,-279,10.07,2
12,conj_uni,342,29,1,-73,-37,11.17,2
12,conj_uni,342,34,1,-44,-115,11.93,2
12,conj_uni,342,28,1,-170,-108,12.33,2
12,conj_uni,342,11,1,-177,-347,13.13,2
12,conj_uni,342,36,1,79,-192,14.3,2
12,conj_uni,342,37,1,339,101,14.93,2
12,conj_uni,342,1,1,285,196,15.33,2
12,conj_uni,342,43,1,243,291,15.73,2
12,conj_uni,342,23,1,106,350,16.37,2
12,conj_uni,342,8,1,102,246,16.75,2
12,conj_uni,342,27,1,9,165,17.18,2
12,conj_uni,342,17,1,-266,289,17.93,2
12,conj_uni,343,28,2,-226,169,1.8,3
12,conj_uni,343,16,2,-146,205,2.23,3
12,conj_uni,343,10,2,-121,255,2.83,3
12,conj_uni,343,4,2,-332,331,3.63,3
12,conj_uni,343,26,2,290,143,4.43,3
12,conj_uni,343,36,2,346,133,4.74,3
12,conj_uni,343,32,2,209,-272,5.6,3
12,conj_uni,343,35,2,100,-362,6.07,3
12,conj_uni,343,14,2,-220,-343,6.67,3
12,conj_uni,343,39,2,-183,-300,7,3
12,conj_uni,343,23,2,-223,-257,8.1,3
12,conj_uni,343,30,2,-194,-85,9.2,3
12,conj_uni,343,19,1,-9,51,10.57,3
12,conj_uni,343,12,1,-116,-104,11.43,3
12,conj_uni,343,33,1,-180,-146,11.73,3
12,conj_uni,343,44,1,-237,-140,11.97,3
12,conj_uni,343,15,1,-250,-84,12.23,3
12,conj_uni,343,40,1,-299,-113,12.53,3
12,conj_uni,343,6,1,-359,-71,13,3
12,conj_uni,343,49,1,-39,-183,13.75,3
12,conj_uni,343,41,1,-46,-331,14.13,3
12,conj_uni,343,20,1,153,-344,14.85,3
12,conj_uni,343,37,1,357,-199,15.58,3
12,conj_uni,343,22,1,-259,-301,19.75,3
12,conj_uni,344,31,2,-108,144,1.3,4
12,conj_uni,344,44,2,-303,207,1.77,4
12,conj_uni,344,24,2,-194,322,2.47,4
12,conj_uni,344,42,2,-117,268,2.77,4
12,conj_uni,344,30,2,-51,239,3.3,4
12,conj_uni,344,19,2,350,226,4.2,4
12,conj_uni,344,29,2,-179,-129,5.57,4
12,conj_uni,344,3,2,62,51,6.13,4
12,conj_uni,344,12,2,120,-157,6.7,4
12,conj_uni,344,27,2,112,-330,7.33,4
12,conj_uni,344,20,2,200,-101,8.63,4
12,conj_uni,344,14,2,172,-283,9.33,4
12,conj_uni,344,22,1,115,-94,10.03,4
12,conj_uni,344,25,1,42,-97,10.6,4
12,conj_uni,344,38,1,276,-177,11.17,4
12,conj_uni,344,49,1,331,-184,11.5,4
12,conj_uni,344,45,1,350,-237,11.74,4
12,conj_uni,344,1,1,250,49,12.5,4
12,conj_uni,344,28,1,273,167,12.93,4
12,conj_uni,344,36,1,-73,187,13.63,4
12,conj_uni,344,13,1,-28,152,13.93,4
12,conj_uni,344,37,1,-264,-324,14.85,4
12,conj_uni,344,35,1,-137,-213,15.49,4
12,conj_uni,344,10,1,-270,-55,16.12,4
12,conj_uni,345,35,2,61,184,1.54,5
12,conj_uni,345,7,2,122,141,2.13,5
12,conj_uni,345,10,2,266,187,2.77,5
12,conj_uni,345,1,2,193,-18,3.4,5
12,conj_uni,345,44,2,328,-325,3.97,5
12,conj_uni,345,30,2,17,-276,4.77,5
12,conj_uni,345,4,2,-244,-276,5.6,5
12,conj_uni,345,19,2,-212,-80,6.37,5
12,conj_uni,345,11,2,-286,179,7.27,5
12,conj_uni,345,18,2,-271,283,7.63,5
12,conj_uni,345,17,2,-147,189,8.2,5
12,conj_uni,345,40,2,-96,163,8.5,5
12,conj_uni,345,31,1,59,-174,9.93,5
12,conj_uni,345,8,1,-155,-80,10.33,5
12,conj_uni,345,49,1,-153,-149,10.67,5
12,conj_uni,345,23,1,-131,-324,11.1,5
12,conj_uni,345,6,1,-359,192,12.13,5
12,conj_uni,345,29,1,-359,248,12.37,5
12,conj_uni,345,42,1,-203,221,12.8,5
12,conj_uni,345,33,1,-154,250,13.13,5
12,conj_uni,345,34,1,-8,169,13.62,5
12,conj_uni,345,3,1,176,123,14.08,5
12,conj_uni,345,45,1,359,343,15.72,5
12,conj_uni,345,16,1,-173,309,18.75,5
12,feat_grid,346,33,2,101,116,0.64,1
12,feat_grid,346,34,2,219,120,1.04,1
12,feat_grid,346,28,2,324,15,1.67,1
12,feat_grid,346,49,1,325,309,2.27,1
12,feat_grid,346,48,1,221,307,2.57,1
12,feat_grid,346,40,1,93,227,3.04,1
12,feat_grid,346,46,1,-6,322,3.67,1
12,feat_grid,346,38,1,-84,214,4.1,1
12,feat_grid,346,44,1,-214,337,4.7,1
12,feat_grid,346,37,2,-197,218,5.07,1
12,feat_grid,346,31,2,-106,108,5.47,1
12,feat_grid,346,24,2,-114,5,5.77,1
12,feat_grid,346,23,2,-220,-14,6.4,1
12,feat_grid,346,22,2,-328,-6,6.7,1
12,feat_grid,346,15,1,-335,-98,7,1
12,feat_grid,346,16,2,-243,-105,7.47,1
12,feat_grid,346,10,2,-102,-212,8.03,1
12,feat_grid,346,11,1,-3,-233,8.57,1
12,feat_grid,346,3,1,-103,-313,9.07,1
12,feat_grid,346,5,1,120,-318,9.68,1
12,feat_grid,346,14,1,334,-208,10.72,1
12,feat_grid,346,21,1,317,-108,10.98,1
12,feat_grid,346,6,2,214,-327,11.6,1
12,feat_grid,346,4,2,-11,-333,12.27,1
12,feat_grid,347,36,2,-294,201,0.8,2
12,feat_grid,347,43,2,-330,328,1.27,2
12,feat_grid,347,39,2,6,217,1.8,2
12,feat_grid,347,40,1,114,228,2.34,2
12,feat_grid,347,41,2,215,213,3.17,2
12,feat_grid,347,34,1,214,82,3.5,2
12,feat_grid,347,35,1,309,105,3.94,2
12,feat_grid,347,28,1,319,-4,4.37,2
12,feat_grid,347,27,1,224,-0,4.7,2
12,feat_grid,347,26,2,105,7,5.27,2
12,feat_grid,347,19,2,102,-104,5.6,2
12,feat_grid,347,21,2,317,-99,6.07,2
12,feat_grid,347,11,2,4,-211,7.4,2
12,feat_grid,347,5,1,116,-321,7.8,2
12,feat_grid,347,7,2,312,-330,8.23,2
12,feat_grid,347,4,1,-3,-327,8.83,2
12,feat_grid,347,3,1,-107,-335,9.43,2
12,feat_grid,347,2,2,-235,-331,9.77,2
12,feat_grid,347,9,2,-230,-214,10.1,2
12,feat_grid,347,8,1,-308,-212,10.43,2
12,feat_grid,347,1,1,-348,-343,10.73,2
12,feat_grid,347,22,1,-327,3,11.22,2
12,feat_grid,347,23,1,-220,13,11.58,2
12,feat_grid,347,24,2,-106,-4,12.32,2
12,feat_grid,348,30,2,-211,87,0.84,3
12,feat_grid,348,31,2,-107,114,1.27,3
12,feat_grid,348,44,2,-208,322,1.84,3
12,feat_grid,348,47,1,114,329,2.44,3
12,feat_grid,348,48,1,223,325,2.84,3
12,feat_grid,348,49,1,321,320,3.17,3
12,feat_grid,348,42,2,317,222,3.47,3
12,feat_grid,348,35,2,337,99,3.84,3
12,feat_grid,348,33,1,117,117,4.6,3
12,feat_grid,348,34,1,199,126,4.94,3
12,feat_grid,348,32,2,11,108,5.67,3
12,feat_grid,348,25,2,-9,-9,6.43,3
12,feat_grid,348,17,1,-117,-107,6.93,3
12,feat_grid,348,27,1,194,-15,7.8,3
12,feat_grid,348,20,1,211,-103,8.1,3
12,feat_grid,348,14,1,326,-223,8.57,3
12,feat_grid,348,12,1,99,-228,9.17,3
12,feat_grid,348,6,2,215,-316,9.8,3
12,feat_grid,348,7,2,319,-338,10.43,3
12,feat_grid,348,11,2,10,-226,11.03,3
12,feat_grid,348,10,2,-89,-222,11.27,3
12,feat_grid,348,9,2,-216,-226,11.93,3
12,feat_grid,348,8,1,-331,-217,12.28,3
12,feat_grid,348,1,1,-316,-321,12.65,3
12,feat_grid,349,32,2,-0,98,0.84,4
12,feat_grid,349,25,2,11,11,1.4,4
12,feat_grid,349,31,1,-106,103,1.94,4
12,feat_grid,349,37,2,-230,227,2.7,4
12,feat_grid,349,38,1,-122,198,3.44,4
12,feat_grid,349,29,1,-325,111,4.17,4
12,feat_grid,349,22,2,-324,-1,4.53,4
12,feat_grid,349,16,2,-219,-86,5.13,4
12,feat_grid,349,9,1,-193,-224,5.63,4
12,feat_grid,349,8,1,-326,-214,6.37,4
12,feat_grid,349,1,1,-327,-322,6.77,4
12,feat_grid,349,18,2,-5,-125,7.67,4
12,feat_grid,349,19,1,103,-104,8.17,4
12,feat_grid,349,20,1,222,-113,9.5,4
12,feat_grid,349,13,2,207,-220,9.9,4
12,feat_grid,349,5,1,122,-321,10.47,4
12,feat_grid,349,7,2,333,-346,11.13,4
12,feat_grid,349,28,2,312,7,11.97,4
12,feat_grid,349,27,2,206,10,12.7,4
12,feat_grid,349,34,1,205,102,13.07,4
12,feat_grid,349,41,1,211,215,13.53,4
12,feat_grid,349,42,2,327,236,13.93,4
12,feat_grid,349,40,1,110,224,14.47,4
12,feat_grid,349,47,2,112,311,14.92,4
12,feat_grid,350,31,1,-116,99,0.84,5
12,feat_grid,350,32,1,-5,104,1.17,5
12,feat_grid,350,34,2,199,121,1.64,5
12,feat_grid,350,33,1,96,122,2.94,5
12,feat_grid,350,26,1,115,2,3.3,5
12,feat_grid,350,27,1,219,-1,3.63,5
12,feat_grid,350,28,2,340,1,4.2,5
12,feat_grid,350,21,2,316,-120,4.63,5
12,feat_grid,350,14,2,326,-225,5.17,5
12,feat_grid,350,13,2,220,-222,5.57,5
12,feat_grid,350,7,1,313,-331,6.03,5
12,feat_grid,350,4,2,-16,-325,6.63,5
12,feat_grid,350,10,2,-99,-220,7.07,5
12,feat_grid,350,8,2,-346,-217,7.7,5
12,feat_grid,350,16,2,-216,-104,8.17,5
12,feat_grid,350,15,1,-324,-107,9,5
12,feat_grid,350,23,2,-205,-14,9.43,5
12,feat_grid,350,22,2,-329,10,10,5
12,feat_grid,350,24,1,-86,7,10.57,5
12,feat_grid,350,25,2,-9,-6,11.03,5
12,feat_grid,350,44,1,-235,338,11.7,5
12,feat_grid,350,45,1,-108,340,12.13,5
12,feat_grid,350,46,1,5,323,12.62,5
12,feat_grid,350,47,1,96,340,13.17,5
12,feat_rot,351,25,1,5,5,0.6,1
12,feat_rot,351,24,1,-66,-73,0.87,1
12,feat_rot,351,31,1,-148,5,1.24,1
12,feat_rot,351,32,2,-80,69,1.54,1
12,feat_rot,351,38,2,-230,68,2.04,1
12,feat_rot,351,45,2,-321,171,2.57,1
12,feat_rot,351,46,1,-230,241,3.47,1
12,feat_rot,351,33,1,-6,157,4,1
12,feat_rot,351,34,2,76,233,5.37,1
12,feat_rot,351,42,2,71,363,5.97,1
12,feat_rot,351,27,2,171,151,6.63,1
12,feat_rot,351,13,2,295,-9,7.27,1
12,feat_rot,351,14,1,373,74,7.67,1
12,feat_rot,351,7,2,474,-18,8.43,1
12,feat_rot,351,6,2,401,-61,8.9,1
12,feat_rot,351,3,1,149,-298,9.57,1
12,feat_rot,351,10,1,84,-234,9.9,1
12,feat_rot,351,17,1,25,-156,10.23,1
12,feat_rot,351,15,1,-161,-306,11.4,1
12,feat_rot,351,2,1,65,-382,12.13,1
12,feat_rot,351,22,2,-223,-222,12.9,1
12,feat_rot,351,30,2,-226,-62,13.3,1
12,feat_rot,351,36,2,-393,-85,13.92,1
12,feat_rot,351,43,1,-454,-2,14.28,1
12,feat_rot,352,25,1,5,7,1.07,2
12,feat_rot,352,24,1,-79,-66,1.3,2
12,feat_rot,352,18,1,76,-80,1.67,2
12,feat_rot,352,20,2,222,76,2.47,2
12,feat_rot,352,19,1,138,2,2.77,2
12,feat_rot,352,14,2,369,78,3.33,2
12,feat_rot,352,12,2,249,-75,3.77,2
12,feat_rot,352,11,2,142,-140,4.17,2
12,feat_rot,352,9,1,12,-303,4.77,2
12,feat_rot,352,16,1,-66,-225,5.1,2
12,feat_rot,352,1,1,-4,-455,6.23,2
12,feat_rot,352,2,1,59,-391,6.77,2
12,feat_rot,352,8,2,-78,-381,7.13,2
12,feat_rot,352,22,2,-231,-231,8.13,2
12,feat_rot,352,36,1,-383,-83,8.84,2
12,feat_rot,352,45,2,-304,151,9.44,2
12,feat_rot,352,40,2,-88,220,10.03,2
12,feat_rot,352,33,2,-9,158,10.5,2
12,feat_rot,352,41,2,3,293,10.84,2
12,feat_rot,352,48,1,-84,400,11.34,2
12,feat_rot,352,49,1,15,459,11.8,2
12,feat_rot,352,35,2,138,313,12.27,2
12,feat_rot,352,27,2,138,164,12.67,2
12,feat_rot,352,21,1,300,158,13.1,2
12,feat_rot,353,30,1,-218,-70,1.14,3
12,feat_rot,353,37,1,-312,-2,1.57,3
12,feat_rot,353,44,2,-371,52,2.07,3
12,feat_rot,353,43,2,-457,5,2.44,3
12,feat_rot,353,45,1,-298,159,3,3
12,feat_rot,353,24,2,-92,-69,3.63,3
12,feat_rot,353,29,1,-311,-150,4.44,3
12,feat_rot,353,15,2,-165,-316,5.03,3
12,feat_rot,353,16,2,-57,-237,5.83,3
12,feat_rot,353,2,2,66,-378,6.4,3
12,feat_rot,353,9,1,11,-316,6.73,3
12,feat_rot,353,1,2,4,-466,7.23,3
12,feat_rot,353,17,1,6,-148,8.33,3
12,feat_rot,353,4,1,206,-250,9,3
12,feat_rot,353,13,2,306,12,9.67,3
12,feat_rot,353,28,2,229,224,10.2,3
12,feat_rot,353,35,2,157,318,10.67,3
12,feat_rot,353,42,1,78,375,11,3
12,feat_rot,353,49,1,5,478,11.74,3
12,feat_rot,353,41,2,-5,304,12.2,3
12,feat_rot,353,47,2,-146,304,12.57,3
12,feat_rot,353,40,1,-99,228,13.2,3
12,feat_rot,353,39,1,-153,160,13.5,3
12,feat_rot,353,33,1,8,151,14.65,3
12,feat_rot,354,32,2,-75,58,1,4
12,feat_rot,354,31,2,-152,-14,1.3,4
12,feat_rot,354,39,1,-155,155,1.74,4
12,feat_rot,354,41,2,-24,308,2.8,4
12,feat_rot,354,40,1,-57,220,3.6,4
12,feat_rot,354,47,1,-137,326,4.27,4
12,feat_rot,354,48,1,-62,375,4.67,4
12,feat_rot,354,49,2,3,463,5.77,4
12,feat_rot,354,42,1,75,378,6.1,4
12,feat_rot,354,35,1,155,297,6.6,4
12,feat_rot,354,20,2,214,94,7.07,4
12,feat_rot,354,19,2,155,3,7.87,4
12,feat_rot,354,18,2,70,-73,8.23,4
12,feat_rot,354,11,1,153,-155,8.63,4
12,feat_rot,354,6,2,365,-80,9.6,4
12,feat_rot,354,12,2,235,-72,10.13,4
12,feat_rot,354,7,1,467,-1,10.77,4
12,feat_rot,354,4,2,214,-221,11.47,4
12,feat_rot,354,3,2,131,-299,11.97,4
12,feat_rot,354,9,1,-2,-306,12.95,4
12,feat_rot,354,16,2,-82,-228,13.53,4
12,feat_rot,354,22,1,-234,-240,13.97,4
12,feat_rot,354,36,1,-377,-71,14.75,4
12,feat_rot,354,43,1,-467,7,15.23,4
12,feat_rot,355,19,1,151,23,0.93,5
12,feat_rot,355,28,1,226,227,1.84,5
12,feat_rot,355,27,2,166,164,2.74,5
12,feat_rot,355,21,1,318,161,3.3,5
12,feat_rot,355,12,2,237,-85,4.43,5
12,feat_rot,355,5,2,285,-149,5.13,5
12,feat_rot,355,6,2,376,-90,5.6,5
12,feat_rot,355,18,2,80,-82,6.2,5
12,feat_rot,355,17,1,11,-162,6.63,5
12,feat_rot,355,10,1,74,-218,7.3,5
12,feat_rot,355,2,1,59,-382,8.33,5
12,feat_rot,355,3,1,155,-312,8.9,5
12,feat_rot,355,1,2,10,-450,9.47,5
12,feat_rot,355,8,1,-82,-390,9.9,5
12,feat_rot,355,9,2,16,-290,10.33,5
12,feat_rot,355,24,2,-96,-76,10.97,5
12,feat_rot,355,30,1,-228,-76,11.6,5
12,feat_rot,355,36,1,-391,-71,12.4,5
12,feat_rot,355,43,2,-464,-12,12.84,5
12,feat_rot,355,32,2,-91,72,13.67,5
12,feat_rot,355,40,1,-84,249,14.15,5
12,feat_rot,355,47,2,-161,295,14.75,5
12,feat_rot,355,48,1,-87,383,15.63,5
12,feat_rot,355,49,2,-11,465,16.3,5
12,feat_uni,356,5,1,-140,96,0.8,1
12,feat_uni,356,16,1,-189,298,1.83,1
12,feat_uni,356,42,1,-359,352,2.27,1
12,feat_uni,356,44,2,-187,354,2.8,1
12,feat_uni,356,41,1,-90,348,3.27,1
12,feat_uni,356,7,1,-94,277,3.5,1
12,feat_uni,356,14,1,85,288,4.1,1
12,feat_uni,356,10,1,146,255,4.33,1
12,feat_uni,356,32,1,284,78,4.87,1
12,feat_uni,356,39,1,72,39,5.34,1
12,feat_uni,356,13,2,125,97,5.57,1
12,feat_uni,356,17,2,58,114,5.83,1
12,feat_uni,356,38,2,93,158,6.14,1
12,feat_uni,356,18,2,150,199,7.07,1
12,feat_uni,356,8,2,285,22,7.6,1
12,feat_uni,356,23,2,283,-114,7.97,1
12,feat_uni,356,35,2,289,-215,8.54,1
12,feat_uni,356,28,1,309,-163,8.8,1
12,feat_uni,356,36,2,-182,-340,9.77,1
12,feat_uni,356,15,2,-337,-345,10.37,1
12,feat_uni,356,33,1,-274,-133,11.07,1
12,feat_uni,356,43,2,-264,-78,11.34,1
12,feat_uni,356,22,2,-206,-95,11.55,1
12,feat_uni,356,31,1,-111,-93,11.88,1
12,feat_uni,357,36,2,-119,21,0.8,2
12,feat_uni,357,12,1,-154,112,1.2,2
12,feat_uni,357,23,2,-75,90,1.6,2
12,feat_uni,357,18,1,-166,182,2.17,2
12,feat_uni,357,27,1,-203,140,2.4,2
12,feat_uni,357,4,1,-239,348,3,2
12,feat_uni,357,24,2,-266,239,3.27,2
12,feat_uni,357,11,2,-313,69,4.33,2
12,feat_uni,357,42,2,-348,-177,4.97,2
12,feat_uni,357,46,1,-186,-163,5.4,2
12,feat_uni,357,43,1,-224,-286,5.77,2
12,feat_uni,357,37,1,-40,-334,6.57,2
12,feat_uni,357,30,1,43,-280,7.7,2
12,feat_uni,357,2,1,-146,-315,8.27,2
12,feat_uni,357,26,2,-53,-116,8.8,2
12,feat_uni,357,3,2,-100,-86,9.1,2
12,feat_uni,357,8,1,70,-96,9.57,2
12,feat_uni,357,7,2,254,-21,10.27,2
12,feat_uni,357,5,1,342,35,10.63,2
12,feat_uni,357,29,2,199,-144,11.1,2
12,feat_uni,357,14,1,328,-343,11.87,2
12,feat_uni,357,38,2,292,257,12.53,2
12,feat_uni,357,47,2,213,344,12.97,2
12,feat_uni,357,31,2,32,331,13.53,2
12,feat_uni,358,27,2,-146,-109,1.3,3
12,feat_uni,358,48,2,-49,-118,1.84,3
12,feat_uni,358,3,1,-122,-179,2.2,3
12,feat_uni,358,21,1,-175,-199,2.67,3
12,feat_uni,358,31,2,-230,-190,3.04,3
12,feat_uni,358,49,2,-188,-254,3.34,3
12,feat_uni,358,46,1,-336,-59,4.77,3
12,feat_uni,358,6,1,-233,-360,5.47,3
12,feat_uni,358,4,2,106,-176,6.7,3
12,feat_uni,358,44,1,147,-61,7.27,3
12,feat_uni,358,11,2,345,-262,7.9,3
12,feat_uni,358,13,2,290,-322,8.2,3
12,feat_uni,358,16,2,350,-41,8.73,3
12,feat_uni,358,14,2,299,250,9.47,3
12,feat_uni,358,10,2,349,222,10.07,3
12,feat_uni,358,15,1,256,197,10.67,3
12,feat_uni,358,26,1,211,165,10.9,3
12,feat_uni,358,34,1,137,284,11.73,3
12,feat_uni,358,35,1,254,282,12.17,3
12,feat_uni,358,29,2,-130,316,13.4,3
12,feat_uni,358,47,1,-160,364,13.67,3
12,feat_uni,358,12,1,2,215,14.18,3
12,feat_uni,358,24,1,-290,302,14.82,3
12,feat_uni,358,7,2,-270,356,15.07,3
12,feat_uni,359,42,2,-257,25,0.7,4
12,feat_uni,359,32,2,-233,130,1,4
12,feat_uni,359,17,2,-308,-47,1.37,4
12,feat_uni,359,4,1,-326,351,2.2,4
12,feat_uni,359,48,1,-304,300,2.44,4
12,feat_uni,359,13,1,-255,-31,3.13,4
12,feat_uni,359,35,2,-209,-104,3.5,4
12,feat_uni,359,45,2,-153,-113,3.94,4
12,feat_uni,359,41,2,-330,-264,4.6,4
12,feat_uni,359,19,1,-205,-355,5.2,4
12,feat_uni,359,31,1,126,-239,5.94,4
12,feat_uni,359,22,1,174,-268,6.13,4
12,feat_uni,359,26,2,97,-336,6.47,4
12,feat_uni,359,23,2,71,-98,7.07,4
12,feat_uni,359,2,1,182,-111,7.5,4
12,feat_uni,359,5,1,306,-96,8.03,4
12,feat_uni,359,15,2,313,-237,8.37,4
12,feat_uni,359,49,1,311,79,9.04,4
12,feat_uni,359,14,1,220,104,9.77,4
12,feat_uni,359,9,2,264,48,10.5,4
12,feat_uni,359,38,1,273,121,10.84,4
12,feat_uni,359,25,2,200,192,11.33,4
12,feat_uni,359,43,2,217,256,11.63,4
12,feat_uni,359,10,1,351,284,12.28,4
12,feat_uni,360,38,1,28,23,0.77,5
12,feat_uni,360,29,1,27,-34,1,5
12,feat_uni,360,43,2,81,-75,1.34,5
12,feat_uni,360,16,2,143,-110,1.8,5
12,feat_uni,360,35,1,211,-120,2.1,5
12,feat_uni,360,30,1,280,-39,2.44,5
12,feat_uni,360,2,1,211,112,3,5
12,feat_uni,360,4,2,328,-9,3.37,5
12,feat_uni,360,32,1,335,264,3.97,5
12,feat_uni,360,3,2,257,277,4.3,5
12,feat_uni,360,46,2,-18,343,5.6,5
12,feat_uni,360,18,2,-280,328,6.3,5
12,feat_uni,360,44,1,-242,14,6.87,5
12,feat_uni,360,12,1,-179,-7,7.17,5
12,feat_uni,360,6,2,-269,-42,7.6,5
12,feat_uni,360,13,2,-335,-31,7.87,5
12,feat_uni,360,21,1,-305,-150,8.3,5
12,feat_uni,360,1,2,-280,-306,8.83,5
12,feat_uni,360,7,1,-222,-283,9.17,5
12,feat_uni,360,40,2,-174,-322,9.57,5
12,feat_uni,360,14,2,-48,-297,10.17,5
12,feat_uni,360,39,1,96,-277,10.63,5
12,feat_uni,360,17,2,132,-232,11.87,5
12,feat_uni,360,48,1,323,-259,13.27,5
13,conj_grid,361,43,1,-314,332,1.04,1
13,conj_grid,361,45,1,-116,326,1.57,1
13,conj_grid,361,46,1,-20,312,2.29,1
13,conj_grid,361,34,1,227,107,3.07,1
13,conj_grid,361,33,1,116,108,3.7,1
13,conj_grid,361,29,1,-318,98,4.32,1
13,conj_grid,361,22,1,-330,10,4.72,1
13,conj_grid,361,15,1,-324,-104,5.28,1
13,conj_grid,361,19,1,114,-94,6.03,1
13,conj_grid,361,20,1,213,-112,6.65,1
13,conj_grid,361,13,1,226,-227,7.08,1
13,conj_grid,361,4,1,-2,-323,7.58,1
13,conj_grid,361,6,2,228,-318,8.28,1
13,conj_grid,361,5,2,113,-329,8.78,1
13,conj_grid,361,16,2,-209,-96,9.48,1
13,conj_grid,361,17,2,-109,-115,9.85,1
13,conj_grid,361,24,2,-103,-7,10.28,1
13,conj_grid,361,26,2,101,22,11.02,1
13,conj_grid,361,21,2,328,-112,12.52,1
13,conj_grid,361,35,2,318,103,13.07,1
13,conj_grid,361,42,2,334,210,13.47,1
13,conj_grid,361,40,2,105,229,13.97,1
13,conj_grid,361,39,2,3,202,14.53,1
13,conj_grid,361,36,2,-334,203,15.12,1
13,conj_grid,362,45,2,-98,321,1.74,2
13,conj_grid,362,46,2,-3,306,2.27,2
13,conj_grid,362,48,2,207,325,2.87,2
13,conj_grid,362,42,2,328,217,4.54,2
13,conj_grid,362,41,1,227,201,5.9,2
13,conj_grid,362,40,1,110,204,6.6,2
13,conj_grid,362,37,1,-209,215,7.8,2
13,conj_grid,362,36,1,-329,219,8.23,2
13,conj_grid,362,29,2,-315,121,8.73,2
13,conj_grid,362,30,1,-223,108,9.27,2
13,conj_grid,362,34,2,227,115,10.13,2
13,conj_grid,362,35,2,342,116,11.07,2
13,conj_grid,362,26,2,112,-3,11.87,2
13,conj_grid,362,24,2,-126,-4,12.4,2
13,conj_grid,362,23,2,-231,9,12.9,2
13,conj_grid,362,22,1,-332,-4,13.43,2
13,conj_grid,362,16,2,-203,-108,14.17,2
13,conj_grid,362,17,1,-129,-108,14.77,2
13,conj_grid,362,19,2,108,-103,16.12,2
13,conj_grid,362,13,1,235,-259,17.15,2
13,conj_grid,362,12,1,110,-217,17.8,2
13,conj_grid,362,10,1,-110,-222,18.33,2
13,conj_grid,362,9,1,-223,-220,18.87,2
13,conj_grid,362,4,1,16,-304,20.58,2
13,conj_grid,363,43,2,-340,310,1.14,3
13,conj_grid,363,36,2,-333,216,2.34,3
13,conj_grid,363,37,2,-201,220,2.94,3
13,conj_grid,363,46,1,8,319,3.74,3
13,conj_grid,363,40,2,103,215,4.5,3
13,conj_grid,363,41,2,217,234,4.9,3
13,conj_grid,363,48,1,210,325,5.47,3
13,conj_grid,363,42,1,321,222,6.14,3
13,conj_grid,363,35,2,320,98,6.73,3
13,conj_grid,363,34,1,211,102,7.54,3
13,conj_grid,363,32,2,-13,103,8.17,3
13,conj_grid,363,23,1,-214,17,9.7,3
13,conj_grid,363,22,1,-321,7,10.2,3
13,conj_grid,363,25,1,8,10,11.4,3
13,conj_grid,363,20,1,216,-143,13.2,3
13,conj_grid,363,19,2,118,-134,14.5,3
13,conj_grid,363,18,1,-3,-119,15,3
13,conj_grid,363,15,2,-311,-108,15.77,3
13,conj_grid,363,1,2,-324,-321,16.47,3
13,conj_grid,363,3,1,-104,-325,17.25,3
13,conj_grid,363,11,2,-12,-202,18.05,3
13,conj_grid,363,12,1,113,-215,18.55,3
13,conj_grid,363,5,1,92,-322,18.93,3
13,conj_grid,363,7,2,322,-332,19.46,3
13,conj_grid,364,44,2,-217,332,1.47,4
13,conj_grid,364,38,2,-127,219,2.44,4
13,conj_grid,364,37,1,-218,220,2.97,4
13,conj_grid,364,30,1,-205,117,3.44,4
13,conj_grid,364,31,2,-102,126,4.1,4
13,conj_grid,364,22,2,-338,-2,4.87,4
13,conj_grid,364,8,1,-348,-216,6.07,4
13,conj_grid,364,9,1,-217,-214,6.53,4
13,conj_grid,364,10,1,-119,-216,6.93,4
13,conj_grid,364,17,1,-101,-104,7.43,4
13,conj_grid,364,25,1,6,2,7.9,4
13,conj_grid,364,26,1,124,-4,8.47,4
13,conj_grid,364,40,1,101,233,9.33,4
13,conj_grid,364,42,1,318,215,10.07,4
13,conj_grid,364,7,1,335,-320,10.87,4
13,conj_grid,364,5,1,119,-329,11.3,4
13,conj_grid,364,3,2,-100,-324,12.33,4
13,conj_grid,364,11,2,-3,-225,12.97,4
13,conj_grid,364,18,2,6,-105,13.43,4
13,conj_grid,364,20,2,208,-114,13.93,4
13,conj_grid,364,14,2,315,-223,14.4,4
13,conj_grid,364,27,2,223,11,15,4
13,conj_grid,364,35,2,310,104,15.55,4
13,conj_grid,364,33,2,94,96,16.12,4
13,conj_grid,365,43,1,-324,317,1,5
13,conj_grid,365,49,1,326,310,1.9,5
13,conj_grid,365,41,1,209,217,2.4,5
13,conj_grid,365,34,1,235,109,2.77,5
13,conj_grid,365,27,1,226,9,3.2,5
13,conj_grid,365,29,1,-322,123,4,5
13,conj_grid,365,16,1,-203,-102,4.6,5
13,conj_grid,365,15,1,-322,-121,5.3,5
13,conj_grid,365,3,1,-102,-315,5.93,5
13,conj_grid,365,12,1,107,-217,6.5,5
13,conj_grid,365,4,1,-9,-308,7.2,5
13,conj_grid,365,7,1,325,-322,8.03,5
13,conj_grid,365,13,2,211,-208,9.4,5
13,conj_grid,365,20,2,204,-103,9.9,5
13,conj_grid,365,11,2,-29,-207,10.4,5
13,conj_grid,365,22,2,-321,-6,11.43,5
13,conj_grid,365,8,2,-327,-217,12.13,5
13,conj_grid,365,26,2,100,7,13.7,5
13,conj_grid,365,28,2,331,-2,14.33,5
13,conj_grid,365,33,2,92,122,14.97,5
13,conj_grid,365,31,2,-87,127,15.48,5
13,conj_grid,365,39,2,4,227,15.88,5
13,conj_grid,365,38,2,-121,219,16.68,5
13,conj_grid,365,37,2,-209,225,17.03,5
13,conj_rot,366,47,1,-174,308,1.74,1
13,conj_rot,366,40,1,-55,246,2.3,1
13,conj_rot,366,28,1,232,236,3,1
13,conj_rot,366,27,1,143,144,3.44,1
13,conj_rot,366,25,1,-3,9,4,1
13,conj_rot,366,23,1,-139,-145,4.57,1
13,conj_rot,366,22,1,-208,-234,4.97,1
13,conj_rot,366,17,1,-4,-163,5.53,1
13,conj_rot,366,11,1,163,-146,6.13,1
13,conj_rot,366,5,1,309,-158,6.67,1
13,conj_rot,366,6,1,362,-84,7.2,1
13,conj_rot,366,2,1,78,-381,7.9,1
13,conj_rot,366,15,2,-146,-302,8.63,1
13,conj_rot,366,24,2,-78,-64,9.47,1
13,conj_rot,366,43,2,-469,21,10.2,1
13,conj_rot,366,44,2,-389,87,10.74,1
13,conj_rot,366,45,2,-293,186,11.64,1
13,conj_rot,366,39,2,-154,156,12.13,1
13,conj_rot,366,12,2,214,-72,12.8,1
13,conj_rot,366,26,2,70,94,13.4,1
13,conj_rot,366,13,2,308,7,14,1
13,conj_rot,366,7,2,446,-6,14.48,1
13,conj_rot,366,41,2,-2,293,15.15,1
13,conj_rot,366,49,2,-7,463,15.62,1
13,conj_rot,367,48,2,-89,386,1.34,2
13,conj_rot,367,41,1,13,289,2.24,2
13,conj_rot,367,46,2,-230,229,4.7,2
13,conj_rot,367,28,2,231,226,5.5,2
13,conj_rot,367,21,2,308,166,5.93,2
13,conj_rot,367,27,1,149,166,6.5,2
13,conj_rot,367,39,1,-156,164,7.14,2
13,conj_rot,367,32,1,-73,75,7.77,2
13,conj_rot,367,38,2,-224,65,8.47,2
13,conj_rot,367,44,1,-374,73,9,2
13,conj_rot,367,36,2,-361,-79,10,2
13,conj_rot,367,29,2,-327,-172,10.67,2
13,conj_rot,367,30,1,-231,-68,11.23,2
13,conj_rot,367,16,1,-74,-226,12.57,2
13,conj_rot,367,15,1,-159,-305,13.03,2
13,conj_rot,367,8,2,-67,-382,13.87,2
13,conj_rot,367,2,2,66,-393,14.4,2
13,conj_rot,367,3,2,144,-299,14.9,2
13,conj_rot,367,9,1,1,-312,15.37,2
13,conj_rot,367,17,2,6,-155,16.2,2
13,conj_rot,367,18,1,76,-83,16.68,2
13,conj_rot,367,11,1,156,-137,17.35,2
13,conj_rot,367,25,2,9,3,18,2
13,conj_rot,367,12,1,230,-79,18.75,2
13,conj_rot,368,49,1,-1,463,2.27,3
13,conj_rot,368,48,1,-73,377,2.74,3
13,conj_rot,368,47,1,-158,301,3.44,3
13,conj_rot,368,40,2,-82,223,4.04,3
13,conj_rot,368,39,1,-158,143,5.04,3
13,conj_rot,368,32,1,-83,67,5.5,3
13,conj_rot,368,38,1,-223,66,6,3
13,conj_rot,368,26,1,107,85,6.57,3
13,conj_rot,368,43,2,-458,14,7.7,3
13,conj_rot,368,36,2,-380,-87,8.37,3
13,conj_rot,368,15,2,-137,-297,10.73,3
13,conj_rot,368,17,2,-20,-153,12,3
13,conj_rot,368,10,2,75,-239,12.7,3
13,conj_rot,368,4,2,232,-256,13.3,3
13,conj_rot,368,2,2,78,-390,13.8,3
13,conj_rot,368,1,2,11,-464,14.23,3
13,conj_rot,368,8,1,-96,-386,14.73,3
13,conj_rot,368,9,1,-0,-314,15.13,3
13,conj_rot,368,3,1,147,-305,15.93,3
13,conj_rot,368,12,1,224,-73,16.8,3
13,conj_rot,368,18,1,80,-78,17.82,3
13,conj_rot,368,20,2,228,68,18.62,3
13,conj_rot,368,13,2,314,9,19.88,3
13,conj_rot,368,21,2,296,155,21.2,3
13,conj_rot,369,49,2,-0,458,1.04,4
13,conj_rot,369,42,1,70,388,1.64,4
13,conj_rot,369,48,1,-75,381,2.14,4
13,conj_rot,369,47,2,-153,311,3,4
13,conj_rot,369,46,2,-230,228,3.57,4
13,conj_rot,369,34,2,50,245,4.24,4
13,conj_rot,369,27,2,162,160,6.57,4
13,conj_rot,369,39,1,-146,154,7.74,4
13,conj_rot,369,45,1,-316,147,8.2,4
13,conj_rot,369,38,1,-232,90,8.67,4
13,conj_rot,369,32,2,-78,83,9.27,4
13,conj_rot,369,14,2,380,95,11.77,4
13,conj_rot,369,13,1,304,-1,12.93,4
13,conj_rot,369,19,1,153,1,13.43,4
13,conj_rot,369,5,1,304,-142,14.03,4
13,conj_rot,369,4,2,253,-234,15.17,4
13,conj_rot,369,3,1,150,-315,16,4
13,conj_rot,369,2,1,83,-370,16.5,4
13,conj_rot,369,15,2,-150,-301,17.17,4
13,conj_rot,369,17,2,-13,-155,17.9,4
13,conj_rot,369,23,1,-169,-150,18.9,4
13,conj_rot,369,43,2,-460,-8,20.02,4
13,conj_rot,369,30,2,-227,-73,20.73,4
13,conj_rot,369,29,1,-311,-171,21.23,4
13,conj_rot,370,48,1,-71,395,1.14,5
13,conj_rot,370,41,1,16,309,1.64,5
13,conj_rot,370,35,1,146,292,2.27,5
13,conj_rot,370,21,1,313,156,2.7,5
13,conj_rot,370,40,1,-105,207,3.2,5
13,conj_rot,370,38,1,-223,91,3.64,5
13,conj_rot,370,44,1,-384,55,4.14,5
13,conj_rot,370,43,1,-451,7,4.47,5
13,conj_rot,370,22,1,-240,-226,5.13,5
13,conj_rot,370,8,1,-78,-382,5.7,5
13,conj_rot,370,12,1,239,-90,6.37,5
13,conj_rot,370,13,1,289,-10,6.8,5
13,conj_rot,370,34,2,68,216,7.9,5
13,conj_rot,370,46,2,-227,233,9.57,5
13,conj_rot,370,31,2,-149,16,10.27,5
13,conj_rot,370,25,2,16,-7,10.9,5
13,conj_rot,370,24,2,-71,-77,11.27,5
13,conj_rot,370,19,2,141,-14,11.93,5
13,conj_rot,370,14,2,367,91,12.53,5
13,conj_rot,370,11,2,141,-156,13.28,5
13,conj_rot,370,10,2,85,-208,14.17,5
13,conj_rot,370,17,2,5,-149,14.57,5
13,conj_rot,370,16,2,-87,-231,14.97,5
13,conj_rot,370,9,2,13,-310,15.93,5
13,conj_uni,371,35,2,-331,180,2.24,1
13,conj_uni,371,26,2,-105,177,3.1,1
13,conj_uni,371,18,2,-105,121,3.4,1
13,conj_uni,371,9,2,-162,135,3.8,1
13,conj_uni,371,30,2,-148,45,4.9,1
13,conj_uni,371,37,1,-89,67,5.37,1
13,conj_uni,371,31,1,119,306,6.77,1
13,conj_uni,371,25,1,206,274,7.27,1
13,conj_uni,371,29,1,138,234,7.87,1
13,conj_uni,371,16,2,226,200,9.07,1
13,conj_uni,371,23,2,327,154,9.7,1
13,conj_uni,371,5,1,162,99,10.43,1
13,conj_uni,371,47,1,131,53,11,1
13,conj_uni,371,27,2,13,-17,11.93,1
13,conj_uni,371,40,2,-135,-156,12.53,1
13,conj_uni,371,10,1,-173,-225,13.1,1
13,conj_uni,371,24,1,-316,-148,13.63,1
13,conj_uni,371,42,1,-333,-347,14.3,1
13,conj_uni,371,49,2,73,-245,15.92,1
13,conj_uni,371,32,2,138,-244,16.35,1
13,conj_uni,371,3,1,180,-206,17.01,1
13,conj_uni,371,39,1,292,-349,17.75,1
13,conj_uni,371,19,2,302,-254,18.33,1
13,conj_uni,371,8,1,256,-60,19.26,1
13,conj_uni,372,43,2,-167,367,0.97,2
13,conj_uni,372,26,2,-169,312,1.54,2
13,conj_uni,372,25,1,-212,276,2.37,2
13,conj_uni,372,4,2,-267,272,3.23,2
13,conj_uni,372,9,1,-185,192,3.93,2
13,conj_uni,372,7,1,-144,153,4.9,2
13,conj_uni,372,27,1,-78,212,5.4,2
13,conj_uni,372,16,2,-97,283,5.8,2
13,conj_uni,372,3,2,-25,195,6.43,2
13,conj_uni,372,38,2,-221,119,7.7,2
13,conj_uni,372,42,1,-183,77,8.24,2
13,conj_uni,372,47,1,-228,-20,9.94,2
13,conj_uni,372,39,2,-244,-298,11.43,2
13,conj_uni,372,40,2,37,-346,15.17,2
13,conj_uni,372,24,2,236,-338,16.17,2
13,conj_uni,372,48,2,206,-235,16.73,2
13,conj_uni,372,6,1,307,-131,17.37,2
13,conj_uni,372,11,1,308,-15,17.87,2
13,conj_uni,372,21,1,131,48,18.3,2
13,conj_uni,372,1,1,64,105,18.76,2
13,conj_uni,372,44,1,194,180,19.47,2
13,conj_uni,372,28,1,311,140,20.1,2
13,conj_uni,372,13,2,250,184,20.92,2
13,conj_uni,372,18,2,320,195,21.67,2
13,conj_uni,373,22,2,-354,211,2.1,3
13,conj_uni,373,16,2,-299,222,2.57,3
13,conj_uni,373,17,2,-302,131,3.07,3
13,conj_uni,373,12,1,-211,211,3.83,3
13,conj_uni,373,46,2,-73,157,4.6,3
13,conj_uni,373,15,1,-351,12,5.43,3
13,conj_uni,373,42,1,-343,-72,6.17,3
13,conj_uni,373,13,2,-327,-126,8.43,3
13,conj_uni,373,49,1,-38,-226,10.47,3
13,conj_uni,373,30,2,-52,-172,11.3,3
13,conj_uni,373,21,1,73,-216,12.7,3
13,conj_uni,373,34,1,12,-161,13.1,3
13,conj_uni,373,43,1,65,-271,13.57,3
13,conj_uni,373,8,1,98,-130,14.27,3
13,conj_uni,373,2,1,-73,-51,14.77,3
13,conj_uni,373,19,1,42,89,15.37,3
13,conj_uni,373,37,2,225,-279,16.27,3
13,conj_uni,373,18,2,269,-237,16.97,3
13,conj_uni,373,7,2,90,57,18.6,3
13,conj_uni,373,39,2,153,-35,19.13,3
13,conj_uni,373,38,2,167,-171,19.77,3
13,conj_uni,373,27,1,190,178,20.83,3
13,conj_uni,373,10,1,368,123,21.45,3
13,conj_uni,373,3,2,328,312,22.03,3
13,conj_uni,374,46,1,-316,302,1.14,4
13,conj_uni,374,41,1,-309,137,1.64,4
13,conj_uni,374,8,1,-273,7,3.1,4
13,conj_uni,374,3,1,-34,127,3.77,4
13,conj_uni,374,12,1,117,35,4.5,4
13,conj_uni,374,25,1,196,85,4.9,4
13,conj_uni,374,27,1,301,58,5.4,4
13,conj_uni,374,48,1,358,256,6,4
13,conj_uni,374,28,1,232,-83,6.6,4
13,conj_uni,374,19,1,52,-194,7.13,4
13,conj_uni,374,29,1,-3,-208,7.47,4
13,conj_uni,374,18,1,-41,-122,7.97,4
13,conj_uni,374,17,2,-326,-264,8.5,4
13,conj_uni,374,20,2,-264,-320,9,4
13,conj_uni,374,21,2,-230,-261,9.83,4
13,conj_uni,374,35,2,-189,-331,10.2,4
13,conj_uni,374,32,2,175,-290,11.17,4
13,conj_uni,374,31,2,349,-164,11.77,4
13,conj_uni,374,47,2,200,28,12.5,4
13,conj_uni,374,22,2,309,195,13.07,4
13,conj_uni,374,36,2,199,357,13.87,4
13,conj_uni,374,15,2,-190,185,14.47,4
13,conj_uni,374,2,2,-289,66,14.97,4
13,conj_uni,374,38,2,-373,302,15.95,4
13,conj_uni,375,33,1,-147,331,2,5
13,conj_uni,375,14,1,-35,227,3,5
13,conj_uni,375,3,2,-91,228,3.4,5
13,conj_uni,375,22,2,-48,171,3.77,5
13,conj_uni,375,12,2,-118,179,4.13,5
13,conj_uni,375,20,2,-183,182,4.73,5
13,conj_uni,375,35,1,-150,134,5.2,5
13,conj_uni,375,18,2,-266,35,5.7,5
13,conj_uni,375,32,2,-319,11,6.07,5
13,conj_uni,375,39,2,-307,-97,6.67,5
13,conj_uni,375,23,2,-164,2,7.93,5
13,conj_uni,375,38,1,-109,-8,8.27,5
13,conj_uni,375,1,1,-97,-63,8.67,5
13,conj_uni,375,29,1,-16,-4,9.3,5
13,conj_uni,375,2,1,125,53,10.5,5
13,conj_uni,375,7,1,179,73,11.03,5
13,conj_uni,375,28,1,225,308,12.43,5
13,conj_uni,375,42,1,254,359,12.87,5
13,conj_uni,375,34,2,349,27,14,5
13,conj_uni,375,30,1,177,-79,14.53,5
13,conj_uni,375,5,2,317,-169,15.48,5
13,conj_uni,375,44,2,85,-185,17.73,5
13,conj_uni,375,49,1,78,-277,18.82,5
13,conj_uni,375,37,2,-191,-184,19.77,5
13,feat_grid,376,43,1,-323,319,0.87,1
13,feat_grid,376,44,2,-206,326,1.4,1
13,feat_grid,376,37,1,-208,226,1.87,1
13,feat_grid,376,36,2,-338,217,2.34,1
13,feat_grid,376,29,2,-319,100,2.8,1
13,feat_grid,376,31,1,-120,135,3.54,1
13,feat_grid,376,39,1,22,210,4.27,1
13,feat_grid,376,40,1,107,222,4.64,1
13,feat_grid,376,33,2,111,112,5.14,1
13,feat_grid,376,34,2,204,96,5.5,1
13,feat_grid,376,26,2,115,7,5.9,1
13,feat_grid,376,20,1,216,-94,6.3,1
13,feat_grid,376,13,2,204,-209,6.9,1
13,feat_grid,376,18,1,12,-96,8.17,1
13,feat_grid,376,11,2,-17,-211,8.57,1
13,feat_grid,376,4,1,0,-331,9,1
13,feat_grid,376,3,2,-95,-323,9.43,1
13,feat_grid,376,10,2,-80,-219,9.9,1
13,feat_grid,376,17,1,-117,-119,10.3,1
13,feat_grid,376,16,2,-227,-108,10.77,1
13,feat_grid,376,23,2,-209,1,11.12,1
13,feat_grid,376,22,1,-317,-8,11.78,1
13,feat_grid,376,9,1,-244,-228,12.4,1
13,feat_grid,376,1,1,-334,-328,12.98,1
13,feat_grid,377,46,1,11,345,0.94,2
13,feat_grid,377,37,2,-203,216,1.37,2
13,feat_grid,377,36,2,-339,193,1.74,2
13,feat_grid,377,30,2,-222,134,2.24,2
13,feat_grid,377,41,1,200,214,2.97,2
13,feat_grid,377,42,2,317,216,3.37,2
13,feat_grid,377,35,1,334,109,3.74,2
13,feat_grid,377,34,2,213,105,4.47,2
13,feat_grid,377,32,1,-3,113,5.3,2
13,feat_grid,377,33,1,102,88,5.67,2
13,feat_grid,377,25,2,8,-1,6.33,2
13,feat_grid,377,28,2,326,4,6.84,2
13,feat_grid,377,21,2,335,-103,7.3,2
13,feat_grid,377,20,2,211,-110,7.7,2
13,feat_grid,377,13,2,221,-206,8.1,2
13,feat_grid,377,14,1,327,-231,8.77,2
13,feat_grid,377,6,1,229,-319,9.4,2
13,feat_grid,377,4,1,6,-312,10.07,2
13,feat_grid,377,3,1,-121,-308,10.53,2
13,feat_grid,377,2,1,-211,-324,10.9,2
13,feat_grid,377,8,2,-328,-219,12.28,2
13,feat_grid,377,15,1,-334,-108,12.63,2
13,feat_grid,377,16,1,-196,-124,13.07,2
13,feat_grid,377,1,2,-322,-320,13.67,2
13,feat_grid,378,43,1,-320,323,0.74,3
13,feat_grid,378,44,2,-224,322,1.14,3
13,feat_grid,378,37,1,-215,211,1.54,3
13,feat_grid,378,36,2,-299,226,1.84,3
13,feat_grid,378,29,2,-317,99,2.47,3
13,feat_grid,378,30,1,-224,103,2.9,3
13,feat_grid,378,31,2,-113,113,3.67,3
13,feat_grid,378,32,1,4,114,4.07,3
13,feat_grid,378,48,2,224,314,4.74,3
13,feat_grid,378,41,2,233,204,5.24,3
13,feat_grid,378,35,1,322,113,6.04,3
13,feat_grid,378,28,2,319,-14,6.4,3
13,feat_grid,378,21,2,329,-101,6.73,3
13,feat_grid,378,27,1,216,-1,7.3,3
13,feat_grid,378,20,1,205,-117,7.67,3
13,feat_grid,378,6,2,229,-321,8.33,3
13,feat_grid,378,12,2,119,-215,8.83,3
13,feat_grid,378,19,2,96,-100,9.37,3
13,feat_grid,378,24,1,-120,3,10.55,3
13,feat_grid,378,25,1,7,2,10.9,3
13,feat_grid,378,16,2,-220,-103,11.4,3
13,feat_grid,378,9,1,-203,-201,11.73,3
13,feat_grid,378,8,1,-324,-203,12.23,3
13,feat_grid,378,1,1,-328,-328,12.83,3
13,feat_grid,379,43,2,-306,303,1.1,4
13,feat_grid,379,44,1,-209,326,1.64,4
13,feat_grid,379,45,2,-113,336,2.04,4
13,feat_grid,379,36,1,-329,217,2.47,4
13,feat_grid,379,38,2,-119,219,2.9,4
13,feat_grid,379,39,2,-11,210,3.4,4
13,feat_grid,379,40,1,107,221,3.8,4
13,feat_grid,379,42,1,328,215,4.6,4
13,feat_grid,379,41,2,221,229,4.94,4
13,feat_grid,379,32,1,-2,108,5.5,4
13,feat_grid,379,26,2,108,-1,6.03,4
13,feat_grid,379,28,1,309,5,6.6,4
13,feat_grid,379,27,2,226,-19,6.93,4
13,feat_grid,379,20,2,237,-98,7.23,4
13,feat_grid,379,7,2,326,-332,8,4
13,feat_grid,379,5,1,111,-328,8.57,4
13,feat_grid,379,4,2,-14,-336,9.03,4
13,feat_grid,379,3,2,-98,-318,9.47,4
13,feat_grid,379,10,1,-123,-222,9.87,4
13,feat_grid,379,18,1,6,-107,10.25,4
13,feat_grid,379,17,1,-116,-115,10.68,4
13,feat_grid,379,15,1,-320,-118,11.62,4
13,feat_grid,379,2,2,-223,-323,12.1,4
13,feat_grid,379,1,1,-331,-331,12.5,4
13,feat_grid,380,43,1,-323,309,1.47,5
13,feat_grid,380,44,2,-226,308,1.84,5
13,feat_grid,380,46,1,-16,315,2.27,5
13,feat_grid,380,49,2,328,321,2.9,5
13,feat_grid,380,41,2,219,208,3.74,5
13,feat_grid,380,38,2,-102,213,4.2,5
13,feat_grid,380,37,2,-226,204,4.57,5
13,feat_grid,380,36,1,-327,231,4.94,5
13,feat_grid,380,29,1,-327,105,5.5,5
13,feat_grid,380,22,1,-332,12,6.27,5
13,feat_grid,380,31,1,-118,122,6.87,5
13,feat_grid,380,33,1,102,109,7.37,5
13,feat_grid,380,35,1,321,94,7.94,5
13,feat_grid,380,21,2,325,-94,8.43,5
13,feat_grid,380,20,2,229,-106,8.9,5
13,feat_grid,380,19,1,122,-111,9.27,5
13,feat_grid,380,17,2,-119,-118,9.83,5
13,feat_grid,380,11,2,-17,-216,10.27,5
13,feat_grid,380,14,2,319,-206,10.8,5
13,feat_grid,380,7,1,329,-314,11.3,5
13,feat_grid,380,6,2,212,-340,11.8,5
13,feat_grid,380,3,2,-88,-328,12.33,5
13,feat_grid,380,2,1,-226,-323,12.75,5
13,feat_grid,380,1,1,-317,-340,13.08,5
13,feat_rot,381,48,2,-83,388,0.74,1
13,feat_rot,381,35,2,139,314,1.37,1
13,feat_rot,381,34,1,69,233,1.7,1
13,feat_rot,381,40,2,-70,220,2.4,1
13,feat_rot,381,33,1,-8,139,2.74,1
13,feat_rot,381,39,2,-149,142,3.07,1
13,feat_rot,381,38,1,-222,84,3.4,1
13,feat_rot,381,45,1,-323,152,3.77,1
13,feat_rot,381,36,1,-384,-79,4.4,1
13,feat_rot,381,29,2,-296,-154,5.2,1
13,feat_rot,381,30,2,-237,-76,5.57,1
13,feat_rot,381,31,2,-167,-6,6.04,1
13,feat_rot,381,15,1,-154,-320,6.6,1
13,feat_rot,381,8,2,-66,-376,6.97,1
13,feat_rot,381,9,2,9,-296,7.43,1
13,feat_rot,381,17,2,-15,-148,7.9,1
13,feat_rot,381,3,1,152,-294,8.87,1
13,feat_rot,381,10,1,57,-221,9.27,1
13,feat_rot,381,11,1,153,-175,9.63,1
13,feat_rot,381,18,1,75,-75,10.83,1
13,feat_rot,381,4,2,239,-234,11.33,1
13,feat_rot,381,13,2,292,3,11.92,1
13,feat_rot,381,20,1,232,69,12.47,1
13,feat_rot,381,7,1,465,-3,14.02,1
13,feat_rot,382,47,1,-151,311,0.84,2
13,feat_rot,382,42,1,67,381,1.57,2
13,feat_rot,382,35,2,159,294,1.97,2
13,feat_rot,382,34,2,75,218,2.37,2
13,feat_rot,382,40,1,-75,221,2.8,2
13,feat_rot,382,46,1,-231,217,3.2,2
13,feat_rot,382,38,1,-205,73,3.67,2
13,feat_rot,382,32,2,-83,80,4.07,2
13,feat_rot,382,26,2,73,92,4.6,2
13,feat_rot,382,27,2,147,155,5.3,2
13,feat_rot,382,20,1,231,83,5.73,2
13,feat_rot,382,21,2,305,135,6.17,2
13,feat_rot,382,19,1,144,4,6.7,2
13,feat_rot,382,18,2,81,-62,7.03,2
13,feat_rot,382,5,2,305,-155,8.4,2
13,feat_rot,382,3,2,162,-322,9,2
13,feat_rot,382,2,1,60,-388,9.33,2
13,feat_rot,382,9,2,-0,-307,9.7,2
13,feat_rot,382,8,1,-66,-390,10.1,2
13,feat_rot,382,22,2,-260,-231,10.57,2
13,feat_rot,382,24,1,-86,-74,11.23,2
13,feat_rot,382,31,1,-154,-10,11.65,2
13,feat_rot,382,30,1,-240,-63,12.05,2
13,feat_rot,382,43,2,-472,9,12.63,2
13,feat_rot,383,42,2,84,389,1.14,3
13,feat_rot,383,41,1,-1,302,1.67,3
13,feat_rot,383,35,1,146,303,2.1,3
13,feat_rot,383,21,1,298,154,3.47,3
13,feat_rot,383,14,2,385,62,3.9,3
13,feat_rot,383,7,1,464,-3,4.33,3
13,feat_rot,383,19,1,141,-7,4.83,3
13,feat_rot,383,11,1,149,-170,5.3,3
13,feat_rot,383,4,2,224,-214,5.67,3
13,feat_rot,383,3,2,161,-298,6.17,3
13,feat_rot,383,2,1,89,-401,6.97,3
13,feat_rot,383,1,2,-13,-475,7.33,3
13,feat_rot,383,9,2,1,-298,7.77,3
13,feat_rot,383,10,2,76,-220,8.17,3
13,feat_rot,383,17,2,-5,-166,8.63,3
13,feat_rot,383,24,1,-76,-71,9.13,3
13,feat_rot,383,30,1,-202,-74,9.77,3
13,feat_rot,383,31,2,-153,-15,10.1,3
13,feat_rot,383,38,1,-224,74,10.5,3
13,feat_rot,383,37,1,-296,1,10.99,3
13,feat_rot,383,45,2,-312,144,11.39,3
13,feat_rot,383,44,2,-384,68,11.83,3
13,feat_rot,383,43,1,-458,-9,12.22,3
13,feat_rot,383,36,2,-391,-69,12.59,3
13,feat_rot,384,48,2,-72,368,1,4
13,feat_rot,384,47,1,-149,290,1.6,4
13,feat_rot,384,46,1,-235,239,1.97,4
13,feat_rot,384,45,2,-299,169,2.37,4
13,feat_rot,384,44,1,-384,67,2.87,4
13,feat_rot,384,37,1,-288,13,3.37,4
13,feat_rot,384,38,1,-224,80,3.87,4
13,feat_rot,384,40,1,-71,236,4.34,4
13,feat_rot,384,32,1,-80,93,4.84,4
13,feat_rot,384,35,2,153,296,5.67,4
13,feat_rot,384,27,2,177,170,6.03,4
13,feat_rot,384,26,1,73,83,6.5,4
13,feat_rot,384,20,2,244,78,7.03,4
13,feat_rot,384,21,2,309,143,7.43,4
13,feat_rot,384,7,2,456,-0,8.1,4
13,feat_rot,384,6,1,396,-103,8.5,4
13,feat_rot,384,12,2,222,-85,9.07,4
13,feat_rot,384,3,2,162,-297,9.57,4
13,feat_rot,384,10,2,70,-219,10.07,4
13,feat_rot,384,9,1,11,-318,10.43,4
13,feat_rot,384,16,2,-72,-215,10.98,4
13,feat_rot,384,24,2,-91,-89,11.43,4
13,feat_rot,384,22,1,-203,-216,11.85,4
13,feat_rot,384,29,1,-297,-142,12.45,4
13,feat_rot,385,48,1,-83,380,0.77,5
13,feat_rot,385,47,1,-133,291,1.2,5
13,feat_rot,385,41,2,-7,294,1.74,5
13,feat_rot,385,42,1,90,374,2.24,5
13,feat_rot,385,35,2,153,312,2.64,5
13,feat_rot,385,34,2,79,211,3.04,5
13,feat_rot,385,21,2,301,137,3.63,5
13,feat_rot,385,14,2,387,88,4.5,5
13,feat_rot,385,13,1,314,3,4.87,5
13,feat_rot,385,20,1,230,64,5.2,5
13,feat_rot,385,27,2,156,145,5.63,5
13,feat_rot,385,12,1,224,-64,6.57,5
13,feat_rot,385,19,2,151,-15,6.9,5
13,feat_rot,385,32,1,-60,66,7.5,5
13,feat_rot,385,39,2,-159,152,7.97,5
13,feat_rot,385,45,1,-312,153,8.44,5
13,feat_rot,385,44,1,-378,69,8.77,5
13,feat_rot,385,43,2,-457,-4,9.24,5
13,feat_rot,385,36,1,-378,-84,9.64,5
13,feat_rot,385,31,1,-158,-5,10.2,5
13,feat_rot,385,23,1,-154,-159,10.73,5
13,feat_rot,385,16,2,-87,-236,11.25,5
13,feat_rot,385,4,2,228,-223,11.87,5
13,feat_rot,385,1,2,-4,-475,12.55,5
13,feat_uni,386,48,1,-293,258,0.84,1
13,feat_uni,386,16,1,-350,168,1.5,1
13,feat_uni,386,31,1,-321,-15,2.04,1
13,feat_uni,386,33,1,-301,-68,2.37,1
13,feat_uni,386,12,2,-352,-92,2.67,1
13,feat_uni,386,25,2,-355,-224,3.07,1
13,feat_uni,386,9,2,-321,-349,3.47,1
13,feat_uni,386,23,1,-221,-329,4.24,1
13,feat_uni,386,20,2,-3,-256,5.33,1
13,feat_uni,386,5,2,-71,-116,5.7,1
13,feat_uni,386,38,2,-60,-36,6.1,1
13,feat_uni,386,21,2,66,328,6.97,1
13,feat_uni,386,27,1,119,345,7.4,1
13,feat_uni,386,22,1,339,314,8,1
13,feat_uni,386,49,1,300,98,8.47,1
13,feat_uni,386,19,2,343,60,8.8,1
13,feat_uni,386,32,2,135,81,9.37,1
13,feat_uni,386,15,1,197,10,9.8,1
13,feat_uni,386,39,1,225,-38,10.17,1
13,feat_uni,386,42,1,139,-104,10.59,1
13,feat_uni,386,7,2,87,-127,10.93,1
13,feat_uni,386,17,2,269,-165,11.52,1
13,feat_uni,386,34,2,291,-220,11.92,1
13,feat_uni,386,26,1,233,-328,12.5,1
13,feat_uni,387,6,2,85,304,0.8,2
13,feat_uni,387,8,1,105,203,1.3,2
13,feat_uni,387,37,1,371,302,1.97,2
13,feat_uni,387,36,1,247,190,2.54,2
13,feat_uni,387,22,2,261,136,3.7,2
13,feat_uni,387,29,2,355,151,4.13,2
13,feat_uni,387,35,1,334,31,4.5,2
13,feat_uni,387,15,1,293,69,5.2,2
13,feat_uni,387,39,1,251,33,5.4,2
13,feat_uni,387,13,2,270,-21,6.67,2
13,feat_uni,387,40,1,297,-148,7.24,2
13,feat_uni,387,16,1,241,-187,7.73,2
13,feat_uni,387,12,2,192,-216,8,2
13,feat_uni,387,4,1,322,-293,8.5,2
13,feat_uni,387,18,2,313,-349,9,2
13,feat_uni,387,41,1,90,-360,9.8,2
13,feat_uni,387,17,2,-226,-341,11.03,2
13,feat_uni,387,45,2,-196,-261,11.47,2
13,feat_uni,387,5,2,-73,-163,12.17,2
13,feat_uni,387,20,1,-268,-130,12.63,2
13,feat_uni,387,26,2,-229,31,13.27,2
13,feat_uni,387,21,1,-193,87,13.75,2
13,feat_uni,387,47,2,-156,162,14.18,2
13,feat_uni,387,48,2,44,197,14.84,2
13,feat_uni,388,34,2,-230,316,0.74,3
13,feat_uni,388,32,1,26,300,1.2,3
13,feat_uni,388,22,2,91,310,1.57,3
13,feat_uni,388,9,1,150,337,1.93,3
13,feat_uni,388,46,2,338,223,2.4,3
13,feat_uni,388,1,2,135,167,3.03,3
13,feat_uni,388,47,1,-23,204,3.57,3
13,feat_uni,388,41,2,-125,46,4.07,3
13,feat_uni,388,36,1,-242,60,4.5,3
13,feat_uni,388,12,1,-258,114,4.83,3
13,feat_uni,388,7,2,-292,-75,5.43,3
13,feat_uni,388,45,2,-213,-72,5.8,3
13,feat_uni,388,37,1,-335,-169,6.27,3
13,feat_uni,388,15,1,-351,-333,6.8,3
13,feat_uni,388,39,1,-247,-225,7.4,3
13,feat_uni,388,5,1,-108,-129,8,3
13,feat_uni,388,43,1,-98,-330,8.74,3
13,feat_uni,388,19,1,102,-200,9.37,3
13,feat_uni,388,40,2,165,-170,9.77,3
13,feat_uni,388,16,2,256,-85,10.22,3
13,feat_uni,388,30,2,361,-121,10.75,3
13,feat_uni,388,14,1,275,-203,11.18,3
13,feat_uni,388,17,2,186,-343,11.67,3
13,feat_uni,388,33,2,356,-361,12.2,3
13,feat_uni,389,38,2,-117,354,0.77,4
13,feat_uni,389,19,2,-159,315,1.14,4
13,feat_uni,389,22,1,-209,264,1.5,4
13,feat_uni,389,17,1,-265,261,1.83,4
13,feat_uni,389,11,1,-329,179,2.2,4
13,feat_uni,389,48,2,-287,103,2.64,4
13,feat_uni,389,8,2,-283,48,2.93,4
13,feat_uni,389,30,2,45,184,3.57,4
13,feat_uni,389,40,2,208,63,4.14,4
13,feat_uni,389,39,1,190,-32,4.44,4
13,feat_uni,389,10,1,204,-95,4.73,4
13,feat_uni,389,7,2,327,-160,5.2,4
13,feat_uni,389,18,1,272,-183,5.5,4
13,feat_uni,389,46,2,194,-310,6,4
13,feat_uni,389,26,2,150,-346,6.33,4
13,feat_uni,389,13,1,-124,-358,6.9,4
13,feat_uni,389,37,2,-40,-269,7.4,4
13,feat_uni,389,35,2,-22,-215,7.77,4
13,feat_uni,389,28,2,49,-216,8.14,4
13,feat_uni,389,3,1,57,-78,8.67,4
13,feat_uni,389,31,1,-78,-65,9.14,4
13,feat_uni,389,44,1,-100,-6,9.45,4
13,feat_uni,389,15,1,-142,-195,11.1,4
13,feat_uni,389,23,1,-245,-107,11.58,4
13,feat_uni,390,43,2,-215,325,0.7,5
13,feat_uni,390,6,1,-266,301,1.1,5
13,feat_uni,390,1,1,-254,242,1.43,5
13,feat_uni,390,44,1,68,307,2.07,5
13,feat_uni,390,46,1,103,223,2.4,5
13,feat_uni,390,25,2,147,257,2.7,5
13,feat_uni,390,19,1,197,280,3.07,5
13,feat_uni,390,14,2,203,224,3.43,5
13,feat_uni,390,16,1,253,198,3.77,5
13,feat_uni,390,32,2,301,227,4.14,5
13,feat_uni,390,39,2,195,140,4.6,5
13,feat_uni,390,21,2,243,110,4.9,5
13,feat_uni,390,20,2,311,50,5.27,5
13,feat_uni,390,28,2,225,-15,5.73,5
13,feat_uni,390,12,1,273,-43,6.03,5
13,feat_uni,390,30,2,43,57,6.53,5
13,feat_uni,390,4,1,120,-126,7.17,5
13,feat_uni,390,40,2,134,-305,7.87,5
13,feat_uni,390,23,2,86,-251,8.2,5
13,feat_uni,390,15,1,-63,-180,8.6,5
13,feat_uni,390,45,2,-102,-301,9,5
13,feat_uni,390,2,1,-328,-240,9.52,5
13,feat_uni,390,22,1,-313,-142,10.27,5
13,feat_uni,390,36,1,-315,38,10.88,5
14,conj_grid,391,25,1,8,-2,0.94,1
14,conj_grid,391,17,1,-122,-109,1.37,1
14,conj_grid,391,23,1,-211,16,1.97,1
14,conj_grid,391,31,1,-112,112,2.6,1
14,conj_grid,391,9,1,-217,-214,3.27,1
14,conj_grid,391,15,1,-323,-103,3.8,1
14,conj_grid,391,3,1,-101,-318,4.43,1
14,conj_grid,391,4,1,-4,-317,5.2,1
14,conj_grid,391,13,1,214,-214,5.8,1
14,conj_grid,391,35,1,324,106,6.43,1
14,conj_grid,391,48,1,227,311,7.14,1
14,conj_grid,391,46,1,12,321,7.77,1
14,conj_grid,391,41,2,209,208,9.77,1
14,conj_grid,391,34,2,205,120,10.37,1
14,conj_grid,391,32,2,-7,119,10.9,1
14,conj_grid,391,44,2,-223,322,11.7,1
14,conj_grid,391,24,2,-107,2,12.57,1
14,conj_grid,391,16,2,-224,-102,13.2,1
14,conj_grid,391,11,2,-3,-237,13.93,1
14,conj_grid,391,12,2,118,-220,14.67,1
14,conj_grid,391,19,2,112,-114,15.13,1
14,conj_grid,391,5,2,102,-330,15.73,1
14,conj_grid,391,21,2,327,-111,17.03,1
14,conj_grid,391,6,2,228,-321,17.75,1
14,conj_grid,392,23,1,-204,7,1.1,2
14,conj_grid,392,29,1,-315,107,1.77,2
14,conj_grid,392,36,1,-314,226,2.57,2
14,conj_grid,392,43,1,-328,322,3.14,2
14,conj_grid,392,47,1,116,318,4,2
14,conj_grid,392,28,1,320,-7,4.77,2
14,conj_grid,392,21,1,327,-102,5.23,2
14,conj_grid,392,7,1,308,-341,6.23,2
14,conj_grid,392,4,1,-3,-312,6.97,2
14,conj_grid,392,3,1,-110,-332,7.47,2
14,conj_grid,392,2,1,-221,-316,7.87,2
14,conj_grid,392,18,1,7,-124,8.53,2
14,conj_grid,392,14,2,317,-211,9.5,2
14,conj_grid,392,42,2,338,210,10.53,2
14,conj_grid,392,48,2,212,331,11.07,2
14,conj_grid,392,26,2,122,3,12.07,2
14,conj_grid,392,38,2,-117,210,14.93,2
14,conj_grid,392,37,2,-215,223,15.43,2
14,conj_grid,392,30,2,-219,113,15.93,2
14,conj_grid,392,45,2,-126,315,17,2
14,conj_grid,392,24,2,-99,-10,18.03,2
14,conj_grid,392,8,2,-308,-223,18.96,2
14,conj_grid,392,1,2,-335,-344,20.7,2
14,conj_grid,392,15,2,-334,-85,21.55,2
14,conj_grid,393,37,1,-220,214,1.3,3
14,conj_grid,393,39,1,0,217,1.99,3
14,conj_grid,393,32,1,-7,104,2.72,3
14,conj_grid,393,41,1,225,217,3.42,3
14,conj_grid,393,42,1,336,228,4.02,3
14,conj_grid,393,35,1,339,122,4.45,3
14,conj_grid,393,34,1,209,109,4.85,3
14,conj_grid,393,28,1,329,-4,5.48,3
14,conj_grid,393,25,1,-12,-9,6.25,3
14,conj_grid,393,24,1,-101,-4,6.95,3
14,conj_grid,393,17,1,-106,-106,7.42,3
14,conj_grid,393,18,1,-11,-105,7.95,3
14,conj_grid,393,9,2,-213,-203,9.82,3
14,conj_grid,393,12,2,98,-234,10.68,3
14,conj_grid,393,20,2,203,-117,11.15,3
14,conj_grid,393,19,2,100,-105,11.72,3
14,conj_grid,393,26,2,123,-20,12.52,3
14,conj_grid,393,27,2,207,9,13.35,3
14,conj_grid,393,46,2,25,331,14.35,3
14,conj_grid,393,36,2,-323,215,15.32,3
14,conj_grid,393,44,2,-233,334,15.92,3
14,conj_grid,393,29,2,-324,110,16.83,3
14,conj_grid,393,13,2,221,-219,19.83,3
14,conj_grid,393,7,2,321,-324,20.5,3
14,conj_grid,394,45,1,-122,334,1.34,4
14,conj_grid,394,43,1,-331,326,2.14,4
14,conj_grid,394,40,1,103,200,2.9,4
14,conj_grid,394,32,1,4,118,3.6,4
14,conj_grid,394,26,1,95,-0,4.34,4
14,conj_grid,394,27,1,201,-6,5,4
14,conj_grid,394,24,1,-111,19,5.83,4
14,conj_grid,394,30,1,-225,105,6.74,4
14,conj_grid,394,22,1,-322,-1,7.67,4
14,conj_grid,394,18,1,10,-115,8.37,4
14,conj_grid,394,14,1,323,-216,9.13,4
14,conj_grid,394,6,1,226,-343,10.07,4
14,conj_grid,394,13,2,210,-217,11.07,4
14,conj_grid,394,20,2,231,-112,11.97,4
14,conj_grid,394,21,2,327,-117,12.43,4
14,conj_grid,394,35,2,327,112,13.57,4
14,conj_grid,394,33,2,99,104,14.5,4
14,conj_grid,394,41,2,218,222,15.1,4
14,conj_grid,394,48,2,205,322,15.74,4
14,conj_grid,394,44,2,-234,331,17.1,4
14,conj_grid,394,37,2,-232,200,17.67,4
14,conj_grid,394,29,2,-317,132,18.17,4
14,conj_grid,394,31,2,-112,110,19.13,4
14,conj_grid,394,25,2,-6,-1,19.7,4
14,conj_grid,395,31,1,-115,100,0.97,5
14,conj_grid,395,24,1,-108,1,1.64,5
14,conj_grid,395,32,1,4,104,2.2,5
14,conj_grid,395,19,1,101,-101,3.1,5
14,conj_grid,395,20,1,220,-108,3.57,5
14,conj_grid,395,12,1,108,-206,4,5
14,conj_grid,395,27,1,219,-3,4.97,5
14,conj_grid,395,9,1,-228,-214,5.77,5
14,conj_grid,395,22,1,-339,-22,6.4,5
14,conj_grid,395,29,1,-321,119,7.03,5
14,conj_grid,395,36,1,-322,216,7.67,5
14,conj_grid,395,47,1,100,328,9.84,5
14,conj_grid,395,46,2,7,318,10.4,5
14,conj_grid,395,39,2,-13,213,10.97,5
14,conj_grid,395,38,2,-107,219,11.53,5
14,conj_grid,395,40,2,103,199,12.53,5
14,conj_grid,395,48,2,225,320,13.1,5
14,conj_grid,395,17,2,-93,-106,14.13,5
14,conj_grid,395,26,2,109,-8,14.77,5
14,conj_grid,395,21,2,324,-90,15.33,5
14,conj_grid,395,4,2,-5,-306,16.26,5
14,conj_grid,395,2,2,-207,-325,17.01,5
14,conj_grid,395,8,2,-335,-210,17.66,5
14,conj_grid,395,15,2,-342,-95,18.35,5
14,conj_rot,396,25,1,-2,1,1.2,1
14,conj_rot,396,33,1,11,138,1.74,1
14,conj_rot,396,24,1,-69,-91,2.6,1
14,conj_rot,396,46,1,-236,217,3.64,1
14,conj_rot,396,45,1,-303,143,4.2,1
14,conj_rot,396,48,1,-83,381,4.94,1
14,conj_rot,396,41,1,5,294,5.6,1
14,conj_rot,396,28,1,219,241,6.4,1
14,conj_rot,396,21,1,313,166,7.23,1
14,conj_rot,396,9,1,15,-298,8.03,1
14,conj_rot,396,16,1,-61,-219,8.67,1
14,conj_rot,396,22,1,-231,-215,9.3,1
14,conj_rot,396,23,2,-157,-145,9.97,1
14,conj_rot,396,29,2,-286,-150,10.43,1
14,conj_rot,396,36,2,-360,-71,11.03,1
14,conj_rot,396,44,2,-373,67,11.6,1
14,conj_rot,396,42,2,65,375,12.47,1
14,conj_rot,396,19,2,157,5,14,1
14,conj_rot,396,18,2,78,-81,14.7,1
14,conj_rot,396,26,2,71,85,15.27,1
14,conj_rot,396,11,2,147,-139,16.03,1
14,conj_rot,396,2,2,78,-380,17,1
14,conj_rot,396,8,2,-77,-393,18.36,1
14,conj_rot,396,15,2,-136,-322,19.3,1
14,conj_rot,397,40,1,-87,225,1.44,2
14,conj_rot,397,46,1,-238,239,2.2,2
14,conj_rot,397,49,1,1,467,2.77,2
14,conj_rot,397,42,1,81,379,3.4,2
14,conj_rot,397,18,1,78,-62,5,2
14,conj_rot,397,17,1,-2,-156,5.73,2
14,conj_rot,397,23,1,-151,-144,6.23,2
14,conj_rot,397,43,1,-470,6,7.84,2
14,conj_rot,397,16,1,-71,-211,8.97,2
14,conj_rot,397,3,1,155,-311,9.97,2
14,conj_rot,397,9,2,5,-305,10.67,2
14,conj_rot,397,22,2,-243,-240,11.43,2
14,conj_rot,397,29,2,-319,-153,11.97,2
14,conj_rot,397,36,2,-386,-87,12.5,2
14,conj_rot,397,30,2,-237,-73,13.13,2
14,conj_rot,397,37,2,-313,9,13.8,2
14,conj_rot,397,45,2,-324,145,14.54,2
14,conj_rot,397,24,2,-63,-84,15.33,2
14,conj_rot,397,32,2,-57,73,16,2
14,conj_rot,397,11,2,160,-149,17,2
14,conj_rot,397,5,2,314,-149,17.8,2
14,conj_rot,397,28,2,213,248,18.77,2
14,conj_rot,397,2,1,69,-384,20.45,2
14,conj_rot,397,1,1,3,-455,20.95,2
14,conj_rot,398,40,1,-78,211,1.6,3
14,conj_rot,398,39,1,-163,148,2.27,3
14,conj_rot,398,38,1,-246,82,2.77,3
14,conj_rot,398,37,1,-308,-1,3.17,3
14,conj_rot,398,44,1,-397,73,3.7,3
14,conj_rot,398,30,1,-240,-74,4.4,3
14,conj_rot,398,23,1,-148,-143,4.77,3
14,conj_rot,398,32,1,-80,70,5.37,3
14,conj_rot,398,27,2,143,140,6.23,3
14,conj_rot,398,49,1,23,449,7.67,3
14,conj_rot,398,12,1,223,-61,8.53,3
14,conj_rot,398,1,1,11,-450,9.87,3
14,conj_rot,398,22,1,-235,-224,10.5,3
14,conj_rot,398,31,2,-162,7,11.57,3
14,conj_rot,398,47,2,-147,313,12.73,3
14,conj_rot,398,28,2,216,220,14.77,3
14,conj_rot,398,19,2,158,-16,16.33,3
14,conj_rot,398,18,2,100,-64,16.77,3
14,conj_rot,398,15,2,-143,-312,17.67,3
14,conj_rot,398,9,2,2,-309,18.16,3
14,conj_rot,398,6,2,374,-61,19.61,3
14,conj_rot,398,7,2,454,-2,20.08,3
14,conj_rot,398,14,2,370,64,20.48,3
14,conj_rot,398,36,2,-394,-62,25.42,3
14,conj_rot,399,18,1,82,-96,1.2,4
14,conj_rot,399,19,1,151,6,1.77,4
14,conj_rot,399,4,1,223,-231,2.2,4
14,conj_rot,399,21,1,303,151,3.47,4
14,conj_rot,399,5,1,303,-170,4.2,4
14,conj_rot,399,9,1,-2,-311,5.67,4
14,conj_rot,399,15,1,-147,-303,6.23,4
14,conj_rot,399,22,1,-233,-229,6.77,4
14,conj_rot,399,38,1,-216,59,7.3,4
14,conj_rot,399,40,1,-72,238,7.87,4
14,conj_rot,399,49,1,2,458,8.54,4
14,conj_rot,399,43,1,-448,3,9.37,4
14,conj_rot,399,36,2,-410,-65,10,4
14,conj_rot,399,42,2,74,380,11.9,4
14,conj_rot,399,35,2,156,304,12.77,4
14,conj_rot,399,31,2,-140,1,13.67,4
14,conj_rot,399,10,2,71,-232,15.43,4
14,conj_rot,399,30,2,-216,-77,16.97,4
14,conj_rot,399,11,2,144,-145,18.77,4
14,conj_rot,399,12,2,219,-80,19.7,4
14,conj_rot,399,13,2,303,-7,20.43,4
14,conj_rot,399,20,2,227,66,20.93,4
14,conj_rot,399,7,2,479,-5,21.51,4
14,conj_rot,399,2,2,74,-376,22.36,4
14,conj_rot,400,44,1,-377,95,1.4,5
14,conj_rot,400,46,1,-215,226,1.9,5
14,conj_rot,400,39,1,-161,160,2.44,5
14,conj_rot,400,49,1,-2,466,4.94,5
14,conj_rot,400,34,1,92,234,5.64,5
14,conj_rot,400,30,1,-222,-66,6.77,5
14,conj_rot,400,22,1,-243,-222,7.83,5
14,conj_rot,400,8,1,-67,-366,8.93,5
14,conj_rot,400,12,1,226,-70,9.9,5
14,conj_rot,400,21,1,302,149,10.57,5
14,conj_rot,400,14,1,395,74,11.37,5
14,conj_rot,400,35,2,161,293,12.4,5
14,conj_rot,400,27,2,145,147,13.37,5
14,conj_rot,400,19,2,140,-8,14.17,5
14,conj_rot,400,25,2,6,3,15.4,5
14,conj_rot,400,33,2,-9,130,16.03,5
14,conj_rot,400,41,2,8,299,16.67,5
14,conj_rot,400,37,2,-302,-9,17.57,5
14,conj_rot,400,45,2,-295,166,18.57,5
14,conj_rot,400,23,2,-156,-152,19.5,5
14,conj_rot,400,16,2,-79,-233,20.23,5
14,conj_rot,400,9,2,16,-307,21.03,5
14,conj_rot,400,1,1,2,-463,21.68,5
14,conj_rot,400,47,2,-161,305,26.08,5
14,conj_uni,401,6,1,58,-80,1.5,1
14,conj_uni,401,20,1,94,-124,1.94,1
14,conj_uni,401,24,1,219,-57,2.74,1
14,conj_uni,401,33,1,171,199,3.34,1
14,conj_uni,401,36,1,202,302,3.97,1
14,conj_uni,401,23,1,-163,230,4.54,1
14,conj_uni,401,29,1,-228,48,5.67,1
14,conj_uni,401,15,1,-203,-3,6.07,1
14,conj_uni,401,16,1,-262,4,6.43,1
14,conj_uni,401,21,1,-165,123,7.03,1
14,conj_uni,401,44,1,-330,237,7.64,1
14,conj_uni,401,39,1,-260,-139,8.6,1
14,conj_uni,401,32,2,-268,-278,10.1,1
14,conj_uni,401,26,2,-236,-351,10.63,1
14,conj_uni,401,5,2,-312,-159,11.6,1
14,conj_uni,401,30,2,-324,-23,12.5,1
14,conj_uni,401,8,2,-150,56,13.17,1
14,conj_uni,401,40,2,-97,73,13.67,1
14,conj_uni,401,4,2,-104,227,14.27,1
14,conj_uni,401,37,2,92,270,15.2,1
14,conj_uni,401,22,2,122,317,15.83,1
14,conj_uni,401,41,2,321,261,16.45,1
14,conj_uni,401,28,2,144,40,17.25,1
14,conj_uni,401,34,2,-22,-310,21.88,1
14,conj_uni,402,18,1,16,-66,1.4,2
14,conj_uni,402,37,1,94,0,1.8,2
14,conj_uni,402,23,1,195,23,2.24,2
14,conj_uni,402,11,1,156,110,2.73,2
14,conj_uni,402,6,1,114,163,3.27,2
14,conj_uni,402,32,1,318,328,4.24,2
14,conj_uni,402,40,1,372,346,4.64,2
14,conj_uni,402,27,1,-91,120,5.77,2
14,conj_uni,402,12,1,-21,-233,6.5,2
14,conj_uni,402,46,1,-40,-295,7,2
14,conj_uni,402,10,2,14,-278,7.67,2
14,conj_uni,402,24,2,-128,-285,8.13,2
14,conj_uni,402,34,2,-236,-299,8.87,2
14,conj_uni,402,33,2,-273,-201,9.4,2
14,conj_uni,402,16,2,-43,8,10.77,2
14,conj_uni,402,4,2,-34,64,11.27,2
14,conj_uni,402,38,2,54,84,12.2,2
14,conj_uni,402,28,2,251,14,13.03,2
14,conj_uni,402,5,2,303,-76,14.03,2
14,conj_uni,402,19,2,360,-261,14.88,2
14,conj_uni,402,20,2,251,-327,15.52,2
14,conj_uni,402,43,2,144,-268,16.28,2
14,conj_uni,402,3,1,211,-286,20.53,2
14,conj_uni,402,45,1,-335,211,26.25,2
14,conj_uni,403,7,1,-9,-1,1.03,3
14,conj_uni,403,38,1,197,67,1.6,3
14,conj_uni,403,18,1,227,-26,2.3,3
14,conj_uni,403,43,1,-32,-241,3,3
14,conj_uni,403,6,1,-221,39,3.57,3
14,conj_uni,403,48,1,-294,-5,4.14,3
14,conj_uni,403,46,1,-171,181,4.7,3
14,conj_uni,403,14,1,-177,241,5.17,3
14,conj_uni,403,31,1,-117,195,5.67,3
14,conj_uni,403,22,1,-19,232,6.03,3
14,conj_uni,403,32,1,33,343,6.63,3
14,conj_uni,403,36,2,69,254,7.17,3
14,conj_uni,403,1,2,200,292,7.67,3
14,conj_uni,403,19,2,250,85,8.63,3
14,conj_uni,403,13,2,-126,-196,9.8,3
14,conj_uni,403,3,2,-196,-113,10.57,3
14,conj_uni,403,37,2,-307,-105,11.07,3
14,conj_uni,403,9,2,-215,-360,11.73,3
14,conj_uni,403,24,2,-184,-4,12.43,3
14,conj_uni,403,41,2,-106,77,13.13,3
14,conj_uni,403,2,2,6,114,15,3
14,conj_uni,403,5,2,248,25,15.9,3
14,conj_uni,403,15,2,-76,286,18.45,3
14,conj_uni,403,28,1,295,210,21.43,3
14,conj_uni,404,29,1,10,-3,1.54,4
14,conj_uni,404,7,1,30,100,2.03,4
14,conj_uni,404,41,1,96,55,2.5,4
14,conj_uni,404,32,1,330,75,3.07,4
14,conj_uni,404,48,1,321,346,4.07,4
14,conj_uni,404,40,1,147,339,4.47,4
14,conj_uni,404,42,1,78,230,5.44,4
14,conj_uni,404,36,1,-73,-157,6.34,4
14,conj_uni,404,27,1,-17,-149,6.83,4
14,conj_uni,404,26,1,-58,-210,7.33,4
14,conj_uni,404,37,2,52,-227,7.8,4
14,conj_uni,404,31,2,-112,-222,8.47,4
14,conj_uni,404,38,2,55,-59,9.73,4
14,conj_uni,404,33,2,156,90,10.3,4
14,conj_uni,404,11,2,-13,60,11.37,4
14,conj_uni,404,16,2,-44,-15,11.9,4
14,conj_uni,404,20,2,292,-6,12.8,4
14,conj_uni,404,49,2,-121,187,13.8,4
14,conj_uni,404,10,2,-166,223,14.83,4
14,conj_uni,404,39,2,-173,352,15.7,4
14,conj_uni,404,21,2,74,302,16.85,4
14,conj_uni,404,25,1,-212,-262,17.63,4
14,conj_uni,404,18,1,-1,-210,18.33,4
14,conj_uni,404,2,2,-316,-280,19.83,4
14,conj_uni,405,9,1,125,-93,1.03,5
14,conj_uni,405,35,1,290,-110,1.9,5
14,conj_uni,405,2,1,358,-290,2.47,5
14,conj_uni,405,44,1,195,-356,3.4,5
14,conj_uni,405,33,1,50,-344,4.04,5
14,conj_uni,405,12,2,188,-300,4.67,5
14,conj_uni,405,42,1,-120,-346,5.44,5
14,conj_uni,405,32,1,-262,-5,7.87,5
14,conj_uni,405,5,1,-246,224,8.63,5
14,conj_uni,405,47,1,-98,312,9.4,5
14,conj_uni,405,38,1,-112,188,9.9,5
14,conj_uni,405,18,2,-168,75,10.87,5
14,conj_uni,405,24,2,-193,251,11.6,5
14,conj_uni,405,43,2,-159,18,12.3,5
14,conj_uni,405,46,2,-245,-208,12.97,5
14,conj_uni,405,25,2,-23,-210,13.77,5
14,conj_uni,405,40,2,301,13,15.33,5
14,conj_uni,405,23,2,349,44,16.07,5
14,conj_uni,405,7,2,51,-124,17.1,5
14,conj_uni,405,41,2,-344,-357,17.93,5
14,conj_uni,405,31,1,245,221,19.8,5
14,conj_uni,405,28,1,300,231,20.13,5
14,conj_uni,405,19,2,-28,180,22.37,5
14,conj_uni,405,20,2,-1,234,22.93,5
14,feat_grid,406,46,2,-6,333,1.04,1
14,feat_grid,406,45,1,-125,327,1.54,1
14,feat_grid,406,38,2,-114,224,2.1,1
14,feat_grid,406,39,2,-9,222,2.74,1
14,feat_grid,406,37,2,-207,201,3.17,1
14,feat_grid,406,31,2,-99,117,3.64,1
14,feat_grid,406,32,2,6,115,4.37,1
14,feat_grid,406,30,1,-230,114,4.84,1
14,feat_grid,406,23,1,-219,-3,5.6,1
14,feat_grid,406,24,2,-115,-9,6.13,1
14,feat_grid,406,22,1,-331,8,6.77,1
14,feat_grid,406,29,2,-309,119,7.23,1
14,feat_grid,406,15,2,-310,-123,8.2,1
14,feat_grid,406,8,1,-325,-207,8.63,1
14,feat_grid,406,9,1,-226,-211,9.07,1
14,feat_grid,406,1,1,-324,-334,9.53,1
14,feat_grid,406,2,2,-210,-317,10.13,1
14,feat_grid,406,3,1,-119,-314,10.7,1
14,feat_grid,406,10,1,-97,-211,11.13,1
14,feat_grid,406,4,1,-4,-318,11.73,1
14,feat_grid,406,11,1,17,-218,12.37,1
14,feat_grid,406,18,1,-3,-121,12.78,1
14,feat_grid,406,5,2,117,-323,13.4,1
14,feat_grid,406,7,2,297,-318,13.8,1
14,feat_grid,407,6,2,201,-319,1.17,2
14,feat_grid,407,14,1,318,-208,1.73,2
14,feat_grid,407,21,1,322,-117,2.1,2
14,feat_grid,407,20,2,222,-128,3.37,2
14,feat_grid,407,34,1,215,102,4.04,2
14,feat_grid,407,35,2,327,97,4.37,2
14,feat_grid,407,42,1,324,213,4.87,2
14,feat_grid,407,41,1,228,218,5.44,2
14,feat_grid,407,49,1,329,341,6.17,2
14,feat_grid,407,48,1,209,319,6.5,2
14,feat_grid,407,47,2,107,316,6.84,2
14,feat_grid,407,40,1,127,209,7.3,2
14,feat_grid,407,33,1,104,92,7.7,2
14,feat_grid,407,26,2,115,6,8.5,2
14,feat_grid,407,19,1,111,-99,8.93,2
14,feat_grid,407,11,1,-5,-215,10.1,2
14,feat_grid,407,18,2,8,-115,10.57,2
14,feat_grid,407,25,2,-8,4,11.47,2
14,feat_grid,407,38,2,-107,215,12.3,2
14,feat_grid,407,37,2,-227,224,13,2
14,feat_grid,407,9,2,-214,-222,13.77,2
14,feat_grid,407,15,2,-334,-103,14.38,2
14,feat_grid,407,1,2,-312,-316,14.86,2
14,feat_grid,407,23,1,-220,-8,15.83,2
14,feat_grid,408,24,2,-121,-17,1,3
14,feat_grid,408,23,1,-227,13,1.57,3
14,feat_grid,408,30,1,-222,89,1.9,3
14,feat_grid,408,29,2,-317,104,2.34,3
14,feat_grid,408,22,2,-331,-1,2.77,3
14,feat_grid,408,31,2,-117,102,3.37,3
14,feat_grid,408,38,2,-95,218,3.84,3
14,feat_grid,408,45,2,-113,323,4.17,3
14,feat_grid,408,43,2,-325,339,4.73,3
14,feat_grid,408,46,2,8,342,5.37,3
14,feat_grid,408,47,1,91,315,6.04,3
14,feat_grid,408,40,1,96,208,6.4,3
14,feat_grid,408,37,1,-217,207,7,3
14,feat_grid,408,48,1,225,321,7.67,3
14,feat_grid,408,34,2,211,117,8.37,3
14,feat_grid,408,19,1,117,-134,8.9,3
14,feat_grid,408,20,2,216,-115,9.27,3
14,feat_grid,408,21,1,335,-109,9.67,3
14,feat_grid,408,14,1,328,-213,10.37,3
14,feat_grid,408,6,1,225,-326,10.77,3
14,feat_grid,408,5,1,101,-339,11.33,3
14,feat_grid,408,12,2,98,-234,11.62,3
14,feat_grid,408,4,1,5,-316,12.03,3
14,feat_grid,408,2,2,-217,-300,12.52,3
14,feat_grid,409,12,2,102,-205,0.93,4
14,feat_grid,409,5,2,131,-328,1.4,4
14,feat_grid,409,6,2,225,-336,1.8,4
14,feat_grid,409,13,2,210,-245,2.2,4
14,feat_grid,409,21,2,325,-98,2.8,4
14,feat_grid,409,20,1,229,-108,3.4,4
14,feat_grid,409,27,1,214,-1,3.94,4
14,feat_grid,409,26,1,117,-12,4.47,4
14,feat_grid,409,19,1,114,-106,4.93,4
14,feat_grid,409,40,2,124,214,5.77,4
14,feat_grid,409,48,1,232,303,6.34,4
14,feat_grid,409,42,2,313,219,7.5,4
14,feat_grid,409,39,2,-13,221,7.97,4
14,feat_grid,409,45,2,-124,330,8.64,4
14,feat_grid,409,44,1,-216,331,9.14,4
14,feat_grid,409,36,1,-327,221,9.6,4
14,feat_grid,409,29,2,-325,97,10.47,4
14,feat_grid,409,22,1,-325,-7,10.93,4
14,feat_grid,409,23,2,-219,10,11.4,4
14,feat_grid,409,16,1,-194,-121,11.87,4
14,feat_grid,409,15,1,-318,-117,12.33,4
14,feat_grid,409,2,2,-212,-324,13.17,4
14,feat_grid,409,3,1,-123,-317,13.77,4
14,feat_grid,409,4,1,14,-306,14.17,4
14,feat_grid,410,7,2,342,-310,1.23,5
14,feat_grid,410,6,2,234,-314,1.57,5
14,feat_grid,410,5,2,112,-315,2,5
14,feat_grid,410,14,1,338,-215,2.63,5
14,feat_grid,410,35,2,325,115,3.3,5
14,feat_grid,410,34,1,214,108,3.67,5
14,feat_grid,410,41,1,205,211,4.07,5
14,feat_grid,410,42,1,311,231,4.57,5
14,feat_grid,410,48,2,204,338,5.17,5
14,feat_grid,410,40,2,96,215,5.77,5
14,feat_grid,410,33,1,88,115,6.13,5
14,feat_grid,410,32,1,-4,111,6.57,5
14,feat_grid,410,37,1,-213,211,7.27,5
14,feat_grid,410,31,2,-102,111,7.83,5
14,feat_grid,410,45,2,-104,332,8.33,5
14,feat_grid,410,44,1,-228,329,8.7,5
14,feat_grid,410,24,1,-87,5,9.57,5
14,feat_grid,410,17,2,-117,-98,9.9,5
14,feat_grid,410,11,1,-2,-205,10.37,5
14,feat_grid,410,10,2,-118,-215,11.03,5
14,feat_grid,410,15,2,-312,-97,11.67,5
14,feat_grid,410,22,2,-334,-5,12.02,5
14,feat_grid,410,29,1,-328,99,12.37,5
14,feat_grid,410,8,1,-325,-234,13.27,5
14,feat_rot,411,24,1,-85,-66,0.94,1
14,feat_rot,411,31,2,-155,9,1.3,1
14,feat_rot,411,39,2,-143,142,1.87,1
14,feat_rot,411,45,1,-292,143,2.57,1
14,feat_rot,411,44,2,-388,85,3.04,1
14,feat_rot,411,37,1,-302,5,3.6,1
14,feat_rot,411,36,2,-365,-85,4.2,1
14,feat_rot,411,23,2,-146,-184,4.93,1
14,feat_rot,411,17,2,9,-139,5.5,1
14,feat_rot,411,11,2,146,-144,6.23,1
14,feat_rot,411,12,1,241,-84,6.6,1
14,feat_rot,411,5,2,304,-161,7.07,1
14,feat_rot,411,7,1,455,17,7.53,1
14,feat_rot,411,14,2,380,90,8.07,1
14,feat_rot,411,21,2,303,157,8.83,1
14,feat_rot,411,27,2,166,157,9.27,1
14,feat_rot,411,26,1,70,77,9.77,1
14,feat_rot,411,47,1,-152,291,10.87,1
14,feat_rot,411,33,1,11,151,11.47,1
14,feat_rot,411,49,1,-0,453,12.04,1
14,feat_rot,411,3,1,167,-312,13.03,1
14,feat_rot,411,2,2,56,-381,13.57,1
14,feat_rot,411,9,1,-17,-290,14.2,1
14,feat_rot,411,8,1,-76,-389,14.57,1
14,feat_rot,412,1,2,-3,-470,2.27,2
14,feat_rot,412,8,2,-62,-381,2.93,2
14,feat_rot,412,15,2,-157,-325,3.57,2
14,feat_rot,412,9,1,-6,-306,4.03,2
14,feat_rot,412,10,1,91,-244,4.5,2
14,feat_rot,412,3,2,154,-287,4.93,2
14,feat_rot,412,4,1,219,-229,5.37,2
14,feat_rot,412,5,1,300,-137,5.77,2
14,feat_rot,412,13,1,302,-3,6.33,2
14,feat_rot,412,18,1,71,-63,7.2,2
14,feat_rot,412,17,2,8,-146,7.8,2
14,feat_rot,412,23,1,-144,-161,8.43,2
14,feat_rot,412,25,2,9,3,9.17,2
14,feat_rot,412,26,1,59,67,9.6,2
14,feat_rot,412,33,1,1,154,10.17,2
14,feat_rot,412,32,2,-62,79,10.63,2
14,feat_rot,412,38,1,-234,66,11.4,2
14,feat_rot,412,46,1,-216,231,11.93,2
14,feat_rot,412,47,2,-154,291,12.53,2
14,feat_rot,412,40,2,-63,230,13.07,2
14,feat_rot,412,41,2,4,306,13.57,2
14,feat_rot,412,48,1,-78,396,14.09,2
14,feat_rot,412,49,2,32,449,14.65,2
14,feat_rot,412,35,2,156,302,15.35,2
14,feat_rot,413,43,2,-478,-2,1.3,3
14,feat_rot,413,44,2,-385,71,1.94,3
14,feat_rot,413,38,2,-232,68,2.97,3
14,feat_rot,413,37,1,-316,-13,3.47,3
14,feat_rot,413,31,1,-159,-2,4.1,3
14,feat_rot,413,29,2,-301,-160,4.77,3
14,feat_rot,413,46,2,-227,225,5.5,3
14,feat_rot,413,47,1,-163,304,5.87,3
14,feat_rot,413,48,2,-76,381,6.64,3
14,feat_rot,413,42,2,67,366,7.44,3
14,feat_rot,413,28,1,243,240,7.97,3
14,feat_rot,413,27,2,157,160,8.47,3
14,feat_rot,413,21,1,301,155,9.03,3
14,feat_rot,413,20,2,220,53,9.5,3
14,feat_rot,413,19,1,137,18,9.87,3
14,feat_rot,413,12,1,233,-89,10.43,3
14,feat_rot,413,14,2,406,59,11.07,3
14,feat_rot,413,4,1,233,-227,11.8,3
14,feat_rot,413,17,2,4,-154,12.47,3
14,feat_rot,413,9,2,-1,-323,13.27,3
14,feat_rot,413,15,1,-140,-293,13.67,3
14,feat_rot,413,1,1,11,-453,14.23,3
14,feat_rot,413,2,1,89,-394,14.8,3
14,feat_rot,413,3,1,131,-321,15.11,3
14,feat_rot,414,5,1,291,-161,1,4
14,feat_rot,414,6,2,369,-61,1.6,4
14,feat_rot,414,21,2,313,158,2.07,4
14,feat_rot,414,12,2,218,-92,2.8,4
14,feat_rot,414,26,2,76,77,3.47,4
14,feat_rot,414,19,1,164,8,4.07,4
14,feat_rot,414,27,1,136,158,4.57,4
14,feat_rot,414,34,2,69,229,5,4
14,feat_rot,414,33,2,-8,158,5.64,4
14,feat_rot,414,39,2,-143,148,6.17,4
14,feat_rot,414,40,2,-81,216,6.67,4
14,feat_rot,414,46,1,-219,223,7.1,4
14,feat_rot,414,47,1,-153,308,7.67,4
14,feat_rot,414,42,1,72,384,8.47,4
14,feat_rot,414,37,1,-301,-2,9.24,4
14,feat_rot,414,30,1,-225,-65,10.07,4
14,feat_rot,414,29,2,-296,-144,10.73,4
14,feat_rot,414,23,2,-147,-150,11.27,4
14,feat_rot,414,16,2,-77,-239,11.87,4
14,feat_rot,414,17,2,-0,-144,12.33,4
14,feat_rot,414,22,1,-230,-231,12.97,4
14,feat_rot,414,11,1,126,-138,14.03,4
14,feat_rot,414,9,1,13,-314,14.67,4
14,feat_rot,414,1,1,-17,-452,15.3,4
14,feat_rot,415,25,2,2,-5,1.04,5
14,feat_rot,415,38,2,-230,63,2.44,5
14,feat_rot,415,39,2,-142,155,2.87,5
14,feat_rot,415,45,1,-303,148,3.67,5
14,feat_rot,415,44,2,-385,72,4.1,5
14,feat_rot,415,37,2,-302,5,4.77,5
14,feat_rot,415,36,2,-374,-78,5.24,5
14,feat_rot,415,29,2,-288,-160,5.67,5
14,feat_rot,415,30,1,-226,-83,6.13,5
14,feat_rot,415,24,1,-90,-78,6.73,5
14,feat_rot,415,17,1,6,-159,7.17,5
14,feat_rot,415,18,1,88,-87,7.77,5
14,feat_rot,415,8,2,-69,-384,8.57,5
14,feat_rot,415,1,1,-4,-443,9.1,5
14,feat_rot,415,11,1,160,-141,9.8,5
14,feat_rot,415,12,2,214,-59,10.17,5
14,feat_rot,415,5,1,304,-149,10.6,5
14,feat_rot,415,13,1,281,9,11.23,5
14,feat_rot,415,14,1,373,70,12.43,5
14,feat_rot,415,20,2,241,57,12.87,5
14,feat_rot,415,27,1,140,151,13.67,5
14,feat_rot,415,28,2,224,208,14.3,5
14,feat_rot,415,34,2,97,223,14.77,5
14,feat_rot,415,35,1,158,301,15.48,5
14,feat_uni,416,16,2,36,-206,1.1,1
14,feat_uni,416,39,1,38,-262,1.44,1
14,feat_uni,416,19,1,136,-265,1.93,1
14,feat_uni,416,36,1,171,-219,2.4,1
14,feat_uni,416,27,1,240,-307,3.07,1
14,feat_uni,416,6,2,282,-263,3.4,1
14,feat_uni,416,5,1,357,-338,4.03,1
14,feat_uni,416,24,2,325,-214,4.67,1
14,feat_uni,416,13,2,309,-128,5.13,1
14,feat_uni,416,46,1,259,-82,5.84,1
14,feat_uni,416,35,2,120,-137,6.33,1
14,feat_uni,416,25,1,123,-70,6.67,1
14,feat_uni,416,41,2,182,84,7.37,1
14,feat_uni,416,17,1,168,142,7.97,1
14,feat_uni,416,38,2,137,204,8.33,1
14,feat_uni,416,4,1,149,298,8.67,1
14,feat_uni,416,12,2,-222,314,9.53,1
14,feat_uni,416,44,1,-172,341,9.83,1
14,feat_uni,416,15,2,-148,91,10.43,1
14,feat_uni,416,9,2,-244,-14,10.83,1
14,feat_uni,416,2,1,-240,-191,11.57,1
14,feat_uni,416,29,2,-292,-211,11.83,1
14,feat_uni,416,43,2,-237,-307,12.57,1
14,feat_uni,416,1,1,-28,-139,13.01,1
14,feat_uni,417,22,2,11,-35,0.64,2
14,feat_uni,417,24,2,-182,62,1.24,2
14,feat_uni,417,36,1,-284,35,1.6,2
14,feat_uni,417,3,1,-359,-52,2.33,2
14,feat_uni,417,19,2,-333,300,3.13,2
14,feat_uni,417,12,1,-236,300,3.57,2
14,feat_uni,417,2,1,-162,215,4.2,2
14,feat_uni,417,8,1,-103,162,4.5,2
14,feat_uni,417,13,1,-65,19,5.7,2
14,feat_uni,417,27,1,-62,-90,6.5,2
14,feat_uni,417,6,2,116,234,7.13,2
14,feat_uni,417,42,2,167,257,7.54,2
14,feat_uni,417,44,1,-42,312,8.17,2
14,feat_uni,417,40,1,205,216,9,2
14,feat_uni,417,49,2,300,29,9.64,2
14,feat_uni,417,7,2,351,-40,10.67,2
14,feat_uni,417,5,1,307,-76,11.23,2
14,feat_uni,417,26,1,272,-30,11.73,2
14,feat_uni,417,16,1,241,-77,12,2
14,feat_uni,417,46,2,164,-135,12.44,2
14,feat_uni,417,48,2,186,-318,13.37,2
14,feat_uni,417,21,2,241,-313,13.73,2
14,feat_uni,417,11,2,327,-273,14.32,2
14,feat_uni,417,1,2,53,-343,14.96,2
14,feat_uni,418,3,2,-36,254,1.77,3
14,feat_uni,418,17,1,267,286,2.43,3
14,feat_uni,418,31,1,114,124,3.04,3
14,feat_uni,418,11,2,47,87,3.37,3
14,feat_uni,418,25,2,94,10,3.83,3
14,feat_uni,418,14,2,-118,161,4.67,3
14,feat_uni,418,21,1,-118,103,4.93,3
14,feat_uni,418,49,2,-98,-0,5.47,3
14,feat_uni,418,45,2,-42,8,6,3
14,feat_uni,418,34,1,-134,-44,6.5,3
14,feat_uni,418,9,1,-241,50,7.07,3
14,feat_uni,418,32,1,-356,24,7.47,3
14,feat_uni,418,23,1,-171,-161,8.23,3
14,feat_uni,418,35,2,-207,-205,8.67,3
14,feat_uni,418,10,2,-135,-221,9.6,3
14,feat_uni,418,20,2,-103,-273,10.03,3
14,feat_uni,418,13,1,-204,-322,10.93,3
14,feat_uni,418,44,1,-323,-341,11.54,3
14,feat_uni,418,22,1,71,-248,12.27,3
14,feat_uni,418,41,2,107,-205,12.67,3
14,feat_uni,418,4,2,254,-253,13.53,3
14,feat_uni,418,40,2,242,-317,13.93,3
14,feat_uni,418,29,1,294,-296,14.3,3
14,feat_uni,418,38,1,322,-346,14.67,3
14,feat_uni,419,26,1,-221,209,1.24,4
14,feat_uni,419,33,2,-230,154,1.84,4
14,feat_uni,419,2,2,-356,177,2.23,4
14,feat_uni,419,7,2,-185,286,2.7,4
14,feat_uni,419,22,2,-144,182,3.1,4
14,feat_uni,419,45,1,-90,213,3.54,4
14,feat_uni,419,8,1,-6,326,4,4
14,feat_uni,419,30,1,48,309,4.47,4
14,feat_uni,419,20,1,44,365,4.87,4
14,feat_uni,419,39,2,-55,352,5.8,4
14,feat_uni,419,43,1,182,324,7.34,4
14,feat_uni,419,21,1,156,374,8.47,4
14,feat_uni,419,40,1,235,290,9.14,4
14,feat_uni,419,38,2,180,268,9.53,4
14,feat_uni,419,35,1,124,273,9.93,4
14,feat_uni,419,42,2,-38,101,10.63,4
14,feat_uni,419,34,2,21,47,11.23,4
14,feat_uni,419,41,1,333,24,12.03,4
14,feat_uni,419,29,2,143,-111,12.8,4
14,feat_uni,419,19,2,242,-159,13.4,4
14,feat_uni,419,3,2,315,-160,13.8,4
14,feat_uni,419,5,2,171,-329,14.95,4
14,feat_uni,419,48,1,98,-351,15.37,4
14,feat_uni,419,27,1,-207,-355,16.07,4
14,feat_uni,420,39,1,23,-111,0.9,5
14,feat_uni,420,1,1,-69,-192,1.5,5
14,feat_uni,420,41,1,-33,-287,1.94,5
14,feat_uni,420,2,1,-50,-340,2.47,5
14,feat_uni,420,6,2,23,-284,3.1,5
14,feat_uni,420,17,2,-329,-316,3.94,5
14,feat_uni,420,40,2,135,-292,4.74,5
14,feat_uni,420,34,1,196,-188,5.1,5
14,feat_uni,420,38,1,357,-298,5.67,5
14,feat_uni,420,11,2,286,-201,6.27,5
14,feat_uni,420,49,2,331,59,7.17,5
14,feat_uni,420,37,2,369,101,7.53,5
14,feat_uni,420,18,2,321,162,8.17,5
14,feat_uni,420,44,2,350,237,9.1,5
14,feat_uni,420,5,2,287,321,9.7,5
14,feat_uni,420,36,1,111,141,10.23,5
14,feat_uni,420,7,2,103,7,10.73,5
14,feat_uni,420,20,1,20,184,11.27,5
14,feat_uni,420,31,2,-37,177,11.7,5
14,feat_uni,420,23,1,7,241,12.1,5
14,feat_uni,420,10,1,-119,204,12.58,5
14,feat_uni,420,15,1,-314,359,13.65,5
14,feat_uni,420,35,1,-353,204,14.13,5
14,feat_uni,420,4,2,-344,72,15.1,5
15,conj_grid,421,30,2,-220,104,1.67,1
15,conj_grid,421,31,2,-111,119,2.27,1
15,conj_grid,421,40,2,125,223,3.3,1
15,conj_grid,421,48,2,206,332,4,1
15,conj_grid,421,41,2,216,216,5.6,1
15,conj_grid,421,33,2,100,124,6.3,1
15,conj_grid,421,26,2,123,7,6.9,1
15,conj_grid,421,25,2,3,-10,7.44,1
15,conj_grid,421,17,2,-97,-82,7.94,1
15,conj_grid,421,16,2,-209,-90,9.44,1
15,conj_grid,421,9,1,-218,-210,10.67,1
15,conj_grid,421,22,1,-330,-9,11.3,1
15,conj_grid,421,23,1,-201,21,11.77,1
15,conj_grid,421,24,1,-115,8,12.33,1
15,conj_grid,421,2,2,-217,-301,16,1
15,conj_grid,421,3,1,-108,-319,16.7,1
15,conj_grid,421,11,1,-10,-217,17.23,1
15,conj_grid,421,19,1,118,-119,17.83,1
15,conj_grid,421,7,2,324,-337,19.2,1
15,conj_grid,421,6,1,209,-322,19.9,1
15,conj_grid,421,28,1,333,-15,20.63,1
15,conj_grid,421,38,1,-110,210,21.63,1
15,conj_grid,421,46,1,4,332,23.17,1
15,conj_grid,421,35,1,327,124,24.1,1
15,conj_grid,422,15,2,-332,-104,1.11,2
15,conj_grid,422,8,2,-327,-207,1.64,2
15,conj_grid,422,9,2,-219,-225,2.21,2
15,conj_grid,422,10,2,-106,-209,3.24,2
15,conj_grid,422,12,2,105,-204,3.77,2
15,conj_grid,422,14,2,335,-220,4.51,2
15,conj_grid,422,20,2,232,-119,4.97,2
15,conj_grid,422,4,1,-8,-309,5.71,2
15,conj_grid,422,17,1,-118,-98,6.27,2
15,conj_grid,422,24,1,-104,7,6.94,2
15,conj_grid,422,32,1,-15,114,7.57,2
15,conj_grid,422,38,1,-79,216,8.21,2
15,conj_grid,422,37,1,-210,229,8.84,2
15,conj_grid,422,34,1,213,110,9.57,2
15,conj_grid,422,40,1,108,198,10.34,2
15,conj_grid,422,41,1,234,218,11.11,2
15,conj_grid,422,42,2,305,212,11.77,2
15,conj_grid,422,45,2,-119,309,12.34,2
15,conj_grid,422,36,2,-313,210,13.04,2
15,conj_grid,422,43,1,-324,325,13.57,2
15,conj_grid,422,19,2,98,-121,14.54,2
15,conj_grid,422,6,2,218,-314,15.47,2
15,conj_grid,422,28,1,331,-8,16.61,2
15,conj_grid,422,47,1,120,317,18.41,2
15,conj_grid,423,15,1,-323,-110,1.2,3
15,conj_grid,423,22,1,-327,24,2.3,3
15,conj_grid,423,36,2,-327,224,3.54,3
15,conj_grid,423,37,2,-214,203,4.37,3
15,conj_grid,423,45,2,-122,331,5.37,3
15,conj_grid,423,38,1,-88,221,6,3
15,conj_grid,423,32,1,8,117,6.94,3
15,conj_grid,423,40,1,104,216,7.9,3
15,conj_grid,423,41,2,215,205,8.5,3
15,conj_grid,423,26,1,108,-13,11.8,3
15,conj_grid,423,27,2,202,12,12.47,3
15,conj_grid,423,35,2,318,100,13.2,3
15,conj_grid,423,20,2,200,-119,14.13,3
15,conj_grid,423,19,1,116,-108,15,3
15,conj_grid,423,21,1,333,-100,15.67,3
15,conj_grid,423,14,1,336,-222,16.2,3
15,conj_grid,423,13,2,206,-221,16.8,3
15,conj_grid,423,5,1,101,-326,17.7,3
15,conj_grid,423,3,2,-97,-328,18.73,3
15,conj_grid,423,8,2,-333,-207,20.6,3
15,conj_grid,423,17,1,-103,-122,21.47,3
15,conj_grid,423,2,1,-213,-321,22.27,3
15,conj_grid,423,24,2,-114,7,23.37,3
15,conj_grid,423,30,2,-216,107,23.9,3
15,conj_grid,424,43,1,-332,324,0.94,4
15,conj_grid,424,38,1,-106,210,1.74,4
15,conj_grid,424,36,2,-321,216,2.47,4
15,conj_grid,424,46,2,-6,348,3.34,4
15,conj_grid,424,48,2,216,326,4.07,4
15,conj_grid,424,40,1,95,231,4.74,4
15,conj_grid,424,33,1,124,101,5.5,4
15,conj_grid,424,25,1,6,-0,6.3,4
15,conj_grid,424,24,1,-93,18,6.84,4
15,conj_grid,424,34,1,217,88,8.17,4
15,conj_grid,424,35,1,324,113,8.7,4
15,conj_grid,424,42,1,349,222,9.17,4
15,conj_grid,424,28,2,330,3,9.74,4
15,conj_grid,424,27,2,222,24,10.17,4
15,conj_grid,424,26,2,104,3,10.7,4
15,conj_grid,424,10,2,-110,-220,11.8,4
15,conj_grid,424,8,2,-315,-235,12.33,4
15,conj_grid,424,2,2,-218,-313,13,4
15,conj_grid,424,4,1,-12,-320,13.73,4
15,conj_grid,424,5,2,95,-324,14.4,4
15,conj_grid,424,6,2,208,-330,15.75,4
15,conj_grid,424,7,1,320,-312,16.45,4
15,conj_grid,424,21,1,339,-100,17.35,4
15,conj_grid,424,22,2,-331,-14,24.75,4
15,conj_grid,425,36,1,-363,213,1.31,5
15,conj_grid,425,45,1,-110,331,1.97,5
15,conj_grid,425,46,2,0,306,2.57,5
15,conj_grid,425,30,2,-215,107,3.21,5
15,conj_grid,425,29,2,-331,108,4.04,5
15,conj_grid,425,23,2,-228,2,4.61,5
15,conj_grid,425,16,2,-215,-95,5.04,5
15,conj_grid,425,15,2,-321,-112,5.57,5
15,conj_grid,425,8,1,-309,-218,6.44,5
15,conj_grid,425,1,1,-319,-319,7,5
15,conj_grid,425,3,1,-104,-316,7.54,5
15,conj_grid,425,11,2,16,-227,8.11,5
15,conj_grid,425,7,1,325,-321,10.04,5
15,conj_grid,425,6,1,228,-338,10.4,5
15,conj_grid,425,5,1,107,-332,10.84,5
15,conj_grid,425,28,1,317,5,13.04,5
15,conj_grid,425,21,1,313,-110,13.54,5
15,conj_grid,425,35,2,311,94,14.17,5
15,conj_grid,425,42,2,323,219,15.54,5
15,conj_grid,425,49,1,317,316,16.04,5
15,conj_grid,425,41,2,204,214,16.87,5
15,conj_grid,425,33,2,91,101,17.72,5
15,conj_grid,425,25,2,16,-12,18.79,5
15,conj_grid,425,40,1,112,213,22.02,5
15,conj_rot,426,44,2,-372,94,2.9,1
15,conj_rot,426,47,2,-133,295,3.73,1
15,conj_rot,426,49,2,-7,463,4.5,1
15,conj_rot,426,42,1,78,388,5.23,1
15,conj_rot,426,41,1,-6,292,5.63,1
15,conj_rot,426,37,1,-300,-6,6.4,1
15,conj_rot,426,45,1,-291,144,6.9,1
15,conj_rot,426,33,2,-3,133,8.03,1
15,conj_rot,426,39,2,-138,157,8.76,1
15,conj_rot,426,35,2,168,317,9.86,1
15,conj_rot,426,28,2,229,224,10.33,1
15,conj_rot,426,14,1,373,82,11.93,1
15,conj_rot,426,21,1,284,161,12.66,1
15,conj_rot,426,6,1,391,-77,13.36,1
15,conj_rot,426,5,1,310,-140,13.8,1
15,conj_rot,426,18,1,74,-74,14.46,1
15,conj_rot,426,25,1,3,0,14.86,1
15,conj_rot,426,34,1,82,217,15.8,1
15,conj_rot,426,36,2,-371,-88,16.93,1
15,conj_rot,426,30,2,-212,-80,18.23,1
15,conj_rot,426,31,2,-164,7,18.7,1
15,conj_rot,426,24,2,-78,-83,19.43,1
15,conj_rot,426,3,1,153,-286,21.13,1
15,conj_rot,426,2,2,92,-377,21.68,1
15,conj_rot,427,37,1,-314,-5,1.06,2
15,conj_rot,427,30,1,-222,-65,1.56,2
15,conj_rot,427,40,2,-79,242,2.76,2
15,conj_rot,427,41,2,-18,306,3.3,2
15,conj_rot,427,47,1,-157,317,3.8,2
15,conj_rot,427,46,1,-236,228,4.25,2
15,conj_rot,427,45,1,-290,152,4.81,2
15,conj_rot,427,33,2,-18,162,5.41,2
15,conj_rot,427,21,2,311,147,7.04,2
15,conj_rot,427,27,2,154,144,7.58,2
15,conj_rot,427,19,1,139,-8,9.24,2
15,conj_rot,427,26,1,74,83,9.94,2
15,conj_rot,427,20,2,225,69,10.84,2
15,conj_rot,427,24,2,-62,-80,12.91,2
15,conj_rot,427,10,2,65,-226,13.51,2
15,conj_rot,427,11,1,143,-162,14.84,2
15,conj_rot,427,9,1,7,-318,15.41,2
15,conj_rot,427,15,2,-151,-305,15.97,2
15,conj_rot,427,2,2,72,-397,16.71,2
15,conj_rot,427,3,2,170,-304,17.34,2
15,conj_rot,427,22,1,-215,-216,18.47,2
15,conj_rot,427,1,1,24,-469,19.07,2
15,conj_rot,427,4,2,241,-244,19.94,2
15,conj_rot,427,42,1,59,375,22.28,2
15,conj_rot,428,13,2,295,-0,6.4,3
15,conj_rot,428,25,2,-9,5,7.33,3
15,conj_rot,428,12,2,230,-76,10,3
15,conj_rot,428,18,2,67,-81,10.9,3
15,conj_rot,428,16,2,-56,-216,12.2,3
15,conj_rot,428,17,2,-3,-158,12.66,3
15,conj_rot,428,15,2,-158,-302,13.46,3
15,conj_rot,428,8,2,-61,-372,14.06,3
15,conj_rot,428,2,2,67,-387,14.86,3
15,conj_rot,428,3,2,158,-311,15.36,3
15,conj_rot,428,36,2,-380,-87,18.3,3
15,conj_rot,428,29,1,-306,-137,18.9,3
15,conj_rot,428,30,1,-230,-68,19.36,3
15,conj_rot,428,38,1,-213,78,20.3,3
15,conj_rot,428,37,1,-301,11,20.93,3
15,conj_rot,428,23,1,-143,-172,21.56,3
15,conj_rot,428,48,2,-79,390,23.36,3
15,conj_rot,428,5,1,310,-163,31.36,3
15,conj_rot,428,24,1,-82,-75,31.96,3
15,conj_rot,428,31,1,-150,-9,32.6,3
15,conj_rot,428,19,1,138,-10,33.13,3
15,conj_rot,428,33,1,9,138,33.73,3
15,conj_rot,428,47,1,-162,312,34.36,3
15,conj_rot,428,28,1,246,234,35.75,3
15,conj_rot,429,43,1,-452,-1,1.1,4
15,conj_rot,429,45,1,-304,159,1.77,4
15,conj_rot,429,37,2,-301,-11,2.27,4
15,conj_rot,429,36,2,-383,-87,2.77,4
15,conj_rot,429,46,2,-230,236,3.33,4
15,conj_rot,429,39,2,-168,146,3.97,4
15,conj_rot,429,40,2,-84,229,4.63,4
15,conj_rot,429,49,2,-5,469,5.4,4
15,conj_rot,429,33,1,13,144,6,4
15,conj_rot,429,32,2,-85,78,7.56,4
15,conj_rot,429,34,2,63,226,8.26,4
15,conj_rot,429,26,1,78,72,9.83,4
15,conj_rot,429,27,1,134,143,10.33,4
15,conj_rot,429,20,1,209,68,11,4
15,conj_rot,429,14,2,409,79,11.76,4
15,conj_rot,429,7,1,441,-4,12.4,4
15,conj_rot,429,12,1,226,-80,13.03,4
15,conj_rot,429,5,1,316,-166,13.6,4
15,conj_rot,429,4,2,223,-219,14.13,4
15,conj_rot,429,8,2,-80,-370,15.96,4
15,conj_rot,429,2,2,83,-393,16.69,4
15,conj_rot,429,15,1,-146,-303,17.31,4
15,conj_rot,429,22,1,-231,-207,17.98,4
15,conj_rot,429,23,1,-141,-144,18.46,4
15,conj_rot,430,43,1,-465,7,1.43,5
15,conj_rot,430,37,1,-317,-13,2.2,5
15,conj_rot,430,36,2,-378,-58,3.4,5
15,conj_rot,430,31,2,-152,-13,4.07,5
15,conj_rot,430,16,2,-75,-219,5.33,5
15,conj_rot,430,15,1,-159,-310,6.2,5
15,conj_rot,430,1,2,3,-468,7.3,5
15,conj_rot,430,17,2,17,-163,8.23,5
15,conj_rot,430,18,2,91,-68,8.86,5
15,conj_rot,430,10,1,83,-227,9.43,5
15,conj_rot,430,25,2,-2,-8,10.03,5
15,conj_rot,430,32,2,-75,79,10.63,5
15,conj_rot,430,46,1,-229,236,11.9,5
15,conj_rot,430,39,1,-159,161,12.5,5
15,conj_rot,430,47,2,-157,314,13.26,5
15,conj_rot,430,33,2,6,164,14.16,5
15,conj_rot,430,40,1,-57,231,15.33,5
15,conj_rot,430,27,1,148,160,16.03,5
15,conj_rot,430,34,2,90,213,16.6,5
15,conj_rot,430,14,2,383,85,18,5
15,conj_rot,430,7,1,445,-7,18.5,5
15,conj_rot,430,21,1,304,136,19.03,5
15,conj_rot,430,35,1,152,304,19.66,5
15,conj_rot,430,5,1,302,-142,22.69,5
15,conj_uni,431,4,2,-23,35,1.93,1
15,conj_uni,431,7,2,-249,59,2.6,1
15,conj_uni,431,36,2,-248,152,3.1,1
15,conj_uni,431,12,1,-157,182,3.7,1
15,conj_uni,431,19,1,-77,50,4.83,1
15,conj_uni,431,18,1,-141,112,5.26,1
15,conj_uni,431,23,2,-295,-168,6.53,1
15,conj_uni,431,2,2,-164,-174,7.16,1
15,conj_uni,431,35,1,-184,-359,8.2,1
15,conj_uni,431,44,2,-4,-207,9.23,1
15,conj_uni,431,10,2,172,-253,10,1
15,conj_uni,431,9,1,263,-99,11.23,1
15,conj_uni,431,47,1,294,-53,11.63,1
15,conj_uni,431,38,2,186,-12,13.26,1
15,conj_uni,431,14,2,211,-78,13.8,1
15,conj_uni,431,31,1,116,82,15.93,1
15,conj_uni,431,39,1,346,239,16.93,1
15,conj_uni,431,49,1,291,340,17.7,1
15,conj_uni,431,33,2,-48,322,18.36,1
15,conj_uni,431,37,2,-62,225,18.96,1
15,conj_uni,431,25,1,300,116,22.43,1
15,conj_uni,431,34,1,32,-59,23.06,1
15,conj_uni,431,20,1,-15,-101,23.65,1
15,conj_uni,431,46,2,50,180,27.5,1
15,conj_uni,432,9,2,-117,344,3.51,2
15,conj_uni,432,42,2,-269,276,4.45,2
15,conj_uni,432,36,2,3,172,5.68,2
15,conj_uni,432,22,2,-67,182,6.21,2
15,conj_uni,432,11,2,17,255,6.71,2
15,conj_uni,432,15,1,-130,235,7.14,2
15,conj_uni,432,3,1,90,253,7.71,2
15,conj_uni,432,46,1,196,263,8.28,2
15,conj_uni,432,2,1,348,271,8.81,2
15,conj_uni,432,44,1,331,157,10.15,2
15,conj_uni,432,37,1,188,61,10.71,2
15,conj_uni,432,45,2,171,-26,11.35,2
15,conj_uni,432,18,1,131,-65,14.28,2
15,conj_uni,432,17,2,287,122,15.11,2
15,conj_uni,432,35,2,325,-333,15.88,2
15,conj_uni,432,32,1,362,-62,17.08,2
15,conj_uni,432,25,1,-74,-241,17.98,2
15,conj_uni,432,33,1,-273,-197,18.98,2
15,conj_uni,432,19,2,-204,7,21.54,2
15,conj_uni,432,31,2,-177,-107,22.28,2
15,conj_uni,432,29,2,81,-243,23.98,2
15,conj_uni,432,21,2,-193,-336,24.64,2
15,conj_uni,432,14,1,-296,-107,26.24,2
15,conj_uni,432,27,1,-292,44,26.81,2
15,conj_uni,433,21,2,-226,-7,1.7,3
15,conj_uni,433,16,2,-271,75,2.2,3
15,conj_uni,433,6,2,-134,304,3.14,3
15,conj_uni,433,36,2,-59,314,3.97,3
15,conj_uni,433,43,2,-239,346,4.54,3
15,conj_uni,433,37,1,-296,349,7.1,3
15,conj_uni,433,17,1,-364,44,7.74,3
15,conj_uni,433,12,1,-225,-64,8.44,3
15,conj_uni,433,27,2,-295,-280,10.6,3
15,conj_uni,433,7,2,-20,-348,13.33,3
15,conj_uni,433,18,2,-12,-252,14.37,3
15,conj_uni,433,45,2,78,-286,15.57,3
15,conj_uni,433,29,1,121,-321,16.43,3
15,conj_uni,433,38,1,185,-202,16.97,3
15,conj_uni,433,11,2,213,-259,17.5,3
15,conj_uni,433,48,2,167,-46,18.04,3
15,conj_uni,433,47,2,101,31,18.97,3
15,conj_uni,433,5,1,111,87,19.9,3
15,conj_uni,433,15,1,118,167,20.37,3
15,conj_uni,433,40,1,-37,162,20.84,3
15,conj_uni,433,25,1,-84,-52,21.43,3
15,conj_uni,433,28,1,216,-72,22.3,3
15,conj_uni,433,32,1,334,65,23,3
15,conj_uni,433,39,1,201,245,23.7,3
15,conj_uni,434,22,1,-227,95,1,4
15,conj_uni,434,10,1,-18,182,1.7,4
15,conj_uni,434,48,2,-194,270,3.6,4
15,conj_uni,434,46,2,-166,136,4.47,4
15,conj_uni,434,39,2,-320,244,5.27,4
15,conj_uni,434,8,2,-210,-61,6.4,4
15,conj_uni,434,23,1,-271,-108,6.93,4
15,conj_uni,434,49,2,-225,-229,8.33,4
15,conj_uni,434,4,1,-118,-128,9,4
15,conj_uni,434,41,1,-77,-168,10.3,4
15,conj_uni,434,1,2,8,-52,11.3,4
15,conj_uni,434,5,1,148,-327,12.96,4
15,conj_uni,434,37,1,170,-275,13.47,4
15,conj_uni,434,35,1,227,-274,14,4
15,conj_uni,434,18,2,280,-339,15.23,4
15,conj_uni,434,43,2,296,-238,15.83,4
15,conj_uni,434,20,2,352,-234,16.26,4
15,conj_uni,434,16,1,227,13,18.56,4
15,conj_uni,434,7,2,331,55,19.2,4
15,conj_uni,434,25,2,101,119,20,4
15,conj_uni,434,42,1,145,185,20.46,4
15,conj_uni,434,24,1,224,222,20.96,4
15,conj_uni,434,26,1,339,159,21.63,4
15,conj_uni,434,38,2,109,-239,25.71,4
15,conj_uni,435,43,2,-220,-6,1.17,5
15,conj_uni,435,48,2,-197,45,2.1,5
15,conj_uni,435,39,2,-176,148,2.57,5
15,conj_uni,435,34,2,-359,279,3.24,5
15,conj_uni,435,38,2,-91,125,3.9,5
15,conj_uni,435,26,1,-204,100,4.37,5
15,conj_uni,435,2,1,-260,108,4.77,5
15,conj_uni,435,24,1,-137,187,5.3,5
15,conj_uni,435,46,1,-193,202,5.74,5
15,conj_uni,435,12,1,-121,241,6.3,5
15,conj_uni,435,20,1,-149,15,6.87,5
15,conj_uni,435,7,1,-45,-37,7.87,5
15,conj_uni,435,22,2,-212,-106,8.6,5
15,conj_uni,435,25,2,-250,-171,9.17,5
15,conj_uni,435,18,1,-268,-224,9.67,5
15,conj_uni,435,6,2,316,-275,12.77,5
15,conj_uni,435,49,1,114,-275,14.07,5
15,conj_uni,435,13,1,51,-325,14.57,5
15,conj_uni,435,3,1,316,-63,15.4,5
15,conj_uni,435,36,2,338,-115,15.83,5
15,conj_uni,435,21,1,79,54,16.57,5
15,conj_uni,435,4,2,360,289,17.63,5
15,conj_uni,435,10,2,253,153,18.47,5
15,conj_uni,435,15,2,178,-168,20.45,5
15,feat_grid,436,37,2,-226,208,0.98,1
15,feat_grid,436,22,2,-342,-1,2.18,1
15,feat_grid,436,24,2,-103,3,3.14,1
15,feat_grid,436,31,2,-93,92,3.61,1
15,feat_grid,436,23,2,-209,2,4.14,1
15,feat_grid,436,25,2,-4,3,4.64,1
15,feat_grid,436,18,2,-12,-110,5.14,1
15,feat_grid,436,2,2,-209,-317,5.68,1
15,feat_grid,436,1,2,-331,-322,6.08,1
15,feat_grid,436,10,1,-118,-225,6.74,1
15,feat_grid,436,11,1,-9,-218,7.38,1
15,feat_grid,436,4,2,-10,-303,7.81,1
15,feat_grid,436,5,1,108,-327,8.38,1
15,feat_grid,436,6,1,206,-339,8.98,1
15,feat_grid,436,13,1,220,-213,9.38,1
15,feat_grid,436,20,1,229,-126,9.78,1
15,feat_grid,436,21,2,322,-105,10.18,1
15,feat_grid,436,28,2,340,-2,10.78,1
15,feat_grid,436,34,1,234,96,11.41,1
15,feat_grid,436,26,1,101,-10,11.88,1
15,feat_grid,436,42,1,332,205,12.41,1
15,feat_grid,436,39,1,-4,207,13.21,1
15,feat_grid,436,46,1,5,315,13.79,1
15,feat_grid,436,45,1,-105,309,14.26,1
15,feat_grid,437,36,1,-321,212,0.84,2
15,feat_grid,437,43,2,-317,321,1.31,2
15,feat_grid,437,37,1,-220,231,2.31,2
15,feat_grid,437,45,2,-115,338,2.84,2
15,feat_grid,437,29,2,-312,110,3.61,2
15,feat_grid,437,22,1,-336,-9,4.27,2
15,feat_grid,437,23,2,-214,-8,4.87,2
15,feat_grid,437,16,2,-206,-104,5.24,2
15,feat_grid,437,8,1,-313,-217,5.87,2
15,feat_grid,437,10,2,-100,-230,6.51,2
15,feat_grid,437,4,2,-8,-315,7.07,2
15,feat_grid,437,12,2,106,-225,7.54,2
15,feat_grid,437,13,2,226,-205,8.14,2
15,feat_grid,437,14,2,309,-217,8.64,2
15,feat_grid,437,7,1,339,-316,9.27,2
15,feat_grid,437,21,1,329,-117,9.81,2
15,feat_grid,437,27,1,227,11,10.24,2
15,feat_grid,437,26,2,96,-5,10.74,2
15,feat_grid,437,33,1,103,84,11.14,2
15,feat_grid,437,31,2,-90,103,11.57,2
15,feat_grid,437,39,1,-17,222,12.01,2
15,feat_grid,437,40,1,97,224,12.54,2
15,feat_grid,437,49,1,332,313,13.61,2
15,feat_grid,437,42,1,331,213,14.21,2
15,feat_grid,438,22,1,-328,-7,0.78,3
15,feat_grid,438,36,2,-335,218,1.36,3
15,feat_grid,438,43,2,-329,336,1.96,3
15,feat_grid,438,44,2,-205,307,2.39,3
15,feat_grid,438,46,1,6,334,2.94,3
15,feat_grid,438,32,1,6,121,3.41,3
15,feat_grid,438,25,1,1,10,3.84,3
15,feat_grid,438,24,2,-115,5,4.24,3
15,feat_grid,438,10,2,-103,-215,4.77,3
15,feat_grid,438,1,2,-326,-315,5.64,3
15,feat_grid,438,2,1,-226,-312,6.04,3
15,feat_grid,438,3,1,-120,-333,6.49,3
15,feat_grid,438,11,2,-1,-226,7.46,3
15,feat_grid,438,18,1,-10,-117,7.86,3
15,feat_grid,438,4,2,6,-314,8.39,3
15,feat_grid,438,19,2,112,-100,9.46,3
15,feat_grid,438,6,2,214,-311,9.99,3
15,feat_grid,438,7,1,336,-315,10.46,3
15,feat_grid,438,14,1,340,-212,10.82,3
15,feat_grid,438,28,1,323,8,11.29,3
15,feat_grid,438,35,2,328,98,11.69,3
15,feat_grid,438,41,1,218,203,12.29,3
15,feat_grid,438,42,1,335,199,13.16,3
15,feat_grid,438,48,2,222,324,13.69,3
15,feat_grid,439,15,1,-341,-124,0.67,4
15,feat_grid,439,8,2,-330,-220,1.07,4
15,feat_grid,439,1,2,-323,-319,1.47,4
15,feat_grid,439,3,2,-119,-320,2.1,4
15,feat_grid,439,12,1,106,-223,3.04,4
15,feat_grid,439,11,2,-7,-225,3.5,4
15,feat_grid,439,5,2,110,-330,4.04,4
15,feat_grid,439,13,1,216,-226,4.6,4
15,feat_grid,439,14,2,314,-222,5.07,4
15,feat_grid,439,25,1,6,-6,5.7,4
15,feat_grid,439,26,2,124,22,6.17,4
15,feat_grid,439,35,2,327,114,6.8,4
15,feat_grid,439,42,1,329,225,7.34,4
15,feat_grid,439,41,1,218,209,7.77,4
15,feat_grid,439,48,1,204,304,8.1,4
15,feat_grid,439,49,1,334,326,8.87,4
15,feat_grid,439,39,1,-1,206,9.6,4
15,feat_grid,439,46,2,2,330,10.27,4
15,feat_grid,439,38,2,-93,228,10.74,4
15,feat_grid,439,45,1,-112,327,11.07,4
15,feat_grid,439,37,2,-212,209,11.67,4
15,feat_grid,439,30,1,-227,97,12.14,4
15,feat_grid,439,36,1,-329,215,12.74,4
15,feat_grid,439,23,2,-218,22,13.85,4
15,feat_grid,440,23,1,-222,5,0.92,5
15,feat_grid,440,15,2,-322,-93,1.77,5
15,feat_grid,440,16,2,-228,-102,2.37,5
15,feat_grid,440,1,2,-310,-326,3.03,5
15,feat_grid,440,2,1,-206,-322,3.56,5
15,feat_grid,440,10,2,-115,-221,3.95,5
15,feat_grid,440,18,1,-17,-102,4.52,5
15,feat_grid,440,11,2,15,-216,4.93,5
15,feat_grid,440,12,1,114,-225,5.36,5
15,feat_grid,440,19,2,101,-86,5.76,5
15,feat_grid,440,7,2,311,-319,6.56,5
15,feat_grid,440,21,1,329,-106,7.13,5
15,feat_grid,440,28,1,314,9,7.53,5
15,feat_grid,440,41,1,217,218,8.03,5
15,feat_grid,440,32,1,7,107,8.56,5
15,feat_grid,440,31,1,-113,108,8.96,5
15,feat_grid,440,35,2,308,89,9.63,5
15,feat_grid,440,48,2,199,322,10.3,5
15,feat_grid,440,47,1,115,337,10.7,5
15,feat_grid,440,46,2,-7,329,11.13,5
15,feat_grid,440,45,1,-107,323,11.53,5
15,feat_grid,440,44,2,-218,320,11.9,5
15,feat_grid,440,43,2,-319,307,12.36,5
15,feat_grid,440,37,1,-237,235,13.66,5
15,feat_rot,441,36,1,-385,-82,0.73,1
15,feat_rot,441,43,1,-463,5,1.27,1
15,feat_rot,441,44,1,-372,80,1.8,1
15,feat_rot,441,37,1,-304,-12,2.37,1
15,feat_rot,441,45,2,-304,147,2.8,1
15,feat_rot,441,46,2,-226,240,3.33,1
15,feat_rot,441,39,1,-147,145,3.8,1
15,feat_rot,441,31,1,-145,9,4.37,1
15,feat_rot,441,24,2,-84,-85,5.07,1
15,feat_rot,441,15,2,-133,-293,5.73,1
15,feat_rot,441,8,2,-87,-389,6.3,1
15,feat_rot,441,16,1,-77,-218,6.77,1
15,feat_rot,441,10,1,63,-221,7.2,1
15,feat_rot,441,3,1,160,-296,7.9,1
15,feat_rot,441,5,1,306,-154,8.5,1
15,feat_rot,441,14,1,394,86,9.03,1
15,feat_rot,441,28,1,209,242,9.57,1
15,feat_rot,441,13,2,302,16,10.8,1
15,feat_rot,441,21,2,302,142,11.83,1
15,feat_rot,441,19,2,157,12,12.6,1
15,feat_rot,441,18,2,72,-76,13.13,1
15,feat_rot,441,34,2,71,230,13.88,1
15,feat_rot,441,35,2,163,304,14.58,1
15,feat_rot,441,41,2,0,316,15.05,1
15,feat_rot,442,37,1,-311,22,0.72,2
15,feat_rot,442,43,1,-463,3,1.47,2
15,feat_rot,442,38,1,-246,80,2.77,2
15,feat_rot,442,39,1,-159,148,3.22,2
15,feat_rot,442,47,1,-146,297,3.69,2
15,feat_rot,442,49,1,-4,473,4.41,2
15,feat_rot,442,28,1,228,234,5.11,2
15,feat_rot,442,32,1,-62,78,6.05,2
15,feat_rot,442,25,1,8,-1,6.62,2
15,feat_rot,442,40,2,-78,214,7.12,2
15,feat_rot,442,34,2,72,231,7.69,2
15,feat_rot,442,27,2,147,153,8.19,2
15,feat_rot,442,13,2,299,9,8.75,2
15,feat_rot,442,12,2,220,-68,9.22,2
15,feat_rot,442,11,2,151,-148,10.02,2
15,feat_rot,442,4,1,229,-236,10.49,2
15,feat_rot,442,2,1,86,-355,11.09,2
15,feat_rot,442,10,1,72,-227,11.62,2
15,feat_rot,442,3,2,155,-321,12.15,2
15,feat_rot,442,9,2,2,-292,12.65,2
15,feat_rot,442,22,2,-224,-228,13.39,2
15,feat_rot,442,29,2,-288,-144,13.75,2
15,feat_rot,442,30,2,-221,-74,14.19,2
15,feat_rot,442,31,2,-163,5,14.92,2
15,feat_rot,443,43,1,-463,-16,1,3
15,feat_rot,443,44,1,-371,68,1.4,3
15,feat_rot,443,45,2,-309,173,2.13,3
15,feat_rot,443,46,2,-235,238,2.57,3
15,feat_rot,443,39,2,-145,155,3,3
15,feat_rot,443,32,2,-86,63,3.4,3
15,feat_rot,443,30,1,-224,-85,3.9,3
15,feat_rot,443,29,1,-307,-151,4.4,3
15,feat_rot,443,17,2,-15,-143,5,3
15,feat_rot,443,8,1,-70,-381,6.9,3
15,feat_rot,443,25,2,-13,-7,7.66,3
15,feat_rot,443,10,1,68,-245,8.23,3
15,feat_rot,443,3,1,153,-299,8.7,3
15,feat_rot,443,11,2,154,-150,9.2,3
15,feat_rot,443,26,1,63,65,9.76,3
15,feat_rot,443,33,1,9,130,10.2,3
15,feat_rot,443,40,1,-70,215,10.56,3
15,feat_rot,443,48,2,-80,379,11.26,3
15,feat_rot,443,42,2,50,392,11.66,3
15,feat_rot,443,34,2,91,240,12.13,3
15,feat_rot,443,27,2,151,151,12.56,3
15,feat_rot,443,35,2,159,320,13.16,3
15,feat_rot,443,14,1,374,82,13.83,3
15,feat_rot,443,13,1,318,-3,14.94,3
15,feat_rot,444,43,2,-460,3,0.89,4
15,feat_rot,444,36,2,-392,-68,1.33,4
15,feat_rot,444,45,2,-307,147,2.73,4
15,feat_rot,444,38,1,-235,93,3.13,4
15,feat_rot,444,48,1,-82,383,3.79,4
15,feat_rot,444,41,1,4,317,4.36,4
15,feat_rot,444,42,2,67,381,4.83,4
15,feat_rot,444,28,2,235,242,5.46,4
15,feat_rot,444,21,2,316,141,6.06,4
15,feat_rot,444,20,1,240,69,6.59,4
15,feat_rot,444,26,1,74,87,7.26,4
15,feat_rot,444,33,1,-12,156,7.76,4
15,feat_rot,444,19,2,149,22,8.53,4
15,feat_rot,444,12,2,237,-87,9.12,4
15,feat_rot,444,5,2,316,-150,9.66,4
15,feat_rot,444,11,1,151,-155,10.36,4
15,feat_rot,444,10,1,79,-226,10.82,4
15,feat_rot,444,8,1,-79,-376,11.49,4
15,feat_rot,444,15,2,-151,-306,11.99,4
15,feat_rot,444,22,1,-220,-226,12.36,4
15,feat_rot,444,29,1,-302,-156,13.39,4
15,feat_rot,444,31,2,-145,5,13.99,4
15,feat_rot,444,32,2,-78,72,14.83,4
15,feat_rot,444,25,1,2,1,15.29,4
15,feat_rot,445,44,1,-394,83,1.03,5
15,feat_rot,445,37,1,-313,19,1.58,5
15,feat_rot,445,30,1,-243,-74,2.19,5
15,feat_rot,445,29,1,-300,-147,2.63,5
15,feat_rot,445,33,1,-6,165,3.59,5
15,feat_rot,445,48,1,-84,380,4.26,5
15,feat_rot,445,14,1,377,82,4.92,5
15,feat_rot,445,11,1,163,-152,6.22,5
15,feat_rot,445,5,2,291,-176,6.85,5
15,feat_rot,445,6,2,381,-70,7.39,5
15,feat_rot,445,20,2,235,73,7.96,5
15,feat_rot,445,27,2,147,152,8.69,5
15,feat_rot,445,35,2,143,301,9.42,5
15,feat_rot,445,47,2,-159,285,10.42,5
15,feat_rot,445,46,2,-221,246,10.96,5
15,feat_rot,445,39,2,-156,148,11.46,5
15,feat_rot,445,31,2,-173,-10,12.06,5
15,feat_rot,445,23,2,-150,-161,12.49,5
15,feat_rot,445,22,2,-233,-228,12.92,5
15,feat_rot,445,15,2,-157,-280,13.35,5
15,feat_rot,445,17,1,2,-166,13.89,5
15,feat_rot,445,10,1,72,-207,14.29,5
15,feat_rot,445,9,1,-11,-331,14.79,5
15,feat_rot,445,1,1,3,-442,15.35,5
15,feat_uni,446,43,1,-333,-171,0.64,1
15,feat_uni,446,5,2,-265,-35,1.23,1
15,feat_uni,446,3,1,-349,274,2.1,1
15,feat_uni,446,31,2,-319,322,2.47,1
15,feat_uni,446,21,1,-265,305,2.82,1
15,feat_uni,446,45,1,-224,221,3.39,1
15,feat_uni,446,11,2,-119,56,3.95,1
15,feat_uni,446,37,2,-51,-51,4.52,1
15,feat_uni,446,30,1,-50,-108,4.98,1
15,feat_uni,446,13,1,-26,-160,5.38,1
15,feat_uni,446,18,2,54,-233,5.92,1
15,feat_uni,446,38,2,133,-355,6.45,1
15,feat_uni,446,33,2,190,-220,7.05,1
15,feat_uni,446,48,1,343,-219,7.62,1
15,feat_uni,446,29,2,167,-83,8.18,1
15,feat_uni,446,17,2,115,-32,8.52,1
15,feat_uni,446,36,1,53,43,9.28,1
15,feat_uni,446,28,2,99,76,9.62,1
15,feat_uni,446,2,2,151,126,9.98,1
15,feat_uni,446,39,1,305,185,11.45,1
15,feat_uni,446,8,1,253,207,11.81,1
15,feat_uni,446,12,1,64,347,12.51,1
15,feat_uni,446,10,2,63,288,13.01,1
15,feat_uni,446,24,1,9,273,13.4,1
15,feat_uni,447,28,1,-185,-71,0.9,2
15,feat_uni,447,4,2,-113,-65,1.3,2
15,feat_uni,447,18,2,-161,101,1.9,2
15,feat_uni,447,1,2,-70,120,2.33,2
15,feat_uni,447,30,2,-222,-308,3.14,2
15,feat_uni,447,12,2,-84,-279,3.77,2
15,feat_uni,447,27,2,-41,-314,4.1,2
15,feat_uni,447,13,1,103,-175,5.03,2
15,feat_uni,447,37,1,60,-136,5.4,2
15,feat_uni,447,7,1,164,-106,5.87,2
15,feat_uni,447,5,1,280,-161,6.43,2
15,feat_uni,447,36,2,340,-163,6.87,2
15,feat_uni,447,44,2,245,-323,7.37,2
15,feat_uni,447,16,1,177,-307,7.77,2
15,feat_uni,447,31,2,132,-21,8.43,2
15,feat_uni,447,46,2,253,-9,8.94,2
15,feat_uni,447,2,1,304,13,9.3,2
15,feat_uni,447,32,1,198,62,9.83,2
15,feat_uni,447,26,2,85,195,10.4,2
15,feat_uni,447,23,2,176,252,11.03,2
15,feat_uni,447,14,1,230,320,11.53,2
15,feat_uni,447,42,1,327,334,12.1,2
15,feat_uni,447,9,1,73,309,12.77,2
15,feat_uni,447,43,1,-194,322,13.47,2
15,feat_uni,448,46,2,-82,23,0.6,3
15,feat_uni,448,33,2,-197,52,1.07,3
15,feat_uni,448,3,1,-184,122,1.4,3
15,feat_uni,448,10,2,-308,178,1.96,3
15,feat_uni,448,8,1,-203,274,2.5,3
15,feat_uni,448,2,1,-180,325,2.9,3
15,feat_uni,448,23,1,36,260,3.53,3
15,feat_uni,448,17,1,28,205,3.86,3
15,feat_uni,448,4,1,-10,1,4.4,3
15,feat_uni,448,30,1,-113,-289,5.07,3
15,feat_uni,448,16,1,-168,-300,5.46,3
15,feat_uni,448,9,1,-32,-307,5.93,3
15,feat_uni,448,1,1,210,-196,6.53,3
15,feat_uni,448,44,1,166,-70,6.97,3
15,feat_uni,448,19,2,270,-47,7.96,3
15,feat_uni,448,27,2,187,29,8.56,3
15,feat_uni,448,6,2,-282,-354,9.4,3
15,feat_uni,448,35,2,-24,179,10.16,3
15,feat_uni,448,37,2,92,261,10.67,3
15,feat_uni,448,21,2,111,209,11.1,3
15,feat_uni,448,11,2,184,296,11.83,3
15,feat_uni,448,42,1,163,348,12.2,3
15,feat_uni,448,28,2,258,328,12.86,3
15,feat_uni,448,41,2,349,116,13.31,3
15,feat_uni,449,32,2,-351,-27,1.24,4
15,feat_uni,449,14,1,-282,-4,1.64,4
15,feat_uni,449,27,1,-168,69,2.1,4
15,feat_uni,449,26,1,-114,261,2.67,4
15,feat_uni,449,39,2,-11,304,3.17,4
15,feat_uni,449,12,1,95,197,3.6,4
15,feat_uni,449,47,2,49,163,3.94,4
15,feat_uni,449,15,2,41,104,4.3,4
15,feat_uni,449,24,2,37,26,4.7,4
15,feat_uni,449,43,1,-184,-137,5.4,4
15,feat_uni,449,49,1,-231,-170,5.9,4
15,feat_uni,449,38,2,-325,-303,6.4,4
15,feat_uni,449,1,2,103,-167,7.6,4
15,feat_uni,449,35,2,131,-216,8.4,4
15,feat_uni,449,40,1,66,-125,8.8,4
15,feat_uni,449,28,2,270,-296,9.33,4
15,feat_uni,449,7,1,238,-193,9.77,4
15,feat_uni,449,30,1,190,-140,10.13,4
15,feat_uni,449,46,2,218,-92,10.47,4
15,feat_uni,449,23,1,182,4,11.6,4
15,feat_uni,449,44,1,199,78,12,4
15,feat_uni,449,34,2,355,204,12.8,4
15,feat_uni,449,9,1,325,252,13.17,4
15,feat_uni,449,21,2,218,304,13.62,4
15,feat_uni,450,29,2,-289,-4,1.33,5
15,feat_uni,450,26,1,-287,57,1.73,5
15,feat_uni,450,22,2,-210,23,2.33,5
15,feat_uni,450,42,1,-217,-65,2.7,5
15,feat_uni,450,10,1,-143,-152,3.2,5
15,feat_uni,450,7,1,-96,-191,4.3,5
15,feat_uni,450,18,2,49,-233,4.87,5
15,feat_uni,450,1,2,46,-176,5.23,5
15,feat_uni,450,5,2,38,-48,5.6,5
15,feat_uni,450,45,2,265,-349,6.27,5
15,feat_uni,450,40,2,282,-296,6.67,5
15,feat_uni,450,47,1,338,-291,7.07,5
15,feat_uni,450,37,1,106,70,8.03,5
15,feat_uni,450,11,1,126,139,8.4,5
15,feat_uni,450,44,1,300,108,9.53,5
15,feat_uni,450,38,1,306,171,9.9,5
15,feat_uni,450,14,1,-126,146,11.26,5
15,feat_uni,450,6,1,-115,306,11.83,5
15,feat_uni,450,34,2,34,210,12.5,5
15,feat_uni,450,8,2,28,284,12.9,5
15,feat_uni,450,35,2,107,192,13.8,5
15,feat_uni,450,15,2,186,297,14.26,5
15,feat_uni,450,48,1,285,222,14.85,5
15,feat_uni,450,16,2,339,301,15.28,5
16,conj_grid,451,37,1,-224,230,1.48,1
16,conj_grid,451,31,1,-108,89,2.63,1
16,conj_grid,451,19,1,101,-115,3.4,1
16,conj_grid,451,20,1,218,-108,4.19,1
16,conj_grid,451,21,1,317,-108,4.6,1
16,conj_grid,451,14,1,326,-220,5.33,1
16,conj_grid,451,7,1,325,-334,5.74,1
16,conj_grid,451,6,1,205,-313,6.4,1
16,conj_grid,451,5,1,93,-317,6.97,1
16,conj_grid,451,3,1,-109,-333,8.02,1
16,conj_grid,451,9,1,-230,-203,8.99,1
16,conj_grid,451,17,1,-115,-113,10.21,1
16,conj_grid,451,29,2,-327,105,11.13,1
16,conj_grid,451,30,2,-240,118,11.78,1
16,conj_grid,451,43,2,-349,325,12.76,1
16,conj_grid,451,44,2,-221,314,13.69,1
16,conj_grid,451,45,2,-117,329,14.88,1
16,conj_grid,451,46,2,-4,335,15.93,1
16,conj_grid,451,33,2,120,118,17.11,1
16,conj_grid,451,26,2,110,-10,17.95,1
16,conj_grid,451,18,2,-10,-106,18.91,1
16,conj_grid,451,13,2,207,-187,19.8,1
16,conj_grid,451,2,2,-232,-328,20.6,1
16,conj_grid,451,1,2,-324,-321,21.65,1
16,conj_grid,452,45,1,-107,340,1.52,2
16,conj_grid,452,49,1,327,308,2.49,2
16,conj_grid,452,37,1,-214,210,3.6,2
16,conj_grid,452,30,1,-208,94,4.16,2
16,conj_grid,452,23,1,-212,-6,4.82,2
16,conj_grid,452,17,1,-115,-101,5.66,2
16,conj_grid,452,34,1,226,103,6.71,2
16,conj_grid,452,13,1,232,-207,7.63,2
16,conj_grid,452,6,1,227,-312,8.39,2
16,conj_grid,452,7,1,324,-320,9.1,2
16,conj_grid,452,2,1,-235,-328,10.81,2
16,conj_grid,452,12,2,114,-222,11.93,2
16,conj_grid,452,11,2,8,-215,12.75,2
16,conj_grid,452,26,2,113,9,13.64,2
16,conj_grid,452,8,2,-312,-193,14.69,2
16,conj_grid,452,28,2,330,8,15.94,2
16,conj_grid,452,35,2,337,99,16.59,2
16,conj_grid,452,42,2,335,203,17.6,2
16,conj_grid,452,32,2,3,113,18.58,2
16,conj_grid,452,40,2,93,211,19.32,2
16,conj_grid,452,39,2,-3,217,19.89,2
16,conj_grid,452,38,2,-95,224,20.61,2
16,conj_grid,452,36,2,-333,217,21.8,2
16,conj_grid,452,3,1,-108,-330,24.24,2
16,conj_grid,453,45,1,-97,311,1.47,3
16,conj_grid,453,46,1,-3,336,2.42,3
16,conj_grid,453,48,1,222,332,3.02,3
16,conj_grid,453,49,1,338,331,3.78,3
16,conj_grid,453,40,1,104,233,4.93,3
16,conj_grid,453,36,1,-322,223,5.78,3
16,conj_grid,453,30,1,-207,137,6.56,3
16,conj_grid,453,24,1,-108,6,7.14,3
16,conj_grid,453,8,1,-315,-214,9.07,3
16,conj_grid,453,21,1,331,-121,10.31,3
16,conj_grid,453,7,1,352,-330,11.48,3
16,conj_grid,453,14,2,329,-223,12.45,3
16,conj_grid,453,5,2,95,-315,13.62,3
16,conj_grid,453,19,2,127,-109,15.13,3
16,conj_grid,453,20,2,217,-112,15.8,3
16,conj_grid,453,11,2,7,-208,16.76,3
16,conj_grid,453,28,2,329,-5,17.9,3
16,conj_grid,453,35,2,317,111,18.71,3
16,conj_grid,453,41,2,217,205,19.66,3
16,conj_grid,453,47,2,106,337,20.7,3
16,conj_grid,453,22,2,-307,-2,21.97,3
16,conj_grid,453,23,2,-228,16,22.69,3
16,conj_grid,453,17,2,-106,-105,23.38,3
16,conj_grid,453,4,1,-10,-334,25.42,3
16,conj_grid,454,43,1,-311,349,1.48,4
16,conj_grid,454,22,1,-350,3,2.53,4
16,conj_grid,454,31,1,-115,110,3.72,4
16,conj_grid,454,24,1,-127,7,4.21,4
16,conj_grid,454,39,1,7,228,5.2,4
16,conj_grid,454,40,1,140,199,6.16,4
16,conj_grid,454,33,1,107,113,6.71,4
16,conj_grid,454,35,1,320,123,7.65,4
16,conj_grid,454,20,1,226,-109,8.36,4
16,conj_grid,454,3,1,-93,-327,9.32,4
16,conj_grid,454,15,1,-296,-107,10.24,4
16,conj_grid,454,7,1,313,-325,11.26,4
16,conj_grid,454,6,2,204,-319,11.99,4
16,conj_grid,454,5,2,102,-344,12.73,4
16,conj_grid,454,19,2,119,-111,13.91,4
16,conj_grid,454,25,2,3,16,14.82,4
16,conj_grid,454,9,2,-226,-221,16.02,4
16,conj_grid,454,8,2,-318,-205,17.08,4
16,conj_grid,454,16,2,-229,-117,17.98,4
16,conj_grid,454,30,2,-216,122,18.91,4
16,conj_grid,454,36,2,-329,219,19.71,4
16,conj_grid,454,44,2,-225,345,20.45,4
16,conj_grid,454,45,2,-98,326,21.78,4
16,conj_grid,454,42,2,320,226,22.72,4
16,conj_grid,455,18,1,4,-96,1.5,5
16,conj_grid,455,7,1,319,-338,2.51,5
16,conj_grid,455,9,1,-220,-228,3.76,5
16,conj_grid,455,8,1,-333,-196,4.49,5
16,conj_grid,455,15,1,-332,-93,5.11,5
16,conj_grid,455,24,1,-97,12,5.81,5
16,conj_grid,455,31,1,-121,96,6.49,5
16,conj_grid,455,38,1,-111,228,7.26,5
16,conj_grid,455,44,1,-211,324,8.42,5
16,conj_grid,455,46,1,-5,337,9.23,5
16,conj_grid,455,48,1,200,314,10.17,5
16,conj_grid,455,34,1,205,135,11.13,5
16,conj_grid,455,49,2,331,325,12.25,5
16,conj_grid,455,45,2,-101,313,13.25,5
16,conj_grid,455,33,2,107,102,14.06,5
16,conj_grid,455,32,2,-13,98,14.91,5
16,conj_grid,455,25,2,-1,-11,15.82,5
16,conj_grid,455,17,2,-96,-106,16.71,5
16,conj_grid,455,16,2,-224,-109,17.49,5
16,conj_grid,455,11,2,18,-229,18.52,5
16,conj_grid,455,3,2,-111,-328,19.53,5
16,conj_grid,455,12,2,110,-233,20.76,5
16,conj_grid,455,4,2,-1,-318,21.48,5
16,conj_grid,455,43,2,-321,331,22.73,5
16,conj_rot,456,45,1,-301,146,1.72,1
16,conj_rot,456,48,1,-77,391,2.69,1
16,conj_rot,456,34,1,61,232,3.62,1
16,conj_rot,456,36,1,-382,-72,4.66,1
16,conj_rot,456,23,1,-140,-187,5.75,1
16,conj_rot,456,17,1,7,-144,6.63,1
16,conj_rot,456,25,1,8,11,7.25,1
16,conj_rot,456,19,1,164,6,7.94,1
16,conj_rot,456,20,1,237,76,8.54,1
16,conj_rot,456,6,1,392,-80,9.51,1
16,conj_rot,456,7,2,439,5,10.85,1
16,conj_rot,456,2,2,63,-389,12.26,1
16,conj_rot,456,16,2,-66,-237,13.43,1
16,conj_rot,456,18,2,82,-67,14.47,1
16,conj_rot,456,31,2,-168,-0,15.49,1
16,conj_rot,456,38,2,-214,78,16.17,1
16,conj_rot,456,37,2,-308,-0,16.94,1
16,conj_rot,456,43,2,-449,-1,17.64,1
16,conj_rot,456,46,2,-222,227,18.55,1
16,conj_rot,456,47,2,-130,303,19.54,1
16,conj_rot,456,49,2,-17,467,20.61,1
16,conj_rot,456,42,2,81,390,21.97,1
16,conj_rot,456,9,1,-6,-311,23.65,1
16,conj_rot,456,3,1,152,-297,24.81,1
16,conj_rot,457,44,1,-378,73,1.15,2
16,conj_rot,457,45,1,-288,146,2.12,2
16,conj_rot,457,37,1,-303,4,3.68,2
16,conj_rot,457,36,1,-391,-61,4.25,2
16,conj_rot,457,39,1,-165,153,5.19,2
16,conj_rot,457,35,1,136,293,6.28,2
16,conj_rot,457,28,1,228,234,6.92,2
16,conj_rot,457,26,1,83,78,7.68,2
16,conj_rot,457,20,1,232,93,8.38,2
16,conj_rot,457,14,1,378,60,9.53,2
16,conj_rot,457,23,1,-149,-163,10.86,2
16,conj_rot,457,10,1,68,-238,11.81,2
16,conj_rot,457,48,2,-82,395,13.83,2
16,conj_rot,457,40,2,-77,233,15.03,2
16,conj_rot,457,32,2,-77,72,15.86,2
16,conj_rot,457,25,2,10,4,16.4,2
16,conj_rot,457,29,2,-304,-163,17.22,2
16,conj_rot,457,22,2,-230,-220,17.66,2
16,conj_rot,457,4,2,240,-223,19.17,2
16,conj_rot,457,5,2,303,-157,20.07,2
16,conj_rot,457,6,2,397,-77,20.64,2
16,conj_rot,457,12,2,238,-82,22.32,2
16,conj_rot,457,27,2,144,138,24.38,2
16,conj_rot,457,21,2,300,150,25.23,2
16,conj_rot,458,43,1,-458,-2,1.8,3
16,conj_rot,458,36,1,-378,-85,2.51,3
16,conj_rot,458,37,1,-319,12,3.05,3
16,conj_rot,458,30,1,-213,-80,3.62,3
16,conj_rot,458,23,1,-162,-135,4.09,3
16,conj_rot,458,17,1,-9,-161,4.79,3
16,conj_rot,458,9,1,-3,-292,5.53,3
16,conj_rot,458,11,1,165,-157,6.4,3
16,conj_rot,458,33,1,-1,150,7.3,3
16,conj_rot,458,39,1,-133,159,8.1,3
16,conj_rot,458,42,1,70,390,8.96,3
16,conj_rot,458,35,2,151,313,9.78,3
16,conj_rot,458,28,2,248,225,10.73,3
16,conj_rot,458,20,2,214,67,12.38,3
16,conj_rot,458,18,2,62,-73,13.45,3
16,conj_rot,458,8,2,-77,-391,14.41,3
16,conj_rot,458,15,2,-160,-315,15.24,3
16,conj_rot,458,22,1,-256,-224,16.08,3
16,conj_rot,458,29,2,-292,-159,16.71,3
16,conj_rot,458,44,2,-390,67,17.32,3
16,conj_rot,458,40,2,-96,214,18.11,3
16,conj_rot,458,47,2,-151,299,18.88,3
16,conj_rot,458,14,2,386,90,21.06,3
16,conj_rot,458,3,2,169,-298,22.68,3
16,conj_rot,459,46,2,-227,220,2.16,4
16,conj_rot,459,44,2,-386,62,3.02,4
16,conj_rot,459,43,2,-484,-15,3.82,4
16,conj_rot,459,38,2,-226,68,5.3,4
16,conj_rot,459,39,2,-134,145,6.15,4
16,conj_rot,459,41,2,-1,292,6.83,4
16,conj_rot,459,33,1,-22,160,7.66,4
16,conj_rot,459,40,1,-83,219,8.3,4
16,conj_rot,459,45,1,-293,159,8.88,4
16,conj_rot,459,37,1,-303,-9,9.58,4
16,conj_rot,459,36,1,-370,-95,10.28,4
16,conj_rot,459,42,1,73,371,11.31,4
16,conj_rot,459,26,1,81,69,12.29,4
16,conj_rot,459,19,1,155,9,12.92,4
16,conj_rot,459,27,1,159,156,13.61,4
16,conj_rot,459,17,1,-5,-161,14.27,4
16,conj_rot,459,23,1,-138,-151,15.92,4
16,conj_rot,459,1,1,-0,-465,16.99,4
16,conj_rot,459,4,2,241,-216,17.99,4
16,conj_rot,459,6,2,398,-85,18.68,4
16,conj_rot,459,13,2,294,9,19.58,4
16,conj_rot,459,18,2,69,-71,20.33,4
16,conj_rot,459,25,2,10,-4,21.07,4
16,conj_rot,459,30,2,-232,-91,21.82,4
16,conj_rot,460,37,1,-298,10,1.45,5
16,conj_rot,460,46,1,-236,223,2.35,5
16,conj_rot,460,39,1,-149,166,3,5
16,conj_rot,460,47,1,-163,301,3.78,5
16,conj_rot,460,32,1,-62,72,4.91,5
16,conj_rot,460,31,1,-155,3,5.59,5
16,conj_rot,460,29,1,-299,-161,6.38,5
16,conj_rot,460,23,1,-142,-149,7.01,5
16,conj_rot,460,2,1,79,-382,7.86,5
16,conj_rot,460,4,1,239,-222,8.59,5
16,conj_rot,460,12,1,221,-81,9.24,5
16,conj_rot,460,14,1,385,84,10.1,5
16,conj_rot,460,20,2,220,75,11.68,5
16,conj_rot,460,28,2,217,229,12.43,5
16,conj_rot,460,42,2,72,390,13.14,5
16,conj_rot,460,49,2,-1,461,14.21,5
16,conj_rot,460,16,2,-60,-238,15.43,5
16,conj_rot,460,9,2,4,-289,16.11,5
16,conj_rot,460,17,2,-10,-155,17,5
16,conj_rot,460,22,2,-233,-221,17.94,5
16,conj_rot,460,44,2,-379,61,18.86,5
16,conj_rot,460,45,2,-325,152,19.41,5
16,conj_rot,460,43,2,-470,17,20.24,5
16,conj_rot,460,40,2,-82,226,21.32,5
16,conj_uni,461,17,1,-342,225,1.41,1
16,conj_uni,461,48,1,-313,329,2.14,1
16,conj_uni,461,15,1,-239,80,2.98,1
16,conj_uni,461,7,1,-91,98,3.72,1
16,conj_uni,461,27,1,-74,258,5.14,1
16,conj_uni,461,46,1,-56,311,5.68,1
16,conj_uni,461,5,1,-10,346,6.21,1
16,conj_uni,461,35,1,302,183,7.35,1
16,conj_uni,461,32,1,222,293,7.89,1
16,conj_uni,461,16,1,331,-272,9.72,1
16,conj_uni,461,40,1,343,-327,10.74,1
16,conj_uni,461,22,1,241,-137,11.61,1
16,conj_uni,461,47,2,121,-336,12.98,1
16,conj_uni,461,38,2,199,-98,14.33,1
16,conj_uni,461,25,2,319,325,15.22,1
16,conj_uni,461,12,2,185,335,16.41,1
16,conj_uni,461,24,2,20,299,17.65,1
16,conj_uni,461,49,2,-6,249,18.33,1
16,conj_uni,461,3,2,-287,137,19.46,1
16,conj_uni,461,10,2,-132,59,20.73,1
16,conj_uni,461,34,2,-164,14,21.48,1
16,conj_uni,461,30,2,-77,-63,22.35,1
16,conj_uni,461,39,2,-113,-249,23.37,1
16,conj_uni,461,11,2,-75,-356,28.29,1
16,conj_uni,462,47,1,62,50,1.39,2
16,conj_uni,462,40,1,65,235,2.01,2
16,conj_uni,462,33,1,-232,157,2.9,2
16,conj_uni,462,38,1,-149,97,3.62,2
16,conj_uni,462,35,1,-286,110,4.29,2
16,conj_uni,462,14,1,-257,-104,5.32,2
16,conj_uni,462,19,1,-317,-251,6.02,2
16,conj_uni,462,20,1,-257,-260,6.82,2
16,conj_uni,462,10,1,-197,-224,7.29,2
16,conj_uni,462,30,2,-90,-244,8.38,2
16,conj_uni,462,3,2,-148,-339,10.35,2
16,conj_uni,462,44,2,67,-192,11.27,2
16,conj_uni,462,41,2,225,-93,12.38,2
16,conj_uni,462,42,2,260,-37,13.14,2
16,conj_uni,462,15,2,296,6,13.75,2
16,conj_uni,462,18,2,282,216,15.05,2
16,conj_uni,462,32,2,-122,255,16.31,2
16,conj_uni,462,24,2,-115,9,17.36,2
16,conj_uni,462,29,2,-141,-41,19.03,2
16,conj_uni,462,31,2,-325,-151,20.41,2
16,conj_uni,462,6,2,-355,315,21.91,2
16,conj_uni,462,36,1,-109,-300,23.63,2
16,conj_uni,462,39,1,108,-352,24.76,2
16,conj_uni,462,23,1,276,-349,25.74,2
16,conj_uni,463,44,1,99,106,1.91,3
16,conj_uni,463,38,1,158,220,2.5,3
16,conj_uni,463,12,1,271,295,3.53,3
16,conj_uni,463,43,1,316,172,4.22,3
16,conj_uni,463,2,1,19,3,5.09,3
16,conj_uni,463,34,1,-63,87,5.68,3
16,conj_uni,463,4,1,-31,-162,6.79,3
16,conj_uni,463,23,1,-103,-273,7.78,3
16,conj_uni,463,31,1,-107,-330,8.63,3
16,conj_uni,463,18,1,-34,-359,9.47,3
16,conj_uni,463,16,1,180,-260,10.58,3
16,conj_uni,463,28,1,300,-324,11.33,3
16,conj_uni,463,39,2,45,93,13.87,3
16,conj_uni,463,7,2,-9,71,14.37,3
16,conj_uni,463,15,2,-107,8,15.27,3
16,conj_uni,463,32,2,-145,-95,17.03,3
16,conj_uni,463,26,2,254,-291,19.21,3
16,conj_uni,463,35,2,273,-136,19.86,3
16,conj_uni,463,25,2,193,-203,20.46,3
16,conj_uni,463,9,2,194,-112,21.42,3
16,conj_uni,463,48,2,-149,131,22.62,3
16,conj_uni,463,24,2,-22,359,23.5,3
16,conj_uni,463,11,2,-92,-187,25.02,3
16,conj_uni,463,8,2,-319,55,26.25,3
16,conj_uni,464,10,1,-205,184,1.62,4
16,conj_uni,464,42,1,-232,55,2.55,4
16,conj_uni,464,7,1,-327,56,3.25,4
16,conj_uni,464,3,1,-40,87,4.11,4
16,conj_uni,464,6,1,72,165,4.71,4
16,conj_uni,464,16,1,107,212,5.13,4
16,conj_uni,464,35,1,215,300,5.68,4
16,conj_uni,464,46,1,290,-2,6.3,4
16,conj_uni,464,12,1,247,-116,7.24,4
16,conj_uni,464,1,1,-92,-208,8.95,4
16,conj_uni,464,44,1,-28,-222,9.77,4
16,conj_uni,464,2,1,-47,-375,10.72,4
16,conj_uni,464,31,2,-12,-332,11.43,4
16,conj_uni,464,40,2,-30,-279,12.02,4
16,conj_uni,464,17,2,-328,-232,12.99,4
16,conj_uni,464,15,2,-159,-30,13.74,4
16,conj_uni,464,13,2,139,-114,15.05,4
16,conj_uni,464,26,2,347,-120,15.7,4
16,conj_uni,464,28,2,340,-176,16.76,4
16,conj_uni,464,23,2,345,-254,17.39,4
16,conj_uni,464,25,2,304,-294,17.9,4
16,conj_uni,464,30,2,355,281,19.28,4
16,conj_uni,464,24,2,67,252,20.99,4
16,conj_uni,464,4,2,-198,100,21.99,4
16,conj_uni,465,13,1,-201,247,1.47,5
16,conj_uni,465,45,1,-178,197,2.24,5
16,conj_uni,465,40,1,-38,10,3.04,5
16,conj_uni,465,4,1,51,38,3.7,5
16,conj_uni,465,18,1,-11,-167,4.62,5
16,conj_uni,465,35,1,-124,-256,5.64,5
16,conj_uni,465,46,1,-152,-16,6.39,5
16,conj_uni,465,23,1,238,285,8.7,5
16,conj_uni,465,42,1,172,325,9.52,5
16,conj_uni,465,9,1,201,235,10.21,5
16,conj_uni,465,30,1,256,230,10.83,5
16,conj_uni,465,27,1,-260,-362,12.06,5
16,conj_uni,465,28,2,-98,-205,13.54,5
16,conj_uni,465,22,2,-160,-213,14.1,5
16,conj_uni,465,10,2,-185,-163,14.94,5
16,conj_uni,465,14,2,135,-310,16.79,5
16,conj_uni,465,26,2,186,-236,18.31,5
16,conj_uni,465,11,2,152,-53,18.94,5
16,conj_uni,465,36,2,47,-210,19.86,5
16,conj_uni,465,7,2,-268,-306,20.92,5
16,conj_uni,465,43,2,-94,188,22.58,5
16,conj_uni,465,44,2,-242,190,23.18,5
16,conj_uni,465,21,2,157,271,24.23,5
16,conj_uni,465,37,2,-316,168,27.93,5
16,feat_grid,466,36,1,-312,213,2.74,1
16,feat_grid,466,43,2,-327,313,3.73,1
16,feat_grid,466,37,1,-202,219,4.75,1
16,feat_grid,466,38,1,-111,188,5.89,1
16,feat_grid,466,31,2,-105,122,6.47,1
16,feat_grid,466,30,2,-214,120,7.22,1
16,feat_grid,466,47,2,110,309,7.99,1
16,feat_grid,466,48,2,209,335,8.72,1
16,feat_grid,466,41,1,226,212,9.66,1
16,feat_grid,466,40,1,106,217,10.23,1
16,feat_grid,466,35,2,307,117,11.1,1
16,feat_grid,466,27,2,226,15,11.79,1
16,feat_grid,466,28,2,326,-9,12.43,1
16,feat_grid,466,25,2,10,4,13.22,1
16,feat_grid,466,18,2,-3,-100,14.25,1
16,feat_grid,466,15,1,-327,-83,15.12,1
16,feat_grid,466,8,1,-328,-217,15.94,1
16,feat_grid,466,1,1,-327,-310,16.58,1
16,feat_grid,466,2,2,-214,-323,17.16,1
16,feat_grid,466,10,1,-127,-202,17.86,1
16,feat_grid,466,3,1,-107,-337,18.37,1
16,feat_grid,466,11,1,-2,-232,19.08,1
16,feat_grid,466,4,2,-16,-351,19.89,1
16,feat_grid,466,6,1,207,-320,20.78,1
16,feat_grid,467,18,2,5,-94,2.89,2
16,feat_grid,467,25,2,-7,-20,3.5,2
16,feat_grid,467,32,1,-10,83,4.46,2
16,feat_grid,467,37,2,-215,209,5.75,2
16,feat_grid,467,36,1,-330,218,6.37,2
16,feat_grid,467,29,1,-334,113,7.3,2
16,feat_grid,467,44,1,-213,321,8.41,2
16,feat_grid,467,45,2,-99,340,10.03,2
16,feat_grid,467,46,2,6,319,11.41,2
16,feat_grid,467,48,1,210,338,12.37,2
16,feat_grid,467,41,2,213,225,13.02,2
16,feat_grid,467,49,2,325,317,14,2
16,feat_grid,467,28,1,309,24,15.29,2
16,feat_grid,467,27,1,215,15,15.95,2
16,feat_grid,467,34,1,210,109,16.77,2
16,feat_grid,467,20,2,227,-92,17.96,2
16,feat_grid,467,21,2,327,-95,18.99,2
16,feat_grid,467,13,2,229,-226,19.96,2
16,feat_grid,467,6,2,191,-321,21.99,2
16,feat_grid,467,5,1,102,-320,22.82,2
16,feat_grid,467,12,2,112,-222,23.69,2
16,feat_grid,467,1,1,-330,-326,25.62,2
16,feat_grid,467,9,1,-229,-191,27.28,2
16,feat_grid,467,15,1,-341,-91,28.35,2
16,feat_grid,468,5,2,97,-329,1.31,3
16,feat_grid,468,6,2,221,-320,2,3
16,feat_grid,468,12,2,112,-208,3.19,3
16,feat_grid,468,18,2,2,-123,3.94,3
16,feat_grid,468,9,2,-214,-229,4.94,3
16,feat_grid,468,2,1,-219,-317,5.8,3
16,feat_grid,468,1,1,-308,-330,6.37,3
16,feat_grid,468,16,1,-220,-107,7.06,3
16,feat_grid,468,23,1,-234,10,7.72,3
16,feat_grid,468,22,1,-335,-17,8.3,3
16,feat_grid,468,24,1,-112,9,9.32,3
16,feat_grid,468,25,2,-14,1,10.45,3
16,feat_grid,468,37,2,-226,228,11.41,3
16,feat_grid,468,38,2,-96,219,12.19,3
16,feat_grid,468,45,2,-127,327,12.96,3
16,feat_grid,468,46,1,18,319,13.62,3
16,feat_grid,468,39,1,-3,213,14.17,3
16,feat_grid,468,41,2,209,211,15.21,3
16,feat_grid,468,49,1,318,331,16.44,3
16,feat_grid,468,42,1,314,226,17.22,3
16,feat_grid,468,34,2,222,106,17.93,3
16,feat_grid,468,35,1,318,86,18.61,3
16,feat_grid,468,28,2,315,3,19.14,3
16,feat_grid,468,26,1,114,29,19.88,3
16,feat_grid,469,43,2,-325,312,1.54,4
16,feat_grid,469,44,2,-214,333,2.29,4
16,feat_grid,469,46,1,5,322,2.86,4
16,feat_grid,469,48,2,225,317,3.88,4
16,feat_grid,469,42,2,325,204,4.76,4
16,feat_grid,469,37,1,-212,202,5.63,4
16,feat_grid,469,32,1,13,106,6.47,4
16,feat_grid,469,33,2,101,103,7.23,4
16,feat_grid,469,35,1,302,120,8.1,4
16,feat_grid,469,27,1,222,14,8.85,4
16,feat_grid,469,26,2,118,4,9.49,4
16,feat_grid,469,23,1,-211,2,10.22,4
16,feat_grid,469,18,1,-5,-125,10.99,4
16,feat_grid,469,19,1,131,-119,12.12,4
16,feat_grid,469,20,1,217,-113,12.57,4
16,feat_grid,469,11,2,-12,-216,13.39,4
16,feat_grid,469,12,2,119,-224,14.41,4
16,feat_grid,469,10,1,-111,-205,15.08,4
16,feat_grid,469,9,2,-216,-209,15.65,4
16,feat_grid,469,1,1,-323,-323,16.67,4
16,feat_grid,469,3,2,-113,-319,17.8,4
16,feat_grid,469,4,1,-17,-340,18.57,4
16,feat_grid,469,5,2,111,-327,19.07,4
16,feat_grid,469,6,2,221,-321,19.83,4
16,feat_grid,470,43,2,-318,319,1.12,5
16,feat_grid,470,46,2,15,329,2.07,5
16,feat_grid,470,48,2,218,318,3.5,5
16,feat_grid,470,42,1,322,216,4.03,5
16,feat_grid,470,40,2,100,204,4.75,5
16,feat_grid,470,39,1,-5,217,5.62,5
16,feat_grid,470,36,1,-340,214,6.7,5
16,feat_grid,470,29,1,-327,111,7.27,5
16,feat_grid,470,30,1,-225,95,8.02,5
16,feat_grid,470,31,1,-100,112,8.73,5
16,feat_grid,470,32,2,0,119,9.26,5
16,feat_grid,470,28,2,316,-3,10.29,5
16,feat_grid,470,27,2,204,4,11.19,5
16,feat_grid,470,26,2,114,-10,11.65,5
16,feat_grid,470,33,1,106,113,12.39,5
16,feat_grid,470,17,1,-113,-101,13.43,5
16,feat_grid,470,20,1,219,-111,14.3,5
16,feat_grid,470,14,2,324,-223,15.05,5
16,feat_grid,470,7,1,317,-333,15.71,5
16,feat_grid,470,12,2,110,-217,16.63,5
16,feat_grid,470,5,1,122,-317,17.21,5
16,feat_grid,470,4,2,8,-313,17.88,5
16,feat_grid,470,10,2,-94,-212,18.38,5
16,feat_grid,470,3,1,-105,-344,19.1,5
16,feat_rot,471,43,1,-455,-5,1.22,1
16,feat_rot,471,44,1,-384,78,1.83,1
16,feat_rot,471,46,1,-222,216,2.65,1
16,feat_rot,471,47,1,-160,294,3.42,1
16,feat_rot,471,48,2,-77,389,3.94,1
16,feat_rot,471,41,1,1,313,4.55,1
16,feat_rot,471,40,2,-88,225,5.16,1
16,feat_rot,471,39,1,-156,139,5.9,1
16,feat_rot,471,36,1,-362,-78,6.64,1
16,feat_rot,471,29,2,-311,-135,7.11,1
16,feat_rot,471,32,1,-82,83,7.96,1
16,feat_rot,471,33,2,-6,179,8.47,1
16,feat_rot,471,27,2,151,147,9.01,1
16,feat_rot,471,26,2,95,80,9.52,1
16,feat_rot,471,25,1,-9,1,10.02,1
16,feat_rot,471,23,2,-148,-153,10.66,1
16,feat_rot,471,15,1,-158,-304,11.25,1
16,feat_rot,471,16,2,-100,-231,11.82,1
16,feat_rot,471,9,2,5,-291,12.6,1
16,feat_rot,471,12,1,224,-87,13.36,1
16,feat_rot,471,13,2,293,2,14.18,1
16,feat_rot,471,3,1,140,-307,15.01,1
16,feat_rot,471,2,2,95,-377,15.49,1
16,feat_rot,471,7,2,462,-2,16.64,1
16,feat_rot,472,46,2,-238,228,1.48,2
16,feat_rot,472,47,1,-156,314,2.31,2
16,feat_rot,472,48,2,-70,381,2.88,2
16,feat_rot,472,49,1,-8,457,3.35,2
16,feat_rot,472,40,2,-81,237,4.18,2
16,feat_rot,472,39,2,-165,147,4.79,2
16,feat_rot,472,38,1,-240,62,5.34,2
16,feat_rot,472,37,2,-307,-2,5.79,2
16,feat_rot,472,36,2,-396,-73,6.6,2
16,feat_rot,472,29,2,-307,-152,7.43,2
16,feat_rot,472,31,2,-149,7,8.09,2
16,feat_rot,472,34,1,72,221,9.28,2
16,feat_rot,472,25,2,17,2,10.2,2
16,feat_rot,472,23,2,-163,-150,11.1,2
16,feat_rot,472,22,2,-224,-245,12.02,2
16,feat_rot,472,17,1,-0,-159,12.92,2
16,feat_rot,472,18,1,77,-76,13.74,2
16,feat_rot,472,20,1,219,76,14.57,2
16,feat_rot,472,21,1,303,155,15.03,2
16,feat_rot,472,12,1,215,-83,15.87,2
16,feat_rot,472,10,2,62,-259,16.7,2
16,feat_rot,472,8,1,-80,-373,17.44,2
16,feat_rot,472,2,1,85,-373,17.92,2
16,feat_rot,472,5,1,304,-154,18.63,2
16,feat_rot,473,45,2,-326,157,1.93,3
16,feat_rot,473,46,2,-236,241,2.8,3
16,feat_rot,473,38,1,-231,73,3.41,3
16,feat_rot,473,37,2,-291,-10,3.95,3
16,feat_rot,473,31,1,-145,5,4.55,3
16,feat_rot,473,32,2,-70,54,5.05,3
16,feat_rot,473,33,2,-4,166,5.76,3
16,feat_rot,473,41,1,-5,312,6.23,3
16,feat_rot,473,42,1,77,385,6.76,3
16,feat_rot,473,28,2,235,225,7.57,3
16,feat_rot,473,27,2,165,138,8.39,3
16,feat_rot,473,26,1,67,62,8.91,3
16,feat_rot,473,25,1,-19,-3,9.76,3
16,feat_rot,473,23,1,-164,-147,10.35,3
16,feat_rot,473,15,2,-149,-287,11.36,3
16,feat_rot,473,16,2,-102,-237,11.84,3
16,feat_rot,473,17,1,-20,-143,12.74,3
16,feat_rot,473,19,2,163,2,13.45,3
16,feat_rot,473,20,2,223,87,13.95,3
16,feat_rot,473,14,1,399,74,14.93,3
16,feat_rot,473,12,1,229,-74,15.55,3
16,feat_rot,473,11,1,147,-148,16.5,3
16,feat_rot,473,8,1,-71,-394,17.45,3
16,feat_rot,473,1,2,5,-450,18.12,3
16,feat_rot,474,43,1,-445,-11,5.6,4
16,feat_rot,474,37,1,-302,-2,6.67,4
16,feat_rot,474,38,1,-231,67,7.5,4
16,feat_rot,474,31,1,-138,10,8.2,4
16,feat_rot,474,32,1,-66,78,8.92,4
16,feat_rot,474,40,2,-61,221,10.09,4
16,feat_rot,474,35,1,150,294,11.4,4
16,feat_rot,474,26,2,78,74,12.19,4
16,feat_rot,474,20,2,241,70,12.95,4
16,feat_rot,474,21,2,307,137,13.57,4
16,feat_rot,474,14,1,378,80,14.46,4
16,feat_rot,474,13,1,299,-15,15.16,4
16,feat_rot,474,6,2,378,-74,15.71,4
16,feat_rot,474,5,2,307,-154,16.58,4
16,feat_rot,474,12,2,229,-78,17.36,4
16,feat_rot,474,11,1,149,-146,18.11,4
16,feat_rot,474,3,1,162,-303,19.63,4
16,feat_rot,474,9,2,-11,-302,20.54,4
16,feat_rot,474,2,2,91,-379,21.47,4
16,feat_rot,474,1,2,1,-450,22.22,4
16,feat_rot,474,16,1,-87,-232,22.94,4
16,feat_rot,474,17,1,-7,-141,23.73,4
16,feat_rot,474,15,2,-155,-298,24.6,4
16,feat_rot,474,22,2,-226,-217,25.74,4
16,feat_rot,475,45,1,-315,147,1.3,5
16,feat_rot,475,46,2,-218,217,1.81,5
16,feat_rot,475,49,1,-6,466,2.57,5
16,feat_rot,475,42,1,79,386,3.52,5
16,feat_rot,475,41,1,-29,288,4.27,5
16,feat_rot,475,37,2,-314,31,5.59,5
16,feat_rot,475,31,1,-158,-11,6.5,5
16,feat_rot,475,32,1,-55,78,7.03,5
16,feat_rot,475,26,1,86,62,7.72,5
16,feat_rot,475,25,2,3,-14,8.41,5
16,feat_rot,475,23,2,-146,-158,9.34,5
16,feat_rot,475,15,2,-174,-310,9.91,5
16,feat_rot,475,16,1,-68,-226,10.47,5
16,feat_rot,475,17,1,3,-144,11,5
16,feat_rot,475,18,2,81,-64,11.47,5
16,feat_rot,475,19,2,161,37,12.15,5
16,feat_rot,475,14,2,387,88,12.81,5
16,feat_rot,475,12,2,229,-70,13.95,5
16,feat_rot,475,10,2,72,-219,14.72,5
16,feat_rot,475,9,2,11,-297,15.29,5
16,feat_rot,475,8,1,-80,-385,15.94,5
16,feat_rot,475,4,1,221,-238,16.91,5
16,feat_rot,475,5,2,296,-149,17.37,5
16,feat_rot,475,6,1,392,-72,17.95,5
16,feat_uni,476,8,2,-315,286,1.18,1
16,feat_uni,476,31,2,-243,212,1.97,1
16,feat_uni,476,9,2,-188,210,2.5,1
16,feat_uni,476,10,1,-140,240,3.06,1
16,feat_uni,476,25,1,-76,274,3.59,1
16,feat_uni,476,26,1,9,305,3.97,1
16,feat_uni,476,37,2,44,349,4.52,1
16,feat_uni,476,47,2,-97,150,5.31,1
16,feat_uni,476,7,1,-278,123,5.87,1
16,feat_uni,476,1,1,49,46,6.86,1
16,feat_uni,476,39,1,127,132,7.45,1
16,feat_uni,476,42,2,200,68,8.1,1
16,feat_uni,476,20,2,339,138,8.85,1
16,feat_uni,476,45,1,250,-41,9.47,1
16,feat_uni,476,5,1,224,-150,10.25,1
16,feat_uni,476,14,1,102,-84,11.9,1
16,feat_uni,476,22,2,344,-252,12.73,1
16,feat_uni,476,4,2,287,-345,13.5,1
16,feat_uni,476,3,2,107,-354,14.58,1
16,feat_uni,476,32,1,97,-255,15.58,1
16,feat_uni,476,44,1,15,-169,16.53,1
16,feat_uni,476,23,2,-116,-274,17.49,1
16,feat_uni,476,35,1,-223,-243,18.51,1
16,feat_uni,476,24,2,-278,-196,19.12,1
16,feat_uni,477,29,1,-202,289,1.34,2
16,feat_uni,477,28,2,-117,252,1.95,2
16,feat_uni,477,27,2,-65,276,2.43,2
16,feat_uni,477,20,1,85,256,3.22,2
16,feat_uni,477,32,1,277,289,3.93,2
16,feat_uni,477,13,2,342,261,4.38,2
16,feat_uni,477,19,1,337,145,5.18,2
16,feat_uni,477,44,1,273,94,5.66,2
16,feat_uni,477,33,2,-136,129,6.53,2
16,feat_uni,477,9,2,-179,164,7.07,2
16,feat_uni,477,16,1,-229,93,7.69,2
16,feat_uni,477,15,2,-253,42,8.13,2
16,feat_uni,477,22,2,-288,-31,8.66,2
16,feat_uni,477,42,1,-18,-93,9.59,2
16,feat_uni,477,35,1,-313,-255,10.48,2
16,feat_uni,477,24,2,-299,-347,11.52,2
16,feat_uni,477,2,2,-42,-360,12.19,2
16,feat_uni,477,30,1,4,-287,12.69,2
16,feat_uni,477,25,1,82,-211,13.38,2
16,feat_uni,477,37,2,111,-285,13.78,2
16,feat_uni,477,31,2,157,-251,14.14,2
16,feat_uni,477,17,1,215,-171,14.84,2
16,feat_uni,477,41,1,310,-243,15.71,2
16,feat_uni,477,47,2,365,-245,16.12,2
16,feat_uni,478,26,2,-348,330,1.9,3
16,feat_uni,478,3,1,-302,273,2.36,3
16,feat_uni,478,19,2,-180,307,3.05,3
16,feat_uni,478,35,2,-81,347,3.75,3
16,feat_uni,478,42,1,-69,292,4.22,3
16,feat_uni,478,28,1,49,278,4.81,3
16,feat_uni,478,1,1,113,237,5.51,3
16,feat_uni,478,16,1,-248,137,6.4,3
16,feat_uni,478,6,2,-166,122,8.47,3
16,feat_uni,478,40,2,-119,89,9.14,3
16,feat_uni,478,27,1,-100,-19,9.86,3
16,feat_uni,478,11,2,-45,-9,10.55,3
16,feat_uni,478,10,1,-309,-75,11.72,3
16,feat_uni,478,21,2,-239,-159,12.85,3
16,feat_uni,478,33,1,-350,-219,13.69,3
16,feat_uni,478,2,2,-298,-274,14.36,3
16,feat_uni,478,12,2,-266,-321,15.63,3
16,feat_uni,478,43,1,-50,-270,16.47,3
16,feat_uni,478,31,2,29,-350,17.19,3
16,feat_uni,478,20,1,91,-320,17.67,3
16,feat_uni,478,29,1,290,-102,18.98,3
16,feat_uni,478,32,2,348,78,19.9,3
16,feat_uni,478,18,1,348,134,20.56,3
16,feat_uni,478,37,2,294,201,21.04,3
16,feat_uni,479,2,2,33,-338,1.4,4
16,feat_uni,479,4,2,-88,-257,2.41,4
16,feat_uni,479,16,1,-265,-294,3.96,4
16,feat_uni,479,17,2,21,-265,4.68,4
16,feat_uni,479,31,2,222,-275,5.4,4
16,feat_uni,479,42,1,-42,-216,6.33,4
16,feat_uni,479,43,2,161,-153,6.92,4
16,feat_uni,479,6,1,-196,-153,7.74,4
16,feat_uni,479,27,1,2,-57,8.39,4
16,feat_uni,479,28,2,272,1,9.07,4
16,feat_uni,479,46,1,233,47,9.5,4
16,feat_uni,479,38,1,184,76,10.1,4
16,feat_uni,479,49,2,283,159,10.62,4
16,feat_uni,479,18,1,227,154,11.31,4
16,feat_uni,479,34,1,33,116,12.01,4
16,feat_uni,479,22,2,123,221,13.21,4
16,feat_uni,479,36,1,112,330,14.1,4
16,feat_uni,479,48,2,62,305,14.61,4
16,feat_uni,479,20,2,43,361,15.1,4
16,feat_uni,479,5,2,7,311,15.9,4
16,feat_uni,479,47,1,-152,191,16.62,4
16,feat_uni,479,11,2,-291,147,17.19,4
16,feat_uni,479,13,1,-298,91,17.8,4
16,feat_uni,479,3,1,-331,284,18.4,4
16,feat_uni,480,43,1,-337,152,2.91,5
16,feat_uni,480,31,1,116,254,3.83,5
16,feat_uni,480,3,2,162,291,4.34,5
16,feat_uni,480,40,2,169,234,4.78,5
16,feat_uni,480,39,1,21,181,5.48,5
16,feat_uni,480,10,1,41,127,5.99,5
16,feat_uni,480,38,2,45,-18,6.59,5
16,feat_uni,480,12,2,-163,17,7.35,5
16,feat_uni,480,28,1,189,-13,8.05,5
16,feat_uni,480,34,1,153,-63,8.59,5
16,feat_uni,480,26,1,211,-65,9.04,5
16,feat_uni,480,49,2,334,-3,9.6,5
16,feat_uni,480,7,2,299,-229,10.63,5
16,feat_uni,480,41,2,329,-282,11.17,5
16,feat_uni,480,4,2,222,-230,11.77,5
16,feat_uni,480,23,2,289,-330,12.36,5
16,feat_uni,480,27,1,213,-331,13.16,5
16,feat_uni,480,22,1,71,-314,15.22,5
16,feat_uni,480,20,2,89,-164,15.71,5
16,feat_uni,480,19,1,-105,-216,16.25,5
16,feat_uni,480,37,1,-212,-153,17.12,5
16,feat_uni,480,44,2,-312,-316,18.22,5
16,feat_uni,480,2,2,-340,-107,18.79,5
16,feat_uni,480,16,1,-41,-35,19.98,5
17,conj_grid,481,43,1,-311,324,1.08,1
17,conj_grid,481,36,1,-324,214,1.78,1
17,conj_grid,481,37,1,-205,239,2.51,1
17,conj_grid,481,15,1,-312,-101,3.47,1
17,conj_grid,481,17,1,-113,-121,4.07,1
17,conj_grid,481,19,1,109,-108,4.78,1
17,conj_grid,481,4,1,-5,-312,5.49,1
17,conj_grid,481,6,1,226,-323,6.32,1
17,conj_grid,481,35,1,327,97,7.47,1
17,conj_grid,481,49,1,317,327,10,1
17,conj_grid,481,39,1,-5,208,10.98,1
17,conj_grid,481,33,1,114,107,11.61,1
17,conj_grid,481,38,2,-111,217,12.58,1
17,conj_grid,481,40,2,96,221,13.4,1
17,conj_grid,481,41,2,221,194,14.21,1
17,conj_grid,481,32,2,14,107,14.91,1
17,conj_grid,481,31,2,-120,104,15.49,1
17,conj_grid,481,29,2,-305,120,16.14,1
17,conj_grid,481,22,2,-316,3,16.75,1
17,conj_grid,481,16,2,-209,-104,18.08,1
17,conj_grid,481,3,2,-119,-321,18.86,1
17,conj_grid,481,5,2,112,-326,19.64,1
17,conj_grid,481,14,2,316,-197,20.43,1
17,conj_grid,481,28,2,315,11,21.64,1
17,conj_grid,482,43,1,-322,325,1.36,2
17,conj_grid,482,15,1,-314,-115,2.21,2
17,conj_grid,482,1,1,-334,-315,2.92,2
17,conj_grid,482,10,1,-105,-221,4.48,2
17,conj_grid,482,11,1,-13,-220,5.71,2
17,conj_grid,482,9,1,-192,-213,6.2,2
17,conj_grid,482,4,1,-9,-316,6.89,2
17,conj_grid,482,19,1,90,-103,7.66,2
17,conj_grid,482,25,1,-2,-5,8.33,2
17,conj_grid,482,30,1,-213,118,9.16,2
17,conj_grid,482,34,1,216,106,10.18,2
17,conj_grid,482,28,1,311,-8,10.77,2
17,conj_grid,482,29,2,-323,121,11.94,2
17,conj_grid,482,38,2,-109,208,13.15,2
17,conj_grid,482,46,2,1,313,14.06,2
17,conj_grid,482,41,2,212,220,15.68,2
17,conj_grid,482,49,2,315,323,16.33,2
17,conj_grid,482,26,2,124,-0,18.14,2
17,conj_grid,482,24,2,-124,-3,19.21,2
17,conj_grid,482,8,2,-329,-219,20.38,2
17,conj_grid,482,2,2,-228,-331,21,2
17,conj_grid,482,3,2,-114,-331,21.75,2
17,conj_grid,482,5,2,115,-315,22.5,2
17,conj_grid,482,20,2,229,-119,23.79,2
17,conj_grid,483,36,1,-311,229,0.85,3
17,conj_grid,483,29,1,-328,111,1.6,3
17,conj_grid,483,8,1,-311,-216,2.39,3
17,conj_grid,483,4,1,8,-334,3.27,3
17,conj_grid,483,21,1,306,-109,4.16,3
17,conj_grid,483,28,1,323,-13,4.71,3
17,conj_grid,483,35,1,330,113,5.37,3
17,conj_grid,483,48,1,239,315,6.22,3
17,conj_grid,483,39,1,1,229,7.09,3
17,conj_grid,483,34,1,221,110,7.9,3
17,conj_grid,483,26,1,100,-12,8.44,3
17,conj_grid,483,19,1,122,-94,9.25,3
17,conj_grid,483,13,2,221,-224,10.76,3
17,conj_grid,483,14,2,322,-202,11.78,3
17,conj_grid,483,9,2,-221,-201,12.78,3
17,conj_grid,483,2,2,-217,-314,13.44,3
17,conj_grid,483,15,2,-328,-103,14.97,3
17,conj_grid,483,22,2,-312,-5,15.91,3
17,conj_grid,483,33,2,108,100,16.86,3
17,conj_grid,483,25,2,0,0,17.57,3
17,conj_grid,483,38,2,-121,217,18.15,3
17,conj_grid,483,44,2,-228,319,19.19,3
17,conj_grid,483,47,2,111,341,20.31,3
17,conj_grid,483,40,2,116,220,21.11,3
17,conj_grid,484,46,1,2,323,1,4
17,conj_grid,484,38,1,-105,222,1.75,4
17,conj_grid,484,37,1,-204,216,2.41,4
17,conj_grid,484,36,1,-311,229,2.95,4
17,conj_grid,484,30,1,-205,105,3.56,4
17,conj_grid,484,24,1,-106,-13,4.01,4
17,conj_grid,484,31,1,-101,108,5.14,4
17,conj_grid,484,16,1,-215,-116,6.64,4
17,conj_grid,484,7,1,324,-308,7.53,4
17,conj_grid,484,28,1,316,8,8.91,4
17,conj_grid,484,42,1,337,228,9.66,4
17,conj_grid,484,41,1,212,218,10.29,4
17,conj_grid,484,49,2,319,324,11.06,4
17,conj_grid,484,48,2,220,323,11.76,4
17,conj_grid,484,47,2,126,344,12.38,4
17,conj_grid,484,40,2,98,211,13.06,4
17,conj_grid,484,39,2,15,232,13.54,4
17,conj_grid,484,32,2,-1,120,14.08,4
17,conj_grid,484,34,2,207,105,14.78,4
17,conj_grid,484,44,2,-234,311,15.94,4
17,conj_grid,484,15,2,-338,-111,17.52,4
17,conj_grid,484,2,2,-218,-318,18.13,4
17,conj_grid,484,3,2,-98,-312,18.79,4
17,conj_grid,484,17,2,-100,-121,19.56,4
17,conj_grid,485,29,1,-319,126,1.4,5
17,conj_grid,485,9,1,-237,-206,2.73,5
17,conj_grid,485,10,1,-91,-229,3.5,5
17,conj_grid,485,18,1,9,-109,4.44,5
17,conj_grid,485,13,1,224,-207,5.24,5
17,conj_grid,485,21,1,315,-115,5.79,5
17,conj_grid,485,28,1,321,5,6.35,5
17,conj_grid,485,27,1,228,-1,7.19,5
17,conj_grid,485,34,1,224,125,7.83,5
17,conj_grid,485,33,1,100,100,8.72,5
17,conj_grid,485,39,1,-1,210,9.38,5
17,conj_grid,485,24,1,-100,12,10.1,5
17,conj_grid,485,44,2,-226,315,11.48,5
17,conj_grid,485,47,2,113,326,13.88,5
17,conj_grid,485,49,2,345,322,14.63,5
17,conj_grid,485,30,2,-213,119,16.05,5
17,conj_grid,485,22,2,-321,3,16.87,5
17,conj_grid,485,1,2,-312,-325,17.52,5
17,conj_grid,485,3,2,-113,-315,18.18,5
17,conj_grid,485,4,2,12,-311,18.94,5
17,conj_grid,485,7,2,342,-333,19.8,5
17,conj_grid,485,19,2,94,-106,21,5
17,conj_grid,485,20,2,195,-125,21.65,5
17,conj_grid,485,23,2,-221,13,22.38,5
17,conj_rot,486,47,1,-166,306,0.86,1
17,conj_rot,486,43,1,-472,-11,1.87,1
17,conj_rot,486,22,1,-241,-223,2.88,1
17,conj_rot,486,9,1,-14,-321,4,1
17,conj_rot,486,6,1,380,-71,5.27,1
17,conj_rot,486,13,1,295,-4,5.81,1
17,conj_rot,486,20,1,233,67,6.7,1
17,conj_rot,486,27,1,177,167,7.29,1
17,conj_rot,486,34,1,61,222,7.85,1
17,conj_rot,486,33,1,-2,155,8.33,1
17,conj_rot,486,26,1,66,84,8.86,1
17,conj_rot,486,39,1,-165,158,9.64,1
17,conj_rot,486,48,2,-70,376,13.1,1
17,conj_rot,486,40,2,-82,235,13.92,1
17,conj_rot,486,45,2,-298,132,14.7,1
17,conj_rot,486,44,2,-376,70,15.16,1
17,conj_rot,486,38,2,-226,69,15.92,1
17,conj_rot,486,16,2,-80,-230,16.75,1
17,conj_rot,486,1,2,-4,-461,17.71,1
17,conj_rot,486,3,2,157,-300,18.87,1
17,conj_rot,486,5,2,300,-164,19.84,1
17,conj_rot,486,12,2,235,-71,20.53,1
17,conj_rot,486,11,2,172,-154,20.93,1
17,conj_rot,486,14,2,398,76,21.84,1
17,conj_rot,487,39,1,-180,157,1.01,2
17,conj_rot,487,46,1,-244,252,1.6,2
17,conj_rot,487,32,1,-75,90,2.2,2
17,conj_rot,487,36,1,-381,-55,3.19,2
17,conj_rot,487,23,1,-155,-158,3.91,2
17,conj_rot,487,29,1,-307,-161,4.64,2
17,conj_rot,487,15,1,-148,-314,5.21,2
17,conj_rot,487,17,1,-7,-153,6.03,2
17,conj_rot,487,18,1,71,-70,6.58,2
17,conj_rot,487,3,1,153,-319,7.42,2
17,conj_rot,487,4,1,246,-231,8.11,2
17,conj_rot,487,35,1,150,301,9.05,2
17,conj_rot,487,28,2,230,250,9.82,2
17,conj_rot,487,14,2,382,64,10.65,2
17,conj_rot,487,13,2,285,-15,11.43,2
17,conj_rot,487,41,2,0,308,13.05,2
17,conj_rot,487,34,2,96,233,13.65,2
17,conj_rot,487,48,2,-70,382,14.52,2
17,conj_rot,487,40,2,-75,238,15.35,2
17,conj_rot,487,31,2,-139,-13,16.1,2
17,conj_rot,487,16,2,-83,-229,16.81,2
17,conj_rot,487,9,2,6,-329,17.47,2
17,conj_rot,487,1,2,-2,-448,18.09,2
17,conj_rot,487,2,2,89,-373,19.37,2
17,conj_rot,488,36,1,-401,-63,1.68,3
17,conj_rot,488,37,1,-313,15,2.13,3
17,conj_rot,488,44,1,-380,86,2.58,3
17,conj_rot,488,23,1,-151,-156,3.29,3
17,conj_rot,488,16,1,-81,-226,3.72,3
17,conj_rot,488,9,1,3,-312,4.28,3
17,conj_rot,488,2,1,81,-372,4.72,3
17,conj_rot,488,1,1,-7,-468,5.39,3
17,conj_rot,488,5,1,317,-157,6.74,3
17,conj_rot,488,28,1,222,230,7.87,3
17,conj_rot,488,34,1,72,221,8.45,3
17,conj_rot,488,48,1,-78,381,9.34,3
17,conj_rot,488,49,2,-12,479,10.63,3
17,conj_rot,488,45,2,-327,154,11.78,3
17,conj_rot,488,43,2,-465,-18,12.45,3
17,conj_rot,488,38,2,-213,74,13.8,3
17,conj_rot,488,31,2,-158,-4,15.99,3
17,conj_rot,488,8,2,-95,-379,16.71,3
17,conj_rot,488,3,2,144,-301,17.54,3
17,conj_rot,488,26,2,71,72,18.56,3
17,conj_rot,488,33,2,-3,154,19.3,3
17,conj_rot,488,40,2,-74,229,19.94,3
17,conj_rot,488,27,2,144,136,20.96,3
17,conj_rot,488,21,2,316,151,21.91,3
17,conj_rot,489,45,1,-314,164,1.12,4
17,conj_rot,489,43,1,-466,13,1.7,4
17,conj_rot,489,36,1,-384,-74,2.24,4
17,conj_rot,489,24,1,-76,-82,3.13,4
17,conj_rot,489,9,1,-7,-296,3.87,4
17,conj_rot,489,10,1,86,-223,4.55,4
17,conj_rot,489,5,1,293,-157,5.35,4
17,conj_rot,489,6,1,392,-78,5.93,4
17,conj_rot,489,20,1,223,73,6.65,4
17,conj_rot,489,26,1,81,78,7.19,4
17,conj_rot,489,27,1,159,139,7.67,4
17,conj_rot,489,28,1,216,252,8.87,4
17,conj_rot,489,41,2,-6,298,10.04,4
17,conj_rot,489,40,2,-77,236,10.54,4
17,conj_rot,489,39,2,-170,158,11.22,4
17,conj_rot,489,37,2,-313,-18,11.97,4
17,conj_rot,489,23,2,-152,-147,13.23,4
17,conj_rot,489,30,2,-220,-70,13.76,4
17,conj_rot,489,22,2,-225,-225,14.37,4
17,conj_rot,489,25,2,10,8,15.43,4
17,conj_rot,489,4,2,227,-238,16.93,4
17,conj_rot,489,13,2,293,18,17.65,4
17,conj_rot,489,14,2,369,93,18.49,4
17,conj_rot,489,7,2,457,8,18.99,4
17,conj_rot,490,45,1,-309,136,1.37,5
17,conj_rot,490,44,1,-395,76,2.09,5
17,conj_rot,490,29,1,-289,-166,2.82,5
17,conj_rot,490,15,1,-155,-289,3.53,5
17,conj_rot,490,4,1,248,-227,4.54,5
17,conj_rot,490,5,1,300,-152,5.26,5
17,conj_rot,490,20,1,242,70,6.07,5
17,conj_rot,490,18,1,81,-69,6.85,5
17,conj_rot,490,33,1,14,149,7.61,5
17,conj_rot,490,25,1,-2,-11,8.14,5
17,conj_rot,490,42,1,87,391,8.84,5
17,conj_rot,490,28,1,235,249,9.59,5
17,conj_rot,490,49,2,0,457,10.6,5
17,conj_rot,490,35,2,162,306,11.24,5
17,conj_rot,490,21,2,310,168,11.85,5
17,conj_rot,490,48,2,-63,386,12.56,5
17,conj_rot,490,13,2,309,-7,14.47,5
17,conj_rot,490,19,2,159,-6,15.43,5
17,conj_rot,490,47,2,-145,300,16.4,5
17,conj_rot,490,46,2,-221,232,17.15,5
17,conj_rot,490,43,2,-462,-12,18.19,5
17,conj_rot,490,10,2,89,-224,19.04,5
17,conj_rot,490,3,2,146,-292,20.42,5
17,conj_rot,490,9,2,2,-308,21.32,5
17,conj_uni,491,44,1,-304,64,1.44,1
17,conj_uni,491,13,1,-154,-107,2.28,1
17,conj_uni,491,33,1,-94,-157,2.71,1
17,conj_uni,491,35,1,22,-91,3.5,1
17,conj_uni,491,46,1,99,-322,4.29,1
17,conj_uni,491,10,1,142,-151,5.17,1
17,conj_uni,491,42,1,-66,136,6.01,1
17,conj_uni,491,40,1,-7,337,7.11,1
17,conj_uni,491,21,1,47,352,7.76,1
17,conj_uni,491,41,1,290,87,8.68,1
17,conj_uni,491,15,1,288,-66,9.39,1
17,conj_uni,491,47,2,248,-28,10.69,1
17,conj_uni,491,1,1,-29,93,11.76,1
17,conj_uni,491,48,2,207,-68,12.68,1
17,conj_uni,491,30,2,283,254,13.58,1
17,conj_uni,491,45,2,323,300,14.44,1
17,conj_uni,491,17,2,17,207,15.96,1
17,conj_uni,491,49,2,-208,228,16.71,1
17,conj_uni,491,34,2,-278,114,17.65,1
17,conj_uni,491,31,2,-335,17,18.19,1
17,conj_uni,491,20,2,-355,-325,19.38,1
17,conj_uni,491,27,2,-317,-74,20.38,1
17,conj_uni,491,4,2,-197,-39,21.02,1
17,conj_uni,491,28,2,-113,-67,21.66,1
17,conj_uni,492,17,1,214,331,1.4,2
17,conj_uni,492,37,1,80,100,2.2,2
17,conj_uni,492,38,1,26,116,2.72,2
17,conj_uni,492,5,1,-208,79,4.09,2
17,conj_uni,492,25,1,-156,-5,4.69,2
17,conj_uni,492,12,1,-134,-129,5.38,2
17,conj_uni,492,8,1,-197,-189,6.06,2
17,conj_uni,492,4,1,-251,-205,6.63,2
17,conj_uni,492,41,1,-281,-327,7.25,2
17,conj_uni,492,31,1,193,-172,8.96,2
17,conj_uni,492,29,1,194,-232,9.31,2
17,conj_uni,492,13,1,251,-253,9.87,2
17,conj_uni,492,24,2,358,-260,10.6,2
17,conj_uni,492,30,2,243,-197,11.58,2
17,conj_uni,492,42,2,364,-173,12.41,2
17,conj_uni,492,33,2,189,-59,13.16,2
17,conj_uni,492,10,2,145,-24,13.83,2
17,conj_uni,492,26,2,255,37,14.63,2
17,conj_uni,492,6,2,-80,-116,15.67,2
17,conj_uni,492,46,2,-71,-256,16.42,2
17,conj_uni,492,23,2,-204,-275,17.22,2
17,conj_uni,492,2,2,-289,33,18.08,2
17,conj_uni,492,1,2,-192,249,18.91,2
17,conj_uni,492,47,2,-148,287,19.63,2
17,conj_uni,493,36,1,-230,280,1.16,3
17,conj_uni,493,25,1,-252,177,1.61,3
17,conj_uni,493,4,1,-286,292,2.19,3
17,conj_uni,493,46,1,-57,127,3.3,3
17,conj_uni,493,1,1,-170,-103,4.14,3
17,conj_uni,493,31,1,-143,-239,4.82,3
17,conj_uni,493,49,1,-182,-281,5.3,3
17,conj_uni,493,40,1,52,-183,6.02,3
17,conj_uni,493,45,1,-46,-97,6.74,3
17,conj_uni,493,33,1,-5,-48,7.26,3
17,conj_uni,493,7,1,176,-82,7.79,3
17,conj_uni,493,19,1,213,142,8.74,3
17,conj_uni,493,18,2,195,199,10.64,3
17,conj_uni,493,3,2,191,90,11.2,3
17,conj_uni,493,39,2,267,-17,11.91,3
17,conj_uni,493,38,2,119,34,12.68,3
17,conj_uni,493,22,2,119,-67,14.46,3
17,conj_uni,493,26,2,36,19,15.26,3
17,conj_uni,493,47,2,-6,105,15.86,3
17,conj_uni,493,48,2,-354,233,17.87,3
17,conj_uni,493,32,2,-225,-62,18.83,3
17,conj_uni,493,16,2,-45,-155,19.6,3
17,conj_uni,493,24,2,-98,-120,20.16,3
17,conj_uni,493,34,2,-50,-313,21.02,3
17,conj_uni,494,11,1,97,257,1.62,4
17,conj_uni,494,18,1,121,93,2.08,4
17,conj_uni,494,32,1,305,167,2.88,4
17,conj_uni,494,21,1,330,115,3.3,4
17,conj_uni,494,4,1,151,274,4.09,4
17,conj_uni,494,37,1,31,-31,4.85,4
17,conj_uni,494,42,1,29,-216,5.86,4
17,conj_uni,494,24,1,-224,-244,6.69,4
17,conj_uni,494,7,1,-229,-188,7.1,4
17,conj_uni,494,46,1,-342,-7,7.82,4
17,conj_uni,494,26,1,-235,58,8.48,4
17,conj_uni,494,47,1,-248,-43,9.18,4
17,conj_uni,494,22,2,-370,237,9.96,4
17,conj_uni,494,25,2,-313,237,10.51,4
17,conj_uni,494,33,2,-257,239,11.04,4
17,conj_uni,494,38,2,-244,-99,11.85,4
17,conj_uni,494,48,2,-194,-125,12.48,4
17,conj_uni,494,1,2,-34,-106,13.21,4
17,conj_uni,494,19,2,-31,-50,13.78,4
17,conj_uni,494,16,2,50,-343,14.7,4
17,conj_uni,494,17,2,289,72,16.24,4
17,conj_uni,494,39,2,315,-25,16.8,4
17,conj_uni,494,5,2,114,152,17.72,4
17,conj_uni,494,41,2,13,275,18.41,4
17,conj_uni,495,40,1,-232,78,2.05,5
17,conj_uni,495,12,1,-310,44,2.98,5
17,conj_uni,495,34,1,-249,189,3.97,5
17,conj_uni,495,16,1,22,40,4.75,5
17,conj_uni,495,42,1,80,88,5.27,5
17,conj_uni,495,13,1,-66,-39,5.83,5
17,conj_uni,495,22,1,-202,-92,6.63,5
17,conj_uni,495,20,1,-58,-271,7.73,5
17,conj_uni,495,39,1,-63,-172,8.58,5
17,conj_uni,495,21,1,25,-196,9.31,5
17,conj_uni,495,38,1,133,-352,9.98,5
17,conj_uni,495,37,1,347,-250,11.05,5
17,conj_uni,495,27,2,17,247,13.14,5
17,conj_uni,495,2,2,73,288,13.59,5
17,conj_uni,495,10,2,-257,27,15.15,5
17,conj_uni,495,41,2,-296,-102,15.84,5
17,conj_uni,495,45,2,-151,-43,16.97,5
17,conj_uni,495,47,2,-111,-141,17.94,5
17,conj_uni,495,29,2,-164,-158,18.69,5
17,conj_uni,495,15,2,80,-185,20.36,5
17,conj_uni,495,19,2,-11,-152,21.16,5
17,conj_uni,495,32,2,139,-190,21.81,5
17,conj_uni,495,24,2,193,-213,22.51,5
17,conj_uni,495,49,2,221,-281,23.1,5
17,feat_grid,496,22,2,-323,5,1.65,1
17,feat_grid,496,15,2,-317,-114,2.38,1
17,feat_grid,496,8,2,-322,-217,2.82,1
17,feat_grid,496,5,2,83,-332,3.95,1
17,feat_grid,496,6,2,217,-333,4.73,1
17,feat_grid,496,13,2,226,-218,5.27,1
17,feat_grid,496,21,2,335,-107,6,1
17,feat_grid,496,26,2,114,5,6.8,1
17,feat_grid,496,31,2,-104,99,7.38,1
17,feat_grid,496,39,2,-1,199,8.06,1
17,feat_grid,496,46,2,-2,315,8.43,1
17,feat_grid,496,35,2,319,116,9.47,1
17,feat_grid,496,48,1,211,320,10.15,1
17,feat_grid,496,47,1,120,336,10.71,1
17,feat_grid,496,40,1,105,221,11.5,1
17,feat_grid,496,32,1,-17,115,11.98,1
17,feat_grid,496,20,1,223,-124,12.66,1
17,feat_grid,496,30,1,-209,111,13.73,1
17,feat_grid,496,29,1,-326,111,14.34,1
17,feat_grid,496,37,1,-214,217,14.82,1
17,feat_grid,496,38,1,-103,222,15.98,1
17,feat_grid,496,45,1,-108,310,16.39,1
17,feat_grid,496,44,1,-209,328,16.87,1
17,feat_grid,496,43,1,-326,327,17.27,1
17,feat_grid,497,44,2,-201,324,1.23,2
17,feat_grid,497,37,2,-217,210,1.83,2
17,feat_grid,497,45,1,-109,328,2.49,2
17,feat_grid,497,46,1,3,333,2.94,2
17,feat_grid,497,39,1,1,213,3.44,2
17,feat_grid,497,41,2,204,218,4.22,2
17,feat_grid,497,49,2,316,326,4.85,2
17,feat_grid,497,42,1,307,223,5.32,2
17,feat_grid,497,34,2,226,118,5.78,2
17,feat_grid,497,33,2,110,107,6.24,2
17,feat_grid,497,32,1,0,110,7.09,2
17,feat_grid,497,24,2,-112,2,7.79,2
17,feat_grid,497,15,2,-337,-111,8.75,2
17,feat_grid,497,9,2,-215,-218,9.24,2
17,feat_grid,497,17,2,-119,-97,9.78,2
17,feat_grid,497,8,1,-316,-210,10.35,2
17,feat_grid,497,1,1,-324,-328,10.9,2
17,feat_grid,497,3,1,-105,-317,11.65,2
17,feat_grid,497,12,2,112,-208,12.47,2
17,feat_grid,497,6,2,225,-327,13.2,2
17,feat_grid,497,13,1,211,-222,13.57,2
17,feat_grid,497,19,1,120,-113,14.09,2
17,feat_grid,497,14,1,337,-208,14.78,2
17,feat_grid,497,21,1,319,-96,15.16,2
17,feat_grid,498,29,1,-316,95,1.87,3
17,feat_grid,498,8,1,-312,-224,2.79,3
17,feat_grid,498,1,1,-311,-339,3.18,3
17,feat_grid,498,9,1,-220,-208,3.82,3
17,feat_grid,498,16,1,-221,-94,4.28,3
17,feat_grid,498,3,1,-128,-308,4.89,3
17,feat_grid,498,24,1,-111,-1,5.64,3
17,feat_grid,498,31,1,-109,127,6.1,3
17,feat_grid,498,40,1,109,233,6.68,3
17,feat_grid,498,27,1,201,-0,7.58,3
17,feat_grid,498,6,1,210,-330,8.31,3
17,feat_grid,498,7,1,315,-324,9.06,3
17,feat_grid,498,5,2,99,-325,9.72,3
17,feat_grid,498,17,2,-96,-100,10.49,3
17,feat_grid,498,19,2,120,-109,11.15,3
17,feat_grid,498,20,2,203,-99,11.85,3
17,feat_grid,498,28,2,323,0,12.48,3
17,feat_grid,498,26,2,123,-8,13.31,3
17,feat_grid,498,25,2,-9,15,13.96,3
17,feat_grid,498,37,2,-208,219,14.56,3
17,feat_grid,498,39,2,-5,215,15.92,3
17,feat_grid,498,46,2,-7,311,16.49,3
17,feat_grid,498,42,2,312,229,17.16,3
17,feat_grid,498,49,2,332,343,17.65,3
17,feat_grid,499,43,2,-336,335,1.17,4
17,feat_grid,499,22,2,-328,4,1.77,4
17,feat_grid,499,9,2,-203,-210,2.53,4
17,feat_grid,499,10,2,-109,-221,3,4
17,feat_grid,499,17,2,-105,-110,3.52,4
17,feat_grid,499,30,2,-209,111,4.23,4
17,feat_grid,499,38,2,-105,231,4.81,4
17,feat_grid,499,26,2,105,-8,5.45,4
17,feat_grid,499,19,2,94,-103,6.03,4
17,feat_grid,499,13,2,208,-217,6.7,4
17,feat_grid,499,28,2,317,-15,7.35,4
17,feat_grid,499,34,2,226,125,8.62,4
17,feat_grid,499,27,1,218,3,9.11,4
17,feat_grid,499,11,1,1,-226,9.78,4
17,feat_grid,499,2,1,-193,-328,11.05,4
17,feat_grid,499,1,1,-340,-304,11.74,4
17,feat_grid,499,29,1,-320,108,12.71,4
17,feat_grid,499,45,1,-109,312,13.6,4
17,feat_grid,499,46,1,26,314,14.12,4
17,feat_grid,499,40,1,96,226,14.54,4
17,feat_grid,499,33,1,103,117,15.07,4
17,feat_grid,499,41,1,190,228,15.74,4
17,feat_grid,499,42,1,322,219,16.13,4
17,feat_grid,499,49,1,322,327,16.5,4
17,feat_grid,500,43,2,-320,323,0.99,5
17,feat_grid,500,45,2,-115,319,1.48,5
17,feat_grid,500,46,2,-4,313,2.16,5
17,feat_grid,500,40,2,136,220,2.79,5
17,feat_grid,500,33,2,121,95,3.25,5
17,feat_grid,500,23,2,-199,18,3.92,5
17,feat_grid,500,8,2,-310,-215,4.76,5
17,feat_grid,500,1,2,-330,-324,5.28,5
17,feat_grid,500,11,2,2,-211,6.11,5
17,feat_grid,500,13,2,204,-223,7.04,5
17,feat_grid,500,5,2,100,-319,7.88,5
17,feat_grid,500,21,2,324,-111,8.75,5
17,feat_grid,500,14,1,305,-219,9.19,5
17,feat_grid,500,6,1,214,-331,9.7,5
17,feat_grid,500,4,1,-6,-334,10.5,5
17,feat_grid,500,19,1,85,-114,11.42,5
17,feat_grid,500,17,1,-109,-102,12.4,5
17,feat_grid,500,25,1,-12,-1,12.93,5
17,feat_grid,500,32,1,4,91,13.28,5
17,feat_grid,500,36,1,-319,214,14,5
17,feat_grid,500,35,1,314,107,14.9,5
17,feat_grid,500,34,1,246,96,15.29,5
17,feat_grid,500,42,1,318,222,16.12,5
17,feat_grid,500,48,1,235,327,16.71,5
17,feat_rot,501,15,2,-134,-319,1.28,1
17,feat_rot,501,9,2,-16,-303,1.7,1
17,feat_rot,501,1,2,3,-450,2.23,1
17,feat_rot,501,4,2,229,-241,2.93,1
17,feat_rot,501,12,2,247,-81,3.57,1
17,feat_rot,501,19,2,166,5,4.09,1
17,feat_rot,501,24,2,-67,-67,4.89,1
17,feat_rot,501,33,2,16,153,5.73,1
17,feat_rot,501,45,2,-305,152,6.51,1
17,feat_rot,501,48,2,-74,394,7.47,1
17,feat_rot,501,28,2,204,232,8.24,1
17,feat_rot,501,21,2,312,155,8.81,1
17,feat_rot,501,49,1,-11,456,9.88,1
17,feat_rot,501,42,1,86,395,10.5,1
17,feat_rot,501,34,1,99,229,11.21,1
17,feat_rot,501,40,1,-89,225,12.14,1
17,feat_rot,501,32,1,-71,71,12.67,1
17,feat_rot,501,25,1,-24,0,13.21,1
17,feat_rot,501,38,1,-243,86,13.79,1
17,feat_rot,501,37,1,-308,10,14.28,1
17,feat_rot,501,23,1,-163,-158,14.92,1
17,feat_rot,501,22,1,-223,-233,15.46,1
17,feat_rot,501,3,1,147,-293,16.16,1
17,feat_rot,501,13,1,313,0,17.52,1
17,feat_rot,502,43,2,-469,-10,1.44,2
17,feat_rot,502,45,2,-296,154,2.06,2
17,feat_rot,502,48,2,-93,380,2.97,2
17,feat_rot,502,49,1,-11,480,3.49,2
17,feat_rot,502,41,1,-1,315,4.09,2
17,feat_rot,502,39,1,-155,142,5.65,2
17,feat_rot,502,38,2,-237,87,6.09,2
17,feat_rot,502,37,1,-315,1,6.59,2
17,feat_rot,502,36,1,-367,-65,7.1,2
17,feat_rot,502,29,1,-313,-156,7.72,2
17,feat_rot,502,22,1,-218,-211,8.99,2
17,feat_rot,502,33,1,6,148,9.79,2
17,feat_rot,502,34,2,74,218,10.39,2
17,feat_rot,502,42,2,75,387,11.11,2
17,feat_rot,502,26,1,82,67,11.71,2
17,feat_rot,502,18,2,99,-76,12.31,2
17,feat_rot,502,17,2,19,-147,12.82,2
17,feat_rot,502,10,2,82,-228,13.47,2
17,feat_rot,502,9,1,-2,-307,14.09,2
17,feat_rot,502,11,1,164,-165,14.89,2
17,feat_rot,502,5,1,303,-149,15.5,2
17,feat_rot,502,6,2,373,-83,16.22,2
17,feat_rot,502,20,2,227,87,16.87,2
17,feat_rot,502,21,2,297,142,17.3,2
17,feat_rot,503,43,1,-471,-19,1.41,3
17,feat_rot,503,44,1,-376,67,2.02,3
17,feat_rot,503,36,2,-386,-75,2.48,3
17,feat_rot,503,37,2,-311,-10,2.93,3
17,feat_rot,503,29,1,-305,-137,3.41,3
17,feat_rot,503,23,2,-156,-171,3.98,3
17,feat_rot,503,15,2,-150,-297,4.52,3
17,feat_rot,503,31,1,-157,6,5.44,3
17,feat_rot,503,46,1,-232,224,6.3,3
17,feat_rot,503,32,2,-60,84,6.99,3
17,feat_rot,503,33,2,-2,146,7.56,3
17,feat_rot,503,34,2,89,226,8.12,3
17,feat_rot,503,41,1,3,310,8.8,3
17,feat_rot,503,25,1,12,5,9.77,3
17,feat_rot,503,27,1,170,150,10.46,3
17,feat_rot,503,28,1,234,228,10.86,3
17,feat_rot,503,20,2,235,64,11.6,3
17,feat_rot,503,19,1,157,-1,12.18,3
17,feat_rot,503,12,2,228,-55,12.77,3
17,feat_rot,503,13,1,308,5,13.19,3
17,feat_rot,503,6,1,384,-70,13.93,3
17,feat_rot,503,5,2,302,-158,14.63,3
17,feat_rot,503,11,2,152,-159,15.17,3
17,feat_rot,503,17,2,-3,-170,15.9,3
17,feat_rot,504,37,2,-293,4,1.18,4
17,feat_rot,504,15,2,-164,-305,1.92,4
17,feat_rot,504,8,2,-62,-368,2.6,4
17,feat_rot,504,5,2,305,-138,3.51,4
17,feat_rot,504,6,2,387,-75,3.96,4
17,feat_rot,504,14,2,406,81,4.48,4
17,feat_rot,504,19,2,167,19,5.01,4
17,feat_rot,504,26,2,73,56,5.75,4
17,feat_rot,504,27,2,146,134,6.14,4
17,feat_rot,504,28,2,235,235,6.82,4
17,feat_rot,504,41,2,16,321,7.59,4
17,feat_rot,504,39,2,-150,174,8.61,4
17,feat_rot,504,34,1,86,229,9.44,4
17,feat_rot,504,42,1,99,391,10.11,4
17,feat_rot,504,45,1,-307,144,11.18,4
17,feat_rot,504,36,1,-369,-77,12.14,4
17,feat_rot,504,43,1,-453,1,12.51,4
17,feat_rot,504,29,1,-311,-145,13.02,4
17,feat_rot,504,23,1,-135,-146,13.71,4
17,feat_rot,504,16,1,-60,-228,14.14,4
17,feat_rot,504,9,1,5,-287,14.66,4
17,feat_rot,504,2,1,63,-399,15.22,4
17,feat_rot,504,10,1,88,-219,15.77,4
17,feat_rot,504,25,1,-6,-1,16.43,4
17,feat_rot,505,43,2,-455,-9,1.03,5
17,feat_rot,505,36,2,-384,-92,1.5,5
17,feat_rot,505,30,2,-237,-69,1.99,5
17,feat_rot,505,9,2,-9,-297,2.89,5
17,feat_rot,505,10,2,80,-219,3.45,5
17,feat_rot,505,4,2,233,-217,3.94,5
17,feat_rot,505,26,2,82,74,4.61,5
17,feat_rot,505,27,2,157,143,5.09,5
17,feat_rot,505,20,2,217,70,5.64,5
17,feat_rot,505,39,2,-130,154,6.34,5
17,feat_rot,505,40,2,-92,236,6.92,5
17,feat_rot,505,48,2,-73,383,7.51,5
17,feat_rot,505,41,1,-5,305,10.79,5
17,feat_rot,505,42,1,74,377,11.33,5
17,feat_rot,505,46,1,-228,232,11.96,5
17,feat_rot,505,38,1,-230,78,12.62,5
17,feat_rot,505,32,1,-63,77,13.35,5
17,feat_rot,505,33,1,-2,157,13.7,5
17,feat_rot,505,25,1,11,-17,14.33,5
17,feat_rot,505,21,1,309,156,15.36,5
17,feat_rot,505,13,1,311,18,15.87,5
17,feat_rot,505,5,1,301,-159,16.48,5
17,feat_rot,505,15,1,-145,-302,17.4,5
17,feat_rot,505,8,1,-79,-377,17.83,5
17,feat_uni,506,17,2,-310,301,1.4,1
17,feat_uni,506,49,2,-215,300,2.25,1
17,feat_uni,506,35,2,-141,279,2.75,1
17,feat_uni,506,1,2,-363,-78,3.48,1
17,feat_uni,506,39,2,-307,-73,3.83,1
17,feat_uni,506,46,2,-65,-20,4.6,1
17,feat_uni,506,26,2,23,-309,5.21,1
17,feat_uni,506,8,2,169,-356,5.82,1
17,feat_uni,506,11,2,125,36,6.76,1
17,feat_uni,506,37,2,24,195,7.42,1
17,feat_uni,506,23,2,163,324,8.14,1
17,feat_uni,506,21,2,218,313,8.49,1
17,feat_uni,506,25,1,63,330,9.1,1
17,feat_uni,506,33,1,-27,309,10.44,1
17,feat_uni,506,28,1,-79,225,11.14,1
17,feat_uni,506,32,1,19,99,11.77,1
17,feat_uni,506,3,1,-6,33,12.18,1
17,feat_uni,506,45,1,-236,156,13.07,1
17,feat_uni,506,4,1,-250,255,13.48,1
17,feat_uni,506,34,1,-271,342,14.16,1
17,feat_uni,506,48,1,125,-78,15.47,1
17,feat_uni,506,7,1,181,-67,16.07,1
17,feat_uni,506,13,1,241,-297,16.67,1
17,feat_uni,506,36,1,311,-290,17.1,1
17,feat_uni,507,16,2,-306,283,1.19,2
17,feat_uni,507,22,2,-124,121,2.12,2
17,feat_uni,507,12,2,-97,278,2.63,2
17,feat_uni,507,14,2,-13,270,3.26,2
17,feat_uni,507,43,1,-21,202,3.95,2
17,feat_uni,507,41,1,29,178,4.33,2
17,feat_uni,507,40,1,173,341,4.98,2
17,feat_uni,507,11,2,224,231,5.7,2
17,feat_uni,507,9,1,96,37,6.52,2
17,feat_uni,507,37,2,153,31,7.21,2
17,feat_uni,507,3,1,192,-23,7.72,2
17,feat_uni,507,44,1,299,-51,8.26,2
17,feat_uni,507,30,2,148,-63,8.95,2
17,feat_uni,507,15,1,173,-112,9.3,2
17,feat_uni,507,29,1,80,-53,9.95,2
17,feat_uni,507,10,1,-157,-72,10.74,2
17,feat_uni,507,7,2,-268,-174,11.36,2
17,feat_uni,507,8,2,-180,-195,11.9,2
17,feat_uni,507,18,2,-172,-300,12.72,2
17,feat_uni,507,46,2,-240,-345,13.29,2
17,feat_uni,507,31,1,-118,-353,14.17,2
17,feat_uni,507,21,1,72,-250,14.86,2
17,feat_uni,507,25,2,194,-231,15.36,2
17,feat_uni,507,6,1,236,-270,15.84,2
17,feat_uni,508,27,2,-234,184,1.65,3
17,feat_uni,508,26,2,-58,304,2.51,3
17,feat_uni,508,5,2,283,330,3.38,3
17,feat_uni,508,13,2,329,274,3.75,3
17,feat_uni,508,24,2,272,155,4.26,3
17,feat_uni,508,10,2,328,-26,4.88,3
17,feat_uni,508,16,2,-134,-53,5.81,3
17,feat_uni,508,35,2,-353,-93,6.5,3
17,feat_uni,508,2,2,-315,-290,7.01,3
17,feat_uni,508,38,2,-112,-238,7.8,3
17,feat_uni,508,15,2,-66,-190,8.16,3
17,feat_uni,508,28,2,-40,-240,8.51,3
17,feat_uni,508,4,1,116,-294,9.47,3
17,feat_uni,508,32,1,203,-242,9.89,3
17,feat_uni,508,12,1,236,93,10.78,3
17,feat_uni,508,17,1,171,246,11.35,3
17,feat_uni,508,11,1,-182,210,12.52,3
17,feat_uni,508,6,1,-150,331,13.12,3
17,feat_uni,508,39,1,-217,311,13.82,3
17,feat_uni,508,29,1,-275,311,14.13,3
17,feat_uni,508,25,1,-348,348,14.86,3
17,feat_uni,508,49,1,-297,-103,15.98,3
17,feat_uni,508,20,1,-221,-199,16.47,3
17,feat_uni,508,23,1,-236,-262,17.1,3
17,feat_uni,509,36,2,-180,318,1.77,4
17,feat_uni,509,21,2,-234,106,2.31,4
17,feat_uni,509,3,2,-171,-2,2.77,4
17,feat_uni,509,27,2,-249,-69,3.96,4
17,feat_uni,509,20,2,-171,-132,4.41,4
17,feat_uni,509,18,2,-116,-136,4.85,4
17,feat_uni,509,4,2,-130,-191,5.2,4
17,feat_uni,509,10,2,-176,-258,5.66,4
17,feat_uni,509,19,2,-135,-297,6.09,4
17,feat_uni,509,28,2,110,-319,6.76,4
17,feat_uni,509,39,2,233,-97,7.35,4
17,feat_uni,509,9,2,254,272,8.21,4
17,feat_uni,509,13,1,298,1,9.13,4
17,feat_uni,509,16,1,339,-58,9.72,4
17,feat_uni,509,34,1,288,-85,10.04,4
17,feat_uni,509,38,1,331,-309,10.91,4
17,feat_uni,509,23,1,-75,-199,11.85,4
17,feat_uni,509,24,1,65,-109,12.51,4
17,feat_uni,509,48,1,41,-57,12.85,4
17,feat_uni,509,37,1,-20,68,13.26,4
17,feat_uni,509,47,1,42,345,13.97,4
17,feat_uni,509,1,1,-371,272,15.21,4
17,feat_uni,509,32,1,-314,269,15.64,4
17,feat_uni,509,40,1,-230,-224,16.62,4
17,feat_uni,510,35,1,-249,332,1.28,5
17,feat_uni,510,27,1,-354,77,2.11,5
17,feat_uni,510,9,2,-343,-122,2.59,5
17,feat_uni,510,17,2,-338,-194,3,5
17,feat_uni,510,20,2,-298,-154,3.4,5
17,feat_uni,510,41,2,-102,-271,4.13,5
17,feat_uni,510,5,2,57,-312,4.62,5
17,feat_uni,510,44,2,270,-260,5.8,5
17,feat_uni,510,43,2,187,-68,6.45,5
17,feat_uni,510,33,2,157,56,6.91,5
17,feat_uni,510,22,2,12,68,7.59,5
17,feat_uni,510,40,2,5,268,8.25,5
17,feat_uni,510,49,2,176,272,8.91,5
17,feat_uni,510,42,2,323,173,9.79,5
17,feat_uni,510,15,1,252,-72,10.52,5
17,feat_uni,510,2,1,302,-97,10.85,5
17,feat_uni,510,13,1,357,-69,11.16,5
17,feat_uni,510,46,1,204,-172,11.72,5
17,feat_uni,510,34,1,58,287,12.6,5
17,feat_uni,510,32,1,-70,-6,13.53,5
17,feat_uni,510,19,1,88,-189,14.5,5
17,feat_uni,510,12,1,-161,-139,15.2,5
17,feat_uni,510,21,1,-254,-189,15.63,5
17,feat_uni,510,7,1,-199,-341,16.29,5
18,conj_grid,511,45,1,-111,332,1.59,1
18,conj_grid,511,42,1,329,228,2.89,1
18,conj_grid,511,41,1,224,224,3.25,1
18,conj_grid,511,38,1,-110,211,3.86,1
18,conj_grid,511,32,1,-0,114,4.57,1
18,conj_grid,511,27,1,205,1,5.39,1
18,conj_grid,511,16,1,-216,-95,6.22,1
18,conj_grid,511,15,1,-322,-105,6.91,1
18,conj_grid,511,9,1,-218,-213,7.4,1
18,conj_grid,511,4,1,-3,-323,8.23,1
18,conj_grid,511,6,1,227,-332,8.87,1
18,conj_grid,511,7,1,331,-326,9.25,1
18,conj_grid,511,13,2,205,-214,10.85,1
18,conj_grid,511,21,2,327,-118,11.94,1
18,conj_grid,511,14,2,339,-214,12.27,1
18,conj_grid,511,19,2,103,-100,13.02,1
18,conj_grid,511,26,2,116,-4,13.47,1
18,conj_grid,511,28,2,310,10,14.28,1
18,conj_grid,511,49,2,343,314,15.76,1
18,conj_grid,511,35,2,327,111,16.44,1
18,conj_grid,511,40,2,102,211,17.31,1
18,conj_grid,511,43,2,-332,325,19.11,1
18,conj_grid,511,30,2,-205,106,19.78,1
18,conj_grid,511,23,2,-211,-16,20.37,1
18,conj_grid,512,46,1,-3,316,2.81,2
18,conj_grid,512,30,1,-219,122,4.52,2
18,conj_grid,512,32,1,3,100,5.18,2
18,conj_grid,512,35,1,337,104,5.79,2
18,conj_grid,512,28,1,333,13,6.18,2
18,conj_grid,512,21,1,333,-92,6.72,2
18,conj_grid,512,17,1,-118,-106,7.51,2
18,conj_grid,512,16,1,-229,-105,8.06,2
18,conj_grid,512,15,1,-335,-127,8.6,2
18,conj_grid,512,12,1,94,-238,9.81,2
18,conj_grid,512,5,1,98,-325,10.31,2
18,conj_grid,512,6,1,227,-318,10.86,2
18,conj_grid,512,14,2,330,-217,11.83,2
18,conj_grid,512,7,2,331,-335,12.25,2
18,conj_grid,512,4,2,-12,-324,12.99,2
18,conj_grid,512,10,2,-93,-231,13.55,2
18,conj_grid,512,8,2,-323,-209,14.67,2
18,conj_grid,512,19,2,118,-110,15.55,2
18,conj_grid,512,20,2,187,-95,16.08,2
18,conj_grid,512,26,2,104,-7,16.65,2
18,conj_grid,512,23,2,-220,1,17.23,2
18,conj_grid,512,22,2,-318,9,17.78,2
18,conj_grid,512,29,2,-324,111,18.29,2
18,conj_grid,512,37,2,-217,214,18.99,2
18,conj_grid,513,45,1,-129,314,1.45,3
18,conj_grid,513,49,1,341,332,2.68,3
18,conj_grid,513,37,1,-219,224,3.7,3
18,conj_grid,513,31,1,-99,103,4.31,3
18,conj_grid,513,26,1,98,-16,5.27,3
18,conj_grid,513,24,1,-111,-7,5.79,3
18,conj_grid,513,23,1,-196,-2,6.2,3
18,conj_grid,513,9,1,-196,-232,7.31,3
18,conj_grid,513,2,1,-203,-328,8.07,3
18,conj_grid,513,1,1,-333,-324,8.67,3
18,conj_grid,513,11,1,6,-215,10.27,3
18,conj_grid,513,21,1,317,-106,11.01,3
18,conj_grid,513,14,2,313,-209,11.59,3
18,conj_grid,513,7,2,322,-316,12.5,3
18,conj_grid,513,6,2,220,-317,13.03,3
18,conj_grid,513,3,2,-112,-316,14.07,3
18,conj_grid,513,18,2,20,-114,14.67,3
18,conj_grid,513,17,2,-125,-104,15.25,3
18,conj_grid,513,15,2,-315,-89,15.88,3
18,conj_grid,513,30,2,-228,109,16.56,3
18,conj_grid,513,32,2,3,87,17.25,3
18,conj_grid,513,39,2,2,218,18.06,3
18,conj_grid,513,48,2,224,323,18.95,3
18,conj_grid,513,42,2,330,202,19.77,3
18,conj_grid,514,44,1,-217,332,1.21,4
18,conj_grid,514,45,1,-114,322,1.78,4
18,conj_grid,514,48,2,210,329,3.05,4
18,conj_grid,514,42,1,322,235,4.07,4
18,conj_grid,514,41,1,214,204,4.51,4
18,conj_grid,514,40,2,115,215,5.04,4
18,conj_grid,514,39,1,1,209,5.52,4
18,conj_grid,514,36,2,-330,210,7.52,4
18,conj_grid,514,30,1,-201,115,9.03,4
18,conj_grid,514,33,2,105,105,10.12,4
18,conj_grid,514,34,2,226,115,10.65,4
18,conj_grid,514,27,2,219,2,11.63,4
18,conj_grid,514,26,2,101,0,12.04,4
18,conj_grid,514,24,2,-117,-1,13.17,4
18,conj_grid,514,15,1,-315,-110,14.44,4
18,conj_grid,514,18,1,1,-116,15.35,4
18,conj_grid,514,20,2,223,-110,16.36,4
18,conj_grid,514,21,1,341,-116,16.94,4
18,conj_grid,514,11,2,-8,-205,19.65,4
18,conj_grid,514,9,1,-227,-224,20.35,4
18,conj_grid,514,2,1,-212,-331,21.16,4
18,conj_grid,514,4,1,14,-318,22.38,4
18,conj_grid,514,5,2,104,-313,22.92,4
18,conj_grid,514,6,2,207,-327,23.56,4
18,conj_grid,515,47,1,114,301,2.77,5
18,conj_grid,515,41,1,235,202,3.67,5
18,conj_grid,515,39,1,3,219,4.24,5
18,conj_grid,515,40,1,85,208,4.62,5
18,conj_grid,515,31,1,-113,101,5.96,5
18,conj_grid,515,32,1,13,103,6.43,5
18,conj_grid,515,34,1,225,107,7.05,5
18,conj_grid,515,27,1,228,24,7.41,5
18,conj_grid,515,25,1,8,5,8.04,5
18,conj_grid,515,8,1,-319,-211,9.33,5
18,conj_grid,515,1,1,-318,-330,9.87,5
18,conj_grid,515,3,1,-96,-315,10.63,5
18,conj_grid,515,5,2,111,-334,11.81,5
18,conj_grid,515,6,2,220,-306,12.38,5
18,conj_grid,515,7,2,323,-330,12.87,5
18,conj_grid,515,14,2,338,-212,13.41,5
18,conj_grid,515,19,2,102,-115,14.12,5
18,conj_grid,515,18,2,7,-99,14.95,5
18,conj_grid,515,9,2,-212,-203,16.25,5
18,conj_grid,515,23,2,-218,-30,16.97,5
18,conj_grid,515,26,2,88,8,17.69,5
18,conj_grid,515,33,2,116,99,18.22,5
18,conj_grid,515,38,2,-110,221,19.31,5
18,conj_grid,515,49,2,319,331,20.23,5
18,conj_rot,516,37,1,-297,13,1.47,1
18,conj_rot,516,38,1,-239,85,2.1,1
18,conj_rot,516,49,1,0,466,3.04,1
18,conj_rot,516,35,1,155,305,3.56,1
18,conj_rot,516,33,1,-0,139,4.58,1
18,conj_rot,516,32,1,-64,81,5,1
18,conj_rot,516,31,1,-164,-3,6.07,1
18,conj_rot,516,22,1,-214,-224,7,1
18,conj_rot,516,9,1,30,-308,7.81,1
18,conj_rot,516,8,1,-79,-377,8.31,1
18,conj_rot,516,3,1,150,-329,8.82,1
18,conj_rot,516,1,1,7,-468,9.7,1
18,conj_rot,516,10,2,58,-259,10.43,1
18,conj_rot,516,19,2,151,-11,11.55,1
18,conj_rot,516,11,2,151,-168,12.12,1
18,conj_rot,516,25,2,1,-11,12.93,1
18,conj_rot,516,29,2,-306,-165,13.94,1
18,conj_rot,516,45,2,-312,150,14.98,1
18,conj_rot,516,46,2,-237,228,15.43,1
18,conj_rot,516,41,2,0,303,16.9,1
18,conj_rot,516,42,2,81,395,17.54,1
18,conj_rot,516,21,2,309,167,18.41,1
18,conj_rot,516,13,2,314,11,19.03,1
18,conj_rot,516,7,2,456,0,19.84,1
18,conj_rot,517,44,2,-397,74,2.35,2
18,conj_rot,517,45,1,-301,169,2.78,2
18,conj_rot,517,47,2,-163,301,3.5,2
18,conj_rot,517,48,1,-56,388,4,2
18,conj_rot,517,49,1,-12,468,4.49,2
18,conj_rot,517,40,1,-69,238,5.52,2
18,conj_rot,517,39,2,-164,147,6.04,2
18,conj_rot,517,38,2,-225,99,6.53,2
18,conj_rot,517,37,1,-297,16,7.09,2
18,conj_rot,517,28,1,237,236,10.05,2
18,conj_rot,517,27,2,154,177,10.63,2
18,conj_rot,517,25,1,16,-8,11.64,2
18,conj_rot,517,15,2,-145,-300,13.15,2
18,conj_rot,517,17,1,-4,-153,13.93,2
18,conj_rot,517,20,2,226,62,14.65,2
18,conj_rot,517,13,2,324,-9,15.74,2
18,conj_rot,517,11,1,172,-166,16.66,2
18,conj_rot,517,10,1,92,-223,17.06,2
18,conj_rot,517,8,2,-78,-360,17.98,2
18,conj_rot,517,1,2,-1,-437,18.56,2
18,conj_rot,517,3,2,154,-313,19.27,2
18,conj_rot,517,4,1,229,-226,19.7,2
18,conj_rot,517,6,1,374,-67,20.68,2
18,conj_rot,517,5,2,321,-159,21.08,2
18,conj_rot,518,44,1,-386,71,1.12,3
18,conj_rot,518,40,1,-74,241,2.14,3
18,conj_rot,518,34,1,96,240,2.79,3
18,conj_rot,518,21,1,313,144,3.31,3
18,conj_rot,518,20,1,231,71,3.85,3
18,conj_rot,518,19,1,137,-11,4.28,3
18,conj_rot,518,12,1,232,-90,4.88,3
18,conj_rot,518,11,1,151,-162,5.31,3
18,conj_rot,518,18,1,66,-85,5.71,3
18,conj_rot,518,17,1,-6,-144,6.06,3
18,conj_rot,518,1,1,4,-475,6.77,3
18,conj_rot,518,32,1,-91,58,7.63,3
18,conj_rot,518,43,2,-474,-0,9.35,3
18,conj_rot,518,22,2,-216,-232,10.21,3
18,conj_rot,518,15,2,-139,-307,10.71,3
18,conj_rot,518,9,2,-3,-326,11.42,3
18,conj_rot,518,6,2,364,-69,12.68,3
18,conj_rot,518,3,2,145,-310,13.42,3
18,conj_rot,518,14,2,395,84,14.52,3
18,conj_rot,518,27,2,139,156,15.31,3
18,conj_rot,518,31,2,-157,17,16.35,3
18,conj_rot,518,39,2,-151,148,16.82,3
18,conj_rot,518,48,2,-78,367,17.57,3
18,conj_rot,518,49,2,10,450,18.25,3
18,conj_rot,519,36,1,-377,-73,2.17,4
18,conj_rot,519,8,1,-72,-379,3.02,4
18,conj_rot,519,2,1,75,-383,3.54,4
18,conj_rot,519,4,1,244,-232,4.23,4
18,conj_rot,519,6,1,392,-76,4.89,4
18,conj_rot,519,35,1,138,293,5.77,4
18,conj_rot,519,41,1,-13,317,6.3,4
18,conj_rot,519,39,1,-150,168,6.89,4
18,conj_rot,519,32,1,-73,87,7.32,4
18,conj_rot,519,31,1,-140,0,7.79,4
18,conj_rot,519,16,1,-85,-211,8.47,4
18,conj_rot,519,19,1,167,-6,9.18,4
18,conj_rot,519,18,2,77,-77,10.04,4
18,conj_rot,519,5,2,298,-159,10.75,4
18,conj_rot,519,14,2,373,70,11.77,4
18,conj_rot,519,7,2,482,12,12.36,4
18,conj_rot,519,21,2,307,139,13.03,4
18,conj_rot,519,42,2,72,367,14.12,4
18,conj_rot,519,49,2,-8,462,14.68,4
18,conj_rot,519,48,2,-69,390,15.21,4
18,conj_rot,519,33,2,26,146,16.13,4
18,conj_rot,519,23,2,-157,-153,17.3,4
18,conj_rot,519,22,2,-226,-239,17.97,4
18,conj_rot,519,15,2,-171,-287,18.56,4
18,conj_rot,520,45,1,-297,149,2.64,5
18,conj_rot,520,46,1,-246,231,3.01,5
18,conj_rot,520,49,1,7,476,3.86,5
18,conj_rot,520,35,1,158,325,4.4,5
18,conj_rot,520,7,1,453,-6,4.99,5
18,conj_rot,520,27,1,150,137,5.51,5
18,conj_rot,520,41,1,4,277,5.99,5
18,conj_rot,520,29,1,-311,-157,7.3,5
18,conj_rot,520,15,1,-171,-319,7.95,5
18,conj_rot,520,9,1,-16,-304,8.41,5
18,conj_rot,520,3,1,165,-285,8.91,5
18,conj_rot,520,10,1,94,-229,9.33,5
18,conj_rot,520,1,2,-10,-468,10.5,5
18,conj_rot,520,12,2,222,-82,11.35,5
18,conj_rot,520,14,2,385,63,11.99,5
18,conj_rot,520,28,2,219,237,13.74,5
18,conj_rot,520,34,2,66,240,14.44,5
18,conj_rot,520,48,2,-91,389,15.29,5
18,conj_rot,520,39,2,-163,148,16.14,5
18,conj_rot,520,37,2,-319,-10,16.92,5
18,conj_rot,520,36,2,-385,-60,17.35,5
18,conj_rot,520,30,2,-243,-81,17.9,5
18,conj_rot,520,32,2,-60,89,18.62,5
18,conj_rot,520,19,2,148,16,19.81,5
18,conj_uni,521,2,2,-203,322,1.91,1
18,conj_uni,521,49,2,-201,260,2.33,1
18,conj_uni,521,23,2,149,278,3.58,1
18,conj_uni,521,29,2,303,344,4.81,1
18,conj_uni,521,22,2,224,145,6.64,1
18,conj_uni,521,5,2,-34,37,7.83,1
18,conj_uni,521,27,2,36,15,8.36,1
18,conj_uni,521,3,2,-218,79,9.19,1
18,conj_uni,521,39,2,-122,-131,10.08,1
18,conj_uni,521,12,2,19,-200,10.67,1
18,conj_uni,521,42,2,37,-353,11.5,1
18,conj_uni,521,35,2,338,-158,12.78,1
18,conj_uni,521,17,1,307,-67,13.54,1
18,conj_uni,521,1,1,104,4,14.02,1
18,conj_uni,521,48,1,277,165,14.75,1
18,conj_uni,521,21,1,175,228,15.29,1
18,conj_uni,521,31,1,-76,223,15.78,1
18,conj_uni,521,25,1,-115,184,16.16,1
18,conj_uni,521,18,1,-260,22,16.92,1
18,conj_uni,521,14,1,-273,88,17.46,1
18,conj_uni,521,38,1,-49,-33,18.09,1
18,conj_uni,521,34,1,134,-158,18.9,1
18,conj_uni,521,33,1,-43,-341,19.85,1
18,conj_uni,521,37,1,-163,-242,20.68,1
18,conj_uni,522,38,2,-308,243,1.45,2
18,conj_uni,522,18,1,-323,164,2,2
18,conj_uni,522,21,1,-73,232,3.13,2
18,conj_uni,522,14,2,47,356,3.87,2
18,conj_uni,522,25,1,312,191,4.56,2
18,conj_uni,522,37,1,178,94,5.03,2
18,conj_uni,522,7,2,85,112,5.76,2
18,conj_uni,522,12,2,-87,175,6.42,2
18,conj_uni,522,30,2,-146,118,7.11,2
18,conj_uni,522,33,1,-55,71,7.65,2
18,conj_uni,522,22,1,-115,-3,8.38,2
18,conj_uni,522,5,2,-267,-260,9.97,2
18,conj_uni,522,16,2,-301,-321,10.64,2
18,conj_uni,522,15,1,80,-300,11.66,2
18,conj_uni,522,8,2,201,-297,12.53,2
18,conj_uni,522,24,2,195,-241,12.88,2
18,conj_uni,522,2,1,174,-190,13.35,2
18,conj_uni,522,45,2,155,-137,13.78,2
18,conj_uni,522,26,1,113,-75,14.95,2
18,conj_uni,522,46,1,222,-64,15.49,2
18,conj_uni,522,47,1,331,-37,16.12,2
18,conj_uni,522,36,2,293,-155,17.07,2
18,conj_uni,522,6,2,334,18,18.45,2
18,conj_uni,522,19,1,339,74,18.93,2
18,conj_uni,523,22,1,277,304,2.62,3
18,conj_uni,523,6,1,357,259,3.19,3
18,conj_uni,523,47,1,301,226,3.65,3
18,conj_uni,523,46,1,355,174,4.2,3
18,conj_uni,523,35,1,144,244,4.76,3
18,conj_uni,523,17,1,92,219,5.23,3
18,conj_uni,523,9,1,40,172,5.7,3
18,conj_uni,523,7,1,-57,184,6.25,3
18,conj_uni,523,18,1,9,93,6.78,3
18,conj_uni,523,4,1,-310,-221,8.19,3
18,conj_uni,523,10,1,109,-292,9.11,3
18,conj_uni,523,39,1,324,-212,10.08,3
18,conj_uni,523,38,2,348,-293,10.58,3
18,conj_uni,523,30,2,213,-234,11.09,3
18,conj_uni,523,40,2,87,-348,11.77,3
18,conj_uni,523,5,2,-59,-315,12.44,3
18,conj_uni,523,23,2,-224,-321,13.61,3
18,conj_uni,523,34,2,-354,-350,14.39,3
18,conj_uni,523,11,2,-24,-198,15.28,3
18,conj_uni,523,21,2,129,-80,15.99,3
18,conj_uni,523,1,2,12,-21,16.44,3
18,conj_uni,523,19,2,214,71,17.13,3
18,conj_uni,523,12,2,91,148,17.76,3
18,conj_uni,523,15,2,-94,140,18.4,3
18,conj_uni,524,14,1,-323,144,1.16,4
18,conj_uni,524,49,1,-228,138,1.72,4
18,conj_uni,524,32,1,-179,330,2.58,4
18,conj_uni,524,44,1,-43,352,3.14,4
18,conj_uni,524,28,1,148,260,3.7,4
18,conj_uni,524,35,1,330,-104,4.79,4
18,conj_uni,524,43,1,266,-128,5.46,4
18,conj_uni,524,15,1,258,-294,6.41,4
18,conj_uni,524,21,1,-70,-230,7.14,4
18,conj_uni,524,24,1,-104,-276,7.45,4
18,conj_uni,524,11,1,-249,-214,8.09,4
18,conj_uni,524,39,1,-239,-149,8.43,4
18,conj_uni,524,41,2,-298,-118,9.44,4
18,conj_uni,524,40,2,-343,-86,10.33,4
18,conj_uni,524,18,2,-253,88,11.03,4
18,conj_uni,524,42,2,-308,85,11.51,4
18,conj_uni,524,26,2,-298,228,12.27,4
18,conj_uni,524,33,2,-266,274,13.05,4
18,conj_uni,524,37,2,-124,316,13.71,4
18,conj_uni,524,38,2,91,263,14.6,4
18,conj_uni,524,6,2,355,358,15.24,4
18,conj_uni,524,27,2,328,135,15.86,4
18,conj_uni,524,9,2,179,168,16.64,4
18,conj_uni,524,23,2,91,63,17.47,4
18,conj_uni,525,19,1,-138,226,0.85,5
18,conj_uni,525,24,1,172,334,1.51,5
18,conj_uni,525,10,1,111,234,1.91,5
18,conj_uni,525,32,1,348,-7,2.45,5
18,conj_uni,525,39,1,320,-127,3.09,5
18,conj_uni,525,41,1,150,-280,3.96,5
18,conj_uni,525,47,1,-112,-199,4.67,5
18,conj_uni,525,9,1,-71,-340,5.09,5
18,conj_uni,525,46,1,-218,-50,5.8,5
18,conj_uni,525,8,1,-332,-105,6.36,5
18,conj_uni,525,1,1,-269,44,6.91,5
18,conj_uni,525,27,1,-17,27,7.53,5
18,conj_uni,525,16,2,-232,86,8.29,5
18,conj_uni,525,12,2,-357,2,9.49,5
18,conj_uni,525,36,2,-330,-49,9.83,5
18,conj_uni,525,44,2,-173,-0,10.43,5
18,conj_uni,525,40,2,-152,-52,10.77,5
18,conj_uni,525,35,2,-121,20,11.15,5
18,conj_uni,525,18,2,-243,-100,12.03,5
18,conj_uni,525,3,2,-147,-282,13.04,5
18,conj_uni,525,45,2,61,-309,13.79,5
18,conj_uni,525,7,2,125,-156,14.36,5
18,conj_uni,525,14,2,289,22,15.07,5
18,conj_uni,525,22,2,53,85,16.34,5
18,feat_grid,526,43,2,-323,327,0.83,1
18,feat_grid,526,29,1,-322,102,2.04,1
18,feat_grid,526,37,1,-203,222,2.63,1
18,feat_grid,526,45,1,-101,335,3.27,1
18,feat_grid,526,40,1,99,229,4.1,1
18,feat_grid,526,31,2,-121,106,4.82,1
18,feat_grid,526,30,2,-202,115,5.2,1
18,feat_grid,526,22,2,-325,4,5.76,1
18,feat_grid,526,23,1,-226,12,6.39,1
18,feat_grid,526,15,2,-323,-117,6.99,1
18,feat_grid,526,2,2,-229,-329,7.63,1
18,feat_grid,526,3,1,-100,-302,8.13,1
18,feat_grid,526,18,1,-14,-102,8.58,1
18,feat_grid,526,25,2,-21,10,9.01,1
18,feat_grid,526,33,1,94,103,9.48,1
18,feat_grid,526,41,2,203,220,10.77,1
18,feat_grid,526,35,2,295,114,11.44,1
18,feat_grid,526,28,2,302,-2,11.85,1
18,feat_grid,526,19,2,119,-97,12.57,1
18,feat_grid,526,11,2,10,-216,13.24,1
18,feat_grid,526,4,1,8,-322,13.71,1
18,feat_grid,526,5,1,101,-312,14.24,1
18,feat_grid,526,13,1,206,-196,14.87,1
18,feat_grid,526,21,1,314,-111,15.56,1
18,feat_grid,527,43,2,-323,357,0.9,2
18,feat_grid,527,36,2,-342,206,1.46,2
18,feat_grid,527,45,1,-104,320,2.05,2
18,feat_grid,527,47,1,125,338,2.67,2
18,feat_grid,527,48,2,223,349,2.96,2
18,feat_grid,527,49,2,309,342,3.36,2
18,feat_grid,527,41,1,197,229,4.07,2
18,feat_grid,527,34,2,218,95,4.54,2
18,feat_grid,527,35,2,312,106,5.02,2
18,feat_grid,527,28,2,341,1,6.3,2
18,feat_grid,527,13,1,206,-213,6.9,2
18,feat_grid,527,12,1,119,-212,7.34,2
18,feat_grid,527,19,1,109,-120,7.7,2
18,feat_grid,527,26,1,125,1,8.12,2
18,feat_grid,527,31,2,-98,90,8.69,2
18,feat_grid,527,23,2,-212,-3,9.18,2
18,feat_grid,527,29,2,-323,110,9.76,2
18,feat_grid,527,22,1,-315,11,10.82,2
18,feat_grid,527,16,1,-219,-93,11.34,2
18,feat_grid,527,17,1,-99,-114,11.8,2
18,feat_grid,527,3,1,-121,-318,12.52,2
18,feat_grid,527,2,2,-219,-332,12.95,2
18,feat_grid,527,9,2,-228,-224,13.35,2
18,feat_grid,527,8,1,-321,-211,13.79,2
18,feat_grid,528,36,1,-313,219,1.07,3
18,feat_grid,528,37,2,-205,209,1.59,3
18,feat_grid,528,45,2,-90,331,2.29,3
18,feat_grid,528,46,1,8,339,2.81,3
18,feat_grid,528,48,1,211,343,3.47,3
18,feat_grid,528,47,2,107,317,4.14,3
18,feat_grid,528,41,1,226,228,4.69,3
18,feat_grid,528,42,2,318,205,5.09,3
18,feat_grid,528,49,2,339,322,5.6,3
18,feat_grid,528,28,1,319,-5,6.47,3
18,feat_grid,528,33,1,107,104,7.17,3
18,feat_grid,528,39,1,-19,207,7.74,3
18,feat_grid,528,32,2,7,106,8.16,3
18,feat_grid,528,29,2,-318,103,9.17,3
18,feat_grid,528,22,2,-322,7,9.64,3
18,feat_grid,528,23,1,-207,19,10.09,3
18,feat_grid,528,24,1,-117,17,10.68,3
18,feat_grid,528,19,1,118,-124,11.44,3
18,feat_grid,528,12,2,122,-200,12.53,3
18,feat_grid,528,13,1,209,-222,12.98,3
18,feat_grid,528,6,2,197,-322,13.51,3
18,feat_grid,528,7,1,342,-332,13.93,3
18,feat_grid,528,1,2,-334,-340,14.77,3
18,feat_grid,528,15,2,-320,-121,15.45,3
18,feat_grid,529,37,1,-217,208,1.21,4
18,feat_grid,529,29,2,-331,111,1.59,4
18,feat_grid,529,30,2,-204,102,2.09,4
18,feat_grid,529,31,1,-118,104,2.49,4
18,feat_grid,529,39,2,5,213,3.91,4
18,feat_grid,529,40,1,103,214,4.34,4
18,feat_grid,529,48,2,222,313,4.99,4
18,feat_grid,529,42,1,316,212,6.34,4
18,feat_grid,529,34,1,217,111,6.9,4
18,feat_grid,529,32,2,5,110,7.37,4
18,feat_grid,529,25,2,-3,2,7.84,4
18,feat_grid,529,22,1,-315,16,8.62,4
18,feat_grid,529,1,1,-329,-321,9.51,4
18,feat_grid,529,9,1,-208,-226,10,4
18,feat_grid,529,3,2,-125,-326,11.34,4
18,feat_grid,529,11,1,12,-214,11.93,4
18,feat_grid,529,12,1,110,-225,12.41,4
18,feat_grid,529,5,1,90,-312,12.85,4
18,feat_grid,529,7,1,339,-318,13.76,4
18,feat_grid,529,13,2,212,-211,14.82,4
18,feat_grid,529,21,2,311,-115,15.34,4
18,feat_grid,529,19,2,103,-109,15.86,4
18,feat_grid,529,27,2,219,-8,16.37,4
18,feat_grid,529,28,2,329,-5,16.81,4
18,feat_grid,530,45,1,-119,323,0.92,5
18,feat_grid,530,36,2,-324,225,1.47,5
18,feat_grid,530,38,1,-90,213,2.29,5
18,feat_grid,530,37,1,-210,221,2.83,5
18,feat_grid,530,46,2,-11,320,3.33,5
18,feat_grid,530,39,1,-2,223,3.82,5
18,feat_grid,530,49,2,341,321,5.13,5
18,feat_grid,530,41,1,220,213,5.73,5
18,feat_grid,530,35,2,314,112,6.35,5
18,feat_grid,530,34,2,198,95,7.16,5
18,feat_grid,530,33,2,108,106,7.68,5
18,feat_grid,530,31,2,-117,84,8.21,5
18,feat_grid,530,29,1,-318,112,8.71,5
18,feat_grid,530,22,1,-318,-6,9.2,5
18,feat_grid,530,24,1,-103,5,10.39,5
18,feat_grid,530,26,1,115,-6,11.11,5
18,feat_grid,530,28,2,333,11,11.68,5
18,feat_grid,530,20,2,221,-101,12.4,5
18,feat_grid,530,12,1,117,-215,13,5
18,feat_grid,530,14,2,327,-225,13.67,5
18,feat_grid,530,4,1,9,-317,14.3,5
18,feat_grid,530,9,1,-228,-222,14.95,5
18,feat_grid,530,8,2,-322,-225,15.38,5
18,feat_grid,530,1,2,-321,-333,15.8,5
18,feat_rot,531,37,1,-303,17,1.42,1
18,feat_rot,531,45,2,-305,139,1.73,1
18,feat_rot,531,46,1,-225,227,2.38,1
18,feat_rot,531,47,1,-158,312,3.48,1
18,feat_rot,531,40,1,-79,225,3.93,1
18,feat_rot,531,42,2,63,385,5.36,1
18,feat_rot,531,34,1,74,246,6.31,1
18,feat_rot,531,39,2,-143,152,6.94,1
18,feat_rot,531,27,2,151,149,7.72,1
18,feat_rot,531,28,2,212,231,8.51,1
18,feat_rot,531,25,1,8,6,9.29,1
18,feat_rot,531,19,1,170,-8,9.92,1
18,feat_rot,531,13,1,282,6,10.34,1
18,feat_rot,531,14,2,376,63,10.86,1
18,feat_rot,531,7,2,452,-5,11.51,1
18,feat_rot,531,12,2,246,-78,12.19,1
18,feat_rot,531,4,1,219,-249,12.94,1
18,feat_rot,531,18,1,75,-75,13.56,1
18,feat_rot,531,24,1,-79,-71,14.08,1
18,feat_rot,531,23,2,-146,-168,14.7,1
18,feat_rot,531,15,1,-137,-299,15.32,1
18,feat_rot,531,17,2,1,-159,15.97,1
18,feat_rot,531,10,2,65,-225,16.65,1
18,feat_rot,531,8,2,-62,-365,17.26,1
18,feat_rot,532,36,2,-383,-64,1.37,2
18,feat_rot,532,37,2,-312,17,1.77,2
18,feat_rot,532,44,2,-390,84,2.9,2
18,feat_rot,532,47,2,-165,295,3.57,2
18,feat_rot,532,48,1,-77,375,4.57,2
18,feat_rot,532,40,1,-79,232,5.16,2
18,feat_rot,532,39,1,-159,170,5.6,2
18,feat_rot,532,31,2,-157,-15,6.41,2
18,feat_rot,532,29,1,-308,-149,7.06,2
18,feat_rot,532,15,1,-164,-320,7.74,2
18,feat_rot,532,8,2,-75,-387,8.28,2
18,feat_rot,532,2,1,83,-382,8.78,2
18,feat_rot,532,16,1,-66,-230,9.66,2
18,feat_rot,532,24,1,-65,-80,10.06,2
18,feat_rot,532,11,2,143,-151,10.67,2
18,feat_rot,532,4,2,226,-246,11.45,2
18,feat_rot,532,5,1,309,-138,12.46,2
18,feat_rot,532,6,1,382,-59,13.72,2
18,feat_rot,532,7,1,450,20,14.39,2
18,feat_rot,532,14,2,373,76,15.04,2
18,feat_rot,532,12,2,229,-71,15.72,2
18,feat_rot,532,19,2,162,0,16.3,2
18,feat_rot,532,27,1,162,143,18.55,2
18,feat_rot,532,35,2,159,324,19.88,2
18,feat_rot,533,44,2,-385,81,0.89,3
18,feat_rot,533,43,2,-455,17,1.29,3
18,feat_rot,533,36,2,-381,-75,1.89,3
18,feat_rot,533,37,1,-318,-4,2.29,3
18,feat_rot,533,29,2,-298,-164,2.8,3
18,feat_rot,533,22,2,-235,-236,3.2,3
18,feat_rot,533,15,1,-156,-303,4.28,3
18,feat_rot,533,8,2,-58,-386,5.13,3
18,feat_rot,533,2,2,80,-374,5.87,3
18,feat_rot,533,3,1,137,-313,6.29,3
18,feat_rot,533,9,1,2,-308,6.85,3
18,feat_rot,533,17,1,14,-175,7.46,3
18,feat_rot,533,24,1,-67,-81,8.08,3
18,feat_rot,533,25,1,-7,10,8.58,3
18,feat_rot,533,19,2,166,-4,9.32,3
18,feat_rot,533,12,1,229,-76,9.89,3
18,feat_rot,533,13,2,298,-15,10.76,3
18,feat_rot,533,7,1,465,-7,11.42,3
18,feat_rot,533,21,1,304,153,12.04,3
18,feat_rot,533,27,2,161,146,12.67,3
18,feat_rot,533,34,2,68,221,13.36,3
18,feat_rot,533,41,2,0,320,13.87,3
18,feat_rot,533,49,1,7,452,14.62,3
18,feat_rot,533,39,1,-168,157,15.6,3
18,feat_rot,534,45,1,-296,151,1.19,4
18,feat_rot,534,47,1,-151,314,1.92,4
18,feat_rot,534,28,2,230,244,3.01,4
18,feat_rot,534,21,2,313,145,3.59,4
18,feat_rot,534,6,1,382,-59,4.21,4
18,feat_rot,534,13,1,305,-27,4.89,4
18,feat_rot,534,5,1,323,-158,5.35,4
18,feat_rot,534,20,1,222,84,5.86,4
18,feat_rot,534,19,2,138,-3,6.8,4
18,feat_rot,534,26,2,65,83,7.29,4
18,feat_rot,534,33,1,-3,153,7.69,4
18,feat_rot,534,40,1,-82,229,8.16,4
18,feat_rot,534,25,1,-8,3,8.8,4
18,feat_rot,534,18,1,77,-70,9.23,4
18,feat_rot,534,11,2,153,-165,9.7,4
18,feat_rot,534,3,2,147,-303,10.57,4
18,feat_rot,534,10,1,74,-212,11.02,4
18,feat_rot,534,17,2,9,-158,11.4,4
18,feat_rot,534,24,2,-65,-100,11.87,4
18,feat_rot,534,36,2,-365,-97,12.57,4
18,feat_rot,534,29,1,-315,-159,12.86,4
18,feat_rot,534,22,2,-239,-222,13.38,4
18,feat_rot,534,8,2,-104,-381,14.33,4
18,feat_rot,534,1,2,17,-449,14.97,4
18,feat_rot,535,43,2,-471,-1,1.05,5
18,feat_rot,535,45,1,-306,143,1.72,5
18,feat_rot,535,38,1,-232,72,2.08,5
18,feat_rot,535,39,2,-143,132,2.46,5
18,feat_rot,535,40,1,-79,241,2.96,5
18,feat_rot,535,47,1,-145,318,3.71,5
18,feat_rot,535,49,2,10,458,4.32,5
18,feat_rot,535,41,2,3,298,4.81,5
18,feat_rot,535,35,1,153,316,5.38,5
18,feat_rot,535,20,2,222,84,5.97,5
18,feat_rot,535,33,1,2,142,6.86,5
18,feat_rot,535,26,1,64,73,7.29,5
18,feat_rot,535,25,2,-14,7,8.24,5
18,feat_rot,535,18,1,84,-76,8.84,5
18,feat_rot,535,3,1,153,-311,9.46,5
18,feat_rot,535,4,2,237,-233,10.03,5
18,feat_rot,535,1,1,5,-469,10.73,5
18,feat_rot,535,2,2,92,-385,11.2,5
18,feat_rot,535,8,2,-70,-392,11.69,5
18,feat_rot,535,15,2,-140,-314,12.24,5
18,feat_rot,535,16,1,-78,-239,12.68,5
18,feat_rot,535,22,2,-239,-243,13.36,5
18,feat_rot,535,23,1,-157,-146,13.85,5
18,feat_rot,535,36,2,-378,-96,14.57,5
18,feat_uni,536,18,1,-216,245,0.83,1
18,feat_uni,536,27,1,-307,105,1.48,1
18,feat_uni,536,23,1,-356,75,1.76,1
18,feat_uni,536,48,2,-298,-62,2.35,1
18,feat_uni,536,4,2,-198,-18,2.81,1
18,feat_uni,536,12,1,-175,171,3.35,1
18,feat_uni,536,29,2,-31,250,3.94,1
18,feat_uni,536,17,1,125,205,4.63,1
18,feat_uni,536,19,2,326,215,5.35,1
18,feat_uni,536,37,2,271,74,5.94,1
18,feat_uni,536,8,1,147,-10,6.6,1
18,feat_uni,536,36,1,273,-91,7.44,1
18,feat_uni,536,33,2,257,-178,7.74,1
18,feat_uni,536,5,2,351,-351,8.41,1
18,feat_uni,536,9,2,76,-325,9.17,1
18,feat_uni,536,32,1,9,-190,9.86,1
18,feat_uni,536,13,2,-91,-198,10.28,1
18,feat_uni,536,6,2,-119,-282,10.76,1
18,feat_uni,536,40,2,-86,-327,11.2,1
18,feat_uni,536,25,2,-36,-302,11.52,1
18,feat_uni,536,26,1,-279,-326,12.28,1
18,feat_uni,536,41,1,-323,-203,13.22,1
18,feat_uni,536,11,1,-235,-226,13.63,1
18,feat_uni,536,46,1,-251,-129,14.07,1
18,feat_uni,537,45,2,-237,312,1.48,2
18,feat_uni,537,3,1,-102,238,2.02,2
18,feat_uni,537,28,1,71,330,2.86,2
18,feat_uni,537,44,1,109,281,3.27,2
18,feat_uni,537,39,1,211,334,3.83,2
18,feat_uni,537,27,2,324,163,4.46,2
18,feat_uni,537,4,1,52,60,5.12,2
18,feat_uni,537,1,2,-32,201,5.74,2
18,feat_uni,537,18,2,-148,116,6.28,2
18,feat_uni,537,37,2,-307,-105,7.18,2
18,feat_uni,537,2,1,-160,-87,7.71,2
18,feat_uni,537,6,1,58,-37,8.42,2
18,feat_uni,537,23,2,146,-14,9,2
18,feat_uni,537,36,2,141,-71,9.3,2
18,feat_uni,537,14,2,294,10,10.02,2
18,feat_uni,537,43,1,224,-133,10.6,2
18,feat_uni,537,13,1,-50,-125,11.28,2
18,feat_uni,537,12,1,-66,-186,11.74,2
18,feat_uni,537,48,1,-56,-247,12.39,2
18,feat_uni,537,26,1,-4,-265,12.83,2
18,feat_uni,537,29,2,7,-319,13.22,2
18,feat_uni,537,5,2,-126,-357,13.85,2
18,feat_uni,537,10,2,-179,-337,14.33,2
18,feat_uni,537,40,2,-200,-277,14.66,2
18,feat_uni,538,30,1,-242,327,0.98,3
18,feat_uni,538,14,2,-323,178,1.46,3
18,feat_uni,538,27,2,-190,243,1.99,3
18,feat_uni,538,45,2,-83,341,2.74,3
18,feat_uni,538,4,1,92,317,3.64,3
18,feat_uni,538,49,1,30,299,3.98,3
18,feat_uni,538,44,2,-130,193,4.53,3
18,feat_uni,538,46,1,-232,75,5.06,3
18,feat_uni,538,1,2,-276,39,5.36,3
18,feat_uni,538,17,2,-140,8,5.98,3
18,feat_uni,538,13,2,-77,25,6.35,3
18,feat_uni,538,33,1,8,-20,6.94,3
18,feat_uni,538,20,1,106,69,7.34,3
18,feat_uni,538,8,2,250,63,7.82,3
18,feat_uni,538,9,2,222,-90,8.41,3
18,feat_uni,538,10,1,292,-203,8.79,3
18,feat_uni,538,40,1,190,-187,9.83,3
18,feat_uni,538,48,1,90,-187,10.51,3
18,feat_uni,538,38,2,-12,-174,11.18,3
18,feat_uni,538,3,1,-26,-228,11.47,3
18,feat_uni,538,36,2,-182,-145,12.19,3
18,feat_uni,538,41,2,-317,-124,12.67,3
18,feat_uni,538,34,1,-288,-332,13.34,3
18,feat_uni,538,5,1,-139,-339,13.95,3
18,feat_uni,539,32,1,-335,304,0.9,4
18,feat_uni,539,41,1,-254,331,1.47,4
18,feat_uni,539,34,2,-241,276,1.87,4
18,feat_uni,539,9,2,-224,223,2.15,4
18,feat_uni,539,2,2,-71,278,2.71,4
18,feat_uni,539,26,1,-48,357,3.01,4
18,feat_uni,539,21,2,25,284,3.55,4
18,feat_uni,539,13,2,82,276,3.99,4
18,feat_uni,539,8,1,134,254,4.29,4
18,feat_uni,539,25,2,157,191,4.85,4
18,feat_uni,539,16,1,-250,142,5.72,4
18,feat_uni,539,44,1,-314,78,6.1,4
18,feat_uni,539,49,1,-191,-14,6.68,4
18,feat_uni,539,22,1,-37,-25,7.41,4
18,feat_uni,539,31,1,40,-57,7.85,4
18,feat_uni,539,36,2,160,-60,8.31,4
18,feat_uni,539,17,1,123,-338,9.32,4
18,feat_uni,539,47,2,56,-167,9.82,4
18,feat_uni,539,4,2,-80,-207,10.39,4
18,feat_uni,539,46,2,-71,-262,10.62,4
18,feat_uni,539,1,2,-68,-318,10.96,4
18,feat_uni,539,5,1,-134,-224,11.77,4
18,feat_uni,539,40,1,-251,-209,12.8,4
18,feat_uni,539,42,2,-208,-130,13.21,4
18,feat_uni,540,22,1,-333,356,1.7,5
18,feat_uni,540,16,1,-285,288,2.08,5
18,feat_uni,540,43,1,121,345,3.55,5
18,feat_uni,540,7,1,358,250,4.26,5
18,feat_uni,540,5,2,116,222,5.92,5
18,feat_uni,540,20,2,-45,214,6.58,5
18,feat_uni,540,10,1,-92,119,7.05,5
18,feat_uni,540,48,2,-223,79,7.71,5
18,feat_uni,540,21,2,-190,34,8,5
18,feat_uni,540,37,1,-283,-228,8.85,5
18,feat_uni,540,2,2,-319,-184,9.12,5
18,feat_uni,540,1,1,-224,-234,10.15,5
18,feat_uni,540,13,2,-157,-88,10.88,5
18,feat_uni,540,9,1,-127,-262,11.37,5
18,feat_uni,540,23,1,-92,-306,11.74,5
18,feat_uni,540,46,2,37,-340,12.42,5
18,feat_uni,540,6,1,94,-170,12.84,5
18,feat_uni,540,33,2,257,-293,13.62,5
18,feat_uni,540,42,2,365,-227,14,5
18,feat_uni,540,41,2,343,-175,14.35,5
18,feat_uni,540,30,2,263,-16,14.82,5
18,feat_uni,540,11,2,237,77,15.3,5
18,feat_uni,540,12,1,249,132,16.43,5
18,feat_uni,540,29,1,96,67,16.99,5
19,conj_grid,541,43,2,-318,325,1.51,1
19,conj_grid,541,44,1,-222,329,1.92,1
19,conj_grid,541,45,2,-99,307,2.64,1
19,conj_grid,541,46,1,-14,320,3.14,1
19,conj_grid,541,47,2,94,321,3.6,1
19,conj_grid,541,48,1,209,325,4.48,1
19,conj_grid,541,49,2,312,334,5.01,1
19,conj_grid,541,42,2,316,215,6.43,1
19,conj_grid,541,40,2,125,227,7.86,1
19,conj_grid,541,36,1,-312,230,9.39,1
19,conj_grid,541,33,1,113,98,12.18,1
19,conj_grid,541,27,2,209,-1,14.02,1
19,conj_grid,541,25,2,-3,-4,14.99,1
19,conj_grid,541,23,1,-217,6,15.69,1
19,conj_grid,541,22,1,-311,4,16.2,1
19,conj_grid,541,35,1,299,93,16.93,1
19,conj_grid,541,32,1,2,94,17.68,1
19,conj_grid,541,20,2,215,-94,20.41,1
19,conj_grid,541,14,1,313,-217,21.27,1
19,conj_grid,541,13,2,218,-209,21.78,1
19,conj_grid,541,10,1,-102,-220,22.93,1
19,conj_grid,541,9,1,-236,-216,23.83,1
19,conj_grid,541,8,2,-321,-207,24.35,1
19,conj_grid,541,3,2,-113,-318,25.28,1
19,conj_grid,542,43,2,-319,348,1.79,2
19,conj_grid,542,44,2,-213,340,2.41,2
19,conj_grid,542,45,2,-112,315,3,2
19,conj_grid,542,47,1,97,321,3.73,2
19,conj_grid,542,42,2,323,221,4.69,2
19,conj_grid,542,41,2,212,216,5.36,2
19,conj_grid,542,49,1,346,325,5.98,2
19,conj_grid,542,38,2,-92,217,7.74,2
19,conj_grid,542,31,1,-134,108,11.58,2
19,conj_grid,542,34,1,216,107,13.46,2
19,conj_grid,542,33,1,126,111,13.87,2
19,conj_grid,542,28,2,326,-2,15.1,2
19,conj_grid,542,27,1,215,2,15.72,2
19,conj_grid,542,26,1,88,3,16.84,2
19,conj_grid,542,23,1,-201,-5,17.78,2
19,conj_grid,542,19,1,129,-108,21.03,2
19,conj_grid,542,20,2,224,-109,21.68,2
19,conj_grid,542,13,2,237,-226,22.74,2
19,conj_grid,542,11,2,-2,-208,23.34,2
19,conj_grid,542,8,2,-319,-221,24.18,2
19,conj_grid,542,1,1,-347,-344,24.79,2
19,conj_grid,542,2,1,-215,-316,25.37,2
19,conj_grid,542,4,1,-11,-343,26.01,2
19,conj_grid,542,6,2,236,-315,27.17,2
19,conj_grid,543,36,1,-334,212,2.49,3
19,conj_grid,543,45,2,-111,340,3.4,3
19,conj_grid,543,38,2,-110,199,4.04,3
19,conj_grid,543,46,2,-15,330,4.52,3
19,conj_grid,543,47,2,113,318,5.41,3
19,conj_grid,543,40,2,108,225,5.82,3
19,conj_grid,543,48,2,230,324,6.42,3
19,conj_grid,543,49,1,337,317,6.94,3
19,conj_grid,543,35,1,327,90,8.13,3
19,conj_grid,543,32,2,-27,116,9.44,3
19,conj_grid,543,30,2,-217,111,10.02,3
19,conj_grid,543,23,1,-220,7,11.31,3
19,conj_grid,543,22,1,-336,25,11.71,3
19,conj_grid,543,25,2,4,-1,12.45,3
19,conj_grid,543,26,2,121,-12,13.74,3
19,conj_grid,543,28,1,316,4,14.36,3
19,conj_grid,543,18,2,-4,-120,15.35,3
19,conj_grid,543,8,1,-321,-213,16.56,3
19,conj_grid,543,14,2,311,-224,18.2,3
19,conj_grid,543,13,1,196,-212,19.01,3
19,conj_grid,543,12,1,112,-212,19.33,3
19,conj_grid,543,7,1,321,-321,20.05,3
19,conj_grid,543,4,1,2,-312,20.85,3
19,conj_grid,543,10,1,-114,-221,25.53,3
19,conj_grid,544,44,1,-200,323,1.46,4
19,conj_grid,544,42,2,337,219,4.31,4
19,conj_grid,544,41,1,227,217,5.27,4
19,conj_grid,544,32,1,6,119,8.28,4
19,conj_grid,544,31,2,-110,107,8.9,4
19,conj_grid,544,34,2,218,120,10.47,4
19,conj_grid,544,35,2,317,110,10.92,4
19,conj_grid,544,28,2,309,-8,12.56,4
19,conj_grid,544,26,2,108,0,13.16,4
19,conj_grid,544,24,2,-105,4,14.62,4
19,conj_grid,544,23,2,-210,1,15.16,4
19,conj_grid,544,15,1,-301,-114,16.06,4
19,conj_grid,544,17,1,-108,-100,16.82,4
19,conj_grid,544,18,1,-2,-116,17.36,4
19,conj_grid,544,19,1,99,-109,17.83,4
19,conj_grid,544,21,2,324,-102,19.07,4
19,conj_grid,544,12,1,110,-208,20.15,4
19,conj_grid,544,11,2,-9,-212,20.7,4
19,conj_grid,544,9,2,-221,-224,21.62,4
19,conj_grid,544,2,1,-219,-327,22.83,4
19,conj_grid,544,8,2,-337,-197,23.52,4
19,conj_grid,544,5,1,101,-321,25.05,4
19,conj_grid,544,6,1,214,-330,25.58,4
19,conj_grid,544,46,1,-1,308,27.61,4
19,conj_grid,545,45,1,-83,324,1.59,5
19,conj_grid,545,47,2,109,330,2.21,5
19,conj_grid,545,48,2,204,299,2.79,5
19,conj_grid,545,49,1,317,314,3.35,5
19,conj_grid,545,42,1,341,227,3.79,5
19,conj_grid,545,41,1,234,233,4.3,5
19,conj_grid,545,38,2,-96,210,5.14,5
19,conj_grid,545,39,1,-2,228,6.18,5
19,conj_grid,545,29,2,-316,83,7.37,5
19,conj_grid,545,33,2,86,111,8.32,5
19,conj_grid,545,28,2,329,0,12.54,5
19,conj_grid,545,35,2,312,114,14.3,5
19,conj_grid,545,22,2,-333,10,15.33,5
19,conj_grid,545,15,2,-318,-107,16.56,5
19,conj_grid,545,17,1,-105,-108,17.23,5
19,conj_grid,545,19,1,109,-112,19.35,5
19,conj_grid,545,21,1,328,-128,19.94,5
19,conj_grid,545,11,2,6,-198,22.96,5
19,conj_grid,545,9,2,-219,-213,23.7,5
19,conj_grid,545,10,1,-99,-215,24.48,5
19,conj_grid,545,8,1,-315,-229,25.07,5
19,conj_grid,545,3,2,-107,-328,26,5
19,conj_grid,545,5,1,118,-323,26.88,5
19,conj_grid,545,13,1,217,-223,27.51,5
19,conj_rot,546,49,1,-12,464,2.28,1
19,conj_rot,546,48,2,-103,368,3.72,1
19,conj_rot,546,42,2,83,379,5.39,1
19,conj_rot,546,34,2,69,235,5.94,1
19,conj_rot,546,27,2,167,164,6.7,1
19,conj_rot,546,28,2,234,232,7.05,1
19,conj_rot,546,45,2,-308,171,9.13,1
19,conj_rot,546,44,1,-402,86,10.12,1
19,conj_rot,546,32,2,-75,76,12.13,1
19,conj_rot,546,24,2,-66,-92,14.04,1
19,conj_rot,546,23,2,-148,-141,14.5,1
19,conj_rot,546,16,1,-69,-225,15.36,1
19,conj_rot,546,22,1,-230,-238,16.01,1
19,conj_rot,546,10,1,73,-233,16.75,1
19,conj_rot,546,2,1,79,-374,17.31,1
19,conj_rot,546,8,1,-86,-392,18.07,1
19,conj_rot,546,11,2,156,-158,18.87,1
19,conj_rot,546,18,1,70,-88,19.48,1
19,conj_rot,546,17,1,-1,-123,19.77,1
19,conj_rot,546,25,1,-2,-15,20.27,1
19,conj_rot,546,26,1,70,71,20.88,1
19,conj_rot,546,19,2,162,20,21.79,1
19,conj_rot,546,7,2,466,11,22.75,1
19,conj_rot,546,20,1,242,72,23.64,1
19,conj_rot,547,42,2,80,375,1.61,2
19,conj_rot,547,41,2,4,300,3.05,2
19,conj_rot,547,47,2,-159,316,3.78,2
19,conj_rot,547,21,1,315,151,6.46,2
19,conj_rot,547,20,1,224,77,6.96,2
19,conj_rot,547,7,2,446,22,7.58,2
19,conj_rot,547,19,2,150,-0,9.32,2
19,conj_rot,547,25,2,-6,-1,9.98,2
19,conj_rot,547,38,1,-230,74,10.66,2
19,conj_rot,547,44,1,-379,63,11.49,2
19,conj_rot,547,37,2,-294,-3,12.01,2
19,conj_rot,547,36,2,-375,-74,12.63,2
19,conj_rot,547,31,1,-152,-8,15.01,2
19,conj_rot,547,18,1,82,-68,15.49,2
19,conj_rot,547,12,2,210,-59,16.33,2
19,conj_rot,547,6,1,386,-75,17.06,2
19,conj_rot,547,17,2,1,-130,18.59,2
19,conj_rot,547,5,1,309,-147,19.37,2
19,conj_rot,547,10,1,86,-224,20.28,2
19,conj_rot,547,29,2,-301,-158,20.99,2
19,conj_rot,547,16,1,-70,-224,21.85,2
19,conj_rot,547,15,1,-170,-304,22.46,2
19,conj_rot,547,2,2,76,-387,24.19,2
19,conj_rot,547,1,1,6,-465,25.36,2
19,conj_rot,548,48,2,-84,384,1.08,3
19,conj_rot,548,49,1,-36,471,1.53,3
19,conj_rot,548,42,2,72,390,2.03,3
19,conj_rot,548,41,2,-4,285,2.63,3
19,conj_rot,548,47,2,-172,297,3.32,3
19,conj_rot,548,40,1,-99,230,4.38,3
19,conj_rot,548,34,1,60,227,5.05,3
19,conj_rot,548,35,2,159,304,5.6,3
19,conj_rot,548,33,1,7,169,6.07,3
19,conj_rot,548,46,1,-216,216,7.13,3
19,conj_rot,548,45,1,-300,158,7.64,3
19,conj_rot,548,44,2,-385,81,8.26,3
19,conj_rot,548,7,2,441,-5,10.76,3
19,conj_rot,548,13,2,305,5,11.19,3
19,conj_rot,548,27,2,136,135,12.18,3
19,conj_rot,548,25,1,5,6,13.11,3
19,conj_rot,548,31,2,-147,-8,13.85,3
19,conj_rot,548,29,1,-297,-145,15.2,3
19,conj_rot,548,30,1,-218,-70,15.79,3
19,conj_rot,548,17,1,-3,-138,18.07,3
19,conj_rot,548,12,1,243,-86,18.81,3
19,conj_rot,548,6,1,379,-68,19.57,3
19,conj_rot,548,8,2,-68,-390,22.77,3
19,conj_rot,548,1,2,-15,-458,23.3,3
19,conj_rot,549,48,1,-83,382,1.98,4
19,conj_rot,549,35,2,159,308,3.02,4
19,conj_rot,549,28,1,240,222,3.87,4
19,conj_rot,549,33,1,4,161,4.94,4
19,conj_rot,549,40,2,-69,219,6.11,4
19,conj_rot,549,14,2,379,86,7.52,4
19,conj_rot,549,7,1,446,-3,7.97,4
19,conj_rot,549,13,2,306,3,8.55,4
19,conj_rot,549,26,1,74,77,10.74,4
19,conj_rot,549,25,2,12,-9,11.65,4
19,conj_rot,549,30,2,-215,-86,12.79,4
19,conj_rot,549,37,1,-310,-10,13.19,4
19,conj_rot,549,43,1,-450,-20,13.65,4
19,conj_rot,549,44,2,-387,55,14.01,4
19,conj_rot,549,22,2,-231,-209,14.86,4
19,conj_rot,549,29,2,-317,-154,15.23,4
19,conj_rot,549,24,1,-97,-83,15.91,4
19,conj_rot,549,16,1,-85,-254,16.55,4
19,conj_rot,549,15,1,-136,-309,16.95,4
19,conj_rot,549,2,2,75,-401,17.63,4
19,conj_rot,549,10,2,80,-231,18.26,4
19,conj_rot,549,4,1,243,-213,19.37,4
19,conj_rot,549,5,2,295,-162,19.68,4
19,conj_rot,549,3,1,157,-291,21.05,4
19,conj_rot,550,49,1,15,457,1.27,5
19,conj_rot,550,41,1,-18,290,3.55,5
19,conj_rot,550,40,1,-78,227,3.93,5
19,conj_rot,550,46,2,-216,221,4.46,5
19,conj_rot,550,34,2,78,230,5.53,5
19,conj_rot,550,35,1,162,305,6.12,5
19,conj_rot,550,28,1,213,237,6.37,5
19,conj_rot,550,20,1,226,76,8.53,5
19,conj_rot,550,32,1,-74,88,9.09,5
19,conj_rot,550,39,1,-152,143,9.58,5
19,conj_rot,550,45,1,-304,147,10.05,5
19,conj_rot,550,38,2,-231,82,10.47,5
19,conj_rot,550,30,2,-226,-74,11.92,5
19,conj_rot,550,31,1,-149,1,12.32,5
19,conj_rot,550,13,2,314,7,13.65,5
19,conj_rot,550,7,2,458,-7,14.13,5
19,conj_rot,550,4,1,222,-231,18.26,5
19,conj_rot,550,10,2,71,-217,18.99,5
19,conj_rot,550,22,2,-239,-223,19.97,5
19,conj_rot,550,29,2,-319,-143,20.95,5
19,conj_rot,550,2,2,79,-386,21.94,5
19,conj_rot,550,8,2,-84,-393,22.78,5
19,conj_rot,550,1,2,14,-477,23.42,5
19,conj_rot,550,23,1,-136,-146,24.42,5
19,conj_uni,551,38,2,-315,338,2.45,1
19,conj_uni,551,23,1,-366,315,2.84,1
19,conj_uni,551,18,2,-68,259,5.63,1
19,conj_uni,551,30,1,191,116,6.61,1
19,conj_uni,551,13,1,310,115,6.99,1
19,conj_uni,551,29,2,196,-69,9.63,1
19,conj_uni,551,12,1,329,-75,10.16,1
19,conj_uni,551,8,1,340,-207,11.08,1
19,conj_uni,551,43,2,200,-229,12.65,1
19,conj_uni,551,7,2,50,-268,13.31,1
19,conj_uni,551,16,1,33,-346,13.87,1
19,conj_uni,551,2,1,-92,-353,14.48,1
19,conj_uni,551,39,1,-112,-301,14.86,1
19,conj_uni,551,34,2,-94,-248,15.27,1
19,conj_uni,551,28,2,-215,-218,15.88,1
19,conj_uni,551,41,2,-248,-279,16.72,1
19,conj_uni,551,24,2,-278,-192,17.19,1
19,conj_uni,551,45,1,-347,-295,18.74,1
19,conj_uni,551,48,2,-248,-127,19.34,1
19,conj_uni,551,35,2,-292,-91,19.87,1
19,conj_uni,551,26,2,-217,-81,20.65,1
19,conj_uni,551,9,1,-260,-44,21.02,1
19,conj_uni,551,17,1,118,-165,24.71,1
19,conj_uni,551,31,1,-66,13,25.56,1
19,conj_uni,552,34,2,-332,198,2.09,2
19,conj_uni,552,29,1,-107,133,3.28,2
19,conj_uni,552,40,1,-28,133,3.63,2
19,conj_uni,552,19,1,-48,81,3.99,2
19,conj_uni,552,36,2,-79,34,4.77,2
19,conj_uni,552,21,1,-254,2,5.44,2
19,conj_uni,552,43,2,-113,-191,7.12,2
19,conj_uni,552,39,1,51,-21,8.51,2
19,conj_uni,552,8,1,83,-69,8.77,2
19,conj_uni,552,38,2,51,-114,9.11,2
19,conj_uni,552,25,2,-7,-139,9.43,2
19,conj_uni,552,35,2,-58,-349,11.1,2
19,conj_uni,552,2,2,76,-311,11.64,2
19,conj_uni,552,45,1,21,-272,12.09,2
19,conj_uni,552,4,2,133,-195,12.78,2
19,conj_uni,552,27,1,309,-143,13.72,2
19,conj_uni,552,23,1,359,55,16.37,2
19,conj_uni,552,46,1,291,156,16.93,2
19,conj_uni,552,33,1,311,208,17.29,2
19,conj_uni,552,12,1,258,225,17.75,2
19,conj_uni,552,32,2,234,293,18.19,2
19,conj_uni,552,22,2,103,305,18.81,2
19,conj_uni,552,44,2,-26,254,19.6,2
19,conj_uni,552,7,2,-197,146,22.47,2
19,conj_uni,553,48,2,73,325,1.54,3
19,conj_uni,553,27,1,-153,257,2.79,3
19,conj_uni,553,15,2,-290,219,3.48,3
19,conj_uni,553,17,2,-291,163,4.05,3
19,conj_uni,553,29,2,-238,127,4.48,3
19,conj_uni,553,20,1,-128,142,4.99,3
19,conj_uni,553,46,2,-68,173,5.62,3
19,conj_uni,553,13,1,103,138,7.03,3
19,conj_uni,553,19,2,127,42,7.82,3
19,conj_uni,553,38,1,324,234,9.63,3
19,conj_uni,553,6,1,-313,-70,10.78,3
19,conj_uni,553,30,2,-147,-101,11.28,3
19,conj_uni,553,10,2,-35,-71,11.75,3
19,conj_uni,553,2,2,98,-109,13.58,3
19,conj_uni,553,11,1,60,-67,14.16,3
19,conj_uni,553,1,1,1,-134,14.6,3
19,conj_uni,553,22,1,177,-97,15.1,3
19,conj_uni,553,42,1,210,-169,15.94,3
19,conj_uni,553,37,2,6,-292,17.38,3
19,conj_uni,553,8,2,-35,-331,17.86,3
19,conj_uni,553,9,2,22,-239,18.31,3
19,conj_uni,553,35,1,-123,-269,19.66,3
19,conj_uni,553,39,1,-321,-233,20.65,3
19,conj_uni,553,5,1,-310,-288,20.96,3
19,conj_uni,554,2,2,-272,340,1.89,4
19,conj_uni,554,40,2,-182,291,2.35,4
19,conj_uni,554,31,1,56,290,4.04,4
19,conj_uni,554,5,1,279,304,4.66,4
19,conj_uni,554,41,2,360,207,5.5,4
19,conj_uni,554,3,1,305,218,5.84,4
19,conj_uni,554,8,1,-328,164,8.71,4
19,conj_uni,554,16,1,-322,25,9.87,4
19,conj_uni,554,44,2,-365,60,10.22,4
19,conj_uni,554,17,1,-209,-26,11.2,4
19,conj_uni,554,25,2,-245,16,11.66,4
19,conj_uni,554,46,1,-161,-101,14.17,4
19,conj_uni,554,21,2,-272,-319,15.42,4
19,conj_uni,554,23,2,-89,-247,16,4
19,conj_uni,554,10,2,-105,-96,16.76,4
19,conj_uni,554,15,2,-78,115,17.36,4
19,conj_uni,554,4,2,-3,220,18,4
19,conj_uni,554,18,1,173,2,19.5,4
19,conj_uni,554,35,1,319,-56,21.4,4
19,conj_uni,554,19,2,234,-100,21.85,4
19,conj_uni,554,48,1,-14,-137,24.47,4
19,conj_uni,554,22,1,21,-226,24.89,4
19,conj_uni,554,33,1,158,-343,25.68,4
19,conj_uni,554,42,2,113,-214,26.43,4
19,conj_uni,555,15,1,-67,259,3.67,5
19,conj_uni,555,23,1,-14,143,4.34,5
19,conj_uni,555,30,1,38,121,4.98,5
19,conj_uni,555,41,2,339,337,6.32,5
19,conj_uni,555,46,1,314,229,7.35,5
19,conj_uni,555,29,1,302,105,8.02,5
19,conj_uni,555,33,2,128,-1,13.96,5
19,conj_uni,555,48,2,23,24,14.59,5
19,conj_uni,555,34,1,-136,0,16.41,5
19,conj_uni,555,44,2,-103,111,17.52,5
19,conj_uni,555,19,2,-193,1,18.21,5
19,conj_uni,555,14,1,-286,97,18.91,5
19,conj_uni,555,5,2,-339,29,20.37,5
19,conj_uni,555,25,2,-215,-79,23.1,5
19,conj_uni,555,39,2,-290,-133,23.76,5
19,conj_uni,555,38,1,-159,-171,25.24,5
19,conj_uni,555,20,2,-219,-286,25.88,5
19,conj_uni,555,37,2,-163,-292,26.26,5
19,conj_uni,555,4,1,-182,-347,27.42,5
19,conj_uni,555,18,2,18,-122,28.99,5
19,conj_uni,555,10,1,-26,-19,30.37,5
19,conj_uni,555,17,1,10,-66,30.87,5
19,conj_uni,555,35,1,269,-164,31.74,5
19,conj_uni,555,6,2,338,-256,32.83,5
19,feat_grid,556,43,1,-325,319,1.33,1
19,feat_grid,556,45,1,-96,319,1.83,1
19,feat_grid,556,46,1,-4,322,2.16,1
19,feat_grid,556,47,1,113,335,2.65,1
19,feat_grid,556,48,1,240,315,3.01,1
19,feat_grid,556,49,1,324,310,3.48,1
19,feat_grid,556,42,1,321,229,4.41,1
19,feat_grid,556,41,2,211,214,5.19,1
19,feat_grid,556,38,2,-121,204,6,1
19,feat_grid,556,29,2,-317,100,6.7,1
19,feat_grid,556,23,2,-197,7,7.21,1
19,feat_grid,556,34,1,225,119,7.91,1
19,feat_grid,556,28,2,321,-12,8.74,1
19,feat_grid,556,21,2,337,-94,9.39,1
19,feat_grid,556,20,1,217,-121,10.14,1
19,feat_grid,556,19,2,100,-128,10.68,1
19,feat_grid,556,18,2,14,-99,11.15,1
19,feat_grid,556,11,2,10,-212,11.71,1
19,feat_grid,556,4,2,17,-312,12.16,1
19,feat_grid,556,5,1,122,-312,12.6,1
19,feat_grid,556,12,1,137,-214,12.97,1
19,feat_grid,556,16,1,-207,-107,13.61,1
19,feat_grid,556,8,2,-328,-206,14.21,1
19,feat_grid,556,7,2,327,-311,14.91,1
19,feat_grid,557,43,2,-309,315,1.02,2
19,feat_grid,557,46,2,-15,314,1.59,2
19,feat_grid,557,47,1,116,330,1.82,2
19,feat_grid,557,48,2,217,323,2.24,2
19,feat_grid,557,41,2,227,214,2.65,2
19,feat_grid,557,40,1,109,223,3.03,2
19,feat_grid,557,33,2,108,112,3.35,2
19,feat_grid,557,26,2,128,10,3.65,2
19,feat_grid,557,27,1,228,6,3.98,2
19,feat_grid,557,34,2,217,124,4.29,2
19,feat_grid,557,28,2,312,-1,4.97,2
19,feat_grid,557,32,1,-8,114,5.7,2
19,feat_grid,557,38,1,-109,210,6.42,2
19,feat_grid,557,29,1,-321,132,7.55,2
19,feat_grid,557,23,1,-223,8,8.2,2
19,feat_grid,557,24,2,-124,-2,8.49,2
19,feat_grid,557,15,2,-314,-122,9.19,2
19,feat_grid,557,8,2,-326,-214,9.57,2
19,feat_grid,557,1,1,-330,-311,9.84,2
19,feat_grid,557,9,1,-207,-221,10.45,2
19,feat_grid,557,2,1,-205,-321,10.53,2
19,feat_grid,557,19,1,102,-127,11.93,2
19,feat_grid,557,14,1,305,-222,12.51,2
19,feat_grid,557,7,2,328,-321,13.08,2
19,feat_grid,558,43,2,-330,330,1.23,3
19,feat_grid,558,44,1,-232,336,1.68,3
19,feat_grid,558,36,1,-314,208,2.04,3
19,feat_grid,558,38,2,-116,217,2.56,3
19,feat_grid,558,40,2,112,213,3.2,3
19,feat_grid,558,42,1,301,201,3.78,3
19,feat_grid,558,33,1,111,92,4.43,3
19,feat_grid,558,25,1,-19,5,5.02,3
19,feat_grid,558,31,1,-124,108,5.61,3
19,feat_grid,558,23,1,-228,28,5.97,3
19,feat_grid,558,24,2,-106,-3,6.3,3
19,feat_grid,558,16,1,-202,-119,6.77,3
19,feat_grid,558,9,2,-224,-201,7.15,3
19,feat_grid,558,2,2,-214,-317,7.66,3
19,feat_grid,558,8,2,-327,-228,8.13,3
19,feat_grid,558,3,1,-121,-315,8.6,3
19,feat_grid,558,11,2,-6,-216,9.1,3
19,feat_grid,558,12,2,110,-206,9.79,3
19,feat_grid,558,5,1,136,-324,10.19,3
19,feat_grid,558,13,2,206,-198,10.76,3
19,feat_grid,558,14,2,305,-229,11.15,3
19,feat_grid,558,21,2,327,-106,11.75,3
19,feat_grid,558,28,1,323,-5,12.55,3
19,feat_grid,558,35,1,333,91,12.89,3
19,feat_grid,559,43,1,-340,323,1.23,4
19,feat_grid,559,36,1,-324,208,1.61,4
19,feat_grid,559,37,1,-214,217,2.04,4
19,feat_grid,559,38,1,-99,205,2.46,4
19,feat_grid,559,45,2,-98,333,2.85,4
19,feat_grid,559,46,2,4,319,3.41,4
19,feat_grid,559,39,2,1,198,3.83,4
19,feat_grid,559,41,2,236,229,4.98,4
19,feat_grid,559,48,1,232,319,5.35,4
19,feat_grid,559,34,2,216,107,5.81,4
19,feat_grid,559,35,2,334,106,6.24,4
19,feat_grid,559,27,1,208,6,6.68,4
19,feat_grid,559,26,1,99,-13,7.04,4
19,feat_grid,559,31,2,-98,96,7.76,4
19,feat_grid,559,24,1,-102,-5,8.08,4
19,feat_grid,559,22,1,-332,-3,8.71,4
19,feat_grid,559,17,2,-110,-134,9.2,4
19,feat_grid,559,1,2,-323,-322,10.01,4
19,feat_grid,559,4,1,-4,-321,10.74,4
19,feat_grid,559,5,1,96,-337,11.02,4
19,feat_grid,559,12,1,106,-209,11.45,4
19,feat_grid,559,19,2,114,-113,11.98,4
19,feat_grid,559,21,2,325,-102,12.57,4
19,feat_grid,559,6,2,213,-337,13.07,4
19,feat_grid,560,43,2,-330,327,1.11,5
19,feat_grid,560,37,2,-212,234,1.78,5
19,feat_grid,560,45,1,-117,332,2.25,5
19,feat_grid,560,38,1,-85,213,2.66,5
19,feat_grid,560,39,1,26,228,3.62,5
19,feat_grid,560,46,2,8,330,3.96,5
19,feat_grid,560,47,1,111,327,4.33,5
19,feat_grid,560,48,2,216,320,4.71,5
19,feat_grid,560,30,1,-205,93,5.61,5
19,feat_grid,560,23,1,-227,13,5.92,5
19,feat_grid,560,16,1,-217,-119,6.45,5
19,feat_grid,560,17,2,-106,-115,6.98,5
19,feat_grid,560,24,2,-109,-2,7.34,5
19,feat_grid,560,31,2,-112,123,7.71,5
19,feat_grid,560,32,1,15,114,8.39,5
19,feat_grid,560,26,1,111,-2,9.06,5
19,feat_grid,560,27,1,219,14,9.49,5
19,feat_grid,560,18,1,19,-125,10.15,5
19,feat_grid,560,12,2,105,-192,10.59,5
19,feat_grid,560,20,2,217,-121,10.99,5
19,feat_grid,560,21,2,318,-131,11.33,5
19,feat_grid,560,14,2,319,-223,11.72,5
19,feat_grid,560,10,1,-100,-218,12.47,5
19,feat_grid,560,2,2,-204,-322,12.88,5
19,feat_rot,561,49,1,-5,453,1.05,1
19,feat_rot,561,41,1,-12,318,1.52,1
19,feat_rot,561,46,2,-225,265,2.04,1
19,feat_rot,561,40,1,-72,221,2.44,1
19,feat_rot,561,39,2,-158,133,2.83,1
19,feat_rot,561,33,1,10,157,3.25,1
19,feat_rot,561,38,1,-218,75,4.44,1
19,feat_rot,561,37,1,-307,2,5.08,1
19,feat_rot,561,36,1,-374,-81,5.54,1
19,feat_rot,561,35,2,153,313,7.32,1
19,feat_rot,561,27,1,144,145,7.78,1
19,feat_rot,561,19,2,145,9,9.17,1
19,feat_rot,561,18,2,77,-79,9.54,1
19,feat_rot,561,12,1,229,-77,10.37,1
19,feat_rot,561,4,1,234,-213,10.88,1
19,feat_rot,561,10,1,88,-249,11.41,1
19,feat_rot,561,9,2,1,-304,12.36,1
19,feat_rot,561,23,2,-144,-165,12.85,1
19,feat_rot,561,22,1,-225,-233,14.22,1
19,feat_rot,561,1,2,5,-459,15.23,1
19,feat_rot,561,2,2,93,-386,15.59,1
19,feat_rot,561,3,2,153,-325,15.93,1
19,feat_rot,561,5,2,317,-152,16.54,1
19,feat_rot,561,7,2,449,-4,17.22,1
19,feat_rot,562,46,2,-222,243,2.01,2
19,feat_rot,562,39,1,-143,159,2.41,2
19,feat_rot,562,38,1,-214,70,2.88,2
19,feat_rot,562,44,1,-385,84,3.7,2
19,feat_rot,562,43,1,-453,2,4.31,2
19,feat_rot,562,36,1,-386,-71,4.67,2
19,feat_rot,562,37,2,-296,-1,5.25,2
19,feat_rot,562,30,2,-230,-90,5.54,2
19,feat_rot,562,29,2,-305,-155,5.98,2
19,feat_rot,562,23,2,-153,-131,6.4,2
19,feat_rot,562,16,2,-85,-238,6.82,2
19,feat_rot,562,17,2,13,-164,7.45,2
19,feat_rot,562,10,2,76,-236,7.93,2
19,feat_rot,562,2,2,69,-381,8.49,2
19,feat_rot,562,11,2,154,-148,9.27,2
19,feat_rot,562,4,1,210,-229,9.78,2
19,feat_rot,562,24,1,-78,-73,10.4,2
19,feat_rot,562,32,1,-80,77,11.09,2
19,feat_rot,562,33,1,-4,150,11.63,2
19,feat_rot,562,26,1,82,68,11.99,2
19,feat_rot,562,28,2,250,223,12.69,2
19,feat_rot,562,13,1,310,-7,13.83,2
19,feat_rot,562,14,1,385,69,14.27,2
19,feat_rot,562,7,2,468,1,14.67,2
19,feat_rot,563,49,2,6,462,1.53,3
19,feat_rot,563,42,2,60,402,2.03,3
19,feat_rot,563,35,2,166,301,2.64,3
19,feat_rot,563,40,1,-70,234,3.37,3
19,feat_rot,563,39,1,-156,159,3.86,3
19,feat_rot,563,47,2,-159,307,4.46,3
19,feat_rot,563,45,2,-313,144,5.04,3
19,feat_rot,563,44,2,-376,57,5.45,3
19,feat_rot,563,37,2,-306,3,5.81,3
19,feat_rot,563,43,1,-456,6,6.41,3
19,feat_rot,563,36,1,-381,-63,6.71,3
19,feat_rot,563,29,1,-322,-136,7.18,3
19,feat_rot,563,31,1,-155,-7,7.7,3
19,feat_rot,563,23,1,-149,-159,8.24,3
19,feat_rot,563,17,1,6,-169,8.75,3
19,feat_rot,563,25,1,-2,-1,9.36,3
19,feat_rot,563,9,1,-7,-306,9.93,3
19,feat_rot,563,15,2,-147,-307,10.62,3
19,feat_rot,563,1,1,5,-472,11.25,3
19,feat_rot,563,10,2,77,-242,12.08,3
19,feat_rot,563,11,2,150,-145,12.52,3
19,feat_rot,563,12,1,223,-108,13.2,3
19,feat_rot,563,6,2,377,-88,13.88,3
19,feat_rot,563,14,2,386,92,14.31,3
19,feat_rot,564,42,1,84,390,1.37,4
19,feat_rot,564,48,2,-76,391,1.91,4
19,feat_rot,564,39,1,-157,171,2.88,4
19,feat_rot,564,38,1,-238,75,3.35,4
19,feat_rot,564,44,2,-385,77,3.87,4
19,feat_rot,564,37,2,-316,-6,4.92,4
19,feat_rot,564,32,1,-103,65,5.37,4
19,feat_rot,564,25,2,-4,10,5.84,4
19,feat_rot,564,33,2,-1,137,6.6,4
19,feat_rot,564,19,2,163,-0,7.29,4
19,feat_rot,564,20,2,221,39,7.54,4
19,feat_rot,564,27,1,151,137,8.04,4
19,feat_rot,564,28,2,243,215,8.75,4
19,feat_rot,564,21,1,286,144,9.18,4
19,feat_rot,564,14,1,383,77,9.67,4
19,feat_rot,564,6,2,369,-75,10.27,4
19,feat_rot,564,12,1,224,-65,10.69,4
19,feat_rot,564,18,1,79,-73,11.59,4
19,feat_rot,564,11,1,141,-159,11.99,4
19,feat_rot,564,3,2,155,-298,13.05,4
19,feat_rot,564,16,1,-76,-230,13.75,4
19,feat_rot,564,22,1,-230,-218,14.35,4
19,feat_rot,564,15,2,-164,-301,14.68,4
19,feat_rot,564,1,2,-9,-448,15.77,4
19,feat_rot,565,48,1,-91,389,1.89,5
19,feat_rot,565,42,1,101,365,2.7,5
19,feat_rot,565,40,2,-59,217,3.54,5
19,feat_rot,565,46,1,-219,238,4.22,5
19,feat_rot,565,45,1,-305,152,4.84,5
19,feat_rot,565,39,2,-157,156,5.2,5
19,feat_rot,565,33,2,4,144,5.66,5
19,feat_rot,565,32,2,-58,77,6.08,5
19,feat_rot,565,38,1,-215,63,6.55,5
19,feat_rot,565,37,1,-315,4,7.25,5
19,feat_rot,565,36,1,-391,-87,7.75,5
19,feat_rot,565,29,2,-304,-127,8.65,5
19,feat_rot,565,24,2,-63,-76,9.19,5
19,feat_rot,565,25,1,-7,14,9.69,5
19,feat_rot,565,18,2,68,-64,11.03,5
19,feat_rot,565,11,2,153,-158,11.48,5
19,feat_rot,565,10,2,72,-224,11.95,5
19,feat_rot,565,16,1,-73,-225,12.39,5
19,feat_rot,565,8,1,-84,-385,12.87,5
19,feat_rot,565,2,2,58,-382,13.73,5
19,feat_rot,565,4,2,230,-239,14.25,5
19,feat_rot,565,5,1,303,-140,14.89,5
19,feat_rot,565,6,2,381,-61,15.3,5
19,feat_rot,565,20,1,220,60,15.97,5
19,feat_uni,566,18,1,-247,329,1.36,1
19,feat_uni,566,2,1,-249,235,1.76,1
19,feat_uni,566,29,1,-150,243,2.54,1
19,feat_uni,566,37,2,-133,190,2.8,1
19,feat_uni,566,42,1,-40,256,3.46,1
19,feat_uni,566,33,2,33,174,4.25,1
19,feat_uni,566,49,1,128,197,4.7,1
19,feat_uni,566,21,1,-10,117,5.35,1
19,feat_uni,566,43,1,131,79,5.85,1
19,feat_uni,566,20,1,212,59,6.22,1
19,feat_uni,566,26,2,239,9,6.59,1
19,feat_uni,566,28,2,184,-28,6.92,1
19,feat_uni,566,6,2,219,-139,7.33,1
19,feat_uni,566,34,2,293,-119,7.65,1
19,feat_uni,566,46,1,253,-249,8.39,1
19,feat_uni,566,45,1,207,-218,8.69,1
19,feat_uni,566,17,2,215,-309,9.16,1
19,feat_uni,566,44,2,164,-286,9.5,1
19,feat_uni,566,15,1,109,-297,9.9,1
19,feat_uni,566,22,2,109,-208,10.61,1
19,feat_uni,566,25,2,-59,-118,11.23,1
19,feat_uni,566,11,2,-157,-224,11.86,1
19,feat_uni,566,9,2,-261,-146,12.83,1
19,feat_uni,566,3,1,-312,-292,13.41,1
19,feat_uni,567,32,1,-214,192,1.94,2
19,feat_uni,567,34,2,-15,213,2.52,2
19,feat_uni,567,47,1,27,355,3.12,2
19,feat_uni,567,49,2,185,262,3.65,2
19,feat_uni,567,14,2,288,197,4.06,2
19,feat_uni,567,39,2,251,155,4.31,2
19,feat_uni,567,1,1,-48,117,5.04,2
19,feat_uni,567,11,2,-51,16,5.59,2
19,feat_uni,567,37,1,-233,-106,6.18,2
19,feat_uni,567,40,1,-259,-206,6.7,2
19,feat_uni,567,5,1,-233,-256,7.06,2
19,feat_uni,567,9,1,-356,-303,7.7,2
19,feat_uni,567,20,2,-186,-286,8.61,2
19,feat_uni,567,15,2,-116,-341,9.06,2
19,feat_uni,567,10,1,-42,-155,9.65,2
19,feat_uni,567,46,1,115,-273,10.37,2
19,feat_uni,567,35,1,179,-360,10.77,2
19,feat_uni,567,48,2,247,-242,11.28,2
19,feat_uni,567,7,2,248,-173,11.97,2
19,feat_uni,567,29,2,195,-120,12.45,2
19,feat_uni,567,18,2,139,-112,13.01,2
19,feat_uni,567,42,2,157,-2,13.64,2
19,feat_uni,567,13,1,359,-22,14.35,2
19,feat_uni,567,27,1,338,-344,15.13,2
19,feat_uni,568,9,1,-322,204,1.31,3
19,feat_uni,568,19,1,-121,268,1.81,3
19,feat_uni,568,36,1,-70,244,2.15,3
19,feat_uni,568,26,2,-34,201,2.86,3
19,feat_uni,568,18,1,-59,127,3.6,3
19,feat_uni,568,39,2,-22,83,3.87,3
19,feat_uni,568,12,2,-265,96,4.41,3
19,feat_uni,568,28,1,-337,-209,5.16,3
19,feat_uni,568,5,2,-351,-289,5.66,3
19,feat_uni,568,23,2,-293,-244,6.05,3
19,feat_uni,568,14,1,-193,-351,7.14,3
19,feat_uni,568,34,2,-140,-238,7.64,3
19,feat_uni,568,13,1,47,-344,8.31,3
19,feat_uni,568,6,1,36,-210,8.85,3
19,feat_uni,568,10,1,206,-168,9.44,3
19,feat_uni,568,4,2,247,-246,9.89,3
19,feat_uni,568,49,2,316,-273,10.28,3
19,feat_uni,568,45,1,282,-64,11.27,3
19,feat_uni,568,42,2,131,1,12.05,3
19,feat_uni,568,16,2,134,56,12.48,3
19,feat_uni,568,20,2,303,118,13.16,3
19,feat_uni,568,21,1,61,262,14.04,3
19,feat_uni,568,40,2,203,294,14.68,3
19,feat_uni,568,11,1,355,321,15.39,3
19,feat_uni,569,29,2,-339,333,1.29,4
19,feat_uni,569,34,1,-245,300,2.04,4
19,feat_uni,569,41,2,233,159,3.22,4
19,feat_uni,569,18,2,320,77,3.87,4
19,feat_uni,569,26,1,46,41,4.41,4
19,feat_uni,569,16,1,-4,158,4.98,4
19,feat_uni,569,19,1,-71,97,5.31,4
19,feat_uni,569,27,1,-269,36,5.84,4
19,feat_uni,569,43,2,-264,-123,6.5,4
19,feat_uni,569,8,2,-143,-69,6.92,4
19,feat_uni,569,48,2,-109,-115,7.62,4
19,feat_uni,569,13,2,-77,-69,7.91,4
19,feat_uni,569,33,2,-79,-163,8.34,4
19,feat_uni,569,45,2,-198,-238,8.95,4
19,feat_uni,569,23,1,-288,-274,9.44,4
19,feat_uni,569,1,1,-238,-347,9.87,4
19,feat_uni,569,10,1,-295,-385,10.41,4
19,feat_uni,569,25,1,-343,-351,10.68,4
19,feat_uni,569,38,2,172,-167,11.61,4
19,feat_uni,569,15,2,103,-167,11.87,4
19,feat_uni,569,17,1,141,-215,12.19,4
19,feat_uni,569,11,1,-27,-354,12.73,4
19,feat_uni,569,40,2,272,-366,13.42,4
19,feat_uni,569,42,1,358,-358,13.72,4
19,feat_uni,570,43,1,115,280,1.28,5
19,feat_uni,570,14,1,74,234,1.57,5
19,feat_uni,570,32,2,32,195,1.89,5
19,feat_uni,570,39,2,-76,178,3.3,5
19,feat_uni,570,11,1,194,190,3.86,5
19,feat_uni,570,28,2,312,190,4.34,5
19,feat_uni,570,47,1,-2,15,5.77,5
19,feat_uni,570,20,2,68,-15,6.15,5
19,feat_uni,570,38,1,-90,-38,6.66,5
19,feat_uni,570,46,1,-180,-37,7.05,5
19,feat_uni,570,7,2,-259,-144,7.93,5
19,feat_uni,570,27,2,-194,-149,8.23,5
19,feat_uni,570,3,2,-109,-158,8.75,5
19,feat_uni,570,8,2,-130,-241,9.26,5
19,feat_uni,570,37,1,-288,-313,9.8,5
19,feat_uni,570,1,1,-262,-363,10.04,5
19,feat_uni,570,9,1,33,-191,10.99,5
19,feat_uni,570,19,2,91,-114,11.4,5
19,feat_uni,570,30,1,142,-152,11.69,5
19,feat_uni,570,22,2,134,-268,12.16,5
19,feat_uni,570,45,2,10,-340,12.93,5
19,feat_uni,570,42,1,159,-353,13.85,5
19,feat_uni,570,16,2,248,-195,14.38,5
19,feat_uni,570,15,1,353,-121,14.83,5
20,conj_grid,571,33,2,115,134,0.8,1
20,conj_grid,571,39,2,-7,226,1.31,1
20,conj_grid,571,45,1,-113,325,2.02,1
20,conj_grid,571,44,1,-219,322,2.45,1
20,conj_grid,571,43,1,-325,322,2.85,1
20,conj_grid,571,47,1,108,351,3.78,1
20,conj_grid,571,40,1,118,228,4.33,1
20,conj_grid,571,31,1,-99,111,4.96,1
20,conj_grid,571,37,2,-202,213,5.48,1
20,conj_grid,571,30,2,-222,113,5.98,1
20,conj_grid,571,23,2,-211,9,6.47,1
20,conj_grid,571,22,2,-339,10,6.97,1
20,conj_grid,571,16,2,-237,-96,7.47,1
20,conj_grid,571,2,2,-241,-324,8.39,1
20,conj_grid,571,20,2,209,-118,9.44,1
20,conj_grid,571,28,1,320,-4,10.97,1
20,conj_grid,571,25,1,20,-0,11.61,1
20,conj_grid,571,34,2,215,105,12.37,1
20,conj_grid,571,35,2,333,112,13.18,1
20,conj_grid,571,42,2,315,226,13.85,1
20,conj_grid,571,11,1,18,-226,15.7,1
20,conj_grid,571,15,1,-329,-114,18.59,1
20,conj_grid,571,9,1,-205,-210,19.37,1
20,conj_grid,571,1,1,-335,-336,20.05,1
20,conj_grid,572,46,2,5,330,0.9,2
20,conj_grid,572,41,1,210,208,2.27,2
20,conj_grid,572,38,1,-102,218,3.01,2
20,conj_grid,572,45,1,-114,319,3.45,2
20,conj_grid,572,37,2,-226,215,4.51,2
20,conj_grid,572,44,2,-227,305,4.97,2
20,conj_grid,572,36,1,-332,195,5.52,2
20,conj_grid,572,30,2,-212,96,6.55,2
20,conj_grid,572,31,1,-103,106,7.23,2
20,conj_grid,572,23,1,-226,6,7.9,2
20,conj_grid,572,24,2,-109,17,8.66,2
20,conj_grid,572,25,2,-1,-15,9.28,2
20,conj_grid,572,32,2,-4,82,9.69,2
20,conj_grid,572,40,2,107,216,10.31,2
20,conj_grid,572,26,2,86,13,11.42,2
20,conj_grid,572,19,1,116,-117,12.45,2
20,conj_grid,572,13,1,198,-229,13.18,2
20,conj_grid,572,12,1,112,-235,13.68,2
20,conj_grid,572,21,1,330,-108,14.34,2
20,conj_grid,572,16,1,-202,-96,15.04,2
20,conj_grid,572,15,1,-341,-112,15.54,2
20,conj_grid,572,17,2,-104,-113,16.27,2
20,conj_grid,572,7,2,329,-320,17.44,2
20,conj_grid,572,34,2,226,102,18.49,2
20,conj_grid,573,26,1,93,-4,1.05,3
20,conj_grid,573,11,1,-13,-225,2.03,3
20,conj_grid,573,18,1,-3,-125,2.44,3
20,conj_grid,573,1,1,-315,-328,3.33,3
20,conj_grid,573,8,2,-318,-224,3.88,3
20,conj_grid,573,29,1,-330,113,5.35,3
20,conj_grid,573,36,1,-324,194,5.94,3
20,conj_grid,573,43,2,-318,314,6.95,3
20,conj_grid,573,45,1,-110,317,8,3
20,conj_grid,573,38,2,-119,211,8.59,3
20,conj_grid,573,31,2,-114,112,9.89,3
20,conj_grid,573,24,2,-113,8,11.48,3
20,conj_grid,573,17,2,-109,-115,12.12,3
20,conj_grid,573,32,2,-8,105,13.06,3
20,conj_grid,573,39,2,-1,208,13.58,3
20,conj_grid,573,48,2,231,329,14.81,3
20,conj_grid,573,40,2,98,215,15.66,3
20,conj_grid,573,42,1,348,224,18.06,3
20,conj_grid,573,14,2,328,-203,19.66,3
20,conj_grid,573,7,1,308,-324,21.27,3
20,conj_grid,573,19,1,110,-112,23.07,3
20,conj_grid,573,12,1,111,-203,25.63,3
20,conj_grid,573,27,1,210,0,26.43,3
20,conj_grid,573,46,2,-10,323,27.56,3
20,conj_grid,574,25,1,-24,4,1.04,4
20,conj_grid,574,18,2,-18,-108,2.39,4
20,conj_grid,574,4,2,-13,-319,3.27,4
20,conj_grid,574,23,1,-218,-2,5.21,4
20,conj_grid,574,29,1,-335,111,5.84,4
20,conj_grid,574,36,1,-317,218,6.39,4
20,conj_grid,574,43,2,-321,326,7.37,4
20,conj_grid,574,46,2,-1,330,8.91,4
20,conj_grid,574,38,1,-85,209,9.66,4
20,conj_grid,574,31,2,-101,94,10.38,4
20,conj_grid,574,40,2,94,199,11.33,4
20,conj_grid,574,47,1,94,298,11.91,4
20,conj_grid,574,33,1,90,106,12.56,4
20,conj_grid,574,27,1,214,15,13.14,4
20,conj_grid,574,35,1,324,109,13.72,4
20,conj_grid,574,7,1,338,-324,14.65,4
20,conj_grid,574,6,1,213,-326,15.11,4
20,conj_grid,574,12,1,100,-241,15.87,4
20,conj_grid,574,13,2,204,-209,16.5,4
20,conj_grid,574,20,2,222,-120,16.98,4
20,conj_grid,574,42,2,327,215,18.47,4
20,conj_grid,574,49,2,330,329,19.07,4
20,conj_grid,574,48,2,224,341,19.61,4
20,conj_grid,574,9,2,-234,-210,21.15,4
20,conj_grid,575,24,1,-104,2,0.87,5
20,conj_grid,575,17,2,-98,-93,1.7,5
20,conj_grid,575,3,2,-116,-334,2.37,5
20,conj_grid,575,22,2,-324,5,3.14,5
20,conj_grid,575,16,1,-222,-97,3.68,5
20,conj_grid,575,9,1,-199,-222,4.22,5
20,conj_grid,575,2,1,-208,-317,4.68,5
20,conj_grid,575,1,1,-323,-308,5.13,5
20,conj_grid,575,10,1,-121,-222,5.64,5
20,conj_grid,575,12,1,107,-218,6.63,5
20,conj_grid,575,13,1,204,-226,7.1,5
20,conj_grid,575,6,1,216,-319,7.63,5
20,conj_grid,575,14,2,321,-212,8.24,5
20,conj_grid,575,26,2,123,-13,9.61,5
20,conj_grid,575,35,2,321,96,10.41,5
20,conj_grid,575,41,2,219,224,11.2,5
20,conj_grid,575,47,2,111,334,11.74,5
20,conj_grid,575,39,2,11,205,12.46,5
20,conj_grid,575,45,2,-102,320,13.08,5
20,conj_grid,575,44,2,-199,309,13.61,5
20,conj_grid,575,43,1,-327,315,14.04,5
20,conj_grid,575,37,1,-203,205,14.79,5
20,conj_grid,575,36,2,-349,201,15.49,5
20,conj_grid,575,29,1,-316,123,16.01,5
20,conj_rot,576,46,1,-212,214,2.03,1
20,conj_rot,576,45,2,-294,169,3.28,1
20,conj_rot,576,32,1,-92,70,5.01,1
20,conj_rot,576,29,2,-308,-141,5.95,1
20,conj_rot,576,22,2,-233,-229,8.56,1
20,conj_rot,576,1,1,2,-458,9.97,1
20,conj_rot,576,9,1,29,-306,10.56,1
20,conj_rot,576,16,2,-74,-235,11.07,1
20,conj_rot,576,3,2,157,-302,11.66,1
20,conj_rot,576,2,2,85,-376,12.38,1
20,conj_rot,576,17,1,-7,-146,13.03,1
20,conj_rot,576,11,1,155,-152,13.5,1
20,conj_rot,576,25,1,-16,17,14.35,1
20,conj_rot,576,26,1,77,82,14.92,1
20,conj_rot,576,28,1,219,243,15.86,1
20,conj_rot,576,21,1,299,136,16.27,1
20,conj_rot,576,20,1,234,59,16.85,1
20,conj_rot,576,13,1,306,-18,17.34,1
20,conj_rot,576,14,2,378,95,17.85,1
20,conj_rot,576,33,2,-6,162,18.72,1
20,conj_rot,576,40,2,-52,224,19.14,1
20,conj_rot,576,41,2,-18,297,19.52,1
20,conj_rot,576,18,2,81,-84,21.06,1
20,conj_rot,576,42,2,89,391,22.03,1
20,conj_rot,577,25,2,8,-17,1,2
20,conj_rot,577,28,2,218,225,2.51,2
20,conj_rot,577,21,2,307,157,3.14,2
20,conj_rot,577,14,1,380,79,3.73,2
20,conj_rot,577,34,1,78,232,4.67,2
20,conj_rot,577,33,1,-2,170,5.27,2
20,conj_rot,577,47,1,-158,311,5.97,2
20,conj_rot,577,46,1,-229,240,6.76,2
20,conj_rot,577,32,1,-76,79,7.65,2
20,conj_rot,577,19,1,159,3,8.35,2
20,conj_rot,577,26,2,67,84,8.86,2
20,conj_rot,577,39,2,-161,137,9.53,2
20,conj_rot,577,38,2,-219,79,10.22,2
20,conj_rot,577,20,2,234,84,11.22,2
20,conj_rot,577,6,2,373,-84,11.92,2
20,conj_rot,577,10,1,80,-227,13.13,2
20,conj_rot,577,15,1,-148,-307,14.02,2
20,conj_rot,577,29,1,-289,-158,14.65,2
20,conj_rot,577,30,1,-236,-86,15.07,2
20,conj_rot,577,43,1,-462,-14,15.94,2
20,conj_rot,577,23,2,-152,-160,16.73,2
20,conj_rot,577,1,2,-8,-453,17.56,2
20,conj_rot,577,3,2,153,-296,18.22,2
20,conj_rot,577,11,2,174,-152,19.53,2
20,conj_rot,578,35,2,139,317,1.27,3
20,conj_rot,578,47,2,-164,295,2.38,3
20,conj_rot,578,49,1,16,438,3.08,3
20,conj_rot,578,42,1,93,379,3.72,3
20,conj_rot,578,20,2,229,71,5.19,3
20,conj_rot,578,14,2,379,72,5.88,3
20,conj_rot,578,7,1,463,-15,6.47,3
20,conj_rot,578,6,1,386,-87,6.91,3
20,conj_rot,578,5,1,303,-145,7.43,3
20,conj_rot,578,4,2,224,-210,7.89,3
20,conj_rot,578,10,1,84,-228,9.23,3
20,conj_rot,578,3,1,163,-314,9.75,3
20,conj_rot,578,15,1,-150,-313,10.6,3
20,conj_rot,578,29,1,-322,-141,11.26,3
20,conj_rot,578,30,1,-224,-74,11.73,3
20,conj_rot,578,38,1,-244,74,12.66,3
20,conj_rot,578,45,1,-301,165,13.11,3
20,conj_rot,578,44,2,-366,57,13.69,3
20,conj_rot,578,43,2,-461,5,14.19,3
20,conj_rot,578,31,2,-146,1,15.14,3
20,conj_rot,578,23,2,-174,-138,15.68,3
20,conj_rot,578,24,2,-80,-77,17.65,3
20,conj_rot,578,17,2,-0,-162,18.36,3
20,conj_rot,578,1,2,-1,-463,19.33,3
20,conj_rot,579,33,1,-1,157,1.16,4
20,conj_rot,579,40,1,-60,235,1.68,4
20,conj_rot,579,46,1,-218,231,2.31,4
20,conj_rot,579,48,1,-85,385,2.85,4
20,conj_rot,579,38,1,-222,70,3.64,4
20,conj_rot,579,43,2,-460,15,5.05,4
20,conj_rot,579,30,2,-224,-90,5.96,4
20,conj_rot,579,23,2,-158,-172,6.56,4
20,conj_rot,579,15,2,-155,-311,7.28,4
20,conj_rot,579,8,2,-76,-381,7.91,4
20,conj_rot,579,2,1,88,-387,8.55,4
20,conj_rot,579,1,2,-2,-470,9.14,4
20,conj_rot,579,3,2,145,-301,10.25,4
20,conj_rot,579,25,2,-2,13,11.23,4
20,conj_rot,579,32,2,-66,68,11.77,4
20,conj_rot,579,6,2,383,-65,12.81,4
20,conj_rot,579,42,2,68,392,14.25,4
20,conj_rot,579,49,2,-11,458,15.01,4
20,conj_rot,579,35,1,164,309,16.04,4
20,conj_rot,579,27,1,150,151,16.88,4
20,conj_rot,579,14,1,369,64,17.73,4
20,conj_rot,579,12,1,230,-69,18.54,4
20,conj_rot,579,11,1,169,-164,19.86,4
20,conj_rot,579,16,1,-85,-224,23.86,4
20,conj_rot,580,24,2,-67,-82,1.79,5
20,conj_rot,580,23,2,-153,-163,3.03,5
20,conj_rot,580,16,2,-89,-224,3.61,5
20,conj_rot,580,9,1,-19,-308,4.1,5
20,conj_rot,580,1,1,2,-449,5.1,5
20,conj_rot,580,8,2,-77,-386,5.58,5
20,conj_rot,580,2,2,67,-398,6.27,5
20,conj_rot,580,3,2,161,-313,7.08,5
20,conj_rot,580,10,1,79,-230,7.68,5
20,conj_rot,580,13,1,307,-10,8.79,5
20,conj_rot,580,26,2,88,76,10.57,5
20,conj_rot,580,28,2,242,235,11.83,5
20,conj_rot,580,14,1,405,72,13.09,5
20,conj_rot,580,27,1,155,159,14.72,5
20,conj_rot,580,41,1,10,305,15.91,5
20,conj_rot,580,42,2,93,376,16.71,5
20,conj_rot,580,49,1,10,464,17.53,5
20,conj_rot,580,48,2,-77,383,18.34,5
20,conj_rot,580,40,2,-88,222,19.27,5
20,conj_rot,580,39,1,-154,149,21.18,5
20,conj_rot,580,38,1,-219,79,21.94,5
20,conj_rot,580,31,2,-134,-10,22.62,5
20,conj_rot,580,43,1,-450,-8,24.29,5
20,conj_rot,580,29,1,-312,-172,25.34,5
20,conj_uni,581,42,1,-129,-121,1.42,1
20,conj_uni,581,33,1,-251,-285,2.26,1
20,conj_uni,581,19,2,-178,10,3.24,1
20,conj_uni,581,2,2,-309,188,4.5,1
20,conj_uni,581,45,2,-185,146,5.17,1
20,conj_uni,581,11,2,-158,357,5.94,1
20,conj_uni,581,28,1,-88,275,6.72,1
20,conj_uni,581,24,1,-88,218,7.27,1
20,conj_uni,581,8,1,214,265,7.92,1
20,conj_uni,581,27,1,341,350,8.46,1
20,conj_uni,581,37,1,183,25,9.53,1
20,conj_uni,581,6,1,147,-228,10.38,1
20,conj_uni,581,25,1,327,-283,11.02,1
20,conj_uni,581,15,1,-53,-272,11.88,1
20,conj_uni,581,14,1,-1,-251,12.34,1
20,conj_uni,581,12,1,5,-18,13.32,1
20,conj_uni,581,29,2,111,-60,14.9,1
20,conj_uni,581,49,2,189,-129,15.6,1
20,conj_uni,581,7,2,224,-13,16.24,1
20,conj_uni,581,1,2,298,-202,16.95,1
20,conj_uni,581,26,2,-32,235,18.79,1
20,conj_uni,581,44,2,41,203,19.35,1
20,conj_uni,581,13,2,108,277,20.08,1
20,conj_uni,581,35,2,270,178,20.85,1
20,conj_uni,582,30,2,-182,174,0.9,2
20,conj_uni,582,18,1,-111,218,1.4,2
20,conj_uni,582,4,1,-44,200,1.84,2
20,conj_uni,582,26,2,-138,140,2.32,2
20,conj_uni,582,45,2,-224,121,2.7,2
20,conj_uni,582,17,2,-163,26,3.34,2
20,conj_uni,582,31,1,-102,-16,3.85,2
20,conj_uni,582,43,1,-47,-29,4.23,2
20,conj_uni,582,8,1,-105,-126,4.9,2
20,conj_uni,582,39,2,-320,-243,6.42,2
20,conj_uni,582,19,2,-282,-201,6.86,2
20,conj_uni,582,29,2,70,-296,7.61,2
20,conj_uni,582,37,2,177,-318,8.16,2
20,conj_uni,582,13,1,101,-357,8.54,2
20,conj_uni,582,1,1,210,-161,9.24,2
20,conj_uni,582,14,1,22,-161,9.9,2
20,conj_uni,582,40,1,358,-66,10.55,2
20,conj_uni,582,3,1,103,65,11.94,2
20,conj_uni,582,21,2,158,73,12.58,2
20,conj_uni,582,35,2,160,210,13.13,2
20,conj_uni,582,15,1,341,354,14.26,2
20,conj_uni,582,48,1,322,79,15.03,2
20,conj_uni,582,49,2,4,-50,16.84,2
20,conj_uni,582,2,2,-23,-121,17.38,2
20,conj_uni,583,30,2,113,264,1.28,3
20,conj_uni,583,28,1,182,246,1.87,3
20,conj_uni,583,7,1,35,237,2.39,3
20,conj_uni,583,10,1,-309,323,2.93,3
20,conj_uni,583,42,1,-263,187,3.55,3
20,conj_uni,583,26,1,-310,53,4.29,3
20,conj_uni,583,6,1,-309,-215,5.01,3
20,conj_uni,583,33,1,42,10,7.03,3
20,conj_uni,583,5,1,64,-99,7.61,3
20,conj_uni,583,20,1,-33,-84,8.21,3
20,conj_uni,583,2,2,-17,-144,8.81,3
20,conj_uni,583,22,2,-209,-244,9.54,3
20,conj_uni,583,18,2,-264,-248,9.94,3
20,conj_uni,583,48,2,-283,-163,10.31,3
20,conj_uni,583,29,2,-339,-164,10.74,3
20,conj_uni,583,34,1,-54,-333,11.7,3
20,conj_uni,583,38,2,294,-121,12.67,3
20,conj_uni,583,27,2,174,5,13.2,3
20,conj_uni,583,41,2,108,-26,13.62,3
20,conj_uni,583,49,2,44,70,14.07,3
20,conj_uni,583,44,2,299,61,14.88,3
20,conj_uni,583,39,1,217,42,15.32,3
20,conj_uni,583,8,1,121,80,15.72,3
20,conj_uni,583,16,2,236,205,16.53,3
20,conj_uni,584,11,2,-111,-20,1.15,4
20,conj_uni,584,15,2,-215,-63,2.84,4
20,conj_uni,584,4,1,-209,-143,3.41,4
20,conj_uni,584,21,2,-349,-245,4.37,4
20,conj_uni,584,48,1,-45,-167,5.29,4
20,conj_uni,584,27,1,-17,-117,5.65,4
20,conj_uni,584,1,1,-278,63,6.29,4
20,conj_uni,584,14,2,-164,300,7.89,4
20,conj_uni,584,26,2,-14,358,8.37,4
20,conj_uni,584,5,2,-56,189,9.27,4
20,conj_uni,584,8,2,102,341,9.98,4
20,conj_uni,584,39,1,27,273,10.84,4
20,conj_uni,584,12,1,52,223,11.25,4
20,conj_uni,584,9,1,-47,133,12.01,4
20,conj_uni,584,45,1,87,-15,13.49,4
20,conj_uni,584,7,1,146,-8,14.02,4
20,conj_uni,584,2,1,155,-87,14.56,4
20,conj_uni,584,33,2,165,-305,15.83,4
20,conj_uni,584,28,2,11,-197,16.38,4
20,conj_uni,584,35,2,-96,-220,17.03,4
20,conj_uni,584,10,2,71,-80,17.74,4
20,conj_uni,584,47,1,70,-285,18.34,4
20,conj_uni,584,44,1,322,-312,19.06,4
20,conj_uni,584,18,2,293,-40,19.88,4
20,conj_uni,585,6,1,-29,115,1.21,5
20,conj_uni,585,37,1,-203,53,1.65,5
20,conj_uni,585,9,1,-192,326,2.45,5
20,conj_uni,585,20,1,2,212,3.21,5
20,conj_uni,585,35,1,56,227,3.63,5
20,conj_uni,585,47,1,61,283,4.08,5
20,conj_uni,585,36,1,172,341,4.52,5
20,conj_uni,585,1,1,257,216,5.3,5
20,conj_uni,585,18,2,292,81,5.85,5
20,conj_uni,585,21,2,109,357,6.45,5
20,conj_uni,585,39,2,-33,255,7.1,5
20,conj_uni,585,30,2,64,125,7.81,5
20,conj_uni,585,27,2,77,20,8.32,5
20,conj_uni,585,3,2,-54,65,8.87,5
20,conj_uni,585,14,2,-126,64,9.36,5
20,conj_uni,585,48,2,-237,154,10.03,5
20,conj_uni,585,15,2,-302,73,11.57,5
20,conj_uni,585,24,1,87,-321,12.95,5
20,conj_uni,585,10,2,43,-285,13.61,5
20,conj_uni,585,49,2,39,-349,14.26,5
20,conj_uni,585,11,2,360,-81,15.6,5
20,conj_uni,585,44,1,274,-222,16.63,5
20,conj_uni,585,41,1,194,-167,17.18,5
20,conj_uni,585,22,1,317,-369,17.92,5
20,feat_grid,586,22,2,-324,-6,0.95,1
20,feat_grid,586,29,2,-320,111,1.37,1
20,feat_grid,586,8,2,-358,-196,2.17,1
20,feat_grid,586,1,1,-331,-305,2.68,1
20,feat_grid,586,9,1,-219,-230,3.14,1
20,feat_grid,586,17,1,-94,-100,3.78,1
20,feat_grid,586,24,2,-84,24,4.45,1
20,feat_grid,586,31,1,-107,118,5.31,1
20,feat_grid,586,30,1,-217,122,5.89,1
20,feat_grid,586,37,2,-211,209,6.36,1
20,feat_grid,586,45,2,-112,333,6.98,1
20,feat_grid,586,47,2,112,323,7.99,1
20,feat_grid,586,33,2,103,105,8.81,1
20,feat_grid,586,25,2,-5,16,9.31,1
20,feat_grid,586,26,2,122,-6,9.94,1
20,feat_grid,586,12,1,98,-214,10.64,1
20,feat_grid,586,11,1,19,-221,11.38,1
20,feat_grid,586,5,2,109,-333,11.97,1
20,feat_grid,586,7,1,332,-322,12.7,1
20,feat_grid,586,14,2,327,-220,13.2,1
20,feat_grid,586,21,1,317,-106,14.69,1
20,feat_grid,586,35,1,331,95,15.6,1
20,feat_grid,586,41,1,212,213,16.53,1
20,feat_grid,586,49,1,302,319,17.31,1
20,feat_grid,587,32,1,2,112,0.61,2
20,feat_grid,587,31,2,-98,114,1.03,2
20,feat_grid,587,30,1,-213,105,1.61,2
20,feat_grid,587,23,2,-222,-1,2.15,2
20,feat_grid,587,22,2,-325,-4,2.65,2
20,feat_grid,587,15,2,-319,-97,3.07,2
20,feat_grid,587,43,1,-327,327,3.88,2
20,feat_grid,587,2,1,-223,-337,4.62,2
20,feat_grid,587,10,1,-97,-220,5.19,2
20,feat_grid,587,4,2,9,-306,5.72,2
20,feat_grid,587,19,1,113,-117,6.71,2
20,feat_grid,587,25,1,-6,-15,7.53,2
20,feat_grid,587,12,2,118,-207,8.34,2
20,feat_grid,587,6,2,217,-330,8.98,2
20,feat_grid,587,13,1,207,-206,9.54,2
20,feat_grid,587,14,2,323,-219,10.09,2
20,feat_grid,587,21,2,332,-103,10.61,2
20,feat_grid,587,28,1,317,-1,11.07,2
20,feat_grid,587,27,2,228,-12,11.61,2
20,feat_grid,587,34,1,209,96,12.23,2
20,feat_grid,587,33,2,91,98,12.81,2
20,feat_grid,587,48,2,236,329,14.11,2
20,feat_grid,587,47,1,114,317,14.7,2
20,feat_grid,587,42,1,336,219,15.57,2
20,feat_grid,588,24,1,-94,12,0.76,3
20,feat_grid,588,17,2,-98,-96,1.33,3
20,feat_grid,588,31,1,-108,121,2.04,3
20,feat_grid,588,30,1,-224,117,2.5,3
20,feat_grid,588,10,2,-98,-225,3.31,3
20,feat_grid,588,12,2,95,-209,4.11,3
20,feat_grid,588,13,2,205,-222,4.63,3
20,feat_grid,588,6,1,212,-340,5.15,3
20,feat_grid,588,7,2,322,-331,5.78,3
20,feat_grid,588,14,1,341,-224,6.33,3
20,feat_grid,588,27,2,220,16,7.06,3
20,feat_grid,588,34,1,204,95,7.48,3
20,feat_grid,588,32,1,-22,108,8.06,3
20,feat_grid,588,38,2,-103,224,8.52,3
20,feat_grid,588,37,1,-219,218,9.04,3
20,feat_grid,588,36,1,-311,203,9.46,3
20,feat_grid,588,43,1,-311,333,10.13,3
20,feat_grid,588,46,2,1,322,10.84,3
20,feat_grid,588,47,2,101,312,11.26,3
20,feat_grid,588,41,2,205,230,11.77,3
20,feat_grid,588,48,2,238,327,12.44,3
20,feat_grid,588,49,1,330,329,12.94,3
20,feat_grid,588,42,1,319,206,13.54,3
20,feat_grid,588,35,2,326,90,14.14,3
20,feat_grid,589,18,1,2,-101,0.86,4
20,feat_grid,589,10,2,-90,-211,1.52,4
20,feat_grid,589,3,1,-118,-317,2.11,4
20,feat_grid,589,2,2,-227,-324,2.64,4
20,feat_grid,589,9,1,-212,-203,3.2,4
20,feat_grid,589,16,2,-220,-113,3.75,4
20,feat_grid,589,24,1,-114,6,4.48,4
20,feat_grid,589,30,2,-217,110,5.13,4
20,feat_grid,589,29,2,-318,107,5.68,4
20,feat_grid,589,36,1,-334,221,6.32,4
20,feat_grid,589,37,1,-206,213,6.96,4
20,feat_grid,589,38,1,-119,212,7.49,4
20,feat_grid,589,43,2,-328,323,8.19,4
20,feat_grid,589,40,1,114,200,9.27,4
20,feat_grid,589,33,2,100,118,9.77,4
20,feat_grid,589,41,2,210,231,10.39,4
20,feat_grid,589,20,1,210,-111,11.43,4
20,feat_grid,589,19,2,115,-105,11.96,4
20,feat_grid,589,13,2,202,-229,12.61,4
20,feat_grid,589,5,1,115,-323,13.18,4
20,feat_grid,589,4,1,1,-313,13.73,4
20,feat_grid,589,6,2,207,-325,14.32,4
20,feat_grid,589,14,1,307,-226,15.05,4
20,feat_grid,589,21,2,346,-99,15.96,4
20,feat_grid,590,25,2,-3,13,0.68,5
20,feat_grid,590,24,2,-94,10,1.14,5
20,feat_grid,590,10,2,-109,-216,2.14,5
20,feat_grid,590,9,2,-213,-207,2.7,5
20,feat_grid,590,2,1,-222,-312,3.2,5
20,feat_grid,590,1,1,-318,-328,3.73,5
20,feat_grid,590,16,1,-210,-116,4.52,5
20,feat_grid,590,29,1,-328,94,5.33,5
20,feat_grid,590,36,1,-340,200,5.84,5
20,feat_grid,590,43,1,-327,335,6.52,5
20,feat_grid,590,37,2,-218,212,7.2,5
20,feat_grid,590,30,2,-195,113,7.73,5
20,feat_grid,590,32,2,7,102,8.51,5
20,feat_grid,590,39,2,-0,207,8.97,5
20,feat_grid,590,33,2,105,111,9.49,5
20,feat_grid,590,47,1,115,317,10.19,5
20,feat_grid,590,35,2,319,108,11.03,5
20,feat_grid,590,49,1,320,318,11.57,5
20,feat_grid,590,20,1,210,-109,12.6,5
20,feat_grid,590,19,1,104,-115,13.05,5
20,feat_grid,590,14,1,325,-209,14.42,5
20,feat_grid,590,21,1,335,-112,15.08,5
20,feat_grid,590,7,2,336,-317,15.7,5
20,feat_grid,590,12,2,102,-229,16.51,5
20,feat_rot,591,44,2,-389,68,1,1
20,feat_rot,591,43,1,-451,-4,1.47,1
20,feat_rot,591,29,1,-293,-140,2.13,1
20,feat_rot,591,22,1,-240,-214,2.57,1
20,feat_rot,591,23,2,-158,-160,2.95,1
20,feat_rot,591,25,2,-2,13,3.87,1
20,feat_rot,591,32,1,-72,65,4.36,1
20,feat_rot,591,39,2,-141,154,4.89,1
20,feat_rot,591,46,2,-229,214,5.41,1
20,feat_rot,591,40,1,-86,212,5.92,1
20,feat_rot,591,48,1,-77,383,6.68,1
20,feat_rot,591,24,2,-72,-85,7.45,1
20,feat_rot,591,16,1,-71,-228,7.99,1
20,feat_rot,591,10,2,67,-231,8.65,1
20,feat_rot,591,19,2,158,12,9.48,1
20,feat_rot,591,26,2,64,78,10.03,1
20,feat_rot,591,28,2,218,221,10.81,1
20,feat_rot,591,21,2,312,145,11.37,1
20,feat_rot,591,13,1,308,9,12,1
20,feat_rot,591,6,1,379,-81,12.57,1
20,feat_rot,591,7,1,462,10,13.06,1
20,feat_rot,591,5,1,296,-163,13.91,1
20,feat_rot,591,12,1,230,-83,14.49,1
20,feat_rot,591,3,2,153,-302,15.21,1
20,feat_rot,592,25,1,13,-3,0.69,2
20,feat_rot,592,24,2,-60,-84,1.16,2
20,feat_rot,592,17,1,-7,-138,1.53,2
20,feat_rot,592,16,2,-73,-233,2.15,2
20,feat_rot,592,23,2,-145,-152,2.61,2
20,feat_rot,592,30,2,-234,-79,3.06,2
20,feat_rot,592,22,1,-250,-222,3.57,2
20,feat_rot,592,44,2,-380,91,4.6,2
20,feat_rot,592,36,2,-380,-72,5.14,2
20,feat_rot,592,32,1,-85,75,5.85,2
20,feat_rot,592,39,1,-152,152,6.33,2
20,feat_rot,592,40,2,-77,222,6.96,2
20,feat_rot,592,47,1,-150,308,7.73,2
20,feat_rot,592,49,1,7,445,8.5,2
20,feat_rot,592,42,2,76,395,9.09,2
20,feat_rot,592,34,1,87,225,9.76,2
20,feat_rot,592,27,2,143,157,10.24,2
20,feat_rot,592,28,1,233,215,10.7,2
20,feat_rot,592,19,1,159,-7,11.3,2
20,feat_rot,592,18,2,83,-65,11.94,2
20,feat_rot,592,8,2,-73,-391,13.02,2
20,feat_rot,592,3,1,158,-302,13.77,2
20,feat_rot,592,6,1,382,-71,14.68,2
20,feat_rot,592,7,2,464,7,15.29,2
20,feat_rot,593,25,2,9,-6,0.84,3
20,feat_rot,593,32,1,-80,70,1.37,3
20,feat_rot,593,39,1,-140,147,1.8,3
20,feat_rot,593,46,2,-226,224,2.2,3
20,feat_rot,593,40,1,-59,231,2.78,3
20,feat_rot,593,31,1,-157,0,3.37,3
20,feat_rot,593,30,1,-243,-61,3.84,3
20,feat_rot,593,37,1,-299,-2,4.3,3
20,feat_rot,593,36,2,-395,-88,4.74,3
20,feat_rot,593,22,1,-238,-225,5.45,3
20,feat_rot,593,23,1,-161,-152,5.97,3
20,feat_rot,593,24,2,-83,-88,7.05,3
20,feat_rot,593,9,2,-20,-313,8.49,3
20,feat_rot,593,15,2,-161,-317,9.35,3
20,feat_rot,593,17,1,-3,-152,10.17,3
20,feat_rot,593,10,2,74,-229,10.83,3
20,feat_rot,593,1,2,-17,-465,11.65,3
20,feat_rot,593,3,1,135,-295,12.33,3
20,feat_rot,593,18,2,63,-87,12.92,3
20,feat_rot,593,19,2,148,15,13.43,3
20,feat_rot,593,20,2,236,70,13.94,3
20,feat_rot,593,35,1,141,308,14.76,3
20,feat_rot,593,13,2,293,7,15.58,3
20,feat_rot,593,6,1,367,-73,16.13,3
20,feat_rot,594,31,1,-149,20,0.88,4
20,feat_rot,594,24,2,-85,-81,1.37,4
20,feat_rot,594,23,2,-161,-155,1.93,4
20,feat_rot,594,37,2,-308,-4,2.94,4
20,feat_rot,594,45,2,-286,146,3.61,4
20,feat_rot,594,40,2,-73,218,5,4
20,feat_rot,594,47,1,-137,310,5.75,4
20,feat_rot,594,48,1,-72,392,6.33,4
20,feat_rot,594,49,2,-9,467,6.92,4
20,feat_rot,594,35,1,148,315,7.62,4
20,feat_rot,594,34,1,89,215,8.2,4
20,feat_rot,594,27,1,164,147,8.72,4
20,feat_rot,594,33,1,-9,150,9.3,4
20,feat_rot,594,32,2,-87,69,9.99,4
20,feat_rot,594,18,2,79,-68,10.8,4
20,feat_rot,594,17,1,-12,-156,11.47,4
20,feat_rot,594,9,1,1,-318,12.25,4
20,feat_rot,594,1,1,-8,-453,13,4
20,feat_rot,594,3,1,144,-313,13.73,4
20,feat_rot,594,11,2,152,-159,14.35,4
20,feat_rot,594,12,1,215,-73,14.94,4
20,feat_rot,594,19,2,152,-7,15.46,4
20,feat_rot,594,13,2,310,-0,16.1,4
20,feat_rot,594,20,2,233,71,16.61,4
20,feat_rot,595,18,1,56,-76,1.17,5
20,feat_rot,595,25,1,-8,0,1.56,5
20,feat_rot,595,32,1,-77,76,1.92,5
20,feat_rot,595,38,1,-223,66,2.35,5
20,feat_rot,595,16,1,-82,-240,3.45,5
20,feat_rot,595,23,2,-147,-156,4.28,5
20,feat_rot,595,9,2,-2,-314,5.15,5
20,feat_rot,595,2,2,76,-373,5.75,5
20,feat_rot,595,3,2,154,-317,6.23,5
20,feat_rot,595,4,2,238,-233,6.7,5
20,feat_rot,595,12,2,221,-82,7.3,5
20,feat_rot,595,19,2,153,0,7.87,5
20,feat_rot,595,44,2,-363,72,8.7,5
20,feat_rot,595,43,1,-448,-15,9.31,5
20,feat_rot,595,29,1,-320,-152,10.04,5
20,feat_rot,595,46,2,-228,231,10.85,5
20,feat_rot,595,41,1,-5,304,11.63,5
20,feat_rot,595,49,2,17,467,12.46,5
20,feat_rot,595,35,1,153,303,13.23,5
20,feat_rot,595,21,2,292,157,14.16,5
20,feat_rot,595,20,2,221,76,14.82,5
20,feat_rot,595,13,1,296,-24,15.54,5
20,feat_rot,595,6,1,396,-72,16.14,5
20,feat_rot,595,5,1,315,-154,16.86,5
20,feat_uni,596,18,2,-28,-92,0.96,1
20,feat_uni,596,1,1,-5,-162,1.37,1
20,feat_uni,596,20,2,-101,-93,1.94,1
20,feat_uni,596,39,1,-122,-223,2.54,1
20,feat_uni,596,49,2,-179,-230,2.95,1
20,feat_uni,596,10,2,-276,-250,3.41,1
20,feat_uni,596,45,2,-334,-172,4.02,1
20,feat_uni,596,3,2,-218,8,4.71,1
20,feat_uni,596,28,1,-277,5,5.2,1
20,feat_uni,596,17,1,-305,69,5.72,1
20,feat_uni,596,31,2,-223,229,6.3,1
20,feat_uni,596,44,1,52,321,7.17,1
20,feat_uni,596,8,2,3,211,7.81,1
20,feat_uni,596,29,2,178,198,8.56,1
20,feat_uni,596,30,1,140,157,9.02,1
20,feat_uni,596,40,2,133,101,9.51,1
20,feat_uni,596,42,1,84,73,9.94,1
20,feat_uni,596,16,1,35,28,10.35,1
20,feat_uni,596,36,1,139,-80,10.84,1
20,feat_uni,596,21,2,176,-152,11.39,1
20,feat_uni,596,37,1,-65,-359,12.24,1
20,feat_uni,596,24,2,299,-194,13.17,1
20,feat_uni,596,43,1,213,84,14.19,1
20,feat_uni,596,34,1,290,116,14.73,1
20,feat_uni,597,47,2,-197,19,1.31,2
20,feat_uni,597,19,2,-102,7,2,2
20,feat_uni,597,35,2,-269,-169,2.69,2
20,feat_uni,597,33,2,-311,-126,3.22,2
20,feat_uni,597,29,2,-337,-240,3.76,2
20,feat_uni,597,32,1,-319,-344,4.62,2
20,feat_uni,597,45,1,-147,-286,5.3,2
20,feat_uni,597,12,1,-254,131,6.22,2
20,feat_uni,597,20,2,-362,191,6.92,2
20,feat_uni,597,40,1,-123,235,7.75,2
20,feat_uni,597,43,2,-90,281,8.22,2
20,feat_uni,597,7,1,71,-72,9.09,2
20,feat_uni,597,11,1,11,-190,9.77,2
20,feat_uni,597,24,1,52,-260,10.43,2
20,feat_uni,597,28,1,119,-221,10.92,2
20,feat_uni,597,44,2,152,-320,11.45,2
20,feat_uni,597,27,1,116,-129,12.63,2
20,feat_uni,597,48,2,168,-56,13.2,2
20,feat_uni,597,38,2,291,-203,13.99,2
20,feat_uni,597,8,1,333,1,15.27,2
20,feat_uni,597,21,1,294,71,15.77,2
20,feat_uni,597,41,2,229,92,16.23,2
20,feat_uni,597,3,1,330,182,16.92,2
20,feat_uni,597,14,2,299,261,18.19,2
20,feat_uni,598,23,2,-81,42,0.7,3
20,feat_uni,598,24,2,-9,77,1.09,3
20,feat_uni,598,32,1,-249,107,1.59,3
20,feat_uni,598,40,1,-243,164,2.05,3
20,feat_uni,598,41,2,-295,269,2.48,3
20,feat_uni,598,36,2,-183,230,2.96,3
20,feat_uni,598,5,2,-123,234,3.42,3
20,feat_uni,598,34,2,-97,183,3.84,3
20,feat_uni,598,8,1,-31,-150,4.66,3
20,feat_uni,598,27,1,-206,-234,5.43,3
20,feat_uni,598,47,1,-321,-224,6.19,3
20,feat_uni,598,6,1,-125,-364,7.4,3
20,feat_uni,598,38,2,55,-86,8.56,3
20,feat_uni,598,3,1,157,-286,9.68,3
20,feat_uni,598,39,1,218,-284,10.37,3
20,feat_uni,598,20,1,274,-337,10.89,3
20,feat_uni,598,28,2,315,-220,11.57,3
20,feat_uni,598,17,2,260,24,12.37,3
20,feat_uni,598,49,2,217,86,13.05,3
20,feat_uni,598,19,2,275,91,13.49,3
20,feat_uni,598,33,2,333,77,13.85,3
20,feat_uni,598,1,1,238,321,14.97,3
20,feat_uni,598,9,1,181,279,15.63,3
20,feat_uni,598,2,1,292,282,16.36,3
20,feat_uni,599,5,2,-288,207,1.06,4
20,feat_uni,599,23,1,-250,16,1.61,4
20,feat_uni,599,42,1,-217,-247,2.43,4
20,feat_uni,599,37,2,-176,-210,2.82,4
20,feat_uni,599,24,2,-70,-186,3.38,4
20,feat_uni,599,3,1,-91,-321,3.99,4
20,feat_uni,599,9,2,-1,-227,4.52,4
20,feat_uni,599,18,1,72,-204,5,4
20,feat_uni,599,19,2,128,-205,5.4,4
20,feat_uni,599,12,1,213,-276,6.24,4
20,feat_uni,599,49,1,110,66,7.23,4
20,feat_uni,599,41,2,241,-76,7.81,4
20,feat_uni,599,22,2,163,-249,8.65,4
20,feat_uni,599,11,1,339,79,9.63,4
20,feat_uni,599,30,1,-185,245,10.56,4
20,feat_uni,599,1,2,-109,292,11.13,4
20,feat_uni,599,16,1,-53,302,11.5,4
20,feat_uni,599,33,2,-35,358,11.94,4
20,feat_uni,599,48,1,65,359,12.43,4
20,feat_uni,599,36,2,150,367,12.92,4
20,feat_uni,599,15,2,228,325,13.44,4
20,feat_uni,599,10,1,296,348,13.84,4
20,feat_uni,599,27,1,351,338,14.29,4
20,feat_uni,599,38,2,313,286,14.81,4
20,feat_uni,600,16,2,-53,-55,0.72,5
20,feat_uni,600,4,1,-5,-26,1.11,5
20,feat_uni,600,24,2,45,-52,1.53,5
20,feat_uni,600,17,2,-126,-102,1.97,5
20,feat_uni,600,27,1,-125,9,2.49,5
20,feat_uni,600,38,1,-214,-24,2.88,5
20,feat_uni,600,35,2,-330,103,3.39,5
20,feat_uni,600,42,1,-367,147,3.74,5
20,feat_uni,600,31,2,-360,240,4.24,5
20,feat_uni,600,45,1,-279,332,4.97,5
20,feat_uni,600,12,2,-284,-331,5.66,5
20,feat_uni,600,14,2,-338,-356,6.14,5
20,feat_uni,600,43,1,155,-287,7.03,5
20,feat_uni,600,13,2,214,-290,7.43,5
20,feat_uni,600,22,1,371,-333,8.26,5
20,feat_uni,600,28,1,242,-23,9.3,5
20,feat_uni,600,1,2,7,102,10.64,5
20,feat_uni,600,41,1,142,79,11.31,5
20,feat_uni,600,37,1,171,127,11.79,5
20,feat_uni,600,49,2,139,173,12.57,5
20,feat_uni,600,47,2,47,337,13.38,5
20,feat_uni,600,15,1,100,356,13.97,5
20,feat_uni,600,11,1,256,217,14.75,5
20,feat_uni,600,3,2,352,167,15.31,5
