person,block,condition,trial,attempt,id,item_class,x,y
15,prac_feat,feat_grid,0,1,1,dist_class2,-321.0,-337.0
15,prac_feat,feat_grid,0,1,2,dist_class1,-226.0,-337.0
15,prac_feat,feat_grid,0,1,3,targ_class2,-100.0,-318.0
15,prac_feat,feat_grid,0,1,4,targ_class1,-1.0,-315.0
15,prac_feat,feat_grid,0,1,5,targ_class1,103.0,-320.0
15,prac_feat,feat_grid,0,1,6,targ_class2,231.0,-318.0
15,prac_feat,feat_grid,0,1,7,dist_class1,319.0,-330.0
15,prac_feat,feat_grid,0,1,8,dist_class1,-339.0,-205.0
15,prac_feat,feat_grid,0,1,9,targ_class1,-209.0,-223.0
15,prac_feat,feat_grid,0,1,10,dist_class1,-123.0,-204.0
15,prac_feat,feat_grid,0,1,11,dist_class1,-1.0,-214.0
15,prac_feat,feat_grid,0,1,12,dist_class1,117.0,-204.0
15,prac_feat,feat_grid,0,1,13,dist_class2,201.0,-206.0
15,prac_feat,feat_grid,0,1,14,targ_class2,319.0,-209.0
15,prac_feat,feat_grid,0,1,15,targ_class1,-328.0,-104.0
15,prac_feat,feat_grid,0,1,16,dist_class2,-203.0,-112.0
15,prac_feat,feat_grid,0,1,17,dist_class2,-108.0,-115.0
15,prac_feat,feat_grid,0,1,18,targ_class1,-6.0,-125.0
15,prac_feat,feat_grid,0,1,19,dist_class2,108.0,-107.0
15,prac_feat,feat_grid,0,1,20,dist_class2,205.0,-120.0
15,prac_feat,feat_grid,0,1,21,dist_class1,319.0,-97.0
15,prac_feat,feat_grid,0,1,22,targ_class2,-338.0,11.0
15,prac_feat,feat_grid,0,1,23,dist_class2,-219.0,0.0
15,prac_feat,feat_grid,0,1,24,targ_class2,-119.0,-0.0
15,prac_feat,feat_grid,0,1,25,targ_class2,-3.0,-5.0
15,prac_feat,feat_grid,0,1,26,dist_class1,119.0,9.0
15,prac_feat,feat_grid,0,1,27,dist_class2,214.0,6.0
15,prac_feat,feat_grid,0,1,28,dist_class2,339.0,-12.0
15,prac_feat,feat_grid,0,1,29,dist_class2,-312.0,120.0
15,prac_feat,feat_grid,0,1,30,dist_class1,-222.0,117.0
15,prac_feat,feat_grid,0,1,31,targ_class1,-116.0,116.0
15,prac_feat,feat_grid,0,1,32,dist_class1,2.0,126.0
15,prac_feat,feat_grid,0,1,33,targ_class2,121.0,112.0
15,prac_feat,feat_grid,0,1,34,targ_class2,208.0,110.0
15,prac_feat,feat_grid,0,1,35,targ_class1,323.0,89.0
15,prac_feat,feat_grid,0,1,36,targ_class1,-317.0,197.0
15,prac_feat,feat_grid,0,1,37,dist_class2,-234.0,213.0
15,prac_feat,feat_grid,0,1,38,targ_class1,-110.0,220.0
15,prac_feat,feat_grid,0,1,39,dist_class1,-1.0,208.0
15,prac_feat,feat_grid,0,1,40,targ_class1,105.0,205.0
15,prac_feat,feat_grid,0,1,41,targ_class2,197.0,221.0
15,prac_feat,feat_grid,0,1,42,targ_class1,322.0,212.0
15,prac_feat,feat_grid,0,1,43,targ_class1,-320.0,330.0
15,prac_feat,feat_grid,0,1,44,targ_class2,-207.0,319.0
15,prac_feat,feat_grid,0,1,45,dist_class2,-103.0,307.0
15,prac_feat,feat_grid,0,1,46,targ_class2,3.0,323.0
15,prac_feat,feat_grid,0,1,47,dist_class2,96.0,329.0
15,prac_feat,feat_grid,0,1,48,targ_class2,210.0,338.0
15,prac_feat,feat_grid,0,1,49,dist_class1,334.0,324.0
15,prac_feat,feat_grid,1,1,1,dist_class1,-329.0,-313.0
15,prac_feat,feat_grid,1,1,2,targ_class1,-226.0,-329.0
15,prac_feat,feat_grid,1,1,3,targ_class2,-120.0,-315.0
15,prac_feat,feat_grid,1,1,4,dist_class2,-17.0,-339.0
15,prac_feat,feat_grid,1,1,5,targ_class2,102.0,-320.0
15,prac_feat,feat_grid,1,1,6,dist_class1,223.0,-327.0
15,prac_feat,feat_grid,1,1,7,targ_class1,331.0,-315.0
15,prac_feat,feat_grid,1,1,8,dist_class1,-323.0,-210.0
15,prac_feat,feat_grid,1,1,9,dist_class2,-225.0,-218.0
15,prac_feat,feat_grid,1,1,10,dist_class2,-121.0,-212.0
15,prac_feat,feat_grid,1,1,11,targ_class1,-4.0,-223.0
15,prac_feat,feat_grid,1,1,12,dist_class2,104.0,-229.0
15,prac_feat,feat_grid,1,1,13,targ_class2,229.0,-224.0
15,prac_feat,feat_grid,1,1,14,targ_class2,317.0,-238.0
15,prac_feat,feat_grid,1,1,15,dist_class1,-326.0,-105.0
15,prac_feat,feat_grid,1,1,16,dist_class2,-226.0,-122.0
15,prac_feat,feat_grid,1,1,17,dist_class1,-118.0,-124.0
15,prac_feat,feat_grid,1,1,18,dist_class1,6.0,-97.0
15,prac_feat,feat_grid,1,1,19,dist_class1,121.0,-102.0
15,prac_feat,feat_grid,1,1,20,targ_class2,212.0,-85.0
15,prac_feat,feat_grid,1,1,21,targ_class1,331.0,-109.0
15,prac_feat,feat_grid,1,1,22,targ_class1,-332.0,6.0
15,prac_feat,feat_grid,1,1,23,dist_class1,-233.0,3.0
15,prac_feat,feat_grid,1,1,24,dist_class2,-111.0,12.0
15,prac_feat,feat_grid,1,1,25,dist_class2,-9.0,-8.0
15,prac_feat,feat_grid,1,1,26,targ_class2,125.0,-3.0
15,prac_feat,feat_grid,1,1,27,targ_class1,214.0,-6.0
15,prac_feat,feat_grid,1,1,28,targ_class1,326.0,11.0
15,prac_feat,feat_grid,1,1,29,targ_class2,-326.0,118.0
15,prac_feat,feat_grid,1,1,30,dist_class2,-220.0,120.0
15,prac_feat,feat_grid,1,1,31,dist_class1,-99.0,103.0
15,prac_feat,feat_grid,1,1,32,dist_class2,9.0,110.0
15,prac_feat,feat_grid,1,1,33,targ_class2,107.0,130.0
15,prac_feat,feat_grid,1,1,34,targ_class2,213.0,122.0
15,prac_feat,feat_grid,1,1,35,dist_class2,310.0,105.0
15,prac_feat,feat_grid,1,1,36,targ_class1,-311.0,220.0
15,prac_feat,feat_grid,1,1,37,targ_class1,-208.0,223.0
15,prac_feat,feat_grid,1,1,38,targ_class2,-92.0,208.0
15,prac_feat,feat_grid,1,1,39,dist_class1,-4.0,211.0
15,prac_feat,feat_grid,1,1,40,targ_class1,119.0,209.0
15,prac_feat,feat_grid,1,1,41,dist_class2,228.0,240.0
15,prac_feat,feat_grid,1,1,42,targ_class1,328.0,208.0
15,prac_feat,feat_grid,1,1,43,targ_class2,-302.0,325.0
15,prac_feat,feat_grid,1,1,44,dist_class2,-209.0,317.0
15,prac_feat,feat_grid,1,1,45,dist_class1,-114.0,313.0
15,prac_feat,feat_grid,1,1,46,dist_class2,-10.0,325.0
15,prac_feat,feat_grid,1,1,47,targ_class2,107.0,319.0
15,prac_feat,feat_grid,1,1,48,targ_class1,201.0,322.0
15,prac_feat,feat_grid,1,1,49,dist_class1,334.0,314.0
15,feature_blocks,feat_rot,4,1,1,targ_class2,10.0,-450.0
15,feature_blocks,feat_rot,4,1,2,targ_class1,59.0,-382.0
15,feature_blocks,feat_rot,4,1,3,targ_class1,155.0,-312.0
15,feature_blocks,feat_rot,4,1,4,dist_class2,221.0,-249.0
15,feature_blocks,feat_rot,4,1,5,targ_class2,285.0,-149.0
15,feature_blocks,feat_rot,4,1,6,targ_class2,376.0,-90.0
15,feature_blocks,feat_rot,4,1,7,dist_class1,468.0,-2.0
15,feature_blocks,feat_rot,4,1,8,targ_class1,-82.0,-390.0
15,feature_blocks,feat_rot,4,1,9,targ_class2,16.0,-290.0
15,feature_blocks,feat_rot,4,1,10,targ_class1,74.0,-218.0
15,feature_blocks,feat_rot,4,1,11,dist_class1,154.0,-141.0
15,feature_blocks,feat_rot,4,1,12,targ_class2,237.0,-85.0
15,feature_blocks,feat_rot,4,1,13,dist_class1,309.0,-17.0
15,feature_blocks,feat_rot,4,1,14,dist_class1,362.0,86.0
15,feature_blocks,feat_rot,4,1,15,dist_class2,-165.0,-293.0
15,feature_blocks,feat_rot,4,1,16,dist_class1,-68.0,-215.0
15,feature_blocks,feat_rot,4,1,17,targ_class1,11.0,-162.0
15,feature_blocks,feat_rot,4,1,18,targ_class2,80.0,-82.0
15,feature_blocks,feat_rot,4,1,19,targ_class1,151.0,23.0
15,feature_blocks,feat_rot,4,1,20,dist_class2,227.0,71.0
15,feature_blocks,feat_rot,4,1,21,targ_class1,318.0,161.0
15,feature_blocks,feat_rot,4,1,22,dist_class2,-213.0,-221.0
15,feature_blocks,feat_rot,4,1,23,dist_class1,-138.0,-161.0
15,feature_blocks,feat_rot,4,1,24,targ_class2,-96.0,-76.0
15,feature_blocks,feat_rot,4,1,25,dist_class2,-9.0,8.0
15,feature_blocks,feat_rot,4,1,26,dist_class2,77.0,85.0
15,feature_blocks,feat_rot,4,1,27,targ_class2,166.0,164.0
15,feature_blocks,feat_rot,4,1,28,targ_class1,226.0,227.0
15,feature_blocks,feat_rot,4,1,29,dist_class1,-302.0,-147.0
15,feature_blocks,feat_rot,4,1,30,targ_class1,-228.0,-76.0
15,feature_blocks,feat_rot,4,1,31,dist_class2,-172.0,10.0
15,feature_blocks,feat_rot,4,1,32,targ_class2,-91.0,72.0
15,feature_blocks,feat_rot,4,1,33,dist_class2,4.0,156.0
15,feature_blocks,feat_rot,4,1,34,dist_class2,74.0,227.0
15,feature_blocks,feat_rot,4,1,35,dist_class1,156.0,308.0
15,feature_blocks,feat_rot,4,1,36,targ_class1,-391.0,-71.0
15,feature_blocks,feat_rot,4,1,37,dist_class2,-301.0,-21.0
15,feature_blocks,feat_rot,4,1,38,dist_class2,-237.0,98.0
15,feature_blocks,feat_rot,4,1,39,dist_class2,-153.0,141.0
15,feature_blocks,feat_rot,4,1,40,targ_class1,-84.0,249.0
15,feature_blocks,feat_rot,4,1,41,dist_class1,11.0,304.0
15,feature_blocks,feat_rot,4,1,42,dist_class1,72.0,378.0
15,feature_blocks,feat_rot,4,1,43,targ_class2,-464.0,-12.0
15,feature_blocks,feat_rot,4,1,44,dist_class1,-357.0,61.0
15,feature_blocks,feat_rot,4,1,45,dist_class1,-311.0,158.0
15,feature_blocks,feat_rot,4,1,46,dist_class2,-234.0,247.0
15,feature_blocks,feat_rot,4,1,47,targ_class2,-161.0,295.0
15,feature_blocks,feat_rot,4,1,48,targ_class1,-87.0,383.0
15,feature_blocks,feat_rot,4,1,49,targ_class2,-11.0,465.0
15,feature_blocks,feat_uni,4,1,1,targ_class2,-280.0,-306.0
15,feature_blocks,feat_uni,4,1,2,targ_class1,211.0,112.0
15,feature_blocks,feat_uni,4,1,3,targ_class2,257.0,277.0
15,feature_blocks,feat_uni,4,1,4,targ_class2,328.0,-9.0
15,feature_blocks,feat_uni,4,1,5,dist_class1,-33.0,46.0
15,feature_blocks,feat_uni,4,1,6,targ_class2,-269.0,-42.0
15,feature_blocks,feat_uni,4,1,7,targ_class1,-222.0,-283.0
15,feature_blocks,feat_uni,4,1,8,dist_class1,29.0,-98.0
15,feature_blocks,feat_uni,4,1,9,dist_class2,-158.0,166.0
15,feature_blocks,feat_uni,4,1,10,dist_class2,-265.0,-248.0
15,feature_blocks,feat_uni,4,1,11,dist_class2,105.0,111.0
15,feature_blocks,feat_uni,4,1,12,targ_class1,-179.0,-7.0
15,feature_blocks,feat_uni,4,1,13,targ_class2,-335.0,-31.0
15,feature_blocks,feat_uni,4,1,14,targ_class2,-48.0,-297.0
15,feature_blocks,feat_uni,4,1,15,dist_class2,-40.0,-241.0
15,feature_blocks,feat_uni,4,1,16,targ_class2,143.0,-110.0
15,feature_blocks,feat_uni,4,1,17,targ_class2,132.0,-232.0
15,feature_blocks,feat_uni,4,1,18,targ_class2,-280.0,328.0
15,feature_blocks,feat_uni,4,1,19,dist_class1,-196.0,-219.0
15,feature_blocks,feat_uni,4,1,20,dist_class2,-195.0,-163.0
15,feature_blocks,feat_uni,4,1,21,targ_class1,-305.0,-150.0
15,feature_blocks,feat_uni,4,1,22,dist_class1,-117.0,-1.0
15,feature_blocks,feat_uni,4,1,23,dist_class1,201.0,239.0
15,feature_blocks,feat_uni,4,1,24,dist_class2,136.0,157.0
15,feature_blocks,feat_uni,4,1,25,dist_class2,-158.0,329.0
15,feature_blocks,feat_uni,4,1,26,dist_class1,-216.0,63.0
15,feature_blocks,feat_uni,4,1,27,dist_class1,-76.0,-114.0
15,feature_blocks,feat_uni,4,1,28,dist_class2,313.0,-134.0
15,feature_blocks,feat_uni,4,1,29,targ_class1,27.0,-34.0
15,feature_blocks,feat_uni,4,1,30,targ_class1,280.0,-39.0
15,feature_blocks,feat_uni,4,1,31,dist_class1,313.0,213.0
15,feature_blocks,feat_uni,4,1,32,targ_class1,335.0,264.0
15,feature_blocks,feat_uni,4,1,33,dist_class2,281.0,-297.0
15,feature_blocks,feat_uni,4,1,34,dist_class2,-155.0,229.0
15,feature_blocks,feat_uni,4,1,35,targ_class1,211.0,-120.0
15,feature_blocks,feat_uni,4,1,36,dist_class2,160.0,279.0
15,feature_blocks,feat_uni,4,1,37,dist_class1,98.0,55.0
15,feature_blocks,feat_uni,4,1,38,targ_class1,28.0,23.0
15,feature_blocks,feat_uni,4,1,39,targ_class1,96.0,-277.0
15,feature_blocks,feat_uni,4,1,40,targ_class2,-174.0,-322.0
15,feature_blocks,feat_uni,4,1,41,dist_class1,168.0,-275.0
15,feature_blocks,feat_uni,4,1,42,dist_class2,-128.0,-190.0
15,feature_blocks,feat_uni,4,1,43,targ_class2,81.0,-75.0
15,feature_blocks,feat_uni,4,1,44,targ_class1,-242.0,14.0
15,feature_blocks,feat_uni,4,1,45,dist_class1,-313.0,125.0
15,feature_blocks,feat_uni,4,1,46,targ_class2,-18.0,343.0
15,feature_blocks,feat_uni,4,1,47,dist_class2,-312.0,69.0
15,feature_blocks,feat_uni,4,1,48,targ_class1,323.0,-259.0
15,feature_blocks,feat_uni,4,1,49,dist_class1,-209.0,-83.0
15,feature_blocks,feat_rot,0,1,1,dist_class2,13.0,-459.0
15,feature_blocks,feat_rot,0,1,2,targ_class1,65.0,-382.0
15,feature_blocks,feat_rot,0,1,3,targ_class1,149.0,-298.0
15,feature_blocks,feat_rot,0,1,4,dist_class2,226.0,-207.0
15,feature_blocks,feat_rot,0,1,5,dist_class1,281.0,-152.0
15,feature_blocks,feat_rot,0,1,6,targ_class2,401.0,-61.0
15,feature_blocks,feat_rot,0,1,7,targ_class2,474.0,-18.0
15,feature_blocks,feat_rot,0,1,8,dist_class1,-65.0,-388.0
15,feature_blocks,feat_rot,0,1,9,dist_class2,8.0,-298.0
15,feature_blocks,feat_rot,0,1,10,targ_class1,84.0,-234.0
15,feature_blocks,feat_rot,0,1,11,dist_class2,144.0,-137.0
15,feature_blocks,feat_rot,0,1,12,dist_class1,227.0,-53.0
15,feature_blocks,feat_rot,0,1,13,targ_class2,295.0,-9.0
15,feature_blocks,feat_rot,0,1,14,targ_class1,373.0,74.0
15,feature_blocks,feat_rot,0,1,15,targ_class1,-161.0,-306.0
15,feature_blocks,feat_rot,0,1,16,dist_class2,-89.0,-217.0
15,feature_blocks,feat_rot,0,1,17,targ_class1,25.0,-156.0
15,feature_blocks,feat_rot,0,1,18,dist_class2,84.0,-68.0
15,feature_blocks,feat_rot,0,1,19,dist_class1,130.0,0.0
15,feature_blocks,feat_rot,0,1,20,dist_class2,239.0,57.0
15,feature_blocks,feat_rot,0,1,21,dist_class2,308.0,155.0
15,feature_blocks,feat_rot,0,1,22,targ_class2,-223.0,-222.0
15,feature_blocks,feat_rot,0,1,23,dist_class1,-146.0,-146.0
15,feature_blocks,feat_rot,0,1,24,targ_class1,-66.0,-73.0
15,feature_blocks,feat_rot,0,1,25,targ_class1,5.0,5.0
15,feature_blocks,feat_rot,0,1,26,dist_class1,77.0,84.0
15,feature_blocks,feat_rot,0,1,27,targ_class2,171.0,151.0
15,feature_blocks,feat_rot,0,1,28,dist_class2,225.0,241.0
15,feature_blocks,feat_rot,0,1,29,dist_class2,-307.0,-143.0
15,feature_blocks,feat_rot,0,1,30,targ_class2,-226.0,-62.0
15,feature_blocks,feat_rot,0,1,31,targ_class1,-148.0,5.0
15,feature_blocks,feat_rot,0,1,32,targ_class2,-80.0,69.0
15,feature_blocks,feat_rot,0,1,33,targ_class1,-6.0,157.0
15,feature_blocks,feat_rot,0,1,34,targ_class2,76.0,233.0
15,feature_blocks,feat_rot,0,1,35,dist_class1,164.0,298.0
15,feature_blocks,feat_rot,0,1,36,targ_class2,-393.0,-85.0
15,feature_blocks,feat_rot,0,1,37,dist_class1,-326.0,10.0
15,feature_blocks,feat_rot,0,1,38,targ_class2,-230.0,68.0
15,feature_blocks,feat_rot,0,1,39,dist_class1,-155.0,167.0
15,feature_blocks,feat_rot,0,1,40,dist_class2,-94.0,232.0
15,feature_blocks,feat_rot,0,1,41,dist_class2,-6.0,325.0
15,feature_blocks,feat_rot,0,1,42,targ_class2,71.0,363.0
15,feature_blocks,feat_rot,0,1,43,targ_class1,-454.0,-2.0
15,feature_blocks,feat_rot,0,1,44,dist_class1,-376.0,74.0
15,feature_blocks,feat_rot,0,1,45,targ_class2,-321.0,171.0
15,feature_blocks,feat_rot,0,1,46,targ_class1,-230.0,241.0
15,feature_blocks,feat_rot,0,1,47,dist_class2,-168.0,301.0
15,feature_blocks,feat_rot,0,1,48,dist_class1,-74.0,395.0
15,feature_blocks,feat_rot,0,1,49,dist_class1,-13.0,452.0
15,feature_blocks,feat_grid,3,1,1,targ_class1,-327.0,-322.0
15,feature_blocks,feat_grid,3,1,2,dist_class1,-201.0,-327.0
15,feature_blocks,feat_grid,3,1,3,dist_class1,-109.0,-321.0
15,feature_blocks,feat_grid,3,1,4,dist_class2,20.0,-315.0
15,feature_blocks,feat_grid,3,1,5,targ_class1,122.0,-321.0
15,feature_blocks,feat_grid,3,1,6,dist_class1,220.0,-308.0
15,feature_blocks,feat_grid,3,1,7,targ_class2,333.0,-346.0
15,feature_blocks,feat_grid,3,1,8,targ_class1,-326.0,-214.0
15,feature_blocks,feat_grid,3,1,9,targ_class1,-193.0,-224.0
15,feature_blocks,feat_grid,3,1,10,dist_class1,-101.0,-226.0
15,feature_blocks,feat_grid,3,1,11,dist_class2,-1.0,-234.0
15,feature_blocks,feat_grid,3,1,12,dist_class2,104.0,-213.0
15,feature_blocks,feat_grid,3,1,13,targ_class2,207.0,-220.0
15,feature_blocks,feat_grid,3,1,14,dist_class2,308.0,-214.0
15,feature_blocks,feat_grid,3,1,15,dist_class1,-340.0,-100.0
15,feature_blocks,feat_grid,3,1,16,targ_class2,-219.0,-86.0
15,feature_blocks,feat_grid,3,1,17,dist_class2,-90.0,-99.0
15,feature_blocks,feat_grid,3,1,18,targ_class2,-5.0,-125.0
15,feature_blocks,feat_grid,3,1,19,targ_class1,103.0,-104.0
15,feature_blocks,feat_grid,3,1,20,targ_class1,222.0,-113.0
15,feature_blocks,feat_grid,3,1,21,dist_class2,324.0,-124.0
15,feature_blocks,feat_grid,3,1,22,targ_class2,-324.0,-1.0
15,feature_blocks,feat_grid,3,1,23,dist_class2,-240.0,1.0
15,feature_blocks,feat_grid,3,1,24,dist_class2,-123.0,20.0
15,feature_blocks,feat_grid,3,1,25,targ_class2,11.0,11.0
15,feature_blocks,feat_grid,3,1,26,dist_class1,100.0,1.0
15,feature_blocks,feat_grid,3,1,27,targ_class2,206.0,10.0
15,feature_blocks,feat_grid,3,1,28,targ_class2,312.0,7.0
15,feature_blocks,feat_grid,3,1,29,targ_class1,-325.0,111.0
15,feature_blocks,feat_grid,3,1,30,dist_class2,-217.0,104.0
15,feature_blocks,feat_grid,3,1,31,targ_class1,-106.0,103.0
15,feature_blocks,feat_grid,3,1,32,targ_class2,-0.0,98.0
15,feature_blocks,feat_grid,3,1,33,dist_class2,114.0,113.0
15,feature_blocks,feat_grid,3,1,34,targ_class1,205.0,102.0
15,feature_blocks,feat_grid,3,1,35,dist_class1,322.0,117.0
15,feature_blocks,feat_grid,3,1,36,dist_class2,-323.0,206.0
15,feature_blocks,feat_grid,3,1,37,targ_class2,-230.0,227.0
15,feature_blocks,feat_grid,3,1,38,targ_class1,-122.0,198.0
15,feature_blocks,feat_grid,3,1,39,dist_class1,-5.0,229.0
15,feature_blocks,feat_grid,3,1,40,targ_class1,110.0,224.0
15,feature_blocks,feat_grid,3,1,41,targ_class1,211.0,215.0
15,feature_blocks,feat_grid,3,1,42,targ_class2,327.0,236.0
15,feature_blocks,feat_grid,3,1,43,dist_class1,-314.0,341.0
15,feature_blocks,feat_grid,3,1,44,dist_class1,-223.0,332.0
15,feature_blocks,feat_grid,3,1,45,dist_class2,-108.0,338.0
15,feature_blocks,feat_grid,3,1,46,dist_class1,-10.0,298.0
15,feature_blocks,feat_grid,3,1,47,targ_class2,112.0,311.0
15,feature_blocks,feat_grid,3,1,48,dist_class1,209.0,335.0
15,feature_blocks,feat_grid,3,1,49,dist_class2,330.0,341.0
15,feature_blocks,feat_rot,2,1,1,targ_class2,4.0,-466.0
15,feature_blocks,feat_rot,2,1,2,targ_class2,66.0,-378.0
15,feature_blocks,feat_rot,2,1,3,dist_class1,136.0,-282.0
15,feature_blocks,feat_rot,2,1,4,targ_class1,206.0,-250.0
15,feature_blocks,feat_rot,2,1,5,dist_class2,303.0,-153.0
15,feature_blocks,feat_rot,2,1,6,dist_class2,384.0,-83.0
15,feature_blocks,feat_rot,2,1,7,dist_class1,463.0,12.0
15,feature_blocks,feat_rot,2,1,8,dist_class2,-95.0,-397.0
15,feature_blocks,feat_rot,2,1,9,targ_class1,11.0,-316.0
15,feature_blocks,feat_rot,2,1,10,dist_class1,84.0,-227.0
15,feature_blocks,feat_rot,2,1,11,dist_class1,142.0,-158.0
15,feature_blocks,feat_rot,2,1,12,dist_class2,214.0,-61.0
15,feature_blocks,feat_rot,2,1,13,targ_class2,306.0,12.0
15,feature_blocks,feat_rot,2,1,14,dist_class2,365.0,99.0
15,feature_blocks,feat_rot,2,1,15,targ_class2,-165.0,-316.0
15,feature_blocks,feat_rot,2,1,16,targ_class2,-57.0,-237.0
15,feature_blocks,feat_rot,2,1,17,targ_class1,6.0,-148.0
15,feature_blocks,feat_rot,2,1,18,dist_class1,92.0,-71.0
15,feature_blocks,feat_rot,2,1,19,dist_class1,134.0,-3.0
15,feature_blocks,feat_rot,2,1,20,dist_class2,221.0,92.0
15,feature_blocks,feat_rot,2,1,21,dist_class1,305.0,163.0
15,feature_blocks,feat_rot,2,1,22,dist_class1,-223.0,-221.0
15,feature_blocks,feat_rot,2,1,23,dist_class2,-161.0,-165.0
15,feature_blocks,feat_rot,2,1,24,targ_class2,-92.0,-69.0
15,feature_blocks,feat_rot,2,1,25,dist_class1,9.0,-7.0
15,feature_blocks,feat_rot,2,1,26,dist_class2,78.0,80.0
15,feature_blocks,feat_rot,2,1,27,dist_class2,151.0,146.0
15,feature_blocks,feat_rot,2,1,28,targ_class2,229.0,224.0
15,feature_blocks,feat_rot,2,1,29,targ_class1,-311.0,-150.0
15,feature_blocks,feat_rot,2,1,30,targ_class1,-218.0,-70.0
15,feature_blocks,feat_rot,2,1,31,dist_class2,-173.0,-29.0
15,feature_blocks,feat_rot,2,1,32,dist_class1,-89.0,100.0
15,feature_blocks,feat_rot,2,1,33,targ_class1,8.0,151.0
15,feature_blocks,feat_rot,2,1,34,dist_class1,85.0,218.0
15,feature_blocks,feat_rot,2,1,35,targ_class2,157.0,318.0
15,feature_blocks,feat_rot,2,1,36,dist_class2,-377.0,-82.0
15,feature_blocks,feat_rot,2,1,37,targ_class1,-312.0,-2.0
15,feature_blocks,feat_rot,2,1,38,dist_class1,-217.0,66.0
15,feature_blocks,feat_rot,2,1,39,targ_class1,-153.0,160.0
15,feature_blocks,feat_rot,2,1,40,targ_class1,-99.0,228.0
15,feature_blocks,feat_rot,2,1,41,targ_class2,-5.0,304.0
15,feature_blocks,feat_rot,2,1,42,targ_class1,78.0,375.0
15,feature_blocks,feat_rot,2,1,43,targ_class2,-457.0,5.0
15,feature_blocks,feat_rot,2,1,44,targ_class2,-371.0,52.0
15,feature_blocks,feat_rot,2,1,45,targ_class1,-298.0,159.0
15,feature_blocks,feat_rot,2,1,46,dist_class2,-239.0,223.0
15,feature_blocks,feat_rot,2,1,47,targ_class2,-146.0,304.0
15,feature_blocks,feat_rot,2,1,48,dist_class2,-73.0,405.0
15,feature_blocks,feat_rot,2,1,49,targ_class1,5.0,478.0
15,feature_blocks,feat_grid,0,1,1,dist_class2,-337.0,-313.0
15,feature_blocks,feat_grid,0,1,2,dist_class1,-200.0,-352.0
15,feature_blocks,feat_grid,0,1,3,targ_class1,-103.0,-313.0
15,feature_blocks,feat_grid,0,1,4,targ_class2,-11.0,-333.0
15,feature_blocks,feat_grid,0,1,5,targ_class1,120.0,-318.0
15,feature_blocks,feat_grid,0,1,6,targ_class2,214.0,-327.0
15,feature_blocks,feat_grid,0,1,7,dist_class1,329.0,-314.0
15,feature_blocks,feat_grid,0,1,8,dist_class1,-340.0,-199.0
15,feature_blocks,feat_grid,0,1,9,dist_class1,-214.0,-231.0
15,feature_blocks,feat_grid,0,1,10,targ_class2,-102.0,-212.0
15,feature_blocks,feat_grid,0,1,11,targ_class1,-3.0,-233.0
15,feature_blocks,feat_grid,0,1,12,dist_class2,122.0,-228.0
15,feature_blocks,feat_grid,0,1,13,dist_class2,223.0,-225.0
15,feature_blocks,feat_grid,0,1,14,targ_class1,334.0,-208.0
15,feature_blocks,feat_grid,0,1,15,targ_class1,-335.0,-98.0
15,feature_blocks,feat_grid,0,1,16,targ_class2,-243.0,-105.0
15,feature_blocks,feat_grid,0,1,17,dist_class2,-111.0,-120.0
15,feature_blocks,feat_grid,0,1,18,dist_class1,-2.0,-117.0
15,feature_blocks,feat_grid,0,1,19,dist_class1,122.0,-117.0
15,feature_blocks,feat_grid,0,1,20,dist_class1,223.0,-116.0
15,feature_blocks,feat_grid,0,1,21,targ_class1,317.0,-108.0
15,feature_blocks,feat_grid,0,1,22,targ_class2,-328.0,-6.0
15,feature_blocks,feat_grid,0,1,23,targ_class2,-220.0,-14.0
15,feature_blocks,feat_grid,0,1,24,targ_class2,-114.0,5.0
15,feature_blocks,feat_grid,0,1,25,dist_class2,-6.0,-3.0
15,feature_blocks,feat_grid,0,1,26,dist_class2,105.0,-2.0
15,feature_blocks,feat_grid,0,1,27,dist_class1,214.0,-14.0
15,feature_blocks,feat_grid,0,1,28,targ_class2,324.0,15.0
15,feature_blocks,feat_grid,0,1,29,dist_class2,-312.0,124.0
15,feature_blocks,feat_grid,0,1,30,dist_class1,-207.0,121.0
15,feature_blocks,feat_grid,0,1,31,targ_class2,-106.0,108.0
15,feature_blocks,feat_grid,0,1,32,dist_class2,-7.0,105.0
15,feature_blocks,feat_grid,0,1,33,targ_class2,101.0,116.0
15,feature_blocks,feat_grid,0,1,34,targ_class2,219.0,120.0
15,feature_blocks,feat_grid,0,1,35,dist_class2,324.0,107.0
15,feature_blocks,feat_grid,0,1,36,dist_class2,-319.0,226.0
15,feature_blocks,feat_grid,0,1,37,targ_class2,-197.0,218.0
15,feature_blocks,feat_grid,0,1,38,targ_class1,-84.0,214.0
15,feature_blocks,feat_grid,0,1,39,dist_class2,-5.0,215.0
15,feature_blocks,feat_grid,0,1,40,targ_class1,93.0,227.0
15,feature_blocks,feat_grid,0,1,41,dist_class2,210.0,218.0
15,feature_blocks,feat_grid,0,1,42,dist_class2,315.0,204.0
15,feature_blocks,feat_grid,0,1,43,dist_class1,-340.0,315.0
15,feature_blocks,feat_grid,0,1,44,targ_class1,-214.0,337.0
15,feature_blocks,feat_grid,0,1,45,dist_class1,-112.0,327.0
15,feature_blocks,feat_grid,0,1,46,targ_class1,-6.0,322.0
15,feature_blocks,feat_grid,0,1,47,dist_class1,103.0,307.0
15,feature_blocks,feat_grid,0,1,48,targ_class1,221.0,307.0
15,feature_blocks,feat_grid,0,1,49,targ_class1,325.0,309.0
15,feature_blocks,feat_uni,2,1,1,dist_class2,198.0,-37.0
15,feature_blocks,feat_uni,2,1,2,dist_class2,97.0,-288.0
15,feature_blocks,feat_uni,2,1,3,targ_class1,-122.0,-179.0
15,feature_blocks,feat_uni,2,1,4,targ_class2,106.0,-176.0
15,feature_blocks,feat_uni,2,1,5,dist_class2,-299.0,-189.0
15,feature_blocks,feat_uni,2,1,6,targ_class1,-233.0,-360.0
15,feature_blocks,feat_uni,2,1,7,targ_class2,-270.0,356.0
15,feature_blocks,feat_uni,2,1,8,dist_class2,-47.0,-192.0
15,feature_blocks,feat_uni,2,1,9,dist_class2,309.0,163.0
15,feature_blocks,feat_uni,2,1,10,targ_class2,349.0,222.0
15,feature_blocks,feat_uni,2,1,11,targ_class2,345.0,-262.0
15,feature_blocks,feat_uni,2,1,12,targ_class1,2.0,215.0
15,feature_blocks,feat_uni,2,1,13,targ_class2,290.0,-322.0
15,feature_blocks,feat_uni,2,1,14,targ_class2,299.0,250.0
15,feature_blocks,feat_uni,2,1,15,targ_class1,256.0,197.0
15,feature_blocks,feat_uni,2,1,16,targ_class2,350.0,-41.0
15,feature_blocks,feat_uni,2,1,17,dist_class2,-228.0,-303.0
15,feature_blocks,feat_uni,2,1,18,dist_class1,-168.0,147.0
15,feature_blocks,feat_uni,2,1,19,dist_class1,343.0,-149.0
15,feature_blocks,feat_uni,2,1,20,dist_class2,73.0,-73.0
15,feature_blocks,feat_uni,2,1,21,targ_class1,-175.0,-199.0
15,feature_blocks,feat_uni,2,1,22,dist_class1,173.0,208.0
15,feature_blocks,feat_uni,2,1,23,dist_class2,122.0,-341.0
15,feature_blocks,feat_uni,2,1,24,targ_class1,-290.0,302.0
15,feature_blocks,feat_uni,2,1,25,dist_class2,236.0,-80.0
15,feature_blocks,feat_uni,2,1,26,targ_class1,211.0,165.0
15,feature_blocks,feat_uni,2,1,27,targ_class2,-146.0,-109.0
15,feature_blocks,feat_uni,2,1,28,dist_class2,43.0,-176.0
15,feature_blocks,feat_uni,2,1,29,targ_class2,-130.0,316.0
15,feature_blocks,feat_uni,2,1,30,dist_class1,-263.0,-235.0
15,feature_blocks,feat_uni,2,1,31,targ_class2,-230.0,-190.0
15,feature_blocks,feat_uni,2,1,32,dist_class2,-113.0,-60.0
15,feature_blocks,feat_uni,2,1,33,dist_class2,232.0,351.0
15,feature_blocks,feat_uni,2,1,34,targ_class1,137.0,284.0
15,feature_blocks,feat_uni,2,1,35,targ_class1,254.0,282.0
15,feature_blocks,feat_uni,2,1,36,dist_class1,-142.0,97.0
15,feature_blocks,feat_uni,2,1,37,dist_class1,-342.0,281.0
15,feature_blocks,feat_uni,2,1,38,dist_class1,-1.0,158.0
15,feature_blocks,feat_uni,2,1,39,dist_class1,-168.0,-57.0
15,feature_blocks,feat_uni,2,1,40,dist_class2,-60.0,333.0
15,feature_blocks,feat_uni,2,1,41,dist_class1,-203.0,231.0
15,feature_blocks,feat_uni,2,1,42,dist_class1,164.0,92.0
15,feature_blocks,feat_uni,2,1,43,dist_class1,42.0,-279.0
15,feature_blocks,feat_uni,2,1,44,targ_class1,147.0,-61.0
15,feature_blocks,feat_uni,2,1,45,dist_class1,-224.0,-56.0
15,feature_blocks,feat_uni,2,1,46,targ_class1,-336.0,-59.0
15,feature_blocks,feat_uni,2,1,47,targ_class1,-160.0,364.0
15,feature_blocks,feat_uni,2,1,48,targ_class2,-49.0,-118.0
15,feature_blocks,feat_uni,2,1,49,targ_class2,-188.0,-254.0
15,feature_blocks,feat_rot,3,1,1,dist_class2,11.0,-458.0
15,feature_blocks,feat_rot,3,1,2,dist_class2,90.0,-383.0
15,feature_blocks,feat_rot,3,1,3,targ_class2,131.0,-299.0
15,feature_blocks,feat_rot,3,1,4,targ_class2,214.0,-221.0
15,feature_blocks,feat_rot,3,1,5,dist_class1,294.0,-140.0
15,feature_blocks,feat_rot,3,1,6,targ_class2,365.0,-80.0
15,feature_blocks,feat_rot,3,1,7,targ_class1,467.0,-1.0
15,feature_blocks,feat_rot,3,1,8,dist_class2,-74.0,-394.0
15,feature_blocks,feat_rot,3,1,9,targ_class1,-2.0,-306.0
15,feature_blocks,feat_rot,3,1,10,dist_class1,57.0,-217.0
15,feature_blocks,feat_rot,3,1,11,targ_class1,153.0,-155.0
15,feature_blocks,feat_rot,3,1,12,targ_class2,235.0,-72.0
15,feature_blocks,feat_rot,3,1,13,dist_class1,309.0,18.0
15,feature_blocks,feat_rot,3,1,14,dist_class1,367.0,81.0
15,feature_blocks,feat_rot,3,1,15,dist_class2,-148.0,-288.0
15,feature_blocks,feat_rot,3,1,16,targ_class2,-82.0,-228.0
15,feature_blocks,feat_rot,3,1,17,dist_class2,-6.0,-170.0
15,feature_blocks,feat_rot,3,1,18,targ_class2,70.0,-73.0
15,feature_blocks,feat_rot,3,1,19,targ_class2,155.0,3.0
15,feature_blocks,feat_rot,3,1,20,targ_class2,214.0,94.0
15,feature_blocks,feat_rot,3,1,21,dist_class1,300.0,160.0
15,feature_blocks,feat_rot,3,1,22,targ_class1,-234.0,-240.0
15,feature_blocks,feat_rot,3,1,23,dist_class2,-156.0,-149.0
15,feature_blocks,feat_rot,3,1,24,dist_class1,-75.0,-95.0
15,feature_blocks,feat_rot,3,1,25,dist_class1,-13.0,1.0
15,feature_blocks,feat_rot,3,1,26,dist_class2,72.0,70.0
15,feature_blocks,feat_rot,3,1,27,dist_class2,157.0,159.0
15,feature_blocks,feat_rot,3,1,28,dist_class1,248.0,220.0
15,feature_blocks,feat_rot,3,1,29,dist_class2,-298.0,-157.0
15,feature_blocks,feat_rot,3,1,30,dist_class1,-224.0,-75.0
15,feature_blocks,feat_rot,3,1,31,targ_class2,-152.0,-14.0
15,feature_blocks,feat_rot,3,1,32,targ_class2,-75.0,58.0
15,feature_blocks,feat_rot,3,1,33,dist_class2,-13.0,167.0
15,feature_blocks,feat_rot,3,1,34,dist_class2,73.0,225.0
15,feature_blocks,feat_rot,3,1,35,targ_class1,155.0,297.0
15,feature_blocks,feat_rot,3,1,36,targ_class1,-377.0,-71.0
15,feature_blocks,feat_rot,3,1,37,dist_class1,-316.0,-2.0
15,feature_blocks,feat_rot,3,1,38,dist_class1,-215.0,69.0
15,feature_blocks,feat_rot,3,1,39,targ_class1,-155.0,155.0
15,feature_blocks,feat_rot,3,1,40,targ_class1,-57.0,220.0
15,feature_blocks,feat_rot,3,1,41,targ_class2,-24.0,308.0
15,feature_blocks,feat_rot,3,1,42,targ_class1,75.0,378.0
15,feature_blocks,feat_rot,3,1,43,targ_class1,-467.0,7.0
15,feature_blocks,feat_rot,3,1,44,dist_class2,-383.0,80.0
15,feature_blocks,feat_rot,3,1,45,dist_class2,-316.0,137.0
15,feature_blocks,feat_rot,3,1,46,dist_class1,-232.0,230.0
15,feature_blocks,feat_rot,3,1,47,targ_class1,-137.0,326.0
15,feature_blocks,feat_rot,3,1,48,targ_class1,-62.0,375.0
15,feature_blocks,feat_rot,3,1,49,targ_class2,3.0,463.0
15,feature_blocks,feat_grid,2,1,1,targ_class1,-316.0,-321.0
15,feature_blocks,feat_grid,2,1,2,dist_class1,-212.0,-318.0
15,feature_blocks,feat_grid,2,1,3,dist_class2,-98.0,-336.0
15,feature_blocks,feat_grid,2,1,4,dist_class2,2.0,-319.0
15,feature_blocks,feat_grid,2,1,5,dist_class2,103.0,-329.0
15,feature_blocks,feat_grid,2,1,6,targ_class2,215.0,-316.0
15,feature_blocks,feat_grid,2,1,7,targ_class2,319.0,-338.0
15,feature_blocks,feat_grid,2,1,8,targ_class1,-331.0,-217.0
15,feature_blocks,feat_grid,2,1,9,targ_class2,-216.0,-226.0
15,feature_blocks,feat_grid,2,1,10,targ_class2,-89.0,-222.0
15,feature_blocks,feat_grid,2,1,11,targ_class2,10.0,-226.0
15,feature_blocks,feat_grid,2,1,12,targ_class1,99.0,-228.0
15,feature_blocks,feat_grid,2,1,13,dist_class2,198.0,-191.0
15,feature_blocks,feat_grid,2,1,14,targ_class1,326.0,-223.0
15,feature_blocks,feat_grid,2,1,15,dist_class2,-323.0,-114.0
15,feature_blocks,feat_grid,2,1,16,dist_class1,-216.0,-111.0
15,feature_blocks,feat_grid,2,1,17,targ_class1,-117.0,-107.0
15,feature_blocks,feat_grid,2,1,18,dist_class2,-9.0,-91.0
15,feature_blocks,feat_grid,2,1,19,dist_class2,106.0,-111.0
15,feature_blocks,feat_grid,2,1,20,targ_class1,211.0,-103.0
15,feature_blocks,feat_grid,2,1,21,dist_class1,335.0,-114.0
15,feature_blocks,feat_grid,2,1,22,dist_class1,-347.0,9.0
15,feature_blocks,feat_grid,2,1,23,dist_class1,-211.0,2.0
15,feature_blocks,feat_grid,2,1,24,dist_class1,-96.0,3.0
15,feature_blocks,feat_grid,2,1,25,targ_class2,-9.0,-9.0
15,feature_blocks,feat_grid,2,1,26,dist_class2,95.0,8.0
15,feature_blocks,feat_grid,2,1,27,targ_class1,194.0,-15.0
15,feature_blocks,feat_grid,2,1,28,dist_class2,325.0,6.0
15,feature_blocks,feat_grid,2,1,29,dist_class1,-320.0,88.0
15,feature_blocks,feat_grid,2,1,30,targ_class2,-211.0,87.0
15,feature_blocks,feat_grid,2,1,31,targ_class2,-107.0,114.0
15,feature_blocks,feat_grid,2,1,32,targ_class2,11.0,108.0
15,feature_blocks,feat_grid,2,1,33,targ_class1,117.0,117.0
15,feature_blocks,feat_grid,2,1,34,targ_class1,199.0,126.0
15,feature_blocks,feat_grid,2,1,35,targ_class2,337.0,99.0
15,feature_blocks,feat_grid,2,1,36,dist_class1,-316.0,205.0
15,feature_blocks,feat_grid,2,1,37,dist_class2,-216.0,211.0
15,feature_blocks,feat_grid,2,1,38,dist_class1,-116.0,227.0
15,feature_blocks,feat_grid,2,1,39,dist_class2,0.0,202.0
15,feature_blocks,feat_grid,2,1,40,dist_class2,110.0,237.0
15,feature_blocks,feat_grid,2,1,41,dist_class1,223.0,214.0
15,feature_blocks,feat_grid,2,1,42,targ_class2,317.0,222.0
15,feature_blocks,feat_grid,2,1,43,dist_class1,-339.0,332.0
15,feature_blocks,feat_grid,2,1,44,targ_class2,-208.0,322.0
15,feature_blocks,feat_grid,2,1,45,dist_class1,-113.0,322.0
15,feature_blocks,feat_grid,2,1,46,dist_class2,-6.0,329.0
15,feature_blocks,feat_grid,2,1,47,targ_class1,114.0,329.0
15,feature_blocks,feat_grid,2,1,48,targ_class1,223.0,325.0
15,feature_blocks,feat_grid,2,1,49,targ_class1,321.0,320.0
15,feature_blocks,feat_uni,1,1,1,dist_class2,303.0,-225.0
15,feature_blocks,feat_uni,1,1,2,targ_class1,-146.0,-315.0
15,feature_blocks,feat_uni,1,1,3,targ_class2,-100.0,-86.0
15,feature_blocks,feat_uni,1,1,4,targ_class1,-239.0,348.0
15,feature_blocks,feat_uni,1,1,5,targ_class1,342.0,35.0
15,feature_blocks,feat_uni,1,1,6,dist_class2,-20.0,65.0
15,feature_blocks,feat_uni,1,1,7,targ_class2,254.0,-21.0
15,feature_blocks,feat_uni,1,1,8,targ_class1,70.0,-96.0
15,feature_blocks,feat_uni,1,1,9,dist_class2,-3.0,146.0
15,feature_blocks,feat_uni,1,1,10,dist_class2,345.0,240.0
15,feature_blocks,feat_uni,1,1,11,targ_class2,-313.0,69.0
15,feature_blocks,feat_uni,1,1,12,targ_class1,-154.0,112.0
15,feature_blocks,feat_uni,1,1,13,dist_class2,-171.0,57.0
15,feature_blocks,feat_uni,1,1,14,targ_class1,328.0,-343.0
15,feature_blocks,feat_uni,1,1,15,dist_class1,237.0,244.0
15,feature_blocks,feat_uni,1,1,16,dist_class1,39.0,107.0
15,feature_blocks,feat_uni,1,1,17,dist_class2,-170.0,248.0
15,feature_blocks,feat_uni,1,1,18,targ_class1,-166.0,182.0
15,feature_blocks,feat_uni,1,1,19,dist_class1,-27.0,-259.0
15,feature_blocks,feat_uni,1,1,20,dist_class2,252.0,-166.0
15,feature_blocks,feat_uni,1,1,21,dist_class1,157.0,-57.0
15,feature_blocks,feat_uni,1,1,22,dist_class2,-242.0,-168.0
15,feature_blocks,feat_uni,1,1,23,targ_class2,-75.0,90.0
15,feature_blocks,feat_uni,1,1,24,targ_class2,-266.0,239.0
15,feature_blocks,feat_uni,1,1,25,dist_class1,255.0,-288.0
15,feature_blocks,feat_uni,1,1,26,targ_class2,-53.0,-116.0
15,feature_blocks,feat_uni,1,1,27,targ_class1,-203.0,140.0
15,feature_blocks,feat_uni,1,1,28,dist_class1,-322.0,-24.0
15,feature_blocks,feat_uni,1,1,29,targ_class2,199.0,-144.0
15,feature_blocks,feat_uni,1,1,30,targ_class1,43.0,-280.0
15,feature_blocks,feat_uni,1,1,31,targ_class2,32.0,331.0
15,feature_blocks,feat_uni,1,1,32,dist_class1,-245.0,103.0
15,feature_blocks,feat_uni,1,1,33,dist_class1,-96.0,-30.0
15,feature_blocks,feat_uni,1,1,34,dist_class1,15.0,-221.0
15,feature_blocks,feat_uni,1,1,35,dist_class2,-336.0,119.0
15,feature_blocks,feat_uni,1,1,36,targ_class2,-119.0,21.0
15,feature_blocks,feat_uni,1,1,37,targ_class1,-40.0,-334.0
15,feature_blocks,feat_uni,1,1,38,targ_class2,292.0,257.0
15,feature_blocks,feat_uni,1,1,39,dist_class1,273.0,69.0
15,feature_blocks,feat_uni,1,1,40,dist_class2,-346.0,-120.0
15,feature_blocks,feat_uni,1,1,41,dist_class2,220.0,-348.0
15,feature_blocks,feat_uni,1,1,42,targ_class2,-348.0,-177.0
15,feature_blocks,feat_uni,1,1,43,targ_class1,-224.0,-286.0
15,feature_blocks,feat_uni,1,1,44,dist_class2,197.0,204.0
15,feature_blocks,feat_uni,1,1,45,dist_class1,-238.0,47.0
15,feature_blocks,feat_uni,1,1,46,targ_class1,-186.0,-163.0
15,feature_blocks,feat_uni,1,1,47,targ_class2,213.0,344.0
15,feature_blocks,feat_uni,1,1,48,dist_class1,-270.0,-2.0
15,feature_blocks,feat_uni,1,1,49,dist_class2,131.0,328.0
15,feature_blocks,feat_uni,0,1,1,dist_class1,140.0,310.0
15,feature_blocks,feat_uni,0,1,2,dist_class2,165.0,137.0
15,feature_blocks,feat_uni,0,1,3,dist_class1,-221.0,250.0
15,feature_blocks,feat_uni,0,1,4,dist_class2,-52.0,31.0
15,feature_blocks,feat_uni,0,1,5,targ_class1,-140.0,96.0
15,feature_blocks,feat_uni,0,1,6,dist_class2,-322.0,-192.0
15,feature_blocks,feat_uni,0,1,7,targ_class1,-94.0,277.0
15,feature_blocks,feat_uni,0,1,8,targ_class2,285.0,22.0
15,feature_blocks,feat_uni,0,1,9,dist_class1,362.0,-147.0
15,feature_blocks,feat_uni,0,1,10,targ_class1,146.0,255.0
15,feature_blocks,feat_uni,0,1,11,dist_class2,4.0,-341.0
15,feature_blocks,feat_uni,0,1,12,dist_class1,-336.0,139.0
15,feature_blocks,feat_uni,0,1,13,targ_class2,125.0,97.0
15,feature_blocks,feat_uni,0,1,14,targ_class1,85.0,288.0
15,feature_blocks,feat_uni,0,1,15,targ_class2,-337.0,-345.0
15,feature_blocks,feat_uni,0,1,16,targ_class1,-189.0,298.0
15,feature_blocks,feat_uni,0,1,17,targ_class2,58.0,114.0
15,feature_blocks,feat_uni,0,1,18,targ_class2,150.0,199.0
15,feature_blocks,feat_uni,0,1,19,dist_class1,127.0,2.0
15,feature_blocks,feat_uni,0,1,20,dist_class1,-186.0,-147.0
15,feature_blocks,feat_uni,0,1,21,dist_class2,134.0,-167.0
15,feature_blocks,feat_uni,0,1,22,targ_class2,-206.0,-95.0
15,feature_blocks,feat_uni,0,1,23,targ_class2,283.0,-114.0
15,feature_blocks,feat_uni,0,1,24,dist_class1,-58.0,-147.0
15,feature_blocks,feat_uni,0,1,25,dist_class1,45.0,-211.0
15,feature_blocks,feat_uni,0,1,26,dist_class2,202.0,180.0
15,feature_blocks,feat_uni,0,1,27,dist_class2,-46.0,-26.0
15,feature_blocks,feat_uni,0,1,28,targ_class1,309.0,-163.0
15,feature_blocks,feat_uni,0,1,29,dist_class2,187.0,-183.0
15,feature_blocks,feat_uni,0,1,30,dist_class1,238.0,-149.0
15,feature_blocks,feat_uni,0,1,31,targ_class1,-111.0,-93.0
15,feature_blocks,feat_uni,0,1,32,targ_class1,284.0,78.0
15,feature_blocks,feat_uni,0,1,33,targ_class1,-274.0,-133.0
15,feature_blocks,feat_uni,0,1,34,dist_class2,237.0,-268.0
15,feature_blocks,feat_uni,0,1,35,targ_class2,289.0,-215.0
15,feature_blocks,feat_uni,0,1,36,targ_class2,-182.0,-340.0
15,feature_blocks,feat_uni,0,1,37,dist_class2,-254.0,-198.0
15,feature_blocks,feat_uni,0,1,38,targ_class2,93.0,158.0
15,feature_blocks,feat_uni,0,1,39,targ_class1,72.0,39.0
15,feature_blocks,feat_uni,0,1,40,dist_class2,234.0,-213.0
15,feature_blocks,feat_uni,0,1,41,targ_class1,-90.0,348.0
15,feature_blocks,feat_uni,0,1,42,targ_class1,-359.0,352.0
15,feature_blocks,feat_uni,0,1,43,targ_class2,-264.0,-78.0
15,feature_blocks,feat_uni,0,1,44,targ_class2,-187.0,354.0
15,feature_blocks,feat_uni,0,1,45,dist_class1,-280.0,152.0
15,feature_blocks,feat_uni,0,1,46,dist_class1,96.0,218.0
15,feature_blocks,feat_uni,0,1,47,dist_class2,-184.0,131.0
15,feature_blocks,feat_uni,0,1,48,dist_class1,197.0,-318.0
15,feature_blocks,feat_uni,0,1,49,dist_class2,78.0,-166.0
15,feature_blocks,feat_uni,3,1,1,dist_class2,-57.0,-299.0
15,feature_blocks,feat_uni,3,1,2,targ_class1,182.0,-111.0
15,feature_blocks,feat_uni,3,1,3,dist_class2,-302.0,58.0
15,feature_blocks,feat_uni,3,1,4,targ_class1,-326.0,351.0
15,feature_blocks,feat_uni,3,1,5,targ_class1,306.0,-96.0
15,feature_blocks,feat_uni,3,1,6,dist_class1,126.0,-106.0
15,feature_blocks,feat_uni,3,1,7,dist_class2,21.0,266.0
15,feature_blocks,feat_uni,3,1,8,dist_class2,-32.0,-130.0
15,feature_blocks,feat_uni,3,1,9,targ_class2,264.0,48.0
15,feature_blocks,feat_uni,3,1,10,targ_class1,351.0,284.0
15,feature_blocks,feat_uni,3,1,11,dist_class2,366.0,-219.0
15,feature_blocks,feat_uni,3,1,12,dist_class2,200.0,-24.0
15,feature_blocks,feat_uni,3,1,13,targ_class1,-255.0,-31.0
15,feature_blocks,feat_uni,3,1,14,targ_class1,220.0,104.0
15,feature_blocks,feat_uni,3,1,15,targ_class2,313.0,-237.0
15,feature_blocks,feat_uni,3,1,16,dist_class1,145.0,208.0
15,feature_blocks,feat_uni,3,1,17,targ_class2,-308.0,-47.0
15,feature_blocks,feat_uni,3,1,18,dist_class1,148.0,-158.0
15,feature_blocks,feat_uni,3,1,19,targ_class1,-205.0,-355.0
15,feature_blocks,feat_uni,3,1,20,dist_class1,-182.0,-162.0
15,feature_blocks,feat_uni,3,1,21,dist_class1,-89.0,260.0
15,feature_blocks,feat_uni,3,1,22,targ_class1,174.0,-268.0
15,feature_blocks,feat_uni,3,1,23,targ_class2,71.0,-98.0
15,feature_blocks,feat_uni,3,1,24,dist_class1,185.0,320.0
15,feature_blocks,feat_uni,3,1,25,targ_class2,200.0,192.0
15,feature_blocks,feat_uni,3,1,26,targ_class2,97.0,-336.0
15,feature_blocks,feat_uni,3,1,27,dist_class2,233.0,-143.0
15,feature_blocks,feat_uni,3,1,28,dist_class2,-34.0,256.0
15,feature_blocks,feat_uni,3,1,29,dist_class2,-280.0,-140.0
15,feature_blocks,feat_uni,3,1,30,dist_class1,306.0,-152.0
15,feature_blocks,feat_uni,3,1,31,targ_class1,126.0,-239.0
15,feature_blocks,feat_uni,3,1,32,targ_class2,-233.0,130.0
15,feature_blocks,feat_uni,3,1,33,dist_class1,-59.0,-185.0
15,feature_blocks,feat_uni,3,1,34,dist_class1,196.0,-325.0
15,feature_blocks,feat_uni,3,1,35,targ_class2,-209.0,-104.0
15,feature_blocks,feat_uni,3,1,36,dist_class1,-125.0,-64.0
15,feature_blocks,feat_uni,3,1,37,dist_class2,-237.0,-308.0
15,feature_blocks,feat_uni,3,1,38,targ_class1,273.0,121.0
15,feature_blocks,feat_uni,3,1,39,dist_class1,-361.0,-29.0
15,feature_blocks,feat_uni,3,1,40,dist_class2,-262.0,-87.0
15,feature_blocks,feat_uni,3,1,41,targ_class2,-330.0,-264.0
15,feature_blocks,feat_uni,3,1,42,targ_class2,-257.0,25.0
15,feature_blocks,feat_uni,3,1,43,targ_class2,217.0,256.0
15,feature_blocks,feat_uni,3,1,44,dist_class2,42.0,-250.0
15,feature_blocks,feat_uni,3,1,45,targ_class2,-153.0,-113.0
15,feature_blocks,feat_uni,3,1,46,dist_class1,24.0,-130.0
15,feature_blocks,feat_uni,3,1,47,dist_class2,111.0,-46.0
15,feature_blocks,feat_uni,3,1,48,targ_class1,-304.0,300.0
15,feature_blocks,feat_uni,3,1,49,targ_class1,311.0,79.0
15,feature_blocks,feat_grid,4,1,1,dist_class2,-326.0,-311.0
15,feature_blocks,feat_grid,4,1,2,dist_class2,-211.0,-334.0
15,feature_blocks,feat_grid,4,1,3,dist_class1,-93.0,-332.0
15,feature_blocks,feat_grid,4,1,4,targ_class2,-16.0,-325.0
15,feature_blocks,feat_grid,4,1,5,dist_class1,103.0,-321.0
15,feature_blocks,feat_grid,4,1,6,dist_class2,230.0,-326.0
15,feature_blocks,feat_grid,4,1,7,targ_class1,313.0,-331.0
15,feature_blocks,feat_grid,4,1,8,targ_class2,-346.0,-217.0
15,feature_blocks,feat_grid,4,1,9,dist_class2,-208.0,-222.0
15,feature_blocks,feat_grid,4,1,10,targ_class2,-99.0,-220.0
15,feature_blocks,feat_grid,4,1,11,dist_class1,0.0,-233.0
15,feature_blocks,feat_grid,4,1,12,dist_class1,118.0,-208.0
15,feature_blocks,feat_grid,4,1,13,targ_class2,220.0,-222.0
15,feature_blocks,feat_grid,4,1,14,targ_class2,326.0,-225.0
15,feature_blocks,feat_grid,4,1,15,targ_class1,-324.0,-107.0
15,feature_blocks,feat_grid,4,1,16,targ_class2,-216.0,-104.0
15,feature_blocks,feat_grid,4,1,17,dist_class1,-101.0,-114.0
15,feature_blocks,feat_grid,4,1,18,dist_class1,12.0,-96.0
15,feature_blocks,feat_grid,4,1,19,dist_class1,98.0,-111.0
15,feature_blocks,feat_grid,4,1,20,dist_class2,222.0,-111.0
15,feature_blocks,feat_grid,4,1,21,targ_class2,316.0,-120.0
15,feature_blocks,feat_grid,4,1,22,targ_class2,-329.0,10.0
15,feature_blocks,feat_grid,4,1,23,targ_class2,-205.0,-14.0
15,feature_blocks,feat_grid,4,1,24,targ_class1,-86.0,7.0
15,feature_blocks,feat_grid,4,1,25,targ_class2,-9.0,-6.0
15,feature_blocks,feat_grid,4,1,26,targ_class1,115.0,2.0
15,feature_blocks,feat_grid,4,1,27,targ_class1,219.0,-1.0
15,feature_blocks,feat_grid,4,1,28,targ_class2,340.0,1.0
15,feature_blocks,feat_grid,4,1,29,dist_class1,-329.0,104.0
15,feature_blocks,feat_grid,4,1,30,dist_class2,-228.0,87.0
15,feature_blocks,feat_grid,4,1,31,targ_class1,-116.0,99.0
15,feature_blocks,feat_grid,4,1,32,targ_class1,-5.0,104.0
15,feature_blocks,feat_grid,4,1,33,targ_class1,96.0,122.0
15,feature_blocks,feat_grid,4,1,34,targ_class2,199.0,121.0
15,feature_blocks,feat_grid,4,1,35,dist_class2,333.0,127.0
15,feature_blocks,feat_grid,4,1,36,dist_class2,-338.0,226.0
15,feature_blocks,feat_grid,4,1,37,dist_class1,-212.0,214.0
15,feature_blocks,feat_grid,4,1,38,dist_class2,-93.0,216.0
15,feature_blocks,feat_grid,4,1,39,dist_class2,-8.0,216.0
15,feature_blocks,feat_grid,4,1,40,dist_class2,113.0,217.0
15,feature_blocks,feat_grid,4,1,41,dist_class1,222.0,216.0
15,feature_blocks,feat_grid,4,1,42,dist_class1,321.0,206.0
15,feature_blocks,feat_grid,4,1,43,dist_class2,-327.0,326.0
15,feature_blocks,feat_grid,4,1,44,targ_class1,-235.0,338.0
15,feature_blocks,feat_grid,4,1,45,targ_class1,-108.0,340.0
15,feature_blocks,feat_grid,4,1,46,targ_class1,5.0,323.0
15,feature_blocks,feat_grid,4,1,47,targ_class1,96.0,340.0
15,feature_blocks,feat_grid,4,1,48,dist_class2,228.0,325.0
15,feature_blocks,feat_grid,4,1,49,dist_class1,324.0,323.0
15,feature_blocks,feat_grid,1,1,1,targ_class1,-348.0,-343.0
15,feature_blocks,feat_grid,1,1,2,targ_class2,-235.0,-331.0
15,feature_blocks,feat_grid,1,1,3,targ_class1,-107.0,-335.0
15,feature_blocks,feat_grid,1,1,4,targ_class1,-3.0,-327.0
15,feature_blocks,feat_grid,1,1,5,targ_class1,116.0,-321.0
15,feature_blocks,feat_grid,1,1,6,dist_class2,212.0,-329.0
15,feature_blocks,feat_grid,1,1,7,targ_class2,312.0,-330.0
15,feature_blocks,feat_grid,1,1,8,targ_class1,-308.0,-212.0
15,feature_blocks,feat_grid,1,1,9,targ_class2,-230.0,-214.0
15,feature_blocks,feat_grid,1,1,10,dist_class2,-124.0,-208.0
15,feature_blocks,feat_grid,1,1,11,targ_class2,4.0,-211.0
15,feature_blocks,feat_grid,1,1,12,dist_class1,99.0,-218.0
15,feature_blocks,feat_grid,1,1,13,dist_class2,222.0,-215.0
15,feature_blocks,feat_grid,1,1,14,dist_class1,327.0,-223.0
15,feature_blocks,feat_grid,1,1,15,dist_class2,-313.0,-128.0
15,feature_blocks,feat_grid,1,1,16,dist_class2,-219.0,-107.0
15,feature_blocks,feat_grid,1,1,17,dist_class1,-111.0,-117.0
15,feature_blocks,feat_grid,1,1,18,dist_class2,-10.0,-100.0
15,feature_blocks,feat_grid,1,1,19,targ_class2,102.0,-104.0
15,feature_blocks,feat_grid,1,1,20,dist_class2,224.0,-96.0
15,feature_blocks,feat_grid,1,1,21,targ_class2,317.0,-99.0
15,feature_blocks,feat_grid,1,1,22,targ_class1,-327.0,3.0
15,feature_blocks,feat_grid,1,1,23,targ_class1,-220.0,13.0
15,feature_blocks,feat_grid,1,1,24,targ_class2,-106.0,-4.0
15,feature_blocks,feat_grid,1,1,25,dist_class1,1.0,2.0
15,feature_blocks,feat_grid,1,1,26,targ_class2,105.0,7.0
15,feature_blocks,feat_grid,1,1,27,targ_class1,224.0,-0.0
15,feature_blocks,feat_grid,1,1,28,targ_class1,319.0,-4.0
15,feature_blocks,feat_grid,1,1,29,dist_class2,-316.0,102.0
15,feature_blocks,feat_grid,1,1,30,dist_class1,-209.0,111.0
15,feature_blocks,feat_grid,1,1,31,dist_class1,-98.0,101.0
15,feature_blocks,feat_grid,1,1,32,dist_class1,11.0,107.0
15,feature_blocks,feat_grid,1,1,33,dist_class1,85.0,124.0
15,feature_blocks,feat_grid,1,1,34,targ_class1,214.0,82.0
15,feature_blocks,feat_grid,1,1,35,targ_class1,309.0,105.0
15,feature_blocks,feat_grid,1,1,36,targ_class2,-294.0,201.0
15,feature_blocks,feat_grid,1,1,37,dist_class1,-215.0,217.0
15,feature_blocks,feat_grid,1,1,38,dist_class2,-112.0,215.0
15,feature_blocks,feat_grid,1,1,39,targ_class2,6.0,217.0
15,feature_blocks,feat_grid,1,1,40,targ_class1,114.0,228.0
15,feature_blocks,feat_grid,1,1,41,targ_class2,215.0,213.0
15,feature_blocks,feat_grid,1,1,42,dist_class2,312.0,212.0
15,feature_blocks,feat_grid,1,1,43,targ_class2,-330.0,328.0
15,feature_blocks,feat_grid,1,1,44,dist_class1,-231.0,330.0
15,feature_blocks,feat_grid,1,1,45,dist_class2,-106.0,332.0
15,feature_blocks,feat_grid,1,1,46,dist_class2,7.0,327.0
15,feature_blocks,feat_grid,1,1,47,dist_class2,128.0,319.0
15,feature_blocks,feat_grid,1,1,48,dist_class1,216.0,315.0
15,feature_blocks,feat_grid,1,1,49,dist_class1,317.0,322.0
15,feature_blocks,feat_rot,1,1,1,targ_class1,-4.0,-455.0
15,feature_blocks,feat_rot,1,1,2,targ_class1,59.0,-391.0
15,feature_blocks,feat_rot,1,1,3,dist_class2,152.0,-297.0
15,feature_blocks,feat_rot,1,1,4,dist_class1,223.0,-221.0
15,feature_blocks,feat_rot,1,1,5,dist_class2,323.0,-168.0
15,feature_blocks,feat_rot,1,1,6,dist_class2,382.0,-63.0
15,feature_blocks,feat_rot,1,1,7,dist_class2,453.0,-14.0
15,feature_blocks,feat_rot,1,1,8,targ_class2,-78.0,-381.0
15,feature_blocks,feat_rot,1,1,9,targ_class1,12.0,-303.0
15,feature_blocks,feat_rot,1,1,10,dist_class1,80.0,-236.0
15,feature_blocks,feat_rot,1,1,11,targ_class2,142.0,-140.0
15,feature_blocks,feat_rot,1,1,12,targ_class2,249.0,-75.0
15,feature_blocks,feat_rot,1,1,13,dist_class2,301.0,-1.0
15,feature_blocks,feat_rot,1,1,14,targ_class2,369.0,78.0
15,feature_blocks,feat_rot,1,1,15,dist_class1,-150.0,-310.0
15,feature_blocks,feat_rot,1,1,16,targ_class1,-66.0,-225.0
15,feature_blocks,feat_rot,1,1,17,dist_class1,1.0,-159.0
15,feature_blocks,feat_rot,1,1,18,targ_class1,76.0,-80.0
15,feature_blocks,feat_rot,1,1,19,targ_class1,138.0,2.0
15,feature_blocks,feat_rot,1,1,20,targ_class2,222.0,76.0
15,feature_blocks,feat_rot,1,1,21,targ_class1,300.0,158.0
15,feature_blocks,feat_rot,1,1,22,targ_class2,-231.0,-231.0
15,feature_blocks,feat_rot,1,1,23,dist_class1,-158.0,-162.0
15,feature_blocks,feat_rot,1,1,24,targ_class1,-79.0,-66.0
15,feature_blocks,feat_rot,1,1,25,targ_class1,5.0,7.0
15,feature_blocks,feat_rot,1,1,26,dist_class1,83.0,74.0
15,feature_blocks,feat_rot,1,1,27,targ_class2,138.0,164.0
15,feature_blocks,feat_rot,1,1,28,dist_class1,241.0,208.0
15,feature_blocks,feat_rot,1,1,29,dist_class2,-298.0,-150.0
15,feature_blocks,feat_rot,1,1,30,dist_class2,-223.0,-91.0
15,feature_blocks,feat_rot,1,1,31,dist_class1,-167.0,7.0
15,feature_blocks,feat_rot,1,1,32,dist_class2,-75.0,71.0
15,feature_blocks,feat_rot,1,1,33,targ_class2,-9.0,158.0
15,feature_blocks,feat_rot,1,1,34,dist_class2,74.0,247.0
15,feature_blocks,feat_rot,1,1,35,targ_class2,138.0,313.0
15,feature_blocks,feat_rot,1,1,36,targ_class1,-383.0,-83.0
15,feature_blocks,feat_rot,1,1,37,dist_class1,-303.0,-2.0
15,feature_blocks,feat_rot,1,1,38,dist_class1,-211.0,75.0
15,feature_blocks,feat_rot,1,1,39,dist_class2,-173.0,152.0
15,feature_blocks,feat_rot,1,1,40,targ_class2,-88.0,220.0
15,feature_blocks,feat_rot,1,1,41,targ_class2,3.0,293.0
15,feature_blocks,feat_rot,1,1,42,dist_class2,67.0,361.0
15,feature_blocks,feat_rot,1,1,43,dist_class1,-454.0,6.0
15,feature_blocks,feat_rot,1,1,44,dist_class1,-379.0,66.0
15,feature_blocks,feat_rot,1,1,45,targ_class2,-304.0,151.0
15,feature_blocks,feat_rot,1,1,46,dist_class2,-236.0,240.0
15,feature_blocks,feat_rot,1,1,47,dist_class2,-155.0,300.0
15,feature_blocks,feat_rot,1,1,48,targ_class1,-84.0,400.0
15,feature_blocks,feat_rot,1,1,49,targ_class1,15.0,459.0
15,prac2_conj,conj_grid,0,1,1,dist_class1,-332.0,-329.0
15,prac2_conj,conj_grid,0,1,2,targ_class2,-221.0,-316.0
15,prac2_conj,conj_grid,0,1,3,targ_class2,-104.0,-314.0
15,prac2_conj,conj_grid,0,1,4,targ_class1,10.0,-327.0
15,prac2_conj,conj_grid,0,1,5,dist_class2,108.0,-326.0
15,prac2_conj,conj_grid,0,1,6,dist_class2,232.0,-311.0
15,prac2_conj,conj_grid,0,1,7,dist_class2,340.0,-325.0
15,prac2_conj,conj_grid,0,1,8,targ_class2,-328.0,-224.0
15,prac2_conj,conj_grid,0,1,9,dist_class2,-216.0,-221.0
15,prac2_conj,conj_grid,0,1,10,targ_class1,-105.0,-210.0
15,prac2_conj,conj_grid,0,1,11,dist_class2,4.0,-212.0
15,prac2_conj,conj_grid,0,1,12,dist_class1,111.0,-210.0
15,prac2_conj,conj_grid,0,1,13,dist_class1,210.0,-224.0
15,prac2_conj,conj_grid,0,1,14,targ_class1,325.0,-216.0
15,prac2_conj,conj_grid,0,1,15,targ_class1,-319.0,-118.0
15,prac2_conj,conj_grid,0,1,16,dist_class1,-199.0,-100.0
15,prac2_conj,conj_grid,0,1,17,dist_class2,-111.0,-95.0
15,prac2_conj,conj_grid,0,1,18,dist_class2,6.0,-94.0
15,prac2_conj,conj_grid,0,1,19,targ_class1,122.0,-95.0
15,prac2_conj,conj_grid,0,1,20,targ_class1,236.0,-121.0
15,prac2_conj,conj_grid,0,1,21,targ_class2,315.0,-122.0
15,prac2_conj,conj_grid,0,1,22,targ_class1,-321.0,-5.0
15,prac2_conj,conj_grid,0,1,23,targ_class2,-202.0,-4.0
15,prac2_conj,conj_grid,0,1,24,dist_class1,-96.0,-5.0
15,prac2_conj,conj_grid,0,1,25,targ_class1,10.0,5.0
15,prac2_conj,conj_grid,0,1,26,dist_class2,103.0,16.0
15,prac2_conj,conj_grid,0,1,27,dist_class2,215.0,-3.0
15,prac2_conj,conj_grid,0,1,28,targ_class1,327.0,9.0
15,prac2_conj,conj_grid,0,1,29,dist_class1,-329.0,117.0
15,prac2_conj,conj_grid,0,1,30,dist_class1,-223.0,86.0
15,prac2_conj,conj_grid,0,1,31,dist_class1,-108.0,112.0
15,prac2_conj,conj_grid,0,1,32,dist_class1,-7.0,112.0
15,prac2_conj,conj_grid,0,1,33,dist_class1,123.0,105.0
15,prac2_conj,conj_grid,0,1,34,dist_class2,215.0,100.0
15,prac2_conj,conj_grid,0,1,35,targ_class2,326.0,105.0
15,prac2_conj,conj_grid,0,1,36,targ_class2,-308.0,213.0
15,prac2_conj,conj_grid,0,1,37,targ_class2,-210.0,218.0
15,prac2_conj,conj_grid,0,1,38,targ_class1,-102.0,230.0
15,prac2_conj,conj_grid,0,1,39,targ_class2,-10.0,222.0
15,prac2_conj,conj_grid,0,1,40,targ_class2,96.0,214.0
15,prac2_conj,conj_grid,0,1,41,dist_class2,209.0,235.0
15,prac2_conj,conj_grid,0,1,42,targ_class1,307.0,198.0
15,prac2_conj,conj_grid,0,1,43,targ_class2,-315.0,331.0
15,prac2_conj,conj_grid,0,1,44,dist_class1,-228.0,333.0
15,prac2_conj,conj_grid,0,1,45,dist_class2,-116.0,324.0
15,prac2_conj,conj_grid,0,1,46,targ_class1,-8.0,341.0
15,prac2_conj,conj_grid,0,1,47,targ_class2,125.0,318.0
15,prac2_conj,conj_grid,0,1,48,dist_class2,213.0,316.0
15,prac2_conj,conj_grid,0,1,49,dist_class1,324.0,326.0
15,prac2_conj,conj_grid,0,2,1,dist_class1,-311.0,-307.0
15,prac2_conj,conj_grid,0,2,2,dist_class1,-228.0,-291.0
15,prac2_conj,conj_grid,0,2,3,dist_class1,-105.0,-319.0
15,prac2_conj,conj_grid,0,2,4,dist_class2,-2.0,-328.0
15,prac2_conj,conj_grid,0,2,5,dist_class2,117.0,-353.0
15,prac2_conj,conj_grid,0,2,6,dist_class2,203.0,-320.0
15,prac2_conj,conj_grid,0,2,7,dist_class1,312.0,-321.0
15,prac2_conj,conj_grid,0,2,8,targ_class1,-325.0,-216.0
15,prac2_conj,conj_grid,0,2,9,dist_class1,-202.0,-223.0
15,prac2_conj,conj_grid,0,2,10,dist_class1,-111.0,-215.0
15,prac2_conj,conj_grid,0,2,11,targ_class1,14.0,-239.0
15,prac2_conj,conj_grid,0,2,12,dist_class2,98.0,-210.0
15,prac2_conj,conj_grid,0,2,13,targ_class1,203.0,-217.0
15,prac2_conj,conj_grid,0,2,14,targ_class2,323.0,-221.0
15,prac2_conj,conj_grid,0,2,15,dist_class1,-323.0,-102.0
15,prac2_conj,conj_grid,0,2,16,dist_class2,-226.0,-108.0
15,prac2_conj,conj_grid,0,2,17,dist_class2,-108.0,-101.0
15,prac2_conj,conj_grid,0,2,18,targ_class2,-4.0,-96.0
15,prac2_conj,conj_grid,0,2,19,dist_class1,112.0,-101.0
15,prac2_conj,conj_grid,0,2,20,dist_class2,213.0,-91.0
15,prac2_conj,conj_grid,0,2,21,dist_class2,330.0,-113.0
15,prac2_conj,conj_grid,0,2,22,targ_class2,-346.0,12.0
15,prac2_conj,conj_grid,0,2,23,dist_class1,-212.0,12.0
15,prac2_conj,conj_grid,0,2,24,dist_class2,-106.0,-1.0
15,prac2_conj,conj_grid,0,2,25,dist_class2,-6.0,14.0
15,prac2_conj,conj_grid,0,2,26,dist_class2,88.0,-4.0
15,prac2_conj,conj_grid,0,2,27,targ_class1,240.0,-12.0
15,prac2_conj,conj_grid,0,2,28,targ_class2,311.0,5.0
15,prac2_conj,conj_grid,0,2,29,dist_class2,-334.0,105.0
15,prac2_conj,conj_grid,0,2,30,targ_class1,-204.0,104.0
15,prac2_conj,conj_grid,0,2,31,targ_class2,-110.0,125.0
15,prac2_conj,conj_grid,0,2,32,targ_class1,13.0,99.0
15,prac2_conj,conj_grid,0,2,33,targ_class2,113.0,113.0
15,prac2_conj,conj_grid,0,2,34,dist_class1,197.0,108.0
15,prac2_conj,conj_grid,0,2,35,targ_class2,319.0,102.0
15,prac2_conj,conj_grid,0,2,36,targ_class1,-306.0,221.0
15,prac2_conj,conj_grid,0,2,37,dist_class1,-198.0,210.0
15,prac2_conj,conj_grid,0,2,38,targ_class1,-126.0,221.0
15,prac2_conj,conj_grid,0,2,39,targ_class1,-9.0,211.0
15,prac2_conj,conj_grid,0,2,40,targ_class2,97.0,193.0
15,prac2_conj,conj_grid,0,2,41,targ_class2,216.0,205.0
15,prac2_conj,conj_grid,0,2,42,dist_class1,324.0,204.0
15,prac2_conj,conj_grid,0,2,43,targ_class2,-326.0,322.0
15,prac2_conj,conj_grid,0,2,44,targ_class2,-220.0,316.0
15,prac2_conj,conj_grid,0,2,45,dist_class2,-100.0,310.0
15,prac2_conj,conj_grid,0,2,46,targ_class2,11.0,330.0
15,prac2_conj,conj_grid,0,2,47,targ_class1,112.0,326.0
15,prac2_conj,conj_grid,0,2,48,targ_class1,218.0,304.0
15,prac2_conj,conj_grid,0,2,49,targ_class1,328.0,327.0
15,prac2_conj,conj_grid,0,3,1,targ_class2,-332.0,-331.0
15,prac2_conj,conj_grid,0,3,2,targ_class1,-203.0,-311.0
15,prac2_conj,conj_grid,0,3,3,dist_class2,-108.0,-340.0
15,prac2_conj,conj_grid,0,3,4,targ_class2,-9.0,-316.0
15,prac2_conj,conj_grid,0,3,5,dist_class1,92.0,-319.0
15,prac2_conj,conj_grid,0,3,6,targ_class1,200.0,-337.0
15,prac2_conj,conj_grid,0,3,7,targ_class2,331.0,-330.0
15,prac2_conj,conj_grid,0,3,8,dist_class2,-314.0,-206.0
15,prac2_conj,conj_grid,0,3,9,dist_class1,-201.0,-232.0
15,prac2_conj,conj_grid,0,3,10,dist_class1,-104.0,-211.0
15,prac2_conj,conj_grid,0,3,11,dist_class2,16.0,-208.0
15,prac2_conj,conj_grid,0,3,12,dist_class2,123.0,-223.0
15,prac2_conj,conj_grid,0,3,13,targ_class2,236.0,-228.0
15,prac2_conj,conj_grid,0,3,14,targ_class1,326.0,-227.0
15,prac2_conj,conj_grid,0,3,15,dist_class2,-307.0,-106.0
15,prac2_conj,conj_grid,0,3,16,targ_class2,-216.0,-119.0
15,prac2_conj,conj_grid,0,3,17,dist_class1,-109.0,-110.0
15,prac2_conj,conj_grid,0,3,18,targ_class2,-11.0,-121.0
15,prac2_conj,conj_grid,0,3,19,targ_class2,130.0,-110.0
15,prac2_conj,conj_grid,0,3,20,targ_class1,211.0,-120.0
15,prac2_conj,conj_grid,0,3,21,targ_class1,326.0,-107.0
15,prac2_conj,conj_grid,0,3,22,dist_class2,-322.0,4.0
15,prac2_conj,conj_grid,0,3,23,targ_class2,-202.0,-2.0
15,prac2_conj,conj_grid,0,3,24,targ_class1,-104.0,11.0
15,prac2_conj,conj_grid,0,3,25,targ_class1,-8.0,-1.0
15,prac2_conj,conj_grid,0,3,26,targ_class2,106.0,-3.0
15,prac2_conj,conj_grid,0,3,27,dist_class2,218.0,-2.0
15,prac2_conj,conj_grid,0,3,28,dist_class1,338.0,1.0
15,prac2_conj,conj_grid,0,3,29,targ_class2,-331.0,103.0
15,prac2_conj,conj_grid,0,3,30,dist_class2,-222.0,98.0
15,prac2_conj,conj_grid,0,3,31,dist_class2,-97.0,79.0
15,prac2_conj,conj_grid,0,3,32,dist_class1,-7.0,120.0
15,prac2_conj,conj_grid,0,3,33,targ_class1,112.0,111.0
15,prac2_conj,conj_grid,0,3,34,dist_class2,202.0,113.0
15,prac2_conj,conj_grid,0,3,35,dist_class1,327.0,90.0
15,prac2_conj,conj_grid,0,3,36,targ_class2,-341.0,222.0
15,prac2_conj,conj_grid,0,3,37,dist_class1,-205.0,219.0
15,prac2_conj,conj_grid,0,3,38,targ_class1,-107.0,210.0
15,prac2_conj,conj_grid,0,3,39,dist_class2,7.0,215.0
15,prac2_conj,conj_grid,0,3,40,dist_class1,113.0,223.0
15,prac2_conj,conj_grid,0,3,41,targ_class1,213.0,220.0
15,prac2_conj,conj_grid,0,3,42,dist_class2,314.0,202.0
15,prac2_conj,conj_grid,0,3,43,targ_class1,-316.0,320.0
15,prac2_conj,conj_grid,0,3,44,dist_class2,-221.0,320.0
15,prac2_conj,conj_grid,0,3,45,dist_class1,-124.0,330.0
15,prac2_conj,conj_grid,0,3,46,dist_class1,-2.0,340.0
15,prac2_conj,conj_grid,0,3,47,targ_class1,107.0,315.0
15,prac2_conj,conj_grid,0,3,48,dist_class1,205.0,339.0
15,prac2_conj,conj_grid,0,3,49,targ_class2,316.0,331.0
15,prac2_conj,conj_grid,0,4,1,targ_class1,-318.0,-327.0
15,prac2_conj,conj_grid,0,4,2,dist_class1,-221.0,-336.0
15,prac2_conj,conj_grid,0,4,3,targ_class2,-115.0,-324.0
15,prac2_conj,conj_grid,0,4,4,targ_class1,2.0,-316.0
15,prac2_conj,conj_grid,0,4,5,dist_class1,92.0,-319.0
15,prac2_conj,conj_grid,0,4,6,targ_class2,234.0,-329.0
15,prac2_conj,conj_grid,0,4,7,targ_class1,318.0,-312.0
15,prac2_conj,conj_grid,0,4,8,targ_class2,-328.0,-195.0
15,prac2_conj,conj_grid,0,4,9,dist_class2,-215.0,-219.0
15,prac2_conj,conj_grid,0,4,10,dist_class1,-109.0,-227.0
15,prac2_conj,conj_grid,0,4,11,dist_class2,-8.0,-224.0
15,prac2_conj,conj_grid,0,4,12,dist_class1,92.0,-232.0
15,prac2_conj,conj_grid,0,4,13,targ_class2,210.0,-213.0
15,prac2_conj,conj_grid,0,4,14,dist_class1,327.0,-219.0
15,prac2_conj,conj_grid,0,4,15,targ_class1,-316.0,-108.0
15,prac2_conj,conj_grid,0,4,16,dist_class2,-221.0,-111.0
15,prac2_conj,conj_grid,0,4,17,targ_class2,-114.0,-93.0
15,prac2_conj,conj_grid,0,4,18,dist_class1,11.0,-110.0
15,prac2_conj,conj_grid,0,4,19,targ_class1,95.0,-103.0
15,prac2_conj,conj_grid,0,4,20,dist_class2,225.0,-100.0
15,prac2_conj,conj_grid,0,4,21,dist_class2,324.0,-92.0
15,prac2_conj,conj_grid,0,4,22,dist_class2,-338.0,3.0
15,prac2_conj,conj_grid,0,4,23,targ_class1,-226.0,9.0
15,prac2_conj,conj_grid,0,4,24,dist_class1,-109.0,-11.0
15,prac2_conj,conj_grid,0,4,25,targ_class1,12.0,-14.0
15,prac2_conj,conj_grid,0,4,26,dist_class1,111.0,1.0
15,prac2_conj,conj_grid,0,4,27,targ_class1,215.0,10.0
15,prac2_conj,conj_grid,0,4,28,dist_class1,313.0,-7.0
15,prac2_conj,conj_grid,0,4,29,targ_class2,-322.0,93.0
15,prac2_conj,conj_grid,0,4,30,targ_class1,-220.0,109.0
15,prac2_conj,conj_grid,0,4,31,targ_class2,-110.0,117.0
15,prac2_conj,conj_grid,0,4,32,targ_class2,-0.0,118.0
15,prac2_conj,conj_grid,0,4,33,dist_class1,86.0,95.0
15,prac2_conj,conj_grid,0,4,34,dist_class1,216.0,116.0
15,prac2_conj,conj_grid,0,4,35,dist_class2,321.0,109.0
15,prac2_conj,conj_grid,0,4,36,targ_class2,-316.0,227.0
15,prac2_conj,conj_grid,0,4,37,dist_class2,-233.0,197.0
15,prac2_conj,conj_grid,0,4,38,dist_class1,-120.0,217.0
15,prac2_conj,conj_grid,0,4,39,dist_class2,19.0,225.0
15,prac2_conj,conj_grid,0,4,40,targ_class2,117.0,215.0
15,prac2_conj,conj_grid,0,4,41,targ_class1,223.0,201.0
15,prac2_conj,conj_grid,0,4,42,targ_class1,337.0,219.0
15,prac2_conj,conj_grid,0,4,43,dist_class2,-326.0,320.0
15,prac2_conj,conj_grid,0,4,44,targ_class2,-216.0,318.0
15,prac2_conj,conj_grid,0,4,45,targ_class1,-108.0,328.0
15,prac2_conj,conj_grid,0,4,46,dist_class2,-1.0,311.0
15,prac2_conj,conj_grid,0,4,47,targ_class2,98.0,330.0
15,prac2_conj,conj_grid,0,4,48,dist_class2,198.0,339.0
15,prac2_conj,conj_grid,0,4,49,dist_class2,319.0,332.0
15,prac2_conj,conj_grid,1,1,1,targ_class2,-327.0,-307.0
15,prac2_conj,conj_grid,1,1,2,dist_class2,-214.0,-345.0
15,prac2_conj,conj_grid,1,1,3,dist_class2,-114.0,-322.0
15,prac2_conj,conj_grid,1,1,4,dist_class1,9.0,-326.0
15,prac2_conj,conj_grid,1,1,5,dist_class2,97.0,-333.0
15,prac2_conj,conj_grid,1,1,6,dist_class1,208.0,-328.0
15,prac2_conj,conj_grid,1,1,7,dist_class2,319.0,-323.0
15,prac2_conj,conj_grid,1,1,8,dist_class2,-336.0,-212.0
15,prac2_conj,conj_grid,1,1,9,targ_class2,-222.0,-217.0
15,prac2_conj,conj_grid,1,1,10,dist_class2,-109.0,-217.0
15,prac2_conj,conj_grid,1,1,11,dist_class2,2.0,-224.0
15,prac2_conj,conj_grid,1,1,12,dist_class1,123.0,-233.0
15,prac2_conj,conj_grid,1,1,13,targ_class2,240.0,-222.0
15,prac2_conj,conj_grid,1,1,14,targ_class2,324.0,-213.0
15,prac2_conj,conj_grid,1,1,15,dist_class2,-322.0,-115.0
15,prac2_conj,conj_grid,1,1,16,dist_class2,-221.0,-105.0
15,prac2_conj,conj_grid,1,1,17,targ_class2,-115.0,-110.0
15,prac2_conj,conj_grid,1,1,18,dist_class1,-3.0,-99.0
15,prac2_conj,conj_grid,1,1,19,dist_class1,116.0,-115.0
15,prac2_conj,conj_grid,1,1,20,targ_class1,196.0,-99.0
15,prac2_conj,conj_grid,1,1,21,dist_class1,341.0,-115.0
15,prac2_conj,conj_grid,1,1,22,dist_class1,-337.0,-4.0
15,prac2_conj,conj_grid,1,1,23,targ_class2,-203.0,8.0
15,prac2_conj,conj_grid,1,1,24,targ_class1,-101.0,-3.0
15,prac2_conj,conj_grid,1,1,25,targ_class1,-14.0,-5.0
15,prac2_conj,conj_grid,1,1,26,targ_class1,95.0,-1.0
15,prac2_conj,conj_grid,1,1,27,dist_class1,218.0,13.0
15,prac2_conj,conj_grid,1,1,28,dist_class1,324.0,-27.0
15,prac2_conj,conj_grid,1,1,29,targ_class1,-341.0,111.0
15,prac2_conj,conj_grid,1,1,30,targ_class1,-219.0,110.0
15,prac2_conj,conj_grid,1,1,31,targ_class2,-120.0,101.0
15,prac2_conj,conj_grid,1,1,32,targ_class1,-5.0,115.0
15,prac2_conj,conj_grid,1,1,33,dist_class1,100.0,101.0
15,prac2_conj,conj_grid,1,1,34,targ_class1,232.0,102.0
15,prac2_conj,conj_grid,1,1,35,targ_class2,324.0,92.0
15,prac2_conj,conj_grid,1,1,36,targ_class2,-324.0,205.0
15,prac2_conj,conj_grid,1,1,37,dist_class2,-222.0,214.0
15,prac2_conj,conj_grid,1,1,38,targ_class2,-125.0,217.0
15,prac2_conj,conj_grid,1,1,39,dist_class2,-13.0,205.0
15,prac2_conj,conj_grid,1,1,40,targ_class1,105.0,214.0
15,prac2_conj,conj_grid,1,1,41,dist_class2,216.0,216.0
15,prac2_conj,conj_grid,1,1,42,targ_class2,331.0,231.0
15,prac2_conj,conj_grid,1,1,43,dist_class1,-315.0,331.0
15,prac2_conj,conj_grid,1,1,44,targ_class2,-209.0,341.0
15,prac2_conj,conj_grid,1,1,45,targ_class1,-102.0,312.0
15,prac2_conj,conj_grid,1,1,46,dist_class1,-6.0,333.0
15,prac2_conj,conj_grid,1,1,47,dist_class2,108.0,322.0
15,prac2_conj,conj_grid,1,1,48,targ_class1,215.0,329.0
15,prac2_conj,conj_grid,1,1,49,targ_class1,330.0,340.0
15,conjunction_blocks,conj_grid,3,1,1,dist_class1,-336.0,-335.0
15,conjunction_blocks,conj_grid,3,1,2,dist_class2,-207.0,-328.0
15,conjunction_blocks,conj_grid,3,1,3,dist_class1,-120.0,-315.0
15,conjunction_blocks,conj_grid,3,1,4,targ_class2,29.0,-333.0
15,conjunction_blocks,conj_grid,3,1,5,targ_class1,103.0,-302.0
15,conjunction_blocks,conj_grid,3,1,6,dist_class1,209.0,-313.0
15,conjunction_blocks,conj_grid,3,1,7,dist_class1,329.0,-323.0
15,conjunction_blocks,conj_grid,3,1,8,dist_class2,-318.0,-203.0
15,conjunction_blocks,conj_grid,3,1,9,dist_class1,-213.0,-211.0
15,conjunction_blocks,conj_grid,3,1,10,dist_class1,-102.0,-215.0
15,conjunction_blocks,conj_grid,3,1,11,dist_class2,14.0,-226.0
15,conjunction_blocks,conj_grid,3,1,12,targ_class1,96.0,-223.0
15,conjunction_blocks,conj_grid,3,1,13,targ_class1,221.0,-205.0
15,conjunction_blocks,conj_grid,3,1,14,targ_class2,323.0,-235.0
15,conjunction_blocks,conj_grid,3,1,15,targ_class2,-340.0,-101.0
15,conjunction_blocks,conj_grid,3,1,16,targ_class2,-190.0,-110.0
15,conjunction_blocks,conj_grid,3,1,17,targ_class2,-98.0,-123.0
15,conjunction_blocks,conj_grid,3,1,18,dist_class2,-5.0,-104.0
15,conjunction_blocks,conj_grid,3,1,19,targ_class2,83.0,-108.0
15,conjunction_blocks,conj_grid,3,1,20,dist_class2,216.0,-123.0
15,conjunction_blocks,conj_grid,3,1,21,targ_class1,323.0,-98.0
15,conjunction_blocks,conj_grid,3,1,22,dist_class1,-319.0,-10.0
15,conjunction_blocks,conj_grid,3,1,23,dist_class1,-225.0,-5.0
15,conjunction_blocks,conj_grid,3,1,24,targ_class2,-105.0,19.0
15,conjunction_blocks,conj_grid,3,1,25,dist_class2,-19.0,-2.0
15,conjunction_blocks,conj_grid,3,1,26,dist_class2,104.0,-26.0
15,conjunction_blocks,conj_grid,3,1,27,dist_class2,218.0,18.0
15,conjunction_blocks,conj_grid,3,1,28,targ_class1,327.0,-13.0
15,conjunction_blocks,conj_grid,3,1,29,dist_class1,-346.0,116.0
15,conjunction_blocks,conj_grid,3,1,30,targ_class1,-231.0,107.0
15,conjunction_blocks,conj_grid,3,1,31,dist_class1,-103.0,112.0
15,conjunction_blocks,conj_grid,3,1,32,targ_class1,6.0,111.0
15,conjunction_blocks,conj_grid,3,1,33,targ_class2,96.0,123.0
15,conjunction_blocks,conj_grid,3,1,34,dist_class2,218.0,108.0
15,conjunction_blocks,conj_grid,3,1,35,targ_class1,311.0,113.0
15,conjunction_blocks,conj_grid,3,1,36,targ_class1,-309.0,224.0
15,conjunction_blocks,conj_grid,3,1,37,targ_class1,-237.0,218.0
15,conjunction_blocks,conj_grid,3,1,38,dist_class1,-92.0,219.0
15,conjunction_blocks,conj_grid,3,1,39,dist_class2,-7.0,199.0
15,conjunction_blocks,conj_grid,3,1,40,targ_class1,115.0,210.0
15,conjunction_blocks,conj_grid,3,1,41,dist_class2,220.0,210.0
15,conjunction_blocks,conj_grid,3,1,42,targ_class2,332.0,223.0
15,conjunction_blocks,conj_grid,3,1,43,dist_class2,-312.0,329.0
15,conjunction_blocks,conj_grid,3,1,44,targ_class2,-233.0,315.0
15,conjunction_blocks,conj_grid,3,1,45,targ_class1,-101.0,322.0
15,conjunction_blocks,conj_grid,3,1,46,targ_class2,6.0,317.0
15,conjunction_blocks,conj_grid,3,1,47,dist_class1,94.0,330.0
15,conjunction_blocks,conj_grid,3,1,48,dist_class2,243.0,326.0
15,conjunction_blocks,conj_grid,3,1,49,targ_class2,336.0,353.0
15,conjunction_blocks,conj_rot,0,1,1,dist_class2,-7.0,-477.0
15,conjunction_blocks,conj_rot,0,1,2,targ_class1,71.0,-383.0
15,conjunction_blocks,conj_rot,0,1,3,targ_class1,146.0,-311.0
15,conjunction_blocks,conj_rot,0,1,4,dist_class2,230.0,-232.0
15,conjunction_blocks,conj_rot,0,1,5,targ_class1,308.0,-160.0
15,conjunction_blocks,conj_rot,0,1,6,dist_class1,390.0,-86.0
15,conjunction_blocks,conj_rot,0,1,7,dist_class1,446.0,8.0
15,conjunction_blocks,conj_rot,0,1,8,targ_class1,-76.0,-382.0
15,conjunction_blocks,conj_rot,0,1,9,dist_class2,-1.0,-314.0
15,conjunction_blocks,conj_rot,0,1,10,dist_class2,88.0,-216.0
15,conjunction_blocks,conj_rot,0,1,11,dist_class2,142.0,-152.0
15,conjunction_blocks,conj_rot,0,1,12,dist_class1,230.0,-98.0
15,conjunction_blocks,conj_rot,0,1,13,targ_class2,310.0,3.0
15,conjunction_blocks,conj_rot,0,1,14,targ_class2,387.0,71.0
15,conjunction_blocks,conj_rot,0,1,15,dist_class2,-165.0,-311.0
15,conjunction_blocks,conj_rot,0,1,16,targ_class1,-85.0,-217.0
15,conjunction_blocks,conj_rot,0,1,17,targ_class2,2.0,-146.0
15,conjunction_blocks,conj_rot,0,1,18,dist_class1,72.0,-72.0
15,conjunction_blocks,conj_rot,0,1,19,targ_class1,163.0,5.0
15,conjunction_blocks,conj_rot,0,1,20,targ_class2,234.0,69.0
15,conjunction_blocks,conj_rot,0,1,21,targ_class1,319.0,164.0
15,conjunction_blocks,conj_rot,0,1,22,dist_class2,-236.0,-215.0
15,conjunction_blocks,conj_rot,0,1,23,targ_class2,-155.0,-163.0
15,conjunction_blocks,conj_rot,0,1,24,targ_class2,-70.0,-88.0
15,conjunction_blocks,conj_rot,0,1,25,dist_class2,-1.0,-6.0
15,conjunction_blocks,conj_rot,0,1,26,dist_class1,88.0,92.0
15,conjunction_blocks,conj_rot,0,1,27,dist_class1,157.0,169.0
15,conjunction_blocks,conj_rot,0,1,28,targ_class1,242.0,209.0
15,conjunction_blocks,conj_rot,0,1,29,targ_class1,-309.0,-174.0
15,conjunction_blocks,conj_rot,0,1,30,dist_class1,-205.0,-62.0
15,conjunction_blocks,conj_rot,0,1,31,targ_class2,-158.0,5.0
15,conjunction_blocks,conj_rot,0,1,32,targ_class2,-78.0,80.0
15,conjunction_blocks,conj_rot,0,1,33,dist_class1,-18.0,167.0
15,conjunction_blocks,conj_rot,0,1,34,dist_class2,106.0,224.0
15,conjunction_blocks,conj_rot,0,1,35,targ_class1,162.0,313.0
15,conjunction_blocks,conj_rot,0,1,36,targ_class2,-370.0,-71.0
15,conjunction_blocks,conj_rot,0,1,37,targ_class1,-301.0,0.0
15,conjunction_blocks,conj_rot,0,1,38,dist_class2,-231.0,76.0
15,conjunction_blocks,conj_rot,0,1,39,dist_class1,-160.0,157.0
15,conjunction_blocks,conj_rot,0,1,40,dist_class1,-70.0,234.0
15,conjunction_blocks,conj_rot,0,1,41,targ_class1,-3.0,290.0
15,conjunction_blocks,conj_rot,0,1,42,dist_class1,87.0,402.0
15,conjunction_blocks,conj_rot,0,1,43,dist_class2,-444.0,-6.0
15,conjunction_blocks,conj_rot,0,1,44,dist_class2,-379.0,65.0
15,conjunction_blocks,conj_rot,0,1,45,targ_class2,-312.0,170.0
15,conjunction_blocks,conj_rot,0,1,46,targ_class2,-249.0,241.0
15,conjunction_blocks,conj_rot,0,1,47,dist_class1,-152.0,316.0
15,conjunction_blocks,conj_rot,0,1,48,targ_class2,-55.0,378.0
15,conjunction_blocks,conj_rot,0,1,49,dist_class2,4.0,483.0
15,conjunction_blocks,conj_uni,2,1,1,dist_class1,-353.0,-5.0
15,conjunction_blocks,conj_uni,2,1,2,dist_class1,208.0,-348.0
15,conjunction_blocks,conj_uni,2,1,3,dist_class1,-252.0,-15.0
15,conjunction_blocks,conj_uni,2,1,4,targ_class2,-332.0,331.0
15,conjunction_blocks,conj_uni,2,1,5,dist_class2,356.0,-93.0
15,conjunction_blocks,conj_uni,2,1,6,targ_class1,-359.0,-71.0
15,conjunction_blocks,conj_uni,2,1,7,dist_class2,-258.0,277.0
15,conjunction_blocks,conj_uni,2,1,8,dist_class2,29.0,92.0
15,conjunction_blocks,conj_uni,2,1,9,dist_class1,-95.0,9.0
15,conjunction_blocks,conj_uni,2,1,10,targ_class2,-121.0,255.0
15,conjunction_blocks,conj_uni,2,1,11,dist_class2,200.0,-216.0
15,conjunction_blocks,conj_uni,2,1,12,targ_class1,-116.0,-104.0
15,conjunction_blocks,conj_uni,2,1,13,dist_class1,170.0,338.0
15,conjunction_blocks,conj_uni,2,1,14,targ_class2,-220.0,-343.0
15,conjunction_blocks,conj_uni,2,1,15,targ_class1,-250.0,-84.0
15,conjunction_blocks,conj_uni,2,1,16,targ_class2,-146.0,205.0
15,conjunction_blocks,conj_uni,2,1,17,dist_class1,161.0,-177.0
15,conjunction_blocks,conj_uni,2,1,18,dist_class1,-349.0,160.0
15,conjunction_blocks,conj_uni,2,1,19,targ_class1,-9.0,51.0
15,conjunction_blocks,conj_uni,2,1,20,targ_class1,153.0,-344.0
15,conjunction_blocks,conj_uni,2,1,21,dist_class1,338.0,46.0
15,conjunction_blocks,conj_uni,2,1,22,targ_class1,-259.0,-301.0
15,conjunction_blocks,conj_uni,2,1,23,targ_class2,-223.0,-257.0
15,conjunction_blocks,conj_uni,2,1,24,dist_class1,-157.0,311.0
15,conjunction_blocks,conj_uni,2,1,25,dist_class2,296.0,200.0
15,conjunction_blocks,conj_uni,2,1,26,targ_class2,290.0,143.0
15,conjunction_blocks,conj_uni,2,1,27,dist_class2,-14.0,321.0
15,conjunction_blocks,conj_uni,2,1,28,targ_class2,-226.0,169.0
15,conjunction_blocks,conj_uni,2,1,29,dist_class2,-28.0,115.0
15,conjunction_blocks,conj_uni,2,1,30,targ_class2,-194.0,-85.0
15,conjunction_blocks,conj_uni,2,1,31,dist_class2,274.0,-253.0
15,conjunction_blocks,conj_uni,2,1,32,targ_class2,209.0,-272.0
15,conjunction_blocks,conj_uni,2,1,33,targ_class1,-180.0,-146.0
15,conjunction_blocks,conj_uni,2,1,34,dist_class2,67.0,-228.0
15,conjunction_blocks,conj_uni,2,1,35,targ_class2,100.0,-362.0
15,conjunction_blocks,conj_uni,2,1,36,targ_class2,346.0,133.0
15,conjunction_blocks,conj_uni,2,1,37,targ_class1,357.0,-199.0
15,conjunction_blocks,conj_uni,2,1,38,dist_class1,-297.0,232.0
15,conjunction_blocks,conj_uni,2,1,39,targ_class2,-183.0,-300.0
15,conjunction_blocks,conj_uni,2,1,40,targ_class1,-299.0,-113.0
15,conjunction_blocks,conj_uni,2,1,41,targ_class1,-46.0,-331.0
15,conjunction_blocks,conj_uni,2,1,42,dist_class2,-148.0,27.0
15,conjunction_blocks,conj_uni,2,1,43,dist_class1,-238.0,223.0
15,conjunction_blocks,conj_uni,2,1,44,targ_class1,-237.0,-140.0
15,conjunction_blocks,conj_uni,2,1,45,dist_class2,-359.0,87.0
15,conjunction_blocks,conj_uni,2,1,46,dist_class2,93.0,-51.0
15,conjunction_blocks,conj_uni,2,1,47,dist_class1,162.0,267.0
15,conjunction_blocks,conj_uni,2,1,48,dist_class2,-71.0,-230.0
15,conjunction_blocks,conj_uni,2,1,49,targ_class1,-39.0,-183.0
15,conjunction_blocks,conj_grid,2,1,1,dist_class1,-300.0,-311.0
15,conjunction_blocks,conj_grid,2,1,2,dist_class1,-237.0,-318.0
15,conjunction_blocks,conj_grid,2,1,3,dist_class1,-103.0,-344.0
15,conjunction_blocks,conj_grid,2,1,4,dist_class2,11.0,-322.0
15,conjunction_blocks,conj_grid,2,1,5,targ_class2,99.0,-328.0
15,conjunction_blocks,conj_grid,2,1,6,dist_class1,218.0,-322.0
15,conjunction_blocks,conj_grid,2,1,7,targ_class2,322.0,-326.0
15,conjunction_blocks,conj_grid,2,1,8,targ_class1,-334.0,-200.0
15,conjunction_blocks,conj_grid,2,1,9,dist_class1,-209.0,-222.0
15,conjunction_blocks,conj_grid,2,1,10,dist_class1,-112.0,-230.0
15,conjunction_blocks,conj_grid,2,1,11,dist_class1,-4.0,-229.0
15,conjunction_blocks,conj_grid,2,1,12,targ_class1,100.0,-224.0
15,conjunction_blocks,conj_grid,2,1,13,dist_class2,208.0,-227.0
15,conjunction_blocks,conj_grid,2,1,14,dist_class1,309.0,-226.0
15,conjunction_blocks,conj_grid,2,1,15,targ_class2,-318.0,-116.0
15,conjunction_blocks,conj_grid,2,1,16,targ_class2,-225.0,-121.0
15,conjunction_blocks,conj_grid,2,1,17,targ_class1,-106.0,-100.0
15,conjunction_blocks,conj_grid,2,1,18,dist_class2,-7.0,-99.0
15,conjunction_blocks,conj_grid,2,1,19,dist_class2,95.0,-107.0
15,conjunction_blocks,conj_grid,2,1,20,targ_class2,200.0,-116.0
15,conjunction_blocks,conj_grid,2,1,21,dist_class2,312.0,-127.0
15,conjunction_blocks,conj_grid,2,1,22,targ_class2,-325.0,-1.0
15,conjunction_blocks,conj_grid,2,1,23,dist_class2,-215.0,-7.0
15,conjunction_blocks,conj_grid,2,1,24,targ_class1,-104.0,-3.0
15,conjunction_blocks,conj_grid,2,1,25,targ_class2,-3.0,-20.0
15,conjunction_blocks,conj_grid,2,1,26,targ_class1,107.0,6.0
15,conjunction_blocks,conj_grid,2,1,27,dist_class2,208.0,-6.0
15,conjunction_blocks,conj_grid,2,1,28,targ_class1,333.0,-8.0
15,conjunction_blocks,conj_grid,2,1,29,targ_class1,-331.0,87.0
15,conjunction_blocks,conj_grid,2,1,30,dist_class1,-220.0,93.0
15,conjunction_blocks,conj_grid,2,1,31,dist_class2,-101.0,138.0
15,conjunction_blocks,conj_grid,2,1,32,dist_class1,-16.0,108.0
15,conjunction_blocks,conj_grid,2,1,33,targ_class2,108.0,122.0
15,conjunction_blocks,conj_grid,2,1,34,dist_class2,228.0,102.0
15,conjunction_blocks,conj_grid,2,1,35,dist_class2,327.0,103.0
15,conjunction_blocks,conj_grid,2,1,36,targ_class2,-334.0,208.0
15,conjunction_blocks,conj_grid,2,1,37,dist_class1,-213.0,208.0
15,conjunction_blocks,conj_grid,2,1,38,targ_class1,-90.0,217.0
15,conjunction_blocks,conj_grid,2,1,39,targ_class1,-21.0,194.0
15,conjunction_blocks,conj_grid,2,1,40,targ_class1,110.0,206.0
15,conjunction_blocks,conj_grid,2,1,41,targ_class2,240.0,208.0
15,conjunction_blocks,conj_grid,2,1,42,targ_class1,337.0,225.0
15,conjunction_blocks,conj_grid,2,1,43,targ_class1,-336.0,333.0
15,conjunction_blocks,conj_grid,2,1,44,targ_class2,-216.0,317.0
15,conjunction_blocks,conj_grid,2,1,45,dist_class2,-85.0,327.0
15,conjunction_blocks,conj_grid,2,1,46,dist_class2,4.0,328.0
15,conjunction_blocks,conj_grid,2,1,47,dist_class2,126.0,311.0
15,conjunction_blocks,conj_grid,2,1,48,targ_class2,224.0,323.0
15,conjunction_blocks,conj_grid,2,1,49,dist_class1,322.0,320.0
15,conjunction_blocks,conj_rot,4,1,1,dist_class2,-10.0,-461.0
15,conjunction_blocks,conj_rot,4,1,2,targ_class1,68.0,-377.0
15,conjunction_blocks,conj_rot,4,1,3,targ_class1,157.0,-298.0
15,conjunction_blocks,conj_rot,4,1,4,dist_class2,233.0,-221.0
15,conjunction_blocks,conj_rot,4,1,5,targ_class1,316.0,-161.0
15,conjunction_blocks,conj_rot,4,1,6,targ_class2,400.0,-77.0
15,conjunction_blocks,conj_rot,4,1,7,dist_class2,464.0,-9.0
15,conjunction_blocks,conj_rot,4,1,8,dist_class2,-71.0,-380.0
15,conjunction_blocks,conj_rot,4,1,9,targ_class2,0.0,-298.0
15,conjunction_blocks,conj_rot,4,1,10,targ_class2,67.0,-230.0
15,conjunction_blocks,conj_rot,4,1,11,targ_class1,158.0,-158.0
15,conjunction_blocks,conj_rot,4,1,12,dist_class2,223.0,-77.0
15,conjunction_blocks,conj_rot,4,1,13,targ_class2,316.0,15.0
15,conjunction_blocks,conj_rot,4,1,14,targ_class1,369.0,67.0
15,conjunction_blocks,conj_rot,4,1,15,targ_class2,-150.0,-295.0
15,conjunction_blocks,conj_rot,4,1,16,dist_class1,-84.0,-230.0
15,conjunction_blocks,conj_rot,4,1,17,targ_class2,1.0,-150.0
15,conjunction_blocks,conj_rot,4,1,18,dist_class1,81.0,-91.0
15,conjunction_blocks,conj_rot,4,1,19,dist_class2,161.0,-4.0
15,conjunction_blocks,conj_rot,4,1,20,dist_class2,225.0,64.0
15,conjunction_blocks,conj_rot,4,1,21,targ_class2,302.0,145.0
15,conjunction_blocks,conj_rot,4,1,22,dist_class2,-232.0,-223.0
15,conjunction_blocks,conj_rot,4,1,23,dist_class2,-145.0,-152.0
15,conjunction_blocks,conj_rot,4,1,24,dist_class2,-76.0,-68.0
15,conjunction_blocks,conj_rot,4,1,25,targ_class1,8.0,21.0
15,conjunction_blocks,conj_rot,4,1,26,targ_class1,84.0,79.0
15,conjunction_blocks,conj_rot,4,1,27,targ_class1,146.0,163.0
15,conjunction_blocks,conj_rot,4,1,28,dist_class1,229.0,205.0
15,conjunction_blocks,conj_rot,4,1,29,dist_class1,-304.0,-149.0
15,conjunction_blocks,conj_rot,4,1,30,targ_class2,-206.0,-63.0
15,conjunction_blocks,conj_rot,4,1,31,dist_class2,-167.0,-3.0
15,conjunction_blocks,conj_rot,4,1,32,dist_class1,-64.0,76.0
15,conjunction_blocks,conj_rot,4,1,33,targ_class1,11.0,150.0
15,conjunction_blocks,conj_rot,4,1,34,dist_class2,91.0,231.0
15,conjunction_blocks,conj_rot,4,1,35,dist_class1,139.0,309.0
15,conjunction_blocks,conj_rot,4,1,36,targ_class1,-397.0,-79.0
15,conjunction_blocks,conj_rot,4,1,37,dist_class1,-294.0,6.0
15,conjunction_blocks,conj_rot,4,1,38,targ_class1,-217.0,81.0
15,conjunction_blocks,conj_rot,4,1,39,targ_class2,-149.0,144.0
15,conjunction_blocks,conj_rot,4,1,40,targ_class2,-83.0,249.0
15,conjunction_blocks,conj_rot,4,1,41,dist_class1,-4.0,311.0
15,conjunction_blocks,conj_rot,4,1,42,dist_class1,72.0,379.0
15,conjunction_blocks,conj_rot,4,1,43,dist_class1,-466.0,-5.0
15,conjunction_blocks,conj_rot,4,1,44,targ_class2,-389.0,72.0
15,conjunction_blocks,conj_rot,4,1,45,dist_class1,-315.0,151.0
15,conjunction_blocks,conj_rot,4,1,46,dist_class2,-217.0,229.0
15,conjunction_blocks,conj_rot,4,1,47,targ_class1,-169.0,292.0
15,conjunction_blocks,conj_rot,4,1,48,dist_class1,-67.0,389.0
15,conjunction_blocks,conj_rot,4,1,49,targ_class2,-5.0,460.0
15,conjunction_blocks,conj_uni,4,1,1,targ_class2,193.0,-18.0
15,conjunction_blocks,conj_uni,4,1,2,dist_class1,27.0,105.0
15,conjunction_blocks,conj_uni,4,1,3,targ_class1,176.0,123.0
15,conjunction_blocks,conj_uni,4,1,4,targ_class2,-244.0,-276.0
15,conjunction_blocks,conj_uni,4,1,5,dist_class2,151.0,254.0
15,conjunction_blocks,conj_uni,4,1,6,targ_class1,-359.0,192.0
15,conjunction_blocks,conj_uni,4,1,7,targ_class2,122.0,141.0
15,conjunction_blocks,conj_uni,4,1,8,targ_class1,-155.0,-80.0
15,conjunction_blocks,conj_uni,4,1,9,dist_class1,-48.0,-68.0
15,conjunction_blocks,conj_uni,4,1,10,targ_class2,266.0,187.0
15,conjunction_blocks,conj_uni,4,1,11,targ_class2,-286.0,179.0
15,conjunction_blocks,conj_uni,4,1,12,dist_class1,-303.0,2.0
15,conjunction_blocks,conj_uni,4,1,13,dist_class1,38.0,268.0
15,conjunction_blocks,conj_uni,4,1,14,dist_class2,115.0,-174.0
15,conjunction_blocks,conj_uni,4,1,15,dist_class1,54.0,-233.0
15,conjunction_blocks,conj_uni,4,1,16,targ_class1,-173.0,309.0
15,conjunction_blocks,conj_uni,4,1,17,targ_class2,-147.0,189.0
15,conjunction_blocks,conj_uni,4,1,18,targ_class2,-271.0,283.0
15,conjunction_blocks,conj_uni,4,1,19,targ_class2,-212.0,-80.0
15,conjunction_blocks,conj_uni,4,1,20,dist_class2,113.0,74.0
15,conjunction_blocks,conj_uni,4,1,21,dist_class1,-225.0,-149.0
15,conjunction_blocks,conj_uni,4,1,22,dist_class2,-33.0,220.0
15,conjunction_blocks,conj_uni,4,1,23,targ_class1,-131.0,-324.0
15,conjunction_blocks,conj_uni,4,1,24,dist_class2,318.0,-65.0
15,conjunction_blocks,conj_uni,4,1,25,dist_class2,114.0,-44.0
15,conjunction_blocks,conj_uni,4,1,26,dist_class2,-314.0,320.0
15,conjunction_blocks,conj_uni,4,1,27,dist_class2,-268.0,47.0
15,conjunction_blocks,conj_uni,4,1,28,dist_class1,-93.0,-102.0
15,conjunction_blocks,conj_uni,4,1,29,targ_class1,-359.0,248.0
15,conjunction_blocks,conj_uni,4,1,30,targ_class2,17.0,-276.0
15,conjunction_blocks,conj_uni,4,1,31,targ_class1,59.0,-174.0
15,conjunction_blocks,conj_uni,4,1,32,dist_class1,153.0,-215.0
15,conjunction_blocks,conj_uni,4,1,33,targ_class1,-154.0,250.0
15,conjunction_blocks,conj_uni,4,1,34,targ_class1,-8.0,169.0
15,conjunction_blocks,conj_uni,4,1,35,targ_class2,61.0,184.0
15,conjunction_blocks,conj_uni,4,1,36,dist_class2,-195.0,-349.0
15,conjunction_blocks,conj_uni,4,1,37,dist_class2,34.0,-38.0
15,conjunction_blocks,conj_uni,4,1,38,dist_class1,71.0,-82.0
15,conjunction_blocks,conj_uni,4,1,39,dist_class1,208.0,-214.0
15,conjunction_blocks,conj_uni,4,1,40,targ_class2,-96.0,163.0
15,conjunction_blocks,conj_uni,4,1,41,dist_class2,6.0,-202.0
15,conjunction_blocks,conj_uni,4,1,42,targ_class1,-203.0,221.0
15,conjunction_blocks,conj_uni,4,1,43,dist_class1,-78.0,-240.0
15,conjunction_blocks,conj_uni,4,1,44,targ_class2,328.0,-325.0
15,conjunction_blocks,conj_uni,4,1,45,targ_class1,359.0,343.0
15,conjunction_blocks,conj_uni,4,1,46,dist_class2,-228.0,-26.0
15,conjunction_blocks,conj_uni,4,1,47,dist_class2,-100.0,75.0
15,conjunction_blocks,conj_uni,4,1,48,dist_class1,-317.0,84.0
15,conjunction_blocks,conj_uni,4,1,49,targ_class1,-153.0,-149.0
15,conjunction_blocks,conj_rot,2,1,1,targ_class2,10.0,-446.0
15,conjunction_blocks,conj_rot,2,1,2,dist_class2,96.0,-387.0
15,conjunction_blocks,conj_rot,2,1,3,targ_class1,154.0,-310.0
15,conjunction_blocks,conj_rot,2,1,4,targ_class2,231.0,-227.0
15,conjunction_blocks,conj_rot,2,1,5,targ_class2,302.0,-143.0
15,conjunction_blocks,conj_rot,2,1,6,dist_class1,374.0,-82.0
15,conjunction_blocks,conj_rot,2,1,7,targ_class2,465.0,8.0
15,conjunction_blocks,conj_rot,2,1,8,targ_class2,-65.0,-393.0
15,conjunction_blocks,conj_rot,2,1,9,targ_class1,-4.0,-304.0
15,conjunction_blocks,conj_rot,2,1,10,dist_class1,84.0,-225.0
15,conjunction_blocks,conj_rot,2,1,11,dist_class1,156.0,-168.0
15,conjunction_blocks,conj_rot,2,1,12,targ_class2,213.0,-66.0
15,conjunction_blocks,conj_rot,2,1,13,dist_class1,310.0,8.0
15,conjunction_blocks,conj_rot,2,1,14,dist_class2,380.0,74.0
15,conjunction_blocks,conj_rot,2,1,15,dist_class1,-142.0,-292.0
15,conjunction_blocks,conj_rot,2,1,16,targ_class1,-64.0,-220.0
15,conjunction_blocks,conj_rot,2,1,17,dist_class1,2.0,-142.0
15,conjunction_blocks,conj_rot,2,1,18,targ_class1,80.0,-79.0
15,conjunction_blocks,conj_rot,2,1,19,targ_class1,148.0,-22.0
15,conjunction_blocks,conj_rot,2,1,20,targ_class2,230.0,83.0
15,conjunction_blocks,conj_rot,2,1,21,targ_class2,298.0,138.0
15,conjunction_blocks,conj_rot,2,1,22,dist_class1,-244.0,-215.0
15,conjunction_blocks,conj_rot,2,1,23,dist_class2,-128.0,-139.0
15,conjunction_blocks,conj_rot,2,1,24,dist_class1,-80.0,-86.0
15,conjunction_blocks,conj_rot,2,1,25,targ_class1,-1.0,-2.0
15,conjunction_blocks,conj_rot,2,1,26,dist_class2,88.0,61.0
15,conjunction_blocks,conj_rot,2,1,27,targ_class1,164.0,146.0
15,conjunction_blocks,conj_rot,2,1,28,dist_class2,223.0,233.0
15,conjunction_blocks,conj_rot,2,1,29,targ_class2,-284.0,-147.0
15,conjunction_blocks,conj_rot,2,1,30,targ_class1,-225.0,-91.0
15,conjunction_blocks,conj_rot,2,1,31,dist_class2,-138.0,2.0
15,conjunction_blocks,conj_rot,2,1,32,targ_class1,-76.0,58.0
15,conjunction_blocks,conj_rot,2,1,33,dist_class2,-1.0,143.0
15,conjunction_blocks,conj_rot,2,1,34,targ_class1,69.0,229.0
15,conjunction_blocks,conj_rot,2,1,35,dist_class1,143.0,304.0
15,conjunction_blocks,conj_rot,2,1,36,targ_class2,-381.0,-89.0
15,conjunction_blocks,conj_rot,2,1,37,dist_class2,-296.0,-4.0
15,conjunction_blocks,conj_rot,2,1,38,targ_class2,-232.0,85.0
15,conjunction_blocks,conj_rot,2,1,39,dist_class2,-148.0,171.0
15,conjunction_blocks,conj_rot,2,1,40,dist_class2,-71.0,205.0
15,conjunction_blocks,conj_rot,2,1,41,dist_class2,2.0,317.0
15,conjunction_blocks,conj_rot,2,1,42,dist_class1,58.0,389.0
15,conjunction_blocks,conj_rot,2,1,43,dist_class2,-468.0,-10.0
15,conjunction_blocks,conj_rot,2,1,44,targ_class1,-383.0,79.0
15,conjunction_blocks,conj_rot,2,1,45,dist_class2,-314.0,152.0
15,conjunction_blocks,conj_rot,2,1,46,targ_class1,-221.0,236.0
15,conjunction_blocks,conj_rot,2,1,47,dist_class1,-155.0,311.0
15,conjunction_blocks,conj_rot,2,1,48,dist_class1,-78.0,388.0
15,conjunction_blocks,conj_rot,2,1,49,targ_class2,7.0,462.0
15,conjunction_blocks,conj_grid,4,1,1,dist_class2,-304.0,-333.0
15,conjunction_blocks,conj_grid,4,1,2,targ_class2,-232.0,-318.0
15,conjunction_blocks,conj_grid,4,1,3,dist_class1,-109.0,-322.0
15,conjunction_blocks,conj_grid,4,1,4,targ_class2,6.0,-335.0
15,conjunction_blocks,conj_grid,4,1,5,targ_class2,85.0,-331.0
15,conjunction_blocks,conj_grid,4,1,6,dist_class2,215.0,-308.0
15,conjunction_blocks,conj_grid,4,1,7,dist_class2,323.0,-295.0
15,conjunction_blocks,conj_grid,4,1,8,targ_class1,-320.0,-215.0
15,conjunction_blocks,conj_grid,4,1,9,targ_class2,-228.0,-224.0
15,conjunction_blocks,conj_grid,4,1,10,dist_class1,-112.0,-217.0
15,conjunction_blocks,conj_grid,4,1,11,targ_class1,-9.0,-206.0
15,conjunction_blocks,conj_grid,4,1,12,targ_class2,109.0,-201.0
15,conjunction_blocks,conj_grid,4,1,13,targ_class2,222.0,-214.0
15,conjunction_blocks,conj_grid,4,1,14,dist_class1,312.0,-199.0
15,conjunction_blocks,conj_grid,4,1,15,targ_class1,-332.0,-114.0
15,conjunction_blocks,conj_grid,4,1,16,dist_class2,-210.0,-102.0
15,conjunction_blocks,conj_grid,4,1,17,targ_class1,-109.0,-102.0
15,conjunction_blocks,conj_grid,4,1,18,targ_class2,-4.0,-116.0
15,conjunction_blocks,conj_grid,4,1,19,dist_class1,104.0,-102.0
15,conjunction_blocks,conj_grid,4,1,20,dist_class2,201.0,-114.0
15,conjunction_blocks,conj_grid,4,1,21,targ_class1,325.0,-108.0
15,conjunction_blocks,conj_grid,4,1,22,targ_class1,-349.0,2.0
15,conjunction_blocks,conj_grid,4,1,23,dist_class2,-202.0,-8.0
15,conjunction_blocks,conj_grid,4,1,24,dist_class1,-100.0,16.0
15,conjunction_blocks,conj_grid,4,1,25,dist_class1,1.0,5.0
15,conjunction_blocks,conj_grid,4,1,26,targ_class2,103.0,8.0
15,conjunction_blocks,conj_grid,4,1,27,dist_class2,219.0,8.0
15,conjunction_blocks,conj_grid,4,1,28,dist_class1,319.0,12.0
15,conjunction_blocks,conj_grid,4,1,29,targ_class2,-330.0,101.0
15,conjunction_blocks,conj_grid,4,1,30,targ_class2,-201.0,88.0
15,conjunction_blocks,conj_grid,4,1,31,dist_class2,-112.0,116.0
15,conjunction_blocks,conj_grid,4,1,32,targ_class2,-17.0,109.0
15,conjunction_blocks,conj_grid,4,1,33,dist_class2,96.0,97.0
15,conjunction_blocks,conj_grid,4,1,34,targ_class1,210.0,103.0
15,conjunction_blocks,conj_grid,4,1,35,dist_class1,320.0,104.0
15,conjunction_blocks,conj_grid,4,1,36,dist_class1,-327.0,204.0
15,conjunction_blocks,conj_grid,4,1,37,dist_class2,-219.0,229.0
15,conjunction_blocks,conj_grid,4,1,38,targ_class2,-103.0,211.0
15,conjunction_blocks,conj_grid,4,1,39,dist_class2,-5.0,219.0
15,conjunction_blocks,conj_grid,4,1,40,targ_class1,113.0,221.0
15,conjunction_blocks,conj_grid,4,1,41,targ_class1,224.0,203.0
15,conjunction_blocks,conj_grid,4,1,42,targ_class1,313.0,198.0
15,conjunction_blocks,conj_grid,4,1,43,dist_class1,-334.0,318.0
15,conjunction_blocks,conj_grid,4,1,44,dist_class1,-234.0,322.0
15,conjunction_blocks,conj_grid,4,1,45,dist_class2,-104.0,317.0
15,conjunction_blocks,conj_grid,4,1,46,dist_class1,16.0,313.0
15,conjunction_blocks,conj_grid,4,1,47,dist_class2,121.0,348.0
15,conjunction_blocks,conj_grid,4,1,48,targ_class1,225.0,313.0
15,conjunction_blocks,conj_grid,4,1,49,targ_class1,322.0,321.0
15,conjunction_blocks,conj_rot,3,1,1,dist_class1,4.0,-457.0
15,conjunction_blocks,conj_rot,3,1,2,targ_class2,78.0,-369.0
15,conjunction_blocks,conj_rot,3,1,3,targ_class1,178.0,-297.0
15,conjunction_blocks,conj_rot,3,1,4,targ_class2,222.0,-226.0
15,conjunction_blocks,conj_rot,3,1,5,targ_class1,290.0,-138.0
15,conjunction_blocks,conj_rot,3,1,6,dist_class1,395.0,-80.0
15,conjunction_blocks,conj_rot,3,1,7,dist_class1,465.0,3.0
15,conjunction_blocks,conj_rot,3,1,8,targ_class1,-72.0,-377.0
15,conjunction_blocks,conj_rot,3,1,9,targ_class2,-5.0,-296.0
15,conjunction_blocks,conj_rot,3,1,10,dist_class2,72.0,-223.0
15,conjunction_blocks,conj_rot,3,1,11,targ_class1,150.0,-170.0
15,conjunction_blocks,conj_rot,3,1,12,targ_class2,242.0,-73.0
15,conjunction_blocks,conj_rot,3,1,13,targ_class1,325.0,-7.0
15,conjunction_blocks,conj_rot,3,1,14,dist_class1,389.0,57.0
15,conjunction_blocks,conj_rot,3,1,15,dist_class1,-170.0,-323.0
15,conjunction_blocks,conj_rot,3,1,16,dist_class1,-74.0,-224.0
15,conjunction_blocks,conj_rot,3,1,17,dist_class2,-9.0,-153.0
15,conjunction_blocks,conj_rot,3,1,18,dist_class1,68.0,-76.0
15,conjunction_blocks,conj_rot,3,1,19,dist_class2,172.0,4.0
15,conjunction_blocks,conj_rot,3,1,20,dist_class2,222.0,71.0
15,conjunction_blocks,conj_rot,3,1,21,targ_class2,283.0,163.0
15,conjunction_blocks,conj_rot,3,1,22,targ_class1,-222.0,-216.0
15,conjunction_blocks,conj_rot,3,1,23,targ_class2,-153.0,-142.0
15,conjunction_blocks,conj_rot,3,1,24,targ_class1,-81.0,-78.0
15,conjunction_blocks,conj_rot,3,1,25,dist_class1,-11.0,-9.0
15,conjunction_blocks,conj_rot,3,1,26,targ_class1,76.0,74.0
15,conjunction_blocks,conj_rot,3,1,27,targ_class1,132.0,135.0
15,conjunction_blocks,conj_rot,3,1,28,targ_class2,212.0,230.0
15,conjunction_blocks,conj_rot,3,1,29,targ_class2,-305.0,-153.0
15,conjunction_blocks,conj_rot,3,1,30,targ_class2,-233.0,-75.0
15,conjunction_blocks,conj_rot,3,1,31,targ_class2,-156.0,-4.0
15,conjunction_blocks,conj_rot,3,1,32,targ_class1,-72.0,63.0
15,conjunction_blocks,conj_rot,3,1,33,dist_class2,10.0,143.0
15,conjunction_blocks,conj_rot,3,1,34,targ_class2,100.0,228.0
15,conjunction_blocks,conj_rot,3,1,35,dist_class2,163.0,315.0
15,conjunction_blocks,conj_rot,3,1,36,dist_class1,-369.0,-86.0
15,conjunction_blocks,conj_rot,3,1,37,dist_class2,-313.0,11.0
15,conjunction_blocks,conj_rot,3,1,38,dist_class2,-222.0,73.0
15,conjunction_blocks,conj_rot,3,1,39,dist_class2,-166.0,152.0
15,conjunction_blocks,conj_rot,3,1,40,dist_class1,-93.0,214.0
15,conjunction_blocks,conj_rot,3,1,41,dist_class1,-8.0,321.0
15,conjunction_blocks,conj_rot,3,1,42,dist_class2,73.0,393.0
15,conjunction_blocks,conj_rot,3,1,43,dist_class2,-479.0,-5.0
15,conjunction_blocks,conj_rot,3,1,44,targ_class1,-374.0,79.0
15,conjunction_blocks,conj_rot,3,1,45,dist_class1,-266.0,157.0
15,conjunction_blocks,conj_rot,3,1,46,targ_class1,-230.0,219.0
15,conjunction_blocks,conj_rot,3,1,47,dist_class2,-143.0,318.0
15,conjunction_blocks,conj_rot,3,1,48,targ_class2,-69.0,370.0
15,conjunction_blocks,conj_rot,3,1,49,dist_class2,4.0,453.0
15,conjunction_blocks,conj_uni,3,1,1,targ_class1,250.0,49.0
15,conjunction_blocks,conj_uni,3,1,2,dist_class1,-43.0,79.0
15,conjunction_blocks,conj_uni,3,1,3,targ_class2,62.0,51.0
15,conjunction_blocks,conj_uni,3,1,4,dist_class2,69.0,243.0
15,conjunction_blocks,conj_uni,3,1,5,dist_class2,-194.0,191.0
15,conjunction_blocks,conj_uni,3,1,6,dist_class2,-243.0,166.0
15,conjunction_blocks,conj_uni,3,1,7,dist_class2,222.0,190.0
15,conjunction_blocks,conj_uni,3,1,8,dist_class1,16.0,-147.0
15,conjunction_blocks,conj_uni,3,1,9,dist_class1,-95.0,57.0
15,conjunction_blocks,conj_uni,3,1,10,targ_class1,-270.0,-55.0
15,conjunction_blocks,conj_uni,3,1,11,dist_class2,195.0,140.0
15,conjunction_blocks,conj_uni,3,1,12,targ_class2,120.0,-157.0
15,conjunction_blocks,conj_uni,3,1,13,targ_class1,-28.0,152.0
15,conjunction_blocks,conj_uni,3,1,14,targ_class2,172.0,-283.0
15,conjunction_blocks,conj_uni,3,1,15,dist_class2,-61.0,-259.0
15,conjunction_blocks,conj_uni,3,1,16,dist_class2,-64.0,293.0
15,conjunction_blocks,conj_uni,3,1,17,dist_class1,153.0,-41.0
15,conjunction_blocks,conj_uni,3,1,18,dist_class2,-166.0,81.0
15,conjunction_blocks,conj_uni,3,1,19,targ_class2,350.0,226.0
15,conjunction_blocks,conj_uni,3,1,20,targ_class2,200.0,-101.0
15,conjunction_blocks,conj_uni,3,1,21,dist_class1,41.0,-42.0
15,conjunction_blocks,conj_uni,3,1,22,targ_class1,115.0,-94.0
15,conjunction_blocks,conj_uni,3,1,23,dist_class1,98.0,-38.0
15,conjunction_blocks,conj_uni,3,1,24,targ_class2,-194.0,322.0
15,conjunction_blocks,conj_uni,3,1,25,targ_class1,42.0,-97.0
15,conjunction_blocks,conj_uni,3,1,26,dist_class2,-138.0,193.0
15,conjunction_blocks,conj_uni,3,1,27,targ_class2,112.0,-330.0
15,conjunction_blocks,conj_uni,3,1,28,targ_class1,273.0,167.0
15,conjunction_blocks,conj_uni,3,1,29,targ_class2,-179.0,-129.0
15,conjunction_blocks,conj_uni,3,1,30,targ_class2,-51.0,239.0
15,conjunction_blocks,conj_uni,3,1,31,targ_class2,-108.0,144.0
15,conjunction_blocks,conj_uni,3,1,32,dist_class1,319.0,-85.0
15,conjunction_blocks,conj_uni,3,1,33,dist_class1,28.0,128.0
15,conjunction_blocks,conj_uni,3,1,34,dist_class2,315.0,-29.0
15,conjunction_blocks,conj_uni,3,1,35,targ_class1,-137.0,-213.0
15,conjunction_blocks,conj_uni,3,1,36,targ_class1,-73.0,187.0
15,conjunction_blocks,conj_uni,3,1,37,targ_class1,-264.0,-324.0
15,conjunction_blocks,conj_uni,3,1,38,targ_class1,276.0,-177.0
15,conjunction_blocks,conj_uni,3,1,39,dist_class1,-179.0,136.0
15,conjunction_blocks,conj_uni,3,1,40,dist_class2,79.0,187.0
15,conjunction_blocks,conj_uni,3,1,41,dist_class2,-145.0,9.0
15,conjunction_blocks,conj_uni,3,1,42,targ_class2,-117.0,268.0
15,conjunction_blocks,conj_uni,3,1,43,dist_class1,-12.0,-78.0
15,conjunction_blocks,conj_uni,3,1,44,targ_class2,-303.0,207.0
15,conjunction_blocks,conj_uni,3,1,45,targ_class1,350.0,-237.0
15,conjunction_blocks,conj_uni,3,1,46,dist_class1,117.0,-274.0
15,conjunction_blocks,conj_uni,3,1,47,dist_class2,179.0,8.0
15,conjunction_blocks,conj_uni,3,1,48,dist_class1,162.0,-194.0
15,conjunction_blocks,conj_uni,3,1,49,targ_class1,331.0,-184.0
15,conjunction_blocks,conj_uni,0,1,1,dist_class2,230.0,-350.0
15,conjunction_blocks,conj_uni,0,1,2,dist_class2,201.0,65.0
15,conjunction_blocks,conj_uni,0,1,3,targ_class1,118.0,-376.0
15,conjunction_blocks,conj_uni,0,1,4,dist_class1,72.0,-343.0
15,conjunction_blocks,conj_uni,0,1,5,targ_class2,-168.0,158.0
15,conjunction_blocks,conj_uni,0,1,6,targ_class2,157.0,-264.0
15,conjunction_blocks,conj_uni,0,1,7,targ_class1,117.0,6.0
15,conjunction_blocks,conj_uni,0,1,8,dist_class1,156.0,223.0
15,conjunction_blocks,conj_uni,0,1,9,dist_class2,-47.0,221.0
15,conjunction_blocks,conj_uni,0,1,10,dist_class2,187.0,-214.0
15,conjunction_blocks,conj_uni,0,1,11,dist_class1,22.0,-66.0
15,conjunction_blocks,conj_uni,0,1,12,dist_class2,169.0,-352.0
15,conjunction_blocks,conj_uni,0,1,13,targ_class1,-68.0,158.0
15,conjunction_blocks,conj_uni,0,1,14,targ_class2,83.0,-159.0
15,conjunction_blocks,conj_uni,0,1,15,dist_class1,190.0,-48.0
15,conjunction_blocks,conj_uni,0,1,16,dist_class1,-240.0,2.0
15,conjunction_blocks,conj_uni,0,1,17,targ_class2,-280.0,-231.0
15,conjunction_blocks,conj_uni,0,1,18,targ_class2,-61.0,302.0
15,conjunction_blocks,conj_uni,0,1,19,dist_class2,267.0,219.0
15,conjunction_blocks,conj_uni,0,1,20,dist_class2,232.0,174.0
15,conjunction_blocks,conj_uni,0,1,21,targ_class2,-225.0,-212.0
15,conjunction_blocks,conj_uni,0,1,22,targ_class2,197.0,-303.0
15,conjunction_blocks,conj_uni,0,1,23,targ_class2,-115.0,-52.0
15,conjunction_blocks,conj_uni,0,1,24,dist_class2,-352.0,-294.0
15,conjunction_blocks,conj_uni,0,1,25,dist_class1,-336.0,25.0
15,conjunction_blocks,conj_uni,0,1,26,dist_class1,-227.0,-269.0
15,conjunction_blocks,conj_uni,0,1,27,dist_class1,340.0,177.0
15,conjunction_blocks,conj_uni,0,1,28,dist_class1,-288.0,-286.0
15,conjunction_blocks,conj_uni,0,1,29,targ_class1,-34.0,-64.0
15,conjunction_blocks,conj_uni,0,1,30,targ_class1,172.0,356.0
15,conjunction_blocks,conj_uni,0,1,31,targ_class2,-176.0,261.0
15,conjunction_blocks,conj_uni,0,1,32,dist_class2,327.0,360.0
15,conjunction_blocks,conj_uni,0,1,33,targ_class1,125.0,-313.0
15,conjunction_blocks,conj_uni,0,1,34,targ_class1,-97.0,-132.0
15,conjunction_blocks,conj_uni,0,1,35,dist_class1,160.0,166.0
15,conjunction_blocks,conj_uni,0,1,36,dist_class1,335.0,-353.0
15,conjunction_blocks,conj_uni,0,1,37,dist_class2,152.0,304.0
15,conjunction_blocks,conj_uni,0,1,38,dist_class1,-251.0,189.0
15,conjunction_blocks,conj_uni,0,1,39,targ_class1,-231.0,241.0
15,conjunction_blocks,conj_uni,0,1,40,targ_class2,268.0,343.0
15,conjunction_blocks,conj_uni,0,1,41,targ_class1,258.0,-296.0
15,conjunction_blocks,conj_uni,0,1,42,targ_class1,-220.0,296.0
15,conjunction_blocks,conj_uni,0,1,43,targ_class2,-356.0,-193.0
15,conjunction_blocks,conj_uni,0,1,44,dist_class2,316.0,-39.0
15,conjunction_blocks,conj_uni,0,1,45,targ_class1,-166.0,338.0
15,conjunction_blocks,conj_uni,0,1,46,dist_class2,273.0,-83.0
15,conjunction_blocks,conj_uni,0,1,47,targ_class1,-39.0,-360.0
15,conjunction_blocks,conj_uni,0,1,48,targ_class2,46.0,-117.0
15,conjunction_blocks,conj_uni,0,1,49,dist_class2,318.0,125.0
15,conjunction_blocks,conj_uni,0,2,1,dist_class1,236.0,-284.0
15,conjunction_blocks,conj_uni,0,2,2,targ_class2,-228.0,249.0
15,conjunction_blocks,conj_uni,0,2,3,targ_class2,286.0,-310.0
15,conjunction_blocks,conj_uni,0,2,4,targ_class2,36.0,-251.0
15,conjunction_blocks,conj_uni,0,2,5,dist_class1,72.0,-351.0
15,conjunction_blocks,conj_uni,0,2,6,dist_class1,-217.0,-22.0
15,conjunction_blocks,conj_uni,0,2,7,targ_class2,322.0,37.0
15,conjunction_blocks,conj_uni,0,2,8,targ_class2,344.0,353.0
15,conjunction_blocks,conj_uni,0,2,9,dist_class1,356.0,-85.0
15,conjunction_blocks,conj_uni,0,2,10,dist_class2,-173.0,245.0
15,conjunction_blocks,conj_uni,0,2,11,targ_class1,325.0,251.0
15,conjunction_blocks,conj_uni,0,2,12,dist_class1,-197.0,31.0
15,conjunction_blocks,conj_uni,0,2,13,targ_class2,175.0,-237.0
15,conjunction_blocks,conj_uni,0,2,14,dist_class2,204.0,-40.0
15,conjunction_blocks,conj_uni,0,2,15,dist_class2,-67.0,242.0
15,conjunction_blocks,conj_uni,0,2,16,dist_class2,-95.0,310.0
15,conjunction_blocks,conj_uni,0,2,17,targ_class2,74.0,-207.0
15,conjunction_blocks,conj_uni,0,2,18,targ_class1,152.0,-20.0
15,conjunction_blocks,conj_uni,0,2,19,targ_class2,-253.0,-296.0
15,conjunction_blocks,conj_uni,0,2,20,targ_class2,-55.0,-45.0
15,conjunction_blocks,conj_uni,0,2,21,dist_class1,332.0,-34.0
15,conjunction_blocks,conj_uni,0,2,22,targ_class1,187.0,338.0
15,conjunction_blocks,conj_uni,0,2,23,dist_class2,266.0,-28.0
15,conjunction_blocks,conj_uni,0,2,24,targ_class1,190.0,-117.0
15,conjunction_blocks,conj_uni,0,2,25,targ_class2,-119.0,174.0
15,conjunction_blocks,conj_uni,0,2,26,targ_class2,-351.0,222.0
15,conjunction_blocks,conj_uni,0,2,27,dist_class2,-206.0,-107.0
15,conjunction_blocks,conj_uni,0,2,28,dist_class1,245.0,-229.0
15,conjunction_blocks,conj_uni,0,2,29,targ_class1,-154.0,-344.0
15,conjunction_blocks,conj_uni,0,2,30,targ_class1,-303.0,130.0
15,conjunction_blocks,conj_uni,0,2,31,dist_class2,-102.0,88.0
15,conjunction_blocks,conj_uni,0,2,32,dist_class2,-284.0,-356.0
15,conjunction_blocks,conj_uni,0,2,33,dist_class1,160.0,172.0
15,conjunction_blocks,conj_uni,0,2,34,dist_class2,-119.0,260.0
15,conjunction_blocks,conj_uni,0,2,35,dist_class1,119.0,26.0
15,conjunction_blocks,conj_uni,0,2,36,targ_class1,262.0,-130.0
15,conjunction_blocks,conj_uni,0,2,37,dist_class2,234.0,270.0
15,conjunction_blocks,conj_uni,0,2,38,dist_class1,-323.0,-46.0
15,conjunction_blocks,conj_uni,0,2,39,targ_class1,-133.0,-287.0
15,conjunction_blocks,conj_uni,0,2,40,dist_class2,-359.0,97.0
15,conjunction_blocks,conj_uni,0,2,41,targ_class2,-74.0,-288.0
15,conjunction_blocks,conj_uni,0,2,42,dist_class2,-256.0,99.0
15,conjunction_blocks,conj_uni,0,2,43,targ_class1,-168.0,-66.0
15,conjunction_blocks,conj_uni,0,2,44,targ_class1,130.0,-203.0
15,conjunction_blocks,conj_uni,0,2,45,dist_class1,351.0,178.0
15,conjunction_blocks,conj_uni,0,2,46,targ_class1,213.0,114.0
15,conjunction_blocks,conj_uni,0,2,47,dist_class1,-359.0,300.0
15,conjunction_blocks,conj_uni,0,2,48,dist_class2,-160.0,-10.0
15,conjunction_blocks,conj_uni,0,2,49,targ_class1,-359.0,357.0
15,conjunction_blocks,conj_grid,0,1,1,targ_class1,-323.0,-318.0
15,conjunction_blocks,conj_grid,0,1,2,targ_class2,-223.0,-331.0
15,conjunction_blocks,conj_grid,0,1,3,dist_class1,-124.0,-332.0
15,conjunction_blocks,conj_grid,0,1,4,dist_class2,18.0,-332.0
15,conjunction_blocks,conj_grid,0,1,5,targ_class2,102.0,-335.0
15,conjunction_blocks,conj_grid,0,1,6,targ_class2,218.0,-323.0
15,conjunction_blocks,conj_grid,0,1,7,targ_class2,347.0,-317.0
15,conjunction_blocks,conj_grid,0,1,8,dist_class1,-325.0,-186.0
15,conjunction_blocks,conj_grid,0,1,9,dist_class1,-218.0,-222.0
15,conjunction_blocks,conj_grid,0,1,10,targ_class1,-99.0,-219.0
15,conjunction_blocks,conj_grid,0,1,11,dist_class2,-4.0,-226.0
15,conjunction_blocks,conj_grid,0,1,12,dist_class1,107.0,-196.0
15,conjunction_blocks,conj_grid,0,1,13,targ_class1,213.0,-211.0
15,conjunction_blocks,conj_grid,0,1,14,dist_class2,313.0,-215.0
15,conjunction_blocks,conj_grid,0,1,15,dist_class2,-326.0,-104.0
15,conjunction_blocks,conj_grid,0,1,16,dist_class1,-220.0,-100.0
15,conjunction_blocks,conj_grid,0,1,17,targ_class2,-109.0,-103.0
15,conjunction_blocks,conj_grid,0,1,18,dist_class1,-6.0,-136.0
15,conjunction_blocks,conj_grid,0,1,19,dist_class2,104.0,-96.0
15,conjunction_blocks,conj_grid,0,1,20,dist_class1,200.0,-107.0
15,conjunction_blocks,conj_grid,0,1,21,targ_class2,319.0,-103.0
15,conjunction_blocks,conj_grid,0,1,22,targ_class2,-321.0,13.0
15,conjunction_blocks,conj_grid,0,1,23,dist_class2,-214.0,8.0
15,conjunction_blocks,conj_grid,0,1,24,targ_class1,-112.0,6.0
15,conjunction_blocks,conj_grid,0,1,25,targ_class1,23.0,-3.0
15,conjunction_blocks,conj_grid,0,1,26,targ_class1,122.0,6.0
15,conjunction_blocks,conj_grid,0,1,27,dist_class1,225.0,18.0
15,conjunction_blocks,conj_grid,0,1,28,targ_class1,323.0,-24.0
15,conjunction_blocks,conj_grid,0,1,29,dist_class1,-337.0,121.0
15,conjunction_blocks,conj_grid,0,1,30,dist_class2,-229.0,117.0
15,conjunction_blocks,conj_grid,0,1,31,dist_class1,-110.0,100.0
15,conjunction_blocks,conj_grid,0,1,32,targ_class2,3.0,114.0
15,conjunction_blocks,conj_grid,0,1,33,targ_class1,109.0,104.0
15,conjunction_blocks,conj_grid,0,1,34,dist_class1,204.0,131.0
15,conjunction_blocks,conj_grid,0,1,35,targ_class2,333.0,111.0
15,conjunction_blocks,conj_grid,0,1,36,dist_class2,-320.0,224.0
15,conjunction_blocks,conj_grid,0,1,37,dist_class1,-207.0,216.0
15,conjunction_blocks,conj_grid,0,1,38,dist_class2,-108.0,226.0
15,conjunction_blocks,conj_grid,0,1,39,dist_class2,1.0,223.0
15,conjunction_blocks,conj_grid,0,1,40,targ_class1,105.0,199.0
15,conjunction_blocks,conj_grid,0,1,41,targ_class1,213.0,238.0
15,conjunction_blocks,conj_grid,0,1,42,targ_class1,310.0,212.0
15,conjunction_blocks,conj_grid,0,1,43,targ_class2,-312.0,319.0
15,conjunction_blocks,conj_grid,0,1,44,dist_class2,-230.0,316.0
15,conjunction_blocks,conj_grid,0,1,45,targ_class2,-105.0,333.0
15,conjunction_blocks,conj_grid,0,1,46,targ_class2,3.0,316.0
15,conjunction_blocks,conj_grid,0,1,47,dist_class2,113.0,317.0
15,conjunction_blocks,conj_grid,0,1,48,targ_class1,221.0,320.0
15,conjunction_blocks,conj_grid,0,1,49,dist_class2,327.0,322.0
15,conjunction_blocks,conj_uni,1,1,1,targ_class1,285.0,196.0
15,conjunction_blocks,conj_uni,1,1,2,dist_class2,305.0,-350.0
15,conjunction_blocks,conj_uni,1,1,3,targ_class2,-81.0,-304.0
15,conjunction_blocks,conj_uni,1,1,4,dist_class1,117.0,-253.0
15,conjunction_blocks,conj_uni,1,1,5,dist_class2,165.0,349.0
15,conjunction_blocks,conj_uni,1,1,6,dist_class1,52.0,200.0
15,conjunction_blocks,conj_uni,1,1,7,dist_class1,-349.0,-109.0
15,conjunction_blocks,conj_uni,1,1,8,targ_class1,102.0,246.0
15,conjunction_blocks,conj_uni,1,1,9,dist_class1,-50.0,-223.0
15,conjunction_blocks,conj_uni,1,1,10,dist_class2,264.0,-312.0
15,conjunction_blocks,conj_uni,1,1,11,targ_class1,-177.0,-347.0
15,conjunction_blocks,conj_uni,1,1,12,targ_class2,-13.0,21.0
15,conjunction_blocks,conj_uni,1,1,13,dist_class2,-277.0,-66.0
15,conjunction_blocks,conj_uni,1,1,14,targ_class2,-165.0,166.0
15,conjunction_blocks,conj_uni,1,1,15,dist_class2,101.0,-38.0
15,conjunction_blocks,conj_uni,1,1,16,dist_class1,102.0,95.0
15,conjunction_blocks,conj_uni,1,1,17,targ_class1,-266.0,289.0
15,conjunction_blocks,conj_uni,1,1,18,dist_class2,234.0,-204.0
15,conjunction_blocks,conj_uni,1,1,19,targ_class2,-136.0,-309.0
15,conjunction_blocks,conj_uni,1,1,20,dist_class1,25.0,-94.0
15,conjunction_blocks,conj_uni,1,1,21,targ_class2,-212.0,273.0
15,conjunction_blocks,conj_uni,1,1,22,dist_class2,-17.0,244.0
15,conjunction_blocks,conj_uni,1,1,23,targ_class1,106.0,350.0
15,conjunction_blocks,conj_uni,1,1,24,dist_class1,-106.0,144.0
15,conjunction_blocks,conj_uni,1,1,25,targ_class2,-215.0,217.0
15,conjunction_blocks,conj_uni,1,1,26,targ_class2,157.0,-28.0
15,conjunction_blocks,conj_uni,1,1,27,targ_class1,9.0,165.0
15,conjunction_blocks,conj_uni,1,1,28,targ_class1,-170.0,-108.0
15,conjunction_blocks,conj_uni,1,1,29,targ_class1,-73.0,-37.0
15,conjunction_blocks,conj_uni,1,1,30,targ_class2,-256.0,7.0
15,conjunction_blocks,conj_uni,1,1,31,dist_class2,12.0,-40.0
15,conjunction_blocks,conj_uni,1,1,32,targ_class2,270.0,74.0
15,conjunction_blocks,conj_uni,1,1,33,targ_class2,-17.0,-279.0
15,conjunction_blocks,conj_uni,1,1,34,targ_class1,-44.0,-115.0
15,conjunction_blocks,conj_uni,1,1,35,dist_class2,243.0,235.0
15,conjunction_blocks,conj_uni,1,1,36,targ_class1,79.0,-192.0
15,conjunction_blocks,conj_uni,1,1,37,targ_class1,339.0,101.0
15,conjunction_blocks,conj_uni,1,1,38,targ_class2,221.0,349.0
15,conjunction_blocks,conj_uni,1,1,39,dist_class1,345.0,-109.0
15,conjunction_blocks,conj_uni,1,1,40,dist_class2,-226.0,-41.0
15,conjunction_blocks,conj_uni,1,1,41,dist_class2,190.0,155.0
15,conjunction_blocks,conj_uni,1,1,42,dist_class2,-344.0,105.0
15,conjunction_blocks,conj_uni,1,1,43,targ_class1,243.0,291.0
15,conjunction_blocks,conj_uni,1,1,44,targ_class2,-198.0,33.0
15,conjunction_blocks,conj_uni,1,1,45,dist_class1,20.0,-150.0
15,conjunction_blocks,conj_uni,1,1,46,dist_class1,-222.0,161.0
15,conjunction_blocks,conj_uni,1,1,47,dist_class2,254.0,20.0
15,conjunction_blocks,conj_uni,1,1,48,dist_class1,74.0,-344.0
15,conjunction_blocks,conj_uni,1,1,49,dist_class1,-227.0,-278.0
15,conjunction_blocks,conj_rot,1,1,1,targ_class1,14.0,-446.0
15,conjunction_blocks,conj_rot,1,1,2,dist_class2,77.0,-395.0
15,conjunction_blocks,conj_rot,1,1,3,dist_class1,145.0,-302.0
15,conjunction_blocks,conj_rot,1,1,4,targ_class2,223.0,-216.0
15,conjunction_blocks,conj_rot,1,1,5,dist_class1,297.0,-142.0
15,conjunction_blocks,conj_rot,1,1,6,dist_class1,357.0,-75.0
15,conjunction_blocks,conj_rot,1,1,7,targ_class1,443.0,4.0
15,conjunction_blocks,conj_rot,1,1,8,targ_class2,-71.0,-389.0
15,conjunction_blocks,conj_rot,1,1,9,dist_class1,-11.0,-304.0
15,conjunction_blocks,conj_rot,1,1,10,targ_class1,65.0,-218.0
15,conjunction_blocks,conj_rot,1,1,11,dist_class2,162.0,-170.0
15,conjunction_blocks,conj_rot,1,1,12,dist_class2,235.0,-62.0
15,conjunction_blocks,conj_rot,1,1,13,targ_class1,303.0,-3.0
15,conjunction_blocks,conj_rot,1,1,14,targ_class2,372.0,89.0
15,conjunction_blocks,conj_rot,1,1,15,dist_class1,-147.0,-313.0
15,conjunction_blocks,conj_rot,1,1,16,dist_class2,-70.0,-218.0
15,conjunction_blocks,conj_rot,1,1,17,targ_class1,2.0,-151.0
15,conjunction_blocks,conj_rot,1,1,18,dist_class1,95.0,-61.0
15,conjunction_blocks,conj_rot,1,1,19,targ_class1,132.0,-12.0
15,conjunction_blocks,conj_rot,1,1,20,dist_class1,230.0,71.0
15,conjunction_blocks,conj_rot,1,1,21,dist_class1,309.0,161.0
15,conjunction_blocks,conj_rot,1,1,22,targ_class2,-244.0,-215.0
15,conjunction_blocks,conj_rot,1,1,23,dist_class2,-157.0,-152.0
15,conjunction_blocks,conj_rot,1,1,24,targ_class2,-75.0,-78.0
15,conjunction_blocks,conj_rot,1,1,25,targ_class2,2.0,-5.0
15,conjunction_blocks,conj_rot,1,1,26,dist_class1,84.0,63.0
15,conjunction_blocks,conj_rot,1,1,27,targ_class1,143.0,160.0
15,conjunction_blocks,conj_rot,1,1,28,dist_class1,209.0,240.0
15,conjunction_blocks,conj_rot,1,1,29,dist_class2,-316.0,-144.0
15,conjunction_blocks,conj_rot,1,1,30,dist_class2,-231.0,-70.0
15,conjunction_blocks,conj_rot,1,1,31,targ_class1,-149.0,21.0
15,conjunction_blocks,conj_rot,1,1,32,targ_class2,-89.0,69.0
15,conjunction_blocks,conj_rot,1,1,33,dist_class2,-2.0,160.0
15,conjunction_blocks,conj_rot,1,1,34,dist_class2,75.0,230.0
15,conjunction_blocks,conj_rot,1,1,35,targ_class1,144.0,306.0
15,conjunction_blocks,conj_rot,1,1,36,targ_class2,-381.0,-82.0
15,conjunction_blocks,conj_rot,1,1,37,targ_class1,-286.0,-20.0
15,conjunction_blocks,conj_rot,1,1,38,dist_class2,-213.0,98.0
15,conjunction_blocks,conj_rot,1,1,39,targ_class1,-163.0,153.0
15,conjunction_blocks,conj_rot,1,1,40,targ_class2,-54.0,236.0
15,conjunction_blocks,conj_rot,1,1,41,targ_class2,6.0,301.0
15,conjunction_blocks,conj_rot,1,1,42,dist_class2,83.0,389.0
15,conjunction_blocks,conj_rot,1,1,43,dist_class2,-468.0,-1.0
15,conjunction_blocks,conj_rot,1,1,44,targ_class2,-391.0,77.0
15,conjunction_blocks,conj_rot,1,1,45,targ_class1,-314.0,147.0
15,conjunction_blocks,conj_rot,1,1,46,dist_class1,-219.0,232.0
15,conjunction_blocks,conj_rot,1,1,47,targ_class2,-160.0,312.0
15,conjunction_blocks,conj_rot,1,1,48,dist_class1,-92.0,392.0
15,conjunction_blocks,conj_rot,1,1,49,dist_class2,6.0,450.0
15,conjunction_blocks,conj_grid,1,1,1,targ_class1,-333.0,-307.0
15,conjunction_blocks,conj_grid,1,1,2,targ_class2,-220.0,-311.0
15,conjunction_blocks,conj_grid,1,1,3,targ_class2,-99.0,-332.0
15,conjunction_blocks,conj_grid,1,1,4,targ_class2,-11.0,-325.0
15,conjunction_blocks,conj_grid,1,1,5,dist_class2,112.0,-327.0
15,conjunction_blocks,conj_grid,1,1,6,dist_class1,221.0,-338.0
15,conjunction_blocks,conj_grid,1,1,7,targ_class2,312.0,-327.0
15,conjunction_blocks,conj_grid,1,1,8,dist_class2,-333.0,-201.0
15,conjunction_blocks,conj_grid,1,1,9,targ_class2,-195.0,-219.0
15,conjunction_blocks,conj_grid,1,1,10,dist_class2,-103.0,-218.0
15,conjunction_blocks,conj_grid,1,1,11,dist_class1,-14.0,-230.0
15,conjunction_blocks,conj_grid,1,1,12,dist_class1,101.0,-206.0
15,conjunction_blocks,conj_grid,1,1,13,targ_class1,199.0,-193.0
15,conjunction_blocks,conj_grid,1,1,14,dist_class2,347.0,-216.0
15,conjunction_blocks,conj_grid,1,1,15,dist_class2,-323.0,-101.0
15,conjunction_blocks,conj_grid,1,1,16,targ_class1,-219.0,-99.0
15,conjunction_blocks,conj_grid,1,1,17,targ_class1,-107.0,-113.0
15,conjunction_blocks,conj_grid,1,1,18,dist_class1,4.0,-107.0
15,conjunction_blocks,conj_grid,1,1,19,dist_class2,106.0,-100.0
15,conjunction_blocks,conj_grid,1,1,20,dist_class1,220.0,-99.0
15,conjunction_blocks,conj_grid,1,1,21,targ_class2,334.0,-81.0
15,conjunction_blocks,conj_grid,1,1,22,targ_class1,-340.0,20.0
15,conjunction_blocks,conj_grid,1,1,23,targ_class1,-222.0,-2.0
15,conjunction_blocks,conj_grid,1,1,24,targ_class1,-108.0,25.0
15,conjunction_blocks,conj_grid,1,1,25,targ_class2,-1.0,-23.0
15,conjunction_blocks,conj_grid,1,1,26,targ_class1,88.0,-4.0
15,conjunction_blocks,conj_grid,1,1,27,dist_class1,216.0,12.0
15,conjunction_blocks,conj_grid,1,1,28,dist_class2,315.0,-5.0
15,conjunction_blocks,conj_grid,1,1,29,targ_class1,-322.0,111.0
15,conjunction_blocks,conj_grid,1,1,30,dist_class2,-218.0,105.0
15,conjunction_blocks,conj_grid,1,1,31,dist_class1,-93.0,107.0
15,conjunction_blocks,conj_grid,1,1,32,targ_class2,-15.0,112.0
15,conjunction_blocks,conj_grid,1,1,33,dist_class1,89.0,111.0
15,conjunction_blocks,conj_grid,1,1,34,targ_class2,214.0,101.0
15,conjunction_blocks,conj_grid,1,1,35,targ_class2,326.0,103.0
15,conjunction_blocks,conj_grid,1,1,36,targ_class1,-321.0,218.0
15,conjunction_blocks,conj_grid,1,1,37,dist_class1,-219.0,219.0
15,conjunction_blocks,conj_grid,1,1,38,dist_class2,-102.0,220.0
15,conjunction_blocks,conj_grid,1,1,39,dist_class2,12.0,204.0
15,conjunction_blocks,conj_grid,1,1,40,targ_class2,92.0,208.0
15,conjunction_blocks,conj_grid,1,1,41,targ_class1,224.0,217.0
15,conjunction_blocks,conj_grid,1,1,42,dist_class2,323.0,202.0
15,conjunction_blocks,conj_grid,1,1,43,dist_class1,-322.0,349.0
15,conjunction_blocks,conj_grid,1,1,44,targ_class1,-214.0,322.0
15,conjunction_blocks,conj_grid,1,1,45,dist_class2,-114.0,340.0
15,conjunction_blocks,conj_grid,1,1,46,dist_class1,10.0,321.0
15,conjunction_blocks,conj_grid,1,1,47,dist_class2,96.0,325.0
15,conjunction_blocks,conj_grid,1,1,48,targ_class2,196.0,312.0
15,conjunction_blocks,conj_grid,1,1,49,dist_class1,352.0,319.0
