person,block,condition,trial,attempt,id,item_class,x,y
30,prac_feat,feat_grid,0,1,1,dist_class1,-329.0,-329.0
30,prac_feat,feat_grid,0,1,2,targ_class2,-197.0,-332.0
30,prac_feat,feat_grid,0,1,3,dist_class2,-118.0,-304.0
30,prac_feat,feat_grid,0,1,4,targ_class2,1.0,-339.0
30,prac_feat,feat_grid,0,1,5,dist_class2,113.0,-314.0
30,prac_feat,feat_grid,0,1,6,dist_class1,221.0,-306.0
30,prac_feat,feat_grid,0,1,7,targ_class2,322.0,-319.0
30,prac_feat,feat_grid,0,1,8,dist_class1,-334.0,-214.0
30,prac_feat,feat_grid,0,1,9,targ_class1,-206.0,-216.0
30,prac_feat,feat_grid,0,1,10,dist_class1,-94.0,-213.0
30,prac_feat,feat_grid,0,1,11,dist_class2,11.0,-218.0
30,prac_feat,feat_grid,0,1,12,dist_class2,99.0,-210.0
30,prac_feat,feat_grid,0,1,13,dist_class2,198.0,-198.0
30,prac_feat,feat_grid,0,1,14,targ_class1,329.0,-196.0
30,prac_feat,feat_grid,0,1,15,dist_class2,-331.0,-106.0
30,prac_feat,feat_grid,0,1,16,targ_class2,-226.0,-105.0
30,prac_feat,feat_grid,0,1,17,dist_class2,-115.0,-115.0
30,prac_feat,feat_grid,0,1,18,targ_class2,7.0,-106.0
30,prac_feat,feat_grid,0,1,19,targ_class2,111.0,-97.0
30,prac_feat,feat_grid,0,1,20,targ_class1,218.0,-110.0
30,prac_feat,feat_grid,0,1,21,targ_class1,322.0,-96.0
30,prac_feat,feat_grid,0,1,22,targ_class1,-331.0,-3.0
30,prac_feat,feat_grid,0,1,23,dist_class1,-210.0,-2.0
30,prac_feat,feat_grid,0,1,24,dist_class1,-122.0,8.0
30,prac_feat,feat_grid,0,1,25,targ_class2,7.0,-1.0
30,prac_feat,feat_grid,0,1,26,dist_class1,111.0,2.0
30,prac_feat,feat_grid,0,1,27,dist_class1,208.0,0.0
30,prac_feat,feat_grid,0,1,28,targ_class1,318.0,1.0
30,prac_feat,feat_grid,0,1,29,dist_class2,-333.0,99.0
30,prac_feat,feat_grid,0,1,30,targ_class2,-211.0,114.0
30,prac_feat,feat_grid,0,1,31,targ_class2,-117.0,116.0
30,prac_feat,feat_grid,0,1,32,dist_class2,3.0,94.0
30,prac_feat,feat_grid,0,1,33,dist_class1,111.0,113.0
30,prac_feat,feat_grid,0,1,34,targ_class1,217.0,108.0
30,prac_feat,feat_grid,0,1,35,dist_class2,329.0,119.0
30,prac_feat,feat_grid,0,1,36,dist_class1,-328.0,228.0
30,prac_feat,feat_grid,0,1,37,dist_class2,-212.0,203.0
30,prac_feat,feat_grid,0,1,38,dist_class1,-112.0,218.0
30,prac_feat,feat_grid,0,1,39,dist_class1,1.0,215.0
30,prac_feat,feat_grid,0,1,40,targ_class2,113.0,208.0
30,prac_feat,feat_grid,0,1,41,targ_class2,224.0,224.0
30,prac_feat,feat_grid,0,1,42,targ_class1,324.0,221.0
30,prac_feat,feat_grid,0,1,43,targ_class2,-323.0,339.0
30,prac_feat,feat_grid,0,1,44,dist_class2,-227.0,325.0
30,prac_feat,feat_grid,0,1,45,targ_class1,-104.0,328.0
30,prac_feat,feat_grid,0,1,46,dist_class2,16.0,319.0
30,prac_feat,feat_grid,0,1,47,targ_class1,105.0,333.0
30,prac_feat,feat_grid,0,1,48,targ_class1,220.0,303.0
30,prac_feat,feat_grid,0,1,49,targ_class1,335.0,332.0
30,prac_feat,feat_grid,1,1,1,dist_class2,-319.0,-326.0
30,prac_feat,feat_grid,1,1,2,targ_class2,-217.0,-328.0
30,prac_feat,feat_grid,1,1,3,dist_class2,-93.0,-311.0
30,prac_feat,feat_grid,1,1,4,targ_class2,9.0,-315.0
30,prac_feat,feat_grid,1,1,5,dist_class2,111.0,-338.0
30,prac_feat,feat_grid,1,1,6,targ_class1,226.0,-335.0
30,prac_feat,feat_grid,1,1,7,dist_class1,330.0,-317.0
30,prac_feat,feat_grid,1,1,8,targ_class2,-320.0,-211.0
30,prac_feat,feat_grid,1,1,9,dist_class2,-234.0,-234.0
30,prac_feat,feat_grid,1,1,10,targ_class2,-117.0,-235.0
30,prac_feat,feat_grid,1,1,11,targ_class2,-0.0,-213.0
30,prac_feat,feat_grid,1,1,12,targ_class1,90.0,-205.0
30,prac_feat,feat_grid,1,1,13,dist_class1,223.0,-210.0
30,prac_feat,feat_grid,1,1,14,dist_class1,316.0,-207.0
30,prac_feat,feat_grid,1,1,15,targ_class1,-322.0,-94.0
30,prac_feat,feat_grid,1,1,16,dist_class1,-221.0,-88.0
30,prac_feat,feat_grid,1,1,17,targ_class1,-112.0,-121.0
30,prac_feat,feat_grid,1,1,18,dist_class2,6.0,-108.0
30,prac_feat,feat_grid,1,1,19,targ_class2,122.0,-112.0
30,prac_feat,feat_grid,1,1,20,dist_class2,222.0,-108.0
30,prac_feat,feat_grid,1,1,21,dist_class1,319.0,-104.0
30,prac_feat,feat_grid,1,1,22,dist_class2,-346.0,10.0
30,prac_feat,feat_grid,1,1,23,dist_class1,-219.0,-8.0
30,prac_feat,feat_grid,1,1,24,targ_class1,-110.0,6.0
30,prac_feat,feat_grid,1,1,25,targ_class2,-3.0,-20.0
30,prac_feat,feat_grid,1,1,26,targ_class2,100.0,5.0
30,prac_feat,feat_grid,1,1,27,dist_class2,214.0,-20.0
30,prac_feat,feat_grid,1,1,28,dist_class1,322.0,-9.0
30,prac_feat,feat_grid,1,1,29,targ_class1,-330.0,114.0
30,prac_feat,feat_grid,1,1,30,targ_class1,-210.0,111.0
30,prac_feat,feat_grid,1,1,31,dist_class2,-110.0,110.0
30,prac_feat,feat_grid,1,1,32,dist_class1,-5.0,117.0
30,prac_feat,feat_grid,1,1,33,targ_class2,114.0,112.0
30,prac_feat,feat_grid,1,1,34,targ_class1,226.0,111.0
30,prac_feat,feat_grid,1,1,35,targ_class1,333.0,109.0
30,prac_feat,feat_grid,1,1,36,dist_class1,-324.0,229.0
30,prac_feat,feat_grid,1,1,37,dist_class2,-216.0,215.0
30,prac_feat,feat_grid,1,1,38,dist_class2,-95.0,224.0
30,prac_feat,feat_grid,1,1,39,dist_class1,-1.0,215.0
30,prac_feat,feat_grid,1,1,40,dist_class1,93.0,207.0
30,prac_feat,feat_grid,1,1,41,targ_class2,235.0,209.0
30,prac_feat,feat_grid,1,1,42,targ_class1,320.0,215.0
30,prac_feat,feat_grid,1,1,43,dist_class2,-323.0,322.0
30,prac_feat,feat_grid,1,1,44,dist_class2,-224.0,301.0
30,prac_feat,feat_grid,1,1,45,targ_class2,-126.0,357.0
30,prac_feat,feat_grid,1,1,46,dist_class1,3.0,307.0
30,prac_feat,feat_grid,1,1,47,targ_class2,104.0,319.0
30,prac_feat,feat_grid,1,1,48,targ_class1,203.0,318.0
30,prac_feat,feat_grid,1,1,49,targ_class1,319.0,321.0
30,feature_blocks,feat_grid,0,1,1,dist_class1,-335.0,-329.0
30,feature_blocks,feat_grid,0,1,2,targ_class2,-229.0,-329.0
30,feature_blocks,feat_grid,0,1,3,targ_class1,-100.0,-302.0
30,feature_blocks,feat_grid,0,1,4,targ_class1,8.0,-322.0
30,feature_blocks,feat_grid,0,1,5,targ_class1,101.0,-312.0
30,feature_blocks,feat_grid,0,1,6,dist_class2,230.0,-327.0
30,feature_blocks,feat_grid,0,1,7,dist_class1,317.0,-328.0
30,feature_blocks,feat_grid,0,1,8,dist_class1,-322.0,-222.0
30,feature_blocks,feat_grid,0,1,9,dist_class1,-206.0,-212.0
30,feature_blocks,feat_grid,0,1,10,dist_class2,-106.0,-224.0
30,feature_blocks,feat_grid,0,1,11,targ_class2,10.0,-216.0
30,feature_blocks,feat_grid,0,1,12,dist_class2,105.0,-210.0
30,feature_blocks,feat_grid,0,1,13,targ_class1,206.0,-196.0
30,feature_blocks,feat_grid,0,1,14,dist_class2,332.0,-219.0
30,feature_blocks,feat_grid,0,1,15,targ_class2,-323.0,-117.0
30,feature_blocks,feat_grid,0,1,16,dist_class1,-221.0,-104.0
30,feature_blocks,feat_grid,0,1,17,dist_class2,-125.0,-105.0
30,feature_blocks,feat_grid,0,1,18,targ_class1,-14.0,-102.0
30,feature_blocks,feat_grid,0,1,19,targ_class2,119.0,-97.0
30,feature_blocks,feat_grid,0,1,20,dist_class2,220.0,-123.0
30,feature_blocks,feat_grid,0,1,21,targ_class1,314.0,-111.0
30,feature_blocks,feat_grid,0,1,22,targ_class2,-325.0,4.0
30,feature_blocks,feat_grid,0,1,23,targ_class1,-226.0,12.0
30,feature_blocks,feat_grid,0,1,24,dist_class1,-103.0,0.0
30,feature_blocks,feat_grid,0,1,25,targ_class2,-21.0,10.0
30,feature_blocks,feat_grid,0,1,26,dist_class2,103.0,1.0
30,feature_blocks,feat_grid,0,1,27,dist_class1,213.0,-4.0
30,feature_blocks,feat_grid,0,1,28,targ_class2,302.0,-2.0
30,feature_blocks,feat_grid,0,1,29,targ_class1,-322.0,102.0
30,feature_blocks,feat_grid,0,1,30,targ_class2,-202.0,115.0
30,feature_blocks,feat_grid,0,1,31,targ_class2,-121.0,106.0
30,feature_blocks,feat_grid,0,1,32,dist_class2,-13.0,107.0
30,feature_blocks,feat_grid,0,1,33,targ_class1,94.0,103.0
30,feature_blocks,feat_grid,0,1,34,dist_class1,220.0,101.0
30,feature_blocks,feat_grid,0,1,35,targ_class2,295.0,114.0
30,feature_blocks,feat_grid,0,1,36,dist_class1,-323.0,222.0
30,feature_blocks,feat_grid,0,1,37,targ_class1,-203.0,222.0
30,feature_blocks,feat_grid,0,1,38,dist_class1,-101.0,199.0
30,feature_blocks,feat_grid,0,1,39,dist_class2,-13.0,219.0
30,feature_blocks,feat_grid,0,1,40,targ_class1,99.0,229.0
30,feature_blocks,feat_grid,0,1,41,targ_class2,203.0,220.0
30,feature_blocks,feat_grid,0,1,42,dist_class2,325.0,221.0
30,feature_blocks,feat_grid,0,1,43,targ_class2,-323.0,327.0
30,feature_blocks,feat_grid,0,1,44,dist_class2,-207.0,340.0
30,feature_blocks,feat_grid,0,1,45,targ_class1,-101.0,335.0
30,feature_blocks,feat_grid,0,1,46,dist_class2,-8.0,323.0
30,feature_blocks,feat_grid,0,1,47,dist_class2,112.0,317.0
30,feature_blocks,feat_grid,0,1,48,dist_class1,215.0,330.0
30,feature_blocks,feat_grid,0,1,49,dist_class1,324.0,322.0
30,feature_blocks,feat_uni,4,1,1,targ_class1,-224.0,-234.0
30,feature_blocks,feat_uni,4,1,2,targ_class2,-319.0,-184.0
30,feature_blocks,feat_uni,4,1,3,dist_class2,148.0,2.0
30,feature_blocks,feat_uni,4,1,4,dist_class2,-302.0,-58.0
30,feature_blocks,feat_uni,4,1,5,targ_class2,116.0,222.0
30,feature_blocks,feat_uni,4,1,6,targ_class1,94.0,-170.0
30,feature_blocks,feat_uni,4,1,7,targ_class1,358.0,250.0
30,feature_blocks,feat_uni,4,1,8,dist_class1,-275.0,180.0
30,feature_blocks,feat_uni,4,1,9,targ_class1,-127.0,-262.0
30,feature_blocks,feat_uni,4,1,10,targ_class1,-92.0,119.0
30,feature_blocks,feat_uni,4,1,11,targ_class2,237.0,77.0
30,feature_blocks,feat_uni,4,1,12,targ_class1,249.0,132.0
30,feature_blocks,feat_uni,4,1,13,targ_class2,-157.0,-88.0
30,feature_blocks,feat_uni,4,1,14,dist_class1,-330.0,-364.0
30,feature_blocks,feat_uni,4,1,15,dist_class1,-342.0,186.0
30,feature_blocks,feat_uni,4,1,16,targ_class1,-285.0,288.0
30,feature_blocks,feat_uni,4,1,17,dist_class2,219.0,-195.0
30,feature_blocks,feat_uni,4,1,18,dist_class1,200.0,276.0
30,feature_blocks,feat_uni,4,1,19,dist_class2,109.0,-116.0
30,feature_blocks,feat_uni,4,1,20,targ_class2,-45.0,214.0
30,feature_blocks,feat_uni,4,1,21,targ_class2,-190.0,34.0
30,feature_blocks,feat_uni,4,1,22,targ_class1,-333.0,356.0
30,feature_blocks,feat_uni,4,1,23,targ_class1,-92.0,-306.0
30,feature_blocks,feat_uni,4,1,24,dist_class1,-357.0,-70.0
30,feature_blocks,feat_uni,4,1,25,dist_class2,-134.0,-207.0
30,feature_blocks,feat_uni,4,1,26,dist_class2,236.0,208.0
30,feature_blocks,feat_uni,4,1,27,dist_class2,239.0,-67.0
30,feature_blocks,feat_uni,4,1,28,dist_class2,-108.0,227.0
30,feature_blocks,feat_uni,4,1,29,targ_class1,96.0,67.0
30,feature_blocks,feat_uni,4,1,30,targ_class2,263.0,-16.0
30,feature_blocks,feat_uni,4,1,31,dist_class2,-85.0,174.0
30,feature_blocks,feat_uni,4,1,32,dist_class1,-106.0,319.0
30,feature_blocks,feat_uni,4,1,33,targ_class2,257.0,-293.0
30,feature_blocks,feat_uni,4,1,34,dist_class1,65.0,21.0
30,feature_blocks,feat_uni,4,1,35,dist_class1,-161.0,109.0
30,feature_blocks,feat_uni,4,1,36,dist_class2,186.0,101.0
30,feature_blocks,feat_uni,4,1,37,targ_class1,-283.0,-228.0
30,feature_blocks,feat_uni,4,1,38,dist_class1,183.0,331.0
30,feature_blocks,feat_uni,4,1,39,dist_class1,-363.0,-319.0
30,feature_blocks,feat_uni,4,1,40,dist_class1,-138.0,159.0
30,feature_blocks,feat_uni,4,1,41,targ_class2,343.0,-175.0
30,feature_blocks,feat_uni,4,1,42,targ_class2,365.0,-227.0
30,feature_blocks,feat_uni,4,1,43,targ_class1,121.0,345.0
30,feature_blocks,feat_uni,4,1,44,dist_class2,-171.0,-23.0
30,feature_blocks,feat_uni,4,1,45,dist_class2,151.0,58.0
30,feature_blocks,feat_uni,4,1,46,targ_class2,37.0,-340.0
30,feature_blocks,feat_uni,4,1,47,dist_class2,-114.0,-29.0
30,feature_blocks,feat_uni,4,1,48,targ_class2,-223.0,79.0
30,feature_blocks,feat_uni,4,1,49,dist_class1,-53.0,-346.0
30,feature_blocks,feat_grid,3,1,1,targ_class1,-329.0,-321.0
30,feature_blocks,feat_grid,3,1,2,dist_class1,-215.0,-312.0
30,feature_blocks,feat_grid,3,1,3,targ_class2,-125.0,-326.0
30,feature_blocks,feat_grid,3,1,4,dist_class2,-1.0,-338.0
30,feature_blocks,feat_grid,3,1,5,targ_class1,90.0,-312.0
30,feature_blocks,feat_grid,3,1,6,dist_class1,216.0,-319.0
30,feature_blocks,feat_grid,3,1,7,targ_class1,339.0,-318.0
30,feature_blocks,feat_grid,3,1,8,dist_class2,-338.0,-210.0
30,feature_blocks,feat_grid,3,1,9,targ_class1,-208.0,-226.0
30,feature_blocks,feat_grid,3,1,10,dist_class2,-110.0,-217.0
30,feature_blocks,feat_grid,3,1,11,targ_class1,12.0,-214.0
30,feature_blocks,feat_grid,3,1,12,targ_class1,110.0,-225.0
30,feature_blocks,feat_grid,3,1,13,targ_class2,212.0,-211.0
30,feature_blocks,feat_grid,3,1,14,dist_class2,349.0,-227.0
30,feature_blocks,feat_grid,3,1,15,dist_class2,-318.0,-114.0
30,feature_blocks,feat_grid,3,1,16,dist_class2,-213.0,-120.0
30,feature_blocks,feat_grid,3,1,17,dist_class1,-111.0,-102.0
30,feature_blocks,feat_grid,3,1,18,dist_class2,-12.0,-110.0
30,feature_blocks,feat_grid,3,1,19,targ_class2,103.0,-109.0
30,feature_blocks,feat_grid,3,1,20,dist_class1,204.0,-98.0
30,feature_blocks,feat_grid,3,1,21,targ_class2,311.0,-115.0
30,feature_blocks,feat_grid,3,1,22,targ_class1,-315.0,16.0
30,feature_blocks,feat_grid,3,1,23,dist_class2,-191.0,0.0
30,feature_blocks,feat_grid,3,1,24,dist_class1,-114.0,12.0
30,feature_blocks,feat_grid,3,1,25,targ_class2,-3.0,2.0
30,feature_blocks,feat_grid,3,1,26,dist_class2,127.0,16.0
30,feature_blocks,feat_grid,3,1,27,targ_class2,219.0,-8.0
30,feature_blocks,feat_grid,3,1,28,targ_class2,329.0,-5.0
30,feature_blocks,feat_grid,3,1,29,targ_class2,-331.0,111.0
30,feature_blocks,feat_grid,3,1,30,targ_class2,-204.0,102.0
30,feature_blocks,feat_grid,3,1,31,targ_class1,-118.0,104.0
30,feature_blocks,feat_grid,3,1,32,targ_class2,5.0,110.0
30,feature_blocks,feat_grid,3,1,33,dist_class1,100.0,119.0
30,feature_blocks,feat_grid,3,1,34,targ_class1,217.0,111.0
30,feature_blocks,feat_grid,3,1,35,dist_class1,330.0,115.0
30,feature_blocks,feat_grid,3,1,36,dist_class2,-309.0,220.0
30,feature_blocks,feat_grid,3,1,37,targ_class1,-217.0,208.0
30,feature_blocks,feat_grid,3,1,38,dist_class1,-118.0,220.0
30,feature_blocks,feat_grid,3,1,39,targ_class2,5.0,213.0
30,feature_blocks,feat_grid,3,1,40,targ_class1,103.0,214.0
30,feature_blocks,feat_grid,3,1,41,dist_class2,229.0,213.0
30,feature_blocks,feat_grid,3,1,42,targ_class1,316.0,212.0
30,feature_blocks,feat_grid,3,1,43,dist_class2,-323.0,329.0
30,feature_blocks,feat_grid,3,1,44,dist_class1,-222.0,336.0
30,feature_blocks,feat_grid,3,1,45,dist_class1,-108.0,316.0
30,feature_blocks,feat_grid,3,1,46,dist_class1,-8.0,314.0
30,feature_blocks,feat_grid,3,1,47,dist_class1,129.0,327.0
30,feature_blocks,feat_grid,3,1,48,targ_class2,222.0,313.0
30,feature_blocks,feat_grid,3,1,49,dist_class2,326.0,332.0
30,feature_blocks,feat_uni,2,1,1,targ_class2,-276.0,39.0
30,feature_blocks,feat_uni,2,1,2,dist_class2,-193.0,25.0
30,feature_blocks,feat_uni,2,1,3,targ_class1,-26.0,-228.0
30,feature_blocks,feat_uni,2,1,4,targ_class1,92.0,317.0
30,feature_blocks,feat_uni,2,1,5,targ_class1,-139.0,-339.0
30,feature_blocks,feat_uni,2,1,6,dist_class1,-357.0,259.0
30,feature_blocks,feat_uni,2,1,7,dist_class1,3.0,-350.0
30,feature_blocks,feat_uni,2,1,8,targ_class2,250.0,63.0
30,feature_blocks,feat_uni,2,1,9,targ_class2,222.0,-90.0
30,feature_blocks,feat_uni,2,1,10,targ_class1,292.0,-203.0
30,feature_blocks,feat_uni,2,1,11,dist_class2,-241.0,-5.0
30,feature_blocks,feat_uni,2,1,12,dist_class1,128.0,140.0
30,feature_blocks,feat_uni,2,1,13,targ_class2,-77.0,25.0
30,feature_blocks,feat_uni,2,1,14,targ_class2,-323.0,178.0
30,feature_blocks,feat_uni,2,1,15,dist_class1,-148.0,282.0
30,feature_blocks,feat_uni,2,1,16,dist_class2,-260.0,-146.0
30,feature_blocks,feat_uni,2,1,17,targ_class2,-140.0,8.0
30,feature_blocks,feat_uni,2,1,18,dist_class1,19.0,-97.0
30,feature_blocks,feat_uni,2,1,19,dist_class1,116.0,-300.0
30,feature_blocks,feat_uni,2,1,20,targ_class1,106.0,69.0
30,feature_blocks,feat_uni,2,1,21,dist_class2,37.0,243.0
30,feature_blocks,feat_uni,2,1,22,dist_class2,-281.0,225.0
30,feature_blocks,feat_uni,2,1,23,dist_class1,-263.0,172.0
30,feature_blocks,feat_uni,2,1,24,dist_class1,150.0,-147.0
30,feature_blocks,feat_uni,2,1,25,dist_class2,338.0,-248.0
30,feature_blocks,feat_uni,2,1,26,dist_class2,-283.0,-265.0
30,feature_blocks,feat_uni,2,1,27,targ_class2,-190.0,243.0
30,feature_blocks,feat_uni,2,1,28,dist_class1,74.0,178.0
30,feature_blocks,feat_uni,2,1,29,dist_class2,-53.0,-276.0
30,feature_blocks,feat_uni,2,1,30,targ_class1,-242.0,327.0
30,feature_blocks,feat_uni,2,1,31,dist_class1,34.0,-222.0
30,feature_blocks,feat_uni,2,1,32,dist_class1,205.0,343.0
30,feature_blocks,feat_uni,2,1,33,targ_class1,8.0,-20.0
30,feature_blocks,feat_uni,2,1,34,targ_class1,-288.0,-332.0
30,feature_blocks,feat_uni,2,1,35,dist_class2,315.0,347.0
30,feature_blocks,feat_uni,2,1,36,targ_class2,-182.0,-145.0
30,feature_blocks,feat_uni,2,1,37,dist_class2,-162.0,-205.0
30,feature_blocks,feat_uni,2,1,38,targ_class2,-12.0,-174.0
30,feature_blocks,feat_uni,2,1,39,dist_class2,266.0,-54.0
30,feature_blocks,feat_uni,2,1,40,targ_class1,190.0,-187.0
30,feature_blocks,feat_uni,2,1,41,targ_class2,-317.0,-124.0
30,feature_blocks,feat_uni,2,1,42,dist_class1,192.0,25.0
30,feature_blocks,feat_uni,2,1,43,dist_class2,73.0,-263.0
30,feature_blocks,feat_uni,2,1,44,targ_class2,-130.0,193.0
30,feature_blocks,feat_uni,2,1,45,targ_class2,-83.0,341.0
30,feature_blocks,feat_uni,2,1,46,targ_class1,-232.0,75.0
30,feature_blocks,feat_uni,2,1,47,dist_class2,-219.0,-186.0
30,feature_blocks,feat_uni,2,1,48,targ_class1,90.0,-187.0
30,feature_blocks,feat_uni,2,1,49,targ_class1,30.0,299.0
30,feature_blocks,feat_uni,1,1,1,targ_class2,-32.0,201.0
30,feature_blocks,feat_uni,1,1,2,targ_class1,-160.0,-87.0
30,feature_blocks,feat_uni,1,1,3,targ_class1,-102.0,238.0
30,feature_blocks,feat_uni,1,1,4,targ_class1,52.0,60.0
30,feature_blocks,feat_uni,1,1,5,targ_class2,-126.0,-357.0
30,feature_blocks,feat_uni,1,1,6,targ_class1,58.0,-37.0
30,feature_blocks,feat_uni,1,1,7,dist_class1,24.0,-373.0
30,feature_blocks,feat_uni,1,1,8,dist_class2,345.0,-55.0
30,feature_blocks,feat_uni,1,1,9,dist_class2,290.0,-46.0
30,feature_blocks,feat_uni,1,1,10,targ_class2,-179.0,-337.0
30,feature_blocks,feat_uni,1,1,11,dist_class1,-189.0,12.0
30,feature_blocks,feat_uni,1,1,12,targ_class1,-66.0,-186.0
30,feature_blocks,feat_uni,1,1,13,targ_class1,-50.0,-125.0
30,feature_blocks,feat_uni,1,1,14,targ_class2,294.0,10.0
30,feature_blocks,feat_uni,1,1,15,dist_class2,-13.0,-168.0
30,feature_blocks,feat_uni,1,1,16,dist_class1,-191.0,172.0
30,feature_blocks,feat_uni,1,1,17,dist_class1,209.0,-354.0
30,feature_blocks,feat_uni,1,1,18,targ_class2,-148.0,116.0
30,feature_blocks,feat_uni,1,1,19,dist_class1,19.0,-214.0
30,feature_blocks,feat_uni,1,1,20,dist_class2,180.0,131.0
30,feature_blocks,feat_uni,1,1,21,dist_class2,-237.0,369.0
30,feature_blocks,feat_uni,1,1,22,dist_class2,264.0,315.0
30,feature_blocks,feat_uni,1,1,23,targ_class2,146.0,-14.0
30,feature_blocks,feat_uni,1,1,24,dist_class2,-293.0,352.0
30,feature_blocks,feat_uni,1,1,25,dist_class1,28.0,234.0
30,feature_blocks,feat_uni,1,1,26,targ_class1,-4.0,-265.0
30,feature_blocks,feat_uni,1,1,27,targ_class2,324.0,163.0
30,feature_blocks,feat_uni,1,1,28,targ_class1,71.0,330.0
30,feature_blocks,feat_uni,1,1,29,targ_class2,7.0,-319.0
30,feature_blocks,feat_uni,1,1,30,dist_class1,-77.0,-49.0
30,feature_blocks,feat_uni,1,1,31,dist_class1,32.0,290.0
30,feature_blocks,feat_uni,1,1,32,dist_class1,5.0,27.0
30,feature_blocks,feat_uni,1,1,33,dist_class2,289.0,100.0
30,feature_blocks,feat_uni,1,1,34,dist_class2,-30.0,-16.0
30,feature_blocks,feat_uni,1,1,35,dist_class1,-68.0,88.0
30,feature_blocks,feat_uni,1,1,36,targ_class2,141.0,-71.0
30,feature_blocks,feat_uni,1,1,37,targ_class2,-307.0,-105.0
30,feature_blocks,feat_uni,1,1,38,dist_class1,266.0,-225.0
30,feature_blocks,feat_uni,1,1,39,targ_class1,211.0,334.0
30,feature_blocks,feat_uni,1,1,40,targ_class2,-200.0,-277.0
30,feature_blocks,feat_uni,1,1,41,dist_class2,-169.0,64.0
30,feature_blocks,feat_uni,1,1,42,dist_class1,170.0,-120.0
30,feature_blocks,feat_uni,1,1,43,targ_class1,224.0,-133.0
30,feature_blocks,feat_uni,1,1,44,targ_class1,109.0,281.0
30,feature_blocks,feat_uni,1,1,45,targ_class2,-237.0,312.0
30,feature_blocks,feat_uni,1,1,46,dist_class2,-318.0,-50.0
30,feature_blocks,feat_uni,1,1,47,dist_class2,-289.0,-322.0
30,feature_blocks,feat_uni,1,1,48,targ_class1,-56.0,-247.0
30,feature_blocks,feat_uni,1,1,49,dist_class2,288.0,264.0
30,feature_blocks,feat_grid,4,1,1,targ_class2,-321.0,-333.0
30,feature_blocks,feat_grid,4,1,2,dist_class2,-220.0,-327.0
30,feature_blocks,feat_grid,4,1,3,dist_class1,-107.0,-324.0
30,feature_blocks,feat_grid,4,1,4,targ_class1,9.0,-317.0
30,feature_blocks,feat_grid,4,1,5,dist_class1,108.0,-324.0
30,feature_blocks,feat_grid,4,1,6,dist_class2,204.0,-332.0
30,feature_blocks,feat_grid,4,1,7,dist_class1,329.0,-320.0
30,feature_blocks,feat_grid,4,1,8,targ_class2,-322.0,-225.0
30,feature_blocks,feat_grid,4,1,9,targ_class1,-228.0,-222.0
30,feature_blocks,feat_grid,4,1,10,dist_class2,-119.0,-235.0
30,feature_blocks,feat_grid,4,1,11,dist_class2,-1.0,-216.0
30,feature_blocks,feat_grid,4,1,12,targ_class1,117.0,-215.0
30,feature_blocks,feat_grid,4,1,13,dist_class1,220.0,-218.0
30,feature_blocks,feat_grid,4,1,14,targ_class2,327.0,-225.0
30,feature_blocks,feat_grid,4,1,15,dist_class2,-333.0,-112.0
30,feature_blocks,feat_grid,4,1,16,dist_class1,-214.0,-115.0
30,feature_blocks,feat_grid,4,1,17,dist_class2,-98.0,-120.0
30,feature_blocks,feat_grid,4,1,18,dist_class2,-5.0,-106.0
30,feature_blocks,feat_grid,4,1,19,dist_class1,96.0,-104.0
30,feature_blocks,feat_grid,4,1,20,targ_class2,221.0,-101.0
30,feature_blocks,feat_grid,4,1,21,dist_class1,316.0,-107.0
30,feature_blocks,feat_grid,4,1,22,targ_class1,-318.0,-6.0
30,feature_blocks,feat_grid,4,1,23,dist_class1,-214.0,-3.0
30,feature_blocks,feat_grid,4,1,24,targ_class1,-103.0,5.0
30,feature_blocks,feat_grid,4,1,25,dist_class2,23.0,10.0
30,feature_blocks,feat_grid,4,1,26,targ_class1,115.0,-6.0
30,feature_blocks,feat_grid,4,1,27,dist_class2,217.0,3.0
30,feature_blocks,feat_grid,4,1,28,targ_class2,333.0,11.0
30,feature_blocks,feat_grid,4,1,29,targ_class1,-318.0,112.0
30,feature_blocks,feat_grid,4,1,30,dist_class2,-208.0,115.0
30,feature_blocks,feat_grid,4,1,31,targ_class2,-117.0,84.0
30,feature_blocks,feat_grid,4,1,32,dist_class1,-14.0,106.0
30,feature_blocks,feat_grid,4,1,33,targ_class2,108.0,106.0
30,feature_blocks,feat_grid,4,1,34,targ_class2,198.0,95.0
30,feature_blocks,feat_grid,4,1,35,targ_class2,314.0,112.0
30,feature_blocks,feat_grid,4,1,36,targ_class2,-324.0,225.0
30,feature_blocks,feat_grid,4,1,37,targ_class1,-210.0,221.0
30,feature_blocks,feat_grid,4,1,38,targ_class1,-90.0,213.0
30,feature_blocks,feat_grid,4,1,39,targ_class1,-2.0,223.0
30,feature_blocks,feat_grid,4,1,40,dist_class1,97.0,202.0
30,feature_blocks,feat_grid,4,1,41,targ_class1,220.0,213.0
30,feature_blocks,feat_grid,4,1,42,dist_class1,313.0,211.0
30,feature_blocks,feat_grid,4,1,43,dist_class2,-325.0,305.0
30,feature_blocks,feat_grid,4,1,44,dist_class1,-202.0,322.0
30,feature_blocks,feat_grid,4,1,45,targ_class1,-119.0,323.0
30,feature_blocks,feat_grid,4,1,46,targ_class2,-11.0,320.0
30,feature_blocks,feat_grid,4,1,47,dist_class2,115.0,327.0
30,feature_blocks,feat_grid,4,1,48,dist_class2,196.0,320.0
30,feature_blocks,feat_grid,4,1,49,targ_class2,341.0,321.0
30,feature_blocks,feat_grid,1,1,1,dist_class1,-326.0,-314.0
30,feature_blocks,feat_grid,1,1,2,targ_class2,-219.0,-332.0
30,feature_blocks,feat_grid,1,1,3,targ_class1,-121.0,-318.0
30,feature_blocks,feat_grid,1,1,4,dist_class2,1.0,-336.0
30,feature_blocks,feat_grid,1,1,5,dist_class2,109.0,-303.0
30,feature_blocks,feat_grid,1,1,6,dist_class1,196.0,-321.0
30,feature_blocks,feat_grid,1,1,7,dist_class1,328.0,-355.0
30,feature_blocks,feat_grid,1,1,8,targ_class1,-321.0,-211.0
30,feature_blocks,feat_grid,1,1,9,targ_class2,-228.0,-224.0
30,feature_blocks,feat_grid,1,1,10,dist_class1,-100.0,-213.0
30,feature_blocks,feat_grid,1,1,11,dist_class2,19.0,-210.0
30,feature_blocks,feat_grid,1,1,12,targ_class1,119.0,-212.0
30,feature_blocks,feat_grid,1,1,13,targ_class1,206.0,-213.0
30,feature_blocks,feat_grid,1,1,14,dist_class1,325.0,-221.0
30,feature_blocks,feat_grid,1,1,15,dist_class1,-315.0,-121.0
30,feature_blocks,feat_grid,1,1,16,targ_class1,-219.0,-93.0
30,feature_blocks,feat_grid,1,1,17,targ_class1,-99.0,-114.0
30,feature_blocks,feat_grid,1,1,18,dist_class2,-2.0,-112.0
30,feature_blocks,feat_grid,1,1,19,targ_class1,109.0,-120.0
30,feature_blocks,feat_grid,1,1,20,dist_class2,201.0,-106.0
30,feature_blocks,feat_grid,1,1,21,dist_class1,334.0,-127.0
30,feature_blocks,feat_grid,1,1,22,targ_class1,-315.0,11.0
30,feature_blocks,feat_grid,1,1,23,targ_class2,-212.0,-3.0
30,feature_blocks,feat_grid,1,1,24,dist_class2,-94.0,-7.0
30,feature_blocks,feat_grid,1,1,25,dist_class2,-12.0,-2.0
30,feature_blocks,feat_grid,1,1,26,targ_class1,125.0,1.0
30,feature_blocks,feat_grid,1,1,27,dist_class1,216.0,2.0
30,feature_blocks,feat_grid,1,1,28,targ_class2,341.0,1.0
30,feature_blocks,feat_grid,1,1,29,targ_class2,-323.0,110.0
30,feature_blocks,feat_grid,1,1,30,dist_class1,-212.0,93.0
30,feature_blocks,feat_grid,1,1,31,targ_class2,-98.0,90.0
30,feature_blocks,feat_grid,1,1,32,dist_class2,-3.0,103.0
30,feature_blocks,feat_grid,1,1,33,dist_class2,106.0,103.0
30,feature_blocks,feat_grid,1,1,34,targ_class2,218.0,95.0
30,feature_blocks,feat_grid,1,1,35,targ_class2,312.0,106.0
30,feature_blocks,feat_grid,1,1,36,targ_class2,-342.0,206.0
30,feature_blocks,feat_grid,1,1,37,dist_class2,-220.0,216.0
30,feature_blocks,feat_grid,1,1,38,dist_class2,-106.0,215.0
30,feature_blocks,feat_grid,1,1,39,dist_class1,9.0,234.0
30,feature_blocks,feat_grid,1,1,40,dist_class1,109.0,225.0
30,feature_blocks,feat_grid,1,1,41,targ_class1,197.0,229.0
30,feature_blocks,feat_grid,1,1,42,dist_class2,332.0,208.0
30,feature_blocks,feat_grid,1,1,43,targ_class2,-323.0,357.0
30,feature_blocks,feat_grid,1,1,44,dist_class2,-200.0,317.0
30,feature_blocks,feat_grid,1,1,45,targ_class1,-104.0,320.0
30,feature_blocks,feat_grid,1,1,46,dist_class1,4.0,321.0
30,feature_blocks,feat_grid,1,1,47,targ_class1,125.0,338.0
30,feature_blocks,feat_grid,1,1,48,targ_class2,223.0,349.0
30,feature_blocks,feat_grid,1,1,49,targ_class2,309.0,342.0
30,feature_blocks,feat_rot,3,1,1,targ_class2,17.0,-449.0
30,feature_blocks,feat_rot,3,1,2,dist_class1,80.0,-387.0
30,feature_blocks,feat_rot,3,1,3,targ_class2,147.0,-303.0
30,feature_blocks,feat_rot,3,1,4,dist_class2,233.0,-221.0
30,feature_blocks,feat_rot,3,1,5,targ_class1,323.0,-158.0
30,feature_blocks,feat_rot,3,1,6,targ_class1,382.0,-59.0
30,feature_blocks,feat_rot,3,1,7,dist_class2,464.0,-6.0
30,feature_blocks,feat_rot,3,1,8,targ_class2,-104.0,-381.0
30,feature_blocks,feat_rot,3,1,9,dist_class2,7.0,-307.0
30,feature_blocks,feat_rot,3,1,10,targ_class1,74.0,-212.0
30,feature_blocks,feat_rot,3,1,11,targ_class2,153.0,-165.0
30,feature_blocks,feat_rot,3,1,12,dist_class1,220.0,-85.0
30,feature_blocks,feat_rot,3,1,13,targ_class1,305.0,-27.0
30,feature_blocks,feat_rot,3,1,14,dist_class2,382.0,101.0
30,feature_blocks,feat_rot,3,1,15,dist_class1,-162.0,-301.0
30,feature_blocks,feat_rot,3,1,16,dist_class1,-85.0,-229.0
30,feature_blocks,feat_rot,3,1,17,targ_class2,9.0,-158.0
30,feature_blocks,feat_rot,3,1,18,targ_class1,77.0,-70.0
30,feature_blocks,feat_rot,3,1,19,targ_class2,138.0,-3.0
30,feature_blocks,feat_rot,3,1,20,targ_class1,222.0,84.0
30,feature_blocks,feat_rot,3,1,21,targ_class2,313.0,145.0
30,feature_blocks,feat_rot,3,1,22,targ_class2,-239.0,-222.0
30,feature_blocks,feat_rot,3,1,23,dist_class1,-151.0,-140.0
30,feature_blocks,feat_rot,3,1,24,targ_class2,-65.0,-100.0
30,feature_blocks,feat_rot,3,1,25,targ_class1,-8.0,3.0
30,feature_blocks,feat_rot,3,1,26,targ_class2,65.0,83.0
30,feature_blocks,feat_rot,3,1,27,dist_class1,152.0,144.0
30,feature_blocks,feat_rot,3,1,28,targ_class2,230.0,244.0
30,feature_blocks,feat_rot,3,1,29,targ_class1,-315.0,-159.0
30,feature_blocks,feat_rot,3,1,30,dist_class2,-221.0,-89.0
30,feature_blocks,feat_rot,3,1,31,dist_class2,-171.0,6.0
30,feature_blocks,feat_rot,3,1,32,dist_class2,-69.0,66.0
30,feature_blocks,feat_rot,3,1,33,targ_class1,-3.0,153.0
30,feature_blocks,feat_rot,3,1,34,dist_class2,73.0,221.0
30,feature_blocks,feat_rot,3,1,35,dist_class1,160.0,307.0
30,feature_blocks,feat_rot,3,1,36,targ_class2,-365.0,-97.0
30,feature_blocks,feat_rot,3,1,37,dist_class2,-314.0,-21.0
30,feature_blocks,feat_rot,3,1,38,dist_class2,-234.0,75.0
30,feature_blocks,feat_rot,3,1,39,dist_class2,-143.0,146.0
30,feature_blocks,feat_rot,3,1,40,targ_class1,-82.0,229.0
30,feature_blocks,feat_rot,3,1,41,dist_class1,5.0,307.0
30,feature_blocks,feat_rot,3,1,42,dist_class1,68.0,393.0
30,feature_blocks,feat_rot,3,1,43,dist_class1,-450.0,12.0
30,feature_blocks,feat_rot,3,1,44,dist_class2,-384.0,80.0
30,feature_blocks,feat_rot,3,1,45,targ_class1,-296.0,151.0
30,feature_blocks,feat_rot,3,1,46,dist_class1,-238.0,234.0
30,feature_blocks,feat_rot,3,1,47,targ_class1,-151.0,314.0
30,feature_blocks,feat_rot,3,1,48,dist_class2,-64.0,386.0
30,feature_blocks,feat_rot,3,1,49,dist_class1,-4.0,447.0
30,feature_blocks,feat_uni,0,1,1,dist_class1,-323.0,-8.0
30,feature_blocks,feat_uni,0,1,2,dist_class1,-114.0,-42.0
30,feature_blocks,feat_uni,0,1,3,dist_class2,44.0,115.0
30,feature_blocks,feat_uni,0,1,4,targ_class2,-198.0,-18.0
30,feature_blocks,feat_uni,0,1,5,targ_class2,351.0,-351.0
30,feature_blocks,feat_uni,0,1,6,targ_class2,-119.0,-282.0
30,feature_blocks,feat_uni,0,1,7,dist_class1,65.0,169.0
30,feature_blocks,feat_uni,0,1,8,targ_class1,147.0,-10.0
30,feature_blocks,feat_uni,0,1,9,targ_class2,76.0,-325.0
30,feature_blocks,feat_uni,0,1,10,dist_class2,79.0,72.0
30,feature_blocks,feat_uni,0,1,11,targ_class1,-235.0,-226.0
30,feature_blocks,feat_uni,0,1,12,targ_class1,-175.0,171.0
30,feature_blocks,feat_uni,0,1,13,targ_class2,-91.0,-198.0
30,feature_blocks,feat_uni,0,1,14,dist_class2,112.0,137.0
30,feature_blocks,feat_uni,0,1,15,dist_class1,-264.0,38.0
30,feature_blocks,feat_uni,0,1,16,dist_class1,226.0,172.0
30,feature_blocks,feat_uni,0,1,17,targ_class1,125.0,205.0
30,feature_blocks,feat_uni,0,1,18,targ_class1,-216.0,245.0
30,feature_blocks,feat_uni,0,1,19,targ_class2,326.0,215.0
30,feature_blocks,feat_uni,0,1,20,dist_class1,28.0,360.0
30,feature_blocks,feat_uni,0,1,21,dist_class1,-116.0,252.0
30,feature_blocks,feat_uni,0,1,22,dist_class2,267.0,318.0
30,feature_blocks,feat_uni,0,1,23,targ_class1,-356.0,75.0
30,feature_blocks,feat_uni,0,1,24,dist_class2,-317.0,292.0
30,feature_blocks,feat_uni,0,1,25,targ_class2,-36.0,-302.0
30,feature_blocks,feat_uni,0,1,26,targ_class1,-279.0,-326.0
30,feature_blocks,feat_uni,0,1,27,targ_class1,-307.0,105.0
30,feature_blocks,feat_uni,0,1,28,dist_class2,-124.0,-153.0
30,feature_blocks,feat_uni,0,1,29,targ_class2,-31.0,250.0
30,feature_blocks,feat_uni,0,1,30,dist_class1,121.0,-292.0
30,feature_blocks,feat_uni,0,1,31,dist_class1,71.0,-75.0
30,feature_blocks,feat_uni,0,1,32,targ_class1,9.0,-190.0
30,feature_blocks,feat_uni,0,1,33,targ_class2,257.0,-178.0
30,feature_blocks,feat_uni,0,1,34,dist_class2,112.0,334.0
30,feature_blocks,feat_uni,0,1,35,dist_class1,197.0,-38.0
30,feature_blocks,feat_uni,0,1,36,targ_class1,273.0,-91.0
30,feature_blocks,feat_uni,0,1,37,targ_class2,271.0,74.0
30,feature_blocks,feat_uni,0,1,38,dist_class1,170.0,172.0
30,feature_blocks,feat_uni,0,1,39,dist_class2,-213.0,-88.0
30,feature_blocks,feat_uni,0,1,40,targ_class2,-86.0,-327.0
30,feature_blocks,feat_uni,0,1,41,targ_class1,-323.0,-203.0
30,feature_blocks,feat_uni,0,1,42,dist_class2,-24.0,-144.0
30,feature_blocks,feat_uni,0,1,43,dist_class2,-29.0,307.0
30,feature_blocks,feat_uni,0,1,44,dist_class2,-72.0,110.0
30,feature_blocks,feat_uni,0,1,45,dist_class1,-127.0,142.0
30,feature_blocks,feat_uni,0,1,46,targ_class1,-251.0,-129.0
30,feature_blocks,feat_uni,0,1,47,dist_class2,-168.0,272.0
30,feature_blocks,feat_uni,0,1,48,targ_class2,-298.0,-62.0
30,feature_blocks,feat_uni,0,1,49,dist_class2,156.0,89.0
30,feature_blocks,feat_rot,0,1,1,dist_class2,2.0,-445.0
30,feature_blocks,feat_rot,0,1,2,dist_class1,71.0,-366.0
30,feature_blocks,feat_rot,0,1,3,dist_class1,133.0,-291.0
30,feature_blocks,feat_rot,0,1,4,targ_class1,219.0,-249.0
30,feature_blocks,feat_rot,0,1,5,dist_class2,286.0,-152.0
30,feature_blocks,feat_rot,0,1,6,dist_class1,381.0,-60.0
30,feature_blocks,feat_rot,0,1,7,targ_class2,452.0,-5.0
30,feature_blocks,feat_rot,0,1,8,targ_class2,-62.0,-365.0
30,feature_blocks,feat_rot,0,1,9,dist_class1,3.0,-299.0
30,feature_blocks,feat_rot,0,1,10,targ_class2,65.0,-225.0
30,feature_blocks,feat_rot,0,1,11,dist_class2,164.0,-142.0
30,feature_blocks,feat_rot,0,1,12,targ_class2,246.0,-78.0
30,feature_blocks,feat_rot,0,1,13,targ_class1,282.0,6.0
30,feature_blocks,feat_rot,0,1,14,targ_class2,376.0,63.0
30,feature_blocks,feat_rot,0,1,15,targ_class1,-137.0,-299.0
30,feature_blocks,feat_rot,0,1,16,dist_class2,-87.0,-221.0
30,feature_blocks,feat_rot,0,1,17,targ_class2,1.0,-159.0
30,feature_blocks,feat_rot,0,1,18,targ_class1,75.0,-75.0
30,feature_blocks,feat_rot,0,1,19,targ_class1,170.0,-8.0
30,feature_blocks,feat_rot,0,1,20,dist_class1,219.0,89.0
30,feature_blocks,feat_rot,0,1,21,dist_class2,314.0,146.0
30,feature_blocks,feat_rot,0,1,22,dist_class2,-218.0,-207.0
30,feature_blocks,feat_rot,0,1,23,targ_class2,-146.0,-168.0
30,feature_blocks,feat_rot,0,1,24,targ_class1,-79.0,-71.0
30,feature_blocks,feat_rot,0,1,25,targ_class1,8.0,6.0
30,feature_blocks,feat_rot,0,1,26,dist_class1,83.0,80.0
30,feature_blocks,feat_rot,0,1,27,targ_class2,151.0,149.0
30,feature_blocks,feat_rot,0,1,28,targ_class2,212.0,231.0
30,feature_blocks,feat_rot,0,1,29,dist_class2,-290.0,-148.0
30,feature_blocks,feat_rot,0,1,30,dist_class2,-235.0,-72.0
30,feature_blocks,feat_rot,0,1,31,dist_class2,-162.0,-6.0
30,feature_blocks,feat_rot,0,1,32,dist_class1,-86.0,71.0
30,feature_blocks,feat_rot,0,1,33,dist_class1,17.0,155.0
30,feature_blocks,feat_rot,0,1,34,targ_class1,74.0,246.0
30,feature_blocks,feat_rot,0,1,35,dist_class1,165.0,300.0
30,feature_blocks,feat_rot,0,1,36,dist_class1,-392.0,-62.0
30,feature_blocks,feat_rot,0,1,37,targ_class1,-303.0,17.0
30,feature_blocks,feat_rot,0,1,38,dist_class1,-230.0,76.0
30,feature_blocks,feat_rot,0,1,39,targ_class2,-143.0,152.0
30,feature_blocks,feat_rot,0,1,40,targ_class1,-79.0,225.0
30,feature_blocks,feat_rot,0,1,41,dist_class2,12.0,300.0
30,feature_blocks,feat_rot,0,1,42,targ_class2,63.0,385.0
30,feature_blocks,feat_rot,0,1,43,dist_class2,-453.0,5.0
30,feature_blocks,feat_rot,0,1,44,dist_class1,-383.0,77.0
30,feature_blocks,feat_rot,0,1,45,targ_class2,-305.0,139.0
30,feature_blocks,feat_rot,0,1,46,targ_class1,-225.0,227.0
30,feature_blocks,feat_rot,0,1,47,targ_class1,-158.0,312.0
30,feature_blocks,feat_rot,0,1,48,dist_class2,-83.0,379.0
30,feature_blocks,feat_rot,0,1,49,dist_class2,-9.0,450.0
30,feature_blocks,feat_rot,1,1,1,dist_class1,-11.0,-452.0
30,feature_blocks,feat_rot,1,1,2,targ_class1,83.0,-382.0
30,feature_blocks,feat_rot,1,1,3,dist_class1,146.0,-296.0
30,feature_blocks,feat_rot,1,1,4,targ_class2,226.0,-246.0
30,feature_blocks,feat_rot,1,1,5,targ_class1,309.0,-138.0
30,feature_blocks,feat_rot,1,1,6,targ_class1,382.0,-59.0
30,feature_blocks,feat_rot,1,1,7,targ_class1,450.0,20.0
30,feature_blocks,feat_rot,1,1,8,targ_class2,-75.0,-387.0
30,feature_blocks,feat_rot,1,1,9,dist_class1,-7.0,-298.0
30,feature_blocks,feat_rot,1,1,10,dist_class2,75.0,-228.0
30,feature_blocks,feat_rot,1,1,11,targ_class2,143.0,-151.0
30,feature_blocks,feat_rot,1,1,12,targ_class2,229.0,-71.0
30,feature_blocks,feat_rot,1,1,13,dist_class2,299.0,-3.0
30,feature_blocks,feat_rot,1,1,14,targ_class2,373.0,76.0
30,feature_blocks,feat_rot,1,1,15,targ_class1,-164.0,-320.0
30,feature_blocks,feat_rot,1,1,16,targ_class1,-66.0,-230.0
30,feature_blocks,feat_rot,1,1,17,dist_class1,-2.0,-162.0
30,feature_blocks,feat_rot,1,1,18,dist_class2,60.0,-68.0
30,feature_blocks,feat_rot,1,1,19,targ_class2,162.0,0.0
30,feature_blocks,feat_rot,1,1,20,dist_class1,241.0,65.0
30,feature_blocks,feat_rot,1,1,21,dist_class2,312.0,146.0
30,feature_blocks,feat_rot,1,1,22,dist_class1,-230.0,-227.0
30,feature_blocks,feat_rot,1,1,23,dist_class2,-149.0,-152.0
30,feature_blocks,feat_rot,1,1,24,targ_class1,-65.0,-80.0
30,feature_blocks,feat_rot,1,1,25,dist_class2,-6.0,15.0
30,feature_blocks,feat_rot,1,1,26,dist_class1,80.0,68.0
30,feature_blocks,feat_rot,1,1,27,targ_class1,162.0,143.0
30,feature_blocks,feat_rot,1,1,28,dist_class2,240.0,234.0
30,feature_blocks,feat_rot,1,1,29,targ_class1,-308.0,-149.0
30,feature_blocks,feat_rot,1,1,30,dist_class1,-218.0,-69.0
30,feature_blocks,feat_rot,1,1,31,targ_class2,-157.0,-15.0
30,feature_blocks,feat_rot,1,1,32,dist_class2,-77.0,80.0
30,feature_blocks,feat_rot,1,1,33,dist_class1,1.0,152.0
30,feature_blocks,feat_rot,1,1,34,dist_class1,72.0,217.0
30,feature_blocks,feat_rot,1,1,35,targ_class2,159.0,324.0
30,feature_blocks,feat_rot,1,1,36,targ_class2,-383.0,-64.0
30,feature_blocks,feat_rot,1,1,37,targ_class2,-312.0,17.0
30,feature_blocks,feat_rot,1,1,38,dist_class1,-227.0,84.0
30,feature_blocks,feat_rot,1,1,39,targ_class1,-159.0,170.0
30,feature_blocks,feat_rot,1,1,40,targ_class1,-79.0,232.0
30,feature_blocks,feat_rot,1,1,41,dist_class2,1.0,305.0
30,feature_blocks,feat_rot,1,1,42,dist_class2,98.0,379.0
30,feature_blocks,feat_rot,1,1,43,dist_class2,-473.0,-7.0
30,feature_blocks,feat_rot,1,1,44,targ_class2,-390.0,84.0
30,feature_blocks,feat_rot,1,1,45,dist_class2,-293.0,157.0
30,feature_blocks,feat_rot,1,1,46,dist_class1,-227.0,230.0
30,feature_blocks,feat_rot,1,1,47,targ_class2,-165.0,295.0
30,feature_blocks,feat_rot,1,1,48,targ_class1,-77.0,375.0
30,feature_blocks,feat_rot,1,1,49,dist_class2,2.0,456.0
30,feature_blocks,feat_uni,3,1,1,targ_class2,-68.0,-318.0
30,feature_blocks,feat_uni,3,1,2,targ_class2,-71.0,278.0
30,feature_blocks,feat_uni,3,1,3,dist_class2,36.0,162.0
30,feature_blocks,feat_uni,3,1,4,targ_class2,-80.0,-207.0
30,feature_blocks,feat_uni,3,1,5,targ_class1,-134.0,-224.0
30,feature_blocks,feat_uni,3,1,6,dist_class2,-272.0,194.0
30,feature_blocks,feat_uni,3,1,7,dist_class2,-56.0,28.0
30,feature_blocks,feat_uni,3,1,8,targ_class1,134.0,254.0
30,feature_blocks,feat_uni,3,1,9,targ_class2,-224.0,223.0
30,feature_blocks,feat_uni,3,1,10,dist_class1,-194.0,129.0
30,feature_blocks,feat_uni,3,1,11,dist_class1,275.0,-113.0
30,feature_blocks,feat_uni,3,1,12,dist_class1,-56.0,223.0
30,feature_blocks,feat_uni,3,1,13,targ_class2,82.0,276.0
30,feature_blocks,feat_uni,3,1,14,dist_class1,-135.0,129.0
30,feature_blocks,feat_uni,3,1,15,dist_class1,14.0,228.0
30,feature_blocks,feat_uni,3,1,16,targ_class1,-250.0,142.0
30,feature_blocks,feat_uni,3,1,17,targ_class1,123.0,-338.0
30,feature_blocks,feat_uni,3,1,18,dist_class2,-83.0,78.0
30,feature_blocks,feat_uni,3,1,19,dist_class2,269.0,-234.0
30,feature_blocks,feat_uni,3,1,20,dist_class1,-14.0,-75.0
30,feature_blocks,feat_uni,3,1,21,targ_class2,25.0,284.0
30,feature_blocks,feat_uni,3,1,22,targ_class1,-37.0,-25.0
30,feature_blocks,feat_uni,3,1,23,dist_class1,212.0,-39.0
30,feature_blocks,feat_uni,3,1,24,dist_class2,15.0,0.0
30,feature_blocks,feat_uni,3,1,25,targ_class2,157.0,191.0
30,feature_blocks,feat_uni,3,1,26,targ_class1,-48.0,357.0
30,feature_blocks,feat_uni,3,1,27,dist_class2,245.0,23.0
30,feature_blocks,feat_uni,3,1,28,dist_class1,259.0,-304.0
30,feature_blocks,feat_uni,3,1,29,dist_class2,-104.0,-130.0
30,feature_blocks,feat_uni,3,1,30,dist_class2,-149.0,-169.0
30,feature_blocks,feat_uni,3,1,31,targ_class1,40.0,-57.0
30,feature_blocks,feat_uni,3,1,32,targ_class1,-335.0,304.0
30,feature_blocks,feat_uni,3,1,33,dist_class1,-309.0,-267.0
30,feature_blocks,feat_uni,3,1,34,targ_class2,-241.0,276.0
30,feature_blocks,feat_uni,3,1,35,dist_class2,-20.0,131.0
30,feature_blocks,feat_uni,3,1,36,targ_class2,160.0,-60.0
30,feature_blocks,feat_uni,3,1,37,dist_class2,-157.0,-107.0
30,feature_blocks,feat_uni,3,1,38,dist_class1,-168.0,229.0
30,feature_blocks,feat_uni,3,1,39,dist_class1,112.0,339.0
30,feature_blocks,feat_uni,3,1,40,targ_class1,-251.0,-209.0
30,feature_blocks,feat_uni,3,1,41,targ_class1,-254.0,331.0
30,feature_blocks,feat_uni,3,1,42,targ_class2,-208.0,-130.0
30,feature_blocks,feat_uni,3,1,43,dist_class2,205.0,221.0
30,feature_blocks,feat_uni,3,1,44,targ_class1,-314.0,78.0
30,feature_blocks,feat_uni,3,1,45,dist_class2,108.0,164.0
30,feature_blocks,feat_uni,3,1,46,targ_class2,-71.0,-262.0
30,feature_blocks,feat_uni,3,1,47,targ_class2,56.0,-167.0
30,feature_blocks,feat_uni,3,1,48,dist_class1,134.0,21.0
30,feature_blocks,feat_uni,3,1,49,targ_class1,-191.0,-14.0
30,feature_blocks,feat_rot,4,1,1,targ_class1,5.0,-469.0
30,feature_blocks,feat_rot,4,1,2,targ_class2,92.0,-385.0
30,feature_blocks,feat_rot,4,1,3,targ_class1,153.0,-311.0
30,feature_blocks,feat_rot,4,1,4,targ_class2,237.0,-233.0
30,feature_blocks,feat_rot,4,1,5,dist_class1,305.0,-160.0
30,feature_blocks,feat_rot,4,1,6,dist_class1,379.0,-73.0
30,feature_blocks,feat_rot,4,1,7,dist_class2,465.0,11.0
30,feature_blocks,feat_rot,4,1,8,targ_class2,-70.0,-392.0
30,feature_blocks,feat_rot,4,1,9,dist_class1,8.0,-300.0
30,feature_blocks,feat_rot,4,1,10,dist_class2,97.0,-244.0
30,feature_blocks,feat_rot,4,1,11,dist_class1,144.0,-141.0
30,feature_blocks,feat_rot,4,1,12,dist_class2,211.0,-59.0
30,feature_blocks,feat_rot,4,1,13,dist_class1,313.0,12.0
30,feature_blocks,feat_rot,4,1,14,dist_class2,385.0,94.0
30,feature_blocks,feat_rot,4,1,15,targ_class2,-140.0,-314.0
30,feature_blocks,feat_rot,4,1,16,targ_class1,-78.0,-239.0
30,feature_blocks,feat_rot,4,1,17,dist_class1,17.0,-134.0
30,feature_blocks,feat_rot,4,1,18,targ_class1,84.0,-76.0
30,feature_blocks,feat_rot,4,1,19,dist_class1,155.0,-1.0
30,feature_blocks,feat_rot,4,1,20,targ_class2,222.0,84.0
30,feature_blocks,feat_rot,4,1,21,dist_class2,297.0,149.0
30,feature_blocks,feat_rot,4,1,22,targ_class2,-239.0,-243.0
30,feature_blocks,feat_rot,4,1,23,targ_class1,-157.0,-146.0
30,feature_blocks,feat_rot,4,1,24,dist_class2,-75.0,-88.0
30,feature_blocks,feat_rot,4,1,25,targ_class2,-14.0,7.0
30,feature_blocks,feat_rot,4,1,26,targ_class1,64.0,73.0
30,feature_blocks,feat_rot,4,1,27,dist_class1,161.0,148.0
30,feature_blocks,feat_rot,4,1,28,dist_class1,230.0,236.0
30,feature_blocks,feat_rot,4,1,29,dist_class2,-294.0,-153.0
30,feature_blocks,feat_rot,4,1,30,dist_class1,-230.0,-76.0
30,feature_blocks,feat_rot,4,1,31,dist_class1,-171.0,-0.0
30,feature_blocks,feat_rot,4,1,32,dist_class2,-82.0,65.0
30,feature_blocks,feat_rot,4,1,33,targ_class1,2.0,142.0
30,feature_blocks,feat_rot,4,1,34,dist_class2,88.0,246.0
30,feature_blocks,feat_rot,4,1,35,targ_class1,153.0,316.0
30,feature_blocks,feat_rot,4,1,36,targ_class2,-378.0,-96.0
30,feature_blocks,feat_rot,4,1,37,dist_class2,-302.0,-21.0
30,feature_blocks,feat_rot,4,1,38,targ_class1,-232.0,72.0
30,feature_blocks,feat_rot,4,1,39,targ_class2,-143.0,132.0
30,feature_blocks,feat_rot,4,1,40,targ_class1,-79.0,241.0
30,feature_blocks,feat_rot,4,1,41,targ_class2,3.0,298.0
30,feature_blocks,feat_rot,4,1,42,dist_class2,84.0,375.0
30,feature_blocks,feat_rot,4,1,43,targ_class2,-471.0,-1.0
30,feature_blocks,feat_rot,4,1,44,dist_class2,-389.0,70.0
30,feature_blocks,feat_rot,4,1,45,targ_class1,-306.0,143.0
30,feature_blocks,feat_rot,4,1,46,dist_class1,-233.0,245.0
30,feature_blocks,feat_rot,4,1,47,targ_class1,-145.0,318.0
30,feature_blocks,feat_rot,4,1,48,dist_class2,-73.0,379.0
30,feature_blocks,feat_rot,4,1,49,targ_class2,10.0,458.0
30,feature_blocks,feat_rot,2,1,1,dist_class1,-5.0,-475.0
30,feature_blocks,feat_rot,2,1,2,targ_class2,80.0,-374.0
30,feature_blocks,feat_rot,2,1,3,targ_class1,137.0,-313.0
30,feature_blocks,feat_rot,2,1,4,dist_class1,214.0,-222.0
30,feature_blocks,feat_rot,2,1,5,dist_class2,285.0,-171.0
30,feature_blocks,feat_rot,2,1,6,dist_class2,396.0,-69.0
30,feature_blocks,feat_rot,2,1,7,targ_class1,465.0,-7.0
30,feature_blocks,feat_rot,2,1,8,targ_class2,-58.0,-386.0
30,feature_blocks,feat_rot,2,1,9,targ_class1,2.0,-308.0
30,feature_blocks,feat_rot,2,1,10,dist_class1,94.0,-224.0
30,feature_blocks,feat_rot,2,1,11,dist_class1,163.0,-172.0
30,feature_blocks,feat_rot,2,1,12,targ_class1,229.0,-76.0
30,feature_blocks,feat_rot,2,1,13,targ_class2,298.0,-15.0
30,feature_blocks,feat_rot,2,1,14,dist_class2,361.0,75.0
30,feature_blocks,feat_rot,2,1,15,targ_class1,-156.0,-303.0
30,feature_blocks,feat_rot,2,1,16,dist_class2,-71.0,-234.0
30,feature_blocks,feat_rot,2,1,17,targ_class1,14.0,-175.0
30,feature_blocks,feat_rot,2,1,18,dist_class2,79.0,-66.0
30,feature_blocks,feat_rot,2,1,19,targ_class2,166.0,-4.0
30,feature_blocks,feat_rot,2,1,20,dist_class2,228.0,89.0
30,feature_blocks,feat_rot,2,1,21,targ_class1,304.0,153.0
30,feature_blocks,feat_rot,2,1,22,targ_class2,-235.0,-236.0
30,feature_blocks,feat_rot,2,1,23,dist_class1,-155.0,-140.0
30,feature_blocks,feat_rot,2,1,24,targ_class1,-67.0,-81.0
30,feature_blocks,feat_rot,2,1,25,targ_class1,-7.0,10.0
30,feature_blocks,feat_rot,2,1,26,dist_class1,71.0,104.0
30,feature_blocks,feat_rot,2,1,27,targ_class2,161.0,146.0
30,feature_blocks,feat_rot,2,1,28,dist_class2,239.0,235.0
30,feature_blocks,feat_rot,2,1,29,targ_class2,-298.0,-164.0
30,feature_blocks,feat_rot,2,1,30,dist_class2,-214.0,-83.0
30,feature_blocks,feat_rot,2,1,31,dist_class1,-156.0,4.0
30,feature_blocks,feat_rot,2,1,32,dist_class2,-84.0,86.0
30,feature_blocks,feat_rot,2,1,33,dist_class1,-8.0,155.0
30,feature_blocks,feat_rot,2,1,34,targ_class2,68.0,221.0
30,feature_blocks,feat_rot,2,1,35,dist_class1,147.0,322.0
30,feature_blocks,feat_rot,2,1,36,targ_class2,-381.0,-75.0
30,feature_blocks,feat_rot,2,1,37,targ_class1,-318.0,-4.0
30,feature_blocks,feat_rot,2,1,38,dist_class1,-238.0,65.0
30,feature_blocks,feat_rot,2,1,39,targ_class1,-168.0,157.0
30,feature_blocks,feat_rot,2,1,40,dist_class2,-91.0,226.0
30,feature_blocks,feat_rot,2,1,41,targ_class2,0.0,320.0
30,feature_blocks,feat_rot,2,1,42,dist_class1,70.0,394.0
30,feature_blocks,feat_rot,2,1,43,targ_class2,-455.0,17.0
30,feature_blocks,feat_rot,2,1,44,targ_class2,-385.0,81.0
30,feature_blocks,feat_rot,2,1,45,dist_class2,-322.0,142.0
30,feature_blocks,feat_rot,2,1,46,dist_class2,-240.0,232.0
30,feature_blocks,feat_rot,2,1,47,dist_class1,-156.0,292.0
30,feature_blocks,feat_rot,2,1,48,dist_class2,-72.0,384.0
30,feature_blocks,feat_rot,2,1,49,targ_class1,7.0,452.0
30,feature_blocks,feat_grid,2,1,1,targ_class2,-334.0,-340.0
30,feature_blocks,feat_grid,2,1,2,dist_class1,-210.0,-329.0
30,feature_blocks,feat_grid,2,1,3,dist_class2,-132.0,-326.0
30,feature_blocks,feat_grid,2,1,4,dist_class2,2.0,-340.0
30,feature_blocks,feat_grid,2,1,5,dist_class1,102.0,-316.0
30,feature_blocks,feat_grid,2,1,6,targ_class2,197.0,-322.0
30,feature_blocks,feat_grid,2,1,7,targ_class1,342.0,-332.0
30,feature_blocks,feat_grid,2,1,8,dist_class1,-312.0,-210.0
30,feature_blocks,feat_grid,2,1,9,dist_class1,-213.0,-220.0
30,feature_blocks,feat_grid,2,1,10,dist_class2,-89.0,-205.0
30,feature_blocks,feat_grid,2,1,11,dist_class2,6.0,-223.0
30,feature_blocks,feat_grid,2,1,12,targ_class2,122.0,-200.0
30,feature_blocks,feat_grid,2,1,13,targ_class1,209.0,-222.0
30,feature_blocks,feat_grid,2,1,14,dist_class1,331.0,-200.0
30,feature_blocks,feat_grid,2,1,15,targ_class2,-320.0,-121.0
30,feature_blocks,feat_grid,2,1,16,dist_class1,-219.0,-111.0
30,feature_blocks,feat_grid,2,1,17,dist_class2,-115.0,-104.0
30,feature_blocks,feat_grid,2,1,18,dist_class1,-6.0,-107.0
30,feature_blocks,feat_grid,2,1,19,targ_class1,118.0,-124.0
30,feature_blocks,feat_grid,2,1,20,dist_class2,208.0,-116.0
30,feature_blocks,feat_grid,2,1,21,dist_class2,325.0,-119.0
30,feature_blocks,feat_grid,2,1,22,targ_class2,-322.0,7.0
30,feature_blocks,feat_grid,2,1,23,targ_class1,-207.0,19.0
30,feature_blocks,feat_grid,2,1,24,targ_class1,-117.0,17.0
30,feature_blocks,feat_grid,2,1,25,dist_class1,-12.0,15.0
30,feature_blocks,feat_grid,2,1,26,dist_class1,110.0,-4.0
30,feature_blocks,feat_grid,2,1,27,dist_class1,196.0,-12.0
30,feature_blocks,feat_grid,2,1,28,targ_class1,319.0,-5.0
30,feature_blocks,feat_grid,2,1,29,targ_class2,-318.0,103.0
30,feature_blocks,feat_grid,2,1,30,dist_class1,-231.0,107.0
30,feature_blocks,feat_grid,2,1,31,dist_class2,-119.0,89.0
30,feature_blocks,feat_grid,2,1,32,targ_class2,7.0,106.0
30,feature_blocks,feat_grid,2,1,33,targ_class1,107.0,104.0
30,feature_blocks,feat_grid,2,1,34,dist_class2,211.0,108.0
30,feature_blocks,feat_grid,2,1,35,dist_class2,328.0,111.0
30,feature_blocks,feat_grid,2,1,36,targ_class1,-313.0,219.0
30,feature_blocks,feat_grid,2,1,37,targ_class2,-205.0,209.0
30,feature_blocks,feat_grid,2,1,38,dist_class2,-109.0,227.0
30,feature_blocks,feat_grid,2,1,39,targ_class1,-19.0,207.0
30,feature_blocks,feat_grid,2,1,40,dist_class2,111.0,203.0
30,feature_blocks,feat_grid,2,1,41,targ_class1,226.0,228.0
30,feature_blocks,feat_grid,2,1,42,targ_class2,318.0,205.0
30,feature_blocks,feat_grid,2,1,43,dist_class1,-346.0,343.0
30,feature_blocks,feat_grid,2,1,44,dist_class2,-217.0,314.0
30,feature_blocks,feat_grid,2,1,45,targ_class2,-90.0,331.0
30,feature_blocks,feat_grid,2,1,46,targ_class1,8.0,339.0
30,feature_blocks,feat_grid,2,1,47,targ_class2,107.0,317.0
30,feature_blocks,feat_grid,2,1,48,targ_class1,211.0,343.0
30,feature_blocks,feat_grid,2,1,49,targ_class2,339.0,322.0
30,prac2_conj,conj_grid,0,1,1,dist_class1,-326.0,-331.0
30,prac2_conj,conj_grid,0,1,2,targ_class2,-220.0,-317.0
30,prac2_conj,conj_grid,0,1,3,targ_class1,-106.0,-319.0
30,prac2_conj,conj_grid,0,1,4,dist_class1,-4.0,-307.0
30,prac2_conj,conj_grid,0,1,5,dist_class1,115.0,-344.0
30,prac2_conj,conj_grid,0,1,6,targ_class2,195.0,-328.0
30,prac2_conj,conj_grid,0,1,7,dist_class2,319.0,-320.0
30,prac2_conj,conj_grid,0,1,8,targ_class1,-320.0,-224.0
30,prac2_conj,conj_grid,0,1,9,dist_class1,-226.0,-223.0
30,prac2_conj,conj_grid,0,1,10,dist_class1,-85.0,-218.0
30,prac2_conj,conj_grid,0,1,11,targ_class1,-17.0,-214.0
30,prac2_conj,conj_grid,0,1,12,dist_class1,101.0,-192.0
30,prac2_conj,conj_grid,0,1,13,targ_class1,200.0,-209.0
30,prac2_conj,conj_grid,0,1,14,dist_class2,318.0,-218.0
30,prac2_conj,conj_grid,0,1,15,targ_class2,-332.0,-97.0
30,prac2_conj,conj_grid,0,1,16,dist_class1,-222.0,-115.0
30,prac2_conj,conj_grid,0,1,17,targ_class1,-100.0,-84.0
30,prac2_conj,conj_grid,0,1,18,targ_class2,2.0,-94.0
30,prac2_conj,conj_grid,0,1,19,dist_class2,100.0,-117.0
30,prac2_conj,conj_grid,0,1,20,targ_class1,209.0,-116.0
30,prac2_conj,conj_grid,0,1,21,targ_class1,322.0,-109.0
30,prac2_conj,conj_grid,0,1,22,targ_class2,-310.0,-7.0
30,prac2_conj,conj_grid,0,1,23,dist_class2,-215.0,-5.0
30,prac2_conj,conj_grid,0,1,24,targ_class1,-104.0,-9.0
30,prac2_conj,conj_grid,0,1,25,dist_class1,10.0,2.0
30,prac2_conj,conj_grid,0,1,26,dist_class2,113.0,29.0
30,prac2_conj,conj_grid,0,1,27,targ_class2,211.0,-9.0
30,prac2_conj,conj_grid,0,1,28,dist_class2,323.0,-5.0
30,prac2_conj,conj_grid,0,1,29,dist_class2,-326.0,88.0
30,prac2_conj,conj_grid,0,1,30,targ_class1,-221.0,131.0
30,prac2_conj,conj_grid,0,1,31,dist_class2,-94.0,112.0
30,prac2_conj,conj_grid,0,1,32,dist_class1,-0.0,109.0
30,prac2_conj,conj_grid,0,1,33,dist_class2,115.0,114.0
30,prac2_conj,conj_grid,0,1,34,dist_class1,224.0,123.0
30,prac2_conj,conj_grid,0,1,35,targ_class2,344.0,107.0
30,prac2_conj,conj_grid,0,1,36,targ_class2,-312.0,217.0
30,prac2_conj,conj_grid,0,1,37,targ_class2,-209.0,218.0
30,prac2_conj,conj_grid,0,1,38,targ_class2,-102.0,216.0
30,prac2_conj,conj_grid,0,1,39,dist_class1,-4.0,208.0
30,prac2_conj,conj_grid,0,1,40,dist_class1,107.0,219.0
30,prac2_conj,conj_grid,0,1,41,targ_class1,206.0,216.0
30,prac2_conj,conj_grid,0,1,42,dist_class2,327.0,221.0
30,prac2_conj,conj_grid,0,1,43,targ_class1,-336.0,325.0
30,prac2_conj,conj_grid,0,1,44,targ_class1,-227.0,318.0
30,prac2_conj,conj_grid,0,1,45,dist_class2,-81.0,328.0
30,prac2_conj,conj_grid,0,1,46,targ_class2,-2.0,346.0
30,prac2_conj,conj_grid,0,1,47,dist_class2,101.0,331.0
30,prac2_conj,conj_grid,0,1,48,dist_class2,208.0,312.0
30,prac2_conj,conj_grid,0,1,49,targ_class2,307.0,338.0
30,prac2_conj,conj_grid,0,2,1,targ_class2,-331.0,-309.0
30,prac2_conj,conj_grid,0,2,2,targ_class2,-225.0,-315.0
30,prac2_conj,conj_grid,0,2,3,dist_class1,-109.0,-301.0
30,prac2_conj,conj_grid,0,2,4,dist_class2,7.0,-311.0
30,prac2_conj,conj_grid,0,2,5,dist_class1,93.0,-312.0
30,prac2_conj,conj_grid,0,2,6,dist_class1,230.0,-325.0
30,prac2_conj,conj_grid,0,2,7,dist_class2,322.0,-314.0
30,prac2_conj,conj_grid,0,2,8,targ_class1,-316.0,-223.0
30,prac2_conj,conj_grid,0,2,9,dist_class2,-222.0,-222.0
30,prac2_conj,conj_grid,0,2,10,dist_class1,-113.0,-230.0
30,prac2_conj,conj_grid,0,2,11,dist_class2,2.0,-230.0
30,prac2_conj,conj_grid,0,2,12,targ_class2,129.0,-209.0
30,prac2_conj,conj_grid,0,2,13,dist_class2,207.0,-212.0
30,prac2_conj,conj_grid,0,2,14,targ_class1,318.0,-195.0
30,prac2_conj,conj_grid,0,2,15,targ_class2,-313.0,-113.0
30,prac2_conj,conj_grid,0,2,16,dist_class1,-216.0,-109.0
30,prac2_conj,conj_grid,0,2,17,targ_class1,-124.0,-111.0
30,prac2_conj,conj_grid,0,2,18,targ_class2,11.0,-94.0
30,prac2_conj,conj_grid,0,2,19,dist_class1,106.0,-103.0
30,prac2_conj,conj_grid,0,2,20,targ_class1,217.0,-105.0
30,prac2_conj,conj_grid,0,2,21,targ_class1,307.0,-108.0
30,prac2_conj,conj_grid,0,2,22,dist_class2,-316.0,-9.0
30,prac2_conj,conj_grid,0,2,23,targ_class1,-224.0,-19.0
30,prac2_conj,conj_grid,0,2,24,dist_class2,-96.0,-12.0
30,prac2_conj,conj_grid,0,2,25,targ_class2,-2.0,2.0
30,prac2_conj,conj_grid,0,2,26,dist_class1,104.0,7.0
30,prac2_conj,conj_grid,0,2,27,targ_class1,214.0,-3.0
30,prac2_conj,conj_grid,0,2,28,targ_class2,315.0,-11.0
30,prac2_conj,conj_grid,0,2,29,dist_class2,-334.0,113.0
30,prac2_conj,conj_grid,0,2,30,targ_class1,-203.0,104.0
30,prac2_conj,conj_grid,0,2,31,dist_class1,-108.0,114.0
30,prac2_conj,conj_grid,0,2,32,dist_class1,-9.0,103.0
30,prac2_conj,conj_grid,0,2,33,targ_class2,107.0,98.0
30,prac2_conj,conj_grid,0,2,34,targ_class1,220.0,112.0
30,prac2_conj,conj_grid,0,2,35,dist_class1,319.0,81.0
30,prac2_conj,conj_grid,0,2,36,dist_class2,-329.0,218.0
30,prac2_conj,conj_grid,0,2,37,targ_class2,-221.0,223.0
30,prac2_conj,conj_grid,0,2,38,dist_class2,-117.0,213.0
30,prac2_conj,conj_grid,0,2,39,targ_class1,-3.0,205.0
30,prac2_conj,conj_grid,0,2,40,dist_class2,124.0,210.0
30,prac2_conj,conj_grid,0,2,41,dist_class2,209.0,231.0
30,prac2_conj,conj_grid,0,2,42,dist_class1,318.0,203.0
30,prac2_conj,conj_grid,0,2,43,targ_class1,-312.0,331.0
30,prac2_conj,conj_grid,0,2,44,targ_class2,-212.0,326.0
30,prac2_conj,conj_grid,0,2,45,targ_class1,-103.0,322.0
30,prac2_conj,conj_grid,0,2,46,dist_class2,-2.0,327.0
30,prac2_conj,conj_grid,0,2,47,targ_class2,103.0,329.0
30,prac2_conj,conj_grid,0,2,48,dist_class1,229.0,322.0
30,prac2_conj,conj_grid,0,2,49,targ_class2,321.0,330.0
30,prac2_conj,conj_grid,1,1,1,targ_class1,-316.0,-332.0
30,prac2_conj,conj_grid,1,1,2,dist_class1,-219.0,-307.0
30,prac2_conj,conj_grid,1,1,3,targ_class1,-116.0,-316.0
30,prac2_conj,conj_grid,1,1,4,dist_class2,-16.0,-326.0
30,prac2_conj,conj_grid,1,1,5,dist_class1,139.0,-345.0
30,prac2_conj,conj_grid,1,1,6,targ_class2,212.0,-330.0
30,prac2_conj,conj_grid,1,1,7,dist_class2,331.0,-320.0
30,prac2_conj,conj_grid,1,1,8,targ_class2,-339.0,-208.0
30,prac2_conj,conj_grid,1,1,9,targ_class2,-234.0,-232.0
30,prac2_conj,conj_grid,1,1,10,dist_class1,-106.0,-211.0
30,prac2_conj,conj_grid,1,1,11,targ_class1,9.0,-236.0
30,prac2_conj,conj_grid,1,1,12,targ_class1,101.0,-210.0
30,prac2_conj,conj_grid,1,1,13,dist_class1,210.0,-212.0
30,prac2_conj,conj_grid,1,1,14,targ_class2,328.0,-212.0
30,prac2_conj,conj_grid,1,1,15,targ_class1,-335.0,-122.0
30,prac2_conj,conj_grid,1,1,16,dist_class2,-210.0,-112.0
30,prac2_conj,conj_grid,1,1,17,dist_class1,-97.0,-116.0
30,prac2_conj,conj_grid,1,1,18,dist_class2,16.0,-108.0
30,prac2_conj,conj_grid,1,1,19,targ_class1,112.0,-122.0
30,prac2_conj,conj_grid,1,1,20,dist_class2,195.0,-107.0
30,prac2_conj,conj_grid,1,1,21,targ_class2,337.0,-110.0
30,prac2_conj,conj_grid,1,1,22,dist_class1,-335.0,8.0
30,prac2_conj,conj_grid,1,1,23,targ_class2,-239.0,-9.0
30,prac2_conj,conj_grid,1,1,24,dist_class1,-118.0,0.0
30,prac2_conj,conj_grid,1,1,25,dist_class2,-17.0,-20.0
30,prac2_conj,conj_grid,1,1,26,dist_class2,109.0,-4.0
30,prac2_conj,conj_grid,1,1,27,dist_class1,232.0,13.0
30,prac2_conj,conj_grid,1,1,28,dist_class2,333.0,1.0
30,prac2_conj,conj_grid,1,1,29,dist_class1,-314.0,115.0
30,prac2_conj,conj_grid,1,1,30,targ_class1,-199.0,113.0
30,prac2_conj,conj_grid,1,1,31,dist_class1,-113.0,106.0
30,prac2_conj,conj_grid,1,1,32,dist_class1,-5.0,102.0
30,prac2_conj,conj_grid,1,1,33,targ_class2,101.0,100.0
30,prac2_conj,conj_grid,1,1,34,targ_class1,215.0,123.0
30,prac2_conj,conj_grid,1,1,35,targ_class1,317.0,120.0
30,prac2_conj,conj_grid,1,1,36,targ_class2,-328.0,226.0
30,prac2_conj,conj_grid,1,1,37,dist_class2,-224.0,204.0
30,prac2_conj,conj_grid,1,1,38,targ_class2,-107.0,214.0
30,prac2_conj,conj_grid,1,1,39,dist_class2,1.0,217.0
30,prac2_conj,conj_grid,1,1,40,targ_class1,114.0,230.0
30,prac2_conj,conj_grid,1,1,41,dist_class2,211.0,210.0
30,prac2_conj,conj_grid,1,1,42,targ_class2,318.0,216.0
30,prac2_conj,conj_grid,1,1,43,dist_class2,-335.0,332.0
30,prac2_conj,conj_grid,1,1,44,targ_class1,-223.0,321.0
30,prac2_conj,conj_grid,1,1,45,targ_class2,-105.0,311.0
30,prac2_conj,conj_grid,1,1,46,targ_class1,-6.0,327.0
30,prac2_conj,conj_grid,1,1,47,dist_class2,95.0,325.0
30,prac2_conj,conj_grid,1,1,48,targ_class2,232.0,319.0
30,prac2_conj,conj_grid,1,1,49,dist_class1,326.0,323.0
30,conjunction_blocks,conj_uni,4,1,1,targ_class1,-269.0,44.0
30,conjunction_blocks,conj_uni,4,1,2,dist_class1,-265.0,132.0
30,conjunction_blocks,conj_uni,4,1,3,targ_class2,-147.0,-282.0
30,conjunction_blocks,conj_uni,4,1,4,dist_class1,-49.0,74.0
30,conjunction_blocks,conj_uni,4,1,5,dist_class2,-157.0,280.0
30,conjunction_blocks,conj_uni,4,1,6,dist_class1,19.0,-30.0
30,conjunction_blocks,conj_uni,4,1,7,targ_class2,125.0,-156.0
30,conjunction_blocks,conj_uni,4,1,8,targ_class1,-332.0,-105.0
30,conjunction_blocks,conj_uni,4,1,9,targ_class1,-71.0,-340.0
30,conjunction_blocks,conj_uni,4,1,10,targ_class1,111.0,234.0
30,conjunction_blocks,conj_uni,4,1,11,dist_class1,-49.0,-289.0
30,conjunction_blocks,conj_uni,4,1,12,targ_class2,-357.0,2.0
30,conjunction_blocks,conj_uni,4,1,13,dist_class1,276.0,-162.0
30,conjunction_blocks,conj_uni,4,1,14,targ_class2,289.0,22.0
30,conjunction_blocks,conj_uni,4,1,15,dist_class1,314.0,316.0
30,conjunction_blocks,conj_uni,4,1,16,targ_class2,-232.0,86.0
30,conjunction_blocks,conj_uni,4,1,17,dist_class1,-137.0,-142.0
30,conjunction_blocks,conj_uni,4,1,18,targ_class2,-243.0,-100.0
30,conjunction_blocks,conj_uni,4,1,19,targ_class1,-138.0,226.0
30,conjunction_blocks,conj_uni,4,1,20,dist_class2,9.0,168.0
30,conjunction_blocks,conj_uni,4,1,21,dist_class1,218.0,-352.0
30,conjunction_blocks,conj_uni,4,1,22,targ_class2,53.0,85.0
30,conjunction_blocks,conj_uni,4,1,23,dist_class1,-1.0,102.0
30,conjunction_blocks,conj_uni,4,1,24,targ_class1,172.0,334.0
30,conjunction_blocks,conj_uni,4,1,25,dist_class1,-229.0,4.0
30,conjunction_blocks,conj_uni,4,1,26,dist_class2,-28.0,287.0
30,conjunction_blocks,conj_uni,4,1,27,targ_class1,-17.0,27.0
30,conjunction_blocks,conj_uni,4,1,28,dist_class2,115.0,-325.0
30,conjunction_blocks,conj_uni,4,1,29,dist_class2,278.0,-41.0
30,conjunction_blocks,conj_uni,4,1,30,dist_class2,-205.0,-141.0
30,conjunction_blocks,conj_uni,4,1,31,dist_class2,-277.0,-33.0
30,conjunction_blocks,conj_uni,4,1,32,targ_class1,348.0,-7.0
30,conjunction_blocks,conj_uni,4,1,33,dist_class2,-160.0,-227.0
30,conjunction_blocks,conj_uni,4,1,34,dist_class2,173.0,139.0
30,conjunction_blocks,conj_uni,4,1,35,targ_class2,-121.0,20.0
30,conjunction_blocks,conj_uni,4,1,36,targ_class2,-330.0,-49.0
30,conjunction_blocks,conj_uni,4,1,37,dist_class1,209.0,288.0
30,conjunction_blocks,conj_uni,4,1,38,dist_class2,205.0,-233.0
30,conjunction_blocks,conj_uni,4,1,39,targ_class1,320.0,-127.0
30,conjunction_blocks,conj_uni,4,1,40,targ_class2,-152.0,-52.0
30,conjunction_blocks,conj_uni,4,1,41,targ_class1,150.0,-280.0
30,conjunction_blocks,conj_uni,4,1,42,dist_class2,-175.0,125.0
30,conjunction_blocks,conj_uni,4,1,43,dist_class2,-70.0,-237.0
30,conjunction_blocks,conj_uni,4,1,44,targ_class2,-173.0,-0.0
30,conjunction_blocks,conj_uni,4,1,45,targ_class2,61.0,-309.0
30,conjunction_blocks,conj_uni,4,1,46,targ_class1,-218.0,-50.0
30,conjunction_blocks,conj_uni,4,1,47,targ_class1,-112.0,-199.0
30,conjunction_blocks,conj_uni,4,1,48,dist_class1,287.0,134.0
30,conjunction_blocks,conj_uni,4,1,49,dist_class2,-53.0,-184.0
30,conjunction_blocks,conj_rot,4,1,1,targ_class2,-10.0,-468.0
30,conjunction_blocks,conj_rot,4,1,2,dist_class2,67.0,-379.0
30,conjunction_blocks,conj_rot,4,1,3,targ_class1,165.0,-285.0
30,conjunction_blocks,conj_rot,4,1,4,dist_class2,245.0,-213.0
30,conjunction_blocks,conj_rot,4,1,5,dist_class1,317.0,-152.0
30,conjunction_blocks,conj_rot,4,1,6,dist_class1,391.0,-67.0
30,conjunction_blocks,conj_rot,4,1,7,targ_class1,453.0,-6.0
30,conjunction_blocks,conj_rot,4,1,8,dist_class2,-67.0,-388.0
30,conjunction_blocks,conj_rot,4,1,9,targ_class1,-16.0,-304.0
30,conjunction_blocks,conj_rot,4,1,10,targ_class1,94.0,-229.0
30,conjunction_blocks,conj_rot,4,1,11,dist_class2,161.0,-153.0
30,conjunction_blocks,conj_rot,4,1,12,targ_class2,222.0,-82.0
30,conjunction_blocks,conj_rot,4,1,13,dist_class1,298.0,2.0
30,conjunction_blocks,conj_rot,4,1,14,targ_class2,385.0,63.0
30,conjunction_blocks,conj_rot,4,1,15,targ_class1,-171.0,-319.0
30,conjunction_blocks,conj_rot,4,1,16,dist_class2,-63.0,-231.0
30,conjunction_blocks,conj_rot,4,1,17,dist_class1,8.0,-159.0
30,conjunction_blocks,conj_rot,4,1,18,dist_class1,102.0,-74.0
30,conjunction_blocks,conj_rot,4,1,19,targ_class2,148.0,16.0
30,conjunction_blocks,conj_rot,4,1,20,dist_class2,236.0,83.0
30,conjunction_blocks,conj_rot,4,1,21,dist_class1,312.0,171.0
30,conjunction_blocks,conj_rot,4,1,22,dist_class2,-228.0,-217.0
30,conjunction_blocks,conj_rot,4,1,23,dist_class2,-137.0,-145.0
30,conjunction_blocks,conj_rot,4,1,24,dist_class2,-72.0,-75.0
30,conjunction_blocks,conj_rot,4,1,25,dist_class1,0.0,-6.0
30,conjunction_blocks,conj_rot,4,1,26,dist_class2,82.0,78.0
30,conjunction_blocks,conj_rot,4,1,27,targ_class1,150.0,137.0
30,conjunction_blocks,conj_rot,4,1,28,targ_class2,219.0,237.0
30,conjunction_blocks,conj_rot,4,1,29,targ_class1,-311.0,-157.0
30,conjunction_blocks,conj_rot,4,1,30,targ_class2,-243.0,-81.0
30,conjunction_blocks,conj_rot,4,1,31,dist_class1,-157.0,7.0
30,conjunction_blocks,conj_rot,4,1,32,targ_class2,-60.0,89.0
30,conjunction_blocks,conj_rot,4,1,33,dist_class1,-15.0,162.0
30,conjunction_blocks,conj_rot,4,1,34,targ_class2,66.0,240.0
30,conjunction_blocks,conj_rot,4,1,35,targ_class1,158.0,325.0
30,conjunction_blocks,conj_rot,4,1,36,targ_class2,-385.0,-60.0
30,conjunction_blocks,conj_rot,4,1,37,targ_class2,-319.0,-10.0
30,conjunction_blocks,conj_rot,4,1,38,dist_class2,-225.0,75.0
30,conjunction_blocks,conj_rot,4,1,39,targ_class2,-163.0,148.0
30,conjunction_blocks,conj_rot,4,1,40,dist_class2,-63.0,223.0
30,conjunction_blocks,conj_rot,4,1,41,targ_class1,4.0,277.0
30,conjunction_blocks,conj_rot,4,1,42,dist_class1,64.0,377.0
30,conjunction_blocks,conj_rot,4,1,43,dist_class2,-457.0,-17.0
30,conjunction_blocks,conj_rot,4,1,44,dist_class1,-368.0,64.0
30,conjunction_blocks,conj_rot,4,1,45,targ_class1,-297.0,149.0
30,conjunction_blocks,conj_rot,4,1,46,targ_class1,-246.0,231.0
30,conjunction_blocks,conj_rot,4,1,47,dist_class1,-167.0,309.0
30,conjunction_blocks,conj_rot,4,1,48,targ_class2,-91.0,389.0
30,conjunction_blocks,conj_rot,4,1,49,targ_class1,7.0,476.0
30,conjunction_blocks,conj_uni,0,1,1,targ_class1,104.0,4.0
30,conjunction_blocks,conj_uni,0,1,2,targ_class2,-203.0,322.0
30,conjunction_blocks,conj_uni,0,1,3,targ_class2,-218.0,79.0
30,conjunction_blocks,conj_uni,0,1,4,dist_class1,302.0,-222.0
30,conjunction_blocks,conj_uni,0,1,5,targ_class2,-34.0,37.0
30,conjunction_blocks,conj_uni,0,1,6,dist_class2,189.0,-171.0
30,conjunction_blocks,conj_uni,0,1,7,dist_class2,-253.0,-230.0
30,conjunction_blocks,conj_uni,0,1,8,dist_class2,114.0,321.0
30,conjunction_blocks,conj_uni,0,1,9,dist_class1,-325.0,-171.0
30,conjunction_blocks,conj_uni,0,1,10,dist_class1,298.0,113.0
30,conjunction_blocks,conj_uni,0,1,11,dist_class2,-88.0,80.0
30,conjunction_blocks,conj_uni,0,1,12,targ_class2,19.0,-200.0
30,conjunction_blocks,conj_uni,0,1,13,dist_class2,361.0,-106.0
30,conjunction_blocks,conj_uni,0,1,14,targ_class1,-273.0,88.0
30,conjunction_blocks,conj_uni,0,1,15,dist_class1,-110.0,-224.0
30,conjunction_blocks,conj_uni,0,1,16,dist_class1,-261.0,272.0
30,conjunction_blocks,conj_uni,0,1,17,targ_class1,307.0,-67.0
30,conjunction_blocks,conj_uni,0,1,18,targ_class1,-260.0,22.0
30,conjunction_blocks,conj_uni,0,1,19,dist_class1,67.0,-277.0
30,conjunction_blocks,conj_uni,0,1,20,dist_class2,235.0,358.0
30,conjunction_blocks,conj_uni,0,1,21,targ_class1,175.0,228.0
30,conjunction_blocks,conj_uni,0,1,22,targ_class2,224.0,145.0
30,conjunction_blocks,conj_uni,0,1,23,targ_class2,149.0,278.0
30,conjunction_blocks,conj_uni,0,1,24,dist_class2,282.0,-307.0
30,conjunction_blocks,conj_uni,0,1,25,targ_class1,-115.0,184.0
30,conjunction_blocks,conj_uni,0,1,26,dist_class1,331.0,-334.0
30,conjunction_blocks,conj_uni,0,1,27,targ_class2,36.0,15.0
30,conjunction_blocks,conj_uni,0,1,28,dist_class2,-154.0,-178.0
30,conjunction_blocks,conj_uni,0,1,29,targ_class2,303.0,344.0
30,conjunction_blocks,conj_uni,0,1,30,dist_class1,-345.0,313.0
30,conjunction_blocks,conj_uni,0,1,31,targ_class1,-76.0,223.0
30,conjunction_blocks,conj_uni,0,1,32,dist_class2,-136.0,-292.0
30,conjunction_blocks,conj_uni,0,1,33,targ_class1,-43.0,-341.0
30,conjunction_blocks,conj_uni,0,1,34,targ_class1,134.0,-158.0
30,conjunction_blocks,conj_uni,0,1,35,targ_class2,338.0,-158.0
30,conjunction_blocks,conj_uni,0,1,36,dist_class1,177.0,-320.0
30,conjunction_blocks,conj_uni,0,1,37,targ_class1,-163.0,-242.0
30,conjunction_blocks,conj_uni,0,1,38,targ_class1,-49.0,-33.0
30,conjunction_blocks,conj_uni,0,1,39,targ_class2,-122.0,-131.0
30,conjunction_blocks,conj_uni,0,1,40,dist_class1,3.0,-53.0
30,conjunction_blocks,conj_uni,0,1,41,dist_class1,263.0,280.0
30,conjunction_blocks,conj_uni,0,1,42,targ_class2,37.0,-353.0
30,conjunction_blocks,conj_uni,0,1,43,dist_class2,360.0,348.0
30,conjunction_blocks,conj_uni,0,1,44,dist_class2,92.0,-104.0
30,conjunction_blocks,conj_uni,0,1,45,dist_class2,-203.0,-203.0
30,conjunction_blocks,conj_uni,0,1,46,dist_class2,148.0,39.0
30,conjunction_blocks,conj_uni,0,1,47,dist_class1,-14.0,-293.0
30,conjunction_blocks,conj_uni,0,1,48,targ_class1,277.0,165.0
30,conjunction_blocks,conj_uni,0,1,49,targ_class2,-201.0,260.0
30,conjunction_blocks,conj_grid,4,1,1,targ_class1,-318.0,-330.0
30,conjunction_blocks,conj_grid,4,1,2,dist_class1,-216.0,-341.0
30,conjunction_blocks,conj_grid,4,1,3,targ_class1,-96.0,-315.0
30,conjunction_blocks,conj_grid,4,1,4,dist_class1,1.0,-323.0
30,conjunction_blocks,conj_grid,4,1,5,targ_class2,111.0,-334.0
30,conjunction_blocks,conj_grid,4,1,6,targ_class2,220.0,-306.0
30,conjunction_blocks,conj_grid,4,1,7,targ_class2,323.0,-330.0
30,conjunction_blocks,conj_grid,4,1,8,targ_class1,-319.0,-211.0
30,conjunction_blocks,conj_grid,4,1,9,targ_class2,-212.0,-203.0
30,conjunction_blocks,conj_grid,4,1,10,dist_class2,-103.0,-223.0
30,conjunction_blocks,conj_grid,4,1,11,dist_class2,7.0,-234.0
30,conjunction_blocks,conj_grid,4,1,12,dist_class2,119.0,-200.0
30,conjunction_blocks,conj_grid,4,1,13,dist_class2,231.0,-210.0
30,conjunction_blocks,conj_grid,4,1,14,targ_class2,338.0,-212.0
30,conjunction_blocks,conj_grid,4,1,15,dist_class1,-326.0,-101.0
30,conjunction_blocks,conj_grid,4,1,16,dist_class2,-213.0,-114.0
30,conjunction_blocks,conj_grid,4,1,17,dist_class1,-104.0,-120.0
30,conjunction_blocks,conj_grid,4,1,18,targ_class2,7.0,-99.0
30,conjunction_blocks,conj_grid,4,1,19,targ_class2,102.0,-115.0
30,conjunction_blocks,conj_grid,4,1,20,dist_class1,205.0,-115.0
30,conjunction_blocks,conj_grid,4,1,21,dist_class1,315.0,-118.0
30,conjunction_blocks,conj_grid,4,1,22,dist_class1,-337.0,-12.0
30,conjunction_blocks,conj_grid,4,1,23,targ_class2,-218.0,-30.0
30,conjunction_blocks,conj_grid,4,1,24,dist_class2,-118.0,-1.0
30,conjunction_blocks,conj_grid,4,1,25,targ_class1,8.0,5.0
30,conjunction_blocks,conj_grid,4,1,26,targ_class2,88.0,8.0
30,conjunction_blocks,conj_grid,4,1,27,targ_class1,228.0,24.0
30,conjunction_blocks,conj_grid,4,1,28,dist_class1,342.0,-13.0
30,conjunction_blocks,conj_grid,4,1,29,dist_class2,-323.0,114.0
30,conjunction_blocks,conj_grid,4,1,30,dist_class2,-220.0,128.0
30,conjunction_blocks,conj_grid,4,1,31,targ_class1,-113.0,101.0
30,conjunction_blocks,conj_grid,4,1,32,targ_class1,13.0,103.0
30,conjunction_blocks,conj_grid,4,1,33,targ_class2,116.0,99.0
30,conjunction_blocks,conj_grid,4,1,34,targ_class1,225.0,107.0
30,conjunction_blocks,conj_grid,4,1,35,dist_class1,328.0,98.0
30,conjunction_blocks,conj_grid,4,1,36,dist_class2,-330.0,217.0
30,conjunction_blocks,conj_grid,4,1,37,dist_class2,-221.0,203.0
30,conjunction_blocks,conj_grid,4,1,38,targ_class2,-110.0,221.0
30,conjunction_blocks,conj_grid,4,1,39,targ_class1,3.0,219.0
30,conjunction_blocks,conj_grid,4,1,40,targ_class1,85.0,208.0
30,conjunction_blocks,conj_grid,4,1,41,targ_class1,235.0,202.0
30,conjunction_blocks,conj_grid,4,1,42,dist_class2,317.0,202.0
30,conjunction_blocks,conj_grid,4,1,43,dist_class1,-327.0,346.0
30,conjunction_blocks,conj_grid,4,1,44,dist_class2,-220.0,339.0
30,conjunction_blocks,conj_grid,4,1,45,dist_class1,-98.0,322.0
30,conjunction_blocks,conj_grid,4,1,46,dist_class1,-10.0,347.0
30,conjunction_blocks,conj_grid,4,1,47,targ_class1,114.0,301.0
30,conjunction_blocks,conj_grid,4,1,48,dist_class2,219.0,336.0
30,conjunction_blocks,conj_grid,4,1,49,targ_class2,319.0,331.0
30,conjunction_blocks,conj_uni,2,1,1,targ_class2,12.0,-21.0
30,conjunction_blocks,conj_uni,2,1,2,dist_class2,164.0,-207.0
30,conjunction_blocks,conj_uni,2,1,3,dist_class2,-268.0,76.0
30,conjunction_blocks,conj_uni,2,1,4,targ_class1,-310.0,-221.0
30,conjunction_blocks,conj_uni,2,1,5,targ_class2,-59.0,-315.0
30,conjunction_blocks,conj_uni,2,1,6,targ_class1,357.0,259.0
30,conjunction_blocks,conj_uni,2,1,7,targ_class1,-57.0,184.0
30,conjunction_blocks,conj_uni,2,1,8,dist_class2,239.0,-339.0
30,conjunction_blocks,conj_uni,2,1,9,targ_class1,40.0,172.0
30,conjunction_blocks,conj_uni,2,1,10,targ_class1,109.0,-292.0
30,conjunction_blocks,conj_uni,2,1,11,targ_class2,-24.0,-198.0
30,conjunction_blocks,conj_uni,2,1,12,targ_class2,91.0,148.0
30,conjunction_blocks,conj_uni,2,1,13,dist_class2,-47.0,95.0
30,conjunction_blocks,conj_uni,2,1,14,dist_class1,66.0,-196.0
30,conjunction_blocks,conj_uni,2,1,15,targ_class2,-94.0,140.0
30,conjunction_blocks,conj_uni,2,1,16,dist_class2,-297.0,265.0
30,conjunction_blocks,conj_uni,2,1,17,targ_class1,92.0,219.0
30,conjunction_blocks,conj_uni,2,1,18,targ_class1,9.0,93.0
30,conjunction_blocks,conj_uni,2,1,19,targ_class2,214.0,71.0
30,conjunction_blocks,conj_uni,2,1,20,dist_class1,-183.0,227.0
30,conjunction_blocks,conj_uni,2,1,21,targ_class2,129.0,-80.0
30,conjunction_blocks,conj_uni,2,1,22,targ_class1,277.0,304.0
30,conjunction_blocks,conj_uni,2,1,23,targ_class2,-224.0,-321.0
30,conjunction_blocks,conj_uni,2,1,24,dist_class1,86.0,319.0
30,conjunction_blocks,conj_uni,2,1,25,dist_class1,-282.0,-162.0
30,conjunction_blocks,conj_uni,2,1,26,dist_class1,164.0,-303.0
30,conjunction_blocks,conj_uni,2,1,27,dist_class2,-325.0,-71.0
30,conjunction_blocks,conj_uni,2,1,28,dist_class1,30.0,42.0
30,conjunction_blocks,conj_uni,2,1,29,dist_class2,9.0,219.0
30,conjunction_blocks,conj_uni,2,1,30,targ_class2,213.0,-234.0
30,conjunction_blocks,conj_uni,2,1,31,dist_class1,-116.0,-92.0
30,conjunction_blocks,conj_uni,2,1,32,dist_class2,-7.0,272.0
30,conjunction_blocks,conj_uni,2,1,33,dist_class1,237.0,-64.0
30,conjunction_blocks,conj_uni,2,1,34,targ_class2,-354.0,-350.0
30,conjunction_blocks,conj_uni,2,1,35,targ_class1,144.0,244.0
30,conjunction_blocks,conj_uni,2,1,36,dist_class2,348.0,111.0
30,conjunction_blocks,conj_uni,2,1,37,dist_class2,-186.0,151.0
30,conjunction_blocks,conj_uni,2,1,38,targ_class2,348.0,-293.0
30,conjunction_blocks,conj_uni,2,1,39,targ_class1,324.0,-212.0
30,conjunction_blocks,conj_uni,2,1,40,targ_class2,87.0,-348.0
30,conjunction_blocks,conj_uni,2,1,41,dist_class2,116.0,-236.0
30,conjunction_blocks,conj_uni,2,1,42,dist_class1,-229.0,115.0
30,conjunction_blocks,conj_uni,2,1,43,dist_class2,-344.0,7.0
30,conjunction_blocks,conj_uni,2,1,44,dist_class1,-329.0,126.0
30,conjunction_blocks,conj_uni,2,1,45,dist_class1,20.0,-143.0
30,conjunction_blocks,conj_uni,2,1,46,targ_class1,355.0,174.0
30,conjunction_blocks,conj_uni,2,1,47,targ_class1,301.0,226.0
30,conjunction_blocks,conj_uni,2,1,48,dist_class2,-78.0,-214.0
30,conjunction_blocks,conj_uni,2,1,49,dist_class1,268.0,-231.0
30,conjunction_blocks,conj_grid,1,1,1,dist_class1,-321.0,-316.0
30,conjunction_blocks,conj_grid,1,1,2,dist_class1,-226.0,-314.0
30,conjunction_blocks,conj_grid,1,1,3,dist_class2,-98.0,-353.0
30,conjunction_blocks,conj_grid,1,1,4,targ_class2,-12.0,-324.0
30,conjunction_blocks,conj_grid,1,1,5,targ_class1,98.0,-325.0
30,conjunction_blocks,conj_grid,1,1,6,targ_class1,227.0,-318.0
30,conjunction_blocks,conj_grid,1,1,7,targ_class2,331.0,-335.0
30,conjunction_blocks,conj_grid,1,1,8,targ_class2,-323.0,-209.0
30,conjunction_blocks,conj_grid,1,1,9,dist_class2,-205.0,-224.0
30,conjunction_blocks,conj_grid,1,1,10,targ_class2,-93.0,-231.0
30,conjunction_blocks,conj_grid,1,1,11,dist_class2,3.0,-217.0
30,conjunction_blocks,conj_grid,1,1,12,targ_class1,94.0,-238.0
30,conjunction_blocks,conj_grid,1,1,13,dist_class2,208.0,-207.0
30,conjunction_blocks,conj_grid,1,1,14,targ_class2,330.0,-217.0
30,conjunction_blocks,conj_grid,1,1,15,targ_class1,-335.0,-127.0
30,conjunction_blocks,conj_grid,1,1,16,targ_class1,-229.0,-105.0
30,conjunction_blocks,conj_grid,1,1,17,targ_class1,-118.0,-106.0
30,conjunction_blocks,conj_grid,1,1,18,dist_class2,5.0,-107.0
30,conjunction_blocks,conj_grid,1,1,19,targ_class2,118.0,-110.0
30,conjunction_blocks,conj_grid,1,1,20,targ_class2,187.0,-95.0
30,conjunction_blocks,conj_grid,1,1,21,targ_class1,333.0,-92.0
30,conjunction_blocks,conj_grid,1,1,22,targ_class2,-318.0,9.0
30,conjunction_blocks,conj_grid,1,1,23,targ_class2,-220.0,1.0
30,conjunction_blocks,conj_grid,1,1,24,dist_class2,-90.0,3.0
30,conjunction_blocks,conj_grid,1,1,25,dist_class2,1.0,5.0
30,conjunction_blocks,conj_grid,1,1,26,targ_class2,104.0,-7.0
30,conjunction_blocks,conj_grid,1,1,27,dist_class1,223.0,5.0
30,conjunction_blocks,conj_grid,1,1,28,targ_class1,333.0,13.0
30,conjunction_blocks,conj_grid,1,1,29,targ_class2,-324.0,111.0
30,conjunction_blocks,conj_grid,1,1,30,targ_class1,-219.0,122.0
30,conjunction_blocks,conj_grid,1,1,31,dist_class2,-87.0,121.0
30,conjunction_blocks,conj_grid,1,1,32,targ_class1,3.0,100.0
30,conjunction_blocks,conj_grid,1,1,33,dist_class1,107.0,119.0
30,conjunction_blocks,conj_grid,1,1,34,dist_class1,218.0,103.0
30,conjunction_blocks,conj_grid,1,1,35,targ_class1,337.0,104.0
30,conjunction_blocks,conj_grid,1,1,36,dist_class2,-311.0,208.0
30,conjunction_blocks,conj_grid,1,1,37,targ_class2,-217.0,214.0
30,conjunction_blocks,conj_grid,1,1,38,dist_class1,-111.0,212.0
30,conjunction_blocks,conj_grid,1,1,39,dist_class1,-12.0,228.0
30,conjunction_blocks,conj_grid,1,1,40,dist_class2,111.0,196.0
30,conjunction_blocks,conj_grid,1,1,41,dist_class1,208.0,210.0
30,conjunction_blocks,conj_grid,1,1,42,dist_class2,325.0,243.0
30,conjunction_blocks,conj_grid,1,1,43,dist_class1,-316.0,303.0
30,conjunction_blocks,conj_grid,1,1,44,dist_class1,-209.0,301.0
30,conjunction_blocks,conj_grid,1,1,45,dist_class1,-117.0,317.0
30,conjunction_blocks,conj_grid,1,1,46,targ_class1,-3.0,316.0
30,conjunction_blocks,conj_grid,1,1,47,dist_class1,110.0,320.0
30,conjunction_blocks,conj_grid,1,1,48,dist_class2,205.0,340.0
30,conjunction_blocks,conj_grid,1,1,49,dist_class2,335.0,321.0
30,conjunction_blocks,conj_rot,3,1,1,dist_class2,-10.0,-448.0
30,conjunction_blocks,conj_rot,3,1,2,targ_class1,75.0,-383.0
30,conjunction_blocks,conj_rot,3,1,3,dist_class1,155.0,-299.0
30,conjunction_blocks,conj_rot,3,1,4,targ_class1,244.0,-232.0
30,conjunction_blocks,conj_rot,3,1,5,targ_class2,298.0,-159.0
30,conjunction_blocks,conj_rot,3,1,6,targ_class1,392.0,-76.0
30,conjunction_blocks,conj_rot,3,1,7,targ_class2,482.0,12.0
30,conjunction_blocks,conj_rot,3,1,8,targ_class1,-72.0,-379.0
30,conjunction_blocks,conj_rot,3,1,9,dist_class1,5.0,-301.0
30,conjunction_blocks,conj_rot,3,1,10,dist_class2,80.0,-218.0
30,conjunction_blocks,conj_rot,3,1,11,dist_class2,127.0,-162.0
30,conjunction_blocks,conj_rot,3,1,12,dist_class1,233.0,-74.0
30,conjunction_blocks,conj_rot,3,1,13,dist_class2,310.0,10.0
30,conjunction_blocks,conj_rot,3,1,14,targ_class2,373.0,70.0
30,conjunction_blocks,conj_rot,3,1,15,targ_class2,-171.0,-287.0
30,conjunction_blocks,conj_rot,3,1,16,targ_class1,-85.0,-211.0
30,conjunction_blocks,conj_rot,3,1,17,dist_class1,-1.0,-141.0
30,conjunction_blocks,conj_rot,3,1,18,targ_class2,77.0,-77.0
30,conjunction_blocks,conj_rot,3,1,19,targ_class1,167.0,-6.0
30,conjunction_blocks,conj_rot,3,1,20,dist_class1,231.0,70.0
30,conjunction_blocks,conj_rot,3,1,21,targ_class2,307.0,139.0
30,conjunction_blocks,conj_rot,3,1,22,targ_class2,-226.0,-239.0
30,conjunction_blocks,conj_rot,3,1,23,targ_class2,-157.0,-153.0
30,conjunction_blocks,conj_rot,3,1,24,dist_class2,-82.0,-80.0
30,conjunction_blocks,conj_rot,3,1,25,dist_class1,-7.0,-9.0
30,conjunction_blocks,conj_rot,3,1,26,dist_class1,64.0,72.0
30,conjunction_blocks,conj_rot,3,1,27,dist_class2,177.0,161.0
30,conjunction_blocks,conj_rot,3,1,28,dist_class1,224.0,228.0
30,conjunction_blocks,conj_rot,3,1,29,dist_class2,-301.0,-156.0
30,conjunction_blocks,conj_rot,3,1,30,dist_class2,-224.0,-78.0
30,conjunction_blocks,conj_rot,3,1,31,targ_class1,-140.0,0.0
30,conjunction_blocks,conj_rot,3,1,32,targ_class1,-73.0,87.0
30,conjunction_blocks,conj_rot,3,1,33,targ_class2,26.0,146.0
30,conjunction_blocks,conj_rot,3,1,34,dist_class1,73.0,228.0
30,conjunction_blocks,conj_rot,3,1,35,targ_class1,138.0,293.0
30,conjunction_blocks,conj_rot,3,1,36,targ_class1,-377.0,-73.0
30,conjunction_blocks,conj_rot,3,1,37,dist_class1,-295.0,17.0
30,conjunction_blocks,conj_rot,3,1,38,dist_class2,-233.0,69.0
30,conjunction_blocks,conj_rot,3,1,39,targ_class1,-150.0,168.0
30,conjunction_blocks,conj_rot,3,1,40,dist_class1,-97.0,229.0
30,conjunction_blocks,conj_rot,3,1,41,targ_class1,-13.0,317.0
30,conjunction_blocks,conj_rot,3,1,42,targ_class2,72.0,367.0
30,conjunction_blocks,conj_rot,3,1,43,dist_class1,-464.0,2.0
30,conjunction_blocks,conj_rot,3,1,44,dist_class2,-380.0,72.0
30,conjunction_blocks,conj_rot,3,1,45,dist_class2,-293.0,143.0
30,conjunction_blocks,conj_rot,3,1,46,dist_class2,-213.0,225.0
30,conjunction_blocks,conj_rot,3,1,47,dist_class2,-145.0,303.0
30,conjunction_blocks,conj_rot,3,1,48,targ_class2,-69.0,390.0
30,conjunction_blocks,conj_rot,3,1,49,targ_class2,-8.0,462.0
30,conjunction_blocks,conj_grid,2,1,1,targ_class1,-333.0,-324.0
30,conjunction_blocks,conj_grid,2,1,2,targ_class1,-203.0,-328.0
30,conjunction_blocks,conj_grid,2,1,3,targ_class2,-112.0,-316.0
30,conjunction_blocks,conj_grid,2,1,4,dist_class2,9.0,-328.0
30,conjunction_blocks,conj_grid,2,1,5,dist_class1,108.0,-327.0
30,conjunction_blocks,conj_grid,2,1,6,targ_class2,220.0,-317.0
30,conjunction_blocks,conj_grid,2,1,7,targ_class2,322.0,-316.0
30,conjunction_blocks,conj_grid,2,1,8,dist_class2,-327.0,-212.0
30,conjunction_blocks,conj_grid,2,1,9,targ_class1,-196.0,-232.0
30,conjunction_blocks,conj_grid,2,1,10,dist_class1,-119.0,-207.0
30,conjunction_blocks,conj_grid,2,1,11,targ_class1,6.0,-215.0
30,conjunction_blocks,conj_grid,2,1,12,dist_class1,119.0,-207.0
30,conjunction_blocks,conj_grid,2,1,13,dist_class2,216.0,-210.0
30,conjunction_blocks,conj_grid,2,1,14,targ_class2,313.0,-209.0
30,conjunction_blocks,conj_grid,2,1,15,targ_class2,-315.0,-89.0
30,conjunction_blocks,conj_grid,2,1,16,dist_class2,-213.0,-111.0
30,conjunction_blocks,conj_grid,2,1,17,targ_class2,-125.0,-104.0
30,conjunction_blocks,conj_grid,2,1,18,targ_class2,20.0,-114.0
30,conjunction_blocks,conj_grid,2,1,19,dist_class2,103.0,-99.0
30,conjunction_blocks,conj_grid,2,1,20,dist_class1,218.0,-114.0
30,conjunction_blocks,conj_grid,2,1,21,targ_class1,317.0,-106.0
30,conjunction_blocks,conj_grid,2,1,22,dist_class2,-324.0,-2.0
30,conjunction_blocks,conj_grid,2,1,23,targ_class1,-196.0,-2.0
30,conjunction_blocks,conj_grid,2,1,24,targ_class1,-111.0,-7.0
30,conjunction_blocks,conj_grid,2,1,25,dist_class1,-4.0,18.0
30,conjunction_blocks,conj_grid,2,1,26,targ_class1,98.0,-16.0
30,conjunction_blocks,conj_grid,2,1,27,dist_class1,228.0,0.0
30,conjunction_blocks,conj_grid,2,1,28,dist_class1,302.0,-20.0
30,conjunction_blocks,conj_grid,2,1,29,dist_class1,-325.0,103.0
30,conjunction_blocks,conj_grid,2,1,30,targ_class2,-228.0,109.0
30,conjunction_blocks,conj_grid,2,1,31,targ_class1,-99.0,103.0
30,conjunction_blocks,conj_grid,2,1,32,targ_class2,3.0,87.0
30,conjunction_blocks,conj_grid,2,1,33,dist_class2,109.0,107.0
30,conjunction_blocks,conj_grid,2,1,34,dist_class2,216.0,112.0
30,conjunction_blocks,conj_grid,2,1,35,dist_class1,318.0,101.0
30,conjunction_blocks,conj_grid,2,1,36,dist_class2,-328.0,225.0
30,conjunction_blocks,conj_grid,2,1,37,targ_class1,-219.0,224.0
30,conjunction_blocks,conj_grid,2,1,38,dist_class1,-104.0,219.0
30,conjunction_blocks,conj_grid,2,1,39,targ_class2,2.0,218.0
30,conjunction_blocks,conj_grid,2,1,40,dist_class1,97.0,217.0
30,conjunction_blocks,conj_grid,2,1,41,dist_class2,219.0,231.0
30,conjunction_blocks,conj_grid,2,1,42,targ_class2,330.0,202.0
30,conjunction_blocks,conj_grid,2,1,43,dist_class2,-319.0,326.0
30,conjunction_blocks,conj_grid,2,1,44,dist_class2,-228.0,316.0
30,conjunction_blocks,conj_grid,2,1,45,targ_class1,-129.0,314.0
30,conjunction_blocks,conj_grid,2,1,46,dist_class2,2.0,333.0
30,conjunction_blocks,conj_grid,2,1,47,dist_class1,121.0,332.0
30,conjunction_blocks,conj_grid,2,1,48,targ_class2,224.0,323.0
30,conjunction_blocks,conj_grid,2,1,49,targ_class1,341.0,332.0
30,conjunction_blocks,conj_rot,0,1,1,targ_class1,7.0,-468.0
30,conjunction_blocks,conj_rot,0,1,2,dist_class2,64.0,-378.0
30,conjunction_blocks,conj_rot,0,1,3,targ_class1,150.0,-329.0
30,conjunction_blocks,conj_rot,0,1,4,dist_class2,219.0,-226.0
30,conjunction_blocks,conj_rot,0,1,5,dist_class2,307.0,-152.0
30,conjunction_blocks,conj_rot,0,1,6,dist_class1,393.0,-94.0
30,conjunction_blocks,conj_rot,0,1,7,targ_class2,456.0,0.0
30,conjunction_blocks,conj_rot,0,1,8,targ_class1,-79.0,-377.0
30,conjunction_blocks,conj_rot,0,1,9,targ_class1,30.0,-308.0
30,conjunction_blocks,conj_rot,0,1,10,targ_class2,58.0,-259.0
30,conjunction_blocks,conj_rot,0,1,11,targ_class2,151.0,-168.0
30,conjunction_blocks,conj_rot,0,1,12,dist_class1,231.0,-77.0
30,conjunction_blocks,conj_rot,0,1,13,targ_class2,314.0,11.0
30,conjunction_blocks,conj_rot,0,1,14,dist_class2,378.0,80.0
30,conjunction_blocks,conj_rot,0,1,15,dist_class1,-145.0,-306.0
30,conjunction_blocks,conj_rot,0,1,16,dist_class2,-71.0,-228.0
30,conjunction_blocks,conj_rot,0,1,17,dist_class1,-19.0,-153.0
30,conjunction_blocks,conj_rot,0,1,18,dist_class1,93.0,-86.0
30,conjunction_blocks,conj_rot,0,1,19,targ_class2,151.0,-11.0
30,conjunction_blocks,conj_rot,0,1,20,dist_class1,233.0,85.0
30,conjunction_blocks,conj_rot,0,1,21,targ_class2,309.0,167.0
30,conjunction_blocks,conj_rot,0,1,22,targ_class1,-214.0,-224.0
30,conjunction_blocks,conj_rot,0,1,23,dist_class2,-157.0,-168.0
30,conjunction_blocks,conj_rot,0,1,24,dist_class2,-86.0,-61.0
30,conjunction_blocks,conj_rot,0,1,25,targ_class2,1.0,-11.0
30,conjunction_blocks,conj_rot,0,1,26,dist_class1,63.0,83.0
30,conjunction_blocks,conj_rot,0,1,27,dist_class1,162.0,150.0
30,conjunction_blocks,conj_rot,0,1,28,dist_class2,248.0,227.0
30,conjunction_blocks,conj_rot,0,1,29,targ_class2,-306.0,-165.0
30,conjunction_blocks,conj_rot,0,1,30,dist_class2,-234.0,-78.0
30,conjunction_blocks,conj_rot,0,1,31,targ_class1,-164.0,-3.0
30,conjunction_blocks,conj_rot,0,1,32,targ_class1,-64.0,81.0
30,conjunction_blocks,conj_rot,0,1,33,targ_class1,-0.0,139.0
30,conjunction_blocks,conj_rot,0,1,34,dist_class1,77.0,238.0
30,conjunction_blocks,conj_rot,0,1,35,targ_class1,155.0,305.0
30,conjunction_blocks,conj_rot,0,1,36,dist_class2,-389.0,-55.0
30,conjunction_blocks,conj_rot,0,1,37,targ_class1,-297.0,13.0
30,conjunction_blocks,conj_rot,0,1,38,targ_class1,-239.0,85.0
30,conjunction_blocks,conj_rot,0,1,39,dist_class2,-175.0,177.0
30,conjunction_blocks,conj_rot,0,1,40,dist_class1,-72.0,239.0
30,conjunction_blocks,conj_rot,0,1,41,targ_class2,0.0,303.0
30,conjunction_blocks,conj_rot,0,1,42,targ_class2,81.0,395.0
30,conjunction_blocks,conj_rot,0,1,43,dist_class2,-457.0,1.0
30,conjunction_blocks,conj_rot,0,1,44,dist_class1,-384.0,77.0
30,conjunction_blocks,conj_rot,0,1,45,targ_class2,-312.0,150.0
30,conjunction_blocks,conj_rot,0,1,46,targ_class2,-237.0,228.0
30,conjunction_blocks,conj_rot,0,1,47,dist_class1,-158.0,304.0
30,conjunction_blocks,conj_rot,0,1,48,dist_class2,-84.0,396.0
30,conjunction_blocks,conj_rot,0,1,49,targ_class1,0.0,466.0
30,conjunction_blocks,conj_grid,0,1,1,dist_class2,-350.0,-325.0
30,conjunction_blocks,conj_grid,0,1,2,dist_class1,-213.0,-321.0
30,conjunction_blocks,conj_grid,0,1,3,dist_class1,-102.0,-312.0
30,conjunction_blocks,conj_grid,0,1,4,targ_class1,-3.0,-323.0
30,conjunction_blocks,conj_grid,0,1,5,dist_class2,114.0,-319.0
30,conjunction_blocks,conj_grid,0,1,6,targ_class1,227.0,-332.0
30,conjunction_blocks,conj_grid,0,1,7,targ_class1,331.0,-326.0
30,conjunction_blocks,conj_grid,0,1,8,dist_class2,-328.0,-217.0
30,conjunction_blocks,conj_grid,0,1,9,targ_class1,-218.0,-213.0
30,conjunction_blocks,conj_grid,0,1,10,dist_class1,-91.0,-218.0
30,conjunction_blocks,conj_grid,0,1,11,dist_class1,-12.0,-229.0
30,conjunction_blocks,conj_grid,0,1,12,dist_class1,107.0,-214.0
30,conjunction_blocks,conj_grid,0,1,13,targ_class2,205.0,-214.0
30,conjunction_blocks,conj_grid,0,1,14,targ_class2,339.0,-214.0
30,conjunction_blocks,conj_grid,0,1,15,targ_class1,-322.0,-105.0
30,conjunction_blocks,conj_grid,0,1,16,targ_class1,-216.0,-95.0
30,conjunction_blocks,conj_grid,0,1,17,dist_class1,-108.0,-104.0
30,conjunction_blocks,conj_grid,0,1,18,dist_class2,-11.0,-115.0
30,conjunction_blocks,conj_grid,0,1,19,targ_class2,103.0,-100.0
30,conjunction_blocks,conj_grid,0,1,20,dist_class2,204.0,-121.0
30,conjunction_blocks,conj_grid,0,1,21,targ_class2,327.0,-118.0
30,conjunction_blocks,conj_grid,0,1,22,dist_class1,-333.0,10.0
30,conjunction_blocks,conj_grid,0,1,23,targ_class2,-211.0,-16.0
30,conjunction_blocks,conj_grid,0,1,24,dist_class2,-109.0,-9.0
30,conjunction_blocks,conj_grid,0,1,25,dist_class2,9.0,-3.0
30,conjunction_blocks,conj_grid,0,1,26,targ_class2,116.0,-4.0
30,conjunction_blocks,conj_grid,0,1,27,targ_class1,205.0,1.0
30,conjunction_blocks,conj_grid,0,1,28,targ_class2,310.0,10.0
30,conjunction_blocks,conj_grid,0,1,29,dist_class2,-325.0,123.0
30,conjunction_blocks,conj_grid,0,1,30,targ_class2,-205.0,106.0
30,conjunction_blocks,conj_grid,0,1,31,dist_class2,-112.0,110.0
30,conjunction_blocks,conj_grid,0,1,32,targ_class1,-0.0,114.0
30,conjunction_blocks,conj_grid,0,1,33,dist_class1,126.0,90.0
30,conjunction_blocks,conj_grid,0,1,34,dist_class2,228.0,116.0
30,conjunction_blocks,conj_grid,0,1,35,targ_class2,327.0,111.0
30,conjunction_blocks,conj_grid,0,1,36,dist_class2,-309.0,215.0
30,conjunction_blocks,conj_grid,0,1,37,dist_class2,-210.0,215.0
30,conjunction_blocks,conj_grid,0,1,38,targ_class1,-110.0,211.0
30,conjunction_blocks,conj_grid,0,1,39,dist_class1,5.0,211.0
30,conjunction_blocks,conj_grid,0,1,40,targ_class2,102.0,211.0
30,conjunction_blocks,conj_grid,0,1,41,targ_class1,224.0,224.0
30,conjunction_blocks,conj_grid,0,1,42,targ_class1,329.0,228.0
30,conjunction_blocks,conj_grid,0,1,43,targ_class2,-332.0,325.0
30,conjunction_blocks,conj_grid,0,1,44,dist_class1,-210.0,337.0
30,conjunction_blocks,conj_grid,0,1,45,targ_class1,-111.0,332.0
30,conjunction_blocks,conj_grid,0,1,46,dist_class1,15.0,318.0
30,conjunction_blocks,conj_grid,0,1,47,dist_class1,115.0,311.0
30,conjunction_blocks,conj_grid,0,1,48,dist_class2,206.0,323.0
30,conjunction_blocks,conj_grid,0,1,49,targ_class2,343.0,314.0
30,conjunction_blocks,conj_rot,2,1,1,targ_class1,4.0,-475.0
30,conjunction_blocks,conj_rot,2,1,2,dist_class2,79.0,-377.0
30,conjunction_blocks,conj_rot,2,1,3,targ_class2,145.0,-310.0
30,conjunction_blocks,conj_rot,2,1,4,dist_class2,230.0,-216.0
30,conjunction_blocks,conj_rot,2,1,5,dist_class2,316.0,-174.0
30,conjunction_blocks,conj_rot,2,1,6,targ_class2,364.0,-69.0
30,conjunction_blocks,conj_rot,2,1,7,dist_class2,439.0,5.0
30,conjunction_blocks,conj_rot,2,1,8,dist_class1,-74.0,-370.0
30,conjunction_blocks,conj_rot,2,1,9,targ_class2,-3.0,-326.0
30,conjunction_blocks,conj_rot,2,1,10,dist_class1,81.0,-243.0
30,conjunction_blocks,conj_rot,2,1,11,targ_class1,151.0,-162.0
30,conjunction_blocks,conj_rot,2,1,12,targ_class1,232.0,-90.0
30,conjunction_blocks,conj_rot,2,1,13,dist_class2,289.0,6.0
30,conjunction_blocks,conj_rot,2,1,14,targ_class2,395.0,84.0
30,conjunction_blocks,conj_rot,2,1,15,targ_class2,-139.0,-307.0
30,conjunction_blocks,conj_rot,2,1,16,dist_class1,-86.0,-207.0
30,conjunction_blocks,conj_rot,2,1,17,targ_class1,-6.0,-144.0
30,conjunction_blocks,conj_rot,2,1,18,targ_class1,66.0,-85.0
30,conjunction_blocks,conj_rot,2,1,19,targ_class1,137.0,-11.0
30,conjunction_blocks,conj_rot,2,1,20,targ_class1,231.0,71.0
30,conjunction_blocks,conj_rot,2,1,21,targ_class1,313.0,144.0
30,conjunction_blocks,conj_rot,2,1,22,targ_class2,-216.0,-232.0
30,conjunction_blocks,conj_rot,2,1,23,dist_class1,-169.0,-148.0
30,conjunction_blocks,conj_rot,2,1,24,dist_class1,-70.0,-89.0
30,conjunction_blocks,conj_rot,2,1,25,dist_class1,-8.0,13.0
30,conjunction_blocks,conj_rot,2,1,26,dist_class2,57.0,90.0
30,conjunction_blocks,conj_rot,2,1,27,targ_class2,139.0,156.0
30,conjunction_blocks,conj_rot,2,1,28,dist_class1,229.0,220.0
30,conjunction_blocks,conj_rot,2,1,29,dist_class1,-305.0,-151.0
30,conjunction_blocks,conj_rot,2,1,30,dist_class2,-220.0,-82.0
30,conjunction_blocks,conj_rot,2,1,31,targ_class2,-157.0,17.0
30,conjunction_blocks,conj_rot,2,1,32,targ_class1,-91.0,58.0
30,conjunction_blocks,conj_rot,2,1,33,dist_class1,-5.0,150.0
30,conjunction_blocks,conj_rot,2,1,34,targ_class1,96.0,240.0
30,conjunction_blocks,conj_rot,2,1,35,dist_class1,152.0,287.0
30,conjunction_blocks,conj_rot,2,1,36,dist_class2,-381.0,-77.0
30,conjunction_blocks,conj_rot,2,1,37,dist_class2,-315.0,10.0
30,conjunction_blocks,conj_rot,2,1,38,dist_class1,-234.0,73.0
30,conjunction_blocks,conj_rot,2,1,39,targ_class2,-151.0,148.0
30,conjunction_blocks,conj_rot,2,1,40,targ_class1,-74.0,241.0
30,conjunction_blocks,conj_rot,2,1,41,dist_class2,6.0,299.0
30,conjunction_blocks,conj_rot,2,1,42,dist_class2,69.0,398.0
30,conjunction_blocks,conj_rot,2,1,43,targ_class2,-474.0,-0.0
30,conjunction_blocks,conj_rot,2,1,44,targ_class1,-386.0,71.0
30,conjunction_blocks,conj_rot,2,1,45,dist_class2,-305.0,148.0
30,conjunction_blocks,conj_rot,2,1,46,dist_class2,-219.0,235.0
30,conjunction_blocks,conj_rot,2,1,47,dist_class1,-145.0,301.0
30,conjunction_blocks,conj_rot,2,1,48,targ_class2,-78.0,367.0
30,conjunction_blocks,conj_rot,2,1,49,targ_class2,10.0,450.0
30,conjunction_blocks,conj_uni,3,1,1,dist_class2,54.0,-56.0
30,conjunction_blocks,conj_uni,3,1,2,dist_class2,308.0,-27.0
30,conjunction_blocks,conj_uni,3,1,3,dist_class1,-332.0,-220.0
30,conjunction_blocks,conj_uni,3,1,4,dist_class2,360.0,87.0
30,conjunction_blocks,conj_uni,3,1,5,dist_class2,-213.0,-99.0
30,conjunction_blocks,conj_uni,3,1,6,targ_class2,355.0,358.0
30,conjunction_blocks,conj_uni,3,1,7,dist_class2,226.0,-61.0
30,conjunction_blocks,conj_uni,3,1,8,dist_class2,-252.0,-351.0
30,conjunction_blocks,conj_uni,3,1,9,targ_class2,179.0,168.0
30,conjunction_blocks,conj_uni,3,1,10,dist_class1,-319.0,-340.0
30,conjunction_blocks,conj_uni,3,1,11,targ_class1,-249.0,-214.0
30,conjunction_blocks,conj_uni,3,1,12,dist_class2,-16.0,-283.0
30,conjunction_blocks,conj_uni,3,1,13,dist_class1,-345.0,195.0
30,conjunction_blocks,conj_uni,3,1,14,targ_class1,-323.0,144.0
30,conjunction_blocks,conj_uni,3,1,15,targ_class1,258.0,-294.0
30,conjunction_blocks,conj_uni,3,1,16,dist_class2,106.0,320.0
30,conjunction_blocks,conj_uni,3,1,17,dist_class1,-363.0,100.0
30,conjunction_blocks,conj_uni,3,1,18,targ_class2,-253.0,88.0
30,conjunction_blocks,conj_uni,3,1,19,dist_class1,314.0,-283.0
30,conjunction_blocks,conj_uni,3,1,20,dist_class2,-299.0,-174.0
30,conjunction_blocks,conj_uni,3,1,21,targ_class1,-70.0,-230.0
30,conjunction_blocks,conj_uni,3,1,22,dist_class1,-206.0,280.0
30,conjunction_blocks,conj_uni,3,1,23,targ_class2,91.0,63.0
30,conjunction_blocks,conj_uni,3,1,24,targ_class1,-104.0,-276.0
30,conjunction_blocks,conj_uni,3,1,25,dist_class2,-123.0,372.0
30,conjunction_blocks,conj_uni,3,1,26,targ_class2,-298.0,228.0
30,conjunction_blocks,conj_uni,3,1,27,targ_class2,328.0,135.0
30,conjunction_blocks,conj_uni,3,1,28,targ_class1,148.0,260.0
30,conjunction_blocks,conj_uni,3,1,29,dist_class1,15.0,351.0
30,conjunction_blocks,conj_uni,3,1,30,dist_class1,294.0,311.0
30,conjunction_blocks,conj_uni,3,1,31,dist_class2,-28.0,225.0
30,conjunction_blocks,conj_uni,3,1,32,targ_class1,-179.0,330.0
30,conjunction_blocks,conj_uni,3,1,33,targ_class2,-266.0,274.0
30,conjunction_blocks,conj_uni,3,1,34,dist_class2,-125.0,117.0
30,conjunction_blocks,conj_uni,3,1,35,targ_class1,330.0,-104.0
30,conjunction_blocks,conj_uni,3,1,36,dist_class1,171.0,-65.0
30,conjunction_blocks,conj_uni,3,1,37,targ_class2,-124.0,316.0
30,conjunction_blocks,conj_uni,3,1,38,targ_class2,91.0,263.0
30,conjunction_blocks,conj_uni,3,1,39,targ_class1,-239.0,-149.0
30,conjunction_blocks,conj_uni,3,1,40,targ_class2,-343.0,-86.0
30,conjunction_blocks,conj_uni,3,1,41,targ_class2,-298.0,-118.0
30,conjunction_blocks,conj_uni,3,1,42,targ_class2,-308.0,85.0
30,conjunction_blocks,conj_uni,3,1,43,targ_class1,266.0,-128.0
30,conjunction_blocks,conj_uni,3,1,44,targ_class1,-43.0,352.0
30,conjunction_blocks,conj_uni,3,1,45,dist_class1,324.0,-209.0
30,conjunction_blocks,conj_uni,3,1,46,dist_class2,346.0,-157.0
30,conjunction_blocks,conj_uni,3,1,47,dist_class1,281.0,-75.0
30,conjunction_blocks,conj_uni,3,1,48,dist_class1,-263.0,-276.0
30,conjunction_blocks,conj_uni,3,1,49,targ_class1,-228.0,138.0
30,conjunction_blocks,conj_grid,3,1,1,dist_class2,-333.0,-344.0
30,conjunction_blocks,conj_grid,3,1,2,targ_class1,-212.0,-331.0
30,conjunction_blocks,conj_grid,3,1,3,dist_class1,-116.0,-334.0
30,conjunction_blocks,conj_grid,3,1,4,targ_class1,14.0,-318.0
30,conjunction_blocks,conj_grid,3,1,5,targ_class2,104.0,-313.0
30,conjunction_blocks,conj_grid,3,1,6,targ_class2,207.0,-327.0
30,conjunction_blocks,conj_grid,3,1,7,dist_class1,339.0,-317.0
30,conjunction_blocks,conj_grid,3,1,8,dist_class2,-323.0,-223.0
30,conjunction_blocks,conj_grid,3,1,9,targ_class1,-227.0,-224.0
30,conjunction_blocks,conj_grid,3,1,10,dist_class1,-104.0,-218.0
30,conjunction_blocks,conj_grid,3,1,11,targ_class2,-8.0,-205.0
30,conjunction_blocks,conj_grid,3,1,12,dist_class2,103.0,-208.0
30,conjunction_blocks,conj_grid,3,1,13,dist_class1,219.0,-217.0
30,conjunction_blocks,conj_grid,3,1,14,dist_class1,314.0,-197.0
30,conjunction_blocks,conj_grid,3,1,15,targ_class1,-315.0,-110.0
30,conjunction_blocks,conj_grid,3,1,16,dist_class2,-217.0,-102.0
30,conjunction_blocks,conj_grid,3,1,17,dist_class2,-114.0,-94.0
30,conjunction_blocks,conj_grid,3,1,18,targ_class1,1.0,-116.0
30,conjunction_blocks,conj_grid,3,1,19,dist_class2,123.0,-111.0
30,conjunction_blocks,conj_grid,3,1,20,targ_class2,223.0,-110.0
30,conjunction_blocks,conj_grid,3,1,21,targ_class1,341.0,-116.0
30,conjunction_blocks,conj_grid,3,1,22,dist_class2,-304.0,-7.0
30,conjunction_blocks,conj_grid,3,1,23,dist_class1,-202.0,23.0
30,conjunction_blocks,conj_grid,3,1,24,targ_class2,-117.0,-1.0
30,conjunction_blocks,conj_grid,3,1,25,dist_class2,-2.0,-6.0
30,conjunction_blocks,conj_grid,3,1,26,targ_class2,101.0,0.0
30,conjunction_blocks,conj_grid,3,1,27,targ_class2,219.0,2.0
30,conjunction_blocks,conj_grid,3,1,28,dist_class2,321.0,23.0
30,conjunction_blocks,conj_grid,3,1,29,dist_class2,-320.0,111.0
30,conjunction_blocks,conj_grid,3,1,30,targ_class1,-201.0,115.0
30,conjunction_blocks,conj_grid,3,1,31,dist_class1,-99.0,117.0
30,conjunction_blocks,conj_grid,3,1,32,dist_class1,-3.0,107.0
30,conjunction_blocks,conj_grid,3,1,33,targ_class2,105.0,105.0
30,conjunction_blocks,conj_grid,3,1,34,targ_class2,226.0,115.0
30,conjunction_blocks,conj_grid,3,1,35,dist_class1,309.0,101.0
30,conjunction_blocks,conj_grid,3,1,36,targ_class2,-330.0,210.0
30,conjunction_blocks,conj_grid,3,1,37,dist_class1,-206.0,224.0
30,conjunction_blocks,conj_grid,3,1,38,dist_class2,-118.0,217.0
30,conjunction_blocks,conj_grid,3,1,39,targ_class1,1.0,209.0
30,conjunction_blocks,conj_grid,3,1,40,targ_class2,115.0,215.0
30,conjunction_blocks,conj_grid,3,1,41,targ_class1,214.0,204.0
30,conjunction_blocks,conj_grid,3,1,42,targ_class1,322.0,235.0
30,conjunction_blocks,conj_grid,3,1,43,dist_class1,-336.0,324.0
30,conjunction_blocks,conj_grid,3,1,44,targ_class1,-217.0,332.0
30,conjunction_blocks,conj_grid,3,1,45,targ_class1,-114.0,322.0
30,conjunction_blocks,conj_grid,3,1,46,dist_class1,-5.0,339.0
30,conjunction_blocks,conj_grid,3,1,47,dist_class2,104.0,322.0
30,conjunction_blocks,conj_grid,3,1,48,targ_class2,210.0,329.0
30,conjunction_blocks,conj_grid,3,1,49,dist_class2,322.0,321.0
30,conjunction_blocks,conj_rot,1,1,1,targ_class2,-1.0,-437.0
30,conjunction_blocks,conj_rot,1,1,2,dist_class2,62.0,-377.0
30,conjunction_blocks,conj_rot,1,1,3,targ_class2,154.0,-313.0
30,conjunction_blocks,conj_rot,1,1,4,targ_class1,229.0,-226.0
30,conjunction_blocks,conj_rot,1,1,5,targ_class2,321.0,-159.0
30,conjunction_blocks,conj_rot,1,1,6,targ_class1,374.0,-67.0
30,conjunction_blocks,conj_rot,1,1,7,dist_class1,456.0,-16.0
30,conjunction_blocks,conj_rot,1,1,8,targ_class2,-78.0,-360.0
30,conjunction_blocks,conj_rot,1,1,9,dist_class1,6.0,-311.0
30,conjunction_blocks,conj_rot,1,1,10,targ_class1,92.0,-223.0
30,conjunction_blocks,conj_rot,1,1,11,targ_class1,172.0,-166.0
30,conjunction_blocks,conj_rot,1,1,12,dist_class2,231.0,-72.0
30,conjunction_blocks,conj_rot,1,1,13,targ_class2,324.0,-9.0
30,conjunction_blocks,conj_rot,1,1,14,dist_class1,378.0,82.0
30,conjunction_blocks,conj_rot,1,1,15,targ_class2,-145.0,-300.0
30,conjunction_blocks,conj_rot,1,1,16,dist_class1,-94.0,-194.0
30,conjunction_blocks,conj_rot,1,1,17,targ_class1,-4.0,-153.0
30,conjunction_blocks,conj_rot,1,1,18,dist_class1,65.0,-80.0
30,conjunction_blocks,conj_rot,1,1,19,dist_class1,132.0,-6.0
30,conjunction_blocks,conj_rot,1,1,20,targ_class2,226.0,62.0
30,conjunction_blocks,conj_rot,1,1,21,dist_class2,310.0,157.0
30,conjunction_blocks,conj_rot,1,1,22,dist_class1,-223.0,-236.0
30,conjunction_blocks,conj_rot,1,1,23,dist_class1,-148.0,-153.0
30,conjunction_blocks,conj_rot,1,1,24,dist_class2,-74.0,-82.0
30,conjunction_blocks,conj_rot,1,1,25,targ_class1,16.0,-8.0
30,conjunction_blocks,conj_rot,1,1,26,dist_class1,81.0,81.0
30,conjunction_blocks,conj_rot,1,1,27,targ_class2,154.0,177.0
30,conjunction_blocks,conj_rot,1,1,28,targ_class1,237.0,236.0
30,conjunction_blocks,conj_rot,1,1,29,dist_class2,-290.0,-166.0
30,conjunction_blocks,conj_rot,1,1,30,dist_class1,-233.0,-65.0
30,conjunction_blocks,conj_rot,1,1,31,dist_class2,-171.0,-4.0
30,conjunction_blocks,conj_rot,1,1,32,dist_class2,-80.0,85.0
30,conjunction_blocks,conj_rot,1,1,33,dist_class2,15.0,155.0
30,conjunction_blocks,conj_rot,1,1,34,dist_class1,76.0,243.0
30,conjunction_blocks,conj_rot,1,1,35,dist_class2,159.0,293.0
30,conjunction_blocks,conj_rot,1,1,36,dist_class2,-371.0,-72.0
30,conjunction_blocks,conj_rot,1,1,37,targ_class1,-297.0,16.0
30,conjunction_blocks,conj_rot,1,1,38,targ_class2,-225.0,99.0
30,conjunction_blocks,conj_rot,1,1,39,targ_class2,-164.0,147.0
30,conjunction_blocks,conj_rot,1,1,40,targ_class1,-69.0,238.0
30,conjunction_blocks,conj_rot,1,1,41,dist_class2,-2.0,305.0
30,conjunction_blocks,conj_rot,1,1,42,dist_class1,81.0,374.0
30,conjunction_blocks,conj_rot,1,1,43,dist_class2,-480.0,-15.0
30,conjunction_blocks,conj_rot,1,1,44,targ_class2,-397.0,74.0
30,conjunction_blocks,conj_rot,1,1,45,targ_class1,-301.0,169.0
30,conjunction_blocks,conj_rot,1,1,46,dist_class2,-217.0,234.0
30,conjunction_blocks,conj_rot,1,1,47,targ_class2,-163.0,301.0
30,conjunction_blocks,conj_rot,1,1,48,targ_class1,-56.0,388.0
30,conjunction_blocks,conj_rot,1,1,49,targ_class1,-12.0,468.0
30,conjunction_blocks,conj_uni,1,1,1,dist_class1,41.0,-30.0
30,conjunction_blocks,conj_uni,1,1,2,targ_class1,174.0,-190.0
30,conjunction_blocks,conj_uni,1,1,3,dist_class1,263.0,-108.0
30,conjunction_blocks,conj_uni,1,1,4,dist_class1,-67.0,-30.0
30,conjunction_blocks,conj_uni,1,1,5,targ_class2,-267.0,-260.0
30,conjunction_blocks,conj_uni,1,1,6,targ_class2,334.0,18.0
30,conjunction_blocks,conj_uni,1,1,7,targ_class2,85.0,112.0
30,conjunction_blocks,conj_uni,1,1,8,targ_class2,201.0,-297.0
30,conjunction_blocks,conj_uni,1,1,9,dist_class2,-216.0,-117.0
30,conjunction_blocks,conj_uni,1,1,10,dist_class2,349.0,-110.0
30,conjunction_blocks,conj_uni,1,1,11,dist_class2,185.0,247.0
30,conjunction_blocks,conj_uni,1,1,12,targ_class2,-87.0,175.0
30,conjunction_blocks,conj_uni,1,1,13,dist_class2,-177.0,-252.0
30,conjunction_blocks,conj_uni,1,1,14,targ_class2,47.0,356.0
30,conjunction_blocks,conj_uni,1,1,15,targ_class1,80.0,-300.0
30,conjunction_blocks,conj_uni,1,1,16,targ_class2,-301.0,-321.0
30,conjunction_blocks,conj_uni,1,1,17,dist_class2,225.0,322.0
30,conjunction_blocks,conj_uni,1,1,18,targ_class1,-323.0,164.0
30,conjunction_blocks,conj_uni,1,1,19,targ_class1,339.0,74.0
30,conjunction_blocks,conj_uni,1,1,20,dist_class2,277.0,-53.0
30,conjunction_blocks,conj_uni,1,1,21,targ_class1,-73.0,232.0
30,conjunction_blocks,conj_uni,1,1,22,targ_class1,-115.0,-3.0
30,conjunction_blocks,conj_uni,1,1,23,dist_class1,-13.0,-45.0
30,conjunction_blocks,conj_uni,1,1,24,targ_class2,195.0,-241.0
30,conjunction_blocks,conj_uni,1,1,25,targ_class1,312.0,191.0
30,conjunction_blocks,conj_uni,1,1,26,targ_class1,113.0,-75.0
30,conjunction_blocks,conj_uni,1,1,27,dist_class1,-23.0,25.0
30,conjunction_blocks,conj_uni,1,1,28,dist_class1,286.0,48.0
30,conjunction_blocks,conj_uni,1,1,29,dist_class2,210.0,-125.0
30,conjunction_blocks,conj_uni,1,1,30,targ_class2,-146.0,118.0
30,conjunction_blocks,conj_uni,1,1,31,dist_class1,166.0,-342.0
30,conjunction_blocks,conj_uni,1,1,32,dist_class1,-328.0,-167.0
30,conjunction_blocks,conj_uni,1,1,33,targ_class1,-55.0,71.0
30,conjunction_blocks,conj_uni,1,1,34,dist_class2,6.0,301.0
30,conjunction_blocks,conj_uni,1,1,35,dist_class1,264.0,-335.0
30,conjunction_blocks,conj_uni,1,1,36,targ_class2,293.0,-155.0
30,conjunction_blocks,conj_uni,1,1,37,targ_class1,178.0,94.0
30,conjunction_blocks,conj_uni,1,1,38,targ_class2,-308.0,243.0
30,conjunction_blocks,conj_uni,1,1,39,dist_class2,-47.0,282.0
30,conjunction_blocks,conj_uni,1,1,40,dist_class2,-269.0,201.0
30,conjunction_blocks,conj_uni,1,1,41,dist_class2,-219.0,-289.0
30,conjunction_blocks,conj_uni,1,1,42,dist_class2,-232.0,-343.0
30,conjunction_blocks,conj_uni,1,1,43,dist_class1,-333.0,60.0
30,conjunction_blocks,conj_uni,1,1,44,dist_class1,-90.0,114.0
30,conjunction_blocks,conj_uni,1,1,45,targ_class2,155.0,-137.0
30,conjunction_blocks,conj_uni,1,1,46,targ_class1,222.0,-64.0
30,conjunction_blocks,conj_uni,1,1,47,targ_class1,331.0,-37.0
30,conjunction_blocks,conj_uni,1,1,48,dist_class2,79.0,308.0
30,conjunction_blocks,conj_uni,1,1,49,dist_class1,-160.0,-151.0
