person,block,condition,trial,attempt,id,item_class,x,y
31,prac2_conj,conj_grid,0,1,1,targ_class1,-339.0,-312.0
31,prac2_conj,conj_grid,0,1,2,targ_class1,-225.0,-305.0
31,prac2_conj,conj_grid,0,1,3,dist_class2,-103.0,-331.0
31,prac2_conj,conj_grid,0,1,4,dist_class2,4.0,-326.0
31,prac2_conj,conj_grid,0,1,5,dist_class1,103.0,-318.0
31,prac2_conj,conj_grid,0,1,6,dist_class2,223.0,-346.0
31,prac2_conj,conj_grid,0,1,7,targ_class2,330.0,-310.0
31,prac2_conj,conj_grid,0,1,8,targ_class1,-321.0,-222.0
31,prac2_conj,conj_grid,0,1,9,targ_class2,-226.0,-216.0
31,prac2_conj,conj_grid,0,1,10,targ_class1,-110.0,-239.0
31,prac2_conj,conj_grid,0,1,11,dist_class1,2.0,-221.0
31,prac2_conj,conj_grid,0,1,12,dist_class1,118.0,-230.0
31,prac2_conj,conj_grid,0,1,13,targ_class1,206.0,-219.0
31,prac2_conj,conj_grid,0,1,14,dist_class2,328.0,-214.0
31,prac2_conj,conj_grid,0,1,15,dist_class1,-329.0,-108.0
31,prac2_conj,conj_grid,0,1,16,dist_class2,-211.0,-104.0
31,prac2_conj,conj_grid,0,1,17,targ_class1,-103.0,-134.0
31,prac2_conj,conj_grid,0,1,18,targ_class1,-11.0,-106.0
31,prac2_conj,conj_grid,0,1,19,dist_class2,119.0,-126.0
31,prac2_conj,conj_grid,0,1,20,targ_class2,205.0,-107.0
31,prac2_conj,conj_grid,0,1,21,dist_class1,314.0,-86.0
31,prac2_conj,conj_grid,0,1,22,dist_class1,-332.0,-2.0
31,prac2_conj,conj_grid,0,1,23,targ_class2,-222.0,-1.0
31,prac2_conj,conj_grid,0,1,24,dist_class2,-109.0,0.0
31,prac2_conj,conj_grid,0,1,25,dist_class2,16.0,-19.0
31,prac2_conj,conj_grid,0,1,26,dist_class1,89.0,-8.0
31,prac2_conj,conj_grid,0,1,27,targ_class1,209.0,-13.0
31,prac2_conj,conj_grid,0,1,28,dist_class1,321.0,-2.0
31,prac2_conj,conj_grid,0,1,29,dist_class2,-318.0,105.0
31,prac2_conj,conj_grid,0,1,30,dist_class1,-216.0,101.0
31,prac2_conj,conj_grid,0,1,31,dist_class1,-117.0,102.0
31,prac2_conj,conj_grid,0,1,32,targ_class1,-15.0,123.0
31,prac2_conj,conj_grid,0,1,33,targ_class2,100.0,108.0
31,prac2_conj,conj_grid,0,1,34,targ_class2,219.0,104.0
31,prac2_conj,conj_grid,0,1,35,dist_class1,328.0,107.0
31,prac2_conj,conj_grid,0,1,36,dist_class2,-328.0,201.0
31,prac2_conj,conj_grid,0,1,37,targ_class2,-213.0,222.0
31,prac2_conj,conj_grid,0,1,38,dist_class2,-100.0,210.0
31,prac2_conj,conj_grid,0,1,39,dist_class2,5.0,216.0
31,prac2_conj,conj_grid,0,1,40,targ_class1,113.0,211.0
31,prac2_conj,conj_grid,0,1,41,dist_class1,224.0,219.0
31,prac2_conj,conj_grid,0,1,42,dist_class2,342.0,208.0
31,prac2_conj,conj_grid,0,1,43,targ_class2,-334.0,333.0
31,prac2_conj,conj_grid,0,1,44,targ_class1,-189.0,339.0
31,prac2_conj,conj_grid,0,1,45,targ_class2,-126.0,320.0
31,prac2_conj,conj_grid,0,1,46,targ_class2,7.0,319.0
31,prac2_conj,conj_grid,0,1,47,targ_class2,102.0,327.0
31,prac2_conj,conj_grid,0,1,48,targ_class1,234.0,332.0
31,prac2_conj,conj_grid,0,1,49,targ_class2,315.0,332.0
31,prac2_conj,conj_grid,0,2,1,targ_class1,-311.0,-310.0
31,prac2_conj,conj_grid,0,2,2,targ_class1,-206.0,-319.0
31,prac2_conj,conj_grid,0,2,3,targ_class2,-105.0,-313.0
31,prac2_conj,conj_grid,0,2,4,targ_class2,-19.0,-323.0
31,prac2_conj,conj_grid,0,2,5,dist_class1,101.0,-322.0
31,prac2_conj,conj_grid,0,2,6,dist_class2,205.0,-336.0
31,prac2_conj,conj_grid,0,2,7,targ_class1,309.0,-323.0
31,prac2_conj,conj_grid,0,2,8,targ_class1,-326.0,-205.0
31,prac2_conj,conj_grid,0,2,9,targ_class1,-228.0,-206.0
31,prac2_conj,conj_grid,0,2,10,targ_class1,-109.0,-210.0
31,prac2_conj,conj_grid,0,2,11,targ_class2,-0.0,-206.0
31,prac2_conj,conj_grid,0,2,12,targ_class2,122.0,-241.0
31,prac2_conj,conj_grid,0,2,13,targ_class2,224.0,-225.0
31,prac2_conj,conj_grid,0,2,14,targ_class2,340.0,-221.0
31,prac2_conj,conj_grid,0,2,15,dist_class2,-321.0,-117.0
31,prac2_conj,conj_grid,0,2,16,dist_class1,-221.0,-107.0
31,prac2_conj,conj_grid,0,2,17,dist_class2,-109.0,-119.0
31,prac2_conj,conj_grid,0,2,18,dist_class1,4.0,-109.0
31,prac2_conj,conj_grid,0,2,19,targ_class1,112.0,-96.0
31,prac2_conj,conj_grid,0,2,20,dist_class2,226.0,-111.0
31,prac2_conj,conj_grid,0,2,21,targ_class1,317.0,-100.0
31,prac2_conj,conj_grid,0,2,22,dist_class2,-330.0,9.0
31,prac2_conj,conj_grid,0,2,23,dist_class2,-216.0,-15.0
31,prac2_conj,conj_grid,0,2,24,dist_class1,-119.0,-6.0
31,prac2_conj,conj_grid,0,2,25,dist_class1,-3.0,1.0
31,prac2_conj,conj_grid,0,2,26,dist_class2,126.0,3.0
31,prac2_conj,conj_grid,0,2,27,dist_class2,218.0,8.0
31,prac2_conj,conj_grid,0,2,28,dist_class1,328.0,9.0
31,prac2_conj,conj_grid,0,2,29,targ_class1,-336.0,103.0
31,prac2_conj,conj_grid,0,2,30,dist_class1,-212.0,99.0
31,prac2_conj,conj_grid,0,2,31,dist_class1,-109.0,103.0
31,prac2_conj,conj_grid,0,2,32,dist_class2,-4.0,103.0
31,prac2_conj,conj_grid,0,2,33,dist_class1,113.0,108.0
31,prac2_conj,conj_grid,0,2,34,targ_class1,224.0,127.0
31,prac2_conj,conj_grid,0,2,35,targ_class2,324.0,105.0
31,prac2_conj,conj_grid,0,2,36,dist_class2,-334.0,215.0
31,prac2_conj,conj_grid,0,2,37,dist_class1,-211.0,213.0
31,prac2_conj,conj_grid,0,2,38,dist_class2,-100.0,217.0
31,prac2_conj,conj_grid,0,2,39,targ_class2,-10.0,219.0
31,prac2_conj,conj_grid,0,2,40,targ_class1,114.0,197.0
31,prac2_conj,conj_grid,0,2,41,targ_class1,207.0,205.0
31,prac2_conj,conj_grid,0,2,42,dist_class1,315.0,203.0
31,prac2_conj,conj_grid,0,2,43,dist_class1,-333.0,325.0
31,prac2_conj,conj_grid,0,2,44,targ_class2,-223.0,322.0
31,prac2_conj,conj_grid,0,2,45,dist_class2,-108.0,327.0
31,prac2_conj,conj_grid,0,2,46,targ_class2,2.0,322.0
31,prac2_conj,conj_grid,0,2,47,targ_class2,122.0,331.0
31,prac2_conj,conj_grid,0,2,48,dist_class2,210.0,337.0
31,prac2_conj,conj_grid,0,2,49,targ_class2,302.0,315.0
31,prac2_conj,conj_grid,1,1,1,targ_class1,-326.0,-325.0
31,prac2_conj,conj_grid,1,1,2,targ_class2,-205.0,-324.0
31,prac2_conj,conj_grid,1,1,3,dist_class1,-105.0,-323.0
31,prac2_conj,conj_grid,1,1,4,dist_class1,-9.0,-326.0
31,prac2_conj,conj_grid,1,1,5,targ_class1,113.0,-327.0
31,prac2_conj,conj_grid,1,1,6,targ_class2,227.0,-329.0
31,prac2_conj,conj_grid,1,1,7,targ_class1,325.0,-333.0
31,prac2_conj,conj_grid,1,1,8,dist_class1,-312.0,-203.0
31,prac2_conj,conj_grid,1,1,9,dist_class1,-214.0,-214.0
31,prac2_conj,conj_grid,1,1,10,targ_class2,-88.0,-231.0
31,prac2_conj,conj_grid,1,1,11,targ_class2,4.0,-217.0
31,prac2_conj,conj_grid,1,1,12,dist_class2,113.0,-211.0
31,prac2_conj,conj_grid,1,1,13,targ_class1,218.0,-223.0
31,prac2_conj,conj_grid,1,1,14,dist_class2,324.0,-237.0
31,prac2_conj,conj_grid,1,1,15,targ_class1,-322.0,-107.0
31,prac2_conj,conj_grid,1,1,16,dist_class1,-206.0,-88.0
31,prac2_conj,conj_grid,1,1,17,targ_class2,-89.0,-107.0
31,prac2_conj,conj_grid,1,1,18,dist_class1,-7.0,-116.0
31,prac2_conj,conj_grid,1,1,19,targ_class1,121.0,-107.0
31,prac2_conj,conj_grid,1,1,20,targ_class2,217.0,-110.0
31,prac2_conj,conj_grid,1,1,21,targ_class1,326.0,-107.0
31,prac2_conj,conj_grid,1,1,22,targ_class1,-334.0,9.0
31,prac2_conj,conj_grid,1,1,23,dist_class2,-229.0,4.0
31,prac2_conj,conj_grid,1,1,24,dist_class2,-95.0,7.0
31,prac2_conj,conj_grid,1,1,25,dist_class1,-13.0,-2.0
31,prac2_conj,conj_grid,1,1,26,dist_class2,138.0,9.0
31,prac2_conj,conj_grid,1,1,27,dist_class1,217.0,1.0
31,prac2_conj,conj_grid,1,1,28,dist_class2,315.0,-1.0
31,prac2_conj,conj_grid,1,1,29,targ_class2,-328.0,97.0
31,prac2_conj,conj_grid,1,1,30,dist_class2,-222.0,105.0
31,prac2_conj,conj_grid,1,1,31,targ_class2,-109.0,99.0
31,prac2_conj,conj_grid,1,1,32,targ_class2,23.0,103.0
31,prac2_conj,conj_grid,1,1,33,targ_class1,128.0,101.0
31,prac2_conj,conj_grid,1,1,34,dist_class1,218.0,109.0
31,prac2_conj,conj_grid,1,1,35,dist_class2,320.0,118.0
31,prac2_conj,conj_grid,1,1,36,targ_class2,-330.0,215.0
31,prac2_conj,conj_grid,1,1,37,targ_class2,-223.0,214.0
31,prac2_conj,conj_grid,1,1,38,dist_class2,-107.0,202.0
31,prac2_conj,conj_grid,1,1,39,targ_class1,-10.0,213.0
31,prac2_conj,conj_grid,1,1,40,targ_class1,131.0,212.0
31,prac2_conj,conj_grid,1,1,41,dist_class1,215.0,217.0
31,prac2_conj,conj_grid,1,1,42,dist_class2,319.0,200.0
31,prac2_conj,conj_grid,1,1,43,targ_class1,-315.0,315.0
31,prac2_conj,conj_grid,1,1,44,dist_class2,-216.0,322.0
31,prac2_conj,conj_grid,1,1,45,dist_class2,-117.0,332.0
31,prac2_conj,conj_grid,1,1,46,dist_class2,-4.0,342.0
31,prac2_conj,conj_grid,1,1,47,targ_class2,98.0,334.0
31,prac2_conj,conj_grid,1,1,48,dist_class1,205.0,312.0
31,prac2_conj,conj_grid,1,1,49,dist_class1,326.0,328.0
31,conjunction_blocks,conj_grid,1,1,1,targ_class1,-347.0,-344.0
31,conjunction_blocks,conj_grid,1,1,2,targ_class1,-215.0,-316.0
31,conjunction_blocks,conj_grid,1,1,3,dist_class2,-96.0,-314.0
31,conjunction_blocks,conj_grid,1,1,4,targ_class1,-11.0,-343.0
31,conjunction_blocks,conj_grid,1,1,5,dist_class2,114.0,-320.0
31,conjunction_blocks,conj_grid,1,1,6,targ_class2,236.0,-315.0
31,conjunction_blocks,conj_grid,1,1,7,dist_class1,314.0,-335.0
31,conjunction_blocks,conj_grid,1,1,8,targ_class2,-319.0,-221.0
31,conjunction_blocks,conj_grid,1,1,9,dist_class2,-199.0,-207.0
31,conjunction_blocks,conj_grid,1,1,10,dist_class2,-105.0,-214.0
31,conjunction_blocks,conj_grid,1,1,11,targ_class2,-2.0,-208.0
31,conjunction_blocks,conj_grid,1,1,12,dist_class2,118.0,-210.0
31,conjunction_blocks,conj_grid,1,1,13,targ_class2,237.0,-226.0
31,conjunction_blocks,conj_grid,1,1,14,dist_class2,325.0,-211.0
31,conjunction_blocks,conj_grid,1,1,15,dist_class1,-326.0,-100.0
31,conjunction_blocks,conj_grid,1,1,16,dist_class1,-207.0,-111.0
31,conjunction_blocks,conj_grid,1,1,17,dist_class1,-99.0,-83.0
31,conjunction_blocks,conj_grid,1,1,18,dist_class2,-19.0,-87.0
31,conjunction_blocks,conj_grid,1,1,19,targ_class1,129.0,-108.0
31,conjunction_blocks,conj_grid,1,1,20,targ_class2,224.0,-109.0
31,conjunction_blocks,conj_grid,1,1,21,dist_class2,325.0,-124.0
31,conjunction_blocks,conj_grid,1,1,22,dist_class2,-320.0,-4.0
31,conjunction_blocks,conj_grid,1,1,23,targ_class1,-201.0,-5.0
31,conjunction_blocks,conj_grid,1,1,24,dist_class1,-114.0,-5.0
31,conjunction_blocks,conj_grid,1,1,25,dist_class1,11.0,15.0
31,conjunction_blocks,conj_grid,1,1,26,targ_class1,88.0,3.0
31,conjunction_blocks,conj_grid,1,1,27,targ_class1,215.0,2.0
31,conjunction_blocks,conj_grid,1,1,28,targ_class2,326.0,-2.0
31,conjunction_blocks,conj_grid,1,1,29,dist_class2,-307.0,97.0
31,conjunction_blocks,conj_grid,1,1,30,dist_class1,-216.0,108.0
31,conjunction_blocks,conj_grid,1,1,31,targ_class1,-134.0,108.0
31,conjunction_blocks,conj_grid,1,1,32,dist_class1,-1.0,115.0
31,conjunction_blocks,conj_grid,1,1,33,targ_class1,126.0,111.0
31,conjunction_blocks,conj_grid,1,1,34,targ_class1,216.0,107.0
31,conjunction_blocks,conj_grid,1,1,35,dist_class1,307.0,116.0
31,conjunction_blocks,conj_grid,1,1,36,dist_class1,-332.0,213.0
31,conjunction_blocks,conj_grid,1,1,37,dist_class1,-211.0,216.0
31,conjunction_blocks,conj_grid,1,1,38,targ_class2,-92.0,217.0
31,conjunction_blocks,conj_grid,1,1,39,dist_class2,-3.0,223.0
31,conjunction_blocks,conj_grid,1,1,40,dist_class2,99.0,222.0
31,conjunction_blocks,conj_grid,1,1,41,targ_class2,212.0,216.0
31,conjunction_blocks,conj_grid,1,1,42,targ_class2,323.0,221.0
31,conjunction_blocks,conj_grid,1,1,43,targ_class2,-319.0,348.0
31,conjunction_blocks,conj_grid,1,1,44,targ_class2,-213.0,340.0
31,conjunction_blocks,conj_grid,1,1,45,targ_class2,-112.0,315.0
31,conjunction_blocks,conj_grid,1,1,46,dist_class2,-2.0,309.0
31,conjunction_blocks,conj_grid,1,1,47,targ_class1,97.0,321.0
31,conjunction_blocks,conj_grid,1,1,48,dist_class1,222.0,301.0
31,conjunction_blocks,conj_grid,1,1,49,targ_class1,346.0,325.0
31,conjunction_blocks,conj_grid,0,1,1,dist_class2,-334.0,-308.0
31,conjunction_blocks,conj_grid,0,1,2,dist_class2,-218.0,-344.0
31,conjunction_blocks,conj_grid,0,1,3,targ_class2,-113.0,-318.0
31,conjunction_blocks,conj_grid,0,1,4,dist_class2,-2.0,-325.0
31,conjunction_blocks,conj_grid,0,1,5,dist_class2,109.0,-331.0
31,conjunction_blocks,conj_grid,0,1,6,dist_class2,213.0,-335.0
31,conjunction_blocks,conj_grid,0,1,7,dist_class1,315.0,-339.0
31,conjunction_blocks,conj_grid,0,1,8,targ_class2,-321.0,-207.0
31,conjunction_blocks,conj_grid,0,1,9,targ_class1,-236.0,-216.0
31,conjunction_blocks,conj_grid,0,1,10,targ_class1,-102.0,-220.0
31,conjunction_blocks,conj_grid,0,1,11,dist_class1,-11.0,-218.0
31,conjunction_blocks,conj_grid,0,1,12,dist_class1,101.0,-229.0
31,conjunction_blocks,conj_grid,0,1,13,targ_class2,218.0,-209.0
31,conjunction_blocks,conj_grid,0,1,14,targ_class1,313.0,-217.0
31,conjunction_blocks,conj_grid,0,1,15,dist_class1,-329.0,-97.0
31,conjunction_blocks,conj_grid,0,1,16,dist_class2,-212.0,-110.0
31,conjunction_blocks,conj_grid,0,1,17,dist_class2,-104.0,-123.0
31,conjunction_blocks,conj_grid,0,1,18,dist_class2,6.0,-106.0
31,conjunction_blocks,conj_grid,0,1,19,dist_class1,94.0,-121.0
31,conjunction_blocks,conj_grid,0,1,20,targ_class2,215.0,-94.0
31,conjunction_blocks,conj_grid,0,1,21,dist_class1,311.0,-115.0
31,conjunction_blocks,conj_grid,0,1,22,targ_class1,-311.0,4.0
31,conjunction_blocks,conj_grid,0,1,23,targ_class1,-217.0,6.0
31,conjunction_blocks,conj_grid,0,1,24,dist_class2,-119.0,3.0
31,conjunction_blocks,conj_grid,0,1,25,targ_class2,-3.0,-4.0
31,conjunction_blocks,conj_grid,0,1,26,dist_class1,88.0,23.0
31,conjunction_blocks,conj_grid,0,1,27,targ_class2,209.0,-1.0
31,conjunction_blocks,conj_grid,0,1,28,dist_class1,311.0,3.0
31,conjunction_blocks,conj_grid,0,1,29,dist_class1,-327.0,88.0
31,conjunction_blocks,conj_grid,0,1,30,dist_class1,-223.0,119.0
31,conjunction_blocks,conj_grid,0,1,31,dist_class2,-117.0,129.0
31,conjunction_blocks,conj_grid,0,1,32,targ_class1,2.0,94.0
31,conjunction_blocks,conj_grid,0,1,33,targ_class1,113.0,98.0
31,conjunction_blocks,conj_grid,0,1,34,dist_class1,220.0,117.0
31,conjunction_blocks,conj_grid,0,1,35,targ_class1,299.0,93.0
31,conjunction_blocks,conj_grid,0,1,36,targ_class1,-312.0,230.0
31,conjunction_blocks,conj_grid,0,1,37,dist_class2,-215.0,207.0
31,conjunction_blocks,conj_grid,0,1,38,dist_class2,-98.0,218.0
31,conjunction_blocks,conj_grid,0,1,39,dist_class1,4.0,244.0
31,conjunction_blocks,conj_grid,0,1,40,targ_class2,125.0,227.0
31,conjunction_blocks,conj_grid,0,1,41,dist_class2,210.0,219.0
31,conjunction_blocks,conj_grid,0,1,42,targ_class2,316.0,215.0
31,conjunction_blocks,conj_grid,0,1,43,targ_class2,-318.0,325.0
31,conjunction_blocks,conj_grid,0,1,44,targ_class1,-222.0,329.0
31,conjunction_blocks,conj_grid,0,1,45,targ_class2,-99.0,307.0
31,conjunction_blocks,conj_grid,0,1,46,targ_class1,-14.0,320.0
31,conjunction_blocks,conj_grid,0,1,47,targ_class2,94.0,321.0
31,conjunction_blocks,conj_grid,0,1,48,targ_class1,209.0,325.0
31,conjunction_blocks,conj_grid,0,1,49,targ_class2,312.0,334.0
31,conjunction_blocks,conj_grid,3,1,1,dist_class1,-334.0,-320.0
31,conjunction_blocks,conj_grid,3,1,2,targ_class1,-219.0,-327.0
31,conjunction_blocks,conj_grid,3,1,3,dist_class2,-101.0,-329.0
31,conjunction_blocks,conj_grid,3,1,4,dist_class1,19.0,-340.0
31,conjunction_blocks,conj_grid,3,1,5,targ_class1,101.0,-321.0
31,conjunction_blocks,conj_grid,3,1,6,targ_class1,214.0,-330.0
31,conjunction_blocks,conj_grid,3,1,7,dist_class1,314.0,-339.0
31,conjunction_blocks,conj_grid,3,1,8,targ_class2,-337.0,-197.0
31,conjunction_blocks,conj_grid,3,1,9,targ_class2,-221.0,-224.0
31,conjunction_blocks,conj_grid,3,1,10,dist_class2,-102.0,-220.0
31,conjunction_blocks,conj_grid,3,1,11,targ_class2,-9.0,-212.0
31,conjunction_blocks,conj_grid,3,1,12,targ_class1,110.0,-208.0
31,conjunction_blocks,conj_grid,3,1,13,dist_class2,213.0,-213.0
31,conjunction_blocks,conj_grid,3,1,14,dist_class2,335.0,-218.0
31,conjunction_blocks,conj_grid,3,1,15,targ_class1,-301.0,-114.0
31,conjunction_blocks,conj_grid,3,1,16,dist_class2,-211.0,-119.0
31,conjunction_blocks,conj_grid,3,1,17,targ_class1,-108.0,-100.0
31,conjunction_blocks,conj_grid,3,1,18,targ_class1,-2.0,-116.0
31,conjunction_blocks,conj_grid,3,1,19,targ_class1,99.0,-109.0
31,conjunction_blocks,conj_grid,3,1,20,dist_class1,217.0,-113.0
31,conjunction_blocks,conj_grid,3,1,21,targ_class2,324.0,-102.0
31,conjunction_blocks,conj_grid,3,1,22,dist_class2,-312.0,-9.0
31,conjunction_blocks,conj_grid,3,1,23,targ_class2,-210.0,1.0
31,conjunction_blocks,conj_grid,3,1,24,targ_class2,-105.0,4.0
31,conjunction_blocks,conj_grid,3,1,25,dist_class1,-1.0,-6.0
31,conjunction_blocks,conj_grid,3,1,26,targ_class2,108.0,0.0
31,conjunction_blocks,conj_grid,3,1,27,dist_class1,222.0,4.0
31,conjunction_blocks,conj_grid,3,1,28,targ_class2,309.0,-8.0
31,conjunction_blocks,conj_grid,3,1,29,dist_class1,-324.0,103.0
31,conjunction_blocks,conj_grid,3,1,30,dist_class1,-222.0,97.0
31,conjunction_blocks,conj_grid,3,1,31,targ_class2,-110.0,107.0
31,conjunction_blocks,conj_grid,3,1,32,targ_class1,6.0,119.0
31,conjunction_blocks,conj_grid,3,1,33,dist_class2,127.0,97.0
31,conjunction_blocks,conj_grid,3,1,34,targ_class2,218.0,120.0
31,conjunction_blocks,conj_grid,3,1,35,targ_class2,317.0,110.0
31,conjunction_blocks,conj_grid,3,1,36,dist_class2,-305.0,214.0
31,conjunction_blocks,conj_grid,3,1,37,dist_class2,-219.0,221.0
31,conjunction_blocks,conj_grid,3,1,38,dist_class2,-113.0,220.0
31,conjunction_blocks,conj_grid,3,1,39,dist_class1,-20.0,210.0
31,conjunction_blocks,conj_grid,3,1,40,dist_class1,99.0,235.0
31,conjunction_blocks,conj_grid,3,1,41,targ_class1,227.0,217.0
31,conjunction_blocks,conj_grid,3,1,42,targ_class2,337.0,219.0
31,conjunction_blocks,conj_grid,3,1,43,dist_class2,-352.0,311.0
31,conjunction_blocks,conj_grid,3,1,44,targ_class1,-200.0,323.0
31,conjunction_blocks,conj_grid,3,1,45,dist_class1,-100.0,303.0
31,conjunction_blocks,conj_grid,3,1,46,targ_class1,-1.0,308.0
31,conjunction_blocks,conj_grid,3,1,47,dist_class2,115.0,316.0
31,conjunction_blocks,conj_grid,3,1,48,dist_class2,205.0,328.0
31,conjunction_blocks,conj_grid,3,1,49,dist_class1,330.0,324.0
31,conjunction_blocks,conj_grid,4,1,1,dist_class2,-300.0,-320.0
31,conjunction_blocks,conj_grid,4,1,2,dist_class2,-204.0,-319.0
31,conjunction_blocks,conj_grid,4,1,3,targ_class2,-107.0,-328.0
31,conjunction_blocks,conj_grid,4,1,4,dist_class1,-16.0,-327.0
31,conjunction_blocks,conj_grid,4,1,5,targ_class1,118.0,-323.0
31,conjunction_blocks,conj_grid,4,1,6,dist_class2,214.0,-326.0
31,conjunction_blocks,conj_grid,4,1,7,dist_class1,318.0,-312.0
31,conjunction_blocks,conj_grid,4,1,8,targ_class1,-315.0,-229.0
31,conjunction_blocks,conj_grid,4,1,9,targ_class2,-219.0,-213.0
31,conjunction_blocks,conj_grid,4,1,10,targ_class1,-99.0,-215.0
31,conjunction_blocks,conj_grid,4,1,11,targ_class2,6.0,-198.0
31,conjunction_blocks,conj_grid,4,1,12,dist_class2,123.0,-211.0
31,conjunction_blocks,conj_grid,4,1,13,targ_class1,217.0,-223.0
31,conjunction_blocks,conj_grid,4,1,14,dist_class1,329.0,-211.0
31,conjunction_blocks,conj_grid,4,1,15,targ_class2,-318.0,-107.0
31,conjunction_blocks,conj_grid,4,1,16,dist_class1,-216.0,-109.0
31,conjunction_blocks,conj_grid,4,1,17,targ_class1,-105.0,-108.0
31,conjunction_blocks,conj_grid,4,1,18,dist_class1,-16.0,-103.0
31,conjunction_blocks,conj_grid,4,1,19,targ_class1,109.0,-112.0
31,conjunction_blocks,conj_grid,4,1,20,dist_class2,204.0,-123.0
31,conjunction_blocks,conj_grid,4,1,21,targ_class1,328.0,-128.0
31,conjunction_blocks,conj_grid,4,1,22,targ_class2,-333.0,10.0
31,conjunction_blocks,conj_grid,4,1,23,dist_class1,-234.0,-1.0
31,conjunction_blocks,conj_grid,4,1,24,dist_class2,-102.0,7.0
31,conjunction_blocks,conj_grid,4,1,25,dist_class1,9.0,-14.0
31,conjunction_blocks,conj_grid,4,1,26,dist_class1,111.0,-2.0
31,conjunction_blocks,conj_grid,4,1,27,dist_class1,213.0,-4.0
31,conjunction_blocks,conj_grid,4,1,28,targ_class2,329.0,0.0
31,conjunction_blocks,conj_grid,4,1,29,targ_class2,-316.0,83.0
31,conjunction_blocks,conj_grid,4,1,30,dist_class2,-213.0,110.0
31,conjunction_blocks,conj_grid,4,1,31,dist_class2,-126.0,117.0
31,conjunction_blocks,conj_grid,4,1,32,dist_class2,-3.0,113.0
31,conjunction_blocks,conj_grid,4,1,33,targ_class2,86.0,111.0
31,conjunction_blocks,conj_grid,4,1,34,dist_class1,212.0,95.0
31,conjunction_blocks,conj_grid,4,1,35,targ_class2,312.0,114.0
31,conjunction_blocks,conj_grid,4,1,36,dist_class1,-326.0,215.0
31,conjunction_blocks,conj_grid,4,1,37,dist_class1,-213.0,212.0
31,conjunction_blocks,conj_grid,4,1,38,targ_class2,-96.0,210.0
31,conjunction_blocks,conj_grid,4,1,39,targ_class1,-2.0,228.0
31,conjunction_blocks,conj_grid,4,1,40,dist_class2,114.0,220.0
31,conjunction_blocks,conj_grid,4,1,41,targ_class1,234.0,233.0
31,conjunction_blocks,conj_grid,4,1,42,targ_class1,341.0,227.0
31,conjunction_blocks,conj_grid,4,1,43,dist_class2,-320.0,335.0
31,conjunction_blocks,conj_grid,4,1,44,dist_class2,-201.0,324.0
31,conjunction_blocks,conj_grid,4,1,45,targ_class1,-83.0,324.0
31,conjunction_blocks,conj_grid,4,1,46,dist_class2,-23.0,324.0
31,conjunction_blocks,conj_grid,4,1,47,targ_class2,109.0,330.0
31,conjunction_blocks,conj_grid,4,1,48,targ_class2,204.0,299.0
31,conjunction_blocks,conj_grid,4,1,49,targ_class1,317.0,314.0
31,conjunction_blocks,conj_rot,4,1,1,targ_class2,14.0,-477.0
31,conjunction_blocks,conj_rot,4,1,2,targ_class2,79.0,-386.0
31,conjunction_blocks,conj_rot,4,1,3,dist_class2,149.0,-314.0
31,conjunction_blocks,conj_rot,4,1,4,targ_class1,222.0,-231.0
31,conjunction_blocks,conj_rot,4,1,5,dist_class2,307.0,-163.0
31,conjunction_blocks,conj_rot,4,1,6,dist_class1,366.0,-74.0
31,conjunction_blocks,conj_rot,4,1,7,targ_class2,458.0,-7.0
31,conjunction_blocks,conj_rot,4,1,8,targ_class2,-84.0,-393.0
31,conjunction_blocks,conj_rot,4,1,9,dist_class1,13.0,-310.0
31,conjunction_blocks,conj_rot,4,1,10,targ_class2,71.0,-217.0
31,conjunction_blocks,conj_rot,4,1,11,dist_class2,155.0,-143.0
31,conjunction_blocks,conj_rot,4,1,12,dist_class2,235.0,-71.0
31,conjunction_blocks,conj_rot,4,1,13,targ_class2,314.0,7.0
31,conjunction_blocks,conj_rot,4,1,14,dist_class2,387.0,75.0
31,conjunction_blocks,conj_rot,4,1,15,dist_class2,-143.0,-320.0
31,conjunction_blocks,conj_rot,4,1,16,dist_class1,-63.0,-232.0
31,conjunction_blocks,conj_rot,4,1,17,dist_class2,-1.0,-171.0
31,conjunction_blocks,conj_rot,4,1,18,dist_class1,68.0,-77.0
31,conjunction_blocks,conj_rot,4,1,19,dist_class1,141.0,-10.0
31,conjunction_blocks,conj_rot,4,1,20,targ_class1,226.0,76.0
31,conjunction_blocks,conj_rot,4,1,21,dist_class1,306.0,154.0
31,conjunction_blocks,conj_rot,4,1,22,targ_class2,-239.0,-223.0
31,conjunction_blocks,conj_rot,4,1,23,targ_class1,-136.0,-146.0
31,conjunction_blocks,conj_rot,4,1,24,dist_class1,-75.0,-86.0
31,conjunction_blocks,conj_rot,4,1,25,dist_class1,-2.0,2.0
31,conjunction_blocks,conj_rot,4,1,26,dist_class2,77.0,85.0
31,conjunction_blocks,conj_rot,4,1,27,dist_class1,174.0,169.0
31,conjunction_blocks,conj_rot,4,1,28,targ_class1,213.0,237.0
31,conjunction_blocks,conj_rot,4,1,29,targ_class2,-319.0,-143.0
31,conjunction_blocks,conj_rot,4,1,30,targ_class2,-226.0,-74.0
31,conjunction_blocks,conj_rot,4,1,31,targ_class1,-149.0,1.0
31,conjunction_blocks,conj_rot,4,1,32,targ_class1,-74.0,88.0
31,conjunction_blocks,conj_rot,4,1,33,dist_class1,4.0,171.0
31,conjunction_blocks,conj_rot,4,1,34,targ_class2,78.0,230.0
31,conjunction_blocks,conj_rot,4,1,35,targ_class1,162.0,305.0
31,conjunction_blocks,conj_rot,4,1,36,dist_class2,-374.0,-83.0
31,conjunction_blocks,conj_rot,4,1,37,dist_class1,-290.0,-3.0
31,conjunction_blocks,conj_rot,4,1,38,targ_class2,-231.0,82.0
31,conjunction_blocks,conj_rot,4,1,39,targ_class1,-152.0,143.0
31,conjunction_blocks,conj_rot,4,1,40,targ_class1,-78.0,227.0
31,conjunction_blocks,conj_rot,4,1,41,targ_class1,-18.0,290.0
31,conjunction_blocks,conj_rot,4,1,42,dist_class2,73.0,390.0
31,conjunction_blocks,conj_rot,4,1,43,dist_class2,-461.0,13.0
31,conjunction_blocks,conj_rot,4,1,44,dist_class2,-379.0,71.0
31,conjunction_blocks,conj_rot,4,1,45,targ_class1,-304.0,147.0
31,conjunction_blocks,conj_rot,4,1,46,targ_class2,-216.0,221.0
31,conjunction_blocks,conj_rot,4,1,47,dist_class1,-154.0,295.0
31,conjunction_blocks,conj_rot,4,1,48,dist_class2,-70.0,377.0
31,conjunction_blocks,conj_rot,4,1,49,targ_class1,15.0,457.0
31,conjunction_blocks,conj_uni,4,1,1,dist_class1,81.0,159.0
31,conjunction_blocks,conj_uni,4,1,2,dist_class1,-209.0,265.0
31,conjunction_blocks,conj_uni,4,1,3,dist_class1,-249.0,-210.0
31,conjunction_blocks,conj_uni,4,1,4,targ_class1,-182.0,-347.0
31,conjunction_blocks,conj_uni,4,1,5,targ_class2,-339.0,29.0
31,conjunction_blocks,conj_uni,4,1,6,targ_class2,338.0,-256.0
31,conjunction_blocks,conj_uni,4,1,7,dist_class2,-177.0,311.0
31,conjunction_blocks,conj_uni,4,1,8,dist_class2,-275.0,-79.0
31,conjunction_blocks,conj_uni,4,1,9,dist_class1,-80.0,-6.0
31,conjunction_blocks,conj_uni,4,1,10,targ_class1,-26.0,-19.0
31,conjunction_blocks,conj_uni,4,1,11,dist_class1,324.0,-168.0
31,conjunction_blocks,conj_uni,4,1,12,dist_class2,-349.0,-128.0
31,conjunction_blocks,conj_uni,4,1,13,dist_class1,-239.0,-155.0
31,conjunction_blocks,conj_uni,4,1,14,targ_class1,-286.0,97.0
31,conjunction_blocks,conj_uni,4,1,15,targ_class1,-67.0,259.0
31,conjunction_blocks,conj_uni,4,1,16,dist_class1,106.0,-330.0
31,conjunction_blocks,conj_uni,4,1,17,targ_class1,10.0,-66.0
31,conjunction_blocks,conj_uni,4,1,18,targ_class2,18.0,-122.0
31,conjunction_blocks,conj_uni,4,1,19,targ_class2,-193.0,1.0
31,conjunction_blocks,conj_uni,4,1,20,targ_class2,-219.0,-286.0
31,conjunction_blocks,conj_uni,4,1,21,dist_class2,15.0,220.0
31,conjunction_blocks,conj_uni,4,1,22,dist_class1,-252.0,-342.0
31,conjunction_blocks,conj_uni,4,1,23,targ_class1,-14.0,143.0
31,conjunction_blocks,conj_uni,4,1,24,dist_class2,234.0,255.0
31,conjunction_blocks,conj_uni,4,1,25,targ_class2,-215.0,-79.0
31,conjunction_blocks,conj_uni,4,1,26,dist_class1,203.0,207.0
31,conjunction_blocks,conj_uni,4,1,27,dist_class1,-112.0,-329.0
31,conjunction_blocks,conj_uni,4,1,28,dist_class1,-312.0,-38.0
31,conjunction_blocks,conj_uni,4,1,29,targ_class1,302.0,105.0
31,conjunction_blocks,conj_uni,4,1,30,targ_class1,38.0,121.0
31,conjunction_blocks,conj_uni,4,1,31,dist_class2,248.0,89.0
31,conjunction_blocks,conj_uni,4,1,32,dist_class2,302.0,-115.0
31,conjunction_blocks,conj_uni,4,1,33,targ_class2,128.0,-1.0
31,conjunction_blocks,conj_uni,4,1,34,targ_class1,-136.0,0.0
31,conjunction_blocks,conj_uni,4,1,35,targ_class1,269.0,-164.0
31,conjunction_blocks,conj_uni,4,1,36,dist_class2,49.0,-168.0
31,conjunction_blocks,conj_uni,4,1,37,targ_class2,-163.0,-292.0
31,conjunction_blocks,conj_uni,4,1,38,targ_class1,-159.0,-171.0
31,conjunction_blocks,conj_uni,4,1,39,targ_class2,-290.0,-133.0
31,conjunction_blocks,conj_uni,4,1,40,dist_class2,-103.0,-179.0
31,conjunction_blocks,conj_uni,4,1,41,targ_class2,339.0,337.0
31,conjunction_blocks,conj_uni,4,1,42,dist_class2,103.0,50.0
31,conjunction_blocks,conj_uni,4,1,43,dist_class2,49.0,-288.0
31,conjunction_blocks,conj_uni,4,1,44,targ_class2,-103.0,111.0
31,conjunction_blocks,conj_uni,4,1,45,dist_class1,349.0,28.0
31,conjunction_blocks,conj_uni,4,1,46,targ_class1,314.0,229.0
31,conjunction_blocks,conj_uni,4,1,47,dist_class2,57.0,258.0
31,conjunction_blocks,conj_uni,4,1,48,targ_class2,23.0,24.0
31,conjunction_blocks,conj_uni,4,1,49,dist_class2,366.0,-207.0
31,conjunction_blocks,conj_rot,1,1,1,targ_class1,6.0,-465.0
31,conjunction_blocks,conj_rot,1,1,2,targ_class2,76.0,-387.0
31,conjunction_blocks,conj_rot,1,1,3,dist_class1,171.0,-301.0
31,conjunction_blocks,conj_rot,1,1,4,dist_class1,241.0,-199.0
31,conjunction_blocks,conj_rot,1,1,5,targ_class1,309.0,-147.0
31,conjunction_blocks,conj_rot,1,1,6,targ_class1,386.0,-75.0
31,conjunction_blocks,conj_rot,1,1,7,targ_class2,446.0,22.0
31,conjunction_blocks,conj_rot,1,1,8,dist_class1,-75.0,-385.0
31,conjunction_blocks,conj_rot,1,1,9,dist_class2,-18.0,-297.0
31,conjunction_blocks,conj_rot,1,1,10,targ_class1,86.0,-224.0
31,conjunction_blocks,conj_rot,1,1,11,dist_class1,143.0,-158.0
31,conjunction_blocks,conj_rot,1,1,12,targ_class2,210.0,-59.0
31,conjunction_blocks,conj_rot,1,1,13,dist_class1,287.0,-8.0
31,conjunction_blocks,conj_rot,1,1,14,dist_class2,388.0,61.0
31,conjunction_blocks,conj_rot,1,1,15,targ_class1,-170.0,-304.0
31,conjunction_blocks,conj_rot,1,1,16,targ_class1,-70.0,-224.0
31,conjunction_blocks,conj_rot,1,1,17,targ_class2,1.0,-130.0
31,conjunction_blocks,conj_rot,1,1,18,targ_class1,82.0,-68.0
31,conjunction_blocks,conj_rot,1,1,19,targ_class2,150.0,-0.0
31,conjunction_blocks,conj_rot,1,1,20,targ_class1,224.0,77.0
31,conjunction_blocks,conj_rot,1,1,21,targ_class1,315.0,151.0
31,conjunction_blocks,conj_rot,1,1,22,dist_class2,-235.0,-211.0
31,conjunction_blocks,conj_rot,1,1,23,dist_class2,-146.0,-159.0
31,conjunction_blocks,conj_rot,1,1,24,dist_class1,-88.0,-70.0
31,conjunction_blocks,conj_rot,1,1,25,targ_class2,-6.0,-1.0
31,conjunction_blocks,conj_rot,1,1,26,dist_class1,84.0,91.0
31,conjunction_blocks,conj_rot,1,1,27,dist_class2,145.0,143.0
31,conjunction_blocks,conj_rot,1,1,28,dist_class1,236.0,236.0
31,conjunction_blocks,conj_rot,1,1,29,targ_class2,-301.0,-158.0
31,conjunction_blocks,conj_rot,1,1,30,dist_class2,-233.0,-90.0
31,conjunction_blocks,conj_rot,1,1,31,targ_class1,-152.0,-8.0
31,conjunction_blocks,conj_rot,1,1,32,dist_class1,-65.0,64.0
31,conjunction_blocks,conj_rot,1,1,33,dist_class2,-8.0,156.0
31,conjunction_blocks,conj_rot,1,1,34,dist_class1,72.0,226.0
31,conjunction_blocks,conj_rot,1,1,35,dist_class2,151.0,304.0
31,conjunction_blocks,conj_rot,1,1,36,targ_class2,-375.0,-74.0
31,conjunction_blocks,conj_rot,1,1,37,targ_class2,-294.0,-3.0
31,conjunction_blocks,conj_rot,1,1,38,targ_class1,-230.0,74.0
31,conjunction_blocks,conj_rot,1,1,39,dist_class2,-140.0,156.0
31,conjunction_blocks,conj_rot,1,1,40,dist_class2,-78.0,240.0
31,conjunction_blocks,conj_rot,1,1,41,targ_class2,4.0,300.0
31,conjunction_blocks,conj_rot,1,1,42,targ_class2,80.0,375.0
31,conjunction_blocks,conj_rot,1,1,43,dist_class1,-460.0,5.0
31,conjunction_blocks,conj_rot,1,1,44,targ_class1,-379.0,63.0
31,conjunction_blocks,conj_rot,1,1,45,dist_class1,-313.0,163.0
31,conjunction_blocks,conj_rot,1,1,46,dist_class2,-222.0,224.0
31,conjunction_blocks,conj_rot,1,1,47,targ_class2,-159.0,316.0
31,conjunction_blocks,conj_rot,1,1,48,dist_class2,-75.0,390.0
31,conjunction_blocks,conj_rot,1,1,49,dist_class2,-1.0,464.0
31,conjunction_blocks,conj_rot,2,1,1,targ_class2,-15.0,-458.0
31,conjunction_blocks,conj_rot,2,1,2,dist_class1,73.0,-392.0
31,conjunction_blocks,conj_rot,2,1,3,dist_class1,148.0,-294.0
31,conjunction_blocks,conj_rot,2,1,4,dist_class2,243.0,-238.0
31,conjunction_blocks,conj_rot,2,1,5,dist_class2,322.0,-150.0
31,conjunction_blocks,conj_rot,2,1,6,targ_class1,379.0,-68.0
31,conjunction_blocks,conj_rot,2,1,7,targ_class2,441.0,-5.0
31,conjunction_blocks,conj_rot,2,1,8,targ_class2,-68.0,-390.0
31,conjunction_blocks,conj_rot,2,1,9,dist_class2,11.0,-315.0
31,conjunction_blocks,conj_rot,2,1,10,dist_class2,86.0,-233.0
31,conjunction_blocks,conj_rot,2,1,11,dist_class2,159.0,-148.0
31,conjunction_blocks,conj_rot,2,1,12,targ_class1,243.0,-86.0
31,conjunction_blocks,conj_rot,2,1,13,targ_class2,305.0,5.0
31,conjunction_blocks,conj_rot,2,1,14,dist_class1,378.0,77.0
31,conjunction_blocks,conj_rot,2,1,15,dist_class1,-176.0,-323.0
31,conjunction_blocks,conj_rot,2,1,16,dist_class2,-58.0,-227.0
31,conjunction_blocks,conj_rot,2,1,17,targ_class1,-3.0,-138.0
31,conjunction_blocks,conj_rot,2,1,18,dist_class2,85.0,-72.0
31,conjunction_blocks,conj_rot,2,1,19,dist_class1,139.0,-8.0
31,conjunction_blocks,conj_rot,2,1,20,dist_class2,237.0,79.0
31,conjunction_blocks,conj_rot,2,1,21,dist_class2,299.0,149.0
31,conjunction_blocks,conj_rot,2,1,22,dist_class2,-233.0,-210.0
31,conjunction_blocks,conj_rot,2,1,23,dist_class1,-141.0,-151.0
31,conjunction_blocks,conj_rot,2,1,24,dist_class1,-79.0,-74.0
31,conjunction_blocks,conj_rot,2,1,25,targ_class1,5.0,6.0
31,conjunction_blocks,conj_rot,2,1,26,dist_class2,78.0,65.0
31,conjunction_blocks,conj_rot,2,1,27,targ_class2,136.0,135.0
31,conjunction_blocks,conj_rot,2,1,28,dist_class1,210.0,240.0
31,conjunction_blocks,conj_rot,2,1,29,targ_class1,-297.0,-145.0
31,conjunction_blocks,conj_rot,2,1,30,targ_class1,-218.0,-70.0
31,conjunction_blocks,conj_rot,2,1,31,targ_class2,-147.0,-8.0
31,conjunction_blocks,conj_rot,2,1,32,dist_class2,-95.0,68.0
31,conjunction_blocks,conj_rot,2,1,33,targ_class1,7.0,169.0
31,conjunction_blocks,conj_rot,2,1,34,targ_class1,60.0,227.0
31,conjunction_blocks,conj_rot,2,1,35,targ_class2,159.0,304.0
31,conjunction_blocks,conj_rot,2,1,36,dist_class1,-384.0,-79.0
31,conjunction_blocks,conj_rot,2,1,37,dist_class1,-302.0,6.0
31,conjunction_blocks,conj_rot,2,1,38,dist_class1,-233.0,68.0
31,conjunction_blocks,conj_rot,2,1,39,dist_class2,-175.0,141.0
31,conjunction_blocks,conj_rot,2,1,40,targ_class1,-99.0,230.0
31,conjunction_blocks,conj_rot,2,1,41,targ_class2,-4.0,285.0
31,conjunction_blocks,conj_rot,2,1,42,targ_class2,72.0,390.0
31,conjunction_blocks,conj_rot,2,1,43,dist_class1,-467.0,-6.0
31,conjunction_blocks,conj_rot,2,1,44,targ_class2,-385.0,81.0
31,conjunction_blocks,conj_rot,2,1,45,targ_class1,-300.0,158.0
31,conjunction_blocks,conj_rot,2,1,46,targ_class1,-216.0,216.0
31,conjunction_blocks,conj_rot,2,1,47,targ_class2,-172.0,297.0
31,conjunction_blocks,conj_rot,2,1,48,targ_class2,-84.0,384.0
31,conjunction_blocks,conj_rot,2,1,49,targ_class1,-36.0,471.0
31,conjunction_blocks,conj_uni,2,1,1,targ_class1,1.0,-134.0
31,conjunction_blocks,conj_uni,2,1,2,targ_class2,98.0,-109.0
31,conjunction_blocks,conj_uni,2,1,3,dist_class1,260.0,3.0
31,conjunction_blocks,conj_uni,2,1,4,dist_class1,299.0,-36.0
31,conjunction_blocks,conj_uni,2,1,5,targ_class1,-310.0,-288.0
31,conjunction_blocks,conj_uni,2,1,6,targ_class1,-313.0,-70.0
31,conjunction_blocks,conj_uni,2,1,7,dist_class2,87.0,271.0
31,conjunction_blocks,conj_uni,2,1,8,targ_class2,-35.0,-331.0
31,conjunction_blocks,conj_uni,2,1,9,targ_class2,22.0,-239.0
31,conjunction_blocks,conj_uni,2,1,10,targ_class2,-35.0,-71.0
31,conjunction_blocks,conj_uni,2,1,11,targ_class1,60.0,-67.0
31,conjunction_blocks,conj_uni,2,1,12,dist_class1,65.0,-325.0
31,conjunction_blocks,conj_uni,2,1,13,targ_class1,103.0,138.0
31,conjunction_blocks,conj_uni,2,1,14,dist_class1,357.0,-263.0
31,conjunction_blocks,conj_uni,2,1,15,targ_class2,-290.0,219.0
31,conjunction_blocks,conj_uni,2,1,16,dist_class2,88.0,215.0
31,conjunction_blocks,conj_uni,2,1,17,targ_class2,-291.0,163.0
31,conjunction_blocks,conj_uni,2,1,18,dist_class1,100.0,-7.0
31,conjunction_blocks,conj_uni,2,1,19,targ_class2,127.0,42.0
31,conjunction_blocks,conj_uni,2,1,20,targ_class1,-128.0,142.0
31,conjunction_blocks,conj_uni,2,1,21,dist_class1,23.0,300.0
31,conjunction_blocks,conj_uni,2,1,22,targ_class1,177.0,-97.0
31,conjunction_blocks,conj_uni,2,1,23,dist_class2,-213.0,-211.0
31,conjunction_blocks,conj_uni,2,1,24,dist_class2,-348.0,22.0
31,conjunction_blocks,conj_uni,2,1,25,dist_class2,-296.0,43.0
31,conjunction_blocks,conj_uni,2,1,26,dist_class1,-119.0,197.0
31,conjunction_blocks,conj_uni,2,1,27,targ_class1,-153.0,257.0
31,conjunction_blocks,conj_uni,2,1,28,dist_class2,-60.0,64.0
31,conjunction_blocks,conj_uni,2,1,29,targ_class2,-238.0,127.0
31,conjunction_blocks,conj_uni,2,1,30,targ_class2,-147.0,-101.0
31,conjunction_blocks,conj_uni,2,1,31,dist_class2,-53.0,120.0
31,conjunction_blocks,conj_uni,2,1,32,dist_class1,-54.0,-124.0
31,conjunction_blocks,conj_uni,2,1,33,dist_class1,-127.0,85.0
31,conjunction_blocks,conj_uni,2,1,34,dist_class2,280.0,-197.0
31,conjunction_blocks,conj_uni,2,1,35,targ_class1,-123.0,-269.0
31,conjunction_blocks,conj_uni,2,1,36,dist_class2,-14.0,342.0
31,conjunction_blocks,conj_uni,2,1,37,targ_class2,6.0,-292.0
31,conjunction_blocks,conj_uni,2,1,38,targ_class1,324.0,234.0
31,conjunction_blocks,conj_uni,2,1,39,targ_class1,-321.0,-233.0
31,conjunction_blocks,conj_uni,2,1,40,dist_class1,17.0,-352.0
31,conjunction_blocks,conj_uni,2,1,41,dist_class2,55.0,-150.0
31,conjunction_blocks,conj_uni,2,1,42,targ_class1,210.0,-169.0
31,conjunction_blocks,conj_uni,2,1,43,dist_class1,-114.0,-210.0
31,conjunction_blocks,conj_uni,2,1,44,dist_class1,-65.0,-378.0
31,conjunction_blocks,conj_uni,2,1,45,dist_class2,-210.0,-267.0
31,conjunction_blocks,conj_uni,2,1,46,targ_class2,-68.0,173.0
31,conjunction_blocks,conj_uni,2,1,47,dist_class2,86.0,-273.0
31,conjunction_blocks,conj_uni,2,1,48,targ_class2,73.0,325.0
31,conjunction_blocks,conj_uni,2,1,49,dist_class2,-69.0,-244.0
31,conjunction_blocks,conj_uni,0,1,1,targ_class1,350.0,157.0
31,conjunction_blocks,conj_uni,0,1,2,targ_class1,-180.0,27.0
31,conjunction_blocks,conj_uni,0,1,3,targ_class2,265.0,88.0
31,conjunction_blocks,conj_uni,0,1,4,dist_class1,73.0,-91.0
31,conjunction_blocks,conj_uni,0,1,5,dist_class1,280.0,-339.0
31,conjunction_blocks,conj_uni,0,1,6,targ_class2,244.0,231.0
31,conjunction_blocks,conj_uni,0,1,7,dist_class2,-22.0,345.0
31,conjunction_blocks,conj_uni,0,1,8,dist_class1,151.0,105.0
31,conjunction_blocks,conj_uni,0,1,9,dist_class2,-254.0,18.0
31,conjunction_blocks,conj_uni,0,1,10,targ_class1,-171.0,247.0
31,conjunction_blocks,conj_uni,0,1,11,targ_class2,328.0,-124.0
31,conjunction_blocks,conj_uni,0,1,12,dist_class1,-208.0,-323.0
31,conjunction_blocks,conj_uni,0,1,13,dist_class2,104.0,-44.0
31,conjunction_blocks,conj_uni,0,1,14,targ_class2,232.0,-295.0
31,conjunction_blocks,conj_uni,0,1,15,dist_class1,103.0,12.0
31,conjunction_blocks,conj_uni,0,1,16,dist_class1,350.0,-351.0
31,conjunction_blocks,conj_uni,0,1,17,dist_class1,274.0,279.0
31,conjunction_blocks,conj_uni,0,1,18,targ_class1,-85.0,98.0
31,conjunction_blocks,conj_uni,0,1,19,targ_class2,22.0,290.0
31,conjunction_blocks,conj_uni,0,1,20,dist_class2,172.0,-18.0
31,conjunction_blocks,conj_uni,0,1,21,dist_class2,315.0,112.0
31,conjunction_blocks,conj_uni,0,1,22,targ_class2,-95.0,-95.0
31,conjunction_blocks,conj_uni,0,1,23,targ_class1,-213.0,-21.0
31,conjunction_blocks,conj_uni,0,1,24,targ_class2,234.0,-60.0
31,conjunction_blocks,conj_uni,0,1,25,dist_class2,264.0,-245.0
31,conjunction_blocks,conj_uni,0,1,26,dist_class2,5.0,237.0
31,conjunction_blocks,conj_uni,0,1,27,targ_class1,-145.0,182.0
31,conjunction_blocks,conj_uni,0,1,28,dist_class1,104.0,-137.0
31,conjunction_blocks,conj_uni,0,1,29,dist_class2,-99.0,-14.0
31,conjunction_blocks,conj_uni,0,1,30,targ_class1,-224.0,265.0
31,conjunction_blocks,conj_uni,0,1,31,targ_class1,226.0,-4.0
31,conjunction_blocks,conj_uni,0,1,32,dist_class1,-65.0,-184.0
31,conjunction_blocks,conj_uni,0,1,33,targ_class2,276.0,339.0
31,conjunction_blocks,conj_uni,0,1,34,targ_class1,-69.0,162.0
31,conjunction_blocks,conj_uni,0,1,35,dist_class2,322.0,-301.0
31,conjunction_blocks,conj_uni,0,1,36,dist_class1,148.0,-172.0
31,conjunction_blocks,conj_uni,0,1,37,targ_class1,-155.0,-24.0
31,conjunction_blocks,conj_uni,0,1,38,dist_class2,226.0,313.0
31,conjunction_blocks,conj_uni,0,1,39,dist_class2,-264.0,80.0
31,conjunction_blocks,conj_uni,0,1,40,targ_class2,194.0,-203.0
31,conjunction_blocks,conj_uni,0,1,41,targ_class2,-341.0,168.0
31,conjunction_blocks,conj_uni,0,1,42,targ_class2,-170.0,131.0
31,conjunction_blocks,conj_uni,0,1,43,targ_class2,345.0,38.0
31,conjunction_blocks,conj_uni,0,1,44,targ_class1,199.0,264.0
31,conjunction_blocks,conj_uni,0,1,45,dist_class2,-200.0,198.0
31,conjunction_blocks,conj_uni,0,1,46,dist_class1,96.0,-282.0
31,conjunction_blocks,conj_uni,0,1,47,dist_class2,300.0,-1.0
31,conjunction_blocks,conj_uni,0,1,48,targ_class1,58.0,207.0
31,conjunction_blocks,conj_uni,0,1,49,dist_class1,-346.0,-102.0
31,conjunction_blocks,conj_uni,0,2,1,targ_class2,-212.0,359.0
31,conjunction_blocks,conj_uni,0,2,2,dist_class2,-182.0,38.0
31,conjunction_blocks,conj_uni,0,2,3,targ_class1,270.0,73.0
31,conjunction_blocks,conj_uni,0,2,4,dist_class2,-324.0,-206.0
31,conjunction_blocks,conj_uni,0,2,5,dist_class2,372.0,26.0
31,conjunction_blocks,conj_uni,0,2,6,targ_class2,137.0,-137.0
31,conjunction_blocks,conj_uni,0,2,7,dist_class1,284.0,-129.0
31,conjunction_blocks,conj_uni,0,2,8,dist_class1,30.0,-271.0
31,conjunction_blocks,conj_uni,0,2,9,targ_class1,-354.0,305.0
31,conjunction_blocks,conj_uni,0,2,10,targ_class1,310.0,115.0
31,conjunction_blocks,conj_uni,0,2,11,dist_class1,-62.0,-93.0
31,conjunction_blocks,conj_uni,0,2,12,targ_class2,216.0,113.0
31,conjunction_blocks,conj_uni,0,2,13,dist_class1,-348.0,237.0
31,conjunction_blocks,conj_uni,0,2,14,targ_class1,-271.0,276.0
31,conjunction_blocks,conj_uni,0,2,15,dist_class2,346.0,300.0
31,conjunction_blocks,conj_uni,0,2,16,targ_class1,-95.0,-252.0
31,conjunction_blocks,conj_uni,0,2,17,targ_class1,-125.0,326.0
31,conjunction_blocks,conj_uni,0,2,18,dist_class1,-290.0,-311.0
31,conjunction_blocks,conj_uni,0,2,19,targ_class2,161.0,358.0
31,conjunction_blocks,conj_uni,0,2,20,dist_class2,-88.0,14.0
31,conjunction_blocks,conj_uni,0,2,21,targ_class2,111.0,246.0
31,conjunction_blocks,conj_uni,0,2,22,dist_class1,-231.0,-85.0
31,conjunction_blocks,conj_uni,0,2,23,dist_class1,-142.0,-4.0
31,conjunction_blocks,conj_uni,0,2,24,targ_class1,0.0,14.0
31,conjunction_blocks,conj_uni,0,2,25,dist_class2,-297.0,-256.0
31,conjunction_blocks,conj_uni,0,2,26,dist_class2,-199.0,-222.0
31,conjunction_blocks,conj_uni,0,2,27,dist_class2,-119.0,-92.0
31,conjunction_blocks,conj_uni,0,2,28,targ_class1,314.0,346.0
31,conjunction_blocks,conj_uni,0,2,29,targ_class1,280.0,10.0
31,conjunction_blocks,conj_uni,0,2,30,dist_class1,-129.0,-206.0
31,conjunction_blocks,conj_uni,0,2,31,dist_class2,-206.0,194.0
31,conjunction_blocks,conj_uni,0,2,32,targ_class1,175.0,-63.0
31,conjunction_blocks,conj_uni,0,2,33,targ_class2,-354.0,-150.0
31,conjunction_blocks,conj_uni,0,2,34,dist_class2,29.0,190.0
31,conjunction_blocks,conj_uni,0,2,35,dist_class2,-61.0,-37.0
31,conjunction_blocks,conj_uni,0,2,36,targ_class1,18.0,304.0
31,conjunction_blocks,conj_uni,0,2,37,targ_class1,-133.0,154.0
31,conjunction_blocks,conj_uni,0,2,38,targ_class2,174.0,-259.0
31,conjunction_blocks,conj_uni,0,2,39,targ_class2,52.0,-98.0
31,conjunction_blocks,conj_uni,0,2,40,targ_class2,84.0,187.0
31,conjunction_blocks,conj_uni,0,2,41,targ_class2,-21.0,260.0
31,conjunction_blocks,conj_uni,0,2,42,targ_class2,-244.0,-139.0
31,conjunction_blocks,conj_uni,0,2,43,dist_class2,105.0,356.0
31,conjunction_blocks,conj_uni,0,2,44,dist_class1,-72.0,347.0
31,conjunction_blocks,conj_uni,0,2,45,dist_class1,239.0,-319.0
31,conjunction_blocks,conj_uni,0,2,46,dist_class2,102.0,134.0
31,conjunction_blocks,conj_uni,0,2,47,dist_class1,321.0,50.0
31,conjunction_blocks,conj_uni,0,2,48,targ_class2,51.0,-177.0
31,conjunction_blocks,conj_uni,0,2,49,dist_class1,-298.0,-157.0
31,conjunction_blocks,conj_uni,0,3,1,dist_class1,309.0,-320.0
31,conjunction_blocks,conj_uni,0,3,2,targ_class1,-92.0,-353.0
31,conjunction_blocks,conj_uni,0,3,3,dist_class2,173.0,-280.0
31,conjunction_blocks,conj_uni,0,3,4,dist_class2,174.0,-177.0
31,conjunction_blocks,conj_uni,0,3,5,dist_class1,35.0,154.0
31,conjunction_blocks,conj_uni,0,3,6,dist_class1,-92.0,-146.0
31,conjunction_blocks,conj_uni,0,3,7,targ_class2,50.0,-268.0
31,conjunction_blocks,conj_uni,0,3,8,targ_class1,340.0,-207.0
31,conjunction_blocks,conj_uni,0,3,9,targ_class1,-260.0,-44.0
31,conjunction_blocks,conj_uni,0,3,10,dist_class2,156.0,23.0
31,conjunction_blocks,conj_uni,0,3,11,dist_class1,283.0,-131.0
31,conjunction_blocks,conj_uni,0,3,12,targ_class1,329.0,-75.0
31,conjunction_blocks,conj_uni,0,3,13,targ_class1,310.0,115.0
31,conjunction_blocks,conj_uni,0,3,14,dist_class2,-77.0,176.0
31,conjunction_blocks,conj_uni,0,3,15,dist_class2,-163.0,-92.0
31,conjunction_blocks,conj_uni,0,3,16,targ_class1,33.0,-346.0
31,conjunction_blocks,conj_uni,0,3,17,targ_class1,118.0,-165.0
31,conjunction_blocks,conj_uni,0,3,18,targ_class2,-68.0,259.0
31,conjunction_blocks,conj_uni,0,3,19,dist_class2,89.0,-349.0
31,conjunction_blocks,conj_uni,0,3,20,dist_class2,233.0,-275.0
31,conjunction_blocks,conj_uni,0,3,21,dist_class1,-285.0,219.0
31,conjunction_blocks,conj_uni,0,3,22,dist_class2,201.0,-13.0
31,conjunction_blocks,conj_uni,0,3,23,targ_class1,-366.0,315.0
31,conjunction_blocks,conj_uni,0,3,24,targ_class2,-278.0,-192.0
31,conjunction_blocks,conj_uni,0,3,25,dist_class1,121.0,-21.0
31,conjunction_blocks,conj_uni,0,3,26,targ_class2,-217.0,-81.0
31,conjunction_blocks,conj_uni,0,3,27,dist_class2,-89.0,-45.0
31,conjunction_blocks,conj_uni,0,3,28,targ_class2,-215.0,-218.0
31,conjunction_blocks,conj_uni,0,3,29,targ_class2,196.0,-69.0
31,conjunction_blocks,conj_uni,0,3,30,targ_class1,191.0,116.0
31,conjunction_blocks,conj_uni,0,3,31,targ_class1,-66.0,13.0
31,conjunction_blocks,conj_uni,0,3,32,dist_class1,-176.0,-38.0
31,conjunction_blocks,conj_uni,0,3,33,dist_class1,-146.0,9.0
31,conjunction_blocks,conj_uni,0,3,34,targ_class2,-94.0,-248.0
31,conjunction_blocks,conj_uni,0,3,35,targ_class2,-292.0,-91.0
31,conjunction_blocks,conj_uni,0,3,36,dist_class1,-32.0,-49.0
31,conjunction_blocks,conj_uni,0,3,37,dist_class1,-116.0,-196.0
31,conjunction_blocks,conj_uni,0,3,38,targ_class2,-315.0,338.0
31,conjunction_blocks,conj_uni,0,3,39,targ_class1,-112.0,-301.0
31,conjunction_blocks,conj_uni,0,3,40,dist_class1,-345.0,-108.0
31,conjunction_blocks,conj_uni,0,3,41,targ_class2,-248.0,-279.0
31,conjunction_blocks,conj_uni,0,3,42,dist_class2,-343.0,262.0
31,conjunction_blocks,conj_uni,0,3,43,targ_class2,200.0,-229.0
31,conjunction_blocks,conj_uni,0,3,44,dist_class2,-360.0,84.0
31,conjunction_blocks,conj_uni,0,3,45,targ_class1,-347.0,-295.0
31,conjunction_blocks,conj_uni,0,3,46,dist_class2,-293.0,-312.0
31,conjunction_blocks,conj_uni,0,3,47,dist_class2,-156.0,234.0
31,conjunction_blocks,conj_uni,0,3,48,targ_class2,-248.0,-127.0
31,conjunction_blocks,conj_uni,0,3,49,dist_class1,-184.0,71.0
31,conjunction_blocks,conj_uni,3,1,1,targ_class1,-103.0,-278.0
31,conjunction_blocks,conj_uni,3,1,2,targ_class1,-8.0,-335.0
31,conjunction_blocks,conj_uni,3,1,3,dist_class2,-310.0,352.0
31,conjunction_blocks,conj_uni,3,1,4,dist_class1,234.0,-169.0
31,conjunction_blocks,conj_uni,3,1,5,dist_class1,-268.0,73.0
31,conjunction_blocks,conj_uni,3,1,6,targ_class1,295.0,86.0
31,conjunction_blocks,conj_uni,3,1,7,targ_class2,-259.0,-208.0
31,conjunction_blocks,conj_uni,3,1,8,dist_class2,137.0,-13.0
31,conjunction_blocks,conj_uni,3,1,9,targ_class1,300.0,301.0
31,conjunction_blocks,conj_uni,3,1,10,dist_class1,-164.0,-315.0
31,conjunction_blocks,conj_uni,3,1,11,targ_class1,-330.0,-124.0
31,conjunction_blocks,conj_uni,3,1,12,targ_class2,339.0,-203.0
31,conjunction_blocks,conj_uni,3,1,13,dist_class1,-242.0,123.0
31,conjunction_blocks,conj_uni,3,1,14,dist_class2,349.0,267.0
31,conjunction_blocks,conj_uni,3,1,15,targ_class2,228.0,270.0
31,conjunction_blocks,conj_uni,3,1,16,targ_class2,-60.0,28.0
31,conjunction_blocks,conj_uni,3,1,17,dist_class2,142.0,-215.0
31,conjunction_blocks,conj_uni,3,1,18,dist_class2,-39.0,-238.0
31,conjunction_blocks,conj_uni,3,1,19,dist_class2,184.0,-251.0
31,conjunction_blocks,conj_uni,3,1,20,dist_class2,281.0,-336.0
31,conjunction_blocks,conj_uni,3,1,21,dist_class1,242.0,-295.0
31,conjunction_blocks,conj_uni,3,1,22,targ_class2,-6.0,46.0
31,conjunction_blocks,conj_uni,3,1,23,targ_class2,-127.0,-38.0
31,conjunction_blocks,conj_uni,3,1,24,targ_class1,284.0,-194.0
31,conjunction_blocks,conj_uni,3,1,25,dist_class2,187.0,-308.0
31,conjunction_blocks,conj_uni,3,1,26,targ_class2,75.0,148.0
31,conjunction_blocks,conj_uni,3,1,27,dist_class1,288.0,197.0
31,conjunction_blocks,conj_uni,3,1,28,dist_class1,220.0,-97.0
31,conjunction_blocks,conj_uni,3,1,29,targ_class1,291.0,141.0
31,conjunction_blocks,conj_uni,3,1,30,targ_class2,-345.0,-296.0
31,conjunction_blocks,conj_uni,3,1,31,dist_class2,182.0,-55.0
31,conjunction_blocks,conj_uni,3,1,32,dist_class2,135.0,-88.0
31,conjunction_blocks,conj_uni,3,1,33,targ_class2,9.0,357.0
31,conjunction_blocks,conj_uni,3,1,34,targ_class1,-271.0,-266.0
31,conjunction_blocks,conj_uni,3,1,35,targ_class1,1.0,-279.0
31,conjunction_blocks,conj_uni,3,1,36,dist_class2,208.0,61.0
31,conjunction_blocks,conj_uni,3,1,37,targ_class1,-243.0,-348.0
31,conjunction_blocks,conj_uni,3,1,38,dist_class2,343.0,-76.0
31,conjunction_blocks,conj_uni,3,1,39,dist_class1,-90.0,-160.0
31,conjunction_blocks,conj_uni,3,1,40,targ_class1,79.0,-191.0
31,conjunction_blocks,conj_uni,3,1,41,dist_class1,-105.0,-91.0
31,conjunction_blocks,conj_uni,3,1,42,dist_class1,-315.0,-216.0
31,conjunction_blocks,conj_uni,3,1,43,targ_class2,351.0,323.0
31,conjunction_blocks,conj_uni,3,1,44,targ_class2,248.0,322.0
31,conjunction_blocks,conj_uni,3,1,45,dist_class1,-70.0,-32.0
31,conjunction_blocks,conj_uni,3,1,46,dist_class2,-38.0,296.0
31,conjunction_blocks,conj_uni,3,1,47,dist_class1,-172.0,15.0
31,conjunction_blocks,conj_uni,3,1,48,targ_class1,-277.0,-69.0
31,conjunction_blocks,conj_uni,3,1,49,targ_class2,-264.0,-8.0
31,conjunction_blocks,conj_uni,3,2,1,dist_class2,231.0,5.0
31,conjunction_blocks,conj_uni,3,2,2,targ_class2,-272.0,340.0
31,conjunction_blocks,conj_uni,3,2,3,targ_class1,305.0,218.0
31,conjunction_blocks,conj_uni,3,2,4,targ_class2,-3.0,220.0
31,conjunction_blocks,conj_uni,3,2,5,targ_class1,279.0,304.0
31,conjunction_blocks,conj_uni,3,2,6,dist_class1,-338.0,109.0
31,conjunction_blocks,conj_uni,3,2,7,dist_class1,-157.0,-45.0
31,conjunction_blocks,conj_uni,3,2,8,targ_class1,-328.0,164.0
31,conjunction_blocks,conj_uni,3,2,9,dist_class2,-73.0,-188.0
31,conjunction_blocks,conj_uni,3,2,10,targ_class2,-105.0,-96.0
31,conjunction_blocks,conj_uni,3,2,11,dist_class2,-227.0,-79.0
31,conjunction_blocks,conj_uni,3,2,12,dist_class2,42.0,-171.0
31,conjunction_blocks,conj_uni,3,2,13,dist_class1,109.0,46.0
31,conjunction_blocks,conj_uni,3,2,14,dist_class1,230.0,275.0
31,conjunction_blocks,conj_uni,3,2,15,targ_class2,-78.0,115.0
31,conjunction_blocks,conj_uni,3,2,16,targ_class1,-322.0,25.0
31,conjunction_blocks,conj_uni,3,2,17,targ_class1,-209.0,-26.0
31,conjunction_blocks,conj_uni,3,2,18,targ_class1,173.0,2.0
31,conjunction_blocks,conj_uni,3,2,19,targ_class2,234.0,-100.0
31,conjunction_blocks,conj_uni,3,2,20,dist_class1,286.0,-308.0
31,conjunction_blocks,conj_uni,3,2,21,targ_class2,-272.0,-319.0
31,conjunction_blocks,conj_uni,3,2,22,targ_class1,21.0,-226.0
31,conjunction_blocks,conj_uni,3,2,23,targ_class2,-89.0,-247.0
31,conjunction_blocks,conj_uni,3,2,24,dist_class2,104.0,-316.0
31,conjunction_blocks,conj_uni,3,2,25,targ_class2,-245.0,16.0
31,conjunction_blocks,conj_uni,3,2,26,dist_class2,-119.0,-300.0
31,conjunction_blocks,conj_uni,3,2,27,dist_class1,-271.0,117.0
31,conjunction_blocks,conj_uni,3,2,28,dist_class1,-146.0,-247.0
31,conjunction_blocks,conj_uni,3,2,29,dist_class1,100.0,-61.0
31,conjunction_blocks,conj_uni,3,2,30,dist_class2,-236.0,257.0
31,conjunction_blocks,conj_uni,3,2,31,targ_class1,56.0,290.0
31,conjunction_blocks,conj_uni,3,2,32,dist_class2,-117.0,-7.0
31,conjunction_blocks,conj_uni,3,2,33,targ_class1,158.0,-343.0
31,conjunction_blocks,conj_uni,3,2,34,dist_class1,-358.0,221.0
31,conjunction_blocks,conj_uni,3,2,35,targ_class1,319.0,-56.0
31,conjunction_blocks,conj_uni,3,2,36,dist_class1,287.0,-9.0
31,conjunction_blocks,conj_uni,3,2,37,dist_class2,126.0,177.0
31,conjunction_blocks,conj_uni,3,2,38,dist_class2,-28.0,-255.0
31,conjunction_blocks,conj_uni,3,2,39,dist_class2,-278.0,62.0
31,conjunction_blocks,conj_uni,3,2,40,targ_class2,-182.0,291.0
31,conjunction_blocks,conj_uni,3,2,41,targ_class2,360.0,207.0
31,conjunction_blocks,conj_uni,3,2,42,targ_class2,113.0,-214.0
31,conjunction_blocks,conj_uni,3,2,43,dist_class2,46.0,-41.0
31,conjunction_blocks,conj_uni,3,2,44,targ_class2,-365.0,60.0
31,conjunction_blocks,conj_uni,3,2,45,dist_class1,3.0,307.0
31,conjunction_blocks,conj_uni,3,2,46,targ_class1,-161.0,-101.0
31,conjunction_blocks,conj_uni,3,2,47,dist_class2,53.0,-340.0
31,conjunction_blocks,conj_uni,3,2,48,targ_class1,-14.0,-137.0
31,conjunction_blocks,conj_uni,3,2,49,dist_class1,-79.0,-47.0
31,conjunction_blocks,conj_grid,2,1,1,dist_class1,-312.0,-322.0
31,conjunction_blocks,conj_grid,2,1,2,dist_class1,-201.0,-319.0
31,conjunction_blocks,conj_grid,2,1,3,dist_class2,-91.0,-336.0
31,conjunction_blocks,conj_grid,2,1,4,targ_class1,2.0,-312.0
31,conjunction_blocks,conj_grid,2,1,5,dist_class1,118.0,-315.0
31,conjunction_blocks,conj_grid,2,1,6,dist_class2,210.0,-317.0
31,conjunction_blocks,conj_grid,2,1,7,targ_class1,321.0,-321.0
31,conjunction_blocks,conj_grid,2,1,8,targ_class1,-321.0,-213.0
31,conjunction_blocks,conj_grid,2,1,9,dist_class1,-212.0,-209.0
31,conjunction_blocks,conj_grid,2,1,10,targ_class1,-114.0,-221.0
31,conjunction_blocks,conj_grid,2,1,11,dist_class2,1.0,-226.0
31,conjunction_blocks,conj_grid,2,1,12,targ_class1,112.0,-212.0
31,conjunction_blocks,conj_grid,2,1,13,targ_class1,196.0,-212.0
31,conjunction_blocks,conj_grid,2,1,14,targ_class2,311.0,-224.0
31,conjunction_blocks,conj_grid,2,1,15,dist_class2,-336.0,-106.0
31,conjunction_blocks,conj_grid,2,1,16,dist_class1,-222.0,-94.0
31,conjunction_blocks,conj_grid,2,1,17,dist_class1,-112.0,-122.0
31,conjunction_blocks,conj_grid,2,1,18,targ_class2,-4.0,-120.0
31,conjunction_blocks,conj_grid,2,1,19,dist_class2,108.0,-115.0
31,conjunction_blocks,conj_grid,2,1,20,dist_class2,219.0,-121.0
31,conjunction_blocks,conj_grid,2,1,21,dist_class2,316.0,-108.0
31,conjunction_blocks,conj_grid,2,1,22,targ_class1,-336.0,25.0
31,conjunction_blocks,conj_grid,2,1,23,targ_class1,-220.0,7.0
31,conjunction_blocks,conj_grid,2,1,24,dist_class1,-120.0,-1.0
31,conjunction_blocks,conj_grid,2,1,25,targ_class2,4.0,-1.0
31,conjunction_blocks,conj_grid,2,1,26,targ_class2,121.0,-12.0
31,conjunction_blocks,conj_grid,2,1,27,dist_class1,213.0,-26.0
31,conjunction_blocks,conj_grid,2,1,28,targ_class1,316.0,4.0
31,conjunction_blocks,conj_grid,2,1,29,dist_class2,-326.0,98.0
31,conjunction_blocks,conj_grid,2,1,30,targ_class2,-217.0,111.0
31,conjunction_blocks,conj_grid,2,1,31,dist_class2,-107.0,117.0
31,conjunction_blocks,conj_grid,2,1,32,targ_class2,-27.0,116.0
31,conjunction_blocks,conj_grid,2,1,33,dist_class2,100.0,110.0
31,conjunction_blocks,conj_grid,2,1,34,dist_class1,210.0,100.0
31,conjunction_blocks,conj_grid,2,1,35,targ_class1,327.0,90.0
31,conjunction_blocks,conj_grid,2,1,36,targ_class1,-334.0,212.0
31,conjunction_blocks,conj_grid,2,1,37,dist_class1,-209.0,239.0
31,conjunction_blocks,conj_grid,2,1,38,targ_class2,-110.0,199.0
31,conjunction_blocks,conj_grid,2,1,39,dist_class2,0.0,225.0
31,conjunction_blocks,conj_grid,2,1,40,targ_class2,108.0,225.0
31,conjunction_blocks,conj_grid,2,1,41,dist_class2,214.0,215.0
31,conjunction_blocks,conj_grid,2,1,42,dist_class1,335.0,217.0
31,conjunction_blocks,conj_grid,2,1,43,dist_class1,-330.0,313.0
31,conjunction_blocks,conj_grid,2,1,44,dist_class2,-221.0,323.0
31,conjunction_blocks,conj_grid,2,1,45,targ_class2,-111.0,340.0
31,conjunction_blocks,conj_grid,2,1,46,targ_class2,-15.0,330.0
31,conjunction_blocks,conj_grid,2,1,47,targ_class2,113.0,318.0
31,conjunction_blocks,conj_grid,2,1,48,targ_class2,230.0,324.0
31,conjunction_blocks,conj_grid,2,1,49,targ_class1,337.0,317.0
31,conjunction_blocks,conj_rot,0,1,1,targ_class2,9.0,-447.0
31,conjunction_blocks,conj_rot,0,1,2,dist_class2,72.0,-379.0
31,conjunction_blocks,conj_rot,0,1,3,dist_class1,153.0,-319.0
31,conjunction_blocks,conj_rot,0,1,4,targ_class1,230.0,-226.0
31,conjunction_blocks,conj_rot,0,1,5,dist_class1,314.0,-146.0
31,conjunction_blocks,conj_rot,0,1,6,targ_class2,379.0,-85.0
31,conjunction_blocks,conj_rot,0,1,7,dist_class1,461.0,16.0
31,conjunction_blocks,conj_rot,0,1,8,targ_class2,-95.0,-381.0
31,conjunction_blocks,conj_rot,0,1,9,targ_class2,3.0,-309.0
31,conjunction_blocks,conj_rot,0,1,10,dist_class1,77.0,-218.0
31,conjunction_blocks,conj_rot,0,1,11,dist_class2,164.0,-153.0
31,conjunction_blocks,conj_rot,0,1,12,dist_class2,227.0,-74.0
31,conjunction_blocks,conj_rot,0,1,13,targ_class2,303.0,2.0
31,conjunction_blocks,conj_rot,0,1,14,dist_class2,401.0,85.0
31,conjunction_blocks,conj_rot,0,1,15,dist_class1,-161.0,-298.0
31,conjunction_blocks,conj_rot,0,1,16,dist_class2,-81.0,-219.0
31,conjunction_blocks,conj_rot,0,1,17,targ_class2,-11.0,-154.0
31,conjunction_blocks,conj_rot,0,1,18,targ_class1,57.0,-81.0
31,conjunction_blocks,conj_rot,0,1,19,targ_class1,175.0,13.0
31,conjunction_blocks,conj_rot,0,1,20,targ_class1,234.0,89.0
31,conjunction_blocks,conj_rot,0,1,21,dist_class2,312.0,153.0
31,conjunction_blocks,conj_rot,0,1,22,dist_class2,-229.0,-230.0
31,conjunction_blocks,conj_rot,0,1,23,dist_class1,-136.0,-135.0
31,conjunction_blocks,conj_rot,0,1,24,dist_class1,-75.0,-64.0
31,conjunction_blocks,conj_rot,0,1,25,dist_class1,-7.0,-7.0
31,conjunction_blocks,conj_rot,0,1,26,dist_class2,75.0,74.0
31,conjunction_blocks,conj_rot,0,1,27,targ_class2,142.0,148.0
31,conjunction_blocks,conj_rot,0,1,28,dist_class1,229.0,242.0
31,conjunction_blocks,conj_rot,0,1,29,dist_class2,-302.0,-165.0
31,conjunction_blocks,conj_rot,0,1,30,targ_class2,-239.0,-70.0
31,conjunction_blocks,conj_rot,0,1,31,dist_class1,-154.0,-8.0
31,conjunction_blocks,conj_rot,0,1,32,targ_class2,-77.0,63.0
31,conjunction_blocks,conj_rot,0,1,33,targ_class2,17.0,152.0
31,conjunction_blocks,conj_rot,0,1,34,targ_class1,78.0,231.0
31,conjunction_blocks,conj_rot,0,1,35,dist_class2,138.0,312.0
31,conjunction_blocks,conj_rot,0,1,36,targ_class1,-373.0,-70.0
31,conjunction_blocks,conj_rot,0,1,37,dist_class1,-308.0,-3.0
31,conjunction_blocks,conj_rot,0,1,38,targ_class1,-239.0,86.0
31,conjunction_blocks,conj_rot,0,1,39,dist_class2,-163.0,164.0
31,conjunction_blocks,conj_rot,0,1,40,targ_class1,-84.0,250.0
31,conjunction_blocks,conj_rot,0,1,41,targ_class1,15.0,310.0
31,conjunction_blocks,conj_rot,0,1,42,targ_class1,60.0,383.0
31,conjunction_blocks,conj_rot,0,1,43,dist_class2,-458.0,-15.0
31,conjunction_blocks,conj_rot,0,1,44,dist_class2,-393.0,69.0
31,conjunction_blocks,conj_rot,0,1,45,targ_class2,-305.0,147.0
31,conjunction_blocks,conj_rot,0,1,46,targ_class1,-220.0,243.0
31,conjunction_blocks,conj_rot,0,1,47,targ_class1,-153.0,329.0
31,conjunction_blocks,conj_rot,0,1,48,dist_class1,-49.0,382.0
31,conjunction_blocks,conj_rot,0,1,49,targ_class2,8.0,444.0
31,conjunction_blocks,conj_rot,0,2,1,dist_class2,-18.0,-438.0
31,conjunction_blocks,conj_rot,0,2,2,targ_class1,79.0,-374.0
31,conjunction_blocks,conj_rot,0,2,3,dist_class2,156.0,-298.0
31,conjunction_blocks,conj_rot,0,2,4,dist_class1,227.0,-231.0
31,conjunction_blocks,conj_rot,0,2,5,dist_class1,312.0,-161.0
31,conjunction_blocks,conj_rot,0,2,6,dist_class2,398.0,-96.0
31,conjunction_blocks,conj_rot,0,2,7,targ_class2,466.0,11.0
31,conjunction_blocks,conj_rot,0,2,8,targ_class1,-86.0,-392.0
31,conjunction_blocks,conj_rot,0,2,9,dist_class1,-21.0,-309.0
31,conjunction_blocks,conj_rot,0,2,10,targ_class1,73.0,-233.0
31,conjunction_blocks,conj_rot,0,2,11,targ_class2,156.0,-158.0
31,conjunction_blocks,conj_rot,0,2,12,dist_class2,228.0,-80.0
31,conjunction_blocks,conj_rot,0,2,13,dist_class1,303.0,-3.0
31,conjunction_blocks,conj_rot,0,2,14,dist_class1,383.0,82.0
31,conjunction_blocks,conj_rot,0,2,15,dist_class2,-149.0,-295.0
31,conjunction_blocks,conj_rot,0,2,16,targ_class1,-69.0,-225.0
31,conjunction_blocks,conj_rot,0,2,17,targ_class1,-1.0,-123.0
31,conjunction_blocks,conj_rot,0,2,18,targ_class1,70.0,-88.0
31,conjunction_blocks,conj_rot,0,2,19,targ_class2,162.0,20.0
31,conjunction_blocks,conj_rot,0,2,20,targ_class1,242.0,72.0
31,conjunction_blocks,conj_rot,0,2,21,dist_class2,304.0,180.0
31,conjunction_blocks,conj_rot,0,2,22,targ_class1,-230.0,-238.0
31,conjunction_blocks,conj_rot,0,2,23,targ_class2,-148.0,-141.0
31,conjunction_blocks,conj_rot,0,2,24,targ_class2,-66.0,-92.0
31,conjunction_blocks,conj_rot,0,2,25,targ_class1,-2.0,-15.0
31,conjunction_blocks,conj_rot,0,2,26,targ_class1,70.0,71.0
31,conjunction_blocks,conj_rot,0,2,27,targ_class2,167.0,164.0
31,conjunction_blocks,conj_rot,0,2,28,targ_class2,234.0,232.0
31,conjunction_blocks,conj_rot,0,2,29,dist_class2,-305.0,-151.0
31,conjunction_blocks,conj_rot,0,2,30,dist_class1,-227.0,-70.0
31,conjunction_blocks,conj_rot,0,2,31,dist_class1,-161.0,-5.0
31,conjunction_blocks,conj_rot,0,2,32,targ_class2,-75.0,76.0
31,conjunction_blocks,conj_rot,0,2,33,dist_class1,9.0,165.0
31,conjunction_blocks,conj_rot,0,2,34,targ_class2,69.0,235.0
31,conjunction_blocks,conj_rot,0,2,35,dist_class2,161.0,308.0
31,conjunction_blocks,conj_rot,0,2,36,dist_class2,-377.0,-78.0
31,conjunction_blocks,conj_rot,0,2,37,dist_class2,-328.0,-10.0
31,conjunction_blocks,conj_rot,0,2,38,dist_class1,-233.0,71.0
31,conjunction_blocks,conj_rot,0,2,39,dist_class1,-164.0,154.0
31,conjunction_blocks,conj_rot,0,2,40,dist_class2,-73.0,226.0
31,conjunction_blocks,conj_rot,0,2,41,dist_class2,-7.0,300.0
31,conjunction_blocks,conj_rot,0,2,42,targ_class2,83.0,379.0
31,conjunction_blocks,conj_rot,0,2,43,dist_class2,-450.0,-11.0
31,conjunction_blocks,conj_rot,0,2,44,targ_class1,-402.0,86.0
31,conjunction_blocks,conj_rot,0,2,45,targ_class2,-308.0,171.0
31,conjunction_blocks,conj_rot,0,2,46,dist_class1,-231.0,233.0
31,conjunction_blocks,conj_rot,0,2,47,dist_class1,-161.0,305.0
31,conjunction_blocks,conj_rot,0,2,48,targ_class2,-103.0,368.0
31,conjunction_blocks,conj_rot,0,2,49,targ_class1,-12.0,464.0
31,conjunction_blocks,conj_uni,1,1,1,dist_class1,-206.0,261.0
31,conjunction_blocks,conj_uni,1,1,2,targ_class2,76.0,-311.0
31,conjunction_blocks,conj_uni,1,1,3,dist_class2,-62.0,185.0
31,conjunction_blocks,conj_uni,1,1,4,targ_class2,133.0,-195.0
31,conjunction_blocks,conj_uni,1,1,5,dist_class1,-7.0,-224.0
31,conjunction_blocks,conj_uni,1,1,6,dist_class1,171.0,336.0
31,conjunction_blocks,conj_uni,1,1,7,targ_class2,-197.0,146.0
31,conjunction_blocks,conj_uni,1,1,8,targ_class1,83.0,-69.0
31,conjunction_blocks,conj_uni,1,1,9,dist_class2,5.0,-79.0
31,conjunction_blocks,conj_uni,1,1,10,dist_class2,108.0,194.0
31,conjunction_blocks,conj_uni,1,1,11,dist_class2,-247.0,172.0
31,conjunction_blocks,conj_uni,1,1,12,targ_class1,258.0,225.0
31,conjunction_blocks,conj_uni,1,1,13,dist_class1,-248.0,-53.0
31,conjunction_blocks,conj_uni,1,1,14,dist_class1,-365.0,244.0
31,conjunction_blocks,conj_uni,1,1,15,dist_class2,-23.0,-306.0
31,conjunction_blocks,conj_uni,1,1,16,dist_class1,81.0,-214.0
31,conjunction_blocks,conj_uni,1,1,17,dist_class1,137.0,-328.0
31,conjunction_blocks,conj_uni,1,1,18,dist_class1,316.0,349.0
31,conjunction_blocks,conj_uni,1,1,19,targ_class1,-48.0,81.0
31,conjunction_blocks,conj_uni,1,1,20,dist_class2,-12.0,5.0
31,conjunction_blocks,conj_uni,1,1,21,targ_class1,-254.0,2.0
31,conjunction_blocks,conj_uni,1,1,22,targ_class2,103.0,305.0
31,conjunction_blocks,conj_uni,1,1,23,targ_class1,359.0,55.0
31,conjunction_blocks,conj_uni,1,1,24,dist_class1,239.0,35.0
31,conjunction_blocks,conj_uni,1,1,25,targ_class2,-7.0,-139.0
31,conjunction_blocks,conj_uni,1,1,26,dist_class1,366.0,206.0
31,conjunction_blocks,conj_uni,1,1,27,targ_class1,309.0,-143.0
31,conjunction_blocks,conj_uni,1,1,28,dist_class2,-95.0,-35.0
31,conjunction_blocks,conj_uni,1,1,29,targ_class1,-107.0,133.0
31,conjunction_blocks,conj_uni,1,1,30,dist_class2,333.0,104.0
31,conjunction_blocks,conj_uni,1,1,31,dist_class1,-297.0,-111.0
31,conjunction_blocks,conj_uni,1,1,32,targ_class2,234.0,293.0
31,conjunction_blocks,conj_uni,1,1,33,targ_class1,311.0,208.0
31,conjunction_blocks,conj_uni,1,1,34,targ_class2,-332.0,198.0
31,conjunction_blocks,conj_uni,1,1,35,targ_class2,-58.0,-349.0
31,conjunction_blocks,conj_uni,1,1,36,targ_class2,-79.0,34.0
31,conjunction_blocks,conj_uni,1,1,37,dist_class2,43.0,41.0
31,conjunction_blocks,conj_uni,1,1,38,targ_class2,51.0,-114.0
31,conjunction_blocks,conj_uni,1,1,39,targ_class1,51.0,-21.0
31,conjunction_blocks,conj_uni,1,1,40,targ_class1,-28.0,133.0
31,conjunction_blocks,conj_uni,1,1,41,dist_class2,165.0,-148.0
31,conjunction_blocks,conj_uni,1,1,42,dist_class1,-310.0,11.0
31,conjunction_blocks,conj_uni,1,1,43,targ_class2,-113.0,-191.0
31,conjunction_blocks,conj_uni,1,1,44,targ_class2,-26.0,254.0
31,conjunction_blocks,conj_uni,1,1,45,targ_class1,21.0,-272.0
31,conjunction_blocks,conj_uni,1,1,46,targ_class1,291.0,156.0
31,conjunction_blocks,conj_uni,1,1,47,dist_class2,-310.0,293.0
31,conjunction_blocks,conj_uni,1,1,48,dist_class2,-175.0,-99.0
31,conjunction_blocks,conj_uni,1,1,49,dist_class2,96.0,11.0
31,conjunction_blocks,conj_rot,3,1,1,dist_class2,4.0,-452.0
31,conjunction_blocks,conj_rot,3,1,2,dist_class2,81.0,-390.0
31,conjunction_blocks,conj_rot,3,1,3,targ_class2,171.0,-304.0
31,conjunction_blocks,conj_rot,3,1,4,dist_class2,251.0,-231.0
31,conjunction_blocks,conj_rot,3,1,5,dist_class1,308.0,-145.0
31,conjunction_blocks,conj_rot,3,1,6,targ_class1,388.0,-83.0
31,conjunction_blocks,conj_rot,3,1,7,targ_class1,453.0,-17.0
31,conjunction_blocks,conj_rot,3,1,8,dist_class2,-72.0,-387.0
31,conjunction_blocks,conj_rot,3,1,9,targ_class2,-10.0,-297.0
31,conjunction_blocks,conj_rot,3,1,10,dist_class1,78.0,-227.0
31,conjunction_blocks,conj_rot,3,1,11,dist_class1,159.0,-144.0
31,conjunction_blocks,conj_rot,3,1,12,targ_class1,229.0,-85.0
31,conjunction_blocks,conj_rot,3,1,13,dist_class2,309.0,-20.0
31,conjunction_blocks,conj_rot,3,1,14,dist_class2,382.0,91.0
31,conjunction_blocks,conj_rot,3,1,15,dist_class1,-152.0,-310.0
31,conjunction_blocks,conj_rot,3,1,16,targ_class2,-79.0,-237.0
31,conjunction_blocks,conj_rot,3,1,17,targ_class1,18.0,-162.0
31,conjunction_blocks,conj_rot,3,1,18,targ_class2,72.0,-87.0
31,conjunction_blocks,conj_rot,3,1,19,dist_class2,157.0,12.0
31,conjunction_blocks,conj_rot,3,1,20,targ_class1,214.0,88.0
31,conjunction_blocks,conj_rot,3,1,21,targ_class1,309.0,160.0
31,conjunction_blocks,conj_rot,3,1,22,targ_class2,-221.0,-250.0
31,conjunction_blocks,conj_rot,3,1,23,dist_class1,-160.0,-143.0
31,conjunction_blocks,conj_rot,3,1,24,targ_class2,-64.0,-76.0
31,conjunction_blocks,conj_rot,3,1,25,dist_class2,-2.0,-21.0
31,conjunction_blocks,conj_rot,3,1,26,targ_class2,72.0,70.0
31,conjunction_blocks,conj_rot,3,1,27,dist_class1,155.0,151.0
31,conjunction_blocks,conj_rot,3,1,28,dist_class1,229.0,233.0
31,conjunction_blocks,conj_rot,3,1,29,targ_class1,-310.0,-156.0
31,conjunction_blocks,conj_rot,3,1,30,dist_class2,-243.0,-89.0
31,conjunction_blocks,conj_rot,3,1,31,dist_class1,-148.0,3.0
31,conjunction_blocks,conj_rot,3,1,32,targ_class2,-73.0,73.0
31,conjunction_blocks,conj_rot,3,1,33,targ_class1,7.0,158.0
31,conjunction_blocks,conj_rot,3,1,34,targ_class1,67.0,226.0
31,conjunction_blocks,conj_rot,3,1,35,dist_class2,153.0,312.0
31,conjunction_blocks,conj_rot,3,1,36,targ_class2,-383.0,-75.0
31,conjunction_blocks,conj_rot,3,1,37,targ_class2,-305.0,3.0
31,conjunction_blocks,conj_rot,3,1,38,dist_class2,-238.0,69.0
31,conjunction_blocks,conj_rot,3,1,39,dist_class1,-178.0,148.0
31,conjunction_blocks,conj_rot,3,1,40,dist_class1,-62.0,214.0
31,conjunction_blocks,conj_rot,3,1,41,dist_class2,8.0,323.0
31,conjunction_blocks,conj_rot,3,1,42,targ_class1,83.0,379.0
31,conjunction_blocks,conj_rot,3,1,43,targ_class1,-473.0,2.0
31,conjunction_blocks,conj_rot,3,1,44,targ_class2,-406.0,61.0
31,conjunction_blocks,conj_rot,3,1,45,dist_class1,-293.0,153.0
31,conjunction_blocks,conj_rot,3,1,46,dist_class1,-240.0,219.0
31,conjunction_blocks,conj_rot,3,1,47,dist_class2,-142.0,324.0
31,conjunction_blocks,conj_rot,3,1,48,targ_class1,-72.0,392.0
31,conjunction_blocks,conj_rot,3,1,49,targ_class2,3.0,442.0
31,conjunction_blocks,conj_rot,3,2,1,dist_class1,-9.0,-435.0
31,conjunction_blocks,conj_rot,3,2,2,targ_class2,75.0,-401.0
31,conjunction_blocks,conj_rot,3,2,3,targ_class1,157.0,-291.0
31,conjunction_blocks,conj_rot,3,2,4,targ_class1,243.0,-213.0
31,conjunction_blocks,conj_rot,3,2,5,targ_class2,295.0,-162.0
31,conjunction_blocks,conj_rot,3,2,6,dist_class1,384.0,-67.0
31,conjunction_blocks,conj_rot,3,2,7,targ_class1,446.0,-3.0
31,conjunction_blocks,conj_rot,3,2,8,dist_class2,-65.0,-396.0
31,conjunction_blocks,conj_rot,3,2,9,dist_class2,-11.0,-302.0
31,conjunction_blocks,conj_rot,3,2,10,targ_class2,80.0,-231.0
31,conjunction_blocks,conj_rot,3,2,11,dist_class2,160.0,-151.0
31,conjunction_blocks,conj_rot,3,2,12,dist_class2,236.0,-65.0
31,conjunction_blocks,conj_rot,3,2,13,targ_class2,306.0,3.0
31,conjunction_blocks,conj_rot,3,2,14,targ_class2,379.0,86.0
31,conjunction_blocks,conj_rot,3,2,15,targ_class1,-136.0,-309.0
31,conjunction_blocks,conj_rot,3,2,16,targ_class1,-85.0,-254.0
31,conjunction_blocks,conj_rot,3,2,17,dist_class2,0.0,-135.0
31,conjunction_blocks,conj_rot,3,2,18,dist_class2,82.0,-77.0
31,conjunction_blocks,conj_rot,3,2,19,dist_class2,139.0,-10.0
31,conjunction_blocks,conj_rot,3,2,20,dist_class1,223.0,87.0
31,conjunction_blocks,conj_rot,3,2,21,dist_class1,315.0,170.0
31,conjunction_blocks,conj_rot,3,2,22,targ_class2,-231.0,-209.0
31,conjunction_blocks,conj_rot,3,2,23,dist_class1,-143.0,-150.0
31,conjunction_blocks,conj_rot,3,2,24,targ_class1,-97.0,-83.0
31,conjunction_blocks,conj_rot,3,2,25,targ_class2,12.0,-9.0
31,conjunction_blocks,conj_rot,3,2,26,targ_class1,74.0,77.0
31,conjunction_blocks,conj_rot,3,2,27,dist_class1,159.0,156.0
31,conjunction_blocks,conj_rot,3,2,28,targ_class1,240.0,222.0
31,conjunction_blocks,conj_rot,3,2,29,targ_class2,-317.0,-154.0
31,conjunction_blocks,conj_rot,3,2,30,targ_class2,-215.0,-86.0
31,conjunction_blocks,conj_rot,3,2,31,dist_class2,-165.0,-23.0
31,conjunction_blocks,conj_rot,3,2,32,dist_class1,-64.0,86.0
31,conjunction_blocks,conj_rot,3,2,33,targ_class1,4.0,161.0
31,conjunction_blocks,conj_rot,3,2,34,dist_class1,66.0,224.0
31,conjunction_blocks,conj_rot,3,2,35,targ_class2,159.0,308.0
31,conjunction_blocks,conj_rot,3,2,36,dist_class1,-386.0,-72.0
31,conjunction_blocks,conj_rot,3,2,37,targ_class1,-310.0,-10.0
31,conjunction_blocks,conj_rot,3,2,38,dist_class1,-211.0,68.0
31,conjunction_blocks,conj_rot,3,2,39,dist_class2,-146.0,162.0
31,conjunction_blocks,conj_rot,3,2,40,targ_class2,-69.0,219.0
31,conjunction_blocks,conj_rot,3,2,41,dist_class1,2.0,315.0
31,conjunction_blocks,conj_rot,3,2,42,dist_class2,78.0,384.0
31,conjunction_blocks,conj_rot,3,2,43,targ_class1,-450.0,-20.0
31,conjunction_blocks,conj_rot,3,2,44,targ_class2,-387.0,55.0
31,conjunction_blocks,conj_rot,3,2,45,dist_class2,-283.0,146.0
31,conjunction_blocks,conj_rot,3,2,46,dist_class2,-232.0,232.0
31,conjunction_blocks,conj_rot,3,2,47,dist_class2,-163.0,295.0
31,conjunction_blocks,conj_rot,3,2,48,targ_class1,-83.0,382.0
31,conjunction_blocks,conj_rot,3,2,49,dist_class1,25.0,453.0
31,prac_feat,feat_grid,0,1,1,dist_class1,-334.0,-335.0
31,prac_feat,feat_grid,0,1,2,dist_class1,-216.0,-328.0
31,prac_feat,feat_grid,0,1,3,dist_class1,-103.0,-328.0
31,prac_feat,feat_grid,0,1,4,dist_class2,4.0,-318.0
31,prac_feat,feat_grid,0,1,5,dist_class1,110.0,-326.0
31,prac_feat,feat_grid,0,1,6,dist_class2,221.0,-316.0
31,prac_feat,feat_grid,0,1,7,dist_class1,319.0,-320.0
31,prac_feat,feat_grid,0,1,8,targ_class1,-327.0,-213.0
31,prac_feat,feat_grid,0,1,9,targ_class1,-207.0,-227.0
31,prac_feat,feat_grid,0,1,10,dist_class2,-103.0,-208.0
31,prac_feat,feat_grid,0,1,11,dist_class1,9.0,-211.0
31,prac_feat,feat_grid,0,1,12,dist_class1,92.0,-233.0
31,prac_feat,feat_grid,0,1,13,targ_class2,227.0,-219.0
31,prac_feat,feat_grid,0,1,14,targ_class1,339.0,-205.0
31,prac_feat,feat_grid,0,1,15,targ_class1,-327.0,-108.0
31,prac_feat,feat_grid,0,1,16,targ_class1,-213.0,-98.0
31,prac_feat,feat_grid,0,1,17,dist_class1,-108.0,-99.0
31,prac_feat,feat_grid,0,1,18,dist_class2,16.0,-108.0
31,prac_feat,feat_grid,0,1,19,dist_class2,102.0,-104.0
31,prac_feat,feat_grid,0,1,20,targ_class1,229.0,-102.0
31,prac_feat,feat_grid,0,1,21,targ_class1,322.0,-98.0
31,prac_feat,feat_grid,0,1,22,targ_class1,-318.0,-9.0
31,prac_feat,feat_grid,0,1,23,targ_class1,-217.0,9.0
31,prac_feat,feat_grid,0,1,24,targ_class2,-93.0,-7.0
31,prac_feat,feat_grid,0,1,25,targ_class2,9.0,9.0
31,prac_feat,feat_grid,0,1,26,dist_class2,121.0,2.0
31,prac_feat,feat_grid,0,1,27,targ_class1,219.0,0.0
31,prac_feat,feat_grid,0,1,28,targ_class2,308.0,-1.0
31,prac_feat,feat_grid,0,1,29,targ_class1,-335.0,113.0
31,prac_feat,feat_grid,0,1,30,dist_class2,-221.0,95.0
31,prac_feat,feat_grid,0,1,31,dist_class1,-90.0,115.0
31,prac_feat,feat_grid,0,1,32,dist_class2,16.0,122.0
31,prac_feat,feat_grid,0,1,33,targ_class2,133.0,107.0
31,prac_feat,feat_grid,0,1,34,dist_class2,212.0,102.0
31,prac_feat,feat_grid,0,1,35,dist_class1,323.0,111.0
31,prac_feat,feat_grid,0,1,36,targ_class2,-330.0,200.0
31,prac_feat,feat_grid,0,1,37,targ_class2,-213.0,206.0
31,prac_feat,feat_grid,0,1,38,dist_class1,-109.0,223.0
31,prac_feat,feat_grid,0,1,39,targ_class2,16.0,233.0
31,prac_feat,feat_grid,0,1,40,targ_class2,104.0,213.0
31,prac_feat,feat_grid,0,1,41,targ_class2,198.0,224.0
31,prac_feat,feat_grid,0,1,42,dist_class2,339.0,208.0
31,prac_feat,feat_grid,0,1,43,targ_class2,-333.0,319.0
31,prac_feat,feat_grid,0,1,44,dist_class2,-213.0,312.0
31,prac_feat,feat_grid,0,1,45,dist_class1,-103.0,339.0
31,prac_feat,feat_grid,0,1,46,dist_class2,0.0,314.0
31,prac_feat,feat_grid,0,1,47,targ_class2,120.0,326.0
31,prac_feat,feat_grid,0,1,48,targ_class1,215.0,327.0
31,prac_feat,feat_grid,0,1,49,dist_class2,331.0,320.0
31,prac_feat,feat_grid,1,1,1,targ_class1,-316.0,-336.0
31,prac_feat,feat_grid,1,1,2,dist_class2,-209.0,-332.0
31,prac_feat,feat_grid,1,1,3,targ_class1,-107.0,-335.0
31,prac_feat,feat_grid,1,1,4,dist_class1,-4.0,-311.0
31,prac_feat,feat_grid,1,1,5,targ_class1,119.0,-318.0
31,prac_feat,feat_grid,1,1,6,targ_class2,228.0,-329.0
31,prac_feat,feat_grid,1,1,7,targ_class2,320.0,-353.0
31,prac_feat,feat_grid,1,1,8,dist_class1,-325.0,-196.0
31,prac_feat,feat_grid,1,1,9,dist_class1,-218.0,-216.0
31,prac_feat,feat_grid,1,1,10,targ_class2,-121.0,-214.0
31,prac_feat,feat_grid,1,1,11,dist_class1,19.0,-203.0
31,prac_feat,feat_grid,1,1,12,dist_class2,110.0,-210.0
31,prac_feat,feat_grid,1,1,13,dist_class2,231.0,-210.0
31,prac_feat,feat_grid,1,1,14,dist_class1,328.0,-219.0
31,prac_feat,feat_grid,1,1,15,dist_class1,-340.0,-104.0
31,prac_feat,feat_grid,1,1,16,dist_class2,-225.0,-102.0
31,prac_feat,feat_grid,1,1,17,targ_class2,-110.0,-96.0
31,prac_feat,feat_grid,1,1,18,dist_class2,19.0,-125.0
31,prac_feat,feat_grid,1,1,19,dist_class1,113.0,-120.0
31,prac_feat,feat_grid,1,1,20,targ_class1,216.0,-107.0
31,prac_feat,feat_grid,1,1,21,targ_class1,340.0,-121.0
31,prac_feat,feat_grid,1,1,22,dist_class2,-324.0,11.0
31,prac_feat,feat_grid,1,1,23,dist_class2,-227.0,4.0
31,prac_feat,feat_grid,1,1,24,targ_class1,-130.0,12.0
31,prac_feat,feat_grid,1,1,25,targ_class1,7.0,9.0
31,prac_feat,feat_grid,1,1,26,dist_class1,107.0,-10.0
31,prac_feat,feat_grid,1,1,27,dist_class2,226.0,8.0
31,prac_feat,feat_grid,1,1,28,targ_class1,315.0,3.0
31,prac_feat,feat_grid,1,1,29,dist_class2,-316.0,127.0
31,prac_feat,feat_grid,1,1,30,dist_class2,-204.0,93.0
31,prac_feat,feat_grid,1,1,31,dist_class1,-107.0,95.0
31,prac_feat,feat_grid,1,1,32,targ_class2,-15.0,129.0
31,prac_feat,feat_grid,1,1,33,dist_class1,111.0,120.0
31,prac_feat,feat_grid,1,1,34,targ_class1,202.0,107.0
31,prac_feat,feat_grid,1,1,35,dist_class2,334.0,111.0
31,prac_feat,feat_grid,1,1,36,targ_class1,-325.0,223.0
31,prac_feat,feat_grid,1,1,37,targ_class2,-215.0,202.0
31,prac_feat,feat_grid,1,1,38,targ_class2,-117.0,229.0
31,prac_feat,feat_grid,1,1,39,dist_class2,-3.0,192.0
31,prac_feat,feat_grid,1,1,40,targ_class2,105.0,232.0
31,prac_feat,feat_grid,1,1,41,targ_class1,234.0,222.0
31,prac_feat,feat_grid,1,1,42,dist_class1,298.0,217.0
31,prac_feat,feat_grid,1,1,43,targ_class1,-302.0,319.0
31,prac_feat,feat_grid,1,1,44,targ_class2,-221.0,344.0
31,prac_feat,feat_grid,1,1,45,dist_class2,-121.0,321.0
31,prac_feat,feat_grid,1,1,46,targ_class2,-13.0,321.0
31,prac_feat,feat_grid,1,1,47,dist_class1,109.0,316.0
31,prac_feat,feat_grid,1,1,48,targ_class2,201.0,322.0
31,prac_feat,feat_grid,1,1,49,targ_class2,326.0,315.0
31,feature_blocks,feat_rot,0,1,1,targ_class2,5.0,-459.0
31,feature_blocks,feat_rot,0,1,2,targ_class2,93.0,-386.0
31,feature_blocks,feat_rot,0,1,3,targ_class2,153.0,-325.0
31,feature_blocks,feat_rot,0,1,4,targ_class1,234.0,-213.0
31,feature_blocks,feat_rot,0,1,5,targ_class2,317.0,-152.0
31,feature_blocks,feat_rot,0,1,6,dist_class1,389.0,-86.0
31,feature_blocks,feat_rot,0,1,7,targ_class2,449.0,-4.0
31,feature_blocks,feat_rot,0,1,8,dist_class2,-89.0,-400.0
31,feature_blocks,feat_rot,0,1,9,targ_class2,1.0,-304.0
31,feature_blocks,feat_rot,0,1,10,targ_class1,88.0,-249.0
31,feature_blocks,feat_rot,0,1,11,dist_class1,166.0,-138.0
31,feature_blocks,feat_rot,0,1,12,targ_class1,229.0,-77.0
31,feature_blocks,feat_rot,0,1,13,dist_class1,295.0,7.0
31,feature_blocks,feat_rot,0,1,14,dist_class2,374.0,71.0
31,feature_blocks,feat_rot,0,1,15,dist_class1,-151.0,-302.0
31,feature_blocks,feat_rot,0,1,16,dist_class1,-71.0,-233.0
31,feature_blocks,feat_rot,0,1,17,dist_class1,-5.0,-149.0
31,feature_blocks,feat_rot,0,1,18,targ_class2,77.0,-79.0
31,feature_blocks,feat_rot,0,1,19,targ_class2,145.0,9.0
31,feature_blocks,feat_rot,0,1,20,dist_class2,231.0,84.0
31,feature_blocks,feat_rot,0,1,21,dist_class2,311.0,158.0
31,feature_blocks,feat_rot,0,1,22,targ_class1,-225.0,-233.0
31,feature_blocks,feat_rot,0,1,23,targ_class2,-144.0,-165.0
31,feature_blocks,feat_rot,0,1,24,dist_class1,-69.0,-82.0
31,feature_blocks,feat_rot,0,1,25,dist_class1,-14.0,11.0
31,feature_blocks,feat_rot,0,1,26,dist_class2,63.0,86.0
31,feature_blocks,feat_rot,0,1,27,targ_class1,144.0,145.0
31,feature_blocks,feat_rot,0,1,28,dist_class1,203.0,237.0
31,feature_blocks,feat_rot,0,1,29,dist_class1,-303.0,-151.0
31,feature_blocks,feat_rot,0,1,30,dist_class2,-213.0,-70.0
31,feature_blocks,feat_rot,0,1,31,dist_class2,-158.0,7.0
31,feature_blocks,feat_rot,0,1,32,dist_class2,-75.0,83.0
31,feature_blocks,feat_rot,0,1,33,targ_class1,10.0,157.0
31,feature_blocks,feat_rot,0,1,34,dist_class2,86.0,223.0
31,feature_blocks,feat_rot,0,1,35,targ_class2,153.0,313.0
31,feature_blocks,feat_rot,0,1,36,targ_class1,-374.0,-81.0
31,feature_blocks,feat_rot,0,1,37,targ_class1,-307.0,2.0
31,feature_blocks,feat_rot,0,1,38,targ_class1,-218.0,75.0
31,feature_blocks,feat_rot,0,1,39,targ_class2,-158.0,133.0
31,feature_blocks,feat_rot,0,1,40,targ_class1,-72.0,221.0
31,feature_blocks,feat_rot,0,1,41,targ_class1,-12.0,318.0
31,feature_blocks,feat_rot,0,1,42,dist_class2,70.0,384.0
31,feature_blocks,feat_rot,0,1,43,dist_class2,-453.0,3.0
31,feature_blocks,feat_rot,0,1,44,dist_class2,-376.0,72.0
31,feature_blocks,feat_rot,0,1,45,dist_class2,-301.0,149.0
31,feature_blocks,feat_rot,0,1,46,targ_class2,-225.0,265.0
31,feature_blocks,feat_rot,0,1,47,dist_class1,-152.0,303.0
31,feature_blocks,feat_rot,0,1,48,dist_class1,-60.0,391.0
31,feature_blocks,feat_rot,0,1,49,targ_class1,-5.0,453.0
31,feature_blocks,feat_grid,0,1,1,dist_class1,-338.0,-320.0
31,feature_blocks,feat_grid,0,1,2,dist_class2,-226.0,-326.0
31,feature_blocks,feat_grid,0,1,3,dist_class1,-106.0,-323.0
31,feature_blocks,feat_grid,0,1,4,targ_class2,17.0,-312.0
31,feature_blocks,feat_grid,0,1,5,targ_class1,122.0,-312.0
31,feature_blocks,feat_grid,0,1,6,dist_class2,214.0,-324.0
31,feature_blocks,feat_grid,0,1,7,targ_class2,327.0,-311.0
31,feature_blocks,feat_grid,0,1,8,targ_class2,-328.0,-206.0
31,feature_blocks,feat_grid,0,1,9,dist_class2,-209.0,-214.0
31,feature_blocks,feat_grid,0,1,10,dist_class2,-112.0,-224.0
31,feature_blocks,feat_grid,0,1,11,targ_class2,10.0,-212.0
31,feature_blocks,feat_grid,0,1,12,targ_class1,137.0,-214.0
31,feature_blocks,feat_grid,0,1,13,dist_class2,212.0,-211.0
31,feature_blocks,feat_grid,0,1,14,dist_class1,344.0,-214.0
31,feature_blocks,feat_grid,0,1,15,dist_class1,-330.0,-114.0
31,feature_blocks,feat_grid,0,1,16,targ_class1,-207.0,-107.0
31,feature_blocks,feat_grid,0,1,17,dist_class2,-105.0,-112.0
31,feature_blocks,feat_grid,0,1,18,targ_class2,14.0,-99.0
31,feature_blocks,feat_grid,0,1,19,targ_class2,100.0,-128.0
31,feature_blocks,feat_grid,0,1,20,targ_class1,217.0,-121.0
31,feature_blocks,feat_grid,0,1,21,targ_class2,337.0,-94.0
31,feature_blocks,feat_grid,0,1,22,dist_class1,-327.0,-10.0
31,feature_blocks,feat_grid,0,1,23,targ_class2,-197.0,7.0
31,feature_blocks,feat_grid,0,1,24,dist_class1,-114.0,8.0
31,feature_blocks,feat_grid,0,1,25,dist_class1,21.0,-5.0
31,feature_blocks,feat_grid,0,1,26,dist_class2,95.0,6.0
31,feature_blocks,feat_grid,0,1,27,dist_class1,200.0,-3.0
31,feature_blocks,feat_grid,0,1,28,targ_class2,321.0,-12.0
31,feature_blocks,feat_grid,0,1,29,targ_class2,-317.0,100.0
31,feature_blocks,feat_grid,0,1,30,dist_class1,-221.0,126.0
31,feature_blocks,feat_grid,0,1,31,dist_class2,-97.0,99.0
31,feature_blocks,feat_grid,0,1,32,dist_class1,4.0,94.0
31,feature_blocks,feat_grid,0,1,33,dist_class2,120.0,111.0
31,feature_blocks,feat_grid,0,1,34,targ_class1,225.0,119.0
31,feature_blocks,feat_grid,0,1,35,dist_class2,306.0,112.0
31,feature_blocks,feat_grid,0,1,36,dist_class1,-325.0,213.0
31,feature_blocks,feat_grid,0,1,37,dist_class1,-223.0,203.0
31,feature_blocks,feat_grid,0,1,38,targ_class2,-121.0,204.0
31,feature_blocks,feat_grid,0,1,39,dist_class2,-11.0,206.0
31,feature_blocks,feat_grid,0,1,40,dist_class2,101.0,231.0
31,feature_blocks,feat_grid,0,1,41,targ_class2,211.0,214.0
31,feature_blocks,feat_grid,0,1,42,targ_class1,321.0,229.0
31,feature_blocks,feat_grid,0,1,43,targ_class1,-325.0,319.0
31,feature_blocks,feat_grid,0,1,44,dist_class2,-204.0,313.0
31,feature_blocks,feat_grid,0,1,45,targ_class1,-96.0,319.0
31,feature_blocks,feat_grid,0,1,46,targ_class1,-4.0,322.0
31,feature_blocks,feat_grid,0,1,47,targ_class1,113.0,335.0
31,feature_blocks,feat_grid,0,1,48,targ_class1,240.0,315.0
31,feature_blocks,feat_grid,0,1,49,targ_class1,324.0,310.0
31,feature_blocks,feat_grid,4,1,1,dist_class2,-324.0,-313.0
31,feature_blocks,feat_grid,4,1,2,targ_class2,-204.0,-322.0
31,feature_blocks,feat_grid,4,1,3,dist_class2,-90.0,-314.0
31,feature_blocks,feat_grid,4,1,4,dist_class1,-11.0,-339.0
31,feature_blocks,feat_grid,4,1,5,dist_class2,120.0,-308.0
31,feature_blocks,feat_grid,4,1,6,dist_class1,206.0,-335.0
31,feature_blocks,feat_grid,4,1,7,dist_class2,329.0,-324.0
31,feature_blocks,feat_grid,4,1,8,dist_class1,-318.0,-228.0
31,feature_blocks,feat_grid,4,1,9,dist_class2,-205.0,-205.0
31,feature_blocks,feat_grid,4,1,10,targ_class1,-100.0,-218.0
31,feature_blocks,feat_grid,4,1,11,dist_class1,-2.0,-206.0
31,feature_blocks,feat_grid,4,1,12,targ_class2,105.0,-192.0
31,feature_blocks,feat_grid,4,1,13,dist_class1,218.0,-228.0
31,feature_blocks,feat_grid,4,1,14,targ_class2,319.0,-223.0
31,feature_blocks,feat_grid,4,1,15,dist_class2,-314.0,-99.0
31,feature_blocks,feat_grid,4,1,16,targ_class1,-217.0,-119.0
31,feature_blocks,feat_grid,4,1,17,targ_class2,-106.0,-115.0
31,feature_blocks,feat_grid,4,1,18,targ_class1,19.0,-125.0
31,feature_blocks,feat_grid,4,1,19,dist_class2,118.0,-100.0
31,feature_blocks,feat_grid,4,1,20,targ_class2,217.0,-121.0
31,feature_blocks,feat_grid,4,1,21,targ_class2,318.0,-131.0
31,feature_blocks,feat_grid,4,1,22,dist_class1,-338.0,15.0
31,feature_blocks,feat_grid,4,1,23,targ_class1,-227.0,13.0
31,feature_blocks,feat_grid,4,1,24,targ_class2,-109.0,-2.0
31,feature_blocks,feat_grid,4,1,25,dist_class1,-8.0,-1.0
31,feature_blocks,feat_grid,4,1,26,targ_class1,111.0,-2.0
31,feature_blocks,feat_grid,4,1,27,targ_class1,219.0,14.0
31,feature_blocks,feat_grid,4,1,28,dist_class1,308.0,7.0
31,feature_blocks,feat_grid,4,1,29,dist_class2,-333.0,100.0
31,feature_blocks,feat_grid,4,1,30,targ_class1,-205.0,93.0
31,feature_blocks,feat_grid,4,1,31,targ_class2,-112.0,123.0
31,feature_blocks,feat_grid,4,1,32,targ_class1,15.0,114.0
31,feature_blocks,feat_grid,4,1,33,dist_class2,117.0,114.0
31,feature_blocks,feat_grid,4,1,34,dist_class1,212.0,119.0
31,feature_blocks,feat_grid,4,1,35,dist_class2,308.0,98.0
31,feature_blocks,feat_grid,4,1,36,dist_class1,-319.0,225.0
31,feature_blocks,feat_grid,4,1,37,targ_class2,-212.0,234.0
31,feature_blocks,feat_grid,4,1,38,targ_class1,-85.0,213.0
31,feature_blocks,feat_grid,4,1,39,targ_class1,26.0,228.0
31,feature_blocks,feat_grid,4,1,40,dist_class1,103.0,212.0
31,feature_blocks,feat_grid,4,1,41,dist_class2,217.0,218.0
31,feature_blocks,feat_grid,4,1,42,dist_class2,330.0,227.0
31,feature_blocks,feat_grid,4,1,43,targ_class2,-330.0,327.0
31,feature_blocks,feat_grid,4,1,44,dist_class2,-221.0,320.0
31,feature_blocks,feat_grid,4,1,45,targ_class1,-117.0,332.0
31,feature_blocks,feat_grid,4,1,46,targ_class2,8.0,330.0
31,feature_blocks,feat_grid,4,1,47,targ_class1,111.0,327.0
31,feature_blocks,feat_grid,4,1,48,targ_class2,216.0,320.0
31,feature_blocks,feat_grid,4,1,49,dist_class1,320.0,308.0
31,feature_blocks,feat_rot,2,1,1,targ_class1,5.0,-472.0
31,feature_blocks,feat_rot,2,1,2,dist_class2,58.0,-387.0
31,feature_blocks,feat_rot,2,1,3,dist_class1,136.0,-294.0
31,feature_blocks,feat_rot,2,1,4,dist_class1,229.0,-233.0
31,feature_blocks,feat_rot,2,1,5,dist_class2,291.0,-151.0
31,feature_blocks,feat_rot,2,1,6,targ_class2,377.0,-88.0
31,feature_blocks,feat_rot,2,1,7,dist_class2,470.0,8.0
31,feature_blocks,feat_rot,2,1,8,dist_class2,-80.0,-371.0
31,feature_blocks,feat_rot,2,1,9,targ_class1,-7.0,-306.0
31,feature_blocks,feat_rot,2,1,10,targ_class2,77.0,-242.0
31,feature_blocks,feat_rot,2,1,11,targ_class2,150.0,-145.0
31,feature_blocks,feat_rot,2,1,12,targ_class1,223.0,-108.0
31,feature_blocks,feat_rot,2,1,13,dist_class2,306.0,-10.0
31,feature_blocks,feat_rot,2,1,14,targ_class2,386.0,92.0
31,feature_blocks,feat_rot,2,1,15,targ_class2,-147.0,-307.0
31,feature_blocks,feat_rot,2,1,16,dist_class2,-78.0,-210.0
31,feature_blocks,feat_rot,2,1,17,targ_class1,6.0,-169.0
31,feature_blocks,feat_rot,2,1,18,dist_class2,93.0,-78.0
31,feature_blocks,feat_rot,2,1,19,dist_class2,151.0,16.0
31,feature_blocks,feat_rot,2,1,20,dist_class1,233.0,90.0
31,feature_blocks,feat_rot,2,1,21,dist_class1,270.0,160.0
31,feature_blocks,feat_rot,2,1,22,dist_class2,-235.0,-215.0
31,feature_blocks,feat_rot,2,1,23,targ_class1,-149.0,-159.0
31,feature_blocks,feat_rot,2,1,24,dist_class1,-65.0,-82.0
31,feature_blocks,feat_rot,2,1,25,targ_class1,-2.0,-1.0
31,feature_blocks,feat_rot,2,1,26,dist_class1,76.0,62.0
31,feature_blocks,feat_rot,2,1,27,dist_class1,150.0,176.0
31,feature_blocks,feat_rot,2,1,28,dist_class1,241.0,237.0
31,feature_blocks,feat_rot,2,1,29,targ_class1,-322.0,-136.0
31,feature_blocks,feat_rot,2,1,30,dist_class2,-199.0,-79.0
31,feature_blocks,feat_rot,2,1,31,targ_class1,-155.0,-7.0
31,feature_blocks,feat_rot,2,1,32,dist_class1,-60.0,75.0
31,feature_blocks,feat_rot,2,1,33,dist_class2,-4.0,127.0
31,feature_blocks,feat_rot,2,1,34,dist_class2,74.0,223.0
31,feature_blocks,feat_rot,2,1,35,targ_class2,166.0,301.0
31,feature_blocks,feat_rot,2,1,36,targ_class1,-381.0,-63.0
31,feature_blocks,feat_rot,2,1,37,targ_class2,-306.0,3.0
31,feature_blocks,feat_rot,2,1,38,dist_class1,-233.0,64.0
31,feature_blocks,feat_rot,2,1,39,targ_class1,-156.0,159.0
31,feature_blocks,feat_rot,2,1,40,targ_class1,-70.0,234.0
31,feature_blocks,feat_rot,2,1,41,dist_class2,-21.0,300.0
31,feature_blocks,feat_rot,2,1,42,targ_class2,60.0,402.0
31,feature_blocks,feat_rot,2,1,43,targ_class1,-456.0,6.0
31,feature_blocks,feat_rot,2,1,44,targ_class2,-376.0,57.0
31,feature_blocks,feat_rot,2,1,45,targ_class2,-313.0,144.0
31,feature_blocks,feat_rot,2,1,46,dist_class1,-231.0,237.0
31,feature_blocks,feat_rot,2,1,47,targ_class2,-159.0,307.0
31,feature_blocks,feat_rot,2,1,48,dist_class1,-83.0,402.0
31,feature_blocks,feat_rot,2,1,49,targ_class2,6.0,462.0
31,feature_blocks,feat_rot,1,1,1,dist_class1,4.0,-433.0
31,feature_blocks,feat_rot,1,1,2,targ_class2,69.0,-381.0
31,feature_blocks,feat_rot,1,1,3,dist_class1,137.0,-298.0
31,feature_blocks,feat_rot,1,1,4,targ_class1,210.0,-229.0
31,feature_blocks,feat_rot,1,1,5,dist_class2,310.0,-146.0
31,feature_blocks,feat_rot,1,1,6,dist_class1,377.0,-84.0
31,feature_blocks,feat_rot,1,1,7,targ_class2,468.0,1.0
31,feature_blocks,feat_rot,1,1,8,dist_class2,-75.0,-384.0
31,feature_blocks,feat_rot,1,1,9,dist_class2,-7.0,-289.0
31,feature_blocks,feat_rot,1,1,10,targ_class2,76.0,-236.0
31,feature_blocks,feat_rot,1,1,11,targ_class2,154.0,-148.0
31,feature_blocks,feat_rot,1,1,12,dist_class2,233.0,-94.0
31,feature_blocks,feat_rot,1,1,13,targ_class1,310.0,-7.0
31,feature_blocks,feat_rot,1,1,14,targ_class1,385.0,69.0
31,feature_blocks,feat_rot,1,1,15,dist_class1,-151.0,-312.0
31,feature_blocks,feat_rot,1,1,16,targ_class2,-85.0,-238.0
31,feature_blocks,feat_rot,1,1,17,targ_class2,13.0,-164.0
31,feature_blocks,feat_rot,1,1,18,dist_class2,90.0,-86.0
31,feature_blocks,feat_rot,1,1,19,dist_class2,157.0,-3.0
31,feature_blocks,feat_rot,1,1,20,dist_class1,240.0,64.0
31,feature_blocks,feat_rot,1,1,21,dist_class2,320.0,150.0
31,feature_blocks,feat_rot,1,1,22,dist_class1,-242.0,-241.0
31,feature_blocks,feat_rot,1,1,23,targ_class2,-153.0,-131.0
31,feature_blocks,feat_rot,1,1,24,targ_class1,-78.0,-73.0
31,feature_blocks,feat_rot,1,1,25,dist_class1,-4.0,8.0
31,feature_blocks,feat_rot,1,1,26,targ_class1,82.0,68.0
31,feature_blocks,feat_rot,1,1,27,dist_class2,142.0,150.0
31,feature_blocks,feat_rot,1,1,28,targ_class2,250.0,223.0
31,feature_blocks,feat_rot,1,1,29,targ_class2,-305.0,-155.0
31,feature_blocks,feat_rot,1,1,30,targ_class2,-230.0,-90.0
31,feature_blocks,feat_rot,1,1,31,dist_class1,-149.0,-16.0
31,feature_blocks,feat_rot,1,1,32,targ_class1,-80.0,77.0
31,feature_blocks,feat_rot,1,1,33,targ_class1,-4.0,150.0
31,feature_blocks,feat_rot,1,1,34,dist_class2,78.0,240.0
31,feature_blocks,feat_rot,1,1,35,dist_class2,149.0,306.0
31,feature_blocks,feat_rot,1,1,36,targ_class1,-386.0,-71.0
31,feature_blocks,feat_rot,1,1,37,targ_class2,-296.0,-1.0
31,feature_blocks,feat_rot,1,1,38,targ_class1,-214.0,70.0
31,feature_blocks,feat_rot,1,1,39,targ_class1,-143.0,159.0
31,feature_blocks,feat_rot,1,1,40,dist_class1,-79.0,255.0
31,feature_blocks,feat_rot,1,1,41,dist_class1,-7.0,296.0
31,feature_blocks,feat_rot,1,1,42,dist_class1,63.0,380.0
31,feature_blocks,feat_rot,1,1,43,targ_class1,-453.0,2.0
31,feature_blocks,feat_rot,1,1,44,targ_class1,-385.0,84.0
31,feature_blocks,feat_rot,1,1,45,dist_class1,-307.0,150.0
31,feature_blocks,feat_rot,1,1,46,targ_class2,-222.0,243.0
31,feature_blocks,feat_rot,1,1,47,dist_class2,-147.0,307.0
31,feature_blocks,feat_rot,1,1,48,dist_class2,-82.0,380.0
31,feature_blocks,feat_rot,1,1,49,dist_class2,-4.0,462.0
31,feature_blocks,feat_uni,2,1,1,dist_class1,-237.0,-237.0
31,feature_blocks,feat_uni,2,1,2,dist_class1,227.0,91.0
31,feature_blocks,feat_uni,2,1,3,dist_class1,359.0,113.0
31,feature_blocks,feat_uni,2,1,4,targ_class2,247.0,-246.0
31,feature_blocks,feat_uni,2,1,5,targ_class2,-351.0,-289.0
31,feature_blocks,feat_uni,2,1,6,targ_class1,36.0,-210.0
31,feature_blocks,feat_uni,2,1,7,dist_class1,202.0,-9.0
31,feature_blocks,feat_uni,2,1,8,dist_class2,137.0,-59.0
31,feature_blocks,feat_uni,2,1,9,targ_class1,-322.0,204.0
31,feature_blocks,feat_uni,2,1,10,targ_class1,206.0,-168.0
31,feature_blocks,feat_uni,2,1,11,targ_class1,355.0,321.0
31,feature_blocks,feat_uni,2,1,12,targ_class2,-265.0,96.0
31,feature_blocks,feat_uni,2,1,13,targ_class1,47.0,-344.0
31,feature_blocks,feat_uni,2,1,14,targ_class1,-193.0,-351.0
31,feature_blocks,feat_uni,2,1,15,dist_class2,-169.0,119.0
31,feature_blocks,feat_uni,2,1,16,targ_class2,134.0,56.0
31,feature_blocks,feat_uni,2,1,17,dist_class2,121.0,273.0
31,feature_blocks,feat_uni,2,1,18,targ_class1,-59.0,127.0
31,feature_blocks,feat_uni,2,1,19,targ_class1,-121.0,268.0
31,feature_blocks,feat_uni,2,1,20,targ_class2,303.0,118.0
31,feature_blocks,feat_uni,2,1,21,targ_class1,61.0,262.0
31,feature_blocks,feat_uni,2,1,22,dist_class2,86.0,-33.0
31,feature_blocks,feat_uni,2,1,23,targ_class2,-293.0,-244.0
31,feature_blocks,feat_uni,2,1,24,dist_class2,149.0,-168.0
31,feature_blocks,feat_uni,2,1,25,dist_class2,-221.0,-184.0
31,feature_blocks,feat_uni,2,1,26,targ_class2,-34.0,201.0
31,feature_blocks,feat_uni,2,1,27,dist_class2,-62.0,-304.0
31,feature_blocks,feat_uni,2,1,28,targ_class1,-337.0,-209.0
31,feature_blocks,feat_uni,2,1,29,dist_class1,297.0,292.0
31,feature_blocks,feat_uni,2,1,30,dist_class2,329.0,372.0
31,feature_blocks,feat_uni,2,1,31,dist_class1,1.0,-254.0
31,feature_blocks,feat_uni,2,1,32,dist_class2,-288.0,-60.0
31,feature_blocks,feat_uni,2,1,33,dist_class2,280.0,346.0
31,feature_blocks,feat_uni,2,1,34,targ_class2,-140.0,-238.0
31,feature_blocks,feat_uni,2,1,35,dist_class2,120.0,365.0
31,feature_blocks,feat_uni,2,1,36,targ_class1,-70.0,244.0
31,feature_blocks,feat_uni,2,1,37,dist_class2,154.0,320.0
31,feature_blocks,feat_uni,2,1,38,dist_class1,-167.0,299.0
31,feature_blocks,feat_uni,2,1,39,targ_class2,-22.0,83.0
31,feature_blocks,feat_uni,2,1,40,targ_class2,203.0,294.0
31,feature_blocks,feat_uni,2,1,41,dist_class1,-169.0,-163.0
31,feature_blocks,feat_uni,2,1,42,targ_class2,131.0,1.0
31,feature_blocks,feat_uni,2,1,43,dist_class1,161.0,-110.0
31,feature_blocks,feat_uni,2,1,44,dist_class1,86.0,173.0
31,feature_blocks,feat_uni,2,1,45,targ_class1,282.0,-64.0
31,feature_blocks,feat_uni,2,1,46,dist_class2,-114.0,-187.0
31,feature_blocks,feat_uni,2,1,47,dist_class1,-99.0,-21.0
31,feature_blocks,feat_uni,2,1,48,dist_class1,189.0,50.0
31,feature_blocks,feat_uni,2,1,49,targ_class2,316.0,-273.0
31,feature_blocks,feat_rot,4,1,1,dist_class1,-8.0,-450.0
31,feature_blocks,feat_rot,4,1,2,targ_class2,58.0,-382.0
31,feature_blocks,feat_rot,4,1,3,dist_class2,148.0,-287.0
31,feature_blocks,feat_rot,4,1,4,targ_class2,230.0,-239.0
31,feature_blocks,feat_rot,4,1,5,targ_class1,303.0,-140.0
31,feature_blocks,feat_rot,4,1,6,targ_class2,381.0,-61.0
31,feature_blocks,feat_rot,4,1,7,dist_class2,458.0,-5.0
31,feature_blocks,feat_rot,4,1,8,targ_class1,-84.0,-385.0
31,feature_blocks,feat_rot,4,1,9,dist_class2,7.0,-296.0
31,feature_blocks,feat_rot,4,1,10,targ_class2,72.0,-224.0
31,feature_blocks,feat_rot,4,1,11,targ_class2,153.0,-158.0
31,feature_blocks,feat_rot,4,1,12,dist_class2,227.0,-64.0
31,feature_blocks,feat_rot,4,1,13,dist_class1,313.0,5.0
31,feature_blocks,feat_rot,4,1,14,dist_class2,378.0,68.0
31,feature_blocks,feat_rot,4,1,15,dist_class2,-174.0,-300.0
31,feature_blocks,feat_rot,4,1,16,targ_class1,-73.0,-225.0
31,feature_blocks,feat_rot,4,1,17,dist_class1,4.0,-139.0
31,feature_blocks,feat_rot,4,1,18,targ_class2,68.0,-64.0
31,feature_blocks,feat_rot,4,1,19,dist_class2,153.0,7.0
31,feature_blocks,feat_rot,4,1,20,targ_class1,220.0,60.0
31,feature_blocks,feat_rot,4,1,21,dist_class2,317.0,141.0
31,feature_blocks,feat_rot,4,1,22,dist_class2,-246.0,-238.0
31,feature_blocks,feat_rot,4,1,23,dist_class1,-148.0,-156.0
31,feature_blocks,feat_rot,4,1,24,targ_class2,-63.0,-76.0
31,feature_blocks,feat_rot,4,1,25,targ_class1,-7.0,14.0
31,feature_blocks,feat_rot,4,1,26,dist_class1,65.0,99.0
31,feature_blocks,feat_rot,4,1,27,dist_class2,142.0,152.0
31,feature_blocks,feat_rot,4,1,28,dist_class2,224.0,228.0
31,feature_blocks,feat_rot,4,1,29,targ_class2,-304.0,-127.0
31,feature_blocks,feat_rot,4,1,30,dist_class2,-231.0,-71.0
31,feature_blocks,feat_rot,4,1,31,dist_class1,-163.0,-5.0
31,feature_blocks,feat_rot,4,1,32,targ_class2,-58.0,77.0
31,feature_blocks,feat_rot,4,1,33,targ_class2,4.0,144.0
31,feature_blocks,feat_rot,4,1,34,dist_class1,87.0,229.0
31,feature_blocks,feat_rot,4,1,35,dist_class1,166.0,310.0
31,feature_blocks,feat_rot,4,1,36,targ_class1,-391.0,-87.0
31,feature_blocks,feat_rot,4,1,37,targ_class1,-315.0,4.0
31,feature_blocks,feat_rot,4,1,38,targ_class1,-215.0,63.0
31,feature_blocks,feat_rot,4,1,39,targ_class2,-157.0,156.0
31,feature_blocks,feat_rot,4,1,40,targ_class2,-59.0,217.0
31,feature_blocks,feat_rot,4,1,41,dist_class1,-3.0,292.0
31,feature_blocks,feat_rot,4,1,42,targ_class1,101.0,365.0
31,feature_blocks,feat_rot,4,1,43,dist_class1,-463.0,-8.0
31,feature_blocks,feat_rot,4,1,44,dist_class1,-377.0,83.0
31,feature_blocks,feat_rot,4,1,45,targ_class1,-305.0,152.0
31,feature_blocks,feat_rot,4,1,46,targ_class1,-219.0,238.0
31,feature_blocks,feat_rot,4,1,47,dist_class2,-143.0,302.0
31,feature_blocks,feat_rot,4,1,48,targ_class1,-91.0,389.0
31,feature_blocks,feat_rot,4,1,49,dist_class1,1.0,463.0
31,feature_blocks,feat_uni,0,1,1,dist_class1,48.0,-158.0
31,feature_blocks,feat_uni,0,1,2,targ_class1,-249.0,235.0
31,feature_blocks,feat_uni,0,1,3,targ_class1,-312.0,-292.0
31,feature_blocks,feat_uni,0,1,4,dist_class2,-82.0,39.0
31,feature_blocks,feat_uni,0,1,5,dist_class1,-193.0,186.0
31,feature_blocks,feat_uni,0,1,6,targ_class2,219.0,-139.0
31,feature_blocks,feat_uni,0,1,7,dist_class2,87.0,44.0
31,feature_blocks,feat_uni,0,1,8,dist_class1,-249.0,178.0
31,feature_blocks,feat_uni,0,1,9,targ_class2,-261.0,-146.0
31,feature_blocks,feat_uni,0,1,10,dist_class1,2.0,-317.0
31,feature_blocks,feat_uni,0,1,11,targ_class2,-157.0,-224.0
31,feature_blocks,feat_uni,0,1,12,dist_class2,-116.0,-314.0
31,feature_blocks,feat_uni,0,1,13,dist_class2,-210.0,-239.0
31,feature_blocks,feat_uni,0,1,14,dist_class2,-342.0,340.0
31,feature_blocks,feat_uni,0,1,15,targ_class1,109.0,-297.0
31,feature_blocks,feat_uni,0,1,16,dist_class2,-112.0,-257.0
31,feature_blocks,feat_uni,0,1,17,targ_class2,215.0,-309.0
31,feature_blocks,feat_uni,0,1,18,targ_class1,-247.0,329.0
31,feature_blocks,feat_uni,0,1,19,dist_class1,-180.0,291.0
31,feature_blocks,feat_uni,0,1,20,targ_class1,212.0,59.0
31,feature_blocks,feat_uni,0,1,21,targ_class1,-10.0,117.0
31,feature_blocks,feat_uni,0,1,22,targ_class2,109.0,-208.0
31,feature_blocks,feat_uni,0,1,23,dist_class1,-163.0,101.0
31,feature_blocks,feat_uni,0,1,24,dist_class2,293.0,20.0
31,feature_blocks,feat_uni,0,1,25,targ_class2,-59.0,-118.0
31,feature_blocks,feat_uni,0,1,26,targ_class2,239.0,9.0
31,feature_blocks,feat_uni,0,1,27,dist_class1,282.0,-335.0
31,feature_blocks,feat_uni,0,1,28,targ_class2,184.0,-28.0
31,feature_blocks,feat_uni,0,1,29,targ_class1,-150.0,243.0
31,feature_blocks,feat_uni,0,1,30,dist_class1,338.0,-216.0
31,feature_blocks,feat_uni,0,1,31,dist_class2,-283.0,100.0
31,feature_blocks,feat_uni,0,1,32,dist_class1,-240.0,-346.0
31,feature_blocks,feat_uni,0,1,33,targ_class2,33.0,174.0
31,feature_blocks,feat_uni,0,1,34,targ_class2,293.0,-119.0
31,feature_blocks,feat_uni,0,1,35,dist_class1,-23.0,172.0
31,feature_blocks,feat_uni,0,1,36,dist_class1,-187.0,-329.0
31,feature_blocks,feat_uni,0,1,37,targ_class2,-133.0,190.0
31,feature_blocks,feat_uni,0,1,38,dist_class2,-298.0,305.0
31,feature_blocks,feat_uni,0,1,39,dist_class2,164.0,125.0
31,feature_blocks,feat_uni,0,1,40,dist_class2,256.0,194.0
31,feature_blocks,feat_uni,0,1,41,dist_class1,-78.0,118.0
31,feature_blocks,feat_uni,0,1,42,targ_class1,-40.0,256.0
31,feature_blocks,feat_uni,0,1,43,targ_class1,131.0,79.0
31,feature_blocks,feat_uni,0,1,44,targ_class2,164.0,-286.0
31,feature_blocks,feat_uni,0,1,45,targ_class1,207.0,-218.0
31,feature_blocks,feat_uni,0,1,46,targ_class1,253.0,-249.0
31,feature_blocks,feat_uni,0,1,47,dist_class2,-95.0,255.0
31,feature_blocks,feat_uni,0,1,48,dist_class2,-316.0,-70.0
31,feature_blocks,feat_uni,0,1,49,targ_class1,128.0,197.0
31,feature_blocks,feat_grid,3,1,1,targ_class2,-323.0,-322.0
31,feature_blocks,feat_grid,3,1,2,dist_class2,-225.0,-308.0
31,feature_blocks,feat_grid,3,1,3,dist_class2,-91.0,-330.0
31,feature_blocks,feat_grid,3,1,4,targ_class1,-4.0,-321.0
31,feature_blocks,feat_grid,3,1,5,targ_class1,96.0,-337.0
31,feature_blocks,feat_grid,3,1,6,targ_class2,213.0,-337.0
31,feature_blocks,feat_grid,3,1,7,dist_class2,328.0,-321.0
31,feature_blocks,feat_grid,3,1,8,dist_class2,-314.0,-216.0
31,feature_blocks,feat_grid,3,1,9,dist_class1,-202.0,-226.0
31,feature_blocks,feat_grid,3,1,10,dist_class1,-106.0,-209.0
31,feature_blocks,feat_grid,3,1,11,dist_class1,-4.0,-214.0
31,feature_blocks,feat_grid,3,1,12,targ_class1,106.0,-209.0
31,feature_blocks,feat_grid,3,1,13,dist_class1,221.0,-207.0
31,feature_blocks,feat_grid,3,1,14,dist_class1,317.0,-229.0
31,feature_blocks,feat_grid,3,1,15,dist_class1,-327.0,-100.0
31,feature_blocks,feat_grid,3,1,16,dist_class2,-220.0,-130.0
31,feature_blocks,feat_grid,3,1,17,targ_class2,-110.0,-134.0
31,feature_blocks,feat_grid,3,1,18,dist_class2,11.0,-105.0
31,feature_blocks,feat_grid,3,1,19,targ_class2,114.0,-113.0
31,feature_blocks,feat_grid,3,1,20,dist_class2,200.0,-104.0
31,feature_blocks,feat_grid,3,1,21,targ_class2,325.0,-102.0
31,feature_blocks,feat_grid,3,1,22,targ_class1,-332.0,-3.0
31,feature_blocks,feat_grid,3,1,23,dist_class2,-196.0,-1.0
31,feature_blocks,feat_grid,3,1,24,targ_class1,-102.0,-5.0
31,feature_blocks,feat_grid,3,1,25,dist_class1,8.0,14.0
31,feature_blocks,feat_grid,3,1,26,targ_class1,99.0,-13.0
31,feature_blocks,feat_grid,3,1,27,targ_class1,208.0,6.0
31,feature_blocks,feat_grid,3,1,28,dist_class2,315.0,-3.0
31,feature_blocks,feat_grid,3,1,29,dist_class1,-315.0,103.0
31,feature_blocks,feat_grid,3,1,30,dist_class1,-213.0,115.0
31,feature_blocks,feat_grid,3,1,31,targ_class2,-98.0,96.0
31,feature_blocks,feat_grid,3,1,32,dist_class1,-3.0,94.0
31,feature_blocks,feat_grid,3,1,33,dist_class2,110.0,106.0
31,feature_blocks,feat_grid,3,1,34,targ_class2,216.0,107.0
31,feature_blocks,feat_grid,3,1,35,targ_class2,334.0,106.0
31,feature_blocks,feat_grid,3,1,36,targ_class1,-324.0,208.0
31,feature_blocks,feat_grid,3,1,37,targ_class1,-214.0,217.0
31,feature_blocks,feat_grid,3,1,38,targ_class1,-99.0,205.0
31,feature_blocks,feat_grid,3,1,39,targ_class2,1.0,198.0
31,feature_blocks,feat_grid,3,1,40,dist_class1,104.0,235.0
31,feature_blocks,feat_grid,3,1,41,targ_class2,236.0,229.0
31,feature_blocks,feat_grid,3,1,42,dist_class2,332.0,217.0
31,feature_blocks,feat_grid,3,1,43,targ_class1,-340.0,323.0
31,feature_blocks,feat_grid,3,1,44,dist_class2,-226.0,335.0
31,feature_blocks,feat_grid,3,1,45,targ_class2,-98.0,333.0
31,feature_blocks,feat_grid,3,1,46,targ_class2,4.0,319.0
31,feature_blocks,feat_grid,3,1,47,dist_class1,114.0,326.0
31,feature_blocks,feat_grid,3,1,48,targ_class1,232.0,319.0
31,feature_blocks,feat_grid,3,1,49,dist_class2,311.0,320.0
31,feature_blocks,feat_uni,4,1,1,targ_class1,-262.0,-363.0
31,feature_blocks,feat_uni,4,1,2,dist_class2,326.0,-72.0
31,feature_blocks,feat_uni,4,1,3,targ_class2,-109.0,-158.0
31,feature_blocks,feat_uni,4,1,4,dist_class2,-42.0,122.0
31,feature_blocks,feat_uni,4,1,5,dist_class2,-270.0,-74.0
31,feature_blocks,feat_uni,4,1,6,dist_class1,-352.0,76.0
31,feature_blocks,feat_uni,4,1,7,targ_class2,-259.0,-144.0
31,feature_blocks,feat_uni,4,1,8,targ_class2,-130.0,-241.0
31,feature_blocks,feat_uni,4,1,9,targ_class1,33.0,-191.0
31,feature_blocks,feat_uni,4,1,10,dist_class2,-13.0,-150.0
31,feature_blocks,feat_uni,4,1,11,targ_class1,194.0,190.0
31,feature_blocks,feat_uni,4,1,12,dist_class2,-11.0,297.0
31,feature_blocks,feat_uni,4,1,13,dist_class1,-40.0,61.0
31,feature_blocks,feat_uni,4,1,14,targ_class1,74.0,234.0
31,feature_blocks,feat_uni,4,1,15,targ_class1,353.0,-121.0
31,feature_blocks,feat_uni,4,1,16,targ_class2,248.0,-195.0
31,feature_blocks,feat_uni,4,1,17,dist_class2,-186.0,74.0
31,feature_blocks,feat_uni,4,1,18,dist_class2,126.0,-11.0
31,feature_blocks,feat_uni,4,1,19,targ_class2,91.0,-114.0
31,feature_blocks,feat_uni,4,1,20,targ_class2,68.0,-15.0
31,feature_blocks,feat_uni,4,1,21,dist_class1,-285.0,127.0
31,feature_blocks,feat_uni,4,1,22,targ_class2,134.0,-268.0
31,feature_blocks,feat_uni,4,1,23,dist_class1,50.0,345.0
31,feature_blocks,feat_uni,4,1,24,dist_class2,188.0,-98.0
31,feature_blocks,feat_uni,4,1,25,dist_class1,-96.0,297.0
31,feature_blocks,feat_uni,4,1,26,dist_class1,-329.0,-232.0
31,feature_blocks,feat_uni,4,1,27,targ_class2,-194.0,-149.0
31,feature_blocks,feat_uni,4,1,28,targ_class2,312.0,190.0
31,feature_blocks,feat_uni,4,1,29,dist_class2,-323.0,-92.0
31,feature_blocks,feat_uni,4,1,30,targ_class1,142.0,-152.0
31,feature_blocks,feat_uni,4,1,31,dist_class1,-20.0,174.0
31,feature_blocks,feat_uni,4,1,32,targ_class2,32.0,195.0
31,feature_blocks,feat_uni,4,1,33,dist_class1,-34.0,-97.0
31,feature_blocks,feat_uni,4,1,34,dist_class1,-187.0,19.0
31,feature_blocks,feat_uni,4,1,35,dist_class1,254.0,19.0
31,feature_blocks,feat_uni,4,1,36,dist_class2,96.0,-310.0
31,feature_blocks,feat_uni,4,1,37,targ_class1,-288.0,-313.0
31,feature_blocks,feat_uni,4,1,38,targ_class1,-90.0,-38.0
31,feature_blocks,feat_uni,4,1,39,targ_class2,-76.0,178.0
31,feature_blocks,feat_uni,4,1,40,dist_class2,-16.0,-219.0
31,feature_blocks,feat_uni,4,1,41,dist_class2,371.0,-40.0
31,feature_blocks,feat_uni,4,1,42,targ_class1,159.0,-353.0
31,feature_blocks,feat_uni,4,1,43,targ_class1,115.0,280.0
31,feature_blocks,feat_uni,4,1,44,dist_class1,105.0,188.0
31,feature_blocks,feat_uni,4,1,45,targ_class2,10.0,-340.0
31,feature_blocks,feat_uni,4,1,46,targ_class1,-180.0,-37.0
31,feature_blocks,feat_uni,4,1,47,targ_class1,-2.0,15.0
31,feature_blocks,feat_uni,4,1,48,dist_class1,-87.0,241.0
31,feature_blocks,feat_uni,4,1,49,dist_class2,-59.0,-183.0
31,feature_blocks,feat_grid,2,1,1,dist_class1,-332.0,-323.0
31,feature_blocks,feat_grid,2,1,2,targ_class2,-214.0,-317.0
31,feature_blocks,feat_grid,2,1,3,targ_class1,-121.0,-315.0
31,feature_blocks,feat_grid,2,1,4,dist_class2,1.0,-314.0
31,feature_blocks,feat_grid,2,1,5,targ_class1,136.0,-324.0
31,feature_blocks,feat_grid,2,1,6,dist_class2,221.0,-305.0
31,feature_blocks,feat_grid,2,1,7,dist_class1,321.0,-321.0
31,feature_blocks,feat_grid,2,1,8,targ_class2,-327.0,-228.0
31,feature_blocks,feat_grid,2,1,9,targ_class2,-224.0,-201.0
31,feature_blocks,feat_grid,2,1,10,dist_class2,-106.0,-209.0
31,feature_blocks,feat_grid,2,1,11,targ_class2,-6.0,-216.0
31,feature_blocks,feat_grid,2,1,12,targ_class2,110.0,-206.0
31,feature_blocks,feat_grid,2,1,13,targ_class2,206.0,-198.0
31,feature_blocks,feat_grid,2,1,14,targ_class2,305.0,-229.0
31,feature_blocks,feat_grid,2,1,15,dist_class2,-321.0,-99.0
31,feature_blocks,feat_grid,2,1,16,targ_class1,-202.0,-119.0
31,feature_blocks,feat_grid,2,1,17,dist_class2,-108.0,-119.0
31,feature_blocks,feat_grid,2,1,18,dist_class2,1.0,-108.0
31,feature_blocks,feat_grid,2,1,19,dist_class2,110.0,-114.0
31,feature_blocks,feat_grid,2,1,20,dist_class1,203.0,-102.0
31,feature_blocks,feat_grid,2,1,21,targ_class2,327.0,-106.0
31,feature_blocks,feat_grid,2,1,22,dist_class2,-332.0,20.0
31,feature_blocks,feat_grid,2,1,23,targ_class1,-228.0,28.0
31,feature_blocks,feat_grid,2,1,24,targ_class2,-106.0,-3.0
31,feature_blocks,feat_grid,2,1,25,targ_class1,-19.0,5.0
31,feature_blocks,feat_grid,2,1,26,dist_class2,95.0,21.0
31,feature_blocks,feat_grid,2,1,27,dist_class2,240.0,3.0
31,feature_blocks,feat_grid,2,1,28,targ_class1,323.0,-5.0
31,feature_blocks,feat_grid,2,1,29,dist_class1,-303.0,110.0
31,feature_blocks,feat_grid,2,1,30,dist_class1,-213.0,121.0
31,feature_blocks,feat_grid,2,1,31,targ_class1,-124.0,108.0
31,feature_blocks,feat_grid,2,1,32,dist_class2,5.0,98.0
31,feature_blocks,feat_grid,2,1,33,targ_class1,111.0,92.0
31,feature_blocks,feat_grid,2,1,34,dist_class1,215.0,109.0
31,feature_blocks,feat_grid,2,1,35,targ_class1,333.0,91.0
31,feature_blocks,feat_grid,2,1,36,targ_class1,-314.0,208.0
31,feature_blocks,feat_grid,2,1,37,dist_class2,-223.0,214.0
31,feature_blocks,feat_grid,2,1,38,targ_class2,-116.0,217.0
31,feature_blocks,feat_grid,2,1,39,dist_class1,5.0,212.0
31,feature_blocks,feat_grid,2,1,40,targ_class2,112.0,213.0
31,feature_blocks,feat_grid,2,1,41,dist_class2,200.0,204.0
31,feature_blocks,feat_grid,2,1,42,targ_class1,301.0,201.0
31,feature_blocks,feat_grid,2,1,43,targ_class2,-330.0,330.0
31,feature_blocks,feat_grid,2,1,44,targ_class1,-232.0,336.0
31,feature_blocks,feat_grid,2,1,45,dist_class1,-111.0,326.0
31,feature_blocks,feat_grid,2,1,46,dist_class1,2.0,326.0
31,feature_blocks,feat_grid,2,1,47,dist_class1,102.0,330.0
31,feature_blocks,feat_grid,2,1,48,dist_class1,219.0,329.0
31,feature_blocks,feat_grid,2,1,49,dist_class1,328.0,318.0
31,feature_blocks,feat_uni,1,1,1,targ_class1,-48.0,117.0
31,feature_blocks,feat_uni,1,1,2,dist_class2,-30.0,311.0
31,feature_blocks,feat_uni,1,1,3,dist_class1,-305.0,211.0
31,feature_blocks,feat_uni,1,1,4,dist_class2,17.0,258.0
31,feature_blocks,feat_uni,1,1,5,targ_class1,-233.0,-256.0
31,feature_blocks,feat_uni,1,1,6,dist_class1,267.0,-121.0
31,feature_blocks,feat_uni,1,1,7,targ_class2,248.0,-173.0
31,feature_blocks,feat_uni,1,1,8,dist_class2,-173.0,355.0
31,feature_blocks,feat_uni,1,1,9,targ_class1,-356.0,-303.0
31,feature_blocks,feat_uni,1,1,10,targ_class1,-42.0,-155.0
31,feature_blocks,feat_uni,1,1,11,targ_class2,-51.0,16.0
31,feature_blocks,feat_uni,1,1,12,dist_class1,-185.0,-138.0
31,feature_blocks,feat_uni,1,1,13,targ_class1,359.0,-22.0
31,feature_blocks,feat_uni,1,1,14,targ_class2,288.0,197.0
31,feature_blocks,feat_uni,1,1,15,targ_class2,-116.0,-341.0
31,feature_blocks,feat_uni,1,1,16,dist_class2,215.0,-67.0
31,feature_blocks,feat_uni,1,1,17,dist_class1,305.0,-78.0
31,feature_blocks,feat_uni,1,1,18,targ_class2,139.0,-112.0
31,feature_blocks,feat_uni,1,1,19,dist_class1,-95.0,53.0
31,feature_blocks,feat_uni,1,1,20,targ_class2,-186.0,-286.0
31,feature_blocks,feat_uni,1,1,21,dist_class2,50.0,304.0
31,feature_blocks,feat_uni,1,1,22,dist_class2,47.0,-222.0
31,feature_blocks,feat_uni,1,1,23,dist_class1,356.0,77.0
31,feature_blocks,feat_uni,1,1,24,dist_class1,248.0,-22.0
31,feature_blocks,feat_uni,1,1,25,dist_class2,308.0,-297.0
31,feature_blocks,feat_uni,1,1,26,dist_class1,344.0,202.0
31,feature_blocks,feat_uni,1,1,27,targ_class1,338.0,-344.0
31,feature_blocks,feat_uni,1,1,28,dist_class1,-215.0,-53.0
31,feature_blocks,feat_uni,1,1,29,targ_class2,195.0,-120.0
31,feature_blocks,feat_uni,1,1,30,dist_class2,63.0,227.0
31,feature_blocks,feat_uni,1,1,31,dist_class1,337.0,-236.0
31,feature_blocks,feat_uni,1,1,32,targ_class1,-214.0,192.0
31,feature_blocks,feat_uni,1,1,33,dist_class2,-265.0,250.0
31,feature_blocks,feat_uni,1,1,34,targ_class2,-15.0,213.0
31,feature_blocks,feat_uni,1,1,35,targ_class1,179.0,-360.0
31,feature_blocks,feat_uni,1,1,36,dist_class2,-208.0,248.0
31,feature_blocks,feat_uni,1,1,37,targ_class1,-233.0,-106.0
31,feature_blocks,feat_uni,1,1,38,dist_class1,126.0,51.0
31,feature_blocks,feat_uni,1,1,39,targ_class2,251.0,155.0
31,feature_blocks,feat_uni,1,1,40,targ_class1,-259.0,-206.0
31,feature_blocks,feat_uni,1,1,41,dist_class2,303.0,-23.0
31,feature_blocks,feat_uni,1,1,42,targ_class2,157.0,-2.0
31,feature_blocks,feat_uni,1,1,43,dist_class2,72.0,103.0
31,feature_blocks,feat_uni,1,1,44,dist_class1,55.0,-298.0
31,feature_blocks,feat_uni,1,1,45,dist_class2,-76.0,258.0
31,feature_blocks,feat_uni,1,1,46,targ_class1,115.0,-273.0
31,feature_blocks,feat_uni,1,1,47,targ_class1,27.0,355.0
31,feature_blocks,feat_uni,1,1,48,targ_class2,247.0,-242.0
31,feature_blocks,feat_uni,1,1,49,targ_class2,185.0,262.0
31,feature_blocks,feat_uni,3,1,1,targ_class1,-238.0,-347.0
31,feature_blocks,feat_uni,3,1,2,dist_class2,-292.0,-330.0
31,feature_blocks,feat_uni,3,1,3,dist_class2,-326.0,16.0
31,feature_blocks,feat_uni,3,1,4,dist_class1,-170.0,-302.0
31,feature_blocks,feat_uni,3,1,5,dist_class1,72.0,-75.0
31,feature_blocks,feat_uni,3,1,6,dist_class2,239.0,-320.0
31,feature_blocks,feat_uni,3,1,7,dist_class1,160.0,-76.0
31,feature_blocks,feat_uni,3,1,8,targ_class2,-143.0,-69.0
31,feature_blocks,feat_uni,3,1,9,dist_class1,265.0,293.0
31,feature_blocks,feat_uni,3,1,10,targ_class1,-295.0,-385.0
31,feature_blocks,feat_uni,3,1,11,targ_class1,-27.0,-354.0
31,feature_blocks,feat_uni,3,1,12,dist_class1,37.0,358.0
31,feature_blocks,feat_uni,3,1,13,targ_class2,-77.0,-69.0
31,feature_blocks,feat_uni,3,1,14,dist_class2,-155.0,88.0
31,feature_blocks,feat_uni,3,1,15,targ_class2,103.0,-167.0
31,feature_blocks,feat_uni,3,1,16,targ_class1,-4.0,158.0
31,feature_blocks,feat_uni,3,1,17,targ_class1,141.0,-215.0
31,feature_blocks,feat_uni,3,1,18,targ_class2,320.0,77.0
31,feature_blocks,feat_uni,3,1,19,targ_class1,-71.0,97.0
31,feature_blocks,feat_uni,3,1,20,dist_class2,117.0,-112.0
31,feature_blocks,feat_uni,3,1,21,dist_class2,-125.0,39.0
31,feature_blocks,feat_uni,3,1,22,dist_class1,330.0,133.0
31,feature_blocks,feat_uni,3,1,23,targ_class1,-288.0,-274.0
31,feature_blocks,feat_uni,3,1,24,dist_class2,106.0,80.0
31,feature_blocks,feat_uni,3,1,25,targ_class1,-343.0,-351.0
31,feature_blocks,feat_uni,3,1,26,targ_class1,46.0,41.0
31,feature_blocks,feat_uni,3,1,27,targ_class1,-269.0,36.0
31,feature_blocks,feat_uni,3,1,28,dist_class2,-10.0,29.0
31,feature_blocks,feat_uni,3,1,29,targ_class2,-339.0,333.0
31,feature_blocks,feat_uni,3,1,30,dist_class2,211.0,279.0
31,feature_blocks,feat_uni,3,1,31,dist_class2,7.0,-227.0
31,feature_blocks,feat_uni,3,1,32,dist_class2,-163.0,-130.0
31,feature_blocks,feat_uni,3,1,33,targ_class2,-79.0,-163.0
31,feature_blocks,feat_uni,3,1,34,targ_class1,-245.0,300.0
31,feature_blocks,feat_uni,3,1,35,dist_class1,188.0,193.0
31,feature_blocks,feat_uni,3,1,36,dist_class1,286.0,-62.0
31,feature_blocks,feat_uni,3,1,37,dist_class2,-271.0,-178.0
31,feature_blocks,feat_uni,3,1,38,targ_class2,172.0,-167.0
31,feature_blocks,feat_uni,3,1,39,dist_class1,234.0,-129.0
31,feature_blocks,feat_uni,3,1,40,targ_class2,272.0,-366.0
31,feature_blocks,feat_uni,3,1,41,targ_class2,233.0,159.0
31,feature_blocks,feat_uni,3,1,42,targ_class1,358.0,-358.0
31,feature_blocks,feat_uni,3,1,43,targ_class2,-264.0,-123.0
31,feature_blocks,feat_uni,3,1,44,dist_class1,96.0,311.0
31,feature_blocks,feat_uni,3,1,45,targ_class2,-198.0,-238.0
31,feature_blocks,feat_uni,3,1,46,dist_class2,52.0,97.0
31,feature_blocks,feat_uni,3,1,47,dist_class1,-49.0,352.0
31,feature_blocks,feat_uni,3,1,48,targ_class2,-109.0,-115.0
31,feature_blocks,feat_uni,3,1,49,dist_class1,-253.0,-230.0
31,feature_blocks,feat_rot,3,1,1,targ_class2,-9.0,-448.0
31,feature_blocks,feat_rot,3,1,2,dist_class2,76.0,-386.0
31,feature_blocks,feat_rot,3,1,3,targ_class2,155.0,-298.0
31,feature_blocks,feat_rot,3,1,4,dist_class2,229.0,-239.0
31,feature_blocks,feat_rot,3,1,5,dist_class1,325.0,-140.0
31,feature_blocks,feat_rot,3,1,6,targ_class2,369.0,-75.0
31,feature_blocks,feat_rot,3,1,7,dist_class2,466.0,22.0
31,feature_blocks,feat_rot,3,1,8,dist_class2,-92.0,-387.0
31,feature_blocks,feat_rot,3,1,9,dist_class1,-1.0,-304.0
31,feature_blocks,feat_rot,3,1,10,dist_class1,63.0,-237.0
31,feature_blocks,feat_rot,3,1,11,targ_class1,141.0,-159.0
31,feature_blocks,feat_rot,3,1,12,targ_class1,224.0,-65.0
31,feature_blocks,feat_rot,3,1,13,dist_class2,288.0,-1.0
31,feature_blocks,feat_rot,3,1,14,targ_class1,383.0,77.0
31,feature_blocks,feat_rot,3,1,15,targ_class2,-164.0,-301.0
31,feature_blocks,feat_rot,3,1,16,targ_class1,-76.0,-230.0
31,feature_blocks,feat_rot,3,1,17,dist_class1,3.0,-147.0
31,feature_blocks,feat_rot,3,1,18,targ_class1,79.0,-73.0
31,feature_blocks,feat_rot,3,1,19,targ_class2,163.0,-0.0
31,feature_blocks,feat_rot,3,1,20,targ_class2,221.0,39.0
31,feature_blocks,feat_rot,3,1,21,targ_class1,286.0,144.0
31,feature_blocks,feat_rot,3,1,22,targ_class1,-230.0,-218.0
31,feature_blocks,feat_rot,3,1,23,dist_class2,-149.0,-151.0
31,feature_blocks,feat_rot,3,1,24,dist_class2,-77.0,-86.0
31,feature_blocks,feat_rot,3,1,25,targ_class2,-4.0,10.0
31,feature_blocks,feat_rot,3,1,26,dist_class1,86.0,83.0
31,feature_blocks,feat_rot,3,1,27,targ_class1,151.0,137.0
31,feature_blocks,feat_rot,3,1,28,targ_class2,243.0,215.0
31,feature_blocks,feat_rot,3,1,29,dist_class2,-315.0,-141.0
31,feature_blocks,feat_rot,3,1,30,dist_class2,-222.0,-83.0
31,feature_blocks,feat_rot,3,1,31,dist_class1,-157.0,7.0
31,feature_blocks,feat_rot,3,1,32,targ_class1,-103.0,65.0
31,feature_blocks,feat_rot,3,1,33,targ_class2,-1.0,137.0
31,feature_blocks,feat_rot,3,1,34,dist_class2,80.0,228.0
31,feature_blocks,feat_rot,3,1,35,dist_class1,149.0,301.0
31,feature_blocks,feat_rot,3,1,36,dist_class2,-406.0,-67.0
31,feature_blocks,feat_rot,3,1,37,targ_class2,-316.0,-6.0
31,feature_blocks,feat_rot,3,1,38,targ_class1,-238.0,75.0
31,feature_blocks,feat_rot,3,1,39,targ_class1,-157.0,171.0
31,feature_blocks,feat_rot,3,1,40,dist_class2,-70.0,226.0
31,feature_blocks,feat_rot,3,1,41,dist_class1,-9.0,305.0
31,feature_blocks,feat_rot,3,1,42,targ_class1,84.0,390.0
31,feature_blocks,feat_rot,3,1,43,dist_class1,-448.0,-8.0
31,feature_blocks,feat_rot,3,1,44,targ_class2,-385.0,77.0
31,feature_blocks,feat_rot,3,1,45,dist_class1,-295.0,132.0
31,feature_blocks,feat_rot,3,1,46,dist_class2,-232.0,222.0
31,feature_blocks,feat_rot,3,1,47,dist_class1,-164.0,316.0
31,feature_blocks,feat_rot,3,1,48,targ_class2,-76.0,391.0
31,feature_blocks,feat_rot,3,1,49,dist_class1,6.0,456.0
31,feature_blocks,feat_grid,1,1,1,targ_class1,-330.0,-311.0
31,feature_blocks,feat_grid,1,1,2,targ_class1,-205.0,-321.0
31,feature_blocks,feat_grid,1,1,3,dist_class1,-105.0,-317.0
31,feature_blocks,feat_grid,1,1,4,dist_class1,-16.0,-317.0
31,feature_blocks,feat_grid,1,1,5,dist_class1,108.0,-318.0
31,feature_blocks,feat_grid,1,1,6,dist_class1,224.0,-315.0
31,feature_blocks,feat_grid,1,1,7,targ_class2,328.0,-321.0
31,feature_blocks,feat_grid,1,1,8,targ_class2,-326.0,-214.0
31,feature_blocks,feat_grid,1,1,9,targ_class1,-207.0,-221.0
31,feature_blocks,feat_grid,1,1,10,dist_class1,-105.0,-212.0
31,feature_blocks,feat_grid,1,1,11,dist_class2,19.0,-224.0
31,feature_blocks,feat_grid,1,1,12,dist_class2,113.0,-218.0
31,feature_blocks,feat_grid,1,1,13,dist_class1,216.0,-218.0
31,feature_blocks,feat_grid,1,1,14,targ_class1,305.0,-222.0
31,feature_blocks,feat_grid,1,1,15,targ_class2,-314.0,-122.0
31,feature_blocks,feat_grid,1,1,16,dist_class1,-211.0,-105.0
31,feature_blocks,feat_grid,1,1,17,dist_class2,-111.0,-120.0
31,feature_blocks,feat_grid,1,1,18,dist_class1,5.0,-118.0
31,feature_blocks,feat_grid,1,1,19,targ_class1,102.0,-127.0
31,feature_blocks,feat_grid,1,1,20,dist_class2,221.0,-113.0
31,feature_blocks,feat_grid,1,1,21,dist_class2,330.0,-113.0
31,feature_blocks,feat_grid,1,1,22,dist_class2,-310.0,4.0
31,feature_blocks,feat_grid,1,1,23,targ_class1,-223.0,8.0
31,feature_blocks,feat_grid,1,1,24,targ_class2,-124.0,-2.0
31,feature_blocks,feat_grid,1,1,25,dist_class2,2.0,4.0
31,feature_blocks,feat_grid,1,1,26,targ_class2,128.0,10.0
31,feature_blocks,feat_grid,1,1,27,targ_class1,228.0,6.0
31,feature_blocks,feat_grid,1,1,28,targ_class2,312.0,-1.0
31,feature_blocks,feat_grid,1,1,29,targ_class1,-321.0,132.0
31,feature_blocks,feat_grid,1,1,30,dist_class1,-211.0,93.0
31,feature_blocks,feat_grid,1,1,31,dist_class2,-107.0,97.0
31,feature_blocks,feat_grid,1,1,32,targ_class1,-8.0,114.0
31,feature_blocks,feat_grid,1,1,33,targ_class2,108.0,112.0
31,feature_blocks,feat_grid,1,1,34,targ_class2,217.0,124.0
31,feature_blocks,feat_grid,1,1,35,dist_class1,321.0,108.0
31,feature_blocks,feat_grid,1,1,36,dist_class1,-332.0,223.0
31,feature_blocks,feat_grid,1,1,37,dist_class2,-202.0,209.0
31,feature_blocks,feat_grid,1,1,38,targ_class1,-109.0,210.0
31,feature_blocks,feat_grid,1,1,39,dist_class2,-10.0,202.0
31,feature_blocks,feat_grid,1,1,40,targ_class1,109.0,223.0
31,feature_blocks,feat_grid,1,1,41,targ_class2,227.0,214.0
31,feature_blocks,feat_grid,1,1,42,dist_class2,335.0,208.0
31,feature_blocks,feat_grid,1,1,43,targ_class2,-309.0,315.0
31,feature_blocks,feat_grid,1,1,44,dist_class2,-220.0,295.0
31,feature_blocks,feat_grid,1,1,45,dist_class2,-105.0,328.0
31,feature_blocks,feat_grid,1,1,46,targ_class2,-15.0,314.0
31,feature_blocks,feat_grid,1,1,47,targ_class1,116.0,330.0
31,feature_blocks,feat_grid,1,1,48,targ_class2,217.0,323.0
31,feature_blocks,feat_grid,1,1,49,dist_class1,331.0,328.0
