person,block,condition,trial,attempt,id,item_class,x,y
14,prac2_conj,conj_grid,1,1,1,dist_class1,-326.0,-342.0
14,prac2_conj,conj_grid,1,1,2,targ_class1,-218.0,-342.0
14,prac2_conj,conj_grid,1,1,3,dist_class2,-92.0,-328.0
14,prac2_conj,conj_grid,1,1,4,dist_class2,-8.0,-324.0
14,prac2_conj,conj_grid,1,1,5,targ_class2,92.0,-326.0
14,prac2_conj,conj_grid,1,1,6,dist_class1,206.0,-335.0
14,prac2_conj,conj_grid,1,1,7,dist_class2,336.0,-335.0
14,prac2_conj,conj_grid,1,1,8,dist_class1,-330.0,-224.0
14,prac2_conj,conj_grid,1,1,9,targ_class1,-213.0,-210.0
14,prac2_conj,conj_grid,1,1,10,targ_class2,-107.0,-222.0
14,prac2_conj,conj_grid,1,1,11,dist_class1,10.0,-214.0
14,prac2_conj,conj_grid,1,1,12,dist_class1,101.0,-215.0
14,prac2_conj,conj_grid,1,1,13,dist_class2,194.0,-250.0
14,prac2_conj,conj_grid,1,1,14,dist_class2,323.0,-224.0
14,prac2_conj,conj_grid,1,1,15,dist_class1,-331.0,-100.0
14,prac2_conj,conj_grid,1,1,16,dist_class2,-209.0,-107.0
14,prac2_conj,conj_grid,1,1,17,targ_class1,-112.0,-108.0
14,prac2_conj,conj_grid,1,1,18,dist_class2,-1.0,-128.0
14,prac2_conj,conj_grid,1,1,19,targ_class2,114.0,-114.0
14,prac2_conj,conj_grid,1,1,20,dist_class1,208.0,-111.0
14,prac2_conj,conj_grid,1,1,21,dist_class2,317.0,-81.0
14,prac2_conj,conj_grid,1,1,22,dist_class1,-313.0,-4.0
14,prac2_conj,conj_grid,1,1,23,targ_class2,-212.0,-6.0
14,prac2_conj,conj_grid,1,1,24,targ_class1,-119.0,5.0
14,prac2_conj,conj_grid,1,1,25,dist_class1,-4.0,-14.0
14,prac2_conj,conj_grid,1,1,26,targ_class1,124.0,-6.0
14,prac2_conj,conj_grid,1,1,27,targ_class1,214.0,-14.0
14,prac2_conj,conj_grid,1,1,28,targ_class2,343.0,5.0
14,prac2_conj,conj_grid,1,1,29,dist_class1,-317.0,108.0
14,prac2_conj,conj_grid,1,1,30,targ_class1,-208.0,118.0
14,prac2_conj,conj_grid,1,1,31,targ_class2,-110.0,112.0
14,prac2_conj,conj_grid,1,1,32,dist_class2,2.0,119.0
14,prac2_conj,conj_grid,1,1,33,targ_class2,109.0,105.0
14,prac2_conj,conj_grid,1,1,34,dist_class2,224.0,103.0
14,prac2_conj,conj_grid,1,1,35,dist_class2,323.0,103.0
14,prac2_conj,conj_grid,1,1,36,targ_class1,-323.0,216.0
14,prac2_conj,conj_grid,1,1,37,targ_class2,-212.0,232.0
14,prac2_conj,conj_grid,1,1,38,targ_class1,-107.0,208.0
14,prac2_conj,conj_grid,1,1,39,targ_class2,-8.0,231.0
14,prac2_conj,conj_grid,1,1,40,targ_class1,116.0,202.0
14,prac2_conj,conj_grid,1,1,41,targ_class2,218.0,205.0
14,prac2_conj,conj_grid,1,1,42,targ_class1,313.0,199.0
14,prac2_conj,conj_grid,1,1,43,targ_class2,-321.0,325.0
14,prac2_conj,conj_grid,1,1,44,dist_class2,-227.0,332.0
14,prac2_conj,conj_grid,1,1,45,dist_class2,-105.0,323.0
14,prac2_conj,conj_grid,1,1,46,dist_class1,8.0,303.0
14,prac2_conj,conj_grid,1,1,47,targ_class1,102.0,324.0
14,prac2_conj,conj_grid,1,1,48,targ_class2,205.0,317.0
14,prac2_conj,conj_grid,1,1,49,dist_class1,320.0,309.0
14,prac2_conj,conj_grid,1,2,1,dist_class1,-333.0,-317.0
14,prac2_conj,conj_grid,1,2,2,targ_class1,-218.0,-317.0
14,prac2_conj,conj_grid,1,2,3,targ_class2,-117.0,-319.0
14,prac2_conj,conj_grid,1,2,4,dist_class1,-1.0,-329.0
14,prac2_conj,conj_grid,1,2,5,targ_class1,103.0,-322.0
14,prac2_conj,conj_grid,1,2,6,targ_class2,201.0,-316.0
14,prac2_conj,conj_grid,1,2,7,targ_class2,325.0,-334.0
14,prac2_conj,conj_grid,1,2,8,targ_class1,-325.0,-219.0
14,prac2_conj,conj_grid,1,2,9,dist_class2,-213.0,-203.0
14,prac2_conj,conj_grid,1,2,10,targ_class2,-121.0,-205.0
14,prac2_conj,conj_grid,1,2,11,targ_class2,12.0,-225.0
14,prac2_conj,conj_grid,1,2,12,dist_class1,114.0,-214.0
14,prac2_conj,conj_grid,1,2,13,dist_class2,199.0,-225.0
14,prac2_conj,conj_grid,1,2,14,targ_class1,318.0,-222.0
14,prac2_conj,conj_grid,1,2,15,dist_class2,-329.0,-105.0
14,prac2_conj,conj_grid,1,2,16,dist_class1,-206.0,-114.0
14,prac2_conj,conj_grid,1,2,17,dist_class1,-98.0,-127.0
14,prac2_conj,conj_grid,1,2,18,targ_class2,-9.0,-116.0
14,prac2_conj,conj_grid,1,2,19,targ_class2,96.0,-97.0
14,prac2_conj,conj_grid,1,2,20,targ_class1,208.0,-110.0
14,prac2_conj,conj_grid,1,2,21,dist_class1,314.0,-96.0
14,prac2_conj,conj_grid,1,2,22,targ_class1,-329.0,9.0
14,prac2_conj,conj_grid,1,2,23,targ_class2,-221.0,-5.0
14,prac2_conj,conj_grid,1,2,24,targ_class2,-99.0,9.0
14,prac2_conj,conj_grid,1,2,25,dist_class1,9.0,21.0
14,prac2_conj,conj_grid,1,2,26,dist_class2,125.0,-6.0
14,prac2_conj,conj_grid,1,2,27,dist_class2,220.0,-21.0
14,prac2_conj,conj_grid,1,2,28,dist_class1,319.0,20.0
14,prac2_conj,conj_grid,1,2,29,dist_class2,-315.0,104.0
14,prac2_conj,conj_grid,1,2,30,dist_class2,-216.0,104.0
14,prac2_conj,conj_grid,1,2,31,targ_class1,-112.0,95.0
14,prac2_conj,conj_grid,1,2,32,dist_class2,-16.0,104.0
14,prac2_conj,conj_grid,1,2,33,targ_class1,101.0,113.0
14,prac2_conj,conj_grid,1,2,34,targ_class1,208.0,98.0
14,prac2_conj,conj_grid,1,2,35,targ_class1,317.0,104.0
14,prac2_conj,conj_grid,1,2,36,dist_class2,-328.0,216.0
14,prac2_conj,conj_grid,1,2,37,targ_class2,-202.0,217.0
14,prac2_conj,conj_grid,1,2,38,targ_class1,-134.0,235.0
14,prac2_conj,conj_grid,1,2,39,dist_class1,8.0,222.0
14,prac2_conj,conj_grid,1,2,40,dist_class1,96.0,222.0
14,prac2_conj,conj_grid,1,2,41,dist_class2,213.0,216.0
14,prac2_conj,conj_grid,1,2,42,dist_class1,311.0,205.0
14,prac2_conj,conj_grid,1,2,43,dist_class2,-342.0,333.0
14,prac2_conj,conj_grid,1,2,44,targ_class1,-200.0,328.0
14,prac2_conj,conj_grid,1,2,45,dist_class2,-105.0,324.0
14,prac2_conj,conj_grid,1,2,46,targ_class2,-9.0,327.0
14,prac2_conj,conj_grid,1,2,47,dist_class2,101.0,329.0
14,prac2_conj,conj_grid,1,2,48,dist_class1,213.0,323.0
14,prac2_conj,conj_grid,1,2,49,targ_class2,315.0,319.0
14,prac2_conj,conj_grid,1,3,1,dist_class1,-317.0,-313.0
14,prac2_conj,conj_grid,1,3,2,targ_class2,-211.0,-318.0
14,prac2_conj,conj_grid,1,3,3,targ_class2,-128.0,-326.0
14,prac2_conj,conj_grid,1,3,4,dist_class1,10.0,-318.0
14,prac2_conj,conj_grid,1,3,5,targ_class1,105.0,-338.0
14,prac2_conj,conj_grid,1,3,6,dist_class2,224.0,-346.0
14,prac2_conj,conj_grid,1,3,7,targ_class2,338.0,-321.0
14,prac2_conj,conj_grid,1,3,8,dist_class1,-315.0,-212.0
14,prac2_conj,conj_grid,1,3,9,targ_class1,-205.0,-222.0
14,prac2_conj,conj_grid,1,3,10,targ_class1,-98.0,-192.0
14,prac2_conj,conj_grid,1,3,11,dist_class2,-4.0,-232.0
14,prac2_conj,conj_grid,1,3,12,targ_class2,94.0,-214.0
14,prac2_conj,conj_grid,1,3,13,targ_class2,226.0,-224.0
14,prac2_conj,conj_grid,1,3,14,dist_class1,317.0,-229.0
14,prac2_conj,conj_grid,1,3,15,dist_class2,-321.0,-93.0
14,prac2_conj,conj_grid,1,3,16,dist_class1,-218.0,-110.0
14,prac2_conj,conj_grid,1,3,17,targ_class2,-89.0,-101.0
14,prac2_conj,conj_grid,1,3,18,targ_class1,7.0,-111.0
14,prac2_conj,conj_grid,1,3,19,dist_class2,112.0,-116.0
14,prac2_conj,conj_grid,1,3,20,dist_class2,215.0,-105.0
14,prac2_conj,conj_grid,1,3,21,dist_class1,333.0,-116.0
14,prac2_conj,conj_grid,1,3,22,dist_class1,-338.0,18.0
14,prac2_conj,conj_grid,1,3,23,targ_class2,-215.0,-8.0
14,prac2_conj,conj_grid,1,3,24,targ_class1,-111.0,-14.0
14,prac2_conj,conj_grid,1,3,25,targ_class2,1.0,-9.0
14,prac2_conj,conj_grid,1,3,26,dist_class1,92.0,1.0
14,prac2_conj,conj_grid,1,3,27,targ_class2,225.0,-8.0
14,prac2_conj,conj_grid,1,3,28,dist_class2,323.0,-6.0
14,prac2_conj,conj_grid,1,3,29,dist_class2,-323.0,117.0
14,prac2_conj,conj_grid,1,3,30,targ_class1,-214.0,110.0
14,prac2_conj,conj_grid,1,3,31,targ_class2,-104.0,109.0
14,prac2_conj,conj_grid,1,3,32,targ_class1,-4.0,98.0
14,prac2_conj,conj_grid,1,3,33,targ_class2,95.0,126.0
14,prac2_conj,conj_grid,1,3,34,dist_class1,213.0,108.0
14,prac2_conj,conj_grid,1,3,35,dist_class2,315.0,128.0
14,prac2_conj,conj_grid,1,3,36,dist_class1,-317.0,225.0
14,prac2_conj,conj_grid,1,3,37,targ_class2,-223.0,222.0
14,prac2_conj,conj_grid,1,3,38,dist_class2,-113.0,228.0
14,prac2_conj,conj_grid,1,3,39,dist_class1,9.0,201.0
14,prac2_conj,conj_grid,1,3,40,targ_class1,111.0,210.0
14,prac2_conj,conj_grid,1,3,41,dist_class2,213.0,235.0
14,prac2_conj,conj_grid,1,3,42,targ_class1,301.0,226.0
14,prac2_conj,conj_grid,1,3,43,targ_class1,-322.0,327.0
14,prac2_conj,conj_grid,1,3,44,targ_class1,-207.0,338.0
14,prac2_conj,conj_grid,1,3,45,dist_class2,-110.0,333.0
14,prac2_conj,conj_grid,1,3,46,targ_class1,6.0,328.0
14,prac2_conj,conj_grid,1,3,47,dist_class2,103.0,333.0
14,prac2_conj,conj_grid,1,3,48,dist_class1,212.0,311.0
14,prac2_conj,conj_grid,1,3,49,dist_class2,322.0,333.0
14,prac2_conj,conj_grid,1,4,1,targ_class1,-336.0,-335.0
14,prac2_conj,conj_grid,1,4,2,targ_class2,-222.0,-331.0
14,prac2_conj,conj_grid,1,4,3,dist_class1,-101.0,-332.0
14,prac2_conj,conj_grid,1,4,4,targ_class1,-7.0,-316.0
14,prac2_conj,conj_grid,1,4,5,targ_class1,93.0,-315.0
14,prac2_conj,conj_grid,1,4,6,targ_class1,241.0,-315.0
14,prac2_conj,conj_grid,1,4,7,dist_class1,322.0,-319.0
14,prac2_conj,conj_grid,1,4,8,targ_class1,-315.0,-206.0
14,prac2_conj,conj_grid,1,4,9,dist_class1,-227.0,-212.0
14,prac2_conj,conj_grid,1,4,10,targ_class1,-104.0,-223.0
14,prac2_conj,conj_grid,1,4,11,dist_class1,9.0,-203.0
14,prac2_conj,conj_grid,1,4,12,dist_class2,99.0,-212.0
14,prac2_conj,conj_grid,1,4,13,dist_class1,205.0,-208.0
14,prac2_conj,conj_grid,1,4,14,dist_class2,329.0,-200.0
14,prac2_conj,conj_grid,1,4,15,dist_class2,-323.0,-117.0
14,prac2_conj,conj_grid,1,4,16,dist_class2,-209.0,-108.0
14,prac2_conj,conj_grid,1,4,17,dist_class2,-105.0,-92.0
14,prac2_conj,conj_grid,1,4,18,dist_class2,16.0,-104.0
14,prac2_conj,conj_grid,1,4,19,dist_class2,122.0,-96.0
14,prac2_conj,conj_grid,1,4,20,dist_class1,227.0,-104.0
14,prac2_conj,conj_grid,1,4,21,targ_class2,329.0,-102.0
14,prac2_conj,conj_grid,1,4,22,dist_class2,-331.0,6.0
14,prac2_conj,conj_grid,1,4,23,targ_class2,-220.0,19.0
14,prac2_conj,conj_grid,1,4,24,targ_class2,-111.0,23.0
14,prac2_conj,conj_grid,1,4,25,targ_class1,-2.0,15.0
14,prac2_conj,conj_grid,1,4,26,dist_class2,115.0,-0.0
14,prac2_conj,conj_grid,1,4,27,targ_class2,212.0,2.0
14,prac2_conj,conj_grid,1,4,28,targ_class1,317.0,1.0
14,prac2_conj,conj_grid,1,4,29,dist_class2,-335.0,108.0
14,prac2_conj,conj_grid,1,4,30,targ_class2,-230.0,101.0
14,prac2_conj,conj_grid,1,4,31,targ_class2,-104.0,109.0
14,prac2_conj,conj_grid,1,4,32,dist_class1,-0.0,110.0
14,prac2_conj,conj_grid,1,4,33,targ_class1,125.0,112.0
14,prac2_conj,conj_grid,1,4,34,targ_class2,222.0,113.0
14,prac2_conj,conj_grid,1,4,35,targ_class2,319.0,118.0
14,prac2_conj,conj_grid,1,4,36,dist_class2,-315.0,209.0
14,prac2_conj,conj_grid,1,4,37,targ_class1,-219.0,213.0
14,prac2_conj,conj_grid,1,4,38,targ_class2,-131.0,195.0
14,prac2_conj,conj_grid,1,4,39,targ_class2,6.0,219.0
14,prac2_conj,conj_grid,1,4,40,dist_class1,95.0,224.0
14,prac2_conj,conj_grid,1,4,41,dist_class1,196.0,202.0
14,prac2_conj,conj_grid,1,4,42,dist_class2,338.0,213.0
14,prac2_conj,conj_grid,1,4,43,targ_class1,-328.0,311.0
14,prac2_conj,conj_grid,1,4,44,targ_class1,-223.0,330.0
14,prac2_conj,conj_grid,1,4,45,dist_class1,-122.0,311.0
14,prac2_conj,conj_grid,1,4,46,dist_class1,-7.0,335.0
14,prac2_conj,conj_grid,1,4,47,dist_class1,114.0,330.0
14,prac2_conj,conj_grid,1,4,48,targ_class2,211.0,326.0
14,prac2_conj,conj_grid,1,4,49,dist_class2,333.0,318.0
14,prac2_conj,conj_grid,1,5,1,dist_class2,-332.0,-335.0
14,prac2_conj,conj_grid,1,5,2,targ_class2,-211.0,-312.0
14,prac2_conj,conj_grid,1,5,3,targ_class2,-103.0,-320.0
14,prac2_conj,conj_grid,1,5,4,targ_class1,-12.0,-319.0
14,prac2_conj,conj_grid,1,5,5,targ_class2,113.0,-328.0
14,prac2_conj,conj_grid,1,5,6,targ_class2,212.0,-303.0
14,prac2_conj,conj_grid,1,5,7,dist_class1,313.0,-319.0
14,prac2_conj,conj_grid,1,5,8,dist_class1,-318.0,-238.0
14,prac2_conj,conj_grid,1,5,9,dist_class1,-216.0,-199.0
14,prac2_conj,conj_grid,1,5,10,targ_class1,-115.0,-202.0
14,prac2_conj,conj_grid,1,5,11,targ_class1,4.0,-224.0
14,prac2_conj,conj_grid,1,5,12,dist_class2,108.0,-201.0
14,prac2_conj,conj_grid,1,5,13,targ_class1,213.0,-216.0
14,prac2_conj,conj_grid,1,5,14,dist_class2,338.0,-205.0
14,prac2_conj,conj_grid,1,5,15,targ_class2,-313.0,-107.0
14,prac2_conj,conj_grid,1,5,16,dist_class1,-216.0,-113.0
14,prac2_conj,conj_grid,1,5,17,targ_class2,-116.0,-94.0
14,prac2_conj,conj_grid,1,5,18,dist_class2,19.0,-93.0
14,prac2_conj,conj_grid,1,5,19,dist_class1,98.0,-95.0
14,prac2_conj,conj_grid,1,5,20,dist_class2,205.0,-111.0
14,prac2_conj,conj_grid,1,5,21,dist_class2,322.0,-97.0
14,prac2_conj,conj_grid,1,5,22,targ_class1,-317.0,6.0
14,prac2_conj,conj_grid,1,5,23,dist_class2,-215.0,17.0
14,prac2_conj,conj_grid,1,5,24,dist_class1,-94.0,2.0
14,prac2_conj,conj_grid,1,5,25,dist_class2,-4.0,-23.0
14,prac2_conj,conj_grid,1,5,26,dist_class1,103.0,-15.0
14,prac2_conj,conj_grid,1,5,27,dist_class1,221.0,-12.0
14,prac2_conj,conj_grid,1,5,28,dist_class2,303.0,-9.0
14,prac2_conj,conj_grid,1,5,29,targ_class1,-315.0,94.0
14,prac2_conj,conj_grid,1,5,30,targ_class2,-221.0,104.0
14,prac2_conj,conj_grid,1,5,31,dist_class1,-114.0,110.0
14,prac2_conj,conj_grid,1,5,32,targ_class2,-12.0,99.0
14,prac2_conj,conj_grid,1,5,33,dist_class2,115.0,120.0
14,prac2_conj,conj_grid,1,5,34,dist_class2,216.0,127.0
14,prac2_conj,conj_grid,1,5,35,targ_class2,327.0,109.0
14,prac2_conj,conj_grid,1,5,36,targ_class1,-309.0,224.0
14,prac2_conj,conj_grid,1,5,37,dist_class1,-206.0,223.0
14,prac2_conj,conj_grid,1,5,38,targ_class1,-112.0,221.0
14,prac2_conj,conj_grid,1,5,39,dist_class2,9.0,226.0
14,prac2_conj,conj_grid,1,5,40,targ_class2,117.0,228.0
14,prac2_conj,conj_grid,1,5,41,dist_class1,230.0,205.0
14,prac2_conj,conj_grid,1,5,42,dist_class1,315.0,205.0
14,prac2_conj,conj_grid,1,5,43,targ_class2,-326.0,346.0
14,prac2_conj,conj_grid,1,5,44,dist_class2,-220.0,312.0
14,prac2_conj,conj_grid,1,5,45,targ_class1,-113.0,331.0
14,prac2_conj,conj_grid,1,5,46,targ_class1,8.0,326.0
14,prac2_conj,conj_grid,1,5,47,targ_class1,103.0,335.0
14,prac2_conj,conj_grid,1,5,48,targ_class2,221.0,334.0
14,prac2_conj,conj_grid,1,5,49,targ_class1,343.0,323.0
14,prac2_conj,conj_grid,1,6,1,dist_class1,-316.0,-310.0
14,prac2_conj,conj_grid,1,6,2,targ_class1,-207.0,-327.0
14,prac2_conj,conj_grid,1,6,3,targ_class2,-108.0,-329.0
14,prac2_conj,conj_grid,1,6,4,targ_class2,2.0,-319.0
14,prac2_conj,conj_grid,1,6,5,targ_class2,111.0,-309.0
14,prac2_conj,conj_grid,1,6,6,dist_class1,217.0,-325.0
14,prac2_conj,conj_grid,1,6,7,dist_class1,328.0,-320.0
14,prac2_conj,conj_grid,1,6,8,dist_class2,-316.0,-231.0
14,prac2_conj,conj_grid,1,6,9,dist_class2,-223.0,-224.0
14,prac2_conj,conj_grid,1,6,10,targ_class1,-110.0,-209.0
14,prac2_conj,conj_grid,1,6,11,dist_class2,-12.0,-220.0
14,prac2_conj,conj_grid,1,6,12,targ_class2,104.0,-209.0
14,prac2_conj,conj_grid,1,6,13,dist_class1,209.0,-227.0
14,prac2_conj,conj_grid,1,6,14,targ_class2,328.0,-210.0
14,prac2_conj,conj_grid,1,6,15,dist_class1,-325.0,-87.0
14,prac2_conj,conj_grid,1,6,16,targ_class1,-213.0,-103.0
14,prac2_conj,conj_grid,1,6,17,dist_class2,-124.0,-117.0
14,prac2_conj,conj_grid,1,6,18,dist_class2,9.0,-102.0
14,prac2_conj,conj_grid,1,6,19,targ_class1,109.0,-113.0
14,prac2_conj,conj_grid,1,6,20,targ_class1,214.0,-117.0
14,prac2_conj,conj_grid,1,6,21,dist_class1,338.0,-114.0
14,prac2_conj,conj_grid,1,6,22,dist_class1,-325.0,8.0
14,prac2_conj,conj_grid,1,6,23,targ_class1,-207.0,4.0
14,prac2_conj,conj_grid,1,6,24,targ_class1,-107.0,-2.0
14,prac2_conj,conj_grid,1,6,25,targ_class1,11.0,9.0
14,prac2_conj,conj_grid,1,6,26,targ_class2,106.0,-10.0
14,prac2_conj,conj_grid,1,6,27,targ_class2,216.0,7.0
14,prac2_conj,conj_grid,1,6,28,dist_class1,315.0,-1.0
14,prac2_conj,conj_grid,1,6,29,dist_class2,-326.0,99.0
14,prac2_conj,conj_grid,1,6,30,targ_class2,-211.0,97.0
14,prac2_conj,conj_grid,1,6,31,dist_class1,-120.0,106.0
14,prac2_conj,conj_grid,1,6,32,targ_class1,9.0,107.0
14,prac2_conj,conj_grid,1,6,33,dist_class2,118.0,110.0
14,prac2_conj,conj_grid,1,6,34,targ_class2,213.0,112.0
14,prac2_conj,conj_grid,1,6,35,dist_class2,302.0,120.0
14,prac2_conj,conj_grid,1,6,36,dist_class2,-320.0,213.0
14,prac2_conj,conj_grid,1,6,37,dist_class1,-207.0,206.0
14,prac2_conj,conj_grid,1,6,38,targ_class2,-111.0,227.0
14,prac2_conj,conj_grid,1,6,39,targ_class2,4.0,220.0
14,prac2_conj,conj_grid,1,6,40,targ_class1,121.0,209.0
14,prac2_conj,conj_grid,1,6,41,dist_class2,199.0,209.0
14,prac2_conj,conj_grid,1,6,42,dist_class2,330.0,219.0
14,prac2_conj,conj_grid,1,6,43,targ_class2,-338.0,290.0
14,prac2_conj,conj_grid,1,6,44,targ_class1,-227.0,342.0
14,prac2_conj,conj_grid,1,6,45,dist_class2,-101.0,327.0
14,prac2_conj,conj_grid,1,6,46,dist_class2,2.0,322.0
14,prac2_conj,conj_grid,1,6,47,dist_class1,98.0,318.0
14,prac2_conj,conj_grid,1,6,48,targ_class1,212.0,315.0
14,prac2_conj,conj_grid,1,6,49,dist_class1,327.0,323.0
14,prac2_conj,conj_grid,0,1,1,targ_class1,-315.0,-335.0
14,prac2_conj,conj_grid,0,1,2,dist_class2,-229.0,-329.0
14,prac2_conj,conj_grid,0,1,3,targ_class2,-113.0,-337.0
14,prac2_conj,conj_grid,0,1,4,dist_class2,6.0,-319.0
14,prac2_conj,conj_grid,0,1,5,targ_class2,103.0,-326.0
14,prac2_conj,conj_grid,0,1,6,dist_class2,220.0,-323.0
14,prac2_conj,conj_grid,0,1,7,targ_class2,332.0,-314.0
14,prac2_conj,conj_grid,0,1,8,dist_class1,-330.0,-210.0
14,prac2_conj,conj_grid,0,1,9,targ_class1,-225.0,-210.0
14,prac2_conj,conj_grid,0,1,10,dist_class1,-106.0,-208.0
14,prac2_conj,conj_grid,0,1,11,targ_class2,-1.0,-210.0
14,prac2_conj,conj_grid,0,1,12,targ_class1,103.0,-245.0
14,prac2_conj,conj_grid,0,1,13,targ_class1,212.0,-218.0
14,prac2_conj,conj_grid,0,1,14,dist_class2,340.0,-224.0
14,prac2_conj,conj_grid,0,1,15,targ_class1,-315.0,-117.0
14,prac2_conj,conj_grid,0,1,16,dist_class1,-200.0,-101.0
14,prac2_conj,conj_grid,0,1,17,dist_class2,-120.0,-106.0
14,prac2_conj,conj_grid,0,1,18,dist_class2,-3.0,-105.0
14,prac2_conj,conj_grid,0,1,19,dist_class1,114.0,-99.0
14,prac2_conj,conj_grid,0,1,20,dist_class1,221.0,-105.0
14,prac2_conj,conj_grid,0,1,21,targ_class1,320.0,-116.0
14,prac2_conj,conj_grid,0,1,22,targ_class2,-319.0,14.0
14,prac2_conj,conj_grid,0,1,23,targ_class2,-205.0,-8.0
14,prac2_conj,conj_grid,0,1,24,dist_class1,-108.0,1.0
14,prac2_conj,conj_grid,0,1,25,dist_class1,-5.0,-4.0
14,prac2_conj,conj_grid,0,1,26,targ_class1,108.0,0.0
14,prac2_conj,conj_grid,0,1,27,dist_class2,217.0,5.0
14,prac2_conj,conj_grid,0,1,28,targ_class2,314.0,-2.0
14,prac2_conj,conj_grid,0,1,29,dist_class1,-312.0,105.0
14,prac2_conj,conj_grid,0,1,30,targ_class1,-202.0,93.0
14,prac2_conj,conj_grid,0,1,31,dist_class2,-104.0,110.0
14,prac2_conj,conj_grid,0,1,32,targ_class1,-4.0,110.0
14,prac2_conj,conj_grid,0,1,33,dist_class1,101.0,125.0
14,prac2_conj,conj_grid,0,1,34,dist_class1,210.0,103.0
14,prac2_conj,conj_grid,0,1,35,dist_class2,326.0,99.0
14,prac2_conj,conj_grid,0,1,36,dist_class2,-317.0,246.0
14,prac2_conj,conj_grid,0,1,37,targ_class2,-220.0,211.0
14,prac2_conj,conj_grid,0,1,38,dist_class2,-123.0,217.0
14,prac2_conj,conj_grid,0,1,39,targ_class2,10.0,217.0
14,prac2_conj,conj_grid,0,1,40,targ_class2,109.0,225.0
14,prac2_conj,conj_grid,0,1,41,dist_class1,182.0,207.0
14,prac2_conj,conj_grid,0,1,42,targ_class2,329.0,222.0
14,prac2_conj,conj_grid,0,1,43,targ_class1,-328.0,334.0
14,prac2_conj,conj_grid,0,1,44,targ_class1,-194.0,318.0
14,prac2_conj,conj_grid,0,1,45,dist_class1,-108.0,337.0
14,prac2_conj,conj_grid,0,1,46,dist_class2,-1.0,321.0
14,prac2_conj,conj_grid,0,1,47,targ_class2,96.0,317.0
14,prac2_conj,conj_grid,0,1,48,targ_class1,208.0,324.0
14,prac2_conj,conj_grid,0,1,49,dist_class2,324.0,324.0
14,prac2_conj,conj_grid,0,2,1,targ_class2,-312.0,-332.0
14,prac2_conj,conj_grid,0,2,2,dist_class2,-209.0,-316.0
14,prac2_conj,conj_grid,0,2,3,targ_class2,-118.0,-323.0
14,prac2_conj,conj_grid,0,2,4,dist_class2,4.0,-328.0
14,prac2_conj,conj_grid,0,2,5,targ_class2,120.0,-312.0
14,prac2_conj,conj_grid,0,2,6,targ_class1,216.0,-335.0
14,prac2_conj,conj_grid,0,2,7,targ_class1,320.0,-332.0
14,prac2_conj,conj_grid,0,2,8,dist_class1,-315.0,-212.0
14,prac2_conj,conj_grid,0,2,9,dist_class1,-206.0,-218.0
14,prac2_conj,conj_grid,0,2,10,targ_class2,-112.0,-198.0
14,prac2_conj,conj_grid,0,2,11,dist_class1,12.0,-202.0
14,prac2_conj,conj_grid,0,2,12,dist_class2,126.0,-222.0
14,prac2_conj,conj_grid,0,2,13,targ_class1,223.0,-210.0
14,prac2_conj,conj_grid,0,2,14,dist_class2,331.0,-218.0
14,prac2_conj,conj_grid,0,2,15,targ_class1,-324.0,-96.0
14,prac2_conj,conj_grid,0,2,16,dist_class1,-227.0,-111.0
14,prac2_conj,conj_grid,0,2,17,targ_class1,-81.0,-108.0
14,prac2_conj,conj_grid,0,2,18,dist_class1,9.0,-121.0
14,prac2_conj,conj_grid,0,2,19,dist_class1,127.0,-96.0
14,prac2_conj,conj_grid,0,2,20,dist_class1,201.0,-104.0
14,prac2_conj,conj_grid,0,2,21,targ_class2,341.0,-116.0
14,prac2_conj,conj_grid,0,2,22,targ_class1,-318.0,1.0
14,prac2_conj,conj_grid,0,2,23,dist_class2,-208.0,-3.0
14,prac2_conj,conj_grid,0,2,24,dist_class2,-114.0,-6.0
14,prac2_conj,conj_grid,0,2,25,targ_class1,-18.0,-9.0
14,prac2_conj,conj_grid,0,2,26,targ_class1,102.0,1.0
14,prac2_conj,conj_grid,0,2,27,targ_class2,229.0,-15.0
14,prac2_conj,conj_grid,0,2,28,dist_class2,326.0,17.0
14,prac2_conj,conj_grid,0,2,29,targ_class2,-320.0,101.0
14,prac2_conj,conj_grid,0,2,30,dist_class1,-203.0,132.0
14,prac2_conj,conj_grid,0,2,31,dist_class1,-107.0,109.0
14,prac2_conj,conj_grid,0,2,32,dist_class1,3.0,94.0
14,prac2_conj,conj_grid,0,2,33,dist_class2,103.0,108.0
14,prac2_conj,conj_grid,0,2,34,targ_class1,211.0,119.0
14,prac2_conj,conj_grid,0,2,35,targ_class2,326.0,103.0
14,prac2_conj,conj_grid,0,2,36,dist_class1,-325.0,216.0
14,prac2_conj,conj_grid,0,2,37,dist_class1,-216.0,235.0
14,prac2_conj,conj_grid,0,2,38,dist_class2,-98.0,211.0
14,prac2_conj,conj_grid,0,2,39,dist_class2,-4.0,217.0
14,prac2_conj,conj_grid,0,2,40,targ_class2,116.0,217.0
14,prac2_conj,conj_grid,0,2,41,targ_class2,225.0,231.0
14,prac2_conj,conj_grid,0,2,42,dist_class2,331.0,220.0
14,prac2_conj,conj_grid,0,2,43,targ_class1,-324.0,340.0
14,prac2_conj,conj_grid,0,2,44,targ_class2,-219.0,315.0
14,prac2_conj,conj_grid,0,2,45,dist_class2,-92.0,314.0
14,prac2_conj,conj_grid,0,2,46,targ_class1,-11.0,337.0
14,prac2_conj,conj_grid,0,2,47,targ_class2,117.0,328.0
14,prac2_conj,conj_grid,0,2,48,dist_class2,230.0,309.0
14,prac2_conj,conj_grid,0,2,49,targ_class1,313.0,331.0
14,conjunction_blocks,conj_rot,3,1,1,dist_class1,-1.0,-472.0
14,conjunction_blocks,conj_rot,3,1,2,dist_class2,86.0,-404.0
14,conjunction_blocks,conj_rot,3,1,3,targ_class1,152.0,-316.0
14,conjunction_blocks,conj_rot,3,1,4,targ_class2,223.0,-234.0
14,conjunction_blocks,conj_rot,3,1,5,dist_class2,307.0,-146.0
14,conjunction_blocks,conj_rot,3,1,6,targ_class1,401.0,-71.0
14,conjunction_blocks,conj_rot,3,1,7,targ_class1,452.0,-1.0
14,conjunction_blocks,conj_rot,3,1,8,targ_class1,-81.0,-382.0
14,conjunction_blocks,conj_rot,3,1,9,targ_class2,11.0,-325.0
14,conjunction_blocks,conj_rot,3,1,10,targ_class1,79.0,-227.0
14,conjunction_blocks,conj_rot,3,1,11,dist_class1,151.0,-128.0
14,conjunction_blocks,conj_rot,3,1,12,targ_class2,227.0,-88.0
14,conjunction_blocks,conj_rot,3,1,13,dist_class1,313.0,9.0
14,conjunction_blocks,conj_rot,3,1,14,targ_class1,381.0,84.0
14,conjunction_blocks,conj_rot,3,1,15,dist_class2,-134.0,-305.0
14,conjunction_blocks,conj_rot,3,1,16,dist_class2,-86.0,-252.0
14,conjunction_blocks,conj_rot,3,1,17,dist_class1,-9.0,-147.0
14,conjunction_blocks,conj_rot,3,1,18,dist_class1,73.0,-78.0
14,conjunction_blocks,conj_rot,3,1,19,dist_class1,156.0,16.0
14,conjunction_blocks,conj_rot,3,1,20,targ_class1,229.0,58.0
14,conjunction_blocks,conj_rot,3,1,21,targ_class2,302.0,161.0
14,conjunction_blocks,conj_rot,3,1,22,targ_class1,-241.0,-236.0
14,conjunction_blocks,conj_rot,3,1,23,targ_class2,-150.0,-138.0
14,conjunction_blocks,conj_rot,3,1,24,targ_class2,-76.0,-65.0
14,conjunction_blocks,conj_rot,3,1,25,targ_class1,-3.0,1.0
14,conjunction_blocks,conj_rot,3,1,26,targ_class2,81.0,82.0
14,conjunction_blocks,conj_rot,3,1,27,dist_class2,159.0,161.0
14,conjunction_blocks,conj_rot,3,1,28,targ_class2,239.0,218.0
14,conjunction_blocks,conj_rot,3,1,29,targ_class1,-304.0,-141.0
14,conjunction_blocks,conj_rot,3,1,30,targ_class2,-248.0,-72.0
14,conjunction_blocks,conj_rot,3,1,31,dist_class2,-160.0,2.0
14,conjunction_blocks,conj_rot,3,1,32,dist_class1,-67.0,74.0
14,conjunction_blocks,conj_rot,3,1,33,targ_class2,3.0,136.0
14,conjunction_blocks,conj_rot,3,1,34,dist_class2,61.0,226.0
14,conjunction_blocks,conj_rot,3,1,35,dist_class1,160.0,297.0
14,conjunction_blocks,conj_rot,3,1,36,targ_class2,-390.0,-97.0
14,conjunction_blocks,conj_rot,3,1,37,dist_class1,-303.0,-1.0
14,conjunction_blocks,conj_rot,3,1,38,dist_class1,-225.0,59.0
14,conjunction_blocks,conj_rot,3,1,39,dist_class2,-131.0,144.0
14,conjunction_blocks,conj_rot,3,1,40,targ_class1,-78.0,236.0
14,conjunction_blocks,conj_rot,3,1,41,dist_class2,-14.0,298.0
14,conjunction_blocks,conj_rot,3,1,42,dist_class2,60.0,381.0
14,conjunction_blocks,conj_rot,3,1,43,targ_class1,-468.0,-2.0
14,conjunction_blocks,conj_rot,3,1,44,dist_class1,-372.0,91.0
14,conjunction_blocks,conj_rot,3,1,45,dist_class2,-309.0,154.0
14,conjunction_blocks,conj_rot,3,1,46,dist_class1,-220.0,222.0
14,conjunction_blocks,conj_rot,3,1,47,dist_class2,-147.0,302.0
14,conjunction_blocks,conj_rot,3,1,48,dist_class2,-81.0,398.0
14,conjunction_blocks,conj_rot,3,1,49,targ_class2,5.0,462.0
14,conjunction_blocks,conj_grid,4,1,1,targ_class1,-336.0,-331.0
14,conjunction_blocks,conj_grid,4,1,2,targ_class1,-200.0,-316.0
14,conjunction_blocks,conj_grid,4,1,3,dist_class1,-120.0,-324.0
14,conjunction_blocks,conj_grid,4,1,4,targ_class1,-2.0,-332.0
14,conjunction_blocks,conj_grid,4,1,5,targ_class1,85.0,-311.0
14,conjunction_blocks,conj_grid,4,1,6,targ_class2,213.0,-310.0
14,conjunction_blocks,conj_grid,4,1,7,dist_class2,321.0,-320.0
14,conjunction_blocks,conj_grid,4,1,8,targ_class1,-321.0,-215.0
14,conjunction_blocks,conj_grid,4,1,9,targ_class2,-225.0,-229.0
14,conjunction_blocks,conj_grid,4,1,10,dist_class1,-95.0,-209.0
14,conjunction_blocks,conj_grid,4,1,11,targ_class2,-10.0,-209.0
14,conjunction_blocks,conj_grid,4,1,12,dist_class1,117.0,-210.0
14,conjunction_blocks,conj_grid,4,1,13,targ_class1,209.0,-216.0
14,conjunction_blocks,conj_grid,4,1,14,dist_class2,331.0,-216.0
14,conjunction_blocks,conj_grid,4,1,15,targ_class2,-324.0,-116.0
14,conjunction_blocks,conj_grid,4,1,16,dist_class2,-198.0,-112.0
14,conjunction_blocks,conj_grid,4,1,17,dist_class1,-91.0,-113.0
14,conjunction_blocks,conj_grid,4,1,18,targ_class2,11.0,-97.0
14,conjunction_blocks,conj_grid,4,1,19,dist_class2,117.0,-108.0
14,conjunction_blocks,conj_grid,4,1,20,targ_class2,209.0,-118.0
14,conjunction_blocks,conj_grid,4,1,21,dist_class1,322.0,-89.0
14,conjunction_blocks,conj_grid,4,1,22,dist_class1,-314.0,-1.0
14,conjunction_blocks,conj_grid,4,1,23,dist_class1,-210.0,-2.0
14,conjunction_blocks,conj_grid,4,1,24,targ_class1,-101.0,16.0
14,conjunction_blocks,conj_grid,4,1,25,dist_class1,-10.0,-6.0
14,conjunction_blocks,conj_grid,4,1,26,dist_class2,111.0,-6.0
14,conjunction_blocks,conj_grid,4,1,27,dist_class2,215.0,7.0
14,conjunction_blocks,conj_grid,4,1,28,dist_class2,331.0,6.0
14,conjunction_blocks,conj_grid,4,1,29,dist_class2,-315.0,104.0
14,conjunction_blocks,conj_grid,4,1,30,dist_class2,-202.0,113.0
14,conjunction_blocks,conj_grid,4,1,31,dist_class2,-95.0,97.0
14,conjunction_blocks,conj_grid,4,1,32,targ_class2,-6.0,104.0
14,conjunction_blocks,conj_grid,4,1,33,targ_class2,107.0,99.0
14,conjunction_blocks,conj_grid,4,1,34,targ_class1,199.0,116.0
14,conjunction_blocks,conj_grid,4,1,35,dist_class2,305.0,104.0
14,conjunction_blocks,conj_grid,4,1,36,targ_class1,-329.0,228.0
14,conjunction_blocks,conj_grid,4,1,37,targ_class2,-214.0,238.0
14,conjunction_blocks,conj_grid,4,1,38,dist_class2,-108.0,222.0
14,conjunction_blocks,conj_grid,4,1,39,targ_class2,-9.0,217.0
14,conjunction_blocks,conj_grid,4,1,40,dist_class1,103.0,206.0
14,conjunction_blocks,conj_grid,4,1,41,dist_class1,233.0,223.0
14,conjunction_blocks,conj_grid,4,1,42,targ_class1,301.0,217.0
14,conjunction_blocks,conj_grid,4,1,43,dist_class1,-314.0,307.0
14,conjunction_blocks,conj_grid,4,1,44,dist_class1,-206.0,324.0
14,conjunction_blocks,conj_grid,4,1,45,dist_class2,-97.0,325.0
14,conjunction_blocks,conj_grid,4,1,46,targ_class2,1.0,331.0
14,conjunction_blocks,conj_grid,4,1,47,targ_class2,119.0,321.0
14,conjunction_blocks,conj_grid,4,1,48,targ_class1,229.0,318.0
14,conjunction_blocks,conj_grid,4,1,49,targ_class1,330.0,334.0
14,conjunction_blocks,conj_rot,0,1,1,dist_class1,1.0,-459.0
14,conjunction_blocks,conj_rot,0,1,2,targ_class1,62.0,-370.0
14,conjunction_blocks,conj_rot,0,1,3,dist_class1,148.0,-310.0
14,conjunction_blocks,conj_rot,0,1,4,dist_class1,227.0,-236.0
14,conjunction_blocks,conj_rot,0,1,5,dist_class1,300.0,-139.0
14,conjunction_blocks,conj_rot,0,1,6,dist_class2,370.0,-83.0
14,conjunction_blocks,conj_rot,0,1,7,dist_class1,456.0,2.0
14,conjunction_blocks,conj_rot,0,1,8,targ_class2,-73.0,-377.0
14,conjunction_blocks,conj_rot,0,1,9,targ_class2,13.0,-311.0
14,conjunction_blocks,conj_rot,0,1,10,targ_class2,66.0,-225.0
14,conjunction_blocks,conj_rot,0,1,11,targ_class1,154.0,-145.0
14,conjunction_blocks,conj_rot,0,1,12,dist_class2,229.0,-68.0
14,conjunction_blocks,conj_rot,0,1,13,dist_class2,295.0,-12.0
14,conjunction_blocks,conj_rot,0,1,14,dist_class2,383.0,77.0
14,conjunction_blocks,conj_rot,0,1,15,targ_class2,-155.0,-293.0
14,conjunction_blocks,conj_rot,0,1,16,targ_class1,-78.0,-230.0
14,conjunction_blocks,conj_rot,0,1,17,targ_class1,15.0,-166.0
14,conjunction_blocks,conj_rot,0,1,18,dist_class2,84.0,-86.0
14,conjunction_blocks,conj_rot,0,1,19,targ_class1,148.0,6.0
14,conjunction_blocks,conj_rot,0,1,20,targ_class2,237.0,68.0
14,conjunction_blocks,conj_rot,0,1,21,targ_class1,315.0,142.0
14,conjunction_blocks,conj_rot,0,1,22,dist_class1,-228.0,-231.0
14,conjunction_blocks,conj_rot,0,1,23,dist_class2,-152.0,-165.0
14,conjunction_blocks,conj_rot,0,1,24,dist_class1,-70.0,-72.0
14,conjunction_blocks,conj_rot,0,1,25,targ_class2,2.0,0.0
14,conjunction_blocks,conj_rot,0,1,26,dist_class1,75.0,82.0
14,conjunction_blocks,conj_rot,0,1,27,targ_class1,131.0,156.0
14,conjunction_blocks,conj_rot,0,1,28,dist_class1,233.0,234.0
14,conjunction_blocks,conj_rot,0,1,29,dist_class1,-317.0,-131.0
14,conjunction_blocks,conj_rot,0,1,30,targ_class1,-229.0,-71.0
14,conjunction_blocks,conj_rot,0,1,31,dist_class1,-173.0,6.0
14,conjunction_blocks,conj_rot,0,1,32,targ_class1,-74.0,74.0
14,conjunction_blocks,conj_rot,0,1,33,targ_class1,-6.0,153.0
14,conjunction_blocks,conj_rot,0,1,34,targ_class1,87.0,231.0
14,conjunction_blocks,conj_rot,0,1,35,dist_class2,156.0,311.0
14,conjunction_blocks,conj_rot,0,1,36,targ_class2,-392.0,-70.0
14,conjunction_blocks,conj_rot,0,1,37,targ_class1,-311.0,-6.0
14,conjunction_blocks,conj_rot,0,1,38,dist_class2,-230.0,81.0
14,conjunction_blocks,conj_rot,0,1,39,targ_class2,-166.0,147.0
14,conjunction_blocks,conj_rot,0,1,40,targ_class2,-72.0,248.0
14,conjunction_blocks,conj_rot,0,1,41,dist_class2,13.0,289.0
14,conjunction_blocks,conj_rot,0,1,42,targ_class2,88.0,377.0
14,conjunction_blocks,conj_rot,0,1,43,dist_class1,-458.0,-5.0
14,conjunction_blocks,conj_rot,0,1,44,dist_class2,-386.0,66.0
14,conjunction_blocks,conj_rot,0,1,45,dist_class2,-307.0,139.0
14,conjunction_blocks,conj_rot,0,1,46,dist_class2,-235.0,239.0
14,conjunction_blocks,conj_rot,0,1,47,targ_class2,-155.0,300.0
14,conjunction_blocks,conj_rot,0,1,48,dist_class2,-66.0,386.0
14,conjunction_blocks,conj_rot,0,1,49,targ_class2,-6.0,458.0
14,conjunction_blocks,conj_rot,4,1,1,dist_class1,-4.0,-468.0
14,conjunction_blocks,conj_rot,4,1,2,targ_class1,88.0,-385.0
14,conjunction_blocks,conj_rot,4,1,3,targ_class1,165.0,-314.0
14,conjunction_blocks,conj_rot,4,1,4,targ_class2,219.0,-230.0
14,conjunction_blocks,conj_rot,4,1,5,targ_class2,311.0,-151.0
14,conjunction_blocks,conj_rot,4,1,6,dist_class2,373.0,-73.0
14,conjunction_blocks,conj_rot,4,1,7,targ_class1,449.0,-8.0
14,conjunction_blocks,conj_rot,4,1,8,dist_class1,-74.0,-377.0
14,conjunction_blocks,conj_rot,4,1,9,dist_class2,-11.0,-298.0
14,conjunction_blocks,conj_rot,4,1,10,targ_class1,93.0,-228.0
14,conjunction_blocks,conj_rot,4,1,11,targ_class2,149.0,-136.0
14,conjunction_blocks,conj_rot,4,1,12,targ_class1,216.0,-86.0
14,conjunction_blocks,conj_rot,4,1,13,dist_class2,309.0,3.0
14,conjunction_blocks,conj_rot,4,1,14,dist_class1,371.0,84.0
14,conjunction_blocks,conj_rot,4,1,15,dist_class1,-153.0,-299.0
14,conjunction_blocks,conj_rot,4,1,16,targ_class2,-64.0,-214.0
14,conjunction_blocks,conj_rot,4,1,17,targ_class1,-19.0,-150.0
14,conjunction_blocks,conj_rot,4,1,18,targ_class1,75.0,-85.0
14,conjunction_blocks,conj_rot,4,1,19,dist_class1,153.0,-16.0
14,conjunction_blocks,conj_rot,4,1,20,targ_class1,234.0,78.0
14,conjunction_blocks,conj_rot,4,1,21,targ_class2,304.0,136.0
14,conjunction_blocks,conj_rot,4,1,22,dist_class2,-228.0,-244.0
14,conjunction_blocks,conj_rot,4,1,23,targ_class1,-156.0,-138.0
14,conjunction_blocks,conj_rot,4,1,24,dist_class1,-75.0,-76.0
14,conjunction_blocks,conj_rot,4,1,25,dist_class2,8.0,19.0
14,conjunction_blocks,conj_rot,4,1,26,dist_class2,74.0,86.0
14,conjunction_blocks,conj_rot,4,1,27,targ_class2,156.0,145.0
14,conjunction_blocks,conj_rot,4,1,28,dist_class2,221.0,219.0
14,conjunction_blocks,conj_rot,4,1,29,dist_class2,-306.0,-165.0
14,conjunction_blocks,conj_rot,4,1,30,targ_class1,-246.0,-72.0
14,conjunction_blocks,conj_rot,4,1,31,dist_class1,-145.0,-6.0
14,conjunction_blocks,conj_rot,4,1,32,dist_class2,-64.0,81.0
14,conjunction_blocks,conj_rot,4,1,33,targ_class2,17.0,149.0
14,conjunction_blocks,conj_rot,4,1,34,dist_class2,77.0,243.0
14,conjunction_blocks,conj_rot,4,1,35,dist_class1,170.0,310.0
14,conjunction_blocks,conj_rot,4,1,36,targ_class1,-371.0,-79.0
14,conjunction_blocks,conj_rot,4,1,37,dist_class1,-313.0,23.0
14,conjunction_blocks,conj_rot,4,1,38,dist_class1,-235.0,76.0
14,conjunction_blocks,conj_rot,4,1,39,targ_class1,-151.0,163.0
14,conjunction_blocks,conj_rot,4,1,40,targ_class2,-63.0,246.0
14,conjunction_blocks,conj_rot,4,1,41,targ_class2,-7.0,310.0
14,conjunction_blocks,conj_rot,4,1,42,targ_class2,74.0,365.0
14,conjunction_blocks,conj_rot,4,1,43,targ_class2,-453.0,3.0
14,conjunction_blocks,conj_rot,4,1,44,dist_class2,-400.0,82.0
14,conjunction_blocks,conj_rot,4,1,45,dist_class1,-304.0,171.0
14,conjunction_blocks,conj_rot,4,1,46,dist_class1,-220.0,234.0
14,conjunction_blocks,conj_rot,4,1,47,dist_class2,-147.0,295.0
14,conjunction_blocks,conj_rot,4,1,48,dist_class2,-74.0,375.0
14,conjunction_blocks,conj_rot,4,1,49,targ_class2,14.0,489.0
14,conjunction_blocks,conj_grid,0,1,1,targ_class1,-324.0,-335.0
14,conjunction_blocks,conj_grid,0,1,2,targ_class1,-218.0,-318.0
14,conjunction_blocks,conj_grid,0,1,3,targ_class2,-101.0,-318.0
14,conjunction_blocks,conj_grid,0,1,4,dist_class1,-1.0,-322.0
14,conjunction_blocks,conj_grid,0,1,5,dist_class2,117.0,-317.0
14,conjunction_blocks,conj_grid,0,1,6,dist_class1,221.0,-335.0
14,conjunction_blocks,conj_grid,0,1,7,targ_class1,340.0,-314.0
14,conjunction_blocks,conj_grid,0,1,8,dist_class1,-309.0,-213.0
14,conjunction_blocks,conj_grid,0,1,9,targ_class2,-229.0,-232.0
14,conjunction_blocks,conj_grid,0,1,10,dist_class2,-103.0,-223.0
14,conjunction_blocks,conj_grid,0,1,11,dist_class2,-9.0,-210.0
14,conjunction_blocks,conj_grid,0,1,12,dist_class1,117.0,-214.0
14,conjunction_blocks,conj_grid,0,1,13,targ_class1,195.0,-210.0
14,conjunction_blocks,conj_grid,0,1,14,targ_class1,326.0,-229.0
14,conjunction_blocks,conj_grid,0,1,15,targ_class2,-326.0,-98.0
14,conjunction_blocks,conj_grid,0,1,16,dist_class1,-198.0,-107.0
14,conjunction_blocks,conj_grid,0,1,17,dist_class2,-102.0,-145.0
14,conjunction_blocks,conj_grid,0,1,18,dist_class1,-11.0,-92.0
14,conjunction_blocks,conj_grid,0,1,19,dist_class2,125.0,-115.0
14,conjunction_blocks,conj_grid,0,1,20,targ_class1,206.0,-101.0
14,conjunction_blocks,conj_grid,0,1,21,dist_class2,313.0,-83.0
14,conjunction_blocks,conj_grid,0,1,22,dist_class1,-331.0,-9.0
14,conjunction_blocks,conj_grid,0,1,23,dist_class1,-228.0,-7.0
14,conjunction_blocks,conj_grid,0,1,24,dist_class1,-98.0,16.0
14,conjunction_blocks,conj_grid,0,1,25,dist_class2,2.0,1.0
14,conjunction_blocks,conj_grid,0,1,26,dist_class2,96.0,-14.0
14,conjunction_blocks,conj_grid,0,1,27,targ_class1,222.0,4.0
14,conjunction_blocks,conj_grid,0,1,28,dist_class2,324.0,-17.0
14,conjunction_blocks,conj_grid,0,1,29,targ_class2,-326.0,100.0
14,conjunction_blocks,conj_grid,0,1,30,targ_class1,-214.0,122.0
14,conjunction_blocks,conj_grid,0,1,31,targ_class1,-123.0,110.0
14,conjunction_blocks,conj_grid,0,1,32,targ_class1,10.0,96.0
14,conjunction_blocks,conj_grid,0,1,33,dist_class2,108.0,106.0
14,conjunction_blocks,conj_grid,0,1,34,targ_class2,209.0,120.0
14,conjunction_blocks,conj_grid,0,1,35,targ_class2,331.0,99.0
14,conjunction_blocks,conj_grid,0,1,36,dist_class1,-349.0,203.0
14,conjunction_blocks,conj_grid,0,1,37,targ_class2,-203.0,200.0
14,conjunction_blocks,conj_grid,0,1,38,targ_class2,-105.0,211.0
14,conjunction_blocks,conj_grid,0,1,39,dist_class2,-3.0,210.0
14,conjunction_blocks,conj_grid,0,1,40,targ_class1,113.0,216.0
14,conjunction_blocks,conj_grid,0,1,41,targ_class2,212.0,221.0
14,conjunction_blocks,conj_grid,0,1,42,dist_class2,296.0,241.0
14,conjunction_blocks,conj_grid,0,1,43,dist_class1,-327.0,315.0
14,conjunction_blocks,conj_grid,0,1,44,targ_class2,-223.0,326.0
14,conjunction_blocks,conj_grid,0,1,45,targ_class2,-111.0,314.0
14,conjunction_blocks,conj_grid,0,1,46,targ_class2,3.0,333.0
14,conjunction_blocks,conj_grid,0,1,47,dist_class1,106.0,321.0
14,conjunction_blocks,conj_grid,0,1,48,targ_class1,224.0,345.0
14,conjunction_blocks,conj_grid,0,1,49,dist_class2,303.0,310.0
14,conjunction_blocks,conj_grid,1,1,1,targ_class2,-322.0,-339.0
14,conjunction_blocks,conj_grid,1,1,2,dist_class2,-219.0,-309.0
14,conjunction_blocks,conj_grid,1,1,3,dist_class1,-98.0,-308.0
14,conjunction_blocks,conj_grid,1,1,4,targ_class2,-16.0,-331.0
14,conjunction_blocks,conj_grid,1,1,5,dist_class2,93.0,-325.0
14,conjunction_blocks,conj_grid,1,1,6,dist_class1,223.0,-316.0
14,conjunction_blocks,conj_grid,1,1,7,targ_class2,341.0,-327.0
14,conjunction_blocks,conj_grid,1,1,8,dist_class2,-317.0,-224.0
14,conjunction_blocks,conj_grid,1,1,9,dist_class1,-208.0,-211.0
14,conjunction_blocks,conj_grid,1,1,10,dist_class2,-96.0,-208.0
14,conjunction_blocks,conj_grid,1,1,11,dist_class2,16.0,-223.0
14,conjunction_blocks,conj_grid,1,1,12,targ_class1,116.0,-218.0
14,conjunction_blocks,conj_grid,1,1,13,dist_class2,222.0,-217.0
14,conjunction_blocks,conj_grid,1,1,14,dist_class2,335.0,-202.0
14,conjunction_blocks,conj_grid,1,1,15,dist_class2,-333.0,-102.0
14,conjunction_blocks,conj_grid,1,1,16,targ_class2,-217.0,-101.0
14,conjunction_blocks,conj_grid,1,1,17,targ_class2,-115.0,-99.0
14,conjunction_blocks,conj_grid,1,1,18,dist_class2,-6.0,-108.0
14,conjunction_blocks,conj_grid,1,1,19,targ_class1,117.0,-124.0
14,conjunction_blocks,conj_grid,1,1,20,targ_class1,234.0,-107.0
14,conjunction_blocks,conj_grid,1,1,21,dist_class2,314.0,-114.0
14,conjunction_blocks,conj_grid,1,1,22,dist_class2,-329.0,10.0
14,conjunction_blocks,conj_grid,1,1,23,dist_class1,-215.0,-9.0
14,conjunction_blocks,conj_grid,1,1,24,targ_class2,-103.0,-2.0
14,conjunction_blocks,conj_grid,1,1,25,targ_class1,-7.0,-12.0
14,conjunction_blocks,conj_grid,1,1,26,targ_class2,114.0,-1.0
14,conjunction_blocks,conj_grid,1,1,27,dist_class1,210.0,1.0
14,conjunction_blocks,conj_grid,1,1,28,targ_class2,326.0,-3.0
14,conjunction_blocks,conj_grid,1,1,29,dist_class1,-330.0,105.0
14,conjunction_blocks,conj_grid,1,1,30,targ_class1,-208.0,94.0
14,conjunction_blocks,conj_grid,1,1,31,targ_class1,-98.0,117.0
14,conjunction_blocks,conj_grid,1,1,32,targ_class2,-14.0,88.0
14,conjunction_blocks,conj_grid,1,1,33,targ_class2,113.0,111.0
14,conjunction_blocks,conj_grid,1,1,34,targ_class1,213.0,115.0
14,conjunction_blocks,conj_grid,1,1,35,targ_class2,307.0,100.0
14,conjunction_blocks,conj_grid,1,1,36,targ_class1,-322.0,226.0
14,conjunction_blocks,conj_grid,1,1,37,dist_class1,-196.0,215.0
14,conjunction_blocks,conj_grid,1,1,38,targ_class1,-106.0,207.0
14,conjunction_blocks,conj_grid,1,1,39,dist_class1,-6.0,207.0
14,conjunction_blocks,conj_grid,1,1,40,targ_class2,97.0,221.0
14,conjunction_blocks,conj_grid,1,1,41,targ_class1,215.0,222.0
14,conjunction_blocks,conj_grid,1,1,42,dist_class1,319.0,231.0
14,conjunction_blocks,conj_grid,1,1,43,dist_class1,-330.0,320.0
14,conjunction_blocks,conj_grid,1,1,44,dist_class1,-212.0,341.0
14,conjunction_blocks,conj_grid,1,1,45,dist_class2,-113.0,317.0
14,conjunction_blocks,conj_grid,1,1,46,dist_class1,-7.0,344.0
14,conjunction_blocks,conj_grid,1,1,47,targ_class1,106.0,327.0
14,conjunction_blocks,conj_grid,1,1,48,dist_class2,216.0,322.0
14,conjunction_blocks,conj_grid,1,1,49,targ_class1,319.0,313.0
14,conjunction_blocks,conj_uni,2,1,1,targ_class2,210.0,-1.0
14,conjunction_blocks,conj_uni,2,1,2,targ_class1,208.0,375.0
14,conjunction_blocks,conj_uni,2,1,3,dist_class2,-171.0,0.0
14,conjunction_blocks,conj_uni,2,1,4,dist_class2,79.0,219.0
14,conjunction_blocks,conj_uni,2,1,5,targ_class1,-146.0,-235.0
14,conjunction_blocks,conj_uni,2,1,6,dist_class2,-87.0,40.0
14,conjunction_blocks,conj_uni,2,1,7,dist_class2,-107.0,97.0
14,conjunction_blocks,conj_uni,2,1,8,dist_class2,89.0,79.0
14,conjunction_blocks,conj_uni,2,1,9,dist_class1,248.0,264.0
14,conjunction_blocks,conj_uni,2,1,10,dist_class1,10.0,209.0
14,conjunction_blocks,conj_uni,2,1,11,targ_class2,-80.0,-126.0
14,conjunction_blocks,conj_uni,2,1,12,dist_class1,165.0,233.0
14,conjunction_blocks,conj_uni,2,1,13,targ_class1,-318.0,-294.0
14,conjunction_blocks,conj_uni,2,1,14,targ_class1,334.0,66.0
14,conjunction_blocks,conj_uni,2,1,15,targ_class2,-215.0,-357.0
14,conjunction_blocks,conj_uni,2,1,16,dist_class2,-220.0,-249.0
14,conjunction_blocks,conj_uni,2,1,17,targ_class2,-254.0,171.0
14,conjunction_blocks,conj_uni,2,1,18,targ_class1,-38.0,-279.0
14,conjunction_blocks,conj_uni,2,1,19,dist_class1,-112.0,-76.0
14,conjunction_blocks,conj_uni,2,1,20,targ_class1,195.0,-216.0
14,conjunction_blocks,conj_uni,2,1,21,targ_class2,86.0,360.0
14,conjunction_blocks,conj_uni,2,1,22,dist_class2,116.0,263.0
14,conjunction_blocks,conj_uni,2,1,23,dist_class2,-58.0,-220.0
14,conjunction_blocks,conj_uni,2,1,24,targ_class2,-107.0,373.0
14,conjunction_blocks,conj_uni,2,1,25,dist_class1,125.0,-146.0
14,conjunction_blocks,conj_uni,2,1,26,dist_class2,271.0,180.0
14,conjunction_blocks,conj_uni,2,1,27,dist_class1,-52.0,332.0
14,conjunction_blocks,conj_uni,2,1,28,targ_class2,-102.0,-18.0
14,conjunction_blocks,conj_uni,2,1,29,targ_class2,-107.0,-193.0
14,conjunction_blocks,conj_uni,2,1,30,targ_class1,-32.0,247.0
14,conjunction_blocks,conj_uni,2,1,31,targ_class2,-94.0,-263.0
14,conjunction_blocks,conj_uni,2,1,32,dist_class1,175.0,288.0
14,conjunction_blocks,conj_uni,2,1,33,targ_class2,-191.0,-202.0
14,conjunction_blocks,conj_uni,2,1,34,dist_class2,-231.0,-128.0
14,conjunction_blocks,conj_uni,2,1,35,dist_class2,293.0,22.0
14,conjunction_blocks,conj_uni,2,1,36,dist_class1,-19.0,-134.0
14,conjunction_blocks,conj_uni,2,1,37,dist_class1,-197.0,266.0
14,conjunction_blocks,conj_uni,2,1,38,targ_class2,79.0,304.0
14,conjunction_blocks,conj_uni,2,1,39,targ_class1,-143.0,52.0
14,conjunction_blocks,conj_uni,2,1,40,targ_class1,-221.0,125.0
14,conjunction_blocks,conj_uni,2,1,41,targ_class2,215.0,-133.0
14,conjunction_blocks,conj_uni,2,1,42,targ_class1,225.0,314.0
14,conjunction_blocks,conj_uni,2,1,43,dist_class1,-107.0,316.0
14,conjunction_blocks,conj_uni,2,1,44,dist_class1,-164.0,-56.0
14,conjunction_blocks,conj_uni,2,1,45,dist_class1,140.0,-230.0
14,conjunction_blocks,conj_uni,2,1,46,dist_class2,56.0,168.0
14,conjunction_blocks,conj_uni,2,1,47,dist_class2,-275.0,-258.0
14,conjunction_blocks,conj_uni,2,1,48,targ_class1,3.0,-354.0
14,conjunction_blocks,conj_uni,2,1,49,targ_class1,265.0,354.0
14,conjunction_blocks,conj_uni,0,1,1,targ_class1,-336.0,-265.0
14,conjunction_blocks,conj_uni,0,1,2,targ_class1,149.0,-333.0
14,conjunction_blocks,conj_uni,0,1,3,targ_class1,-195.0,-317.0
14,conjunction_blocks,conj_uni,0,1,4,targ_class2,263.0,-152.0
14,conjunction_blocks,conj_uni,0,1,5,dist_class2,276.0,-207.0
14,conjunction_blocks,conj_uni,0,1,6,targ_class2,266.0,282.0
14,conjunction_blocks,conj_uni,0,1,7,dist_class1,306.0,-115.0
14,conjunction_blocks,conj_uni,0,1,8,targ_class1,-307.0,-313.0
14,conjunction_blocks,conj_uni,0,1,9,dist_class2,-178.0,66.0
14,conjunction_blocks,conj_uni,0,1,10,targ_class2,-186.0,-80.0
14,conjunction_blocks,conj_uni,0,1,11,targ_class2,207.0,-170.0
14,conjunction_blocks,conj_uni,0,1,12,dist_class2,-350.0,-129.0
14,conjunction_blocks,conj_uni,0,1,13,targ_class2,-64.0,71.0
14,conjunction_blocks,conj_uni,0,1,14,dist_class1,235.0,-69.0
14,conjunction_blocks,conj_uni,0,1,15,targ_class2,360.0,-132.0
14,conjunction_blocks,conj_uni,0,1,16,targ_class2,-135.0,-171.0
14,conjunction_blocks,conj_uni,0,1,17,dist_class1,282.0,135.0
14,conjunction_blocks,conj_uni,0,1,18,dist_class1,351.0,39.0
14,conjunction_blocks,conj_uni,0,1,19,dist_class1,298.0,-310.0
14,conjunction_blocks,conj_uni,0,1,20,dist_class2,-303.0,2.0
14,conjunction_blocks,conj_uni,0,1,21,targ_class1,349.0,127.0
14,conjunction_blocks,conj_uni,0,1,22,targ_class1,212.0,270.0
14,conjunction_blocks,conj_uni,0,1,23,targ_class2,80.0,-190.0
14,conjunction_blocks,conj_uni,0,1,24,targ_class1,-235.0,-252.0
14,conjunction_blocks,conj_uni,0,1,25,dist_class2,-2.0,302.0
14,conjunction_blocks,conj_uni,0,1,26,targ_class2,-159.0,13.0
14,conjunction_blocks,conj_uni,0,1,27,dist_class2,-341.0,280.0
14,conjunction_blocks,conj_uni,0,1,28,dist_class2,-221.0,102.0
14,conjunction_blocks,conj_uni,0,1,29,dist_class1,194.0,-115.0
14,conjunction_blocks,conj_uni,0,1,30,dist_class1,-147.0,130.0
14,conjunction_blocks,conj_uni,0,1,31,targ_class1,301.0,-60.0
14,conjunction_blocks,conj_uni,0,1,32,dist_class1,194.0,117.0
14,conjunction_blocks,conj_uni,0,1,33,targ_class1,-95.0,172.0
14,conjunction_blocks,conj_uni,0,1,34,dist_class1,-193.0,333.0
14,conjunction_blocks,conj_uni,0,1,35,targ_class1,-357.0,-29.0
14,conjunction_blocks,conj_uni,0,1,36,dist_class2,-126.0,232.0
14,conjunction_blocks,conj_uni,0,1,37,dist_class2,243.0,-323.0
14,conjunction_blocks,conj_uni,0,1,38,dist_class1,357.0,-204.0
14,conjunction_blocks,conj_uni,0,1,39,dist_class1,-113.0,-18.0
14,conjunction_blocks,conj_uni,0,1,40,dist_class2,-140.0,316.0
14,conjunction_blocks,conj_uni,0,1,41,dist_class2,80.0,-348.0
14,conjunction_blocks,conj_uni,0,1,42,dist_class1,358.0,312.0
14,conjunction_blocks,conj_uni,0,1,43,targ_class2,97.0,-6.0
14,conjunction_blocks,conj_uni,0,1,44,targ_class1,-39.0,356.0
14,conjunction_blocks,conj_uni,0,1,45,dist_class2,-165.0,-270.0
14,conjunction_blocks,conj_uni,0,1,46,targ_class2,-256.0,-30.0
14,conjunction_blocks,conj_uni,0,1,47,dist_class2,27.0,172.0
14,conjunction_blocks,conj_uni,0,1,48,targ_class1,-251.0,-306.0
14,conjunction_blocks,conj_uni,0,1,49,targ_class2,213.0,213.0
14,conjunction_blocks,conj_grid,3,1,1,targ_class2,-316.0,-338.0
14,conjunction_blocks,conj_grid,3,1,2,dist_class2,-223.0,-310.0
14,conjunction_blocks,conj_grid,3,1,3,targ_class1,-102.0,-320.0
14,conjunction_blocks,conj_grid,3,1,4,targ_class2,3.0,-327.0
14,conjunction_blocks,conj_grid,3,1,5,targ_class1,103.0,-325.0
14,conjunction_blocks,conj_grid,3,1,6,dist_class1,226.0,-327.0
14,conjunction_blocks,conj_grid,3,1,7,dist_class1,324.0,-322.0
14,conjunction_blocks,conj_grid,3,1,8,targ_class2,-325.0,-225.0
14,conjunction_blocks,conj_grid,3,1,9,dist_class1,-209.0,-216.0
14,conjunction_blocks,conj_grid,3,1,10,targ_class1,-123.0,-215.0
14,conjunction_blocks,conj_grid,3,1,11,dist_class2,12.0,-216.0
14,conjunction_blocks,conj_grid,3,1,12,dist_class2,118.0,-214.0
14,conjunction_blocks,conj_grid,3,1,13,dist_class2,223.0,-205.0
14,conjunction_blocks,conj_grid,3,1,14,dist_class1,314.0,-213.0
14,conjunction_blocks,conj_grid,3,1,15,targ_class1,-324.0,-106.0
14,conjunction_blocks,conj_grid,3,1,16,dist_class1,-190.0,-111.0
14,conjunction_blocks,conj_grid,3,1,17,dist_class1,-115.0,-95.0
14,conjunction_blocks,conj_grid,3,1,18,dist_class2,-9.0,-99.0
14,conjunction_blocks,conj_grid,3,1,19,targ_class1,114.0,-99.0
14,conjunction_blocks,conj_grid,3,1,20,dist_class2,231.0,-91.0
14,conjunction_blocks,conj_grid,3,1,21,targ_class1,309.0,-95.0
14,conjunction_blocks,conj_grid,3,1,22,dist_class2,-314.0,0.0
14,conjunction_blocks,conj_grid,3,1,23,targ_class2,-204.0,10.0
14,conjunction_blocks,conj_grid,3,1,24,targ_class2,-122.0,16.0
14,conjunction_blocks,conj_grid,3,1,25,targ_class2,-7.0,-9.0
14,conjunction_blocks,conj_grid,3,1,26,dist_class2,121.0,-7.0
14,conjunction_blocks,conj_grid,3,1,27,targ_class2,217.0,9.0
14,conjunction_blocks,conj_grid,3,1,28,targ_class2,334.0,6.0
14,conjunction_blocks,conj_grid,3,1,29,dist_class2,-309.0,92.0
14,conjunction_blocks,conj_grid,3,1,30,targ_class1,-217.0,108.0
14,conjunction_blocks,conj_grid,3,1,31,dist_class1,-122.0,102.0
14,conjunction_blocks,conj_grid,3,1,32,targ_class1,8.0,120.0
14,conjunction_blocks,conj_grid,3,1,33,targ_class2,111.0,104.0
14,conjunction_blocks,conj_grid,3,1,34,targ_class2,221.0,118.0
14,conjunction_blocks,conj_grid,3,1,35,dist_class2,346.0,108.0
14,conjunction_blocks,conj_grid,3,1,36,targ_class1,-329.0,233.0
14,conjunction_blocks,conj_grid,3,1,37,dist_class1,-224.0,215.0
14,conjunction_blocks,conj_grid,3,1,38,targ_class1,-100.0,243.0
14,conjunction_blocks,conj_grid,3,1,39,targ_class1,-19.0,212.0
14,conjunction_blocks,conj_grid,3,1,40,dist_class1,102.0,219.0
14,conjunction_blocks,conj_grid,3,1,41,targ_class2,227.0,193.0
14,conjunction_blocks,conj_grid,3,1,42,dist_class1,322.0,230.0
14,conjunction_blocks,conj_grid,3,1,43,dist_class1,-335.0,330.0
14,conjunction_blocks,conj_grid,3,1,44,targ_class2,-230.0,336.0
14,conjunction_blocks,conj_grid,3,1,45,dist_class2,-119.0,313.0
14,conjunction_blocks,conj_grid,3,1,46,targ_class1,13.0,330.0
14,conjunction_blocks,conj_grid,3,1,47,dist_class1,112.0,345.0
14,conjunction_blocks,conj_grid,3,1,48,dist_class2,205.0,309.0
14,conjunction_blocks,conj_grid,3,1,49,dist_class2,335.0,332.0
14,conjunction_blocks,conj_uni,1,1,1,dist_class2,-291.0,26.0
14,conjunction_blocks,conj_uni,1,1,2,dist_class1,-229.0,162.0
14,conjunction_blocks,conj_uni,1,1,3,dist_class1,27.0,-152.0
14,conjunction_blocks,conj_uni,1,1,4,targ_class1,-90.0,240.0
14,conjunction_blocks,conj_uni,1,1,5,dist_class2,47.0,179.0
14,conjunction_blocks,conj_uni,1,1,6,targ_class2,-126.0,-342.0
14,conjunction_blocks,conj_uni,1,1,7,targ_class2,365.0,349.0
14,conjunction_blocks,conj_uni,1,1,8,targ_class1,237.0,-66.0
14,conjunction_blocks,conj_uni,1,1,9,targ_class1,-146.0,69.0
14,conjunction_blocks,conj_uni,1,1,10,dist_class1,326.0,50.0
14,conjunction_blocks,conj_uni,1,1,11,targ_class2,-227.0,-182.0
14,conjunction_blocks,conj_uni,1,1,12,targ_class1,-92.0,309.0
14,conjunction_blocks,conj_uni,1,1,13,dist_class1,-284.0,-86.0
14,conjunction_blocks,conj_uni,1,1,14,targ_class2,-22.0,35.0
14,conjunction_blocks,conj_uni,1,1,15,dist_class1,-6.0,327.0
14,conjunction_blocks,conj_uni,1,1,16,targ_class2,-46.0,276.0
14,conjunction_blocks,conj_uni,1,1,17,targ_class1,78.0,-237.0
14,conjunction_blocks,conj_uni,1,1,18,dist_class2,-196.0,44.0
14,conjunction_blocks,conj_uni,1,1,19,targ_class2,-169.0,215.0
14,conjunction_blocks,conj_uni,1,1,20,dist_class1,-25.0,-172.0
14,conjunction_blocks,conj_uni,1,1,21,targ_class2,328.0,146.0
14,conjunction_blocks,conj_uni,1,1,22,targ_class2,305.0,-208.0
14,conjunction_blocks,conj_uni,1,1,23,dist_class2,294.0,-151.0
14,conjunction_blocks,conj_uni,1,1,24,dist_class2,-114.0,-276.0
14,conjunction_blocks,conj_uni,1,1,25,dist_class2,-31.0,-228.0
14,conjunction_blocks,conj_uni,1,1,26,dist_class2,109.0,-40.0
14,conjunction_blocks,conj_uni,1,1,27,targ_class1,11.0,94.0
14,conjunction_blocks,conj_uni,1,1,28,targ_class1,-96.0,-96.0
14,conjunction_blocks,conj_uni,1,1,29,targ_class2,167.0,144.0
14,conjunction_blocks,conj_uni,1,1,30,dist_class2,230.0,-268.0
14,conjunction_blocks,conj_uni,1,1,31,targ_class1,307.0,-96.0
14,conjunction_blocks,conj_uni,1,1,32,targ_class2,-76.0,-148.0
14,conjunction_blocks,conj_uni,1,1,33,dist_class1,-282.0,112.0
14,conjunction_blocks,conj_uni,1,1,34,dist_class2,275.0,315.0
14,conjunction_blocks,conj_uni,1,1,35,targ_class1,-348.0,209.0
14,conjunction_blocks,conj_uni,1,1,36,targ_class2,348.0,-168.0
14,conjunction_blocks,conj_uni,1,1,37,dist_class2,-299.0,-32.0
14,conjunction_blocks,conj_uni,1,1,38,dist_class2,107.0,-95.0
14,conjunction_blocks,conj_uni,1,1,39,dist_class1,51.0,-102.0
14,conjunction_blocks,conj_uni,1,1,40,targ_class1,219.0,166.0
14,conjunction_blocks,conj_uni,1,1,41,targ_class2,-344.0,-313.0
14,conjunction_blocks,conj_uni,1,1,42,dist_class1,120.0,175.0
14,conjunction_blocks,conj_uni,1,1,43,dist_class1,10.0,270.0
14,conjunction_blocks,conj_uni,1,1,44,targ_class1,106.0,353.0
14,conjunction_blocks,conj_uni,1,1,45,dist_class1,198.0,32.0
14,conjunction_blocks,conj_uni,1,1,46,dist_class2,1.0,-20.0
14,conjunction_blocks,conj_uni,1,1,47,dist_class2,334.0,301.0
14,conjunction_blocks,conj_uni,1,1,48,dist_class1,-258.0,-136.0
14,conjunction_blocks,conj_uni,1,1,49,targ_class1,-153.0,-125.0
14,conjunction_blocks,conj_grid,2,1,1,targ_class2,-324.0,-339.0
14,conjunction_blocks,conj_grid,2,1,2,dist_class2,-196.0,-323.0
14,conjunction_blocks,conj_grid,2,1,3,dist_class2,-117.0,-315.0
14,conjunction_blocks,conj_grid,2,1,4,targ_class2,2.0,-329.0
14,conjunction_blocks,conj_grid,2,1,5,targ_class2,116.0,-329.0
14,conjunction_blocks,conj_grid,2,1,6,dist_class2,242.0,-317.0
14,conjunction_blocks,conj_grid,2,1,7,dist_class2,335.0,-319.0
14,conjunction_blocks,conj_grid,2,1,8,dist_class1,-331.0,-198.0
14,conjunction_blocks,conj_grid,2,1,9,dist_class1,-231.0,-217.0
14,conjunction_blocks,conj_grid,2,1,10,dist_class2,-92.0,-212.0
14,conjunction_blocks,conj_grid,2,1,11,targ_class1,7.0,-214.0
14,conjunction_blocks,conj_grid,2,1,12,dist_class1,103.0,-202.0
14,conjunction_blocks,conj_grid,2,1,13,targ_class1,207.0,-220.0
14,conjunction_blocks,conj_grid,2,1,14,dist_class1,319.0,-232.0
14,conjunction_blocks,conj_grid,2,1,15,targ_class1,-319.0,-99.0
14,conjunction_blocks,conj_grid,2,1,16,targ_class2,-224.0,-111.0
14,conjunction_blocks,conj_grid,2,1,17,targ_class2,-96.0,-109.0
14,conjunction_blocks,conj_grid,2,1,18,dist_class1,6.0,-116.0
14,conjunction_blocks,conj_grid,2,1,19,targ_class1,119.0,-109.0
14,conjunction_blocks,conj_grid,2,1,20,dist_class1,207.0,-113.0
14,conjunction_blocks,conj_grid,2,1,21,targ_class1,322.0,-115.0
14,conjunction_blocks,conj_grid,2,1,22,dist_class2,-325.0,10.0
14,conjunction_blocks,conj_grid,2,1,23,dist_class1,-213.0,-11.0
14,conjunction_blocks,conj_grid,2,1,24,targ_class2,-113.0,-10.0
14,conjunction_blocks,conj_grid,2,1,25,dist_class2,16.0,-6.0
14,conjunction_blocks,conj_grid,2,1,26,targ_class1,113.0,21.0
14,conjunction_blocks,conj_grid,2,1,27,targ_class1,211.0,2.0
14,conjunction_blocks,conj_grid,2,1,28,dist_class1,340.0,-4.0
14,conjunction_blocks,conj_grid,2,1,29,targ_class2,-335.0,102.0
14,conjunction_blocks,conj_grid,2,1,30,dist_class1,-199.0,112.0
14,conjunction_blocks,conj_grid,2,1,31,targ_class1,-97.0,97.0
14,conjunction_blocks,conj_grid,2,1,32,dist_class1,5.0,106.0
14,conjunction_blocks,conj_grid,2,1,33,targ_class2,120.0,136.0
14,conjunction_blocks,conj_grid,2,1,34,targ_class1,218.0,105.0
14,conjunction_blocks,conj_grid,2,1,35,targ_class2,327.0,100.0
14,conjunction_blocks,conj_grid,2,1,36,targ_class1,-325.0,224.0
14,conjunction_blocks,conj_grid,2,1,37,dist_class1,-204.0,213.0
14,conjunction_blocks,conj_grid,2,1,38,dist_class1,-105.0,222.0
14,conjunction_blocks,conj_grid,2,1,39,targ_class2,-13.0,219.0
14,conjunction_blocks,conj_grid,2,1,40,targ_class1,99.0,218.0
14,conjunction_blocks,conj_grid,2,1,41,dist_class2,220.0,210.0
14,conjunction_blocks,conj_grid,2,1,42,dist_class2,304.0,233.0
14,conjunction_blocks,conj_grid,2,1,43,dist_class2,-325.0,331.0
14,conjunction_blocks,conj_grid,2,1,44,dist_class2,-219.0,304.0
14,conjunction_blocks,conj_grid,2,1,45,dist_class2,-107.0,341.0
14,conjunction_blocks,conj_grid,2,1,46,dist_class2,13.0,334.0
14,conjunction_blocks,conj_grid,2,1,47,targ_class2,119.0,303.0
14,conjunction_blocks,conj_grid,2,1,48,targ_class1,238.0,324.0
14,conjunction_blocks,conj_grid,2,1,49,targ_class2,318.0,317.0
14,conjunction_blocks,conj_grid,2,2,1,targ_class1,-352.0,-328.0
14,conjunction_blocks,conj_grid,2,2,2,dist_class1,-199.0,-302.0
14,conjunction_blocks,conj_grid,2,2,3,dist_class1,-115.0,-311.0
14,conjunction_blocks,conj_grid,2,2,4,targ_class1,-1.0,-318.0
14,conjunction_blocks,conj_grid,2,2,5,targ_class1,103.0,-326.0
14,conjunction_blocks,conj_grid,2,2,6,targ_class2,218.0,-325.0
14,conjunction_blocks,conj_grid,2,2,7,dist_class2,324.0,-313.0
14,conjunction_blocks,conj_grid,2,2,8,dist_class2,-324.0,-236.0
14,conjunction_blocks,conj_grid,2,2,9,targ_class2,-208.0,-239.0
14,conjunction_blocks,conj_grid,2,2,10,dist_class2,-119.0,-200.0
14,conjunction_blocks,conj_grid,2,2,11,targ_class1,2.0,-211.0
14,conjunction_blocks,conj_grid,2,2,12,dist_class1,119.0,-219.0
14,conjunction_blocks,conj_grid,2,2,13,dist_class2,218.0,-217.0
14,conjunction_blocks,conj_grid,2,2,14,dist_class2,315.0,-208.0
14,conjunction_blocks,conj_grid,2,2,15,dist_class2,-327.0,-117.0
14,conjunction_blocks,conj_grid,2,2,16,dist_class2,-212.0,-97.0
14,conjunction_blocks,conj_grid,2,2,17,dist_class1,-122.0,-108.0
14,conjunction_blocks,conj_grid,2,2,18,targ_class2,-2.0,-109.0
14,conjunction_blocks,conj_grid,2,2,19,targ_class2,106.0,-122.0
14,conjunction_blocks,conj_grid,2,2,20,dist_class1,215.0,-102.0
14,conjunction_blocks,conj_grid,2,2,21,dist_class1,316.0,-109.0
14,conjunction_blocks,conj_grid,2,2,22,targ_class1,-330.0,6.0
14,conjunction_blocks,conj_grid,2,2,23,targ_class2,-205.0,6.0
14,conjunction_blocks,conj_grid,2,2,24,targ_class1,-107.0,7.0
14,conjunction_blocks,conj_grid,2,2,25,dist_class1,-9.0,8.0
14,conjunction_blocks,conj_grid,2,2,26,dist_class1,109.0,-7.0
14,conjunction_blocks,conj_grid,2,2,27,targ_class2,215.0,6.0
14,conjunction_blocks,conj_grid,2,2,28,targ_class1,322.0,2.0
14,conjunction_blocks,conj_grid,2,2,29,targ_class2,-330.0,124.0
14,conjunction_blocks,conj_grid,2,2,30,dist_class1,-217.0,91.0
14,conjunction_blocks,conj_grid,2,2,31,dist_class2,-87.0,113.0
14,conjunction_blocks,conj_grid,2,2,32,targ_class1,-1.0,105.0
14,conjunction_blocks,conj_grid,2,2,33,targ_class2,117.0,107.0
14,conjunction_blocks,conj_grid,2,2,34,dist_class2,198.0,111.0
14,conjunction_blocks,conj_grid,2,2,35,targ_class2,314.0,114.0
14,conjunction_blocks,conj_grid,2,2,36,targ_class1,-318.0,222.0
14,conjunction_blocks,conj_grid,2,2,37,dist_class1,-236.0,231.0
14,conjunction_blocks,conj_grid,2,2,38,dist_class2,-114.0,218.0
14,conjunction_blocks,conj_grid,2,2,39,dist_class2,14.0,225.0
14,conjunction_blocks,conj_grid,2,2,40,dist_class1,112.0,200.0
14,conjunction_blocks,conj_grid,2,2,41,targ_class2,205.0,231.0
14,conjunction_blocks,conj_grid,2,2,42,targ_class1,321.0,209.0
14,conjunction_blocks,conj_grid,2,2,43,targ_class1,-329.0,325.0
14,conjunction_blocks,conj_grid,2,2,44,dist_class2,-216.0,328.0
14,conjunction_blocks,conj_grid,2,2,45,dist_class1,-96.0,325.0
14,conjunction_blocks,conj_grid,2,2,46,dist_class2,5.0,328.0
14,conjunction_blocks,conj_grid,2,2,47,targ_class1,119.0,315.0
14,conjunction_blocks,conj_grid,2,2,48,targ_class2,237.0,332.0
14,conjunction_blocks,conj_grid,2,2,49,targ_class2,344.0,314.0
14,conjunction_blocks,conj_rot,2,1,1,dist_class2,-13.0,-462.0
14,conjunction_blocks,conj_rot,2,1,2,targ_class2,82.0,-394.0
14,conjunction_blocks,conj_rot,2,1,3,dist_class2,156.0,-309.0
14,conjunction_blocks,conj_rot,2,1,4,dist_class1,232.0,-214.0
14,conjunction_blocks,conj_rot,2,1,5,dist_class1,311.0,-156.0
14,conjunction_blocks,conj_rot,2,1,6,dist_class2,373.0,-83.0
14,conjunction_blocks,conj_rot,2,1,7,targ_class1,458.0,1.0
14,conjunction_blocks,conj_rot,2,1,8,targ_class2,-78.0,-379.0
14,conjunction_blocks,conj_rot,2,1,9,targ_class2,13.0,-278.0
14,conjunction_blocks,conj_rot,2,1,10,targ_class2,101.0,-237.0
14,conjunction_blocks,conj_rot,2,1,11,dist_class1,137.0,-158.0
14,conjunction_blocks,conj_rot,2,1,12,dist_class1,243.0,-61.0
14,conjunction_blocks,conj_rot,2,1,13,dist_class1,300.0,4.0
14,conjunction_blocks,conj_rot,2,1,14,dist_class1,388.0,64.0
14,conjunction_blocks,conj_rot,2,1,15,targ_class1,-150.0,-305.0
14,conjunction_blocks,conj_rot,2,1,16,dist_class1,-73.0,-234.0
14,conjunction_blocks,conj_rot,2,1,17,dist_class2,9.0,-150.0
14,conjunction_blocks,conj_rot,2,1,18,targ_class1,80.0,-63.0
14,conjunction_blocks,conj_rot,2,1,19,targ_class1,156.0,24.0
14,conjunction_blocks,conj_rot,2,1,20,dist_class2,250.0,77.0
14,conjunction_blocks,conj_rot,2,1,21,dist_class1,285.0,147.0
14,conjunction_blocks,conj_rot,2,1,22,dist_class2,-227.0,-221.0
14,conjunction_blocks,conj_rot,2,1,23,targ_class2,-142.0,-142.0
14,conjunction_blocks,conj_rot,2,1,24,targ_class1,-72.0,-55.0
14,conjunction_blocks,conj_rot,2,1,25,dist_class2,5.0,-7.0
14,conjunction_blocks,conj_rot,2,1,26,targ_class1,80.0,82.0
14,conjunction_blocks,conj_rot,2,1,27,targ_class2,149.0,160.0
14,conjunction_blocks,conj_rot,2,1,28,dist_class2,226.0,233.0
14,conjunction_blocks,conj_rot,2,1,29,dist_class2,-306.0,-155.0
14,conjunction_blocks,conj_rot,2,1,30,targ_class2,-246.0,-78.0
14,conjunction_blocks,conj_rot,2,1,31,targ_class1,-157.0,-3.0
14,conjunction_blocks,conj_rot,2,1,32,targ_class1,-71.0,93.0
14,conjunction_blocks,conj_rot,2,1,33,dist_class1,-15.0,159.0
14,conjunction_blocks,conj_rot,2,1,34,targ_class2,80.0,232.0
14,conjunction_blocks,conj_rot,2,1,35,dist_class2,146.0,302.0
14,conjunction_blocks,conj_rot,2,1,36,dist_class1,-375.0,-81.0
14,conjunction_blocks,conj_rot,2,1,37,targ_class2,-311.0,-14.0
14,conjunction_blocks,conj_rot,2,1,38,targ_class1,-223.0,71.0
14,conjunction_blocks,conj_rot,2,1,39,dist_class1,-151.0,133.0
14,conjunction_blocks,conj_rot,2,1,40,targ_class1,-75.0,233.0
14,conjunction_blocks,conj_rot,2,1,41,dist_class2,3.0,317.0
14,conjunction_blocks,conj_rot,2,1,42,dist_class2,99.0,390.0
14,conjunction_blocks,conj_rot,2,1,43,dist_class1,-470.0,5.0
14,conjunction_blocks,conj_rot,2,1,44,dist_class2,-372.0,86.0
14,conjunction_blocks,conj_rot,2,1,45,targ_class2,-314.0,140.0
14,conjunction_blocks,conj_rot,2,1,46,targ_class1,-229.0,228.0
14,conjunction_blocks,conj_rot,2,1,47,targ_class1,-135.0,322.0
14,conjunction_blocks,conj_rot,2,1,48,targ_class2,-86.0,396.0
14,conjunction_blocks,conj_rot,2,1,49,targ_class2,15.0,467.0
14,conjunction_blocks,conj_rot,1,1,1,targ_class1,-6.0,-464.0
14,conjunction_blocks,conj_rot,1,1,2,targ_class2,82.0,-372.0
14,conjunction_blocks,conj_rot,1,1,3,dist_class1,156.0,-297.0
14,conjunction_blocks,conj_rot,1,1,4,targ_class1,228.0,-234.0
14,conjunction_blocks,conj_rot,1,1,5,targ_class1,306.0,-155.0
14,conjunction_blocks,conj_rot,1,1,6,dist_class1,366.0,-69.0
14,conjunction_blocks,conj_rot,1,1,7,targ_class2,454.0,-6.0
14,conjunction_blocks,conj_rot,1,1,8,targ_class2,-68.0,-363.0
14,conjunction_blocks,conj_rot,1,1,9,targ_class1,6.0,-313.0
14,conjunction_blocks,conj_rot,1,1,10,dist_class2,77.0,-224.0
14,conjunction_blocks,conj_rot,1,1,11,dist_class1,143.0,-138.0
14,conjunction_blocks,conj_rot,1,1,12,targ_class1,229.0,-81.0
14,conjunction_blocks,conj_rot,1,1,13,dist_class2,304.0,3.0
14,conjunction_blocks,conj_rot,1,1,14,dist_class2,394.0,82.0
14,conjunction_blocks,conj_rot,1,1,15,targ_class2,-136.0,-312.0
14,conjunction_blocks,conj_rot,1,1,16,targ_class1,-58.0,-227.0
14,conjunction_blocks,conj_rot,1,1,17,dist_class1,7.0,-168.0
14,conjunction_blocks,conj_rot,1,1,18,dist_class1,86.0,-81.0
14,conjunction_blocks,conj_rot,1,1,19,targ_class2,159.0,2.0
14,conjunction_blocks,conj_rot,1,1,20,targ_class2,234.0,96.0
14,conjunction_blocks,conj_rot,1,1,21,dist_class2,307.0,138.0
14,conjunction_blocks,conj_rot,1,1,22,targ_class1,-219.0,-227.0
14,conjunction_blocks,conj_rot,1,1,23,dist_class2,-168.0,-167.0
14,conjunction_blocks,conj_rot,1,1,24,dist_class1,-95.0,-79.0
14,conjunction_blocks,conj_rot,1,1,25,targ_class1,-7.0,-12.0
14,conjunction_blocks,conj_rot,1,1,26,targ_class2,56.0,75.0
14,conjunction_blocks,conj_rot,1,1,27,targ_class1,150.0,148.0
14,conjunction_blocks,conj_rot,1,1,28,dist_class1,219.0,239.0
14,conjunction_blocks,conj_rot,1,1,29,dist_class2,-286.0,-152.0
14,conjunction_blocks,conj_rot,1,1,30,dist_class2,-221.0,-76.0
14,conjunction_blocks,conj_rot,1,1,31,dist_class2,-145.0,-8.0
14,conjunction_blocks,conj_rot,1,1,32,dist_class2,-71.0,67.0
14,conjunction_blocks,conj_rot,1,1,33,targ_class2,-26.0,133.0
14,conjunction_blocks,conj_rot,1,1,34,targ_class2,74.0,243.0
14,conjunction_blocks,conj_rot,1,1,35,dist_class1,124.0,319.0
14,conjunction_blocks,conj_rot,1,1,36,targ_class1,-378.0,-70.0
14,conjunction_blocks,conj_rot,1,1,37,dist_class1,-307.0,-1.0
14,conjunction_blocks,conj_rot,1,1,38,dist_class2,-224.0,61.0
14,conjunction_blocks,conj_rot,1,1,39,targ_class2,-160.0,137.0
14,conjunction_blocks,conj_rot,1,1,40,dist_class1,-75.0,217.0
14,conjunction_blocks,conj_rot,1,1,41,dist_class2,16.0,300.0
14,conjunction_blocks,conj_rot,1,1,42,targ_class2,66.0,374.0
14,conjunction_blocks,conj_rot,1,1,43,dist_class2,-477.0,15.0
14,conjunction_blocks,conj_rot,1,1,44,dist_class2,-367.0,82.0
14,conjunction_blocks,conj_rot,1,1,45,targ_class2,-301.0,147.0
14,conjunction_blocks,conj_rot,1,1,46,targ_class1,-224.0,242.0
14,conjunction_blocks,conj_rot,1,1,47,dist_class1,-163.0,326.0
14,conjunction_blocks,conj_rot,1,1,48,dist_class1,-77.0,378.0
14,conjunction_blocks,conj_rot,1,1,49,targ_class1,1.0,446.0
14,conjunction_blocks,conj_uni,3,1,1,targ_class2,78.0,-171.0
14,conjunction_blocks,conj_uni,3,1,2,targ_class2,-263.0,302.0
14,conjunction_blocks,conj_uni,3,1,3,targ_class1,-344.0,-271.0
14,conjunction_blocks,conj_uni,3,1,4,dist_class2,-150.0,-230.0
14,conjunction_blocks,conj_uni,3,1,5,dist_class2,191.0,39.0
14,conjunction_blocks,conj_uni,3,1,6,targ_class2,-61.0,195.0
14,conjunction_blocks,conj_uni,3,1,7,dist_class2,-28.0,356.0
14,conjunction_blocks,conj_uni,3,1,8,dist_class2,-209.0,-8.0
14,conjunction_blocks,conj_uni,3,1,9,targ_class1,103.0,159.0
14,conjunction_blocks,conj_uni,3,1,10,dist_class2,-3.0,182.0
14,conjunction_blocks,conj_uni,3,1,11,targ_class1,78.0,-254.0
14,conjunction_blocks,conj_uni,3,1,12,targ_class1,-321.0,217.0
14,conjunction_blocks,conj_uni,3,1,13,targ_class2,-333.0,35.0
14,conjunction_blocks,conj_uni,3,1,14,dist_class2,-264.0,-307.0
14,conjunction_blocks,conj_uni,3,1,15,dist_class1,316.0,-259.0
14,conjunction_blocks,conj_uni,3,1,16,targ_class2,-196.0,83.0
14,conjunction_blocks,conj_uni,3,1,17,targ_class1,-86.0,144.0
14,conjunction_blocks,conj_uni,3,1,18,dist_class2,196.0,-233.0
14,conjunction_blocks,conj_uni,3,1,19,targ_class1,-353.0,-332.0
14,conjunction_blocks,conj_uni,3,1,20,dist_class2,-265.0,231.0
14,conjunction_blocks,conj_uni,3,1,21,targ_class1,13.0,260.0
14,conjunction_blocks,conj_uni,3,1,22,dist_class2,285.0,234.0
14,conjunction_blocks,conj_uni,3,1,23,targ_class2,88.0,51.0
14,conjunction_blocks,conj_uni,3,1,24,dist_class2,64.0,120.0
14,conjunction_blocks,conj_uni,3,1,25,dist_class1,176.0,-322.0
14,conjunction_blocks,conj_uni,3,1,26,targ_class1,108.0,305.0
14,conjunction_blocks,conj_uni,3,1,27,dist_class2,240.0,193.0
14,conjunction_blocks,conj_uni,3,1,28,dist_class1,329.0,9.0
14,conjunction_blocks,conj_uni,3,1,29,targ_class2,150.0,130.0
14,conjunction_blocks,conj_uni,3,1,30,dist_class1,-238.0,45.0
14,conjunction_blocks,conj_uni,3,1,31,dist_class1,15.0,40.0
14,conjunction_blocks,conj_uni,3,1,32,dist_class2,358.0,-221.0
14,conjunction_blocks,conj_uni,3,1,33,targ_class2,-284.0,-140.0
14,conjunction_blocks,conj_uni,3,1,34,dist_class1,-49.0,-301.0
14,conjunction_blocks,conj_uni,3,1,35,targ_class1,-33.0,11.0
14,conjunction_blocks,conj_uni,3,1,36,dist_class1,-342.0,90.0
14,conjunction_blocks,conj_uni,3,1,37,dist_class1,44.0,-337.0
14,conjunction_blocks,conj_uni,3,1,38,targ_class1,-254.0,358.0
14,conjunction_blocks,conj_uni,3,1,39,dist_class2,219.0,-9.0
14,conjunction_blocks,conj_uni,3,1,40,targ_class2,-86.0,-5.0
14,conjunction_blocks,conj_uni,3,1,41,dist_class1,148.0,-272.0
14,conjunction_blocks,conj_uni,3,1,42,dist_class1,-282.0,138.0
14,conjunction_blocks,conj_uni,3,1,43,targ_class1,251.0,-179.0
14,conjunction_blocks,conj_uni,3,1,44,targ_class2,-234.0,-59.0
14,conjunction_blocks,conj_uni,3,1,45,dist_class1,-309.0,271.0
14,conjunction_blocks,conj_uni,3,1,46,targ_class2,304.0,-151.0
14,conjunction_blocks,conj_uni,3,1,47,dist_class1,-228.0,-138.0
14,conjunction_blocks,conj_uni,3,1,48,targ_class1,-205.0,328.0
14,conjunction_blocks,conj_uni,3,1,49,targ_class2,13.0,95.0
14,conjunction_blocks,conj_uni,4,1,1,targ_class1,-51.0,356.0
14,conjunction_blocks,conj_uni,4,1,2,targ_class2,-45.0,-75.0
14,conjunction_blocks,conj_uni,4,1,3,dist_class2,9.0,302.0
14,conjunction_blocks,conj_uni,4,1,4,dist_class1,11.0,-22.0
14,conjunction_blocks,conj_uni,4,1,5,targ_class1,-77.0,72.0
14,conjunction_blocks,conj_uni,4,1,6,dist_class2,49.0,-93.0
14,conjunction_blocks,conj_uni,4,1,7,targ_class1,-195.0,178.0
14,conjunction_blocks,conj_uni,4,1,8,targ_class1,149.0,242.0
14,conjunction_blocks,conj_uni,4,1,9,dist_class2,216.0,31.0
14,conjunction_blocks,conj_uni,4,1,10,dist_class2,195.0,-252.0
14,conjunction_blocks,conj_uni,4,1,11,dist_class1,-295.0,-302.0
14,conjunction_blocks,conj_uni,4,1,12,targ_class2,-329.0,-189.0
14,conjunction_blocks,conj_uni,4,1,13,dist_class2,-305.0,-41.0
14,conjunction_blocks,conj_uni,4,1,14,targ_class1,-15.0,-350.0
14,conjunction_blocks,conj_uni,4,1,15,targ_class1,-139.0,-342.0
14,conjunction_blocks,conj_uni,4,1,16,dist_class1,-202.0,-8.0
14,conjunction_blocks,conj_uni,4,1,17,targ_class2,-210.0,-105.0
14,conjunction_blocks,conj_uni,4,1,18,dist_class1,-179.0,-59.0
14,conjunction_blocks,conj_uni,4,1,19,dist_class1,345.0,-64.0
14,conjunction_blocks,conj_uni,4,1,20,dist_class2,-109.0,27.0
14,conjunction_blocks,conj_uni,4,1,21,dist_class1,268.0,-97.0
14,conjunction_blocks,conj_uni,4,1,22,dist_class2,138.0,-53.0
14,conjunction_blocks,conj_uni,4,1,23,targ_class2,-324.0,18.0
14,conjunction_blocks,conj_uni,4,1,24,dist_class1,334.0,281.0
14,conjunction_blocks,conj_uni,4,1,25,targ_class2,-332.0,114.0
14,conjunction_blocks,conj_uni,4,1,26,dist_class2,180.0,-12.0
14,conjunction_blocks,conj_uni,4,1,27,dist_class2,-249.0,161.0
14,conjunction_blocks,conj_uni,4,1,28,targ_class1,127.0,-339.0
14,conjunction_blocks,conj_uni,4,1,29,targ_class1,315.0,4.0
14,conjunction_blocks,conj_uni,4,1,30,targ_class2,-35.0,110.0
14,conjunction_blocks,conj_uni,4,1,31,targ_class2,-362.0,66.0
14,conjunction_blocks,conj_uni,4,1,32,targ_class2,-44.0,230.0
14,conjunction_blocks,conj_uni,4,1,33,dist_class1,277.0,219.0
14,conjunction_blocks,conj_uni,4,1,34,targ_class2,96.0,262.0
14,conjunction_blocks,conj_uni,4,1,35,dist_class1,336.0,-128.0
14,conjunction_blocks,conj_uni,4,1,36,targ_class1,358.0,-205.0
14,conjunction_blocks,conj_uni,4,1,37,targ_class1,-118.0,-290.0
14,conjunction_blocks,conj_uni,4,1,38,dist_class2,302.0,-198.0
14,conjunction_blocks,conj_uni,4,1,39,dist_class2,-267.0,-357.0
14,conjunction_blocks,conj_uni,4,1,40,dist_class1,31.0,-299.0
14,conjunction_blocks,conj_uni,4,1,41,targ_class2,-193.0,271.0
14,conjunction_blocks,conj_uni,4,1,42,dist_class2,65.0,309.0
14,conjunction_blocks,conj_uni,4,1,43,targ_class2,-24.0,178.0
14,conjunction_blocks,conj_uni,4,1,44,targ_class2,75.0,154.0
14,conjunction_blocks,conj_uni,4,1,45,targ_class1,239.0,101.0
14,conjunction_blocks,conj_uni,4,1,46,dist_class1,283.0,141.0
14,conjunction_blocks,conj_uni,4,1,47,dist_class2,153.0,-289.0
14,conjunction_blocks,conj_uni,4,1,48,targ_class1,-38.0,31.0
14,conjunction_blocks,conj_uni,4,1,49,dist_class1,292.0,-46.0
14,prac_feat,feat_grid,0,1,1,dist_class2,-322.0,-348.0
14,prac_feat,feat_grid,0,1,2,targ_class1,-231.0,-311.0
14,prac_feat,feat_grid,0,1,3,targ_class2,-122.0,-329.0
14,prac_feat,feat_grid,0,1,4,targ_class1,3.0,-314.0
14,prac_feat,feat_grid,0,1,5,dist_class2,111.0,-321.0
14,prac_feat,feat_grid,0,1,6,targ_class1,228.0,-340.0
14,prac_feat,feat_grid,0,1,7,dist_class2,337.0,-328.0
14,prac_feat,feat_grid,0,1,8,dist_class1,-320.0,-215.0
14,prac_feat,feat_grid,0,1,9,targ_class1,-220.0,-214.0
14,prac_feat,feat_grid,0,1,10,targ_class1,-122.0,-212.0
14,prac_feat,feat_grid,0,1,11,dist_class2,-15.0,-217.0
14,prac_feat,feat_grid,0,1,12,targ_class1,107.0,-216.0
14,prac_feat,feat_grid,0,1,13,dist_class1,202.0,-206.0
14,prac_feat,feat_grid,0,1,14,targ_class2,314.0,-233.0
14,prac_feat,feat_grid,0,1,15,dist_class1,-321.0,-110.0
14,prac_feat,feat_grid,0,1,16,dist_class2,-216.0,-115.0
14,prac_feat,feat_grid,0,1,17,targ_class2,-113.0,-118.0
14,prac_feat,feat_grid,0,1,18,targ_class2,-11.0,-88.0
14,prac_feat,feat_grid,0,1,19,dist_class1,104.0,-113.0
14,prac_feat,feat_grid,0,1,20,targ_class1,207.0,-103.0
14,prac_feat,feat_grid,0,1,21,targ_class1,342.0,-117.0
14,prac_feat,feat_grid,0,1,22,targ_class2,-332.0,-18.0
14,prac_feat,feat_grid,0,1,23,targ_class2,-216.0,-6.0
14,prac_feat,feat_grid,0,1,24,dist_class2,-121.0,2.0
14,prac_feat,feat_grid,0,1,25,dist_class2,1.0,1.0
14,prac_feat,feat_grid,0,1,26,dist_class2,111.0,-21.0
14,prac_feat,feat_grid,0,1,27,dist_class1,228.0,2.0
14,prac_feat,feat_grid,0,1,28,targ_class2,346.0,6.0
14,prac_feat,feat_grid,0,1,29,targ_class2,-314.0,101.0
14,prac_feat,feat_grid,0,1,30,dist_class1,-205.0,120.0
14,prac_feat,feat_grid,0,1,31,targ_class1,-120.0,112.0
14,prac_feat,feat_grid,0,1,32,dist_class2,3.0,125.0
14,prac_feat,feat_grid,0,1,33,targ_class2,100.0,106.0
14,prac_feat,feat_grid,0,1,34,dist_class2,205.0,109.0
14,prac_feat,feat_grid,0,1,35,dist_class1,335.0,106.0
14,prac_feat,feat_grid,0,1,36,dist_class1,-327.0,211.0
14,prac_feat,feat_grid,0,1,37,dist_class1,-222.0,213.0
14,prac_feat,feat_grid,0,1,38,dist_class1,-112.0,215.0
14,prac_feat,feat_grid,0,1,39,targ_class2,-4.0,217.0
14,prac_feat,feat_grid,0,1,40,dist_class1,101.0,220.0
14,prac_feat,feat_grid,0,1,41,dist_class2,218.0,202.0
14,prac_feat,feat_grid,0,1,42,targ_class1,327.0,208.0
14,prac_feat,feat_grid,0,1,43,dist_class2,-311.0,349.0
14,prac_feat,feat_grid,0,1,44,dist_class2,-199.0,313.0
14,prac_feat,feat_grid,0,1,45,targ_class2,-108.0,317.0
14,prac_feat,feat_grid,0,1,46,targ_class1,1.0,315.0
14,prac_feat,feat_grid,0,1,47,dist_class1,102.0,323.0
14,prac_feat,feat_grid,0,1,48,targ_class2,216.0,324.0
14,prac_feat,feat_grid,0,1,49,targ_class1,322.0,328.0
14,prac_feat,feat_grid,1,1,1,targ_class2,-326.0,-310.0
14,prac_feat,feat_grid,1,1,2,dist_class2,-207.0,-342.0
14,prac_feat,feat_grid,1,1,3,targ_class2,-110.0,-327.0
14,prac_feat,feat_grid,1,1,4,dist_class2,2.0,-322.0
14,prac_feat,feat_grid,1,1,5,targ_class1,114.0,-331.0
14,prac_feat,feat_grid,1,1,6,targ_class2,227.0,-323.0
14,prac_feat,feat_grid,1,1,7,dist_class1,318.0,-340.0
14,prac_feat,feat_grid,1,1,8,dist_class2,-347.0,-219.0
14,prac_feat,feat_grid,1,1,9,dist_class2,-232.0,-214.0
14,prac_feat,feat_grid,1,1,10,dist_class1,-97.0,-212.0
14,prac_feat,feat_grid,1,1,11,targ_class2,-13.0,-217.0
14,prac_feat,feat_grid,1,1,12,targ_class2,112.0,-219.0
14,prac_feat,feat_grid,1,1,13,targ_class1,201.0,-239.0
14,prac_feat,feat_grid,1,1,14,targ_class1,342.0,-211.0
14,prac_feat,feat_grid,1,1,15,targ_class2,-304.0,-109.0
14,prac_feat,feat_grid,1,1,16,targ_class1,-208.0,-114.0
14,prac_feat,feat_grid,1,1,17,targ_class1,-96.0,-84.0
14,prac_feat,feat_grid,1,1,18,dist_class1,-0.0,-81.0
14,prac_feat,feat_grid,1,1,19,targ_class1,87.0,-113.0
14,prac_feat,feat_grid,1,1,20,dist_class1,181.0,-121.0
14,prac_feat,feat_grid,1,1,21,targ_class1,305.0,-107.0
14,prac_feat,feat_grid,1,1,22,targ_class1,-320.0,-2.0
14,prac_feat,feat_grid,1,1,23,dist_class1,-222.0,-9.0
14,prac_feat,feat_grid,1,1,24,dist_class1,-102.0,-7.0
14,prac_feat,feat_grid,1,1,25,dist_class2,-2.0,5.0
14,prac_feat,feat_grid,1,1,26,targ_class2,120.0,11.0
14,prac_feat,feat_grid,1,1,27,dist_class2,220.0,1.0
14,prac_feat,feat_grid,1,1,28,targ_class2,331.0,-16.0
14,prac_feat,feat_grid,1,1,29,dist_class2,-314.0,114.0
14,prac_feat,feat_grid,1,1,30,dist_class1,-204.0,98.0
14,prac_feat,feat_grid,1,1,31,dist_class2,-93.0,113.0
14,prac_feat,feat_grid,1,1,32,dist_class1,-27.0,128.0
14,prac_feat,feat_grid,1,1,33,targ_class2,101.0,123.0
14,prac_feat,feat_grid,1,1,34,dist_class2,212.0,119.0
14,prac_feat,feat_grid,1,1,35,dist_class2,324.0,123.0
14,prac_feat,feat_grid,1,1,36,dist_class2,-314.0,219.0
14,prac_feat,feat_grid,1,1,37,dist_class1,-189.0,222.0
14,prac_feat,feat_grid,1,1,38,targ_class1,-113.0,199.0
14,prac_feat,feat_grid,1,1,39,targ_class1,-2.0,218.0
14,prac_feat,feat_grid,1,1,40,targ_class2,111.0,204.0
14,prac_feat,feat_grid,1,1,41,targ_class1,208.0,201.0
14,prac_feat,feat_grid,1,1,42,dist_class1,315.0,210.0
14,prac_feat,feat_grid,1,1,43,targ_class2,-335.0,316.0
14,prac_feat,feat_grid,1,1,44,dist_class2,-212.0,319.0
14,prac_feat,feat_grid,1,1,45,dist_class1,-111.0,326.0
14,prac_feat,feat_grid,1,1,46,dist_class2,-10.0,307.0
14,prac_feat,feat_grid,1,1,47,targ_class2,106.0,336.0
14,prac_feat,feat_grid,1,1,48,dist_class1,229.0,317.0
14,prac_feat,feat_grid,1,1,49,targ_class1,326.0,328.0
14,feature_blocks,feat_uni,0,1,1,targ_class1,-194.0,-330.0
14,feature_blocks,feat_uni,0,1,2,targ_class2,-219.0,-77.0
14,feature_blocks,feat_uni,0,1,3,targ_class1,-87.0,-344.0
14,feature_blocks,feat_uni,0,1,4,dist_class1,-163.0,-141.0
14,feature_blocks,feat_uni,0,1,5,dist_class1,61.0,75.0
14,feature_blocks,feat_uni,0,1,6,dist_class2,122.0,302.0
14,feature_blocks,feat_uni,0,1,7,targ_class2,-316.0,-258.0
14,feature_blocks,feat_uni,0,1,8,targ_class2,87.0,256.0
14,feature_blocks,feat_uni,0,1,9,dist_class2,-61.0,45.0
14,feature_blocks,feat_uni,0,1,10,dist_class1,-240.0,-194.0
14,feature_blocks,feat_uni,0,1,11,targ_class1,18.0,-201.0
14,feature_blocks,feat_uni,0,1,12,dist_class2,180.0,-291.0
14,feature_blocks,feat_uni,0,1,13,targ_class2,312.0,83.0
14,feature_blocks,feat_uni,0,1,14,targ_class2,-136.0,-34.0
14,feature_blocks,feat_uni,0,1,15,targ_class2,-106.0,205.0
14,feature_blocks,feat_uni,0,1,16,dist_class1,-204.0,232.0
14,feature_blocks,feat_uni,0,1,17,targ_class2,210.0,233.0
14,feature_blocks,feat_uni,0,1,18,dist_class1,227.0,-322.0
14,feature_blocks,feat_uni,0,1,19,dist_class2,287.0,304.0
14,feature_blocks,feat_uni,0,1,20,targ_class1,272.0,-263.0
14,feature_blocks,feat_uni,0,1,21,targ_class1,-39.0,133.0
14,feature_blocks,feat_uni,0,1,22,dist_class1,-3.0,58.0
14,feature_blocks,feat_uni,0,1,23,dist_class2,-155.0,278.0
14,feature_blocks,feat_uni,0,1,24,dist_class2,346.0,-204.0
14,feature_blocks,feat_uni,0,1,25,dist_class1,-243.0,-10.0
14,feature_blocks,feat_uni,0,1,26,dist_class1,196.0,-49.0
14,feature_blocks,feat_uni,0,1,27,dist_class1,-338.0,336.0
14,feature_blocks,feat_uni,0,1,28,dist_class1,17.0,198.0
14,feature_blocks,feat_uni,0,1,29,targ_class1,-23.0,-257.0
14,feature_blocks,feat_uni,0,1,30,targ_class2,289.0,-85.0
14,feature_blocks,feat_uni,0,1,31,targ_class2,-52.0,-209.0
14,feature_blocks,feat_uni,0,1,32,dist_class2,161.0,104.0
14,feature_blocks,feat_uni,0,1,33,targ_class2,-27.0,-1.0
14,feature_blocks,feat_uni,0,1,34,dist_class2,119.0,-195.0
14,feature_blocks,feat_uni,0,1,35,dist_class1,-219.0,-143.0
14,feature_blocks,feat_uni,0,1,36,targ_class1,-50.0,291.0
14,feature_blocks,feat_uni,0,1,37,dist_class2,139.0,236.0
14,feature_blocks,feat_uni,0,1,38,targ_class1,59.0,161.0
14,feature_blocks,feat_uni,0,1,39,targ_class1,-32.0,224.0
14,feature_blocks,feat_uni,0,1,40,targ_class1,231.0,285.0
14,feature_blocks,feat_uni,0,1,41,targ_class1,-263.0,201.0
14,feature_blocks,feat_uni,0,1,42,dist_class2,-203.0,-274.0
14,feature_blocks,feat_uni,0,1,43,targ_class2,74.0,-375.0
14,feature_blocks,feat_uni,0,1,44,dist_class1,148.0,-147.0
14,feature_blocks,feat_uni,0,1,45,dist_class2,45.0,-326.0
14,feature_blocks,feat_uni,0,1,46,targ_class1,54.0,355.0
14,feature_blocks,feat_uni,0,1,47,targ_class2,-138.0,-322.0
14,feature_blocks,feat_uni,0,1,48,dist_class2,-135.0,49.0
14,feature_blocks,feat_uni,0,1,49,dist_class2,-268.0,-115.0
14,feature_blocks,feat_rot,3,1,1,targ_class2,-10.0,-461.0
14,feature_blocks,feat_rot,3,1,2,targ_class1,65.0,-384.0
14,feature_blocks,feat_rot,3,1,3,targ_class2,146.0,-314.0
14,feature_blocks,feat_rot,3,1,4,targ_class1,215.0,-223.0
14,feature_blocks,feat_rot,3,1,5,targ_class2,299.0,-135.0
14,feature_blocks,feat_rot,3,1,6,dist_class1,375.0,-79.0
14,feature_blocks,feat_rot,3,1,7,dist_class2,454.0,10.0
14,feature_blocks,feat_rot,3,1,8,targ_class1,-79.0,-382.0
14,feature_blocks,feat_rot,3,1,9,targ_class1,18.0,-304.0
14,feature_blocks,feat_rot,3,1,10,targ_class2,69.0,-236.0
14,feature_blocks,feat_rot,3,1,11,targ_class1,150.0,-144.0
14,feature_blocks,feat_rot,3,1,12,dist_class2,232.0,-57.0
14,feature_blocks,feat_rot,3,1,13,dist_class2,311.0,-3.0
14,feature_blocks,feat_rot,3,1,14,dist_class2,388.0,73.0
14,feature_blocks,feat_rot,3,1,15,dist_class1,-171.0,-310.0
14,feature_blocks,feat_rot,3,1,16,dist_class1,-82.0,-245.0
14,feature_blocks,feat_rot,3,1,17,targ_class2,-5.0,-170.0
14,feature_blocks,feat_rot,3,1,18,dist_class1,78.0,-93.0
14,feature_blocks,feat_rot,3,1,19,dist_class2,161.0,-13.0
14,feature_blocks,feat_rot,3,1,20,targ_class1,244.0,91.0
14,feature_blocks,feat_rot,3,1,21,dist_class2,317.0,158.0
14,feature_blocks,feat_rot,3,1,22,dist_class1,-233.0,-240.0
14,feature_blocks,feat_rot,3,1,23,targ_class1,-143.0,-139.0
14,feature_blocks,feat_rot,3,1,24,dist_class2,-76.0,-69.0
14,feature_blocks,feat_rot,3,1,25,dist_class1,8.0,-2.0
14,feature_blocks,feat_rot,3,1,26,targ_class1,76.0,63.0
14,feature_blocks,feat_rot,3,1,27,dist_class1,144.0,154.0
14,feature_blocks,feat_rot,3,1,28,targ_class2,221.0,212.0
14,feature_blocks,feat_rot,3,1,29,dist_class2,-296.0,-145.0
14,feature_blocks,feat_rot,3,1,30,targ_class2,-241.0,-75.0
14,feature_blocks,feat_rot,3,1,31,targ_class1,-158.0,10.0
14,feature_blocks,feat_rot,3,1,32,dist_class1,-86.0,51.0
14,feature_blocks,feat_rot,3,1,33,targ_class2,20.0,155.0
14,feature_blocks,feat_rot,3,1,34,targ_class1,57.0,226.0
14,feature_blocks,feat_rot,3,1,35,dist_class2,137.0,306.0
14,feature_blocks,feat_rot,3,1,36,targ_class2,-386.0,-68.0
14,feature_blocks,feat_rot,3,1,37,dist_class1,-312.0,-6.0
14,feature_blocks,feat_rot,3,1,38,targ_class2,-241.0,77.0
14,feature_blocks,feat_rot,3,1,39,dist_class2,-155.0,147.0
14,feature_blocks,feat_rot,3,1,40,dist_class2,-73.0,221.0
14,feature_blocks,feat_rot,3,1,41,targ_class2,-1.0,306.0
14,feature_blocks,feat_rot,3,1,42,dist_class2,74.0,390.0
14,feature_blocks,feat_rot,3,1,43,dist_class1,-457.0,-5.0
14,feature_blocks,feat_rot,3,1,44,dist_class1,-392.0,70.0
14,feature_blocks,feat_rot,3,1,45,dist_class2,-296.0,151.0
14,feature_blocks,feat_rot,3,1,46,targ_class2,-224.0,229.0
14,feature_blocks,feat_rot,3,1,47,dist_class1,-164.0,311.0
14,feature_blocks,feat_rot,3,1,48,targ_class1,-78.0,385.0
14,feature_blocks,feat_rot,3,1,49,targ_class1,-8.0,458.0
14,feature_blocks,feat_uni,1,1,1,targ_class2,-327.0,-102.0
14,feature_blocks,feat_uni,1,1,2,dist_class2,17.0,-336.0
14,feature_blocks,feat_uni,1,1,3,targ_class2,209.0,203.0
14,feature_blocks,feat_uni,1,1,4,targ_class2,23.0,-230.0
14,feature_blocks,feat_uni,1,1,5,targ_class2,308.0,10.0
14,feature_blocks,feat_uni,1,1,6,dist_class2,-210.0,182.0
14,feature_blocks,feat_uni,1,1,7,targ_class1,275.0,-330.0
14,feature_blocks,feat_uni,1,1,8,targ_class1,-299.0,186.0
14,feature_blocks,feat_uni,1,1,9,targ_class2,305.0,-46.0
14,feature_blocks,feat_uni,1,1,10,targ_class1,115.0,-131.0
14,feature_blocks,feat_uni,1,1,11,targ_class1,278.0,-217.0
14,feature_blocks,feat_uni,1,1,12,dist_class1,134.0,120.0
14,feature_blocks,feat_uni,1,1,13,targ_class2,79.0,343.0
14,feature_blocks,feat_uni,1,1,14,dist_class1,113.0,-207.0
14,feature_blocks,feat_uni,1,1,15,dist_class2,-214.0,-204.0
14,feature_blocks,feat_uni,1,1,16,dist_class1,359.0,-160.0
14,feature_blocks,feat_uni,1,1,17,dist_class2,-168.0,-246.0
14,feature_blocks,feat_uni,1,1,18,dist_class2,172.0,353.0
14,feature_blocks,feat_uni,1,1,19,targ_class2,239.0,107.0
14,feature_blocks,feat_uni,1,1,20,dist_class2,-70.0,-358.0
14,feature_blocks,feat_uni,1,1,21,targ_class1,-28.0,-208.0
14,feature_blocks,feat_uni,1,1,22,targ_class1,185.0,-156.0
14,feature_blocks,feat_uni,1,1,23,dist_class2,261.0,221.0
14,feature_blocks,feat_uni,1,1,24,targ_class1,-45.0,278.0
14,feature_blocks,feat_uni,1,1,25,targ_class1,-123.0,-342.0
14,feature_blocks,feat_uni,1,1,26,dist_class1,-156.0,-185.0
14,feature_blocks,feat_uni,1,1,27,targ_class1,-313.0,-178.0
14,feature_blocks,feat_uni,1,1,28,targ_class1,-101.0,-144.0
14,feature_blocks,feat_uni,1,1,29,targ_class1,-301.0,265.0
14,feature_blocks,feat_uni,1,1,30,dist_class2,314.0,240.0
14,feature_blocks,feat_uni,1,1,31,targ_class2,-351.0,4.0
14,feature_blocks,feat_uni,1,1,32,targ_class2,-249.0,-278.0
14,feature_blocks,feat_uni,1,1,33,dist_class1,-215.0,-94.0
14,feature_blocks,feat_uni,1,1,34,dist_class2,-191.0,341.0
14,feature_blocks,feat_uni,1,1,35,dist_class2,221.0,-313.0
14,feature_blocks,feat_uni,1,1,36,dist_class2,6.0,-135.0
14,feature_blocks,feat_uni,1,1,37,dist_class1,-133.0,33.0
14,feature_blocks,feat_uni,1,1,38,dist_class1,242.0,-259.0
14,feature_blocks,feat_uni,1,1,39,dist_class2,274.0,320.0
14,feature_blocks,feat_uni,1,1,40,dist_class1,-63.0,-63.0
14,feature_blocks,feat_uni,1,1,41,dist_class1,354.0,90.0
14,feature_blocks,feat_uni,1,1,42,dist_class1,330.0,303.0
14,feature_blocks,feat_uni,1,1,43,dist_class1,-42.0,163.0
14,feature_blocks,feat_uni,1,1,44,dist_class2,281.0,-107.0
14,feature_blocks,feat_uni,1,1,45,targ_class1,-2.0,82.0
14,feature_blocks,feat_uni,1,1,46,targ_class2,-46.0,-155.0
14,feature_blocks,feat_uni,1,1,47,targ_class2,291.0,-162.0
14,feature_blocks,feat_uni,1,1,48,dist_class1,75.0,-250.0
14,feature_blocks,feat_uni,1,1,49,targ_class2,119.0,-16.0
14,feature_blocks,feat_uni,2,1,1,dist_class1,-272.0,260.0
14,feature_blocks,feat_uni,2,1,2,dist_class1,-73.0,-142.0
14,feature_blocks,feat_uni,2,1,3,dist_class1,13.0,193.0
14,feature_blocks,feat_uni,2,1,4,dist_class2,124.0,104.0
14,feature_blocks,feat_uni,2,1,5,dist_class1,-159.0,-73.0
14,feature_blocks,feat_uni,2,1,6,targ_class2,-185.0,-329.0
14,feature_blocks,feat_uni,2,1,7,targ_class1,109.0,-296.0
14,feature_blocks,feat_uni,2,1,8,targ_class1,-16.0,107.0
14,feature_blocks,feat_uni,2,1,9,targ_class1,212.0,-177.0
14,feature_blocks,feat_uni,2,1,10,targ_class2,-322.0,-2.0
14,feature_blocks,feat_uni,2,1,11,dist_class2,-189.0,-231.0
14,feature_blocks,feat_uni,2,1,12,dist_class2,-254.0,-225.0
14,feature_blocks,feat_uni,2,1,13,targ_class1,98.0,323.0
14,feature_blocks,feat_uni,2,1,14,targ_class2,-255.0,133.0
14,feature_blocks,feat_uni,2,1,15,dist_class1,-128.0,-330.0
14,feature_blocks,feat_uni,2,1,16,dist_class2,93.0,-82.0
14,feature_blocks,feat_uni,2,1,17,targ_class2,15.0,53.0
14,feature_blocks,feat_uni,2,1,18,targ_class2,129.0,224.0
14,feature_blocks,feat_uni,2,1,19,targ_class1,7.0,248.0
14,feature_blocks,feat_uni,2,1,20,dist_class1,-110.0,154.0
14,feature_blocks,feat_uni,2,1,21,targ_class1,178.0,86.0
14,feature_blocks,feat_uni,2,1,22,dist_class2,-312.0,-279.0
14,feature_blocks,feat_uni,2,1,23,dist_class1,72.0,-29.0
14,feature_blocks,feat_uni,2,1,24,dist_class1,-93.0,-74.0
14,feature_blocks,feat_uni,2,1,25,dist_class1,20.0,303.0
14,feature_blocks,feat_uni,2,1,26,targ_class1,-299.0,330.0
14,feature_blocks,feat_uni,2,1,27,dist_class2,-47.0,60.0
14,feature_blocks,feat_uni,2,1,28,targ_class2,263.0,-340.0
14,feature_blocks,feat_uni,2,1,29,targ_class2,179.0,30.0
14,feature_blocks,feat_uni,2,1,30,targ_class1,26.0,-76.0
14,feature_blocks,feat_uni,2,1,31,dist_class2,297.0,298.0
14,feature_blocks,feat_uni,2,1,32,targ_class1,185.0,-256.0
14,feature_blocks,feat_uni,2,1,33,targ_class2,-243.0,328.0
14,feature_blocks,feat_uni,2,1,34,targ_class2,-285.0,206.0
14,feature_blocks,feat_uni,2,1,35,dist_class2,129.0,-244.0
14,feature_blocks,feat_uni,2,1,36,targ_class1,130.0,-188.0
14,feature_blocks,feat_uni,2,1,37,targ_class2,-139.0,208.0
14,feature_blocks,feat_uni,2,1,38,dist_class2,145.0,169.0
14,feature_blocks,feat_uni,2,1,39,dist_class1,-124.0,-120.0
14,feature_blocks,feat_uni,2,1,40,targ_class1,-49.0,174.0
14,feature_blocks,feat_uni,2,1,41,dist_class2,-259.0,-169.0
14,feature_blocks,feat_uni,2,1,42,dist_class1,-201.0,28.0
14,feature_blocks,feat_uni,2,1,43,dist_class1,-162.0,-15.0
14,feature_blocks,feat_uni,2,1,44,targ_class2,-171.0,-153.0
14,feature_blocks,feat_uni,2,1,45,targ_class2,-304.0,64.0
14,feature_blocks,feat_uni,2,1,46,dist_class2,-228.0,-51.0
14,feature_blocks,feat_uni,2,1,47,targ_class1,-148.0,59.0
14,feature_blocks,feat_uni,2,1,48,dist_class2,-83.0,218.0
14,feature_blocks,feat_uni,2,1,49,dist_class2,69.0,-224.0
14,feature_blocks,feat_grid,1,1,1,dist_class2,-318.0,-318.0
14,feature_blocks,feat_grid,1,1,2,dist_class1,-226.0,-335.0
14,feature_blocks,feat_grid,1,1,3,dist_class2,-105.0,-311.0
14,feature_blocks,feat_grid,1,1,4,dist_class1,-8.0,-324.0
14,feature_blocks,feat_grid,1,1,5,targ_class1,117.0,-323.0
14,feature_blocks,feat_grid,1,1,6,dist_class2,222.0,-338.0
14,feature_blocks,feat_grid,1,1,7,dist_class2,342.0,-329.0
14,feature_blocks,feat_grid,1,1,8,targ_class2,-318.0,-210.0
14,feature_blocks,feat_grid,1,1,9,targ_class2,-221.0,-224.0
14,feature_blocks,feat_grid,1,1,10,dist_class1,-105.0,-226.0
14,feature_blocks,feat_grid,1,1,11,dist_class2,6.0,-218.0
14,feature_blocks,feat_grid,1,1,12,targ_class1,110.0,-218.0
14,feature_blocks,feat_grid,1,1,13,dist_class1,212.0,-210.0
14,feature_blocks,feat_grid,1,1,14,dist_class2,343.0,-209.0
14,feature_blocks,feat_grid,1,1,15,dist_class1,-307.0,-120.0
14,feature_blocks,feat_grid,1,1,16,targ_class2,-228.0,-120.0
14,feature_blocks,feat_grid,1,1,17,dist_class2,-104.0,-126.0
14,feature_blocks,feat_grid,1,1,18,targ_class1,-16.0,-120.0
14,feature_blocks,feat_grid,1,1,19,dist_class2,105.0,-99.0
14,feature_blocks,feat_grid,1,1,20,targ_class1,209.0,-93.0
14,feature_blocks,feat_grid,1,1,21,dist_class1,323.0,-94.0
14,feature_blocks,feat_grid,1,1,22,dist_class1,-320.0,1.0
14,feature_blocks,feat_grid,1,1,23,targ_class2,-217.0,-0.0
14,feature_blocks,feat_grid,1,1,24,targ_class2,-81.0,-0.0
14,feature_blocks,feat_grid,1,1,25,targ_class1,-6.0,7.0
14,feature_blocks,feat_grid,1,1,26,targ_class1,94.0,9.0
14,feature_blocks,feat_grid,1,1,27,dist_class2,230.0,-15.0
14,feature_blocks,feat_grid,1,1,28,targ_class2,314.0,-8.0
14,feature_blocks,feat_grid,1,1,29,dist_class1,-328.0,110.0
14,feature_blocks,feat_grid,1,1,30,dist_class2,-215.0,111.0
14,feature_blocks,feat_grid,1,1,31,targ_class2,-111.0,99.0
14,feature_blocks,feat_grid,1,1,32,dist_class1,-3.0,126.0
14,feature_blocks,feat_grid,1,1,33,dist_class1,105.0,120.0
14,feature_blocks,feat_grid,1,1,34,dist_class2,221.0,124.0
14,feature_blocks,feat_grid,1,1,35,dist_class2,316.0,97.0
14,feature_blocks,feat_grid,1,1,36,targ_class2,-325.0,209.0
14,feature_blocks,feat_grid,1,1,37,targ_class2,-223.0,226.0
14,feature_blocks,feat_grid,1,1,38,dist_class1,-107.0,224.0
14,feature_blocks,feat_grid,1,1,39,targ_class1,11.0,235.0
14,feature_blocks,feat_grid,1,1,40,targ_class2,101.0,219.0
14,feature_blocks,feat_grid,1,1,41,targ_class2,203.0,219.0
14,feature_blocks,feat_grid,1,1,42,targ_class1,338.0,207.0
14,feature_blocks,feat_grid,1,1,43,targ_class1,-328.0,311.0
14,feature_blocks,feat_grid,1,1,44,targ_class2,-218.0,335.0
14,feature_blocks,feat_grid,1,1,45,targ_class1,-126.0,308.0
14,feature_blocks,feat_grid,1,1,46,targ_class1,10.0,329.0
14,feature_blocks,feat_grid,1,1,47,targ_class1,120.0,317.0
14,feature_blocks,feat_grid,1,1,48,dist_class1,217.0,316.0
14,feature_blocks,feat_grid,1,1,49,dist_class2,318.0,320.0
14,feature_blocks,feat_uni,4,1,1,targ_class1,124.0,-82.0
14,feature_blocks,feat_uni,4,1,2,dist_class1,197.0,-239.0
14,feature_blocks,feat_uni,4,1,3,dist_class2,90.0,49.0
14,feature_blocks,feat_uni,4,1,4,targ_class1,307.0,8.0
14,feature_blocks,feat_uni,4,1,5,dist_class1,6.0,319.0
14,feature_blocks,feat_uni,4,1,6,dist_class1,-83.0,331.0
14,feature_blocks,feat_uni,4,1,7,dist_class1,-309.0,-261.0
14,feature_blocks,feat_uni,4,1,8,dist_class1,-98.0,270.0
14,feature_blocks,feat_uni,4,1,9,targ_class2,-141.0,51.0
14,feature_blocks,feat_uni,4,1,10,dist_class2,-206.0,-309.0
14,feature_blocks,feat_uni,4,1,11,targ_class1,17.0,172.0
14,feature_blocks,feat_uni,4,1,12,dist_class2,-13.0,-19.0
14,feature_blocks,feat_uni,4,1,13,dist_class2,-146.0,148.0
14,feature_blocks,feat_uni,4,1,14,targ_class2,225.0,-165.0
14,feature_blocks,feat_uni,4,1,15,targ_class1,-92.0,164.0
14,feature_blocks,feat_uni,4,1,16,targ_class1,6.0,118.0
14,feature_blocks,feat_uni,4,1,17,dist_class1,149.0,355.0
14,feature_blocks,feat_uni,4,1,18,dist_class1,-115.0,-74.0
14,feature_blocks,feat_uni,4,1,19,dist_class2,-200.0,161.0
14,feature_blocks,feat_uni,4,1,20,targ_class1,-55.0,-148.0
14,feature_blocks,feat_uni,4,1,21,targ_class2,-48.0,-204.0
14,feature_blocks,feat_uni,4,1,22,targ_class2,-3.0,-314.0
14,feature_blocks,feat_uni,4,1,23,targ_class1,-352.0,22.0
14,feature_blocks,feat_uni,4,1,24,targ_class2,-138.0,310.0
14,feature_blocks,feat_uni,4,1,25,targ_class2,-289.0,229.0
14,feature_blocks,feat_uni,4,1,26,dist_class2,334.0,-114.0
14,feature_blocks,feat_uni,4,1,27,targ_class2,353.0,-62.0
14,feature_blocks,feat_uni,4,1,28,dist_class2,173.0,-189.0
14,feature_blocks,feat_uni,4,1,29,targ_class2,73.0,-6.0
14,feature_blocks,feat_uni,4,1,30,targ_class2,306.0,64.0
14,feature_blocks,feat_uni,4,1,31,targ_class1,247.0,160.0
14,feature_blocks,feat_uni,4,1,32,dist_class2,-225.0,308.0
14,feature_blocks,feat_uni,4,1,33,targ_class1,-42.0,-273.0
14,feature_blocks,feat_uni,4,1,34,targ_class1,341.0,208.0
14,feature_blocks,feat_uni,4,1,35,targ_class1,58.0,100.0
14,feature_blocks,feat_uni,4,1,36,targ_class2,-33.0,359.0
14,feature_blocks,feat_uni,4,1,37,dist_class1,-246.0,193.0
14,feature_blocks,feat_uni,4,1,38,dist_class2,287.0,-144.0
14,feature_blocks,feat_uni,4,1,39,dist_class2,-166.0,206.0
14,feature_blocks,feat_uni,4,1,40,dist_class1,65.0,-257.0
14,feature_blocks,feat_uni,4,1,41,dist_class2,86.0,-124.0
14,feature_blocks,feat_uni,4,1,42,dist_class1,92.0,338.0
14,feature_blocks,feat_uni,4,1,43,dist_class1,48.0,219.0
14,feature_blocks,feat_uni,4,1,44,dist_class1,-219.0,33.0
14,feature_blocks,feat_uni,4,1,45,targ_class2,153.0,78.0
14,feature_blocks,feat_uni,4,1,46,targ_class2,-360.0,-236.0
14,feature_blocks,feat_uni,4,1,47,dist_class2,239.0,259.0
14,feature_blocks,feat_uni,4,1,48,dist_class2,-235.0,117.0
14,feature_blocks,feat_uni,4,1,49,targ_class1,-68.0,-12.0
14,feature_blocks,feat_rot,2,1,1,targ_class1,-5.0,-450.0
14,feature_blocks,feat_rot,2,1,2,targ_class1,59.0,-387.0
14,feature_blocks,feat_rot,2,1,3,targ_class2,161.0,-314.0
14,feature_blocks,feat_rot,2,1,4,dist_class1,223.0,-230.0
14,feature_blocks,feat_rot,2,1,5,dist_class1,303.0,-171.0
14,feature_blocks,feat_rot,2,1,6,targ_class2,372.0,-81.0
14,feature_blocks,feat_rot,2,1,7,targ_class2,449.0,-1.0
14,feature_blocks,feat_rot,2,1,8,dist_class2,-69.0,-379.0
14,feature_blocks,feat_rot,2,1,9,targ_class1,4.0,-314.0
14,feature_blocks,feat_rot,2,1,10,targ_class2,76.0,-243.0
14,feature_blocks,feat_rot,2,1,11,dist_class2,140.0,-136.0
14,feature_blocks,feat_rot,2,1,12,targ_class2,244.0,-66.0
14,feature_blocks,feat_rot,2,1,13,targ_class1,308.0,18.0
14,feature_blocks,feat_rot,2,1,14,dist_class2,376.0,65.0
14,feature_blocks,feat_rot,2,1,15,targ_class1,-145.0,-299.0
14,feature_blocks,feat_rot,2,1,16,dist_class2,-76.0,-238.0
14,feature_blocks,feat_rot,2,1,17,dist_class1,16.0,-136.0
14,feature_blocks,feat_rot,2,1,18,dist_class1,69.0,-75.0
14,feature_blocks,feat_rot,2,1,19,targ_class2,156.0,6.0
14,feature_blocks,feat_rot,2,1,20,dist_class2,243.0,72.0
14,feature_blocks,feat_rot,2,1,21,dist_class1,306.0,147.0
14,feature_blocks,feat_rot,2,1,22,targ_class2,-215.0,-233.0
14,feature_blocks,feat_rot,2,1,23,targ_class1,-159.0,-153.0
14,feature_blocks,feat_rot,2,1,24,dist_class1,-91.0,-82.0
14,feature_blocks,feat_rot,2,1,25,targ_class2,8.0,1.0
14,feature_blocks,feat_rot,2,1,26,dist_class1,86.0,86.0
14,feature_blocks,feat_rot,2,1,27,targ_class2,157.0,158.0
14,feature_blocks,feat_rot,2,1,28,targ_class1,227.0,229.0
14,feature_blocks,feat_rot,2,1,29,dist_class2,-284.0,-153.0
14,feature_blocks,feat_rot,2,1,30,targ_class1,-221.0,-82.0
14,feature_blocks,feat_rot,2,1,31,dist_class2,-177.0,2.0
14,feature_blocks,feat_rot,2,1,32,dist_class2,-88.0,97.0
14,feature_blocks,feat_rot,2,1,33,targ_class1,-25.0,172.0
14,feature_blocks,feat_rot,2,1,34,dist_class1,81.0,232.0
14,feature_blocks,feat_rot,2,1,35,dist_class1,145.0,325.0
14,feature_blocks,feat_rot,2,1,36,dist_class1,-384.0,-78.0
14,feature_blocks,feat_rot,2,1,37,dist_class2,-305.0,7.0
14,feature_blocks,feat_rot,2,1,38,dist_class2,-206.0,80.0
14,feature_blocks,feat_rot,2,1,39,targ_class1,-157.0,168.0
14,feature_blocks,feat_rot,2,1,40,dist_class2,-82.0,241.0
14,feature_blocks,feat_rot,2,1,41,dist_class1,-0.0,296.0
14,feature_blocks,feat_rot,2,1,42,targ_class1,76.0,388.0
14,feature_blocks,feat_rot,2,1,43,dist_class1,-472.0,4.0
14,feature_blocks,feat_rot,2,1,44,dist_class2,-362.0,82.0
14,feature_blocks,feat_rot,2,1,45,targ_class2,-311.0,161.0
14,feature_blocks,feat_rot,2,1,46,dist_class2,-241.0,236.0
14,feature_blocks,feat_rot,2,1,47,targ_class1,-170.0,329.0
14,feature_blocks,feat_rot,2,1,48,targ_class2,-72.0,384.0
14,feature_blocks,feat_rot,2,1,49,targ_class2,-4.0,462.0
14,feature_blocks,feat_grid,2,1,1,dist_class1,-336.0,-313.0
14,feature_blocks,feat_grid,2,1,2,dist_class1,-228.0,-323.0
14,feature_blocks,feat_grid,2,1,3,targ_class2,-108.0,-324.0
14,feature_blocks,feat_grid,2,1,4,targ_class2,-7.0,-328.0
14,feature_blocks,feat_grid,2,1,5,targ_class1,114.0,-333.0
14,feature_blocks,feat_grid,2,1,6,targ_class1,233.0,-334.0
14,feature_blocks,feat_grid,2,1,7,targ_class2,354.0,-328.0
14,feature_blocks,feat_grid,2,1,8,targ_class2,-318.0,-210.0
14,feature_blocks,feat_grid,2,1,9,targ_class2,-229.0,-218.0
14,feature_blocks,feat_grid,2,1,10,targ_class1,-122.0,-217.0
14,feature_blocks,feat_grid,2,1,11,targ_class2,1.0,-199.0
14,feature_blocks,feat_grid,2,1,12,targ_class1,110.0,-224.0
14,feature_blocks,feat_grid,2,1,13,dist_class2,214.0,-214.0
14,feature_blocks,feat_grid,2,1,14,dist_class1,321.0,-203.0
14,feature_blocks,feat_grid,2,1,15,dist_class2,-322.0,-101.0
14,feature_blocks,feat_grid,2,1,16,targ_class2,-216.0,-96.0
14,feature_blocks,feat_grid,2,1,17,dist_class2,-121.0,-121.0
14,feature_blocks,feat_grid,2,1,18,targ_class2,9.0,-96.0
14,feature_blocks,feat_grid,2,1,19,dist_class2,95.0,-115.0
14,feature_blocks,feat_grid,2,1,20,dist_class1,215.0,-100.0
14,feature_blocks,feat_grid,2,1,21,targ_class1,329.0,-104.0
14,feature_blocks,feat_grid,2,1,22,dist_class1,-338.0,-10.0
14,feature_blocks,feat_grid,2,1,23,dist_class1,-202.0,-0.0
14,feature_blocks,feat_grid,2,1,24,dist_class1,-111.0,2.0
14,feature_blocks,feat_grid,2,1,25,targ_class2,-1.0,1.0
14,feature_blocks,feat_grid,2,1,26,dist_class2,104.0,-5.0
14,feature_blocks,feat_grid,2,1,27,dist_class1,204.0,-3.0
14,feature_blocks,feat_grid,2,1,28,targ_class2,323.0,8.0
14,feature_blocks,feat_grid,2,1,29,dist_class1,-308.0,107.0
14,feature_blocks,feat_grid,2,1,30,dist_class2,-230.0,115.0
14,feature_blocks,feat_grid,2,1,31,dist_class2,-90.0,110.0
14,feature_blocks,feat_grid,2,1,32,targ_class1,8.0,101.0
14,feature_blocks,feat_grid,2,1,33,dist_class1,99.0,107.0
14,feature_blocks,feat_grid,2,1,34,dist_class1,213.0,94.0
14,feature_blocks,feat_grid,2,1,35,dist_class2,314.0,100.0
14,feature_blocks,feat_grid,2,1,36,targ_class2,-311.0,218.0
14,feature_blocks,feat_grid,2,1,37,dist_class2,-203.0,198.0
14,feature_blocks,feat_grid,2,1,38,dist_class2,-118.0,207.0
14,feature_blocks,feat_grid,2,1,39,targ_class1,-9.0,213.0
14,feature_blocks,feat_grid,2,1,40,targ_class1,111.0,208.0
14,feature_blocks,feat_grid,2,1,41,dist_class1,226.0,208.0
14,feature_blocks,feat_grid,2,1,42,targ_class1,322.0,220.0
14,feature_blocks,feat_grid,2,1,43,dist_class2,-318.0,327.0
14,feature_blocks,feat_grid,2,1,44,targ_class1,-224.0,324.0
14,feature_blocks,feat_grid,2,1,45,targ_class2,-106.0,344.0
14,feature_blocks,feat_grid,2,1,46,targ_class1,-7.0,320.0
14,feature_blocks,feat_grid,2,1,47,dist_class2,124.0,301.0
14,feature_blocks,feat_grid,2,1,48,dist_class2,206.0,328.0
14,feature_blocks,feat_grid,2,1,49,targ_class1,317.0,321.0
14,feature_blocks,feat_grid,0,1,1,dist_class2,-332.0,-321.0
14,feature_blocks,feat_grid,0,1,2,dist_class1,-221.0,-332.0
14,feature_blocks,feat_grid,0,1,3,targ_class1,-93.0,-323.0
14,feature_blocks,feat_grid,0,1,4,dist_class2,7.0,-319.0
14,feature_blocks,feat_grid,0,1,5,targ_class1,115.0,-328.0
14,feature_blocks,feat_grid,0,1,6,targ_class1,203.0,-319.0
14,feature_blocks,feat_grid,0,1,7,dist_class1,312.0,-341.0
14,feature_blocks,feat_grid,0,1,8,targ_class1,-330.0,-223.0
14,feature_blocks,feat_grid,0,1,9,dist_class2,-216.0,-224.0
14,feature_blocks,feat_grid,0,1,10,targ_class1,-94.0,-227.0
14,feature_blocks,feat_grid,0,1,11,dist_class1,-4.0,-221.0
14,feature_blocks,feat_grid,0,1,12,targ_class2,121.0,-211.0
14,feature_blocks,feat_grid,0,1,13,dist_class1,210.0,-232.0
14,feature_blocks,feat_grid,0,1,14,targ_class2,316.0,-226.0
14,feature_blocks,feat_grid,0,1,15,dist_class2,-321.0,-102.0
14,feature_blocks,feat_grid,0,1,16,dist_class2,-223.0,-111.0
14,feature_blocks,feat_grid,0,1,17,targ_class1,-103.0,-108.0
14,feature_blocks,feat_grid,0,1,18,targ_class1,9.0,-113.0
14,feature_blocks,feat_grid,0,1,19,targ_class2,118.0,-123.0
14,feature_blocks,feat_grid,0,1,20,targ_class2,214.0,-117.0
14,feature_blocks,feat_grid,0,1,21,dist_class2,327.0,-111.0
14,feature_blocks,feat_grid,0,1,22,dist_class1,-309.0,-3.0
14,feature_blocks,feat_grid,0,1,23,dist_class1,-222.0,5.0
14,feature_blocks,feat_grid,0,1,24,dist_class2,-108.0,-3.0
14,feature_blocks,feat_grid,0,1,25,dist_class1,-2.0,8.0
14,feature_blocks,feat_grid,0,1,26,dist_class2,122.0,-5.0
14,feature_blocks,feat_grid,0,1,27,targ_class2,220.0,4.0
14,feature_blocks,feat_grid,0,1,28,dist_class1,322.0,-1.0
14,feature_blocks,feat_grid,0,1,29,dist_class1,-322.0,122.0
14,feature_blocks,feat_grid,0,1,30,targ_class1,-228.0,98.0
14,feature_blocks,feat_grid,0,1,31,dist_class2,-114.0,118.0
14,feature_blocks,feat_grid,0,1,32,targ_class1,-11.0,116.0
14,feature_blocks,feat_grid,0,1,33,targ_class2,118.0,124.0
14,feature_blocks,feat_grid,0,1,34,targ_class1,197.0,113.0
14,feature_blocks,feat_grid,0,1,35,targ_class2,333.0,104.0
14,feature_blocks,feat_grid,0,1,36,dist_class1,-308.0,215.0
14,feature_blocks,feat_grid,0,1,37,targ_class2,-204.0,210.0
14,feature_blocks,feat_grid,0,1,38,dist_class1,-108.0,199.0
14,feature_blocks,feat_grid,0,1,39,targ_class2,-9.0,222.0
14,feature_blocks,feat_grid,0,1,40,dist_class2,96.0,216.0
14,feature_blocks,feat_grid,0,1,41,dist_class2,211.0,225.0
14,feature_blocks,feat_grid,0,1,42,targ_class1,327.0,219.0
14,feature_blocks,feat_grid,0,1,43,targ_class2,-330.0,335.0
14,feature_blocks,feat_grid,0,1,44,targ_class1,-204.0,327.0
14,feature_blocks,feat_grid,0,1,45,dist_class2,-111.0,331.0
14,feature_blocks,feat_grid,0,1,46,targ_class2,12.0,316.0
14,feature_blocks,feat_grid,0,1,47,targ_class2,94.0,325.0
14,feature_blocks,feat_grid,0,1,48,dist_class2,214.0,311.0
14,feature_blocks,feat_grid,0,1,49,dist_class1,310.0,334.0
14,feature_blocks,feat_uni,3,1,1,targ_class1,153.0,-336.0
14,feature_blocks,feat_uni,3,1,2,dist_class1,229.0,78.0
14,feature_blocks,feat_uni,3,1,3,dist_class2,-213.0,-190.0
14,feature_blocks,feat_uni,3,1,4,dist_class1,346.0,-318.0
14,feature_blocks,feat_uni,3,1,5,targ_class1,219.0,-138.0
14,feature_blocks,feat_uni,3,1,6,dist_class1,336.0,-198.0
14,feature_blocks,feat_uni,3,1,7,dist_class1,-186.0,-329.0
14,feature_blocks,feat_uni,3,1,8,targ_class2,162.0,-145.0
14,feature_blocks,feat_uni,3,1,9,dist_class2,59.0,206.0
14,feature_blocks,feat_uni,3,1,10,targ_class2,-308.0,283.0
14,feature_blocks,feat_uni,3,1,11,dist_class2,-26.0,-93.0
14,feature_blocks,feat_uni,3,1,12,targ_class2,-280.0,332.0
14,feature_blocks,feat_uni,3,1,13,targ_class2,290.0,151.0
14,feature_blocks,feat_uni,3,1,14,dist_class1,75.0,11.0
14,feature_blocks,feat_uni,3,1,15,targ_class1,-355.0,-333.0
14,feature_blocks,feat_uni,3,1,16,targ_class1,125.0,105.0
14,feature_blocks,feat_uni,3,1,17,dist_class2,147.0,-198.0
14,feature_blocks,feat_uni,3,1,18,targ_class2,-207.0,299.0
14,feature_blocks,feat_uni,3,1,19,dist_class1,-172.0,91.0
14,feature_blocks,feat_uni,3,1,20,targ_class1,-13.0,310.0
14,feature_blocks,feat_uni,3,1,21,dist_class1,-312.0,-41.0
14,feature_blocks,feat_uni,3,1,22,targ_class1,237.0,223.0
14,feature_blocks,feat_uni,3,1,23,targ_class2,125.0,169.0
14,feature_blocks,feat_uni,3,1,24,dist_class2,277.0,-73.0
14,feature_blocks,feat_uni,3,1,25,targ_class1,89.0,-265.0
14,feature_blocks,feat_uni,3,1,26,targ_class1,-126.0,-343.0
14,feature_blocks,feat_uni,3,1,27,targ_class2,213.0,326.0
14,feature_blocks,feat_uni,3,1,28,targ_class1,-102.0,-292.0
14,feature_blocks,feat_uni,3,1,29,dist_class1,33.0,-211.0
14,feature_blocks,feat_uni,3,1,30,dist_class2,175.0,131.0
14,feature_blocks,feat_uni,3,1,31,dist_class2,-342.0,88.0
14,feature_blocks,feat_uni,3,1,32,dist_class1,-68.0,314.0
14,feature_blocks,feat_uni,3,1,33,targ_class1,222.0,-81.0
14,feature_blocks,feat_uni,3,1,34,dist_class1,-292.0,122.0
14,feature_blocks,feat_uni,3,1,35,targ_class2,174.0,70.0
14,feature_blocks,feat_uni,3,1,36,dist_class2,-14.0,-303.0
14,feature_blocks,feat_uni,3,1,37,dist_class1,-99.0,50.0
14,feature_blocks,feat_uni,3,1,38,targ_class2,-213.0,242.0
14,feature_blocks,feat_uni,3,1,39,dist_class2,42.0,-296.0
14,feature_blocks,feat_uni,3,1,40,dist_class2,-132.0,-231.0
14,feature_blocks,feat_uni,3,1,41,targ_class1,-269.0,-220.0
14,feature_blocks,feat_uni,3,1,42,targ_class1,-52.0,233.0
14,feature_blocks,feat_uni,3,1,43,dist_class2,147.0,-38.0
14,feature_blocks,feat_uni,3,1,44,targ_class2,266.0,-359.0
14,feature_blocks,feat_uni,3,1,45,targ_class2,21.0,-3.0
14,feature_blocks,feat_uni,3,1,46,dist_class2,-270.0,204.0
14,feature_blocks,feat_uni,3,1,47,targ_class2,13.0,260.0
14,feature_blocks,feat_uni,3,1,48,dist_class1,-360.0,-277.0
14,feature_blocks,feat_uni,3,1,49,dist_class2,-234.0,-358.0
14,feature_blocks,feat_grid,3,1,1,targ_class1,-324.0,-315.0
14,feature_blocks,feat_grid,3,1,2,dist_class2,-221.0,-317.0
14,feature_blocks,feat_grid,3,1,3,targ_class1,-119.0,-338.0
14,feature_blocks,feat_grid,3,1,4,dist_class2,-9.0,-334.0
14,feature_blocks,feat_grid,3,1,5,dist_class2,113.0,-323.0
14,feature_blocks,feat_grid,3,1,6,dist_class1,214.0,-309.0
14,feature_blocks,feat_grid,3,1,7,dist_class1,328.0,-310.0
14,feature_blocks,feat_grid,3,1,8,dist_class2,-329.0,-220.0
14,feature_blocks,feat_grid,3,1,9,targ_class2,-222.0,-212.0
14,feature_blocks,feat_grid,3,1,10,targ_class1,-99.0,-234.0
14,feature_blocks,feat_grid,3,1,11,targ_class1,10.0,-231.0
14,feature_blocks,feat_grid,3,1,12,targ_class2,104.0,-205.0
14,feature_blocks,feat_grid,3,1,13,dist_class2,228.0,-232.0
14,feature_blocks,feat_grid,3,1,14,targ_class1,309.0,-222.0
14,feature_blocks,feat_grid,3,1,15,dist_class1,-329.0,-97.0
14,feature_blocks,feat_grid,3,1,16,dist_class1,-214.0,-102.0
14,feature_blocks,feat_grid,3,1,17,dist_class2,-108.0,-115.0
14,feature_blocks,feat_grid,3,1,18,dist_class2,24.0,-120.0
14,feature_blocks,feat_grid,3,1,19,targ_class1,98.0,-92.0
14,feature_blocks,feat_grid,3,1,20,targ_class2,217.0,-129.0
14,feature_blocks,feat_grid,3,1,21,targ_class2,337.0,-105.0
14,feature_blocks,feat_grid,3,1,22,targ_class2,-309.0,12.0
14,feature_blocks,feat_grid,3,1,23,targ_class2,-221.0,3.0
14,feature_blocks,feat_grid,3,1,24,targ_class1,-109.0,-3.0
14,feature_blocks,feat_grid,3,1,25,targ_class2,7.0,7.0
14,feature_blocks,feat_grid,3,1,26,dist_class2,110.0,-7.0
14,feature_blocks,feat_grid,3,1,27,targ_class1,229.0,-1.0
14,feature_blocks,feat_grid,3,1,28,dist_class1,336.0,-7.0
14,feature_blocks,feat_grid,3,1,29,targ_class2,-312.0,112.0
14,feature_blocks,feat_grid,3,1,30,targ_class2,-221.0,88.0
14,feature_blocks,feat_grid,3,1,31,dist_class2,-114.0,109.0
14,feature_blocks,feat_grid,3,1,32,targ_class1,-17.0,90.0
14,feature_blocks,feat_grid,3,1,33,dist_class2,112.0,105.0
14,feature_blocks,feat_grid,3,1,34,targ_class1,207.0,97.0
14,feature_blocks,feat_grid,3,1,35,targ_class2,323.0,117.0
14,feature_blocks,feat_grid,3,1,36,dist_class1,-318.0,220.0
14,feature_blocks,feat_grid,3,1,37,dist_class2,-206.0,227.0
14,feature_blocks,feat_grid,3,1,38,targ_class1,-104.0,213.0
14,feature_blocks,feat_grid,3,1,39,dist_class1,-6.0,219.0
14,feature_blocks,feat_grid,3,1,40,dist_class2,108.0,229.0
14,feature_blocks,feat_grid,3,1,41,targ_class1,206.0,202.0
14,feature_blocks,feat_grid,3,1,42,dist_class1,325.0,198.0
14,feature_blocks,feat_grid,3,1,43,dist_class2,-307.0,323.0
14,feature_blocks,feat_grid,3,1,44,dist_class1,-214.0,317.0
14,feature_blocks,feat_grid,3,1,45,dist_class1,-103.0,321.0
14,feature_blocks,feat_grid,3,1,46,targ_class2,21.0,330.0
14,feature_blocks,feat_grid,3,1,47,dist_class1,109.0,331.0
14,feature_blocks,feat_grid,3,1,48,targ_class2,217.0,314.0
14,feature_blocks,feat_grid,3,1,49,dist_class1,331.0,316.0
14,feature_blocks,feat_rot,1,1,1,dist_class2,-19.0,-457.0
14,feature_blocks,feat_rot,1,1,2,dist_class1,51.0,-385.0
14,feature_blocks,feat_rot,1,1,3,dist_class1,145.0,-296.0
14,feature_blocks,feat_rot,1,1,4,targ_class2,218.0,-227.0
14,feature_blocks,feat_rot,1,1,5,dist_class2,283.0,-162.0
14,feature_blocks,feat_rot,1,1,6,targ_class1,398.0,-68.0
14,feature_blocks,feat_rot,1,1,7,dist_class2,447.0,11.0
14,feature_blocks,feat_rot,1,1,8,dist_class2,-68.0,-375.0
14,feature_blocks,feat_rot,1,1,9,targ_class2,-4.0,-321.0
14,feature_blocks,feat_rot,1,1,10,targ_class1,56.0,-230.0
14,feature_blocks,feat_rot,1,1,11,dist_class1,165.0,-168.0
14,feature_blocks,feat_rot,1,1,12,targ_class1,222.0,-68.0
14,feature_blocks,feat_rot,1,1,13,dist_class1,302.0,14.0
14,feature_blocks,feat_rot,1,1,14,targ_class1,417.0,78.0
14,feature_blocks,feat_rot,1,1,15,targ_class2,-162.0,-302.0
14,feature_blocks,feat_rot,1,1,16,dist_class2,-77.0,-243.0
14,feature_blocks,feat_rot,1,1,17,dist_class2,-3.0,-166.0
14,feature_blocks,feat_rot,1,1,18,dist_class1,64.0,-78.0
14,feature_blocks,feat_rot,1,1,19,targ_class1,158.0,-0.0
14,feature_blocks,feat_rot,1,1,20,dist_class1,223.0,94.0
14,feature_blocks,feat_rot,1,1,21,dist_class2,300.0,148.0
14,feature_blocks,feat_rot,1,1,22,dist_class1,-229.0,-237.0
14,feature_blocks,feat_rot,1,1,23,dist_class2,-143.0,-162.0
14,feature_blocks,feat_rot,1,1,24,dist_class2,-67.0,-65.0
14,feature_blocks,feat_rot,1,1,25,dist_class2,-5.0,-6.0
14,feature_blocks,feat_rot,1,1,26,dist_class1,88.0,83.0
14,feature_blocks,feat_rot,1,1,27,targ_class2,165.0,150.0
14,feature_blocks,feat_rot,1,1,28,targ_class1,229.0,239.0
14,feature_blocks,feat_rot,1,1,29,dist_class1,-292.0,-150.0
14,feature_blocks,feat_rot,1,1,30,targ_class1,-235.0,-95.0
14,feature_blocks,feat_rot,1,1,31,targ_class2,-142.0,-2.0
14,feature_blocks,feat_rot,1,1,32,targ_class1,-75.0,93.0
14,feature_blocks,feat_rot,1,1,33,dist_class2,15.0,145.0
14,feature_blocks,feat_rot,1,1,34,targ_class2,73.0,217.0
14,feature_blocks,feat_rot,1,1,35,targ_class2,154.0,315.0
14,feature_blocks,feat_rot,1,1,36,targ_class2,-399.0,-79.0
14,feature_blocks,feat_rot,1,1,37,dist_class2,-305.0,2.0
14,feature_blocks,feat_rot,1,1,38,targ_class1,-230.0,80.0
14,feature_blocks,feat_rot,1,1,39,targ_class1,-148.0,168.0
14,feature_blocks,feat_rot,1,1,40,targ_class2,-72.0,218.0
14,feature_blocks,feat_rot,1,1,41,dist_class1,-2.0,320.0
14,feature_blocks,feat_rot,1,1,42,targ_class1,72.0,390.0
14,feature_blocks,feat_rot,1,1,43,dist_class1,-462.0,-14.0
14,feature_blocks,feat_rot,1,1,44,dist_class1,-378.0,60.0
14,feature_blocks,feat_rot,1,1,45,dist_class2,-298.0,164.0
14,feature_blocks,feat_rot,1,1,46,targ_class1,-220.0,223.0
14,feature_blocks,feat_rot,1,1,47,targ_class2,-166.0,316.0
14,feature_blocks,feat_rot,1,1,48,targ_class2,-58.0,377.0
14,feature_blocks,feat_rot,1,1,49,targ_class2,-1.0,475.0
14,feature_blocks,feat_rot,4,1,1,dist_class1,20.0,-450.0
14,feature_blocks,feat_rot,4,1,2,targ_class1,66.0,-369.0
14,feature_blocks,feat_rot,4,1,3,targ_class2,148.0,-311.0
14,feature_blocks,feat_rot,4,1,4,targ_class2,250.0,-237.0
14,feature_blocks,feat_rot,4,1,5,targ_class1,305.0,-155.0
14,feature_blocks,feat_rot,4,1,6,targ_class1,394.0,-70.0
14,feature_blocks,feat_rot,4,1,7,targ_class2,468.0,5.0
14,feature_blocks,feat_rot,4,1,8,targ_class2,-81.0,-375.0
14,feature_blocks,feat_rot,4,1,9,dist_class1,-16.0,-310.0
14,feature_blocks,feat_rot,4,1,10,dist_class1,82.0,-241.0
14,feature_blocks,feat_rot,4,1,11,targ_class1,153.0,-151.0
14,feature_blocks,feat_rot,4,1,12,targ_class1,243.0,-75.0
14,feature_blocks,feat_rot,4,1,13,dist_class2,296.0,-9.0
14,feature_blocks,feat_rot,4,1,14,dist_class1,371.0,79.0
14,feature_blocks,feat_rot,4,1,15,dist_class1,-150.0,-310.0
14,feature_blocks,feat_rot,4,1,16,dist_class1,-78.0,-227.0
14,feature_blocks,feat_rot,4,1,17,dist_class2,4.0,-146.0
14,feature_blocks,feat_rot,4,1,18,dist_class2,76.0,-57.0
14,feature_blocks,feat_rot,4,1,19,dist_class1,166.0,11.0
14,feature_blocks,feat_rot,4,1,20,targ_class2,214.0,88.0
14,feature_blocks,feat_rot,4,1,21,dist_class2,306.0,160.0
14,feature_blocks,feat_rot,4,1,22,targ_class1,-238.0,-226.0
14,feature_blocks,feat_rot,4,1,23,dist_class1,-147.0,-158.0
14,feature_blocks,feat_rot,4,1,24,targ_class1,-62.0,-64.0
14,feature_blocks,feat_rot,4,1,25,targ_class1,-16.0,13.0
14,feature_blocks,feat_rot,4,1,26,dist_class1,80.0,70.0
14,feature_blocks,feat_rot,4,1,27,dist_class2,144.0,166.0
14,feature_blocks,feat_rot,4,1,28,targ_class2,244.0,232.0
14,feature_blocks,feat_rot,4,1,29,dist_class1,-300.0,-155.0
14,feature_blocks,feat_rot,4,1,30,targ_class1,-231.0,-76.0
14,feature_blocks,feat_rot,4,1,31,targ_class2,-157.0,20.0
14,feature_blocks,feat_rot,4,1,32,dist_class2,-84.0,67.0
14,feature_blocks,feat_rot,4,1,33,targ_class2,6.0,146.0
14,feature_blocks,feat_rot,4,1,34,dist_class2,80.0,224.0
14,feature_blocks,feat_rot,4,1,35,dist_class2,141.0,306.0
14,feature_blocks,feat_rot,4,1,36,targ_class1,-391.0,-80.0
14,feature_blocks,feat_rot,4,1,37,targ_class2,-322.0,1.0
14,feature_blocks,feat_rot,4,1,38,dist_class2,-228.0,85.0
14,feature_blocks,feat_rot,4,1,39,targ_class2,-152.0,160.0
14,feature_blocks,feat_rot,4,1,40,targ_class2,-87.0,225.0
14,feature_blocks,feat_rot,4,1,41,dist_class2,-1.0,300.0
14,feature_blocks,feat_rot,4,1,42,targ_class1,78.0,387.0
14,feature_blocks,feat_rot,4,1,43,dist_class1,-463.0,-2.0
14,feature_blocks,feat_rot,4,1,44,dist_class2,-379.0,67.0
14,feature_blocks,feat_rot,4,1,45,dist_class2,-303.0,165.0
14,feature_blocks,feat_rot,4,1,46,dist_class1,-232.0,220.0
14,feature_blocks,feat_rot,4,1,47,targ_class1,-171.0,322.0
14,feature_blocks,feat_rot,4,1,48,dist_class2,-62.0,370.0
14,feature_blocks,feat_rot,4,1,49,targ_class2,4.0,448.0
14,feature_blocks,feat_rot,0,1,1,dist_class2,-5.0,-453.0
14,feature_blocks,feat_rot,0,1,2,targ_class2,72.0,-391.0
14,feature_blocks,feat_rot,0,1,3,targ_class2,152.0,-314.0
14,feature_blocks,feat_rot,0,1,4,dist_class2,231.0,-235.0
14,feature_blocks,feat_rot,0,1,5,targ_class2,291.0,-156.0
14,feature_blocks,feat_rot,0,1,6,dist_class1,377.0,-102.0
14,feature_blocks,feat_rot,0,1,7,targ_class1,467.0,9.0
14,feature_blocks,feat_rot,0,1,8,targ_class1,-79.0,-390.0
14,feature_blocks,feat_rot,0,1,9,targ_class2,0.0,-291.0
14,feature_blocks,feat_rot,0,1,10,targ_class2,69.0,-228.0
14,feature_blocks,feat_rot,0,1,11,dist_class1,149.0,-145.0
14,feature_blocks,feat_rot,0,1,12,targ_class1,226.0,-75.0
14,feature_blocks,feat_rot,0,1,13,dist_class2,297.0,11.0
14,feature_blocks,feat_rot,0,1,14,targ_class1,378.0,86.0
14,feature_blocks,feat_rot,0,1,15,dist_class2,-134.0,-298.0
14,feature_blocks,feat_rot,0,1,16,targ_class1,-75.0,-220.0
14,feature_blocks,feat_rot,0,1,17,targ_class2,-2.0,-142.0
14,feature_blocks,feat_rot,0,1,18,dist_class2,73.0,-59.0
14,feature_blocks,feat_rot,0,1,19,dist_class1,145.0,-12.0
14,feature_blocks,feat_rot,0,1,20,targ_class1,240.0,61.0
14,feature_blocks,feat_rot,0,1,21,dist_class1,295.0,150.0
14,feature_blocks,feat_rot,0,1,22,dist_class1,-242.0,-238.0
14,feature_blocks,feat_rot,0,1,23,dist_class1,-162.0,-148.0
14,feature_blocks,feat_rot,0,1,24,targ_class1,-80.0,-77.0
14,feature_blocks,feat_rot,0,1,25,targ_class1,-1.0,-1.0
14,feature_blocks,feat_rot,0,1,26,dist_class1,74.0,83.0
14,feature_blocks,feat_rot,0,1,27,targ_class1,144.0,163.0
14,feature_blocks,feat_rot,0,1,28,dist_class2,222.0,207.0
14,feature_blocks,feat_rot,0,1,29,dist_class2,-304.0,-161.0
14,feature_blocks,feat_rot,0,1,30,dist_class2,-228.0,-70.0
14,feature_blocks,feat_rot,0,1,31,targ_class2,-150.0,5.0
14,feature_blocks,feat_rot,0,1,32,targ_class1,-67.0,82.0
14,feature_blocks,feat_rot,0,1,33,dist_class2,-15.0,163.0
14,feature_blocks,feat_rot,0,1,34,targ_class1,63.0,225.0
14,feature_blocks,feat_rot,0,1,35,dist_class1,145.0,311.0
14,feature_blocks,feat_rot,0,1,36,targ_class1,-381.0,-85.0
14,feature_blocks,feat_rot,0,1,37,targ_class2,-317.0,-9.0
14,feature_blocks,feat_rot,0,1,38,targ_class2,-242.0,81.0
14,feature_blocks,feat_rot,0,1,39,dist_class2,-155.0,142.0
14,feature_blocks,feat_rot,0,1,40,dist_class1,-61.0,235.0
14,feature_blocks,feat_rot,0,1,41,dist_class1,-5.0,300.0
14,feature_blocks,feat_rot,0,1,42,dist_class2,73.0,378.0
14,feature_blocks,feat_rot,0,1,43,targ_class2,-471.0,-15.0
14,feature_blocks,feat_rot,0,1,44,dist_class2,-397.0,78.0
14,feature_blocks,feat_rot,0,1,45,dist_class1,-311.0,144.0
14,feature_blocks,feat_rot,0,1,46,dist_class2,-219.0,240.0
14,feature_blocks,feat_rot,0,1,47,targ_class2,-165.0,300.0
14,feature_blocks,feat_rot,0,1,48,targ_class2,-94.0,384.0
14,feature_blocks,feat_rot,0,1,49,dist_class1,6.0,467.0
14,feature_blocks,feat_grid,4,1,1,dist_class1,-334.0,-323.0
14,feature_blocks,feat_grid,4,1,2,targ_class1,-225.0,-325.0
14,feature_blocks,feat_grid,4,1,3,dist_class2,-107.0,-324.0
14,feature_blocks,feat_grid,4,1,4,targ_class2,4.0,-323.0
14,feature_blocks,feat_grid,4,1,5,targ_class1,114.0,-340.0
14,feature_blocks,feat_grid,4,1,6,targ_class1,213.0,-332.0
14,feature_blocks,feat_grid,4,1,7,targ_class1,339.0,-343.0
14,feature_blocks,feat_grid,4,1,8,targ_class1,-319.0,-225.0
14,feature_blocks,feat_grid,4,1,9,targ_class1,-210.0,-223.0
14,feature_blocks,feat_grid,4,1,10,dist_class1,-120.0,-221.0
14,feature_blocks,feat_grid,4,1,11,dist_class2,9.0,-233.0
14,feature_blocks,feat_grid,4,1,12,targ_class1,103.0,-211.0
14,feature_blocks,feat_grid,4,1,13,dist_class2,220.0,-213.0
14,feature_blocks,feat_grid,4,1,14,dist_class1,318.0,-196.0
14,feature_blocks,feat_grid,4,1,15,targ_class2,-323.0,-114.0
14,feature_blocks,feat_grid,4,1,16,targ_class2,-229.0,-105.0
14,feature_blocks,feat_grid,4,1,17,targ_class2,-107.0,-113.0
14,feature_blocks,feat_grid,4,1,18,targ_class2,16.0,-84.0
14,feature_blocks,feat_grid,4,1,19,dist_class2,90.0,-112.0
14,feature_blocks,feat_grid,4,1,20,dist_class1,220.0,-99.0
14,feature_blocks,feat_grid,4,1,21,dist_class2,337.0,-116.0
14,feature_blocks,feat_grid,4,1,22,dist_class1,-317.0,4.0
14,feature_blocks,feat_grid,4,1,23,dist_class1,-225.0,1.0
14,feature_blocks,feat_grid,4,1,24,targ_class2,-107.0,6.0
14,feature_blocks,feat_grid,4,1,25,dist_class1,-19.0,-10.0
14,feature_blocks,feat_grid,4,1,26,targ_class1,94.0,16.0
14,feature_blocks,feat_grid,4,1,27,dist_class1,208.0,-24.0
14,feature_blocks,feat_grid,4,1,28,targ_class1,326.0,-4.0
14,feature_blocks,feat_grid,4,1,29,dist_class2,-316.0,96.0
14,feature_blocks,feat_grid,4,1,30,targ_class2,-206.0,121.0
14,feature_blocks,feat_grid,4,1,31,dist_class2,-129.0,105.0
14,feature_blocks,feat_grid,4,1,32,targ_class1,3.0,118.0
14,feature_blocks,feat_grid,4,1,33,dist_class2,112.0,101.0
14,feature_blocks,feat_grid,4,1,34,dist_class1,200.0,106.0
14,feature_blocks,feat_grid,4,1,35,targ_class2,318.0,113.0
14,feature_blocks,feat_grid,4,1,36,dist_class2,-344.0,231.0
14,feature_blocks,feat_grid,4,1,37,targ_class2,-198.0,216.0
14,feature_blocks,feat_grid,4,1,38,dist_class1,-100.0,224.0
14,feature_blocks,feat_grid,4,1,39,dist_class1,2.0,215.0
14,feature_blocks,feat_grid,4,1,40,dist_class2,101.0,215.0
14,feature_blocks,feat_grid,4,1,41,targ_class1,216.0,213.0
14,feature_blocks,feat_grid,4,1,42,dist_class2,318.0,220.0
14,feature_blocks,feat_grid,4,1,43,dist_class2,-339.0,323.0
14,feature_blocks,feat_grid,4,1,44,targ_class2,-219.0,314.0
14,feature_blocks,feat_grid,4,1,45,dist_class1,-110.0,332.0
14,feature_blocks,feat_grid,4,1,46,targ_class1,2.0,345.0
14,feature_blocks,feat_grid,4,1,47,targ_class2,117.0,323.0
14,feature_blocks,feat_grid,4,1,48,targ_class2,214.0,307.0
14,feature_blocks,feat_grid,4,1,49,dist_class2,318.0,334.0
