person,block,condition,trial,attempt,id,item_class,x,y
51,prac_feat,feat_grid,1,1,1,dist_class2,-320.0,-330.0
51,prac_feat,feat_grid,1,1,2,dist_class1,-222.0,-327.0
51,prac_feat,feat_grid,1,1,3,dist_class2,-96.0,-328.0
51,prac_feat,feat_grid,1,1,4,dist_class2,-6.0,-345.0
51,prac_feat,feat_grid,1,1,5,dist_class2,125.0,-313.0
51,prac_feat,feat_grid,1,1,6,dist_class1,210.0,-327.0
51,prac_feat,feat_grid,1,1,7,targ_class1,318.0,-323.0
51,prac_feat,feat_grid,1,1,8,dist_class1,-323.0,-228.0
51,prac_feat,feat_grid,1,1,9,dist_class1,-228.0,-217.0
51,prac_feat,feat_grid,1,1,10,dist_class1,-106.0,-212.0
51,prac_feat,feat_grid,1,1,11,targ_class1,3.0,-209.0
51,prac_feat,feat_grid,1,1,12,targ_class2,127.0,-209.0
51,prac_feat,feat_grid,1,1,13,targ_class2,220.0,-210.0
51,prac_feat,feat_grid,1,1,14,dist_class2,322.0,-205.0
51,prac_feat,feat_grid,1,1,15,dist_class1,-323.0,-116.0
51,prac_feat,feat_grid,1,1,16,dist_class2,-206.0,-100.0
51,prac_feat,feat_grid,1,1,17,targ_class1,-96.0,-81.0
51,prac_feat,feat_grid,1,1,18,dist_class2,-4.0,-112.0
51,prac_feat,feat_grid,1,1,19,targ_class2,103.0,-131.0
51,prac_feat,feat_grid,1,1,20,targ_class1,198.0,-106.0
51,prac_feat,feat_grid,1,1,21,targ_class2,323.0,-106.0
51,prac_feat,feat_grid,1,1,22,targ_class2,-332.0,-2.0
51,prac_feat,feat_grid,1,1,23,targ_class1,-219.0,7.0
51,prac_feat,feat_grid,1,1,24,targ_class2,-110.0,-8.0
51,prac_feat,feat_grid,1,1,25,dist_class1,15.0,-5.0
51,prac_feat,feat_grid,1,1,26,dist_class2,116.0,-4.0
51,prac_feat,feat_grid,1,1,27,targ_class1,224.0,0.0
51,prac_feat,feat_grid,1,1,28,targ_class2,330.0,-15.0
51,prac_feat,feat_grid,1,1,29,targ_class2,-333.0,93.0
51,prac_feat,feat_grid,1,1,30,targ_class1,-226.0,88.0
51,prac_feat,feat_grid,1,1,31,targ_class1,-110.0,121.0
51,prac_feat,feat_grid,1,1,32,dist_class2,22.0,86.0
51,prac_feat,feat_grid,1,1,33,targ_class2,111.0,135.0
51,prac_feat,feat_grid,1,1,34,dist_class1,230.0,113.0
51,prac_feat,feat_grid,1,1,35,targ_class2,319.0,116.0
51,prac_feat,feat_grid,1,1,36,dist_class2,-336.0,219.0
51,prac_feat,feat_grid,1,1,37,targ_class1,-216.0,213.0
51,prac_feat,feat_grid,1,1,38,dist_class2,-99.0,235.0
51,prac_feat,feat_grid,1,1,39,dist_class2,7.0,211.0
51,prac_feat,feat_grid,1,1,40,targ_class1,98.0,225.0
51,prac_feat,feat_grid,1,1,41,targ_class1,209.0,217.0
51,prac_feat,feat_grid,1,1,42,dist_class2,315.0,202.0
51,prac_feat,feat_grid,1,1,43,dist_class1,-323.0,309.0
51,prac_feat,feat_grid,1,1,44,targ_class1,-210.0,323.0
51,prac_feat,feat_grid,1,1,45,dist_class1,-116.0,338.0
51,prac_feat,feat_grid,1,1,46,dist_class1,2.0,326.0
51,prac_feat,feat_grid,1,1,47,targ_class2,99.0,332.0
51,prac_feat,feat_grid,1,1,48,dist_class1,204.0,326.0
51,prac_feat,feat_grid,1,1,49,targ_class2,310.0,311.0
51,prac_feat,feat_grid,0,1,1,targ_class2,-328.0,-313.0
51,prac_feat,feat_grid,0,1,2,dist_class1,-211.0,-327.0
51,prac_feat,feat_grid,0,1,3,dist_class2,-118.0,-319.0
51,prac_feat,feat_grid,0,1,4,dist_class1,-3.0,-323.0
51,prac_feat,feat_grid,0,1,5,targ_class2,107.0,-324.0
51,prac_feat,feat_grid,0,1,6,dist_class2,196.0,-338.0
51,prac_feat,feat_grid,0,1,7,dist_class2,335.0,-314.0
51,prac_feat,feat_grid,0,1,8,dist_class1,-310.0,-221.0
51,prac_feat,feat_grid,0,1,9,targ_class1,-222.0,-190.0
51,prac_feat,feat_grid,0,1,10,targ_class1,-89.0,-232.0
51,prac_feat,feat_grid,0,1,11,targ_class1,24.0,-226.0
51,prac_feat,feat_grid,0,1,12,dist_class2,106.0,-215.0
51,prac_feat,feat_grid,0,1,13,targ_class2,210.0,-212.0
51,prac_feat,feat_grid,0,1,14,dist_class2,324.0,-225.0
51,prac_feat,feat_grid,0,1,15,targ_class1,-328.0,-115.0
51,prac_feat,feat_grid,0,1,16,dist_class2,-215.0,-113.0
51,prac_feat,feat_grid,0,1,17,dist_class1,-112.0,-114.0
51,prac_feat,feat_grid,0,1,18,targ_class2,10.0,-100.0
51,prac_feat,feat_grid,0,1,19,targ_class2,83.0,-115.0
51,prac_feat,feat_grid,0,1,20,targ_class2,225.0,-115.0
51,prac_feat,feat_grid,0,1,21,targ_class2,323.0,-103.0
51,prac_feat,feat_grid,0,1,22,dist_class1,-337.0,16.0
51,prac_feat,feat_grid,0,1,23,dist_class2,-215.0,-2.0
51,prac_feat,feat_grid,0,1,24,dist_class1,-101.0,-8.0
51,prac_feat,feat_grid,0,1,25,targ_class1,6.0,7.0
51,prac_feat,feat_grid,0,1,26,dist_class2,133.0,-6.0
51,prac_feat,feat_grid,0,1,27,dist_class2,223.0,-6.0
51,prac_feat,feat_grid,0,1,28,targ_class2,339.0,1.0
51,prac_feat,feat_grid,0,1,29,targ_class2,-326.0,106.0
51,prac_feat,feat_grid,0,1,30,dist_class1,-209.0,85.0
51,prac_feat,feat_grid,0,1,31,dist_class1,-97.0,106.0
51,prac_feat,feat_grid,0,1,32,dist_class1,9.0,106.0
51,prac_feat,feat_grid,0,1,33,dist_class1,97.0,124.0
51,prac_feat,feat_grid,0,1,34,dist_class1,230.0,112.0
51,prac_feat,feat_grid,0,1,35,dist_class2,317.0,96.0
51,prac_feat,feat_grid,0,1,36,dist_class2,-325.0,211.0
51,prac_feat,feat_grid,0,1,37,targ_class1,-219.0,214.0
51,prac_feat,feat_grid,0,1,38,targ_class2,-123.0,214.0
51,prac_feat,feat_grid,0,1,39,targ_class1,4.0,206.0
51,prac_feat,feat_grid,0,1,40,targ_class1,88.0,218.0
51,prac_feat,feat_grid,0,1,41,targ_class2,228.0,212.0
51,prac_feat,feat_grid,0,1,42,targ_class2,336.0,218.0
51,prac_feat,feat_grid,0,1,43,targ_class1,-332.0,324.0
51,prac_feat,feat_grid,0,1,44,dist_class2,-209.0,336.0
51,prac_feat,feat_grid,0,1,45,dist_class1,-81.0,301.0
51,prac_feat,feat_grid,0,1,46,dist_class2,13.0,336.0
51,prac_feat,feat_grid,0,1,47,targ_class1,118.0,313.0
51,prac_feat,feat_grid,0,1,48,targ_class1,204.0,325.0
51,prac_feat,feat_grid,0,1,49,targ_class1,331.0,301.0
51,feature_blocks,feat_uni,3,1,1,targ_class2,-109.0,292.0
51,feature_blocks,feat_uni,3,1,2,dist_class1,239.0,41.0
51,feature_blocks,feat_uni,3,1,3,targ_class1,-91.0,-321.0
51,feature_blocks,feat_uni,3,1,4,dist_class1,-163.0,-268.0
51,feature_blocks,feat_uni,3,1,5,targ_class2,-288.0,207.0
51,feature_blocks,feat_uni,3,1,6,dist_class1,57.0,-109.0
51,feature_blocks,feat_uni,3,1,7,dist_class1,-199.0,42.0
51,feature_blocks,feat_uni,3,1,8,dist_class2,182.0,-323.0
51,feature_blocks,feat_uni,3,1,9,targ_class2,-1.0,-227.0
51,feature_blocks,feat_uni,3,1,10,targ_class1,296.0,348.0
51,feature_blocks,feat_uni,3,1,11,targ_class1,339.0,79.0
51,feature_blocks,feat_uni,3,1,12,targ_class1,213.0,-276.0
51,feature_blocks,feat_uni,3,1,13,dist_class2,-198.0,-35.0
51,feature_blocks,feat_uni,3,1,14,dist_class2,1.0,82.0
51,feature_blocks,feat_uni,3,1,15,targ_class2,228.0,325.0
51,feature_blocks,feat_uni,3,1,16,targ_class1,-53.0,302.0
51,feature_blocks,feat_uni,3,1,17,dist_class2,185.0,185.0
51,feature_blocks,feat_uni,3,1,18,targ_class1,72.0,-204.0
51,feature_blocks,feat_uni,3,1,19,targ_class2,128.0,-205.0
51,feature_blocks,feat_uni,3,1,20,dist_class1,89.0,177.0
51,feature_blocks,feat_uni,3,1,21,dist_class1,-76.0,-57.0
51,feature_blocks,feat_uni,3,1,22,targ_class2,163.0,-249.0
51,feature_blocks,feat_uni,3,1,23,targ_class1,-250.0,16.0
51,feature_blocks,feat_uni,3,1,24,targ_class2,-70.0,-186.0
51,feature_blocks,feat_uni,3,1,25,dist_class2,-217.0,190.0
51,feature_blocks,feat_uni,3,1,26,dist_class1,-291.0,332.0
51,feature_blocks,feat_uni,3,1,27,targ_class1,351.0,338.0
51,feature_blocks,feat_uni,3,1,28,dist_class2,-55.0,-244.0
51,feature_blocks,feat_uni,3,1,29,dist_class1,351.0,-102.0
51,feature_blocks,feat_uni,3,1,30,targ_class1,-185.0,245.0
51,feature_blocks,feat_uni,3,1,31,dist_class2,173.0,316.0
51,feature_blocks,feat_uni,3,1,32,dist_class2,56.0,80.0
51,feature_blocks,feat_uni,3,1,33,targ_class2,-35.0,358.0
51,feature_blocks,feat_uni,3,1,34,dist_class2,351.0,-327.0
51,feature_blocks,feat_uni,3,1,35,dist_class2,239.0,173.0
51,feature_blocks,feat_uni,3,1,36,targ_class2,150.0,367.0
51,feature_blocks,feat_uni,3,1,37,targ_class2,-176.0,-210.0
51,feature_blocks,feat_uni,3,1,38,targ_class2,313.0,286.0
51,feature_blocks,feat_uni,3,1,39,dist_class1,52.0,-266.0
51,feature_blocks,feat_uni,3,1,40,dist_class1,132.0,-296.0
51,feature_blocks,feat_uni,3,1,41,targ_class2,241.0,-76.0
51,feature_blocks,feat_uni,3,1,42,targ_class1,-217.0,-247.0
51,feature_blocks,feat_uni,3,1,43,dist_class1,-16.0,-27.0
51,feature_blocks,feat_uni,3,1,44,dist_class1,-107.0,-267.0
51,feature_blocks,feat_uni,3,1,45,dist_class2,-127.0,-182.0
51,feature_blocks,feat_uni,3,1,46,dist_class2,-55.0,81.0
51,feature_blocks,feat_uni,3,1,47,dist_class2,-273.0,-246.0
51,feature_blocks,feat_uni,3,1,48,targ_class1,65.0,359.0
51,feature_blocks,feat_uni,3,1,49,targ_class1,110.0,66.0
51,feature_blocks,feat_rot,0,1,1,dist_class1,1.0,-453.0
51,feature_blocks,feat_rot,0,1,2,dist_class1,78.0,-391.0
51,feature_blocks,feat_rot,0,1,3,targ_class2,153.0,-302.0
51,feature_blocks,feat_rot,0,1,4,dist_class2,231.0,-228.0
51,feature_blocks,feat_rot,0,1,5,targ_class1,296.0,-163.0
51,feature_blocks,feat_rot,0,1,6,targ_class1,379.0,-81.0
51,feature_blocks,feat_rot,0,1,7,targ_class1,462.0,10.0
51,feature_blocks,feat_rot,0,1,8,dist_class2,-95.0,-380.0
51,feature_blocks,feat_rot,0,1,9,dist_class2,-7.0,-282.0
51,feature_blocks,feat_rot,0,1,10,targ_class2,67.0,-231.0
51,feature_blocks,feat_rot,0,1,11,dist_class2,144.0,-161.0
51,feature_blocks,feat_rot,0,1,12,targ_class1,230.0,-83.0
51,feature_blocks,feat_rot,0,1,13,targ_class1,308.0,9.0
51,feature_blocks,feat_rot,0,1,14,dist_class2,382.0,72.0
51,feature_blocks,feat_rot,0,1,15,dist_class1,-146.0,-286.0
51,feature_blocks,feat_rot,0,1,16,targ_class1,-71.0,-228.0
51,feature_blocks,feat_rot,0,1,17,dist_class2,3.0,-156.0
51,feature_blocks,feat_rot,0,1,18,dist_class2,70.0,-80.0
51,feature_blocks,feat_rot,0,1,19,targ_class2,158.0,12.0
51,feature_blocks,feat_rot,0,1,20,dist_class1,225.0,70.0
51,feature_blocks,feat_rot,0,1,21,targ_class2,312.0,145.0
51,feature_blocks,feat_rot,0,1,22,targ_class1,-240.0,-214.0
51,feature_blocks,feat_rot,0,1,23,targ_class2,-158.0,-160.0
51,feature_blocks,feat_rot,0,1,24,targ_class2,-72.0,-85.0
51,feature_blocks,feat_rot,0,1,25,targ_class2,-2.0,13.0
51,feature_blocks,feat_rot,0,1,26,targ_class2,64.0,78.0
51,feature_blocks,feat_rot,0,1,27,dist_class2,150.0,155.0
51,feature_blocks,feat_rot,0,1,28,targ_class2,218.0,221.0
51,feature_blocks,feat_rot,0,1,29,targ_class1,-293.0,-140.0
51,feature_blocks,feat_rot,0,1,30,dist_class1,-224.0,-66.0
51,feature_blocks,feat_rot,0,1,31,dist_class1,-145.0,-19.0
51,feature_blocks,feat_rot,0,1,32,targ_class1,-72.0,65.0
51,feature_blocks,feat_rot,0,1,33,dist_class2,-2.0,144.0
51,feature_blocks,feat_rot,0,1,34,dist_class1,63.0,242.0
51,feature_blocks,feat_rot,0,1,35,dist_class2,158.0,303.0
51,feature_blocks,feat_rot,0,1,36,dist_class1,-384.0,-68.0
51,feature_blocks,feat_rot,0,1,37,dist_class1,-304.0,-6.0
51,feature_blocks,feat_rot,0,1,38,dist_class2,-227.0,62.0
51,feature_blocks,feat_rot,0,1,39,targ_class2,-141.0,154.0
51,feature_blocks,feat_rot,0,1,40,targ_class1,-86.0,212.0
51,feature_blocks,feat_rot,0,1,41,dist_class1,1.0,317.0
51,feature_blocks,feat_rot,0,1,42,dist_class2,82.0,366.0
51,feature_blocks,feat_rot,0,1,43,targ_class1,-451.0,-4.0
51,feature_blocks,feat_rot,0,1,44,targ_class2,-389.0,68.0
51,feature_blocks,feat_rot,0,1,45,dist_class2,-296.0,151.0
51,feature_blocks,feat_rot,0,1,46,targ_class2,-229.0,214.0
51,feature_blocks,feat_rot,0,1,47,dist_class1,-149.0,312.0
51,feature_blocks,feat_rot,0,1,48,targ_class1,-77.0,383.0
51,feature_blocks,feat_rot,0,1,49,dist_class1,-2.0,450.0
51,feature_blocks,feat_rot,3,1,1,targ_class1,-8.0,-453.0
51,feature_blocks,feat_rot,3,1,2,dist_class2,83.0,-376.0
51,feature_blocks,feat_rot,3,1,3,targ_class1,144.0,-313.0
51,feature_blocks,feat_rot,3,1,4,dist_class2,229.0,-237.0
51,feature_blocks,feat_rot,3,1,5,dist_class2,295.0,-154.0
51,feature_blocks,feat_rot,3,1,6,dist_class2,388.0,-64.0
51,feature_blocks,feat_rot,3,1,7,dist_class2,462.0,-3.0
51,feature_blocks,feat_rot,3,1,8,dist_class2,-68.0,-383.0
51,feature_blocks,feat_rot,3,1,9,targ_class1,1.0,-318.0
51,feature_blocks,feat_rot,3,1,10,dist_class1,76.0,-228.0
51,feature_blocks,feat_rot,3,1,11,targ_class2,152.0,-159.0
51,feature_blocks,feat_rot,3,1,12,targ_class1,215.0,-73.0
51,feature_blocks,feat_rot,3,1,13,targ_class2,310.0,-0.0
51,feature_blocks,feat_rot,3,1,14,dist_class1,393.0,84.0
51,feature_blocks,feat_rot,3,1,15,dist_class2,-146.0,-327.0
51,feature_blocks,feat_rot,3,1,16,dist_class1,-73.0,-238.0
51,feature_blocks,feat_rot,3,1,17,targ_class1,-12.0,-156.0
51,feature_blocks,feat_rot,3,1,18,targ_class2,79.0,-68.0
51,feature_blocks,feat_rot,3,1,19,targ_class2,152.0,-7.0
51,feature_blocks,feat_rot,3,1,20,targ_class2,233.0,71.0
51,feature_blocks,feat_rot,3,1,21,dist_class2,301.0,158.0
51,feature_blocks,feat_rot,3,1,22,dist_class2,-223.0,-221.0
51,feature_blocks,feat_rot,3,1,23,targ_class2,-161.0,-155.0
51,feature_blocks,feat_rot,3,1,24,targ_class2,-85.0,-81.0
51,feature_blocks,feat_rot,3,1,25,dist_class1,-11.0,-6.0
51,feature_blocks,feat_rot,3,1,26,dist_class2,87.0,64.0
51,feature_blocks,feat_rot,3,1,27,targ_class1,164.0,147.0
51,feature_blocks,feat_rot,3,1,28,dist_class1,217.0,231.0
51,feature_blocks,feat_rot,3,1,29,dist_class1,-313.0,-154.0
51,feature_blocks,feat_rot,3,1,30,dist_class1,-226.0,-80.0
51,feature_blocks,feat_rot,3,1,31,targ_class1,-149.0,20.0
51,feature_blocks,feat_rot,3,1,32,targ_class2,-87.0,69.0
51,feature_blocks,feat_rot,3,1,33,targ_class1,-9.0,150.0
51,feature_blocks,feat_rot,3,1,34,targ_class1,89.0,215.0
51,feature_blocks,feat_rot,3,1,35,targ_class1,148.0,315.0
51,feature_blocks,feat_rot,3,1,36,dist_class1,-389.0,-63.0
51,feature_blocks,feat_rot,3,1,37,targ_class2,-308.0,-4.0
51,feature_blocks,feat_rot,3,1,38,dist_class1,-217.0,79.0
51,feature_blocks,feat_rot,3,1,39,dist_class1,-158.0,139.0
51,feature_blocks,feat_rot,3,1,40,targ_class2,-73.0,218.0
51,feature_blocks,feat_rot,3,1,41,dist_class1,-12.0,305.0
51,feature_blocks,feat_rot,3,1,42,dist_class2,66.0,377.0
51,feature_blocks,feat_rot,3,1,43,dist_class1,-467.0,-19.0
51,feature_blocks,feat_rot,3,1,44,dist_class2,-409.0,77.0
51,feature_blocks,feat_rot,3,1,45,targ_class2,-286.0,146.0
51,feature_blocks,feat_rot,3,1,46,dist_class2,-243.0,212.0
51,feature_blocks,feat_rot,3,1,47,targ_class1,-137.0,310.0
51,feature_blocks,feat_rot,3,1,48,targ_class1,-72.0,392.0
51,feature_blocks,feat_rot,3,1,49,targ_class2,-9.0,467.0
51,feature_blocks,feat_rot,1,1,1,dist_class1,-8.0,-466.0
51,feature_blocks,feat_rot,1,1,2,dist_class1,76.0,-411.0
51,feature_blocks,feat_rot,1,1,3,targ_class1,158.0,-302.0
51,feature_blocks,feat_rot,1,1,4,dist_class2,234.0,-229.0
51,feature_blocks,feat_rot,1,1,5,dist_class1,288.0,-155.0
51,feature_blocks,feat_rot,1,1,6,targ_class1,382.0,-71.0
51,feature_blocks,feat_rot,1,1,7,targ_class2,464.0,7.0
51,feature_blocks,feat_rot,1,1,8,targ_class2,-73.0,-391.0
51,feature_blocks,feat_rot,1,1,9,dist_class2,-31.0,-314.0
51,feature_blocks,feat_rot,1,1,10,dist_class2,77.0,-234.0
51,feature_blocks,feat_rot,1,1,11,dist_class2,148.0,-156.0
51,feature_blocks,feat_rot,1,1,12,dist_class2,224.0,-56.0
51,feature_blocks,feat_rot,1,1,13,dist_class1,317.0,-8.0
51,feature_blocks,feat_rot,1,1,14,dist_class1,386.0,82.0
51,feature_blocks,feat_rot,1,1,15,dist_class2,-161.0,-299.0
51,feature_blocks,feat_rot,1,1,16,targ_class2,-73.0,-233.0
51,feature_blocks,feat_rot,1,1,17,targ_class1,-7.0,-138.0
51,feature_blocks,feat_rot,1,1,18,targ_class2,83.0,-65.0
51,feature_blocks,feat_rot,1,1,19,targ_class1,159.0,-7.0
51,feature_blocks,feat_rot,1,1,20,dist_class1,227.0,76.0
51,feature_blocks,feat_rot,1,1,21,dist_class1,314.0,135.0
51,feature_blocks,feat_rot,1,1,22,targ_class1,-250.0,-222.0
51,feature_blocks,feat_rot,1,1,23,targ_class2,-145.0,-152.0
51,feature_blocks,feat_rot,1,1,24,targ_class2,-60.0,-84.0
51,feature_blocks,feat_rot,1,1,25,targ_class1,13.0,-3.0
51,feature_blocks,feat_rot,1,1,26,dist_class2,80.0,82.0
51,feature_blocks,feat_rot,1,1,27,targ_class2,143.0,157.0
51,feature_blocks,feat_rot,1,1,28,targ_class1,233.0,215.0
51,feature_blocks,feat_rot,1,1,29,dist_class1,-323.0,-149.0
51,feature_blocks,feat_rot,1,1,30,targ_class2,-234.0,-79.0
51,feature_blocks,feat_rot,1,1,31,dist_class2,-147.0,-18.0
51,feature_blocks,feat_rot,1,1,32,targ_class1,-85.0,75.0
51,feature_blocks,feat_rot,1,1,33,dist_class2,1.0,165.0
51,feature_blocks,feat_rot,1,1,34,targ_class1,87.0,225.0
51,feature_blocks,feat_rot,1,1,35,dist_class2,147.0,300.0
51,feature_blocks,feat_rot,1,1,36,targ_class2,-380.0,-72.0
51,feature_blocks,feat_rot,1,1,37,dist_class2,-292.0,5.0
51,feature_blocks,feat_rot,1,1,38,dist_class2,-241.0,49.0
51,feature_blocks,feat_rot,1,1,39,targ_class1,-152.0,152.0
51,feature_blocks,feat_rot,1,1,40,targ_class2,-77.0,222.0
51,feature_blocks,feat_rot,1,1,41,dist_class1,7.0,305.0
51,feature_blocks,feat_rot,1,1,42,targ_class2,76.0,395.0
51,feature_blocks,feat_rot,1,1,43,dist_class1,-468.0,19.0
51,feature_blocks,feat_rot,1,1,44,targ_class2,-380.0,91.0
51,feature_blocks,feat_rot,1,1,45,dist_class1,-314.0,149.0
51,feature_blocks,feat_rot,1,1,46,dist_class2,-232.0,244.0
51,feature_blocks,feat_rot,1,1,47,targ_class1,-150.0,308.0
51,feature_blocks,feat_rot,1,1,48,dist_class1,-74.0,364.0
51,feature_blocks,feat_rot,1,1,49,targ_class1,7.0,445.0
51,feature_blocks,feat_uni,1,1,1,dist_class2,-256.0,276.0
51,feature_blocks,feat_uni,1,1,2,dist_class1,236.0,-214.0
51,feature_blocks,feat_uni,1,1,3,targ_class1,330.0,182.0
51,feature_blocks,feat_uni,1,1,4,dist_class2,-310.0,257.0
51,feature_blocks,feat_uni,1,1,5,dist_class1,248.0,144.0
51,feature_blocks,feat_uni,1,1,6,dist_class2,-306.0,191.0
51,feature_blocks,feat_uni,1,1,7,targ_class1,71.0,-72.0
51,feature_blocks,feat_uni,1,1,8,targ_class1,333.0,1.0
51,feature_blocks,feat_uni,1,1,9,dist_class1,33.0,307.0
51,feature_blocks,feat_uni,1,1,10,dist_class1,352.0,-296.0
51,feature_blocks,feat_uni,1,1,11,targ_class1,11.0,-190.0
51,feature_blocks,feat_uni,1,1,12,targ_class1,-254.0,131.0
51,feature_blocks,feat_uni,1,1,13,dist_class2,-199.0,-267.0
51,feature_blocks,feat_uni,1,1,14,targ_class2,299.0,261.0
51,feature_blocks,feat_uni,1,1,15,dist_class1,178.0,130.0
51,feature_blocks,feat_uni,1,1,16,dist_class2,-158.0,191.0
51,feature_blocks,feat_uni,1,1,17,dist_class2,24.0,-134.0
51,feature_blocks,feat_uni,1,1,18,dist_class1,169.0,51.0
51,feature_blocks,feat_uni,1,1,19,targ_class2,-102.0,7.0
51,feature_blocks,feat_uni,1,1,20,targ_class2,-362.0,191.0
51,feature_blocks,feat_uni,1,1,21,targ_class1,294.0,71.0
51,feature_blocks,feat_uni,1,1,22,dist_class2,225.0,35.0
51,feature_blocks,feat_uni,1,1,23,dist_class1,366.0,122.0
51,feature_blocks,feat_uni,1,1,24,targ_class1,52.0,-260.0
51,feature_blocks,feat_uni,1,1,25,dist_class1,310.0,127.0
51,feature_blocks,feat_uni,1,1,26,dist_class2,84.0,-308.0
51,feature_blocks,feat_uni,1,1,27,targ_class1,116.0,-129.0
51,feature_blocks,feat_uni,1,1,28,targ_class1,119.0,-221.0
51,feature_blocks,feat_uni,1,1,29,targ_class2,-337.0,-240.0
51,feature_blocks,feat_uni,1,1,30,dist_class1,121.0,270.0
51,feature_blocks,feat_uni,1,1,31,dist_class1,-375.0,-174.0
51,feature_blocks,feat_uni,1,1,32,targ_class1,-319.0,-344.0
51,feature_blocks,feat_uni,1,1,33,targ_class2,-311.0,-126.0
51,feature_blocks,feat_uni,1,1,34,dist_class2,-215.0,-153.0
51,feature_blocks,feat_uni,1,1,35,targ_class2,-269.0,-169.0
51,feature_blocks,feat_uni,1,1,36,dist_class2,229.0,-38.0
51,feature_blocks,feat_uni,1,1,37,dist_class2,-164.0,-223.0
51,feature_blocks,feat_uni,1,1,38,targ_class2,291.0,-203.0
51,feature_blocks,feat_uni,1,1,39,dist_class2,-235.0,61.0
51,feature_blocks,feat_uni,1,1,40,targ_class1,-123.0,235.0
51,feature_blocks,feat_uni,1,1,41,targ_class2,229.0,92.0
51,feature_blocks,feat_uni,1,1,42,dist_class1,348.0,-203.0
51,feature_blocks,feat_uni,1,1,43,targ_class2,-90.0,281.0
51,feature_blocks,feat_uni,1,1,44,targ_class2,152.0,-320.0
51,feature_blocks,feat_uni,1,1,45,targ_class1,-147.0,-286.0
51,feature_blocks,feat_uni,1,1,46,dist_class2,86.0,-176.0
51,feature_blocks,feat_uni,1,1,47,targ_class2,-197.0,19.0
51,feature_blocks,feat_uni,1,1,48,targ_class2,168.0,-56.0
51,feature_blocks,feat_uni,1,1,49,dist_class1,-321.0,-187.0
51,feature_blocks,feat_grid,2,1,1,dist_class1,-315.0,-329.0
51,feature_blocks,feat_grid,2,1,2,dist_class1,-213.0,-327.0
51,feature_blocks,feat_grid,2,1,3,dist_class2,-106.0,-322.0
51,feature_blocks,feat_grid,2,1,4,dist_class2,-11.0,-319.0
51,feature_blocks,feat_grid,2,1,5,dist_class2,113.0,-315.0
51,feature_blocks,feat_grid,2,1,6,targ_class1,212.0,-340.0
51,feature_blocks,feat_grid,2,1,7,targ_class2,322.0,-331.0
51,feature_blocks,feat_grid,2,1,8,dist_class2,-300.0,-218.0
51,feature_blocks,feat_grid,2,1,9,dist_class2,-209.0,-218.0
51,feature_blocks,feat_grid,2,1,10,targ_class2,-98.0,-225.0
51,feature_blocks,feat_grid,2,1,11,dist_class1,10.0,-213.0
51,feature_blocks,feat_grid,2,1,12,targ_class2,95.0,-209.0
51,feature_blocks,feat_grid,2,1,13,targ_class2,205.0,-222.0
51,feature_blocks,feat_grid,2,1,14,targ_class1,341.0,-224.0
51,feature_blocks,feat_grid,2,1,15,dist_class2,-325.0,-108.0
51,feature_blocks,feat_grid,2,1,16,dist_class2,-227.0,-101.0
51,feature_blocks,feat_grid,2,1,17,targ_class2,-98.0,-96.0
51,feature_blocks,feat_grid,2,1,18,dist_class1,-14.0,-104.0
51,feature_blocks,feat_grid,2,1,19,dist_class2,97.0,-125.0
51,feature_blocks,feat_grid,2,1,20,dist_class2,212.0,-122.0
51,feature_blocks,feat_grid,2,1,21,dist_class1,320.0,-125.0
51,feature_blocks,feat_grid,2,1,22,dist_class1,-313.0,14.0
51,feature_blocks,feat_grid,2,1,23,dist_class1,-218.0,0.0
51,feature_blocks,feat_grid,2,1,24,targ_class1,-94.0,12.0
51,feature_blocks,feat_grid,2,1,25,dist_class1,-12.0,-7.0
51,feature_blocks,feat_grid,2,1,26,dist_class2,111.0,25.0
51,feature_blocks,feat_grid,2,1,27,targ_class2,220.0,16.0
51,feature_blocks,feat_grid,2,1,28,dist_class1,344.0,0.0
51,feature_blocks,feat_grid,2,1,29,dist_class2,-328.0,114.0
51,feature_blocks,feat_grid,2,1,30,targ_class1,-224.0,117.0
51,feature_blocks,feat_grid,2,1,31,targ_class1,-108.0,121.0
51,feature_blocks,feat_grid,2,1,32,targ_class1,-22.0,108.0
51,feature_blocks,feat_grid,2,1,33,dist_class1,97.0,110.0
51,feature_blocks,feat_grid,2,1,34,targ_class1,204.0,95.0
51,feature_blocks,feat_grid,2,1,35,targ_class2,326.0,90.0
51,feature_blocks,feat_grid,2,1,36,targ_class1,-311.0,203.0
51,feature_blocks,feat_grid,2,1,37,targ_class1,-219.0,218.0
51,feature_blocks,feat_grid,2,1,38,targ_class2,-103.0,224.0
51,feature_blocks,feat_grid,2,1,39,dist_class1,9.0,200.0
51,feature_blocks,feat_grid,2,1,40,dist_class2,124.0,193.0
51,feature_blocks,feat_grid,2,1,41,targ_class2,205.0,230.0
51,feature_blocks,feat_grid,2,1,42,targ_class1,319.0,206.0
51,feature_blocks,feat_grid,2,1,43,targ_class1,-311.0,333.0
51,feature_blocks,feat_grid,2,1,44,dist_class1,-203.0,319.0
51,feature_blocks,feat_grid,2,1,45,dist_class2,-105.0,333.0
51,feature_blocks,feat_grid,2,1,46,targ_class2,1.0,322.0
51,feature_blocks,feat_grid,2,1,47,targ_class2,101.0,312.0
51,feature_blocks,feat_grid,2,1,48,targ_class2,238.0,327.0
51,feature_blocks,feat_grid,2,1,49,targ_class1,330.0,329.0
51,feature_blocks,feat_grid,4,1,1,targ_class1,-318.0,-328.0
51,feature_blocks,feat_grid,4,1,2,targ_class1,-222.0,-312.0
51,feature_blocks,feat_grid,4,1,3,dist_class1,-130.0,-335.0
51,feature_blocks,feat_grid,4,1,4,dist_class1,-8.0,-316.0
51,feature_blocks,feat_grid,4,1,5,dist_class2,100.0,-315.0
51,feature_blocks,feat_grid,4,1,6,dist_class2,213.0,-315.0
51,feature_blocks,feat_grid,4,1,7,targ_class2,336.0,-317.0
51,feature_blocks,feat_grid,4,1,8,dist_class1,-334.0,-218.0
51,feature_blocks,feat_grid,4,1,9,targ_class2,-213.0,-207.0
51,feature_blocks,feat_grid,4,1,10,targ_class2,-109.0,-216.0
51,feature_blocks,feat_grid,4,1,11,dist_class1,14.0,-216.0
51,feature_blocks,feat_grid,4,1,12,targ_class2,102.0,-229.0
51,feature_blocks,feat_grid,4,1,13,dist_class2,227.0,-217.0
51,feature_blocks,feat_grid,4,1,14,targ_class1,325.0,-209.0
51,feature_blocks,feat_grid,4,1,15,dist_class2,-315.0,-103.0
51,feature_blocks,feat_grid,4,1,16,targ_class1,-210.0,-116.0
51,feature_blocks,feat_grid,4,1,17,dist_class2,-96.0,-115.0
51,feature_blocks,feat_grid,4,1,18,dist_class1,1.0,-98.0
51,feature_blocks,feat_grid,4,1,19,targ_class1,104.0,-115.0
51,feature_blocks,feat_grid,4,1,20,targ_class1,210.0,-109.0
51,feature_blocks,feat_grid,4,1,21,targ_class1,335.0,-112.0
51,feature_blocks,feat_grid,4,1,22,dist_class2,-325.0,-12.0
51,feature_blocks,feat_grid,4,1,23,dist_class1,-217.0,-8.0
51,feature_blocks,feat_grid,4,1,24,targ_class2,-94.0,10.0
51,feature_blocks,feat_grid,4,1,25,targ_class2,-3.0,13.0
51,feature_blocks,feat_grid,4,1,26,dist_class2,98.0,-7.0
51,feature_blocks,feat_grid,4,1,27,dist_class1,211.0,-7.0
51,feature_blocks,feat_grid,4,1,28,dist_class2,329.0,-13.0
51,feature_blocks,feat_grid,4,1,29,targ_class1,-328.0,94.0
51,feature_blocks,feat_grid,4,1,30,targ_class2,-195.0,113.0
51,feature_blocks,feat_grid,4,1,31,dist_class1,-97.0,106.0
51,feature_blocks,feat_grid,4,1,32,targ_class2,7.0,102.0
51,feature_blocks,feat_grid,4,1,33,targ_class2,105.0,111.0
51,feature_blocks,feat_grid,4,1,34,dist_class2,214.0,109.0
51,feature_blocks,feat_grid,4,1,35,targ_class2,319.0,108.0
51,feature_blocks,feat_grid,4,1,36,targ_class1,-340.0,200.0
51,feature_blocks,feat_grid,4,1,37,targ_class2,-218.0,212.0
51,feature_blocks,feat_grid,4,1,38,dist_class2,-109.0,216.0
51,feature_blocks,feat_grid,4,1,39,targ_class2,-0.0,207.0
51,feature_blocks,feat_grid,4,1,40,dist_class2,116.0,210.0
51,feature_blocks,feat_grid,4,1,41,dist_class1,213.0,233.0
51,feature_blocks,feat_grid,4,1,42,dist_class2,308.0,223.0
51,feature_blocks,feat_grid,4,1,43,targ_class1,-327.0,335.0
51,feature_blocks,feat_grid,4,1,44,dist_class2,-214.0,333.0
51,feature_blocks,feat_grid,4,1,45,dist_class1,-114.0,326.0
51,feature_blocks,feat_grid,4,1,46,dist_class1,9.0,328.0
51,feature_blocks,feat_grid,4,1,47,targ_class1,115.0,317.0
51,feature_blocks,feat_grid,4,1,48,dist_class1,227.0,324.0
51,feature_blocks,feat_grid,4,1,49,targ_class1,320.0,318.0
51,feature_blocks,feat_uni,0,1,1,targ_class1,-5.0,-162.0
51,feature_blocks,feat_uni,0,1,2,dist_class2,228.0,-174.0
51,feature_blocks,feat_uni,0,1,3,targ_class2,-218.0,8.0
51,feature_blocks,feat_uni,0,1,4,dist_class2,40.0,-74.0
51,feature_blocks,feat_uni,0,1,5,dist_class1,-10.0,-350.0
51,feature_blocks,feat_uni,0,1,6,dist_class2,367.0,-166.0
51,feature_blocks,feat_uni,0,1,7,dist_class1,101.0,-347.0
51,feature_blocks,feat_uni,0,1,8,targ_class2,3.0,211.0
51,feature_blocks,feat_uni,0,1,9,dist_class1,256.0,295.0
51,feature_blocks,feat_uni,0,1,10,targ_class2,-276.0,-250.0
51,feature_blocks,feat_uni,0,1,11,dist_class2,164.0,28.0
51,feature_blocks,feat_uni,0,1,12,dist_class1,-219.0,118.0
51,feature_blocks,feat_uni,0,1,13,dist_class2,-337.0,336.0
51,feature_blocks,feat_uni,0,1,14,dist_class2,67.0,-221.0
51,feature_blocks,feat_uni,0,1,15,dist_class1,-336.0,226.0
51,feature_blocks,feat_uni,0,1,16,targ_class1,35.0,28.0
51,feature_blocks,feat_uni,0,1,17,targ_class1,-305.0,69.0
51,feature_blocks,feat_uni,0,1,18,targ_class2,-28.0,-92.0
51,feature_blocks,feat_uni,0,1,19,dist_class2,-134.0,-139.0
51,feature_blocks,feat_uni,0,1,20,targ_class2,-101.0,-93.0
51,feature_blocks,feat_uni,0,1,21,targ_class2,176.0,-152.0
51,feature_blocks,feat_uni,0,1,22,dist_class1,93.0,195.0
51,feature_blocks,feat_uni,0,1,23,dist_class2,-49.0,231.0
51,feature_blocks,feat_uni,0,1,24,targ_class2,299.0,-194.0
51,feature_blocks,feat_uni,0,1,25,dist_class2,-336.0,-91.0
51,feature_blocks,feat_uni,0,1,26,dist_class2,-245.0,-203.0
51,feature_blocks,feat_uni,0,1,27,dist_class2,317.0,-141.0
51,feature_blocks,feat_uni,0,1,28,targ_class1,-277.0,5.0
51,feature_blocks,feat_uni,0,1,29,targ_class2,178.0,198.0
51,feature_blocks,feat_uni,0,1,30,targ_class1,140.0,157.0
51,feature_blocks,feat_uni,0,1,31,targ_class2,-223.0,229.0
51,feature_blocks,feat_uni,0,1,32,dist_class2,28.0,-261.0
51,feature_blocks,feat_uni,0,1,33,dist_class1,-364.0,-42.0
51,feature_blocks,feat_uni,0,1,34,targ_class1,290.0,116.0
51,feature_blocks,feat_uni,0,1,35,dist_class1,46.0,-348.0
51,feature_blocks,feat_uni,0,1,36,targ_class1,139.0,-80.0
51,feature_blocks,feat_uni,0,1,37,targ_class1,-65.0,-359.0
51,feature_blocks,feat_uni,0,1,38,dist_class2,-224.0,173.0
51,feature_blocks,feat_uni,0,1,39,targ_class1,-122.0,-223.0
51,feature_blocks,feat_uni,0,1,40,targ_class2,133.0,101.0
51,feature_blocks,feat_uni,0,1,41,dist_class1,-234.0,-46.0
51,feature_blocks,feat_uni,0,1,42,targ_class1,84.0,73.0
51,feature_blocks,feat_uni,0,1,43,targ_class1,213.0,84.0
51,feature_blocks,feat_uni,0,1,44,targ_class1,52.0,321.0
51,feature_blocks,feat_uni,0,1,45,targ_class2,-334.0,-172.0
51,feature_blocks,feat_uni,0,1,46,dist_class1,198.0,139.0
51,feature_blocks,feat_uni,0,1,47,dist_class1,273.0,39.0
51,feature_blocks,feat_uni,0,1,48,dist_class1,-287.0,-63.0
51,feature_blocks,feat_uni,0,1,49,targ_class2,-179.0,-230.0
51,feature_blocks,feat_grid,0,1,1,targ_class1,-331.0,-305.0
51,feature_blocks,feat_grid,0,1,2,dist_class1,-218.0,-321.0
51,feature_blocks,feat_grid,0,1,3,dist_class1,-113.0,-327.0
51,feature_blocks,feat_grid,0,1,4,dist_class2,-14.0,-330.0
51,feature_blocks,feat_grid,0,1,5,targ_class2,109.0,-333.0
51,feature_blocks,feat_grid,0,1,6,dist_class1,200.0,-338.0
51,feature_blocks,feat_grid,0,1,7,targ_class1,332.0,-322.0
51,feature_blocks,feat_grid,0,1,8,targ_class2,-358.0,-196.0
51,feature_blocks,feat_grid,0,1,9,targ_class1,-219.0,-230.0
51,feature_blocks,feat_grid,0,1,10,dist_class2,-110.0,-219.0
51,feature_blocks,feat_grid,0,1,11,targ_class1,19.0,-221.0
51,feature_blocks,feat_grid,0,1,12,targ_class1,98.0,-214.0
51,feature_blocks,feat_grid,0,1,13,dist_class2,232.0,-213.0
51,feature_blocks,feat_grid,0,1,14,targ_class2,327.0,-220.0
51,feature_blocks,feat_grid,0,1,15,dist_class2,-332.0,-110.0
51,feature_blocks,feat_grid,0,1,16,dist_class2,-200.0,-99.0
51,feature_blocks,feat_grid,0,1,17,targ_class1,-94.0,-100.0
51,feature_blocks,feat_grid,0,1,18,dist_class2,-3.0,-112.0
51,feature_blocks,feat_grid,0,1,19,dist_class1,117.0,-117.0
51,feature_blocks,feat_grid,0,1,20,dist_class1,218.0,-92.0
51,feature_blocks,feat_grid,0,1,21,targ_class1,317.0,-106.0
51,feature_blocks,feat_grid,0,1,22,targ_class2,-324.0,-6.0
51,feature_blocks,feat_grid,0,1,23,dist_class1,-217.0,3.0
51,feature_blocks,feat_grid,0,1,24,targ_class2,-84.0,24.0
51,feature_blocks,feat_grid,0,1,25,targ_class2,-5.0,16.0
51,feature_blocks,feat_grid,0,1,26,targ_class2,122.0,-6.0
51,feature_blocks,feat_grid,0,1,27,dist_class2,210.0,7.0
51,feature_blocks,feat_grid,0,1,28,dist_class1,334.0,6.0
51,feature_blocks,feat_grid,0,1,29,targ_class2,-320.0,111.0
51,feature_blocks,feat_grid,0,1,30,targ_class1,-217.0,122.0
51,feature_blocks,feat_grid,0,1,31,targ_class1,-107.0,118.0
51,feature_blocks,feat_grid,0,1,32,dist_class1,10.0,116.0
51,feature_blocks,feat_grid,0,1,33,targ_class2,103.0,105.0
51,feature_blocks,feat_grid,0,1,34,dist_class2,225.0,116.0
51,feature_blocks,feat_grid,0,1,35,targ_class1,331.0,95.0
51,feature_blocks,feat_grid,0,1,36,dist_class2,-341.0,191.0
51,feature_blocks,feat_grid,0,1,37,targ_class2,-211.0,209.0
51,feature_blocks,feat_grid,0,1,38,dist_class1,-101.0,209.0
51,feature_blocks,feat_grid,0,1,39,dist_class1,-11.0,247.0
51,feature_blocks,feat_grid,0,1,40,dist_class1,133.0,226.0
51,feature_blocks,feat_grid,0,1,41,targ_class1,212.0,213.0
51,feature_blocks,feat_grid,0,1,42,dist_class2,338.0,197.0
51,feature_blocks,feat_grid,0,1,43,dist_class2,-315.0,331.0
51,feature_blocks,feat_grid,0,1,44,dist_class2,-215.0,323.0
51,feature_blocks,feat_grid,0,1,45,targ_class2,-112.0,333.0
51,feature_blocks,feat_grid,0,1,46,dist_class1,6.0,330.0
51,feature_blocks,feat_grid,0,1,47,targ_class2,112.0,323.0
51,feature_blocks,feat_grid,0,1,48,dist_class2,236.0,324.0
51,feature_blocks,feat_grid,0,1,49,targ_class1,302.0,319.0
51,feature_blocks,feat_rot,2,1,1,targ_class2,-17.0,-465.0
51,feature_blocks,feat_rot,2,1,2,dist_class2,81.0,-352.0
51,feature_blocks,feat_rot,2,1,3,targ_class1,135.0,-295.0
51,feature_blocks,feat_rot,2,1,4,dist_class1,247.0,-225.0
51,feature_blocks,feat_rot,2,1,5,dist_class1,290.0,-153.0
51,feature_blocks,feat_rot,2,1,6,targ_class1,367.0,-73.0
51,feature_blocks,feat_rot,2,1,7,dist_class1,478.0,4.0
51,feature_blocks,feat_rot,2,1,8,dist_class2,-67.0,-380.0
51,feature_blocks,feat_rot,2,1,9,targ_class2,-20.0,-313.0
51,feature_blocks,feat_rot,2,1,10,targ_class2,74.0,-229.0
51,feature_blocks,feat_rot,2,1,11,dist_class2,152.0,-152.0
51,feature_blocks,feat_rot,2,1,12,dist_class1,224.0,-62.0
51,feature_blocks,feat_rot,2,1,13,targ_class2,293.0,7.0
51,feature_blocks,feat_rot,2,1,14,dist_class1,396.0,77.0
51,feature_blocks,feat_rot,2,1,15,targ_class2,-161.0,-317.0
51,feature_blocks,feat_rot,2,1,16,dist_class2,-90.0,-239.0
51,feature_blocks,feat_rot,2,1,17,targ_class1,-3.0,-152.0
51,feature_blocks,feat_rot,2,1,18,targ_class2,63.0,-87.0
51,feature_blocks,feat_rot,2,1,19,targ_class2,148.0,15.0
51,feature_blocks,feat_rot,2,1,20,targ_class2,236.0,70.0
51,feature_blocks,feat_rot,2,1,21,dist_class2,326.0,161.0
51,feature_blocks,feat_rot,2,1,22,targ_class1,-238.0,-225.0
51,feature_blocks,feat_rot,2,1,23,targ_class1,-161.0,-152.0
51,feature_blocks,feat_rot,2,1,24,targ_class2,-83.0,-88.0
51,feature_blocks,feat_rot,2,1,25,targ_class2,9.0,-6.0
51,feature_blocks,feat_rot,2,1,26,dist_class2,75.0,68.0
51,feature_blocks,feat_rot,2,1,27,dist_class2,146.0,141.0
51,feature_blocks,feat_rot,2,1,28,dist_class2,223.0,220.0
51,feature_blocks,feat_rot,2,1,29,dist_class2,-300.0,-153.0
51,feature_blocks,feat_rot,2,1,30,targ_class1,-243.0,-61.0
51,feature_blocks,feat_rot,2,1,31,targ_class1,-157.0,0.0
51,feature_blocks,feat_rot,2,1,32,targ_class1,-80.0,70.0
51,feature_blocks,feat_rot,2,1,33,dist_class1,8.0,171.0
51,feature_blocks,feat_rot,2,1,34,dist_class2,58.0,257.0
51,feature_blocks,feat_rot,2,1,35,targ_class1,141.0,308.0
51,feature_blocks,feat_rot,2,1,36,targ_class2,-395.0,-88.0
51,feature_blocks,feat_rot,2,1,37,targ_class1,-299.0,-2.0
51,feature_blocks,feat_rot,2,1,38,dist_class1,-228.0,77.0
51,feature_blocks,feat_rot,2,1,39,targ_class1,-140.0,147.0
51,feature_blocks,feat_rot,2,1,40,targ_class1,-59.0,231.0
51,feature_blocks,feat_rot,2,1,41,dist_class2,1.0,305.0
51,feature_blocks,feat_rot,2,1,42,dist_class1,83.0,369.0
51,feature_blocks,feat_rot,2,1,43,dist_class2,-465.0,11.0
51,feature_blocks,feat_rot,2,1,44,dist_class1,-397.0,71.0
51,feature_blocks,feat_rot,2,1,45,dist_class1,-303.0,142.0
51,feature_blocks,feat_rot,2,1,46,targ_class2,-226.0,224.0
51,feature_blocks,feat_rot,2,1,47,dist_class1,-136.0,299.0
51,feature_blocks,feat_rot,2,1,48,dist_class1,-84.0,363.0
51,feature_blocks,feat_rot,2,1,49,dist_class2,7.0,461.0
51,feature_blocks,feat_rot,4,1,1,dist_class1,20.0,-456.0
51,feature_blocks,feat_rot,4,1,2,targ_class2,76.0,-373.0
51,feature_blocks,feat_rot,4,1,3,targ_class2,154.0,-317.0
51,feature_blocks,feat_rot,4,1,4,targ_class2,238.0,-233.0
51,feature_blocks,feat_rot,4,1,5,targ_class1,315.0,-154.0
51,feature_blocks,feat_rot,4,1,6,targ_class1,396.0,-72.0
51,feature_blocks,feat_rot,4,1,7,dist_class2,478.0,1.0
51,feature_blocks,feat_rot,4,1,8,dist_class1,-86.0,-383.0
51,feature_blocks,feat_rot,4,1,9,targ_class2,-2.0,-314.0
51,feature_blocks,feat_rot,4,1,10,dist_class1,72.0,-218.0
51,feature_blocks,feat_rot,4,1,11,dist_class2,142.0,-139.0
51,feature_blocks,feat_rot,4,1,12,targ_class2,221.0,-82.0
51,feature_blocks,feat_rot,4,1,13,targ_class1,296.0,-24.0
51,feature_blocks,feat_rot,4,1,14,dist_class1,372.0,65.0
51,feature_blocks,feat_rot,4,1,15,dist_class2,-141.0,-320.0
51,feature_blocks,feat_rot,4,1,16,targ_class1,-82.0,-240.0
51,feature_blocks,feat_rot,4,1,17,dist_class1,-2.0,-164.0
51,feature_blocks,feat_rot,4,1,18,targ_class1,56.0,-76.0
51,feature_blocks,feat_rot,4,1,19,targ_class2,153.0,0.0
51,feature_blocks,feat_rot,4,1,20,targ_class2,221.0,76.0
51,feature_blocks,feat_rot,4,1,21,targ_class2,292.0,157.0
51,feature_blocks,feat_rot,4,1,22,dist_class2,-213.0,-232.0
51,feature_blocks,feat_rot,4,1,23,targ_class2,-147.0,-156.0
51,feature_blocks,feat_rot,4,1,24,dist_class2,-92.0,-82.0
51,feature_blocks,feat_rot,4,1,25,targ_class1,-8.0,0.0
51,feature_blocks,feat_rot,4,1,26,dist_class1,85.0,71.0
51,feature_blocks,feat_rot,4,1,27,dist_class1,141.0,147.0
51,feature_blocks,feat_rot,4,1,28,dist_class2,230.0,222.0
51,feature_blocks,feat_rot,4,1,29,targ_class1,-320.0,-152.0
51,feature_blocks,feat_rot,4,1,30,dist_class1,-240.0,-95.0
51,feature_blocks,feat_rot,4,1,31,dist_class2,-137.0,-8.0
51,feature_blocks,feat_rot,4,1,32,targ_class1,-77.0,76.0
51,feature_blocks,feat_rot,4,1,33,dist_class2,6.0,156.0
51,feature_blocks,feat_rot,4,1,34,dist_class2,80.0,219.0
51,feature_blocks,feat_rot,4,1,35,targ_class1,153.0,303.0
51,feature_blocks,feat_rot,4,1,36,dist_class2,-376.0,-92.0
51,feature_blocks,feat_rot,4,1,37,dist_class1,-294.0,-1.0
51,feature_blocks,feat_rot,4,1,38,targ_class1,-223.0,66.0
51,feature_blocks,feat_rot,4,1,39,dist_class1,-164.0,170.0
51,feature_blocks,feat_rot,4,1,40,dist_class1,-89.0,224.0
51,feature_blocks,feat_rot,4,1,41,targ_class1,-5.0,304.0
51,feature_blocks,feat_rot,4,1,42,dist_class2,92.0,381.0
51,feature_blocks,feat_rot,4,1,43,targ_class1,-448.0,-15.0
51,feature_blocks,feat_rot,4,1,44,targ_class2,-363.0,72.0
51,feature_blocks,feat_rot,4,1,45,dist_class1,-295.0,149.0
51,feature_blocks,feat_rot,4,1,46,targ_class2,-228.0,231.0
51,feature_blocks,feat_rot,4,1,47,dist_class2,-143.0,309.0
51,feature_blocks,feat_rot,4,1,48,dist_class2,-93.0,374.0
51,feature_blocks,feat_rot,4,1,49,targ_class2,17.0,467.0
51,feature_blocks,feat_grid,3,1,1,dist_class2,-313.0,-317.0
51,feature_blocks,feat_grid,3,1,2,targ_class2,-227.0,-324.0
51,feature_blocks,feat_grid,3,1,3,targ_class1,-118.0,-317.0
51,feature_blocks,feat_grid,3,1,4,targ_class1,1.0,-313.0
51,feature_blocks,feat_grid,3,1,5,targ_class1,115.0,-323.0
51,feature_blocks,feat_grid,3,1,6,targ_class2,207.0,-325.0
51,feature_blocks,feat_grid,3,1,7,dist_class1,331.0,-317.0
51,feature_blocks,feat_grid,3,1,8,dist_class2,-323.0,-195.0
51,feature_blocks,feat_grid,3,1,9,targ_class1,-212.0,-203.0
51,feature_blocks,feat_grid,3,1,10,targ_class2,-90.0,-211.0
51,feature_blocks,feat_grid,3,1,11,dist_class2,-8.0,-222.0
51,feature_blocks,feat_grid,3,1,12,dist_class1,117.0,-216.0
51,feature_blocks,feat_grid,3,1,13,targ_class2,202.0,-229.0
51,feature_blocks,feat_grid,3,1,14,targ_class1,307.0,-226.0
51,feature_blocks,feat_grid,3,1,15,dist_class2,-328.0,-119.0
51,feature_blocks,feat_grid,3,1,16,targ_class2,-220.0,-113.0
51,feature_blocks,feat_grid,3,1,17,dist_class1,-106.0,-119.0
51,feature_blocks,feat_grid,3,1,18,targ_class1,2.0,-101.0
51,feature_blocks,feat_grid,3,1,19,targ_class2,115.0,-105.0
51,feature_blocks,feat_grid,3,1,20,targ_class1,210.0,-111.0
51,feature_blocks,feat_grid,3,1,21,targ_class2,346.0,-99.0
51,feature_blocks,feat_grid,3,1,22,dist_class1,-332.0,-12.0
51,feature_blocks,feat_grid,3,1,23,dist_class2,-219.0,6.0
51,feature_blocks,feat_grid,3,1,24,targ_class1,-114.0,6.0
51,feature_blocks,feat_grid,3,1,25,dist_class2,18.0,-15.0
51,feature_blocks,feat_grid,3,1,26,dist_class2,119.0,-7.0
51,feature_blocks,feat_grid,3,1,27,dist_class1,217.0,0.0
51,feature_blocks,feat_grid,3,1,28,dist_class2,337.0,1.0
51,feature_blocks,feat_grid,3,1,29,targ_class2,-318.0,107.0
51,feature_blocks,feat_grid,3,1,30,targ_class2,-217.0,110.0
51,feature_blocks,feat_grid,3,1,31,dist_class2,-107.0,129.0
51,feature_blocks,feat_grid,3,1,32,dist_class1,14.0,99.0
51,feature_blocks,feat_grid,3,1,33,targ_class2,100.0,118.0
51,feature_blocks,feat_grid,3,1,34,dist_class1,203.0,76.0
51,feature_blocks,feat_grid,3,1,35,dist_class2,335.0,111.0
51,feature_blocks,feat_grid,3,1,36,targ_class1,-334.0,221.0
51,feature_blocks,feat_grid,3,1,37,targ_class1,-206.0,213.0
51,feature_blocks,feat_grid,3,1,38,targ_class1,-119.0,212.0
51,feature_blocks,feat_grid,3,1,39,dist_class1,28.0,218.0
51,feature_blocks,feat_grid,3,1,40,targ_class1,114.0,200.0
51,feature_blocks,feat_grid,3,1,41,targ_class2,210.0,231.0
51,feature_blocks,feat_grid,3,1,42,dist_class1,316.0,223.0
51,feature_blocks,feat_grid,3,1,43,targ_class2,-328.0,323.0
51,feature_blocks,feat_grid,3,1,44,dist_class2,-220.0,314.0
51,feature_blocks,feat_grid,3,1,45,dist_class1,-98.0,301.0
51,feature_blocks,feat_grid,3,1,46,dist_class2,-17.0,329.0
51,feature_blocks,feat_grid,3,1,47,dist_class1,104.0,330.0
51,feature_blocks,feat_grid,3,1,48,dist_class1,219.0,334.0
51,feature_blocks,feat_grid,3,1,49,dist_class2,334.0,329.0
51,feature_blocks,feat_uni,4,1,1,targ_class2,7.0,102.0
51,feature_blocks,feat_uni,4,1,2,dist_class1,259.0,-193.0
51,feature_blocks,feat_uni,4,1,3,targ_class2,352.0,167.0
51,feature_blocks,feat_uni,4,1,4,targ_class1,-5.0,-26.0
51,feature_blocks,feat_uni,4,1,5,dist_class1,-338.0,47.0
51,feature_blocks,feat_uni,4,1,6,dist_class2,-57.0,4.0
51,feature_blocks,feat_uni,4,1,7,dist_class1,321.0,66.0
51,feature_blocks,feat_uni,4,1,8,dist_class2,-150.0,-152.0
51,feature_blocks,feat_uni,4,1,9,dist_class2,311.0,206.0
51,feature_blocks,feat_uni,4,1,10,dist_class1,-180.0,22.0
51,feature_blocks,feat_uni,4,1,11,targ_class1,256.0,217.0
51,feature_blocks,feat_uni,4,1,12,targ_class2,-284.0,-331.0
51,feature_blocks,feat_uni,4,1,13,targ_class2,214.0,-290.0
51,feature_blocks,feat_uni,4,1,14,targ_class2,-338.0,-356.0
51,feature_blocks,feat_uni,4,1,15,targ_class1,100.0,356.0
51,feature_blocks,feat_uni,4,1,16,targ_class2,-53.0,-55.0
51,feature_blocks,feat_uni,4,1,17,targ_class2,-126.0,-102.0
51,feature_blocks,feat_uni,4,1,18,dist_class2,314.0,-329.0
51,feature_blocks,feat_uni,4,1,19,dist_class2,-238.0,369.0
51,feature_blocks,feat_uni,4,1,20,dist_class1,-183.0,322.0
51,feature_blocks,feat_uni,4,1,21,dist_class2,167.0,-127.0
51,feature_blocks,feat_uni,4,1,22,targ_class1,371.0,-333.0
51,feature_blocks,feat_uni,4,1,23,dist_class1,346.0,-259.0
51,feature_blocks,feat_uni,4,1,24,targ_class2,45.0,-52.0
51,feature_blocks,feat_uni,4,1,25,dist_class1,-354.0,-283.0
51,feature_blocks,feat_uni,4,1,26,dist_class2,-99.0,-337.0
51,feature_blocks,feat_uni,4,1,27,targ_class1,-125.0,9.0
51,feature_blocks,feat_uni,4,1,28,targ_class1,242.0,-23.0
51,feature_blocks,feat_uni,4,1,29,dist_class2,221.0,-111.0
51,feature_blocks,feat_uni,4,1,30,dist_class2,-153.0,-249.0
51,feature_blocks,feat_uni,4,1,31,targ_class2,-360.0,240.0
51,feature_blocks,feat_uni,4,1,32,dist_class1,-129.0,-47.0
51,feature_blocks,feat_uni,4,1,33,dist_class1,310.0,-216.0
51,feature_blocks,feat_uni,4,1,34,dist_class2,-98.0,-175.0
51,feature_blocks,feat_uni,4,1,35,targ_class2,-330.0,103.0
51,feature_blocks,feat_uni,4,1,36,dist_class1,-291.0,271.0
51,feature_blocks,feat_uni,4,1,37,targ_class1,171.0,127.0
51,feature_blocks,feat_uni,4,1,38,targ_class1,-214.0,-24.0
51,feature_blocks,feat_uni,4,1,39,dist_class2,-331.0,192.0
51,feature_blocks,feat_uni,4,1,40,dist_class1,-153.0,-322.0
51,feature_blocks,feat_uni,4,1,41,targ_class1,142.0,79.0
51,feature_blocks,feat_uni,4,1,42,targ_class1,-367.0,147.0
51,feature_blocks,feat_uni,4,1,43,targ_class1,155.0,-287.0
51,feature_blocks,feat_uni,4,1,44,dist_class2,320.0,-161.0
51,feature_blocks,feat_uni,4,1,45,targ_class1,-279.0,332.0
51,feature_blocks,feat_uni,4,1,46,dist_class2,19.0,-348.0
51,feature_blocks,feat_uni,4,1,47,targ_class2,47.0,337.0
51,feature_blocks,feat_uni,4,1,48,dist_class1,-31.0,241.0
51,feature_blocks,feat_uni,4,1,49,targ_class2,139.0,173.0
51,feature_blocks,feat_uni,2,1,1,targ_class1,238.0,321.0
51,feature_blocks,feat_uni,2,1,2,targ_class1,292.0,282.0
51,feature_blocks,feat_uni,2,1,3,targ_class1,157.0,-286.0
51,feature_blocks,feat_uni,2,1,4,dist_class1,-235.0,270.0
51,feature_blocks,feat_uni,2,1,5,targ_class2,-123.0,234.0
51,feature_blocks,feat_uni,2,1,6,targ_class1,-125.0,-364.0
51,feature_blocks,feat_uni,2,1,7,dist_class2,18.0,126.0
51,feature_blocks,feat_uni,2,1,8,targ_class1,-31.0,-150.0
51,feature_blocks,feat_uni,2,1,9,targ_class1,181.0,279.0
51,feature_blocks,feat_uni,2,1,10,dist_class1,-217.0,324.0
51,feature_blocks,feat_uni,2,1,11,dist_class2,39.0,178.0
51,feature_blocks,feat_uni,2,1,12,dist_class2,-361.0,-341.0
51,feature_blocks,feat_uni,2,1,13,dist_class2,-12.0,203.0
51,feature_blocks,feat_uni,2,1,14,dist_class1,-64.0,-19.0
51,feature_blocks,feat_uni,2,1,15,dist_class2,106.0,110.0
51,feature_blocks,feat_uni,2,1,16,dist_class1,-298.0,179.0
51,feature_blocks,feat_uni,2,1,17,targ_class2,260.0,24.0
51,feature_blocks,feat_uni,2,1,18,dist_class2,-335.0,-291.0
51,feature_blocks,feat_uni,2,1,19,targ_class2,275.0,91.0
51,feature_blocks,feat_uni,2,1,20,targ_class1,274.0,-337.0
51,feature_blocks,feat_uni,2,1,21,dist_class2,-311.0,-155.0
51,feature_blocks,feat_uni,2,1,22,dist_class1,79.0,-35.0
51,feature_blocks,feat_uni,2,1,23,targ_class2,-81.0,42.0
51,feature_blocks,feat_uni,2,1,24,targ_class2,-9.0,77.0
51,feature_blocks,feat_uni,2,1,25,dist_class2,212.0,-168.0
51,feature_blocks,feat_uni,2,1,26,dist_class2,-28.0,258.0
51,feature_blocks,feat_uni,2,1,27,targ_class1,-206.0,-234.0
51,feature_blocks,feat_uni,2,1,28,targ_class2,315.0,-220.0
51,feature_blocks,feat_uni,2,1,29,dist_class1,167.0,122.0
51,feature_blocks,feat_uni,2,1,30,dist_class2,139.0,65.0
51,feature_blocks,feat_uni,2,1,31,dist_class1,9.0,333.0
51,feature_blocks,feat_uni,2,1,32,targ_class1,-249.0,107.0
51,feature_blocks,feat_uni,2,1,33,targ_class2,333.0,77.0
51,feature_blocks,feat_uni,2,1,34,targ_class2,-97.0,183.0
51,feature_blocks,feat_uni,2,1,35,dist_class1,357.0,128.0
51,feature_blocks,feat_uni,2,1,36,targ_class2,-183.0,230.0
51,feature_blocks,feat_uni,2,1,37,dist_class1,-275.0,-320.0
51,feature_blocks,feat_uni,2,1,38,targ_class2,55.0,-86.0
51,feature_blocks,feat_uni,2,1,39,targ_class1,218.0,-284.0
51,feature_blocks,feat_uni,2,1,40,targ_class1,-243.0,164.0
51,feature_blocks,feat_uni,2,1,41,targ_class2,-295.0,269.0
51,feature_blocks,feat_uni,2,1,42,dist_class2,205.0,-229.0
51,feature_blocks,feat_uni,2,1,43,dist_class1,-147.0,-44.0
51,feature_blocks,feat_uni,2,1,44,dist_class2,-155.0,-209.0
51,feature_blocks,feat_uni,2,1,45,dist_class2,179.0,-52.0
51,feature_blocks,feat_uni,2,1,46,dist_class1,-132.0,-307.0
51,feature_blocks,feat_uni,2,1,47,targ_class1,-321.0,-224.0
51,feature_blocks,feat_uni,2,1,48,dist_class1,-34.0,-211.0
51,feature_blocks,feat_uni,2,1,49,targ_class2,217.0,86.0
51,feature_blocks,feat_grid,1,1,1,dist_class2,-317.0,-319.0
51,feature_blocks,feat_grid,1,1,2,targ_class1,-223.0,-337.0
51,feature_blocks,feat_grid,1,1,3,dist_class1,-96.0,-322.0
51,feature_blocks,feat_grid,1,1,4,targ_class2,9.0,-306.0
51,feature_blocks,feat_grid,1,1,5,dist_class2,103.0,-327.0
51,feature_blocks,feat_grid,1,1,6,targ_class2,217.0,-330.0
51,feature_blocks,feat_grid,1,1,7,dist_class2,313.0,-326.0
51,feature_blocks,feat_grid,1,1,8,dist_class1,-323.0,-228.0
51,feature_blocks,feat_grid,1,1,9,dist_class1,-217.0,-228.0
51,feature_blocks,feat_grid,1,1,10,targ_class1,-97.0,-220.0
51,feature_blocks,feat_grid,1,1,11,dist_class1,27.0,-211.0
51,feature_blocks,feat_grid,1,1,12,targ_class2,118.0,-207.0
51,feature_blocks,feat_grid,1,1,13,targ_class1,207.0,-206.0
51,feature_blocks,feat_grid,1,1,14,targ_class2,323.0,-219.0
51,feature_blocks,feat_grid,1,1,15,targ_class2,-319.0,-97.0
51,feature_blocks,feat_grid,1,1,16,dist_class1,-218.0,-105.0
51,feature_blocks,feat_grid,1,1,17,dist_class1,-117.0,-118.0
51,feature_blocks,feat_grid,1,1,18,dist_class2,-13.0,-117.0
51,feature_blocks,feat_grid,1,1,19,targ_class1,113.0,-117.0
51,feature_blocks,feat_grid,1,1,20,dist_class1,224.0,-100.0
51,feature_blocks,feat_grid,1,1,21,targ_class2,332.0,-103.0
51,feature_blocks,feat_grid,1,1,22,targ_class2,-325.0,-4.0
51,feature_blocks,feat_grid,1,1,23,targ_class2,-222.0,-1.0
51,feature_blocks,feat_grid,1,1,24,dist_class1,-105.0,-23.0
51,feature_blocks,feat_grid,1,1,25,targ_class1,-6.0,-15.0
51,feature_blocks,feat_grid,1,1,26,dist_class2,115.0,9.0
51,feature_blocks,feat_grid,1,1,27,targ_class2,228.0,-12.0
51,feature_blocks,feat_grid,1,1,28,targ_class1,317.0,-1.0
51,feature_blocks,feat_grid,1,1,29,dist_class2,-334.0,106.0
51,feature_blocks,feat_grid,1,1,30,targ_class1,-213.0,105.0
51,feature_blocks,feat_grid,1,1,31,targ_class2,-98.0,114.0
51,feature_blocks,feat_grid,1,1,32,targ_class1,2.0,112.0
51,feature_blocks,feat_grid,1,1,33,targ_class2,91.0,98.0
51,feature_blocks,feat_grid,1,1,34,targ_class1,209.0,96.0
51,feature_blocks,feat_grid,1,1,35,dist_class2,342.0,90.0
51,feature_blocks,feat_grid,1,1,36,dist_class1,-314.0,204.0
51,feature_blocks,feat_grid,1,1,37,dist_class2,-203.0,228.0
51,feature_blocks,feat_grid,1,1,38,dist_class2,-113.0,218.0
51,feature_blocks,feat_grid,1,1,39,dist_class2,-12.0,207.0
51,feature_blocks,feat_grid,1,1,40,dist_class1,113.0,215.0
51,feature_blocks,feat_grid,1,1,41,dist_class1,222.0,224.0
51,feature_blocks,feat_grid,1,1,42,targ_class1,336.0,219.0
51,feature_blocks,feat_grid,1,1,43,targ_class1,-327.0,327.0
51,feature_blocks,feat_grid,1,1,44,dist_class2,-215.0,315.0
51,feature_blocks,feat_grid,1,1,45,dist_class2,-110.0,329.0
51,feature_blocks,feat_grid,1,1,46,dist_class2,-0.0,317.0
51,feature_blocks,feat_grid,1,1,47,targ_class1,114.0,317.0
51,feature_blocks,feat_grid,1,1,48,targ_class2,236.0,329.0
51,feature_blocks,feat_grid,1,1,49,dist_class1,326.0,333.0
51,prac2_conj,conj_grid,1,1,1,targ_class1,-331.0,-327.0
51,prac2_conj,conj_grid,1,1,2,targ_class2,-213.0,-326.0
51,prac2_conj,conj_grid,1,1,3,dist_class2,-109.0,-325.0
51,prac2_conj,conj_grid,1,1,4,targ_class1,6.0,-333.0
51,prac2_conj,conj_grid,1,1,5,targ_class2,93.0,-350.0
51,prac2_conj,conj_grid,1,1,6,dist_class2,219.0,-329.0
51,prac2_conj,conj_grid,1,1,7,targ_class1,326.0,-318.0
51,prac2_conj,conj_grid,1,1,8,targ_class2,-309.0,-215.0
51,prac2_conj,conj_grid,1,1,9,dist_class1,-223.0,-202.0
51,prac2_conj,conj_grid,1,1,10,dist_class1,-89.0,-211.0
51,prac2_conj,conj_grid,1,1,11,dist_class2,-3.0,-211.0
51,prac2_conj,conj_grid,1,1,12,dist_class2,106.0,-208.0
51,prac2_conj,conj_grid,1,1,13,targ_class1,222.0,-212.0
51,prac2_conj,conj_grid,1,1,14,targ_class2,334.0,-210.0
51,prac2_conj,conj_grid,1,1,15,dist_class1,-323.0,-111.0
51,prac2_conj,conj_grid,1,1,16,targ_class1,-225.0,-102.0
51,prac2_conj,conj_grid,1,1,17,targ_class1,-107.0,-110.0
51,prac2_conj,conj_grid,1,1,18,targ_class2,-15.0,-108.0
51,prac2_conj,conj_grid,1,1,19,dist_class1,96.0,-113.0
51,prac2_conj,conj_grid,1,1,20,dist_class1,192.0,-126.0
51,prac2_conj,conj_grid,1,1,21,targ_class1,331.0,-96.0
51,prac2_conj,conj_grid,1,1,22,dist_class1,-306.0,-4.0
51,prac2_conj,conj_grid,1,1,23,targ_class2,-218.0,9.0
51,prac2_conj,conj_grid,1,1,24,dist_class2,-116.0,-3.0
51,prac2_conj,conj_grid,1,1,25,targ_class2,-2.0,-10.0
51,prac2_conj,conj_grid,1,1,26,dist_class2,109.0,3.0
51,prac2_conj,conj_grid,1,1,27,targ_class1,215.0,-5.0
51,prac2_conj,conj_grid,1,1,28,dist_class2,333.0,2.0
51,prac2_conj,conj_grid,1,1,29,dist_class2,-322.0,109.0
51,prac2_conj,conj_grid,1,1,30,targ_class2,-222.0,117.0
51,prac2_conj,conj_grid,1,1,31,targ_class1,-114.0,107.0
51,prac2_conj,conj_grid,1,1,32,dist_class2,7.0,99.0
51,prac2_conj,conj_grid,1,1,33,targ_class2,130.0,131.0
51,prac2_conj,conj_grid,1,1,34,targ_class2,219.0,110.0
51,prac2_conj,conj_grid,1,1,35,dist_class2,309.0,106.0
51,prac2_conj,conj_grid,1,1,36,targ_class1,-328.0,207.0
51,prac2_conj,conj_grid,1,1,37,dist_class1,-209.0,211.0
51,prac2_conj,conj_grid,1,1,38,dist_class1,-115.0,234.0
51,prac2_conj,conj_grid,1,1,39,targ_class1,15.0,224.0
51,prac2_conj,conj_grid,1,1,40,dist_class1,98.0,213.0
51,prac2_conj,conj_grid,1,1,41,targ_class2,225.0,208.0
51,prac2_conj,conj_grid,1,1,42,dist_class2,326.0,191.0
51,prac2_conj,conj_grid,1,1,43,dist_class2,-322.0,325.0
51,prac2_conj,conj_grid,1,1,44,dist_class2,-203.0,340.0
51,prac2_conj,conj_grid,1,1,45,targ_class2,-114.0,301.0
51,prac2_conj,conj_grid,1,1,46,dist_class1,-9.0,325.0
51,prac2_conj,conj_grid,1,1,47,dist_class1,98.0,326.0
51,prac2_conj,conj_grid,1,1,48,dist_class1,219.0,302.0
51,prac2_conj,conj_grid,1,1,49,targ_class1,336.0,327.0
51,prac2_conj,conj_grid,0,1,1,dist_class1,-321.0,-315.0
51,prac2_conj,conj_grid,0,1,2,targ_class1,-210.0,-323.0
51,prac2_conj,conj_grid,0,1,3,targ_class2,-145.0,-332.0
51,prac2_conj,conj_grid,0,1,4,dist_class1,-7.0,-328.0
51,prac2_conj,conj_grid,0,1,5,dist_class1,114.0,-328.0
51,prac2_conj,conj_grid,0,1,6,targ_class2,223.0,-308.0
51,prac2_conj,conj_grid,0,1,7,targ_class1,337.0,-340.0
51,prac2_conj,conj_grid,0,1,8,targ_class1,-317.0,-215.0
51,prac2_conj,conj_grid,0,1,9,targ_class2,-221.0,-224.0
51,prac2_conj,conj_grid,0,1,10,targ_class2,-101.0,-212.0
51,prac2_conj,conj_grid,0,1,11,dist_class1,-8.0,-213.0
51,prac2_conj,conj_grid,0,1,12,targ_class1,116.0,-218.0
51,prac2_conj,conj_grid,0,1,13,targ_class1,243.0,-227.0
51,prac2_conj,conj_grid,0,1,14,dist_class2,329.0,-207.0
51,prac2_conj,conj_grid,0,1,15,targ_class2,-319.0,-104.0
51,prac2_conj,conj_grid,0,1,16,dist_class1,-222.0,-105.0
51,prac2_conj,conj_grid,0,1,17,dist_class1,-118.0,-114.0
51,prac2_conj,conj_grid,0,1,18,targ_class2,1.0,-114.0
51,prac2_conj,conj_grid,0,1,19,dist_class2,126.0,-115.0
51,prac2_conj,conj_grid,0,1,20,dist_class1,224.0,-124.0
51,prac2_conj,conj_grid,0,1,21,targ_class1,325.0,-118.0
51,prac2_conj,conj_grid,0,1,22,targ_class1,-332.0,16.0
51,prac2_conj,conj_grid,0,1,23,targ_class2,-224.0,-6.0
51,prac2_conj,conj_grid,0,1,24,dist_class1,-105.0,13.0
51,prac2_conj,conj_grid,0,1,25,dist_class2,-1.0,15.0
51,prac2_conj,conj_grid,0,1,26,targ_class2,109.0,-15.0
51,prac2_conj,conj_grid,0,1,27,dist_class1,223.0,1.0
51,prac2_conj,conj_grid,0,1,28,dist_class2,328.0,11.0
51,prac2_conj,conj_grid,0,1,29,targ_class2,-330.0,110.0
51,prac2_conj,conj_grid,0,1,30,targ_class1,-195.0,117.0
51,prac2_conj,conj_grid,0,1,31,dist_class2,-123.0,108.0
51,prac2_conj,conj_grid,0,1,32,targ_class1,9.0,109.0
51,prac2_conj,conj_grid,0,1,33,targ_class1,103.0,108.0
51,prac2_conj,conj_grid,0,1,34,targ_class1,212.0,110.0
51,prac2_conj,conj_grid,0,1,35,dist_class2,316.0,94.0
51,prac2_conj,conj_grid,0,1,36,dist_class2,-308.0,204.0
51,prac2_conj,conj_grid,0,1,37,dist_class1,-222.0,223.0
51,prac2_conj,conj_grid,0,1,38,dist_class2,-93.0,212.0
51,prac2_conj,conj_grid,0,1,39,dist_class2,-4.0,231.0
51,prac2_conj,conj_grid,0,1,40,dist_class2,98.0,191.0
51,prac2_conj,conj_grid,0,1,41,dist_class1,233.0,234.0
51,prac2_conj,conj_grid,0,1,42,dist_class2,316.0,212.0
51,prac2_conj,conj_grid,0,1,43,targ_class1,-322.0,322.0
51,prac2_conj,conj_grid,0,1,44,targ_class2,-228.0,323.0
51,prac2_conj,conj_grid,0,1,45,dist_class2,-115.0,314.0
51,prac2_conj,conj_grid,0,1,46,dist_class1,14.0,310.0
51,prac2_conj,conj_grid,0,1,47,targ_class2,92.0,328.0
51,prac2_conj,conj_grid,0,1,48,targ_class2,219.0,334.0
51,prac2_conj,conj_grid,0,1,49,dist_class2,327.0,319.0
51,conjunction_blocks,conj_grid,4,1,1,targ_class1,-323.0,-308.0
51,conjunction_blocks,conj_grid,4,1,2,targ_class1,-208.0,-317.0
51,conjunction_blocks,conj_grid,4,1,3,targ_class2,-116.0,-334.0
51,conjunction_blocks,conj_grid,4,1,4,dist_class2,-8.0,-305.0
51,conjunction_blocks,conj_grid,4,1,5,dist_class1,100.0,-327.0
51,conjunction_blocks,conj_grid,4,1,6,targ_class1,216.0,-319.0
51,conjunction_blocks,conj_grid,4,1,7,dist_class1,333.0,-329.0
51,conjunction_blocks,conj_grid,4,1,8,dist_class2,-322.0,-228.0
51,conjunction_blocks,conj_grid,4,1,9,targ_class1,-199.0,-222.0
51,conjunction_blocks,conj_grid,4,1,10,targ_class1,-121.0,-222.0
51,conjunction_blocks,conj_grid,4,1,11,dist_class1,9.0,-212.0
51,conjunction_blocks,conj_grid,4,1,12,targ_class1,107.0,-218.0
51,conjunction_blocks,conj_grid,4,1,13,targ_class1,204.0,-226.0
51,conjunction_blocks,conj_grid,4,1,14,targ_class2,321.0,-212.0
51,conjunction_blocks,conj_grid,4,1,15,dist_class2,-332.0,-113.0
51,conjunction_blocks,conj_grid,4,1,16,targ_class1,-222.0,-97.0
51,conjunction_blocks,conj_grid,4,1,17,targ_class2,-98.0,-93.0
51,conjunction_blocks,conj_grid,4,1,18,dist_class2,-12.0,-119.0
51,conjunction_blocks,conj_grid,4,1,19,dist_class2,106.0,-97.0
51,conjunction_blocks,conj_grid,4,1,20,dist_class1,225.0,-99.0
51,conjunction_blocks,conj_grid,4,1,21,dist_class1,315.0,-111.0
51,conjunction_blocks,conj_grid,4,1,22,targ_class2,-324.0,5.0
51,conjunction_blocks,conj_grid,4,1,23,dist_class2,-231.0,8.0
51,conjunction_blocks,conj_grid,4,1,24,targ_class1,-104.0,2.0
51,conjunction_blocks,conj_grid,4,1,25,dist_class1,-3.0,-13.0
51,conjunction_blocks,conj_grid,4,1,26,targ_class2,123.0,-13.0
51,conjunction_blocks,conj_grid,4,1,27,dist_class1,210.0,14.0
51,conjunction_blocks,conj_grid,4,1,28,dist_class2,321.0,1.0
51,conjunction_blocks,conj_grid,4,1,29,targ_class1,-316.0,123.0
51,conjunction_blocks,conj_grid,4,1,30,dist_class1,-213.0,115.0
51,conjunction_blocks,conj_grid,4,1,31,dist_class2,-99.0,98.0
51,conjunction_blocks,conj_grid,4,1,32,dist_class2,-4.0,113.0
51,conjunction_blocks,conj_grid,4,1,33,dist_class2,109.0,96.0
51,conjunction_blocks,conj_grid,4,1,34,dist_class1,221.0,105.0
51,conjunction_blocks,conj_grid,4,1,35,targ_class2,321.0,96.0
51,conjunction_blocks,conj_grid,4,1,36,targ_class2,-349.0,201.0
51,conjunction_blocks,conj_grid,4,1,37,targ_class1,-203.0,205.0
51,conjunction_blocks,conj_grid,4,1,38,dist_class1,-112.0,229.0
51,conjunction_blocks,conj_grid,4,1,39,targ_class2,11.0,205.0
51,conjunction_blocks,conj_grid,4,1,40,dist_class2,98.0,214.0
51,conjunction_blocks,conj_grid,4,1,41,targ_class2,219.0,224.0
51,conjunction_blocks,conj_grid,4,1,42,dist_class2,306.0,209.0
51,conjunction_blocks,conj_grid,4,1,43,targ_class1,-327.0,315.0
51,conjunction_blocks,conj_grid,4,1,44,targ_class2,-199.0,309.0
51,conjunction_blocks,conj_grid,4,1,45,targ_class2,-102.0,320.0
51,conjunction_blocks,conj_grid,4,1,46,dist_class1,-3.0,347.0
51,conjunction_blocks,conj_grid,4,1,47,targ_class2,111.0,334.0
51,conjunction_blocks,conj_grid,4,1,48,dist_class2,219.0,335.0
51,conjunction_blocks,conj_grid,4,1,49,dist_class1,340.0,318.0
51,conjunction_blocks,conj_uni,0,1,1,targ_class2,298.0,-202.0
51,conjunction_blocks,conj_uni,0,1,2,targ_class2,-309.0,188.0
51,conjunction_blocks,conj_uni,0,1,3,dist_class2,-212.0,-42.0
51,conjunction_blocks,conj_uni,0,1,4,dist_class2,-141.0,53.0
51,conjunction_blocks,conj_uni,0,1,5,dist_class2,93.0,223.0
51,conjunction_blocks,conj_uni,0,1,6,targ_class1,147.0,-228.0
51,conjunction_blocks,conj_uni,0,1,7,targ_class2,224.0,-13.0
51,conjunction_blocks,conj_uni,0,1,8,targ_class1,214.0,265.0
51,conjunction_blocks,conj_uni,0,1,9,dist_class1,-310.0,131.0
51,conjunction_blocks,conj_uni,0,1,10,dist_class1,-136.0,117.0
51,conjunction_blocks,conj_uni,0,1,11,targ_class2,-158.0,357.0
51,conjunction_blocks,conj_uni,0,1,12,targ_class1,5.0,-18.0
51,conjunction_blocks,conj_uni,0,1,13,targ_class2,108.0,277.0
51,conjunction_blocks,conj_uni,0,1,14,targ_class1,-1.0,-251.0
51,conjunction_blocks,conj_uni,0,1,15,targ_class1,-53.0,-272.0
51,conjunction_blocks,conj_uni,0,1,16,dist_class1,149.0,100.0
51,conjunction_blocks,conj_uni,0,1,17,dist_class1,49.0,262.0
51,conjunction_blocks,conj_uni,0,1,18,dist_class1,-357.0,273.0
51,conjunction_blocks,conj_uni,0,1,19,targ_class2,-178.0,10.0
51,conjunction_blocks,conj_uni,0,1,20,dist_class1,-30.0,46.0
51,conjunction_blocks,conj_uni,0,1,21,dist_class2,79.0,-311.0
51,conjunction_blocks,conj_uni,0,1,22,dist_class2,97.0,82.0
51,conjunction_blocks,conj_uni,0,1,23,dist_class2,47.0,-65.0
51,conjunction_blocks,conj_uni,0,1,24,targ_class1,-88.0,218.0
51,conjunction_blocks,conj_uni,0,1,25,targ_class1,327.0,-283.0
51,conjunction_blocks,conj_uni,0,1,26,targ_class2,-32.0,235.0
51,conjunction_blocks,conj_uni,0,1,27,targ_class1,341.0,350.0
51,conjunction_blocks,conj_uni,0,1,28,targ_class1,-88.0,275.0
51,conjunction_blocks,conj_uni,0,1,29,targ_class2,111.0,-60.0
51,conjunction_blocks,conj_uni,0,1,30,dist_class1,84.0,-110.0
51,conjunction_blocks,conj_uni,0,1,31,dist_class1,-226.0,232.0
51,conjunction_blocks,conj_uni,0,1,32,dist_class1,-181.0,-89.0
51,conjunction_blocks,conj_uni,0,1,33,targ_class1,-251.0,-285.0
51,conjunction_blocks,conj_uni,0,1,34,dist_class2,140.0,190.0
51,conjunction_blocks,conj_uni,0,1,35,targ_class2,270.0,178.0
51,conjunction_blocks,conj_uni,0,1,36,dist_class1,311.0,55.0
51,conjunction_blocks,conj_uni,0,1,37,targ_class1,183.0,25.0
51,conjunction_blocks,conj_uni,0,1,38,dist_class2,-210.0,-172.0
51,conjunction_blocks,conj_uni,0,1,39,dist_class2,-108.0,-53.0
51,conjunction_blocks,conj_uni,0,1,40,dist_class2,41.0,72.0
51,conjunction_blocks,conj_uni,0,1,41,dist_class1,204.0,-231.0
51,conjunction_blocks,conj_uni,0,1,42,targ_class1,-129.0,-121.0
51,conjunction_blocks,conj_uni,0,1,43,dist_class2,220.0,-176.0
51,conjunction_blocks,conj_uni,0,1,44,targ_class2,41.0,203.0
51,conjunction_blocks,conj_uni,0,1,45,targ_class2,-185.0,146.0
51,conjunction_blocks,conj_uni,0,1,46,dist_class2,-276.0,-39.0
51,conjunction_blocks,conj_uni,0,1,47,dist_class2,158.0,252.0
51,conjunction_blocks,conj_uni,0,1,48,dist_class1,354.0,295.0
51,conjunction_blocks,conj_uni,0,1,49,targ_class2,189.0,-129.0
51,conjunction_blocks,conj_rot,4,1,1,targ_class1,2.0,-449.0
51,conjunction_blocks,conj_rot,4,1,2,targ_class2,67.0,-398.0
51,conjunction_blocks,conj_rot,4,1,3,targ_class2,161.0,-313.0
51,conjunction_blocks,conj_rot,4,1,4,dist_class2,235.0,-226.0
51,conjunction_blocks,conj_rot,4,1,5,dist_class2,326.0,-153.0
51,conjunction_blocks,conj_rot,4,1,6,dist_class2,374.0,-79.0
51,conjunction_blocks,conj_rot,4,1,7,dist_class2,457.0,3.0
51,conjunction_blocks,conj_rot,4,1,8,targ_class2,-77.0,-386.0
51,conjunction_blocks,conj_rot,4,1,9,targ_class1,-19.0,-308.0
51,conjunction_blocks,conj_rot,4,1,10,targ_class1,79.0,-230.0
51,conjunction_blocks,conj_rot,4,1,11,dist_class2,133.0,-144.0
51,conjunction_blocks,conj_rot,4,1,12,dist_class1,232.0,-81.0
51,conjunction_blocks,conj_rot,4,1,13,targ_class1,307.0,-10.0
51,conjunction_blocks,conj_rot,4,1,14,targ_class1,405.0,72.0
51,conjunction_blocks,conj_rot,4,1,15,dist_class2,-146.0,-299.0
51,conjunction_blocks,conj_rot,4,1,16,targ_class2,-89.0,-224.0
51,conjunction_blocks,conj_rot,4,1,17,dist_class1,3.0,-160.0
51,conjunction_blocks,conj_rot,4,1,18,dist_class2,90.0,-89.0
51,conjunction_blocks,conj_rot,4,1,19,dist_class2,163.0,-5.0
51,conjunction_blocks,conj_rot,4,1,20,dist_class1,225.0,79.0
51,conjunction_blocks,conj_rot,4,1,21,dist_class1,317.0,161.0
51,conjunction_blocks,conj_rot,4,1,22,dist_class1,-227.0,-213.0
51,conjunction_blocks,conj_rot,4,1,23,targ_class2,-153.0,-163.0
51,conjunction_blocks,conj_rot,4,1,24,targ_class2,-67.0,-82.0
51,conjunction_blocks,conj_rot,4,1,25,dist_class1,13.0,0.0
51,conjunction_blocks,conj_rot,4,1,26,targ_class2,88.0,76.0
51,conjunction_blocks,conj_rot,4,1,27,targ_class1,155.0,159.0
51,conjunction_blocks,conj_rot,4,1,28,targ_class2,242.0,235.0
51,conjunction_blocks,conj_rot,4,1,29,targ_class1,-312.0,-172.0
51,conjunction_blocks,conj_rot,4,1,30,dist_class1,-237.0,-65.0
51,conjunction_blocks,conj_rot,4,1,31,targ_class2,-134.0,-10.0
51,conjunction_blocks,conj_rot,4,1,32,dist_class1,-89.0,76.0
51,conjunction_blocks,conj_rot,4,1,33,dist_class2,-8.0,155.0
51,conjunction_blocks,conj_rot,4,1,34,dist_class2,86.0,235.0
51,conjunction_blocks,conj_rot,4,1,35,dist_class1,161.0,302.0
51,conjunction_blocks,conj_rot,4,1,36,dist_class2,-386.0,-88.0
51,conjunction_blocks,conj_rot,4,1,37,dist_class2,-310.0,-2.0
51,conjunction_blocks,conj_rot,4,1,38,targ_class1,-219.0,79.0
51,conjunction_blocks,conj_rot,4,1,39,targ_class1,-154.0,149.0
51,conjunction_blocks,conj_rot,4,1,40,targ_class2,-88.0,222.0
51,conjunction_blocks,conj_rot,4,1,41,targ_class1,10.0,305.0
51,conjunction_blocks,conj_rot,4,1,42,targ_class2,93.0,376.0
51,conjunction_blocks,conj_rot,4,1,43,targ_class1,-450.0,-8.0
51,conjunction_blocks,conj_rot,4,1,44,dist_class2,-398.0,70.0
51,conjunction_blocks,conj_rot,4,1,45,dist_class1,-302.0,137.0
51,conjunction_blocks,conj_rot,4,1,46,dist_class1,-239.0,212.0
51,conjunction_blocks,conj_rot,4,1,47,dist_class1,-156.0,299.0
51,conjunction_blocks,conj_rot,4,1,48,targ_class2,-77.0,383.0
51,conjunction_blocks,conj_rot,4,1,49,targ_class1,10.0,464.0
51,conjunction_blocks,conj_grid,3,1,1,dist_class2,-329.0,-345.0
51,conjunction_blocks,conj_grid,3,1,2,dist_class2,-217.0,-329.0
51,conjunction_blocks,conj_grid,3,1,3,dist_class1,-114.0,-301.0
51,conjunction_blocks,conj_grid,3,1,4,targ_class2,-13.0,-319.0
51,conjunction_blocks,conj_grid,3,1,5,dist_class1,103.0,-324.0
51,conjunction_blocks,conj_grid,3,1,6,targ_class1,213.0,-326.0
51,conjunction_blocks,conj_grid,3,1,7,targ_class1,338.0,-324.0
51,conjunction_blocks,conj_grid,3,1,8,dist_class1,-300.0,-205.0
51,conjunction_blocks,conj_grid,3,1,9,targ_class2,-234.0,-210.0
51,conjunction_blocks,conj_grid,3,1,10,dist_class1,-113.0,-231.0
51,conjunction_blocks,conj_grid,3,1,11,dist_class1,1.0,-205.0
51,conjunction_blocks,conj_grid,3,1,12,targ_class1,100.0,-241.0
51,conjunction_blocks,conj_grid,3,1,13,targ_class2,204.0,-209.0
51,conjunction_blocks,conj_grid,3,1,14,dist_class2,331.0,-216.0
51,conjunction_blocks,conj_grid,3,1,15,dist_class2,-311.0,-101.0
51,conjunction_blocks,conj_grid,3,1,16,dist_class2,-213.0,-99.0
51,conjunction_blocks,conj_grid,3,1,17,dist_class1,-124.0,-116.0
51,conjunction_blocks,conj_grid,3,1,18,targ_class2,-18.0,-108.0
51,conjunction_blocks,conj_grid,3,1,19,dist_class1,112.0,-112.0
51,conjunction_blocks,conj_grid,3,1,20,targ_class2,222.0,-120.0
51,conjunction_blocks,conj_grid,3,1,21,dist_class1,321.0,-109.0
51,conjunction_blocks,conj_grid,3,1,22,dist_class2,-336.0,-10.0
51,conjunction_blocks,conj_grid,3,1,23,targ_class1,-218.0,-2.0
51,conjunction_blocks,conj_grid,3,1,24,dist_class2,-101.0,-14.0
51,conjunction_blocks,conj_grid,3,1,25,targ_class1,-24.0,4.0
51,conjunction_blocks,conj_grid,3,1,26,dist_class2,114.0,17.0
51,conjunction_blocks,conj_grid,3,1,27,targ_class1,214.0,15.0
51,conjunction_blocks,conj_grid,3,1,28,dist_class2,322.0,4.0
51,conjunction_blocks,conj_grid,3,1,29,targ_class1,-335.0,111.0
51,conjunction_blocks,conj_grid,3,1,30,dist_class1,-204.0,133.0
51,conjunction_blocks,conj_grid,3,1,31,targ_class2,-101.0,94.0
51,conjunction_blocks,conj_grid,3,1,32,dist_class1,13.0,117.0
51,conjunction_blocks,conj_grid,3,1,33,targ_class1,90.0,106.0
51,conjunction_blocks,conj_grid,3,1,34,dist_class2,212.0,113.0
51,conjunction_blocks,conj_grid,3,1,35,targ_class1,324.0,109.0
51,conjunction_blocks,conj_grid,3,1,36,targ_class1,-317.0,218.0
51,conjunction_blocks,conj_grid,3,1,37,dist_class1,-201.0,237.0
51,conjunction_blocks,conj_grid,3,1,38,targ_class1,-85.0,209.0
51,conjunction_blocks,conj_grid,3,1,39,dist_class2,-4.0,219.0
51,conjunction_blocks,conj_grid,3,1,40,targ_class2,94.0,199.0
51,conjunction_blocks,conj_grid,3,1,41,dist_class1,225.0,210.0
51,conjunction_blocks,conj_grid,3,1,42,targ_class2,327.0,215.0
51,conjunction_blocks,conj_grid,3,1,43,targ_class2,-321.0,326.0
51,conjunction_blocks,conj_grid,3,1,44,dist_class2,-211.0,314.0
51,conjunction_blocks,conj_grid,3,1,45,dist_class2,-103.0,318.0
51,conjunction_blocks,conj_grid,3,1,46,targ_class2,-1.0,330.0
51,conjunction_blocks,conj_grid,3,1,47,targ_class1,94.0,298.0
51,conjunction_blocks,conj_grid,3,1,48,targ_class2,224.0,341.0
51,conjunction_blocks,conj_grid,3,1,49,targ_class2,330.0,329.0
51,conjunction_blocks,conj_rot,3,1,1,targ_class2,-2.0,-470.0
51,conjunction_blocks,conj_rot,3,1,2,targ_class1,88.0,-387.0
51,conjunction_blocks,conj_rot,3,1,3,targ_class2,145.0,-301.0
51,conjunction_blocks,conj_rot,3,1,4,dist_class1,226.0,-217.0
51,conjunction_blocks,conj_rot,3,1,5,dist_class2,296.0,-135.0
51,conjunction_blocks,conj_rot,3,1,6,targ_class2,383.0,-65.0
51,conjunction_blocks,conj_rot,3,1,7,dist_class1,453.0,14.0
51,conjunction_blocks,conj_rot,3,1,8,targ_class2,-76.0,-381.0
51,conjunction_blocks,conj_rot,3,1,9,dist_class1,-16.0,-308.0
51,conjunction_blocks,conj_rot,3,1,10,dist_class2,64.0,-236.0
51,conjunction_blocks,conj_rot,3,1,11,targ_class1,169.0,-164.0
51,conjunction_blocks,conj_rot,3,1,12,targ_class1,230.0,-69.0
51,conjunction_blocks,conj_rot,3,1,13,dist_class2,314.0,2.0
51,conjunction_blocks,conj_rot,3,1,14,targ_class1,369.0,64.0
51,conjunction_blocks,conj_rot,3,1,15,targ_class2,-155.0,-311.0
51,conjunction_blocks,conj_rot,3,1,16,targ_class1,-85.0,-224.0
51,conjunction_blocks,conj_rot,3,1,17,dist_class1,2.0,-151.0
51,conjunction_blocks,conj_rot,3,1,18,dist_class1,66.0,-81.0
51,conjunction_blocks,conj_rot,3,1,19,dist_class2,154.0,31.0
51,conjunction_blocks,conj_rot,3,1,20,dist_class2,243.0,64.0
51,conjunction_blocks,conj_rot,3,1,21,dist_class1,306.0,147.0
51,conjunction_blocks,conj_rot,3,1,22,dist_class2,-218.0,-223.0
51,conjunction_blocks,conj_rot,3,1,23,targ_class2,-158.0,-172.0
51,conjunction_blocks,conj_rot,3,1,24,dist_class1,-56.0,-76.0
51,conjunction_blocks,conj_rot,3,1,25,targ_class2,-2.0,13.0
51,conjunction_blocks,conj_rot,3,1,26,dist_class1,62.0,72.0
51,conjunction_blocks,conj_rot,3,1,27,targ_class1,150.0,151.0
51,conjunction_blocks,conj_rot,3,1,28,dist_class2,254.0,229.0
51,conjunction_blocks,conj_rot,3,1,29,dist_class2,-301.0,-152.0
51,conjunction_blocks,conj_rot,3,1,30,targ_class2,-224.0,-90.0
51,conjunction_blocks,conj_rot,3,1,31,dist_class1,-167.0,-7.0
51,conjunction_blocks,conj_rot,3,1,32,targ_class2,-66.0,68.0
51,conjunction_blocks,conj_rot,3,1,33,targ_class1,-1.0,157.0
51,conjunction_blocks,conj_rot,3,1,34,dist_class1,72.0,243.0
51,conjunction_blocks,conj_rot,3,1,35,targ_class1,164.0,309.0
51,conjunction_blocks,conj_rot,3,1,36,dist_class1,-366.0,-86.0
51,conjunction_blocks,conj_rot,3,1,37,dist_class1,-312.0,-0.0
51,conjunction_blocks,conj_rot,3,1,38,targ_class1,-222.0,70.0
51,conjunction_blocks,conj_rot,3,1,39,dist_class2,-159.0,162.0
51,conjunction_blocks,conj_rot,3,1,40,targ_class1,-60.0,235.0
51,conjunction_blocks,conj_rot,3,1,41,dist_class2,-18.0,308.0
51,conjunction_blocks,conj_rot,3,1,42,targ_class2,68.0,392.0
51,conjunction_blocks,conj_rot,3,1,43,targ_class2,-460.0,15.0
51,conjunction_blocks,conj_rot,3,1,44,dist_class2,-388.0,91.0
51,conjunction_blocks,conj_rot,3,1,45,dist_class2,-301.0,150.0
51,conjunction_blocks,conj_rot,3,1,46,targ_class1,-218.0,231.0
51,conjunction_blocks,conj_rot,3,1,47,dist_class2,-156.0,330.0
51,conjunction_blocks,conj_rot,3,1,48,targ_class1,-85.0,385.0
51,conjunction_blocks,conj_rot,3,1,49,targ_class2,-11.0,458.0
51,conjunction_blocks,conj_grid,2,1,1,targ_class1,-315.0,-328.0
51,conjunction_blocks,conj_grid,2,1,2,dist_class1,-226.0,-322.0
51,conjunction_blocks,conj_grid,2,1,3,dist_class2,-92.0,-330.0
51,conjunction_blocks,conj_grid,2,1,4,dist_class2,2.0,-333.0
51,conjunction_blocks,conj_grid,2,1,5,dist_class2,113.0,-308.0
51,conjunction_blocks,conj_grid,2,1,6,dist_class2,200.0,-325.0
51,conjunction_blocks,conj_grid,2,1,7,targ_class1,308.0,-324.0
51,conjunction_blocks,conj_grid,2,1,8,targ_class2,-318.0,-224.0
51,conjunction_blocks,conj_grid,2,1,9,dist_class1,-203.0,-222.0
51,conjunction_blocks,conj_grid,2,1,10,dist_class2,-118.0,-223.0
51,conjunction_blocks,conj_grid,2,1,11,targ_class1,-13.0,-225.0
51,conjunction_blocks,conj_grid,2,1,12,targ_class1,111.0,-203.0
51,conjunction_blocks,conj_grid,2,1,13,dist_class1,208.0,-219.0
51,conjunction_blocks,conj_grid,2,1,14,targ_class2,328.0,-203.0
51,conjunction_blocks,conj_grid,2,1,15,dist_class1,-331.0,-100.0
51,conjunction_blocks,conj_grid,2,1,16,dist_class1,-205.0,-117.0
51,conjunction_blocks,conj_grid,2,1,17,targ_class2,-109.0,-115.0
51,conjunction_blocks,conj_grid,2,1,18,targ_class1,-3.0,-125.0
51,conjunction_blocks,conj_grid,2,1,19,targ_class1,110.0,-112.0
51,conjunction_blocks,conj_grid,2,1,20,dist_class2,195.0,-99.0
51,conjunction_blocks,conj_grid,2,1,21,dist_class1,328.0,-119.0
51,conjunction_blocks,conj_grid,2,1,22,dist_class2,-325.0,-1.0
51,conjunction_blocks,conj_grid,2,1,23,dist_class1,-208.0,-7.0
51,conjunction_blocks,conj_grid,2,1,24,targ_class2,-113.0,8.0
51,conjunction_blocks,conj_grid,2,1,25,dist_class1,-1.0,-10.0
51,conjunction_blocks,conj_grid,2,1,26,targ_class1,93.0,-4.0
51,conjunction_blocks,conj_grid,2,1,27,targ_class1,210.0,0.0
51,conjunction_blocks,conj_grid,2,1,28,dist_class2,322.0,3.0
51,conjunction_blocks,conj_grid,2,1,29,targ_class1,-330.0,113.0
51,conjunction_blocks,conj_grid,2,1,30,dist_class2,-205.0,112.0
51,conjunction_blocks,conj_grid,2,1,31,targ_class2,-114.0,112.0
51,conjunction_blocks,conj_grid,2,1,32,targ_class2,-8.0,105.0
51,conjunction_blocks,conj_grid,2,1,33,dist_class1,116.0,134.0
51,conjunction_blocks,conj_grid,2,1,34,dist_class1,204.0,109.0
51,conjunction_blocks,conj_grid,2,1,35,dist_class1,344.0,102.0
51,conjunction_blocks,conj_grid,2,1,36,targ_class1,-324.0,194.0
51,conjunction_blocks,conj_grid,2,1,37,dist_class1,-222.0,211.0
51,conjunction_blocks,conj_grid,2,1,38,targ_class2,-119.0,211.0
51,conjunction_blocks,conj_grid,2,1,39,targ_class2,-1.0,208.0
51,conjunction_blocks,conj_grid,2,1,40,targ_class2,98.0,215.0
51,conjunction_blocks,conj_grid,2,1,41,dist_class2,206.0,218.0
51,conjunction_blocks,conj_grid,2,1,42,targ_class1,348.0,224.0
51,conjunction_blocks,conj_grid,2,1,43,targ_class2,-318.0,314.0
51,conjunction_blocks,conj_grid,2,1,44,dist_class2,-219.0,327.0
51,conjunction_blocks,conj_grid,2,1,45,targ_class1,-110.0,317.0
51,conjunction_blocks,conj_grid,2,1,46,targ_class2,-10.0,323.0
51,conjunction_blocks,conj_grid,2,1,47,dist_class2,105.0,328.0
51,conjunction_blocks,conj_grid,2,1,48,targ_class2,231.0,329.0
51,conjunction_blocks,conj_grid,2,1,49,dist_class2,314.0,321.0
51,conjunction_blocks,conj_rot,0,1,1,dist_class1,9.0,-451.0
51,conjunction_blocks,conj_rot,0,1,2,dist_class2,75.0,-387.0
51,conjunction_blocks,conj_rot,0,1,3,dist_class2,158.0,-310.0
51,conjunction_blocks,conj_rot,0,1,4,targ_class1,212.0,-223.0
51,conjunction_blocks,conj_rot,0,1,5,targ_class2,291.0,-158.0
51,conjunction_blocks,conj_rot,0,1,6,dist_class2,388.0,-84.0
51,conjunction_blocks,conj_rot,0,1,7,dist_class2,469.0,-17.0
51,conjunction_blocks,conj_rot,0,1,8,dist_class2,-79.0,-387.0
51,conjunction_blocks,conj_rot,0,1,9,targ_class2,-2.0,-317.0
51,conjunction_blocks,conj_rot,0,1,10,targ_class2,81.0,-235.0
51,conjunction_blocks,conj_rot,0,1,11,dist_class2,144.0,-138.0
51,conjunction_blocks,conj_rot,0,1,12,dist_class2,221.0,-68.0
51,conjunction_blocks,conj_rot,0,1,13,targ_class1,298.0,13.0
51,conjunction_blocks,conj_rot,0,1,14,targ_class2,374.0,93.0
51,conjunction_blocks,conj_rot,0,1,15,dist_class2,-155.0,-301.0
51,conjunction_blocks,conj_rot,0,1,16,dist_class1,-80.0,-229.0
51,conjunction_blocks,conj_rot,0,1,17,dist_class2,-5.0,-166.0
51,conjunction_blocks,conj_rot,0,1,18,dist_class1,77.0,-69.0
51,conjunction_blocks,conj_rot,0,1,19,dist_class2,150.0,4.0
51,conjunction_blocks,conj_rot,0,1,20,targ_class1,216.0,54.0
51,conjunction_blocks,conj_rot,0,1,21,targ_class1,304.0,148.0
51,conjunction_blocks,conj_rot,0,1,22,dist_class1,-220.0,-241.0
51,conjunction_blocks,conj_rot,0,1,23,targ_class2,-146.0,-135.0
51,conjunction_blocks,conj_rot,0,1,24,targ_class1,-68.0,-72.0
51,conjunction_blocks,conj_rot,0,1,25,targ_class1,7.0,-2.0
51,conjunction_blocks,conj_rot,0,1,26,dist_class1,76.0,93.0
51,conjunction_blocks,conj_rot,0,1,27,targ_class2,152.0,174.0
51,conjunction_blocks,conj_rot,0,1,28,targ_class2,234.0,231.0
51,conjunction_blocks,conj_rot,0,1,29,dist_class1,-296.0,-152.0
51,conjunction_blocks,conj_rot,0,1,30,dist_class1,-242.0,-59.0
51,conjunction_blocks,conj_rot,0,1,31,dist_class1,-137.0,8.0
51,conjunction_blocks,conj_rot,0,1,32,targ_class1,-52.0,82.0
51,conjunction_blocks,conj_rot,0,1,33,targ_class1,10.0,155.0
51,conjunction_blocks,conj_rot,0,1,34,targ_class1,91.0,230.0
51,conjunction_blocks,conj_rot,0,1,35,dist_class1,149.0,298.0
51,conjunction_blocks,conj_rot,0,1,36,targ_class1,-378.0,-67.0
51,conjunction_blocks,conj_rot,0,1,37,targ_class2,-293.0,1.0
51,conjunction_blocks,conj_rot,0,1,38,dist_class1,-233.0,70.0
51,conjunction_blocks,conj_rot,0,1,39,targ_class2,-135.0,155.0
51,conjunction_blocks,conj_rot,0,1,40,dist_class1,-79.0,230.0
51,conjunction_blocks,conj_rot,0,1,41,dist_class2,-8.0,304.0
51,conjunction_blocks,conj_rot,0,1,42,targ_class2,90.0,391.0
51,conjunction_blocks,conj_rot,0,1,43,dist_class1,-474.0,3.0
51,conjunction_blocks,conj_rot,0,1,44,dist_class2,-393.0,77.0
51,conjunction_blocks,conj_rot,0,1,45,targ_class1,-331.0,158.0
51,conjunction_blocks,conj_rot,0,1,46,targ_class1,-244.0,231.0
51,conjunction_blocks,conj_rot,0,1,47,targ_class2,-136.0,296.0
51,conjunction_blocks,conj_rot,0,1,48,targ_class2,-83.0,371.0
51,conjunction_blocks,conj_rot,0,1,49,dist_class2,15.0,461.0
51,conjunction_blocks,conj_rot,0,2,1,targ_class1,2.0,-458.0
51,conjunction_blocks,conj_rot,0,2,2,targ_class2,85.0,-376.0
51,conjunction_blocks,conj_rot,0,2,3,targ_class2,157.0,-302.0
51,conjunction_blocks,conj_rot,0,2,4,dist_class2,236.0,-215.0
51,conjunction_blocks,conj_rot,0,2,5,dist_class2,309.0,-153.0
51,conjunction_blocks,conj_rot,0,2,6,dist_class1,377.0,-99.0
51,conjunction_blocks,conj_rot,0,2,7,dist_class2,469.0,-4.0
51,conjunction_blocks,conj_rot,0,2,8,dist_class1,-82.0,-356.0
51,conjunction_blocks,conj_rot,0,2,9,targ_class1,29.0,-306.0
51,conjunction_blocks,conj_rot,0,2,10,dist_class1,79.0,-220.0
51,conjunction_blocks,conj_rot,0,2,11,targ_class1,155.0,-152.0
51,conjunction_blocks,conj_rot,0,2,12,dist_class1,239.0,-79.0
51,conjunction_blocks,conj_rot,0,2,13,targ_class1,306.0,-18.0
51,conjunction_blocks,conj_rot,0,2,14,targ_class2,378.0,95.0
51,conjunction_blocks,conj_rot,0,2,15,dist_class1,-154.0,-282.0
51,conjunction_blocks,conj_rot,0,2,16,targ_class2,-74.0,-235.0
51,conjunction_blocks,conj_rot,0,2,17,targ_class1,-7.0,-146.0
51,conjunction_blocks,conj_rot,0,2,18,targ_class2,81.0,-84.0
51,conjunction_blocks,conj_rot,0,2,19,dist_class2,162.0,-6.0
51,conjunction_blocks,conj_rot,0,2,20,targ_class1,234.0,59.0
51,conjunction_blocks,conj_rot,0,2,21,targ_class1,299.0,136.0
51,conjunction_blocks,conj_rot,0,2,22,targ_class2,-233.0,-229.0
51,conjunction_blocks,conj_rot,0,2,23,dist_class2,-134.0,-159.0
51,conjunction_blocks,conj_rot,0,2,24,dist_class1,-79.0,-72.0
51,conjunction_blocks,conj_rot,0,2,25,targ_class1,-16.0,17.0
51,conjunction_blocks,conj_rot,0,2,26,targ_class1,77.0,82.0
51,conjunction_blocks,conj_rot,0,2,27,dist_class1,129.0,155.0
51,conjunction_blocks,conj_rot,0,2,28,targ_class1,219.0,243.0
51,conjunction_blocks,conj_rot,0,2,29,targ_class2,-308.0,-141.0
51,conjunction_blocks,conj_rot,0,2,30,dist_class2,-226.0,-88.0
51,conjunction_blocks,conj_rot,0,2,31,dist_class2,-148.0,-3.0
51,conjunction_blocks,conj_rot,0,2,32,targ_class1,-92.0,70.0
51,conjunction_blocks,conj_rot,0,2,33,targ_class2,-6.0,162.0
51,conjunction_blocks,conj_rot,0,2,34,dist_class1,79.0,211.0
51,conjunction_blocks,conj_rot,0,2,35,dist_class1,153.0,300.0
51,conjunction_blocks,conj_rot,0,2,36,dist_class2,-386.0,-89.0
51,conjunction_blocks,conj_rot,0,2,37,dist_class1,-300.0,-9.0
51,conjunction_blocks,conj_rot,0,2,38,dist_class2,-238.0,93.0
51,conjunction_blocks,conj_rot,0,2,39,dist_class2,-152.0,150.0
51,conjunction_blocks,conj_rot,0,2,40,targ_class2,-52.0,224.0
51,conjunction_blocks,conj_rot,0,2,41,targ_class2,-18.0,297.0
51,conjunction_blocks,conj_rot,0,2,42,targ_class2,89.0,391.0
51,conjunction_blocks,conj_rot,0,2,43,dist_class1,-467.0,4.0
51,conjunction_blocks,conj_rot,0,2,44,dist_class1,-376.0,77.0
51,conjunction_blocks,conj_rot,0,2,45,targ_class2,-294.0,169.0
51,conjunction_blocks,conj_rot,0,2,46,targ_class1,-212.0,214.0
51,conjunction_blocks,conj_rot,0,2,47,dist_class2,-149.0,299.0
51,conjunction_blocks,conj_rot,0,2,48,dist_class2,-75.0,400.0
51,conjunction_blocks,conj_rot,0,2,49,dist_class2,-2.0,467.0
51,conjunction_blocks,conj_uni,3,1,1,targ_class1,-278.0,63.0
51,conjunction_blocks,conj_uni,3,1,2,targ_class1,155.0,-87.0
51,conjunction_blocks,conj_uni,3,1,3,dist_class1,184.0,210.0
51,conjunction_blocks,conj_uni,3,1,4,targ_class1,-209.0,-143.0
51,conjunction_blocks,conj_uni,3,1,5,targ_class2,-56.0,189.0
51,conjunction_blocks,conj_uni,3,1,6,dist_class2,-271.0,174.0
51,conjunction_blocks,conj_uni,3,1,7,targ_class1,146.0,-8.0
51,conjunction_blocks,conj_uni,3,1,8,targ_class2,102.0,341.0
51,conjunction_blocks,conj_uni,3,1,9,targ_class1,-47.0,133.0
51,conjunction_blocks,conj_uni,3,1,10,targ_class2,71.0,-80.0
51,conjunction_blocks,conj_uni,3,1,11,targ_class2,-111.0,-20.0
51,conjunction_blocks,conj_uni,3,1,12,targ_class1,52.0,223.0
51,conjunction_blocks,conj_uni,3,1,13,dist_class2,235.0,2.0
51,conjunction_blocks,conj_uni,3,1,14,targ_class2,-164.0,300.0
51,conjunction_blocks,conj_uni,3,1,15,targ_class2,-215.0,-63.0
51,conjunction_blocks,conj_uni,3,1,16,dist_class1,-272.0,118.0
51,conjunction_blocks,conj_uni,3,1,17,dist_class2,98.0,254.0
51,conjunction_blocks,conj_uni,3,1,18,targ_class2,293.0,-40.0
51,conjunction_blocks,conj_uni,3,1,19,dist_class2,-268.0,309.0
51,conjunction_blocks,conj_uni,3,1,20,dist_class1,240.0,-71.0
51,conjunction_blocks,conj_uni,3,1,21,targ_class2,-349.0,-245.0
51,conjunction_blocks,conj_uni,3,1,22,dist_class2,199.0,105.0
51,conjunction_blocks,conj_uni,3,1,23,dist_class1,-22.0,234.0
51,conjunction_blocks,conj_uni,3,1,24,dist_class2,41.0,21.0
51,conjunction_blocks,conj_uni,3,1,25,dist_class2,-27.0,62.0
51,conjunction_blocks,conj_uni,3,1,26,targ_class2,-14.0,358.0
51,conjunction_blocks,conj_uni,3,1,27,targ_class1,-17.0,-117.0
51,conjunction_blocks,conj_uni,3,1,28,targ_class2,11.0,-197.0
51,conjunction_blocks,conj_uni,3,1,29,dist_class1,156.0,327.0
51,conjunction_blocks,conj_uni,3,1,30,dist_class1,264.0,224.0
51,conjunction_blocks,conj_uni,3,1,31,dist_class2,239.0,-354.0
51,conjunction_blocks,conj_uni,3,1,32,dist_class1,-356.0,284.0
51,conjunction_blocks,conj_uni,3,1,33,targ_class2,165.0,-305.0
51,conjunction_blocks,conj_uni,3,1,34,dist_class2,-101.0,268.0
51,conjunction_blocks,conj_uni,3,1,35,targ_class2,-96.0,-220.0
51,conjunction_blocks,conj_uni,3,1,36,dist_class2,228.0,57.0
51,conjunction_blocks,conj_uni,3,1,37,dist_class1,13.0,183.0
51,conjunction_blocks,conj_uni,3,1,38,dist_class2,29.0,75.0
51,conjunction_blocks,conj_uni,3,1,39,targ_class1,27.0,273.0
51,conjunction_blocks,conj_uni,3,1,40,dist_class1,-329.0,-307.0
51,conjunction_blocks,conj_uni,3,1,41,dist_class1,-359.0,222.0
51,conjunction_blocks,conj_uni,3,1,42,dist_class2,9.0,128.0
51,conjunction_blocks,conj_uni,3,1,43,dist_class1,128.0,205.0
51,conjunction_blocks,conj_uni,3,1,44,targ_class1,322.0,-312.0
51,conjunction_blocks,conj_uni,3,1,45,targ_class1,87.0,-15.0
51,conjunction_blocks,conj_uni,3,1,46,dist_class1,-274.0,-322.0
51,conjunction_blocks,conj_uni,3,1,47,targ_class1,70.0,-285.0
51,conjunction_blocks,conj_uni,3,1,48,targ_class1,-45.0,-167.0
51,conjunction_blocks,conj_uni,3,1,49,dist_class2,266.0,138.0
51,conjunction_blocks,conj_rot,1,1,1,targ_class2,-8.0,-453.0
51,conjunction_blocks,conj_rot,1,1,2,dist_class1,88.0,-381.0
51,conjunction_blocks,conj_rot,1,1,3,targ_class2,153.0,-296.0
51,conjunction_blocks,conj_rot,1,1,4,dist_class2,228.0,-222.0
51,conjunction_blocks,conj_rot,1,1,5,dist_class2,294.0,-151.0
51,conjunction_blocks,conj_rot,1,1,6,targ_class2,373.0,-84.0
51,conjunction_blocks,conj_rot,1,1,7,dist_class2,453.0,-8.0
51,conjunction_blocks,conj_rot,1,1,8,dist_class2,-65.0,-387.0
51,conjunction_blocks,conj_rot,1,1,9,dist_class1,-4.0,-299.0
51,conjunction_blocks,conj_rot,1,1,10,targ_class1,80.0,-227.0
51,conjunction_blocks,conj_rot,1,1,11,targ_class2,174.0,-152.0
51,conjunction_blocks,conj_rot,1,1,12,dist_class2,240.0,-79.0
51,conjunction_blocks,conj_rot,1,1,13,dist_class1,310.0,10.0
51,conjunction_blocks,conj_rot,1,1,14,targ_class1,380.0,79.0
51,conjunction_blocks,conj_rot,1,1,15,targ_class1,-148.0,-307.0
51,conjunction_blocks,conj_rot,1,1,16,dist_class1,-74.0,-215.0
51,conjunction_blocks,conj_rot,1,1,17,dist_class2,0.0,-160.0
51,conjunction_blocks,conj_rot,1,1,18,dist_class2,77.0,-92.0
51,conjunction_blocks,conj_rot,1,1,19,targ_class1,159.0,3.0
51,conjunction_blocks,conj_rot,1,1,20,targ_class2,234.0,84.0
51,conjunction_blocks,conj_rot,1,1,21,targ_class2,307.0,157.0
51,conjunction_blocks,conj_rot,1,1,22,dist_class1,-215.0,-212.0
51,conjunction_blocks,conj_rot,1,1,23,targ_class2,-152.0,-160.0
51,conjunction_blocks,conj_rot,1,1,24,dist_class2,-59.0,-71.0
51,conjunction_blocks,conj_rot,1,1,25,targ_class2,8.0,-17.0
51,conjunction_blocks,conj_rot,1,1,26,targ_class2,67.0,84.0
51,conjunction_blocks,conj_rot,1,1,27,dist_class1,174.0,144.0
51,conjunction_blocks,conj_rot,1,1,28,targ_class2,218.0,225.0
51,conjunction_blocks,conj_rot,1,1,29,targ_class1,-289.0,-158.0
51,conjunction_blocks,conj_rot,1,1,30,targ_class1,-236.0,-86.0
51,conjunction_blocks,conj_rot,1,1,31,dist_class2,-153.0,-2.0
51,conjunction_blocks,conj_rot,1,1,32,targ_class1,-76.0,79.0
51,conjunction_blocks,conj_rot,1,1,33,targ_class1,-2.0,170.0
51,conjunction_blocks,conj_rot,1,1,34,targ_class1,78.0,232.0
51,conjunction_blocks,conj_rot,1,1,35,dist_class1,167.0,321.0
51,conjunction_blocks,conj_rot,1,1,36,dist_class1,-400.0,-71.0
51,conjunction_blocks,conj_rot,1,1,37,dist_class2,-299.0,-0.0
51,conjunction_blocks,conj_rot,1,1,38,targ_class2,-219.0,79.0
51,conjunction_blocks,conj_rot,1,1,39,targ_class2,-161.0,137.0
51,conjunction_blocks,conj_rot,1,1,40,dist_class1,-83.0,205.0
51,conjunction_blocks,conj_rot,1,1,41,dist_class2,-1.0,321.0
51,conjunction_blocks,conj_rot,1,1,42,dist_class2,80.0,386.0
51,conjunction_blocks,conj_rot,1,1,43,targ_class1,-462.0,-14.0
51,conjunction_blocks,conj_rot,1,1,44,dist_class1,-400.0,87.0
51,conjunction_blocks,conj_rot,1,1,45,dist_class1,-302.0,152.0
51,conjunction_blocks,conj_rot,1,1,46,targ_class1,-229.0,240.0
51,conjunction_blocks,conj_rot,1,1,47,targ_class1,-158.0,311.0
51,conjunction_blocks,conj_rot,1,1,48,dist_class1,-89.0,398.0
51,conjunction_blocks,conj_rot,1,1,49,dist_class2,3.0,477.0
51,conjunction_blocks,conj_grid,1,1,1,dist_class2,-330.0,-317.0
51,conjunction_blocks,conj_grid,1,1,2,dist_class1,-219.0,-328.0
51,conjunction_blocks,conj_grid,1,1,3,dist_class1,-127.0,-323.0
51,conjunction_blocks,conj_grid,1,1,4,dist_class2,-8.0,-325.0
51,conjunction_blocks,conj_grid,1,1,5,dist_class2,96.0,-342.0
51,conjunction_blocks,conj_grid,1,1,6,dist_class1,217.0,-315.0
51,conjunction_blocks,conj_grid,1,1,7,targ_class2,329.0,-320.0
51,conjunction_blocks,conj_grid,1,1,8,dist_class2,-334.0,-224.0
51,conjunction_blocks,conj_grid,1,1,9,dist_class2,-194.0,-214.0
51,conjunction_blocks,conj_grid,1,1,10,dist_class1,-82.0,-223.0
51,conjunction_blocks,conj_grid,1,1,11,dist_class2,6.0,-201.0
51,conjunction_blocks,conj_grid,1,1,12,targ_class1,112.0,-235.0
51,conjunction_blocks,conj_grid,1,1,13,targ_class1,198.0,-229.0
51,conjunction_blocks,conj_grid,1,1,14,dist_class2,317.0,-200.0
51,conjunction_blocks,conj_grid,1,1,15,targ_class1,-341.0,-112.0
51,conjunction_blocks,conj_grid,1,1,16,targ_class1,-202.0,-96.0
51,conjunction_blocks,conj_grid,1,1,17,targ_class2,-104.0,-113.0
51,conjunction_blocks,conj_grid,1,1,18,dist_class2,-0.0,-103.0
51,conjunction_blocks,conj_grid,1,1,19,targ_class1,116.0,-117.0
51,conjunction_blocks,conj_grid,1,1,20,dist_class2,200.0,-93.0
51,conjunction_blocks,conj_grid,1,1,21,targ_class1,330.0,-108.0
51,conjunction_blocks,conj_grid,1,1,22,dist_class1,-311.0,9.0
51,conjunction_blocks,conj_grid,1,1,23,targ_class1,-226.0,6.0
51,conjunction_blocks,conj_grid,1,1,24,targ_class2,-109.0,17.0
51,conjunction_blocks,conj_grid,1,1,25,targ_class2,-1.0,-15.0
51,conjunction_blocks,conj_grid,1,1,26,targ_class2,86.0,13.0
51,conjunction_blocks,conj_grid,1,1,27,dist_class1,233.0,-6.0
51,conjunction_blocks,conj_grid,1,1,28,dist_class1,325.0,-3.0
51,conjunction_blocks,conj_grid,1,1,29,dist_class2,-332.0,99.0
51,conjunction_blocks,conj_grid,1,1,30,targ_class2,-212.0,96.0
51,conjunction_blocks,conj_grid,1,1,31,targ_class1,-103.0,106.0
51,conjunction_blocks,conj_grid,1,1,32,targ_class2,-4.0,82.0
51,conjunction_blocks,conj_grid,1,1,33,dist_class1,108.0,100.0
51,conjunction_blocks,conj_grid,1,1,34,targ_class2,226.0,102.0
51,conjunction_blocks,conj_grid,1,1,35,dist_class2,324.0,93.0
51,conjunction_blocks,conj_grid,1,1,36,targ_class1,-332.0,195.0
51,conjunction_blocks,conj_grid,1,1,37,targ_class2,-226.0,215.0
51,conjunction_blocks,conj_grid,1,1,38,targ_class1,-102.0,218.0
51,conjunction_blocks,conj_grid,1,1,39,dist_class1,-7.0,221.0
51,conjunction_blocks,conj_grid,1,1,40,targ_class2,107.0,216.0
51,conjunction_blocks,conj_grid,1,1,41,targ_class1,210.0,208.0
51,conjunction_blocks,conj_grid,1,1,42,dist_class1,328.0,220.0
51,conjunction_blocks,conj_grid,1,1,43,dist_class1,-330.0,290.0
51,conjunction_blocks,conj_grid,1,1,44,targ_class2,-227.0,305.0
51,conjunction_blocks,conj_grid,1,1,45,targ_class1,-114.0,319.0
51,conjunction_blocks,conj_grid,1,1,46,targ_class2,5.0,330.0
51,conjunction_blocks,conj_grid,1,1,47,dist_class2,93.0,328.0
51,conjunction_blocks,conj_grid,1,1,48,dist_class1,215.0,301.0
51,conjunction_blocks,conj_grid,1,1,49,dist_class2,344.0,334.0
51,conjunction_blocks,conj_rot,2,1,1,targ_class2,-1.0,-463.0
51,conjunction_blocks,conj_rot,2,1,2,dist_class2,66.0,-391.0
51,conjunction_blocks,conj_rot,2,1,3,targ_class1,163.0,-314.0
51,conjunction_blocks,conj_rot,2,1,4,targ_class2,224.0,-210.0
51,conjunction_blocks,conj_rot,2,1,5,targ_class1,303.0,-145.0
51,conjunction_blocks,conj_rot,2,1,6,targ_class1,386.0,-87.0
51,conjunction_blocks,conj_rot,2,1,7,targ_class1,463.0,-15.0
51,conjunction_blocks,conj_rot,2,1,8,dist_class2,-90.0,-388.0
51,conjunction_blocks,conj_rot,2,1,9,dist_class1,-20.0,-327.0
51,conjunction_blocks,conj_rot,2,1,10,targ_class1,84.0,-228.0
51,conjunction_blocks,conj_rot,2,1,11,dist_class1,142.0,-144.0
51,conjunction_blocks,conj_rot,2,1,12,dist_class2,233.0,-86.0
51,conjunction_blocks,conj_rot,2,1,13,dist_class2,283.0,3.0
51,conjunction_blocks,conj_rot,2,1,14,targ_class2,379.0,72.0
51,conjunction_blocks,conj_rot,2,1,15,targ_class1,-150.0,-313.0
51,conjunction_blocks,conj_rot,2,1,16,dist_class1,-67.0,-239.0
51,conjunction_blocks,conj_rot,2,1,17,targ_class2,-0.0,-162.0
51,conjunction_blocks,conj_rot,2,1,18,dist_class1,79.0,-93.0
51,conjunction_blocks,conj_rot,2,1,19,dist_class2,138.0,-8.0
51,conjunction_blocks,conj_rot,2,1,20,targ_class2,229.0,71.0
51,conjunction_blocks,conj_rot,2,1,21,dist_class1,312.0,152.0
51,conjunction_blocks,conj_rot,2,1,22,dist_class2,-239.0,-250.0
51,conjunction_blocks,conj_rot,2,1,23,targ_class2,-174.0,-138.0
51,conjunction_blocks,conj_rot,2,1,24,targ_class2,-80.0,-77.0
51,conjunction_blocks,conj_rot,2,1,25,dist_class2,-19.0,1.0
51,conjunction_blocks,conj_rot,2,1,26,dist_class1,79.0,83.0
51,conjunction_blocks,conj_rot,2,1,27,dist_class1,143.0,157.0
51,conjunction_blocks,conj_rot,2,1,28,dist_class2,217.0,244.0
51,conjunction_blocks,conj_rot,2,1,29,targ_class1,-322.0,-141.0
51,conjunction_blocks,conj_rot,2,1,30,targ_class1,-224.0,-74.0
51,conjunction_blocks,conj_rot,2,1,31,targ_class2,-146.0,1.0
51,conjunction_blocks,conj_rot,2,1,32,dist_class2,-70.0,78.0
51,conjunction_blocks,conj_rot,2,1,33,dist_class2,7.0,155.0
51,conjunction_blocks,conj_rot,2,1,34,dist_class1,79.0,222.0
51,conjunction_blocks,conj_rot,2,1,35,targ_class2,139.0,317.0
51,conjunction_blocks,conj_rot,2,1,36,dist_class1,-370.0,-73.0
51,conjunction_blocks,conj_rot,2,1,37,dist_class2,-301.0,-4.0
51,conjunction_blocks,conj_rot,2,1,38,targ_class1,-244.0,74.0
51,conjunction_blocks,conj_rot,2,1,39,dist_class1,-140.0,153.0
51,conjunction_blocks,conj_rot,2,1,40,dist_class2,-68.0,243.0
51,conjunction_blocks,conj_rot,2,1,41,dist_class2,11.0,308.0
51,conjunction_blocks,conj_rot,2,1,42,targ_class1,93.0,379.0
51,conjunction_blocks,conj_rot,2,1,43,targ_class2,-461.0,5.0
51,conjunction_blocks,conj_rot,2,1,44,targ_class2,-366.0,57.0
51,conjunction_blocks,conj_rot,2,1,45,targ_class1,-301.0,165.0
51,conjunction_blocks,conj_rot,2,1,46,dist_class1,-229.0,227.0
51,conjunction_blocks,conj_rot,2,1,47,targ_class2,-164.0,295.0
51,conjunction_blocks,conj_rot,2,1,48,dist_class1,-90.0,417.0
51,conjunction_blocks,conj_rot,2,1,49,targ_class1,16.0,438.0
51,conjunction_blocks,conj_uni,1,1,1,targ_class1,210.0,-161.0
51,conjunction_blocks,conj_uni,1,1,2,targ_class2,-23.0,-121.0
51,conjunction_blocks,conj_uni,1,1,3,targ_class1,103.0,65.0
51,conjunction_blocks,conj_uni,1,1,4,targ_class1,-44.0,200.0
51,conjunction_blocks,conj_uni,1,1,5,dist_class2,-159.0,-144.0
51,conjunction_blocks,conj_uni,1,1,6,dist_class1,-7.0,27.0
51,conjunction_blocks,conj_uni,1,1,7,dist_class1,-137.0,85.0
51,conjunction_blocks,conj_uni,1,1,8,targ_class1,-105.0,-126.0
51,conjunction_blocks,conj_uni,1,1,9,dist_class2,-14.0,151.0
51,conjunction_blocks,conj_uni,1,1,10,dist_class2,-200.0,-310.0
51,conjunction_blocks,conj_uni,1,1,11,dist_class1,-32.0,-177.0
51,conjunction_blocks,conj_uni,1,1,12,dist_class1,165.0,139.0
51,conjunction_blocks,conj_uni,1,1,13,targ_class1,101.0,-357.0
51,conjunction_blocks,conj_uni,1,1,14,targ_class1,22.0,-161.0
51,conjunction_blocks,conj_uni,1,1,15,targ_class1,341.0,354.0
51,conjunction_blocks,conj_uni,1,1,16,dist_class2,-283.0,-95.0
51,conjunction_blocks,conj_uni,1,1,17,targ_class2,-163.0,26.0
51,conjunction_blocks,conj_uni,1,1,18,targ_class1,-111.0,218.0
51,conjunction_blocks,conj_uni,1,1,19,targ_class2,-282.0,-201.0
51,conjunction_blocks,conj_uni,1,1,20,dist_class2,16.0,342.0
51,conjunction_blocks,conj_uni,1,1,21,targ_class2,158.0,73.0
51,conjunction_blocks,conj_uni,1,1,22,dist_class1,-272.0,-349.0
51,conjunction_blocks,conj_uni,1,1,23,dist_class1,-217.0,-364.0
51,conjunction_blocks,conj_uni,1,1,24,dist_class2,-359.0,-295.0
51,conjunction_blocks,conj_uni,1,1,25,dist_class2,229.0,318.0
51,conjunction_blocks,conj_uni,1,1,26,targ_class2,-138.0,140.0
51,conjunction_blocks,conj_uni,1,1,27,dist_class2,138.0,-53.0
51,conjunction_blocks,conj_uni,1,1,28,dist_class1,-104.0,39.0
51,conjunction_blocks,conj_uni,1,1,29,targ_class2,70.0,-296.0
51,conjunction_blocks,conj_uni,1,1,30,targ_class2,-182.0,174.0
51,conjunction_blocks,conj_uni,1,1,31,targ_class1,-102.0,-16.0
51,conjunction_blocks,conj_uni,1,1,32,dist_class2,48.0,-212.0
51,conjunction_blocks,conj_uni,1,1,33,dist_class2,-222.0,47.0
51,conjunction_blocks,conj_uni,1,1,34,dist_class2,-175.0,-84.0
51,conjunction_blocks,conj_uni,1,1,35,targ_class2,160.0,210.0
51,conjunction_blocks,conj_uni,1,1,36,dist_class1,-3.0,-236.0
51,conjunction_blocks,conj_uni,1,1,37,targ_class2,177.0,-318.0
51,conjunction_blocks,conj_uni,1,1,38,dist_class1,-89.0,167.0
51,conjunction_blocks,conj_uni,1,1,39,targ_class2,-320.0,-243.0
51,conjunction_blocks,conj_uni,1,1,40,targ_class1,358.0,-66.0
51,conjunction_blocks,conj_uni,1,1,41,dist_class2,-87.0,-305.0
51,conjunction_blocks,conj_uni,1,1,42,dist_class1,257.0,-75.0
51,conjunction_blocks,conj_uni,1,1,43,targ_class1,-47.0,-29.0
51,conjunction_blocks,conj_uni,1,1,44,dist_class1,-60.0,118.0
51,conjunction_blocks,conj_uni,1,1,45,targ_class2,-224.0,121.0
51,conjunction_blocks,conj_uni,1,1,46,dist_class2,-167.0,227.0
51,conjunction_blocks,conj_uni,1,1,47,dist_class1,264.0,-348.0
51,conjunction_blocks,conj_uni,1,1,48,targ_class1,322.0,79.0
51,conjunction_blocks,conj_uni,1,1,49,targ_class2,4.0,-50.0
51,conjunction_blocks,conj_uni,2,1,1,dist_class1,14.0,354.0
51,conjunction_blocks,conj_uni,2,1,2,targ_class2,-17.0,-144.0
51,conjunction_blocks,conj_uni,2,1,3,dist_class1,-148.0,82.0
51,conjunction_blocks,conj_uni,2,1,4,dist_class1,56.0,-44.0
51,conjunction_blocks,conj_uni,2,1,5,targ_class1,64.0,-99.0
51,conjunction_blocks,conj_uni,2,1,6,targ_class1,-309.0,-215.0
51,conjunction_blocks,conj_uni,2,1,7,targ_class1,35.0,237.0
51,conjunction_blocks,conj_uni,2,1,8,targ_class1,121.0,80.0
51,conjunction_blocks,conj_uni,2,1,9,dist_class2,116.0,136.0
51,conjunction_blocks,conj_uni,2,1,10,targ_class1,-309.0,323.0
51,conjunction_blocks,conj_uni,2,1,11,dist_class1,314.0,311.0
51,conjunction_blocks,conj_uni,2,1,12,dist_class2,232.0,149.0
51,conjunction_blocks,conj_uni,2,1,13,dist_class2,-314.0,259.0
51,conjunction_blocks,conj_uni,2,1,14,dist_class2,-358.0,295.0
51,conjunction_blocks,conj_uni,2,1,15,dist_class1,182.0,-332.0
51,conjunction_blocks,conj_uni,2,1,16,targ_class2,236.0,205.0
51,conjunction_blocks,conj_uni,2,1,17,dist_class1,-214.0,233.0
51,conjunction_blocks,conj_uni,2,1,18,targ_class2,-264.0,-248.0
51,conjunction_blocks,conj_uni,2,1,19,dist_class2,-215.0,77.0
51,conjunction_blocks,conj_uni,2,1,20,targ_class1,-33.0,-84.0
51,conjunction_blocks,conj_uni,2,1,21,dist_class2,-188.0,126.0
51,conjunction_blocks,conj_uni,2,1,22,targ_class2,-209.0,-244.0
51,conjunction_blocks,conj_uni,2,1,23,dist_class1,-199.0,-66.0
51,conjunction_blocks,conj_uni,2,1,24,dist_class1,-263.0,131.0
51,conjunction_blocks,conj_uni,2,1,25,dist_class2,213.0,-245.0
51,conjunction_blocks,conj_uni,2,1,26,targ_class1,-310.0,53.0
51,conjunction_blocks,conj_uni,2,1,27,targ_class2,174.0,5.0
51,conjunction_blocks,conj_uni,2,1,28,targ_class1,182.0,246.0
51,conjunction_blocks,conj_uni,2,1,29,targ_class2,-339.0,-164.0
51,conjunction_blocks,conj_uni,2,1,30,targ_class2,113.0,264.0
51,conjunction_blocks,conj_uni,2,1,31,dist_class1,86.0,214.0
51,conjunction_blocks,conj_uni,2,1,32,dist_class2,-40.0,341.0
51,conjunction_blocks,conj_uni,2,1,33,targ_class1,42.0,10.0
51,conjunction_blocks,conj_uni,2,1,34,targ_class1,-54.0,-333.0
51,conjunction_blocks,conj_uni,2,1,35,dist_class2,-86.0,-67.0
51,conjunction_blocks,conj_uni,2,1,36,dist_class2,-362.0,-235.0
51,conjunction_blocks,conj_uni,2,1,37,dist_class2,-147.0,2.0
51,conjunction_blocks,conj_uni,2,1,38,targ_class2,294.0,-121.0
51,conjunction_blocks,conj_uni,2,1,39,targ_class1,217.0,42.0
51,conjunction_blocks,conj_uni,2,1,40,dist_class2,276.0,113.0
51,conjunction_blocks,conj_uni,2,1,41,targ_class2,108.0,-26.0
51,conjunction_blocks,conj_uni,2,1,42,targ_class1,-263.0,187.0
51,conjunction_blocks,conj_uni,2,1,43,dist_class1,257.0,266.0
51,conjunction_blocks,conj_uni,2,1,44,targ_class2,299.0,61.0
51,conjunction_blocks,conj_uni,2,1,45,dist_class1,195.0,343.0
51,conjunction_blocks,conj_uni,2,1,46,dist_class2,-133.0,338.0
51,conjunction_blocks,conj_uni,2,1,47,dist_class1,249.0,328.0
51,conjunction_blocks,conj_uni,2,1,48,targ_class2,-283.0,-163.0
51,conjunction_blocks,conj_uni,2,1,49,targ_class2,44.0,70.0
51,conjunction_blocks,conj_grid,0,1,1,targ_class1,-335.0,-336.0
51,conjunction_blocks,conj_grid,0,1,2,targ_class2,-241.0,-324.0
51,conjunction_blocks,conj_grid,0,1,3,dist_class2,-117.0,-336.0
51,conjunction_blocks,conj_grid,0,1,4,dist_class2,8.0,-346.0
51,conjunction_blocks,conj_grid,0,1,5,dist_class1,102.0,-324.0
51,conjunction_blocks,conj_grid,0,1,6,dist_class2,201.0,-333.0
51,conjunction_blocks,conj_grid,0,1,7,dist_class1,331.0,-323.0
51,conjunction_blocks,conj_grid,0,1,8,dist_class1,-330.0,-202.0
51,conjunction_blocks,conj_grid,0,1,9,targ_class1,-205.0,-210.0
51,conjunction_blocks,conj_grid,0,1,10,dist_class2,-102.0,-243.0
51,conjunction_blocks,conj_grid,0,1,11,targ_class1,18.0,-226.0
51,conjunction_blocks,conj_grid,0,1,12,dist_class1,112.0,-191.0
51,conjunction_blocks,conj_grid,0,1,13,dist_class2,214.0,-218.0
51,conjunction_blocks,conj_grid,0,1,14,dist_class2,337.0,-224.0
51,conjunction_blocks,conj_grid,0,1,15,targ_class1,-329.0,-114.0
51,conjunction_blocks,conj_grid,0,1,16,targ_class2,-237.0,-96.0
51,conjunction_blocks,conj_grid,0,1,17,dist_class2,-103.0,-116.0
51,conjunction_blocks,conj_grid,0,1,18,dist_class2,8.0,-111.0
51,conjunction_blocks,conj_grid,0,1,19,dist_class1,106.0,-109.0
51,conjunction_blocks,conj_grid,0,1,20,targ_class2,209.0,-118.0
51,conjunction_blocks,conj_grid,0,1,21,dist_class1,325.0,-104.0
51,conjunction_blocks,conj_grid,0,1,22,targ_class2,-339.0,10.0
51,conjunction_blocks,conj_grid,0,1,23,targ_class2,-211.0,9.0
51,conjunction_blocks,conj_grid,0,1,24,dist_class1,-87.0,3.0
51,conjunction_blocks,conj_grid,0,1,25,targ_class1,20.0,-0.0
51,conjunction_blocks,conj_grid,0,1,26,dist_class2,86.0,10.0
51,conjunction_blocks,conj_grid,0,1,27,dist_class1,210.0,11.0
51,conjunction_blocks,conj_grid,0,1,28,targ_class1,320.0,-4.0
51,conjunction_blocks,conj_grid,0,1,29,dist_class1,-325.0,119.0
51,conjunction_blocks,conj_grid,0,1,30,targ_class2,-222.0,113.0
51,conjunction_blocks,conj_grid,0,1,31,targ_class1,-99.0,111.0
51,conjunction_blocks,conj_grid,0,1,32,dist_class2,11.0,113.0
51,conjunction_blocks,conj_grid,0,1,33,targ_class2,115.0,134.0
51,conjunction_blocks,conj_grid,0,1,34,targ_class2,215.0,105.0
51,conjunction_blocks,conj_grid,0,1,35,targ_class2,333.0,112.0
51,conjunction_blocks,conj_grid,0,1,36,dist_class2,-322.0,208.0
51,conjunction_blocks,conj_grid,0,1,37,targ_class2,-202.0,213.0
51,conjunction_blocks,conj_grid,0,1,38,dist_class1,-116.0,223.0
51,conjunction_blocks,conj_grid,0,1,39,targ_class2,-7.0,226.0
51,conjunction_blocks,conj_grid,0,1,40,targ_class1,118.0,228.0
51,conjunction_blocks,conj_grid,0,1,41,dist_class1,222.0,230.0
51,conjunction_blocks,conj_grid,0,1,42,targ_class2,315.0,226.0
51,conjunction_blocks,conj_grid,0,1,43,targ_class1,-325.0,322.0
51,conjunction_blocks,conj_grid,0,1,44,targ_class1,-219.0,322.0
51,conjunction_blocks,conj_grid,0,1,45,targ_class1,-113.0,325.0
51,conjunction_blocks,conj_grid,0,1,46,dist_class1,-10.0,328.0
51,conjunction_blocks,conj_grid,0,1,47,targ_class1,108.0,351.0
51,conjunction_blocks,conj_grid,0,1,48,dist_class2,212.0,312.0
51,conjunction_blocks,conj_grid,0,1,49,dist_class2,326.0,330.0
51,conjunction_blocks,conj_uni,4,1,1,targ_class1,257.0,216.0
51,conjunction_blocks,conj_uni,4,1,2,dist_class1,64.0,-111.0
51,conjunction_blocks,conj_uni,4,1,3,targ_class2,-54.0,65.0
51,conjunction_blocks,conj_uni,4,1,4,dist_class2,-241.0,-117.0
51,conjunction_blocks,conj_uni,4,1,5,dist_class2,325.0,-313.0
51,conjunction_blocks,conj_uni,4,1,6,targ_class1,-29.0,115.0
51,conjunction_blocks,conj_uni,4,1,7,dist_class2,114.0,205.0
51,conjunction_blocks,conj_uni,4,1,8,dist_class1,-181.0,271.0
51,conjunction_blocks,conj_uni,4,1,9,targ_class1,-192.0,326.0
51,conjunction_blocks,conj_uni,4,1,10,targ_class2,43.0,-285.0
51,conjunction_blocks,conj_uni,4,1,11,targ_class2,360.0,-81.0
51,conjunction_blocks,conj_uni,4,1,12,dist_class1,229.0,-296.0
51,conjunction_blocks,conj_uni,4,1,13,dist_class1,-268.0,-32.0
51,conjunction_blocks,conj_uni,4,1,14,targ_class2,-126.0,64.0
51,conjunction_blocks,conj_uni,4,1,15,targ_class2,-302.0,73.0
51,conjunction_blocks,conj_uni,4,1,16,dist_class2,357.0,40.0
51,conjunction_blocks,conj_uni,4,1,17,dist_class2,-193.0,-313.0
51,conjunction_blocks,conj_uni,4,1,18,targ_class2,292.0,81.0
51,conjunction_blocks,conj_uni,4,1,19,dist_class1,250.0,-172.0
51,conjunction_blocks,conj_uni,4,1,20,targ_class1,2.0,212.0
51,conjunction_blocks,conj_uni,4,1,21,targ_class2,109.0,357.0
51,conjunction_blocks,conj_uni,4,1,22,targ_class1,317.0,-369.0
51,conjunction_blocks,conj_uni,4,1,23,dist_class1,21.0,89.0
51,conjunction_blocks,conj_uni,4,1,24,targ_class1,87.0,-321.0
51,conjunction_blocks,conj_uni,4,1,25,dist_class2,306.0,-46.0
51,conjunction_blocks,conj_uni,4,1,26,dist_class1,-324.0,-37.0
51,conjunction_blocks,conj_uni,4,1,27,targ_class2,77.0,20.0
51,conjunction_blocks,conj_uni,4,1,28,dist_class2,105.0,-269.0
51,conjunction_blocks,conj_uni,4,1,29,dist_class2,-194.0,-83.0
51,conjunction_blocks,conj_uni,4,1,30,targ_class2,64.0,125.0
51,conjunction_blocks,conj_uni,4,1,31,dist_class2,-223.0,212.0
51,conjunction_blocks,conj_uni,4,1,32,dist_class1,-279.0,-327.0
51,conjunction_blocks,conj_uni,4,1,33,dist_class1,270.0,1.0
51,conjunction_blocks,conj_uni,4,1,34,dist_class1,1.0,301.0
51,conjunction_blocks,conj_uni,4,1,35,targ_class1,56.0,227.0
51,conjunction_blocks,conj_uni,4,1,36,targ_class1,172.0,341.0
51,conjunction_blocks,conj_uni,4,1,37,targ_class1,-203.0,53.0
51,conjunction_blocks,conj_uni,4,1,38,dist_class2,-67.0,-154.0
51,conjunction_blocks,conj_uni,4,1,39,targ_class2,-33.0,255.0
51,conjunction_blocks,conj_uni,4,1,40,dist_class1,-167.0,200.0
51,conjunction_blocks,conj_uni,4,1,41,targ_class1,194.0,-167.0
51,conjunction_blocks,conj_uni,4,1,42,dist_class2,277.0,-94.0
51,conjunction_blocks,conj_uni,4,1,43,dist_class1,143.0,293.0
51,conjunction_blocks,conj_uni,4,1,44,targ_class1,274.0,-222.0
51,conjunction_blocks,conj_uni,4,1,45,dist_class2,-109.0,-191.0
51,conjunction_blocks,conj_uni,4,1,46,dist_class2,130.0,-358.0
51,conjunction_blocks,conj_uni,4,1,47,targ_class1,61.0,283.0
51,conjunction_blocks,conj_uni,4,1,48,targ_class2,-237.0,154.0
51,conjunction_blocks,conj_uni,4,1,49,targ_class2,39.0,-349.0
