person,block,condition,trial,attempt,id,item_class,x,y
4,prac_feat,feat_grid,0,1,1,targ_class2,-330.0,-333.0
4,prac_feat,feat_grid,0,1,2,dist_class1,-210.0,-338.0
4,prac_feat,feat_grid,0,1,3,dist_class2,-115.0,-309.0
4,prac_feat,feat_grid,0,1,4,dist_class2,-16.0,-309.0
4,prac_feat,feat_grid,0,1,5,dist_class2,106.0,-310.0
4,prac_feat,feat_grid,0,1,6,dist_class2,226.0,-324.0
4,prac_feat,feat_grid,0,1,7,targ_class1,324.0,-326.0
4,prac_feat,feat_grid,0,1,8,targ_class2,-336.0,-200.0
4,prac_feat,feat_grid,0,1,9,targ_class2,-223.0,-210.0
4,prac_feat,feat_grid,0,1,10,targ_class1,-104.0,-206.0
4,prac_feat,feat_grid,0,1,11,dist_class2,1.0,-200.0
4,prac_feat,feat_grid,0,1,12,dist_class1,113.0,-216.0
4,prac_feat,feat_grid,0,1,13,dist_class2,217.0,-216.0
4,prac_feat,feat_grid,0,1,14,targ_class2,320.0,-207.0
4,prac_feat,feat_grid,0,1,15,dist_class1,-343.0,-114.0
4,prac_feat,feat_grid,0,1,16,targ_class2,-203.0,-100.0
4,prac_feat,feat_grid,0,1,17,targ_class2,-87.0,-108.0
4,prac_feat,feat_grid,0,1,18,dist_class2,7.0,-110.0
4,prac_feat,feat_grid,0,1,19,targ_class2,90.0,-95.0
4,prac_feat,feat_grid,0,1,20,targ_class1,230.0,-100.0
4,prac_feat,feat_grid,0,1,21,targ_class2,324.0,-110.0
4,prac_feat,feat_grid,0,1,22,dist_class1,-326.0,-5.0
4,prac_feat,feat_grid,0,1,23,targ_class1,-226.0,-6.0
4,prac_feat,feat_grid,0,1,24,dist_class2,-102.0,5.0
4,prac_feat,feat_grid,0,1,25,targ_class1,8.0,-0.0
4,prac_feat,feat_grid,0,1,26,targ_class1,113.0,-3.0
4,prac_feat,feat_grid,0,1,27,targ_class2,208.0,-7.0
4,prac_feat,feat_grid,0,1,28,targ_class1,308.0,-10.0
4,prac_feat,feat_grid,0,1,29,targ_class1,-325.0,115.0
4,prac_feat,feat_grid,0,1,30,dist_class1,-212.0,108.0
4,prac_feat,feat_grid,0,1,31,dist_class1,-93.0,99.0
4,prac_feat,feat_grid,0,1,32,targ_class1,4.0,111.0
4,prac_feat,feat_grid,0,1,33,targ_class2,104.0,112.0
4,prac_feat,feat_grid,0,1,34,dist_class1,227.0,117.0
4,prac_feat,feat_grid,0,1,35,dist_class2,315.0,120.0
4,prac_feat,feat_grid,0,1,36,targ_class2,-332.0,211.0
4,prac_feat,feat_grid,0,1,37,targ_class2,-223.0,197.0
4,prac_feat,feat_grid,0,1,38,dist_class2,-112.0,227.0
4,prac_feat,feat_grid,0,1,39,dist_class2,11.0,223.0
4,prac_feat,feat_grid,0,1,40,dist_class1,106.0,212.0
4,prac_feat,feat_grid,0,1,41,dist_class2,199.0,215.0
4,prac_feat,feat_grid,0,1,42,targ_class1,340.0,218.0
4,prac_feat,feat_grid,0,1,43,dist_class1,-328.0,329.0
4,prac_feat,feat_grid,0,1,44,dist_class2,-204.0,338.0
4,prac_feat,feat_grid,0,1,45,dist_class1,-110.0,316.0
4,prac_feat,feat_grid,0,1,46,dist_class1,-22.0,319.0
4,prac_feat,feat_grid,0,1,47,dist_class1,105.0,328.0
4,prac_feat,feat_grid,0,1,48,targ_class1,215.0,319.0
4,prac_feat,feat_grid,0,1,49,targ_class1,352.0,326.0
4,prac_feat,feat_grid,1,1,1,targ_class2,-319.0,-329.0
4,prac_feat,feat_grid,1,1,2,targ_class1,-213.0,-320.0
4,prac_feat,feat_grid,1,1,3,dist_class1,-109.0,-319.0
4,prac_feat,feat_grid,1,1,4,targ_class2,11.0,-316.0
4,prac_feat,feat_grid,1,1,5,dist_class2,118.0,-308.0
4,prac_feat,feat_grid,1,1,6,targ_class1,214.0,-304.0
4,prac_feat,feat_grid,1,1,7,targ_class1,334.0,-340.0
4,prac_feat,feat_grid,1,1,8,targ_class1,-312.0,-201.0
4,prac_feat,feat_grid,1,1,9,dist_class2,-211.0,-222.0
4,prac_feat,feat_grid,1,1,10,targ_class2,-104.0,-222.0
4,prac_feat,feat_grid,1,1,11,dist_class1,7.0,-216.0
4,prac_feat,feat_grid,1,1,12,dist_class2,103.0,-207.0
4,prac_feat,feat_grid,1,1,13,targ_class1,226.0,-213.0
4,prac_feat,feat_grid,1,1,14,dist_class2,323.0,-228.0
4,prac_feat,feat_grid,1,1,15,dist_class2,-327.0,-119.0
4,prac_feat,feat_grid,1,1,16,dist_class1,-241.0,-118.0
4,prac_feat,feat_grid,1,1,17,dist_class2,-100.0,-92.0
4,prac_feat,feat_grid,1,1,18,dist_class1,13.0,-95.0
4,prac_feat,feat_grid,1,1,19,targ_class2,113.0,-119.0
4,prac_feat,feat_grid,1,1,20,targ_class2,194.0,-114.0
4,prac_feat,feat_grid,1,1,21,dist_class1,314.0,-127.0
4,prac_feat,feat_grid,1,1,22,targ_class2,-296.0,-0.0
4,prac_feat,feat_grid,1,1,23,dist_class2,-214.0,-9.0
4,prac_feat,feat_grid,1,1,24,targ_class2,-114.0,-13.0
4,prac_feat,feat_grid,1,1,25,targ_class2,0.0,-3.0
4,prac_feat,feat_grid,1,1,26,targ_class1,95.0,0.0
4,prac_feat,feat_grid,1,1,27,targ_class1,204.0,-6.0
4,prac_feat,feat_grid,1,1,28,dist_class1,322.0,16.0
4,prac_feat,feat_grid,1,1,29,targ_class1,-322.0,113.0
4,prac_feat,feat_grid,1,1,30,dist_class1,-227.0,108.0
4,prac_feat,feat_grid,1,1,31,dist_class1,-120.0,109.0
4,prac_feat,feat_grid,1,1,32,dist_class1,-3.0,127.0
4,prac_feat,feat_grid,1,1,33,dist_class2,101.0,116.0
4,prac_feat,feat_grid,1,1,34,dist_class2,215.0,109.0
4,prac_feat,feat_grid,1,1,35,targ_class2,330.0,117.0
4,prac_feat,feat_grid,1,1,36,targ_class1,-329.0,217.0
4,prac_feat,feat_grid,1,1,37,targ_class2,-222.0,197.0
4,prac_feat,feat_grid,1,1,38,dist_class1,-110.0,231.0
4,prac_feat,feat_grid,1,1,39,dist_class1,-5.0,215.0
4,prac_feat,feat_grid,1,1,40,targ_class1,124.0,211.0
4,prac_feat,feat_grid,1,1,41,dist_class2,220.0,198.0
4,prac_feat,feat_grid,1,1,42,dist_class1,320.0,225.0
4,prac_feat,feat_grid,1,1,43,targ_class2,-314.0,319.0
4,prac_feat,feat_grid,1,1,44,targ_class1,-213.0,320.0
4,prac_feat,feat_grid,1,1,45,dist_class2,-104.0,326.0
4,prac_feat,feat_grid,1,1,46,dist_class2,16.0,323.0
4,prac_feat,feat_grid,1,1,47,dist_class2,89.0,326.0
4,prac_feat,feat_grid,1,1,48,targ_class1,208.0,323.0
4,prac_feat,feat_grid,1,1,49,targ_class2,316.0,334.0
4,feature_blocks,feat_uni,3,1,1,targ_class2,-26.0,-21.0
4,feature_blocks,feat_uni,3,1,2,dist_class2,-285.0,-259.0
4,feature_blocks,feat_uni,3,1,3,dist_class2,-333.0,201.0
4,feature_blocks,feat_uni,3,1,4,targ_class1,-81.0,79.0
4,feature_blocks,feat_uni,3,1,5,targ_class2,-119.0,-0.0
4,feature_blocks,feat_uni,3,1,6,targ_class2,-45.0,-107.0
4,feature_blocks,feat_uni,3,1,7,targ_class2,34.0,-183.0
4,feature_blocks,feat_uni,3,1,8,dist_class1,215.0,-93.0
4,feature_blocks,feat_uni,3,1,9,targ_class2,-31.0,-244.0
4,feature_blocks,feat_uni,3,1,10,targ_class1,-84.0,164.0
4,feature_blocks,feat_uni,3,1,11,dist_class2,3.0,-77.0
4,feature_blocks,feat_uni,3,1,12,targ_class2,365.0,149.0
4,feature_blocks,feat_uni,3,1,13,dist_class1,-259.0,-85.0
4,feature_blocks,feat_uni,3,1,14,dist_class2,81.0,282.0
4,feature_blocks,feat_uni,3,1,15,targ_class1,-296.0,-156.0
4,feature_blocks,feat_uni,3,1,16,dist_class2,-138.0,180.0
4,feature_blocks,feat_uni,3,1,17,dist_class1,323.0,-66.0
4,feature_blocks,feat_uni,3,1,18,targ_class1,-231.0,-36.0
4,feature_blocks,feat_uni,3,1,19,dist_class2,348.0,318.0
4,feature_blocks,feat_uni,3,1,20,dist_class1,40.0,31.0
4,feature_blocks,feat_uni,3,1,21,dist_class2,84.0,-11.0
4,feature_blocks,feat_uni,3,1,22,targ_class2,-167.0,-29.0
4,feature_blocks,feat_uni,3,1,23,dist_class1,48.0,373.0
4,feature_blocks,feat_uni,3,1,24,targ_class1,36.0,318.0
4,feature_blocks,feat_uni,3,1,25,targ_class2,-230.0,-249.0
4,feature_blocks,feat_uni,3,1,26,dist_class1,300.0,136.0
4,feature_blocks,feat_uni,3,1,27,dist_class1,320.0,188.0
4,feature_blocks,feat_uni,3,1,28,dist_class1,288.0,81.0
4,feature_blocks,feat_uni,3,1,29,targ_class2,161.0,166.0
4,feature_blocks,feat_uni,3,1,30,targ_class1,-197.0,-295.0
4,feature_blocks,feat_uni,3,1,31,targ_class2,-39.0,-189.0
4,feature_blocks,feat_uni,3,1,32,targ_class1,-137.0,90.0
4,feature_blocks,feat_uni,3,1,33,targ_class1,-187.0,-160.0
4,feature_blocks,feat_uni,3,1,34,dist_class2,-260.0,360.0
4,feature_blocks,feat_uni,3,1,35,targ_class1,184.0,-154.0
4,feature_blocks,feat_uni,3,1,36,targ_class1,101.0,101.0
4,feature_blocks,feat_uni,3,1,37,targ_class2,280.0,10.0
4,feature_blocks,feat_uni,3,1,38,dist_class2,-289.0,-18.0
4,feature_blocks,feat_uni,3,1,39,dist_class2,19.0,-269.0
4,feature_blocks,feat_uni,3,1,40,dist_class1,-110.0,249.0
4,feature_blocks,feat_uni,3,1,41,dist_class2,-312.0,-100.0
4,feature_blocks,feat_uni,3,1,42,targ_class1,32.0,-29.0
4,feature_blocks,feat_uni,3,1,43,dist_class1,9.0,-134.0
4,feature_blocks,feat_uni,3,1,44,targ_class2,-181.0,139.0
4,feature_blocks,feat_uni,3,1,45,dist_class1,205.0,356.0
4,feature_blocks,feat_uni,3,1,46,dist_class1,242.0,-317.0
4,feature_blocks,feat_uni,3,1,47,targ_class1,-340.0,-245.0
4,feature_blocks,feat_uni,3,1,48,dist_class2,-151.0,-261.0
4,feature_blocks,feat_uni,3,1,49,dist_class2,-185.0,-216.0
4,feature_blocks,feat_uni,2,1,1,dist_class2,-63.0,81.0
4,feature_blocks,feat_uni,2,1,2,dist_class2,-74.0,-191.0
4,feature_blocks,feat_uni,2,1,3,targ_class1,358.0,-47.0
4,feature_blocks,feat_uni,2,1,4,dist_class2,377.0,57.0
4,feature_blocks,feat_uni,2,1,5,targ_class1,283.0,-305.0
4,feature_blocks,feat_uni,2,1,6,targ_class2,16.0,82.0
4,feature_blocks,feat_uni,2,1,7,targ_class2,-25.0,122.0
4,feature_blocks,feat_uni,2,1,8,dist_class1,259.0,-147.0
4,feature_blocks,feat_uni,2,1,9,targ_class1,38.0,247.0
4,feature_blocks,feat_uni,2,1,10,targ_class2,239.0,-244.0
4,feature_blocks,feat_uni,2,1,11,targ_class2,-220.0,169.0
4,feature_blocks,feat_uni,2,1,12,dist_class2,286.0,-195.0
4,feature_blocks,feat_uni,2,1,13,dist_class2,244.0,-76.0
4,feature_blocks,feat_uni,2,1,14,dist_class2,21.0,9.0
4,feature_blocks,feat_uni,2,1,15,targ_class2,154.0,357.0
4,feature_blocks,feat_uni,2,1,16,targ_class1,159.0,301.0
4,feature_blocks,feat_uni,2,1,17,dist_class1,-24.0,41.0
4,feature_blocks,feat_uni,2,1,18,targ_class1,-131.0,284.0
4,feature_blocks,feat_uni,2,1,19,dist_class1,105.0,168.0
4,feature_blocks,feat_uni,2,1,20,targ_class1,213.0,60.0
4,feature_blocks,feat_uni,2,1,21,dist_class2,351.0,-255.0
4,feature_blocks,feat_uni,2,1,22,dist_class2,-90.0,-273.0
4,feature_blocks,feat_uni,2,1,23,dist_class1,-14.0,-118.0
4,feature_blocks,feat_uni,2,1,24,targ_class1,-17.0,257.0
4,feature_blocks,feat_uni,2,1,25,dist_class2,35.0,-161.0
4,feature_blocks,feat_uni,2,1,26,targ_class2,-168.0,326.0
4,feature_blocks,feat_uni,2,1,27,dist_class1,142.0,247.0
4,feature_blocks,feat_uni,2,1,28,targ_class2,306.0,-116.0
4,feature_blocks,feat_uni,2,1,29,targ_class2,295.0,-250.0
4,feature_blocks,feat_uni,2,1,30,targ_class2,321.0,45.0
4,feature_blocks,feat_uni,2,1,31,dist_class2,220.0,-189.0
4,feature_blocks,feat_uni,2,1,32,dist_class2,242.0,143.0
4,feature_blocks,feat_uni,2,1,33,targ_class1,-192.0,-121.0
4,feature_blocks,feat_uni,2,1,34,dist_class2,220.0,-25.0
4,feature_blocks,feat_uni,2,1,35,dist_class1,34.0,190.0
4,feature_blocks,feat_uni,2,1,36,dist_class1,-22.0,200.0
4,feature_blocks,feat_uni,2,1,37,dist_class1,-264.0,278.0
4,feature_blocks,feat_uni,2,1,38,dist_class2,199.0,248.0
4,feature_blocks,feat_uni,2,1,39,targ_class1,-300.0,-292.0
4,feature_blocks,feat_uni,2,1,40,targ_class1,-243.0,-173.0
4,feature_blocks,feat_uni,2,1,41,targ_class1,320.0,-346.0
4,feature_blocks,feat_uni,2,1,42,dist_class1,-292.0,-58.0
4,feature_blocks,feat_uni,2,1,43,dist_class1,-308.0,242.0
4,feature_blocks,feat_uni,2,1,44,targ_class2,-100.0,149.0
4,feature_blocks,feat_uni,2,1,45,targ_class2,325.0,261.0
4,feature_blocks,feat_uni,2,1,46,targ_class1,163.0,33.0
4,feature_blocks,feat_uni,2,1,47,dist_class1,-138.0,-140.0
4,feature_blocks,feat_uni,2,1,48,dist_class1,24.0,334.0
4,feature_blocks,feat_uni,2,1,49,targ_class2,-269.0,140.0
4,feature_blocks,feat_uni,2,2,1,dist_class2,-292.0,-27.0
4,feature_blocks,feat_uni,2,2,2,dist_class1,-189.0,-258.0
4,feature_blocks,feat_uni,2,2,3,dist_class1,87.0,61.0
4,feature_blocks,feat_uni,2,2,4,targ_class1,197.0,84.0
4,feature_blocks,feat_uni,2,2,5,targ_class1,283.0,345.0
4,feature_blocks,feat_uni,2,2,6,targ_class1,54.0,226.0
4,feature_blocks,feat_uni,2,2,7,dist_class2,261.0,-2.0
4,feature_blocks,feat_uni,2,2,8,targ_class1,-43.0,-290.0
4,feature_blocks,feat_uni,2,2,9,targ_class1,352.0,-230.0
4,feature_blocks,feat_uni,2,2,10,targ_class2,318.0,-29.0
4,feature_blocks,feat_uni,2,2,11,targ_class2,-192.0,363.0
4,feature_blocks,feat_uni,2,2,12,dist_class1,-149.0,-210.0
4,feature_blocks,feat_uni,2,2,13,targ_class1,-258.0,-89.0
4,feature_blocks,feat_uni,2,2,14,dist_class2,60.0,169.0
4,feature_blocks,feat_uni,2,2,15,dist_class1,-91.0,242.0
4,feature_blocks,feat_uni,2,2,16,dist_class2,-357.0,117.0
4,feature_blocks,feat_uni,2,2,17,targ_class1,-343.0,-236.0
4,feature_blocks,feat_uni,2,2,18,dist_class2,150.0,-117.0
4,feature_blocks,feat_uni,2,2,19,dist_class1,-126.0,-67.0
4,feature_blocks,feat_uni,2,2,20,dist_class1,-68.0,61.0
4,feature_blocks,feat_uni,2,2,21,dist_class2,-24.0,245.0
4,feature_blocks,feat_uni,2,2,22,targ_class1,152.0,15.0
4,feature_blocks,feat_uni,2,2,23,dist_class2,267.0,-58.0
4,feature_blocks,feat_uni,2,2,24,dist_class2,35.0,-232.0
4,feature_blocks,feat_uni,2,2,25,targ_class2,117.0,-236.0
4,feature_blocks,feat_uni,2,2,26,targ_class2,283.0,289.0
4,feature_blocks,feat_uni,2,2,27,dist_class2,-339.0,-179.0
4,feature_blocks,feat_uni,2,2,28,targ_class1,-145.0,218.0
4,feature_blocks,feat_uni,2,2,29,targ_class2,358.0,147.0
4,feature_blocks,feat_uni,2,2,30,dist_class2,-315.0,-114.0
4,feature_blocks,feat_uni,2,2,31,targ_class2,-249.0,-236.0
4,feature_blocks,feat_uni,2,2,32,dist_class1,358.0,203.0
4,feature_blocks,feat_uni,2,2,33,dist_class2,143.0,71.0
4,feature_blocks,feat_uni,2,2,34,targ_class2,97.0,4.0
4,feature_blocks,feat_uni,2,2,35,targ_class1,-46.0,188.0
4,feature_blocks,feat_uni,2,2,36,dist_class2,-210.0,310.0
4,feature_blocks,feat_uni,2,2,37,targ_class2,148.0,-61.0
4,feature_blocks,feat_uni,2,2,38,dist_class1,84.0,359.0
4,feature_blocks,feat_uni,2,2,39,dist_class2,-320.0,302.0
4,feature_blocks,feat_uni,2,2,40,targ_class1,252.0,94.0
4,feature_blocks,feat_uni,2,2,41,targ_class2,-235.0,-38.0
4,feature_blocks,feat_uni,2,2,42,targ_class2,290.0,-353.0
4,feature_blocks,feat_uni,2,2,43,dist_class1,-91.0,-319.0
4,feature_blocks,feat_uni,2,2,44,dist_class1,-107.0,19.0
4,feature_blocks,feat_uni,2,2,45,dist_class1,308.0,239.0
4,feature_blocks,feat_uni,2,2,46,targ_class2,23.0,20.0
4,feature_blocks,feat_uni,2,2,47,targ_class1,227.0,355.0
4,feature_blocks,feat_uni,2,2,48,dist_class1,143.0,209.0
4,feature_blocks,feat_uni,2,2,49,targ_class2,6.0,311.0
4,feature_blocks,feat_grid,1,1,1,dist_class1,-325.0,-328.0
4,feature_blocks,feat_grid,1,1,2,targ_class2,-216.0,-333.0
4,feature_blocks,feat_grid,1,1,3,targ_class2,-116.0,-323.0
4,feature_blocks,feat_grid,1,1,4,dist_class1,4.0,-321.0
4,feature_blocks,feat_grid,1,1,5,dist_class1,109.0,-324.0
4,feature_blocks,feat_grid,1,1,6,dist_class2,219.0,-318.0
4,feature_blocks,feat_grid,1,1,7,targ_class1,338.0,-314.0
4,feature_blocks,feat_grid,1,1,8,dist_class2,-320.0,-194.0
4,feature_blocks,feat_grid,1,1,9,dist_class1,-210.0,-221.0
4,feature_blocks,feat_grid,1,1,10,targ_class2,-107.0,-208.0
4,feature_blocks,feat_grid,1,1,11,targ_class1,-1.0,-226.0
4,feature_blocks,feat_grid,1,1,12,targ_class2,111.0,-213.0
4,feature_blocks,feat_grid,1,1,13,dist_class2,219.0,-215.0
4,feature_blocks,feat_grid,1,1,14,dist_class1,338.0,-210.0
4,feature_blocks,feat_grid,1,1,15,dist_class1,-317.0,-101.0
4,feature_blocks,feat_grid,1,1,16,dist_class2,-214.0,-125.0
4,feature_blocks,feat_grid,1,1,17,dist_class2,-120.0,-106.0
4,feature_blocks,feat_grid,1,1,18,dist_class2,1.0,-113.0
4,feature_blocks,feat_grid,1,1,19,targ_class2,113.0,-109.0
4,feature_blocks,feat_grid,1,1,20,targ_class1,217.0,-110.0
4,feature_blocks,feat_grid,1,1,21,dist_class1,321.0,-103.0
4,feature_blocks,feat_grid,1,1,22,targ_class2,-328.0,9.0
4,feature_blocks,feat_grid,1,1,23,targ_class1,-206.0,10.0
4,feature_blocks,feat_grid,1,1,24,dist_class2,-105.0,9.0
4,feature_blocks,feat_grid,1,1,25,targ_class2,-16.0,-3.0
4,feature_blocks,feat_grid,1,1,26,dist_class1,105.0,-13.0
4,feature_blocks,feat_grid,1,1,27,dist_class2,220.0,3.0
4,feature_blocks,feat_grid,1,1,28,targ_class2,333.0,2.0
4,feature_blocks,feat_grid,1,1,29,dist_class1,-333.0,104.0
4,feature_blocks,feat_grid,1,1,30,targ_class2,-207.0,110.0
4,feature_blocks,feat_grid,1,1,31,targ_class1,-109.0,110.0
4,feature_blocks,feat_grid,1,1,32,dist_class1,18.0,113.0
4,feature_blocks,feat_grid,1,1,33,targ_class1,95.0,109.0
4,feature_blocks,feat_grid,1,1,34,targ_class2,219.0,106.0
4,feature_blocks,feat_grid,1,1,35,dist_class2,326.0,102.0
4,feature_blocks,feat_grid,1,1,36,dist_class2,-315.0,231.0
4,feature_blocks,feat_grid,1,1,37,targ_class1,-229.0,217.0
4,feature_blocks,feat_grid,1,1,38,dist_class2,-102.0,214.0
4,feature_blocks,feat_grid,1,1,39,dist_class1,12.0,227.0
4,feature_blocks,feat_grid,1,1,40,targ_class1,103.0,220.0
4,feature_blocks,feat_grid,1,1,41,targ_class1,210.0,208.0
4,feature_blocks,feat_grid,1,1,42,targ_class2,330.0,231.0
4,feature_blocks,feat_grid,1,1,43,dist_class2,-316.0,317.0
4,feature_blocks,feat_grid,1,1,44,dist_class1,-207.0,318.0
4,feature_blocks,feat_grid,1,1,45,targ_class1,-111.0,327.0
4,feature_blocks,feat_grid,1,1,46,targ_class1,5.0,306.0
4,feature_blocks,feat_grid,1,1,47,targ_class1,114.0,307.0
4,feature_blocks,feat_grid,1,1,48,targ_class2,205.0,312.0
4,feature_blocks,feat_grid,1,1,49,dist_class2,335.0,327.0
4,feature_blocks,feat_grid,3,1,1,targ_class2,-331.0,-301.0
4,feature_blocks,feat_grid,3,1,2,dist_class2,-223.0,-334.0
4,feature_blocks,feat_grid,3,1,3,dist_class2,-104.0,-340.0
4,feature_blocks,feat_grid,3,1,4,dist_class1,-3.0,-331.0
4,feature_blocks,feat_grid,3,1,5,targ_class1,115.0,-321.0
4,feature_blocks,feat_grid,3,1,6,dist_class2,222.0,-315.0
4,feature_blocks,feat_grid,3,1,7,dist_class2,330.0,-335.0
4,feature_blocks,feat_grid,3,1,8,dist_class2,-316.0,-234.0
4,feature_blocks,feat_grid,3,1,9,dist_class1,-222.0,-209.0
4,feature_blocks,feat_grid,3,1,10,dist_class2,-126.0,-206.0
4,feature_blocks,feat_grid,3,1,11,targ_class2,3.0,-235.0
4,feature_blocks,feat_grid,3,1,12,targ_class1,94.0,-212.0
4,feature_blocks,feat_grid,3,1,13,dist_class1,218.0,-216.0
4,feature_blocks,feat_grid,3,1,14,targ_class2,316.0,-227.0
4,feature_blocks,feat_grid,3,1,15,targ_class2,-308.0,-114.0
4,feature_blocks,feat_grid,3,1,16,targ_class1,-221.0,-96.0
4,feature_blocks,feat_grid,3,1,17,targ_class2,-101.0,-109.0
4,feature_blocks,feat_grid,3,1,18,targ_class1,-14.0,-87.0
4,feature_blocks,feat_grid,3,1,19,dist_class2,119.0,-111.0
4,feature_blocks,feat_grid,3,1,20,dist_class2,222.0,-113.0
4,feature_blocks,feat_grid,3,1,21,dist_class2,301.0,-114.0
4,feature_blocks,feat_grid,3,1,22,dist_class2,-315.0,4.0
4,feature_blocks,feat_grid,3,1,23,dist_class1,-229.0,-1.0
4,feature_blocks,feat_grid,3,1,24,targ_class2,-102.0,-12.0
4,feature_blocks,feat_grid,3,1,25,dist_class2,11.0,-2.0
4,feature_blocks,feat_grid,3,1,26,targ_class2,92.0,-15.0
4,feature_blocks,feat_grid,3,1,27,dist_class2,236.0,-7.0
4,feature_blocks,feat_grid,3,1,28,targ_class2,329.0,-3.0
4,feature_blocks,feat_grid,3,1,29,targ_class1,-315.0,118.0
4,feature_blocks,feat_grid,3,1,30,targ_class1,-201.0,120.0
4,feature_blocks,feat_grid,3,1,31,targ_class2,-106.0,94.0
4,feature_blocks,feat_grid,3,1,32,targ_class1,0.0,118.0
4,feature_blocks,feat_grid,3,1,33,targ_class2,106.0,97.0
4,feature_blocks,feat_grid,3,1,34,dist_class1,228.0,121.0
4,feature_blocks,feat_grid,3,1,35,targ_class1,317.0,118.0
4,feature_blocks,feat_grid,3,1,36,targ_class1,-338.0,208.0
4,feature_blocks,feat_grid,3,1,37,dist_class1,-212.0,217.0
4,feature_blocks,feat_grid,3,1,38,targ_class2,-108.0,219.0
4,feature_blocks,feat_grid,3,1,39,targ_class1,-5.0,210.0
4,feature_blocks,feat_grid,3,1,40,targ_class2,113.0,238.0
4,feature_blocks,feat_grid,3,1,41,dist_class1,223.0,211.0
4,feature_blocks,feat_grid,3,1,42,dist_class1,326.0,210.0
4,feature_blocks,feat_grid,3,1,43,dist_class1,-345.0,334.0
4,feature_blocks,feat_grid,3,1,44,dist_class1,-229.0,333.0
4,feature_blocks,feat_grid,3,1,45,dist_class1,-91.0,327.0
4,feature_blocks,feat_grid,3,1,46,targ_class1,-15.0,326.0
4,feature_blocks,feat_grid,3,1,47,dist_class1,94.0,337.0
4,feature_blocks,feat_grid,3,1,48,targ_class1,222.0,340.0
4,feature_blocks,feat_grid,3,1,49,dist_class2,307.0,315.0
4,feature_blocks,feat_grid,0,1,1,targ_class1,-327.0,-315.0
4,feature_blocks,feat_grid,0,1,2,targ_class2,-231.0,-335.0
4,feature_blocks,feat_grid,0,1,3,dist_class1,-113.0,-331.0
4,feature_blocks,feat_grid,0,1,4,targ_class2,-3.0,-307.0
4,feature_blocks,feat_grid,0,1,5,targ_class1,93.0,-334.0
4,feature_blocks,feat_grid,0,1,6,dist_class2,206.0,-319.0
4,feature_blocks,feat_grid,0,1,7,dist_class2,331.0,-323.0
4,feature_blocks,feat_grid,0,1,8,targ_class2,-333.0,-226.0
4,feature_blocks,feat_grid,0,1,9,dist_class1,-213.0,-198.0
4,feature_blocks,feat_grid,0,1,10,dist_class2,-108.0,-207.0
4,feature_blocks,feat_grid,0,1,11,targ_class2,-5.0,-217.0
4,feature_blocks,feat_grid,0,1,12,targ_class1,101.0,-227.0
4,feature_blocks,feat_grid,0,1,13,targ_class1,217.0,-222.0
4,feature_blocks,feat_grid,0,1,14,dist_class1,324.0,-203.0
4,feature_blocks,feat_grid,0,1,15,targ_class2,-321.0,-90.0
4,feature_blocks,feat_grid,0,1,16,targ_class1,-216.0,-101.0
4,feature_blocks,feat_grid,0,1,17,dist_class2,-107.0,-110.0
4,feature_blocks,feat_grid,0,1,18,dist_class1,5.0,-106.0
4,feature_blocks,feat_grid,0,1,19,dist_class1,111.0,-124.0
4,feature_blocks,feat_grid,0,1,20,dist_class2,223.0,-100.0
4,feature_blocks,feat_grid,0,1,21,targ_class1,320.0,-118.0
4,feature_blocks,feat_grid,0,1,22,dist_class1,-341.0,-5.0
4,feature_blocks,feat_grid,0,1,23,targ_class2,-212.0,-14.0
4,feature_blocks,feat_grid,0,1,24,dist_class2,-96.0,-17.0
4,feature_blocks,feat_grid,0,1,25,dist_class1,1.0,-4.0
4,feature_blocks,feat_grid,0,1,26,targ_class1,108.0,5.0
4,feature_blocks,feat_grid,0,1,27,dist_class1,227.0,-8.0
4,feature_blocks,feat_grid,0,1,28,targ_class2,306.0,3.0
4,feature_blocks,feat_grid,0,1,29,targ_class2,-327.0,116.0
4,feature_blocks,feat_grid,0,1,30,dist_class2,-214.0,126.0
4,feature_blocks,feat_grid,0,1,31,dist_class2,-93.0,100.0
4,feature_blocks,feat_grid,0,1,32,targ_class2,8.0,110.0
4,feature_blocks,feat_grid,0,1,33,targ_class2,98.0,120.0
4,feature_blocks,feat_grid,0,1,34,dist_class1,227.0,92.0
4,feature_blocks,feat_grid,0,1,35,dist_class1,292.0,112.0
4,feature_blocks,feat_grid,0,1,36,dist_class1,-316.0,225.0
4,feature_blocks,feat_grid,0,1,37,targ_class1,-210.0,216.0
4,feature_blocks,feat_grid,0,1,38,dist_class1,-118.0,223.0
4,feature_blocks,feat_grid,0,1,39,dist_class2,-2.0,217.0
4,feature_blocks,feat_grid,0,1,40,dist_class2,90.0,220.0
4,feature_blocks,feat_grid,0,1,41,dist_class2,235.0,212.0
4,feature_blocks,feat_grid,0,1,42,dist_class2,320.0,218.0
4,feature_blocks,feat_grid,0,1,43,targ_class1,-312.0,334.0
4,feature_blocks,feat_grid,0,1,44,targ_class2,-224.0,327.0
4,feature_blocks,feat_grid,0,1,45,targ_class2,-110.0,330.0
4,feature_blocks,feat_grid,0,1,46,targ_class1,3.0,327.0
4,feature_blocks,feat_grid,0,1,47,dist_class2,112.0,317.0
4,feature_blocks,feat_grid,0,1,48,targ_class1,204.0,326.0
4,feature_blocks,feat_grid,0,1,49,targ_class1,316.0,324.0
4,feature_blocks,feat_grid,0,2,1,targ_class1,-320.0,-326.0
4,feature_blocks,feat_grid,0,2,2,dist_class1,-198.0,-329.0
4,feature_blocks,feat_grid,0,2,3,dist_class1,-97.0,-331.0
4,feature_blocks,feat_grid,0,2,4,dist_class1,-2.0,-337.0
4,feature_blocks,feat_grid,0,2,5,dist_class2,121.0,-348.0
4,feature_blocks,feat_grid,0,2,6,targ_class2,207.0,-323.0
4,feature_blocks,feat_grid,0,2,7,targ_class2,333.0,-321.0
4,feature_blocks,feat_grid,0,2,8,targ_class1,-326.0,-222.0
4,feature_blocks,feat_grid,0,2,9,dist_class2,-214.0,-209.0
4,feature_blocks,feat_grid,0,2,10,targ_class1,-106.0,-209.0
4,feature_blocks,feat_grid,0,2,11,targ_class1,1.0,-197.0
4,feature_blocks,feat_grid,0,2,12,targ_class1,107.0,-227.0
4,feature_blocks,feat_grid,0,2,13,targ_class1,206.0,-215.0
4,feature_blocks,feat_grid,0,2,14,dist_class2,321.0,-196.0
4,feature_blocks,feat_grid,0,2,15,dist_class2,-326.0,-100.0
4,feature_blocks,feat_grid,0,2,16,targ_class1,-219.0,-119.0
4,feature_blocks,feat_grid,0,2,17,dist_class1,-100.0,-113.0
4,feature_blocks,feat_grid,0,2,18,targ_class2,-0.0,-118.0
4,feature_blocks,feat_grid,0,2,19,targ_class1,107.0,-120.0
4,feature_blocks,feat_grid,0,2,20,dist_class1,226.0,-96.0
4,feature_blocks,feat_grid,0,2,21,dist_class1,331.0,-106.0
4,feature_blocks,feat_grid,0,2,22,targ_class1,-327.0,4.0
4,feature_blocks,feat_grid,0,2,23,dist_class1,-189.0,-2.0
4,feature_blocks,feat_grid,0,2,24,targ_class2,-117.0,5.0
4,feature_blocks,feat_grid,0,2,25,targ_class1,-3.0,-15.0
4,feature_blocks,feat_grid,0,2,26,dist_class2,104.0,5.0
4,feature_blocks,feat_grid,0,2,27,targ_class2,221.0,2.0
4,feature_blocks,feat_grid,0,2,28,targ_class2,322.0,2.0
4,feature_blocks,feat_grid,0,2,29,dist_class2,-305.0,100.0
4,feature_blocks,feat_grid,0,2,30,targ_class1,-205.0,115.0
4,feature_blocks,feat_grid,0,2,31,targ_class2,-103.0,126.0
4,feature_blocks,feat_grid,0,2,32,dist_class2,2.0,109.0
4,feature_blocks,feat_grid,0,2,33,dist_class1,86.0,109.0
4,feature_blocks,feat_grid,0,2,34,targ_class2,217.0,98.0
4,feature_blocks,feat_grid,0,2,35,dist_class2,325.0,114.0
4,feature_blocks,feat_grid,0,2,36,dist_class1,-312.0,207.0
4,feature_blocks,feat_grid,0,2,37,dist_class1,-223.0,216.0
4,feature_blocks,feat_grid,0,2,38,dist_class2,-96.0,210.0
4,feature_blocks,feat_grid,0,2,39,dist_class2,-11.0,231.0
4,feature_blocks,feat_grid,0,2,40,targ_class1,118.0,203.0
4,feature_blocks,feat_grid,0,2,41,targ_class2,209.0,215.0
4,feature_blocks,feat_grid,0,2,42,dist_class2,315.0,206.0
4,feature_blocks,feat_grid,0,2,43,targ_class2,-316.0,326.0
4,feature_blocks,feat_grid,0,2,44,dist_class1,-199.0,323.0
4,feature_blocks,feat_grid,0,2,45,dist_class2,-101.0,317.0
4,feature_blocks,feat_grid,0,2,46,targ_class2,12.0,344.0
4,feature_blocks,feat_grid,0,2,47,dist_class1,111.0,310.0
4,feature_blocks,feat_grid,0,2,48,targ_class2,208.0,323.0
4,feature_blocks,feat_grid,0,2,49,dist_class2,318.0,333.0
4,feature_blocks,feat_rot,3,1,1,targ_class1,-4.0,-446.0
4,feature_blocks,feat_rot,3,1,2,dist_class1,81.0,-381.0
4,feature_blocks,feat_rot,3,1,3,dist_class2,151.0,-314.0
4,feature_blocks,feat_rot,3,1,4,targ_class1,215.0,-233.0
4,feature_blocks,feat_rot,3,1,5,targ_class1,313.0,-165.0
4,feature_blocks,feat_rot,3,1,6,targ_class2,400.0,-69.0
4,feature_blocks,feat_rot,3,1,7,dist_class2,462.0,12.0
4,feature_blocks,feat_rot,3,1,8,dist_class2,-73.0,-374.0
4,feature_blocks,feat_rot,3,1,9,dist_class1,-14.0,-327.0
4,feature_blocks,feat_rot,3,1,10,targ_class2,66.0,-233.0
4,feature_blocks,feat_rot,3,1,11,targ_class1,164.0,-173.0
4,feature_blocks,feat_rot,3,1,12,dist_class1,232.0,-71.0
4,feature_blocks,feat_rot,3,1,13,dist_class2,324.0,5.0
4,feature_blocks,feat_rot,3,1,14,targ_class1,386.0,75.0
4,feature_blocks,feat_rot,3,1,15,dist_class2,-154.0,-320.0
4,feature_blocks,feat_rot,3,1,16,targ_class2,-81.0,-220.0
4,feature_blocks,feat_rot,3,1,17,dist_class2,2.0,-142.0
4,feature_blocks,feat_rot,3,1,18,dist_class2,71.0,-65.0
4,feature_blocks,feat_rot,3,1,19,targ_class2,178.0,-16.0
4,feature_blocks,feat_rot,3,1,20,targ_class2,233.0,80.0
4,feature_blocks,feat_rot,3,1,21,dist_class2,310.0,144.0
4,feature_blocks,feat_rot,3,1,22,dist_class1,-231.0,-225.0
4,feature_blocks,feat_rot,3,1,23,dist_class2,-131.0,-129.0
4,feature_blocks,feat_rot,3,1,24,targ_class1,-80.0,-69.0
4,feature_blocks,feat_rot,3,1,25,targ_class2,16.0,6.0
4,feature_blocks,feat_rot,3,1,26,targ_class1,91.0,81.0
4,feature_blocks,feat_rot,3,1,27,targ_class1,165.0,138.0
4,feature_blocks,feat_rot,3,1,28,targ_class1,244.0,231.0
4,feature_blocks,feat_rot,3,1,29,dist_class1,-331.0,-145.0
4,feature_blocks,feat_rot,3,1,30,dist_class1,-217.0,-64.0
4,feature_blocks,feat_rot,3,1,31,dist_class1,-149.0,-19.0
4,feature_blocks,feat_rot,3,1,32,dist_class2,-85.0,81.0
4,feature_blocks,feat_rot,3,1,33,targ_class2,-1.0,151.0
4,feature_blocks,feat_rot,3,1,34,targ_class2,81.0,226.0
4,feature_blocks,feat_rot,3,1,35,dist_class2,157.0,315.0
4,feature_blocks,feat_rot,3,1,36,dist_class2,-368.0,-65.0
4,feature_blocks,feat_rot,3,1,37,targ_class1,-311.0,-5.0
4,feature_blocks,feat_rot,3,1,38,dist_class1,-248.0,70.0
4,feature_blocks,feat_rot,3,1,39,targ_class1,-177.0,163.0
4,feature_blocks,feat_rot,3,1,40,targ_class2,-75.0,218.0
4,feature_blocks,feat_rot,3,1,41,dist_class1,12.0,298.0
4,feature_blocks,feat_rot,3,1,42,targ_class2,72.0,397.0
4,feature_blocks,feat_rot,3,1,43,targ_class1,-450.0,-6.0
4,feature_blocks,feat_rot,3,1,44,targ_class2,-373.0,73.0
4,feature_blocks,feat_rot,3,1,45,dist_class1,-290.0,140.0
4,feature_blocks,feat_rot,3,1,46,dist_class1,-224.0,228.0
4,feature_blocks,feat_rot,3,1,47,targ_class2,-174.0,304.0
4,feature_blocks,feat_rot,3,1,48,dist_class1,-76.0,371.0
4,feature_blocks,feat_rot,3,1,49,dist_class2,-2.0,465.0
4,feature_blocks,feat_rot,4,1,1,dist_class1,1.0,-468.0
4,feature_blocks,feat_rot,4,1,2,dist_class2,70.0,-380.0
4,feature_blocks,feat_rot,4,1,3,targ_class1,148.0,-307.0
4,feature_blocks,feat_rot,4,1,4,dist_class1,247.0,-237.0
4,feature_blocks,feat_rot,4,1,5,targ_class1,321.0,-154.0
4,feature_blocks,feat_rot,4,1,6,targ_class2,384.0,-74.0
4,feature_blocks,feat_rot,4,1,7,dist_class1,458.0,-16.0
4,feature_blocks,feat_rot,4,1,8,dist_class1,-81.0,-388.0
4,feature_blocks,feat_rot,4,1,9,targ_class1,10.0,-292.0
4,feature_blocks,feat_rot,4,1,10,dist_class2,63.0,-217.0
4,feature_blocks,feat_rot,4,1,11,targ_class2,166.0,-162.0
4,feature_blocks,feat_rot,4,1,12,dist_class2,233.0,-78.0
4,feature_blocks,feat_rot,4,1,13,dist_class2,308.0,-14.0
4,feature_blocks,feat_rot,4,1,14,dist_class2,377.0,75.0
4,feature_blocks,feat_rot,4,1,15,dist_class1,-145.0,-301.0
4,feature_blocks,feat_rot,4,1,16,dist_class1,-75.0,-222.0
4,feature_blocks,feat_rot,4,1,17,targ_class1,14.0,-168.0
4,feature_blocks,feat_rot,4,1,18,targ_class2,73.0,-85.0
4,feature_blocks,feat_rot,4,1,19,dist_class2,145.0,-13.0
4,feature_blocks,feat_rot,4,1,20,dist_class1,240.0,56.0
4,feature_blocks,feat_rot,4,1,21,dist_class2,295.0,157.0
4,feature_blocks,feat_rot,4,1,22,dist_class1,-240.0,-234.0
4,feature_blocks,feat_rot,4,1,23,targ_class2,-138.0,-174.0
4,feature_blocks,feat_rot,4,1,24,targ_class1,-78.0,-64.0
4,feature_blocks,feat_rot,4,1,25,targ_class2,7.0,-14.0
4,feature_blocks,feat_rot,4,1,26,dist_class2,86.0,90.0
4,feature_blocks,feat_rot,4,1,27,targ_class2,164.0,136.0
4,feature_blocks,feat_rot,4,1,28,dist_class1,220.0,234.0
4,feature_blocks,feat_rot,4,1,29,dist_class2,-316.0,-150.0
4,feature_blocks,feat_rot,4,1,30,targ_class2,-236.0,-92.0
4,feature_blocks,feat_rot,4,1,31,targ_class1,-155.0,-12.0
4,feature_blocks,feat_rot,4,1,32,dist_class2,-79.0,66.0
4,feature_blocks,feat_rot,4,1,33,dist_class1,-3.0,163.0
4,feature_blocks,feat_rot,4,1,34,targ_class2,90.0,237.0
4,feature_blocks,feat_rot,4,1,35,targ_class1,148.0,306.0
4,feature_blocks,feat_rot,4,1,36,dist_class2,-392.0,-87.0
4,feature_blocks,feat_rot,4,1,37,targ_class1,-312.0,22.0
4,feature_blocks,feat_rot,4,1,38,targ_class2,-224.0,80.0
4,feature_blocks,feat_rot,4,1,39,targ_class1,-173.0,137.0
4,feature_blocks,feat_rot,4,1,40,targ_class2,-69.0,224.0
4,feature_blocks,feat_rot,4,1,41,targ_class1,11.0,314.0
4,feature_blocks,feat_rot,4,1,42,dist_class2,78.0,375.0
4,feature_blocks,feat_rot,4,1,43,targ_class1,-444.0,-4.0
4,feature_blocks,feat_rot,4,1,44,targ_class2,-384.0,86.0
4,feature_blocks,feat_rot,4,1,45,dist_class1,-322.0,146.0
4,feature_blocks,feat_rot,4,1,46,dist_class1,-233.0,223.0
4,feature_blocks,feat_rot,4,1,47,targ_class1,-157.0,292.0
4,feature_blocks,feat_rot,4,1,48,targ_class2,-77.0,383.0
4,feature_blocks,feat_rot,4,1,49,dist_class2,5.0,453.0
4,feature_blocks,feat_grid,2,1,1,targ_class1,-315.0,-308.0
4,feature_blocks,feat_grid,2,1,2,dist_class1,-217.0,-342.0
4,feature_blocks,feat_grid,2,1,3,targ_class1,-108.0,-317.0
4,feature_blocks,feat_grid,2,1,4,targ_class1,-22.0,-324.0
4,feature_blocks,feat_grid,2,1,5,dist_class1,118.0,-329.0
4,feature_blocks,feat_grid,2,1,6,targ_class2,222.0,-321.0
4,feature_blocks,feat_grid,2,1,7,dist_class1,326.0,-323.0
4,feature_blocks,feat_grid,2,1,8,dist_class1,-325.0,-219.0
4,feature_blocks,feat_grid,2,1,9,targ_class2,-213.0,-209.0
4,feature_blocks,feat_grid,2,1,10,dist_class1,-130.0,-213.0
4,feature_blocks,feat_grid,2,1,11,dist_class2,7.0,-235.0
4,feature_blocks,feat_grid,2,1,12,dist_class2,83.0,-223.0
4,feature_blocks,feat_grid,2,1,13,targ_class2,208.0,-196.0
4,feature_blocks,feat_grid,2,1,14,dist_class1,320.0,-222.0
4,feature_blocks,feat_grid,2,1,15,targ_class2,-317.0,-118.0
4,feature_blocks,feat_grid,2,1,16,dist_class2,-211.0,-110.0
4,feature_blocks,feat_grid,2,1,17,dist_class2,-89.0,-117.0
4,feature_blocks,feat_grid,2,1,18,dist_class1,16.0,-124.0
4,feature_blocks,feat_grid,2,1,19,targ_class2,95.0,-110.0
4,feature_blocks,feat_grid,2,1,20,targ_class1,222.0,-102.0
4,feature_blocks,feat_grid,2,1,21,targ_class2,323.0,-109.0
4,feature_blocks,feat_grid,2,1,22,targ_class2,-312.0,-0.0
4,feature_blocks,feat_grid,2,1,23,dist_class2,-228.0,-8.0
4,feature_blocks,feat_grid,2,1,24,targ_class1,-113.0,-9.0
4,feature_blocks,feat_grid,2,1,25,dist_class1,-5.0,6.0
4,feature_blocks,feat_grid,2,1,26,dist_class1,117.0,21.0
4,feature_blocks,feat_grid,2,1,27,targ_class1,233.0,16.0
4,feature_blocks,feat_grid,2,1,28,targ_class2,319.0,1.0
4,feature_blocks,feat_grid,2,1,29,dist_class1,-305.0,101.0
4,feature_blocks,feat_grid,2,1,30,targ_class2,-219.0,93.0
4,feature_blocks,feat_grid,2,1,31,dist_class2,-112.0,116.0
4,feature_blocks,feat_grid,2,1,32,targ_class1,10.0,113.0
4,feature_blocks,feat_grid,2,1,33,dist_class2,116.0,100.0
4,feature_blocks,feat_grid,2,1,34,targ_class1,213.0,91.0
4,feature_blocks,feat_grid,2,1,35,dist_class2,317.0,85.0
4,feature_blocks,feat_grid,2,1,36,targ_class2,-316.0,222.0
4,feature_blocks,feat_grid,2,1,37,dist_class2,-210.0,225.0
4,feature_blocks,feat_grid,2,1,38,targ_class1,-97.0,218.0
4,feature_blocks,feat_grid,2,1,39,dist_class1,-6.0,213.0
4,feature_blocks,feat_grid,2,1,40,targ_class1,104.0,223.0
4,feature_blocks,feat_grid,2,1,41,targ_class1,224.0,209.0
4,feature_blocks,feat_grid,2,1,42,dist_class2,323.0,205.0
4,feature_blocks,feat_grid,2,1,43,dist_class2,-321.0,335.0
4,feature_blocks,feat_grid,2,1,44,dist_class2,-231.0,338.0
4,feature_blocks,feat_grid,2,1,45,targ_class2,-97.0,331.0
4,feature_blocks,feat_grid,2,1,46,dist_class2,4.0,311.0
4,feature_blocks,feat_grid,2,1,47,dist_class1,113.0,341.0
4,feature_blocks,feat_grid,2,1,48,targ_class2,220.0,314.0
4,feature_blocks,feat_grid,2,1,49,targ_class1,346.0,313.0
4,feature_blocks,feat_rot,2,1,1,dist_class1,14.0,-460.0
4,feature_blocks,feat_rot,2,1,2,targ_class2,91.0,-374.0
4,feature_blocks,feat_rot,2,1,3,dist_class2,160.0,-302.0
4,feature_blocks,feat_rot,2,1,4,targ_class1,228.0,-228.0
4,feature_blocks,feat_rot,2,1,5,dist_class2,297.0,-144.0
4,feature_blocks,feat_rot,2,1,6,targ_class2,382.0,-68.0
4,feature_blocks,feat_rot,2,1,7,targ_class1,457.0,8.0
4,feature_blocks,feat_rot,2,1,8,dist_class1,-68.0,-394.0
4,feature_blocks,feat_rot,2,1,9,targ_class2,-15.0,-313.0
4,feature_blocks,feat_rot,2,1,10,targ_class2,81.0,-237.0
4,feature_blocks,feat_rot,2,1,11,dist_class2,158.0,-144.0
4,feature_blocks,feat_rot,2,1,12,targ_class2,225.0,-74.0
4,feature_blocks,feat_rot,2,1,13,dist_class1,300.0,5.0
4,feature_blocks,feat_rot,2,1,14,targ_class2,393.0,65.0
4,feature_blocks,feat_rot,2,1,15,dist_class2,-156.0,-301.0
4,feature_blocks,feat_rot,2,1,16,targ_class1,-77.0,-221.0
4,feature_blocks,feat_rot,2,1,17,targ_class2,10.0,-161.0
4,feature_blocks,feat_rot,2,1,18,dist_class2,78.0,-69.0
4,feature_blocks,feat_rot,2,1,19,dist_class2,161.0,-10.0
4,feature_blocks,feat_rot,2,1,20,targ_class1,217.0,89.0
4,feature_blocks,feat_rot,2,1,21,targ_class1,317.0,151.0
4,feature_blocks,feat_rot,2,1,22,targ_class1,-219.0,-221.0
4,feature_blocks,feat_rot,2,1,23,dist_class1,-152.0,-154.0
4,feature_blocks,feat_rot,2,1,24,targ_class2,-85.0,-98.0
4,feature_blocks,feat_rot,2,1,25,targ_class2,8.0,11.0
4,feature_blocks,feat_rot,2,1,26,targ_class1,80.0,82.0
4,feature_blocks,feat_rot,2,1,27,dist_class1,148.0,158.0
4,feature_blocks,feat_rot,2,1,28,dist_class2,213.0,229.0
4,feature_blocks,feat_rot,2,1,29,dist_class1,-317.0,-137.0
4,feature_blocks,feat_rot,2,1,30,targ_class1,-216.0,-84.0
4,feature_blocks,feat_rot,2,1,31,dist_class1,-152.0,10.0
4,feature_blocks,feat_rot,2,1,32,dist_class1,-75.0,66.0
4,feature_blocks,feat_rot,2,1,33,dist_class2,0.0,147.0
4,feature_blocks,feat_rot,2,1,34,targ_class1,96.0,223.0
4,feature_blocks,feat_rot,2,1,35,dist_class1,160.0,298.0
4,feature_blocks,feat_rot,2,1,36,dist_class2,-378.0,-70.0
4,feature_blocks,feat_rot,2,1,37,targ_class2,-315.0,5.0
4,feature_blocks,feat_rot,2,1,38,dist_class2,-241.0,76.0
4,feature_blocks,feat_rot,2,1,39,dist_class2,-151.0,158.0
4,feature_blocks,feat_rot,2,1,40,targ_class2,-86.0,232.0
4,feature_blocks,feat_rot,2,1,41,targ_class1,-6.0,312.0
4,feature_blocks,feat_rot,2,1,42,targ_class1,75.0,379.0
4,feature_blocks,feat_rot,2,1,43,dist_class1,-472.0,9.0
4,feature_blocks,feat_rot,2,1,44,dist_class1,-369.0,77.0
4,feature_blocks,feat_rot,2,1,45,targ_class2,-283.0,160.0
4,feature_blocks,feat_rot,2,1,46,targ_class1,-241.0,222.0
4,feature_blocks,feat_rot,2,1,47,dist_class2,-155.0,283.0
4,feature_blocks,feat_rot,2,1,48,dist_class2,-78.0,400.0
4,feature_blocks,feat_rot,2,1,49,dist_class1,6.0,464.0
4,feature_blocks,feat_rot,1,1,1,dist_class1,-4.0,-451.0
4,feature_blocks,feat_rot,1,1,2,dist_class1,76.0,-390.0
4,feature_blocks,feat_rot,1,1,3,dist_class1,161.0,-313.0
4,feature_blocks,feat_rot,1,1,4,dist_class2,223.0,-229.0
4,feature_blocks,feat_rot,1,1,5,targ_class2,306.0,-163.0
4,feature_blocks,feat_rot,1,1,6,targ_class1,389.0,-72.0
4,feature_blocks,feat_rot,1,1,7,dist_class2,463.0,5.0
4,feature_blocks,feat_rot,1,1,8,dist_class2,-91.0,-387.0
4,feature_blocks,feat_rot,1,1,9,targ_class2,-26.0,-313.0
4,feature_blocks,feat_rot,1,1,10,targ_class2,71.0,-232.0
4,feature_blocks,feat_rot,1,1,11,dist_class2,148.0,-158.0
4,feature_blocks,feat_rot,1,1,12,dist_class1,234.0,-70.0
4,feature_blocks,feat_rot,1,1,13,targ_class1,317.0,-10.0
4,feature_blocks,feat_rot,1,1,14,dist_class1,394.0,71.0
4,feature_blocks,feat_rot,1,1,15,dist_class1,-165.0,-287.0
4,feature_blocks,feat_rot,1,1,16,targ_class1,-74.0,-212.0
4,feature_blocks,feat_rot,1,1,17,targ_class1,13.0,-160.0
4,feature_blocks,feat_rot,1,1,18,targ_class1,66.0,-54.0
4,feature_blocks,feat_rot,1,1,19,targ_class1,147.0,13.0
4,feature_blocks,feat_rot,1,1,20,dist_class1,236.0,75.0
4,feature_blocks,feat_rot,1,1,21,dist_class2,306.0,146.0
4,feature_blocks,feat_rot,1,1,22,dist_class2,-232.0,-227.0
4,feature_blocks,feat_rot,1,1,23,dist_class2,-153.0,-140.0
4,feature_blocks,feat_rot,1,1,24,targ_class1,-66.0,-83.0
4,feature_blocks,feat_rot,1,1,25,dist_class1,6.0,2.0
4,feature_blocks,feat_rot,1,1,26,dist_class2,69.0,73.0
4,feature_blocks,feat_rot,1,1,27,targ_class2,156.0,149.0
4,feature_blocks,feat_rot,1,1,28,targ_class1,238.0,227.0
4,feature_blocks,feat_rot,1,1,29,dist_class2,-309.0,-147.0
4,feature_blocks,feat_rot,1,1,30,dist_class1,-225.0,-82.0
4,feature_blocks,feat_rot,1,1,31,targ_class1,-158.0,15.0
4,feature_blocks,feat_rot,1,1,32,dist_class2,-53.0,80.0
4,feature_blocks,feat_rot,1,1,33,targ_class2,-1.0,152.0
4,feature_blocks,feat_rot,1,1,34,targ_class1,85.0,229.0
4,feature_blocks,feat_rot,1,1,35,dist_class1,145.0,287.0
4,feature_blocks,feat_rot,1,1,36,dist_class1,-382.0,-82.0
4,feature_blocks,feat_rot,1,1,37,targ_class2,-320.0,-2.0
4,feature_blocks,feat_rot,1,1,38,targ_class2,-237.0,81.0
4,feature_blocks,feat_rot,1,1,39,dist_class2,-159.0,146.0
4,feature_blocks,feat_rot,1,1,40,targ_class1,-91.0,223.0
4,feature_blocks,feat_rot,1,1,41,dist_class1,22.0,300.0
4,feature_blocks,feat_rot,1,1,42,targ_class2,86.0,367.0
4,feature_blocks,feat_rot,1,1,43,targ_class2,-451.0,-5.0
4,feature_blocks,feat_rot,1,1,44,dist_class2,-400.0,59.0
4,feature_blocks,feat_rot,1,1,45,dist_class2,-304.0,146.0
4,feature_blocks,feat_rot,1,1,46,targ_class2,-216.0,218.0
4,feature_blocks,feat_rot,1,1,47,targ_class2,-150.0,305.0
4,feature_blocks,feat_rot,1,1,48,targ_class2,-80.0,372.0
4,feature_blocks,feat_rot,1,1,49,targ_class1,-15.0,462.0
4,feature_blocks,feat_uni,0,1,1,dist_class1,-228.0,341.0
4,feature_blocks,feat_uni,0,1,2,targ_class1,19.0,-341.0
4,feature_blocks,feat_uni,0,1,3,targ_class2,-73.0,232.0
4,feature_blocks,feat_uni,0,1,4,targ_class2,-202.0,-19.0
4,feature_blocks,feat_uni,0,1,5,dist_class2,34.0,30.0
4,feature_blocks,feat_uni,0,1,6,targ_class1,134.0,-298.0
4,feature_blocks,feat_uni,0,1,7,dist_class2,299.0,204.0
4,feature_blocks,feat_uni,0,1,8,targ_class2,-112.0,-83.0
4,feature_blocks,feat_uni,0,1,9,dist_class2,-336.0,-98.0
4,feature_blocks,feat_uni,0,1,10,dist_class2,-113.0,193.0
4,feature_blocks,feat_uni,0,1,11,dist_class1,-110.0,136.0
4,feature_blocks,feat_uni,0,1,12,targ_class2,-131.0,83.0
4,feature_blocks,feat_uni,0,1,13,targ_class2,-37.0,152.0
4,feature_blocks,feat_uni,0,1,14,dist_class2,-139.0,279.0
4,feature_blocks,feat_uni,0,1,15,targ_class1,-250.0,-86.0
4,feature_blocks,feat_uni,0,1,16,dist_class1,-174.0,-222.0
4,feature_blocks,feat_uni,0,1,17,targ_class2,336.0,289.0
4,feature_blocks,feat_uni,0,1,18,dist_class2,-295.0,-40.0
4,feature_blocks,feat_uni,0,1,19,targ_class2,-56.0,98.0
4,feature_blocks,feat_uni,0,1,20,dist_class1,225.0,-100.0
4,feature_blocks,feat_uni,0,1,21,dist_class2,91.0,121.0
4,feature_blocks,feat_uni,0,1,22,dist_class1,-193.0,296.0
4,feature_blocks,feat_uni,0,1,23,dist_class2,-81.0,-37.0
4,feature_blocks,feat_uni,0,1,24,dist_class1,-24.0,259.0
4,feature_blocks,feat_uni,0,1,25,targ_class1,-175.0,359.0
4,feature_blocks,feat_uni,0,1,26,dist_class2,-138.0,-133.0
4,feature_blocks,feat_uni,0,1,27,targ_class1,229.0,-43.0
4,feature_blocks,feat_uni,0,1,28,targ_class1,297.0,-7.0
4,feature_blocks,feat_uni,0,1,29,targ_class2,72.0,-21.0
4,feature_blocks,feat_uni,0,1,30,dist_class1,98.0,29.0
4,feature_blocks,feat_uni,0,1,31,targ_class2,76.0,-341.0
4,feature_blocks,feat_uni,0,1,32,dist_class2,152.0,68.0
4,feature_blocks,feat_uni,0,1,33,targ_class1,-33.0,-276.0
4,feature_blocks,feat_uni,0,1,34,dist_class2,272.0,-359.0
4,feature_blocks,feat_uni,0,1,35,dist_class2,142.0,251.0
4,feature_blocks,feat_uni,0,1,36,targ_class2,17.0,-26.0
4,feature_blocks,feat_uni,0,1,37,targ_class1,278.0,-208.0
4,feature_blocks,feat_uni,0,1,38,targ_class1,328.0,-54.0
4,feature_blocks,feat_uni,0,1,39,targ_class2,21.0,223.0
4,feature_blocks,feat_uni,0,1,40,targ_class1,220.0,208.0
4,feature_blocks,feat_uni,0,1,41,dist_class1,-222.0,-136.0
4,feature_blocks,feat_uni,0,1,42,dist_class1,25.0,323.0
4,feature_blocks,feat_uni,0,1,43,dist_class1,36.0,-117.0
4,feature_blocks,feat_uni,0,1,44,dist_class1,49.0,272.0
4,feature_blocks,feat_uni,0,1,45,dist_class1,158.0,320.0
4,feature_blocks,feat_uni,0,1,46,targ_class1,-322.0,348.0
4,feature_blocks,feat_uni,0,1,47,targ_class2,-32.0,337.0
4,feature_blocks,feat_uni,0,1,48,targ_class1,170.0,172.0
4,feature_blocks,feat_uni,0,1,49,dist_class2,24.0,-283.0
4,feature_blocks,feat_uni,1,1,1,targ_class2,358.0,59.0
4,feature_blocks,feat_uni,1,1,2,targ_class1,-313.0,-122.0
4,feature_blocks,feat_uni,1,1,3,dist_class1,346.0,-11.0
4,feature_blocks,feat_uni,1,1,4,dist_class2,71.0,275.0
4,feature_blocks,feat_uni,1,1,5,dist_class2,189.0,-49.0
4,feature_blocks,feat_uni,1,1,6,targ_class2,137.0,211.0
4,feature_blocks,feat_uni,1,1,7,dist_class1,134.0,-33.0
4,feature_blocks,feat_uni,1,1,8,dist_class1,226.0,-93.0
4,feature_blocks,feat_uni,1,1,9,targ_class2,186.0,-265.0
4,feature_blocks,feat_uni,1,1,10,dist_class1,108.0,-93.0
4,feature_blocks,feat_uni,1,1,11,dist_class2,87.0,-215.0
4,feature_blocks,feat_uni,1,1,12,dist_class2,236.0,-225.0
4,feature_blocks,feat_uni,1,1,13,targ_class1,194.0,-189.0
4,feature_blocks,feat_uni,1,1,14,targ_class1,-304.0,336.0
4,feature_blocks,feat_uni,1,1,15,dist_class2,-356.0,-14.0
4,feature_blocks,feat_uni,1,1,16,dist_class2,-99.0,-217.0
4,feature_blocks,feat_uni,1,1,17,targ_class1,182.0,246.0
4,feature_blocks,feat_uni,1,1,18,dist_class1,131.0,-251.0
4,feature_blocks,feat_uni,1,1,19,dist_class2,-79.0,-346.0
4,feature_blocks,feat_uni,1,1,20,targ_class2,152.0,303.0
4,feature_blocks,feat_uni,1,1,21,targ_class1,-246.0,79.0
4,feature_blocks,feat_uni,1,1,22,dist_class2,54.0,-81.0
4,feature_blocks,feat_uni,1,1,23,dist_class1,287.0,251.0
4,feature_blocks,feat_uni,1,1,24,dist_class2,-109.0,314.0
4,feature_blocks,feat_uni,1,1,25,dist_class2,-130.0,34.0
4,feature_blocks,feat_uni,1,1,26,targ_class1,-31.0,41.0
4,feature_blocks,feat_uni,1,1,27,targ_class2,-14.0,230.0
4,feature_blocks,feat_uni,1,1,28,targ_class1,-47.0,-79.0
4,feature_blocks,feat_uni,1,1,29,targ_class2,281.0,-258.0
4,feature_blocks,feat_uni,1,1,30,dist_class1,204.0,5.0
4,feature_blocks,feat_uni,1,1,31,dist_class2,55.0,-260.0
4,feature_blocks,feat_uni,1,1,32,targ_class1,-130.0,-170.0
4,feature_blocks,feat_uni,1,1,33,targ_class2,-46.0,122.0
4,feature_blocks,feat_uni,1,1,34,dist_class2,305.0,-206.0
4,feature_blocks,feat_uni,1,1,35,dist_class1,-160.0,172.0
4,feature_blocks,feat_uni,1,1,36,targ_class1,76.0,29.0
4,feature_blocks,feat_uni,1,1,37,targ_class2,-136.0,-114.0
4,feature_blocks,feat_uni,1,1,38,targ_class2,-132.0,225.0
4,feature_blocks,feat_uni,1,1,39,targ_class2,164.0,-99.0
4,feature_blocks,feat_uni,1,1,40,dist_class1,-193.0,218.0
4,feature_blocks,feat_uni,1,1,41,dist_class1,-197.0,49.0
4,feature_blocks,feat_uni,1,1,42,targ_class1,303.0,-101.0
4,feature_blocks,feat_uni,1,1,43,targ_class2,-341.0,239.0
4,feature_blocks,feat_uni,1,1,44,dist_class1,157.0,358.0
4,feature_blocks,feat_uni,1,1,45,dist_class1,138.0,-194.0
4,feature_blocks,feat_uni,1,1,46,dist_class2,-73.0,4.0
4,feature_blocks,feat_uni,1,1,47,targ_class1,175.0,120.0
4,feature_blocks,feat_uni,1,1,48,targ_class2,324.0,-296.0
4,feature_blocks,feat_uni,1,1,49,targ_class1,-71.0,230.0
4,feature_blocks,feat_grid,4,1,1,dist_class1,-317.0,-328.0
4,feature_blocks,feat_grid,4,1,2,dist_class2,-217.0,-327.0
4,feature_blocks,feat_grid,4,1,3,targ_class2,-120.0,-310.0
4,feature_blocks,feat_grid,4,1,4,targ_class2,9.0,-321.0
4,feature_blocks,feat_grid,4,1,5,dist_class2,107.0,-318.0
4,feature_blocks,feat_grid,4,1,6,dist_class2,233.0,-322.0
4,feature_blocks,feat_grid,4,1,7,targ_class1,314.0,-329.0
4,feature_blocks,feat_grid,4,1,8,dist_class1,-320.0,-237.0
4,feature_blocks,feat_grid,4,1,9,dist_class2,-227.0,-218.0
4,feature_blocks,feat_grid,4,1,10,targ_class2,-106.0,-225.0
4,feature_blocks,feat_grid,4,1,11,targ_class2,13.0,-222.0
4,feature_blocks,feat_grid,4,1,12,targ_class2,99.0,-211.0
4,feature_blocks,feat_grid,4,1,13,targ_class1,231.0,-214.0
4,feature_blocks,feat_grid,4,1,14,dist_class2,319.0,-212.0
4,feature_blocks,feat_grid,4,1,15,targ_class1,-335.0,-128.0
4,feature_blocks,feat_grid,4,1,16,dist_class1,-229.0,-106.0
4,feature_blocks,feat_grid,4,1,17,dist_class2,-94.0,-125.0
4,feature_blocks,feat_grid,4,1,18,targ_class1,10.0,-116.0
4,feature_blocks,feat_grid,4,1,19,targ_class2,115.0,-111.0
4,feature_blocks,feat_grid,4,1,20,dist_class2,207.0,-105.0
4,feature_blocks,feat_grid,4,1,21,dist_class1,317.0,-100.0
4,feature_blocks,feat_grid,4,1,22,dist_class2,-318.0,8.0
4,feature_blocks,feat_grid,4,1,23,targ_class1,-230.0,-3.0
4,feature_blocks,feat_grid,4,1,24,dist_class2,-114.0,-12.0
4,feature_blocks,feat_grid,4,1,25,targ_class2,4.0,28.0
4,feature_blocks,feat_grid,4,1,26,dist_class1,108.0,-3.0
4,feature_blocks,feat_grid,4,1,27,dist_class1,220.0,-6.0
4,feature_blocks,feat_grid,4,1,28,dist_class2,324.0,-2.0
4,feature_blocks,feat_grid,4,1,29,targ_class1,-324.0,100.0
4,feature_blocks,feat_grid,4,1,30,targ_class1,-215.0,118.0
4,feature_blocks,feat_grid,4,1,31,targ_class2,-130.0,103.0
4,feature_blocks,feat_grid,4,1,32,dist_class1,8.0,99.0
4,feature_blocks,feat_grid,4,1,33,dist_class1,88.0,128.0
4,feature_blocks,feat_grid,4,1,34,targ_class2,231.0,106.0
4,feature_blocks,feat_grid,4,1,35,dist_class2,324.0,97.0
4,feature_blocks,feat_grid,4,1,36,dist_class1,-321.0,218.0
4,feature_blocks,feat_grid,4,1,37,targ_class1,-228.0,229.0
4,feature_blocks,feat_grid,4,1,38,dist_class2,-116.0,224.0
4,feature_blocks,feat_grid,4,1,39,dist_class1,14.0,212.0
4,feature_blocks,feat_grid,4,1,40,targ_class2,105.0,206.0
4,feature_blocks,feat_grid,4,1,41,targ_class1,212.0,219.0
4,feature_blocks,feat_grid,4,1,42,dist_class2,322.0,206.0
4,feature_blocks,feat_grid,4,1,43,targ_class1,-328.0,348.0
4,feature_blocks,feat_grid,4,1,44,dist_class1,-217.0,304.0
4,feature_blocks,feat_grid,4,1,45,dist_class1,-110.0,315.0
4,feature_blocks,feat_grid,4,1,46,targ_class1,-8.0,311.0
4,feature_blocks,feat_grid,4,1,47,targ_class2,90.0,325.0
4,feature_blocks,feat_grid,4,1,48,targ_class2,213.0,309.0
4,feature_blocks,feat_grid,4,1,49,targ_class1,321.0,326.0
4,feature_blocks,feat_uni,4,1,1,dist_class2,-333.0,159.0
4,feature_blocks,feat_uni,4,1,2,dist_class2,89.0,-48.0
4,feature_blocks,feat_uni,4,1,3,dist_class1,295.0,-329.0
4,feature_blocks,feat_uni,4,1,4,targ_class2,-242.0,-155.0
4,feature_blocks,feat_uni,4,1,5,dist_class1,154.0,-177.0
4,feature_blocks,feat_uni,4,1,6,dist_class1,290.0,-257.0
4,feature_blocks,feat_uni,4,1,7,dist_class2,301.0,115.0
4,feature_blocks,feat_uni,4,1,8,dist_class2,164.0,29.0
4,feature_blocks,feat_uni,4,1,9,dist_class1,-332.0,-308.0
4,feature_blocks,feat_uni,4,1,10,targ_class2,227.0,322.0
4,feature_blocks,feat_uni,4,1,11,targ_class2,-180.0,89.0
4,feature_blocks,feat_uni,4,1,12,dist_class1,-179.0,-148.0
4,feature_blocks,feat_uni,4,1,13,dist_class1,-113.0,-328.0
4,feature_blocks,feat_uni,4,1,14,dist_class2,70.0,20.0
4,feature_blocks,feat_uni,4,1,15,targ_class2,126.0,117.0
4,feature_blocks,feat_uni,4,1,16,dist_class1,-339.0,45.0
4,feature_blocks,feat_uni,4,1,17,targ_class1,-13.0,304.0
4,feature_blocks,feat_uni,4,1,18,targ_class1,342.0,302.0
4,feature_blocks,feat_uni,4,1,19,targ_class1,-242.0,-211.0
4,feature_blocks,feat_uni,4,1,20,targ_class2,-170.0,306.0
4,feature_blocks,feat_uni,4,1,21,targ_class1,-292.0,-130.0
4,feature_blocks,feat_uni,4,1,22,dist_class1,352.0,-215.0
4,feature_blocks,feat_uni,4,1,23,targ_class2,-167.0,-204.0
4,feature_blocks,feat_uni,4,1,24,targ_class2,-160.0,-268.0
4,feature_blocks,feat_uni,4,1,25,dist_class2,-103.0,-204.0
4,feature_blocks,feat_uni,4,1,26,dist_class1,152.0,208.0
4,feature_blocks,feat_uni,4,1,27,targ_class1,247.0,270.0
4,feature_blocks,feat_uni,4,1,28,dist_class2,-280.0,245.0
4,feature_blocks,feat_uni,4,1,29,targ_class2,-144.0,226.0
4,feature_blocks,feat_uni,4,1,30,dist_class2,-294.0,-267.0
4,feature_blocks,feat_uni,4,1,31,targ_class1,-103.0,293.0
4,feature_blocks,feat_uni,4,1,32,dist_class2,-28.0,-14.0
4,feature_blocks,feat_uni,4,1,33,targ_class1,360.0,116.0
4,feature_blocks,feat_uni,4,1,34,targ_class1,303.0,-170.0
4,feature_blocks,feat_uni,4,1,35,targ_class2,-61.0,-347.0
4,feature_blocks,feat_uni,4,1,36,dist_class2,172.0,-107.0
4,feature_blocks,feat_uni,4,1,37,targ_class2,77.0,180.0
4,feature_blocks,feat_uni,4,1,38,targ_class1,-75.0,120.0
4,feature_blocks,feat_uni,4,1,39,dist_class1,174.0,85.0
4,feature_blocks,feat_uni,4,1,40,targ_class2,254.0,34.0
4,feature_blocks,feat_uni,4,1,41,dist_class2,-33.0,-255.0
4,feature_blocks,feat_uni,4,1,42,targ_class1,-35.0,43.0
4,feature_blocks,feat_uni,4,1,43,targ_class1,103.0,262.0
4,feature_blocks,feat_uni,4,1,44,targ_class1,358.0,172.0
4,feature_blocks,feat_uni,4,1,45,dist_class2,91.0,317.0
4,feature_blocks,feat_uni,4,1,46,dist_class2,301.0,4.0
4,feature_blocks,feat_uni,4,1,47,dist_class1,136.0,-19.0
4,feature_blocks,feat_uni,4,1,48,dist_class1,280.0,225.0
4,feature_blocks,feat_uni,4,1,49,targ_class2,120.0,-303.0
4,feature_blocks,feat_rot,0,1,1,targ_class2,13.0,-454.0
4,feature_blocks,feat_rot,0,1,2,dist_class2,77.0,-378.0
4,feature_blocks,feat_rot,0,1,3,targ_class2,156.0,-317.0
4,feature_blocks,feat_rot,0,1,4,dist_class2,232.0,-251.0
4,feature_blocks,feat_rot,0,1,5,dist_class1,315.0,-169.0
4,feature_blocks,feat_rot,0,1,6,dist_class1,385.0,-72.0
4,feature_blocks,feat_rot,0,1,7,dist_class1,458.0,-5.0
4,feature_blocks,feat_rot,0,1,8,targ_class1,-80.0,-372.0
4,feature_blocks,feat_rot,0,1,9,dist_class2,13.0,-321.0
4,feature_blocks,feat_rot,0,1,10,dist_class2,55.0,-233.0
4,feature_blocks,feat_rot,0,1,11,dist_class2,162.0,-150.0
4,feature_blocks,feat_rot,0,1,12,dist_class1,235.0,-76.0
4,feature_blocks,feat_rot,0,1,13,targ_class1,318.0,-7.0
4,feature_blocks,feat_rot,0,1,14,targ_class1,386.0,83.0
4,feature_blocks,feat_rot,0,1,15,targ_class2,-140.0,-314.0
4,feature_blocks,feat_rot,0,1,16,dist_class2,-84.0,-232.0
4,feature_blocks,feat_rot,0,1,17,dist_class1,10.0,-161.0
4,feature_blocks,feat_rot,0,1,18,dist_class2,63.0,-79.0
4,feature_blocks,feat_rot,0,1,19,targ_class2,154.0,2.0
4,feature_blocks,feat_rot,0,1,20,dist_class2,242.0,76.0
4,feature_blocks,feat_rot,0,1,21,dist_class2,299.0,146.0
4,feature_blocks,feat_rot,0,1,22,dist_class2,-222.0,-239.0
4,feature_blocks,feat_rot,0,1,23,targ_class2,-158.0,-151.0
4,feature_blocks,feat_rot,0,1,24,dist_class1,-79.0,-73.0
4,feature_blocks,feat_rot,0,1,25,targ_class2,14.0,21.0
4,feature_blocks,feat_rot,0,1,26,targ_class2,64.0,63.0
4,feature_blocks,feat_rot,0,1,27,dist_class2,155.0,156.0
4,feature_blocks,feat_rot,0,1,28,targ_class2,243.0,243.0
4,feature_blocks,feat_rot,0,1,29,dist_class1,-298.0,-163.0
4,feature_blocks,feat_rot,0,1,30,dist_class1,-216.0,-75.0
4,feature_blocks,feat_rot,0,1,31,targ_class1,-146.0,-5.0
4,feature_blocks,feat_rot,0,1,32,targ_class1,-92.0,88.0
4,feature_blocks,feat_rot,0,1,33,dist_class2,5.0,174.0
4,feature_blocks,feat_rot,0,1,34,targ_class1,91.0,250.0
4,feature_blocks,feat_rot,0,1,35,targ_class1,149.0,294.0
4,feature_blocks,feat_rot,0,1,36,dist_class2,-381.0,-72.0
4,feature_blocks,feat_rot,0,1,37,dist_class1,-310.0,-9.0
4,feature_blocks,feat_rot,0,1,38,targ_class1,-222.0,72.0
4,feature_blocks,feat_rot,0,1,39,dist_class1,-156.0,151.0
4,feature_blocks,feat_rot,0,1,40,targ_class1,-95.0,220.0
4,feature_blocks,feat_rot,0,1,41,targ_class2,-3.0,295.0
4,feature_blocks,feat_rot,0,1,42,targ_class2,63.0,381.0
4,feature_blocks,feat_rot,0,1,43,targ_class1,-451.0,11.0
4,feature_blocks,feat_rot,0,1,44,dist_class1,-380.0,78.0
4,feature_blocks,feat_rot,0,1,45,targ_class2,-278.0,155.0
4,feature_blocks,feat_rot,0,1,46,targ_class2,-232.0,241.0
4,feature_blocks,feat_rot,0,1,47,targ_class1,-148.0,291.0
4,feature_blocks,feat_rot,0,1,48,dist_class1,-80.0,383.0
4,feature_blocks,feat_rot,0,1,49,targ_class1,-6.0,458.0
4,prac2_conj,conj_grid,0,1,1,targ_class2,-335.0,-314.0
4,prac2_conj,conj_grid,0,1,2,targ_class2,-222.0,-315.0
4,prac2_conj,conj_grid,0,1,3,targ_class1,-110.0,-327.0
4,prac2_conj,conj_grid,0,1,4,targ_class2,-5.0,-330.0
4,prac2_conj,conj_grid,0,1,5,targ_class2,102.0,-329.0
4,prac2_conj,conj_grid,0,1,6,targ_class2,215.0,-322.0
4,prac2_conj,conj_grid,0,1,7,dist_class2,341.0,-328.0
4,prac2_conj,conj_grid,0,1,8,targ_class1,-321.0,-220.0
4,prac2_conj,conj_grid,0,1,9,targ_class1,-238.0,-241.0
4,prac2_conj,conj_grid,0,1,10,targ_class2,-119.0,-224.0
4,prac2_conj,conj_grid,0,1,11,targ_class1,12.0,-229.0
4,prac2_conj,conj_grid,0,1,12,targ_class1,110.0,-214.0
4,prac2_conj,conj_grid,0,1,13,dist_class1,214.0,-201.0
4,prac2_conj,conj_grid,0,1,14,dist_class1,328.0,-237.0
4,prac2_conj,conj_grid,0,1,15,dist_class2,-331.0,-113.0
4,prac2_conj,conj_grid,0,1,16,targ_class1,-212.0,-116.0
4,prac2_conj,conj_grid,0,1,17,dist_class1,-100.0,-121.0
4,prac2_conj,conj_grid,0,1,18,dist_class2,11.0,-93.0
4,prac2_conj,conj_grid,0,1,19,dist_class2,113.0,-99.0
4,prac2_conj,conj_grid,0,1,20,dist_class2,216.0,-122.0
4,prac2_conj,conj_grid,0,1,21,dist_class1,299.0,-119.0
4,prac2_conj,conj_grid,0,1,22,dist_class1,-315.0,3.0
4,prac2_conj,conj_grid,0,1,23,targ_class2,-212.0,3.0
4,prac2_conj,conj_grid,0,1,24,dist_class1,-90.0,-9.0
4,prac2_conj,conj_grid,0,1,25,dist_class2,5.0,-23.0
4,prac2_conj,conj_grid,0,1,26,dist_class2,101.0,6.0
4,prac2_conj,conj_grid,0,1,27,targ_class2,213.0,7.0
4,prac2_conj,conj_grid,0,1,28,dist_class2,338.0,-12.0
4,prac2_conj,conj_grid,0,1,29,dist_class2,-328.0,116.0
4,prac2_conj,conj_grid,0,1,30,targ_class1,-200.0,90.0
4,prac2_conj,conj_grid,0,1,31,targ_class2,-120.0,118.0
4,prac2_conj,conj_grid,0,1,32,dist_class2,-5.0,105.0
4,prac2_conj,conj_grid,0,1,33,targ_class2,92.0,105.0
4,prac2_conj,conj_grid,0,1,34,targ_class1,232.0,95.0
4,prac2_conj,conj_grid,0,1,35,targ_class1,297.0,115.0
4,prac2_conj,conj_grid,0,1,36,dist_class2,-341.0,212.0
4,prac2_conj,conj_grid,0,1,37,targ_class2,-223.0,214.0
4,prac2_conj,conj_grid,0,1,38,targ_class1,-109.0,208.0
4,prac2_conj,conj_grid,0,1,39,dist_class1,-24.0,222.0
4,prac2_conj,conj_grid,0,1,40,dist_class2,96.0,209.0
4,prac2_conj,conj_grid,0,1,41,dist_class1,206.0,225.0
4,prac2_conj,conj_grid,0,1,42,dist_class2,343.0,223.0
4,prac2_conj,conj_grid,0,1,43,dist_class1,-335.0,325.0
4,prac2_conj,conj_grid,0,1,44,dist_class1,-218.0,316.0
4,prac2_conj,conj_grid,0,1,45,targ_class1,-110.0,346.0
4,prac2_conj,conj_grid,0,1,46,dist_class1,-6.0,327.0
4,prac2_conj,conj_grid,0,1,47,targ_class1,85.0,314.0
4,prac2_conj,conj_grid,0,1,48,targ_class2,216.0,343.0
4,prac2_conj,conj_grid,0,1,49,dist_class1,322.0,324.0
4,prac2_conj,conj_grid,0,2,1,targ_class1,-326.0,-323.0
4,prac2_conj,conj_grid,0,2,2,dist_class1,-178.0,-341.0
4,prac2_conj,conj_grid,0,2,3,targ_class1,-116.0,-332.0
4,prac2_conj,conj_grid,0,2,4,dist_class1,-1.0,-326.0
4,prac2_conj,conj_grid,0,2,5,dist_class2,106.0,-329.0
4,prac2_conj,conj_grid,0,2,6,dist_class1,214.0,-342.0
4,prac2_conj,conj_grid,0,2,7,dist_class1,304.0,-314.0
4,prac2_conj,conj_grid,0,2,8,dist_class1,-327.0,-219.0
4,prac2_conj,conj_grid,0,2,9,targ_class2,-218.0,-224.0
4,prac2_conj,conj_grid,0,2,10,dist_class1,-105.0,-237.0
4,prac2_conj,conj_grid,0,2,11,dist_class1,7.0,-219.0
4,prac2_conj,conj_grid,0,2,12,dist_class1,98.0,-205.0
4,prac2_conj,conj_grid,0,2,13,targ_class2,228.0,-236.0
4,prac2_conj,conj_grid,0,2,14,targ_class2,316.0,-230.0
4,prac2_conj,conj_grid,0,2,15,dist_class2,-313.0,-104.0
4,prac2_conj,conj_grid,0,2,16,targ_class1,-223.0,-93.0
4,prac2_conj,conj_grid,0,2,17,targ_class2,-116.0,-108.0
4,prac2_conj,conj_grid,0,2,18,targ_class2,-12.0,-109.0
4,prac2_conj,conj_grid,0,2,19,targ_class2,94.0,-125.0
4,prac2_conj,conj_grid,0,2,20,dist_class1,206.0,-109.0
4,prac2_conj,conj_grid,0,2,21,dist_class1,324.0,-116.0
4,prac2_conj,conj_grid,0,2,22,dist_class2,-341.0,-14.0
4,prac2_conj,conj_grid,0,2,23,targ_class2,-207.0,-16.0
4,prac2_conj,conj_grid,0,2,24,targ_class2,-102.0,-6.0
4,prac2_conj,conj_grid,0,2,25,targ_class2,2.0,-2.0
4,prac2_conj,conj_grid,0,2,26,dist_class2,101.0,-20.0
4,prac2_conj,conj_grid,0,2,27,targ_class1,211.0,2.0
4,prac2_conj,conj_grid,0,2,28,targ_class1,312.0,-0.0
4,prac2_conj,conj_grid,0,2,29,targ_class1,-337.0,96.0
4,prac2_conj,conj_grid,0,2,30,targ_class1,-221.0,111.0
4,prac2_conj,conj_grid,0,2,31,dist_class1,-106.0,116.0
4,prac2_conj,conj_grid,0,2,32,dist_class2,-14.0,119.0
4,prac2_conj,conj_grid,0,2,33,targ_class1,106.0,106.0
4,prac2_conj,conj_grid,0,2,34,dist_class2,218.0,82.0
4,prac2_conj,conj_grid,0,2,35,dist_class2,333.0,102.0
4,prac2_conj,conj_grid,0,2,36,dist_class2,-336.0,234.0
4,prac2_conj,conj_grid,0,2,37,targ_class2,-228.0,213.0
4,prac2_conj,conj_grid,0,2,38,targ_class2,-97.0,211.0
4,prac2_conj,conj_grid,0,2,39,targ_class1,-13.0,210.0
4,prac2_conj,conj_grid,0,2,40,dist_class2,116.0,217.0
4,prac2_conj,conj_grid,0,2,41,dist_class2,209.0,213.0
4,prac2_conj,conj_grid,0,2,42,dist_class2,322.0,222.0
4,prac2_conj,conj_grid,0,2,43,dist_class1,-316.0,330.0
4,prac2_conj,conj_grid,0,2,44,targ_class1,-219.0,331.0
4,prac2_conj,conj_grid,0,2,45,dist_class2,-109.0,326.0
4,prac2_conj,conj_grid,0,2,46,targ_class1,-12.0,331.0
4,prac2_conj,conj_grid,0,2,47,targ_class1,119.0,309.0
4,prac2_conj,conj_grid,0,2,48,targ_class2,226.0,329.0
4,prac2_conj,conj_grid,0,2,49,dist_class2,321.0,334.0
4,prac2_conj,conj_grid,1,1,1,targ_class1,-311.0,-330.0
4,prac2_conj,conj_grid,1,1,2,targ_class1,-216.0,-340.0
4,prac2_conj,conj_grid,1,1,3,dist_class1,-112.0,-334.0
4,prac2_conj,conj_grid,1,1,4,targ_class2,-25.0,-315.0
4,prac2_conj,conj_grid,1,1,5,targ_class2,110.0,-336.0
4,prac2_conj,conj_grid,1,1,6,targ_class1,212.0,-321.0
4,prac2_conj,conj_grid,1,1,7,targ_class1,322.0,-334.0
4,prac2_conj,conj_grid,1,1,8,dist_class1,-315.0,-203.0
4,prac2_conj,conj_grid,1,1,9,targ_class1,-212.0,-209.0
4,prac2_conj,conj_grid,1,1,10,dist_class1,-114.0,-227.0
4,prac2_conj,conj_grid,1,1,11,dist_class1,-8.0,-221.0
4,prac2_conj,conj_grid,1,1,12,dist_class1,113.0,-216.0
4,prac2_conj,conj_grid,1,1,13,targ_class1,212.0,-214.0
4,prac2_conj,conj_grid,1,1,14,dist_class2,324.0,-236.0
4,prac2_conj,conj_grid,1,1,15,dist_class1,-319.0,-112.0
4,prac2_conj,conj_grid,1,1,16,targ_class2,-196.0,-111.0
4,prac2_conj,conj_grid,1,1,17,targ_class2,-96.0,-118.0
4,prac2_conj,conj_grid,1,1,18,dist_class1,-7.0,-122.0
4,prac2_conj,conj_grid,1,1,19,targ_class2,108.0,-110.0
4,prac2_conj,conj_grid,1,1,20,dist_class2,204.0,-126.0
4,prac2_conj,conj_grid,1,1,21,dist_class1,310.0,-112.0
4,prac2_conj,conj_grid,1,1,22,targ_class1,-336.0,4.0
4,prac2_conj,conj_grid,1,1,23,dist_class2,-204.0,-17.0
4,prac2_conj,conj_grid,1,1,24,dist_class1,-101.0,-0.0
4,prac2_conj,conj_grid,1,1,25,dist_class2,-3.0,-10.0
4,prac2_conj,conj_grid,1,1,26,dist_class2,104.0,-12.0
4,prac2_conj,conj_grid,1,1,27,targ_class1,214.0,-7.0
4,prac2_conj,conj_grid,1,1,28,dist_class2,321.0,-3.0
4,prac2_conj,conj_grid,1,1,29,targ_class2,-311.0,103.0
4,prac2_conj,conj_grid,1,1,30,targ_class2,-213.0,130.0
4,prac2_conj,conj_grid,1,1,31,dist_class2,-117.0,93.0
4,prac2_conj,conj_grid,1,1,32,targ_class2,-3.0,103.0
4,prac2_conj,conj_grid,1,1,33,dist_class2,104.0,107.0
4,prac2_conj,conj_grid,1,1,34,dist_class1,211.0,124.0
4,prac2_conj,conj_grid,1,1,35,targ_class1,325.0,93.0
4,prac2_conj,conj_grid,1,1,36,dist_class2,-316.0,222.0
4,prac2_conj,conj_grid,1,1,37,targ_class1,-212.0,203.0
4,prac2_conj,conj_grid,1,1,38,dist_class2,-92.0,195.0
4,prac2_conj,conj_grid,1,1,39,targ_class2,-17.0,216.0
4,prac2_conj,conj_grid,1,1,40,targ_class1,109.0,197.0
4,prac2_conj,conj_grid,1,1,41,dist_class1,214.0,229.0
4,prac2_conj,conj_grid,1,1,42,dist_class1,327.0,207.0
4,prac2_conj,conj_grid,1,1,43,dist_class2,-307.0,326.0
4,prac2_conj,conj_grid,1,1,44,targ_class2,-211.0,332.0
4,prac2_conj,conj_grid,1,1,45,targ_class2,-113.0,328.0
4,prac2_conj,conj_grid,1,1,46,targ_class1,7.0,318.0
4,prac2_conj,conj_grid,1,1,47,dist_class2,117.0,316.0
4,prac2_conj,conj_grid,1,1,48,targ_class2,219.0,307.0
4,prac2_conj,conj_grid,1,1,49,dist_class2,324.0,301.0
4,conjunction_blocks,conj_grid,1,1,1,dist_class1,-326.0,-336.0
4,conjunction_blocks,conj_grid,1,1,2,dist_class2,-222.0,-332.0
4,conjunction_blocks,conj_grid,1,1,3,targ_class2,-114.0,-329.0
4,conjunction_blocks,conj_grid,1,1,4,dist_class2,-11.0,-329.0
4,conjunction_blocks,conj_grid,1,1,5,dist_class1,96.0,-335.0
4,conjunction_blocks,conj_grid,1,1,6,targ_class1,230.0,-327.0
4,conjunction_blocks,conj_grid,1,1,7,dist_class2,335.0,-318.0
4,conjunction_blocks,conj_grid,1,1,8,targ_class2,-318.0,-214.0
4,conjunction_blocks,conj_grid,1,1,9,dist_class2,-204.0,-230.0
4,conjunction_blocks,conj_grid,1,1,10,targ_class2,-102.0,-205.0
4,conjunction_blocks,conj_grid,1,1,11,targ_class1,3.0,-231.0
4,conjunction_blocks,conj_grid,1,1,12,targ_class2,117.0,-230.0
4,conjunction_blocks,conj_grid,1,1,13,dist_class1,222.0,-227.0
4,conjunction_blocks,conj_grid,1,1,14,targ_class1,335.0,-207.0
4,conjunction_blocks,conj_grid,1,1,15,dist_class2,-310.0,-101.0
4,conjunction_blocks,conj_grid,1,1,16,targ_class1,-223.0,-106.0
4,conjunction_blocks,conj_grid,1,1,17,dist_class2,-116.0,-100.0
4,conjunction_blocks,conj_grid,1,1,18,dist_class1,-8.0,-108.0
4,conjunction_blocks,conj_grid,1,1,19,dist_class1,96.0,-88.0
4,conjunction_blocks,conj_grid,1,1,20,dist_class1,224.0,-100.0
4,conjunction_blocks,conj_grid,1,1,21,dist_class2,326.0,-111.0
4,conjunction_blocks,conj_grid,1,1,22,dist_class2,-327.0,-14.0
4,conjunction_blocks,conj_grid,1,1,23,targ_class2,-202.0,2.0
4,conjunction_blocks,conj_grid,1,1,24,targ_class1,-127.0,31.0
4,conjunction_blocks,conj_grid,1,1,25,targ_class2,-13.0,21.0
4,conjunction_blocks,conj_grid,1,1,26,targ_class1,113.0,9.0
4,conjunction_blocks,conj_grid,1,1,27,dist_class1,208.0,-9.0
4,conjunction_blocks,conj_grid,1,1,28,targ_class1,313.0,-9.0
4,conjunction_blocks,conj_grid,1,1,29,targ_class2,-320.0,112.0
4,conjunction_blocks,conj_grid,1,1,30,targ_class1,-218.0,94.0
4,conjunction_blocks,conj_grid,1,1,31,targ_class1,-112.0,91.0
4,conjunction_blocks,conj_grid,1,1,32,targ_class1,-5.0,94.0
4,conjunction_blocks,conj_grid,1,1,33,targ_class2,103.0,113.0
4,conjunction_blocks,conj_grid,1,1,34,dist_class2,216.0,116.0
4,conjunction_blocks,conj_grid,1,1,35,dist_class1,309.0,104.0
4,conjunction_blocks,conj_grid,1,1,36,targ_class2,-334.0,211.0
4,conjunction_blocks,conj_grid,1,1,37,dist_class1,-216.0,212.0
4,conjunction_blocks,conj_grid,1,1,38,targ_class2,-123.0,212.0
4,conjunction_blocks,conj_grid,1,1,39,dist_class2,-11.0,226.0
4,conjunction_blocks,conj_grid,1,1,40,targ_class1,103.0,216.0
4,conjunction_blocks,conj_grid,1,1,41,dist_class1,222.0,217.0
4,conjunction_blocks,conj_grid,1,1,42,dist_class2,315.0,224.0
4,conjunction_blocks,conj_grid,1,1,43,targ_class2,-342.0,315.0
4,conjunction_blocks,conj_grid,1,1,44,dist_class2,-209.0,334.0
4,conjunction_blocks,conj_grid,1,1,45,dist_class1,-134.0,327.0
4,conjunction_blocks,conj_grid,1,1,46,dist_class2,4.0,319.0
4,conjunction_blocks,conj_grid,1,1,47,dist_class1,107.0,319.0
4,conjunction_blocks,conj_grid,1,1,48,targ_class1,197.0,314.0
4,conjunction_blocks,conj_grid,1,1,49,targ_class2,343.0,320.0
4,conjunction_blocks,conj_grid,2,1,1,targ_class2,-323.0,-303.0
4,conjunction_blocks,conj_grid,2,1,2,targ_class2,-218.0,-324.0
4,conjunction_blocks,conj_grid,2,1,3,dist_class2,-109.0,-320.0
4,conjunction_blocks,conj_grid,2,1,4,targ_class1,-6.0,-317.0
4,conjunction_blocks,conj_grid,2,1,5,targ_class2,116.0,-327.0
4,conjunction_blocks,conj_grid,2,1,6,targ_class1,205.0,-349.0
4,conjunction_blocks,conj_grid,2,1,7,dist_class1,318.0,-307.0
4,conjunction_blocks,conj_grid,2,1,8,dist_class1,-334.0,-210.0
4,conjunction_blocks,conj_grid,2,1,9,targ_class1,-212.0,-224.0
4,conjunction_blocks,conj_grid,2,1,10,dist_class1,-114.0,-224.0
4,conjunction_blocks,conj_grid,2,1,11,targ_class1,-6.0,-212.0
4,conjunction_blocks,conj_grid,2,1,12,dist_class1,99.0,-231.0
4,conjunction_blocks,conj_grid,2,1,13,targ_class2,227.0,-230.0
4,conjunction_blocks,conj_grid,2,1,14,targ_class2,334.0,-225.0
4,conjunction_blocks,conj_grid,2,1,15,dist_class2,-322.0,-118.0
4,conjunction_blocks,conj_grid,2,1,16,targ_class2,-226.0,-91.0
4,conjunction_blocks,conj_grid,2,1,17,dist_class1,-113.0,-103.0
4,conjunction_blocks,conj_grid,2,1,18,targ_class2,8.0,-100.0
4,conjunction_blocks,conj_grid,2,1,19,targ_class2,114.0,-113.0
4,conjunction_blocks,conj_grid,2,1,20,targ_class1,212.0,-103.0
4,conjunction_blocks,conj_grid,2,1,21,targ_class1,344.0,-124.0
4,conjunction_blocks,conj_grid,2,1,22,targ_class2,-332.0,-2.0
4,conjunction_blocks,conj_grid,2,1,23,dist_class1,-203.0,10.0
4,conjunction_blocks,conj_grid,2,1,24,targ_class1,-79.0,7.0
4,conjunction_blocks,conj_grid,2,1,25,dist_class2,-5.0,-18.0
4,conjunction_blocks,conj_grid,2,1,26,dist_class2,115.0,-2.0
4,conjunction_blocks,conj_grid,2,1,27,dist_class1,218.0,-4.0
4,conjunction_blocks,conj_grid,2,1,28,dist_class2,330.0,-3.0
4,conjunction_blocks,conj_grid,2,1,29,targ_class1,-320.0,112.0
4,conjunction_blocks,conj_grid,2,1,30,dist_class2,-200.0,107.0
4,conjunction_blocks,conj_grid,2,1,31,dist_class1,-109.0,113.0
4,conjunction_blocks,conj_grid,2,1,32,dist_class2,-1.0,113.0
4,conjunction_blocks,conj_grid,2,1,33,dist_class1,105.0,118.0
4,conjunction_blocks,conj_grid,2,1,34,dist_class2,232.0,105.0
4,conjunction_blocks,conj_grid,2,1,35,dist_class2,329.0,110.0
4,conjunction_blocks,conj_grid,2,1,36,targ_class1,-335.0,215.0
4,conjunction_blocks,conj_grid,2,1,37,dist_class1,-231.0,218.0
4,conjunction_blocks,conj_grid,2,1,38,dist_class2,-124.0,203.0
4,conjunction_blocks,conj_grid,2,1,39,targ_class2,23.0,206.0
4,conjunction_blocks,conj_grid,2,1,40,targ_class1,106.0,215.0
4,conjunction_blocks,conj_grid,2,1,41,dist_class1,203.0,207.0
4,conjunction_blocks,conj_grid,2,1,42,dist_class2,332.0,207.0
4,conjunction_blocks,conj_grid,2,1,43,dist_class1,-323.0,337.0
4,conjunction_blocks,conj_grid,2,1,44,targ_class2,-211.0,321.0
4,conjunction_blocks,conj_grid,2,1,45,dist_class2,-114.0,316.0
4,conjunction_blocks,conj_grid,2,1,46,dist_class2,1.0,314.0
4,conjunction_blocks,conj_grid,2,1,47,targ_class2,114.0,336.0
4,conjunction_blocks,conj_grid,2,1,48,targ_class1,214.0,330.0
4,conjunction_blocks,conj_grid,2,1,49,targ_class1,318.0,338.0
4,conjunction_blocks,conj_grid,3,1,1,targ_class1,-327.0,-336.0
4,conjunction_blocks,conj_grid,3,1,2,targ_class2,-230.0,-321.0
4,conjunction_blocks,conj_grid,3,1,3,targ_class2,-104.0,-337.0
4,conjunction_blocks,conj_grid,3,1,4,targ_class1,18.0,-320.0
4,conjunction_blocks,conj_grid,3,1,5,dist_class2,123.0,-333.0
4,conjunction_blocks,conj_grid,3,1,6,targ_class2,211.0,-322.0
4,conjunction_blocks,conj_grid,3,1,7,dist_class1,313.0,-316.0
4,conjunction_blocks,conj_grid,3,1,8,dist_class2,-324.0,-220.0
4,conjunction_blocks,conj_grid,3,1,9,targ_class2,-212.0,-208.0
4,conjunction_blocks,conj_grid,3,1,10,targ_class2,-110.0,-211.0
4,conjunction_blocks,conj_grid,3,1,11,dist_class1,12.0,-215.0
4,conjunction_blocks,conj_grid,3,1,12,dist_class1,97.0,-218.0
4,conjunction_blocks,conj_grid,3,1,13,dist_class1,220.0,-210.0
4,conjunction_blocks,conj_grid,3,1,14,targ_class1,319.0,-220.0
4,conjunction_blocks,conj_grid,3,1,15,dist_class1,-332.0,-119.0
4,conjunction_blocks,conj_grid,3,1,16,targ_class1,-207.0,-101.0
4,conjunction_blocks,conj_grid,3,1,17,targ_class1,-101.0,-109.0
4,conjunction_blocks,conj_grid,3,1,18,dist_class1,-11.0,-114.0
4,conjunction_blocks,conj_grid,3,1,19,dist_class2,109.0,-105.0
4,conjunction_blocks,conj_grid,3,1,20,targ_class2,214.0,-105.0
4,conjunction_blocks,conj_grid,3,1,21,dist_class1,320.0,-99.0
4,conjunction_blocks,conj_grid,3,1,22,targ_class1,-328.0,9.0
4,conjunction_blocks,conj_grid,3,1,23,dist_class2,-223.0,-11.0
4,conjunction_blocks,conj_grid,3,1,24,targ_class1,-114.0,-13.0
4,conjunction_blocks,conj_grid,3,1,25,dist_class1,-7.0,-5.0
4,conjunction_blocks,conj_grid,3,1,26,dist_class2,107.0,-9.0
4,conjunction_blocks,conj_grid,3,1,27,dist_class2,223.0,-12.0
4,conjunction_blocks,conj_grid,3,1,28,targ_class2,324.0,-1.0
4,conjunction_blocks,conj_grid,3,1,29,dist_class2,-311.0,119.0
4,conjunction_blocks,conj_grid,3,1,30,targ_class2,-219.0,83.0
4,conjunction_blocks,conj_grid,3,1,31,targ_class2,-121.0,96.0
4,conjunction_blocks,conj_grid,3,1,32,dist_class1,26.0,105.0
4,conjunction_blocks,conj_grid,3,1,33,targ_class1,103.0,82.0
4,conjunction_blocks,conj_grid,3,1,34,dist_class2,234.0,103.0
4,conjunction_blocks,conj_grid,3,1,35,targ_class1,329.0,123.0
4,conjunction_blocks,conj_grid,3,1,36,dist_class2,-331.0,217.0
4,conjunction_blocks,conj_grid,3,1,37,dist_class1,-207.0,219.0
4,conjunction_blocks,conj_grid,3,1,38,dist_class1,-110.0,228.0
4,conjunction_blocks,conj_grid,3,1,39,dist_class2,-11.0,216.0
4,conjunction_blocks,conj_grid,3,1,40,targ_class1,115.0,209.0
4,conjunction_blocks,conj_grid,3,1,41,dist_class2,219.0,204.0
4,conjunction_blocks,conj_grid,3,1,42,dist_class1,328.0,211.0
4,conjunction_blocks,conj_grid,3,1,43,targ_class2,-311.0,321.0
4,conjunction_blocks,conj_grid,3,1,44,dist_class2,-221.0,340.0
4,conjunction_blocks,conj_grid,3,1,45,dist_class2,-113.0,326.0
4,conjunction_blocks,conj_grid,3,1,46,targ_class1,-4.0,316.0
4,conjunction_blocks,conj_grid,3,1,47,targ_class1,96.0,321.0
4,conjunction_blocks,conj_grid,3,1,48,targ_class2,233.0,325.0
4,conjunction_blocks,conj_grid,3,1,49,targ_class2,322.0,330.0
4,conjunction_blocks,conj_rot,0,1,1,dist_class2,18.0,-478.0
4,conjunction_blocks,conj_rot,0,1,2,dist_class2,75.0,-385.0
4,conjunction_blocks,conj_rot,0,1,3,dist_class1,159.0,-293.0
4,conjunction_blocks,conj_rot,0,1,4,dist_class2,235.0,-242.0
4,conjunction_blocks,conj_rot,0,1,5,dist_class2,318.0,-130.0
4,conjunction_blocks,conj_rot,0,1,6,targ_class2,359.0,-72.0
4,conjunction_blocks,conj_rot,0,1,7,dist_class1,449.0,-0.0
4,conjunction_blocks,conj_rot,0,1,8,dist_class2,-62.0,-363.0
4,conjunction_blocks,conj_rot,0,1,9,dist_class2,2.0,-317.0
4,conjunction_blocks,conj_rot,0,1,10,dist_class2,87.0,-210.0
4,conjunction_blocks,conj_rot,0,1,11,targ_class2,147.0,-139.0
4,conjunction_blocks,conj_rot,0,1,12,dist_class2,225.0,-65.0
4,conjunction_blocks,conj_rot,0,1,13,targ_class2,296.0,-9.0
4,conjunction_blocks,conj_rot,0,1,14,dist_class1,379.0,62.0
4,conjunction_blocks,conj_rot,0,1,15,dist_class2,-162.0,-298.0
4,conjunction_blocks,conj_rot,0,1,16,dist_class1,-75.0,-224.0
4,conjunction_blocks,conj_rot,0,1,17,targ_class2,-3.0,-144.0
4,conjunction_blocks,conj_rot,0,1,18,targ_class2,90.0,-74.0
4,conjunction_blocks,conj_rot,0,1,19,targ_class1,169.0,-9.0
4,conjunction_blocks,conj_rot,0,1,20,dist_class2,224.0,77.0
4,conjunction_blocks,conj_rot,0,1,21,targ_class1,302.0,147.0
4,conjunction_blocks,conj_rot,0,1,22,targ_class2,-201.0,-236.0
4,conjunction_blocks,conj_rot,0,1,23,targ_class2,-171.0,-162.0
4,conjunction_blocks,conj_rot,0,1,24,targ_class1,-81.0,-77.0
4,conjunction_blocks,conj_rot,0,1,25,targ_class2,-10.0,14.0
4,conjunction_blocks,conj_rot,0,1,26,targ_class2,84.0,79.0
4,conjunction_blocks,conj_rot,0,1,27,dist_class1,176.0,139.0
4,conjunction_blocks,conj_rot,0,1,28,targ_class2,236.0,222.0
4,conjunction_blocks,conj_rot,0,1,29,dist_class2,-308.0,-161.0
4,conjunction_blocks,conj_rot,0,1,30,dist_class1,-214.0,-80.0
4,conjunction_blocks,conj_rot,0,1,31,targ_class1,-165.0,-24.0
4,conjunction_blocks,conj_rot,0,1,32,dist_class1,-80.0,85.0
4,conjunction_blocks,conj_rot,0,1,33,dist_class2,19.0,150.0
4,conjunction_blocks,conj_rot,0,1,34,targ_class2,77.0,216.0
4,conjunction_blocks,conj_rot,0,1,35,dist_class1,132.0,311.0
4,conjunction_blocks,conj_rot,0,1,36,dist_class2,-371.0,-85.0
4,conjunction_blocks,conj_rot,0,1,37,targ_class2,-296.0,-7.0
4,conjunction_blocks,conj_rot,0,1,38,dist_class1,-230.0,86.0
4,conjunction_blocks,conj_rot,0,1,39,dist_class1,-147.0,158.0
4,conjunction_blocks,conj_rot,0,1,40,targ_class1,-85.0,226.0
4,conjunction_blocks,conj_rot,0,1,41,targ_class1,-19.0,303.0
4,conjunction_blocks,conj_rot,0,1,42,targ_class1,78.0,387.0
4,conjunction_blocks,conj_rot,0,1,43,targ_class1,-456.0,17.0
4,conjunction_blocks,conj_rot,0,1,44,targ_class1,-362.0,79.0
4,conjunction_blocks,conj_rot,0,1,45,dist_class1,-316.0,152.0
4,conjunction_blocks,conj_rot,0,1,46,dist_class1,-231.0,234.0
4,conjunction_blocks,conj_rot,0,1,47,targ_class1,-147.0,311.0
4,conjunction_blocks,conj_rot,0,1,48,targ_class1,-84.0,373.0
4,conjunction_blocks,conj_rot,0,1,49,targ_class1,9.0,453.0
4,conjunction_blocks,conj_grid,4,1,1,targ_class2,-328.0,-325.0
4,conjunction_blocks,conj_grid,4,1,2,targ_class1,-225.0,-321.0
4,conjunction_blocks,conj_grid,4,1,3,dist_class2,-93.0,-323.0
4,conjunction_blocks,conj_grid,4,1,4,targ_class1,15.0,-325.0
4,conjunction_blocks,conj_grid,4,1,5,dist_class2,113.0,-313.0
4,conjunction_blocks,conj_grid,4,1,6,dist_class1,226.0,-327.0
4,conjunction_blocks,conj_grid,4,1,7,dist_class1,323.0,-327.0
4,conjunction_blocks,conj_grid,4,1,8,dist_class1,-307.0,-214.0
4,conjunction_blocks,conj_grid,4,1,9,targ_class1,-222.0,-225.0
4,conjunction_blocks,conj_grid,4,1,10,targ_class2,-91.0,-210.0
4,conjunction_blocks,conj_grid,4,1,11,dist_class1,3.0,-210.0
4,conjunction_blocks,conj_grid,4,1,12,targ_class2,134.0,-227.0
4,conjunction_blocks,conj_grid,4,1,13,dist_class2,226.0,-208.0
4,conjunction_blocks,conj_grid,4,1,14,targ_class2,331.0,-223.0
4,conjunction_blocks,conj_grid,4,1,15,targ_class1,-325.0,-113.0
4,conjunction_blocks,conj_grid,4,1,16,dist_class2,-217.0,-109.0
4,conjunction_blocks,conj_grid,4,1,17,targ_class2,-113.0,-123.0
4,conjunction_blocks,conj_grid,4,1,18,dist_class1,-10.0,-117.0
4,conjunction_blocks,conj_grid,4,1,19,dist_class2,112.0,-112.0
4,conjunction_blocks,conj_grid,4,1,20,targ_class1,213.0,-107.0
4,conjunction_blocks,conj_grid,4,1,21,dist_class1,331.0,-120.0
4,conjunction_blocks,conj_grid,4,1,22,dist_class2,-309.0,-32.0
4,conjunction_blocks,conj_grid,4,1,23,targ_class1,-205.0,15.0
4,conjunction_blocks,conj_grid,4,1,24,dist_class2,-95.0,-22.0
4,conjunction_blocks,conj_grid,4,1,25,targ_class2,-4.0,23.0
4,conjunction_blocks,conj_grid,4,1,26,dist_class2,103.0,10.0
4,conjunction_blocks,conj_grid,4,1,27,dist_class1,223.0,-7.0
4,conjunction_blocks,conj_grid,4,1,28,dist_class2,316.0,-6.0
4,conjunction_blocks,conj_grid,4,1,29,dist_class2,-321.0,121.0
4,conjunction_blocks,conj_grid,4,1,30,dist_class2,-196.0,122.0
4,conjunction_blocks,conj_grid,4,1,31,dist_class1,-102.0,101.0
4,conjunction_blocks,conj_grid,4,1,32,dist_class2,11.0,106.0
4,conjunction_blocks,conj_grid,4,1,33,targ_class2,114.0,91.0
4,conjunction_blocks,conj_grid,4,1,34,dist_class1,220.0,103.0
4,conjunction_blocks,conj_grid,4,1,35,targ_class2,333.0,109.0
4,conjunction_blocks,conj_grid,4,1,36,dist_class2,-315.0,200.0
4,conjunction_blocks,conj_grid,4,1,37,targ_class1,-209.0,223.0
4,conjunction_blocks,conj_grid,4,1,38,targ_class1,-117.0,210.0
4,conjunction_blocks,conj_grid,4,1,39,dist_class1,-4.0,244.0
4,conjunction_blocks,conj_grid,4,1,40,targ_class2,104.0,220.0
4,conjunction_blocks,conj_grid,4,1,41,targ_class1,209.0,223.0
4,conjunction_blocks,conj_grid,4,1,42,targ_class2,329.0,231.0
4,conjunction_blocks,conj_grid,4,1,43,targ_class1,-324.0,321.0
4,conjunction_blocks,conj_grid,4,1,44,targ_class2,-213.0,335.0
4,conjunction_blocks,conj_grid,4,1,45,targ_class2,-105.0,316.0
4,conjunction_blocks,conj_grid,4,1,46,dist_class1,-6.0,309.0
4,conjunction_blocks,conj_grid,4,1,47,targ_class1,96.0,336.0
4,conjunction_blocks,conj_grid,4,1,48,dist_class1,225.0,318.0
4,conjunction_blocks,conj_grid,4,1,49,targ_class1,317.0,339.0
4,conjunction_blocks,conj_uni,1,1,1,targ_class1,181.0,-134.0
4,conjunction_blocks,conj_uni,1,1,2,targ_class2,193.0,-188.0
4,conjunction_blocks,conj_uni,1,1,3,dist_class1,-18.0,-192.0
4,conjunction_blocks,conj_uni,1,1,4,targ_class1,-104.0,-74.0
4,conjunction_blocks,conj_uni,1,1,5,targ_class1,228.0,-244.0
4,conjunction_blocks,conj_uni,1,1,6,dist_class1,-12.0,-287.0
4,conjunction_blocks,conj_uni,1,1,7,dist_class2,-55.0,272.0
4,conjunction_blocks,conj_uni,1,1,8,dist_class1,-90.0,317.0
4,conjunction_blocks,conj_uni,1,1,9,targ_class2,-135.0,-120.0
4,conjunction_blocks,conj_uni,1,1,10,targ_class2,134.0,88.0
4,conjunction_blocks,conj_uni,1,1,11,targ_class2,-261.0,22.0
4,conjunction_blocks,conj_uni,1,1,12,dist_class1,-219.0,-69.0
4,conjunction_blocks,conj_uni,1,1,13,dist_class1,267.0,206.0
4,conjunction_blocks,conj_uni,1,1,14,dist_class1,197.0,-46.0
4,conjunction_blocks,conj_uni,1,1,15,targ_class1,-310.0,50.0
4,conjunction_blocks,conj_uni,1,1,16,targ_class2,-132.0,0.0
4,conjunction_blocks,conj_uni,1,1,17,dist_class2,316.0,-113.0
4,conjunction_blocks,conj_uni,1,1,18,dist_class1,304.0,-168.0
4,conjunction_blocks,conj_uni,1,1,19,dist_class2,-4.0,37.0
4,conjunction_blocks,conj_uni,1,1,20,targ_class1,71.0,-49.0
4,conjunction_blocks,conj_uni,1,1,21,dist_class1,82.0,-245.0
4,conjunction_blocks,conj_uni,1,1,22,dist_class1,-95.0,-182.0
4,conjunction_blocks,conj_uni,1,1,23,targ_class2,-159.0,-331.0
4,conjunction_blocks,conj_uni,1,1,24,targ_class2,-183.0,-24.0
4,conjunction_blocks,conj_uni,1,1,25,dist_class2,147.0,360.0
4,conjunction_blocks,conj_uni,1,1,26,targ_class2,69.0,8.0
4,conjunction_blocks,conj_uni,1,1,27,dist_class2,-93.0,42.0
4,conjunction_blocks,conj_uni,1,1,28,dist_class2,95.0,336.0
4,conjunction_blocks,conj_uni,1,1,29,targ_class2,-217.0,-148.0
4,conjunction_blocks,conj_uni,1,1,30,dist_class1,-48.0,-80.0
4,conjunction_blocks,conj_uni,1,1,31,targ_class1,197.0,11.0
4,conjunction_blocks,conj_uni,1,1,32,targ_class1,178.0,248.0
4,conjunction_blocks,conj_uni,1,1,33,dist_class2,-281.0,-30.0
4,conjunction_blocks,conj_uni,1,1,34,targ_class1,-265.0,-261.0
4,conjunction_blocks,conj_uni,1,1,35,dist_class2,139.0,-250.0
4,conjunction_blocks,conj_uni,1,1,36,targ_class2,169.0,-298.0
4,conjunction_blocks,conj_uni,1,1,37,dist_class2,146.0,-89.0
4,conjunction_blocks,conj_uni,1,1,38,targ_class2,-341.0,341.0
4,conjunction_blocks,conj_uni,1,1,39,targ_class1,-7.0,-117.0
4,conjunction_blocks,conj_uni,1,1,40,targ_class1,248.0,-189.0
4,conjunction_blocks,conj_uni,1,1,41,targ_class1,13.0,91.0
4,conjunction_blocks,conj_uni,1,1,42,dist_class2,343.0,-241.0
4,conjunction_blocks,conj_uni,1,1,43,dist_class1,152.0,193.0
4,conjunction_blocks,conj_uni,1,1,44,dist_class2,-252.0,-196.0
4,conjunction_blocks,conj_uni,1,1,45,targ_class1,-211.0,49.0
4,conjunction_blocks,conj_uni,1,1,46,dist_class2,137.0,-181.0
4,conjunction_blocks,conj_uni,1,1,47,dist_class2,62.0,118.0
4,conjunction_blocks,conj_uni,1,1,48,dist_class1,297.0,-318.0
4,conjunction_blocks,conj_uni,1,1,49,targ_class2,139.0,31.0
4,conjunction_blocks,conj_rot,2,1,1,targ_class1,-16.0,-453.0
4,conjunction_blocks,conj_rot,2,1,2,dist_class1,95.0,-385.0
4,conjunction_blocks,conj_rot,2,1,3,dist_class2,141.0,-299.0
4,conjunction_blocks,conj_rot,2,1,4,dist_class1,238.0,-225.0
4,conjunction_blocks,conj_rot,2,1,5,dist_class2,298.0,-152.0
4,conjunction_blocks,conj_rot,2,1,6,targ_class2,385.0,-77.0
4,conjunction_blocks,conj_rot,2,1,7,dist_class1,462.0,-9.0
4,conjunction_blocks,conj_rot,2,1,8,targ_class1,-68.0,-365.0
4,conjunction_blocks,conj_rot,2,1,9,targ_class1,5.0,-314.0
4,conjunction_blocks,conj_rot,2,1,10,dist_class1,75.0,-213.0
4,conjunction_blocks,conj_rot,2,1,11,dist_class1,159.0,-137.0
4,conjunction_blocks,conj_rot,2,1,12,targ_class1,222.0,-76.0
4,conjunction_blocks,conj_rot,2,1,13,dist_class2,297.0,-18.0
4,conjunction_blocks,conj_rot,2,1,14,dist_class1,373.0,84.0
4,conjunction_blocks,conj_rot,2,1,15,targ_class1,-144.0,-307.0
4,conjunction_blocks,conj_rot,2,1,16,targ_class1,-82.0,-228.0
4,conjunction_blocks,conj_rot,2,1,17,dist_class1,11.0,-160.0
4,conjunction_blocks,conj_rot,2,1,18,targ_class2,79.0,-79.0
4,conjunction_blocks,conj_rot,2,1,19,targ_class1,153.0,-8.0
4,conjunction_blocks,conj_rot,2,1,20,targ_class2,257.0,72.0
4,conjunction_blocks,conj_rot,2,1,21,targ_class1,318.0,142.0
4,conjunction_blocks,conj_rot,2,1,22,dist_class1,-226.0,-223.0
4,conjunction_blocks,conj_rot,2,1,23,targ_class2,-146.0,-159.0
4,conjunction_blocks,conj_rot,2,1,24,targ_class2,-77.0,-63.0
4,conjunction_blocks,conj_rot,2,1,25,dist_class2,6.0,2.0
4,conjunction_blocks,conj_rot,2,1,26,dist_class2,76.0,69.0
4,conjunction_blocks,conj_rot,2,1,27,targ_class1,156.0,155.0
4,conjunction_blocks,conj_rot,2,1,28,dist_class2,222.0,217.0
4,conjunction_blocks,conj_rot,2,1,29,targ_class1,-306.0,-164.0
4,conjunction_blocks,conj_rot,2,1,30,dist_class1,-233.0,-86.0
4,conjunction_blocks,conj_rot,2,1,31,dist_class2,-140.0,2.0
4,conjunction_blocks,conj_rot,2,1,32,targ_class2,-77.0,90.0
4,conjunction_blocks,conj_rot,2,1,33,targ_class1,9.0,159.0
4,conjunction_blocks,conj_rot,2,1,34,dist_class1,100.0,231.0
4,conjunction_blocks,conj_rot,2,1,35,targ_class2,160.0,305.0
4,conjunction_blocks,conj_rot,2,1,36,targ_class2,-388.0,-54.0
4,conjunction_blocks,conj_rot,2,1,37,dist_class1,-291.0,1.0
4,conjunction_blocks,conj_rot,2,1,38,dist_class2,-218.0,79.0
4,conjunction_blocks,conj_rot,2,1,39,targ_class2,-157.0,150.0
4,conjunction_blocks,conj_rot,2,1,40,targ_class2,-65.0,217.0
4,conjunction_blocks,conj_rot,2,1,41,dist_class2,-8.0,313.0
4,conjunction_blocks,conj_rot,2,1,42,targ_class1,88.0,368.0
4,conjunction_blocks,conj_rot,2,1,43,dist_class2,-471.0,19.0
4,conjunction_blocks,conj_rot,2,1,44,dist_class2,-398.0,87.0
4,conjunction_blocks,conj_rot,2,1,45,dist_class1,-319.0,146.0
4,conjunction_blocks,conj_rot,2,1,46,dist_class2,-226.0,231.0
4,conjunction_blocks,conj_rot,2,1,47,targ_class2,-143.0,305.0
4,conjunction_blocks,conj_rot,2,1,48,dist_class2,-92.0,385.0
4,conjunction_blocks,conj_rot,2,1,49,targ_class2,-16.0,454.0
4,conjunction_blocks,conj_rot,4,1,1,dist_class1,5.0,-462.0
4,conjunction_blocks,conj_rot,4,1,2,targ_class1,84.0,-387.0
4,conjunction_blocks,conj_rot,4,1,3,targ_class2,144.0,-296.0
4,conjunction_blocks,conj_rot,4,1,4,dist_class2,234.0,-226.0
4,conjunction_blocks,conj_rot,4,1,5,targ_class1,301.0,-163.0
4,conjunction_blocks,conj_rot,4,1,6,dist_class2,389.0,-64.0
4,conjunction_blocks,conj_rot,4,1,7,dist_class1,455.0,-10.0
4,conjunction_blocks,conj_rot,4,1,8,dist_class2,-79.0,-367.0
4,conjunction_blocks,conj_rot,4,1,9,targ_class1,-31.0,-318.0
4,conjunction_blocks,conj_rot,4,1,10,targ_class1,65.0,-227.0
4,conjunction_blocks,conj_rot,4,1,11,targ_class2,158.0,-164.0
4,conjunction_blocks,conj_rot,4,1,12,dist_class1,221.0,-85.0
4,conjunction_blocks,conj_rot,4,1,13,targ_class2,296.0,26.0
4,conjunction_blocks,conj_rot,4,1,14,targ_class2,379.0,96.0
4,conjunction_blocks,conj_rot,4,1,15,dist_class2,-164.0,-309.0
4,conjunction_blocks,conj_rot,4,1,16,dist_class2,-91.0,-231.0
4,conjunction_blocks,conj_rot,4,1,17,targ_class1,-10.0,-149.0
4,conjunction_blocks,conj_rot,4,1,18,targ_class2,74.0,-66.0
4,conjunction_blocks,conj_rot,4,1,19,targ_class1,156.0,22.0
4,conjunction_blocks,conj_rot,4,1,20,dist_class1,228.0,68.0
4,conjunction_blocks,conj_rot,4,1,21,targ_class1,309.0,172.0
4,conjunction_blocks,conj_rot,4,1,22,targ_class2,-234.0,-231.0
4,conjunction_blocks,conj_rot,4,1,23,targ_class1,-149.0,-138.0
4,conjunction_blocks,conj_rot,4,1,24,targ_class1,-94.0,-51.0
4,conjunction_blocks,conj_rot,4,1,25,targ_class1,-23.0,-1.0
4,conjunction_blocks,conj_rot,4,1,26,dist_class1,76.0,85.0
4,conjunction_blocks,conj_rot,4,1,27,dist_class1,156.0,157.0
4,conjunction_blocks,conj_rot,4,1,28,targ_class1,257.0,217.0
4,conjunction_blocks,conj_rot,4,1,29,dist_class2,-303.0,-173.0
4,conjunction_blocks,conj_rot,4,1,30,dist_class2,-233.0,-57.0
4,conjunction_blocks,conj_rot,4,1,31,targ_class2,-137.0,14.0
4,conjunction_blocks,conj_rot,4,1,32,dist_class1,-74.0,71.0
4,conjunction_blocks,conj_rot,4,1,33,dist_class1,-4.0,163.0
4,conjunction_blocks,conj_rot,4,1,34,dist_class1,85.0,214.0
4,conjunction_blocks,conj_rot,4,1,35,dist_class1,146.0,289.0
4,conjunction_blocks,conj_rot,4,1,36,dist_class2,-392.0,-66.0
4,conjunction_blocks,conj_rot,4,1,37,targ_class2,-310.0,17.0
4,conjunction_blocks,conj_rot,4,1,38,targ_class2,-217.0,87.0
4,conjunction_blocks,conj_rot,4,1,39,targ_class2,-165.0,153.0
4,conjunction_blocks,conj_rot,4,1,40,targ_class2,-73.0,233.0
4,conjunction_blocks,conj_rot,4,1,41,targ_class1,-4.0,291.0
4,conjunction_blocks,conj_rot,4,1,42,dist_class2,84.0,361.0
4,conjunction_blocks,conj_rot,4,1,43,dist_class2,-438.0,-20.0
4,conjunction_blocks,conj_rot,4,1,44,dist_class2,-371.0,73.0
4,conjunction_blocks,conj_rot,4,1,45,dist_class2,-314.0,157.0
4,conjunction_blocks,conj_rot,4,1,46,dist_class2,-233.0,234.0
4,conjunction_blocks,conj_rot,4,1,47,dist_class1,-146.0,307.0
4,conjunction_blocks,conj_rot,4,1,48,dist_class1,-60.0,380.0
4,conjunction_blocks,conj_rot,4,1,49,targ_class2,-7.0,454.0
4,conjunction_blocks,conj_uni,2,1,1,dist_class2,-200.0,207.0
4,conjunction_blocks,conj_uni,2,1,2,targ_class2,-321.0,-117.0
4,conjunction_blocks,conj_uni,2,1,3,dist_class1,-285.0,9.0
4,conjunction_blocks,conj_uni,2,1,4,dist_class2,264.0,-30.0
4,conjunction_blocks,conj_uni,2,1,5,dist_class1,205.0,-344.0
4,conjunction_blocks,conj_uni,2,1,6,dist_class1,121.0,-69.0
4,conjunction_blocks,conj_uni,2,1,7,dist_class2,-21.0,227.0
4,conjunction_blocks,conj_uni,2,1,8,targ_class1,302.0,159.0
4,conjunction_blocks,conj_uni,2,1,9,dist_class1,117.0,286.0
4,conjunction_blocks,conj_uni,2,1,10,targ_class1,-119.0,179.0
4,conjunction_blocks,conj_uni,2,1,11,targ_class2,-326.0,261.0
4,conjunction_blocks,conj_uni,2,1,12,dist_class1,248.0,146.0
4,conjunction_blocks,conj_uni,2,1,13,targ_class1,-256.0,-187.0
4,conjunction_blocks,conj_uni,2,1,14,dist_class2,-83.0,-80.0
4,conjunction_blocks,conj_uni,2,1,15,dist_class2,-124.0,91.0
4,conjunction_blocks,conj_uni,2,1,16,targ_class1,-200.0,-180.0
4,conjunction_blocks,conj_uni,2,1,17,targ_class2,147.0,-199.0
4,conjunction_blocks,conj_uni,2,1,18,targ_class2,301.0,38.0
4,conjunction_blocks,conj_uni,2,1,19,targ_class1,306.0,-95.0
4,conjunction_blocks,conj_uni,2,1,20,targ_class1,187.0,22.0
4,conjunction_blocks,conj_uni,2,1,21,dist_class2,134.0,-343.0
4,conjunction_blocks,conj_uni,2,1,22,targ_class1,100.0,-132.0
4,conjunction_blocks,conj_uni,2,1,23,dist_class1,-5.0,-258.0
4,conjunction_blocks,conj_uni,2,1,24,targ_class2,-70.0,-299.0
4,conjunction_blocks,conj_uni,2,1,25,targ_class2,-99.0,321.0
4,conjunction_blocks,conj_uni,2,1,26,targ_class2,195.0,129.0
4,conjunction_blocks,conj_uni,2,1,27,targ_class2,-142.0,-271.0
4,conjunction_blocks,conj_uni,2,1,28,targ_class1,-82.0,-221.0
4,conjunction_blocks,conj_uni,2,1,29,dist_class2,-270.0,-335.0
4,conjunction_blocks,conj_uni,2,1,30,targ_class2,208.0,74.0
4,conjunction_blocks,conj_uni,2,1,31,targ_class1,-120.0,-325.0
4,conjunction_blocks,conj_uni,2,1,32,dist_class1,12.0,85.0
4,conjunction_blocks,conj_uni,2,1,33,targ_class2,64.0,304.0
4,conjunction_blocks,conj_uni,2,1,34,targ_class1,132.0,29.0
4,conjunction_blocks,conj_uni,2,1,35,dist_class1,247.0,24.0
4,conjunction_blocks,conj_uni,2,1,36,dist_class2,235.0,-269.0
4,conjunction_blocks,conj_uni,2,1,37,dist_class1,-92.0,264.0
4,conjunction_blocks,conj_uni,2,1,38,dist_class2,-187.0,-305.0
4,conjunction_blocks,conj_uni,2,1,39,dist_class2,78.0,214.0
4,conjunction_blocks,conj_uni,2,1,40,targ_class1,-92.0,-23.0
4,conjunction_blocks,conj_uni,2,1,41,dist_class2,11.0,13.0
4,conjunction_blocks,conj_uni,2,1,42,targ_class2,152.0,341.0
4,conjunction_blocks,conj_uni,2,1,43,dist_class2,111.0,140.0
4,conjunction_blocks,conj_uni,2,1,44,dist_class2,78.0,94.0
4,conjunction_blocks,conj_uni,2,1,45,dist_class1,164.0,-260.0
4,conjunction_blocks,conj_uni,2,1,46,targ_class2,90.0,-203.0
4,conjunction_blocks,conj_uni,2,1,47,dist_class1,-339.0,87.0
4,conjunction_blocks,conj_uni,2,1,48,dist_class1,-45.0,7.0
4,conjunction_blocks,conj_uni,2,1,49,targ_class1,-28.0,-149.0
4,conjunction_blocks,conj_uni,3,1,1,targ_class1,-10.0,-260.0
4,conjunction_blocks,conj_uni,3,1,2,dist_class2,115.0,-317.0
4,conjunction_blocks,conj_uni,3,1,3,targ_class1,85.0,63.0
4,conjunction_blocks,conj_uni,3,1,4,dist_class2,283.0,-298.0
4,conjunction_blocks,conj_uni,3,1,5,dist_class2,-212.0,281.0
4,conjunction_blocks,conj_uni,3,1,6,dist_class1,323.0,-181.0
4,conjunction_blocks,conj_uni,3,1,7,dist_class2,163.0,13.0
4,conjunction_blocks,conj_uni,3,1,8,targ_class2,-142.0,126.0
4,conjunction_blocks,conj_uni,3,1,9,dist_class1,8.0,49.0
4,conjunction_blocks,conj_uni,3,1,10,dist_class1,322.0,-77.0
4,conjunction_blocks,conj_uni,3,1,11,targ_class1,-114.0,274.0
4,conjunction_blocks,conj_uni,3,1,12,dist_class1,-147.0,-107.0
4,conjunction_blocks,conj_uni,3,1,13,dist_class2,-101.0,-50.0
4,conjunction_blocks,conj_uni,3,1,14,dist_class2,284.0,-141.0
4,conjunction_blocks,conj_uni,3,1,15,targ_class2,272.0,61.0
4,conjunction_blocks,conj_uni,3,1,16,dist_class1,69.0,118.0
4,conjunction_blocks,conj_uni,3,1,17,dist_class1,-92.0,152.0
4,conjunction_blocks,conj_uni,3,1,18,targ_class2,320.0,89.0
4,conjunction_blocks,conj_uni,3,1,19,dist_class1,280.0,189.0
4,conjunction_blocks,conj_uni,3,1,20,dist_class2,180.0,229.0
4,conjunction_blocks,conj_uni,3,1,21,targ_class1,316.0,144.0
4,conjunction_blocks,conj_uni,3,1,22,dist_class2,-134.0,71.0
4,conjunction_blocks,conj_uni,3,1,23,targ_class1,-92.0,-116.0
4,conjunction_blocks,conj_uni,3,1,24,targ_class1,124.0,-88.0
4,conjunction_blocks,conj_uni,3,1,25,targ_class2,-209.0,-219.0
4,conjunction_blocks,conj_uni,3,1,26,targ_class1,-323.0,-251.0
4,conjunction_blocks,conj_uni,3,1,27,dist_class2,285.0,-236.0
4,conjunction_blocks,conj_uni,3,1,28,dist_class1,359.0,332.0
4,conjunction_blocks,conj_uni,3,1,29,dist_class1,162.0,-232.0
4,conjunction_blocks,conj_uni,3,1,30,dist_class1,361.0,178.0
4,conjunction_blocks,conj_uni,3,1,31,dist_class2,35.0,294.0
4,conjunction_blocks,conj_uni,3,1,32,dist_class2,-350.0,52.0
4,conjunction_blocks,conj_uni,3,1,33,targ_class2,-149.0,-211.0
4,conjunction_blocks,conj_uni,3,1,34,targ_class2,28.0,-302.0
4,conjunction_blocks,conj_uni,3,1,35,targ_class1,-175.0,238.0
4,conjunction_blocks,conj_uni,3,1,36,targ_class1,-47.0,-150.0
4,conjunction_blocks,conj_uni,3,1,37,targ_class2,15.0,104.0
4,conjunction_blocks,conj_uni,3,1,38,targ_class2,-282.0,140.0
4,conjunction_blocks,conj_uni,3,1,39,targ_class2,-33.0,-344.0
4,conjunction_blocks,conj_uni,3,1,40,dist_class1,-65.0,303.0
4,conjunction_blocks,conj_uni,3,1,41,targ_class1,-155.0,-33.0
4,conjunction_blocks,conj_uni,3,1,42,targ_class2,-26.0,-77.0
4,conjunction_blocks,conj_uni,3,1,43,dist_class2,-32.0,151.0
4,conjunction_blocks,conj_uni,3,1,44,dist_class1,-126.0,-161.0
4,conjunction_blocks,conj_uni,3,1,45,targ_class2,128.0,182.0
4,conjunction_blocks,conj_uni,3,1,46,targ_class1,-354.0,108.0
4,conjunction_blocks,conj_uni,3,1,47,dist_class2,-81.0,-195.0
4,conjunction_blocks,conj_uni,3,1,48,targ_class1,359.0,1.0
4,conjunction_blocks,conj_uni,3,1,49,targ_class2,168.0,-333.0
4,conjunction_blocks,conj_rot,1,1,1,dist_class2,-7.0,-469.0
4,conjunction_blocks,conj_rot,1,1,2,dist_class1,72.0,-383.0
4,conjunction_blocks,conj_rot,1,1,3,targ_class1,142.0,-299.0
4,conjunction_blocks,conj_rot,1,1,4,dist_class1,223.0,-234.0
4,conjunction_blocks,conj_rot,1,1,5,dist_class1,304.0,-154.0
4,conjunction_blocks,conj_rot,1,1,6,dist_class1,389.0,-87.0
4,conjunction_blocks,conj_rot,1,1,7,targ_class1,464.0,2.0
4,conjunction_blocks,conj_rot,1,1,8,dist_class1,-77.0,-384.0
4,conjunction_blocks,conj_rot,1,1,9,dist_class1,1.0,-324.0
4,conjunction_blocks,conj_rot,1,1,10,targ_class2,67.0,-238.0
4,conjunction_blocks,conj_rot,1,1,11,dist_class2,144.0,-149.0
4,conjunction_blocks,conj_rot,1,1,12,targ_class2,221.0,-74.0
4,conjunction_blocks,conj_rot,1,1,13,dist_class1,319.0,3.0
4,conjunction_blocks,conj_rot,1,1,14,dist_class1,392.0,69.0
4,conjunction_blocks,conj_rot,1,1,15,targ_class2,-153.0,-299.0
4,conjunction_blocks,conj_rot,1,1,16,targ_class1,-75.0,-234.0
4,conjunction_blocks,conj_rot,1,1,17,dist_class1,15.0,-158.0
4,conjunction_blocks,conj_rot,1,1,18,targ_class2,89.0,-86.0
4,conjunction_blocks,conj_rot,1,1,19,dist_class2,172.0,-5.0
4,conjunction_blocks,conj_rot,1,1,20,dist_class2,231.0,75.0
4,conjunction_blocks,conj_rot,1,1,21,dist_class2,313.0,154.0
4,conjunction_blocks,conj_rot,1,1,22,targ_class1,-242.0,-225.0
4,conjunction_blocks,conj_rot,1,1,23,targ_class1,-152.0,-164.0
4,conjunction_blocks,conj_rot,1,1,24,targ_class2,-69.0,-76.0
4,conjunction_blocks,conj_rot,1,1,25,targ_class2,-3.0,-9.0
4,conjunction_blocks,conj_rot,1,1,26,dist_class1,72.0,76.0
4,conjunction_blocks,conj_rot,1,1,27,targ_class1,140.0,147.0
4,conjunction_blocks,conj_rot,1,1,28,dist_class1,238.0,230.0
4,conjunction_blocks,conj_rot,1,1,29,dist_class2,-300.0,-140.0
4,conjunction_blocks,conj_rot,1,1,30,targ_class2,-229.0,-73.0
4,conjunction_blocks,conj_rot,1,1,31,targ_class2,-167.0,-14.0
4,conjunction_blocks,conj_rot,1,1,32,dist_class2,-77.0,84.0
4,conjunction_blocks,conj_rot,1,1,33,targ_class2,3.0,151.0
4,conjunction_blocks,conj_rot,1,1,34,targ_class1,85.0,233.0
4,conjunction_blocks,conj_rot,1,1,35,dist_class2,150.0,305.0
4,conjunction_blocks,conj_rot,1,1,36,dist_class1,-369.0,-79.0
4,conjunction_blocks,conj_rot,1,1,37,targ_class1,-310.0,11.0
4,conjunction_blocks,conj_rot,1,1,38,targ_class1,-216.0,68.0
4,conjunction_blocks,conj_rot,1,1,39,targ_class2,-136.0,142.0
4,conjunction_blocks,conj_rot,1,1,40,dist_class2,-58.0,233.0
4,conjunction_blocks,conj_rot,1,1,41,dist_class2,-6.0,303.0
4,conjunction_blocks,conj_rot,1,1,42,targ_class1,71.0,369.0
4,conjunction_blocks,conj_rot,1,1,43,targ_class1,-460.0,5.0
4,conjunction_blocks,conj_rot,1,1,44,targ_class2,-390.0,76.0
4,conjunction_blocks,conj_rot,1,1,45,dist_class2,-312.0,155.0
4,conjunction_blocks,conj_rot,1,1,46,targ_class2,-244.0,222.0
4,conjunction_blocks,conj_rot,1,1,47,targ_class1,-156.0,319.0
4,conjunction_blocks,conj_rot,1,1,48,dist_class2,-86.0,364.0
4,conjunction_blocks,conj_rot,1,1,49,dist_class2,20.0,459.0
4,conjunction_blocks,conj_rot,3,1,1,dist_class1,9.0,-447.0
4,conjunction_blocks,conj_rot,3,1,2,dist_class2,60.0,-377.0
4,conjunction_blocks,conj_rot,3,1,3,dist_class2,163.0,-303.0
4,conjunction_blocks,conj_rot,3,1,4,dist_class1,242.0,-238.0
4,conjunction_blocks,conj_rot,3,1,5,dist_class2,311.0,-162.0
4,conjunction_blocks,conj_rot,3,1,6,targ_class1,383.0,-82.0
4,conjunction_blocks,conj_rot,3,1,7,targ_class2,466.0,10.0
4,conjunction_blocks,conj_rot,3,1,8,targ_class2,-83.0,-391.0
4,conjunction_blocks,conj_rot,3,1,9,dist_class1,13.0,-311.0
4,conjunction_blocks,conj_rot,3,1,10,dist_class2,71.0,-207.0
4,conjunction_blocks,conj_rot,3,1,11,targ_class2,144.0,-150.0
4,conjunction_blocks,conj_rot,3,1,12,targ_class1,238.0,-96.0
4,conjunction_blocks,conj_rot,3,1,13,dist_class1,292.0,-2.0
4,conjunction_blocks,conj_rot,3,1,14,targ_class2,373.0,79.0
4,conjunction_blocks,conj_rot,3,1,15,dist_class1,-151.0,-307.0
4,conjunction_blocks,conj_rot,3,1,16,targ_class1,-89.0,-227.0
4,conjunction_blocks,conj_rot,3,1,17,targ_class2,-1.0,-156.0
4,conjunction_blocks,conj_rot,3,1,18,dist_class1,65.0,-69.0
4,conjunction_blocks,conj_rot,3,1,19,dist_class1,161.0,5.0
4,conjunction_blocks,conj_rot,3,1,20,dist_class2,221.0,69.0
4,conjunction_blocks,conj_rot,3,1,21,dist_class2,307.0,167.0
4,conjunction_blocks,conj_rot,3,1,22,targ_class1,-244.0,-231.0
4,conjunction_blocks,conj_rot,3,1,23,targ_class2,-143.0,-152.0
4,conjunction_blocks,conj_rot,3,1,24,dist_class2,-88.0,-87.0
4,conjunction_blocks,conj_rot,3,1,25,dist_class1,-14.0,3.0
4,conjunction_blocks,conj_rot,3,1,26,dist_class2,82.0,65.0
4,conjunction_blocks,conj_rot,3,1,27,targ_class2,158.0,152.0
4,conjunction_blocks,conj_rot,3,1,28,dist_class2,245.0,245.0
4,conjunction_blocks,conj_rot,3,1,29,targ_class1,-293.0,-161.0
4,conjunction_blocks,conj_rot,3,1,30,targ_class2,-226.0,-82.0
4,conjunction_blocks,conj_rot,3,1,31,targ_class1,-152.0,-1.0
4,conjunction_blocks,conj_rot,3,1,32,targ_class1,-58.0,100.0
4,conjunction_blocks,conj_rot,3,1,33,targ_class1,4.0,151.0
4,conjunction_blocks,conj_rot,3,1,34,dist_class1,72.0,227.0
4,conjunction_blocks,conj_rot,3,1,35,dist_class2,148.0,294.0
4,conjunction_blocks,conj_rot,3,1,36,dist_class1,-397.0,-64.0
4,conjunction_blocks,conj_rot,3,1,37,dist_class2,-309.0,-8.0
4,conjunction_blocks,conj_rot,3,1,38,targ_class2,-209.0,66.0
4,conjunction_blocks,conj_rot,3,1,39,targ_class2,-146.0,156.0
4,conjunction_blocks,conj_rot,3,1,40,targ_class1,-71.0,218.0
4,conjunction_blocks,conj_rot,3,1,41,targ_class1,4.0,298.0
4,conjunction_blocks,conj_rot,3,1,42,dist_class2,85.0,388.0
4,conjunction_blocks,conj_rot,3,1,43,targ_class1,-457.0,14.0
4,conjunction_blocks,conj_rot,3,1,44,dist_class2,-377.0,63.0
4,conjunction_blocks,conj_rot,3,1,45,targ_class2,-287.0,175.0
4,conjunction_blocks,conj_rot,3,1,46,targ_class2,-235.0,212.0
4,conjunction_blocks,conj_rot,3,1,47,dist_class1,-136.0,286.0
4,conjunction_blocks,conj_rot,3,1,48,dist_class1,-72.0,401.0
4,conjunction_blocks,conj_rot,3,1,49,targ_class1,1.0,465.0
4,conjunction_blocks,conj_grid,0,1,1,targ_class2,-310.0,-315.0
4,conjunction_blocks,conj_grid,0,1,2,targ_class1,-223.0,-307.0
4,conjunction_blocks,conj_grid,0,1,3,targ_class2,-95.0,-330.0
4,conjunction_blocks,conj_grid,0,1,4,dist_class1,2.0,-325.0
4,conjunction_blocks,conj_grid,0,1,5,targ_class2,106.0,-324.0
4,conjunction_blocks,conj_grid,0,1,6,dist_class2,205.0,-322.0
4,conjunction_blocks,conj_grid,0,1,7,targ_class1,346.0,-323.0
4,conjunction_blocks,conj_grid,0,1,8,dist_class2,-325.0,-220.0
4,conjunction_blocks,conj_grid,0,1,9,targ_class1,-221.0,-224.0
4,conjunction_blocks,conj_grid,0,1,10,targ_class2,-99.0,-222.0
4,conjunction_blocks,conj_grid,0,1,11,targ_class2,-8.0,-238.0
4,conjunction_blocks,conj_grid,0,1,12,targ_class1,115.0,-210.0
4,conjunction_blocks,conj_grid,0,1,13,dist_class1,211.0,-248.0
4,conjunction_blocks,conj_grid,0,1,14,targ_class1,327.0,-197.0
4,conjunction_blocks,conj_grid,0,1,15,targ_class2,-338.0,-101.0
4,conjunction_blocks,conj_grid,0,1,16,targ_class1,-212.0,-113.0
4,conjunction_blocks,conj_grid,0,1,17,dist_class1,-98.0,-112.0
4,conjunction_blocks,conj_grid,0,1,18,targ_class2,-7.0,-97.0
4,conjunction_blocks,conj_grid,0,1,19,targ_class2,122.0,-93.0
4,conjunction_blocks,conj_grid,0,1,20,dist_class1,212.0,-114.0
4,conjunction_blocks,conj_grid,0,1,21,targ_class2,318.0,-104.0
4,conjunction_blocks,conj_grid,0,1,22,dist_class1,-317.0,-13.0
4,conjunction_blocks,conj_grid,0,1,23,targ_class2,-226.0,9.0
4,conjunction_blocks,conj_grid,0,1,24,targ_class2,-74.0,-18.0
4,conjunction_blocks,conj_grid,0,1,25,targ_class1,17.0,-0.0
4,conjunction_blocks,conj_grid,0,1,26,dist_class2,104.0,10.0
4,conjunction_blocks,conj_grid,0,1,27,targ_class1,199.0,-20.0
4,conjunction_blocks,conj_grid,0,1,28,dist_class2,342.0,-3.0
4,conjunction_blocks,conj_grid,0,1,29,dist_class2,-311.0,112.0
4,conjunction_blocks,conj_grid,0,1,30,targ_class1,-218.0,105.0
4,conjunction_blocks,conj_grid,0,1,31,targ_class2,-105.0,89.0
4,conjunction_blocks,conj_grid,0,1,32,targ_class1,-0.0,119.0
4,conjunction_blocks,conj_grid,0,1,33,dist_class2,106.0,117.0
4,conjunction_blocks,conj_grid,0,1,34,dist_class2,218.0,110.0
4,conjunction_blocks,conj_grid,0,1,35,dist_class2,314.0,118.0
4,conjunction_blocks,conj_grid,0,1,36,dist_class1,-319.0,205.0
4,conjunction_blocks,conj_grid,0,1,37,dist_class2,-210.0,219.0
4,conjunction_blocks,conj_grid,0,1,38,dist_class2,-100.0,221.0
4,conjunction_blocks,conj_grid,0,1,39,dist_class1,0.0,217.0
4,conjunction_blocks,conj_grid,0,1,40,dist_class2,100.0,232.0
4,conjunction_blocks,conj_grid,0,1,41,dist_class1,217.0,217.0
4,conjunction_blocks,conj_grid,0,1,42,targ_class1,323.0,201.0
4,conjunction_blocks,conj_grid,0,1,43,dist_class1,-316.0,319.0
4,conjunction_blocks,conj_grid,0,1,44,dist_class1,-232.0,316.0
4,conjunction_blocks,conj_grid,0,1,45,dist_class2,-118.0,335.0
4,conjunction_blocks,conj_grid,0,1,46,dist_class1,6.0,328.0
4,conjunction_blocks,conj_grid,0,1,47,targ_class1,131.0,328.0
4,conjunction_blocks,conj_grid,0,1,48,dist_class1,233.0,314.0
4,conjunction_blocks,conj_grid,0,1,49,dist_class2,322.0,335.0
4,conjunction_blocks,conj_uni,0,1,1,dist_class2,93.0,257.0
4,conjunction_blocks,conj_uni,0,1,2,targ_class1,113.0,135.0
4,conjunction_blocks,conj_uni,0,1,3,dist_class2,-255.0,-207.0
4,conjunction_blocks,conj_uni,0,1,4,targ_class2,343.0,81.0
4,conjunction_blocks,conj_uni,0,1,5,dist_class2,-292.0,-20.0
4,conjunction_blocks,conj_uni,0,1,6,dist_class1,164.0,-67.0
4,conjunction_blocks,conj_uni,0,1,7,dist_class1,223.0,-350.0
4,conjunction_blocks,conj_uni,0,1,8,dist_class1,77.0,37.0
4,conjunction_blocks,conj_uni,0,1,9,targ_class2,144.0,-14.0
4,conjunction_blocks,conj_uni,0,1,10,dist_class1,18.0,115.0
4,conjunction_blocks,conj_uni,0,1,11,targ_class2,-196.0,-247.0
4,conjunction_blocks,conj_uni,0,1,12,dist_class2,-129.0,-370.0
4,conjunction_blocks,conj_uni,0,1,13,dist_class1,-141.0,-46.0
4,conjunction_blocks,conj_uni,0,1,14,dist_class1,-139.0,10.0
4,conjunction_blocks,conj_uni,0,1,15,dist_class2,218.0,125.0
4,conjunction_blocks,conj_uni,0,1,16,dist_class2,39.0,-289.0
4,conjunction_blocks,conj_uni,0,1,17,targ_class1,301.0,-359.0
4,conjunction_blocks,conj_uni,0,1,18,targ_class1,302.0,0.0
4,conjunction_blocks,conj_uni,0,1,19,targ_class1,265.0,-144.0
4,conjunction_blocks,conj_uni,0,1,20,targ_class2,-224.0,240.0
4,conjunction_blocks,conj_uni,0,1,21,dist_class2,73.0,-27.0
4,conjunction_blocks,conj_uni,0,1,22,dist_class1,-250.0,-264.0
4,conjunction_blocks,conj_uni,0,1,23,dist_class1,-210.0,-54.0
4,conjunction_blocks,conj_uni,0,1,24,dist_class2,-235.0,31.0
4,conjunction_blocks,conj_uni,0,1,25,targ_class2,-147.0,-197.0
4,conjunction_blocks,conj_uni,0,1,26,targ_class2,6.0,171.0
4,conjunction_blocks,conj_uni,0,1,27,targ_class1,338.0,219.0
4,conjunction_blocks,conj_uni,0,1,28,targ_class1,-58.0,233.0
4,conjunction_blocks,conj_uni,0,1,29,targ_class2,-158.0,-289.0
4,conjunction_blocks,conj_uni,0,1,30,dist_class1,-322.0,-156.0
4,conjunction_blocks,conj_uni,0,1,31,targ_class1,-302.0,-239.0
4,conjunction_blocks,conj_uni,0,1,32,dist_class2,260.0,-207.0
4,conjunction_blocks,conj_uni,0,1,33,targ_class2,-266.0,-115.0
4,conjunction_blocks,conj_uni,0,1,34,dist_class2,-236.0,-348.0
4,conjunction_blocks,conj_uni,0,1,35,dist_class1,-354.0,123.0
4,conjunction_blocks,conj_uni,0,1,36,dist_class2,-203.0,-188.0
4,conjunction_blocks,conj_uni,0,1,37,dist_class2,-111.0,-318.0
4,conjunction_blocks,conj_uni,0,1,38,targ_class1,45.0,336.0
4,conjunction_blocks,conj_uni,0,1,39,dist_class2,190.0,224.0
4,conjunction_blocks,conj_uni,0,1,40,targ_class2,-226.0,347.0
4,conjunction_blocks,conj_uni,0,1,41,targ_class2,-210.0,-110.0
4,conjunction_blocks,conj_uni,0,1,42,targ_class2,226.0,180.0
4,conjunction_blocks,conj_uni,0,1,43,dist_class1,-56.0,-307.0
4,conjunction_blocks,conj_uni,0,1,44,dist_class1,-64.0,-87.0
4,conjunction_blocks,conj_uni,0,1,45,targ_class1,-53.0,-31.0
4,conjunction_blocks,conj_uni,0,1,46,targ_class1,-146.0,331.0
4,conjunction_blocks,conj_uni,0,1,47,targ_class2,114.0,80.0
4,conjunction_blocks,conj_uni,0,1,48,targ_class1,238.0,-276.0
4,conjunction_blocks,conj_uni,0,1,49,targ_class1,231.0,-47.0
4,conjunction_blocks,conj_uni,4,1,1,targ_class1,134.0,-26.0
4,conjunction_blocks,conj_uni,4,1,2,dist_class1,-167.0,272.0
4,conjunction_blocks,conj_uni,4,1,3,dist_class2,143.0,320.0
4,conjunction_blocks,conj_uni,4,1,4,dist_class1,304.0,218.0
4,conjunction_blocks,conj_uni,4,1,5,dist_class1,66.0,191.0
4,conjunction_blocks,conj_uni,4,1,6,dist_class2,-217.0,-81.0
4,conjunction_blocks,conj_uni,4,1,7,dist_class2,247.0,-63.0
4,conjunction_blocks,conj_uni,4,1,8,targ_class2,-118.0,-83.0
4,conjunction_blocks,conj_uni,4,1,9,targ_class2,-250.0,28.0
4,conjunction_blocks,conj_uni,4,1,10,targ_class2,-35.0,73.0
4,conjunction_blocks,conj_uni,4,1,11,targ_class1,33.0,-21.0
4,conjunction_blocks,conj_uni,4,1,12,dist_class2,-356.0,-228.0
4,conjunction_blocks,conj_uni,4,1,13,targ_class2,118.0,263.0
4,conjunction_blocks,conj_uni,4,1,14,targ_class2,71.0,124.0
4,conjunction_blocks,conj_uni,4,1,15,dist_class1,168.0,123.0
4,conjunction_blocks,conj_uni,4,1,16,dist_class2,-269.0,163.0
4,conjunction_blocks,conj_uni,4,1,17,dist_class1,-67.0,-270.0
4,conjunction_blocks,conj_uni,4,1,18,dist_class2,95.0,-328.0
4,conjunction_blocks,conj_uni,4,1,19,dist_class1,-355.0,-60.0
4,conjunction_blocks,conj_uni,4,1,20,dist_class1,173.0,271.0
4,conjunction_blocks,conj_uni,4,1,21,dist_class2,119.0,151.0
4,conjunction_blocks,conj_uni,4,1,22,targ_class1,-259.0,108.0
4,conjunction_blocks,conj_uni,4,1,23,targ_class1,80.0,354.0
4,conjunction_blocks,conj_uni,4,1,24,dist_class2,-297.0,-267.0
4,conjunction_blocks,conj_uni,4,1,25,targ_class1,261.0,80.0
4,conjunction_blocks,conj_uni,4,1,26,dist_class2,331.0,170.0
4,conjunction_blocks,conj_uni,4,1,27,targ_class1,-89.0,20.0
4,conjunction_blocks,conj_uni,4,1,28,targ_class2,-180.0,154.0
4,conjunction_blocks,conj_uni,4,1,29,targ_class1,194.0,73.0
4,conjunction_blocks,conj_uni,4,1,30,dist_class1,-1.0,263.0
4,conjunction_blocks,conj_uni,4,1,31,targ_class1,-273.0,-216.0
4,conjunction_blocks,conj_uni,4,1,32,targ_class2,166.0,-222.0
4,conjunction_blocks,conj_uni,4,1,33,dist_class2,-13.0,11.0
4,conjunction_blocks,conj_uni,4,1,34,targ_class2,84.0,-53.0
4,conjunction_blocks,conj_uni,4,1,35,dist_class1,-299.0,-165.0
4,conjunction_blocks,conj_uni,4,1,36,dist_class2,120.0,207.0
4,conjunction_blocks,conj_uni,4,1,37,dist_class1,9.0,352.0
4,conjunction_blocks,conj_uni,4,1,38,dist_class2,57.0,-163.0
4,conjunction_blocks,conj_uni,4,1,39,targ_class2,323.0,271.0
4,conjunction_blocks,conj_uni,4,1,40,targ_class1,321.0,-74.0
4,conjunction_blocks,conj_uni,4,1,41,dist_class1,-324.0,306.0
4,conjunction_blocks,conj_uni,4,1,42,targ_class2,336.0,-131.0
4,conjunction_blocks,conj_uni,4,1,43,targ_class1,-216.0,-223.0
4,conjunction_blocks,conj_uni,4,1,44,dist_class2,-179.0,-180.0
4,conjunction_blocks,conj_uni,4,1,45,dist_class1,-88.0,-35.0
4,conjunction_blocks,conj_uni,4,1,46,targ_class1,-294.0,-323.0
4,conjunction_blocks,conj_uni,4,1,47,targ_class2,-217.0,202.0
4,conjunction_blocks,conj_uni,4,1,48,targ_class2,-33.0,-358.0
4,conjunction_blocks,conj_uni,4,1,49,targ_class1,-63.0,251.0
