person,block,condition,trial,attempt,id,item_class,x,y
27,prac2_conj,conj_grid,0,1,1,targ_class2,-324.0,-326.0
27,prac2_conj,conj_grid,0,1,2,dist_class2,-202.0,-332.0
27,prac2_conj,conj_grid,0,1,3,targ_class1,-100.0,-314.0
27,prac2_conj,conj_grid,0,1,4,targ_class1,12.0,-328.0
27,prac2_conj,conj_grid,0,1,5,targ_class1,103.0,-324.0
27,prac2_conj,conj_grid,0,1,6,dist_class1,212.0,-341.0
27,prac2_conj,conj_grid,0,1,7,dist_class2,325.0,-326.0
27,prac2_conj,conj_grid,0,1,8,targ_class1,-333.0,-223.0
27,prac2_conj,conj_grid,0,1,9,targ_class2,-232.0,-219.0
27,prac2_conj,conj_grid,0,1,10,targ_class1,-124.0,-224.0
27,prac2_conj,conj_grid,0,1,11,dist_class1,9.0,-219.0
27,prac2_conj,conj_grid,0,1,12,dist_class1,97.0,-228.0
27,prac2_conj,conj_grid,0,1,13,dist_class1,203.0,-221.0
27,prac2_conj,conj_grid,0,1,14,targ_class2,319.0,-212.0
27,prac2_conj,conj_grid,0,1,15,targ_class1,-328.0,-97.0
27,prac2_conj,conj_grid,0,1,16,targ_class2,-193.0,-113.0
27,prac2_conj,conj_grid,0,1,17,targ_class2,-113.0,-104.0
27,prac2_conj,conj_grid,0,1,18,targ_class1,-9.0,-102.0
27,prac2_conj,conj_grid,0,1,19,dist_class1,98.0,-105.0
27,prac2_conj,conj_grid,0,1,20,targ_class2,227.0,-111.0
27,prac2_conj,conj_grid,0,1,21,dist_class2,307.0,-99.0
27,prac2_conj,conj_grid,0,1,22,dist_class2,-317.0,19.0
27,prac2_conj,conj_grid,0,1,23,dist_class1,-209.0,18.0
27,prac2_conj,conj_grid,0,1,24,targ_class1,-106.0,3.0
27,prac2_conj,conj_grid,0,1,25,targ_class2,1.0,9.0
27,prac2_conj,conj_grid,0,1,26,dist_class2,103.0,-1.0
27,prac2_conj,conj_grid,0,1,27,targ_class2,220.0,11.0
27,prac2_conj,conj_grid,0,1,28,dist_class2,340.0,-5.0
27,prac2_conj,conj_grid,0,1,29,targ_class2,-338.0,116.0
27,prac2_conj,conj_grid,0,1,30,targ_class1,-219.0,115.0
27,prac2_conj,conj_grid,0,1,31,targ_class2,-116.0,129.0
27,prac2_conj,conj_grid,0,1,32,dist_class2,4.0,123.0
27,prac2_conj,conj_grid,0,1,33,dist_class1,89.0,113.0
27,prac2_conj,conj_grid,0,1,34,targ_class2,217.0,105.0
27,prac2_conj,conj_grid,0,1,35,dist_class2,320.0,123.0
27,prac2_conj,conj_grid,0,1,36,targ_class2,-313.0,230.0
27,prac2_conj,conj_grid,0,1,37,dist_class2,-209.0,220.0
27,prac2_conj,conj_grid,0,1,38,targ_class1,-112.0,217.0
27,prac2_conj,conj_grid,0,1,39,dist_class1,-8.0,205.0
27,prac2_conj,conj_grid,0,1,40,dist_class1,113.0,215.0
27,prac2_conj,conj_grid,0,1,41,dist_class2,225.0,210.0
27,prac2_conj,conj_grid,0,1,42,dist_class1,330.0,217.0
27,prac2_conj,conj_grid,0,1,43,dist_class2,-329.0,326.0
27,prac2_conj,conj_grid,0,1,44,dist_class1,-218.0,315.0
27,prac2_conj,conj_grid,0,1,45,dist_class1,-113.0,321.0
27,prac2_conj,conj_grid,0,1,46,targ_class1,6.0,332.0
27,prac2_conj,conj_grid,0,1,47,dist_class2,95.0,329.0
27,prac2_conj,conj_grid,0,1,48,targ_class1,215.0,324.0
27,prac2_conj,conj_grid,0,1,49,dist_class2,344.0,343.0
27,prac2_conj,conj_grid,1,1,1,dist_class1,-338.0,-336.0
27,prac2_conj,conj_grid,1,1,2,dist_class2,-214.0,-330.0
27,prac2_conj,conj_grid,1,1,3,targ_class1,-107.0,-327.0
27,prac2_conj,conj_grid,1,1,4,dist_class2,-15.0,-342.0
27,prac2_conj,conj_grid,1,1,5,targ_class2,112.0,-334.0
27,prac2_conj,conj_grid,1,1,6,dist_class1,225.0,-315.0
27,prac2_conj,conj_grid,1,1,7,dist_class2,314.0,-331.0
27,prac2_conj,conj_grid,1,1,8,dist_class1,-335.0,-217.0
27,prac2_conj,conj_grid,1,1,9,targ_class2,-223.0,-211.0
27,prac2_conj,conj_grid,1,1,10,dist_class2,-111.0,-231.0
27,prac2_conj,conj_grid,1,1,11,dist_class1,3.0,-219.0
27,prac2_conj,conj_grid,1,1,12,targ_class2,93.0,-221.0
27,prac2_conj,conj_grid,1,1,13,targ_class1,211.0,-220.0
27,prac2_conj,conj_grid,1,1,14,targ_class1,329.0,-238.0
27,prac2_conj,conj_grid,1,1,15,dist_class1,-329.0,-116.0
27,prac2_conj,conj_grid,1,1,16,targ_class1,-210.0,-109.0
27,prac2_conj,conj_grid,1,1,17,dist_class1,-117.0,-121.0
27,prac2_conj,conj_grid,1,1,18,dist_class2,13.0,-117.0
27,prac2_conj,conj_grid,1,1,19,dist_class2,112.0,-94.0
27,prac2_conj,conj_grid,1,1,20,dist_class1,217.0,-105.0
27,prac2_conj,conj_grid,1,1,21,targ_class1,328.0,-113.0
27,prac2_conj,conj_grid,1,1,22,targ_class1,-345.0,-3.0
27,prac2_conj,conj_grid,1,1,23,dist_class1,-206.0,4.0
27,prac2_conj,conj_grid,1,1,24,targ_class2,-113.0,-1.0
27,prac2_conj,conj_grid,1,1,25,targ_class2,4.0,4.0
27,prac2_conj,conj_grid,1,1,26,targ_class1,113.0,19.0
27,prac2_conj,conj_grid,1,1,27,dist_class2,198.0,-2.0
27,prac2_conj,conj_grid,1,1,28,targ_class2,321.0,19.0
27,prac2_conj,conj_grid,1,1,29,dist_class1,-328.0,98.0
27,prac2_conj,conj_grid,1,1,30,dist_class2,-209.0,121.0
27,prac2_conj,conj_grid,1,1,31,dist_class1,-108.0,114.0
27,prac2_conj,conj_grid,1,1,32,targ_class2,-12.0,93.0
27,prac2_conj,conj_grid,1,1,33,targ_class2,113.0,92.0
27,prac2_conj,conj_grid,1,1,34,dist_class2,218.0,101.0
27,prac2_conj,conj_grid,1,1,35,targ_class1,320.0,112.0
27,prac2_conj,conj_grid,1,1,36,targ_class1,-303.0,208.0
27,prac2_conj,conj_grid,1,1,37,dist_class2,-237.0,234.0
27,prac2_conj,conj_grid,1,1,38,targ_class2,-107.0,209.0
27,prac2_conj,conj_grid,1,1,39,dist_class2,-9.0,212.0
27,prac2_conj,conj_grid,1,1,40,targ_class2,106.0,203.0
27,prac2_conj,conj_grid,1,1,41,dist_class2,215.0,206.0
27,prac2_conj,conj_grid,1,1,42,dist_class1,326.0,221.0
27,prac2_conj,conj_grid,1,1,43,targ_class1,-329.0,342.0
27,prac2_conj,conj_grid,1,1,44,dist_class2,-225.0,304.0
27,prac2_conj,conj_grid,1,1,45,targ_class1,-126.0,330.0
27,prac2_conj,conj_grid,1,1,46,targ_class1,-9.0,331.0
27,prac2_conj,conj_grid,1,1,47,targ_class2,109.0,325.0
27,prac2_conj,conj_grid,1,1,48,dist_class1,223.0,333.0
27,prac2_conj,conj_grid,1,1,49,targ_class2,326.0,317.0
27,conjunction_blocks,conj_rot,1,1,1,targ_class2,-2.0,-448.0
27,conjunction_blocks,conj_rot,1,1,2,targ_class2,89.0,-373.0
27,conjunction_blocks,conj_rot,1,1,3,targ_class1,153.0,-319.0
27,conjunction_blocks,conj_rot,1,1,4,targ_class1,246.0,-231.0
27,conjunction_blocks,conj_rot,1,1,5,dist_class2,314.0,-159.0
27,conjunction_blocks,conj_rot,1,1,6,dist_class2,388.0,-97.0
27,conjunction_blocks,conj_rot,1,1,7,dist_class2,451.0,-3.0
27,conjunction_blocks,conj_rot,1,1,8,dist_class2,-95.0,-381.0
27,conjunction_blocks,conj_rot,1,1,9,targ_class2,6.0,-329.0
27,conjunction_blocks,conj_rot,1,1,10,dist_class1,78.0,-221.0
27,conjunction_blocks,conj_rot,1,1,11,dist_class1,141.0,-129.0
27,conjunction_blocks,conj_rot,1,1,12,dist_class1,246.0,-73.0
27,conjunction_blocks,conj_rot,1,1,13,targ_class2,285.0,-15.0
27,conjunction_blocks,conj_rot,1,1,14,targ_class2,382.0,64.0
27,conjunction_blocks,conj_rot,1,1,15,targ_class1,-148.0,-314.0
27,conjunction_blocks,conj_rot,1,1,16,targ_class2,-83.0,-229.0
27,conjunction_blocks,conj_rot,1,1,17,targ_class1,-7.0,-153.0
27,conjunction_blocks,conj_rot,1,1,18,targ_class1,71.0,-70.0
27,conjunction_blocks,conj_rot,1,1,19,dist_class2,157.0,-7.0
27,conjunction_blocks,conj_rot,1,1,20,dist_class1,245.0,87.0
27,conjunction_blocks,conj_rot,1,1,21,dist_class2,301.0,146.0
27,conjunction_blocks,conj_rot,1,1,22,dist_class1,-233.0,-226.0
27,conjunction_blocks,conj_rot,1,1,23,targ_class1,-155.0,-158.0
27,conjunction_blocks,conj_rot,1,1,24,dist_class1,-65.0,-84.0
27,conjunction_blocks,conj_rot,1,1,25,dist_class1,7.0,-3.0
27,conjunction_blocks,conj_rot,1,1,26,dist_class2,70.0,74.0
27,conjunction_blocks,conj_rot,1,1,27,dist_class2,161.0,148.0
27,conjunction_blocks,conj_rot,1,1,28,targ_class2,230.0,250.0
27,conjunction_blocks,conj_rot,1,1,29,targ_class1,-307.0,-161.0
27,conjunction_blocks,conj_rot,1,1,30,dist_class2,-232.0,-85.0
27,conjunction_blocks,conj_rot,1,1,31,targ_class2,-139.0,-13.0
27,conjunction_blocks,conj_rot,1,1,32,targ_class1,-75.0,90.0
27,conjunction_blocks,conj_rot,1,1,33,dist_class1,-0.0,144.0
27,conjunction_blocks,conj_rot,1,1,34,targ_class2,96.0,233.0
27,conjunction_blocks,conj_rot,1,1,35,targ_class1,150.0,301.0
27,conjunction_blocks,conj_rot,1,1,36,targ_class1,-381.0,-55.0
27,conjunction_blocks,conj_rot,1,1,37,dist_class1,-307.0,-7.0
27,conjunction_blocks,conj_rot,1,1,38,dist_class1,-246.0,75.0
27,conjunction_blocks,conj_rot,1,1,39,targ_class1,-180.0,157.0
27,conjunction_blocks,conj_rot,1,1,40,targ_class2,-75.0,238.0
27,conjunction_blocks,conj_rot,1,1,41,targ_class2,0.0,308.0
27,conjunction_blocks,conj_rot,1,1,42,dist_class1,64.0,363.0
27,conjunction_blocks,conj_rot,1,1,43,dist_class1,-443.0,13.0
27,conjunction_blocks,conj_rot,1,1,44,dist_class2,-374.0,70.0
27,conjunction_blocks,conj_rot,1,1,45,dist_class2,-277.0,143.0
27,conjunction_blocks,conj_rot,1,1,46,targ_class1,-244.0,252.0
27,conjunction_blocks,conj_rot,1,1,47,dist_class2,-164.0,283.0
27,conjunction_blocks,conj_rot,1,1,48,targ_class2,-70.0,382.0
27,conjunction_blocks,conj_rot,1,1,49,dist_class2,-3.0,450.0
27,conjunction_blocks,conj_grid,0,1,1,dist_class2,-322.0,-318.0
27,conjunction_blocks,conj_grid,0,1,2,dist_class1,-197.0,-323.0
27,conjunction_blocks,conj_grid,0,1,3,targ_class2,-119.0,-321.0
27,conjunction_blocks,conj_grid,0,1,4,targ_class1,-5.0,-312.0
27,conjunction_blocks,conj_grid,0,1,5,targ_class2,112.0,-326.0
27,conjunction_blocks,conj_grid,0,1,6,targ_class1,226.0,-323.0
27,conjunction_blocks,conj_grid,0,1,7,dist_class2,328.0,-326.0
27,conjunction_blocks,conj_grid,0,1,8,dist_class2,-327.0,-219.0
27,conjunction_blocks,conj_grid,0,1,9,dist_class2,-215.0,-213.0
27,conjunction_blocks,conj_grid,0,1,10,dist_class1,-112.0,-216.0
27,conjunction_blocks,conj_grid,0,1,11,dist_class2,-5.0,-204.0
27,conjunction_blocks,conj_grid,0,1,12,dist_class2,95.0,-218.0
27,conjunction_blocks,conj_grid,0,1,13,dist_class2,208.0,-231.0
27,conjunction_blocks,conj_grid,0,1,14,targ_class2,316.0,-197.0
27,conjunction_blocks,conj_grid,0,1,15,targ_class1,-312.0,-101.0
27,conjunction_blocks,conj_grid,0,1,16,targ_class2,-209.0,-104.0
27,conjunction_blocks,conj_grid,0,1,17,targ_class1,-113.0,-121.0
27,conjunction_blocks,conj_grid,0,1,18,dist_class2,18.0,-121.0
27,conjunction_blocks,conj_grid,0,1,19,targ_class1,109.0,-108.0
27,conjunction_blocks,conj_grid,0,1,20,dist_class1,232.0,-101.0
27,conjunction_blocks,conj_grid,0,1,21,dist_class1,312.0,-117.0
27,conjunction_blocks,conj_grid,0,1,22,targ_class2,-316.0,3.0
27,conjunction_blocks,conj_grid,0,1,23,dist_class2,-222.0,5.0
27,conjunction_blocks,conj_grid,0,1,24,dist_class1,-91.0,1.0
27,conjunction_blocks,conj_grid,0,1,25,dist_class2,-5.0,7.0
27,conjunction_blocks,conj_grid,0,1,26,dist_class2,119.0,6.0
27,conjunction_blocks,conj_grid,0,1,27,dist_class1,208.0,-14.0
27,conjunction_blocks,conj_grid,0,1,28,targ_class2,315.0,11.0
27,conjunction_blocks,conj_grid,0,1,29,targ_class2,-305.0,120.0
27,conjunction_blocks,conj_grid,0,1,30,dist_class2,-214.0,101.0
27,conjunction_blocks,conj_grid,0,1,31,targ_class2,-120.0,104.0
27,conjunction_blocks,conj_grid,0,1,32,targ_class2,14.0,107.0
27,conjunction_blocks,conj_grid,0,1,33,targ_class1,114.0,107.0
27,conjunction_blocks,conj_grid,0,1,34,dist_class1,190.0,123.0
27,conjunction_blocks,conj_grid,0,1,35,targ_class1,327.0,97.0
27,conjunction_blocks,conj_grid,0,1,36,targ_class1,-324.0,214.0
27,conjunction_blocks,conj_grid,0,1,37,targ_class1,-205.0,239.0
27,conjunction_blocks,conj_grid,0,1,38,targ_class2,-111.0,217.0
27,conjunction_blocks,conj_grid,0,1,39,targ_class1,-5.0,208.0
27,conjunction_blocks,conj_grid,0,1,40,targ_class2,96.0,221.0
27,conjunction_blocks,conj_grid,0,1,41,targ_class2,221.0,194.0
27,conjunction_blocks,conj_grid,0,1,42,dist_class2,316.0,241.0
27,conjunction_blocks,conj_grid,0,1,43,targ_class1,-311.0,324.0
27,conjunction_blocks,conj_grid,0,1,44,dist_class1,-213.0,311.0
27,conjunction_blocks,conj_grid,0,1,45,dist_class1,-118.0,335.0
27,conjunction_blocks,conj_grid,0,1,46,dist_class1,-18.0,327.0
27,conjunction_blocks,conj_grid,0,1,47,dist_class1,118.0,318.0
27,conjunction_blocks,conj_grid,0,1,48,dist_class1,210.0,325.0
27,conjunction_blocks,conj_grid,0,1,49,targ_class1,317.0,327.0
27,conjunction_blocks,conj_uni,1,1,1,targ_class2,-192.0,249.0
27,conjunction_blocks,conj_uni,1,1,2,targ_class2,-289.0,33.0
27,conjunction_blocks,conj_uni,1,1,3,dist_class2,52.0,221.0
27,conjunction_blocks,conj_uni,1,1,4,targ_class1,-251.0,-205.0
27,conjunction_blocks,conj_uni,1,1,5,targ_class1,-208.0,79.0
27,conjunction_blocks,conj_uni,1,1,6,targ_class2,-80.0,-116.0
27,conjunction_blocks,conj_uni,1,1,7,dist_class1,-76.0,-348.0
27,conjunction_blocks,conj_uni,1,1,8,targ_class1,-197.0,-189.0
27,conjunction_blocks,conj_uni,1,1,9,dist_class2,-74.0,116.0
27,conjunction_blocks,conj_uni,1,1,10,targ_class2,145.0,-24.0
27,conjunction_blocks,conj_uni,1,1,11,dist_class2,-108.0,71.0
27,conjunction_blocks,conj_uni,1,1,12,targ_class1,-134.0,-129.0
27,conjunction_blocks,conj_uni,1,1,13,targ_class1,251.0,-253.0
27,conjunction_blocks,conj_uni,1,1,14,dist_class2,-16.0,-206.0
27,conjunction_blocks,conj_uni,1,1,15,dist_class2,92.0,4.0
27,conjunction_blocks,conj_uni,1,1,16,dist_class2,-122.0,216.0
27,conjunction_blocks,conj_uni,1,1,17,targ_class1,214.0,331.0
27,conjunction_blocks,conj_uni,1,1,18,dist_class2,-24.0,141.0
27,conjunction_blocks,conj_uni,1,1,19,dist_class1,-58.0,-167.0
27,conjunction_blocks,conj_uni,1,1,20,dist_class2,121.0,-269.0
27,conjunction_blocks,conj_uni,1,1,21,dist_class2,25.0,-91.0
27,conjunction_blocks,conj_uni,1,1,22,dist_class1,-183.0,-102.0
27,conjunction_blocks,conj_uni,1,1,23,targ_class2,-204.0,-275.0
27,conjunction_blocks,conj_uni,1,1,24,targ_class2,358.0,-260.0
27,conjunction_blocks,conj_uni,1,1,25,targ_class1,-156.0,-5.0
27,conjunction_blocks,conj_uni,1,1,26,targ_class2,255.0,37.0
27,conjunction_blocks,conj_uni,1,1,27,dist_class2,-228.0,207.0
27,conjunction_blocks,conj_uni,1,1,28,dist_class2,139.0,-188.0
27,conjunction_blocks,conj_uni,1,1,29,targ_class1,194.0,-232.0
27,conjunction_blocks,conj_uni,1,1,30,targ_class2,243.0,-197.0
27,conjunction_blocks,conj_uni,1,1,31,targ_class1,193.0,-172.0
27,conjunction_blocks,conj_uni,1,1,32,dist_class1,-260.0,-274.0
27,conjunction_blocks,conj_uni,1,1,33,targ_class2,189.0,-59.0
27,conjunction_blocks,conj_uni,1,1,34,dist_class2,-54.0,51.0
27,conjunction_blocks,conj_uni,1,1,35,dist_class1,-31.0,-90.0
27,conjunction_blocks,conj_uni,1,1,36,dist_class1,-160.0,50.0
27,conjunction_blocks,conj_uni,1,1,37,targ_class1,80.0,100.0
27,conjunction_blocks,conj_uni,1,1,38,targ_class1,26.0,116.0
27,conjunction_blocks,conj_uni,1,1,39,dist_class1,206.0,-344.0
27,conjunction_blocks,conj_uni,1,1,40,dist_class1,344.0,-121.0
27,conjunction_blocks,conj_uni,1,1,41,targ_class1,-281.0,-327.0
27,conjunction_blocks,conj_uni,1,1,42,targ_class2,364.0,-173.0
27,conjunction_blocks,conj_uni,1,1,43,dist_class1,336.0,328.0
27,conjunction_blocks,conj_uni,1,1,44,dist_class1,-285.0,210.0
27,conjunction_blocks,conj_uni,1,1,45,dist_class1,-264.0,333.0
27,conjunction_blocks,conj_uni,1,1,46,targ_class2,-71.0,-256.0
27,conjunction_blocks,conj_uni,1,1,47,targ_class2,-148.0,287.0
27,conjunction_blocks,conj_uni,1,1,48,dist_class1,-225.0,-141.0
27,conjunction_blocks,conj_uni,1,1,49,dist_class2,-321.0,336.0
27,conjunction_blocks,conj_grid,3,1,1,dist_class1,-330.0,-336.0
27,conjunction_blocks,conj_grid,3,1,2,targ_class2,-218.0,-318.0
27,conjunction_blocks,conj_grid,3,1,3,targ_class2,-98.0,-312.0
27,conjunction_blocks,conj_grid,3,1,4,dist_class2,-5.0,-329.0
27,conjunction_blocks,conj_grid,3,1,5,dist_class1,109.0,-309.0
27,conjunction_blocks,conj_grid,3,1,6,dist_class2,231.0,-315.0
27,conjunction_blocks,conj_grid,3,1,7,targ_class1,324.0,-308.0
27,conjunction_blocks,conj_grid,3,1,8,dist_class1,-327.0,-206.0
27,conjunction_blocks,conj_grid,3,1,9,dist_class1,-231.0,-209.0
27,conjunction_blocks,conj_grid,3,1,10,dist_class1,-100.0,-222.0
27,conjunction_blocks,conj_grid,3,1,11,dist_class2,-2.0,-205.0
27,conjunction_blocks,conj_grid,3,1,12,dist_class2,112.0,-232.0
27,conjunction_blocks,conj_grid,3,1,13,dist_class1,203.0,-235.0
27,conjunction_blocks,conj_grid,3,1,14,dist_class2,325.0,-219.0
27,conjunction_blocks,conj_grid,3,1,15,targ_class2,-338.0,-111.0
27,conjunction_blocks,conj_grid,3,1,16,targ_class1,-215.0,-116.0
27,conjunction_blocks,conj_grid,3,1,17,targ_class2,-100.0,-121.0
27,conjunction_blocks,conj_grid,3,1,18,dist_class2,-20.0,-89.0
27,conjunction_blocks,conj_grid,3,1,19,dist_class1,110.0,-106.0
27,conjunction_blocks,conj_grid,3,1,20,dist_class2,222.0,-124.0
27,conjunction_blocks,conj_grid,3,1,21,dist_class1,321.0,-106.0
27,conjunction_blocks,conj_grid,3,1,22,dist_class1,-322.0,22.0
27,conjunction_blocks,conj_grid,3,1,23,dist_class2,-208.0,-6.0
27,conjunction_blocks,conj_grid,3,1,24,targ_class1,-106.0,-13.0
27,conjunction_blocks,conj_grid,3,1,25,dist_class2,7.0,-11.0
27,conjunction_blocks,conj_grid,3,1,26,dist_class2,124.0,-12.0
27,conjunction_blocks,conj_grid,3,1,27,dist_class1,218.0,-12.0
27,conjunction_blocks,conj_grid,3,1,28,targ_class1,316.0,8.0
27,conjunction_blocks,conj_grid,3,1,29,dist_class1,-314.0,114.0
27,conjunction_blocks,conj_grid,3,1,30,targ_class1,-205.0,105.0
27,conjunction_blocks,conj_grid,3,1,31,targ_class1,-101.0,108.0
27,conjunction_blocks,conj_grid,3,1,32,targ_class2,-1.0,120.0
27,conjunction_blocks,conj_grid,3,1,33,dist_class2,118.0,107.0
27,conjunction_blocks,conj_grid,3,1,34,targ_class2,207.0,105.0
27,conjunction_blocks,conj_grid,3,1,35,dist_class2,342.0,124.0
27,conjunction_blocks,conj_grid,3,1,36,targ_class1,-311.0,229.0
27,conjunction_blocks,conj_grid,3,1,37,targ_class1,-204.0,216.0
27,conjunction_blocks,conj_grid,3,1,38,targ_class1,-105.0,222.0
27,conjunction_blocks,conj_grid,3,1,39,targ_class2,15.0,232.0
27,conjunction_blocks,conj_grid,3,1,40,targ_class2,98.0,211.0
27,conjunction_blocks,conj_grid,3,1,41,targ_class1,212.0,218.0
27,conjunction_blocks,conj_grid,3,1,42,targ_class1,337.0,228.0
27,conjunction_blocks,conj_grid,3,1,43,dist_class1,-325.0,324.0
27,conjunction_blocks,conj_grid,3,1,44,targ_class2,-234.0,311.0
27,conjunction_blocks,conj_grid,3,1,45,dist_class2,-106.0,309.0
27,conjunction_blocks,conj_grid,3,1,46,targ_class1,2.0,323.0
27,conjunction_blocks,conj_grid,3,1,47,targ_class2,126.0,344.0
27,conjunction_blocks,conj_grid,3,1,48,targ_class2,220.0,323.0
27,conjunction_blocks,conj_grid,3,1,49,targ_class2,319.0,324.0
27,conjunction_blocks,conj_grid,2,1,1,dist_class1,-314.0,-313.0
27,conjunction_blocks,conj_grid,2,1,2,targ_class2,-217.0,-314.0
27,conjunction_blocks,conj_grid,2,1,3,dist_class1,-126.0,-328.0
27,conjunction_blocks,conj_grid,2,1,4,targ_class1,8.0,-334.0
27,conjunction_blocks,conj_grid,2,1,5,dist_class2,103.0,-333.0
27,conjunction_blocks,conj_grid,2,1,6,dist_class1,235.0,-319.0
27,conjunction_blocks,conj_grid,2,1,7,dist_class1,302.0,-315.0
27,conjunction_blocks,conj_grid,2,1,8,targ_class1,-311.0,-216.0
27,conjunction_blocks,conj_grid,2,1,9,targ_class2,-221.0,-201.0
27,conjunction_blocks,conj_grid,2,1,10,dist_class1,-113.0,-224.0
27,conjunction_blocks,conj_grid,2,1,11,dist_class1,8.0,-218.0
27,conjunction_blocks,conj_grid,2,1,12,dist_class2,86.0,-215.0
27,conjunction_blocks,conj_grid,2,1,13,targ_class2,221.0,-224.0
27,conjunction_blocks,conj_grid,2,1,14,targ_class2,322.0,-202.0
27,conjunction_blocks,conj_grid,2,1,15,targ_class2,-328.0,-103.0
27,conjunction_blocks,conj_grid,2,1,16,dist_class1,-207.0,-106.0
27,conjunction_blocks,conj_grid,2,1,17,dist_class1,-108.0,-100.0
27,conjunction_blocks,conj_grid,2,1,18,dist_class2,-5.0,-106.0
27,conjunction_blocks,conj_grid,2,1,19,targ_class1,122.0,-94.0
27,conjunction_blocks,conj_grid,2,1,20,dist_class2,226.0,-103.0
27,conjunction_blocks,conj_grid,2,1,21,targ_class1,306.0,-109.0
27,conjunction_blocks,conj_grid,2,1,22,targ_class2,-312.0,-5.0
27,conjunction_blocks,conj_grid,2,1,23,dist_class1,-221.0,1.0
27,conjunction_blocks,conj_grid,2,1,24,dist_class2,-121.0,5.0
27,conjunction_blocks,conj_grid,2,1,25,targ_class2,0.0,0.0
27,conjunction_blocks,conj_grid,2,1,26,targ_class1,100.0,-12.0
27,conjunction_blocks,conj_grid,2,1,27,dist_class1,224.0,-9.0
27,conjunction_blocks,conj_grid,2,1,28,targ_class1,323.0,-13.0
27,conjunction_blocks,conj_grid,2,1,29,targ_class1,-328.0,111.0
27,conjunction_blocks,conj_grid,2,1,30,dist_class2,-238.0,101.0
27,conjunction_blocks,conj_grid,2,1,31,dist_class2,-115.0,91.0
27,conjunction_blocks,conj_grid,2,1,32,dist_class2,12.0,111.0
27,conjunction_blocks,conj_grid,2,1,33,targ_class2,108.0,100.0
27,conjunction_blocks,conj_grid,2,1,34,targ_class1,221.0,110.0
27,conjunction_blocks,conj_grid,2,1,35,targ_class1,330.0,113.0
27,conjunction_blocks,conj_grid,2,1,36,targ_class1,-311.0,229.0
27,conjunction_blocks,conj_grid,2,1,37,dist_class2,-221.0,212.0
27,conjunction_blocks,conj_grid,2,1,38,targ_class2,-121.0,217.0
27,conjunction_blocks,conj_grid,2,1,39,targ_class1,1.0,229.0
27,conjunction_blocks,conj_grid,2,1,40,targ_class2,116.0,220.0
27,conjunction_blocks,conj_grid,2,1,41,dist_class1,222.0,228.0
27,conjunction_blocks,conj_grid,2,1,42,dist_class2,325.0,222.0
27,conjunction_blocks,conj_grid,2,1,43,dist_class2,-340.0,330.0
27,conjunction_blocks,conj_grid,2,1,44,targ_class2,-228.0,319.0
27,conjunction_blocks,conj_grid,2,1,45,dist_class2,-109.0,327.0
27,conjunction_blocks,conj_grid,2,1,46,dist_class2,-6.0,309.0
27,conjunction_blocks,conj_grid,2,1,47,targ_class2,111.0,341.0
27,conjunction_blocks,conj_grid,2,1,48,targ_class1,239.0,315.0
27,conjunction_blocks,conj_grid,2,1,49,dist_class1,310.0,329.0
27,conjunction_blocks,conj_uni,3,1,1,targ_class2,-34.0,-106.0
27,conjunction_blocks,conj_uni,3,1,2,dist_class2,95.0,-45.0
27,conjunction_blocks,conj_uni,3,1,3,dist_class2,208.0,-349.0
27,conjunction_blocks,conj_uni,3,1,4,targ_class1,151.0,274.0
27,conjunction_blocks,conj_uni,3,1,5,targ_class2,114.0,152.0
27,conjunction_blocks,conj_uni,3,1,6,dist_class2,-140.0,299.0
27,conjunction_blocks,conj_uni,3,1,7,targ_class1,-229.0,-188.0
27,conjunction_blocks,conj_uni,3,1,8,dist_class2,-101.0,338.0
27,conjunction_blocks,conj_uni,3,1,9,dist_class2,-14.0,81.0
27,conjunction_blocks,conj_uni,3,1,10,dist_class2,123.0,207.0
27,conjunction_blocks,conj_uni,3,1,11,targ_class1,97.0,257.0
27,conjunction_blocks,conj_uni,3,1,12,dist_class1,-205.0,107.0
27,conjunction_blocks,conj_uni,3,1,13,dist_class2,205.0,-204.0
27,conjunction_blocks,conj_uni,3,1,14,dist_class1,208.0,111.0
27,conjunction_blocks,conj_uni,3,1,15,dist_class2,-15.0,-180.0
27,conjunction_blocks,conj_uni,3,1,16,targ_class2,50.0,-343.0
27,conjunction_blocks,conj_uni,3,1,17,targ_class2,289.0,72.0
27,conjunction_blocks,conj_uni,3,1,18,targ_class1,121.0,93.0
27,conjunction_blocks,conj_uni,3,1,19,targ_class2,-31.0,-50.0
27,conjunction_blocks,conj_uni,3,1,20,dist_class1,199.0,230.0
27,conjunction_blocks,conj_uni,3,1,21,targ_class1,330.0,115.0
27,conjunction_blocks,conj_uni,3,1,22,targ_class2,-370.0,237.0
27,conjunction_blocks,conj_uni,3,1,23,dist_class1,337.0,271.0
27,conjunction_blocks,conj_uni,3,1,24,targ_class1,-224.0,-244.0
27,conjunction_blocks,conj_uni,3,1,25,targ_class2,-313.0,237.0
27,conjunction_blocks,conj_uni,3,1,26,targ_class1,-235.0,58.0
27,conjunction_blocks,conj_uni,3,1,27,dist_class1,161.0,329.0
27,conjunction_blocks,conj_uni,3,1,28,dist_class1,-330.0,132.0
27,conjunction_blocks,conj_uni,3,1,29,dist_class1,258.0,134.0
27,conjunction_blocks,conj_uni,3,1,30,dist_class1,58.0,194.0
27,conjunction_blocks,conj_uni,3,1,31,dist_class1,-64.0,-153.0
27,conjunction_blocks,conj_uni,3,1,32,targ_class1,305.0,167.0
27,conjunction_blocks,conj_uni,3,1,33,targ_class2,-257.0,239.0
27,conjunction_blocks,conj_uni,3,1,34,dist_class2,22.0,-112.0
27,conjunction_blocks,conj_uni,3,1,35,dist_class2,-94.0,221.0
27,conjunction_blocks,conj_uni,3,1,36,dist_class1,-84.0,-311.0
27,conjunction_blocks,conj_uni,3,1,37,targ_class1,31.0,-31.0
27,conjunction_blocks,conj_uni,3,1,38,targ_class2,-244.0,-99.0
27,conjunction_blocks,conj_uni,3,1,39,targ_class2,315.0,-25.0
27,conjunction_blocks,conj_uni,3,1,40,dist_class1,61.0,-275.0
27,conjunction_blocks,conj_uni,3,1,41,targ_class2,13.0,275.0
27,conjunction_blocks,conj_uni,3,1,42,targ_class1,29.0,-216.0
27,conjunction_blocks,conj_uni,3,1,43,dist_class2,-65.0,46.0
27,conjunction_blocks,conj_uni,3,1,44,dist_class2,10.0,-300.0
27,conjunction_blocks,conj_uni,3,1,45,dist_class1,-311.0,-315.0
27,conjunction_blocks,conj_uni,3,1,46,targ_class1,-342.0,-7.0
27,conjunction_blocks,conj_uni,3,1,47,targ_class1,-248.0,-43.0
27,conjunction_blocks,conj_uni,3,1,48,targ_class2,-194.0,-125.0
27,conjunction_blocks,conj_uni,3,1,49,dist_class2,205.0,-54.0
27,conjunction_blocks,conj_rot,4,1,1,dist_class1,-13.0,-468.0
27,conjunction_blocks,conj_rot,4,1,2,dist_class2,77.0,-377.0
27,conjunction_blocks,conj_rot,4,1,3,targ_class1,150.0,-303.0
27,conjunction_blocks,conj_rot,4,1,4,dist_class1,219.0,-233.0
27,conjunction_blocks,conj_rot,4,1,5,targ_class1,317.0,-140.0
27,conjunction_blocks,conj_rot,4,1,6,targ_class2,383.0,-84.0
27,conjunction_blocks,conj_rot,4,1,7,targ_class2,446.0,19.0
27,conjunction_blocks,conj_rot,4,1,8,targ_class2,-82.0,-380.0
27,conjunction_blocks,conj_rot,4,1,9,targ_class2,5.0,-299.0
27,conjunction_blocks,conj_rot,4,1,10,dist_class1,75.0,-217.0
27,conjunction_blocks,conj_rot,4,1,11,targ_class1,146.0,-163.0
27,conjunction_blocks,conj_rot,4,1,12,dist_class1,245.0,-63.0
27,conjunction_blocks,conj_rot,4,1,13,targ_class2,317.0,-25.0
27,conjunction_blocks,conj_rot,4,1,14,dist_class2,367.0,71.0
27,conjunction_blocks,conj_rot,4,1,15,dist_class2,-181.0,-303.0
27,conjunction_blocks,conj_rot,4,1,16,targ_class1,-61.0,-221.0
27,conjunction_blocks,conj_rot,4,1,17,targ_class2,-14.0,-146.0
27,conjunction_blocks,conj_rot,4,1,18,targ_class2,79.0,-102.0
27,conjunction_blocks,conj_rot,4,1,19,dist_class1,155.0,-9.0
27,conjunction_blocks,conj_rot,4,1,20,dist_class1,219.0,84.0
27,conjunction_blocks,conj_rot,4,1,21,targ_class1,317.0,137.0
27,conjunction_blocks,conj_rot,4,1,22,targ_class1,-244.0,-223.0
27,conjunction_blocks,conj_rot,4,1,23,targ_class2,-142.0,-162.0
27,conjunction_blocks,conj_rot,4,1,24,dist_class1,-61.0,-77.0
27,conjunction_blocks,conj_rot,4,1,25,dist_class2,4.0,2.0
27,conjunction_blocks,conj_rot,4,1,26,targ_class2,69.0,81.0
27,conjunction_blocks,conj_rot,4,1,27,dist_class2,145.0,167.0
27,conjunction_blocks,conj_rot,4,1,28,dist_class2,224.0,234.0
27,conjunction_blocks,conj_rot,4,1,29,dist_class1,-291.0,-152.0
27,conjunction_blocks,conj_rot,4,1,30,dist_class2,-229.0,-91.0
27,conjunction_blocks,conj_rot,4,1,31,targ_class1,-134.0,9.0
27,conjunction_blocks,conj_rot,4,1,32,targ_class1,-78.0,91.0
27,conjunction_blocks,conj_rot,4,1,33,dist_class2,9.0,141.0
27,conjunction_blocks,conj_rot,4,1,34,targ_class1,69.0,234.0
27,conjunction_blocks,conj_rot,4,1,35,targ_class2,155.0,303.0
27,conjunction_blocks,conj_rot,4,1,36,dist_class1,-382.0,-87.0
27,conjunction_blocks,conj_rot,4,1,37,targ_class1,-306.0,25.0
27,conjunction_blocks,conj_rot,4,1,38,targ_class2,-234.0,72.0
27,conjunction_blocks,conj_rot,4,1,39,dist_class2,-159.0,148.0
27,conjunction_blocks,conj_rot,4,1,40,dist_class1,-85.0,249.0
27,conjunction_blocks,conj_rot,4,1,41,dist_class2,-2.0,306.0
27,conjunction_blocks,conj_rot,4,1,42,dist_class1,66.0,377.0
27,conjunction_blocks,conj_rot,4,1,43,dist_class2,-455.0,-8.0
27,conjunction_blocks,conj_rot,4,1,44,dist_class2,-364.0,85.0
27,conjunction_blocks,conj_rot,4,1,45,targ_class1,-317.0,147.0
27,conjunction_blocks,conj_rot,4,1,46,targ_class1,-235.0,215.0
27,conjunction_blocks,conj_rot,4,1,47,targ_class2,-155.0,314.0
27,conjunction_blocks,conj_rot,4,1,48,dist_class1,-78.0,384.0
27,conjunction_blocks,conj_rot,4,1,49,dist_class2,2.0,469.0
27,conjunction_blocks,conj_rot,4,2,1,dist_class1,-1.0,-455.0
27,conjunction_blocks,conj_rot,4,2,2,dist_class2,75.0,-397.0
27,conjunction_blocks,conj_rot,4,2,3,targ_class2,146.0,-292.0
27,conjunction_blocks,conj_rot,4,2,4,targ_class1,248.0,-227.0
27,conjunction_blocks,conj_rot,4,2,5,targ_class1,300.0,-152.0
27,conjunction_blocks,conj_rot,4,2,6,dist_class2,387.0,-69.0
27,conjunction_blocks,conj_rot,4,2,7,dist_class2,444.0,-2.0
27,conjunction_blocks,conj_rot,4,2,8,dist_class2,-76.0,-378.0
27,conjunction_blocks,conj_rot,4,2,9,targ_class2,2.0,-308.0
27,conjunction_blocks,conj_rot,4,2,10,targ_class2,89.0,-224.0
27,conjunction_blocks,conj_rot,4,2,11,dist_class1,147.0,-146.0
27,conjunction_blocks,conj_rot,4,2,12,dist_class1,220.0,-79.0
27,conjunction_blocks,conj_rot,4,2,13,targ_class2,309.0,-7.0
27,conjunction_blocks,conj_rot,4,2,14,dist_class2,383.0,72.0
27,conjunction_blocks,conj_rot,4,2,15,targ_class1,-155.0,-289.0
27,conjunction_blocks,conj_rot,4,2,16,dist_class2,-70.0,-213.0
27,conjunction_blocks,conj_rot,4,2,17,dist_class1,7.0,-149.0
27,conjunction_blocks,conj_rot,4,2,18,targ_class1,81.0,-69.0
27,conjunction_blocks,conj_rot,4,2,19,targ_class2,159.0,-6.0
27,conjunction_blocks,conj_rot,4,2,20,targ_class1,242.0,70.0
27,conjunction_blocks,conj_rot,4,2,21,targ_class2,310.0,168.0
27,conjunction_blocks,conj_rot,4,2,22,dist_class2,-236.0,-232.0
27,conjunction_blocks,conj_rot,4,2,23,dist_class1,-151.0,-173.0
27,conjunction_blocks,conj_rot,4,2,24,dist_class2,-82.0,-91.0
27,conjunction_blocks,conj_rot,4,2,25,targ_class1,-2.0,-11.0
27,conjunction_blocks,conj_rot,4,2,26,dist_class2,77.0,78.0
27,conjunction_blocks,conj_rot,4,2,27,dist_class1,161.0,162.0
27,conjunction_blocks,conj_rot,4,2,28,targ_class1,235.0,249.0
27,conjunction_blocks,conj_rot,4,2,29,targ_class1,-289.0,-166.0
27,conjunction_blocks,conj_rot,4,2,30,dist_class1,-239.0,-75.0
27,conjunction_blocks,conj_rot,4,2,31,dist_class2,-152.0,7.0
27,conjunction_blocks,conj_rot,4,2,32,dist_class1,-81.0,83.0
27,conjunction_blocks,conj_rot,4,2,33,targ_class1,14.0,149.0
27,conjunction_blocks,conj_rot,4,2,34,dist_class1,81.0,224.0
27,conjunction_blocks,conj_rot,4,2,35,targ_class2,162.0,306.0
27,conjunction_blocks,conj_rot,4,2,36,dist_class2,-364.0,-91.0
27,conjunction_blocks,conj_rot,4,2,37,dist_class1,-319.0,-14.0
27,conjunction_blocks,conj_rot,4,2,38,dist_class1,-234.0,86.0
27,conjunction_blocks,conj_rot,4,2,39,dist_class2,-141.0,140.0
27,conjunction_blocks,conj_rot,4,2,40,dist_class2,-86.0,242.0
27,conjunction_blocks,conj_rot,4,2,41,dist_class1,-13.0,296.0
27,conjunction_blocks,conj_rot,4,2,42,targ_class1,87.0,391.0
27,conjunction_blocks,conj_rot,4,2,43,targ_class2,-462.0,-12.0
27,conjunction_blocks,conj_rot,4,2,44,targ_class1,-395.0,76.0
27,conjunction_blocks,conj_rot,4,2,45,targ_class1,-309.0,136.0
27,conjunction_blocks,conj_rot,4,2,46,targ_class2,-221.0,232.0
27,conjunction_blocks,conj_rot,4,2,47,targ_class2,-145.0,300.0
27,conjunction_blocks,conj_rot,4,2,48,targ_class2,-63.0,386.0
27,conjunction_blocks,conj_rot,4,2,49,targ_class2,0.0,457.0
27,conjunction_blocks,conj_uni,2,1,1,targ_class1,-170.0,-103.0
27,conjunction_blocks,conj_uni,2,1,2,dist_class1,325.0,29.0
27,conjunction_blocks,conj_uni,2,1,3,targ_class2,191.0,90.0
27,conjunction_blocks,conj_uni,2,1,4,targ_class1,-286.0,292.0
27,conjunction_blocks,conj_uni,2,1,5,dist_class1,266.0,345.0
27,conjunction_blocks,conj_uni,2,1,6,dist_class2,221.0,-48.0
27,conjunction_blocks,conj_uni,2,1,7,targ_class1,176.0,-82.0
27,conjunction_blocks,conj_uni,2,1,8,dist_class2,62.0,209.0
27,conjunction_blocks,conj_uni,2,1,9,dist_class2,-267.0,-226.0
27,conjunction_blocks,conj_uni,2,1,10,dist_class1,-353.0,170.0
27,conjunction_blocks,conj_uni,2,1,11,dist_class1,329.0,-354.0
27,conjunction_blocks,conj_uni,2,1,12,dist_class2,-125.0,192.0
27,conjunction_blocks,conj_uni,2,1,13,dist_class2,-39.0,58.0
27,conjunction_blocks,conj_uni,2,1,14,dist_class2,-189.0,-19.0
27,conjunction_blocks,conj_uni,2,1,15,dist_class1,265.0,39.0
27,conjunction_blocks,conj_uni,2,1,16,targ_class2,-45.0,-155.0
27,conjunction_blocks,conj_uni,2,1,17,dist_class2,271.0,210.0
27,conjunction_blocks,conj_uni,2,1,18,targ_class2,195.0,199.0
27,conjunction_blocks,conj_uni,2,1,19,targ_class1,213.0,142.0
27,conjunction_blocks,conj_uni,2,1,20,dist_class2,74.0,-21.0
27,conjunction_blocks,conj_uni,2,1,21,dist_class1,-350.0,-119.0
27,conjunction_blocks,conj_uni,2,1,22,targ_class2,119.0,-67.0
27,conjunction_blocks,conj_uni,2,1,23,dist_class2,-92.0,-352.0
27,conjunction_blocks,conj_uni,2,1,24,targ_class2,-98.0,-120.0
27,conjunction_blocks,conj_uni,2,1,25,targ_class1,-252.0,177.0
27,conjunction_blocks,conj_uni,2,1,26,targ_class2,36.0,19.0
27,conjunction_blocks,conj_uni,2,1,27,dist_class1,170.0,-158.0
27,conjunction_blocks,conj_uni,2,1,28,dist_class1,-210.0,-336.0
27,conjunction_blocks,conj_uni,2,1,29,dist_class1,319.0,-35.0
27,conjunction_blocks,conj_uni,2,1,30,dist_class2,308.0,308.0
27,conjunction_blocks,conj_uni,2,1,31,targ_class1,-143.0,-239.0
27,conjunction_blocks,conj_uni,2,1,32,targ_class2,-225.0,-62.0
27,conjunction_blocks,conj_uni,2,1,33,targ_class1,-5.0,-48.0
27,conjunction_blocks,conj_uni,2,1,34,targ_class2,-50.0,-313.0
27,conjunction_blocks,conj_uni,2,1,35,dist_class2,244.0,-257.0
27,conjunction_blocks,conj_uni,2,1,36,targ_class1,-230.0,280.0
27,conjunction_blocks,conj_uni,2,1,37,dist_class1,-158.0,-184.0
27,conjunction_blocks,conj_uni,2,1,38,targ_class2,119.0,34.0
27,conjunction_blocks,conj_uni,2,1,39,targ_class2,267.0,-17.0
27,conjunction_blocks,conj_uni,2,1,40,targ_class1,52.0,-183.0
27,conjunction_blocks,conj_uni,2,1,41,dist_class2,355.0,275.0
27,conjunction_blocks,conj_uni,2,1,42,dist_class1,-57.0,229.0
27,conjunction_blocks,conj_uni,2,1,43,dist_class2,-10.0,-353.0
27,conjunction_blocks,conj_uni,2,1,44,dist_class1,64.0,-77.0
27,conjunction_blocks,conj_uni,2,1,45,targ_class1,-46.0,-97.0
27,conjunction_blocks,conj_uni,2,1,46,targ_class1,-57.0,127.0
27,conjunction_blocks,conj_uni,2,1,47,targ_class2,-6.0,105.0
27,conjunction_blocks,conj_uni,2,1,48,targ_class2,-354.0,233.0
27,conjunction_blocks,conj_uni,2,1,49,targ_class1,-182.0,-281.0
27,conjunction_blocks,conj_rot,3,1,1,dist_class1,-2.0,-470.0
27,conjunction_blocks,conj_rot,3,1,2,dist_class1,65.0,-390.0
27,conjunction_blocks,conj_rot,3,1,3,dist_class1,151.0,-289.0
27,conjunction_blocks,conj_rot,3,1,4,targ_class2,227.0,-238.0
27,conjunction_blocks,conj_rot,3,1,5,targ_class1,293.0,-157.0
27,conjunction_blocks,conj_rot,3,1,6,targ_class1,392.0,-78.0
27,conjunction_blocks,conj_rot,3,1,7,targ_class2,457.0,8.0
27,conjunction_blocks,conj_rot,3,1,8,dist_class1,-87.0,-365.0
27,conjunction_blocks,conj_rot,3,1,9,targ_class1,-7.0,-296.0
27,conjunction_blocks,conj_rot,3,1,10,targ_class1,86.0,-223.0
27,conjunction_blocks,conj_rot,3,1,11,dist_class1,152.0,-155.0
27,conjunction_blocks,conj_rot,3,1,12,dist_class2,216.0,-74.0
27,conjunction_blocks,conj_rot,3,1,13,targ_class2,293.0,18.0
27,conjunction_blocks,conj_rot,3,1,14,targ_class2,369.0,93.0
27,conjunction_blocks,conj_rot,3,1,15,dist_class1,-160.0,-314.0
27,conjunction_blocks,conj_rot,3,1,16,dist_class2,-62.0,-230.0
27,conjunction_blocks,conj_rot,3,1,17,dist_class1,-14.0,-149.0
27,conjunction_blocks,conj_rot,3,1,18,dist_class2,84.0,-61.0
27,conjunction_blocks,conj_rot,3,1,19,dist_class1,157.0,-0.0
27,conjunction_blocks,conj_rot,3,1,20,targ_class1,223.0,73.0
27,conjunction_blocks,conj_rot,3,1,21,dist_class2,307.0,142.0
27,conjunction_blocks,conj_rot,3,1,22,targ_class2,-225.0,-225.0
27,conjunction_blocks,conj_rot,3,1,23,targ_class2,-152.0,-147.0
27,conjunction_blocks,conj_rot,3,1,24,targ_class1,-76.0,-82.0
27,conjunction_blocks,conj_rot,3,1,25,targ_class2,10.0,8.0
27,conjunction_blocks,conj_rot,3,1,26,targ_class1,81.0,78.0
27,conjunction_blocks,conj_rot,3,1,27,targ_class1,159.0,139.0
27,conjunction_blocks,conj_rot,3,1,28,targ_class1,216.0,252.0
27,conjunction_blocks,conj_rot,3,1,29,dist_class2,-303.0,-147.0
27,conjunction_blocks,conj_rot,3,1,30,targ_class2,-220.0,-70.0
27,conjunction_blocks,conj_rot,3,1,31,dist_class1,-146.0,-13.0
27,conjunction_blocks,conj_rot,3,1,32,dist_class1,-65.0,67.0
27,conjunction_blocks,conj_rot,3,1,33,dist_class2,7.0,152.0
27,conjunction_blocks,conj_rot,3,1,34,dist_class2,73.0,222.0
27,conjunction_blocks,conj_rot,3,1,35,dist_class2,139.0,297.0
27,conjunction_blocks,conj_rot,3,1,36,targ_class1,-384.0,-74.0
27,conjunction_blocks,conj_rot,3,1,37,targ_class2,-313.0,-18.0
27,conjunction_blocks,conj_rot,3,1,38,dist_class2,-218.0,80.0
27,conjunction_blocks,conj_rot,3,1,39,targ_class2,-170.0,158.0
27,conjunction_blocks,conj_rot,3,1,40,targ_class2,-77.0,236.0
27,conjunction_blocks,conj_rot,3,1,41,targ_class2,-6.0,298.0
27,conjunction_blocks,conj_rot,3,1,42,dist_class1,90.0,383.0
27,conjunction_blocks,conj_rot,3,1,43,targ_class1,-466.0,13.0
27,conjunction_blocks,conj_rot,3,1,44,dist_class1,-375.0,80.0
27,conjunction_blocks,conj_rot,3,1,45,targ_class1,-314.0,164.0
27,conjunction_blocks,conj_rot,3,1,46,dist_class2,-215.0,232.0
27,conjunction_blocks,conj_rot,3,1,47,dist_class2,-148.0,307.0
27,conjunction_blocks,conj_rot,3,1,48,dist_class2,-99.0,393.0
27,conjunction_blocks,conj_rot,3,1,49,dist_class2,20.0,442.0
27,conjunction_blocks,conj_grid,1,1,1,targ_class1,-334.0,-315.0
27,conjunction_blocks,conj_grid,1,1,2,targ_class2,-228.0,-331.0
27,conjunction_blocks,conj_grid,1,1,3,targ_class2,-114.0,-331.0
27,conjunction_blocks,conj_grid,1,1,4,targ_class1,-9.0,-316.0
27,conjunction_blocks,conj_grid,1,1,5,targ_class2,115.0,-315.0
27,conjunction_blocks,conj_grid,1,1,6,dist_class1,223.0,-332.0
27,conjunction_blocks,conj_grid,1,1,7,dist_class2,305.0,-310.0
27,conjunction_blocks,conj_grid,1,1,8,targ_class2,-329.0,-219.0
27,conjunction_blocks,conj_grid,1,1,9,targ_class1,-192.0,-213.0
27,conjunction_blocks,conj_grid,1,1,10,targ_class1,-105.0,-221.0
27,conjunction_blocks,conj_grid,1,1,11,targ_class1,-13.0,-220.0
27,conjunction_blocks,conj_grid,1,1,12,dist_class1,108.0,-231.0
27,conjunction_blocks,conj_grid,1,1,13,dist_class2,219.0,-213.0
27,conjunction_blocks,conj_grid,1,1,14,dist_class2,317.0,-224.0
27,conjunction_blocks,conj_grid,1,1,15,targ_class1,-314.0,-115.0
27,conjunction_blocks,conj_grid,1,1,16,dist_class1,-227.0,-111.0
27,conjunction_blocks,conj_grid,1,1,17,dist_class1,-106.0,-114.0
27,conjunction_blocks,conj_grid,1,1,18,dist_class1,-14.0,-125.0
27,conjunction_blocks,conj_grid,1,1,19,targ_class1,90.0,-103.0
27,conjunction_blocks,conj_grid,1,1,20,targ_class2,229.0,-119.0
27,conjunction_blocks,conj_grid,1,1,21,dist_class1,327.0,-106.0
27,conjunction_blocks,conj_grid,1,1,22,dist_class2,-320.0,-4.0
27,conjunction_blocks,conj_grid,1,1,23,dist_class2,-205.0,-2.0
27,conjunction_blocks,conj_grid,1,1,24,targ_class2,-124.0,-3.0
27,conjunction_blocks,conj_grid,1,1,25,targ_class1,-2.0,-5.0
27,conjunction_blocks,conj_grid,1,1,26,targ_class2,124.0,-0.0
27,conjunction_blocks,conj_grid,1,1,27,dist_class2,227.0,-4.0
27,conjunction_blocks,conj_grid,1,1,28,targ_class1,311.0,-8.0
27,conjunction_blocks,conj_grid,1,1,29,targ_class2,-323.0,121.0
27,conjunction_blocks,conj_grid,1,1,30,targ_class1,-213.0,118.0
27,conjunction_blocks,conj_grid,1,1,31,dist_class1,-109.0,101.0
27,conjunction_blocks,conj_grid,1,1,32,dist_class1,7.0,104.0
27,conjunction_blocks,conj_grid,1,1,33,dist_class2,103.0,128.0
27,conjunction_blocks,conj_grid,1,1,34,targ_class1,216.0,106.0
27,conjunction_blocks,conj_grid,1,1,35,dist_class2,309.0,116.0
27,conjunction_blocks,conj_grid,1,1,36,dist_class2,-323.0,212.0
27,conjunction_blocks,conj_grid,1,1,37,dist_class2,-215.0,227.0
27,conjunction_blocks,conj_grid,1,1,38,targ_class2,-109.0,208.0
27,conjunction_blocks,conj_grid,1,1,39,dist_class2,0.0,212.0
27,conjunction_blocks,conj_grid,1,1,40,dist_class2,104.0,214.0
27,conjunction_blocks,conj_grid,1,1,41,targ_class2,212.0,220.0
27,conjunction_blocks,conj_grid,1,1,42,dist_class1,322.0,203.0
27,conjunction_blocks,conj_grid,1,1,43,targ_class1,-322.0,325.0
27,conjunction_blocks,conj_grid,1,1,44,dist_class1,-228.0,332.0
27,conjunction_blocks,conj_grid,1,1,45,dist_class2,-104.0,337.0
27,conjunction_blocks,conj_grid,1,1,46,targ_class2,1.0,313.0
27,conjunction_blocks,conj_grid,1,1,47,dist_class1,106.0,329.0
27,conjunction_blocks,conj_grid,1,1,48,dist_class1,228.0,332.0
27,conjunction_blocks,conj_grid,1,1,49,targ_class2,315.0,323.0
27,conjunction_blocks,conj_grid,4,1,1,targ_class2,-312.0,-325.0
27,conjunction_blocks,conj_grid,4,1,2,dist_class2,-206.0,-316.0
27,conjunction_blocks,conj_grid,4,1,3,targ_class2,-113.0,-315.0
27,conjunction_blocks,conj_grid,4,1,4,targ_class2,12.0,-311.0
27,conjunction_blocks,conj_grid,4,1,5,dist_class2,104.0,-343.0
27,conjunction_blocks,conj_grid,4,1,6,dist_class1,184.0,-329.0
27,conjunction_blocks,conj_grid,4,1,7,targ_class2,342.0,-333.0
27,conjunction_blocks,conj_grid,4,1,8,dist_class2,-328.0,-222.0
27,conjunction_blocks,conj_grid,4,1,9,targ_class1,-237.0,-206.0
27,conjunction_blocks,conj_grid,4,1,10,targ_class1,-91.0,-229.0
27,conjunction_blocks,conj_grid,4,1,11,dist_class2,3.0,-215.0
27,conjunction_blocks,conj_grid,4,1,12,dist_class2,106.0,-204.0
27,conjunction_blocks,conj_grid,4,1,13,targ_class1,224.0,-207.0
27,conjunction_blocks,conj_grid,4,1,14,dist_class1,348.0,-213.0
27,conjunction_blocks,conj_grid,4,1,15,dist_class2,-331.0,-89.0
27,conjunction_blocks,conj_grid,4,1,16,dist_class2,-230.0,-115.0
27,conjunction_blocks,conj_grid,4,1,17,dist_class1,-105.0,-114.0
27,conjunction_blocks,conj_grid,4,1,18,targ_class1,9.0,-109.0
27,conjunction_blocks,conj_grid,4,1,19,targ_class2,94.0,-106.0
27,conjunction_blocks,conj_grid,4,1,20,targ_class2,195.0,-125.0
27,conjunction_blocks,conj_grid,4,1,21,targ_class1,315.0,-115.0
27,conjunction_blocks,conj_grid,4,1,22,targ_class2,-321.0,3.0
27,conjunction_blocks,conj_grid,4,1,23,targ_class2,-221.0,13.0
27,conjunction_blocks,conj_grid,4,1,24,targ_class1,-100.0,12.0
27,conjunction_blocks,conj_grid,4,1,25,dist_class2,6.0,-4.0
27,conjunction_blocks,conj_grid,4,1,26,dist_class2,115.0,-2.0
27,conjunction_blocks,conj_grid,4,1,27,targ_class1,228.0,-1.0
27,conjunction_blocks,conj_grid,4,1,28,targ_class1,321.0,5.0
27,conjunction_blocks,conj_grid,4,1,29,targ_class1,-319.0,126.0
27,conjunction_blocks,conj_grid,4,1,30,targ_class2,-213.0,119.0
27,conjunction_blocks,conj_grid,4,1,31,dist_class1,-119.0,120.0
27,conjunction_blocks,conj_grid,4,1,32,dist_class1,-11.0,116.0
27,conjunction_blocks,conj_grid,4,1,33,targ_class1,100.0,100.0
27,conjunction_blocks,conj_grid,4,1,34,targ_class1,224.0,125.0
27,conjunction_blocks,conj_grid,4,1,35,dist_class1,323.0,118.0
27,conjunction_blocks,conj_grid,4,1,36,dist_class1,-327.0,215.0
27,conjunction_blocks,conj_grid,4,1,37,dist_class2,-211.0,205.0
27,conjunction_blocks,conj_grid,4,1,38,dist_class2,-105.0,216.0
27,conjunction_blocks,conj_grid,4,1,39,targ_class1,-1.0,210.0
27,conjunction_blocks,conj_grid,4,1,40,dist_class2,114.0,225.0
27,conjunction_blocks,conj_grid,4,1,41,dist_class1,227.0,213.0
27,conjunction_blocks,conj_grid,4,1,42,dist_class1,322.0,206.0
27,conjunction_blocks,conj_grid,4,1,43,dist_class2,-334.0,327.0
27,conjunction_blocks,conj_grid,4,1,44,targ_class2,-226.0,315.0
27,conjunction_blocks,conj_grid,4,1,45,dist_class1,-103.0,333.0
27,conjunction_blocks,conj_grid,4,1,46,dist_class1,3.0,321.0
27,conjunction_blocks,conj_grid,4,1,47,targ_class2,113.0,326.0
27,conjunction_blocks,conj_grid,4,1,48,dist_class1,214.0,343.0
27,conjunction_blocks,conj_grid,4,1,49,targ_class2,345.0,322.0
27,conjunction_blocks,conj_uni,0,1,1,targ_class1,-29.0,93.0
27,conjunction_blocks,conj_uni,0,1,2,dist_class2,10.0,139.0
27,conjunction_blocks,conj_uni,0,1,3,dist_class1,179.0,-216.0
27,conjunction_blocks,conj_uni,0,1,4,targ_class2,-197.0,-39.0
27,conjunction_blocks,conj_uni,0,1,5,dist_class1,313.0,-250.0
27,conjunction_blocks,conj_uni,0,1,6,dist_class2,363.0,-278.0
27,conjunction_blocks,conj_uni,0,1,7,dist_class2,-148.0,-178.0
27,conjunction_blocks,conj_uni,0,1,8,dist_class1,161.0,-36.0
27,conjunction_blocks,conj_uni,0,1,9,dist_class2,-238.0,67.0
27,conjunction_blocks,conj_uni,0,1,10,targ_class1,142.0,-151.0
27,conjunction_blocks,conj_uni,0,1,11,dist_class2,25.0,74.0
27,conjunction_blocks,conj_uni,0,1,12,dist_class1,53.0,-155.0
27,conjunction_blocks,conj_uni,0,1,13,targ_class1,-154.0,-107.0
27,conjunction_blocks,conj_uni,0,1,14,dist_class1,116.0,349.0
27,conjunction_blocks,conj_uni,0,1,15,targ_class1,288.0,-66.0
27,conjunction_blocks,conj_uni,0,1,16,dist_class1,345.0,79.0
27,conjunction_blocks,conj_uni,0,1,17,targ_class2,17.0,207.0
27,conjunction_blocks,conj_uni,0,1,18,dist_class2,-257.0,-89.0
27,conjunction_blocks,conj_uni,0,1,19,dist_class2,-36.0,-357.0
27,conjunction_blocks,conj_uni,0,1,20,targ_class2,-355.0,-325.0
27,conjunction_blocks,conj_uni,0,1,21,targ_class1,47.0,352.0
27,conjunction_blocks,conj_uni,0,1,22,dist_class2,211.0,313.0
27,conjunction_blocks,conj_uni,0,1,23,dist_class1,121.0,4.0
27,conjunction_blocks,conj_uni,0,1,24,dist_class2,189.0,-120.0
27,conjunction_blocks,conj_uni,0,1,25,dist_class2,20.0,-355.0
27,conjunction_blocks,conj_uni,0,1,26,dist_class1,179.0,16.0
27,conjunction_blocks,conj_uni,0,1,27,targ_class2,-317.0,-74.0
27,conjunction_blocks,conj_uni,0,1,28,targ_class2,-113.0,-67.0
27,conjunction_blocks,conj_uni,0,1,29,dist_class2,-195.0,117.0
27,conjunction_blocks,conj_uni,0,1,30,targ_class2,283.0,254.0
27,conjunction_blocks,conj_uni,0,1,31,targ_class2,-335.0,17.0
27,conjunction_blocks,conj_uni,0,1,32,dist_class2,-187.0,332.0
27,conjunction_blocks,conj_uni,0,1,33,targ_class1,-94.0,-157.0
27,conjunction_blocks,conj_uni,0,1,34,targ_class2,-278.0,114.0
27,conjunction_blocks,conj_uni,0,1,35,targ_class1,22.0,-91.0
27,conjunction_blocks,conj_uni,0,1,36,dist_class1,-271.0,19.0
27,conjunction_blocks,conj_uni,0,1,37,dist_class2,181.0,360.0
27,conjunction_blocks,conj_uni,0,1,38,dist_class1,291.0,199.0
27,conjunction_blocks,conj_uni,0,1,39,dist_class1,116.0,-69.0
27,conjunction_blocks,conj_uni,0,1,40,targ_class1,-7.0,337.0
27,conjunction_blocks,conj_uni,0,1,41,targ_class1,290.0,87.0
27,conjunction_blocks,conj_uni,0,1,42,targ_class1,-66.0,136.0
27,conjunction_blocks,conj_uni,0,1,43,dist_class1,263.0,39.0
27,conjunction_blocks,conj_uni,0,1,44,targ_class1,-304.0,64.0
27,conjunction_blocks,conj_uni,0,1,45,targ_class2,323.0,300.0
27,conjunction_blocks,conj_uni,0,1,46,targ_class1,99.0,-322.0
27,conjunction_blocks,conj_uni,0,1,47,targ_class2,248.0,-28.0
27,conjunction_blocks,conj_uni,0,1,48,targ_class2,207.0,-68.0
27,conjunction_blocks,conj_uni,0,1,49,targ_class2,-208.0,228.0
27,conjunction_blocks,conj_rot,0,1,1,targ_class2,-4.0,-461.0
27,conjunction_blocks,conj_rot,0,1,2,dist_class2,73.0,-378.0
27,conjunction_blocks,conj_rot,0,1,3,targ_class2,157.0,-300.0
27,conjunction_blocks,conj_rot,0,1,4,dist_class2,238.0,-241.0
27,conjunction_blocks,conj_rot,0,1,5,targ_class2,300.0,-164.0
27,conjunction_blocks,conj_rot,0,1,6,targ_class1,380.0,-71.0
27,conjunction_blocks,conj_rot,0,1,7,dist_class2,455.0,-10.0
27,conjunction_blocks,conj_rot,0,1,8,dist_class1,-61.0,-375.0
27,conjunction_blocks,conj_rot,0,1,9,targ_class1,-14.0,-321.0
27,conjunction_blocks,conj_rot,0,1,10,dist_class2,83.0,-223.0
27,conjunction_blocks,conj_rot,0,1,11,targ_class2,172.0,-154.0
27,conjunction_blocks,conj_rot,0,1,12,targ_class2,235.0,-71.0
27,conjunction_blocks,conj_rot,0,1,13,targ_class1,295.0,-4.0
27,conjunction_blocks,conj_rot,0,1,14,targ_class2,398.0,76.0
27,conjunction_blocks,conj_rot,0,1,15,dist_class1,-162.0,-304.0
27,conjunction_blocks,conj_rot,0,1,16,targ_class2,-80.0,-230.0
27,conjunction_blocks,conj_rot,0,1,17,dist_class1,7.0,-150.0
27,conjunction_blocks,conj_rot,0,1,18,dist_class2,71.0,-89.0
27,conjunction_blocks,conj_rot,0,1,19,dist_class2,148.0,8.0
27,conjunction_blocks,conj_rot,0,1,20,targ_class1,233.0,67.0
27,conjunction_blocks,conj_rot,0,1,21,dist_class2,308.0,165.0
27,conjunction_blocks,conj_rot,0,1,22,targ_class1,-241.0,-223.0
27,conjunction_blocks,conj_rot,0,1,23,dist_class2,-157.0,-146.0
27,conjunction_blocks,conj_rot,0,1,24,dist_class2,-67.0,-71.0
27,conjunction_blocks,conj_rot,0,1,25,dist_class2,-6.0,-7.0
27,conjunction_blocks,conj_rot,0,1,26,targ_class1,66.0,84.0
27,conjunction_blocks,conj_rot,0,1,27,targ_class1,177.0,167.0
27,conjunction_blocks,conj_rot,0,1,28,dist_class1,221.0,236.0
27,conjunction_blocks,conj_rot,0,1,29,dist_class1,-290.0,-145.0
27,conjunction_blocks,conj_rot,0,1,30,dist_class2,-238.0,-94.0
27,conjunction_blocks,conj_rot,0,1,31,dist_class1,-159.0,3.0
27,conjunction_blocks,conj_rot,0,1,32,dist_class1,-88.0,65.0
27,conjunction_blocks,conj_rot,0,1,33,targ_class1,-2.0,155.0
27,conjunction_blocks,conj_rot,0,1,34,targ_class1,61.0,222.0
27,conjunction_blocks,conj_rot,0,1,35,dist_class1,154.0,301.0
27,conjunction_blocks,conj_rot,0,1,36,dist_class2,-390.0,-77.0
27,conjunction_blocks,conj_rot,0,1,37,dist_class2,-303.0,-3.0
27,conjunction_blocks,conj_rot,0,1,38,targ_class2,-226.0,69.0
27,conjunction_blocks,conj_rot,0,1,39,targ_class1,-165.0,158.0
27,conjunction_blocks,conj_rot,0,1,40,targ_class2,-82.0,235.0
27,conjunction_blocks,conj_rot,0,1,41,dist_class1,-11.0,306.0
27,conjunction_blocks,conj_rot,0,1,42,dist_class1,77.0,396.0
27,conjunction_blocks,conj_rot,0,1,43,targ_class1,-472.0,-11.0
27,conjunction_blocks,conj_rot,0,1,44,targ_class2,-376.0,70.0
27,conjunction_blocks,conj_rot,0,1,45,targ_class2,-298.0,132.0
27,conjunction_blocks,conj_rot,0,1,46,dist_class1,-238.0,223.0
27,conjunction_blocks,conj_rot,0,1,47,targ_class1,-166.0,306.0
27,conjunction_blocks,conj_rot,0,1,48,targ_class2,-70.0,376.0
27,conjunction_blocks,conj_rot,0,1,49,dist_class1,2.0,460.0
27,conjunction_blocks,conj_uni,4,1,1,dist_class2,362.0,-305.0
27,conjunction_blocks,conj_uni,4,1,2,targ_class2,73.0,288.0
27,conjunction_blocks,conj_uni,4,1,3,dist_class2,-68.0,-357.0
27,conjunction_blocks,conj_uni,4,1,4,dist_class2,-256.0,308.0
27,conjunction_blocks,conj_uni,4,1,5,dist_class2,-171.0,342.0
27,conjunction_blocks,conj_uni,4,1,6,dist_class1,271.0,256.0
27,conjunction_blocks,conj_uni,4,1,7,dist_class2,-361.0,326.0
27,conjunction_blocks,conj_uni,4,1,8,dist_class1,-92.0,355.0
27,conjunction_blocks,conj_uni,4,1,9,dist_class1,-12.0,-237.0
27,conjunction_blocks,conj_uni,4,1,10,targ_class2,-257.0,27.0
27,conjunction_blocks,conj_uni,4,1,11,dist_class2,-171.0,-257.0
27,conjunction_blocks,conj_uni,4,1,12,targ_class1,-310.0,44.0
27,conjunction_blocks,conj_uni,4,1,13,targ_class1,-66.0,-39.0
27,conjunction_blocks,conj_uni,4,1,14,dist_class2,-36.0,29.0
27,conjunction_blocks,conj_uni,4,1,15,targ_class2,80.0,-185.0
27,conjunction_blocks,conj_uni,4,1,16,targ_class1,22.0,40.0
27,conjunction_blocks,conj_uni,4,1,17,dist_class1,174.0,199.0
27,conjunction_blocks,conj_uni,4,1,18,dist_class1,314.0,-45.0
27,conjunction_blocks,conj_uni,4,1,19,targ_class2,-11.0,-152.0
27,conjunction_blocks,conj_uni,4,1,20,targ_class1,-58.0,-271.0
27,conjunction_blocks,conj_uni,4,1,21,targ_class1,25.0,-196.0
27,conjunction_blocks,conj_uni,4,1,22,targ_class1,-202.0,-92.0
27,conjunction_blocks,conj_uni,4,1,23,dist_class1,112.0,-105.0
27,conjunction_blocks,conj_uni,4,1,24,targ_class2,193.0,-213.0
27,conjunction_blocks,conj_uni,4,1,25,dist_class2,-350.0,119.0
27,conjunction_blocks,conj_uni,4,1,26,dist_class1,-146.0,-98.0
27,conjunction_blocks,conj_uni,4,1,27,targ_class2,17.0,247.0
27,conjunction_blocks,conj_uni,4,1,28,dist_class2,230.0,294.0
27,conjunction_blocks,conj_uni,4,1,29,targ_class2,-164.0,-158.0
27,conjunction_blocks,conj_uni,4,1,30,dist_class2,-248.0,-284.0
27,conjunction_blocks,conj_uni,4,1,31,dist_class1,259.0,-34.0
27,conjunction_blocks,conj_uni,4,1,32,targ_class2,139.0,-190.0
27,conjunction_blocks,conj_uni,4,1,33,dist_class1,-281.0,384.0
27,conjunction_blocks,conj_uni,4,1,34,targ_class1,-249.0,189.0
27,conjunction_blocks,conj_uni,4,1,35,dist_class2,206.0,-53.0
27,conjunction_blocks,conj_uni,4,1,36,dist_class2,-351.0,-259.0
27,conjunction_blocks,conj_uni,4,1,37,targ_class1,347.0,-250.0
27,conjunction_blocks,conj_uni,4,1,38,targ_class1,133.0,-352.0
27,conjunction_blocks,conj_uni,4,1,39,targ_class1,-63.0,-172.0
27,conjunction_blocks,conj_uni,4,1,40,targ_class1,-232.0,78.0
27,conjunction_blocks,conj_uni,4,1,41,targ_class2,-296.0,-102.0
27,conjunction_blocks,conj_uni,4,1,42,targ_class1,80.0,88.0
27,conjunction_blocks,conj_uni,4,1,43,dist_class1,-309.0,-323.0
27,conjunction_blocks,conj_uni,4,1,44,dist_class2,-306.0,334.0
27,conjunction_blocks,conj_uni,4,1,45,targ_class2,-151.0,-43.0
27,conjunction_blocks,conj_uni,4,1,46,dist_class1,-92.0,40.0
27,conjunction_blocks,conj_uni,4,1,47,targ_class2,-111.0,-141.0
27,conjunction_blocks,conj_uni,4,1,48,dist_class1,232.0,-171.0
27,conjunction_blocks,conj_uni,4,1,49,targ_class2,221.0,-281.0
27,conjunction_blocks,conj_rot,2,1,1,targ_class1,-7.0,-468.0
27,conjunction_blocks,conj_rot,2,1,2,targ_class1,81.0,-372.0
27,conjunction_blocks,conj_rot,2,1,3,targ_class2,144.0,-301.0
27,conjunction_blocks,conj_rot,2,1,4,dist_class1,235.0,-218.0
27,conjunction_blocks,conj_rot,2,1,5,targ_class1,317.0,-157.0
27,conjunction_blocks,conj_rot,2,1,6,dist_class1,379.0,-92.0
27,conjunction_blocks,conj_rot,2,1,7,dist_class2,473.0,1.0
27,conjunction_blocks,conj_rot,2,1,8,targ_class2,-95.0,-379.0
27,conjunction_blocks,conj_rot,2,1,9,targ_class1,3.0,-312.0
27,conjunction_blocks,conj_rot,2,1,10,dist_class1,72.0,-243.0
27,conjunction_blocks,conj_rot,2,1,11,dist_class2,152.0,-160.0
27,conjunction_blocks,conj_rot,2,1,12,dist_class2,218.0,-78.0
27,conjunction_blocks,conj_rot,2,1,13,dist_class1,311.0,-2.0
27,conjunction_blocks,conj_rot,2,1,14,dist_class2,379.0,89.0
27,conjunction_blocks,conj_rot,2,1,15,dist_class2,-140.0,-309.0
27,conjunction_blocks,conj_rot,2,1,16,targ_class1,-81.0,-226.0
27,conjunction_blocks,conj_rot,2,1,17,dist_class1,5.0,-178.0
27,conjunction_blocks,conj_rot,2,1,18,dist_class1,82.0,-74.0
27,conjunction_blocks,conj_rot,2,1,19,dist_class2,146.0,-3.0
27,conjunction_blocks,conj_rot,2,1,20,dist_class2,232.0,79.0
27,conjunction_blocks,conj_rot,2,1,21,targ_class2,316.0,151.0
27,conjunction_blocks,conj_rot,2,1,22,dist_class2,-203.0,-228.0
27,conjunction_blocks,conj_rot,2,1,23,targ_class1,-151.0,-156.0
27,conjunction_blocks,conj_rot,2,1,24,dist_class2,-79.0,-85.0
27,conjunction_blocks,conj_rot,2,1,25,dist_class1,-16.0,-7.0
27,conjunction_blocks,conj_rot,2,1,26,targ_class2,71.0,72.0
27,conjunction_blocks,conj_rot,2,1,27,targ_class2,144.0,136.0
27,conjunction_blocks,conj_rot,2,1,28,targ_class1,222.0,230.0
27,conjunction_blocks,conj_rot,2,1,29,dist_class2,-300.0,-167.0
27,conjunction_blocks,conj_rot,2,1,30,dist_class2,-239.0,-86.0
27,conjunction_blocks,conj_rot,2,1,31,targ_class2,-158.0,-4.0
27,conjunction_blocks,conj_rot,2,1,32,dist_class2,-89.0,78.0
27,conjunction_blocks,conj_rot,2,1,33,targ_class2,-3.0,154.0
27,conjunction_blocks,conj_rot,2,1,34,targ_class1,72.0,221.0
27,conjunction_blocks,conj_rot,2,1,35,dist_class1,157.0,317.0
27,conjunction_blocks,conj_rot,2,1,36,targ_class1,-401.0,-63.0
27,conjunction_blocks,conj_rot,2,1,37,targ_class1,-313.0,15.0
27,conjunction_blocks,conj_rot,2,1,38,targ_class2,-213.0,74.0
27,conjunction_blocks,conj_rot,2,1,39,dist_class1,-162.0,149.0
27,conjunction_blocks,conj_rot,2,1,40,targ_class2,-74.0,229.0
27,conjunction_blocks,conj_rot,2,1,41,dist_class1,6.0,323.0
27,conjunction_blocks,conj_rot,2,1,42,dist_class2,79.0,362.0
27,conjunction_blocks,conj_rot,2,1,43,targ_class2,-465.0,-18.0
27,conjunction_blocks,conj_rot,2,1,44,targ_class1,-380.0,86.0
27,conjunction_blocks,conj_rot,2,1,45,targ_class2,-327.0,154.0
27,conjunction_blocks,conj_rot,2,1,46,dist_class1,-230.0,225.0
27,conjunction_blocks,conj_rot,2,1,47,dist_class1,-159.0,292.0
27,conjunction_blocks,conj_rot,2,1,48,targ_class1,-78.0,381.0
27,conjunction_blocks,conj_rot,2,1,49,targ_class2,-12.0,479.0
27,prac_feat,feat_grid,0,1,1,dist_class2,-346.0,-315.0
27,prac_feat,feat_grid,0,1,2,dist_class1,-222.0,-305.0
27,prac_feat,feat_grid,0,1,3,dist_class1,-119.0,-331.0
27,prac_feat,feat_grid,0,1,4,dist_class2,-6.0,-317.0
27,prac_feat,feat_grid,0,1,5,targ_class1,92.0,-323.0
27,prac_feat,feat_grid,0,1,6,dist_class2,214.0,-318.0
27,prac_feat,feat_grid,0,1,7,dist_class2,316.0,-322.0
27,prac_feat,feat_grid,0,1,8,dist_class1,-307.0,-212.0
27,prac_feat,feat_grid,0,1,9,dist_class2,-219.0,-209.0
27,prac_feat,feat_grid,0,1,10,targ_class2,-121.0,-214.0
27,prac_feat,feat_grid,0,1,11,dist_class1,-2.0,-207.0
27,prac_feat,feat_grid,0,1,12,dist_class1,104.0,-219.0
27,prac_feat,feat_grid,0,1,13,targ_class1,216.0,-214.0
27,prac_feat,feat_grid,0,1,14,dist_class1,325.0,-204.0
27,prac_feat,feat_grid,0,1,15,targ_class2,-319.0,-97.0
27,prac_feat,feat_grid,0,1,16,targ_class2,-236.0,-115.0
27,prac_feat,feat_grid,0,1,17,targ_class2,-106.0,-109.0
27,prac_feat,feat_grid,0,1,18,targ_class2,8.0,-92.0
27,prac_feat,feat_grid,0,1,19,dist_class2,122.0,-112.0
27,prac_feat,feat_grid,0,1,20,targ_class2,229.0,-97.0
27,prac_feat,feat_grid,0,1,21,targ_class1,336.0,-104.0
27,prac_feat,feat_grid,0,1,22,dist_class2,-312.0,4.0
27,prac_feat,feat_grid,0,1,23,targ_class1,-198.0,9.0
27,prac_feat,feat_grid,0,1,24,targ_class1,-113.0,-7.0
27,prac_feat,feat_grid,0,1,25,targ_class1,12.0,7.0
27,prac_feat,feat_grid,0,1,26,targ_class1,107.0,2.0
27,prac_feat,feat_grid,0,1,27,targ_class2,210.0,-4.0
27,prac_feat,feat_grid,0,1,28,dist_class1,318.0,-7.0
27,prac_feat,feat_grid,0,1,29,dist_class2,-325.0,114.0
27,prac_feat,feat_grid,0,1,30,targ_class2,-213.0,124.0
27,prac_feat,feat_grid,0,1,31,dist_class1,-101.0,95.0
27,prac_feat,feat_grid,0,1,32,targ_class2,14.0,131.0
27,prac_feat,feat_grid,0,1,33,targ_class1,111.0,110.0
27,prac_feat,feat_grid,0,1,34,dist_class1,211.0,98.0
27,prac_feat,feat_grid,0,1,35,dist_class2,322.0,102.0
27,prac_feat,feat_grid,0,1,36,dist_class2,-326.0,216.0
27,prac_feat,feat_grid,0,1,37,dist_class1,-227.0,230.0
27,prac_feat,feat_grid,0,1,38,dist_class1,-112.0,226.0
27,prac_feat,feat_grid,0,1,39,targ_class2,12.0,238.0
27,prac_feat,feat_grid,0,1,40,dist_class2,105.0,204.0
27,prac_feat,feat_grid,0,1,41,targ_class2,219.0,219.0
27,prac_feat,feat_grid,0,1,42,targ_class1,332.0,228.0
27,prac_feat,feat_grid,0,1,43,dist_class2,-313.0,327.0
27,prac_feat,feat_grid,0,1,44,targ_class2,-234.0,315.0
27,prac_feat,feat_grid,0,1,45,targ_class1,-94.0,333.0
27,prac_feat,feat_grid,0,1,46,dist_class1,-6.0,346.0
27,prac_feat,feat_grid,0,1,47,dist_class2,111.0,330.0
27,prac_feat,feat_grid,0,1,48,targ_class1,223.0,313.0
27,prac_feat,feat_grid,0,1,49,targ_class1,309.0,328.0
27,prac_feat,feat_grid,1,1,1,targ_class2,-339.0,-338.0
27,prac_feat,feat_grid,1,1,2,dist_class1,-214.0,-330.0
27,prac_feat,feat_grid,1,1,3,targ_class1,-91.0,-338.0
27,prac_feat,feat_grid,1,1,4,targ_class1,6.0,-313.0
27,prac_feat,feat_grid,1,1,5,dist_class2,104.0,-325.0
27,prac_feat,feat_grid,1,1,6,dist_class1,212.0,-332.0
27,prac_feat,feat_grid,1,1,7,dist_class2,300.0,-320.0
27,prac_feat,feat_grid,1,1,8,dist_class1,-322.0,-240.0
27,prac_feat,feat_grid,1,1,9,dist_class2,-219.0,-211.0
27,prac_feat,feat_grid,1,1,10,dist_class1,-127.0,-215.0
27,prac_feat,feat_grid,1,1,11,dist_class2,18.0,-221.0
27,prac_feat,feat_grid,1,1,12,dist_class1,112.0,-214.0
27,prac_feat,feat_grid,1,1,13,targ_class2,214.0,-208.0
27,prac_feat,feat_grid,1,1,14,dist_class2,326.0,-235.0
27,prac_feat,feat_grid,1,1,15,targ_class2,-330.0,-108.0
27,prac_feat,feat_grid,1,1,16,dist_class1,-203.0,-111.0
27,prac_feat,feat_grid,1,1,17,targ_class2,-107.0,-91.0
27,prac_feat,feat_grid,1,1,18,dist_class2,-8.0,-93.0
27,prac_feat,feat_grid,1,1,19,targ_class2,101.0,-102.0
27,prac_feat,feat_grid,1,1,20,targ_class1,236.0,-109.0
27,prac_feat,feat_grid,1,1,21,dist_class1,320.0,-92.0
27,prac_feat,feat_grid,1,1,22,targ_class1,-327.0,-19.0
27,prac_feat,feat_grid,1,1,23,targ_class2,-217.0,-16.0
27,prac_feat,feat_grid,1,1,24,targ_class2,-101.0,-10.0
27,prac_feat,feat_grid,1,1,25,targ_class1,18.0,-23.0
27,prac_feat,feat_grid,1,1,26,dist_class1,99.0,-4.0
27,prac_feat,feat_grid,1,1,27,targ_class1,216.0,-7.0
27,prac_feat,feat_grid,1,1,28,targ_class2,341.0,3.0
27,prac_feat,feat_grid,1,1,29,dist_class1,-337.0,105.0
27,prac_feat,feat_grid,1,1,30,dist_class2,-212.0,108.0
27,prac_feat,feat_grid,1,1,31,dist_class2,-99.0,109.0
27,prac_feat,feat_grid,1,1,32,targ_class1,-2.0,110.0
27,prac_feat,feat_grid,1,1,33,dist_class2,100.0,113.0
27,prac_feat,feat_grid,1,1,34,targ_class1,235.0,119.0
27,prac_feat,feat_grid,1,1,35,targ_class2,331.0,106.0
27,prac_feat,feat_grid,1,1,36,targ_class1,-336.0,233.0
27,prac_feat,feat_grid,1,1,37,dist_class2,-216.0,213.0
27,prac_feat,feat_grid,1,1,38,dist_class1,-112.0,216.0
27,prac_feat,feat_grid,1,1,39,dist_class2,7.0,214.0
27,prac_feat,feat_grid,1,1,40,targ_class2,103.0,236.0
27,prac_feat,feat_grid,1,1,41,dist_class1,207.0,216.0
27,prac_feat,feat_grid,1,1,42,dist_class2,340.0,213.0
27,prac_feat,feat_grid,1,1,43,targ_class1,-325.0,318.0
27,prac_feat,feat_grid,1,1,44,targ_class2,-218.0,317.0
27,prac_feat,feat_grid,1,1,45,dist_class2,-101.0,304.0
27,prac_feat,feat_grid,1,1,46,targ_class1,-4.0,327.0
27,prac_feat,feat_grid,1,1,47,targ_class2,91.0,314.0
27,prac_feat,feat_grid,1,1,48,dist_class1,227.0,327.0
27,prac_feat,feat_grid,1,1,49,targ_class1,347.0,322.0
27,prac_feat,feat_grid,1,2,1,dist_class1,-314.0,-305.0
27,prac_feat,feat_grid,1,2,2,dist_class1,-202.0,-329.0
27,prac_feat,feat_grid,1,2,3,dist_class2,-106.0,-326.0
27,prac_feat,feat_grid,1,2,4,dist_class2,-22.0,-310.0
27,prac_feat,feat_grid,1,2,5,dist_class2,101.0,-309.0
27,prac_feat,feat_grid,1,2,6,targ_class2,205.0,-326.0
27,prac_feat,feat_grid,1,2,7,targ_class2,314.0,-317.0
27,prac_feat,feat_grid,1,2,8,targ_class1,-328.0,-217.0
27,prac_feat,feat_grid,1,2,9,targ_class1,-210.0,-216.0
27,prac_feat,feat_grid,1,2,10,dist_class2,-114.0,-204.0
27,prac_feat,feat_grid,1,2,11,targ_class2,3.0,-229.0
27,prac_feat,feat_grid,1,2,12,targ_class1,110.0,-206.0
27,prac_feat,feat_grid,1,2,13,dist_class1,200.0,-232.0
27,prac_feat,feat_grid,1,2,14,dist_class2,331.0,-219.0
27,prac_feat,feat_grid,1,2,15,targ_class2,-306.0,-118.0
27,prac_feat,feat_grid,1,2,16,dist_class1,-205.0,-111.0
27,prac_feat,feat_grid,1,2,17,dist_class1,-95.0,-111.0
27,prac_feat,feat_grid,1,2,18,targ_class1,-10.0,-99.0
27,prac_feat,feat_grid,1,2,19,dist_class1,84.0,-114.0
27,prac_feat,feat_grid,1,2,20,dist_class2,216.0,-103.0
27,prac_feat,feat_grid,1,2,21,targ_class2,329.0,-117.0
27,prac_feat,feat_grid,1,2,22,dist_class2,-346.0,-2.0
27,prac_feat,feat_grid,1,2,23,targ_class1,-229.0,1.0
27,prac_feat,feat_grid,1,2,24,targ_class1,-114.0,-15.0
27,prac_feat,feat_grid,1,2,25,dist_class2,-5.0,-4.0
27,prac_feat,feat_grid,1,2,26,dist_class2,90.0,-2.0
27,prac_feat,feat_grid,1,2,27,dist_class1,214.0,11.0
27,prac_feat,feat_grid,1,2,28,targ_class2,314.0,-1.0
27,prac_feat,feat_grid,1,2,29,targ_class2,-318.0,103.0
27,prac_feat,feat_grid,1,2,30,targ_class2,-213.0,111.0
27,prac_feat,feat_grid,1,2,31,targ_class2,-111.0,105.0
27,prac_feat,feat_grid,1,2,32,targ_class1,1.0,122.0
27,prac_feat,feat_grid,1,2,33,dist_class2,93.0,130.0
27,prac_feat,feat_grid,1,2,34,targ_class1,206.0,105.0
27,prac_feat,feat_grid,1,2,35,targ_class2,344.0,107.0
27,prac_feat,feat_grid,1,2,36,dist_class2,-308.0,218.0
27,prac_feat,feat_grid,1,2,37,dist_class2,-216.0,216.0
27,prac_feat,feat_grid,1,2,38,targ_class1,-123.0,216.0
27,prac_feat,feat_grid,1,2,39,targ_class2,-14.0,200.0
27,prac_feat,feat_grid,1,2,40,targ_class1,103.0,196.0
27,prac_feat,feat_grid,1,2,41,dist_class1,214.0,212.0
27,prac_feat,feat_grid,1,2,42,dist_class1,312.0,230.0
27,prac_feat,feat_grid,1,2,43,targ_class1,-336.0,322.0
27,prac_feat,feat_grid,1,2,44,dist_class1,-210.0,301.0
27,prac_feat,feat_grid,1,2,45,targ_class1,-104.0,317.0
27,prac_feat,feat_grid,1,2,46,targ_class2,-1.0,307.0
27,prac_feat,feat_grid,1,2,47,dist_class1,107.0,321.0
27,prac_feat,feat_grid,1,2,48,dist_class2,217.0,321.0
27,prac_feat,feat_grid,1,2,49,dist_class1,333.0,321.0
27,feature_blocks,feat_rot,2,1,1,dist_class2,2.0,-443.0
27,feature_blocks,feat_rot,2,1,2,dist_class1,75.0,-378.0
27,feature_blocks,feat_rot,2,1,3,dist_class2,152.0,-318.0
27,feature_blocks,feat_rot,2,1,4,dist_class2,229.0,-229.0
27,feature_blocks,feat_rot,2,1,5,targ_class2,302.0,-158.0
27,feature_blocks,feat_rot,2,1,6,targ_class1,384.0,-70.0
27,feature_blocks,feat_rot,2,1,7,dist_class2,446.0,11.0
27,feature_blocks,feat_rot,2,1,8,dist_class2,-92.0,-389.0
27,feature_blocks,feat_rot,2,1,9,dist_class1,4.0,-317.0
27,feature_blocks,feat_rot,2,1,10,dist_class1,83.0,-223.0
27,feature_blocks,feat_rot,2,1,11,targ_class2,152.0,-159.0
27,feature_blocks,feat_rot,2,1,12,targ_class2,228.0,-55.0
27,feature_blocks,feat_rot,2,1,13,targ_class1,308.0,5.0
27,feature_blocks,feat_rot,2,1,14,dist_class2,377.0,82.0
27,feature_blocks,feat_rot,2,1,15,targ_class2,-150.0,-297.0
27,feature_blocks,feat_rot,2,1,16,dist_class1,-85.0,-218.0
27,feature_blocks,feat_rot,2,1,17,targ_class2,-3.0,-170.0
27,feature_blocks,feat_rot,2,1,18,dist_class1,67.0,-85.0
27,feature_blocks,feat_rot,2,1,19,targ_class1,157.0,-1.0
27,feature_blocks,feat_rot,2,1,20,targ_class2,235.0,64.0
27,feature_blocks,feat_rot,2,1,21,dist_class1,308.0,144.0
27,feature_blocks,feat_rot,2,1,22,dist_class1,-241.0,-229.0
27,feature_blocks,feat_rot,2,1,23,targ_class2,-156.0,-171.0
27,feature_blocks,feat_rot,2,1,24,dist_class2,-76.0,-72.0
27,feature_blocks,feat_rot,2,1,25,targ_class1,12.0,5.0
27,feature_blocks,feat_rot,2,1,26,dist_class2,75.0,66.0
27,feature_blocks,feat_rot,2,1,27,targ_class1,170.0,150.0
27,feature_blocks,feat_rot,2,1,28,targ_class1,234.0,228.0
27,feature_blocks,feat_rot,2,1,29,targ_class1,-305.0,-137.0
27,feature_blocks,feat_rot,2,1,30,dist_class2,-223.0,-65.0
27,feature_blocks,feat_rot,2,1,31,targ_class1,-157.0,6.0
27,feature_blocks,feat_rot,2,1,32,targ_class2,-60.0,84.0
27,feature_blocks,feat_rot,2,1,33,targ_class2,-2.0,146.0
27,feature_blocks,feat_rot,2,1,34,targ_class2,89.0,226.0
27,feature_blocks,feat_rot,2,1,35,dist_class1,176.0,289.0
27,feature_blocks,feat_rot,2,1,36,targ_class2,-386.0,-75.0
27,feature_blocks,feat_rot,2,1,37,targ_class2,-311.0,-10.0
27,feature_blocks,feat_rot,2,1,38,dist_class2,-231.0,80.0
27,feature_blocks,feat_rot,2,1,39,dist_class2,-166.0,153.0
27,feature_blocks,feat_rot,2,1,40,dist_class1,-82.0,230.0
27,feature_blocks,feat_rot,2,1,41,targ_class1,3.0,310.0
27,feature_blocks,feat_rot,2,1,42,dist_class1,81.0,389.0
27,feature_blocks,feat_rot,2,1,43,targ_class1,-471.0,-19.0
27,feature_blocks,feat_rot,2,1,44,targ_class1,-376.0,67.0
27,feature_blocks,feat_rot,2,1,45,dist_class1,-317.0,158.0
27,feature_blocks,feat_rot,2,1,46,targ_class1,-232.0,224.0
27,feature_blocks,feat_rot,2,1,47,dist_class2,-144.0,290.0
27,feature_blocks,feat_rot,2,1,48,dist_class1,-69.0,386.0
27,feature_blocks,feat_rot,2,1,49,dist_class2,10.0,472.0
27,feature_blocks,feat_uni,1,1,1,dist_class2,-27.0,-23.0
27,feature_blocks,feat_uni,1,1,2,dist_class2,-222.0,-3.0
27,feature_blocks,feat_uni,1,1,3,targ_class1,192.0,-23.0
27,feature_blocks,feat_uni,1,1,4,dist_class1,-79.0,-41.0
27,feature_blocks,feat_uni,1,1,5,dist_class1,224.0,54.0
27,feature_blocks,feat_uni,1,1,6,targ_class1,236.0,-270.0
27,feature_blocks,feat_uni,1,1,7,targ_class2,-268.0,-174.0
27,feature_blocks,feat_uni,1,1,8,targ_class2,-180.0,-195.0
27,feature_blocks,feat_uni,1,1,9,targ_class1,96.0,37.0
27,feature_blocks,feat_uni,1,1,10,targ_class1,-157.0,-72.0
27,feature_blocks,feat_uni,1,1,11,targ_class2,224.0,231.0
27,feature_blocks,feat_uni,1,1,12,targ_class2,-97.0,278.0
27,feature_blocks,feat_uni,1,1,13,dist_class1,-147.0,255.0
27,feature_blocks,feat_uni,1,1,14,targ_class2,-13.0,270.0
27,feature_blocks,feat_uni,1,1,15,targ_class1,173.0,-112.0
27,feature_blocks,feat_uni,1,1,16,targ_class2,-306.0,283.0
27,feature_blocks,feat_uni,1,1,17,dist_class2,167.0,236.0
27,feature_blocks,feat_uni,1,1,18,targ_class2,-172.0,-300.0
27,feature_blocks,feat_uni,1,1,19,dist_class1,-220.0,-72.0
27,feature_blocks,feat_uni,1,1,20,dist_class2,270.0,-314.0
27,feature_blocks,feat_uni,1,1,21,targ_class1,72.0,-250.0
27,feature_blocks,feat_uni,1,1,22,targ_class2,-124.0,121.0
27,feature_blocks,feat_uni,1,1,23,dist_class1,-279.0,233.0
27,feature_blocks,feat_uni,1,1,24,dist_class2,-79.0,156.0
27,feature_blocks,feat_uni,1,1,25,targ_class2,194.0,-231.0
27,feature_blocks,feat_uni,1,1,26,dist_class2,329.0,-3.0
27,feature_blocks,feat_uni,1,1,27,dist_class1,322.0,297.0
27,feature_blocks,feat_uni,1,1,28,dist_class2,120.0,-14.0
27,feature_blocks,feat_uni,1,1,29,targ_class1,80.0,-53.0
27,feature_blocks,feat_uni,1,1,30,targ_class2,148.0,-63.0
27,feature_blocks,feat_uni,1,1,31,targ_class1,-118.0,-353.0
27,feature_blocks,feat_uni,1,1,32,dist_class1,-10.0,-304.0
27,feature_blocks,feat_uni,1,1,33,dist_class2,-138.0,-233.0
27,feature_blocks,feat_uni,1,1,34,dist_class1,-31.0,-251.0
27,feature_blocks,feat_uni,1,1,35,dist_class1,-203.0,-248.0
27,feature_blocks,feat_uni,1,1,36,dist_class1,-127.0,-11.0
27,feature_blocks,feat_uni,1,1,37,targ_class2,153.0,31.0
27,feature_blocks,feat_uni,1,1,38,dist_class1,25.0,122.0
27,feature_blocks,feat_uni,1,1,39,dist_class2,51.0,1.0
27,feature_blocks,feat_uni,1,1,40,targ_class1,173.0,341.0
27,feature_blocks,feat_uni,1,1,41,targ_class1,29.0,178.0
27,feature_blocks,feat_uni,1,1,42,dist_class2,23.0,-47.0
27,feature_blocks,feat_uni,1,1,43,targ_class1,-21.0,202.0
27,feature_blocks,feat_uni,1,1,44,targ_class1,299.0,-51.0
27,feature_blocks,feat_uni,1,1,45,dist_class2,-168.0,156.0
27,feature_blocks,feat_uni,1,1,46,targ_class2,-240.0,-345.0
27,feature_blocks,feat_uni,1,1,47,dist_class2,287.0,54.0
27,feature_blocks,feat_uni,1,1,48,dist_class2,139.0,-234.0
27,feature_blocks,feat_uni,1,1,49,dist_class1,-71.0,228.0
27,feature_blocks,feat_rot,4,1,1,dist_class1,10.0,-452.0
27,feature_blocks,feat_rot,4,1,2,dist_class1,72.0,-390.0
27,feature_blocks,feat_rot,4,1,3,dist_class2,172.0,-306.0
27,feature_blocks,feat_rot,4,1,4,targ_class2,233.0,-217.0
27,feature_blocks,feat_rot,4,1,5,targ_class1,301.0,-159.0
27,feature_blocks,feat_rot,4,1,6,dist_class2,381.0,-78.0
27,feature_blocks,feat_rot,4,1,7,dist_class1,443.0,-18.0
27,feature_blocks,feat_rot,4,1,8,targ_class1,-79.0,-377.0
27,feature_blocks,feat_rot,4,1,9,targ_class2,-9.0,-297.0
27,feature_blocks,feat_rot,4,1,10,targ_class2,80.0,-219.0
27,feature_blocks,feat_rot,4,1,11,dist_class1,165.0,-156.0
27,feature_blocks,feat_rot,4,1,12,dist_class2,239.0,-74.0
27,feature_blocks,feat_rot,4,1,13,targ_class1,311.0,18.0
27,feature_blocks,feat_rot,4,1,14,dist_class2,375.0,88.0
27,feature_blocks,feat_rot,4,1,15,targ_class1,-145.0,-302.0
27,feature_blocks,feat_rot,4,1,16,dist_class2,-75.0,-237.0
27,feature_blocks,feat_rot,4,1,17,dist_class1,-12.0,-145.0
27,feature_blocks,feat_rot,4,1,18,dist_class1,82.0,-85.0
27,feature_blocks,feat_rot,4,1,19,dist_class1,156.0,12.0
27,feature_blocks,feat_rot,4,1,20,targ_class2,217.0,70.0
27,feature_blocks,feat_rot,4,1,21,targ_class1,309.0,156.0
27,feature_blocks,feat_rot,4,1,22,dist_class1,-237.0,-247.0
27,feature_blocks,feat_rot,4,1,23,dist_class2,-164.0,-141.0
27,feature_blocks,feat_rot,4,1,24,dist_class1,-78.0,-74.0
27,feature_blocks,feat_rot,4,1,25,targ_class1,11.0,-17.0
27,feature_blocks,feat_rot,4,1,26,targ_class2,82.0,74.0
27,feature_blocks,feat_rot,4,1,27,targ_class2,157.0,143.0
27,feature_blocks,feat_rot,4,1,28,dist_class2,227.0,252.0
27,feature_blocks,feat_rot,4,1,29,dist_class2,-291.0,-152.0
27,feature_blocks,feat_rot,4,1,30,targ_class2,-237.0,-69.0
27,feature_blocks,feat_rot,4,1,31,dist_class2,-165.0,9.0
27,feature_blocks,feat_rot,4,1,32,targ_class1,-63.0,77.0
27,feature_blocks,feat_rot,4,1,33,targ_class1,-2.0,157.0
27,feature_blocks,feat_rot,4,1,34,dist_class1,80.0,225.0
27,feature_blocks,feat_rot,4,1,35,dist_class2,138.0,284.0
27,feature_blocks,feat_rot,4,1,36,targ_class2,-384.0,-92.0
27,feature_blocks,feat_rot,4,1,37,dist_class1,-306.0,14.0
27,feature_blocks,feat_rot,4,1,38,targ_class1,-230.0,78.0
27,feature_blocks,feat_rot,4,1,39,targ_class2,-130.0,154.0
27,feature_blocks,feat_rot,4,1,40,targ_class2,-92.0,236.0
27,feature_blocks,feat_rot,4,1,41,targ_class1,-5.0,305.0
27,feature_blocks,feat_rot,4,1,42,targ_class1,74.0,377.0
27,feature_blocks,feat_rot,4,1,43,targ_class2,-455.0,-9.0
27,feature_blocks,feat_rot,4,1,44,dist_class2,-403.0,65.0
27,feature_blocks,feat_rot,4,1,45,dist_class2,-285.0,145.0
27,feature_blocks,feat_rot,4,1,46,targ_class1,-228.0,232.0
27,feature_blocks,feat_rot,4,1,47,dist_class2,-148.0,317.0
27,feature_blocks,feat_rot,4,1,48,targ_class2,-73.0,383.0
27,feature_blocks,feat_rot,4,1,49,dist_class1,2.0,456.0
27,feature_blocks,feat_grid,2,1,1,targ_class1,-311.0,-339.0
27,feature_blocks,feat_grid,2,1,2,dist_class1,-206.0,-329.0
27,feature_blocks,feat_grid,2,1,3,targ_class1,-128.0,-308.0
27,feature_blocks,feat_grid,2,1,4,dist_class2,-11.0,-339.0
27,feature_blocks,feat_grid,2,1,5,targ_class2,99.0,-325.0
27,feature_blocks,feat_grid,2,1,6,targ_class1,210.0,-330.0
27,feature_blocks,feat_grid,2,1,7,targ_class1,315.0,-324.0
27,feature_blocks,feat_grid,2,1,8,targ_class1,-312.0,-224.0
27,feature_blocks,feat_grid,2,1,9,targ_class1,-220.0,-208.0
27,feature_blocks,feat_grid,2,1,10,dist_class1,-111.0,-223.0
27,feature_blocks,feat_grid,2,1,11,dist_class1,-9.0,-227.0
27,feature_blocks,feat_grid,2,1,12,dist_class2,94.0,-222.0
27,feature_blocks,feat_grid,2,1,13,dist_class1,206.0,-230.0
27,feature_blocks,feat_grid,2,1,14,dist_class2,330.0,-223.0
27,feature_blocks,feat_grid,2,1,15,dist_class2,-322.0,-111.0
27,feature_blocks,feat_grid,2,1,16,targ_class1,-221.0,-94.0
27,feature_blocks,feat_grid,2,1,17,targ_class2,-96.0,-100.0
27,feature_blocks,feat_grid,2,1,18,dist_class2,-2.0,-100.0
27,feature_blocks,feat_grid,2,1,19,targ_class2,120.0,-109.0
27,feature_blocks,feat_grid,2,1,20,targ_class2,203.0,-99.0
27,feature_blocks,feat_grid,2,1,21,dist_class2,333.0,-111.0
27,feature_blocks,feat_grid,2,1,22,dist_class2,-303.0,-5.0
27,feature_blocks,feat_grid,2,1,23,dist_class2,-220.0,14.0
27,feature_blocks,feat_grid,2,1,24,targ_class1,-111.0,-1.0
27,feature_blocks,feat_grid,2,1,25,targ_class2,-9.0,15.0
27,feature_blocks,feat_grid,2,1,26,targ_class2,123.0,-8.0
27,feature_blocks,feat_grid,2,1,27,targ_class1,201.0,-0.0
27,feature_blocks,feat_grid,2,1,28,targ_class2,323.0,0.0
27,feature_blocks,feat_grid,2,1,29,targ_class1,-316.0,95.0
27,feature_blocks,feat_grid,2,1,30,dist_class2,-219.0,98.0
27,feature_blocks,feat_grid,2,1,31,targ_class1,-109.0,127.0
27,feature_blocks,feat_grid,2,1,32,dist_class2,-14.0,114.0
27,feature_blocks,feat_grid,2,1,33,dist_class1,98.0,105.0
27,feature_blocks,feat_grid,2,1,34,dist_class2,211.0,106.0
27,feature_blocks,feat_grid,2,1,35,dist_class2,318.0,99.0
27,feature_blocks,feat_grid,2,1,36,dist_class1,-324.0,207.0
27,feature_blocks,feat_grid,2,1,37,targ_class2,-208.0,219.0
27,feature_blocks,feat_grid,2,1,38,dist_class1,-108.0,217.0
27,feature_blocks,feat_grid,2,1,39,targ_class2,-5.0,215.0
27,feature_blocks,feat_grid,2,1,40,targ_class1,109.0,233.0
27,feature_blocks,feat_grid,2,1,41,dist_class1,215.0,231.0
27,feature_blocks,feat_grid,2,1,42,targ_class2,312.0,229.0
27,feature_blocks,feat_grid,2,1,43,dist_class1,-324.0,322.0
27,feature_blocks,feat_grid,2,1,44,dist_class2,-221.0,335.0
27,feature_blocks,feat_grid,2,1,45,dist_class1,-106.0,332.0
27,feature_blocks,feat_grid,2,1,46,targ_class2,-7.0,311.0
27,feature_blocks,feat_grid,2,1,47,dist_class1,118.0,324.0
27,feature_blocks,feat_grid,2,1,48,dist_class1,220.0,325.0
27,feature_blocks,feat_grid,2,1,49,targ_class2,332.0,343.0
27,feature_blocks,feat_rot,1,1,1,dist_class1,-3.0,-457.0
27,feature_blocks,feat_rot,1,1,2,dist_class2,85.0,-399.0
27,feature_blocks,feat_rot,1,1,3,dist_class1,147.0,-293.0
27,feature_blocks,feat_rot,1,1,4,dist_class2,233.0,-222.0
27,feature_blocks,feat_rot,1,1,5,targ_class1,303.0,-149.0
27,feature_blocks,feat_rot,1,1,6,targ_class2,373.0,-83.0
27,feature_blocks,feat_rot,1,1,7,dist_class2,456.0,9.0
27,feature_blocks,feat_rot,1,1,8,dist_class2,-81.0,-397.0
27,feature_blocks,feat_rot,1,1,9,targ_class1,-2.0,-307.0
27,feature_blocks,feat_rot,1,1,10,targ_class2,82.0,-228.0
27,feature_blocks,feat_rot,1,1,11,targ_class1,164.0,-165.0
27,feature_blocks,feat_rot,1,1,12,dist_class1,238.0,-77.0
27,feature_blocks,feat_rot,1,1,13,dist_class2,314.0,4.0
27,feature_blocks,feat_rot,1,1,14,dist_class2,384.0,76.0
27,feature_blocks,feat_rot,1,1,15,dist_class1,-123.0,-298.0
27,feature_blocks,feat_rot,1,1,16,dist_class2,-65.0,-241.0
27,feature_blocks,feat_rot,1,1,17,targ_class2,19.0,-147.0
27,feature_blocks,feat_rot,1,1,18,targ_class2,99.0,-76.0
27,feature_blocks,feat_rot,1,1,19,dist_class1,149.0,-12.0
27,feature_blocks,feat_rot,1,1,20,targ_class2,227.0,87.0
27,feature_blocks,feat_rot,1,1,21,targ_class2,297.0,142.0
27,feature_blocks,feat_rot,1,1,22,targ_class1,-218.0,-211.0
27,feature_blocks,feat_rot,1,1,23,dist_class1,-135.0,-161.0
27,feature_blocks,feat_rot,1,1,24,dist_class2,-75.0,-74.0
27,feature_blocks,feat_rot,1,1,25,dist_class2,8.0,-12.0
27,feature_blocks,feat_rot,1,1,26,targ_class1,82.0,67.0
27,feature_blocks,feat_rot,1,1,27,dist_class2,171.0,170.0
27,feature_blocks,feat_rot,1,1,28,dist_class1,229.0,243.0
27,feature_blocks,feat_rot,1,1,29,targ_class1,-313.0,-156.0
27,feature_blocks,feat_rot,1,1,30,dist_class1,-218.0,-80.0
27,feature_blocks,feat_rot,1,1,31,dist_class2,-149.0,7.0
27,feature_blocks,feat_rot,1,1,32,dist_class1,-95.0,76.0
27,feature_blocks,feat_rot,1,1,33,targ_class1,6.0,148.0
27,feature_blocks,feat_rot,1,1,34,targ_class2,74.0,218.0
27,feature_blocks,feat_rot,1,1,35,dist_class1,180.0,305.0
27,feature_blocks,feat_rot,1,1,36,targ_class1,-367.0,-65.0
27,feature_blocks,feat_rot,1,1,37,targ_class1,-315.0,1.0
27,feature_blocks,feat_rot,1,1,38,targ_class2,-237.0,87.0
27,feature_blocks,feat_rot,1,1,39,targ_class1,-155.0,142.0
27,feature_blocks,feat_rot,1,1,40,dist_class2,-80.0,229.0
27,feature_blocks,feat_rot,1,1,41,targ_class1,-1.0,315.0
27,feature_blocks,feat_rot,1,1,42,targ_class2,75.0,387.0
27,feature_blocks,feat_rot,1,1,43,targ_class2,-469.0,-10.0
27,feature_blocks,feat_rot,1,1,44,dist_class2,-381.0,69.0
27,feature_blocks,feat_rot,1,1,45,targ_class2,-296.0,154.0
27,feature_blocks,feat_rot,1,1,46,dist_class1,-237.0,212.0
27,feature_blocks,feat_rot,1,1,47,dist_class1,-148.0,318.0
27,feature_blocks,feat_rot,1,1,48,targ_class2,-93.0,380.0
27,feature_blocks,feat_rot,1,1,49,targ_class1,-11.0,480.0
27,feature_blocks,feat_grid,1,1,1,targ_class1,-324.0,-328.0
27,feature_blocks,feat_grid,1,1,2,dist_class1,-218.0,-329.0
27,feature_blocks,feat_grid,1,1,3,targ_class1,-105.0,-317.0
27,feature_blocks,feat_grid,1,1,4,dist_class2,-6.0,-318.0
27,feature_blocks,feat_grid,1,1,5,dist_class2,124.0,-320.0
27,feature_blocks,feat_grid,1,1,6,targ_class2,225.0,-327.0
27,feature_blocks,feat_grid,1,1,7,dist_class1,350.0,-311.0
27,feature_blocks,feat_grid,1,1,8,targ_class1,-316.0,-210.0
27,feature_blocks,feat_grid,1,1,9,targ_class2,-215.0,-218.0
27,feature_blocks,feat_grid,1,1,10,dist_class1,-89.0,-231.0
27,feature_blocks,feat_grid,1,1,11,dist_class2,5.0,-211.0
27,feature_blocks,feat_grid,1,1,12,targ_class2,112.0,-208.0
27,feature_blocks,feat_grid,1,1,13,targ_class1,211.0,-222.0
27,feature_blocks,feat_grid,1,1,14,targ_class1,337.0,-208.0
27,feature_blocks,feat_grid,1,1,15,targ_class2,-337.0,-111.0
27,feature_blocks,feat_grid,1,1,16,dist_class2,-205.0,-104.0
27,feature_blocks,feat_grid,1,1,17,targ_class2,-119.0,-97.0
27,feature_blocks,feat_grid,1,1,18,dist_class1,2.0,-122.0
27,feature_blocks,feat_grid,1,1,19,targ_class1,120.0,-113.0
27,feature_blocks,feat_grid,1,1,20,dist_class2,223.0,-105.0
27,feature_blocks,feat_grid,1,1,21,targ_class1,319.0,-96.0
27,feature_blocks,feat_grid,1,1,22,dist_class1,-318.0,9.0
27,feature_blocks,feat_grid,1,1,23,dist_class2,-217.0,18.0
27,feature_blocks,feat_grid,1,1,24,targ_class2,-112.0,2.0
27,feature_blocks,feat_grid,1,1,25,dist_class2,1.0,10.0
27,feature_blocks,feat_grid,1,1,26,dist_class1,124.0,6.0
27,feature_blocks,feat_grid,1,1,27,dist_class1,196.0,2.0
27,feature_blocks,feat_grid,1,1,28,dist_class1,329.0,7.0
27,feature_blocks,feat_grid,1,1,29,dist_class2,-312.0,119.0
27,feature_blocks,feat_grid,1,1,30,dist_class2,-216.0,93.0
27,feature_blocks,feat_grid,1,1,31,dist_class1,-106.0,115.0
27,feature_blocks,feat_grid,1,1,32,targ_class1,0.0,110.0
27,feature_blocks,feat_grid,1,1,33,targ_class2,110.0,107.0
27,feature_blocks,feat_grid,1,1,34,targ_class2,226.0,118.0
27,feature_blocks,feat_grid,1,1,35,dist_class2,331.0,105.0
27,feature_blocks,feat_grid,1,1,36,dist_class1,-326.0,214.0
27,feature_blocks,feat_grid,1,1,37,targ_class2,-217.0,210.0
27,feature_blocks,feat_grid,1,1,38,dist_class1,-121.0,208.0
27,feature_blocks,feat_grid,1,1,39,targ_class1,1.0,213.0
27,feature_blocks,feat_grid,1,1,40,dist_class2,106.0,232.0
27,feature_blocks,feat_grid,1,1,41,targ_class2,204.0,218.0
27,feature_blocks,feat_grid,1,1,42,targ_class1,307.0,223.0
27,feature_blocks,feat_grid,1,1,43,dist_class1,-324.0,312.0
27,feature_blocks,feat_grid,1,1,44,targ_class2,-201.0,324.0
27,feature_blocks,feat_grid,1,1,45,targ_class1,-109.0,328.0
27,feature_blocks,feat_grid,1,1,46,targ_class1,3.0,333.0
27,feature_blocks,feat_grid,1,1,47,dist_class2,101.0,297.0
27,feature_blocks,feat_grid,1,1,48,dist_class2,210.0,338.0
27,feature_blocks,feat_grid,1,1,49,targ_class2,316.0,326.0
27,feature_blocks,feat_uni,4,1,1,dist_class2,53.0,229.0
27,feature_blocks,feat_uni,4,1,2,targ_class1,302.0,-97.0
27,feature_blocks,feat_uni,4,1,3,dist_class1,-204.0,-212.0
27,feature_blocks,feat_uni,4,1,4,dist_class2,-42.0,-261.0
27,feature_blocks,feat_uni,4,1,5,targ_class2,57.0,-312.0
27,feature_blocks,feat_uni,4,1,6,dist_class2,-302.0,114.0
27,feature_blocks,feat_uni,4,1,7,targ_class1,-199.0,-341.0
27,feature_blocks,feat_uni,4,1,8,dist_class1,47.0,-150.0
27,feature_blocks,feat_uni,4,1,9,targ_class2,-343.0,-122.0
27,feature_blocks,feat_uni,4,1,10,dist_class1,-249.0,-99.0
27,feature_blocks,feat_uni,4,1,11,dist_class1,-96.0,-95.0
27,feature_blocks,feat_uni,4,1,12,targ_class1,-161.0,-139.0
27,feature_blocks,feat_uni,4,1,13,targ_class1,357.0,-69.0
27,feature_blocks,feat_uni,4,1,14,dist_class2,-176.0,111.0
27,feature_blocks,feat_uni,4,1,15,targ_class1,252.0,-72.0
27,feature_blocks,feat_uni,4,1,16,dist_class2,-22.0,161.0
27,feature_blocks,feat_uni,4,1,17,targ_class2,-338.0,-194.0
27,feature_blocks,feat_uni,4,1,18,dist_class1,-16.0,216.0
27,feature_blocks,feat_uni,4,1,19,targ_class1,88.0,-189.0
27,feature_blocks,feat_uni,4,1,20,targ_class2,-298.0,-154.0
27,feature_blocks,feat_uni,4,1,21,targ_class1,-254.0,-189.0
27,feature_blocks,feat_uni,4,1,22,targ_class2,12.0,68.0
27,feature_blocks,feat_uni,4,1,23,dist_class2,250.0,-207.0
27,feature_blocks,feat_uni,4,1,24,dist_class2,317.0,74.0
27,feature_blocks,feat_uni,4,1,25,dist_class2,-39.0,42.0
27,feature_blocks,feat_uni,4,1,26,dist_class2,-259.0,277.0
27,feature_blocks,feat_uni,4,1,27,targ_class1,-354.0,77.0
27,feature_blocks,feat_uni,4,1,28,dist_class1,148.0,355.0
27,feature_blocks,feat_uni,4,1,29,dist_class2,373.0,147.0
27,feature_blocks,feat_uni,4,1,30,dist_class2,326.0,-200.0
27,feature_blocks,feat_uni,4,1,31,dist_class1,214.0,62.0
27,feature_blocks,feat_uni,4,1,32,targ_class1,-70.0,-6.0
27,feature_blocks,feat_uni,4,1,33,targ_class2,157.0,56.0
27,feature_blocks,feat_uni,4,1,34,targ_class1,58.0,287.0
27,feature_blocks,feat_uni,4,1,35,targ_class1,-249.0,332.0
27,feature_blocks,feat_uni,4,1,36,dist_class1,139.0,-165.0
27,feature_blocks,feat_uni,4,1,37,dist_class1,-337.0,-288.0
27,feature_blocks,feat_uni,4,1,38,dist_class2,210.0,-286.0
27,feature_blocks,feat_uni,4,1,39,dist_class1,-218.0,-146.0
27,feature_blocks,feat_uni,4,1,40,targ_class2,5.0,268.0
27,feature_blocks,feat_uni,4,1,41,targ_class2,-102.0,-271.0
27,feature_blocks,feat_uni,4,1,42,targ_class2,323.0,173.0
27,feature_blocks,feat_uni,4,1,43,targ_class2,187.0,-68.0
27,feature_blocks,feat_uni,4,1,44,targ_class2,270.0,-260.0
27,feature_blocks,feat_uni,4,1,45,dist_class1,-8.0,-154.0
27,feature_blocks,feat_uni,4,1,46,targ_class1,204.0,-172.0
27,feature_blocks,feat_uni,4,1,47,dist_class1,123.0,210.0
27,feature_blocks,feat_uni,4,1,48,dist_class2,-279.0,-271.0
27,feature_blocks,feat_uni,4,1,49,targ_class2,176.0,272.0
27,feature_blocks,feat_uni,3,1,1,targ_class1,-371.0,272.0
27,feature_blocks,feat_uni,3,1,2,dist_class2,-14.0,346.0
27,feature_blocks,feat_uni,3,1,3,targ_class2,-171.0,-2.0
27,feature_blocks,feat_uni,3,1,4,targ_class2,-130.0,-191.0
27,feature_blocks,feat_uni,3,1,5,dist_class1,146.0,60.0
27,feature_blocks,feat_uni,3,1,6,dist_class2,-359.0,83.0
27,feature_blocks,feat_uni,3,1,7,dist_class2,-277.0,-150.0
27,feature_blocks,feat_uni,3,1,8,dist_class1,21.0,-312.0
27,feature_blocks,feat_uni,3,1,9,targ_class2,254.0,272.0
27,feature_blocks,feat_uni,3,1,10,targ_class2,-176.0,-258.0
27,feature_blocks,feat_uni,3,1,11,dist_class1,265.0,165.0
27,feature_blocks,feat_uni,3,1,12,dist_class2,-321.0,324.0
27,feature_blocks,feat_uni,3,1,13,targ_class1,298.0,1.0
27,feature_blocks,feat_uni,3,1,14,dist_class2,167.0,201.0
27,feature_blocks,feat_uni,3,1,15,dist_class2,-186.0,-189.0
27,feature_blocks,feat_uni,3,1,16,targ_class1,339.0,-58.0
27,feature_blocks,feat_uni,3,1,17,dist_class1,139.0,-172.0
27,feature_blocks,feat_uni,3,1,18,targ_class2,-116.0,-136.0
27,feature_blocks,feat_uni,3,1,19,targ_class2,-135.0,-297.0
27,feature_blocks,feat_uni,3,1,20,targ_class2,-171.0,-132.0
27,feature_blocks,feat_uni,3,1,21,targ_class2,-234.0,106.0
27,feature_blocks,feat_uni,3,1,22,dist_class1,315.0,69.0
27,feature_blocks,feat_uni,3,1,23,targ_class1,-75.0,-199.0
27,feature_blocks,feat_uni,3,1,24,targ_class1,65.0,-109.0
27,feature_blocks,feat_uni,3,1,25,dist_class2,139.0,251.0
27,feature_blocks,feat_uni,3,1,26,dist_class1,212.0,233.0
27,feature_blocks,feat_uni,3,1,27,targ_class2,-249.0,-69.0
27,feature_blocks,feat_uni,3,1,28,targ_class2,110.0,-319.0
27,feature_blocks,feat_uni,3,1,29,dist_class2,-325.0,-67.0
27,feature_blocks,feat_uni,3,1,30,dist_class1,209.0,-201.0
27,feature_blocks,feat_uni,3,1,31,dist_class1,146.0,-116.0
27,feature_blocks,feat_uni,3,1,32,targ_class1,-314.0,269.0
27,feature_blocks,feat_uni,3,1,33,dist_class1,-83.0,-91.0
27,feature_blocks,feat_uni,3,1,34,targ_class1,288.0,-85.0
27,feature_blocks,feat_uni,3,1,35,dist_class2,-133.0,66.0
27,feature_blocks,feat_uni,3,1,36,targ_class2,-180.0,318.0
27,feature_blocks,feat_uni,3,1,37,targ_class1,-20.0,68.0
27,feature_blocks,feat_uni,3,1,38,targ_class1,331.0,-309.0
27,feature_blocks,feat_uni,3,1,39,targ_class2,233.0,-97.0
27,feature_blocks,feat_uni,3,1,40,targ_class1,-230.0,-224.0
27,feature_blocks,feat_uni,3,1,41,dist_class1,-129.0,-353.0
27,feature_blocks,feat_uni,3,1,42,dist_class2,-208.0,-342.0
27,feature_blocks,feat_uni,3,1,43,dist_class1,-167.0,182.0
27,feature_blocks,feat_uni,3,1,44,dist_class2,264.0,-211.0
27,feature_blocks,feat_uni,3,1,45,dist_class2,-227.0,-127.0
27,feature_blocks,feat_uni,3,1,46,dist_class1,-52.0,277.0
27,feature_blocks,feat_uni,3,1,47,targ_class1,42.0,345.0
27,feature_blocks,feat_uni,3,1,48,targ_class1,41.0,-57.0
27,feature_blocks,feat_uni,3,1,49,dist_class2,169.0,348.0
27,feature_blocks,feat_rot,0,1,1,targ_class2,3.0,-450.0
27,feature_blocks,feat_rot,0,1,2,dist_class2,82.0,-384.0
27,feature_blocks,feat_rot,0,1,3,targ_class1,147.0,-293.0
27,feature_blocks,feat_rot,0,1,4,targ_class2,229.0,-241.0
27,feature_blocks,feat_rot,0,1,5,dist_class2,305.0,-156.0
27,feature_blocks,feat_rot,0,1,6,dist_class1,381.0,-84.0
27,feature_blocks,feat_rot,0,1,7,dist_class2,464.0,7.0
27,feature_blocks,feat_rot,0,1,8,dist_class2,-82.0,-402.0
27,feature_blocks,feat_rot,0,1,9,targ_class2,-16.0,-303.0
27,feature_blocks,feat_rot,0,1,10,dist_class2,76.0,-210.0
27,feature_blocks,feat_rot,0,1,11,dist_class2,148.0,-157.0
27,feature_blocks,feat_rot,0,1,12,targ_class2,247.0,-81.0
27,feature_blocks,feat_rot,0,1,13,targ_class1,313.0,0.0
27,feature_blocks,feat_rot,0,1,14,dist_class1,377.0,76.0
27,feature_blocks,feat_rot,0,1,15,targ_class2,-134.0,-319.0
27,feature_blocks,feat_rot,0,1,16,dist_class1,-85.0,-237.0
27,feature_blocks,feat_rot,0,1,17,dist_class2,19.0,-148.0
27,feature_blocks,feat_rot,0,1,18,dist_class2,84.0,-75.0
27,feature_blocks,feat_rot,0,1,19,targ_class2,166.0,5.0
27,feature_blocks,feat_rot,0,1,20,dist_class1,261.0,82.0
27,feature_blocks,feat_rot,0,1,21,targ_class2,312.0,155.0
27,feature_blocks,feat_rot,0,1,22,targ_class1,-223.0,-233.0
27,feature_blocks,feat_rot,0,1,23,targ_class1,-163.0,-158.0
27,feature_blocks,feat_rot,0,1,24,targ_class2,-67.0,-67.0
27,feature_blocks,feat_rot,0,1,25,targ_class1,-24.0,0.0
27,feature_blocks,feat_rot,0,1,26,dist_class2,74.0,58.0
27,feature_blocks,feat_rot,0,1,27,dist_class1,162.0,155.0
27,feature_blocks,feat_rot,0,1,28,targ_class2,204.0,232.0
27,feature_blocks,feat_rot,0,1,29,dist_class1,-300.0,-158.0
27,feature_blocks,feat_rot,0,1,30,dist_class1,-233.0,-71.0
27,feature_blocks,feat_rot,0,1,31,dist_class1,-159.0,-9.0
27,feature_blocks,feat_rot,0,1,32,targ_class1,-71.0,71.0
27,feature_blocks,feat_rot,0,1,33,targ_class2,16.0,153.0
27,feature_blocks,feat_rot,0,1,34,targ_class1,99.0,229.0
27,feature_blocks,feat_rot,0,1,35,dist_class1,146.0,302.0
27,feature_blocks,feat_rot,0,1,36,dist_class2,-385.0,-72.0
27,feature_blocks,feat_rot,0,1,37,targ_class1,-308.0,10.0
27,feature_blocks,feat_rot,0,1,38,targ_class1,-243.0,86.0
27,feature_blocks,feat_rot,0,1,39,dist_class1,-156.0,147.0
27,feature_blocks,feat_rot,0,1,40,targ_class1,-89.0,225.0
27,feature_blocks,feat_rot,0,1,41,dist_class1,16.0,309.0
27,feature_blocks,feat_rot,0,1,42,targ_class1,86.0,395.0
27,feature_blocks,feat_rot,0,1,43,dist_class2,-453.0,-9.0
27,feature_blocks,feat_rot,0,1,44,dist_class1,-384.0,65.0
27,feature_blocks,feat_rot,0,1,45,targ_class2,-305.0,152.0
27,feature_blocks,feat_rot,0,1,46,dist_class2,-229.0,242.0
27,feature_blocks,feat_rot,0,1,47,dist_class2,-151.0,296.0
27,feature_blocks,feat_rot,0,1,48,targ_class2,-74.0,394.0
27,feature_blocks,feat_rot,0,1,49,targ_class1,-11.0,456.0
27,feature_blocks,feat_grid,0,1,1,dist_class1,-339.0,-332.0
27,feature_blocks,feat_grid,0,1,2,dist_class2,-232.0,-320.0
27,feature_blocks,feat_grid,0,1,3,dist_class2,-89.0,-332.0
27,feature_blocks,feat_grid,0,1,4,dist_class2,19.0,-328.0
27,feature_blocks,feat_grid,0,1,5,targ_class2,83.0,-332.0
27,feature_blocks,feat_grid,0,1,6,targ_class2,217.0,-333.0
27,feature_blocks,feat_grid,0,1,7,dist_class2,316.0,-333.0
27,feature_blocks,feat_grid,0,1,8,targ_class2,-322.0,-217.0
27,feature_blocks,feat_grid,0,1,9,dist_class2,-216.0,-227.0
27,feature_blocks,feat_grid,0,1,10,dist_class1,-112.0,-199.0
27,feature_blocks,feat_grid,0,1,11,dist_class1,5.0,-207.0
27,feature_blocks,feat_grid,0,1,12,dist_class1,106.0,-214.0
27,feature_blocks,feat_grid,0,1,13,targ_class2,226.0,-218.0
27,feature_blocks,feat_grid,0,1,14,dist_class1,317.0,-230.0
27,feature_blocks,feat_grid,0,1,15,targ_class2,-317.0,-114.0
27,feature_blocks,feat_grid,0,1,16,dist_class2,-211.0,-105.0
27,feature_blocks,feat_grid,0,1,17,dist_class2,-116.0,-101.0
27,feature_blocks,feat_grid,0,1,18,dist_class1,-5.0,-103.0
27,feature_blocks,feat_grid,0,1,19,dist_class1,117.0,-109.0
27,feature_blocks,feat_grid,0,1,20,targ_class1,223.0,-124.0
27,feature_blocks,feat_grid,0,1,21,targ_class2,335.0,-107.0
27,feature_blocks,feat_grid,0,1,22,targ_class2,-323.0,5.0
27,feature_blocks,feat_grid,0,1,23,dist_class1,-223.0,8.0
27,feature_blocks,feat_grid,0,1,24,dist_class2,-103.0,-3.0
27,feature_blocks,feat_grid,0,1,25,dist_class2,-8.0,-2.0
27,feature_blocks,feat_grid,0,1,26,targ_class2,114.0,5.0
27,feature_blocks,feat_grid,0,1,27,dist_class1,206.0,15.0
27,feature_blocks,feat_grid,0,1,28,dist_class1,302.0,-7.0
27,feature_blocks,feat_grid,0,1,29,targ_class1,-326.0,111.0
27,feature_blocks,feat_grid,0,1,30,targ_class1,-209.0,111.0
27,feature_blocks,feat_grid,0,1,31,targ_class2,-104.0,99.0
27,feature_blocks,feat_grid,0,1,32,targ_class1,-17.0,115.0
27,feature_blocks,feat_grid,0,1,33,dist_class2,105.0,97.0
27,feature_blocks,feat_grid,0,1,34,dist_class2,209.0,107.0
27,feature_blocks,feat_grid,0,1,35,targ_class2,319.0,116.0
27,feature_blocks,feat_grid,0,1,36,dist_class2,-325.0,205.0
27,feature_blocks,feat_grid,0,1,37,targ_class1,-214.0,217.0
27,feature_blocks,feat_grid,0,1,38,targ_class1,-103.0,222.0
27,feature_blocks,feat_grid,0,1,39,targ_class2,-1.0,199.0
27,feature_blocks,feat_grid,0,1,40,targ_class1,105.0,221.0
27,feature_blocks,feat_grid,0,1,41,dist_class2,217.0,218.0
27,feature_blocks,feat_grid,0,1,42,dist_class1,314.0,217.0
27,feature_blocks,feat_grid,0,1,43,targ_class1,-326.0,327.0
27,feature_blocks,feat_grid,0,1,44,targ_class1,-209.0,328.0
27,feature_blocks,feat_grid,0,1,45,targ_class1,-108.0,310.0
27,feature_blocks,feat_grid,0,1,46,targ_class2,-2.0,315.0
27,feature_blocks,feat_grid,0,1,47,targ_class1,120.0,336.0
27,feature_blocks,feat_grid,0,1,48,targ_class1,211.0,320.0
27,feature_blocks,feat_grid,0,1,49,dist_class1,323.0,322.0
27,feature_blocks,feat_grid,3,1,1,targ_class1,-340.0,-304.0
27,feature_blocks,feat_grid,3,1,2,targ_class1,-193.0,-328.0
27,feature_blocks,feat_grid,3,1,3,dist_class2,-122.0,-321.0
27,feature_blocks,feat_grid,3,1,4,dist_class1,-2.0,-317.0
27,feature_blocks,feat_grid,3,1,5,dist_class2,102.0,-321.0
27,feature_blocks,feat_grid,3,1,6,dist_class1,204.0,-306.0
27,feature_blocks,feat_grid,3,1,7,dist_class1,318.0,-332.0
27,feature_blocks,feat_grid,3,1,8,dist_class2,-317.0,-216.0
27,feature_blocks,feat_grid,3,1,9,targ_class2,-203.0,-210.0
27,feature_blocks,feat_grid,3,1,10,targ_class2,-109.0,-221.0
27,feature_blocks,feat_grid,3,1,11,targ_class1,1.0,-226.0
27,feature_blocks,feat_grid,3,1,12,dist_class1,108.0,-215.0
27,feature_blocks,feat_grid,3,1,13,targ_class2,208.0,-217.0
27,feature_blocks,feat_grid,3,1,14,dist_class1,326.0,-218.0
27,feature_blocks,feat_grid,3,1,15,dist_class2,-330.0,-102.0
27,feature_blocks,feat_grid,3,1,16,dist_class2,-247.0,-119.0
27,feature_blocks,feat_grid,3,1,17,targ_class2,-105.0,-110.0
27,feature_blocks,feat_grid,3,1,18,dist_class2,-10.0,-130.0
27,feature_blocks,feat_grid,3,1,19,targ_class2,94.0,-103.0
27,feature_blocks,feat_grid,3,1,20,dist_class1,214.0,-86.0
27,feature_blocks,feat_grid,3,1,21,dist_class1,339.0,-108.0
27,feature_blocks,feat_grid,3,1,22,targ_class2,-328.0,4.0
27,feature_blocks,feat_grid,3,1,23,dist_class1,-209.0,5.0
27,feature_blocks,feat_grid,3,1,24,dist_class1,-120.0,9.0
27,feature_blocks,feat_grid,3,1,25,dist_class2,-5.0,8.0
27,feature_blocks,feat_grid,3,1,26,targ_class2,105.0,-8.0
27,feature_blocks,feat_grid,3,1,27,targ_class1,218.0,3.0
27,feature_blocks,feat_grid,3,1,28,targ_class2,317.0,-15.0
27,feature_blocks,feat_grid,3,1,29,targ_class1,-320.0,108.0
27,feature_blocks,feat_grid,3,1,30,targ_class2,-209.0,111.0
27,feature_blocks,feat_grid,3,1,31,dist_class2,-120.0,94.0
27,feature_blocks,feat_grid,3,1,32,dist_class1,-1.0,92.0
27,feature_blocks,feat_grid,3,1,33,targ_class1,103.0,117.0
27,feature_blocks,feat_grid,3,1,34,targ_class2,226.0,125.0
27,feature_blocks,feat_grid,3,1,35,dist_class2,318.0,92.0
27,feature_blocks,feat_grid,3,1,36,dist_class2,-325.0,211.0
27,feature_blocks,feat_grid,3,1,37,dist_class1,-232.0,209.0
27,feature_blocks,feat_grid,3,1,38,targ_class2,-105.0,231.0
27,feature_blocks,feat_grid,3,1,39,dist_class2,13.0,217.0
27,feature_blocks,feat_grid,3,1,40,targ_class1,96.0,226.0
27,feature_blocks,feat_grid,3,1,41,targ_class1,190.0,228.0
27,feature_blocks,feat_grid,3,1,42,targ_class1,322.0,219.0
27,feature_blocks,feat_grid,3,1,43,targ_class2,-336.0,335.0
27,feature_blocks,feat_grid,3,1,44,dist_class2,-210.0,306.0
27,feature_blocks,feat_grid,3,1,45,targ_class1,-109.0,312.0
27,feature_blocks,feat_grid,3,1,46,targ_class1,26.0,314.0
27,feature_blocks,feat_grid,3,1,47,dist_class2,97.0,311.0
27,feature_blocks,feat_grid,3,1,48,dist_class1,218.0,337.0
27,feature_blocks,feat_grid,3,1,49,targ_class1,322.0,327.0
27,feature_blocks,feat_grid,4,1,1,targ_class2,-330.0,-324.0
27,feature_blocks,feat_grid,4,1,2,dist_class2,-204.0,-329.0
27,feature_blocks,feat_grid,4,1,3,dist_class1,-98.0,-331.0
27,feature_blocks,feat_grid,4,1,4,targ_class1,-6.0,-334.0
27,feature_blocks,feat_grid,4,1,5,targ_class2,100.0,-319.0
27,feature_blocks,feat_grid,4,1,6,targ_class1,214.0,-331.0
27,feature_blocks,feat_grid,4,1,7,dist_class2,312.0,-315.0
27,feature_blocks,feat_grid,4,1,8,targ_class2,-310.0,-215.0
27,feature_blocks,feat_grid,4,1,9,dist_class1,-215.0,-224.0
27,feature_blocks,feat_grid,4,1,10,dist_class1,-106.0,-218.0
27,feature_blocks,feat_grid,4,1,11,targ_class2,2.0,-211.0
27,feature_blocks,feat_grid,4,1,12,dist_class2,100.0,-205.0
27,feature_blocks,feat_grid,4,1,13,targ_class2,204.0,-223.0
27,feature_blocks,feat_grid,4,1,14,targ_class1,305.0,-219.0
27,feature_blocks,feat_grid,4,1,15,dist_class2,-329.0,-107.0
27,feature_blocks,feat_grid,4,1,16,dist_class2,-203.0,-104.0
27,feature_blocks,feat_grid,4,1,17,targ_class1,-109.0,-102.0
27,feature_blocks,feat_grid,4,1,18,dist_class2,8.0,-93.0
27,feature_blocks,feat_grid,4,1,19,targ_class1,85.0,-114.0
27,feature_blocks,feat_grid,4,1,20,dist_class2,212.0,-89.0
27,feature_blocks,feat_grid,4,1,21,targ_class2,324.0,-111.0
27,feature_blocks,feat_grid,4,1,22,dist_class2,-330.0,5.0
27,feature_blocks,feat_grid,4,1,23,targ_class2,-199.0,18.0
27,feature_blocks,feat_grid,4,1,24,dist_class1,-95.0,0.0
27,feature_blocks,feat_grid,4,1,25,targ_class1,-12.0,-1.0
27,feature_blocks,feat_grid,4,1,26,dist_class1,108.0,-8.0
27,feature_blocks,feat_grid,4,1,27,dist_class2,209.0,9.0
27,feature_blocks,feat_grid,4,1,28,dist_class1,321.0,-6.0
27,feature_blocks,feat_grid,4,1,29,dist_class1,-324.0,102.0
27,feature_blocks,feat_grid,4,1,30,dist_class2,-208.0,130.0
27,feature_blocks,feat_grid,4,1,31,dist_class1,-102.0,103.0
27,feature_blocks,feat_grid,4,1,32,targ_class1,4.0,91.0
27,feature_blocks,feat_grid,4,1,33,targ_class2,121.0,95.0
27,feature_blocks,feat_grid,4,1,34,targ_class1,246.0,96.0
27,feature_blocks,feat_grid,4,1,35,targ_class1,314.0,107.0
27,feature_blocks,feat_grid,4,1,36,targ_class1,-319.0,214.0
27,feature_blocks,feat_grid,4,1,37,dist_class2,-224.0,231.0
27,feature_blocks,feat_grid,4,1,38,dist_class1,-107.0,216.0
27,feature_blocks,feat_grid,4,1,39,dist_class1,6.0,226.0
27,feature_blocks,feat_grid,4,1,40,targ_class2,136.0,220.0
27,feature_blocks,feat_grid,4,1,41,dist_class1,217.0,224.0
27,feature_blocks,feat_grid,4,1,42,targ_class1,318.0,222.0
27,feature_blocks,feat_grid,4,1,43,targ_class2,-320.0,323.0
27,feature_blocks,feat_grid,4,1,44,dist_class2,-223.0,329.0
27,feature_blocks,feat_grid,4,1,45,targ_class2,-115.0,319.0
27,feature_blocks,feat_grid,4,1,46,targ_class2,-4.0,313.0
27,feature_blocks,feat_grid,4,1,47,dist_class1,112.0,329.0
27,feature_blocks,feat_grid,4,1,48,targ_class1,235.0,327.0
27,feature_blocks,feat_grid,4,1,49,dist_class2,333.0,340.0
27,feature_blocks,feat_uni,2,1,1,dist_class1,313.0,-310.0
27,feature_blocks,feat_uni,2,1,2,targ_class2,-315.0,-290.0
27,feature_blocks,feat_uni,2,1,3,dist_class1,225.0,-158.0
27,feature_blocks,feat_uni,2,1,4,targ_class1,116.0,-294.0
27,feature_blocks,feat_uni,2,1,5,targ_class2,283.0,330.0
27,feature_blocks,feat_uni,2,1,6,targ_class1,-150.0,331.0
27,feature_blocks,feat_uni,2,1,7,dist_class1,-331.0,124.0
27,feature_blocks,feat_uni,2,1,8,dist_class2,-127.0,221.0
27,feature_blocks,feat_uni,2,1,9,dist_class1,-65.0,-27.0
27,feature_blocks,feat_uni,2,1,10,targ_class2,328.0,-26.0
27,feature_blocks,feat_uni,2,1,11,targ_class1,-182.0,210.0
27,feature_blocks,feat_uni,2,1,12,targ_class1,236.0,93.0
27,feature_blocks,feat_uni,2,1,13,targ_class2,329.0,274.0
27,feature_blocks,feat_uni,2,1,14,dist_class1,10.0,-207.0
27,feature_blocks,feat_uni,2,1,15,targ_class2,-66.0,-190.0
27,feature_blocks,feat_uni,2,1,16,targ_class2,-134.0,-53.0
27,feature_blocks,feat_uni,2,1,17,targ_class1,171.0,246.0
27,feature_blocks,feat_uni,2,1,18,dist_class1,263.0,-336.0
27,feature_blocks,feat_uni,2,1,19,dist_class2,186.0,20.0
27,feature_blocks,feat_uni,2,1,20,targ_class1,-221.0,-199.0
27,feature_blocks,feat_uni,2,1,21,dist_class1,-35.0,-349.0
27,feature_blocks,feat_uni,2,1,22,dist_class2,-216.0,-86.0
27,feature_blocks,feat_uni,2,1,23,targ_class1,-236.0,-262.0
27,feature_blocks,feat_uni,2,1,24,targ_class2,272.0,155.0
27,feature_blocks,feat_uni,2,1,25,targ_class1,-348.0,348.0
27,feature_blocks,feat_uni,2,1,26,targ_class2,-58.0,304.0
27,feature_blocks,feat_uni,2,1,27,targ_class2,-234.0,184.0
27,feature_blocks,feat_uni,2,1,28,targ_class2,-40.0,-240.0
27,feature_blocks,feat_uni,2,1,29,targ_class1,-275.0,311.0
27,feature_blocks,feat_uni,2,1,30,dist_class1,-54.0,-135.0
27,feature_blocks,feat_uni,2,1,31,dist_class1,-3.0,308.0
27,feature_blocks,feat_uni,2,1,32,targ_class1,203.0,-242.0
27,feature_blocks,feat_uni,2,1,33,dist_class2,-350.0,-27.0
27,feature_blocks,feat_uni,2,1,34,dist_class1,176.0,-193.0
27,feature_blocks,feat_uni,2,1,35,targ_class2,-353.0,-93.0
27,feature_blocks,feat_uni,2,1,36,dist_class2,-320.0,69.0
27,feature_blocks,feat_uni,2,1,37,dist_class2,134.0,-16.0
27,feature_blocks,feat_uni,2,1,38,targ_class2,-112.0,-238.0
27,feature_blocks,feat_uni,2,1,39,targ_class1,-217.0,311.0
27,feature_blocks,feat_uni,2,1,40,dist_class2,-129.0,148.0
27,feature_blocks,feat_uni,2,1,41,dist_class2,-229.0,114.0
27,feature_blocks,feat_uni,2,1,42,dist_class2,-80.0,252.0
27,feature_blocks,feat_uni,2,1,43,dist_class1,-275.0,-223.0
27,feature_blocks,feat_uni,2,1,44,dist_class1,180.0,-48.0
27,feature_blocks,feat_uni,2,1,45,dist_class2,354.0,-271.0
27,feature_blocks,feat_uni,2,1,46,dist_class2,125.0,40.0
27,feature_blocks,feat_uni,2,1,47,dist_class2,-346.0,-154.0
27,feature_blocks,feat_uni,2,1,48,dist_class2,-114.0,0.0
27,feature_blocks,feat_uni,2,1,49,targ_class1,-297.0,-103.0
27,feature_blocks,feat_uni,0,1,1,targ_class2,-363.0,-78.0
27,feature_blocks,feat_uni,0,1,2,dist_class2,-30.0,253.0
27,feature_blocks,feat_uni,0,1,3,targ_class1,-6.0,33.0
27,feature_blocks,feat_uni,0,1,4,targ_class1,-250.0,255.0
27,feature_blocks,feat_uni,0,1,5,dist_class1,158.0,83.0
27,feature_blocks,feat_uni,0,1,6,dist_class2,-89.0,-169.0
27,feature_blocks,feat_uni,0,1,7,targ_class1,181.0,-67.0
27,feature_blocks,feat_uni,0,1,8,targ_class2,169.0,-356.0
27,feature_blocks,feat_uni,0,1,9,dist_class1,177.0,14.0
27,feature_blocks,feat_uni,0,1,10,dist_class2,-211.0,-126.0
27,feature_blocks,feat_uni,0,1,11,targ_class2,125.0,36.0
27,feature_blocks,feat_uni,0,1,12,dist_class1,259.0,-67.0
27,feature_blocks,feat_uni,0,1,13,targ_class1,241.0,-297.0
27,feature_blocks,feat_uni,0,1,14,dist_class2,113.0,-24.0
27,feature_blocks,feat_uni,0,1,15,dist_class1,224.0,-140.0
27,feature_blocks,feat_uni,0,1,16,dist_class2,-186.0,202.0
27,feature_blocks,feat_uni,0,1,17,targ_class2,-310.0,301.0
27,feature_blocks,feat_uni,0,1,18,dist_class1,308.0,56.0
27,feature_blocks,feat_uni,0,1,19,dist_class2,139.0,162.0
27,feature_blocks,feat_uni,0,1,20,dist_class2,-365.0,312.0
27,feature_blocks,feat_uni,0,1,21,targ_class2,218.0,313.0
27,feature_blocks,feat_uni,0,1,22,dist_class2,349.0,-179.0
27,feature_blocks,feat_uni,0,1,23,targ_class2,163.0,324.0
27,feature_blocks,feat_uni,0,1,24,dist_class2,178.0,204.0
27,feature_blocks,feat_uni,0,1,25,targ_class1,63.0,330.0
27,feature_blocks,feat_uni,0,1,26,targ_class2,23.0,-309.0
27,feature_blocks,feat_uni,0,1,27,dist_class1,-134.0,224.0
27,feature_blocks,feat_uni,0,1,28,targ_class1,-79.0,225.0
27,feature_blocks,feat_uni,0,1,29,dist_class1,191.0,263.0
27,feature_blocks,feat_uni,0,1,30,dist_class2,-329.0,98.0
27,feature_blocks,feat_uni,0,1,31,dist_class1,139.0,-223.0
27,feature_blocks,feat_uni,0,1,32,targ_class1,19.0,99.0
27,feature_blocks,feat_uni,0,1,33,targ_class1,-27.0,309.0
27,feature_blocks,feat_uni,0,1,34,targ_class1,-271.0,342.0
27,feature_blocks,feat_uni,0,1,35,targ_class2,-141.0,279.0
27,feature_blocks,feat_uni,0,1,36,targ_class1,311.0,-290.0
27,feature_blocks,feat_uni,0,1,37,targ_class2,24.0,195.0
27,feature_blocks,feat_uni,0,1,38,dist_class1,215.0,162.0
27,feature_blocks,feat_uni,0,1,39,targ_class2,-307.0,-73.0
27,feature_blocks,feat_uni,0,1,40,dist_class1,145.0,-131.0
27,feature_blocks,feat_uni,0,1,41,dist_class1,-154.0,-75.0
27,feature_blocks,feat_uni,0,1,42,dist_class2,128.0,-309.0
27,feature_blocks,feat_uni,0,1,43,dist_class1,-117.0,124.0
27,feature_blocks,feat_uni,0,1,44,dist_class2,-210.0,355.0
27,feature_blocks,feat_uni,0,1,45,targ_class1,-236.0,156.0
27,feature_blocks,feat_uni,0,1,46,targ_class2,-65.0,-20.0
27,feature_blocks,feat_uni,0,1,47,dist_class2,357.0,-92.0
27,feature_blocks,feat_uni,0,1,48,targ_class1,125.0,-78.0
27,feature_blocks,feat_uni,0,1,49,targ_class2,-215.0,300.0
27,feature_blocks,feat_rot,3,1,1,dist_class1,-9.0,-448.0
27,feature_blocks,feat_rot,3,1,2,targ_class1,63.0,-399.0
27,feature_blocks,feat_rot,3,1,3,dist_class2,156.0,-309.0
27,feature_blocks,feat_rot,3,1,4,dist_class2,231.0,-230.0
27,feature_blocks,feat_rot,3,1,5,targ_class2,305.0,-138.0
27,feature_blocks,feat_rot,3,1,6,targ_class2,387.0,-75.0
27,feature_blocks,feat_rot,3,1,7,dist_class1,445.0,3.0
27,feature_blocks,feat_rot,3,1,8,targ_class2,-62.0,-368.0
27,feature_blocks,feat_rot,3,1,9,targ_class1,5.0,-287.0
27,feature_blocks,feat_rot,3,1,10,targ_class1,88.0,-219.0
27,feature_blocks,feat_rot,3,1,11,dist_class1,152.0,-148.0
27,feature_blocks,feat_rot,3,1,12,dist_class1,230.0,-84.0
27,feature_blocks,feat_rot,3,1,13,dist_class1,312.0,17.0
27,feature_blocks,feat_rot,3,1,14,targ_class2,406.0,81.0
27,feature_blocks,feat_rot,3,1,15,targ_class2,-164.0,-305.0
27,feature_blocks,feat_rot,3,1,16,targ_class1,-60.0,-228.0
27,feature_blocks,feat_rot,3,1,17,dist_class2,8.0,-152.0
27,feature_blocks,feat_rot,3,1,18,dist_class1,74.0,-62.0
27,feature_blocks,feat_rot,3,1,19,targ_class2,167.0,19.0
27,feature_blocks,feat_rot,3,1,20,dist_class2,220.0,85.0
27,feature_blocks,feat_rot,3,1,21,dist_class2,283.0,147.0
27,feature_blocks,feat_rot,3,1,22,dist_class2,-230.0,-221.0
27,feature_blocks,feat_rot,3,1,23,targ_class1,-135.0,-146.0
27,feature_blocks,feat_rot,3,1,24,dist_class1,-77.0,-76.0
27,feature_blocks,feat_rot,3,1,25,targ_class1,-6.0,-1.0
27,feature_blocks,feat_rot,3,1,26,targ_class2,73.0,56.0
27,feature_blocks,feat_rot,3,1,27,targ_class2,146.0,134.0
27,feature_blocks,feat_rot,3,1,28,targ_class2,235.0,235.0
27,feature_blocks,feat_rot,3,1,29,targ_class1,-311.0,-145.0
27,feature_blocks,feat_rot,3,1,30,dist_class1,-232.0,-81.0
27,feature_blocks,feat_rot,3,1,31,dist_class2,-166.0,13.0
27,feature_blocks,feat_rot,3,1,32,dist_class2,-77.0,87.0
27,feature_blocks,feat_rot,3,1,33,dist_class1,4.0,148.0
27,feature_blocks,feat_rot,3,1,34,targ_class1,86.0,229.0
27,feature_blocks,feat_rot,3,1,35,dist_class2,153.0,317.0
27,feature_blocks,feat_rot,3,1,36,targ_class1,-369.0,-77.0
27,feature_blocks,feat_rot,3,1,37,targ_class2,-293.0,4.0
27,feature_blocks,feat_rot,3,1,38,dist_class2,-223.0,98.0
27,feature_blocks,feat_rot,3,1,39,targ_class2,-150.0,174.0
27,feature_blocks,feat_rot,3,1,40,dist_class2,-82.0,220.0
27,feature_blocks,feat_rot,3,1,41,targ_class2,16.0,321.0
27,feature_blocks,feat_rot,3,1,42,targ_class1,99.0,391.0
27,feature_blocks,feat_rot,3,1,43,targ_class1,-453.0,1.0
27,feature_blocks,feat_rot,3,1,44,dist_class1,-388.0,64.0
27,feature_blocks,feat_rot,3,1,45,targ_class1,-307.0,144.0
27,feature_blocks,feat_rot,3,1,46,dist_class2,-214.0,233.0
27,feature_blocks,feat_rot,3,1,47,dist_class2,-155.0,283.0
27,feature_blocks,feat_rot,3,1,48,dist_class1,-73.0,388.0
27,feature_blocks,feat_rot,3,1,49,dist_class1,-13.0,458.0
